time,syntax_search,og_score,og_raw,og_errors,og_correct,new_score,new_raw,new_errors,new_correct,n,module,model,metric,method,mathlib_search,examples,delta,decl,annotation
-1,False,0,"@[continuity]
theorem continuous_reflTransSymmAux : Continuous reflTransSymmAux := by
  refine continuous_if_le ?_ ?_ (Continuous.continuousOn ?_) (Continuous.continuousOn ?_) ?_
  · continuity
  · continuity
  · continuity
  · continuity
  intro x hx
  norm_num [hx, mul_assoc]

",,True,7,"--DEBUG: 0
@[continuity]
theorem continuous_reflTransSymmAux : Continuous reflTransSymmAux := by
  refine continuous_if_le ?_ ?_ (Continuous.continuousOn ?_) (Continuous.continuousOn ?_) ?_
  · continuity
  · continuity
  · continuity
  · continuity
  intro x hx
  norm_num [hx, mul_assoc]

",,True,5,Mathlib.AlgebraicTopology.FundamentalGroupoid.Basic,DEBUG,LENGTH,best_of_n,False,0,-1,Path.Homotopy.continuous_reflTransSymmAux,False
-1,False,0,"@[continuity]
theorem continuous_reflTransSymmAux : Continuous reflTransSymmAux := by
  refine continuous_if_le ?_ ?_ (Continuous.continuousOn ?_) (Continuous.continuousOn ?_) ?_
  · continuity
  · continuity
  · continuity
  · continuity
  intro x hx
  norm_num [hx, mul_assoc]

",,True,7,"--DEBUG: 1
@[continuity]
theorem continuous_reflTransSymmAux : Continuous reflTransSymmAux := by
  refine continuous_if_le ?_ ?_ (Continuous.continuousOn ?_) (Continuous.continuousOn ?_) ?_
  · continuity
  · continuity
  · continuity
  · continuity
  intro x hx
  norm_num [hx, mul_assoc]

",,True,5,Mathlib.AlgebraicTopology.FundamentalGroupoid.Basic,DEBUG,LENGTH,best_of_n,False,0,-1,Path.Homotopy.continuous_reflTransSymmAux,False
-1,False,0,"@[continuity]
theorem continuous_reflTransSymmAux : Continuous reflTransSymmAux := by
  refine continuous_if_le ?_ ?_ (Continuous.continuousOn ?_) (Continuous.continuousOn ?_) ?_
  · continuity
  · continuity
  · continuity
  · continuity
  intro x hx
  norm_num [hx, mul_assoc]

",,True,7,"--DEBUG: 2
@[continuity]
theorem continuous_reflTransSymmAux : Continuous reflTransSymmAux := by
  refine continuous_if_le ?_ ?_ (Continuous.continuousOn ?_) (Continuous.continuousOn ?_) ?_
  · continuity
  · continuity
  · continuity
  · continuity
  intro x hx
  norm_num [hx, mul_assoc]

",,True,5,Mathlib.AlgebraicTopology.FundamentalGroupoid.Basic,DEBUG,LENGTH,best_of_n,False,0,-1,Path.Homotopy.continuous_reflTransSymmAux,False
-1,False,0,"@[continuity]
theorem continuous_reflTransSymmAux : Continuous reflTransSymmAux := by
  refine continuous_if_le ?_ ?_ (Continuous.continuousOn ?_) (Continuous.continuousOn ?_) ?_
  · continuity
  · continuity
  · continuity
  · continuity
  intro x hx
  norm_num [hx, mul_assoc]

",,True,7,"--DEBUG: 3
@[continuity]
theorem continuous_reflTransSymmAux : Continuous reflTransSymmAux := by
  refine continuous_if_le ?_ ?_ (Continuous.continuousOn ?_) (Continuous.continuousOn ?_) ?_
  · continuity
  · continuity
  · continuity
  · continuity
  intro x hx
  norm_num [hx, mul_assoc]

",,True,5,Mathlib.AlgebraicTopology.FundamentalGroupoid.Basic,DEBUG,LENGTH,best_of_n,False,0,-1,Path.Homotopy.continuous_reflTransSymmAux,False
-1,False,0,"@[continuity]
theorem continuous_reflTransSymmAux : Continuous reflTransSymmAux := by
  refine continuous_if_le ?_ ?_ (Continuous.continuousOn ?_) (Continuous.continuousOn ?_) ?_
  · continuity
  · continuity
  · continuity
  · continuity
  intro x hx
  norm_num [hx, mul_assoc]

",,True,7,"--DEBUG: 4
@[continuity]
theorem continuous_reflTransSymmAux : Continuous reflTransSymmAux := by
  refine continuous_if_le ?_ ?_ (Continuous.continuousOn ?_) (Continuous.continuousOn ?_) ?_
  · continuity
  · continuity
  · continuity
  · continuity
  intro x hx
  norm_num [hx, mul_assoc]

",,True,5,Mathlib.AlgebraicTopology.FundamentalGroupoid.Basic,DEBUG,LENGTH,best_of_n,False,0,-1,Path.Homotopy.continuous_reflTransSymmAux,False
-1,False,0,"theorem reflTransSymmAux_mem_I (x : I × I) : reflTransSymmAux x ∈ I := by
  dsimp only [reflTransSymmAux]
  split_ifs
  · constructor
    · apply mul_nonneg
      · apply mul_nonneg
        · unit_interval
        · norm_num
      · unit_interval
    · rw [mul_assoc]
      apply mul_le_one₀
      · unit_interval
      · apply mul_nonneg
        · norm_num
        · unit_interval
      · linarith
  · constructor
    · apply mul_nonneg
      · unit_interval
      linarith [unitInterval.nonneg x.2, unitInterval.le_one x.2]
    · apply mul_le_one₀
      · unit_interval
      · linarith [unitInterval.nonneg x.2, unitInterval.le_one x.2]
      · linarith [unitInterval.nonneg x.2, unitInterval.le_one x.2]

",,True,23,"--DEBUG: 0
theorem reflTransSymmAux_mem_I (x : I × I) : reflTransSymmAux x ∈ I := by
  dsimp only [reflTransSymmAux]
  split_ifs
  · constructor
    · apply mul_nonneg
      · apply mul_nonneg
        · unit_interval
        · norm_num
      · unit_interval
    · rw [mul_assoc]
      apply mul_le_one₀
      · unit_interval
      · apply mul_nonneg
        · norm_num
        · unit_interval
      · linarith
  · constructor
    · apply mul_nonneg
      · unit_interval
      linarith [unitInterval.nonneg x.2, unitInterval.le_one x.2]
    · apply mul_le_one₀
      · unit_interval
      · linarith [unitInterval.nonneg x.2, unitInterval.le_one x.2]
      · linarith [unitInterval.nonneg x.2, unitInterval.le_one x.2]

",,True,5,Mathlib.AlgebraicTopology.FundamentalGroupoid.Basic,DEBUG,LENGTH,best_of_n,False,0,-1,Path.Homotopy.reflTransSymmAux_mem_I,False
-1,False,0,"theorem reflTransSymmAux_mem_I (x : I × I) : reflTransSymmAux x ∈ I := by
  dsimp only [reflTransSymmAux]
  split_ifs
  · constructor
    · apply mul_nonneg
      · apply mul_nonneg
        · unit_interval
        · norm_num
      · unit_interval
    · rw [mul_assoc]
      apply mul_le_one₀
      · unit_interval
      · apply mul_nonneg
        · norm_num
        · unit_interval
      · linarith
  · constructor
    · apply mul_nonneg
      · unit_interval
      linarith [unitInterval.nonneg x.2, unitInterval.le_one x.2]
    · apply mul_le_one₀
      · unit_interval
      · linarith [unitInterval.nonneg x.2, unitInterval.le_one x.2]
      · linarith [unitInterval.nonneg x.2, unitInterval.le_one x.2]

",,True,23,"--DEBUG: 1
theorem reflTransSymmAux_mem_I (x : I × I) : reflTransSymmAux x ∈ I := by
  dsimp only [reflTransSymmAux]
  split_ifs
  · constructor
    · apply mul_nonneg
      · apply mul_nonneg
        · unit_interval
        · norm_num
      · unit_interval
    · rw [mul_assoc]
      apply mul_le_one₀
      · unit_interval
      · apply mul_nonneg
        · norm_num
        · unit_interval
      · linarith
  · constructor
    · apply mul_nonneg
      · unit_interval
      linarith [unitInterval.nonneg x.2, unitInterval.le_one x.2]
    · apply mul_le_one₀
      · unit_interval
      · linarith [unitInterval.nonneg x.2, unitInterval.le_one x.2]
      · linarith [unitInterval.nonneg x.2, unitInterval.le_one x.2]

",,True,5,Mathlib.AlgebraicTopology.FundamentalGroupoid.Basic,DEBUG,LENGTH,best_of_n,False,0,-1,Path.Homotopy.reflTransSymmAux_mem_I,False
-1,False,0,"theorem reflTransSymmAux_mem_I (x : I × I) : reflTransSymmAux x ∈ I := by
  dsimp only [reflTransSymmAux]
  split_ifs
  · constructor
    · apply mul_nonneg
      · apply mul_nonneg
        · unit_interval
        · norm_num
      · unit_interval
    · rw [mul_assoc]
      apply mul_le_one₀
      · unit_interval
      · apply mul_nonneg
        · norm_num
        · unit_interval
      · linarith
  · constructor
    · apply mul_nonneg
      · unit_interval
      linarith [unitInterval.nonneg x.2, unitInterval.le_one x.2]
    · apply mul_le_one₀
      · unit_interval
      · linarith [unitInterval.nonneg x.2, unitInterval.le_one x.2]
      · linarith [unitInterval.nonneg x.2, unitInterval.le_one x.2]

",,True,23,"--DEBUG: 2
theorem reflTransSymmAux_mem_I (x : I × I) : reflTransSymmAux x ∈ I := by
  dsimp only [reflTransSymmAux]
  split_ifs
  · constructor
    · apply mul_nonneg
      · apply mul_nonneg
        · unit_interval
        · norm_num
      · unit_interval
    · rw [mul_assoc]
      apply mul_le_one₀
      · unit_interval
      · apply mul_nonneg
        · norm_num
        · unit_interval
      · linarith
  · constructor
    · apply mul_nonneg
      · unit_interval
      linarith [unitInterval.nonneg x.2, unitInterval.le_one x.2]
    · apply mul_le_one₀
      · unit_interval
      · linarith [unitInterval.nonneg x.2, unitInterval.le_one x.2]
      · linarith [unitInterval.nonneg x.2, unitInterval.le_one x.2]

",,True,5,Mathlib.AlgebraicTopology.FundamentalGroupoid.Basic,DEBUG,LENGTH,best_of_n,False,0,-1,Path.Homotopy.reflTransSymmAux_mem_I,False
-1,False,0,"theorem reflTransSymmAux_mem_I (x : I × I) : reflTransSymmAux x ∈ I := by
  dsimp only [reflTransSymmAux]
  split_ifs
  · constructor
    · apply mul_nonneg
      · apply mul_nonneg
        · unit_interval
        · norm_num
      · unit_interval
    · rw [mul_assoc]
      apply mul_le_one₀
      · unit_interval
      · apply mul_nonneg
        · norm_num
        · unit_interval
      · linarith
  · constructor
    · apply mul_nonneg
      · unit_interval
      linarith [unitInterval.nonneg x.2, unitInterval.le_one x.2]
    · apply mul_le_one₀
      · unit_interval
      · linarith [unitInterval.nonneg x.2, unitInterval.le_one x.2]
      · linarith [unitInterval.nonneg x.2, unitInterval.le_one x.2]

",,True,23,"--DEBUG: 3
theorem reflTransSymmAux_mem_I (x : I × I) : reflTransSymmAux x ∈ I := by
  dsimp only [reflTransSymmAux]
  split_ifs
  · constructor
    · apply mul_nonneg
      · apply mul_nonneg
        · unit_interval
        · norm_num
      · unit_interval
    · rw [mul_assoc]
      apply mul_le_one₀
      · unit_interval
      · apply mul_nonneg
        · norm_num
        · unit_interval
      · linarith
  · constructor
    · apply mul_nonneg
      · unit_interval
      linarith [unitInterval.nonneg x.2, unitInterval.le_one x.2]
    · apply mul_le_one₀
      · unit_interval
      · linarith [unitInterval.nonneg x.2, unitInterval.le_one x.2]
      · linarith [unitInterval.nonneg x.2, unitInterval.le_one x.2]

",,True,5,Mathlib.AlgebraicTopology.FundamentalGroupoid.Basic,DEBUG,LENGTH,best_of_n,False,0,-1,Path.Homotopy.reflTransSymmAux_mem_I,False
-1,False,0,"theorem reflTransSymmAux_mem_I (x : I × I) : reflTransSymmAux x ∈ I := by
  dsimp only [reflTransSymmAux]
  split_ifs
  · constructor
    · apply mul_nonneg
      · apply mul_nonneg
        · unit_interval
        · norm_num
      · unit_interval
    · rw [mul_assoc]
      apply mul_le_one₀
      · unit_interval
      · apply mul_nonneg
        · norm_num
        · unit_interval
      · linarith
  · constructor
    · apply mul_nonneg
      · unit_interval
      linarith [unitInterval.nonneg x.2, unitInterval.le_one x.2]
    · apply mul_le_one₀
      · unit_interval
      · linarith [unitInterval.nonneg x.2, unitInterval.le_one x.2]
      · linarith [unitInterval.nonneg x.2, unitInterval.le_one x.2]

",,True,23,"--DEBUG: 4
theorem reflTransSymmAux_mem_I (x : I × I) : reflTransSymmAux x ∈ I := by
  dsimp only [reflTransSymmAux]
  split_ifs
  · constructor
    · apply mul_nonneg
      · apply mul_nonneg
        · unit_interval
        · norm_num
      · unit_interval
    · rw [mul_assoc]
      apply mul_le_one₀
      · unit_interval
      · apply mul_nonneg
        · norm_num
        · unit_interval
      · linarith
  · constructor
    · apply mul_nonneg
      · unit_interval
      linarith [unitInterval.nonneg x.2, unitInterval.le_one x.2]
    · apply mul_le_one₀
      · unit_interval
      · linarith [unitInterval.nonneg x.2, unitInterval.le_one x.2]
      · linarith [unitInterval.nonneg x.2, unitInterval.le_one x.2]

",,True,5,Mathlib.AlgebraicTopology.FundamentalGroupoid.Basic,DEBUG,LENGTH,best_of_n,False,0,-1,Path.Homotopy.reflTransSymmAux_mem_I,False
-1,False,0,"/-- For any path `p` from `x₀` to `x₁`, we have a homotopy from the constant path based at `x₀` to
  `p.trans p.symm`. -/
def reflTransSymm (p : Path x₀ x₁) : Homotopy (Path.refl x₀) (p.trans p.symm) where
  toFun x := p ⟨reflTransSymmAux x, reflTransSymmAux_mem_I x⟩
  continuous_toFun := by continuity
  map_zero_left := by simp [reflTransSymmAux]
  map_one_left x := by
    dsimp only [reflTransSymmAux, Path.coe_toContinuousMap, Path.trans]
    change _ = ite _ _ _
    split_ifs with h
    · rw [Path.extend, Set.IccExtend_of_mem]
      · norm_num
      · rw [unitInterval.mul_pos_mem_iff zero_lt_two]
        exact ⟨unitInterval.nonneg x, h⟩
    · rw [Path.symm, Path.extend, Set.IccExtend_of_mem]
      · simp only [Set.Icc.coe_one, one_mul, coe_mk_mk, Function.comp_apply]
        congr 1
        ext
        norm_num [sub_sub_eq_add_sub]
      · rw [unitInterval.two_mul_sub_one_mem_iff]
        exact ⟨(not_le.1 h).le, unitInterval.le_one x⟩
  prop' t x hx := by
    simp only [Set.mem_singleton_iff, Set.mem_insert_iff] at hx
    simp only [ContinuousMap.coe_mk, coe_toContinuousMap, Path.refl_apply]
    cases hx with
    | inl hx
    | inr hx =>
      rw [hx]
      norm_num [reflTransSymmAux]

",,True,25,"--DEBUG: 0
/-- For any path `p` from `x₀` to `x₁`, we have a homotopy from the constant path based at `x₀` to
  `p.trans p.symm`. -/
def reflTransSymm (p : Path x₀ x₁) : Homotopy (Path.refl x₀) (p.trans p.symm) where
  toFun x := p ⟨reflTransSymmAux x, reflTransSymmAux_mem_I x⟩
  continuous_toFun := by continuity
  map_zero_left := by simp [reflTransSymmAux]
  map_one_left x := by
    dsimp only [reflTransSymmAux, Path.coe_toContinuousMap, Path.trans]
    change _ = ite _ _ _
    split_ifs with h
    · rw [Path.extend, Set.IccExtend_of_mem]
      · norm_num
      · rw [unitInterval.mul_pos_mem_iff zero_lt_two]
        exact ⟨unitInterval.nonneg x, h⟩
    · rw [Path.symm, Path.extend, Set.IccExtend_of_mem]
      · simp only [Set.Icc.coe_one, one_mul, coe_mk_mk, Function.comp_apply]
        congr 1
        ext
        norm_num [sub_sub_eq_add_sub]
      · rw [unitInterval.two_mul_sub_one_mem_iff]
        exact ⟨(not_le.1 h).le, unitInterval.le_one x⟩
  prop' t x hx := by
    simp only [Set.mem_singleton_iff, Set.mem_insert_iff] at hx
    simp only [ContinuousMap.coe_mk, coe_toContinuousMap, Path.refl_apply]
    cases hx with
    | inl hx
    | inr hx =>
      rw [hx]
      norm_num [reflTransSymmAux]

",,True,5,Mathlib.AlgebraicTopology.FundamentalGroupoid.Basic,DEBUG,LENGTH,best_of_n,False,0,-1,Path.Homotopy.reflTransSymm,False
-1,False,0,"/-- For any path `p` from `x₀` to `x₁`, we have a homotopy from the constant path based at `x₀` to
  `p.trans p.symm`. -/
def reflTransSymm (p : Path x₀ x₁) : Homotopy (Path.refl x₀) (p.trans p.symm) where
  toFun x := p ⟨reflTransSymmAux x, reflTransSymmAux_mem_I x⟩
  continuous_toFun := by continuity
  map_zero_left := by simp [reflTransSymmAux]
  map_one_left x := by
    dsimp only [reflTransSymmAux, Path.coe_toContinuousMap, Path.trans]
    change _ = ite _ _ _
    split_ifs with h
    · rw [Path.extend, Set.IccExtend_of_mem]
      · norm_num
      · rw [unitInterval.mul_pos_mem_iff zero_lt_two]
        exact ⟨unitInterval.nonneg x, h⟩
    · rw [Path.symm, Path.extend, Set.IccExtend_of_mem]
      · simp only [Set.Icc.coe_one, one_mul, coe_mk_mk, Function.comp_apply]
        congr 1
        ext
        norm_num [sub_sub_eq_add_sub]
      · rw [unitInterval.two_mul_sub_one_mem_iff]
        exact ⟨(not_le.1 h).le, unitInterval.le_one x⟩
  prop' t x hx := by
    simp only [Set.mem_singleton_iff, Set.mem_insert_iff] at hx
    simp only [ContinuousMap.coe_mk, coe_toContinuousMap, Path.refl_apply]
    cases hx with
    | inl hx
    | inr hx =>
      rw [hx]
      norm_num [reflTransSymmAux]

",,True,25,"--DEBUG: 1
/-- For any path `p` from `x₀` to `x₁`, we have a homotopy from the constant path based at `x₀` to
  `p.trans p.symm`. -/
def reflTransSymm (p : Path x₀ x₁) : Homotopy (Path.refl x₀) (p.trans p.symm) where
  toFun x := p ⟨reflTransSymmAux x, reflTransSymmAux_mem_I x⟩
  continuous_toFun := by continuity
  map_zero_left := by simp [reflTransSymmAux]
  map_one_left x := by
    dsimp only [reflTransSymmAux, Path.coe_toContinuousMap, Path.trans]
    change _ = ite _ _ _
    split_ifs with h
    · rw [Path.extend, Set.IccExtend_of_mem]
      · norm_num
      · rw [unitInterval.mul_pos_mem_iff zero_lt_two]
        exact ⟨unitInterval.nonneg x, h⟩
    · rw [Path.symm, Path.extend, Set.IccExtend_of_mem]
      · simp only [Set.Icc.coe_one, one_mul, coe_mk_mk, Function.comp_apply]
        congr 1
        ext
        norm_num [sub_sub_eq_add_sub]
      · rw [unitInterval.two_mul_sub_one_mem_iff]
        exact ⟨(not_le.1 h).le, unitInterval.le_one x⟩
  prop' t x hx := by
    simp only [Set.mem_singleton_iff, Set.mem_insert_iff] at hx
    simp only [ContinuousMap.coe_mk, coe_toContinuousMap, Path.refl_apply]
    cases hx with
    | inl hx
    | inr hx =>
      rw [hx]
      norm_num [reflTransSymmAux]

",,True,5,Mathlib.AlgebraicTopology.FundamentalGroupoid.Basic,DEBUG,LENGTH,best_of_n,False,0,-1,Path.Homotopy.reflTransSymm,False
-1,False,0,"/-- For any path `p` from `x₀` to `x₁`, we have a homotopy from the constant path based at `x₀` to
  `p.trans p.symm`. -/
def reflTransSymm (p : Path x₀ x₁) : Homotopy (Path.refl x₀) (p.trans p.symm) where
  toFun x := p ⟨reflTransSymmAux x, reflTransSymmAux_mem_I x⟩
  continuous_toFun := by continuity
  map_zero_left := by simp [reflTransSymmAux]
  map_one_left x := by
    dsimp only [reflTransSymmAux, Path.coe_toContinuousMap, Path.trans]
    change _ = ite _ _ _
    split_ifs with h
    · rw [Path.extend, Set.IccExtend_of_mem]
      · norm_num
      · rw [unitInterval.mul_pos_mem_iff zero_lt_two]
        exact ⟨unitInterval.nonneg x, h⟩
    · rw [Path.symm, Path.extend, Set.IccExtend_of_mem]
      · simp only [Set.Icc.coe_one, one_mul, coe_mk_mk, Function.comp_apply]
        congr 1
        ext
        norm_num [sub_sub_eq_add_sub]
      · rw [unitInterval.two_mul_sub_one_mem_iff]
        exact ⟨(not_le.1 h).le, unitInterval.le_one x⟩
  prop' t x hx := by
    simp only [Set.mem_singleton_iff, Set.mem_insert_iff] at hx
    simp only [ContinuousMap.coe_mk, coe_toContinuousMap, Path.refl_apply]
    cases hx with
    | inl hx
    | inr hx =>
      rw [hx]
      norm_num [reflTransSymmAux]

",,True,25,"--DEBUG: 2
/-- For any path `p` from `x₀` to `x₁`, we have a homotopy from the constant path based at `x₀` to
  `p.trans p.symm`. -/
def reflTransSymm (p : Path x₀ x₁) : Homotopy (Path.refl x₀) (p.trans p.symm) where
  toFun x := p ⟨reflTransSymmAux x, reflTransSymmAux_mem_I x⟩
  continuous_toFun := by continuity
  map_zero_left := by simp [reflTransSymmAux]
  map_one_left x := by
    dsimp only [reflTransSymmAux, Path.coe_toContinuousMap, Path.trans]
    change _ = ite _ _ _
    split_ifs with h
    · rw [Path.extend, Set.IccExtend_of_mem]
      · norm_num
      · rw [unitInterval.mul_pos_mem_iff zero_lt_two]
        exact ⟨unitInterval.nonneg x, h⟩
    · rw [Path.symm, Path.extend, Set.IccExtend_of_mem]
      · simp only [Set.Icc.coe_one, one_mul, coe_mk_mk, Function.comp_apply]
        congr 1
        ext
        norm_num [sub_sub_eq_add_sub]
      · rw [unitInterval.two_mul_sub_one_mem_iff]
        exact ⟨(not_le.1 h).le, unitInterval.le_one x⟩
  prop' t x hx := by
    simp only [Set.mem_singleton_iff, Set.mem_insert_iff] at hx
    simp only [ContinuousMap.coe_mk, coe_toContinuousMap, Path.refl_apply]
    cases hx with
    | inl hx
    | inr hx =>
      rw [hx]
      norm_num [reflTransSymmAux]

",,True,5,Mathlib.AlgebraicTopology.FundamentalGroupoid.Basic,DEBUG,LENGTH,best_of_n,False,0,-1,Path.Homotopy.reflTransSymm,False
-1,False,0,"/-- For any path `p` from `x₀` to `x₁`, we have a homotopy from the constant path based at `x₀` to
  `p.trans p.symm`. -/
def reflTransSymm (p : Path x₀ x₁) : Homotopy (Path.refl x₀) (p.trans p.symm) where
  toFun x := p ⟨reflTransSymmAux x, reflTransSymmAux_mem_I x⟩
  continuous_toFun := by continuity
  map_zero_left := by simp [reflTransSymmAux]
  map_one_left x := by
    dsimp only [reflTransSymmAux, Path.coe_toContinuousMap, Path.trans]
    change _ = ite _ _ _
    split_ifs with h
    · rw [Path.extend, Set.IccExtend_of_mem]
      · norm_num
      · rw [unitInterval.mul_pos_mem_iff zero_lt_two]
        exact ⟨unitInterval.nonneg x, h⟩
    · rw [Path.symm, Path.extend, Set.IccExtend_of_mem]
      · simp only [Set.Icc.coe_one, one_mul, coe_mk_mk, Function.comp_apply]
        congr 1
        ext
        norm_num [sub_sub_eq_add_sub]
      · rw [unitInterval.two_mul_sub_one_mem_iff]
        exact ⟨(not_le.1 h).le, unitInterval.le_one x⟩
  prop' t x hx := by
    simp only [Set.mem_singleton_iff, Set.mem_insert_iff] at hx
    simp only [ContinuousMap.coe_mk, coe_toContinuousMap, Path.refl_apply]
    cases hx with
    | inl hx
    | inr hx =>
      rw [hx]
      norm_num [reflTransSymmAux]

",,True,25,"--DEBUG: 3
/-- For any path `p` from `x₀` to `x₁`, we have a homotopy from the constant path based at `x₀` to
  `p.trans p.symm`. -/
def reflTransSymm (p : Path x₀ x₁) : Homotopy (Path.refl x₀) (p.trans p.symm) where
  toFun x := p ⟨reflTransSymmAux x, reflTransSymmAux_mem_I x⟩
  continuous_toFun := by continuity
  map_zero_left := by simp [reflTransSymmAux]
  map_one_left x := by
    dsimp only [reflTransSymmAux, Path.coe_toContinuousMap, Path.trans]
    change _ = ite _ _ _
    split_ifs with h
    · rw [Path.extend, Set.IccExtend_of_mem]
      · norm_num
      · rw [unitInterval.mul_pos_mem_iff zero_lt_two]
        exact ⟨unitInterval.nonneg x, h⟩
    · rw [Path.symm, Path.extend, Set.IccExtend_of_mem]
      · simp only [Set.Icc.coe_one, one_mul, coe_mk_mk, Function.comp_apply]
        congr 1
        ext
        norm_num [sub_sub_eq_add_sub]
      · rw [unitInterval.two_mul_sub_one_mem_iff]
        exact ⟨(not_le.1 h).le, unitInterval.le_one x⟩
  prop' t x hx := by
    simp only [Set.mem_singleton_iff, Set.mem_insert_iff] at hx
    simp only [ContinuousMap.coe_mk, coe_toContinuousMap, Path.refl_apply]
    cases hx with
    | inl hx
    | inr hx =>
      rw [hx]
      norm_num [reflTransSymmAux]

",,True,5,Mathlib.AlgebraicTopology.FundamentalGroupoid.Basic,DEBUG,LENGTH,best_of_n,False,0,-1,Path.Homotopy.reflTransSymm,False
-1,False,0,"/-- For any path `p` from `x₀` to `x₁`, we have a homotopy from the constant path based at `x₀` to
  `p.trans p.symm`. -/
def reflTransSymm (p : Path x₀ x₁) : Homotopy (Path.refl x₀) (p.trans p.symm) where
  toFun x := p ⟨reflTransSymmAux x, reflTransSymmAux_mem_I x⟩
  continuous_toFun := by continuity
  map_zero_left := by simp [reflTransSymmAux]
  map_one_left x := by
    dsimp only [reflTransSymmAux, Path.coe_toContinuousMap, Path.trans]
    change _ = ite _ _ _
    split_ifs with h
    · rw [Path.extend, Set.IccExtend_of_mem]
      · norm_num
      · rw [unitInterval.mul_pos_mem_iff zero_lt_two]
        exact ⟨unitInterval.nonneg x, h⟩
    · rw [Path.symm, Path.extend, Set.IccExtend_of_mem]
      · simp only [Set.Icc.coe_one, one_mul, coe_mk_mk, Function.comp_apply]
        congr 1
        ext
        norm_num [sub_sub_eq_add_sub]
      · rw [unitInterval.two_mul_sub_one_mem_iff]
        exact ⟨(not_le.1 h).le, unitInterval.le_one x⟩
  prop' t x hx := by
    simp only [Set.mem_singleton_iff, Set.mem_insert_iff] at hx
    simp only [ContinuousMap.coe_mk, coe_toContinuousMap, Path.refl_apply]
    cases hx with
    | inl hx
    | inr hx =>
      rw [hx]
      norm_num [reflTransSymmAux]

",,True,25,"--DEBUG: 4
/-- For any path `p` from `x₀` to `x₁`, we have a homotopy from the constant path based at `x₀` to
  `p.trans p.symm`. -/
def reflTransSymm (p : Path x₀ x₁) : Homotopy (Path.refl x₀) (p.trans p.symm) where
  toFun x := p ⟨reflTransSymmAux x, reflTransSymmAux_mem_I x⟩
  continuous_toFun := by continuity
  map_zero_left := by simp [reflTransSymmAux]
  map_one_left x := by
    dsimp only [reflTransSymmAux, Path.coe_toContinuousMap, Path.trans]
    change _ = ite _ _ _
    split_ifs with h
    · rw [Path.extend, Set.IccExtend_of_mem]
      · norm_num
      · rw [unitInterval.mul_pos_mem_iff zero_lt_two]
        exact ⟨unitInterval.nonneg x, h⟩
    · rw [Path.symm, Path.extend, Set.IccExtend_of_mem]
      · simp only [Set.Icc.coe_one, one_mul, coe_mk_mk, Function.comp_apply]
        congr 1
        ext
        norm_num [sub_sub_eq_add_sub]
      · rw [unitInterval.two_mul_sub_one_mem_iff]
        exact ⟨(not_le.1 h).le, unitInterval.le_one x⟩
  prop' t x hx := by
    simp only [Set.mem_singleton_iff, Set.mem_insert_iff] at hx
    simp only [ContinuousMap.coe_mk, coe_toContinuousMap, Path.refl_apply]
    cases hx with
    | inl hx
    | inr hx =>
      rw [hx]
      norm_num [reflTransSymmAux]

",,True,5,Mathlib.AlgebraicTopology.FundamentalGroupoid.Basic,DEBUG,LENGTH,best_of_n,False,0,-1,Path.Homotopy.reflTransSymm,False
-1,False,0,"@[continuity]
theorem continuous_transReflReparamAux : Continuous transReflReparamAux := by
  refine continuous_if_le ?_ ?_ (Continuous.continuousOn ?_) (Continuous.continuousOn ?_) ?_ <;>
    [continuity; continuity; continuity; continuity; skip]
  intro x hx
  simp [hx]

",,True,9,"--DEBUG: 0
@[continuity]
theorem continuous_transReflReparamAux : Continuous transReflReparamAux := by
  refine continuous_if_le ?_ ?_ (Continuous.continuousOn ?_) (Continuous.continuousOn ?_) ?_ <;>
    [continuity; continuity; continuity; continuity; skip]
  intro x hx
  simp [hx]

",,True,5,Mathlib.AlgebraicTopology.FundamentalGroupoid.Basic,DEBUG,LENGTH,best_of_n,False,0,-1,Path.Homotopy.continuous_transReflReparamAux,False
-1,False,0,"@[continuity]
theorem continuous_transReflReparamAux : Continuous transReflReparamAux := by
  refine continuous_if_le ?_ ?_ (Continuous.continuousOn ?_) (Continuous.continuousOn ?_) ?_ <;>
    [continuity; continuity; continuity; continuity; skip]
  intro x hx
  simp [hx]

",,True,9,"--DEBUG: 1
@[continuity]
theorem continuous_transReflReparamAux : Continuous transReflReparamAux := by
  refine continuous_if_le ?_ ?_ (Continuous.continuousOn ?_) (Continuous.continuousOn ?_) ?_ <;>
    [continuity; continuity; continuity; continuity; skip]
  intro x hx
  simp [hx]

",,True,5,Mathlib.AlgebraicTopology.FundamentalGroupoid.Basic,DEBUG,LENGTH,best_of_n,False,0,-1,Path.Homotopy.continuous_transReflReparamAux,False
-1,False,0,"@[continuity]
theorem continuous_transReflReparamAux : Continuous transReflReparamAux := by
  refine continuous_if_le ?_ ?_ (Continuous.continuousOn ?_) (Continuous.continuousOn ?_) ?_ <;>
    [continuity; continuity; continuity; continuity; skip]
  intro x hx
  simp [hx]

",,True,9,"--DEBUG: 2
@[continuity]
theorem continuous_transReflReparamAux : Continuous transReflReparamAux := by
  refine continuous_if_le ?_ ?_ (Continuous.continuousOn ?_) (Continuous.continuousOn ?_) ?_ <;>
    [continuity; continuity; continuity; continuity; skip]
  intro x hx
  simp [hx]

",,True,5,Mathlib.AlgebraicTopology.FundamentalGroupoid.Basic,DEBUG,LENGTH,best_of_n,False,0,-1,Path.Homotopy.continuous_transReflReparamAux,False
-1,False,0,"@[continuity]
theorem continuous_transReflReparamAux : Continuous transReflReparamAux := by
  refine continuous_if_le ?_ ?_ (Continuous.continuousOn ?_) (Continuous.continuousOn ?_) ?_ <;>
    [continuity; continuity; continuity; continuity; skip]
  intro x hx
  simp [hx]

",,True,9,"--DEBUG: 3
@[continuity]
theorem continuous_transReflReparamAux : Continuous transReflReparamAux := by
  refine continuous_if_le ?_ ?_ (Continuous.continuousOn ?_) (Continuous.continuousOn ?_) ?_ <;>
    [continuity; continuity; continuity; continuity; skip]
  intro x hx
  simp [hx]

",,True,5,Mathlib.AlgebraicTopology.FundamentalGroupoid.Basic,DEBUG,LENGTH,best_of_n,False,0,-1,Path.Homotopy.continuous_transReflReparamAux,False
-1,False,0,"@[continuity]
theorem continuous_transReflReparamAux : Continuous transReflReparamAux := by
  refine continuous_if_le ?_ ?_ (Continuous.continuousOn ?_) (Continuous.continuousOn ?_) ?_ <;>
    [continuity; continuity; continuity; continuity; skip]
  intro x hx
  simp [hx]

",,True,9,"--DEBUG: 4
@[continuity]
theorem continuous_transReflReparamAux : Continuous transReflReparamAux := by
  refine continuous_if_le ?_ ?_ (Continuous.continuousOn ?_) (Continuous.continuousOn ?_) ?_ <;>
    [continuity; continuity; continuity; continuity; skip]
  intro x hx
  simp [hx]

",,True,5,Mathlib.AlgebraicTopology.FundamentalGroupoid.Basic,DEBUG,LENGTH,best_of_n,False,0,-1,Path.Homotopy.continuous_transReflReparamAux,False
-1,False,0,"theorem transReflReparamAux_mem_I (t : I) : transReflReparamAux t ∈ I := by
  unfold transReflReparamAux
  split_ifs <;> constructor <;> linarith [unitInterval.le_one t, unitInterval.nonneg t]

",,True,8,"--DEBUG: 0
theorem transReflReparamAux_mem_I (t : I) : transReflReparamAux t ∈ I := by
  unfold transReflReparamAux
  split_ifs <;> constructor <;> linarith [unitInterval.le_one t, unitInterval.nonneg t]

",,True,5,Mathlib.AlgebraicTopology.FundamentalGroupoid.Basic,DEBUG,LENGTH,best_of_n,False,0,-1,Path.Homotopy.transReflReparamAux_mem_I,False
-1,False,0,"theorem transReflReparamAux_mem_I (t : I) : transReflReparamAux t ∈ I := by
  unfold transReflReparamAux
  split_ifs <;> constructor <;> linarith [unitInterval.le_one t, unitInterval.nonneg t]

",,True,8,"--DEBUG: 1
theorem transReflReparamAux_mem_I (t : I) : transReflReparamAux t ∈ I := by
  unfold transReflReparamAux
  split_ifs <;> constructor <;> linarith [unitInterval.le_one t, unitInterval.nonneg t]

",,True,5,Mathlib.AlgebraicTopology.FundamentalGroupoid.Basic,DEBUG,LENGTH,best_of_n,False,0,-1,Path.Homotopy.transReflReparamAux_mem_I,False
-1,False,0,"theorem transReflReparamAux_mem_I (t : I) : transReflReparamAux t ∈ I := by
  unfold transReflReparamAux
  split_ifs <;> constructor <;> linarith [unitInterval.le_one t, unitInterval.nonneg t]

",,True,8,"--DEBUG: 2
theorem transReflReparamAux_mem_I (t : I) : transReflReparamAux t ∈ I := by
  unfold transReflReparamAux
  split_ifs <;> constructor <;> linarith [unitInterval.le_one t, unitInterval.nonneg t]

",,True,5,Mathlib.AlgebraicTopology.FundamentalGroupoid.Basic,DEBUG,LENGTH,best_of_n,False,0,-1,Path.Homotopy.transReflReparamAux_mem_I,False
-1,False,0,"theorem transReflReparamAux_mem_I (t : I) : transReflReparamAux t ∈ I := by
  unfold transReflReparamAux
  split_ifs <;> constructor <;> linarith [unitInterval.le_one t, unitInterval.nonneg t]

",,True,8,"--DEBUG: 3
theorem transReflReparamAux_mem_I (t : I) : transReflReparamAux t ∈ I := by
  unfold transReflReparamAux
  split_ifs <;> constructor <;> linarith [unitInterval.le_one t, unitInterval.nonneg t]

",,True,5,Mathlib.AlgebraicTopology.FundamentalGroupoid.Basic,DEBUG,LENGTH,best_of_n,False,0,-1,Path.Homotopy.transReflReparamAux_mem_I,False
-1,False,0,"theorem transReflReparamAux_mem_I (t : I) : transReflReparamAux t ∈ I := by
  unfold transReflReparamAux
  split_ifs <;> constructor <;> linarith [unitInterval.le_one t, unitInterval.nonneg t]

",,True,8,"--DEBUG: 4
theorem transReflReparamAux_mem_I (t : I) : transReflReparamAux t ∈ I := by
  unfold transReflReparamAux
  split_ifs <;> constructor <;> linarith [unitInterval.le_one t, unitInterval.nonneg t]

",,True,5,Mathlib.AlgebraicTopology.FundamentalGroupoid.Basic,DEBUG,LENGTH,best_of_n,False,0,-1,Path.Homotopy.transReflReparamAux_mem_I,False
-1,False,0,"theorem trans_refl_reparam (p : Path x₀ x₁) :
    p.trans (Path.refl x₁) =
      p.reparam (fun t => ⟨transReflReparamAux t, transReflReparamAux_mem_I t⟩) (by continuity)
        (Subtype.ext transReflReparamAux_zero) (Subtype.ext transReflReparamAux_one) := by
  ext
  unfold transReflReparamAux
  simp only [Path.trans_apply, not_le, coe_reparam, Function.comp_apply, one_div, Path.refl_apply]
  split_ifs
  · rfl
  · rfl
  · simp
  · simp

",,True,9,"--DEBUG: 0
theorem trans_refl_reparam (p : Path x₀ x₁) :
    p.trans (Path.refl x₁) =
      p.reparam (fun t => ⟨transReflReparamAux t, transReflReparamAux_mem_I t⟩) (by continuity)
        (Subtype.ext transReflReparamAux_zero) (Subtype.ext transReflReparamAux_one) := by
  ext
  unfold transReflReparamAux
  simp only [Path.trans_apply, not_le, coe_reparam, Function.comp_apply, one_div, Path.refl_apply]
  split_ifs
  · rfl
  · rfl
  · simp
  · simp

",,True,5,Mathlib.AlgebraicTopology.FundamentalGroupoid.Basic,DEBUG,LENGTH,best_of_n,False,0,-1,Path.Homotopy.trans_refl_reparam,False
-1,False,0,"theorem trans_refl_reparam (p : Path x₀ x₁) :
    p.trans (Path.refl x₁) =
      p.reparam (fun t => ⟨transReflReparamAux t, transReflReparamAux_mem_I t⟩) (by continuity)
        (Subtype.ext transReflReparamAux_zero) (Subtype.ext transReflReparamAux_one) := by
  ext
  unfold transReflReparamAux
  simp only [Path.trans_apply, not_le, coe_reparam, Function.comp_apply, one_div, Path.refl_apply]
  split_ifs
  · rfl
  · rfl
  · simp
  · simp

",,True,9,"--DEBUG: 1
theorem trans_refl_reparam (p : Path x₀ x₁) :
    p.trans (Path.refl x₁) =
      p.reparam (fun t => ⟨transReflReparamAux t, transReflReparamAux_mem_I t⟩) (by continuity)
        (Subtype.ext transReflReparamAux_zero) (Subtype.ext transReflReparamAux_one) := by
  ext
  unfold transReflReparamAux
  simp only [Path.trans_apply, not_le, coe_reparam, Function.comp_apply, one_div, Path.refl_apply]
  split_ifs
  · rfl
  · rfl
  · simp
  · simp

",,True,5,Mathlib.AlgebraicTopology.FundamentalGroupoid.Basic,DEBUG,LENGTH,best_of_n,False,0,-1,Path.Homotopy.trans_refl_reparam,False
-1,False,0,"theorem trans_refl_reparam (p : Path x₀ x₁) :
    p.trans (Path.refl x₁) =
      p.reparam (fun t => ⟨transReflReparamAux t, transReflReparamAux_mem_I t⟩) (by continuity)
        (Subtype.ext transReflReparamAux_zero) (Subtype.ext transReflReparamAux_one) := by
  ext
  unfold transReflReparamAux
  simp only [Path.trans_apply, not_le, coe_reparam, Function.comp_apply, one_div, Path.refl_apply]
  split_ifs
  · rfl
  · rfl
  · simp
  · simp

",,True,9,"--DEBUG: 2
theorem trans_refl_reparam (p : Path x₀ x₁) :
    p.trans (Path.refl x₁) =
      p.reparam (fun t => ⟨transReflReparamAux t, transReflReparamAux_mem_I t⟩) (by continuity)
        (Subtype.ext transReflReparamAux_zero) (Subtype.ext transReflReparamAux_one) := by
  ext
  unfold transReflReparamAux
  simp only [Path.trans_apply, not_le, coe_reparam, Function.comp_apply, one_div, Path.refl_apply]
  split_ifs
  · rfl
  · rfl
  · simp
  · simp

",,True,5,Mathlib.AlgebraicTopology.FundamentalGroupoid.Basic,DEBUG,LENGTH,best_of_n,False,0,-1,Path.Homotopy.trans_refl_reparam,False
-1,False,0,"theorem trans_refl_reparam (p : Path x₀ x₁) :
    p.trans (Path.refl x₁) =
      p.reparam (fun t => ⟨transReflReparamAux t, transReflReparamAux_mem_I t⟩) (by continuity)
        (Subtype.ext transReflReparamAux_zero) (Subtype.ext transReflReparamAux_one) := by
  ext
  unfold transReflReparamAux
  simp only [Path.trans_apply, not_le, coe_reparam, Function.comp_apply, one_div, Path.refl_apply]
  split_ifs
  · rfl
  · rfl
  · simp
  · simp

",,True,9,"--DEBUG: 3
theorem trans_refl_reparam (p : Path x₀ x₁) :
    p.trans (Path.refl x₁) =
      p.reparam (fun t => ⟨transReflReparamAux t, transReflReparamAux_mem_I t⟩) (by continuity)
        (Subtype.ext transReflReparamAux_zero) (Subtype.ext transReflReparamAux_one) := by
  ext
  unfold transReflReparamAux
  simp only [Path.trans_apply, not_le, coe_reparam, Function.comp_apply, one_div, Path.refl_apply]
  split_ifs
  · rfl
  · rfl
  · simp
  · simp

",,True,5,Mathlib.AlgebraicTopology.FundamentalGroupoid.Basic,DEBUG,LENGTH,best_of_n,False,0,-1,Path.Homotopy.trans_refl_reparam,False
-1,False,0,"theorem trans_refl_reparam (p : Path x₀ x₁) :
    p.trans (Path.refl x₁) =
      p.reparam (fun t => ⟨transReflReparamAux t, transReflReparamAux_mem_I t⟩) (by continuity)
        (Subtype.ext transReflReparamAux_zero) (Subtype.ext transReflReparamAux_one) := by
  ext
  unfold transReflReparamAux
  simp only [Path.trans_apply, not_le, coe_reparam, Function.comp_apply, one_div, Path.refl_apply]
  split_ifs
  · rfl
  · rfl
  · simp
  · simp

",,True,9,"--DEBUG: 4
theorem trans_refl_reparam (p : Path x₀ x₁) :
    p.trans (Path.refl x₁) =
      p.reparam (fun t => ⟨transReflReparamAux t, transReflReparamAux_mem_I t⟩) (by continuity)
        (Subtype.ext transReflReparamAux_zero) (Subtype.ext transReflReparamAux_one) := by
  ext
  unfold transReflReparamAux
  simp only [Path.trans_apply, not_le, coe_reparam, Function.comp_apply, one_div, Path.refl_apply]
  split_ifs
  · rfl
  · rfl
  · simp
  · simp

",,True,5,Mathlib.AlgebraicTopology.FundamentalGroupoid.Basic,DEBUG,LENGTH,best_of_n,False,0,-1,Path.Homotopy.trans_refl_reparam,False
-1,False,0,"/-- For any path `p` from `x₀` to `x₁`, we have a homotopy from `(Path.refl x₀).trans p` to `p`. -/
def reflTrans (p : Path x₀ x₁) : Homotopy ((Path.refl x₀).trans p) p :=
  (transRefl p.symm).symm₂.cast (by simp) (by simp)

",,True,2,"--DEBUG: 0
/-- For any path `p` from `x₀` to `x₁`, we have a homotopy from `(Path.refl x₀).trans p` to `p`. -/
def reflTrans (p : Path x₀ x₁) : Homotopy ((Path.refl x₀).trans p) p :=
  (transRefl p.symm).symm₂.cast (by simp) (by simp)

",,True,5,Mathlib.AlgebraicTopology.FundamentalGroupoid.Basic,DEBUG,LENGTH,best_of_n,False,0,-1,Path.Homotopy.reflTrans,False
-1,False,0,"/-- For any path `p` from `x₀` to `x₁`, we have a homotopy from `(Path.refl x₀).trans p` to `p`. -/
def reflTrans (p : Path x₀ x₁) : Homotopy ((Path.refl x₀).trans p) p :=
  (transRefl p.symm).symm₂.cast (by simp) (by simp)

",,True,2,"--DEBUG: 1
/-- For any path `p` from `x₀` to `x₁`, we have a homotopy from `(Path.refl x₀).trans p` to `p`. -/
def reflTrans (p : Path x₀ x₁) : Homotopy ((Path.refl x₀).trans p) p :=
  (transRefl p.symm).symm₂.cast (by simp) (by simp)

",,True,5,Mathlib.AlgebraicTopology.FundamentalGroupoid.Basic,DEBUG,LENGTH,best_of_n,False,0,-1,Path.Homotopy.reflTrans,False
-1,False,0,"/-- For any path `p` from `x₀` to `x₁`, we have a homotopy from `(Path.refl x₀).trans p` to `p`. -/
def reflTrans (p : Path x₀ x₁) : Homotopy ((Path.refl x₀).trans p) p :=
  (transRefl p.symm).symm₂.cast (by simp) (by simp)

",,True,2,"--DEBUG: 2
/-- For any path `p` from `x₀` to `x₁`, we have a homotopy from `(Path.refl x₀).trans p` to `p`. -/
def reflTrans (p : Path x₀ x₁) : Homotopy ((Path.refl x₀).trans p) p :=
  (transRefl p.symm).symm₂.cast (by simp) (by simp)

",,True,5,Mathlib.AlgebraicTopology.FundamentalGroupoid.Basic,DEBUG,LENGTH,best_of_n,False,0,-1,Path.Homotopy.reflTrans,False
-1,False,0,"/-- For any path `p` from `x₀` to `x₁`, we have a homotopy from `(Path.refl x₀).trans p` to `p`. -/
def reflTrans (p : Path x₀ x₁) : Homotopy ((Path.refl x₀).trans p) p :=
  (transRefl p.symm).symm₂.cast (by simp) (by simp)

",,True,2,"--DEBUG: 3
/-- For any path `p` from `x₀` to `x₁`, we have a homotopy from `(Path.refl x₀).trans p` to `p`. -/
def reflTrans (p : Path x₀ x₁) : Homotopy ((Path.refl x₀).trans p) p :=
  (transRefl p.symm).symm₂.cast (by simp) (by simp)

",,True,5,Mathlib.AlgebraicTopology.FundamentalGroupoid.Basic,DEBUG,LENGTH,best_of_n,False,0,-1,Path.Homotopy.reflTrans,False
-1,False,0,"/-- For any path `p` from `x₀` to `x₁`, we have a homotopy from `(Path.refl x₀).trans p` to `p`. -/
def reflTrans (p : Path x₀ x₁) : Homotopy ((Path.refl x₀).trans p) p :=
  (transRefl p.symm).symm₂.cast (by simp) (by simp)

",,True,2,"--DEBUG: 4
/-- For any path `p` from `x₀` to `x₁`, we have a homotopy from `(Path.refl x₀).trans p` to `p`. -/
def reflTrans (p : Path x₀ x₁) : Homotopy ((Path.refl x₀).trans p) p :=
  (transRefl p.symm).symm₂.cast (by simp) (by simp)

",,True,5,Mathlib.AlgebraicTopology.FundamentalGroupoid.Basic,DEBUG,LENGTH,best_of_n,False,0,-1,Path.Homotopy.reflTrans,False
-1,False,0,"@[continuity]
theorem continuous_transAssocReparamAux : Continuous transAssocReparamAux := by
  refine continuous_if_le ?_ ?_ (Continuous.continuousOn ?_)
    (continuous_if_le ?_ ?_
      (Continuous.continuousOn ?_) (Continuous.continuousOn ?_) ?_).continuousOn
      ?_ <;>
    [continuity; continuity; continuity; continuity; continuity; continuity; continuity; skip;
      skip] <;>
    · intro x hx
      norm_num [hx]

",,True,15,"--DEBUG: 0
@[continuity]
theorem continuous_transAssocReparamAux : Continuous transAssocReparamAux := by
  refine continuous_if_le ?_ ?_ (Continuous.continuousOn ?_)
    (continuous_if_le ?_ ?_
      (Continuous.continuousOn ?_) (Continuous.continuousOn ?_) ?_).continuousOn
      ?_ <;>
    [continuity; continuity; continuity; continuity; continuity; continuity; continuity; skip;
      skip] <;>
    · intro x hx
      norm_num [hx]

",,True,5,Mathlib.AlgebraicTopology.FundamentalGroupoid.Basic,DEBUG,LENGTH,best_of_n,False,0,-1,Path.Homotopy.continuous_transAssocReparamAux,False
-1,False,0,"@[continuity]
theorem continuous_transAssocReparamAux : Continuous transAssocReparamAux := by
  refine continuous_if_le ?_ ?_ (Continuous.continuousOn ?_)
    (continuous_if_le ?_ ?_
      (Continuous.continuousOn ?_) (Continuous.continuousOn ?_) ?_).continuousOn
      ?_ <;>
    [continuity; continuity; continuity; continuity; continuity; continuity; continuity; skip;
      skip] <;>
    · intro x hx
      norm_num [hx]

",,True,15,"--DEBUG: 1
@[continuity]
theorem continuous_transAssocReparamAux : Continuous transAssocReparamAux := by
  refine continuous_if_le ?_ ?_ (Continuous.continuousOn ?_)
    (continuous_if_le ?_ ?_
      (Continuous.continuousOn ?_) (Continuous.continuousOn ?_) ?_).continuousOn
      ?_ <;>
    [continuity; continuity; continuity; continuity; continuity; continuity; continuity; skip;
      skip] <;>
    · intro x hx
      norm_num [hx]

",,True,5,Mathlib.AlgebraicTopology.FundamentalGroupoid.Basic,DEBUG,LENGTH,best_of_n,False,0,-1,Path.Homotopy.continuous_transAssocReparamAux,False
-1,False,0,"@[continuity]
theorem continuous_transAssocReparamAux : Continuous transAssocReparamAux := by
  refine continuous_if_le ?_ ?_ (Continuous.continuousOn ?_)
    (continuous_if_le ?_ ?_
      (Continuous.continuousOn ?_) (Continuous.continuousOn ?_) ?_).continuousOn
      ?_ <;>
    [continuity; continuity; continuity; continuity; continuity; continuity; continuity; skip;
      skip] <;>
    · intro x hx
      norm_num [hx]

",,True,15,"--DEBUG: 2
@[continuity]
theorem continuous_transAssocReparamAux : Continuous transAssocReparamAux := by
  refine continuous_if_le ?_ ?_ (Continuous.continuousOn ?_)
    (continuous_if_le ?_ ?_
      (Continuous.continuousOn ?_) (Continuous.continuousOn ?_) ?_).continuousOn
      ?_ <;>
    [continuity; continuity; continuity; continuity; continuity; continuity; continuity; skip;
      skip] <;>
    · intro x hx
      norm_num [hx]

",,True,5,Mathlib.AlgebraicTopology.FundamentalGroupoid.Basic,DEBUG,LENGTH,best_of_n,False,0,-1,Path.Homotopy.continuous_transAssocReparamAux,False
-1,False,0,"@[continuity]
theorem continuous_transAssocReparamAux : Continuous transAssocReparamAux := by
  refine continuous_if_le ?_ ?_ (Continuous.continuousOn ?_)
    (continuous_if_le ?_ ?_
      (Continuous.continuousOn ?_) (Continuous.continuousOn ?_) ?_).continuousOn
      ?_ <;>
    [continuity; continuity; continuity; continuity; continuity; continuity; continuity; skip;
      skip] <;>
    · intro x hx
      norm_num [hx]

",,True,15,"--DEBUG: 3
@[continuity]
theorem continuous_transAssocReparamAux : Continuous transAssocReparamAux := by
  refine continuous_if_le ?_ ?_ (Continuous.continuousOn ?_)
    (continuous_if_le ?_ ?_
      (Continuous.continuousOn ?_) (Continuous.continuousOn ?_) ?_).continuousOn
      ?_ <;>
    [continuity; continuity; continuity; continuity; continuity; continuity; continuity; skip;
      skip] <;>
    · intro x hx
      norm_num [hx]

",,True,5,Mathlib.AlgebraicTopology.FundamentalGroupoid.Basic,DEBUG,LENGTH,best_of_n,False,0,-1,Path.Homotopy.continuous_transAssocReparamAux,False
-1,False,0,"@[continuity]
theorem continuous_transAssocReparamAux : Continuous transAssocReparamAux := by
  refine continuous_if_le ?_ ?_ (Continuous.continuousOn ?_)
    (continuous_if_le ?_ ?_
      (Continuous.continuousOn ?_) (Continuous.continuousOn ?_) ?_).continuousOn
      ?_ <;>
    [continuity; continuity; continuity; continuity; continuity; continuity; continuity; skip;
      skip] <;>
    · intro x hx
      norm_num [hx]

",,True,15,"--DEBUG: 4
@[continuity]
theorem continuous_transAssocReparamAux : Continuous transAssocReparamAux := by
  refine continuous_if_le ?_ ?_ (Continuous.continuousOn ?_)
    (continuous_if_le ?_ ?_
      (Continuous.continuousOn ?_) (Continuous.continuousOn ?_) ?_).continuousOn
      ?_ <;>
    [continuity; continuity; continuity; continuity; continuity; continuity; continuity; skip;
      skip] <;>
    · intro x hx
      norm_num [hx]

",,True,5,Mathlib.AlgebraicTopology.FundamentalGroupoid.Basic,DEBUG,LENGTH,best_of_n,False,0,-1,Path.Homotopy.continuous_transAssocReparamAux,False
-1,False,0,"theorem transAssocReparamAux_mem_I (t : I) : transAssocReparamAux t ∈ I := by
  unfold transAssocReparamAux
  split_ifs <;> constructor <;> linarith [unitInterval.le_one t, unitInterval.nonneg t]

",,True,11,"--DEBUG: 0
theorem transAssocReparamAux_mem_I (t : I) : transAssocReparamAux t ∈ I := by
  unfold transAssocReparamAux
  split_ifs <;> constructor <;> linarith [unitInterval.le_one t, unitInterval.nonneg t]

",,True,5,Mathlib.AlgebraicTopology.FundamentalGroupoid.Basic,DEBUG,LENGTH,best_of_n,False,0,-1,Path.Homotopy.transAssocReparamAux_mem_I,False
-1,False,0,"theorem transAssocReparamAux_mem_I (t : I) : transAssocReparamAux t ∈ I := by
  unfold transAssocReparamAux
  split_ifs <;> constructor <;> linarith [unitInterval.le_one t, unitInterval.nonneg t]

",,True,11,"--DEBUG: 1
theorem transAssocReparamAux_mem_I (t : I) : transAssocReparamAux t ∈ I := by
  unfold transAssocReparamAux
  split_ifs <;> constructor <;> linarith [unitInterval.le_one t, unitInterval.nonneg t]

",,True,5,Mathlib.AlgebraicTopology.FundamentalGroupoid.Basic,DEBUG,LENGTH,best_of_n,False,0,-1,Path.Homotopy.transAssocReparamAux_mem_I,False
-1,False,0,"theorem transAssocReparamAux_mem_I (t : I) : transAssocReparamAux t ∈ I := by
  unfold transAssocReparamAux
  split_ifs <;> constructor <;> linarith [unitInterval.le_one t, unitInterval.nonneg t]

",,True,11,"--DEBUG: 2
theorem transAssocReparamAux_mem_I (t : I) : transAssocReparamAux t ∈ I := by
  unfold transAssocReparamAux
  split_ifs <;> constructor <;> linarith [unitInterval.le_one t, unitInterval.nonneg t]

",,True,5,Mathlib.AlgebraicTopology.FundamentalGroupoid.Basic,DEBUG,LENGTH,best_of_n,False,0,-1,Path.Homotopy.transAssocReparamAux_mem_I,False
-1,False,0,"theorem transAssocReparamAux_mem_I (t : I) : transAssocReparamAux t ∈ I := by
  unfold transAssocReparamAux
  split_ifs <;> constructor <;> linarith [unitInterval.le_one t, unitInterval.nonneg t]

",,True,11,"--DEBUG: 3
theorem transAssocReparamAux_mem_I (t : I) : transAssocReparamAux t ∈ I := by
  unfold transAssocReparamAux
  split_ifs <;> constructor <;> linarith [unitInterval.le_one t, unitInterval.nonneg t]

",,True,5,Mathlib.AlgebraicTopology.FundamentalGroupoid.Basic,DEBUG,LENGTH,best_of_n,False,0,-1,Path.Homotopy.transAssocReparamAux_mem_I,False
-1,False,0,"theorem transAssocReparamAux_mem_I (t : I) : transAssocReparamAux t ∈ I := by
  unfold transAssocReparamAux
  split_ifs <;> constructor <;> linarith [unitInterval.le_one t, unitInterval.nonneg t]

",,True,11,"--DEBUG: 4
theorem transAssocReparamAux_mem_I (t : I) : transAssocReparamAux t ∈ I := by
  unfold transAssocReparamAux
  split_ifs <;> constructor <;> linarith [unitInterval.le_one t, unitInterval.nonneg t]

",,True,5,Mathlib.AlgebraicTopology.FundamentalGroupoid.Basic,DEBUG,LENGTH,best_of_n,False,0,-1,Path.Homotopy.transAssocReparamAux_mem_I,False
-1,False,0,"theorem trans_assoc_reparam {x₀ x₁ x₂ x₃ : X} (p : Path x₀ x₁) (q : Path x₁ x₂) (r : Path x₂ x₃) :
    (p.trans q).trans r =
      (p.trans (q.trans r)).reparam
        (fun t => ⟨transAssocReparamAux t, transAssocReparamAux_mem_I t⟩) (by continuity)
        (Subtype.ext transAssocReparamAux_zero) (Subtype.ext transAssocReparamAux_one) := by
  ext x
  simp only [transAssocReparamAux, Path.trans_apply, mul_inv_cancel_left₀, not_le,
    Function.comp_apply, Ne, not_false_iff, one_ne_zero, mul_ite, Subtype.coe_mk,
    Path.coe_reparam]
  -- TODO: why does split_ifs not reduce the ifs??????
  split_ifs with h₁ h₂ h₃ h₄ h₅
  · rfl
  · exfalso
    linarith
  · exfalso
    linarith
  · exfalso
    linarith
  · exfalso
    linarith
  · exfalso
    linarith
  · exfalso
    linarith
  · have h : 2 * (2 * (x : ℝ)) - 1 = 2 * (2 * (↑x + 1 / 4) - 1) := by linarith
    simp [h₂, h₁, h, dif_neg (show ¬False from id), dif_pos True.intro, if_false, if_true]
  · exfalso
    linarith
  · exfalso
    linarith
  · exfalso
    linarith
  · exfalso
    linarith
  · exfalso
    linarith
  · exfalso
    linarith
  · congr
    ring

",,True,34,"--DEBUG: 0
theorem trans_assoc_reparam {x₀ x₁ x₂ x₃ : X} (p : Path x₀ x₁) (q : Path x₁ x₂) (r : Path x₂ x₃) :
    (p.trans q).trans r =
      (p.trans (q.trans r)).reparam
        (fun t => ⟨transAssocReparamAux t, transAssocReparamAux_mem_I t⟩) (by continuity)
        (Subtype.ext transAssocReparamAux_zero) (Subtype.ext transAssocReparamAux_one) := by
  ext x
  simp only [transAssocReparamAux, Path.trans_apply, mul_inv_cancel_left₀, not_le,
    Function.comp_apply, Ne, not_false_iff, one_ne_zero, mul_ite, Subtype.coe_mk,
    Path.coe_reparam]
  -- TODO: why does split_ifs not reduce the ifs??????
  split_ifs with h₁ h₂ h₃ h₄ h₅
  · rfl
  · exfalso
    linarith
  · exfalso
    linarith
  · exfalso
    linarith
  · exfalso
    linarith
  · exfalso
    linarith
  · exfalso
    linarith
  · have h : 2 * (2 * (x : ℝ)) - 1 = 2 * (2 * (↑x + 1 / 4) - 1) := by linarith
    simp [h₂, h₁, h, dif_neg (show ¬False from id), dif_pos True.intro, if_false, if_true]
  · exfalso
    linarith
  · exfalso
    linarith
  · exfalso
    linarith
  · exfalso
    linarith
  · exfalso
    linarith
  · exfalso
    linarith
  · congr
    ring

",,True,5,Mathlib.AlgebraicTopology.FundamentalGroupoid.Basic,DEBUG,LENGTH,best_of_n,False,0,-1,Path.Homotopy.trans_assoc_reparam,False
-1,False,0,"theorem trans_assoc_reparam {x₀ x₁ x₂ x₃ : X} (p : Path x₀ x₁) (q : Path x₁ x₂) (r : Path x₂ x₃) :
    (p.trans q).trans r =
      (p.trans (q.trans r)).reparam
        (fun t => ⟨transAssocReparamAux t, transAssocReparamAux_mem_I t⟩) (by continuity)
        (Subtype.ext transAssocReparamAux_zero) (Subtype.ext transAssocReparamAux_one) := by
  ext x
  simp only [transAssocReparamAux, Path.trans_apply, mul_inv_cancel_left₀, not_le,
    Function.comp_apply, Ne, not_false_iff, one_ne_zero, mul_ite, Subtype.coe_mk,
    Path.coe_reparam]
  -- TODO: why does split_ifs not reduce the ifs??????
  split_ifs with h₁ h₂ h₃ h₄ h₅
  · rfl
  · exfalso
    linarith
  · exfalso
    linarith
  · exfalso
    linarith
  · exfalso
    linarith
  · exfalso
    linarith
  · exfalso
    linarith
  · have h : 2 * (2 * (x : ℝ)) - 1 = 2 * (2 * (↑x + 1 / 4) - 1) := by linarith
    simp [h₂, h₁, h, dif_neg (show ¬False from id), dif_pos True.intro, if_false, if_true]
  · exfalso
    linarith
  · exfalso
    linarith
  · exfalso
    linarith
  · exfalso
    linarith
  · exfalso
    linarith
  · exfalso
    linarith
  · congr
    ring

",,True,34,"--DEBUG: 1
theorem trans_assoc_reparam {x₀ x₁ x₂ x₃ : X} (p : Path x₀ x₁) (q : Path x₁ x₂) (r : Path x₂ x₃) :
    (p.trans q).trans r =
      (p.trans (q.trans r)).reparam
        (fun t => ⟨transAssocReparamAux t, transAssocReparamAux_mem_I t⟩) (by continuity)
        (Subtype.ext transAssocReparamAux_zero) (Subtype.ext transAssocReparamAux_one) := by
  ext x
  simp only [transAssocReparamAux, Path.trans_apply, mul_inv_cancel_left₀, not_le,
    Function.comp_apply, Ne, not_false_iff, one_ne_zero, mul_ite, Subtype.coe_mk,
    Path.coe_reparam]
  -- TODO: why does split_ifs not reduce the ifs??????
  split_ifs with h₁ h₂ h₃ h₄ h₅
  · rfl
  · exfalso
    linarith
  · exfalso
    linarith
  · exfalso
    linarith
  · exfalso
    linarith
  · exfalso
    linarith
  · exfalso
    linarith
  · have h : 2 * (2 * (x : ℝ)) - 1 = 2 * (2 * (↑x + 1 / 4) - 1) := by linarith
    simp [h₂, h₁, h, dif_neg (show ¬False from id), dif_pos True.intro, if_false, if_true]
  · exfalso
    linarith
  · exfalso
    linarith
  · exfalso
    linarith
  · exfalso
    linarith
  · exfalso
    linarith
  · exfalso
    linarith
  · congr
    ring

",,True,5,Mathlib.AlgebraicTopology.FundamentalGroupoid.Basic,DEBUG,LENGTH,best_of_n,False,0,-1,Path.Homotopy.trans_assoc_reparam,False
-1,False,0,"theorem trans_assoc_reparam {x₀ x₁ x₂ x₃ : X} (p : Path x₀ x₁) (q : Path x₁ x₂) (r : Path x₂ x₃) :
    (p.trans q).trans r =
      (p.trans (q.trans r)).reparam
        (fun t => ⟨transAssocReparamAux t, transAssocReparamAux_mem_I t⟩) (by continuity)
        (Subtype.ext transAssocReparamAux_zero) (Subtype.ext transAssocReparamAux_one) := by
  ext x
  simp only [transAssocReparamAux, Path.trans_apply, mul_inv_cancel_left₀, not_le,
    Function.comp_apply, Ne, not_false_iff, one_ne_zero, mul_ite, Subtype.coe_mk,
    Path.coe_reparam]
  -- TODO: why does split_ifs not reduce the ifs??????
  split_ifs with h₁ h₂ h₃ h₄ h₅
  · rfl
  · exfalso
    linarith
  · exfalso
    linarith
  · exfalso
    linarith
  · exfalso
    linarith
  · exfalso
    linarith
  · exfalso
    linarith
  · have h : 2 * (2 * (x : ℝ)) - 1 = 2 * (2 * (↑x + 1 / 4) - 1) := by linarith
    simp [h₂, h₁, h, dif_neg (show ¬False from id), dif_pos True.intro, if_false, if_true]
  · exfalso
    linarith
  · exfalso
    linarith
  · exfalso
    linarith
  · exfalso
    linarith
  · exfalso
    linarith
  · exfalso
    linarith
  · congr
    ring

",,True,34,"--DEBUG: 2
theorem trans_assoc_reparam {x₀ x₁ x₂ x₃ : X} (p : Path x₀ x₁) (q : Path x₁ x₂) (r : Path x₂ x₃) :
    (p.trans q).trans r =
      (p.trans (q.trans r)).reparam
        (fun t => ⟨transAssocReparamAux t, transAssocReparamAux_mem_I t⟩) (by continuity)
        (Subtype.ext transAssocReparamAux_zero) (Subtype.ext transAssocReparamAux_one) := by
  ext x
  simp only [transAssocReparamAux, Path.trans_apply, mul_inv_cancel_left₀, not_le,
    Function.comp_apply, Ne, not_false_iff, one_ne_zero, mul_ite, Subtype.coe_mk,
    Path.coe_reparam]
  -- TODO: why does split_ifs not reduce the ifs??????
  split_ifs with h₁ h₂ h₃ h₄ h₅
  · rfl
  · exfalso
    linarith
  · exfalso
    linarith
  · exfalso
    linarith
  · exfalso
    linarith
  · exfalso
    linarith
  · exfalso
    linarith
  · have h : 2 * (2 * (x : ℝ)) - 1 = 2 * (2 * (↑x + 1 / 4) - 1) := by linarith
    simp [h₂, h₁, h, dif_neg (show ¬False from id), dif_pos True.intro, if_false, if_true]
  · exfalso
    linarith
  · exfalso
    linarith
  · exfalso
    linarith
  · exfalso
    linarith
  · exfalso
    linarith
  · exfalso
    linarith
  · congr
    ring

",,True,5,Mathlib.AlgebraicTopology.FundamentalGroupoid.Basic,DEBUG,LENGTH,best_of_n,False,0,-1,Path.Homotopy.trans_assoc_reparam,False
-1,False,0,"theorem trans_assoc_reparam {x₀ x₁ x₂ x₃ : X} (p : Path x₀ x₁) (q : Path x₁ x₂) (r : Path x₂ x₃) :
    (p.trans q).trans r =
      (p.trans (q.trans r)).reparam
        (fun t => ⟨transAssocReparamAux t, transAssocReparamAux_mem_I t⟩) (by continuity)
        (Subtype.ext transAssocReparamAux_zero) (Subtype.ext transAssocReparamAux_one) := by
  ext x
  simp only [transAssocReparamAux, Path.trans_apply, mul_inv_cancel_left₀, not_le,
    Function.comp_apply, Ne, not_false_iff, one_ne_zero, mul_ite, Subtype.coe_mk,
    Path.coe_reparam]
  -- TODO: why does split_ifs not reduce the ifs??????
  split_ifs with h₁ h₂ h₃ h₄ h₅
  · rfl
  · exfalso
    linarith
  · exfalso
    linarith
  · exfalso
    linarith
  · exfalso
    linarith
  · exfalso
    linarith
  · exfalso
    linarith
  · have h : 2 * (2 * (x : ℝ)) - 1 = 2 * (2 * (↑x + 1 / 4) - 1) := by linarith
    simp [h₂, h₁, h, dif_neg (show ¬False from id), dif_pos True.intro, if_false, if_true]
  · exfalso
    linarith
  · exfalso
    linarith
  · exfalso
    linarith
  · exfalso
    linarith
  · exfalso
    linarith
  · exfalso
    linarith
  · congr
    ring

",,True,34,"--DEBUG: 3
theorem trans_assoc_reparam {x₀ x₁ x₂ x₃ : X} (p : Path x₀ x₁) (q : Path x₁ x₂) (r : Path x₂ x₃) :
    (p.trans q).trans r =
      (p.trans (q.trans r)).reparam
        (fun t => ⟨transAssocReparamAux t, transAssocReparamAux_mem_I t⟩) (by continuity)
        (Subtype.ext transAssocReparamAux_zero) (Subtype.ext transAssocReparamAux_one) := by
  ext x
  simp only [transAssocReparamAux, Path.trans_apply, mul_inv_cancel_left₀, not_le,
    Function.comp_apply, Ne, not_false_iff, one_ne_zero, mul_ite, Subtype.coe_mk,
    Path.coe_reparam]
  -- TODO: why does split_ifs not reduce the ifs??????
  split_ifs with h₁ h₂ h₃ h₄ h₅
  · rfl
  · exfalso
    linarith
  · exfalso
    linarith
  · exfalso
    linarith
  · exfalso
    linarith
  · exfalso
    linarith
  · exfalso
    linarith
  · have h : 2 * (2 * (x : ℝ)) - 1 = 2 * (2 * (↑x + 1 / 4) - 1) := by linarith
    simp [h₂, h₁, h, dif_neg (show ¬False from id), dif_pos True.intro, if_false, if_true]
  · exfalso
    linarith
  · exfalso
    linarith
  · exfalso
    linarith
  · exfalso
    linarith
  · exfalso
    linarith
  · exfalso
    linarith
  · congr
    ring

",,True,5,Mathlib.AlgebraicTopology.FundamentalGroupoid.Basic,DEBUG,LENGTH,best_of_n,False,0,-1,Path.Homotopy.trans_assoc_reparam,False
-1,False,0,"theorem trans_assoc_reparam {x₀ x₁ x₂ x₃ : X} (p : Path x₀ x₁) (q : Path x₁ x₂) (r : Path x₂ x₃) :
    (p.trans q).trans r =
      (p.trans (q.trans r)).reparam
        (fun t => ⟨transAssocReparamAux t, transAssocReparamAux_mem_I t⟩) (by continuity)
        (Subtype.ext transAssocReparamAux_zero) (Subtype.ext transAssocReparamAux_one) := by
  ext x
  simp only [transAssocReparamAux, Path.trans_apply, mul_inv_cancel_left₀, not_le,
    Function.comp_apply, Ne, not_false_iff, one_ne_zero, mul_ite, Subtype.coe_mk,
    Path.coe_reparam]
  -- TODO: why does split_ifs not reduce the ifs??????
  split_ifs with h₁ h₂ h₃ h₄ h₅
  · rfl
  · exfalso
    linarith
  · exfalso
    linarith
  · exfalso
    linarith
  · exfalso
    linarith
  · exfalso
    linarith
  · exfalso
    linarith
  · have h : 2 * (2 * (x : ℝ)) - 1 = 2 * (2 * (↑x + 1 / 4) - 1) := by linarith
    simp [h₂, h₁, h, dif_neg (show ¬False from id), dif_pos True.intro, if_false, if_true]
  · exfalso
    linarith
  · exfalso
    linarith
  · exfalso
    linarith
  · exfalso
    linarith
  · exfalso
    linarith
  · exfalso
    linarith
  · congr
    ring

",,True,34,"--DEBUG: 4
theorem trans_assoc_reparam {x₀ x₁ x₂ x₃ : X} (p : Path x₀ x₁) (q : Path x₁ x₂) (r : Path x₂ x₃) :
    (p.trans q).trans r =
      (p.trans (q.trans r)).reparam
        (fun t => ⟨transAssocReparamAux t, transAssocReparamAux_mem_I t⟩) (by continuity)
        (Subtype.ext transAssocReparamAux_zero) (Subtype.ext transAssocReparamAux_one) := by
  ext x
  simp only [transAssocReparamAux, Path.trans_apply, mul_inv_cancel_left₀, not_le,
    Function.comp_apply, Ne, not_false_iff, one_ne_zero, mul_ite, Subtype.coe_mk,
    Path.coe_reparam]
  -- TODO: why does split_ifs not reduce the ifs??????
  split_ifs with h₁ h₂ h₃ h₄ h₅
  · rfl
  · exfalso
    linarith
  · exfalso
    linarith
  · exfalso
    linarith
  · exfalso
    linarith
  · exfalso
    linarith
  · exfalso
    linarith
  · have h : 2 * (2 * (x : ℝ)) - 1 = 2 * (2 * (↑x + 1 / 4) - 1) := by linarith
    simp [h₂, h₁, h, dif_neg (show ¬False from id), dif_pos True.intro, if_false, if_true]
  · exfalso
    linarith
  · exfalso
    linarith
  · exfalso
    linarith
  · exfalso
    linarith
  · exfalso
    linarith
  · exfalso
    linarith
  · congr
    ring

",,True,5,Mathlib.AlgebraicTopology.FundamentalGroupoid.Basic,DEBUG,LENGTH,best_of_n,False,0,-1,Path.Homotopy.trans_assoc_reparam,False
-1,False,1,"/-- The functor sending a topological space `X` to its fundamental groupoid. -/
def fundamentalGroupoidFunctor : TopCat ⥤ CategoryTheory.Grpd where
  obj X := { α := FundamentalGroupoid X }
  map f :=
    { obj := fun x => ⟨f x.as⟩
      map := fun {X Y} p => by exact Path.Homotopic.Quotient.mapFn p f
      map_id := fun _ => rfl
      map_comp := fun {x y z} p q => by
        refine Quotient.inductionOn₂ p q fun a b => ?_
        simp only [comp_eq, ← Path.Homotopic.map_lift, ← Path.Homotopic.comp_lift, Path.map_trans] }
  map_id X := by
    simp only
    change _ = (⟨_, _, _⟩ : FundamentalGroupoid X ⥤ FundamentalGroupoid X)
    congr
    ext x y p
    refine Quotient.inductionOn p fun q => ?_
    rw [← Path.Homotopic.map_lift]
    conv_rhs => rw [← q.map_id]
    rfl
  map_comp f g := by
    simp only
    congr
    ext x y p
    refine Quotient.inductionOn p fun q => ?_
    simp only [Quotient.map_mk, Path.map_map, Quotient.eq']
    rfl

",,True,20,"--DEBUG: 0
/-- The functor sending a topological space `X` to its fundamental groupoid. -/
def fundamentalGroupoidFunctor : TopCat ⥤ CategoryTheory.Grpd where
  obj X := { α := FundamentalGroupoid X }
  map f :=
    { obj := fun x => ⟨f x.as⟩
      map := fun {X Y} p => by exact Path.Homotopic.Quotient.mapFn p f
      map_id := fun _ => rfl
      map_comp := fun {x y z} p q => by
        refine Quotient.inductionOn₂ p q fun a b => ?_
        simp only [comp_eq, ← Path.Homotopic.map_lift, ← Path.Homotopic.comp_lift, Path.map_trans] }
  map_id X := by
    simp only
    change _ = (⟨_, _, _⟩ : FundamentalGroupoid X ⥤ FundamentalGroupoid X)
    congr
    ext x y p
    refine Quotient.inductionOn p fun q => ?_
    rw [← Path.Homotopic.map_lift]
    conv_rhs => rw [← q.map_id]
    rfl
  map_comp f g := by
    simp only
    congr
    ext x y p
    refine Quotient.inductionOn p fun q => ?_
    simp only [Quotient.map_mk, Path.map_map, Quotient.eq']
    rfl

",,True,5,Mathlib.AlgebraicTopology.FundamentalGroupoid.Basic,DEBUG,LENGTH,best_of_n,False,0,-19,FundamentalGroupoid.fundamentalGroupoidFunctor,False
-1,False,1,"/-- The functor sending a topological space `X` to its fundamental groupoid. -/
def fundamentalGroupoidFunctor : TopCat ⥤ CategoryTheory.Grpd where
  obj X := { α := FundamentalGroupoid X }
  map f :=
    { obj := fun x => ⟨f x.as⟩
      map := fun {X Y} p => by exact Path.Homotopic.Quotient.mapFn p f
      map_id := fun _ => rfl
      map_comp := fun {x y z} p q => by
        refine Quotient.inductionOn₂ p q fun a b => ?_
        simp only [comp_eq, ← Path.Homotopic.map_lift, ← Path.Homotopic.comp_lift, Path.map_trans] }
  map_id X := by
    simp only
    change _ = (⟨_, _, _⟩ : FundamentalGroupoid X ⥤ FundamentalGroupoid X)
    congr
    ext x y p
    refine Quotient.inductionOn p fun q => ?_
    rw [← Path.Homotopic.map_lift]
    conv_rhs => rw [← q.map_id]
    rfl
  map_comp f g := by
    simp only
    congr
    ext x y p
    refine Quotient.inductionOn p fun q => ?_
    simp only [Quotient.map_mk, Path.map_map, Quotient.eq']
    rfl

",,True,20,"--DEBUG: 1
/-- The functor sending a topological space `X` to its fundamental groupoid. -/
def fundamentalGroupoidFunctor : TopCat ⥤ CategoryTheory.Grpd where
  obj X := { α := FundamentalGroupoid X }
  map f :=
    { obj := fun x => ⟨f x.as⟩
      map := fun {X Y} p => by exact Path.Homotopic.Quotient.mapFn p f
      map_id := fun _ => rfl
      map_comp := fun {x y z} p q => by
        refine Quotient.inductionOn₂ p q fun a b => ?_
        simp only [comp_eq, ← Path.Homotopic.map_lift, ← Path.Homotopic.comp_lift, Path.map_trans] }
  map_id X := by
    simp only
    change _ = (⟨_, _, _⟩ : FundamentalGroupoid X ⥤ FundamentalGroupoid X)
    congr
    ext x y p
    refine Quotient.inductionOn p fun q => ?_
    rw [← Path.Homotopic.map_lift]
    conv_rhs => rw [← q.map_id]
    rfl
  map_comp f g := by
    simp only
    congr
    ext x y p
    refine Quotient.inductionOn p fun q => ?_
    simp only [Quotient.map_mk, Path.map_map, Quotient.eq']
    rfl

",,True,5,Mathlib.AlgebraicTopology.FundamentalGroupoid.Basic,DEBUG,LENGTH,best_of_n,False,0,-19,FundamentalGroupoid.fundamentalGroupoidFunctor,False
-1,False,1,"/-- The functor sending a topological space `X` to its fundamental groupoid. -/
def fundamentalGroupoidFunctor : TopCat ⥤ CategoryTheory.Grpd where
  obj X := { α := FundamentalGroupoid X }
  map f :=
    { obj := fun x => ⟨f x.as⟩
      map := fun {X Y} p => by exact Path.Homotopic.Quotient.mapFn p f
      map_id := fun _ => rfl
      map_comp := fun {x y z} p q => by
        refine Quotient.inductionOn₂ p q fun a b => ?_
        simp only [comp_eq, ← Path.Homotopic.map_lift, ← Path.Homotopic.comp_lift, Path.map_trans] }
  map_id X := by
    simp only
    change _ = (⟨_, _, _⟩ : FundamentalGroupoid X ⥤ FundamentalGroupoid X)
    congr
    ext x y p
    refine Quotient.inductionOn p fun q => ?_
    rw [← Path.Homotopic.map_lift]
    conv_rhs => rw [← q.map_id]
    rfl
  map_comp f g := by
    simp only
    congr
    ext x y p
    refine Quotient.inductionOn p fun q => ?_
    simp only [Quotient.map_mk, Path.map_map, Quotient.eq']
    rfl

",,True,20,"--DEBUG: 2
/-- The functor sending a topological space `X` to its fundamental groupoid. -/
def fundamentalGroupoidFunctor : TopCat ⥤ CategoryTheory.Grpd where
  obj X := { α := FundamentalGroupoid X }
  map f :=
    { obj := fun x => ⟨f x.as⟩
      map := fun {X Y} p => by exact Path.Homotopic.Quotient.mapFn p f
      map_id := fun _ => rfl
      map_comp := fun {x y z} p q => by
        refine Quotient.inductionOn₂ p q fun a b => ?_
        simp only [comp_eq, ← Path.Homotopic.map_lift, ← Path.Homotopic.comp_lift, Path.map_trans] }
  map_id X := by
    simp only
    change _ = (⟨_, _, _⟩ : FundamentalGroupoid X ⥤ FundamentalGroupoid X)
    congr
    ext x y p
    refine Quotient.inductionOn p fun q => ?_
    rw [← Path.Homotopic.map_lift]
    conv_rhs => rw [← q.map_id]
    rfl
  map_comp f g := by
    simp only
    congr
    ext x y p
    refine Quotient.inductionOn p fun q => ?_
    simp only [Quotient.map_mk, Path.map_map, Quotient.eq']
    rfl

",,True,5,Mathlib.AlgebraicTopology.FundamentalGroupoid.Basic,DEBUG,LENGTH,best_of_n,False,0,-19,FundamentalGroupoid.fundamentalGroupoidFunctor,False
-1,False,1,"/-- The functor sending a topological space `X` to its fundamental groupoid. -/
def fundamentalGroupoidFunctor : TopCat ⥤ CategoryTheory.Grpd where
  obj X := { α := FundamentalGroupoid X }
  map f :=
    { obj := fun x => ⟨f x.as⟩
      map := fun {X Y} p => by exact Path.Homotopic.Quotient.mapFn p f
      map_id := fun _ => rfl
      map_comp := fun {x y z} p q => by
        refine Quotient.inductionOn₂ p q fun a b => ?_
        simp only [comp_eq, ← Path.Homotopic.map_lift, ← Path.Homotopic.comp_lift, Path.map_trans] }
  map_id X := by
    simp only
    change _ = (⟨_, _, _⟩ : FundamentalGroupoid X ⥤ FundamentalGroupoid X)
    congr
    ext x y p
    refine Quotient.inductionOn p fun q => ?_
    rw [← Path.Homotopic.map_lift]
    conv_rhs => rw [← q.map_id]
    rfl
  map_comp f g := by
    simp only
    congr
    ext x y p
    refine Quotient.inductionOn p fun q => ?_
    simp only [Quotient.map_mk, Path.map_map, Quotient.eq']
    rfl

",,True,20,"--DEBUG: 3
/-- The functor sending a topological space `X` to its fundamental groupoid. -/
def fundamentalGroupoidFunctor : TopCat ⥤ CategoryTheory.Grpd where
  obj X := { α := FundamentalGroupoid X }
  map f :=
    { obj := fun x => ⟨f x.as⟩
      map := fun {X Y} p => by exact Path.Homotopic.Quotient.mapFn p f
      map_id := fun _ => rfl
      map_comp := fun {x y z} p q => by
        refine Quotient.inductionOn₂ p q fun a b => ?_
        simp only [comp_eq, ← Path.Homotopic.map_lift, ← Path.Homotopic.comp_lift, Path.map_trans] }
  map_id X := by
    simp only
    change _ = (⟨_, _, _⟩ : FundamentalGroupoid X ⥤ FundamentalGroupoid X)
    congr
    ext x y p
    refine Quotient.inductionOn p fun q => ?_
    rw [← Path.Homotopic.map_lift]
    conv_rhs => rw [← q.map_id]
    rfl
  map_comp f g := by
    simp only
    congr
    ext x y p
    refine Quotient.inductionOn p fun q => ?_
    simp only [Quotient.map_mk, Path.map_map, Quotient.eq']
    rfl

",,True,5,Mathlib.AlgebraicTopology.FundamentalGroupoid.Basic,DEBUG,LENGTH,best_of_n,False,0,-19,FundamentalGroupoid.fundamentalGroupoidFunctor,False
-1,False,1,"/-- The functor sending a topological space `X` to its fundamental groupoid. -/
def fundamentalGroupoidFunctor : TopCat ⥤ CategoryTheory.Grpd where
  obj X := { α := FundamentalGroupoid X }
  map f :=
    { obj := fun x => ⟨f x.as⟩
      map := fun {X Y} p => by exact Path.Homotopic.Quotient.mapFn p f
      map_id := fun _ => rfl
      map_comp := fun {x y z} p q => by
        refine Quotient.inductionOn₂ p q fun a b => ?_
        simp only [comp_eq, ← Path.Homotopic.map_lift, ← Path.Homotopic.comp_lift, Path.map_trans] }
  map_id X := by
    simp only
    change _ = (⟨_, _, _⟩ : FundamentalGroupoid X ⥤ FundamentalGroupoid X)
    congr
    ext x y p
    refine Quotient.inductionOn p fun q => ?_
    rw [← Path.Homotopic.map_lift]
    conv_rhs => rw [← q.map_id]
    rfl
  map_comp f g := by
    simp only
    congr
    ext x y p
    refine Quotient.inductionOn p fun q => ?_
    simp only [Quotient.map_mk, Path.map_map, Quotient.eq']
    rfl

",,True,20,"--DEBUG: 4
/-- The functor sending a topological space `X` to its fundamental groupoid. -/
def fundamentalGroupoidFunctor : TopCat ⥤ CategoryTheory.Grpd where
  obj X := { α := FundamentalGroupoid X }
  map f :=
    { obj := fun x => ⟨f x.as⟩
      map := fun {X Y} p => by exact Path.Homotopic.Quotient.mapFn p f
      map_id := fun _ => rfl
      map_comp := fun {x y z} p q => by
        refine Quotient.inductionOn₂ p q fun a b => ?_
        simp only [comp_eq, ← Path.Homotopic.map_lift, ← Path.Homotopic.comp_lift, Path.map_trans] }
  map_id X := by
    simp only
    change _ = (⟨_, _, _⟩ : FundamentalGroupoid X ⥤ FundamentalGroupoid X)
    congr
    ext x y p
    refine Quotient.inductionOn p fun q => ?_
    rw [← Path.Homotopic.map_lift]
    conv_rhs => rw [← q.map_id]
    rfl
  map_comp f g := by
    simp only
    congr
    ext x y p
    refine Quotient.inductionOn p fun q => ?_
    simp only [Quotient.map_mk, Path.map_map, Quotient.eq']
    rfl

",,True,5,Mathlib.AlgebraicTopology.FundamentalGroupoid.Basic,DEBUG,LENGTH,best_of_n,False,0,-19,FundamentalGroupoid.fundamentalGroupoidFunctor,False
-1,False,0,"/-- If `f(p(t) = g(q(t))` for two paths `p` and `q`, then the induced path homotopy classes
`f(p)` and `g(p)` are the same as well, despite having a priori different types -/
theorem heq_path_of_eq_image : HEq ((πₘ f).map ⟦p⟧) ((πₘ g).map ⟦q⟧) := by
  simp only [map_eq, ← Path.Homotopic.map_lift]; apply Path.Homotopic.hpath_hext; exact hfg

",,True,3,"--DEBUG: 0
/-- If `f(p(t) = g(q(t))` for two paths `p` and `q`, then the induced path homotopy classes
`f(p)` and `g(p)` are the same as well, despite having a priori different types -/
theorem heq_path_of_eq_image : HEq ((πₘ f).map ⟦p⟧) ((πₘ g).map ⟦q⟧) := by
  simp only [map_eq, ← Path.Homotopic.map_lift]; apply Path.Homotopic.hpath_hext; exact hfg

",,True,5,Mathlib.AlgebraicTopology.FundamentalGroupoid.InducedMaps,DEBUG,LENGTH,best_of_n,False,0,-1,ContinuousMap.Homotopy.heq_path_of_eq_image,False
-1,False,0,"/-- If `f(p(t) = g(q(t))` for two paths `p` and `q`, then the induced path homotopy classes
`f(p)` and `g(p)` are the same as well, despite having a priori different types -/
theorem heq_path_of_eq_image : HEq ((πₘ f).map ⟦p⟧) ((πₘ g).map ⟦q⟧) := by
  simp only [map_eq, ← Path.Homotopic.map_lift]; apply Path.Homotopic.hpath_hext; exact hfg

",,True,3,"--DEBUG: 1
/-- If `f(p(t) = g(q(t))` for two paths `p` and `q`, then the induced path homotopy classes
`f(p)` and `g(p)` are the same as well, despite having a priori different types -/
theorem heq_path_of_eq_image : HEq ((πₘ f).map ⟦p⟧) ((πₘ g).map ⟦q⟧) := by
  simp only [map_eq, ← Path.Homotopic.map_lift]; apply Path.Homotopic.hpath_hext; exact hfg

",,True,5,Mathlib.AlgebraicTopology.FundamentalGroupoid.InducedMaps,DEBUG,LENGTH,best_of_n,False,0,-1,ContinuousMap.Homotopy.heq_path_of_eq_image,False
-1,False,0,"/-- If `f(p(t) = g(q(t))` for two paths `p` and `q`, then the induced path homotopy classes
`f(p)` and `g(p)` are the same as well, despite having a priori different types -/
theorem heq_path_of_eq_image : HEq ((πₘ f).map ⟦p⟧) ((πₘ g).map ⟦q⟧) := by
  simp only [map_eq, ← Path.Homotopic.map_lift]; apply Path.Homotopic.hpath_hext; exact hfg

",,True,3,"--DEBUG: 2
/-- If `f(p(t) = g(q(t))` for two paths `p` and `q`, then the induced path homotopy classes
`f(p)` and `g(p)` are the same as well, despite having a priori different types -/
theorem heq_path_of_eq_image : HEq ((πₘ f).map ⟦p⟧) ((πₘ g).map ⟦q⟧) := by
  simp only [map_eq, ← Path.Homotopic.map_lift]; apply Path.Homotopic.hpath_hext; exact hfg

",,True,5,Mathlib.AlgebraicTopology.FundamentalGroupoid.InducedMaps,DEBUG,LENGTH,best_of_n,False,0,-1,ContinuousMap.Homotopy.heq_path_of_eq_image,False
-1,False,0,"/-- If `f(p(t) = g(q(t))` for two paths `p` and `q`, then the induced path homotopy classes
`f(p)` and `g(p)` are the same as well, despite having a priori different types -/
theorem heq_path_of_eq_image : HEq ((πₘ f).map ⟦p⟧) ((πₘ g).map ⟦q⟧) := by
  simp only [map_eq, ← Path.Homotopic.map_lift]; apply Path.Homotopic.hpath_hext; exact hfg

",,True,3,"--DEBUG: 3
/-- If `f(p(t) = g(q(t))` for two paths `p` and `q`, then the induced path homotopy classes
`f(p)` and `g(p)` are the same as well, despite having a priori different types -/
theorem heq_path_of_eq_image : HEq ((πₘ f).map ⟦p⟧) ((πₘ g).map ⟦q⟧) := by
  simp only [map_eq, ← Path.Homotopic.map_lift]; apply Path.Homotopic.hpath_hext; exact hfg

",,True,5,Mathlib.AlgebraicTopology.FundamentalGroupoid.InducedMaps,DEBUG,LENGTH,best_of_n,False,0,-1,ContinuousMap.Homotopy.heq_path_of_eq_image,False
-1,False,0,"/-- If `f(p(t) = g(q(t))` for two paths `p` and `q`, then the induced path homotopy classes
`f(p)` and `g(p)` are the same as well, despite having a priori different types -/
theorem heq_path_of_eq_image : HEq ((πₘ f).map ⟦p⟧) ((πₘ g).map ⟦q⟧) := by
  simp only [map_eq, ← Path.Homotopic.map_lift]; apply Path.Homotopic.hpath_hext; exact hfg

",,True,3,"--DEBUG: 4
/-- If `f(p(t) = g(q(t))` for two paths `p` and `q`, then the induced path homotopy classes
`f(p)` and `g(p)` are the same as well, despite having a priori different types -/
theorem heq_path_of_eq_image : HEq ((πₘ f).map ⟦p⟧) ((πₘ g).map ⟦q⟧) := by
  simp only [map_eq, ← Path.Homotopic.map_lift]; apply Path.Homotopic.hpath_hext; exact hfg

",,True,5,Mathlib.AlgebraicTopology.FundamentalGroupoid.InducedMaps,DEBUG,LENGTH,best_of_n,False,0,-1,ContinuousMap.Homotopy.heq_path_of_eq_image,False
-1,False,0,"private theorem start_path : f x₀ = g x₂ := by convert hfg 0 <;> simp only [Path.source]

",,True,3,"--DEBUG: 0
private theorem start_path : f x₀ = g x₂ := by convert hfg 0 <;> simp only [Path.source]

",,True,5,Mathlib.AlgebraicTopology.FundamentalGroupoid.InducedMaps,DEBUG,LENGTH,best_of_n,False,0,-1,_private.0.ContinuousMap.Homotopy.start_path,False
-1,False,0,"private theorem start_path : f x₀ = g x₂ := by convert hfg 0 <;> simp only [Path.source]

",,True,3,"--DEBUG: 1
private theorem start_path : f x₀ = g x₂ := by convert hfg 0 <;> simp only [Path.source]

",,True,5,Mathlib.AlgebraicTopology.FundamentalGroupoid.InducedMaps,DEBUG,LENGTH,best_of_n,False,0,-1,_private.0.ContinuousMap.Homotopy.start_path,False
-1,False,0,"private theorem start_path : f x₀ = g x₂ := by convert hfg 0 <;> simp only [Path.source]

",,True,3,"--DEBUG: 2
private theorem start_path : f x₀ = g x₂ := by convert hfg 0 <;> simp only [Path.source]

",,True,5,Mathlib.AlgebraicTopology.FundamentalGroupoid.InducedMaps,DEBUG,LENGTH,best_of_n,False,0,-1,_private.0.ContinuousMap.Homotopy.start_path,False
-1,False,0,"private theorem start_path : f x₀ = g x₂ := by convert hfg 0 <;> simp only [Path.source]

",,True,3,"--DEBUG: 3
private theorem start_path : f x₀ = g x₂ := by convert hfg 0 <;> simp only [Path.source]

",,True,5,Mathlib.AlgebraicTopology.FundamentalGroupoid.InducedMaps,DEBUG,LENGTH,best_of_n,False,0,-1,_private.0.ContinuousMap.Homotopy.start_path,False
-1,False,0,"private theorem start_path : f x₀ = g x₂ := by convert hfg 0 <;> simp only [Path.source]

",,True,3,"--DEBUG: 4
private theorem start_path : f x₀ = g x₂ := by convert hfg 0 <;> simp only [Path.source]

",,True,5,Mathlib.AlgebraicTopology.FundamentalGroupoid.InducedMaps,DEBUG,LENGTH,best_of_n,False,0,-1,_private.0.ContinuousMap.Homotopy.start_path,False
-1,False,0,"private theorem end_path : f x₁ = g x₃ := by convert hfg 1 <;> simp only [Path.target]

",,True,3,"--DEBUG: 0
private theorem end_path : f x₁ = g x₃ := by convert hfg 1 <;> simp only [Path.target]

",,True,5,Mathlib.AlgebraicTopology.FundamentalGroupoid.InducedMaps,DEBUG,LENGTH,best_of_n,False,0,-1,_private.0.ContinuousMap.Homotopy.end_path,False
-1,False,0,"private theorem end_path : f x₁ = g x₃ := by convert hfg 1 <;> simp only [Path.target]

",,True,3,"--DEBUG: 1
private theorem end_path : f x₁ = g x₃ := by convert hfg 1 <;> simp only [Path.target]

",,True,5,Mathlib.AlgebraicTopology.FundamentalGroupoid.InducedMaps,DEBUG,LENGTH,best_of_n,False,0,-1,_private.0.ContinuousMap.Homotopy.end_path,False
-1,False,0,"private theorem end_path : f x₁ = g x₃ := by convert hfg 1 <;> simp only [Path.target]

",,True,3,"--DEBUG: 2
private theorem end_path : f x₁ = g x₃ := by convert hfg 1 <;> simp only [Path.target]

",,True,5,Mathlib.AlgebraicTopology.FundamentalGroupoid.InducedMaps,DEBUG,LENGTH,best_of_n,False,0,-1,_private.0.ContinuousMap.Homotopy.end_path,False
-1,False,0,"private theorem end_path : f x₁ = g x₃ := by convert hfg 1 <;> simp only [Path.target]

",,True,3,"--DEBUG: 3
private theorem end_path : f x₁ = g x₃ := by convert hfg 1 <;> simp only [Path.target]

",,True,5,Mathlib.AlgebraicTopology.FundamentalGroupoid.InducedMaps,DEBUG,LENGTH,best_of_n,False,0,-1,_private.0.ContinuousMap.Homotopy.end_path,False
-1,False,0,"private theorem end_path : f x₁ = g x₃ := by convert hfg 1 <;> simp only [Path.target]

",,True,3,"--DEBUG: 4
private theorem end_path : f x₁ = g x₃ := by convert hfg 1 <;> simp only [Path.target]

",,True,5,Mathlib.AlgebraicTopology.FundamentalGroupoid.InducedMaps,DEBUG,LENGTH,best_of_n,False,0,-1,_private.0.ContinuousMap.Homotopy.end_path,False
-1,False,0,"theorem eq_path_of_eq_image :
    (πₘ f).map ⟦p⟧ = hcast (start_path hfg) ≫ (πₘ g).map ⟦q⟧ ≫ hcast (end_path hfg).symm := by
  rw [conj_eqToHom_iff_heq
    ((πₘ f).map ⟦p⟧) ((πₘ g).map ⟦q⟧)
    (FundamentalGroupoid.ext <| start_path hfg)
    (FundamentalGroupoid.ext <| end_path hfg)]
  exact heq_path_of_eq_image hfg

",,True,2,"--DEBUG: 0
theorem eq_path_of_eq_image :
    (πₘ f).map ⟦p⟧ = hcast (start_path hfg) ≫ (πₘ g).map ⟦q⟧ ≫ hcast (end_path hfg).symm := by
  rw [conj_eqToHom_iff_heq
    ((πₘ f).map ⟦p⟧) ((πₘ g).map ⟦q⟧)
    (FundamentalGroupoid.ext <| start_path hfg)
    (FundamentalGroupoid.ext <| end_path hfg)]
  exact heq_path_of_eq_image hfg

",,True,5,Mathlib.AlgebraicTopology.FundamentalGroupoid.InducedMaps,DEBUG,LENGTH,best_of_n,False,0,-1,ContinuousMap.Homotopy.eq_path_of_eq_image,False
-1,False,0,"theorem eq_path_of_eq_image :
    (πₘ f).map ⟦p⟧ = hcast (start_path hfg) ≫ (πₘ g).map ⟦q⟧ ≫ hcast (end_path hfg).symm := by
  rw [conj_eqToHom_iff_heq
    ((πₘ f).map ⟦p⟧) ((πₘ g).map ⟦q⟧)
    (FundamentalGroupoid.ext <| start_path hfg)
    (FundamentalGroupoid.ext <| end_path hfg)]
  exact heq_path_of_eq_image hfg

",,True,2,"--DEBUG: 1
theorem eq_path_of_eq_image :
    (πₘ f).map ⟦p⟧ = hcast (start_path hfg) ≫ (πₘ g).map ⟦q⟧ ≫ hcast (end_path hfg).symm := by
  rw [conj_eqToHom_iff_heq
    ((πₘ f).map ⟦p⟧) ((πₘ g).map ⟦q⟧)
    (FundamentalGroupoid.ext <| start_path hfg)
    (FundamentalGroupoid.ext <| end_path hfg)]
  exact heq_path_of_eq_image hfg

",,True,5,Mathlib.AlgebraicTopology.FundamentalGroupoid.InducedMaps,DEBUG,LENGTH,best_of_n,False,0,-1,ContinuousMap.Homotopy.eq_path_of_eq_image,False
-1,False,0,"theorem eq_path_of_eq_image :
    (πₘ f).map ⟦p⟧ = hcast (start_path hfg) ≫ (πₘ g).map ⟦q⟧ ≫ hcast (end_path hfg).symm := by
  rw [conj_eqToHom_iff_heq
    ((πₘ f).map ⟦p⟧) ((πₘ g).map ⟦q⟧)
    (FundamentalGroupoid.ext <| start_path hfg)
    (FundamentalGroupoid.ext <| end_path hfg)]
  exact heq_path_of_eq_image hfg

",,True,2,"--DEBUG: 2
theorem eq_path_of_eq_image :
    (πₘ f).map ⟦p⟧ = hcast (start_path hfg) ≫ (πₘ g).map ⟦q⟧ ≫ hcast (end_path hfg).symm := by
  rw [conj_eqToHom_iff_heq
    ((πₘ f).map ⟦p⟧) ((πₘ g).map ⟦q⟧)
    (FundamentalGroupoid.ext <| start_path hfg)
    (FundamentalGroupoid.ext <| end_path hfg)]
  exact heq_path_of_eq_image hfg

",,True,5,Mathlib.AlgebraicTopology.FundamentalGroupoid.InducedMaps,DEBUG,LENGTH,best_of_n,False,0,-1,ContinuousMap.Homotopy.eq_path_of_eq_image,False
-1,False,0,"theorem eq_path_of_eq_image :
    (πₘ f).map ⟦p⟧ = hcast (start_path hfg) ≫ (πₘ g).map ⟦q⟧ ≫ hcast (end_path hfg).symm := by
  rw [conj_eqToHom_iff_heq
    ((πₘ f).map ⟦p⟧) ((πₘ g).map ⟦q⟧)
    (FundamentalGroupoid.ext <| start_path hfg)
    (FundamentalGroupoid.ext <| end_path hfg)]
  exact heq_path_of_eq_image hfg

",,True,2,"--DEBUG: 3
theorem eq_path_of_eq_image :
    (πₘ f).map ⟦p⟧ = hcast (start_path hfg) ≫ (πₘ g).map ⟦q⟧ ≫ hcast (end_path hfg).symm := by
  rw [conj_eqToHom_iff_heq
    ((πₘ f).map ⟦p⟧) ((πₘ g).map ⟦q⟧)
    (FundamentalGroupoid.ext <| start_path hfg)
    (FundamentalGroupoid.ext <| end_path hfg)]
  exact heq_path_of_eq_image hfg

",,True,5,Mathlib.AlgebraicTopology.FundamentalGroupoid.InducedMaps,DEBUG,LENGTH,best_of_n,False,0,-1,ContinuousMap.Homotopy.eq_path_of_eq_image,False
-1,False,0,"theorem eq_path_of_eq_image :
    (πₘ f).map ⟦p⟧ = hcast (start_path hfg) ≫ (πₘ g).map ⟦q⟧ ≫ hcast (end_path hfg).symm := by
  rw [conj_eqToHom_iff_heq
    ((πₘ f).map ⟦p⟧) ((πₘ g).map ⟦q⟧)
    (FundamentalGroupoid.ext <| start_path hfg)
    (FundamentalGroupoid.ext <| end_path hfg)]
  exact heq_path_of_eq_image hfg

",,True,2,"--DEBUG: 4
theorem eq_path_of_eq_image :
    (πₘ f).map ⟦p⟧ = hcast (start_path hfg) ≫ (πₘ g).map ⟦q⟧ ≫ hcast (end_path hfg).symm := by
  rw [conj_eqToHom_iff_heq
    ((πₘ f).map ⟦p⟧) ((πₘ g).map ⟦q⟧)
    (FundamentalGroupoid.ext <| start_path hfg)
    (FundamentalGroupoid.ext <| end_path hfg)]
  exact heq_path_of_eq_image hfg

",,True,5,Mathlib.AlgebraicTopology.FundamentalGroupoid.InducedMaps,DEBUG,LENGTH,best_of_n,False,0,-1,ContinuousMap.Homotopy.eq_path_of_eq_image,False
-1,False,0,"/-- The map taking the pi product of a family of fundamental groupoids to the fundamental
groupoid of the pi product. This is actually an isomorphism (see `piIso`)
-/
@[simps]
def piToPiTop : (∀ i, πₓ (X i)) ⥤ πₓ (TopCat.of (∀ i, X i)) where
  obj g := ⟨fun i => (g i).as⟩
  map p := Path.Homotopic.pi p
  map_id x := by
    change (Path.Homotopic.pi fun i => ⟦_⟧) = _
    simp only [FundamentalGroupoid.id_eq_path_refl, Path.Homotopic.pi_lift]
    rfl
  map_comp f g := (Path.Homotopic.comp_pi_eq_pi_comp f g).symm

",,True,3,"--DEBUG: 0
/-- The map taking the pi product of a family of fundamental groupoids to the fundamental
groupoid of the pi product. This is actually an isomorphism (see `piIso`)
-/
@[simps]
def piToPiTop : (∀ i, πₓ (X i)) ⥤ πₓ (TopCat.of (∀ i, X i)) where
  obj g := ⟨fun i => (g i).as⟩
  map p := Path.Homotopic.pi p
  map_id x := by
    change (Path.Homotopic.pi fun i => ⟦_⟧) = _
    simp only [FundamentalGroupoid.id_eq_path_refl, Path.Homotopic.pi_lift]
    rfl
  map_comp f g := (Path.Homotopic.comp_pi_eq_pi_comp f g).symm

",,True,5,Mathlib.AlgebraicTopology.FundamentalGroupoid.Product,DEBUG,LENGTH,best_of_n,False,0,-1,FundamentalGroupoidFunctor.piToPiTop,False
-1,False,0,"/-- The map taking the pi product of a family of fundamental groupoids to the fundamental
groupoid of the pi product. This is actually an isomorphism (see `piIso`)
-/
@[simps]
def piToPiTop : (∀ i, πₓ (X i)) ⥤ πₓ (TopCat.of (∀ i, X i)) where
  obj g := ⟨fun i => (g i).as⟩
  map p := Path.Homotopic.pi p
  map_id x := by
    change (Path.Homotopic.pi fun i => ⟦_⟧) = _
    simp only [FundamentalGroupoid.id_eq_path_refl, Path.Homotopic.pi_lift]
    rfl
  map_comp f g := (Path.Homotopic.comp_pi_eq_pi_comp f g).symm

",,True,3,"--DEBUG: 1
/-- The map taking the pi product of a family of fundamental groupoids to the fundamental
groupoid of the pi product. This is actually an isomorphism (see `piIso`)
-/
@[simps]
def piToPiTop : (∀ i, πₓ (X i)) ⥤ πₓ (TopCat.of (∀ i, X i)) where
  obj g := ⟨fun i => (g i).as⟩
  map p := Path.Homotopic.pi p
  map_id x := by
    change (Path.Homotopic.pi fun i => ⟦_⟧) = _
    simp only [FundamentalGroupoid.id_eq_path_refl, Path.Homotopic.pi_lift]
    rfl
  map_comp f g := (Path.Homotopic.comp_pi_eq_pi_comp f g).symm

",,True,5,Mathlib.AlgebraicTopology.FundamentalGroupoid.Product,DEBUG,LENGTH,best_of_n,False,0,-1,FundamentalGroupoidFunctor.piToPiTop,False
-1,False,0,"/-- The map taking the pi product of a family of fundamental groupoids to the fundamental
groupoid of the pi product. This is actually an isomorphism (see `piIso`)
-/
@[simps]
def piToPiTop : (∀ i, πₓ (X i)) ⥤ πₓ (TopCat.of (∀ i, X i)) where
  obj g := ⟨fun i => (g i).as⟩
  map p := Path.Homotopic.pi p
  map_id x := by
    change (Path.Homotopic.pi fun i => ⟦_⟧) = _
    simp only [FundamentalGroupoid.id_eq_path_refl, Path.Homotopic.pi_lift]
    rfl
  map_comp f g := (Path.Homotopic.comp_pi_eq_pi_comp f g).symm

",,True,3,"--DEBUG: 2
/-- The map taking the pi product of a family of fundamental groupoids to the fundamental
groupoid of the pi product. This is actually an isomorphism (see `piIso`)
-/
@[simps]
def piToPiTop : (∀ i, πₓ (X i)) ⥤ πₓ (TopCat.of (∀ i, X i)) where
  obj g := ⟨fun i => (g i).as⟩
  map p := Path.Homotopic.pi p
  map_id x := by
    change (Path.Homotopic.pi fun i => ⟦_⟧) = _
    simp only [FundamentalGroupoid.id_eq_path_refl, Path.Homotopic.pi_lift]
    rfl
  map_comp f g := (Path.Homotopic.comp_pi_eq_pi_comp f g).symm

",,True,5,Mathlib.AlgebraicTopology.FundamentalGroupoid.Product,DEBUG,LENGTH,best_of_n,False,0,-1,FundamentalGroupoidFunctor.piToPiTop,False
-1,False,0,"/-- The map taking the pi product of a family of fundamental groupoids to the fundamental
groupoid of the pi product. This is actually an isomorphism (see `piIso`)
-/
@[simps]
def piToPiTop : (∀ i, πₓ (X i)) ⥤ πₓ (TopCat.of (∀ i, X i)) where
  obj g := ⟨fun i => (g i).as⟩
  map p := Path.Homotopic.pi p
  map_id x := by
    change (Path.Homotopic.pi fun i => ⟦_⟧) = _
    simp only [FundamentalGroupoid.id_eq_path_refl, Path.Homotopic.pi_lift]
    rfl
  map_comp f g := (Path.Homotopic.comp_pi_eq_pi_comp f g).symm

",,True,3,"--DEBUG: 3
/-- The map taking the pi product of a family of fundamental groupoids to the fundamental
groupoid of the pi product. This is actually an isomorphism (see `piIso`)
-/
@[simps]
def piToPiTop : (∀ i, πₓ (X i)) ⥤ πₓ (TopCat.of (∀ i, X i)) where
  obj g := ⟨fun i => (g i).as⟩
  map p := Path.Homotopic.pi p
  map_id x := by
    change (Path.Homotopic.pi fun i => ⟦_⟧) = _
    simp only [FundamentalGroupoid.id_eq_path_refl, Path.Homotopic.pi_lift]
    rfl
  map_comp f g := (Path.Homotopic.comp_pi_eq_pi_comp f g).symm

",,True,5,Mathlib.AlgebraicTopology.FundamentalGroupoid.Product,DEBUG,LENGTH,best_of_n,False,0,-1,FundamentalGroupoidFunctor.piToPiTop,False
-1,False,0,"/-- The map taking the pi product of a family of fundamental groupoids to the fundamental
groupoid of the pi product. This is actually an isomorphism (see `piIso`)
-/
@[simps]
def piToPiTop : (∀ i, πₓ (X i)) ⥤ πₓ (TopCat.of (∀ i, X i)) where
  obj g := ⟨fun i => (g i).as⟩
  map p := Path.Homotopic.pi p
  map_id x := by
    change (Path.Homotopic.pi fun i => ⟦_⟧) = _
    simp only [FundamentalGroupoid.id_eq_path_refl, Path.Homotopic.pi_lift]
    rfl
  map_comp f g := (Path.Homotopic.comp_pi_eq_pi_comp f g).symm

",,True,3,"--DEBUG: 4
/-- The map taking the pi product of a family of fundamental groupoids to the fundamental
groupoid of the pi product. This is actually an isomorphism (see `piIso`)
-/
@[simps]
def piToPiTop : (∀ i, πₓ (X i)) ⥤ πₓ (TopCat.of (∀ i, X i)) where
  obj g := ⟨fun i => (g i).as⟩
  map p := Path.Homotopic.pi p
  map_id x := by
    change (Path.Homotopic.pi fun i => ⟦_⟧) = _
    simp only [FundamentalGroupoid.id_eq_path_refl, Path.Homotopic.pi_lift]
    rfl
  map_comp f g := (Path.Homotopic.comp_pi_eq_pi_comp f g).symm

",,True,5,Mathlib.AlgebraicTopology.FundamentalGroupoid.Product,DEBUG,LENGTH,best_of_n,False,0,-1,FundamentalGroupoidFunctor.piToPiTop,False
-1,False,0,"/-- Shows `piToPiTop` is an isomorphism, whose inverse is precisely the pi product
of the induced projections. This shows that `fundamentalGroupoidFunctor` preserves products.
-/
@[simps]
def piIso : CategoryTheory.Grpd.of (∀ i : I, πₓ (X i)) ≅ πₓ (TopCat.of (∀ i, X i)) where
  hom := piToPiTop X
  inv := CategoryTheory.Functor.pi' (proj X)
  hom_inv_id := by
    change piToPiTop X ⋙ CategoryTheory.Functor.pi' (proj X) = 𝟭 _
    apply CategoryTheory.Functor.ext ?_ ?_
    · intros; rfl
    · intros; ext; simp
  inv_hom_id := by
    change CategoryTheory.Functor.pi' (proj X) ⋙ piToPiTop X = 𝟭 _
    apply CategoryTheory.Functor.ext
    · intro _ _ f
      suffices Path.Homotopic.pi ((CategoryTheory.Functor.pi' (proj X)).map f) = f by simpa
      change Path.Homotopic.pi (fun i => (CategoryTheory.Functor.pi' (proj X)).map f i) = _
      simp
    · intros; rfl

",,True,16,"--DEBUG: 0
/-- Shows `piToPiTop` is an isomorphism, whose inverse is precisely the pi product
of the induced projections. This shows that `fundamentalGroupoidFunctor` preserves products.
-/
@[simps]
def piIso : CategoryTheory.Grpd.of (∀ i : I, πₓ (X i)) ≅ πₓ (TopCat.of (∀ i, X i)) where
  hom := piToPiTop X
  inv := CategoryTheory.Functor.pi' (proj X)
  hom_inv_id := by
    change piToPiTop X ⋙ CategoryTheory.Functor.pi' (proj X) = 𝟭 _
    apply CategoryTheory.Functor.ext ?_ ?_
    · intros; rfl
    · intros; ext; simp
  inv_hom_id := by
    change CategoryTheory.Functor.pi' (proj X) ⋙ piToPiTop X = 𝟭 _
    apply CategoryTheory.Functor.ext
    · intro _ _ f
      suffices Path.Homotopic.pi ((CategoryTheory.Functor.pi' (proj X)).map f) = f by simpa
      change Path.Homotopic.pi (fun i => (CategoryTheory.Functor.pi' (proj X)).map f i) = _
      simp
    · intros; rfl

",,True,5,Mathlib.AlgebraicTopology.FundamentalGroupoid.Product,DEBUG,LENGTH,best_of_n,False,0,-1,FundamentalGroupoidFunctor.piIso,False
-1,False,0,"/-- Shows `piToPiTop` is an isomorphism, whose inverse is precisely the pi product
of the induced projections. This shows that `fundamentalGroupoidFunctor` preserves products.
-/
@[simps]
def piIso : CategoryTheory.Grpd.of (∀ i : I, πₓ (X i)) ≅ πₓ (TopCat.of (∀ i, X i)) where
  hom := piToPiTop X
  inv := CategoryTheory.Functor.pi' (proj X)
  hom_inv_id := by
    change piToPiTop X ⋙ CategoryTheory.Functor.pi' (proj X) = 𝟭 _
    apply CategoryTheory.Functor.ext ?_ ?_
    · intros; rfl
    · intros; ext; simp
  inv_hom_id := by
    change CategoryTheory.Functor.pi' (proj X) ⋙ piToPiTop X = 𝟭 _
    apply CategoryTheory.Functor.ext
    · intro _ _ f
      suffices Path.Homotopic.pi ((CategoryTheory.Functor.pi' (proj X)).map f) = f by simpa
      change Path.Homotopic.pi (fun i => (CategoryTheory.Functor.pi' (proj X)).map f i) = _
      simp
    · intros; rfl

",,True,16,"--DEBUG: 1
/-- Shows `piToPiTop` is an isomorphism, whose inverse is precisely the pi product
of the induced projections. This shows that `fundamentalGroupoidFunctor` preserves products.
-/
@[simps]
def piIso : CategoryTheory.Grpd.of (∀ i : I, πₓ (X i)) ≅ πₓ (TopCat.of (∀ i, X i)) where
  hom := piToPiTop X
  inv := CategoryTheory.Functor.pi' (proj X)
  hom_inv_id := by
    change piToPiTop X ⋙ CategoryTheory.Functor.pi' (proj X) = 𝟭 _
    apply CategoryTheory.Functor.ext ?_ ?_
    · intros; rfl
    · intros; ext; simp
  inv_hom_id := by
    change CategoryTheory.Functor.pi' (proj X) ⋙ piToPiTop X = 𝟭 _
    apply CategoryTheory.Functor.ext
    · intro _ _ f
      suffices Path.Homotopic.pi ((CategoryTheory.Functor.pi' (proj X)).map f) = f by simpa
      change Path.Homotopic.pi (fun i => (CategoryTheory.Functor.pi' (proj X)).map f i) = _
      simp
    · intros; rfl

",,True,5,Mathlib.AlgebraicTopology.FundamentalGroupoid.Product,DEBUG,LENGTH,best_of_n,False,0,-1,FundamentalGroupoidFunctor.piIso,False
-1,False,0,"/-- Shows `piToPiTop` is an isomorphism, whose inverse is precisely the pi product
of the induced projections. This shows that `fundamentalGroupoidFunctor` preserves products.
-/
@[simps]
def piIso : CategoryTheory.Grpd.of (∀ i : I, πₓ (X i)) ≅ πₓ (TopCat.of (∀ i, X i)) where
  hom := piToPiTop X
  inv := CategoryTheory.Functor.pi' (proj X)
  hom_inv_id := by
    change piToPiTop X ⋙ CategoryTheory.Functor.pi' (proj X) = 𝟭 _
    apply CategoryTheory.Functor.ext ?_ ?_
    · intros; rfl
    · intros; ext; simp
  inv_hom_id := by
    change CategoryTheory.Functor.pi' (proj X) ⋙ piToPiTop X = 𝟭 _
    apply CategoryTheory.Functor.ext
    · intro _ _ f
      suffices Path.Homotopic.pi ((CategoryTheory.Functor.pi' (proj X)).map f) = f by simpa
      change Path.Homotopic.pi (fun i => (CategoryTheory.Functor.pi' (proj X)).map f i) = _
      simp
    · intros; rfl

",,True,16,"--DEBUG: 2
/-- Shows `piToPiTop` is an isomorphism, whose inverse is precisely the pi product
of the induced projections. This shows that `fundamentalGroupoidFunctor` preserves products.
-/
@[simps]
def piIso : CategoryTheory.Grpd.of (∀ i : I, πₓ (X i)) ≅ πₓ (TopCat.of (∀ i, X i)) where
  hom := piToPiTop X
  inv := CategoryTheory.Functor.pi' (proj X)
  hom_inv_id := by
    change piToPiTop X ⋙ CategoryTheory.Functor.pi' (proj X) = 𝟭 _
    apply CategoryTheory.Functor.ext ?_ ?_
    · intros; rfl
    · intros; ext; simp
  inv_hom_id := by
    change CategoryTheory.Functor.pi' (proj X) ⋙ piToPiTop X = 𝟭 _
    apply CategoryTheory.Functor.ext
    · intro _ _ f
      suffices Path.Homotopic.pi ((CategoryTheory.Functor.pi' (proj X)).map f) = f by simpa
      change Path.Homotopic.pi (fun i => (CategoryTheory.Functor.pi' (proj X)).map f i) = _
      simp
    · intros; rfl

",,True,5,Mathlib.AlgebraicTopology.FundamentalGroupoid.Product,DEBUG,LENGTH,best_of_n,False,0,-1,FundamentalGroupoidFunctor.piIso,False
-1,False,0,"/-- Shows `piToPiTop` is an isomorphism, whose inverse is precisely the pi product
of the induced projections. This shows that `fundamentalGroupoidFunctor` preserves products.
-/
@[simps]
def piIso : CategoryTheory.Grpd.of (∀ i : I, πₓ (X i)) ≅ πₓ (TopCat.of (∀ i, X i)) where
  hom := piToPiTop X
  inv := CategoryTheory.Functor.pi' (proj X)
  hom_inv_id := by
    change piToPiTop X ⋙ CategoryTheory.Functor.pi' (proj X) = 𝟭 _
    apply CategoryTheory.Functor.ext ?_ ?_
    · intros; rfl
    · intros; ext; simp
  inv_hom_id := by
    change CategoryTheory.Functor.pi' (proj X) ⋙ piToPiTop X = 𝟭 _
    apply CategoryTheory.Functor.ext
    · intro _ _ f
      suffices Path.Homotopic.pi ((CategoryTheory.Functor.pi' (proj X)).map f) = f by simpa
      change Path.Homotopic.pi (fun i => (CategoryTheory.Functor.pi' (proj X)).map f i) = _
      simp
    · intros; rfl

",,True,16,"--DEBUG: 3
/-- Shows `piToPiTop` is an isomorphism, whose inverse is precisely the pi product
of the induced projections. This shows that `fundamentalGroupoidFunctor` preserves products.
-/
@[simps]
def piIso : CategoryTheory.Grpd.of (∀ i : I, πₓ (X i)) ≅ πₓ (TopCat.of (∀ i, X i)) where
  hom := piToPiTop X
  inv := CategoryTheory.Functor.pi' (proj X)
  hom_inv_id := by
    change piToPiTop X ⋙ CategoryTheory.Functor.pi' (proj X) = 𝟭 _
    apply CategoryTheory.Functor.ext ?_ ?_
    · intros; rfl
    · intros; ext; simp
  inv_hom_id := by
    change CategoryTheory.Functor.pi' (proj X) ⋙ piToPiTop X = 𝟭 _
    apply CategoryTheory.Functor.ext
    · intro _ _ f
      suffices Path.Homotopic.pi ((CategoryTheory.Functor.pi' (proj X)).map f) = f by simpa
      change Path.Homotopic.pi (fun i => (CategoryTheory.Functor.pi' (proj X)).map f i) = _
      simp
    · intros; rfl

",,True,5,Mathlib.AlgebraicTopology.FundamentalGroupoid.Product,DEBUG,LENGTH,best_of_n,False,0,-1,FundamentalGroupoidFunctor.piIso,False
-1,False,0,"/-- Shows `piToPiTop` is an isomorphism, whose inverse is precisely the pi product
of the induced projections. This shows that `fundamentalGroupoidFunctor` preserves products.
-/
@[simps]
def piIso : CategoryTheory.Grpd.of (∀ i : I, πₓ (X i)) ≅ πₓ (TopCat.of (∀ i, X i)) where
  hom := piToPiTop X
  inv := CategoryTheory.Functor.pi' (proj X)
  hom_inv_id := by
    change piToPiTop X ⋙ CategoryTheory.Functor.pi' (proj X) = 𝟭 _
    apply CategoryTheory.Functor.ext ?_ ?_
    · intros; rfl
    · intros; ext; simp
  inv_hom_id := by
    change CategoryTheory.Functor.pi' (proj X) ⋙ piToPiTop X = 𝟭 _
    apply CategoryTheory.Functor.ext
    · intro _ _ f
      suffices Path.Homotopic.pi ((CategoryTheory.Functor.pi' (proj X)).map f) = f by simpa
      change Path.Homotopic.pi (fun i => (CategoryTheory.Functor.pi' (proj X)).map f i) = _
      simp
    · intros; rfl

",,True,16,"--DEBUG: 4
/-- Shows `piToPiTop` is an isomorphism, whose inverse is precisely the pi product
of the induced projections. This shows that `fundamentalGroupoidFunctor` preserves products.
-/
@[simps]
def piIso : CategoryTheory.Grpd.of (∀ i : I, πₓ (X i)) ≅ πₓ (TopCat.of (∀ i, X i)) where
  hom := piToPiTop X
  inv := CategoryTheory.Functor.pi' (proj X)
  hom_inv_id := by
    change piToPiTop X ⋙ CategoryTheory.Functor.pi' (proj X) = 𝟭 _
    apply CategoryTheory.Functor.ext ?_ ?_
    · intros; rfl
    · intros; ext; simp
  inv_hom_id := by
    change CategoryTheory.Functor.pi' (proj X) ⋙ piToPiTop X = 𝟭 _
    apply CategoryTheory.Functor.ext
    · intro _ _ f
      suffices Path.Homotopic.pi ((CategoryTheory.Functor.pi' (proj X)).map f) = f by simpa
      change Path.Homotopic.pi (fun i => (CategoryTheory.Functor.pi' (proj X)).map f i) = _
      simp
    · intros; rfl

",,True,5,Mathlib.AlgebraicTopology.FundamentalGroupoid.Product,DEBUG,LENGTH,best_of_n,False,0,-1,FundamentalGroupoidFunctor.piIso,False
-1,False,0,"/-- The fundamental groupoid functor preserves products -/
lemma preservesProduct : Limits.PreservesLimit (Discrete.functor X) π := by
  -- Porting note: check universe parameters here
  apply Limits.preservesLimit_of_preserves_limit_cone (TopCat.piFanIsLimit.{u,u} X)
  apply (Limits.IsLimit.ofConeEquiv (coneDiscreteComp X)).toFun
  simp only [coneDiscreteComp_obj_mapCone]
  apply Limits.IsLimit.ofIsoLimit _ (asIso (piTopToPiCone X)).symm
  exact Grpd.piLimitFanIsLimit _

",,True,5,"--DEBUG: 0
/-- The fundamental groupoid functor preserves products -/
lemma preservesProduct : Limits.PreservesLimit (Discrete.functor X) π := by
  -- Porting note: check universe parameters here
  apply Limits.preservesLimit_of_preserves_limit_cone (TopCat.piFanIsLimit.{u,u} X)
  apply (Limits.IsLimit.ofConeEquiv (coneDiscreteComp X)).toFun
  simp only [coneDiscreteComp_obj_mapCone]
  apply Limits.IsLimit.ofIsoLimit _ (asIso (piTopToPiCone X)).symm
  exact Grpd.piLimitFanIsLimit _

",,True,5,Mathlib.AlgebraicTopology.FundamentalGroupoid.Product,DEBUG,LENGTH,best_of_n,False,0,-1,FundamentalGroupoidFunctor.preservesProduct,False
-1,False,0,"/-- The fundamental groupoid functor preserves products -/
lemma preservesProduct : Limits.PreservesLimit (Discrete.functor X) π := by
  -- Porting note: check universe parameters here
  apply Limits.preservesLimit_of_preserves_limit_cone (TopCat.piFanIsLimit.{u,u} X)
  apply (Limits.IsLimit.ofConeEquiv (coneDiscreteComp X)).toFun
  simp only [coneDiscreteComp_obj_mapCone]
  apply Limits.IsLimit.ofIsoLimit _ (asIso (piTopToPiCone X)).symm
  exact Grpd.piLimitFanIsLimit _

",,True,5,"--DEBUG: 1
/-- The fundamental groupoid functor preserves products -/
lemma preservesProduct : Limits.PreservesLimit (Discrete.functor X) π := by
  -- Porting note: check universe parameters here
  apply Limits.preservesLimit_of_preserves_limit_cone (TopCat.piFanIsLimit.{u,u} X)
  apply (Limits.IsLimit.ofConeEquiv (coneDiscreteComp X)).toFun
  simp only [coneDiscreteComp_obj_mapCone]
  apply Limits.IsLimit.ofIsoLimit _ (asIso (piTopToPiCone X)).symm
  exact Grpd.piLimitFanIsLimit _

",,True,5,Mathlib.AlgebraicTopology.FundamentalGroupoid.Product,DEBUG,LENGTH,best_of_n,False,0,-1,FundamentalGroupoidFunctor.preservesProduct,False
-1,False,0,"/-- The fundamental groupoid functor preserves products -/
lemma preservesProduct : Limits.PreservesLimit (Discrete.functor X) π := by
  -- Porting note: check universe parameters here
  apply Limits.preservesLimit_of_preserves_limit_cone (TopCat.piFanIsLimit.{u,u} X)
  apply (Limits.IsLimit.ofConeEquiv (coneDiscreteComp X)).toFun
  simp only [coneDiscreteComp_obj_mapCone]
  apply Limits.IsLimit.ofIsoLimit _ (asIso (piTopToPiCone X)).symm
  exact Grpd.piLimitFanIsLimit _

",,True,5,"--DEBUG: 2
/-- The fundamental groupoid functor preserves products -/
lemma preservesProduct : Limits.PreservesLimit (Discrete.functor X) π := by
  -- Porting note: check universe parameters here
  apply Limits.preservesLimit_of_preserves_limit_cone (TopCat.piFanIsLimit.{u,u} X)
  apply (Limits.IsLimit.ofConeEquiv (coneDiscreteComp X)).toFun
  simp only [coneDiscreteComp_obj_mapCone]
  apply Limits.IsLimit.ofIsoLimit _ (asIso (piTopToPiCone X)).symm
  exact Grpd.piLimitFanIsLimit _

",,True,5,Mathlib.AlgebraicTopology.FundamentalGroupoid.Product,DEBUG,LENGTH,best_of_n,False,0,-1,FundamentalGroupoidFunctor.preservesProduct,False
-1,False,0,"/-- The fundamental groupoid functor preserves products -/
lemma preservesProduct : Limits.PreservesLimit (Discrete.functor X) π := by
  -- Porting note: check universe parameters here
  apply Limits.preservesLimit_of_preserves_limit_cone (TopCat.piFanIsLimit.{u,u} X)
  apply (Limits.IsLimit.ofConeEquiv (coneDiscreteComp X)).toFun
  simp only [coneDiscreteComp_obj_mapCone]
  apply Limits.IsLimit.ofIsoLimit _ (asIso (piTopToPiCone X)).symm
  exact Grpd.piLimitFanIsLimit _

",,True,5,"--DEBUG: 3
/-- The fundamental groupoid functor preserves products -/
lemma preservesProduct : Limits.PreservesLimit (Discrete.functor X) π := by
  -- Porting note: check universe parameters here
  apply Limits.preservesLimit_of_preserves_limit_cone (TopCat.piFanIsLimit.{u,u} X)
  apply (Limits.IsLimit.ofConeEquiv (coneDiscreteComp X)).toFun
  simp only [coneDiscreteComp_obj_mapCone]
  apply Limits.IsLimit.ofIsoLimit _ (asIso (piTopToPiCone X)).symm
  exact Grpd.piLimitFanIsLimit _

",,True,5,Mathlib.AlgebraicTopology.FundamentalGroupoid.Product,DEBUG,LENGTH,best_of_n,False,0,-1,FundamentalGroupoidFunctor.preservesProduct,False
-1,False,0,"/-- The fundamental groupoid functor preserves products -/
lemma preservesProduct : Limits.PreservesLimit (Discrete.functor X) π := by
  -- Porting note: check universe parameters here
  apply Limits.preservesLimit_of_preserves_limit_cone (TopCat.piFanIsLimit.{u,u} X)
  apply (Limits.IsLimit.ofConeEquiv (coneDiscreteComp X)).toFun
  simp only [coneDiscreteComp_obj_mapCone]
  apply Limits.IsLimit.ofIsoLimit _ (asIso (piTopToPiCone X)).symm
  exact Grpd.piLimitFanIsLimit _

",,True,5,"--DEBUG: 4
/-- The fundamental groupoid functor preserves products -/
lemma preservesProduct : Limits.PreservesLimit (Discrete.functor X) π := by
  -- Porting note: check universe parameters here
  apply Limits.preservesLimit_of_preserves_limit_cone (TopCat.piFanIsLimit.{u,u} X)
  apply (Limits.IsLimit.ofConeEquiv (coneDiscreteComp X)).toFun
  simp only [coneDiscreteComp_obj_mapCone]
  apply Limits.IsLimit.ofIsoLimit _ (asIso (piTopToPiCone X)).symm
  exact Grpd.piLimitFanIsLimit _

",,True,5,Mathlib.AlgebraicTopology.FundamentalGroupoid.Product,DEBUG,LENGTH,best_of_n,False,0,-1,FundamentalGroupoidFunctor.preservesProduct,False
-1,False,0,"/--
The map taking the product of two fundamental groupoids to the fundamental groupoid of the product
of the two topological spaces. This is in fact an isomorphism (see `prodIso`).
-/
@[simps obj]
def prodToProdTop : πₓ A × πₓ B ⥤ πₓ (TopCat.of (A × B)) where
  obj g := ⟨g.fst.as, g.snd.as⟩
  map {x y} p :=
    match x, y, p with
    | (_, _), (_, _), (p₀, p₁) => @Path.Homotopic.prod _ _ (_) (_) _ _ _ _ p₀ p₁
  map_id := by
    rintro ⟨x₀, x₁⟩
    simp only [CategoryTheory.prod_id, FundamentalGroupoid.id_eq_path_refl]
    rfl
  map_comp {x y z} f g :=
    match x, y, z, f, g with
    | (_, _), (_, _), (_, _), (f₀, f₁), (g₀, g₁) =>
      (Path.Homotopic.comp_prod_eq_prod_comp f₀ f₁ g₀ g₁).symm

",,True,3,"--DEBUG: 0
/--
The map taking the product of two fundamental groupoids to the fundamental groupoid of the product
of the two topological spaces. This is in fact an isomorphism (see `prodIso`).
-/
@[simps obj]
def prodToProdTop : πₓ A × πₓ B ⥤ πₓ (TopCat.of (A × B)) where
  obj g := ⟨g.fst.as, g.snd.as⟩
  map {x y} p :=
    match x, y, p with
    | (_, _), (_, _), (p₀, p₁) => @Path.Homotopic.prod _ _ (_) (_) _ _ _ _ p₀ p₁
  map_id := by
    rintro ⟨x₀, x₁⟩
    simp only [CategoryTheory.prod_id, FundamentalGroupoid.id_eq_path_refl]
    rfl
  map_comp {x y z} f g :=
    match x, y, z, f, g with
    | (_, _), (_, _), (_, _), (f₀, f₁), (g₀, g₁) =>
      (Path.Homotopic.comp_prod_eq_prod_comp f₀ f₁ g₀ g₁).symm

",,True,5,Mathlib.AlgebraicTopology.FundamentalGroupoid.Product,DEBUG,LENGTH,best_of_n,False,0,-1,FundamentalGroupoidFunctor.prodToProdTop,False
-1,False,0,"/--
The map taking the product of two fundamental groupoids to the fundamental groupoid of the product
of the two topological spaces. This is in fact an isomorphism (see `prodIso`).
-/
@[simps obj]
def prodToProdTop : πₓ A × πₓ B ⥤ πₓ (TopCat.of (A × B)) where
  obj g := ⟨g.fst.as, g.snd.as⟩
  map {x y} p :=
    match x, y, p with
    | (_, _), (_, _), (p₀, p₁) => @Path.Homotopic.prod _ _ (_) (_) _ _ _ _ p₀ p₁
  map_id := by
    rintro ⟨x₀, x₁⟩
    simp only [CategoryTheory.prod_id, FundamentalGroupoid.id_eq_path_refl]
    rfl
  map_comp {x y z} f g :=
    match x, y, z, f, g with
    | (_, _), (_, _), (_, _), (f₀, f₁), (g₀, g₁) =>
      (Path.Homotopic.comp_prod_eq_prod_comp f₀ f₁ g₀ g₁).symm

",,True,3,"--DEBUG: 1
/--
The map taking the product of two fundamental groupoids to the fundamental groupoid of the product
of the two topological spaces. This is in fact an isomorphism (see `prodIso`).
-/
@[simps obj]
def prodToProdTop : πₓ A × πₓ B ⥤ πₓ (TopCat.of (A × B)) where
  obj g := ⟨g.fst.as, g.snd.as⟩
  map {x y} p :=
    match x, y, p with
    | (_, _), (_, _), (p₀, p₁) => @Path.Homotopic.prod _ _ (_) (_) _ _ _ _ p₀ p₁
  map_id := by
    rintro ⟨x₀, x₁⟩
    simp only [CategoryTheory.prod_id, FundamentalGroupoid.id_eq_path_refl]
    rfl
  map_comp {x y z} f g :=
    match x, y, z, f, g with
    | (_, _), (_, _), (_, _), (f₀, f₁), (g₀, g₁) =>
      (Path.Homotopic.comp_prod_eq_prod_comp f₀ f₁ g₀ g₁).symm

",,True,5,Mathlib.AlgebraicTopology.FundamentalGroupoid.Product,DEBUG,LENGTH,best_of_n,False,0,-1,FundamentalGroupoidFunctor.prodToProdTop,False
-1,False,0,"/--
The map taking the product of two fundamental groupoids to the fundamental groupoid of the product
of the two topological spaces. This is in fact an isomorphism (see `prodIso`).
-/
@[simps obj]
def prodToProdTop : πₓ A × πₓ B ⥤ πₓ (TopCat.of (A × B)) where
  obj g := ⟨g.fst.as, g.snd.as⟩
  map {x y} p :=
    match x, y, p with
    | (_, _), (_, _), (p₀, p₁) => @Path.Homotopic.prod _ _ (_) (_) _ _ _ _ p₀ p₁
  map_id := by
    rintro ⟨x₀, x₁⟩
    simp only [CategoryTheory.prod_id, FundamentalGroupoid.id_eq_path_refl]
    rfl
  map_comp {x y z} f g :=
    match x, y, z, f, g with
    | (_, _), (_, _), (_, _), (f₀, f₁), (g₀, g₁) =>
      (Path.Homotopic.comp_prod_eq_prod_comp f₀ f₁ g₀ g₁).symm

",,True,3,"--DEBUG: 2
/--
The map taking the product of two fundamental groupoids to the fundamental groupoid of the product
of the two topological spaces. This is in fact an isomorphism (see `prodIso`).
-/
@[simps obj]
def prodToProdTop : πₓ A × πₓ B ⥤ πₓ (TopCat.of (A × B)) where
  obj g := ⟨g.fst.as, g.snd.as⟩
  map {x y} p :=
    match x, y, p with
    | (_, _), (_, _), (p₀, p₁) => @Path.Homotopic.prod _ _ (_) (_) _ _ _ _ p₀ p₁
  map_id := by
    rintro ⟨x₀, x₁⟩
    simp only [CategoryTheory.prod_id, FundamentalGroupoid.id_eq_path_refl]
    rfl
  map_comp {x y z} f g :=
    match x, y, z, f, g with
    | (_, _), (_, _), (_, _), (f₀, f₁), (g₀, g₁) =>
      (Path.Homotopic.comp_prod_eq_prod_comp f₀ f₁ g₀ g₁).symm

",,True,5,Mathlib.AlgebraicTopology.FundamentalGroupoid.Product,DEBUG,LENGTH,best_of_n,False,0,-1,FundamentalGroupoidFunctor.prodToProdTop,False
-1,False,0,"/--
The map taking the product of two fundamental groupoids to the fundamental groupoid of the product
of the two topological spaces. This is in fact an isomorphism (see `prodIso`).
-/
@[simps obj]
def prodToProdTop : πₓ A × πₓ B ⥤ πₓ (TopCat.of (A × B)) where
  obj g := ⟨g.fst.as, g.snd.as⟩
  map {x y} p :=
    match x, y, p with
    | (_, _), (_, _), (p₀, p₁) => @Path.Homotopic.prod _ _ (_) (_) _ _ _ _ p₀ p₁
  map_id := by
    rintro ⟨x₀, x₁⟩
    simp only [CategoryTheory.prod_id, FundamentalGroupoid.id_eq_path_refl]
    rfl
  map_comp {x y z} f g :=
    match x, y, z, f, g with
    | (_, _), (_, _), (_, _), (f₀, f₁), (g₀, g₁) =>
      (Path.Homotopic.comp_prod_eq_prod_comp f₀ f₁ g₀ g₁).symm

",,True,3,"--DEBUG: 3
/--
The map taking the product of two fundamental groupoids to the fundamental groupoid of the product
of the two topological spaces. This is in fact an isomorphism (see `prodIso`).
-/
@[simps obj]
def prodToProdTop : πₓ A × πₓ B ⥤ πₓ (TopCat.of (A × B)) where
  obj g := ⟨g.fst.as, g.snd.as⟩
  map {x y} p :=
    match x, y, p with
    | (_, _), (_, _), (p₀, p₁) => @Path.Homotopic.prod _ _ (_) (_) _ _ _ _ p₀ p₁
  map_id := by
    rintro ⟨x₀, x₁⟩
    simp only [CategoryTheory.prod_id, FundamentalGroupoid.id_eq_path_refl]
    rfl
  map_comp {x y z} f g :=
    match x, y, z, f, g with
    | (_, _), (_, _), (_, _), (f₀, f₁), (g₀, g₁) =>
      (Path.Homotopic.comp_prod_eq_prod_comp f₀ f₁ g₀ g₁).symm

",,True,5,Mathlib.AlgebraicTopology.FundamentalGroupoid.Product,DEBUG,LENGTH,best_of_n,False,0,-1,FundamentalGroupoidFunctor.prodToProdTop,False
-1,False,0,"/--
The map taking the product of two fundamental groupoids to the fundamental groupoid of the product
of the two topological spaces. This is in fact an isomorphism (see `prodIso`).
-/
@[simps obj]
def prodToProdTop : πₓ A × πₓ B ⥤ πₓ (TopCat.of (A × B)) where
  obj g := ⟨g.fst.as, g.snd.as⟩
  map {x y} p :=
    match x, y, p with
    | (_, _), (_, _), (p₀, p₁) => @Path.Homotopic.prod _ _ (_) (_) _ _ _ _ p₀ p₁
  map_id := by
    rintro ⟨x₀, x₁⟩
    simp only [CategoryTheory.prod_id, FundamentalGroupoid.id_eq_path_refl]
    rfl
  map_comp {x y z} f g :=
    match x, y, z, f, g with
    | (_, _), (_, _), (_, _), (f₀, f₁), (g₀, g₁) =>
      (Path.Homotopic.comp_prod_eq_prod_comp f₀ f₁ g₀ g₁).symm

",,True,3,"--DEBUG: 4
/--
The map taking the product of two fundamental groupoids to the fundamental groupoid of the product
of the two topological spaces. This is in fact an isomorphism (see `prodIso`).
-/
@[simps obj]
def prodToProdTop : πₓ A × πₓ B ⥤ πₓ (TopCat.of (A × B)) where
  obj g := ⟨g.fst.as, g.snd.as⟩
  map {x y} p :=
    match x, y, p with
    | (_, _), (_, _), (p₀, p₁) => @Path.Homotopic.prod _ _ (_) (_) _ _ _ _ p₀ p₁
  map_id := by
    rintro ⟨x₀, x₁⟩
    simp only [CategoryTheory.prod_id, FundamentalGroupoid.id_eq_path_refl]
    rfl
  map_comp {x y z} f g :=
    match x, y, z, f, g with
    | (_, _), (_, _), (_, _), (f₀, f₁), (g₀, g₁) =>
      (Path.Homotopic.comp_prod_eq_prod_comp f₀ f₁ g₀ g₁).symm

",,True,5,Mathlib.AlgebraicTopology.FundamentalGroupoid.Product,DEBUG,LENGTH,best_of_n,False,0,-1,FundamentalGroupoidFunctor.prodToProdTop,False
-1,False,0,"/-- Shows `prodToProdTop` is an isomorphism, whose inverse is precisely the product
of the induced left and right projections.
-/
@[simps]
def prodIso : CategoryTheory.Grpd.of (πₓ A × πₓ B) ≅ πₓ (TopCat.of (A × B)) where
  hom := prodToProdTop A B
  inv := (projLeft A B).prod' (projRight A B)
  hom_inv_id := by
    change prodToProdTop A B ⋙ (projLeft A B).prod' (projRight A B) = 𝟭 _
    apply CategoryTheory.Functor.hext; · intros; ext <;> simp <;> rfl
    rintro ⟨x₀, x₁⟩ ⟨y₀, y₁⟩ ⟨f₀, f₁⟩
    have : Path.Homotopic.projLeft ((prodToProdTop A B).map (f₀, f₁)) = f₀ ∧
      Path.Homotopic.projRight ((prodToProdTop A B).map (f₀, f₁)) = f₁ :=
        And.intro (Path.Homotopic.projLeft_prod f₀ f₁) (Path.Homotopic.projRight_prod f₀ f₁)
    simpa
  inv_hom_id := by
    change (projLeft A B).prod' (projRight A B) ⋙ prodToProdTop A B = 𝟭 _
    apply CategoryTheory.Functor.hext
    · intros; apply FundamentalGroupoid.ext; apply Prod.ext <;> simp <;> rfl
    rintro ⟨x₀, x₁⟩ ⟨y₀, y₁⟩ f
    have := Path.Homotopic.prod_projLeft_projRight f
    -- Porting note: was simpa but TopSpace instances might be getting in the way
    simp only [CategoryTheory.Functor.comp_obj, CategoryTheory.Functor.prod'_obj, prodToProdTop_obj,
      CategoryTheory.Functor.comp_map, CategoryTheory.Functor.prod'_map, projLeft_map,
      projRight_map, CategoryTheory.Functor.id_obj, CategoryTheory.Functor.id_map, heq_eq_eq]
    apply this

",,True,24,"--DEBUG: 0
/-- Shows `prodToProdTop` is an isomorphism, whose inverse is precisely the product
of the induced left and right projections.
-/
@[simps]
def prodIso : CategoryTheory.Grpd.of (πₓ A × πₓ B) ≅ πₓ (TopCat.of (A × B)) where
  hom := prodToProdTop A B
  inv := (projLeft A B).prod' (projRight A B)
  hom_inv_id := by
    change prodToProdTop A B ⋙ (projLeft A B).prod' (projRight A B) = 𝟭 _
    apply CategoryTheory.Functor.hext; · intros; ext <;> simp <;> rfl
    rintro ⟨x₀, x₁⟩ ⟨y₀, y₁⟩ ⟨f₀, f₁⟩
    have : Path.Homotopic.projLeft ((prodToProdTop A B).map (f₀, f₁)) = f₀ ∧
      Path.Homotopic.projRight ((prodToProdTop A B).map (f₀, f₁)) = f₁ :=
        And.intro (Path.Homotopic.projLeft_prod f₀ f₁) (Path.Homotopic.projRight_prod f₀ f₁)
    simpa
  inv_hom_id := by
    change (projLeft A B).prod' (projRight A B) ⋙ prodToProdTop A B = 𝟭 _
    apply CategoryTheory.Functor.hext
    · intros; apply FundamentalGroupoid.ext; apply Prod.ext <;> simp <;> rfl
    rintro ⟨x₀, x₁⟩ ⟨y₀, y₁⟩ f
    have := Path.Homotopic.prod_projLeft_projRight f
    -- Porting note: was simpa but TopSpace instances might be getting in the way
    simp only [CategoryTheory.Functor.comp_obj, CategoryTheory.Functor.prod'_obj, prodToProdTop_obj,
      CategoryTheory.Functor.comp_map, CategoryTheory.Functor.prod'_map, projLeft_map,
      projRight_map, CategoryTheory.Functor.id_obj, CategoryTheory.Functor.id_map, heq_eq_eq]
    apply this

",,True,5,Mathlib.AlgebraicTopology.FundamentalGroupoid.Product,DEBUG,LENGTH,best_of_n,False,0,-1,FundamentalGroupoidFunctor.prodIso,False
-1,False,0,"/-- Shows `prodToProdTop` is an isomorphism, whose inverse is precisely the product
of the induced left and right projections.
-/
@[simps]
def prodIso : CategoryTheory.Grpd.of (πₓ A × πₓ B) ≅ πₓ (TopCat.of (A × B)) where
  hom := prodToProdTop A B
  inv := (projLeft A B).prod' (projRight A B)
  hom_inv_id := by
    change prodToProdTop A B ⋙ (projLeft A B).prod' (projRight A B) = 𝟭 _
    apply CategoryTheory.Functor.hext; · intros; ext <;> simp <;> rfl
    rintro ⟨x₀, x₁⟩ ⟨y₀, y₁⟩ ⟨f₀, f₁⟩
    have : Path.Homotopic.projLeft ((prodToProdTop A B).map (f₀, f₁)) = f₀ ∧
      Path.Homotopic.projRight ((prodToProdTop A B).map (f₀, f₁)) = f₁ :=
        And.intro (Path.Homotopic.projLeft_prod f₀ f₁) (Path.Homotopic.projRight_prod f₀ f₁)
    simpa
  inv_hom_id := by
    change (projLeft A B).prod' (projRight A B) ⋙ prodToProdTop A B = 𝟭 _
    apply CategoryTheory.Functor.hext
    · intros; apply FundamentalGroupoid.ext; apply Prod.ext <;> simp <;> rfl
    rintro ⟨x₀, x₁⟩ ⟨y₀, y₁⟩ f
    have := Path.Homotopic.prod_projLeft_projRight f
    -- Porting note: was simpa but TopSpace instances might be getting in the way
    simp only [CategoryTheory.Functor.comp_obj, CategoryTheory.Functor.prod'_obj, prodToProdTop_obj,
      CategoryTheory.Functor.comp_map, CategoryTheory.Functor.prod'_map, projLeft_map,
      projRight_map, CategoryTheory.Functor.id_obj, CategoryTheory.Functor.id_map, heq_eq_eq]
    apply this

",,True,24,"--DEBUG: 1
/-- Shows `prodToProdTop` is an isomorphism, whose inverse is precisely the product
of the induced left and right projections.
-/
@[simps]
def prodIso : CategoryTheory.Grpd.of (πₓ A × πₓ B) ≅ πₓ (TopCat.of (A × B)) where
  hom := prodToProdTop A B
  inv := (projLeft A B).prod' (projRight A B)
  hom_inv_id := by
    change prodToProdTop A B ⋙ (projLeft A B).prod' (projRight A B) = 𝟭 _
    apply CategoryTheory.Functor.hext; · intros; ext <;> simp <;> rfl
    rintro ⟨x₀, x₁⟩ ⟨y₀, y₁⟩ ⟨f₀, f₁⟩
    have : Path.Homotopic.projLeft ((prodToProdTop A B).map (f₀, f₁)) = f₀ ∧
      Path.Homotopic.projRight ((prodToProdTop A B).map (f₀, f₁)) = f₁ :=
        And.intro (Path.Homotopic.projLeft_prod f₀ f₁) (Path.Homotopic.projRight_prod f₀ f₁)
    simpa
  inv_hom_id := by
    change (projLeft A B).prod' (projRight A B) ⋙ prodToProdTop A B = 𝟭 _
    apply CategoryTheory.Functor.hext
    · intros; apply FundamentalGroupoid.ext; apply Prod.ext <;> simp <;> rfl
    rintro ⟨x₀, x₁⟩ ⟨y₀, y₁⟩ f
    have := Path.Homotopic.prod_projLeft_projRight f
    -- Porting note: was simpa but TopSpace instances might be getting in the way
    simp only [CategoryTheory.Functor.comp_obj, CategoryTheory.Functor.prod'_obj, prodToProdTop_obj,
      CategoryTheory.Functor.comp_map, CategoryTheory.Functor.prod'_map, projLeft_map,
      projRight_map, CategoryTheory.Functor.id_obj, CategoryTheory.Functor.id_map, heq_eq_eq]
    apply this

",,True,5,Mathlib.AlgebraicTopology.FundamentalGroupoid.Product,DEBUG,LENGTH,best_of_n,False,0,-1,FundamentalGroupoidFunctor.prodIso,False
-1,False,0,"/-- Shows `prodToProdTop` is an isomorphism, whose inverse is precisely the product
of the induced left and right projections.
-/
@[simps]
def prodIso : CategoryTheory.Grpd.of (πₓ A × πₓ B) ≅ πₓ (TopCat.of (A × B)) where
  hom := prodToProdTop A B
  inv := (projLeft A B).prod' (projRight A B)
  hom_inv_id := by
    change prodToProdTop A B ⋙ (projLeft A B).prod' (projRight A B) = 𝟭 _
    apply CategoryTheory.Functor.hext; · intros; ext <;> simp <;> rfl
    rintro ⟨x₀, x₁⟩ ⟨y₀, y₁⟩ ⟨f₀, f₁⟩
    have : Path.Homotopic.projLeft ((prodToProdTop A B).map (f₀, f₁)) = f₀ ∧
      Path.Homotopic.projRight ((prodToProdTop A B).map (f₀, f₁)) = f₁ :=
        And.intro (Path.Homotopic.projLeft_prod f₀ f₁) (Path.Homotopic.projRight_prod f₀ f₁)
    simpa
  inv_hom_id := by
    change (projLeft A B).prod' (projRight A B) ⋙ prodToProdTop A B = 𝟭 _
    apply CategoryTheory.Functor.hext
    · intros; apply FundamentalGroupoid.ext; apply Prod.ext <;> simp <;> rfl
    rintro ⟨x₀, x₁⟩ ⟨y₀, y₁⟩ f
    have := Path.Homotopic.prod_projLeft_projRight f
    -- Porting note: was simpa but TopSpace instances might be getting in the way
    simp only [CategoryTheory.Functor.comp_obj, CategoryTheory.Functor.prod'_obj, prodToProdTop_obj,
      CategoryTheory.Functor.comp_map, CategoryTheory.Functor.prod'_map, projLeft_map,
      projRight_map, CategoryTheory.Functor.id_obj, CategoryTheory.Functor.id_map, heq_eq_eq]
    apply this

",,True,24,"--DEBUG: 2
/-- Shows `prodToProdTop` is an isomorphism, whose inverse is precisely the product
of the induced left and right projections.
-/
@[simps]
def prodIso : CategoryTheory.Grpd.of (πₓ A × πₓ B) ≅ πₓ (TopCat.of (A × B)) where
  hom := prodToProdTop A B
  inv := (projLeft A B).prod' (projRight A B)
  hom_inv_id := by
    change prodToProdTop A B ⋙ (projLeft A B).prod' (projRight A B) = 𝟭 _
    apply CategoryTheory.Functor.hext; · intros; ext <;> simp <;> rfl
    rintro ⟨x₀, x₁⟩ ⟨y₀, y₁⟩ ⟨f₀, f₁⟩
    have : Path.Homotopic.projLeft ((prodToProdTop A B).map (f₀, f₁)) = f₀ ∧
      Path.Homotopic.projRight ((prodToProdTop A B).map (f₀, f₁)) = f₁ :=
        And.intro (Path.Homotopic.projLeft_prod f₀ f₁) (Path.Homotopic.projRight_prod f₀ f₁)
    simpa
  inv_hom_id := by
    change (projLeft A B).prod' (projRight A B) ⋙ prodToProdTop A B = 𝟭 _
    apply CategoryTheory.Functor.hext
    · intros; apply FundamentalGroupoid.ext; apply Prod.ext <;> simp <;> rfl
    rintro ⟨x₀, x₁⟩ ⟨y₀, y₁⟩ f
    have := Path.Homotopic.prod_projLeft_projRight f
    -- Porting note: was simpa but TopSpace instances might be getting in the way
    simp only [CategoryTheory.Functor.comp_obj, CategoryTheory.Functor.prod'_obj, prodToProdTop_obj,
      CategoryTheory.Functor.comp_map, CategoryTheory.Functor.prod'_map, projLeft_map,
      projRight_map, CategoryTheory.Functor.id_obj, CategoryTheory.Functor.id_map, heq_eq_eq]
    apply this

",,True,5,Mathlib.AlgebraicTopology.FundamentalGroupoid.Product,DEBUG,LENGTH,best_of_n,False,0,-1,FundamentalGroupoidFunctor.prodIso,False
-1,False,0,"/-- Shows `prodToProdTop` is an isomorphism, whose inverse is precisely the product
of the induced left and right projections.
-/
@[simps]
def prodIso : CategoryTheory.Grpd.of (πₓ A × πₓ B) ≅ πₓ (TopCat.of (A × B)) where
  hom := prodToProdTop A B
  inv := (projLeft A B).prod' (projRight A B)
  hom_inv_id := by
    change prodToProdTop A B ⋙ (projLeft A B).prod' (projRight A B) = 𝟭 _
    apply CategoryTheory.Functor.hext; · intros; ext <;> simp <;> rfl
    rintro ⟨x₀, x₁⟩ ⟨y₀, y₁⟩ ⟨f₀, f₁⟩
    have : Path.Homotopic.projLeft ((prodToProdTop A B).map (f₀, f₁)) = f₀ ∧
      Path.Homotopic.projRight ((prodToProdTop A B).map (f₀, f₁)) = f₁ :=
        And.intro (Path.Homotopic.projLeft_prod f₀ f₁) (Path.Homotopic.projRight_prod f₀ f₁)
    simpa
  inv_hom_id := by
    change (projLeft A B).prod' (projRight A B) ⋙ prodToProdTop A B = 𝟭 _
    apply CategoryTheory.Functor.hext
    · intros; apply FundamentalGroupoid.ext; apply Prod.ext <;> simp <;> rfl
    rintro ⟨x₀, x₁⟩ ⟨y₀, y₁⟩ f
    have := Path.Homotopic.prod_projLeft_projRight f
    -- Porting note: was simpa but TopSpace instances might be getting in the way
    simp only [CategoryTheory.Functor.comp_obj, CategoryTheory.Functor.prod'_obj, prodToProdTop_obj,
      CategoryTheory.Functor.comp_map, CategoryTheory.Functor.prod'_map, projLeft_map,
      projRight_map, CategoryTheory.Functor.id_obj, CategoryTheory.Functor.id_map, heq_eq_eq]
    apply this

",,True,24,"--DEBUG: 3
/-- Shows `prodToProdTop` is an isomorphism, whose inverse is precisely the product
of the induced left and right projections.
-/
@[simps]
def prodIso : CategoryTheory.Grpd.of (πₓ A × πₓ B) ≅ πₓ (TopCat.of (A × B)) where
  hom := prodToProdTop A B
  inv := (projLeft A B).prod' (projRight A B)
  hom_inv_id := by
    change prodToProdTop A B ⋙ (projLeft A B).prod' (projRight A B) = 𝟭 _
    apply CategoryTheory.Functor.hext; · intros; ext <;> simp <;> rfl
    rintro ⟨x₀, x₁⟩ ⟨y₀, y₁⟩ ⟨f₀, f₁⟩
    have : Path.Homotopic.projLeft ((prodToProdTop A B).map (f₀, f₁)) = f₀ ∧
      Path.Homotopic.projRight ((prodToProdTop A B).map (f₀, f₁)) = f₁ :=
        And.intro (Path.Homotopic.projLeft_prod f₀ f₁) (Path.Homotopic.projRight_prod f₀ f₁)
    simpa
  inv_hom_id := by
    change (projLeft A B).prod' (projRight A B) ⋙ prodToProdTop A B = 𝟭 _
    apply CategoryTheory.Functor.hext
    · intros; apply FundamentalGroupoid.ext; apply Prod.ext <;> simp <;> rfl
    rintro ⟨x₀, x₁⟩ ⟨y₀, y₁⟩ f
    have := Path.Homotopic.prod_projLeft_projRight f
    -- Porting note: was simpa but TopSpace instances might be getting in the way
    simp only [CategoryTheory.Functor.comp_obj, CategoryTheory.Functor.prod'_obj, prodToProdTop_obj,
      CategoryTheory.Functor.comp_map, CategoryTheory.Functor.prod'_map, projLeft_map,
      projRight_map, CategoryTheory.Functor.id_obj, CategoryTheory.Functor.id_map, heq_eq_eq]
    apply this

",,True,5,Mathlib.AlgebraicTopology.FundamentalGroupoid.Product,DEBUG,LENGTH,best_of_n,False,0,-1,FundamentalGroupoidFunctor.prodIso,False
-1,False,0,"/-- Shows `prodToProdTop` is an isomorphism, whose inverse is precisely the product
of the induced left and right projections.
-/
@[simps]
def prodIso : CategoryTheory.Grpd.of (πₓ A × πₓ B) ≅ πₓ (TopCat.of (A × B)) where
  hom := prodToProdTop A B
  inv := (projLeft A B).prod' (projRight A B)
  hom_inv_id := by
    change prodToProdTop A B ⋙ (projLeft A B).prod' (projRight A B) = 𝟭 _
    apply CategoryTheory.Functor.hext; · intros; ext <;> simp <;> rfl
    rintro ⟨x₀, x₁⟩ ⟨y₀, y₁⟩ ⟨f₀, f₁⟩
    have : Path.Homotopic.projLeft ((prodToProdTop A B).map (f₀, f₁)) = f₀ ∧
      Path.Homotopic.projRight ((prodToProdTop A B).map (f₀, f₁)) = f₁ :=
        And.intro (Path.Homotopic.projLeft_prod f₀ f₁) (Path.Homotopic.projRight_prod f₀ f₁)
    simpa
  inv_hom_id := by
    change (projLeft A B).prod' (projRight A B) ⋙ prodToProdTop A B = 𝟭 _
    apply CategoryTheory.Functor.hext
    · intros; apply FundamentalGroupoid.ext; apply Prod.ext <;> simp <;> rfl
    rintro ⟨x₀, x₁⟩ ⟨y₀, y₁⟩ f
    have := Path.Homotopic.prod_projLeft_projRight f
    -- Porting note: was simpa but TopSpace instances might be getting in the way
    simp only [CategoryTheory.Functor.comp_obj, CategoryTheory.Functor.prod'_obj, prodToProdTop_obj,
      CategoryTheory.Functor.comp_map, CategoryTheory.Functor.prod'_map, projLeft_map,
      projRight_map, CategoryTheory.Functor.id_obj, CategoryTheory.Functor.id_map, heq_eq_eq]
    apply this

",,True,24,"--DEBUG: 4
/-- Shows `prodToProdTop` is an isomorphism, whose inverse is precisely the product
of the induced left and right projections.
-/
@[simps]
def prodIso : CategoryTheory.Grpd.of (πₓ A × πₓ B) ≅ πₓ (TopCat.of (A × B)) where
  hom := prodToProdTop A B
  inv := (projLeft A B).prod' (projRight A B)
  hom_inv_id := by
    change prodToProdTop A B ⋙ (projLeft A B).prod' (projRight A B) = 𝟭 _
    apply CategoryTheory.Functor.hext; · intros; ext <;> simp <;> rfl
    rintro ⟨x₀, x₁⟩ ⟨y₀, y₁⟩ ⟨f₀, f₁⟩
    have : Path.Homotopic.projLeft ((prodToProdTop A B).map (f₀, f₁)) = f₀ ∧
      Path.Homotopic.projRight ((prodToProdTop A B).map (f₀, f₁)) = f₁ :=
        And.intro (Path.Homotopic.projLeft_prod f₀ f₁) (Path.Homotopic.projRight_prod f₀ f₁)
    simpa
  inv_hom_id := by
    change (projLeft A B).prod' (projRight A B) ⋙ prodToProdTop A B = 𝟭 _
    apply CategoryTheory.Functor.hext
    · intros; apply FundamentalGroupoid.ext; apply Prod.ext <;> simp <;> rfl
    rintro ⟨x₀, x₁⟩ ⟨y₀, y₁⟩ f
    have := Path.Homotopic.prod_projLeft_projRight f
    -- Porting note: was simpa but TopSpace instances might be getting in the way
    simp only [CategoryTheory.Functor.comp_obj, CategoryTheory.Functor.prod'_obj, prodToProdTop_obj,
      CategoryTheory.Functor.comp_map, CategoryTheory.Functor.prod'_map, projLeft_map,
      projRight_map, CategoryTheory.Functor.id_obj, CategoryTheory.Functor.id_map, heq_eq_eq]
    apply this

",,True,5,Mathlib.AlgebraicTopology.FundamentalGroupoid.Product,DEBUG,LENGTH,best_of_n,False,0,-1,FundamentalGroupoidFunctor.prodIso,False
-1,False,0,"theorem simply_connected_iff_unique_homotopic (X : Type*) [TopologicalSpace X] :
    SimplyConnectedSpace X ↔
      Nonempty X ∧ ∀ x y : X, Nonempty (Unique (Path.Homotopic.Quotient x y)) := by
  simp only [simply_connected_def, equiv_punit_iff_unique,
    FundamentalGroupoid.nonempty_iff X, and_congr_right_iff, Nonempty.forall]
  intros
  exact ⟨fun h _ _ => h _ _, fun h _ _ => h _ _⟩

",,True,3,"--DEBUG: 0
theorem simply_connected_iff_unique_homotopic (X : Type*) [TopologicalSpace X] :
    SimplyConnectedSpace X ↔
      Nonempty X ∧ ∀ x y : X, Nonempty (Unique (Path.Homotopic.Quotient x y)) := by
  simp only [simply_connected_def, equiv_punit_iff_unique,
    FundamentalGroupoid.nonempty_iff X, and_congr_right_iff, Nonempty.forall]
  intros
  exact ⟨fun h _ _ => h _ _, fun h _ _ => h _ _⟩

",,True,5,Mathlib.AlgebraicTopology.FundamentalGroupoid.SimplyConnected,DEBUG,LENGTH,best_of_n,False,0,-1,simply_connected_iff_unique_homotopic,False
-1,False,0,"theorem simply_connected_iff_unique_homotopic (X : Type*) [TopologicalSpace X] :
    SimplyConnectedSpace X ↔
      Nonempty X ∧ ∀ x y : X, Nonempty (Unique (Path.Homotopic.Quotient x y)) := by
  simp only [simply_connected_def, equiv_punit_iff_unique,
    FundamentalGroupoid.nonempty_iff X, and_congr_right_iff, Nonempty.forall]
  intros
  exact ⟨fun h _ _ => h _ _, fun h _ _ => h _ _⟩

",,True,3,"--DEBUG: 1
theorem simply_connected_iff_unique_homotopic (X : Type*) [TopologicalSpace X] :
    SimplyConnectedSpace X ↔
      Nonempty X ∧ ∀ x y : X, Nonempty (Unique (Path.Homotopic.Quotient x y)) := by
  simp only [simply_connected_def, equiv_punit_iff_unique,
    FundamentalGroupoid.nonempty_iff X, and_congr_right_iff, Nonempty.forall]
  intros
  exact ⟨fun h _ _ => h _ _, fun h _ _ => h _ _⟩

",,True,5,Mathlib.AlgebraicTopology.FundamentalGroupoid.SimplyConnected,DEBUG,LENGTH,best_of_n,False,0,-1,simply_connected_iff_unique_homotopic,False
-1,False,0,"theorem simply_connected_iff_unique_homotopic (X : Type*) [TopologicalSpace X] :
    SimplyConnectedSpace X ↔
      Nonempty X ∧ ∀ x y : X, Nonempty (Unique (Path.Homotopic.Quotient x y)) := by
  simp only [simply_connected_def, equiv_punit_iff_unique,
    FundamentalGroupoid.nonempty_iff X, and_congr_right_iff, Nonempty.forall]
  intros
  exact ⟨fun h _ _ => h _ _, fun h _ _ => h _ _⟩

",,True,3,"--DEBUG: 2
theorem simply_connected_iff_unique_homotopic (X : Type*) [TopologicalSpace X] :
    SimplyConnectedSpace X ↔
      Nonempty X ∧ ∀ x y : X, Nonempty (Unique (Path.Homotopic.Quotient x y)) := by
  simp only [simply_connected_def, equiv_punit_iff_unique,
    FundamentalGroupoid.nonempty_iff X, and_congr_right_iff, Nonempty.forall]
  intros
  exact ⟨fun h _ _ => h _ _, fun h _ _ => h _ _⟩

",,True,5,Mathlib.AlgebraicTopology.FundamentalGroupoid.SimplyConnected,DEBUG,LENGTH,best_of_n,False,0,-1,simply_connected_iff_unique_homotopic,False
-1,False,0,"theorem simply_connected_iff_unique_homotopic (X : Type*) [TopologicalSpace X] :
    SimplyConnectedSpace X ↔
      Nonempty X ∧ ∀ x y : X, Nonempty (Unique (Path.Homotopic.Quotient x y)) := by
  simp only [simply_connected_def, equiv_punit_iff_unique,
    FundamentalGroupoid.nonempty_iff X, and_congr_right_iff, Nonempty.forall]
  intros
  exact ⟨fun h _ _ => h _ _, fun h _ _ => h _ _⟩

",,True,3,"--DEBUG: 3
theorem simply_connected_iff_unique_homotopic (X : Type*) [TopologicalSpace X] :
    SimplyConnectedSpace X ↔
      Nonempty X ∧ ∀ x y : X, Nonempty (Unique (Path.Homotopic.Quotient x y)) := by
  simp only [simply_connected_def, equiv_punit_iff_unique,
    FundamentalGroupoid.nonempty_iff X, and_congr_right_iff, Nonempty.forall]
  intros
  exact ⟨fun h _ _ => h _ _, fun h _ _ => h _ _⟩

",,True,5,Mathlib.AlgebraicTopology.FundamentalGroupoid.SimplyConnected,DEBUG,LENGTH,best_of_n,False,0,-1,simply_connected_iff_unique_homotopic,False
-1,False,0,"theorem simply_connected_iff_unique_homotopic (X : Type*) [TopologicalSpace X] :
    SimplyConnectedSpace X ↔
      Nonempty X ∧ ∀ x y : X, Nonempty (Unique (Path.Homotopic.Quotient x y)) := by
  simp only [simply_connected_def, equiv_punit_iff_unique,
    FundamentalGroupoid.nonempty_iff X, and_congr_right_iff, Nonempty.forall]
  intros
  exact ⟨fun h _ _ => h _ _, fun h _ _ => h _ _⟩

",,True,3,"--DEBUG: 4
theorem simply_connected_iff_unique_homotopic (X : Type*) [TopologicalSpace X] :
    SimplyConnectedSpace X ↔
      Nonempty X ∧ ∀ x y : X, Nonempty (Unique (Path.Homotopic.Quotient x y)) := by
  simp only [simply_connected_def, equiv_punit_iff_unique,
    FundamentalGroupoid.nonempty_iff X, and_congr_right_iff, Nonempty.forall]
  intros
  exact ⟨fun h _ _ => h _ _, fun h _ _ => h _ _⟩

",,True,5,Mathlib.AlgebraicTopology.FundamentalGroupoid.SimplyConnected,DEBUG,LENGTH,best_of_n,False,0,-1,simply_connected_iff_unique_homotopic,False
-1,False,0,"/-- A space is simply connected iff it is path connected, and there is at most one path
  up to homotopy between any two points. -/
theorem simply_connected_iff_paths_homotopic {Y : Type*} [TopologicalSpace Y] :
    SimplyConnectedSpace Y ↔
      PathConnectedSpace Y ∧ ∀ x y : Y, Subsingleton (Path.Homotopic.Quotient x y) :=
  ⟨by intro; constructor <;> infer_instance, fun h => by
    cases h; rw [simply_connected_iff_unique_homotopic]
    exact ⟨inferInstance, fun x y => ⟨uniqueOfSubsingleton ⟦PathConnectedSpace.somePath x y⟧⟩⟩⟩

",,True,7,"--DEBUG: 0
/-- A space is simply connected iff it is path connected, and there is at most one path
  up to homotopy between any two points. -/
theorem simply_connected_iff_paths_homotopic {Y : Type*} [TopologicalSpace Y] :
    SimplyConnectedSpace Y ↔
      PathConnectedSpace Y ∧ ∀ x y : Y, Subsingleton (Path.Homotopic.Quotient x y) :=
  ⟨by intro; constructor <;> infer_instance, fun h => by
    cases h; rw [simply_connected_iff_unique_homotopic]
    exact ⟨inferInstance, fun x y => ⟨uniqueOfSubsingleton ⟦PathConnectedSpace.somePath x y⟧⟩⟩⟩

",,True,5,Mathlib.AlgebraicTopology.FundamentalGroupoid.SimplyConnected,DEBUG,LENGTH,best_of_n,False,0,-1,simply_connected_iff_paths_homotopic,False
-1,False,0,"/-- A space is simply connected iff it is path connected, and there is at most one path
  up to homotopy between any two points. -/
theorem simply_connected_iff_paths_homotopic {Y : Type*} [TopologicalSpace Y] :
    SimplyConnectedSpace Y ↔
      PathConnectedSpace Y ∧ ∀ x y : Y, Subsingleton (Path.Homotopic.Quotient x y) :=
  ⟨by intro; constructor <;> infer_instance, fun h => by
    cases h; rw [simply_connected_iff_unique_homotopic]
    exact ⟨inferInstance, fun x y => ⟨uniqueOfSubsingleton ⟦PathConnectedSpace.somePath x y⟧⟩⟩⟩

",,True,7,"--DEBUG: 1
/-- A space is simply connected iff it is path connected, and there is at most one path
  up to homotopy between any two points. -/
theorem simply_connected_iff_paths_homotopic {Y : Type*} [TopologicalSpace Y] :
    SimplyConnectedSpace Y ↔
      PathConnectedSpace Y ∧ ∀ x y : Y, Subsingleton (Path.Homotopic.Quotient x y) :=
  ⟨by intro; constructor <;> infer_instance, fun h => by
    cases h; rw [simply_connected_iff_unique_homotopic]
    exact ⟨inferInstance, fun x y => ⟨uniqueOfSubsingleton ⟦PathConnectedSpace.somePath x y⟧⟩⟩⟩

",,True,5,Mathlib.AlgebraicTopology.FundamentalGroupoid.SimplyConnected,DEBUG,LENGTH,best_of_n,False,0,-1,simply_connected_iff_paths_homotopic,False
-1,False,0,"/-- A space is simply connected iff it is path connected, and there is at most one path
  up to homotopy between any two points. -/
theorem simply_connected_iff_paths_homotopic {Y : Type*} [TopologicalSpace Y] :
    SimplyConnectedSpace Y ↔
      PathConnectedSpace Y ∧ ∀ x y : Y, Subsingleton (Path.Homotopic.Quotient x y) :=
  ⟨by intro; constructor <;> infer_instance, fun h => by
    cases h; rw [simply_connected_iff_unique_homotopic]
    exact ⟨inferInstance, fun x y => ⟨uniqueOfSubsingleton ⟦PathConnectedSpace.somePath x y⟧⟩⟩⟩

",,True,7,"--DEBUG: 2
/-- A space is simply connected iff it is path connected, and there is at most one path
  up to homotopy between any two points. -/
theorem simply_connected_iff_paths_homotopic {Y : Type*} [TopologicalSpace Y] :
    SimplyConnectedSpace Y ↔
      PathConnectedSpace Y ∧ ∀ x y : Y, Subsingleton (Path.Homotopic.Quotient x y) :=
  ⟨by intro; constructor <;> infer_instance, fun h => by
    cases h; rw [simply_connected_iff_unique_homotopic]
    exact ⟨inferInstance, fun x y => ⟨uniqueOfSubsingleton ⟦PathConnectedSpace.somePath x y⟧⟩⟩⟩

",,True,5,Mathlib.AlgebraicTopology.FundamentalGroupoid.SimplyConnected,DEBUG,LENGTH,best_of_n,False,0,-1,simply_connected_iff_paths_homotopic,False
-1,False,0,"/-- A space is simply connected iff it is path connected, and there is at most one path
  up to homotopy between any two points. -/
theorem simply_connected_iff_paths_homotopic {Y : Type*} [TopologicalSpace Y] :
    SimplyConnectedSpace Y ↔
      PathConnectedSpace Y ∧ ∀ x y : Y, Subsingleton (Path.Homotopic.Quotient x y) :=
  ⟨by intro; constructor <;> infer_instance, fun h => by
    cases h; rw [simply_connected_iff_unique_homotopic]
    exact ⟨inferInstance, fun x y => ⟨uniqueOfSubsingleton ⟦PathConnectedSpace.somePath x y⟧⟩⟩⟩

",,True,7,"--DEBUG: 3
/-- A space is simply connected iff it is path connected, and there is at most one path
  up to homotopy between any two points. -/
theorem simply_connected_iff_paths_homotopic {Y : Type*} [TopologicalSpace Y] :
    SimplyConnectedSpace Y ↔
      PathConnectedSpace Y ∧ ∀ x y : Y, Subsingleton (Path.Homotopic.Quotient x y) :=
  ⟨by intro; constructor <;> infer_instance, fun h => by
    cases h; rw [simply_connected_iff_unique_homotopic]
    exact ⟨inferInstance, fun x y => ⟨uniqueOfSubsingleton ⟦PathConnectedSpace.somePath x y⟧⟩⟩⟩

",,True,5,Mathlib.AlgebraicTopology.FundamentalGroupoid.SimplyConnected,DEBUG,LENGTH,best_of_n,False,0,-1,simply_connected_iff_paths_homotopic,False
-1,False,0,"/-- A space is simply connected iff it is path connected, and there is at most one path
  up to homotopy between any two points. -/
theorem simply_connected_iff_paths_homotopic {Y : Type*} [TopologicalSpace Y] :
    SimplyConnectedSpace Y ↔
      PathConnectedSpace Y ∧ ∀ x y : Y, Subsingleton (Path.Homotopic.Quotient x y) :=
  ⟨by intro; constructor <;> infer_instance, fun h => by
    cases h; rw [simply_connected_iff_unique_homotopic]
    exact ⟨inferInstance, fun x y => ⟨uniqueOfSubsingleton ⟦PathConnectedSpace.somePath x y⟧⟩⟩⟩

",,True,7,"--DEBUG: 4
/-- A space is simply connected iff it is path connected, and there is at most one path
  up to homotopy between any two points. -/
theorem simply_connected_iff_paths_homotopic {Y : Type*} [TopologicalSpace Y] :
    SimplyConnectedSpace Y ↔
      PathConnectedSpace Y ∧ ∀ x y : Y, Subsingleton (Path.Homotopic.Quotient x y) :=
  ⟨by intro; constructor <;> infer_instance, fun h => by
    cases h; rw [simply_connected_iff_unique_homotopic]
    exact ⟨inferInstance, fun x y => ⟨uniqueOfSubsingleton ⟦PathConnectedSpace.somePath x y⟧⟩⟩⟩

",,True,5,Mathlib.AlgebraicTopology.FundamentalGroupoid.SimplyConnected,DEBUG,LENGTH,best_of_n,False,0,-1,simply_connected_iff_paths_homotopic,False
-1,False,0,"/-- Another version of `simply_connected_iff_paths_homotopic` -/
theorem simply_connected_iff_paths_homotopic' {Y : Type*} [TopologicalSpace Y] :
    SimplyConnectedSpace Y ↔
      PathConnectedSpace Y ∧ ∀ {x y : Y} (p₁ p₂ : Path x y), Path.Homotopic p₁ p₂ := by
  convert simply_connected_iff_paths_homotopic (Y := Y)
  simp [Path.Homotopic.Quotient, Setoid.eq_top_iff]; rfl
",,True,3,"--DEBUG: 0
/-- Another version of `simply_connected_iff_paths_homotopic` -/
theorem simply_connected_iff_paths_homotopic' {Y : Type*} [TopologicalSpace Y] :
    SimplyConnectedSpace Y ↔
      PathConnectedSpace Y ∧ ∀ {x y : Y} (p₁ p₂ : Path x y), Path.Homotopic p₁ p₂ := by
  convert simply_connected_iff_paths_homotopic (Y := Y)
  simp [Path.Homotopic.Quotient, Setoid.eq_top_iff]; rfl
",,True,5,Mathlib.AlgebraicTopology.FundamentalGroupoid.SimplyConnected,DEBUG,LENGTH,best_of_n,False,0,-1,simply_connected_iff_paths_homotopic',False
-1,False,0,"/-- Another version of `simply_connected_iff_paths_homotopic` -/
theorem simply_connected_iff_paths_homotopic' {Y : Type*} [TopologicalSpace Y] :
    SimplyConnectedSpace Y ↔
      PathConnectedSpace Y ∧ ∀ {x y : Y} (p₁ p₂ : Path x y), Path.Homotopic p₁ p₂ := by
  convert simply_connected_iff_paths_homotopic (Y := Y)
  simp [Path.Homotopic.Quotient, Setoid.eq_top_iff]; rfl
",,True,3,"--DEBUG: 1
/-- Another version of `simply_connected_iff_paths_homotopic` -/
theorem simply_connected_iff_paths_homotopic' {Y : Type*} [TopologicalSpace Y] :
    SimplyConnectedSpace Y ↔
      PathConnectedSpace Y ∧ ∀ {x y : Y} (p₁ p₂ : Path x y), Path.Homotopic p₁ p₂ := by
  convert simply_connected_iff_paths_homotopic (Y := Y)
  simp [Path.Homotopic.Quotient, Setoid.eq_top_iff]; rfl
",,True,5,Mathlib.AlgebraicTopology.FundamentalGroupoid.SimplyConnected,DEBUG,LENGTH,best_of_n,False,0,-1,simply_connected_iff_paths_homotopic',False
-1,False,0,"/-- Another version of `simply_connected_iff_paths_homotopic` -/
theorem simply_connected_iff_paths_homotopic' {Y : Type*} [TopologicalSpace Y] :
    SimplyConnectedSpace Y ↔
      PathConnectedSpace Y ∧ ∀ {x y : Y} (p₁ p₂ : Path x y), Path.Homotopic p₁ p₂ := by
  convert simply_connected_iff_paths_homotopic (Y := Y)
  simp [Path.Homotopic.Quotient, Setoid.eq_top_iff]; rfl
",,True,3,"--DEBUG: 2
/-- Another version of `simply_connected_iff_paths_homotopic` -/
theorem simply_connected_iff_paths_homotopic' {Y : Type*} [TopologicalSpace Y] :
    SimplyConnectedSpace Y ↔
      PathConnectedSpace Y ∧ ∀ {x y : Y} (p₁ p₂ : Path x y), Path.Homotopic p₁ p₂ := by
  convert simply_connected_iff_paths_homotopic (Y := Y)
  simp [Path.Homotopic.Quotient, Setoid.eq_top_iff]; rfl
",,True,5,Mathlib.AlgebraicTopology.FundamentalGroupoid.SimplyConnected,DEBUG,LENGTH,best_of_n,False,0,-1,simply_connected_iff_paths_homotopic',False
-1,False,0,"/-- Another version of `simply_connected_iff_paths_homotopic` -/
theorem simply_connected_iff_paths_homotopic' {Y : Type*} [TopologicalSpace Y] :
    SimplyConnectedSpace Y ↔
      PathConnectedSpace Y ∧ ∀ {x y : Y} (p₁ p₂ : Path x y), Path.Homotopic p₁ p₂ := by
  convert simply_connected_iff_paths_homotopic (Y := Y)
  simp [Path.Homotopic.Quotient, Setoid.eq_top_iff]; rfl
",,True,3,"--DEBUG: 3
/-- Another version of `simply_connected_iff_paths_homotopic` -/
theorem simply_connected_iff_paths_homotopic' {Y : Type*} [TopologicalSpace Y] :
    SimplyConnectedSpace Y ↔
      PathConnectedSpace Y ∧ ∀ {x y : Y} (p₁ p₂ : Path x y), Path.Homotopic p₁ p₂ := by
  convert simply_connected_iff_paths_homotopic (Y := Y)
  simp [Path.Homotopic.Quotient, Setoid.eq_top_iff]; rfl
",,True,5,Mathlib.AlgebraicTopology.FundamentalGroupoid.SimplyConnected,DEBUG,LENGTH,best_of_n,False,0,-1,simply_connected_iff_paths_homotopic',False
-1,False,0,"/-- Another version of `simply_connected_iff_paths_homotopic` -/
theorem simply_connected_iff_paths_homotopic' {Y : Type*} [TopologicalSpace Y] :
    SimplyConnectedSpace Y ↔
      PathConnectedSpace Y ∧ ∀ {x y : Y} (p₁ p₂ : Path x y), Path.Homotopic p₁ p₂ := by
  convert simply_connected_iff_paths_homotopic (Y := Y)
  simp [Path.Homotopic.Quotient, Setoid.eq_top_iff]; rfl
",,True,3,"--DEBUG: 4
/-- Another version of `simply_connected_iff_paths_homotopic` -/
theorem simply_connected_iff_paths_homotopic' {Y : Type*} [TopologicalSpace Y] :
    SimplyConnectedSpace Y ↔
      PathConnectedSpace Y ∧ ∀ {x y : Y} (p₁ p₂ : Path x y), Path.Homotopic p₁ p₂ := by
  convert simply_connected_iff_paths_homotopic (Y := Y)
  simp [Path.Homotopic.Quotient, Setoid.eq_top_iff]; rfl
",,True,5,Mathlib.AlgebraicTopology.FundamentalGroupoid.SimplyConnected,DEBUG,LENGTH,best_of_n,False,0,-1,simply_connected_iff_paths_homotopic',False
