time,syntax_search,og_score,og_raw,og_errors,og_correct,new_score,new_raw,new_errors,new_correct,n,module,model,metric,method,mathlib_search,examples,delta,decl,annotation
-1,False,12,"theorem my_lemma4 :
    ∀ {x y ε : ℝ}, 0 < ε → ε ≤ 1 → |x| < ε → |y| < ε → |x * y| < ε := by
  intro x y ε epos ele1 xlt ylt
  calc
    |x * y| = |x| * |y| := by apply abs_mul
    _ ≤ |x| * ε := by apply mul_le_mul; linarith; linarith; apply abs_nonneg; apply abs_nonneg;
    _ < 1 * ε := by rw [mul_lt_mul_right epos]; linarith
    _ = ε := by apply one_mul

",,True,-1,"theorem my_lemma4 :
    ∀ {x y ε : ℝ}, 0 < ε → ε ≤ 1 → |x| < ε → |y| < ε → |x * y| < ε := by
  rw [← div_mul_eq_div_div, div_le_of_le₀ epos.le (abs_nonneg _ _)]
  linear_combination ε * (abs_nonneg (x * y)) + 0


","💥️tactic 'rewrite' failed, did not find instance of the pattern in the target expression
  ?a / ?b / ?c
⊢ ∀ {x y ε : ℝ}, 0 < ε → ε ≤ 1 → |x| < ε → |y| < ε → |x * y| < ε",False,10,MIL.C03_Logic.solutions.Solutions_S01_Implication_and_the_Universal_Quantifier,Llama-8B,LENGTH,best_of_n,False,0,-1.0,CH03.my_lemma4,False
-1,False,12,"theorem my_lemma4 :
    ∀ {x y ε : ℝ}, 0 < ε → ε ≤ 1 → |x| < ε → |y| < ε → |x * y| < ε := by
  intro x y ε epos ele1 xlt ylt
  calc
    |x * y| = |x| * |y| := by apply abs_mul
    _ ≤ |x| * ε := by apply mul_le_mul; linarith; linarith; apply abs_nonneg; apply abs_nonneg;
    _ < 1 * ε := by rw [mul_lt_mul_right epos]; linarith
    _ = ε := by apply one_mul

",,True,-1,"theorem my_lemma4 :
    ∀ {x y ε : ℝ}, 0 < ε → ε ≤ 1 → |x| < ε → |y| < ε → |x * y| < ε := by
  intro x y ε epos ele1 xlt ylt
  calc
    |x * y| = |x| * |y| := by apply abs_mul
    _ ≤ |x| * ε := by apply mul_le_mul; linarith; linarith; use positivity; use positivity;
    _ < 1 * ε := by rw [mul_lt_mul_right epos]; linarith
    _ = ε := by apply one_mul


","💥️type mismatch
  positivity
has type
  Lean.ParserDescr : Type
but is expected to have type
  0 ≤ |y| : Prop

💥️type mismatch
  positivity
has type
  Lean.ParserDescr : Type
but is expected to have type
  0 ≤ |x| : Prop",False,10,MIL.C03_Logic.solutions.Solutions_S01_Implication_and_the_Universal_Quantifier,Llama-8B,LENGTH,best_of_n,False,0,-1.0,CH03.my_lemma4,False
-1,False,12,"theorem my_lemma4 :
    ∀ {x y ε : ℝ}, 0 < ε → ε ≤ 1 → |x| < ε → |y| < ε → |x * y| < ε := by
  intro x y ε epos ele1 xlt ylt
  calc
    |x * y| = |x| * |y| := by apply abs_mul
    _ ≤ |x| * ε := by apply mul_le_mul; linarith; linarith; apply abs_nonneg; apply abs_nonneg;
    _ < 1 * ε := by rw [mul_lt_mul_right epos]; linarith
    _ = ε := by apply one_mul

",,True,-1,"theorem my_lemma4 :
    ∀ {x y ε : ℝ}, 0 < ε → ε ≤ 1 → |x| < ε → |y| < ε → |x * y| < ε :=
  mul_lt_mul_left_of_abs_of_pos  (by positivity) (by positivity) epos
",💥️unknown identifier 'mul_lt_mul_left_of_abs_of_pos',False,10,MIL.C03_Logic.solutions.Solutions_S01_Implication_and_the_Universal_Quantifier,Llama-8B,LENGTH,best_of_n,False,0,-1.0,CH03.my_lemma4,False
-1,False,12,"theorem my_lemma4 :
    ∀ {x y ε : ℝ}, 0 < ε → ε ≤ 1 → |x| < ε → |y| < ε → |x * y| < ε := by
  intro x y ε epos ele1 xlt ylt
  calc
    |x * y| = |x| * |y| := by apply abs_mul
    _ ≤ |x| * ε := by apply mul_le_mul; linarith; linarith; apply abs_nonneg; apply abs_nonneg;
    _ < 1 * ε := by rw [mul_lt_mul_right epos]; linarith
    _ = ε := by apply one_mul

",,True,-1,"theorem my_lemma4 :
    ∀ {x y ε : ℝ}, 0 < ε → ε ≤ 1 → |x| < ε → |y| < ε → |x * y| < ε :=
  mul_lt_mul_right' (abs_pos_iff.mpr mult_pos) (by positivity) (by field_simp)
","💥️unknown identifier 'abs_pos_iff.mpr'

💥️not a positivity goal",False,10,MIL.C03_Logic.solutions.Solutions_S01_Implication_and_the_Universal_Quantifier,Llama-8B,LENGTH,best_of_n,False,0,-1.0,CH03.my_lemma4,False
-1,False,12,"theorem my_lemma4 :
    ∀ {x y ε : ℝ}, 0 < ε → ε ≤ 1 → |x| < ε → |y| < ε → |x * y| < ε := by
  intro x y ε epos ele1 xlt ylt
  calc
    |x * y| = |x| * |y| := by apply abs_mul
    _ ≤ |x| * ε := by apply mul_le_mul; linarith; linarith; apply abs_nonneg; apply abs_nonneg;
    _ < 1 * ε := by rw [mul_lt_mul_right epos]; linarith
    _ = ε := by apply one_mul

",,True,12,"theorem my_lemma4 :
    ∀ {x y ε : ℝ}, 0 < ε → ε ≤ 1 → |x| < ε → |y| < ε → |x * y| < ε := by
  intro x y ε epos ele1 xlt ylt
  calc
    |x * y| = |x| * |y| := by apply abs_mul
    _ ≤ |x| * ε := by apply mul_le_mul; linarith; linarith; apply abs_nonneg; apply abs_nonneg;
    _ < 1 * ε := by rw [mul_lt_mul_right epos]; linarith
    _ = ε := by apply one_mul


",,True,10,MIL.C03_Logic.solutions.Solutions_S01_Implication_and_the_Universal_Quantifier,Llama-8B,LENGTH,best_of_n,False,0,0.0,CH03.my_lemma4,False
-1,False,12,"theorem my_lemma4 :
    ∀ {x y ε : ℝ}, 0 < ε → ε ≤ 1 → |x| < ε → |y| < ε → |x * y| < ε := by
  intro x y ε epos ele1 xlt ylt
  calc
    |x * y| = |x| * |y| := by apply abs_mul
    _ ≤ |x| * ε := by apply mul_le_mul; linarith; linarith; apply abs_nonneg; apply abs_nonneg;
    _ < 1 * ε := by rw [mul_lt_mul_right epos]; linarith
    _ = ε := by apply one_mul

",,True,8,"theorem my_lemma4 :
    ∀ {x y ε : ℝ}, 0 < ε → ε ≤ 1 → |x| < ε → |y| < ε → |x * y| < ε := by
  intro x y ε epos ele1 xlt ylt
  calc
    |x * y| = |x| * |y| := by apply abs_mul
    _ ≤ |x| * ε := by gcongr
    _ < 1 * ε := by rw [mul_lt_mul_right epos]; linarith
    _ = ε := by apply one_mul

InTEFLAWS
theorem my_lemma4 :
    ∀ {x y ε : ℝ}, 0 < ε → ε ≤ 1 → |x| < ε → |y| < ε → |x * y| < ε := by
  intro x y ε epos ele1 xlt ylt
  calc
    |x * y| = |x| * |y| := by apply abs_mul
    _ ≤ |x| * ε := by gcongr
    _ < 1 * ε := by rw [mul_lt_mul_right epos]; linarith
    _ = ε := by apply one_mul

These are more precise bounds on `|x * y|` in terms of `ε`.

/-!
### Criteria for and consequences of boundedness

We relate bounds on sequences and their products.
-/

theorem my_lemma4 :
    ∀ {x y ε : ℝ}, 0 < ε → ε ≤ 1 → |x| < ε → |y| < ε → |x * y| < ε := by
  intro x y ε epos ele1 xlt ylt
  calc
    |x * y| = |x| * |y| := by apply abs_mul
    _ ≤ |x| * ε := by gcongr
    _ < 1 * ε := by rw [mul_lt_mul_right epos]; linarith
    _ = ε := by apply one_mul
",,True,10,MIL.C03_Logic.solutions.Solutions_S01_Implication_and_the_Universal_Quantifier,Llama-8B,LENGTH,best_of_n,False,0,0.333333,CH03.my_lemma4,False
-1,False,12,"theorem my_lemma4 :
    ∀ {x y ε : ℝ}, 0 < ε → ε ≤ 1 → |x| < ε → |y| < ε → |x * y| < ε := by
  intro x y ε epos ele1 xlt ylt
  calc
    |x * y| = |x| * |y| := by apply abs_mul
    _ ≤ |x| * ε := by apply mul_le_mul; linarith; linarith; apply abs_nonneg; apply abs_nonneg;
    _ < 1 * ε := by rw [mul_lt_mul_right epos]; linarith
    _ = ε := by apply one_mul

",,True,-1,"theorem my_lemma4 :
    ∀ {x y ε : ℝ}, 0 < ε → ε ≤ 1 → |x| < ε → |y| < ε → |x * y| < ε := by
  intro x y ε epos ele1 xlt ylt
  calc
    |x * y| = |x| * |y| := by apply abs_mul
    _ ≤ |x| * ε := by gcongr
    _ < 1 * ε := by omega
    _ = ε := by gcongr
","💥️omega could not prove the goal:
No usable constraints found. You may need to unfold definitions so `omega` can see linear arithmetic facts about `Nat` and `Int`, which may also involve multiplication, division, and modular remainder by constants.

💥️gcongr did not make progress",False,10,MIL.C03_Logic.solutions.Solutions_S01_Implication_and_the_Universal_Quantifier,Llama-8B,LENGTH,best_of_n,False,0,-1.0,CH03.my_lemma4,False
-1,False,12,"theorem my_lemma4 :
    ∀ {x y ε : ℝ}, 0 < ε → ε ≤ 1 → |x| < ε → |y| < ε → |x * y| < ε := by
  intro x y ε epos ele1 xlt ylt
  calc
    |x * y| = |x| * |y| := by apply abs_mul
    _ ≤ |x| * ε := by apply mul_le_mul; linarith; linarith; apply abs_nonneg; apply abs_nonneg;
    _ < 1 * ε := by rw [mul_lt_mul_right epos]; linarith
    _ = ε := by apply one_mul

",,True,8,"theorem my_lemma4 :
    ∀ {x y ε : ℝ}, 0 < ε → ε ≤ 1 → |x| < ε → |y| < ε → |x * y| < ε := by
  intro x y ε epos ele1 xlt ylt
  calc
    |x * y| = |x| * |y| := by apply abs_mul
    _ ≤ |x| * ε := by gcongr
    _ < 1 * ε := by rw [mul_lt_mul_right epos]; linarith
    _ = ε := by apply one_mul


",,True,10,MIL.C03_Logic.solutions.Solutions_S01_Implication_and_the_Universal_Quantifier,Llama-8B,LENGTH,best_of_n,False,0,0.333333,CH03.my_lemma4,False
-1,False,12,"theorem my_lemma4 :
    ∀ {x y ε : ℝ}, 0 < ε → ε ≤ 1 → |x| < ε → |y| < ε → |x * y| < ε := by
  intro x y ε epos ele1 xlt ylt
  calc
    |x * y| = |x| * |y| := by apply abs_mul
    _ ≤ |x| * ε := by apply mul_le_mul; linarith; linarith; apply abs_nonneg; apply abs_nonneg;
    _ < 1 * ε := by rw [mul_lt_mul_right epos]; linarith
    _ = ε := by apply one_mul

",,True,-1,"theorem my_lemma4 :
   forall {x y ε : ℝ}, 0 < ε → ε ≤ 1 → |x| < ε → |y| < ε → |x * y| < ε := by
  intro x y ε epos ele1 xlt ylt
  exact mul_lt_mul_left epos (|x * y| / ε) absolute_pos (le_div_iff' one_le_mult)) xlt ylt
","💥️function expected at
  mul_lt_mul_left epos
term has type
  ε * ?m.213 < ε * ?m.214 ↔ ?m.213 < ?m.214",False,10,MIL.C03_Logic.solutions.Solutions_S01_Implication_and_the_Universal_Quantifier,Llama-8B,LENGTH,best_of_n,False,0,-1.0,CH03.my_lemma4,False
-1,False,12,"theorem my_lemma4 :
    ∀ {x y ε : ℝ}, 0 < ε → ε ≤ 1 → |x| < ε → |y| < ε → |x * y| < ε := by
  intro x y ε epos ele1 xlt ylt
  calc
    |x * y| = |x| * |y| := by apply abs_mul
    _ ≤ |x| * ε := by apply mul_le_mul; linarith; linarith; apply abs_nonneg; apply abs_nonneg;
    _ < 1 * ε := by rw [mul_lt_mul_right epos]; linarith
    _ = ε := by apply one_mul

",,True,-1,"theorem my_lemma4 :
    ∀ {x y ε : ℝ}, 0 < ε → ε ≤ 1 → |x| < ε → |y| < ε → |x * y| < ε := by
  intro x y ε epos ele1 xlt ylt
  calc
    |x * y| = |x| * |y| := by apply abs_mul
    _ ≤ |x| * ε := by gcongr
    _ < 1 * ε := by rwa [mul_lt_mul_right epos (abs_nonneg.2 abs_nonneg)]
    _ = ε := by apply one_mul


/- A variant of `my_lemma4` in terms of `ε * |x|`.-/
theorem my_lemma4' :
    ∀ {x y ε : ℝ}, 0 < ε → ε ≤ 1 → |x| < ε → |y| < ε → |x * y| < ε := by
  intro x y ε epos ele1 xlt ylt
  calc
    |x * y| = ε * (ε / |x|) * |y| := by field_simp
    _ ≤ ε * 1 * |y| := by gcongr; linarith [abs_nonneg.2 abs_nonneg]
    _ < ε * 1 * (#align name ""ε * |x|"") := by gcongr
    _ = ε * ((ε * |x|) / |x|) * |y| := by field_simp
    _ < ε * ε * |y| / |x| := by gcongr; apply abs_nonneg


/- A variant of `my_lemma4` in terms of `1 / |x|`.-/
theorem my_lemma4'' :
    ∀ {x y ε : ℝ}, 0 < ε → ε ≤ 1 → |x| < ε → |y| < ε → |x * y| < ε := by
  intro x y ε epos ele1 xlt ylt
  calc
    |x * y| = (1 / |x|) * (ε * |y|) := by field_simp
    _ ≤ (1 / |x|) * 1 * |y| := by gcongr
    _ < (1 / |x|) * (1 / |y|) * (#align name ""1 / |x|"") * ε) := by
      gcongr
      apply abs_nonneg
    _ = (1 / |x|) * (1 / |y|) * (ε * ((ε * |x|) / |x|) * |y| := by field_simp
    _ < (1 / |x|) * (1 / |y|) * ε * |y| / |x| := by gcongr
    _ = (1 / |x|) * (1 / |y|) * ε * (1 / |x|) * |y| := by field_simp
    _ = ε / |x| * ((1 / |x|) * |y|) := by field_simp
    _ < ε / |x| * 1 * (#align name ""ε / |x|"") * |y|) := by gcongr
    _ = ε / |x| * ε * |y| / |x| := by gcongr; apply abs_nonneg
    _ = ε * ε / |x| * |y| := by gcongr line breaks


/- A variant of `my_lemma4` in terms of `ε * |x|`.-/
theorem my_lemma4' :
    ∀ {x y ε : ℝ}, 0 < ε → ε ≤ 1 → |x| < ε → |y| < ε → |x * y| < ε := by
  intro x y ε epos ele1 xlt ylt
  calc
    |x * y| = ε * (ε / |x|) * |y| := by field_simp
    _ ≤ ε * 1 * |y| := by gcongr; linarith [abs_nonneg.2 abs_nonneg]
    _ < ε * 1 * (#align name ""ε * |x|"") := by gcongr
    _ = ε * ((ε * |x|) / |x|) * |y| := by field_simp
    _ < ε * ε * |y| / |x| := by gcongr; apply abs_nonneg


/- A variant of `my_lemma4` in terms of `1 / |x|`.-/
theorem my_lemma4'' :
    ∀ {x y ε : ℝ}, 0 <","💥️function expected at
  mul_lt_mul_right epos
term has type
  ?m.3883 * ε < ?m.3884 * ε ↔ ?m.3883 < ?m.3884

💥️tactic 'rewrite' failed, equality or iff proof expected
  ?m.4103
x y ε : ℝ
epos : 0 < ε
ele1 : ε ≤ 1
xlt : |x| < ε
ylt : |y| < ε
⊢ |x| * ε < 1 * ε",False,10,MIL.C03_Logic.solutions.Solutions_S01_Implication_and_the_Universal_Quantifier,Llama-8B,LENGTH,best_of_n,False,0,-1.0,CH03.my_lemma4,False
-1,False,4,"theorem t1 (hfa : FnLb f a) (hgb : FnLb g b) : FnLb (fun x ↦ f x + g x) (a + b) := by
  intro x
  apply add_le_add
  apply hfa
  apply hgb

",,True,-1,"theorem t1 (hfa : FnLb f a) (hgb : FnLb g b) : FnLb (fun x ↦ f x + g x) (a + b) := by
  intro x
  apply add_le_add
  apply hfa + hgb
","💥️tactic 'apply' failed, failed to unify
  ?m.3477
with
  a ≤ f x
case h₁
f g : ℝ → ℝ
a b : ℝ
hfa : FnLb f a
hgb : FnLb g b
x : ℝ
⊢ a ≤ f x",False,10,MIL.C03_Logic.solutions.Solutions_S01_Implication_and_the_Universal_Quantifier,Llama-8B,LENGTH,best_of_n,False,0,-1.0,CH03.t1,False
-1,False,4,"theorem t1 (hfa : FnLb f a) (hgb : FnLb g b) : FnLb (fun x ↦ f x + g x) (a + b) := by
  intro x
  apply add_le_add
  apply hfa
  apply hgb

",,True,-1,"theorem t1 (hfa : FnLb f a) (hgb : FnLb g b) : FnLb (fun x ↦ f x + g x) (a + b) :=
  fun x ↦ hfa x + hgb x


","💥️type mismatch
  ?m.3238 + ?m.3250
has type
  ?m.3225 : outParam (Type ?u.2633)
but is expected to have type
  a + b ≤ (fun x => f x + g x) x : Prop",False,10,MIL.C03_Logic.solutions.Solutions_S01_Implication_and_the_Universal_Quantifier,Llama-8B,LENGTH,best_of_n,False,0,-1.0,CH03.t1,False
-1,False,4,"theorem t1 (hfa : FnLb f a) (hgb : FnLb g b) : FnLb (fun x ↦ f x + g x) (a + b) := by
  intro x
  apply add_le_add
  apply hfa
  apply hgb

",,True,-1,"theorem t1 (hfa : FnLb f a) (hgb : FnLb g b) : FnLb (f + g) (a + b) := by
  intro x
  add_le_add (hfa x) (hgb x)
","💥️unknown tactic

💥️unsolved goals
f g : ℝ → ℝ
a b : ℝ
hfa : FnLb f a
hgb : FnLb g b
x : ℝ
⊢ a + b ≤ (f + g) x",False,10,MIL.C03_Logic.solutions.Solutions_S01_Implication_and_the_Universal_Quantifier,Llama-8B,LENGTH,best_of_n,False,0,-1.0,CH03.t1,False
-1,False,4,"theorem t1 (hfa : FnLb f a) (hgb : FnLb g b) : FnLb (fun x ↦ f x + g x) (a + b) := by
  intro x
  apply add_le_add
  apply hfa
  apply hgb

",,True,-1,"theorem t1 (hfa : FnLb f a) (hgb : FnLb g b) : FnLb (f + g) (a + b) := by
  intro x
  add_le_add (hfa x) (hgb x)

","💥️unknown tactic

💥️unsolved goals
f g : ℝ → ℝ
a b : ℝ
hfa : FnLb f a
hgb : FnLb g b
x : ℝ
⊢ a + b ≤ (f + g) x",False,10,MIL.C03_Logic.solutions.Solutions_S01_Implication_and_the_Universal_Quantifier,Llama-8B,LENGTH,best_of_n,False,0,-1.0,CH03.t1,False
-1,False,4,"theorem t1 (hfa : FnLb f a) (hgb : FnLb g b) : FnLb (fun x ↦ f x + g x) (a + b) := by
  intro x
  apply add_le_add
  apply hfa
  apply hgb

",,True,-1,"theorem t1 (hfa : FnLb f a) (hgb : FnLb g b) : FnLb (fun x ↦ f x + g x) (a + b) :=
  fun x ↦ by
    simp [hfa, hgb]
","💥️unsolved goals
f g : ℝ → ℝ
a b : ℝ
hfa : FnLb f a
hgb : FnLb g b
x : ℝ
⊢ a + b ≤ f x + g x",False,10,MIL.C03_Logic.solutions.Solutions_S01_Implication_and_the_Universal_Quantifier,Llama-8B,LENGTH,best_of_n,False,0,-1.0,CH03.t1,False
-1,False,4,"theorem t1 (hfa : FnLb f a) (hgb : FnLb g b) : FnLb (fun x ↦ f x + g x) (a + b) := by
  intro x
  apply add_le_add
  apply hfa
  apply hgb

",,True,-1,"theorem t1 (hfa : FnLb f a) (hgb : FnLb g b) : FnLb (fun x ↦ f x + g x) (a + b) :=
  fun x ↦ add_le_add (hfa (x + b)) (hgb x)
","💥️application type mismatch
  add_le_add (hfa (x + b))
argument
  hfa (x + b)
has type
  a ≤ f (x + b) : Prop
but is expected to have type
  a ≤ f x : Prop",False,10,MIL.C03_Logic.solutions.Solutions_S01_Implication_and_the_Universal_Quantifier,Llama-8B,LENGTH,best_of_n,False,0,-1.0,CH03.t1,False
-1,False,4,"theorem t1 (hfa : FnLb f a) (hgb : FnLb g b) : FnLb (fun x ↦ f x + g x) (a + b) := by
  intro x
  apply add_le_add
  apply hfa
  apply hgb

",,True,4,"lemma t1 (hfa : FnLb f a) (hgb : FnLb g b) : FnLb (f + g) (a + b) := by
  intro x
  apply add_le_add
  apply hfa
  apply hgb


left_sum t1 with x
",,True,10,MIL.C03_Logic.solutions.Solutions_S01_Implication_and_the_Universal_Quantifier,Llama-8B,LENGTH,best_of_n,False,0,0.0,CH03.t1,False
-1,False,4,"theorem t1 (hfa : FnLb f a) (hgb : FnLb g b) : FnLb (fun x ↦ f x + g x) (a + b) := by
  intro x
  apply add_le_add
  apply hfa
  apply hgb

",,True,4,"theorem t1 (hfa : FnLb f a) (hgb : FnLb g b) : FnLb (f + g) (a + b) := by
  intro x
  apply add_le_add
  apply hfa
  apply hgb


",,True,10,MIL.C03_Logic.solutions.Solutions_S01_Implication_and_the_Universal_Quantifier,Llama-8B,LENGTH,best_of_n,False,0,0.0,CH03.t1,False
-1,False,4,"theorem t1 (hfa : FnLb f a) (hgb : FnLb g b) : FnLb (fun x ↦ f x + g x) (a + b) := by
  intro x
  apply add_le_add
  apply hfa
  apply hgb

",,True,4,"theorem t1 (hfa : FnLb f a) (hgb : FnLb g b) : FnLb (fun x ↦ f x + g x) (a + b) := by
  intro x
  apply add_le_add
  apply hfa
  apply hgb
",,True,10,MIL.C03_Logic.solutions.Solutions_S01_Implication_and_the_Universal_Quantifier,Llama-8B,LENGTH,best_of_n,False,0,0.0,CH03.t1,False
-1,False,4,"theorem t1 (hfa : FnLb f a) (hgb : FnLb g b) : FnLb (fun x ↦ f x + g x) (a + b) := by
  intro x
  apply add_le_add
  apply hfa
  apply hgb

",,True,-1,"theorem t1 (hfa : FnLb f a) (hgb : FnLb g b) : FnLb (fun x ↦ f x + g x) (a + b) :=
  fun x ↦ add_le_add (hfa _ _) (hgb _ _).symm x


","💥️function expected at
  hfa ?m.2643
term has type
  a ≤ f ?m.2643

💥️function expected at
  hgb ?m.3135
term has type
  b ≤ g ?m.3135",False,10,MIL.C03_Logic.solutions.Solutions_S01_Implication_and_the_Universal_Quantifier,Llama-8B,LENGTH,best_of_n,False,0,-1.0,CH03.t1,False
-1,False,4,"theorem t2 (nnf : FnLb f 0) (nng : FnLb g 0) : FnLb (fun x ↦ f x * g x) 0 := by
  intro x
  apply mul_nonneg
  apply nnf
  apply nng

",,True,-1,"theorem t2 (nnf : FnLb f 0) (nng : FnLb g 0) : FnLb (fun x ↦ f x * g x) 0 := by
  simp only [FnLb, nnf, nng]
","💥️unsolved goals
f g : ℝ → ℝ
nnf : FnLb f 0
nng : FnLb g 0
⊢ ∀ (x : ℝ), 0 ≤ f x * g x",False,10,MIL.C03_Logic.solutions.Solutions_S01_Implication_and_the_Universal_Quantifier,Llama-8B,LENGTH,best_of_n,False,0,-1.0,CH03.t2,False
-1,False,4,"theorem t2 (nnf : FnLb f 0) (nng : FnLb g 0) : FnLb (fun x ↦ f x * g x) 0 := by
  intro x
  apply mul_nonneg
  apply nnf
  apply nng

",,True,-1,"theorem t2 (nnf : FnLb f 0) (nng : FnLb g 0) : FnLb (fun x ↦ f x * g x) 0 := by
  intro x
  apply mul_nonneg_of_nonneg_right
  apply nnf
  apply nng


","💥️unknown identifier 'mul_nonneg_of_nonneg_right'

💥️no goals to be solved",False,10,MIL.C03_Logic.solutions.Solutions_S01_Implication_and_the_Universal_Quantifier,Llama-8B,LENGTH,best_of_n,False,0,-1.0,CH03.t2,False
-1,False,4,"theorem t2 (nnf : FnLb f 0) (nng : FnLb g 0) : FnLb (fun x ↦ f x * g x) 0 := by
  intro x
  apply mul_nonneg
  apply nnf
  apply nng

",,True,-1,"theorem t2 (nnf : FnLb f 0) (nng : FnLb g 0) : FnLb (fun x ↦ f x * g x) 0 := by
  intro x
  have : 0 ≤ f x * g x := mul_nonneg (nnf _ <| by positivity) (nng _ <| by positivity)
  simp [this, star_id_of_comm]
","💥️function expected at
  nnf ?m.3283
term has type
  0 ≤ f ?m.3283

💥️function expected at
  nng ?m.3320
term has type
  0 ≤ g ?m.3320",False,10,MIL.C03_Logic.solutions.Solutions_S01_Implication_and_the_Universal_Quantifier,Llama-8B,LENGTH,best_of_n,False,0,-1.0,CH03.t2,False
-1,False,4,"theorem t2 (nnf : FnLb f 0) (nng : FnLb g 0) : FnLb (fun x ↦ f x * g x) 0 := by
  intro x
  apply mul_nonneg
  apply nnf
  apply nng

",,True,-1,"theorem t2 (nnf : FnLb f 0) (nng : FnLb g 0) : FnLb (f * g) 0 := by
  simp_rw [FnLb, ← FaddLb, ← FmulLb, FaddLb]
  exact fun x ↦ mul_nonneg (nnf _ (nng _)) (FaddLb x x)

","💥️unknown identifier 'FaddLb'

💥️simp made no progress",False,10,MIL.C03_Logic.solutions.Solutions_S01_Implication_and_the_Universal_Quantifier,Llama-8B,LENGTH,best_of_n,False,0,-1.0,CH03.t2,False
-1,False,4,"theorem t2 (nnf : FnLb f 0) (nng : FnLb g 0) : FnLb (fun x ↦ f x * g x) 0 := by
  intro x
  apply mul_nonneg
  apply nnf
  apply nng

",,True,-1,"theorem t2 (nnf : FnLb f 0) (nng : FnLb g 0) : FnLb (fun x ↦ f x * g x) 0 :=
  (nnf _).le_of_sup, fun x _ => mul_nonneg (nnf _ _) (nng _ _)
","💥️invalid field 'le_of_sup', the environment does not contain 'LE.le.le_of_sup'
  nnf ?m.3035
has type
  0 ≤ f ?m.3035

💥️invalid field 'le_of_sup', the environment does not contain '_private.Mathlib.Data.Real.Basic.0.Real.le.le_of_sup'
  nnf ?m.3035
has type
  Real.le✝ 0 (f ?m.3035)",False,10,MIL.C03_Logic.solutions.Solutions_S01_Implication_and_the_Universal_Quantifier,Llama-8B,LENGTH,best_of_n,False,0,-1.0,CH03.t2,False
-1,False,4,"theorem t2 (nnf : FnLb f 0) (nng : FnLb g 0) : FnLb (fun x ↦ f x * g x) 0 := by
  intro x
  apply mul_nonneg
  apply nnf
  apply nng

",,True,-1,"theorem t2 (nnf : FnLb f 0) (nng : FnLb g 0) : FnLb (fun x ↦ f x * g x) 0 :=
  fun _ ↦ by positivity; apply nnf; apply nng
",💥️failed to prove positivity/nonnegativity/nonzeroness,False,10,MIL.C03_Logic.solutions.Solutions_S01_Implication_and_the_Universal_Quantifier,Llama-8B,LENGTH,best_of_n,False,0,-1.0,CH03.t2,False
-1,False,4,"theorem t2 (nnf : FnLb f 0) (nng : FnLb g 0) : FnLb (fun x ↦ f x * g x) 0 := by
  intro x
  apply mul_nonneg
  apply nnf
  apply nng

",,True,-1,"theorem t2 (nnf : FnLb f 0) (nng : FnLb g 0) : FnLb (fun x ↦ f x * g x) 0 :=
  fun x ↦ mul_nonneg (nnf _ _) (nng _ _)

","💥️function expected at
  nnf ?m.3226
term has type
  0 ≤ f ?m.3226

💥️function expected at
  nng ?m.3263
term has type
  0 ≤ g ?m.3263",False,10,MIL.C03_Logic.solutions.Solutions_S01_Implication_and_the_Universal_Quantifier,Llama-8B,LENGTH,best_of_n,False,0,-1.0,CH03.t2,False
-1,False,4,"theorem t2 (nnf : FnLb f 0) (nng : FnLb g 0) : FnLb (fun x ↦ f x * g x) 0 := by
  intro x
  apply mul_nonneg
  apply nnf
  apply nng

",,True,-1,"theorem t2 (nnf : FnLb f 0) (nng : FnLb g 0) : FnLb (fun x ↦ f x * g x) 0 :=
  fun x ↦ mul_nonneg (nnf _ _) (nng _ _).le

","💥️function expected at
  nnf ?m.3226
term has type
  0 ≤ f ?m.3226

💥️function expected at
  nng ?m.3567
term has type
  0 ≤ g ?m.3567",False,10,MIL.C03_Logic.solutions.Solutions_S01_Implication_and_the_Universal_Quantifier,Llama-8B,LENGTH,best_of_n,False,0,-1.0,CH03.t2,False
-1,False,4,"theorem t2 (nnf : FnLb f 0) (nng : FnLb g 0) : FnLb (fun x ↦ f x * g x) 0 := by
  intro x
  apply mul_nonneg
  apply nnf
  apply nng

",,True,4,"theorem t2 (nnf : FnLb f 0) (nng : FnLb g 0) : FnLb (fun x ↦ f x * g x) 0 := by
  intro x
  apply mul_nonneg
  apply nnf
  apply nng


",,True,10,MIL.C03_Logic.solutions.Solutions_S01_Implication_and_the_Universal_Quantifier,Llama-8B,LENGTH,best_of_n,False,0,0.0,CH03.t2,False
-1,False,4,"theorem t2 (nnf : FnLb f 0) (nng : FnLb g 0) : FnLb (fun x ↦ f x * g x) 0 := by
  intro x
  apply mul_nonneg
  apply nnf
  apply nng

",,True,-1,"theorem t2 (nnf : FnLb f 0) (nng : FnLb g 0) : FnLb (f * g) 0 :=
  fun x ↦ mul_nonneg (nnf _ (nng _)).le x


","💥️application type mismatch
  mul_nonneg ?m.3308 x
argument
  x
has type
  ℝ : Type
but is expected to have type
  0 ≤ g x : Prop

💥️function expected at
  nnf ?m.3886
term has type
  0 ≤ f ?m.3886",False,10,MIL.C03_Logic.solutions.Solutions_S01_Implication_and_the_Universal_Quantifier,Llama-8B,LENGTH,best_of_n,False,0,-1.0,CH03.t2,False
-1,False,6,"theorem t3 (hfa : FnUb f a) (hgb : FnUb g b) (nng : FnLb g 0) (nna : 0 ≤ a) :
    FnUb (fun x ↦ f x * g x) (a * b) := by
  intro x
  apply mul_le_mul
  apply hfa
  apply hgb
  apply nng
  apply nna

",,True,-1,"theorem t3 (hfa : FnUb f a) (hgb : FnUb g b) (nng : FnLb g 0) (nna : 0 ≤ a) :
    FnUb (f * g) (a * b) := fun x ↦ mul_le_mul (hfa _ _) (hgb _ _).id ?_ (nng _).id
    where 2.2 := nna
",💥️patterns are not allowed in 'let rec' expressions,False,10,MIL.C03_Logic.solutions.Solutions_S01_Implication_and_the_Universal_Quantifier,Llama-8B,LENGTH,best_of_n,False,0,-1.0,CH03.t3,False
-1,False,6,"theorem t3 (hfa : FnUb f a) (hgb : FnUb g b) (nng : FnLb g 0) (nna : 0 ≤ a) :
    FnUb (fun x ↦ f x * g x) (a * b) := by
  intro x
  apply mul_le_mul
  apply hfa
  apply hgb
  apply nng
  apply nna

",,True,6,"theorem t3 (hfa : FnUb f a) (hgb : FnUb g b) (nng : FnLb g 0) (nna : 0 ≤ a) :
    FnUb (f * g) (a * b) := by
  intro x
  apply mul_le_mul
  apply hfa
  apply hgb
  apply nng
  apply nna
",,True,10,MIL.C03_Logic.solutions.Solutions_S01_Implication_and_the_Universal_Quantifier,Llama-8B,LENGTH,best_of_n,False,0,0.0,CH03.t3,False
-1,False,6,"theorem t3 (hfa : FnUb f a) (hgb : FnUb g b) (nng : FnLb g 0) (nna : 0 ≤ a) :
    FnUb (fun x ↦ f x * g x) (a * b) := by
  intro x
  apply mul_le_mul
  apply hfa
  apply hgb
  apply nng
  apply nna

",,True,-1,"theorem t3 {f : α →o α} {a b : Sort*} {nna : 0 ≤ a}
    (hfa : FnUb f a) (hgb : FnUb g b) (nng : FnLb g 0) (nna : 0 ≤ a) :
    FnUb (fun x ↦ f x * g x) (a * b) := by
  x : Sort*; f x := f (Lb x 0); g x := g (Lb x 0)
  apply mul_le_mul
  apply hfa _ (Lb x 0)
  apply hgb _ (Lb x 0)
  apply nng


","💥️unknown tactic

💥️failed to synthesize
  Preorder α
Additional diagnostic information may be available using the `set_option diagnostics true` command.

💥️failed to synthesize
  LE (Sort u_1)
Additional diagnostic information may be available using the `set_option diagnostics true` command.

💥️application type mismatch
  FnUb g b
argument
  b
has type
  Sort u_2 : Type u_2
but is expected to have type
  ℝ : Type

💥️failed to synthesize
  LE (Sort u_1)
Additional diagnostic information may be available using the `set_option diagnostics true` command.

💥️failed to synthesize
  OfNat (Sort u_1) 0
numerals are polymorphic in Lean, but the numeral `0` cannot be used in a context where the expected type is
  Sort u_1
due to the absence of the instance above
Additional diagnostic information may be available using the `set_option diagnostics true` command.

💥️failed to synthesize
  OfNat (Sort u_1) 0
numerals are polymorphic in Lean, but the numeral `0` cannot be used in a context where the expected type is
  Sort u_1
due to the absence of the instance above
Additional diagnostic information may be available using the `set_option diagnostics true` command.

💥️failed to synthesize
  HMul (Sort u_1) (Sort u_2) ?m.8809
Additional diagnostic information may be available using the `set_option diagnostics true` command.

💥️unsolved goals
g : ℝ → ℝ
α : Type u_3
f : sorry
a : Sort u_1
b : Sort u_2
nna✝ : sorry
hfa : FnUb sorry sorry
hgb : FnUb g sorry
nng : FnLb g 0
nna : sorry
⊢ FnUb (fun x => sorry * g x) sorry",False,10,MIL.C03_Logic.solutions.Solutions_S01_Implication_and_the_Universal_Quantifier,Llama-8B,LENGTH,best_of_n,False,0,-1.0,CH03.t3,False
-1,False,6,"theorem t3 (hfa : FnUb f a) (hgb : FnUb g b) (nng : FnLb g 0) (nna : 0 ≤ a) :
    FnUb (fun x ↦ f x * g x) (a * b) := by
  intro x
  apply mul_le_mul
  apply hfa
  apply hgb
  apply nng
  apply nna

",,True,-1,"theorem t3 (hfa : FnUb f a) (hgb : FnUb g b) (nng : FnLb g 0) (nna : 0 ≤ a) :
    FnUb (f * g) (a * b) :=
  fun x ↦ mul_le_mul_of_nonneg_right (hfa x) (hgb x) (nng x) (nna _)
","💥️function expected at
  mul_le_mul_of_nonneg_right (hfa x) ?m.3636
term has type
  f x * ?m.3575 ≤ a * ?m.3575

💥️application type mismatch
  mul_le_mul_of_nonneg_right (hfa x) (hgb x)
argument
  hgb x
has type
  g x ≤ b : Prop
but is expected to have type
  0 ≤ ?m.3575 : Prop",False,10,MIL.C03_Logic.solutions.Solutions_S01_Implication_and_the_Universal_Quantifier,Llama-8B,LENGTH,best_of_n,False,0,-1.0,CH03.t3,False
-1,False,6,"theorem t3 (hfa : FnUb f a) (hgb : FnUb g b) (nng : FnLb g 0) (nna : 0 ≤ a) :
    FnUb (fun x ↦ f x * g x) (a * b) := by
  intro x
  apply mul_le_mul
  apply hfa
  apply hgb
  apply nng
  apply nna

",,True,-1,"theorem t3 (hfa : FnUb f a) (hgb : FnUb g b) (nng : FnLb g 0) (nna : 0 ≤ a) :
    FnUb (fun x ↦ f x * g x) (a * b) := by
  intro x
  gcongr
  apply hfa x (hgb _}
    (nng _ (hfa _)) <;>
    exact nna <;> positivity


","💥️unexpected token '}'; expected ')', ',' or ':'",False,10,MIL.C03_Logic.solutions.Solutions_S01_Implication_and_the_Universal_Quantifier,Llama-8B,LENGTH,best_of_n,False,0,-1.0,CH03.t3,False
-1,False,6,"theorem t3 (hfa : FnUb f a) (hgb : FnUb g b) (nng : FnLb g 0) (nna : 0 ≤ a) :
    FnUb (fun x ↦ f x * g x) (a * b) := by
  intro x
  apply mul_le_mul
  apply hfa
  apply hgb
  apply nng
  apply nna

",,True,-1,"theorem t3 (hfa : FnUb f a) (hgb : FnUb g b) (nng : FnLb g 0) (nna : 0 ≤ a) :
    FnUb (f * g) (a * b) :=
  (hfa hsv).id_prod_of_le _ _ (by positivity) (hgb hsv).id_prod_of_le _ _
    (by positivity) <|
      t3 ⟨x, by positivity, by field_simp⟩
",💥️unknown identifier 'hsv',False,10,MIL.C03_Logic.solutions.Solutions_S01_Implication_and_the_Universal_Quantifier,Llama-8B,LENGTH,best_of_n,False,0,-1.0,CH03.t3,False
-1,False,6,"theorem t3 (hfa : FnUb f a) (hgb : FnUb g b) (nng : FnLb g 0) (nna : 0 ≤ a) :
    FnUb (fun x ↦ f x * g x) (a * b) := by
  intro x
  apply mul_le_mul
  apply hfa
  apply hgb
  apply nng
  apply nna

",,True,-1,"theorem t3 (hfa : FnUb f a) (hgb : FnUb g b) (nng : FnLb g 0) (nna : 0 ≤ a) :
    FnUb (fun x ↦ f x * g x) (a * b) := fun x ↦ mul_le_mul (hfa _ x) (hgb _ x) (nng _ x) (nna _)

","💥️function expected at
  hfa ?m.3917
term has type
  f ?m.3917 ≤ a

💥️function expected at
  hgb ?m.3954
term has type
  g ?m.3954 ≤ b

💥️function expected at
  nng ?m.3991
term has type
  0 ≤ g ?m.3991

💥️function expected at
  nna
term has type
  0 ≤ a",False,10,MIL.C03_Logic.solutions.Solutions_S01_Implication_and_the_Universal_Quantifier,Llama-8B,LENGTH,best_of_n,False,0,-1.0,CH03.t3,False
-1,False,6,"theorem t3 (hfa : FnUb f a) (hgb : FnUb g b) (nng : FnLb g 0) (nna : 0 ≤ a) :
    FnUb (fun x ↦ f x * g x) (a * b) := by
  intro x
  apply mul_le_mul
  apply hfa
  apply hgb
  apply nng
  apply nna

",,True,-1,"theorem t3 (hfa : FnUb f a) (hgb : FnUb g b) (nng : FnLb g 0) (nna : 0 ≤ a) :
    FnUb (fun x ↦ f x * g x) (a * b) := fun x ↦ mul_egre (hfa (x := a)) (hgb (x := b)) (nng x) nna


",💥️unknown identifier 'mul_egre',False,10,MIL.C03_Logic.solutions.Solutions_S01_Implication_and_the_Universal_Quantifier,Llama-8B,LENGTH,best_of_n,False,0,-1.0,CH03.t3,False
-1,False,6,"theorem t3 (hfa : FnUb f a) (hgb : FnUb g b) (nng : FnLb g 0) (nna : 0 ≤ a) :
    FnUb (fun x ↦ f x * g x) (a * b) := by
  intro x
  apply mul_le_mul
  apply hfa
  apply hgb
  apply nng
  apply nna

",,True,-1,"theorem t3 (hfa : FnUb f a) (hgb : FnUb g b) (nng : FnLb g 0) (nna : 0 ≤ a) :
    FnUb (f * g) (a * b) := fun x ↦ mul_le_mul ..
  apply hfa
  apply hgb
  apply nng
  apply nna

",💥️unexpected '..',False,10,MIL.C03_Logic.solutions.Solutions_S01_Implication_and_the_Universal_Quantifier,Llama-8B,LENGTH,best_of_n,False,0,-1.0,CH03.t3,False
-1,False,6,"theorem t3 (hfa : FnUb f a) (hgb : FnUb g b) (nng : FnLb g 0) (nna : 0 ≤ a) :
    FnUb (fun x ↦ f x * g x) (a * b) := by
  intro x
  apply mul_le_mul
  apply hfa
  apply hgb
  apply nng
  apply nna

",,True,-1,"theorem t3 (hfa : FnUb f a) (hgb : FnUb g b) (nng : FnLb g 0) (nna : 0 ≤ a) :
    FnUb (fun x ↦ f x * g x) (a * b) := by
  intro x
  gcongr
  exact nng


",💥️gcongr did not make progress,False,10,MIL.C03_Logic.solutions.Solutions_S01_Implication_and_the_Universal_Quantifier,Llama-8B,LENGTH,best_of_n,False,0,-1.0,CH03.t3,False
-1,False,3,"theorem t4 {c : ℝ} (mf : Monotone f) (nnc : 0 ≤ c) : Monotone fun x ↦ c * f x := by
  intro a b aleb
  apply mul_le_mul_of_nonneg_left _ nnc
  apply mf aleb

",,True,-1,"theorem t4 {c : ℝ} (mf : Monotone f) (nnc : 0 ≤ c) : Monotone fun x ↦ c * f x := by
  intro a b
  apply mul_le_mul_of_nonneg_left (mf _ b) nnc


","💥️function expected at
  mf ?m.4141
term has type
  f ?m.4139 ≤ f ?m.4140

💥️tactic 'apply' failed, failed to unify
  c * ?m.4133 ≤ c * ?m.4134
with
  a ≤ b → (fun x => c * f x) a ≤ (fun x => c * f x) b
f : ℝ → ℝ
c : ℝ
mf : Monotone f
nnc : 0 ≤ c
a b : ℝ
⊢ a ≤ b → (fun x => c * f x) a ≤ (fun x => c * f x) b",False,10,MIL.C03_Logic.solutions.Solutions_S01_Implication_and_the_Universal_Quantifier,Llama-8B,LENGTH,best_of_n,False,0,-1.0,CH03.t4,False
-1,False,3,"theorem t4 {c : ℝ} (mf : Monotone f) (nnc : 0 ≤ c) : Monotone fun x ↦ c * f x := by
  intro a b aleb
  apply mul_le_mul_of_nonneg_left _ nnc
  apply mf aleb

",,True,-1,"theorem t4 {c : ℝ} (mf : Monotone f) (nnc : 0 ≤ c) : Monotone fun x ↦ c * f x := by
  intro a b aleb
  gcongr
  apply mf aleb
",💥️gcongr did not make progress,False,10,MIL.C03_Logic.solutions.Solutions_S01_Implication_and_the_Universal_Quantifier,Llama-8B,LENGTH,best_of_n,False,0,-1.0,CH03.t4,False
-1,False,3,"theorem t4 {c : ℝ} (mf : Monotone f) (nnc : 0 ≤ c) : Monotone fun x ↦ c * f x := by
  intro a b aleb
  apply mul_le_mul_of_nonneg_left _ nnc
  apply mf aleb

",,True,-1,"theorem t4 {c : ℝ} (mf : Monotone f) (nnc : 0 ≤ c) : Monotone fun x ↦ c * f x := by
  intro a b aleb
  have := (f _)._pos_of_le_of_le (by positivity) (by positivity)
  positivity


","💥️invalid field '_pos_of_le_of_le', the environment does not contain 'Real._pos_of_le_of_le'
  f ?m.4135
has type
  ℝ

💥️unsolved goals
f : ℝ → ℝ
c : ℝ
mf : Monotone f
nnc : 0 ≤ c
a b : ℝ
aleb : a ≤ b
⊢ (fun x => c * f x) a ≤ (fun x => c * f x) b",False,10,MIL.C03_Logic.solutions.Solutions_S01_Implication_and_the_Universal_Quantifier,Llama-8B,LENGTH,best_of_n,False,0,-1.0,CH03.t4,False
-1,False,3,"theorem t4 {c : ℝ} (mf : Monotone f) (nnc : 0 ≤ c) : Monotone fun x ↦ c * f x := by
  intro a b aleb
  apply mul_le_mul_of_nonneg_left _ nnc
  apply mf aleb

",,True,-1,"theorem t4 {c : ℝ} (mf : Monotone f) (nnc : 0 ≤ c) : Monotone fun x ↦ c * f x :=
  monotone_int_of_le_succ fun x ↦ by simpa [mul_assoc] using mf_id
","💥️unknown identifier 'mf_id'

💥️type mismatch
  monotone_int_of_le_succ fun x => ?m.4191
has type
  Monotone ?m.4126 : Prop
but is expected to have type
  Monotone fun x => c * f x : Prop",False,10,MIL.C03_Logic.solutions.Solutions_S01_Implication_and_the_Universal_Quantifier,Llama-8B,LENGTH,best_of_n,False,0,-1.0,CH03.t4,False
-1,False,3,"theorem t4 {c : ℝ} (mf : Monotone f) (nnc : 0 ≤ c) : Monotone fun x ↦ c * f x := by
  intro a b aleb
  apply mul_le_mul_of_nonneg_left _ nnc
  apply mf aleb

",,True,-1,"theorem t4 {c : ℝ} (mf : Monotone f) (nnc : 0 ≤ c) : Monotone fun x ↦ c * f x :=
  fun x y ↦ mul_le_mul_of_nonneg_left (neg_le_iff.mp nnc) <| mf_le_self x y


","💥️unknown identifier 'neg_le_iff.mp'

💥️unknown identifier 'mf_le_self'",False,10,MIL.C03_Logic.solutions.Solutions_S01_Implication_and_the_Universal_Quantifier,Llama-8B,LENGTH,best_of_n,False,0,-1.0,CH03.t4,False
-1,False,3,"theorem t4 {c : ℝ} (mf : Monotone f) (nnc : 0 ≤ c) : Monotone fun x ↦ c * f x := by
  intro a b aleb
  apply mul_le_mul_of_nonneg_left _ nnc
  apply mf aleb

",,True,-1,"theorem t4 {c : ℝ} (mf : Monotone f) (nnc : 0 ≤ c) : Monotone fun x ↦ c * f x :=
  mul_le_mul_of_nonneg_left (by positivity) (by apply mf).get_le


","💥️invalid 'by' tactic, expected type has not been provided

💥️failed to synthesize
  Zero ?m.4124
Additional diagnostic information may be available using the `set_option diagnostics true` command.",False,10,MIL.C03_Logic.solutions.Solutions_S01_Implication_and_the_Universal_Quantifier,Llama-8B,LENGTH,best_of_n,False,0,-1.0,CH03.t4,False
-1,False,3,"theorem t4 {c : ℝ} (mf : Monotone f) (nnc : 0 ≤ c) : Monotone fun x ↦ c * f x := by
  intro a b aleb
  apply mul_le_mul_of_nonneg_left _ nnc
  apply mf aleb

",,True,-1,"lemma t4 {c : ℝ} (mf : Monotone f) (nnc : 0 ≤ c) : Monotone fun x ↦ c * f x := by
  intro a b aleb
  gcongr
  apply mf aleb


",💥️gcongr did not make progress,False,10,MIL.C03_Logic.solutions.Solutions_S01_Implication_and_the_Universal_Quantifier,Llama-8B,LENGTH,best_of_n,False,0,-1.0,CH03.t4,False
-1,False,3,"theorem t4 {c : ℝ} (mf : Monotone f) (nnc : 0 ≤ c) : Monotone fun x ↦ c * f x := by
  intro a b aleb
  apply mul_le_mul_of_nonneg_left _ nnc
  apply mf aleb

",,True,-1,"#align monotone.map_inf_le Monotone.map_inf_le

theorem t4 {c : ℝ} (mf : Monotone f) (nnc : 0 ≤ c) : Monotone fun x ↦ c * f x := by
  intro a b aleb
  refine (mul_le_mul_of_nonneg_left (mf _)).aleb
","💥️unexpected token '#'; expected command

💥️invalid field notation, type is not of the form (C ...) where C is a constant
  mul_le_mul_of_nonneg_left (mf ?m.4144)
has type
  0 ≤ ?m.4135 → ?m.4135 * f ?m.4142 ≤ ?m.4135 * f ?m.4143",False,10,MIL.C03_Logic.solutions.Solutions_S01_Implication_and_the_Universal_Quantifier,Llama-8B,LENGTH,best_of_n,False,0,-1.0,CH03.t4,False
-1,False,3,"theorem t4 {c : ℝ} (mf : Monotone f) (nnc : 0 ≤ c) : Monotone fun x ↦ c * f x := by
  intro a b aleb
  apply mul_le_mul_of_nonneg_left _ nnc
  apply mf aleb

",,True,3,"theorem t4 {c : ℝ} (mf : Monotone f) (nnc : 0 ≤ c) : Monotone fun x ↦ c * f x := by
  intro a b aleb
  apply mul_le_mul_of_nonneg_left _ nnc
  apply mf aleb


",,True,10,MIL.C03_Logic.solutions.Solutions_S01_Implication_and_the_Universal_Quantifier,Llama-8B,LENGTH,best_of_n,False,0,0.0,CH03.t4,False
-1,False,3,"theorem t4 {c : ℝ} (mf : Monotone f) (nnc : 0 ≤ c) : Monotone fun x ↦ c * f x := by
  intro a b aleb
  apply mul_le_mul_of_nonneg_left _ nnc
  apply mf aleb

",,True,-1,"theorem t4 {c : ℝ} (mf : Monotone f) (nnc : 0 ≤ c) : Monotone fun x ↦ c * f x := by
  intro a b aleb
  gcongr
  exact mf aleb


",💥️gcongr did not make progress,False,10,MIL.C03_Logic.solutions.Solutions_S01_Implication_and_the_Universal_Quantifier,Llama-8B,LENGTH,best_of_n,False,0,-1.0,CH03.t4,False
-1,False,0,"theorem t5 {c : ℝ} (mf : Monotone f) (nnc : 0 ≤ c) : Monotone fun x ↦ c * f x :=
  fun a b aleb ↦ mul_le_mul_of_nonneg_left (mf aleb) nnc

",,True,0,"theorem t5 {c : ℝ} (mf : Monotone f) (nnc : 0 ≤ c) : Monotone fun x ↦ c * f x :=
  fun a b aleb ↦ mul_le_mul_of_nonneg_left (mf aleb) nnc


",,True,10,MIL.C03_Logic.solutions.Solutions_S01_Implication_and_the_Universal_Quantifier,Llama-8B,LENGTH,best_of_n,False,0,-1.0,CH03.t5,False
-1,False,0,"theorem t5 {c : ℝ} (mf : Monotone f) (nnc : 0 ≤ c) : Monotone fun x ↦ c * f x :=
  fun a b aleb ↦ mul_le_mul_of_nonneg_left (mf aleb) nnc

",,True,0,"theorem t5 {c : ℝ} (mf : Monotone f) (nnc : 0 ≤ c) : Monotone fun x ↦ c * f x :=
  fun a b aleb ↦ mul_le_mul_of_nonneg_left (mf aleb) nnc
",,True,10,MIL.C03_Logic.solutions.Solutions_S01_Implication_and_the_Universal_Quantifier,Llama-8B,LENGTH,best_of_n,False,0,-1.0,CH03.t5,False
-1,False,0,"theorem t5 {c : ℝ} (mf : Monotone f) (nnc : 0 ≤ c) : Monotone fun x ↦ c * f x :=
  fun a b aleb ↦ mul_le_mul_of_nonneg_left (mf aleb) nnc

",,True,0,"theorem t5 {c : ℝ} (mf : Monotone f) (nnc : 0 ≤ c) : Monotone fun x ↦ c * f x :=
  fun a b aleb ↦ mul_le_mul_of_nonneg_left (mf aleb) nnc


",,True,10,MIL.C03_Logic.solutions.Solutions_S01_Implication_and_the_Universal_Quantifier,Llama-8B,LENGTH,best_of_n,False,0,-1.0,CH03.t5,False
-1,False,0,"theorem t5 {c : ℝ} (mf : Monotone f) (nnc : 0 ≤ c) : Monotone fun x ↦ c * f x :=
  fun a b aleb ↦ mul_le_mul_of_nonneg_left (mf aleb) nnc

",,True,0,"theorem t5 {c : ℝ} (mf : Monotone f) (nnc : 0 ≤ c) : Monotone fun x ↦ c * f x :=
  fun a b aleb ↦ mul_le_mul_of_nonneg_left (mf aleb) nnc


",,True,10,MIL.C03_Logic.solutions.Solutions_S01_Implication_and_the_Universal_Quantifier,Llama-8B,LENGTH,best_of_n,False,0,-1.0,CH03.t5,False
-1,False,0,"theorem t5 {c : ℝ} (mf : Monotone f) (nnc : 0 ≤ c) : Monotone fun x ↦ c * f x :=
  fun a b aleb ↦ mul_le_mul_of_nonneg_left (mf aleb) nnc

",,True,0,"theorem t5 {c : ℝ} (mf : Monotone f) (nnc : 0 ≤ c) : Monotone fun x ↦ c * f x :=
  fun a b aleb ↦ mul_le_mul_of_nonneg_left (mf aleb) nnc
",,True,10,MIL.C03_Logic.solutions.Solutions_S01_Implication_and_the_Universal_Quantifier,Llama-8B,LENGTH,best_of_n,False,0,-1.0,CH03.t5,False
-1,False,0,"theorem t5 {c : ℝ} (mf : Monotone f) (nnc : 0 ≤ c) : Monotone fun x ↦ c * f x :=
  fun a b aleb ↦ mul_le_mul_of_nonneg_left (mf aleb) nnc

",,True,0,"theorem t5 {c : ℝ} (mf : Monotone f) (nnc : 0 ≤ c) : Monotone fun x ↦ c * f x :=
  fun a b aleb ↦ mul_le_mul_of_nonneg_left (mf aleb) nnc


",,True,10,MIL.C03_Logic.solutions.Solutions_S01_Implication_and_the_Universal_Quantifier,Llama-8B,LENGTH,best_of_n,False,0,-1.0,CH03.t5,False
-1,False,0,"theorem t5 {c : ℝ} (mf : Monotone f) (nnc : 0 ≤ c) : Monotone fun x ↦ c * f x :=
  fun a b aleb ↦ mul_le_mul_of_nonneg_left (mf aleb) nnc

",,True,0,"theorem t5 {c : ℝ} (mf : Monotone f) (nnc : 0 ≤ c) : Monotone fun x ↦ c * f x :=
  fun a b aleb ↦ mul_le_mul_of_nonneg_left (mf aleb) nnc


",,True,10,MIL.C03_Logic.solutions.Solutions_S01_Implication_and_the_Universal_Quantifier,Llama-8B,LENGTH,best_of_n,False,0,-1.0,CH03.t5,False
-1,False,0,"theorem t5 {c : ℝ} (mf : Monotone f) (nnc : 0 ≤ c) : Monotone fun x ↦ c * f x :=
  fun a b aleb ↦ mul_le_mul_of_nonneg_left (mf aleb) nnc

",,True,0,"theorem t5 {c : ℝ} (mf : Monotone f) (nnc : 0 ≤ c) : Monotone fun x ↦ c * f x :=
  fun a b aleb ↦ mul_le_mul_of_nonneg_left (mf aleb) nnc


",,True,10,MIL.C03_Logic.solutions.Solutions_S01_Implication_and_the_Universal_Quantifier,Llama-8B,LENGTH,best_of_n,False,0,-1.0,CH03.t5,False
-1,False,0,"theorem t5 {c : ℝ} (mf : Monotone f) (nnc : 0 ≤ c) : Monotone fun x ↦ c * f x :=
  fun a b aleb ↦ mul_le_mul_of_nonneg_left (mf aleb) nnc

",,True,0,"theorem t5 {c : ℝ} (mf : Monotone f) (nnc : 0 ≤ c) : Monotone fun x ↦ c * f x :=
  fun a b aleb ↦ mul_le_mul_of_nonneg_left (mf aleb) nnc


",,True,10,MIL.C03_Logic.solutions.Solutions_S01_Implication_and_the_Universal_Quantifier,Llama-8B,LENGTH,best_of_n,False,0,-1.0,CH03.t5,False
-1,False,0,"theorem t5 {c : ℝ} (mf : Monotone f) (nnc : 0 ≤ c) : Monotone fun x ↦ c * f x :=
  fun a b aleb ↦ mul_le_mul_of_nonneg_left (mf aleb) nnc

",,True,0,"theorem t5 {c : ℝ} (mf : Monotone f) (nnc : 0 ≤ c) : Monotone fun x ↦ c * f x :=
  fun a b aleb ↦ mul_le_mul_of_nonneg_left (mf aleb) nnc


",,True,10,MIL.C03_Logic.solutions.Solutions_S01_Implication_and_the_Universal_Quantifier,Llama-8B,LENGTH,best_of_n,False,0,-1.0,CH03.t5,False
-1,False,4,"theorem t6 (mf : Monotone f) (mg : Monotone g) : Monotone fun x ↦ f (g x) := by
  intro a b aleb
  apply mf
  apply mg
  apply aleb

",,True,-1,"theorem t6 (mf : Monotone f) (mg : Monotone g) : Monotone fun x ↦ f (g x) :=
  fun _ ↦ mf (g _) <;> intro a b aleb <;>
    apply mf <;> apply mg <;> apply aleb
","💥️application type mismatch
  mf (g ?m.5574)
argument
  g ?m.5574
has type
  ℝ : Type
but is expected to have type
  ?m.5570 ≤ ?m.5571 : Prop",False,10,MIL.C03_Logic.solutions.Solutions_S01_Implication_and_the_Universal_Quantifier,Llama-8B,LENGTH,best_of_n,False,0,-1.0,CH03.t6,False
-1,False,4,"theorem t6 (mf : Monotone f) (mg : Monotone g) : Monotone fun x ↦ f (g x) := by
  intro a b aleb
  apply mf
  apply mg
  apply aleb

",,True,4,"theorem t6 (mf : Monotone f) (mg : Monotone g) : Monotone fun x ↦ f (g x) := by
  intro a b aleb
  apply mf
  apply mg
  apply aleb


",,True,10,MIL.C03_Logic.solutions.Solutions_S01_Implication_and_the_Universal_Quantifier,Llama-8B,LENGTH,best_of_n,False,0,0.0,CH03.t6,False
-1,False,4,"theorem t6 (mf : Monotone f) (mg : Monotone g) : Monotone fun x ↦ f (g x) := by
  intro a b aleb
  apply mf
  apply mg
  apply aleb

",,True,4,"theorem t6 (mf : Monotone f) (mg : Monotone g) : Monotone fun x ↦ f (g x) := by
  intro a b aleb
  apply mf
  apply mg
  apply aleb


",,True,10,MIL.C03_Logic.solutions.Solutions_S01_Implication_and_the_Universal_Quantifier,Llama-8B,LENGTH,best_of_n,False,0,0.0,CH03.t6,False
-1,False,4,"theorem t6 (mf : Monotone f) (mg : Monotone g) : Monotone fun x ↦ f (g x) := by
  intro a b aleb
  apply mf
  apply mg
  apply aleb

",,True,-1,"theorem t6 (mf : Monotone f) (mg : Monotone g) : Monotone fun x ↦ f (g x) :=
  fun _ _ aleb => mf _ (mg _ a) aleb


","💥️function expected at
  mf ?m.5578
term has type
  f ?m.5576 ≤ f ?m.5577",False,10,MIL.C03_Logic.solutions.Solutions_S01_Implication_and_the_Universal_Quantifier,Llama-8B,LENGTH,best_of_n,False,0,-1.0,CH03.t6,False
-1,False,4,"theorem t6 (mf : Monotone f) (mg : Monotone g) : Monotone fun x ↦ f (g x) := by
  intro a b aleb
  apply mf
  apply mg
  apply aleb

",,True,-1,"theorem t6 (mf : Monotone f) (mg : Monotone g) : Monotone fun x ↦ f (g x) :=
  fun x ↦ (f ∘ g x).id_le_of_id_le _ _ <;>
  intro a b a1 b1 b2
  apply mf
  apply mg
  apply b2


","💥️invalid field notation, type is not of the form (C ...) where C is a constant
  f ∘ ?m.6371
has type
  ?m.5573 → ℝ

💥️application type mismatch
  f ∘ g x
argument
  g x
has type
  ℝ : Type
but is expected to have type
  ?m.5573 → ℝ : Sort (max ?u.5572 1)",False,10,MIL.C03_Logic.solutions.Solutions_S01_Implication_and_the_Universal_Quantifier,Llama-8B,LENGTH,best_of_n,False,0,-1.0,CH03.t6,False
-1,False,4,"theorem t6 (mf : Monotone f) (mg : Monotone g) : Monotone fun x ↦ f (g x) := by
  intro a b aleb
  apply mf
  apply mg
  apply aleb

",,True,-1,"theorem t6 (mf : Monotone f) (mg : Monotone g) : Monotone fun x ↦ f (g x) :=
  fun x y z => (D ∈ ℤ).elim (t6 x y z)
","💥️unknown identifier 'D'

💥️failed to synthesize
  Membership ?m.5624 Type
Additional diagnostic information may be available using the `set_option diagnostics true` command.",False,10,MIL.C03_Logic.solutions.Solutions_S01_Implication_and_the_Universal_Quantifier,Llama-8B,LENGTH,best_of_n,False,0,-1.0,CH03.t6,False
-1,False,4,"theorem t6 (mf : Monotone f) (mg : Monotone g) : Monotone fun x ↦ f (g x) := by
  intro a b aleb
  apply mf
  apply mg
  apply aleb

",,True,-1,"theorem t6 (f : α →o α) (g : α →o α) : Monotone fun x ↦ f (g x) :=
  fun x y z → f (g x) (z ▸ fun a li b ↦ mf (g a) li) (b ↦ ?_)
","💥️unexpected token '→'; expected '↦', '=>'

💥️failed to synthesize
  Preorder α
Additional diagnostic information may be available using the `set_option diagnostics true` command.

💥️failed to synthesize
  Preorder α
Additional diagnostic information may be available using the `set_option diagnostics true` command.",False,10,MIL.C03_Logic.solutions.Solutions_S01_Implication_and_the_Universal_Quantifier,Llama-8B,LENGTH,best_of_n,False,0,-1.0,CH03.t6,False
-1,False,4,"theorem t6 (mf : Monotone f) (mg : Monotone g) : Monotone fun x ↦ f (g x) := by
  intro a b aleb
  apply mf
  apply mg
  apply aleb

",,True,4,"theorem t6 (mf : Monotone f) (mg : Monotone g) : Monotone fun x ↦ f (g x) := by
  intro a b aleb
  apply mf
  apply mg
  apply aleb


",,True,10,MIL.C03_Logic.solutions.Solutions_S01_Implication_and_the_Universal_Quantifier,Llama-8B,LENGTH,best_of_n,False,0,0.0,CH03.t6,False
-1,False,4,"theorem t6 (mf : Monotone f) (mg : Monotone g) : Monotone fun x ↦ f (g x) := by
  intro a b aleb
  apply mf
  apply mg
  apply aleb

",,True,-1,"theorem t6 (mf : Monotone f) (mg : Monotone g) : Monotone fun x ↦ f (g x) :=
  fun _ isBoundedImp_self ▦ by simpa using mf (g x) (aleb _ isBoundedImp_self)
",💥️expected token,False,10,MIL.C03_Logic.solutions.Solutions_S01_Implication_and_the_Universal_Quantifier,Llama-8B,LENGTH,best_of_n,False,0,-1.0,CH03.t6,False
-1,False,4,"theorem t6 (mf : Monotone f) (mg : Monotone g) : Monotone fun x ↦ f (g x) := by
  intro a b aleb
  apply mf
  apply mg
  apply aleb

",,True,-1,"theorem t6 (mf : Monotone f) (mg : Monotone g) : Monotone fun x ↦ ∑ y, f (g y) :=
  t6'_iff.2 ⟨f, g, Int_toMonoidHom.id _⟩


","💥️failed to synthesize
  Fintype ℝ
Additional diagnostic information may be available using the `set_option diagnostics true` command.

💥️unknown identifier 't6'_iff'",False,10,MIL.C03_Logic.solutions.Solutions_S01_Implication_and_the_Universal_Quantifier,Llama-8B,LENGTH,best_of_n,False,0,-1.0,CH03.t6,False
-1,False,0,"theorem t7 (mf : Monotone f) (mg : Monotone g) : Monotone fun x ↦ f (g x) :=
  fun a b aleb ↦ mf (mg aleb)

",,True,0,"theorem t7 (mf : Monotone f) (mg : Monotone g) : Monotone fun x ↦ f (g x) :=
  fun a b aleb ↦ mf (mg aleb)


",,True,10,MIL.C03_Logic.solutions.Solutions_S01_Implication_and_the_Universal_Quantifier,Llama-8B,LENGTH,best_of_n,False,0,-1.0,CH03.t7,False
-1,False,0,"theorem t7 (mf : Monotone f) (mg : Monotone g) : Monotone fun x ↦ f (g x) :=
  fun a b aleb ↦ mf (mg aleb)

",,True,0,"theorem t7 (mf : Monotone f) (mg : Monotone g) : Monotone fun x ↦ f (g x) :=
  fun a b aleb ↦ mf (mg aleb)
",,True,10,MIL.C03_Logic.solutions.Solutions_S01_Implication_and_the_Universal_Quantifier,Llama-8B,LENGTH,best_of_n,False,0,-1.0,CH03.t7,False
-1,False,0,"theorem t7 (mf : Monotone f) (mg : Monotone g) : Monotone fun x ↦ f (g x) :=
  fun a b aleb ↦ mf (mg aleb)

",,True,-1,"theorem t7 (f : α →o α) (g : α →o α) : Monotone fun x ↦ f (g x) := fun _ ↦ f ∘ g


/-!
### Criteria for and consequences of monotone functions

We relate monotone functions on α →o α with upper bounds.
-/

/ Let ⟨f, g⟩ be a pair of monotone functions on α →o α. Let h : α →o α :=
  fun x ↦ f (g x).le (f _).le (g _).le h x.

Then t7 ⟨f, g⟩, h : α →o α := f ∘ g, and _ in terms of h :=
  f ∘ g = (f ∘ g) ∘ h (f ∘ g) · id -
  ⟨x, by simp [h x]⟩
-/

theorem t7 (hf : Monotone f) (hg : Monotone g) : Monotone fun x ↦ f (g x) := f ∘ g


/-!
### Criteria for and consequences of monotone functions

We relate monotone functions on α →o α with upper bounds.
-/

/ Let ⟨f, g⟩ be a pair of monotone functions on α →o α. Let h : α →o α :=
  fun x ↦ f (g x).le (f _).le (g _).le h x.

Then t7 ⟨f, g⟩, h : α →o α := f ∘ g, and _ in terms of h :=
  f ∘ g = (f ∘ g) ∘ h (f ∘ g) · id -
  ⟨x, by simp [h x]⟩
-/

theorem t7 (hf : Monotone f) (hg : Monotone g) : Monotone fun x ↦ f (g x) := f ∘ g
","💥️failed to synthesize
  Preorder α
Additional diagnostic information may be available using the `set_option diagnostics true` command.

💥️failed to synthesize
  Preorder α
Additional diagnostic information may be available using the `set_option diagnostics true` command.",False,10,MIL.C03_Logic.solutions.Solutions_S01_Implication_and_the_Universal_Quantifier,Llama-8B,LENGTH,best_of_n,False,0,-1.0,CH03.t7,False
-1,False,0,"theorem t7 (mf : Monotone f) (mg : Monotone g) : Monotone fun x ↦ f (g x) :=
  fun a b aleb ↦ mf (mg aleb)

",,True,0,"theorem t7 (mf : Monotone f) (mg : Monotone g) : Monotone fun x ↦ f (g x) :=
  fun a b aleb ↦ mf (mg aleb)
",,True,10,MIL.C03_Logic.solutions.Solutions_S01_Implication_and_the_Universal_Quantifier,Llama-8B,LENGTH,best_of_n,False,0,-1.0,CH03.t7,False
-1,False,0,"theorem t7 (mf : Monotone f) (mg : Monotone g) : Monotone fun x ↦ f (g x) :=
  fun a b aleb ↦ mf (mg aleb)

",,True,0,"theorem t7 (mf : Monotone f) (mg : Monotone g) : Monotone fun x ↦ f (g x) :=
  fun a b aleb ↦ mf (mg aleb)
",,True,10,MIL.C03_Logic.solutions.Solutions_S01_Implication_and_the_Universal_Quantifier,Llama-8B,LENGTH,best_of_n,False,0,-1.0,CH03.t7,False
-1,False,0,"theorem t7 (mf : Monotone f) (mg : Monotone g) : Monotone fun x ↦ f (g x) :=
  fun a b aleb ↦ mf (mg aleb)

",,True,0,"theorem t7 (mf : Monotone f) (mg : Monotone g) : Monotone fun x ↦ f (g x) :=
  fun a b aleb ↦ mf (mg aleb)
",,True,10,MIL.C03_Logic.solutions.Solutions_S01_Implication_and_the_Universal_Quantifier,Llama-8B,LENGTH,best_of_n,False,0,-1.0,CH03.t7,False
-1,False,0,"theorem t7 (mf : Monotone f) (mg : Monotone g) : Monotone fun x ↦ f (g x) :=
  fun a b aleb ↦ mf (mg aleb)

",,True,0,"theorem t7 (mf : Monotone f) (mg : Monotone g) : Monotone fun x ↦ f (g x) :=
  fun a b aleb ↦ mf (mg aleb)


",,True,10,MIL.C03_Logic.solutions.Solutions_S01_Implication_and_the_Universal_Quantifier,Llama-8B,LENGTH,best_of_n,False,0,-1.0,CH03.t7,False
-1,False,0,"theorem t7 (mf : Monotone f) (mg : Monotone g) : Monotone fun x ↦ f (g x) :=
  fun a b aleb ↦ mf (mg aleb)

",,True,0,"theorem t7 (mf : Monotone f) (mg : Monotone g) : Monotone fun x ↦ f (g x) :=
  fun a b aleb ↦ mf (mg aleb)
",,True,10,MIL.C03_Logic.solutions.Solutions_S01_Implication_and_the_Universal_Quantifier,Llama-8B,LENGTH,best_of_n,False,0,-1.0,CH03.t7,False
-1,False,0,"theorem t7 (mf : Monotone f) (mg : Monotone g) : Monotone fun x ↦ f (g x) :=
  fun a b aleb ↦ mf (mg aleb)

",,True,-1,"theorem t7 (mf : Monotone f) (mg : Monotone g) : Monotone fun x ↦ f (g x) := fun _ ↦ map f _ id
",💥️unknown identifier 'map',False,10,MIL.C03_Logic.solutions.Solutions_S01_Implication_and_the_Universal_Quantifier,Llama-8B,LENGTH,best_of_n,False,0,-1.0,CH03.t7,False
-1,False,0,"theorem t7 (mf : Monotone f) (mg : Monotone g) : Monotone fun x ↦ f (g x) :=
  fun a b aleb ↦ mf (mg aleb)

",,True,0,"theorem t7 (mf : Monotone f) (mg : Monotone g) : Monotone fun x ↦ f (g x) :=
  fun a b aleb ↦ mf (mg aleb)
",,True,10,MIL.C03_Logic.solutions.Solutions_S01_Implication_and_the_Universal_Quantifier,Llama-8B,LENGTH,best_of_n,False,0,-1.0,CH03.t7,False
-1,False,4,"theorem t8 (of : FnOdd f) (og : FnOdd g) : FnEven fun x ↦ f x * g x := by
  intro x
  calc
    (fun x ↦ f x * g x) x = f x * g x := rfl
    _ = f (-x) * g (-x) := by rw [of, og, neg_mul_neg]


",,True,-1,"theorem t8 (of : FnOdd f) (og : FnOdd g) : FnEven fun x ↦ f x * g x := by
  simp_rw [of, og]
",💥️simp made no progress,False,10,MIL.C03_Logic.solutions.Solutions_S01_Implication_and_the_Universal_Quantifier,Llama-8B,LENGTH,best_of_n,False,0,-1.0,CH03.t8,False
-1,False,4,"theorem t8 (of : FnOdd f) (og : FnOdd g) : FnEven fun x ↦ f x * g x := by
  intro x
  calc
    (fun x ↦ f x * g x) x = f x * g x := rfl
    _ = f (-x) * g (-x) := by rw [of, og, neg_mul_neg]


",,True,-1,"theorem t8 (of : FnOdd f) (og : FnOdd g) : FnEven fun x ↦ f x * g x := by
  intro x
  calc
    (fun x ↦ f x * g x) x = f x * g x := rfl
    _ = f (-x) * g (-x) := by rw [of, og, neg_mul_neg]
    _ = -(f x * g x) := by rw [neg_mul_neg, of, og]
    _ = -f x * g x := by rw [← neg_mul_neg, of, og]
","💥️tactic 'rewrite' failed, did not find instance of the pattern in the target expression
  -?a * -?b
f g : ℝ → ℝ
of : FnOdd f
og : FnOdd g
x : ℝ
⊢ f (-x) * g (-x) = -(f x * g x)

💥️unsolved goals
f g : ℝ → ℝ
of : FnOdd f
og : FnOdd g
x : ℝ
⊢ -(- -f (-x) * - -g (-x)) = - -f (-x) * -g (-x)

💥️unsolved goals
case calc.step
f g : ℝ → ℝ
of : FnOdd f
og : FnOdd g
x : ℝ
⊢ -f x * g x = (fun x => f x * g x) (-x)",False,10,MIL.C03_Logic.solutions.Solutions_S01_Implication_and_the_Universal_Quantifier,Llama-8B,LENGTH,best_of_n,False,0,-1.0,CH03.t8,False
-1,False,4,"theorem t8 (of : FnOdd f) (og : FnOdd g) : FnEven fun x ↦ f x * g x := by
  intro x
  calc
    (fun x ↦ f x * g x) x = f x * g x := rfl
    _ = f (-x) * g (-x) := by rw [of, og, neg_mul_neg]


",,True,-1,"theorem t8 (of : FnOdd f) (og : FnOdd g) : FnEven fun x ↦ f x * g x := by
  intro x
  rw [of, og, neg_mul_neg]
  linear_combination f (-x) * g (-x) + l_comm_of_u_comm (l_comm_of_u_comm) x
","💥️tactic 'rewrite' failed, did not find instance of the pattern in the target expression
  f ?x
f g : ℝ → ℝ
of : FnOdd f
og : FnOdd g
x : ℝ
⊢ (fun x => f x * g x) x = (fun x => f x * g x) (-x)",False,10,MIL.C03_Logic.solutions.Solutions_S01_Implication_and_the_Universal_Quantifier,Llama-8B,LENGTH,best_of_n,False,0,-1.0,CH03.t8,False
-1,False,4,"theorem t8 (of : FnOdd f) (og : FnOdd g) : FnEven fun x ↦ f x * g x := by
  intro x
  calc
    (fun x ↦ f x * g x) x = f x * g x := rfl
    _ = f (-x) * g (-x) := by rw [of, og, neg_mul_neg]


",,True,-1,"theorem t8 (of : FnOdd f) (og : FnOdd g) : FnEven fun x ↦ f x * g x := by
  intro x
  calc
    (f * g) x x = f x * g x := rfl
    _ = f (-x) * g (-x) := by rw [of, og, neg_mul_neg]
    _ = -f x * (-g x) := by rw [neg_mul_neg]
    _ = f x * g x := by rw [neg_mul_neg, star_id_of_comm]
    _ = f x * g x := by rw [star_id_of_comm, neg_mul_neg, neg_comm]
  simp
","💥️function expected at
  (f * g) x
term has type
  ℝ

💥️invalid 'calc' step, right-hand side is
  f x * g x : ℝ
but is expected to be
  (fun x => f x * g x) (-x) : ℝ",False,10,MIL.C03_Logic.solutions.Solutions_S01_Implication_and_the_Universal_Quantifier,Llama-8B,LENGTH,best_of_n,False,0,-1.0,CH03.t8,False
-1,False,4,"theorem t8 (of : FnOdd f) (og : FnOdd g) : FnEven fun x ↦ f x * g x := by
  intro x
  calc
    (fun x ↦ f x * g x) x = f x * g x := rfl
    _ = f (-x) * g (-x) := by rw [of, og, neg_mul_neg]


",,True,-1,"theorem t8 (of : FnOdd f) (og : FnOdd g) : FnEven fun x ↦ f x * g x := by
  intro x
  calc
    (fun x ↦ f x * g x) x = f x * g x := rfl
    _ = f (-x) * g (-x) := by rw [of, og, neg_mul_neg]
    _ = -(f x * g x) := by rw [neg_mul_neg]
    _ even := by apply even_iff
","💥️function expected at
  ?m.6657
term has type
  ℝ

💥️invalid 'calc' step, left-hand side is
  Sort ?u.6655 : Type ?u.6655
but previous right-hand side is
  -(f x * g x) : ℝ",False,10,MIL.C03_Logic.solutions.Solutions_S01_Implication_and_the_Universal_Quantifier,Llama-8B,LENGTH,best_of_n,False,0,-1.0,CH03.t8,False
-1,False,4,"theorem t8 (of : FnOdd f) (og : FnOdd g) : FnEven fun x ↦ f x * g x := by
  intro x
  calc
    (fun x ↦ f x * g x) x = f x * g x := rfl
    _ = f (-x) * g (-x) := by rw [of, og, neg_mul_neg]


",,True,-1,"theorem t8 (of : FnOdd f) (og : FnOdd g) : FnEven fun x ↦ f x * g x := by
  intro x
  rw [of, og, neg_mul_neg] at *
  exact even_mul_right f x g x
","💥️tactic 'rewrite' failed, did not find instance of the pattern in the current goal
f g : ℝ → ℝ
of : FnOdd f
og : FnOdd g
x : ℝ
⊢ (fun x => f x * g x) x = (fun x => f x * g x) (-x)",False,10,MIL.C03_Logic.solutions.Solutions_S01_Implication_and_the_Universal_Quantifier,Llama-8B,LENGTH,best_of_n,False,0,-1.0,CH03.t8,False
-1,False,4,"theorem t8 (of : FnOdd f) (og : FnOdd g) : FnEven fun x ↦ f x * g x := by
  intro x
  calc
    (fun x ↦ f x * g x) x = f x * g x := rfl
    _ = f (-x) * g (-x) := by rw [of, og, neg_mul_neg]


",,True,-1,"theorem t8 (of : FnOdd f) (og : FnOdd g) : FnEven fun x ↦ f x * g x := by
  intro x
  rw [of, og, neg_mul_neg, starId_of_comm]
  rfl
","💥️tactic 'rewrite' failed, did not find instance of the pattern in the target expression
  f ?x
f g : ℝ → ℝ
of : FnOdd f
og : FnOdd g
x : ℝ
⊢ (fun x => f x * g x) x = (fun x => f x * g x) (-x)",False,10,MIL.C03_Logic.solutions.Solutions_S01_Implication_and_the_Universal_Quantifier,Llama-8B,LENGTH,best_of_n,False,0,-1.0,CH03.t8,False
-1,False,4,"theorem t8 (of : FnOdd f) (og : FnOdd g) : FnEven fun x ↦ f x * g x := by
  intro x
  calc
    (fun x ↦ f x * g x) x = f x * g x := rfl
    _ = f (-x) * g (-x) := by rw [of, og, neg_mul_neg]


",,True,-1,"theorem t8 (of : FnOdd f) (og : FnOdd g) : FnEven fun x ↦ f x * g x := by
  intro x
  calc
    (f * g) x = f x * g x := rfl
    _ = f (-x) * g (-x) := by rw [of, og, neg_mul_neg]
    _ = (f * g) (-x) := by rw [prod_type' (f := f)]
    _ = f (-x) * g (-x) := by rw [prod_type' (g := g)]
    _ = (f * g) (-x) := by rw [trans_apply (f * g)]


","💥️unknown identifier 'prod_type''

💥️tactic 'rewrite' failed, equality or iff proof expected
  ?m.7051
f g : ℝ → ℝ
of : FnOdd f
og : FnOdd g
x : ℝ
⊢ f (-x) * g (-x) = (f * g) (-x)

💥️unknown identifier 'prod_type''

💥️tactic 'rewrite' failed, equality or iff proof expected
  ?m.7053
f g : ℝ → ℝ
of : FnOdd f
og : FnOdd g
x : ℝ
⊢ (f * g) (-x) = f (-x) * g (-x)

💥️unknown identifier 'trans_apply'

💥️tactic 'rewrite' failed, equality or iff proof expected
  ?m.7055
f g : ℝ → ℝ
of : FnOdd f
og : FnOdd g
x : ℝ
⊢ f (-x) * g (-x) = (f * g) (-x)",False,10,MIL.C03_Logic.solutions.Solutions_S01_Implication_and_the_Universal_Quantifier,Llama-8B,LENGTH,best_of_n,False,0,-1.0,CH03.t8,False
-1,False,4,"theorem t8 (of : FnOdd f) (og : FnOdd g) : FnEven fun x ↦ f x * g x := by
  intro x
  calc
    (fun x ↦ f x * g x) x = f x * g x := rfl
    _ = f (-x) * g (-x) := by rw [of, og, neg_mul_neg]


",,True,-1,"theorem t8 (of : FnOdd f) (og : FnOdd g) : FnEven fun x ↦ f x * g x := by
  intro x
  calc (f * g) x x = f x * g x := rfl
    _ = f (-x) * g (-x) := by rw [of, og, neg_mul_neg]
","💥️function expected at
  (f * g) x
term has type
  ℝ",False,10,MIL.C03_Logic.solutions.Solutions_S01_Implication_and_the_Universal_Quantifier,Llama-8B,LENGTH,best_of_n,False,0,-1.0,CH03.t8,False
-1,False,4,"theorem t8 (of : FnOdd f) (og : FnOdd g) : FnEven fun x ↦ f x * g x := by
  intro x
  calc
    (fun x ↦ f x * g x) x = f x * g x := rfl
    _ = f (-x) * g (-x) := by rw [of, og, neg_mul_neg]


",,True,-1,"theorem t8 (of : FnOdd f) (og : FnOdd g) : FnEven fun x ↦ f x * g x := by
  intro x
  calc
    (f * g) x x = f x * g x := rfl
    _ = f (-x) * g (-x) := by rw [of, og, neg_mul_neg]
","💥️function expected at
  (f * g) x
term has type
  ℝ",False,10,MIL.C03_Logic.solutions.Solutions_S01_Implication_and_the_Universal_Quantifier,Llama-8B,LENGTH,best_of_n,False,0,-1.0,CH03.t8,False
-1,False,3,"theorem t9 (ef : FnEven f) (og : FnOdd g) : FnOdd fun x ↦ f x * g x := by
  intro x
  dsimp
  rw [ef, og, neg_mul_eq_mul_neg]

",,True,-1,"theorem t9 (ef : FnEven f) (og : FnOdd g) : FnOdd fun x ↦ f x * g x := by
  intro x
  rw [ef, eg, neg_mul_eq_mul_neg]
","💥️tactic 'rewrite' failed, did not find instance of the pattern in the target expression
  f ?x
f g : ℝ → ℝ
ef : FnEven f
og : FnOdd g
x : ℝ
⊢ (fun x => f x * g x) x = -(fun x => f x * g x) (-x)",False,10,MIL.C03_Logic.solutions.Solutions_S01_Implication_and_the_Universal_Quantifier,Llama-8B,LENGTH,best_of_n,False,0,-1.0,CH03.t9,False
-1,False,3,"theorem t9 (ef : FnEven f) (og : FnOdd g) : FnOdd fun x ↦ f x * g x := by
  intro x
  dsimp
  rw [ef, og, neg_mul_eq_mul_neg]

",,True,-1,"theorem t9 (ef : FnEven f) (og : FnOdd g) : FnOdd fun x ↦ f x * g x := by
  intro x
  rw [ef, og, neg_mul_eq_mul_neg, star_id_of_comm]
","💥️tactic 'rewrite' failed, did not find instance of the pattern in the target expression
  f ?x
f g : ℝ → ℝ
ef : FnEven f
og : FnOdd g
x : ℝ
⊢ (fun x => f x * g x) x = -(fun x => f x * g x) (-x)",False,10,MIL.C03_Logic.solutions.Solutions_S01_Implication_and_the_Universal_Quantifier,Llama-8B,LENGTH,best_of_n,False,0,-1.0,CH03.t9,False
-1,False,3,"theorem t9 (ef : FnEven f) (og : FnOdd g) : FnOdd fun x ↦ f x * g x := by
  intro x
  dsimp
  rw [ef, og, neg_mul_eq_mul_neg]

",,True,-1,"theorem t9 (ef : FnEven f) (og : FnOdd g) : FnOdd fun x ↦ f x * g x := by
  intro x
  rw [ef, og, neg_mul_eq_mul_neg]
","💥️tactic 'rewrite' failed, did not find instance of the pattern in the target expression
  f ?x
f g : ℝ → ℝ
ef : FnEven f
og : FnOdd g
x : ℝ
⊢ (fun x => f x * g x) x = -(fun x => f x * g x) (-x)",False,10,MIL.C03_Logic.solutions.Solutions_S01_Implication_and_the_Universal_Quantifier,Llama-8B,LENGTH,best_of_n,False,0,-1.0,CH03.t9,False
-1,False,3,"theorem t9 (ef : FnEven f) (og : FnOdd g) : FnOdd fun x ↦ f x * g x := by
  intro x
  dsimp
  rw [ef, og, neg_mul_eq_mul_neg]

",,True,-1,"lemma t9 (f : EvenFn f) (g : OddFn g) : OddFn fun x ↦ f x * g x := by
  simp [even_multodd, neg_mul_eq_mul_neg, even_neg]
","💥️function expected at
  EvenFn
term has type
  ?m.6696

💥️function expected at
  OddFn
term has type
  ?m.6703

💥️function expected at
  OddFn
term has type
  ?m.6703

💥️unknown identifier 'even_multodd'

💥️simp made no progress",False,10,MIL.C03_Logic.solutions.Solutions_S01_Implication_and_the_Universal_Quantifier,Llama-8B,LENGTH,best_of_n,False,0,-1.0,CH03.t9,False
-1,False,3,"theorem t9 (ef : FnEven f) (og : FnOdd g) : FnOdd fun x ↦ f x * g x := by
  intro x
  dsimp
  rw [ef, og, neg_mul_eq_mul_neg]

",,True,-1,"theorem t9 (ef : FnEven f) (og : FnOdd g) : FnOdd fun x ↦ f x * g x := fun x ↦ by
  rw [ef, og, neg_mul_eq_mul_neg] at *
","💥️tactic 'rewrite' failed, did not find instance of the pattern in the current goal
f g : ℝ → ℝ
ef : FnEven f
og : FnOdd g
x : ℝ
⊢ (fun x => f x * g x) x = -(fun x => f x * g x) (-x)",False,10,MIL.C03_Logic.solutions.Solutions_S01_Implication_and_the_Universal_Quantifier,Llama-8B,LENGTH,best_of_n,False,0,-1.0,CH03.t9,False
-1,False,3,"theorem t9 (ef : FnEven f) (og : FnOdd g) : FnOdd fun x ↦ f x * g x := by
  intro x
  dsimp
  rw [ef, og, neg_mul_eq_mul_neg]

",,True,-1,"theorem t9 (ef : FnEven f) (og : FnOdd g) : FnOdd fun x ↦ f x * g x :=
  fun x ↦ by simp [ef, og, neg_mul_eq_mul_neg]
","💥️failed to synthesize
  HasDistribNeg ℝ
maximum recursion depth has been reached
use `set_option maxRecDepth <num>` to increase limit
use `set_option diagnostics true` to get diagnostic information
Additional diagnostic information may be available using the `set_option diagnostics true` command.",False,10,MIL.C03_Logic.solutions.Solutions_S01_Implication_and_the_Universal_Quantifier,Llama-8B,LENGTH,best_of_n,False,0,-1.0,CH03.t9,False
-1,False,3,"theorem t9 (ef : FnEven f) (og : FnOdd g) : FnOdd fun x ↦ f x * g x := by
  intro x
  dsimp
  rw [ef, og, neg_mul_eq_mul_neg]

",,True,-1,"theorem t9 (ef : FnEven f) (og : FnOdd g) : FnOdd fun x ↦ f x * g x := by
  simp
",💥️simp made no progress,False,10,MIL.C03_Logic.solutions.Solutions_S01_Implication_and_the_Universal_Quantifier,Llama-8B,LENGTH,best_of_n,False,0,-1.0,CH03.t9,False
-1,False,3,"theorem t9 (ef : FnEven f) (og : FnOdd g) : FnOdd fun x ↦ f x * g x := by
  intro x
  dsimp
  rw [ef, og, neg_mul_eq_mul_neg]

",,True,-1,"theorem t9 (ef : FnEven f) (og : FnOdd g) : FnOdd fun x ↦ f x * g x := by
  intro x
  rw [ef, og, neg_mul_eq_mul_neg]
","💥️tactic 'rewrite' failed, did not find instance of the pattern in the target expression
  f ?x
f g : ℝ → ℝ
ef : FnEven f
og : FnOdd g
x : ℝ
⊢ (fun x => f x * g x) x = -(fun x => f x * g x) (-x)",False,10,MIL.C03_Logic.solutions.Solutions_S01_Implication_and_the_Universal_Quantifier,Llama-8B,LENGTH,best_of_n,False,0,-1.0,CH03.t9,False
-1,False,3,"theorem t9 (ef : FnEven f) (og : FnOdd g) : FnOdd fun x ↦ f x * g x := by
  intro x
  dsimp
  rw [ef, og, neg_mul_eq_mul_neg]

",,True,-1,"theorem t9 (ef : FnEven f) (og : FnOdd g) : FnOdd fun x ↦ f x * g x := by
  intro x
  rw [ef, og, neg_mul_eq_mul_neg, mul_comm]
","💥️tactic 'rewrite' failed, did not find instance of the pattern in the target expression
  f ?x
f g : ℝ → ℝ
ef : FnEven f
og : FnOdd g
x : ℝ
⊢ (fun x => f x * g x) x = -(fun x => f x * g x) (-x)",False,10,MIL.C03_Logic.solutions.Solutions_S01_Implication_and_the_Universal_Quantifier,Llama-8B,LENGTH,best_of_n,False,0,-1.0,CH03.t9,False
-1,False,3,"theorem t9 (ef : FnEven f) (og : FnOdd g) : FnOdd fun x ↦ f x * g x := by
  intro x
  dsimp
  rw [ef, og, neg_mul_eq_mul_neg]

",,True,-1,"theorem t9 (ef : FnEven f) (og : FnOdd g) : FnOdd fun x ↦ f x * g x := by
  intro x
  rw [ef, og, neg_mul_eq_mul_neg]
","💥️tactic 'rewrite' failed, did not find instance of the pattern in the target expression
  f ?x
f g : ℝ → ℝ
ef : FnEven f
og : FnOdd g
x : ℝ
⊢ (fun x => f x * g x) x = -(fun x => f x * g x) (-x)",False,10,MIL.C03_Logic.solutions.Solutions_S01_Implication_and_the_Universal_Quantifier,Llama-8B,LENGTH,best_of_n,False,0,-1.0,CH03.t9,False
-1,False,3,"theorem t10 (ef : FnEven f) (og : FnOdd g) : FnEven fun x ↦ f (g x) := by
  intro x
  dsimp
  rw [og, ← ef]

",,True,2,"theorem t10 (ef : FnEven f) (og : FnOdd g) : FnEven fun x ↦ f (g x) :=
  fun x ↦ by dsimp; rw [og, ← ef]
",,True,10,MIL.C03_Logic.solutions.Solutions_S01_Implication_and_the_Universal_Quantifier,Llama-8B,LENGTH,best_of_n,False,0,0.333333,CH03.t10,False
-1,False,3,"theorem t10 (ef : FnEven f) (og : FnOdd g) : FnEven fun x ↦ f (g x) := by
  intro x
  dsimp
  rw [og, ← ef]

",,True,-1,"theorem t10 (ef : FnEven f) (og : FnOdd g) : FnEven fun x ↦ f (g x) :=
  fun x => by simp [dsimp, og, ← ef]
","💥️unknown identifier 'dsimp'

💥️invalid '←' modifier in rewrite rule to 'True'

💥️unsolved goals
f g : ℝ → ℝ
ef : FnEven f
og : FnOdd g
x : ℝ
⊢ f (g x) = f (g (-x))",False,10,MIL.C03_Logic.solutions.Solutions_S01_Implication_and_the_Universal_Quantifier,Llama-8B,LENGTH,best_of_n,False,0,-1.0,CH03.t10,False
-1,False,3,"theorem t10 (ef : FnEven f) (og : FnOdd g) : FnEven fun x ↦ f (g x) := by
  intro x
  dsimp
  rw [og, ← ef]

",,True,-1,"theorem t10 (ef : FnEven f) (og : FnOdd g) : FnEven fun x ↦ f (g x) : by
  refine fun x ↦ ?_
  dsimp
  rw [og, ← ef]
","💥️unexpected token ':'; expected ':=', 'where' or '|'",False,10,MIL.C03_Logic.solutions.Solutions_S01_Implication_and_the_Universal_Quantifier,Llama-8B,LENGTH,best_of_n,False,0,-1.0,CH03.t10,False
-1,False,3,"theorem t10 (ef : FnEven f) (og : FnOdd g) : FnEven fun x ↦ f (g x) := by
  intro x
  dsimp
  rw [og, ← ef]

",,True,-1,"theorem t10 (ef : FnEven f) (og : FnOdd g) : FnEven fun x ↦ f (g x) :=
  even_comp_of_fn_even fun x ↦ ef (g x)
",💥️unknown identifier 'even_comp_of_fn_even',False,10,MIL.C03_Logic.solutions.Solutions_S01_Implication_and_the_Universal_Quantifier,Llama-8B,LENGTH,best_of_n,False,0,-1.0,CH03.t10,False
-1,False,3,"theorem t10 (ef : FnEven f) (og : FnOdd g) : FnEven fun x ↦ f (g x) := by
  intro x
  dsimp
  rw [og, ← ef]

",,True,-1,"theorem t10 (ef : FnEven f) (og : FnOdd g) : FnEven fun x ↦ f (g x) :=
  have : ∀ x, g x = f (g x) := fun x ↦ by rw [og, ← ef]

FunEven援助 IEnumerable A USDAI

simp_rw [FinEven_iff_forall_of_algebraMapTo, specifiedFinEven_iff, *] at this ⊢
simp_rw [FinEven_iff_forall_of_algebraMapTo, FinEven_algebraMapTo] at this ⊢

theorem t10 (f : α →o α) (g : α →o α) : f (g ·) = f where
  simp := fun x ↦ by rw [g, ← f]
","💥️unknown identifier 'FunEven'

💥️unsolved goals
f g : ℝ → ℝ
ef : FnEven f
og : FnOdd g
x : ℝ
⊢ -g (-x) = f (g (-x))",False,10,MIL.C03_Logic.solutions.Solutions_S01_Implication_and_the_Universal_Quantifier,Llama-8B,LENGTH,best_of_n,False,0,-1.0,CH03.t10,False
-1,False,3,"theorem t10 (ef : FnEven f) (og : FnOdd g) : FnEven fun x ↦ f (g x) := by
  intro x
  dsimp
  rw [og, ← ef]

",,True,-1,"theorem t10 (ef : FnEven f) (og : FnOdd g) : FnEven fun x ↦ f (g x) :=
  fun x => by rw [og, ← ef]
","💥️tactic 'rewrite' failed, did not find instance of the pattern in the target expression
  g ?x
f g : ℝ → ℝ
ef : FnEven f
og : FnOdd g
x : ℝ
⊢ (fun x => f (g x)) x = (fun x => f (g x)) (-x)",False,10,MIL.C03_Logic.solutions.Solutions_S01_Implication_and_the_Universal_Quantifier,Llama-8B,LENGTH,best_of_n,False,0,-1.0,CH03.t10,False
-1,False,3,"theorem t10 (ef : FnEven f) (og : FnOdd g) : FnEven fun x ↦ f (g x) := by
  intro x
  dsimp
  rw [og, ← ef]

",,True,-1,"theorem t10 (ef : FnEven f) (og : FnOdd g) : FnEven fun x ↦ f (g x) :=
  fun x ↦ even_of_odd (og x) (even_of_even _ _)

",💥️unknown identifier 'even_of_odd',False,10,MIL.C03_Logic.solutions.Solutions_S01_Implication_and_the_Universal_Quantifier,Llama-8B,LENGTH,best_of_n,False,0,-1.0,CH03.t10,False
-1,False,3,"theorem t10 (ef : FnEven f) (og : FnOdd g) : FnEven fun x ↦ f (g x) := by
  intro x
  dsimp
  rw [og, ← ef]

",,True,-1,"theorem t10 (ef : FnEven f) (og : FnOdd g) : FnEven fun x ↦ f (g x) :=
  fun x ↦ by rw [dsimp, og, ← ef]
","💥️unknown identifier 'dsimp'

💥️tactic 'rewrite' failed, equality or iff proof expected
  ?m.7349
f g : ℝ → ℝ
ef : FnEven f
og : FnOdd g
x : ℝ
⊢ (fun x => f (g x)) x = (fun x => f (g x)) (-x)",False,10,MIL.C03_Logic.solutions.Solutions_S01_Implication_and_the_Universal_Quantifier,Llama-8B,LENGTH,best_of_n,False,0,-1.0,CH03.t10,False
-1,False,3,"theorem t10 (ef : FnEven f) (og : FnOdd g) : FnEven fun x ↦ f (g x) := by
  intro x
  dsimp
  rw [og, ← ef]

",,True,-1,"theorem t10 (ef : FnEven f) (og : FnOdd g) : FnEven fun x ↦ f (g x) := fun x ↦ by
  rw [og, ← ef]

","💥️tactic 'rewrite' failed, did not find instance of the pattern in the target expression
  g ?x
f g : ℝ → ℝ
ef : FnEven f
og : FnOdd g
x : ℝ
⊢ (fun x => f (g x)) x = (fun x => f (g x)) (-x)",False,10,MIL.C03_Logic.solutions.Solutions_S01_Implication_and_the_Universal_Quantifier,Llama-8B,LENGTH,best_of_n,False,0,-1.0,CH03.t10,False
-1,False,3,"theorem t10 (ef : FnEven f) (og : FnOdd g) : FnEven fun x ↦ f (g x) := by
  intro x
  dsimp
  rw [og, ← ef]

",,True,-1,"theorem t10 (ef : FnEven f) (og : FnOdd g) : FnEven fun x ↦ f (g x) :=
  (of_even_of_odd _ _).id ℕ → even_iff.2 <|
    id_comp {x | even_iff.2 ⟨x, by rw [og, ← ef]⟩


",💥️unexpected end of input; expected '=>' or '}',False,10,MIL.C03_Logic.solutions.Solutions_S01_Implication_and_the_Universal_Quantifier,Llama-8B,LENGTH,best_of_n,False,0,-1.0,CH03.t10,False
-1,False,4,"theorem t11 : r ⊆ s → s ⊆ t → r ⊆ t := by
  intro rsubs ssubt x xr
  apply ssubt
  apply rsubs
  apply xr

",,True,4,"theorem t11 : r ⊆ s → s ⊆ t → r ⊆ t := by
  intro rsubs Ssubt x xr
  apply Ssubt
  apply rsubs
  apply xr
",,True,10,MIL.C03_Logic.solutions.Solutions_S01_Implication_and_the_Universal_Quantifier,Llama-8B,LENGTH,best_of_n,False,0,0.0,CH03.t11,False
-1,False,4,"theorem t11 : r ⊆ s → s ⊆ t → r ⊆ t := by
  intro rsubs ssubt x xr
  apply ssubt
  apply rsubs
  apply xr

",,True,4,"theorem t11 : r ⊆ s → s ⊆ t → r ⊆ t := by
  intro rsubs Ssubt x xR
  apply Ssubt
  apply rsubs
  apply xR


",,True,10,MIL.C03_Logic.solutions.Solutions_S01_Implication_and_the_Universal_Quantifier,Llama-8B,LENGTH,best_of_n,False,0,0.0,CH03.t11,False
-1,False,4,"theorem t11 : r ⊆ s → s ⊆ t → r ⊆ t := by
  intro rsubs ssubt x xr
  apply ssubt
  apply rsubs
  apply xr

",,True,-1,"theorem t11 : r ⊆ s → s ⊆ t → r ⊆ t :=
  fun h1 h2 h3 ↦ h2 (h1 <| h3 _)


","💥️function expected at
  h3
term has type
  α",False,10,MIL.C03_Logic.solutions.Solutions_S01_Implication_and_the_Universal_Quantifier,Llama-8B,LENGTH,best_of_n,False,0,-1.0,CH03.t11,False
-1,False,4,"theorem t11 : r ⊆ s → s ⊆ t → r ⊆ t := by
  intro rsubs ssubt x xr
  apply ssubt
  apply rsubs
  apply xr

",,True,-1,"theorem t11 : r ⊆ s → s ⊆ t → r ⊆ t :=
  fun h1 h2 h3 ↦ h1 (h2 h3) h3


","💥️application type mismatch
  h2 h3
argument
  h3
has type
  α : Type u_1
but is expected to have type
  ?m.7452 ∈ s : Prop

💥️function expected at
  h1 ?m.7794
term has type
  ?m.7451 ∈ s",False,10,MIL.C03_Logic.solutions.Solutions_S01_Implication_and_the_Universal_Quantifier,Llama-8B,LENGTH,best_of_n,False,0,-1.0,CH03.t11,False
-1,False,4,"theorem t11 : r ⊆ s → s ⊆ t → r ⊆ t := by
  intro rsubs ssubt x xr
  apply ssubt
  apply rsubs
  apply xr

",,True,-1,"theorem t11 : r ⊆ s → s ⊆ t → r ⊆ t :=
  fun _ ↦ fun _ ↦ fun _ : r ⊆ s → steriĐ s ⊆ t ▸ t11 rsubs ssubt x xr

",💥️expected token,False,10,MIL.C03_Logic.solutions.Solutions_S01_Implication_and_the_Universal_Quantifier,Llama-8B,LENGTH,best_of_n,False,0,-1.0,CH03.t11,False
-1,False,4,"theorem t11 : r ⊆ s → s ⊆ t → r ⊆ t := by
  intro rsubs ssubt x xr
  apply ssubt
  apply rsubs
  apply xr

",,True,4,"theorem t11 : r ⊆ s → s ⊆ t → r ⊆ t := by
  rintro rsubs Ssubt x xr
  apply Ssubt
  apply rsubs
  apply xr


",,True,10,MIL.C03_Logic.solutions.Solutions_S01_Implication_and_the_Universal_Quantifier,Llama-8B,LENGTH,best_of_n,False,0,0.0,CH03.t11,False
-1,False,4,"theorem t11 : r ⊆ s → s ⊆ t → r ⊆ t := by
  intro rsubs ssubt x xr
  apply ssubt
  apply rsubs
  apply xr

",,True,-1,"theorem t11 : r ⊆ s → s ⊆ t → r ⊆ t :=
  fun h2 h3 h1 ↦ h2 ▸ h3 ▸ h1


","💥️invalid `▸` notation, argument
  h2
has type
  r ⊆ s
equality expected",False,10,MIL.C03_Logic.solutions.Solutions_S01_Implication_and_the_Universal_Quantifier,Llama-8B,LENGTH,best_of_n,False,0,-1.0,CH03.t11,False
-1,False,4,"theorem t11 : r ⊆ s → s ⊆ t → r ⊆ t := by
  intro rsubs ssubt x xr
  apply ssubt
  apply rsubs
  apply xr

",,True,-1,"theorem t11 : r ⊆ s → s ⊆ t → r ⊆ t :=
  fun _x hx ↦ ssubt (rsubs (s ⊆ t) x) ⟨x, hx⟩


",💥️unknown identifier 'ssubt',False,10,MIL.C03_Logic.solutions.Solutions_S01_Implication_and_the_Universal_Quantifier,Llama-8B,LENGTH,best_of_n,False,0,-1.0,CH03.t11,False
-1,False,4,"theorem t11 : r ⊆ s → s ⊆ t → r ⊆ t := by
  intro rsubs ssubt x xr
  apply ssubt
  apply rsubs
  apply xr

",,True,4,"theorem t11 : r ⊆ s → s ⊆ t → r ⊆ t := by
  rintro rsubs ssubt x xr
  apply ssubt
  apply rsubs
  apply xr


",,True,10,MIL.C03_Logic.solutions.Solutions_S01_Implication_and_the_Universal_Quantifier,Llama-8B,LENGTH,best_of_n,False,0,0.0,CH03.t11,False
-1,False,4,"theorem t11 : r ⊆ s → s ⊆ t → r ⊆ t := by
  intro rsubs ssubt x xr
  apply ssubt
  apply rsubs
  apply xr

",,True,-1,"theorem t11 : r ⊆ s → s ⊆ t → r ⊆ t := by
  intro rsubs Ssub s
  apply (Ssub.apply _).trans t
  apply rsubs


","💥️invalid field 'apply', the environment does not contain 'HasSubset.Subset.apply'
  Ssub
has type
  s✝ ⊆ t

💥️invalid field 'apply', the environment does not contain 'LE.le.apply'
  Ssub
has type
  s✝ ≤ t

💥️invalid field 'apply', the environment does not contain 'Set.Subset.apply'
  Ssub
has type
  s✝.Subset t

💥️invalid field notation, type is not of the form (C ...) where C is a constant
  Ssub
has type
  ?m.7465 ∈ s✝ → ?m.7465 ∈ t

💥️no goals to be solved",False,10,MIL.C03_Logic.solutions.Solutions_S01_Implication_and_the_Universal_Quantifier,Llama-8B,LENGTH,best_of_n,False,0,-1.0,CH03.t11,False
-1,False,2,"theorem t12 (h : SetUb s a) (h' : a ≤ b) : SetUb s b := by
  intro x xs
  apply le_trans (h x xs) h'

",,True,0,"theorem t12 (h : SetUb s a) (h' : a ≤ b) : SetUb s b := fun x xs ↦
  (h x xs).trans h'

",,True,10,MIL.C03_Logic.solutions.Solutions_S01_Implication_and_the_Universal_Quantifier,Llama-8B,LENGTH,best_of_n,False,0,1.0,CH03.t12,False
-1,False,2,"theorem t12 (h : SetUb s a) (h' : a ≤ b) : SetUb s b := by
  intro x xs
  apply le_trans (h x xs) h'

",,True,-1,"theorem t12 (h : SetUb s a) (h' : a ≤ b) : SetUb s b := by
  intro x xs
  specialize h x xs
  exact le_trans (h x xs) h'

","💥️function expected at
  h
term has type
  x ≤ a",False,10,MIL.C03_Logic.solutions.Solutions_S01_Implication_and_the_Universal_Quantifier,Llama-8B,LENGTH,best_of_n,False,0,-1.0,CH03.t12,False
-1,False,2,"theorem t12 (h : SetUb s a) (h' : a ≤ b) : SetUb s b := by
  intro x xs
  apply le_trans (h x xs) h'

",,True,1,"theorem t12 (h : SetUb s a) (h' : a ≤ b) : SetUb s b := fun x xs ↦ by
  apply le_trans (h x xs) h'

",,True,10,MIL.C03_Logic.solutions.Solutions_S01_Implication_and_the_Universal_Quantifier,Llama-8B,LENGTH,best_of_n,False,0,0.5,CH03.t12,False
-1,False,2,"theorem t12 (h : SetUb s a) (h' : a ≤ b) : SetUb s b := by
  intro x xs
  apply le_trans (h x xs) h'

",,True,-1,"theorem t12 (h : SetUb s a) (h' : a ≤ b) : SetUb s b :=
  fun x xs => h x xs ▸ h' <| by simpa using this

","💥️invalid `▸` notation, argument
  h x xs
has type
  x ≤ a
equality expected",False,10,MIL.C03_Logic.solutions.Solutions_S01_Implication_and_the_Universal_Quantifier,Llama-8B,LENGTH,best_of_n,False,0,-1.0,CH03.t12,False
-1,False,2,"theorem t12 (h : SetUb s a) (h' : a ≤ b) : SetUb s b := by
  intro x xs
  apply le_trans (h x xs) h'

",,True,0,"theorem t12 (h : SetUb s a) (h' : a ≤ b) : SetUb s b := fun x xs ↦ le_trans (h x xs) h'

",,True,10,MIL.C03_Logic.solutions.Solutions_S01_Implication_and_the_Universal_Quantifier,Llama-8B,LENGTH,best_of_n,False,0,1.0,CH03.t12,False
-1,False,2,"theorem t12 (h : SetUb s a) (h' : a ≤ b) : SetUb s b := by
  intro x xs
  apply le_trans (h x xs) h'

",,True,-1,"theorem t12 (h : SetUb s a) (h' : a ≤ b) : SetUb s b :=
  SetUb.filter_subset_iff.2 fun b hb ↦ SetUb.filter_subset_iff.2 ⟨b, hb.symm⟩ (by simpa using h)
","💥️invalid field notation, type is not of the form (C ...) where C is a constant
  SetUb
has type
  Set ?m.8017 → ?m.8017 → Prop",False,10,MIL.C03_Logic.solutions.Solutions_S01_Implication_and_the_Universal_Quantifier,Llama-8B,LENGTH,best_of_n,False,0,-1.0,CH03.t12,False
-1,False,2,"theorem t12 (h : SetUb s a) (h' : a ≤ b) : SetUb s b := by
  intro x xs
  apply le_trans (h x xs) h'

",,True,0,"theorem t12 (h : SetUb s a) (h' : a ≤ b) : SetUb s b :=
  fun x xs ↦ le_trans (h x xs) h'

",,True,10,MIL.C03_Logic.solutions.Solutions_S01_Implication_and_the_Universal_Quantifier,Llama-8B,LENGTH,best_of_n,False,0,1.0,CH03.t12,False
-1,False,2,"theorem t12 (h : SetUb s a) (h' : a ≤ b) : SetUb s b := by
  intro x xs
  apply le_trans (h x xs) h'

",,True,-1,"theorem t12 (h : SetUb s a) (h' : a ≤ b) : SetUb s b :=
  fun x xs ↦ le_trans (h x xs) h' (subset_of_mem _ h)

","💥️function expected at
  le_trans (h x xs) h'
term has type
  x ≤ b",False,10,MIL.C03_Logic.solutions.Solutions_S01_Implication_and_the_Universal_Quantifier,Llama-8B,LENGTH,best_of_n,False,0,-1.0,CH03.t12,False
-1,False,2,"theorem t12 (h : SetUb s a) (h' : a ≤ b) : SetUb s b := by
  intro x xs
  apply le_trans (h x xs) h'

",,True,-1,"theorem t12 (h : SetUb s a) (h' : a ≤ b) : SetUb s b :=
  fun x xs ↦ fun_setOf_le (h x xs) h'

",💥️unknown identifier 'fun_setOf_le',False,10,MIL.C03_Logic.solutions.Solutions_S01_Implication_and_the_Universal_Quantifier,Llama-8B,LENGTH,best_of_n,False,0,-1.0,CH03.t12,False
-1,False,2,"theorem t12 (h : SetUb s a) (h' : a ≤ b) : SetUb s b := by
  intro x xs
  apply le_trans (h x xs) h'

",,True,-1,"theorem t12 (h : SetUb s a) (h' : a ≤ b) : SetUb s b := fun x _ ↦ h x _ ▸ h' _

","💥️invalid `▸` notation, argument
  h x ?m.8022
has type
  x ≤ a
equality expected",False,10,MIL.C03_Logic.solutions.Solutions_S01_Implication_and_the_Universal_Quantifier,Llama-8B,LENGTH,best_of_n,False,0,-1.0,CH03.t12,False
-1,False,0,"theorem t13 (h : SetUb s a) (h' : a ≤ b) : SetUb s b :=
  fun x xs ↦ le_trans (h x xs) h'

",,True,0,"theorem t13 (h : SetUb s a) (h' : a ≤ b) : SetUb s b :=
  fun x xs ↦ le_trans (h x xs) h'

",,True,10,MIL.C03_Logic.solutions.Solutions_S01_Implication_and_the_Universal_Quantifier,Llama-8B,LENGTH,best_of_n,False,0,-1.0,CH03.t13,False
-1,False,0,"theorem t13 (h : SetUb s a) (h' : a ≤ b) : SetUb s b :=
  fun x xs ↦ le_trans (h x xs) h'

",,True,-1,"theorem t13 (h : SetUb s a) (h' : a ≤ b) : SetUb s b :=
  fun b hb ↦ le_iterate_of_le _ h'
",💥️unknown identifier 'le_iterate_of_le',False,10,MIL.C03_Logic.solutions.Solutions_S01_Implication_and_the_Universal_Quantifier,Llama-8B,LENGTH,best_of_n,False,0,-1.0,CH03.t13,False
-1,False,0,"theorem t13 (h : SetUb s a) (h' : a ≤ b) : SetUb s b :=
  fun x xs ↦ le_trans (h x xs) h'

",,True,0,"theorem t13 (h : SetUb s a) (h' : a ≤ b) : SetUb s b :=
  fun x xs ↦ le_trans (h x xs) h'

",,True,10,MIL.C03_Logic.solutions.Solutions_S01_Implication_and_the_Universal_Quantifier,Llama-8B,LENGTH,best_of_n,False,0,-1.0,CH03.t13,False
-1,False,0,"theorem t13 (h : SetUb s a) (h' : a ≤ b) : SetUb s b :=
  fun x xs ↦ le_trans (h x xs) h'

",,True,0,"theorem t13 (h : SetUb s a) (h' : a ≤ b) : SetUb s b :=
  fun x xs ↦ le_trans (h x xs) h'

",,True,10,MIL.C03_Logic.solutions.Solutions_S01_Implication_and_the_Universal_Quantifier,Llama-8B,LENGTH,best_of_n,False,0,-1.0,CH03.t13,False
-1,False,0,"theorem t13 (h : SetUb s a) (h' : a ≤ b) : SetUb s b :=
  fun x xs ↦ le_trans (h x xs) h'

",,True,0,"theorem t13 (h : SetUb s a) (h' : a ≤ b) : SetUb s b :=
  fun x hx ↦ le_trans (h x hx) h'

",,True,10,MIL.C03_Logic.solutions.Solutions_S01_Implication_and_the_Universal_Quantifier,Llama-8B,LENGTH,best_of_n,False,0,-1.0,CH03.t13,False
-1,False,0,"theorem t13 (h : SetUb s a) (h' : a ≤ b) : SetUb s b :=
  fun x xs ↦ le_trans (h x xs) h'

",,True,0,"theorem t13 (h : SetUb s a) (h' : a ≤ b) : SetUb s b :=
  fun x xs ↦ le_trans (h x xs) h'

",,True,10,MIL.C03_Logic.solutions.Solutions_S01_Implication_and_the_Universal_Quantifier,Llama-8B,LENGTH,best_of_n,False,0,-1.0,CH03.t13,False
-1,False,0,"theorem t13 (h : SetUb s a) (h' : a ≤ b) : SetUb s b :=
  fun x xs ↦ le_trans (h x xs) h'

",,True,0,"theorem t13 (h : SetUb s a) (h' : a ≤ b) : SetUb s b :=
  fun x xs ↦ le_trans (h x xs) h'

",,True,10,MIL.C03_Logic.solutions.Solutions_S01_Implication_and_the_Universal_Quantifier,Llama-8B,LENGTH,best_of_n,False,0,-1.0,CH03.t13,False
-1,False,0,"theorem t13 (h : SetUb s a) (h' : a ≤ b) : SetUb s b :=
  fun x xs ↦ le_trans (h x xs) h'

",,True,-1,"theorem t13 (h : SetUb s a) (h' : a ≤ b) : SetUb s b :=
  fun x xs ↦ mul_trans (h x xs) h'


",💥️unknown identifier 'mul_trans',False,10,MIL.C03_Logic.solutions.Solutions_S01_Implication_and_the_Universal_Quantifier,Llama-8B,LENGTH,best_of_n,False,0,-1.0,CH03.t13,False
-1,False,0,"theorem t13 (h : SetUb s a) (h' : a ≤ b) : SetUb s b :=
  fun x xs ↦ le_trans (h x xs) h'

",,True,-1,"theorem t13 (h : SetUb s a) (h' : a ≤ b) : SetUb s b :=
  fun x xs ↦ le_trans (h x xs) h' (by tauto)
","💥️function expected at
  le_trans (h x xs) h'
term has type
  x ≤ b",False,10,MIL.C03_Logic.solutions.Solutions_S01_Implication_and_the_Universal_Quantifier,Llama-8B,LENGTH,best_of_n,False,0,-1.0,CH03.t13,False
-1,False,0,"theorem t13 (h : SetUb s a) (h' : a ≤ b) : SetUb s b :=
  fun x xs ↦ le_trans (h x xs) h'

",,True,0,"theorem t13 (h : SetUb s a) (h' : a ≤ b) : SetUb s b :=
  fun x xs ↦ le_trans (h x xs) h'

",,True,10,MIL.C03_Logic.solutions.Solutions_S01_Implication_and_the_Universal_Quantifier,Llama-8B,LENGTH,best_of_n,False,0,-1.0,CH03.t13,False
-1,False,2,"theorem t14 {c : ℝ} (h : c ≠ 0) : Injective fun x ↦ c * x := by
  intro x₁ x₂ h'
  apply (mul_right_inj' h).mp h'

",,True,-1,"theorem t14 {c : ℝ} (h : c ≠ 0) : Injective fun x ↦ c * x :=
  mul_left_inj' h (fun x₁ x₂ h' ↦ h' <| by simp)
","💥️function expected at
  mul_left_inj' h
term has type
  ?m.8555 * c = ?m.8556 * c ↔ ?m.8555 = ?m.8556",False,10,MIL.C03_Logic.solutions.Solutions_S01_Implication_and_the_Universal_Quantifier,Llama-8B,LENGTH,best_of_n,False,0,-1.0,CH03.t14,False
-1,False,2,"theorem t14 {c : ℝ} (h : c ≠ 0) : Injective fun x ↦ c * x := by
  intro x₁ x₂ h'
  apply (mul_right_inj' h).mp h'

",,True,-1,"theorem t14 {c : ℝ} (h : c ≠ 0) : Injective fun x ↦ c * x :=
  mul_left_inj' h fun _x₁ _x₂ h' ↦ h' (by simp [mul_assoc])

","💥️function expected at
  mul_left_inj' h
term has type
  ?m.8555 * c = ?m.8556 * c ↔ ?m.8555 = ?m.8556",False,10,MIL.C03_Logic.solutions.Solutions_S01_Implication_and_the_Universal_Quantifier,Llama-8B,LENGTH,best_of_n,False,0,-1.0,CH03.t14,False
-1,False,2,"theorem t14 {c : ℝ} (h : c ≠ 0) : Injective fun x ↦ c * x := by
  intro x₁ x₂ h'
  apply (mul_right_inj' h).mp h'

",,True,-1,"theorem t14 {c : ℝ} (h : c ≠ 0) : Injective fun x ↦ c * x := by
  intro x₁ x₂ h' (Y : Set (� canceled : ℝ))
  apply (mul_right_inj' h).mp h'
",💥️expected token,False,10,MIL.C03_Logic.solutions.Solutions_S01_Implication_and_the_Universal_Quantifier,Llama-8B,LENGTH,best_of_n,False,0,-1.0,CH03.t14,False
-1,False,2,"theorem t14 {c : ℝ} (h : c ≠ 0) : Injective fun x ↦ c * x := by
  intro x₁ x₂ h'
  apply (mul_right_inj' h).mp h'

",,True,2,"theorem t14 {c : ℝ} (h : c ≠ 0) : Injective fun x ↦ c * x := by
  intro x₁ x₂ h'
  apply (mul_right_inj' h).mp h'

",,True,10,MIL.C03_Logic.solutions.Solutions_S01_Implication_and_the_Universal_Quantifier,Llama-8B,LENGTH,best_of_n,False,0,0.0,CH03.t14,False
-1,False,2,"theorem t14 {c : ℝ} (h : c ≠ 0) : Injective fun x ↦ c * x := by
  intro x₁ x₂ h'
  apply (mul_right_inj' h).mp h'

",,True,2,"theorem t14 {c : ℝ} (h : c ≠ 0) : Injective fun x ↦ c * x := by
  rintro x₁ x₂ h'
  exact (mul_right_inj' h).1 h'

",,True,10,MIL.C03_Logic.solutions.Solutions_S01_Implication_and_the_Universal_Quantifier,Llama-8B,LENGTH,best_of_n,False,0,0.0,CH03.t14,False
-1,False,2,"theorem t14 {c : ℝ} (h : c ≠ 0) : Injective fun x ↦ c * x := by
  intro x₁ x₂ h'
  apply (mul_right_inj' h).mp h'

",,True,-1,"theorem t14 {c : ℝ} (h : c ≠ 0) : Injective fun x ↦ c * x :=
  mul_left_inj_of_ne_zero h fun x ↦ mul_zero x


",💥️unknown identifier 'mul_left_inj_of_ne_zero',False,10,MIL.C03_Logic.solutions.Solutions_S01_Implication_and_the_Universal_Quantifier,Llama-8B,LENGTH,best_of_n,False,0,-1.0,CH03.t14,False
-1,False,2,"theorem t14 {c : ℝ} (h : c ≠ 0) : Injective fun x ↦ c * x := by
  intro x₁ x₂ h'
  apply (mul_right_inj' h).mp h'

",,True,2,"theorem t14 {c : ℝ} (h : c ≠ 0) : Injective fun x ↦ c * x := by
  intro x₁ x₂ h'
  apply (mul_right_inj' h).mp h'

",,True,10,MIL.C03_Logic.solutions.Solutions_S01_Implication_and_the_Universal_Quantifier,Llama-8B,LENGTH,best_of_n,False,0,0.0,CH03.t14,False
-1,False,2,"theorem t14 {c : ℝ} (h : c ≠ 0) : Injective fun x ↦ c * x := by
  intro x₁ x₂ h'
  apply (mul_right_inj' h).mp h'

",,True,-1,"theorem t14 {c : ℝ} (h : c ≠ 0) : Injective fun x ↦ c * x := by
  intro x₁ x₂ h'
  rw [← smul_left h' c]
  apply (mul_left_inj' c).mp h₀


","💥️unknown identifier 'smul_left'

💥️tactic 'rewrite' failed, equality or iff proof expected
  ?m.8563
c : ℝ
h : c ≠ 0
x₁ x₂ : ℝ
h' : (fun x => c * x) x₁ = (fun x => c * x) x₂
⊢ x₁ = x₂",False,10,MIL.C03_Logic.solutions.Solutions_S01_Implication_and_the_Universal_Quantifier,Llama-8B,LENGTH,best_of_n,False,0,-1.0,CH03.t14,False
-1,False,2,"theorem t14 {c : ℝ} (h : c ≠ 0) : Injective fun x ↦ c * x := by
  intro x₁ x₂ h'
  apply (mul_right_inj' h).mp h'

",,True,-1,"theorem t14 {c : ℝ} (h : c ≠ 0) : Injective fun x ↦ c * x :=
  mul_right_inj' h (fun x₁ x₂ h' ↦ h' <| by simp [h])

","💥️function expected at
  mul_right_inj' h
term has type
  c * ?m.8556 = c * ?m.8557 ↔ ?m.8556 = ?m.8557",False,10,MIL.C03_Logic.solutions.Solutions_S01_Implication_and_the_Universal_Quantifier,Llama-8B,LENGTH,best_of_n,False,0,-1.0,CH03.t14,False
-1,False,2,"theorem t14 {c : ℝ} (h : c ≠ 0) : Injective fun x ↦ c * x := by
  intro x₁ x₂ h'
  apply (mul_right_inj' h).mp h'

",,True,2,"theorem t14 {c : ℝ} (h : c ≠ 0) : Injective fun x ↦ c * x := by
  intro x₁ x₂ h'
  apply (mul_right_inj' h).mp h'

",,True,10,MIL.C03_Logic.solutions.Solutions_S01_Implication_and_the_Universal_Quantifier,Llama-8B,LENGTH,best_of_n,False,0,0.0,CH03.t14,False
-1,False,4,"theorem t15 (injg : Injective g) (injf : Injective f) : Injective fun x ↦ g (f x) := by
  intro x₁ x₂ h
  apply injf
  apply injg
  apply h

",,True,-1,"theorem t15 (injg : Injective g) (injf : Injective f) : Injective fun x ↦ g (f x) :=
  fun x₁ x₂ h ↦ injf (injg (h.monomial_symm x₁ x₂))
","💥️invalid field 'monomial_symm', the environment does not contain 'Eq.monomial_symm'
  h
has type
  (fun x => g (f x)) x₁ = (fun x => g (f x)) x₂",False,10,MIL.C03_Logic.solutions.Solutions_S01_Implication_and_the_Universal_Quantifier,Llama-8B,LENGTH,best_of_n,False,0,-1.0,CH03.t15,False
-1,False,4,"theorem t15 (injg : Injective g) (injf : Injective f) : Injective fun x ↦ g (f x) := by
  intro x₁ x₂ h
  apply injf
  apply injg
  apply h

",,True,-1,"theorem t15 (injg : Injective g) (injf : Injective f) : Injective fun x ↦ g (f x) := by
  intro x₁ x₂ h
  apply injf (g (f x₁)) and plaintext_to_injective h
","💥️application type mismatch
  injf (g (f x₁))
argument
  g (f x₁)
has type
  γ : Type u_3
but is expected to have type
  f ?m.8738 = f ?m.8739 : Prop",False,10,MIL.C03_Logic.solutions.Solutions_S01_Implication_and_the_Universal_Quantifier,Llama-8B,LENGTH,best_of_n,False,0,-1.0,CH03.t15,False
-1,False,4,"theorem t15 (injg : Injective g) (injf : Injective f) : Injective fun x ↦ g (f x) := by
  intro x₁ x₂ h
  apply injf
  apply injg
  apply h

",,True,-1,"theorem t15 (injg : Injective g) (injf : Injective f) : Injective fun x ↦ g (f x) :=
  fun x₁ x₂ h ↦ injf (injg (h.restrictScalars )) x₁ x₂


","💥️invalid field 'restrictScalars', the environment does not contain 'Eq.restrictScalars'
  h
has type
  (fun x => g (f x)) x₁ = (fun x => g (f x)) x₂",False,10,MIL.C03_Logic.solutions.Solutions_S01_Implication_and_the_Universal_Quantifier,Llama-8B,LENGTH,best_of_n,False,0,-1.0,CH03.t15,False
-1,False,4,"theorem t15 (injg : Injective g) (injf : Injective f) : Injective fun x ↦ g (f x) := by
  intro x₁ x₂ h
  apply injf
  apply injg
  apply h

",,True,-1,"theorem t15 (injg : Injective g) (injf : Injective f) : Injective fun x ↦ g (f x) :=
  fun x₁ x₂ h ↦ (injg _).2 (injf _ h x₁ x₂)
","💥️invalid projection, structure has only 0 field(s)
  injg ?m.8739
has type
  ?m.8737 = ?m.8738",False,10,MIL.C03_Logic.solutions.Solutions_S01_Implication_and_the_Universal_Quantifier,Llama-8B,LENGTH,best_of_n,False,0,-1.0,CH03.t15,False
-1,False,4,"theorem t15 (injg : Injective g) (injf : Injective f) : Injective fun x ↦ g (f x) := by
  intro x₁ x₂ h
  apply injf
  apply injg
  apply h

",,True,-1,"theorem t15 (injg : Injective g) (injf : Injective f) : Injective fun x ↦ g (f x) := fun x₁ x₂ h ↦
  h (injg _ _)Symm.in crafts sorry
","💥️function expected at
  h
term has type
  (fun x => g (f x)) x₁ = (fun x => g (f x)) x₂",False,10,MIL.C03_Logic.solutions.Solutions_S01_Implication_and_the_Universal_Quantifier,Llama-8B,LENGTH,best_of_n,False,0,-1.0,CH03.t15,False
-1,False,4,"theorem t15 (injg : Injective g) (injf : Injective f) : Injective fun x ↦ g (f x) := by
  intro x₁ x₂ h
  apply injf
  apply injg
  apply h

",,True,4,"theorem t15 (injg : Injective g) (injf : Injective f) : Injective fun x ↦ g (f x) := by
  intro x₁ x₂ h
  apply injf
  apply injg
  apply h
",,True,10,MIL.C03_Logic.solutions.Solutions_S01_Implication_and_the_Universal_Quantifier,Llama-8B,LENGTH,best_of_n,False,0,0.0,CH03.t15,False
-1,False,4,"theorem t15 (injg : Injective g) (injf : Injective f) : Injective fun x ↦ g (f x) := by
  intro x₁ x₂ h
  apply injf
  apply injg
  apply h

",,True,4,"theorem t15 (injg : Injective g) (injf : Injective f) : Injective fun x ↦ g (f x) := by
  intro x₁ x₂ h
  apply injf
  apply injg
  apply h


",,True,10,MIL.C03_Logic.solutions.Solutions_S01_Implication_and_the_Universal_Quantifier,Llama-8B,LENGTH,best_of_n,False,0,0.0,CH03.t15,False
-1,False,4,"theorem t15 (injg : Injective g) (injf : Injective f) : Injective fun x ↦ g (f x) := by
  intro x₁ x₂ h
  apply injf
  apply injg
  apply h

",,True,-1,"theorem t15 (injg : Injective g) (injf : Injective f) : Injective fun x ↦ g (f x) :=
  fun _ x₁ x₂ h ↦ (injg _).id ℕ).trans (injf x₁ x₂ h)

","💥️invalid field 'id', the environment does not contain 'Eq.id'
  injg ?m.8742
has type
  ?m.8740 = ?m.8741",False,10,MIL.C03_Logic.solutions.Solutions_S01_Implication_and_the_Universal_Quantifier,Llama-8B,LENGTH,best_of_n,False,0,-1.0,CH03.t15,False
-1,False,4,"theorem t15 (injg : Injective g) (injf : Injective f) : Injective fun x ↦ g (f x) := by
  intro x₁ x₂ h
  apply injf
  apply injg
  apply h

",,True,4,"theorem t15 (injg : Injective g) (injf : Injective f) : Injective fun x ↦ g (f x) := by
  intro x₁ x₂ h
  apply injf
  apply injg
  apply h
",,True,10,MIL.C03_Logic.solutions.Solutions_S01_Implication_and_the_Universal_Quantifier,Llama-8B,LENGTH,best_of_n,False,0,0.0,CH03.t15,False
-1,False,4,"theorem t15 (injg : Injective g) (injf : Injective f) : Injective fun x ↦ g (f x) := by
  intro x₁ x₂ h
  apply injf
  apply injg
  apply h

",,True,-1,"theorem t15 (injg : Injective g) (injf : Injective f) : Injective fun x ↦ g (f x) := by
  rintro x₁ x₂ h
  apply injf (g (f x₁)) <;> apply injg (f x₂) <;> exact h
","💥️application type mismatch
  injf (g (f x₁))
argument
  g (f x₁)
has type
  γ : Type u_3
but is expected to have type
  f ?m.8738 = f ?m.8739 : Prop",False,10,MIL.C03_Logic.solutions.Solutions_S01_Implication_and_the_Universal_Quantifier,Llama-8B,LENGTH,best_of_n,False,0,-1.0,CH03.t15,False
-1,False,7,"theorem t1 : s ∩ t ∪ s ∩ u ⊆ s ∩ (t ∪ u) := by
  rintro x (⟨xs, xt⟩ | ⟨xs, xu⟩)
  · use xs; left; exact xt
  · use xs; right; exact xu

",,True,-1,"theorem t1 : s ∩ t ∪ s ∩ u ⊆ s ∩ (t ∪ u) :=
  Monotone.map_inf_le (fun _ _ ↦ s.val) t u


/-!
### Criteria for and consequences of publicizing the set of possible states

We relate the set of states with the set of linear maps that are publicized.
-/
theorem t2 : r ∩ (l ∩ s) ⊆ r ∩ l ⊆ r :=
  Monotone.map_inf_le (fun _ _ ↦ r.val) l s


/-!
### Criteria for and consequences of publicizing the set of possible states

We relate the set of states with the set of linear maps that are publicized.
-/
theorem t3 : (r ∩ t) ∩ u ⊆ r ∩ (u ∩ l) :=
  Monotone.map_inf_le (fun _ _ ↦ r.val) t u


/-!
### Criteria for and consequences of publicizing the set of possible states

We relate the set of states with the set of linear maps that are publicized.
-/
theorem t4 : r ∩ t ∪ r ∩ u ⟨⊆, ⊆⟩
    ∈ (t ∪ u) ∩ (l ∩ r) :=
  Monotone.map_inf_le (fun _ _ ↦ r.val) t u


/-!
### Criteria for and consequences of publicizing the set of possible states

We relate the set of states with the set of linear maps that are publicized.
-/
theorem t5 : l ∩ (r ∩ t) ⊆ l ∩ r ⊆ l :=
  Monotone.map_inf_le (fun _ _ ↦ l.val) r t


/-!
### Criteria for and consequences of publicizing the set of possible states

We relate the set of states with the set of linear maps that are publicized.
-/
theorem t6 : (l ∩ r) ∩ t ⊆ l ∩ r ⊆ l :=
  Monotone.map_inf_le (fun _ _ ↦ l.val) r t


/-!
### Criteria for and consequences of publicizing the set of possible states

We relate the set of states with the set of linear maps that are publicized.
-/
theorem t7 : l ∩ r ⊆ l ∩ t ⊆ l :=
  Monotone.map_inf_le (fun _ _ ↦ l.val) r t


/-!
### Criteria for and consequences of publicizing the set of possible states

We relate the set of states with the set of linear maps that are publicized.
-/
theorem t8 : r ∩ t ∪ r ∩ u ⊆ r ∩ (t ∪ u) :=
  Monotone.map_inf_le (fun _ _ ↦ r.val) t u


/-!
### Criteria for and consequences of publicizing the set of possible states

We relate the set of states with the set of linear maps that are publicized.
-/
theorem t9 : (r ∩ t) ∩ u ⊆ r ∩ (u ∩ l) :=
  Monotone.map_inf_le (fun _ _ ↦ r.val) t u


/-!
### Criteria for and consequences of publicizing the set of possible states

We relate the set of states with the set of linear maps that are publicized.
-/
theorem t10 : r ∩ t ∪ r ∩ u ⟨⊆, ⊆⟩
    ∈ (t ∪ u) ∩ (l ∩ r) :=
  Monotone.map_inf_le (fun _ _ ↦ r.val) t u


/-!
### Criteria for and consequences of publicizing the set of possible states

We relate the set of states with the set of linear maps that are publicized.
-/
theorem t11 : l ∩ (r ∩ t) ⊆ l ∩ r ⊆ l :=
  Monotone.map_inf_le (fun _ _ ↦ l.val) r t


/-!
### Criteria for and consequences of publicizing the set of possible states

We relate the set of states with the set of linear maps that are publicized.
-/
theorem t12 : (l ∩ r) ∩ t ⊆ l ∩ r ⊆ l :=
  Monotone.map_inf_le (fun _ _ ↦ l.val) r t


/-!
### Criteria for and consequences of publicizing the set of possible states

We relate the set of states with the set of linear maps that are publicized.
-/
theorem t13 : l ∩ r ⊆ l ∩ t ⊆ l :=
  Monotone.map_inf_le (fun _ _ ↦ l.val) r t


/-!
### Criteria for and consequences of publicizing the set of possible states

We relate the set of states with the set of","💥️invalid field 'val', the environment does not contain 'Set.val'
  s
has type
  Set α

💥️invalid field notation, type is not of the form (C ...) where C is a constant
  s
has type
  α → Prop",False,10,MIL.C04_Sets_and_Functions.solutions.Solutions_S01_Sets,Llama-8B,LENGTH,best_of_n,False,0,-1.0,CH04.t1,False
-1,False,7,"theorem t1 : s ∩ t ∪ s ∩ u ⊆ s ∩ (t ∪ u) := by
  rintro x (⟨xs, xt⟩ | ⟨xs, xu⟩)
  · use xs; left; exact xt
  · use xs; right; exact xu

",,True,-1,"theorem t1 : s ∩ t ∪ s ∩ u ⊆ s ∩ (t ∪ u) :=
  s.map_inf_le (fun x h2 h3 => (h2 | h3).symm)
","💥️unexpected token '|'; expected ')', ',' or ':'",False,10,MIL.C04_Sets_and_Functions.solutions.Solutions_S01_Sets,Llama-8B,LENGTH,best_of_n,False,0,-1.0,CH04.t1,False
-1,False,7,"theorem t1 : s ∩ t ∪ s ∩ u ⊆ s ∩ (t ∪ u) := by
  rintro x (⟨xs, xt⟩ | ⟨xs, xu⟩)
  · use xs; left; exact xt
  · use xs; right; exact xu

",,True,-1,"theorem t1 : s ∩ t ∪ s ∩ u ⊆ s ∩ (t ∪ u) :=
  (s ∩ t).trans (t ∪ u); exact s ∩ (t ∪ u) ∩ x
","💥️invalid field 'trans', the environment does not contain 'Set.trans'
  s ∩ t
has type
  Set α

💥️invalid field notation, type is not of the form (C ...) where C is a constant
  s ∩ t
has type
  α → Prop",False,10,MIL.C04_Sets_and_Functions.solutions.Solutions_S01_Sets,Llama-8B,LENGTH,best_of_n,False,0,-1.0,CH04.t1,False
-1,False,7,"theorem t1 : s ∩ t ∪ s ∩ u ⊆ s ∩ (t ∪ u) := by
  rintro x (⟨xs, xt⟩ | ⟨xs, xu⟩)
  · use xs; left; exact xt
  · use xs; right; exact xu

",,True,-1,"theorem t1 : s ∩ t ∪ s ∩ u ⊆ s ∩ (t ∪ u) :=
  fun x (⟨xs, xt⟩ | ⟨xs, xu⟩) => ⟨xs, left; exact xt, xs, right; exact xu⟩


","💥️unexpected token '|'; expected ')', ',' or ':'",False,10,MIL.C04_Sets_and_Functions.solutions.Solutions_S01_Sets,Llama-8B,LENGTH,best_of_n,False,0,-1.0,CH04.t1,False
-1,False,7,"theorem t1 : s ∩ t ∪ s ∩ u ⊆ s ∩ (t ∪ u) := by
  rintro x (⟨xs, xt⟩ | ⟨xs, xu⟩)
  · use xs; left; exact xt
  · use xs; right; exact xu

",,True,-1,"theorem t1 : s ∩ t ∪ s ∩ u ⊆ s ∩ (t ∪ u) := by
  rintro x (⟨xs, xt⟩ | ⟨xs, xu⟩)
  use xs
  exacts [xt, xu]
","💥️type mismatch
  xt
has type
  x ∈ t : Prop
but is expected to have type
  x ∈ t ∪ u : Prop",False,10,MIL.C04_Sets_and_Functions.solutions.Solutions_S01_Sets,Llama-8B,LENGTH,best_of_n,False,0,-1.0,CH04.t1,False
-1,False,7,"theorem t1 : s ∩ t ∪ s ∩ u ⊆ s ∩ (t ∪ u) := by
  rintro x (⟨xs, xt⟩ | ⟨xs, xu⟩)
  · use xs; left; exact xt
  · use xs; right; exact xu

",,True,-1,"theorem t1 : s ∩ t ∪ s ∩ u ⊆ s ∩ (t ∪ u) := by
  intro x <;> simp only [memₗ, memₗ, contrapose]
","💥️unknown identifier 'memₗ'

💥️unknown identifier 'memₗ'

💥️unknown identifier 'contrapose'

💥️simp made no progress",False,10,MIL.C04_Sets_and_Functions.solutions.Solutions_S01_Sets,Llama-8B,LENGTH,best_of_n,False,0,-1.0,CH04.t1,False
-1,False,7,"theorem t1 : s ∩ t ∪ s ∩ u ⊆ s ∩ (t ∪ u) := by
  rintro x (⟨xs, xt⟩ | ⟨xs, xu⟩)
  · use xs; left; exact xt
  · use xs; right; exact xu

",,True,-1,"theorem t1 : s ∩ t ∪ s ∩ u ⊆ s ∩ (t ∪ u) :=
  s ∩ t ∪ s ∩ u ⊆ s ∩ (t ∪ u)
","💥️type mismatch
  s ∩ t ∪ s ∩ u ⊆ s ∩ (t ∪ u)
has type
  Prop : Type
but is expected to have type
  s ∩ t ∪ s ∩ u ⊆ s ∩ (t ∪ u) : Prop",False,10,MIL.C04_Sets_and_Functions.solutions.Solutions_S01_Sets,Llama-8B,LENGTH,best_of_n,False,0,-1.0,CH04.t1,False
-1,False,7,"theorem t1 : s ∩ t ∪ s ∩ u ⊆ s ∩ (t ∪ u) := by
  rintro x (⟨xs, xt⟩ | ⟨xs, xu⟩)
  · use xs; left; exact xt
  · use xs; right; exact xu

",,True,-1,"theorem t1 : s ∩ t ∪ s ∩ u ⊆ s ∩ (t ∪ u) := by
  rintro x (⟨xs,xt⟩ | ⟨xs, xu⟩)
  exact ⟨xs, left.2 xt, xs, right.2 xu⟩
","💥️invalid constructor ⟨...⟩, expected type must be an inductive type with only one constructor 
  x ∈ t ∨ x ∈ u

💥️unsolved goals
case inr.intro
α : Type u_1
s t u : Set α
x : α
xs : x ∈ s
xu : x ∈ u
⊢ x ∈ s ∩ (t ∪ u)",False,10,MIL.C04_Sets_and_Functions.solutions.Solutions_S01_Sets,Llama-8B,LENGTH,best_of_n,False,0,-1.0,CH04.t1,False
-1,False,7,"theorem t1 : s ∩ t ∪ s ∩ u ⊆ s ∩ (t ∪ u) := by
  rintro x (⟨xs, xt⟩ | ⟨xs, xu⟩)
  · use xs; left; exact xt
  · use xs; right; exact xu

",,True,-1,"theorem t1 : s ∩ t ∪ s ∩ u ⊆ s ∩ (t ∪ u) :=
  fun _ ↦ s ∩ t, s ∩ u; aesop 2
","💥️type mismatch
  s ∩ t
has type
  Set α : Type u_1
but is expected to have type
  x✝ ∈ s ∩ t ∪ s ∩ u → x✝ ∈ s ∩ (t ∪ u) : Prop",False,10,MIL.C04_Sets_and_Functions.solutions.Solutions_S01_Sets,Llama-8B,LENGTH,best_of_n,False,0,-1.0,CH04.t1,False
-1,False,7,"theorem t1 : s ∩ t ∪ s ∩ u ⊆ s ∩ (t ∪ u) := by
  rintro x (⟨xs, xt⟩ | ⟨xs, xu⟩)
  · use xs; left; exact xt
  · use xs; right; exact xu

",,True,7,"theorem t1 : s ∩ t ∪ s ∩ u ⊆ s ∩ (t ∪ u) := by
  rintro x (⟨xs, xt⟩ | ⟨xs, xu⟩)
  · exact ⟨xs, by left; exact xt⟩
  · exact ⟨xs, by right; exact xu⟩
",,True,10,MIL.C04_Sets_and_Functions.solutions.Solutions_S01_Sets,Llama-8B,LENGTH,best_of_n,False,0,0.0,CH04.t1,False
-1,False,7,"theorem t2 : s \ (t ∪ u) ⊆ (s \ t) \ u := by
  rintro x ⟨xs, xntu⟩
  constructor
  use xs
  · intro xt
    exact xntu (Or.inl xt)
  intro xu
  apply xntu (Or.inr xu)

",,True,-1,"theorem t2 : s \ (t ∪ u) ⊆ (s \ t) \ u := by
  rintro x ⟨xs, xntu⟩
  exact ⟨xs, fun ext ht ↦ xntu (Or.inl ext)⟩


","💥️application type mismatch
  And.intro xs
argument
  xs
has type
  x ∈ s : Prop
but is expected to have type
  x ∈ s \ t : Prop

💥️application type mismatch
  Or.inl ext
argument
  ext
has type
  x ∈ u : Prop
but is expected to have type
  x ∈ t : Prop",False,10,MIL.C04_Sets_and_Functions.solutions.Solutions_S01_Sets,Llama-8B,LENGTH,best_of_n,False,0,-1.0,CH04.t2,False
-1,False,7,"theorem t2 : s \ (t ∪ u) ⊆ (s \ t) \ u := by
  rintro x ⟨xs, xntu⟩
  constructor
  use xs
  · intro xt
    exact xntu (Or.inl xt)
  intro xu
  apply xntu (Or.inr xu)

",,True,-1,"theorem t2 : s \ (t ∪ u) ⊆ (s \ t) \ u := by
  rintro x ⟨xs, xntu⟩
  refine ⟨xs, fun xt ↦ xntu (Or.inl xt)⟩
  intro xu
  apply xntu (Or.inr xu)
","💥️application type mismatch
  And.intro xs
argument
  xs
has type
  x ∈ s : Prop
but is expected to have type
  x ∈ s \ t : Prop

💥️application type mismatch
  Or.inl xt
argument
  xt
has type
  x ∈ u : Prop
but is expected to have type
  x ∈ t : Prop

💥️no goals to be solved",False,10,MIL.C04_Sets_and_Functions.solutions.Solutions_S01_Sets,Llama-8B,LENGTH,best_of_n,False,0,-1.0,CH04.t2,False
-1,False,7,"theorem t2 : s \ (t ∪ u) ⊆ (s \ t) \ u := by
  rintro x ⟨xs, xntu⟩
  constructor
  use xs
  · intro xt
    exact xntu (Or.inl xt)
  intro xu
  apply xntu (Or.inr xu)

",,True,-1,"theorem t2 : s \ (t ∪ u) ⊆ (s \ t) \ u :=
  (Set.filter_subset _).2 fun x hx ↦
    xntu (Or.inl (and_iff_left _))
    (Or.inr hx) <;> simp [and_iff_right]
",💥️unknown constant 'Set.filter_subset',False,10,MIL.C04_Sets_and_Functions.solutions.Solutions_S01_Sets,Llama-8B,LENGTH,best_of_n,False,0,-1.0,CH04.t2,False
-1,False,7,"theorem t2 : s \ (t ∪ u) ⊆ (s \ t) \ u := by
  rintro x ⟨xs, xntu⟩
  constructor
  use xs
  · intro xt
    exact xntu (Or.inl xt)
  intro xu
  apply xntu (Or.inr xu)

",,True,-1,"theorem t2 : s \ (t ∪ u) ⊆ (s \ t) \ u := by
  rintro x ⟨xs, xntu⟩
  exact ⟨xs, fun xt ↦ xntu (Or.inl xt), fun xu ↦ xntu (Or.inr xu)⟩
","💥️application type mismatch
  And.intro xs
argument
  xs
has type
  x ∈ s : Prop
but is expected to have type
  x ∈ s \ t : Prop

💥️invalid constructor ⟨...⟩, expected type must be an inductive type 
  x ∈ u → False",False,10,MIL.C04_Sets_and_Functions.solutions.Solutions_S01_Sets,Llama-8B,LENGTH,best_of_n,False,0,-1.0,CH04.t2,False
-1,False,7,"theorem t2 : s \ (t ∪ u) ⊆ (s \ t) \ u := by
  rintro x ⟨xs, xntu⟩
  constructor
  use xs
  · intro xt
    exact xntu (Or.inl xt)
  intro xu
  apply xntu (Or.inr xu)

",,True,7,"theorem t2 : s \ (t ∪ u) ⊆ (s \ t) \ u := by
  rintro x ⟨xs, xntu⟩
  constructor
  use xs
  · intro xt
    exact xntu (Or.inl xt)
  intro xu
  apply xntu (Or.inr xu)
",,True,10,MIL.C04_Sets_and_Functions.solutions.Solutions_S01_Sets,Llama-8B,LENGTH,best_of_n,False,0,0.0,CH04.t2,False
-1,False,7,"theorem t2 : s \ (t ∪ u) ⊆ (s \ t) \ u := by
  rintro x ⟨xs, xntu⟩
  constructor
  use xs
  · intro xt
    exact xntu (Or.inl xt)
  intro xu
  apply xntu (Or.inr xu)

",,True,-1,"theorem t2 : s \ (t ∪ u) ⊆ (s \ t) \ u :=
  fun x ⟨xs, xntu⟩ ↦ ⟨xs, xntu (Or.inl xs)⟩, xntu (Or.inr _)
","💥️application type mismatch
  And.intro xs
argument
  xs
has type
  x ∈ s : Prop
but is expected to have type
  x ∈ s \ t : Prop

💥️application type mismatch
  Or.inl xs
argument
  xs
has type
  x ∈ s : Prop
but is expected to have type
  x ∈ t : Prop",False,10,MIL.C04_Sets_and_Functions.solutions.Solutions_S01_Sets,Llama-8B,LENGTH,best_of_n,False,0,-1.0,CH04.t2,False
-1,False,7,"theorem t2 : s \ (t ∪ u) ⊆ (s \ t) \ u := by
  rintro x ⟨xs, xntu⟩
  constructor
  use xs
  · intro xt
    exact xntu (Or.inl xt)
  intro xu
  apply xntu (Or.inr xu)

",,True,-1,"theorem t2 : s \ (t ∪ u) ⊆ (s \ t) \ u :=
  Monotone.map_inf_le (fun _ _ ↦) (by aesop) (Or.inl ·)
",💥️unexpected token ')'; expected term,False,10,MIL.C04_Sets_and_Functions.solutions.Solutions_S01_Sets,Llama-8B,LENGTH,best_of_n,False,0,-1.0,CH04.t2,False
-1,False,7,"theorem t2 : s \ (t ∪ u) ⊆ (s \ t) \ u := by
  rintro x ⟨xs, xntu⟩
  constructor
  use xs
  · intro xt
    exact xntu (Or.inl xt)
  intro xu
  apply xntu (Or.inr xu)

",,True,-1,"theorem t2 : s \ (t ∪ u) ⊆ (s \ t) \ u := by
  rintro x ⟨xs, xntu⟩
  exact ⟨xs, fun ext xt ↦ xntu (Or.inl xt)⟩
","💥️application type mismatch
  And.intro xs
argument
  xs
has type
  x ∈ s : Prop
but is expected to have type
  x ∈ s \ t : Prop",False,10,MIL.C04_Sets_and_Functions.solutions.Solutions_S01_Sets,Llama-8B,LENGTH,best_of_n,False,0,-1.0,CH04.t2,False
-1,False,7,"theorem t2 : s \ (t ∪ u) ⊆ (s \ t) \ u := by
  rintro x ⟨xs, xntu⟩
  constructor
  use xs
  · intro xt
    exact xntu (Or.inl xt)
  intro xu
  apply xntu (Or.inr xu)

",,True,-1,"theorem t2 : s \ (t ∪ u) ⊆ (s \ t) \ u :=
  t2' _ (Or.inl _)
  t2' _ (Or.inr _)
",💥️unknown identifier 't2'',False,10,MIL.C04_Sets_and_Functions.solutions.Solutions_S01_Sets,Llama-8B,LENGTH,best_of_n,False,0,-1.0,CH04.t2,False
-1,False,7,"theorem t2 : s \ (t ∪ u) ⊆ (s \ t) \ u := by
  rintro x ⟨xs, xntu⟩
  constructor
  use xs
  · intro xt
    exact xntu (Or.inl xt)
  intro xu
  apply xntu (Or.inr xu)

",,True,-1,"theorem t2 : s \ (t ∪ u) ⊆ (s \ t) \ u :=
  fun x ⟨xs, xntu⟩ ↦ ⟨xs, fun xt ↦ xntu (Or.inl xt)⟩


","💥️application type mismatch
  And.intro xs
argument
  xs
has type
  x ∈ s : Prop
but is expected to have type
  x ∈ s \ t : Prop

💥️application type mismatch
  Or.inl xt
argument
  xt
has type
  x ∈ u : Prop
but is expected to have type
  x ∈ t : Prop",False,10,MIL.C04_Sets_and_Functions.solutions.Solutions_S01_Sets,Llama-8B,LENGTH,best_of_n,False,0,-1.0,CH04.t2,False
-1,False,0,"theorem t3 : s ∩ t = t ∩ s :=
    Subset.antisymm
    (fun x ⟨xs, xt⟩ ↦ ⟨xt, xs⟩) fun x ⟨xt, xs⟩ ↦ ⟨xs, xt⟩

",,True,-1,"theorem t3 : s ∩ t = t ∩ s := by
  simpa [t3_eq_mul, mul_comm]
","💥️unknown identifier 't3_eq_mul'

💥️tactic 'assumption' failed
α : Type u_1
s t : Set α
⊢ s ∩ t = t ∩ s",False,10,MIL.C04_Sets_and_Functions.solutions.Solutions_S01_Sets,Llama-8B,LENGTH,best_of_n,False,0,-1.0,CH04.t3,False
-1,False,0,"theorem t3 : s ∩ t = t ∩ s :=
    Subset.antisymm
    (fun x ⟨xs, xt⟩ ↦ ⟨xt, xs⟩) fun x ⟨xt, xs⟩ ↦ ⟨xs, xt⟩

",,True,-1,"theorem t3 : s ∩ t = t ∩ s :=
  (Monotone.map_inf_le (fun _ _ ↦ s) t).antisymm <|
    fun x ⟨xs, xt⟩ ↦ ⟨xt, xs⟩
","💥️type mismatch
  s
has type
  Set α : Type u_1
but is expected to have type
  x✝¹ ≤ x✝ → ?m.643 x✝¹ ≤ ?m.643 x✝ : Prop",False,10,MIL.C04_Sets_and_Functions.solutions.Solutions_S01_Sets,Llama-8B,LENGTH,best_of_n,False,0,-1.0,CH04.t3,False
-1,False,0,"theorem t3 : s ∩ t = t ∩ s :=
    Subset.antisymm
    (fun x ⟨xs, xt⟩ ↦ ⟨xt, xs⟩) fun x ⟨xt, xs⟩ ↦ ⟨xs, xt⟩

",,True,-1,"theorem t3 : s ∩ t = t ∩ s :=
  (Monotone.map_inf_le (fun _ _ ↦ sup) s t).antisymm <|
    fun _ ↦ strict_mono (inf_le s _ _ _
      (inf_le t _ _ _))
","💥️unknown identifier 'sup'

💥️unknown identifier 'strict_mono'",False,10,MIL.C04_Sets_and_Functions.solutions.Solutions_S01_Sets,Llama-8B,LENGTH,best_of_n,False,0,-1.0,CH04.t3,False
-1,False,0,"theorem t3 : s ∩ t = t ∩ s :=
    Subset.antisymm
    (fun x ⟨xs, xt⟩ ↦ ⟨xt, xs⟩) fun x ⟨xt, xs⟩ ↦ ⟨xs, xt⟩

",,True,-1,"theorem t3 : s ∩ t = t ∩ s := by
  simp_rw [subset_antisymm, fun x ⟨xs, xt⟩ ↦ ⟨xt, xs⟩]
","💥️failed to synthesize
  IsAntisymm (({α : Type u_1} → [self : Inter α] → α → α → α) → ({α : Type u_1} → [self : Inter α] → α → α → α) → Prop)
    fun x1 x2 => x1 ⊆ x2
(deterministic) timeout at `typeclass`, maximum number of heartbeats (20000) has been reached
Use `set_option synthInstance.maxHeartbeats <num>` to set the limit.
Additional diagnostic information may be available using the `set_option diagnostics true` command.
Additional diagnostic information may be available using the `set_option diagnostics true` command.",False,10,MIL.C04_Sets_and_Functions.solutions.Solutions_S01_Sets,Llama-8B,LENGTH,best_of_n,False,0,-1.0,CH04.t3,False
-1,False,0,"theorem t3 : s ∩ t = t ∩ s :=
    Subset.antisymm
    (fun x ⟨xs, xt⟩ ↦ ⟨xt, xs⟩) fun x ⟨xt, xs⟩ ↦ ⟨xs, xt⟩

",,True,-1,"theorem t3 : s ∩ t = t ∩ s :=
  (Monotone.map_inf_le (fun _ _ ↦ s)).antisymm {x ⟨xs, xt⟩ ↦ ⟨xt, xs⟩}
",💥️unexpected token '↦'; expected '}',False,10,MIL.C04_Sets_and_Functions.solutions.Solutions_S01_Sets,Llama-8B,LENGTH,best_of_n,False,0,-1.0,CH04.t3,False
-1,False,0,"theorem t3 : s ∩ t = t ∩ s :=
    Subset.antisymm
    (fun x ⟨xs, xt⟩ ↦ ⟨xt, xs⟩) fun x ⟨xt, xs⟩ ↦ ⟨xs, xt⟩

",,True,-1,"theorem t3 : s ∩ t = t ∩ s :=
  (Monotone.map_inf_le (fun _ _ ↦ s) t).antisymm <|
    fun x ⟨xs, xt⟩ ↦ ⟨xs, xt⟩
","💥️type mismatch
  s
has type
  Set α : Type u_1
but is expected to have type
  x✝¹ ≤ x✝ → ?m.643 x✝¹ ≤ ?m.643 x✝ : Prop",False,10,MIL.C04_Sets_and_Functions.solutions.Solutions_S01_Sets,Llama-8B,LENGTH,best_of_n,False,0,-1.0,CH04.t3,False
-1,False,0,"theorem t3 : s ∩ t = t ∩ s :=
    Subset.antisymm
    (fun x ⟨xs, xt⟩ ↦ ⟨xt, xs⟩) fun x ⟨xt, xs⟩ ↦ ⟨xs, xt⟩

",,True,-1,"theorem t3 : s ∩ t = t ∩ s :=
  Subset.antisymm
    fun x ⟨xs, xt⟩ ↦ ⟨xt, xs⟩ fun x ⟨xt, xs⟩ ↦ ⟨xs, xt⟩
","💥️invalid constructor ⟨...⟩, expected type must be an inductive type 
  ?m.639 x",False,10,MIL.C04_Sets_and_Functions.solutions.Solutions_S01_Sets,Llama-8B,LENGTH,best_of_n,False,0,-1.0,CH04.t3,False
-1,False,0,"theorem t3 : s ∩ t = t ∩ s :=
    Subset.antisymm
    (fun x ⟨xs, xt⟩ ↦ ⟨xt, xs⟩) fun x ⟨xt, xs⟩ ↦ ⟨xs, xt⟩

",,True,-1,"theorem t3 : s ∩ t = t ∩ s := by
  simp_rw [memₗ, memᵣ, memicients]
","💥️unknown identifier 'memₗ'

💥️simp made no progress",False,10,MIL.C04_Sets_and_Functions.solutions.Solutions_S01_Sets,Llama-8B,LENGTH,best_of_n,False,0,-1.0,CH04.t3,False
-1,False,0,"theorem t3 : s ∩ t = t ∩ s :=
    Subset.antisymm
    (fun x ⟨xs, xt⟩ ↦ ⟨xt, xs⟩) fun x ⟨xt, xs⟩ ↦ ⟨xs, xt⟩

",,True,-1,"theorem t3 : s ∩ t = t ∩ s :=
  (Monotone.map_inf_le (fun _ _ ↦ subset_antitone) s t).idempotent _
",💥️unknown identifier 'subset_antitone',False,10,MIL.C04_Sets_and_Functions.solutions.Solutions_S01_Sets,Llama-8B,LENGTH,best_of_n,False,0,-1.0,CH04.t3,False
-1,False,0,"theorem t3 : s ∩ t = t ∩ s :=
    Subset.antisymm
    (fun x ⟨xs, xt⟩ ↦ ⟨xt, xs⟩) fun x ⟨xt, xs⟩ ↦ ⟨xs, xt⟩

",,True,-1,"@[deprecated t3_subset_of_eq (since := ""2024-10-02"")]
theorem t3 : s ∩ t = t ∩ s := t3_subset_of_eq


","💥️unknown identifier 't3_subset_of_eq'

💥️unknown constant 't3_subset_of_eq'",False,10,MIL.C04_Sets_and_Functions.solutions.Solutions_S01_Sets,Llama-8B,LENGTH,best_of_n,False,0,-1.0,CH04.t3,False
-1,False,8,"theorem t4 : s ∩ (s ∪ t) = s := by
  ext x; constructor
  · rintro ⟨xs, _⟩
    exact xs
  · intro xs
    use xs; left; exact xs

",,True,-1,"theorem t4 : s ∩ (s ∪ t) = s := by
  ext x
  exact ⟨fun ⟨xs, _⟩ => xs, fun xs => (xs.trans s).left⟩
","💥️invalid field 'trans', the environment does not contain 'Membership.mem.trans'
  xs
has type
  x ∈ s

💥️invalid field 'trans', the environment does not contain 'Set.Mem.trans'
  xs
has type
  s.Mem x

💥️invalid field notation, type is not of the form (C ...) where C is a constant
  xs
has type
  s x",False,10,MIL.C04_Sets_and_Functions.solutions.Solutions_S01_Sets,Llama-8B,LENGTH,best_of_n,False,0,-1.0,CH04.t4,False
-1,False,8,"theorem t4 : s ∩ (s ∪ t) = s := by
  ext x; constructor
  · rintro ⟨xs, _⟩
    exact xs
  · intro xs
    use xs; left; exact xs

",,True,-1,"theorem t4 : s ∩ (s ∪ t) = s := by
  ext x; constructor
  · rintro ⟨xs, _⟩
    exact xs
  · intro xs
    exact ⟨xs, left; xs⟩
","💥️unexpected token ';'; expected '⟩'

💥️unknown identifier 'left'",False,10,MIL.C04_Sets_and_Functions.solutions.Solutions_S01_Sets,Llama-8B,LENGTH,best_of_n,False,0,-1.0,CH04.t4,False
-1,False,8,"theorem t4 : s ∩ (s ∪ t) = s := by
  ext x; constructor
  · rintro ⟨xs, _⟩
    exact xs
  · intro xs
    use xs; left; exact xs

",,True,3,"theorem t4 : s ∩ (s ∪ t) = s := by
  ext x
  exact ⟨fun ⟨xs, _⟩ => xs, fun xs => ⟨xs, by tauto⟩⟩
",,True,10,MIL.C04_Sets_and_Functions.solutions.Solutions_S01_Sets,Llama-8B,LENGTH,best_of_n,False,0,0.625,CH04.t4,False
-1,False,8,"theorem t4 : s ∩ (s ∪ t) = s := by
  ext x; constructor
  · rintro ⟨xs, _⟩
    exact xs
  · intro xs
    use xs; left; exact xs

",,True,-1,"theorem t4 : s ∩ (s ∪ t) = s := by
  ext x
  rintro ⟨xs, _⟩
  exact ⟨xs, by tauto⟩


","💥️tactic 'introN' failed, insufficient number of binders
case h
α : Type u_1
s t : Set α
x : α
⊢ x ∈ s ∩ (s ∪ t) ↔ x ∈ s",False,10,MIL.C04_Sets_and_Functions.solutions.Solutions_S01_Sets,Llama-8B,LENGTH,best_of_n,False,0,-1.0,CH04.t4,False
-1,False,8,"theorem t4 : s ∩ (s ∪ t) = s := by
  ext x; constructor
  · rintro ⟨xs, _⟩
    exact xs
  · intro xs
    use xs; left; exact xs

",,True,-1,"/theorem t4 : s ∩ (s ∪ t) = s := by
  ext x
  exact ⟨fun ⟨xs, _⟩ => xs, fun xs => use xs; left; exact xs⟩
","💥️unexpected token '/'; expected command

💥️unexpected token ';'; expected '⟩'

💥️unknown identifier 'use'",False,10,MIL.C04_Sets_and_Functions.solutions.Solutions_S01_Sets,Llama-8B,LENGTH,best_of_n,False,0,-1.0,CH04.t4,False
-1,False,8,"theorem t4 : s ∩ (s ∪ t) = s := by
  ext x; constructor
  · rintro ⟨xs, _⟩
    exact xs
  · intro xs
    use xs; left; exact xs

",,True,-1,"theorem t4 : s ∩ (s ∪ t) = s := by
  rw [Inter.of_eq (s ∪ t), s#align inter_union t4a]
","💥️unexpected token '#'; expected ']'

💥️unknown constant 'Inter.of_eq'",False,10,MIL.C04_Sets_and_Functions.solutions.Solutions_S01_Sets,Llama-8B,LENGTH,best_of_n,False,0,-1.0,CH04.t4,False
-1,False,8,"theorem t4 : s ∩ (s ∪ t) = s := by
  ext x; constructor
  · rintro ⟨xs, _⟩
    exact xs
  · intro xs
    use xs; left; exact xs

",,True,8,"theorem t4 : s ∩ (s ∪ t) = s := by
  ext x; constructor
  · rintro ⟨xs, _⟩
    exact xs
  · intro xs
    use xs; left; exact xs
",,True,10,MIL.C04_Sets_and_Functions.solutions.Solutions_S01_Sets,Llama-8B,LENGTH,best_of_n,False,0,0.0,CH04.t4,False
-1,False,8,"theorem t4 : s ∩ (s ∪ t) = s := by
  ext x; constructor
  · rintro ⟨xs, _⟩
    exact xs
  · intro xs
    use xs; left; exact xs

",,True,-1,"theorem t4 : s ∩ (s ∪ t) = s := by
  ext x
  exact ⟨fun ⟨xs, _⟩ => xs, fun xs => use xs; left; exact xs⟩
","💥️unexpected token ';'; expected '⟩'

💥️unknown identifier 'use'",False,10,MIL.C04_Sets_and_Functions.solutions.Solutions_S01_Sets,Llama-8B,LENGTH,best_of_n,False,0,-1.0,CH04.t4,False
-1,False,8,"theorem t4 : s ∩ (s ∪ t) = s := by
  ext x; constructor
  · rintro ⟨xs, _⟩
    exact xs
  · intro xs
    use xs; left; exact xs

",,True,8,"theorem t4 : s ∩ (s ∪ t) = s := by
  ext x
  constructor
  · rintro ⟨xs, _⟩
    exact xs
  · intro xs
    use xs; left; exact xs
",,True,10,MIL.C04_Sets_and_Functions.solutions.Solutions_S01_Sets,Llama-8B,LENGTH,best_of_n,False,0,0.0,CH04.t4,False
-1,False,8,"theorem t4 : s ∩ (s ∪ t) = s := by
  ext x; constructor
  · rintro ⟨xs, _⟩
    exact xs
  · intro xs
    use xs; left; exact xs

",,True,8,"theorem t4 : s ∩ (s ∪ t) = s := by
  ext x; constructor
  · rintro ⟨xs, _⟩
    exact xs
  · intro xs
    use xs; left; exact xs
",,True,10,MIL.C04_Sets_and_Functions.solutions.Solutions_S01_Sets,Llama-8B,LENGTH,best_of_n,False,0,0.0,CH04.t4,False
-1,False,8,"theorem t5 : s ∪ s ∩ t = s := by
  ext x; constructor
  · rintro (xs | ⟨xs, xt⟩) <;> exact xs
  · intro xs; left; exact xs

",,True,3,"theorem t5 : s ∪ s ∩ t = s := by
  ext
  simp [or_iff_left] at *
  aesop
",,True,10,MIL.C04_Sets_and_Functions.solutions.Solutions_S01_Sets,Llama-8B,LENGTH,best_of_n,False,0,0.625,CH04.t5,False
-1,False,8,"theorem t5 : s ∪ s ∩ t = s := by
  ext x; constructor
  · rintro (xs | ⟨xs, xt⟩) <;> exact xs
  · intro xs; left; exact xs

",,True,-1,"theorem t5 : s ∪ s ∩ t = s :=
  Monotone.map_inf_le (fun _ _ => Iff.rfl) (Subidoid.map_inf_le _ _)
","💥️type mismatch
  Iff.rfl
has type
  ?m.1061 ↔ ?m.1061 : Prop
but is expected to have type
  x✝¹ ≤ x✝ → ?m.1054 x✝¹ ≤ ?m.1054 x✝ : Prop

💥️unknown identifier 'Subidoid.map_inf_le'",False,10,MIL.C04_Sets_and_Functions.solutions.Solutions_S01_Sets,Llama-8B,LENGTH,best_of_n,False,0,-1.0,CH04.t5,False
-1,False,8,"theorem t5 : s ∪ s ∩ t = s := by
  ext x; constructor
  · rintro (xs | ⟨xs, xt⟩) <;> exact xs
  · intro xs; left; exact xs

",,True,-1,"theorem t5 : s ∪ s ∩ t = s := by
  ext x
  exact ⟨fun ⟨xs | ⟨xs, xt⟩ => by exact xs, by left; exact xs⟩
","💥️unexpected token '|'; expected '⟩'

💥️invalid constructor ⟨...⟩, insufficient number of arguments, constructs 'Iff.intro' has #2 explicit fields, but only #1 provided",False,10,MIL.C04_Sets_and_Functions.solutions.Solutions_S01_Sets,Llama-8B,LENGTH,best_of_n,False,0,-1.0,CH04.t5,False
-1,False,8,"theorem t5 : s ∪ s ∩ t = s := by
  ext x; constructor
  · rintro (xs | ⟨xs, xt⟩) <;> exact xs
  · intro xs; left; exact xs

",,True,-1,"theorem t5 : s ∪ s ∩ t = s := by
  ext x
  exact ⟨fun hxr => (hxr.elim s).symm, fun xs => Or.inr rfl⟩

","💥️application type mismatch
  Or.elim hxr s
argument
  s
has type
  Set α : Type u_1
but is expected to have type
  x ∈ s → ?m.1094 : Prop

💥️application type mismatch
  Or.inr rfl
argument
  rfl
has type
  ?m.1598 = ?m.1598 : Prop
but is expected to have type
  x ∈ s ∩ t : Prop",False,10,MIL.C04_Sets_and_Functions.solutions.Solutions_S01_Sets,Llama-8B,LENGTH,best_of_n,False,0,-1.0,CH04.t5,False
-1,False,8,"theorem t5 : s ∪ s ∩ t = s := by
  ext x; constructor
  · rintro (xs | ⟨xs, xt⟩) <;> exact xs
  · intro xs; left; exact xs

",,True,-1,"theorem t5 : s ∪ s ∩ t = s :=
  Or.elim s t; simp [or_iff_left, trans_cancel]
","💥️application type mismatch
  Or.elim s
argument
  s
has type
  Set α : Type u_1
but is expected to have type
  ?m.1048 ∨ ?m.1049 : Prop",False,10,MIL.C04_Sets_and_Functions.solutions.Solutions_S01_Sets,Llama-8B,LENGTH,best_of_n,False,0,-1.0,CH04.t5,False
-1,False,8,"theorem t5 : s ∪ s ∩ t = s := by
  ext x; constructor
  · rintro (xs | ⟨xs, xt⟩) <;> exact xs
  · intro xs; left; exact xs

",,True,-1,"theorem t5 : s ∪ s ∩ t = s := by
  ext
  exact ⟨fun (xs | ⟨xs, xt⟩) => xs, fun _ => Or.inr fun _ ↦ L_comm_of_u_comm _ _⟩
","💥️unexpected token '|'; expected ')', ',' or ':'

💥️invalid constructor ⟨...⟩, insufficient number of arguments, constructs 'Iff.intro' has #2 explicit fields, but only #1 provided",False,10,MIL.C04_Sets_and_Functions.solutions.Solutions_S01_Sets,Llama-8B,LENGTH,best_of_n,False,0,-1.0,CH04.t5,False
-1,False,8,"theorem t5 : s ∪ s ∩ t = s := by
  ext x; constructor
  · rintro (xs | ⟨xs, xt⟩) <;> exact xs
  · intro xs; left; exact xs

",,True,-1,"theorem t5 : s ∪ s ∩ t = s := by
  ext x
  exact ⟨fun (xs | ⟨xs, xt⟩) => xs, fun xs => left; exact xs⟩
","💥️unexpected token '|'; expected ')', ',' or ':'

💥️invalid constructor ⟨...⟩, insufficient number of arguments, constructs 'Iff.intro' has #2 explicit fields, but only #1 provided",False,10,MIL.C04_Sets_and_Functions.solutions.Solutions_S01_Sets,Llama-8B,LENGTH,best_of_n,False,0,-1.0,CH04.t5,False
-1,False,8,"theorem t5 : s ∪ s ∩ t = s := by
  ext x; constructor
  · rintro (xs | ⟨xs, xt⟩) <;> exact xs
  · intro xs; left; exact xs

",,True,8,"theorem t5 : s ∪ s ∩ t = s := by
  ext x; constructor
  · rintro (xs | ⟨xs, xt⟩) <;> exact xs
  · intro xs; left; exact xs
",,True,10,MIL.C04_Sets_and_Functions.solutions.Solutions_S01_Sets,Llama-8B,LENGTH,best_of_n,False,0,0.0,CH04.t5,False
-1,False,8,"theorem t5 : s ∪ s ∩ t = s := by
  ext x; constructor
  · rintro (xs | ⟨xs, xt⟩) <;> exact xs
  · intro xs; left; exact xs

",,True,-1,"theorem t5 : s ∪ s ∩ t = s := by
  rw [s ∪ (s ∩ t)]
","💥️tactic 'rewrite' failed, equality or iff proof expected
  Prop
α : Type u_1
s t : Set α
⊢ s ∪ s ∩ t = s",False,10,MIL.C04_Sets_and_Functions.solutions.Solutions_S01_Sets,Llama-8B,LENGTH,best_of_n,False,0,-1.0,CH04.t5,False
-1,False,8,"theorem t5 : s ∪ s ∩ t = s := by
  ext x; constructor
  · rintro (xs | ⟨xs, xt⟩) <;> exact xs
  · intro xs; left; exact xs

",,True,-1,"theorem t5 : s ∪ s ∩ t = s := by
  ext x
  exact ⟨fun h => h.elim s.symm, fun xs => left; exact xs⟩
","💥️unexpected token ';'; expected '⟩'

💥️invalid field 'symm', the environment does not contain 'Set.symm'
  s
has type
  Set α

💥️invalid field notation, type is not of the form (C ...) where C is a constant
  s
has type
  α → Prop

💥️unknown identifier 'left'",False,10,MIL.C04_Sets_and_Functions.solutions.Solutions_S01_Sets,Llama-8B,LENGTH,best_of_n,False,0,-1.0,CH04.t5,False
-1,False,16,"theorem t6 : s \ t ∪ t = s ∪ t := by
  ext x; constructor
  · rintro (⟨xs, nxt⟩ | xt)
    · left
      exact xs
    · right
      exact xt
  by_cases h : x ∈ t
  · intro
    right
    exact h
  rintro (xs | xt)
  · left
    use xs
  right; exact xt

",,True,-1,"theorem t6 : s \ t ∪ t = s ∪ t := by
  rw [⋆, t1, t2, t3, t4, t5, t6, s]
  exact Iff.ext fun x ↦ (Or.inr h).trans (Or.elim h (h ▸ x)
","💥️expected token

💥️unsolved goals
α : Type u_1
s t : Set α
⊢ s \ t ∪ t = s ∪ t",False,10,MIL.C04_Sets_and_Functions.solutions.Solutions_S01_Sets,Llama-8B,LENGTH,best_of_n,False,0,-1.0,CH04.t6,False
-1,False,16,"theorem t6 : s \ t ∪ t = s ∪ t := by
  ext x; constructor
  · rintro (⟨xs, nxt⟩ | xt)
    · left
      exact xs
    · right
      exact xt
  by_cases h : x ∈ t
  · intro
    right
    exact h
  rintro (xs | xt)
  · left
    use xs
  right; exact xt

",,True,-1,"theorem t6 : s \ t ∪ t = s ∪ t :=
  by simpa [set.ext_iff, t6f_div, t6f_mul, t6f_ne] using t6f_div + t6f_mul + t6f_ne
","💥️invalid field notation, type is not of the form (C ...) where C is a constant
  set
has type
  ?m.1228 → ?m.1229 PUnit.{?u.1227 + 1}

💥️unknown identifier 't6f_div'

💥️unknown identifier 't6f_mul'

💥️unknown identifier 't6f_ne'",False,10,MIL.C04_Sets_and_Functions.solutions.Solutions_S01_Sets,Llama-8B,LENGTH,best_of_n,False,0,-1.0,CH04.t6,False
-1,False,16,"theorem t6 : s \ t ∪ t = s ∪ t := by
  ext x; constructor
  · rintro (⟨xs, nxt⟩ | xt)
    · left
      exact xs
    · right
      exact xt
  by_cases h : x ∈ t
  · intro
    right
    exact h
  rintro (xs | xt)
  · left
    use xs
  right; exact xt

",,True,-1,"theorem t6 : s \ t ∪ t = s ∪ t :=
  (drop_eq _).symm
",💥️unknown identifier 'drop_eq',False,10,MIL.C04_Sets_and_Functions.solutions.Solutions_S01_Sets,Llama-8B,LENGTH,best_of_n,False,0,-1.0,CH04.t6,False
-1,False,16,"theorem t6 : s \ t ∪ t = s ∪ t := by
  ext x; constructor
  · rintro (⟨xs, nxt⟩ | xt)
    · left
      exact xs
    · right
      exact xt
  by_cases h : x ∈ t
  · intro
    right
    exact h
  rintro (xs | xt)
  · left
    use xs
  right; exact xt

",,True,-1,"theorem t6 : s \ t ∪ t = s ∪ t := by
  ext x
  rintro (⟨xs, nxt⟩ | xt)
  hp
  exacts [xs, ext_iff_left _ _ hp, ext_iff_right _ _ simp]
",💥️unknown tactic,False,10,MIL.C04_Sets_and_Functions.solutions.Solutions_S01_Sets,Llama-8B,LENGTH,best_of_n,False,0,-1.0,CH04.t6,False
-1,False,16,"theorem t6 : s \ t ∪ t = s ∪ t := by
  ext x; constructor
  · rintro (⟨xs, nxt⟩ | xt)
    · left
      exact xs
    · right
      exact xt
  by_cases h : x ∈ t
  · intro
    right
    exact h
  rintro (xs | xt)
  · left
    use xs
  right; exact xt

",,True,-1,"theorem t6 : s \ t ∪ t = s ∪ t := by
  ext x; constructor
  · rintro (⟨xs, nxt⟩ | xt)
    · left
      exact xs
    · right
      exact xt
  by_cases h : x ∈ t
  · intro
    right
    exact h
  rintro (xs | xt)
  · left
    exact ⟨xs, by tauto⟩
","💥️unsolved goals
case neg.inr
α : Type u_1
s t : Set α
x : α
h : x ∉ t
xt : x ∈ t
⊢ x ∈ s \ t ∪ t",False,10,MIL.C04_Sets_and_Functions.solutions.Solutions_S01_Sets,Llama-8B,LENGTH,best_of_n,False,0,-1.0,CH04.t6,False
-1,False,16,"theorem t6 : s \ t ∪ t = s ∪ t := by
  ext x; constructor
  · rintro (⟨xs, nxt⟩ | xt)
    · left
      exact xs
    · right
      exact xt
  by_cases h : x ∈ t
  · intro
    right
    exact h
  rintro (xs | xt)
  · left
    use xs
  right; exact xt

",,True,-1,"theorem t6 : s \ t ∪ t = s ∪ t :=
  union_right_iff.2 ⟨fun ⟨xs, hxs⟩ => s.finite_toSeticients _ hxs, fun t => s.finite_toSeticients _ t⟩
",💥️unknown identifier 'union_right_iff',False,10,MIL.C04_Sets_and_Functions.solutions.Solutions_S01_Sets,Llama-8B,LENGTH,best_of_n,False,0,-1.0,CH04.t6,False
-1,False,16,"theorem t6 : s \ t ∪ t = s ∪ t := by
  ext x; constructor
  · rintro (⟨xs, nxt⟩ | xt)
    · left
      exact xs
    · right
      exact xt
  by_cases h : x ∈ t
  · intro
    right
    exact h
  rintro (xs | xt)
  · left
    use xs
  right; exact xt

",,True,-1,"theorem t6 : s \ t ∪ t = s ∪ t := by
  ext x
  exact ⟨fun h => h.elim s t, fun h => right⟩
","💥️application type mismatch
  Or.elim h s
argument
  s
has type
  Set α : Type u_1
but is expected to have type
  x ∈ s \ t → x ∈ s ∪ t : Prop

💥️unknown identifier 'right'",False,10,MIL.C04_Sets_and_Functions.solutions.Solutions_S01_Sets,Llama-8B,LENGTH,best_of_n,False,0,-1.0,CH04.t6,False
-1,False,16,"theorem t6 : s \ t ∪ t = s ∪ t := by
  ext x; constructor
  · rintro (⟨xs, nxt⟩ | xt)
    · left
      exact xs
    · right
      exact xt
  by_cases h : x ∈ t
  · intro
    right
    exact h
  rintro (xs | xt)
  · left
    use xs
  right; exact xt

",,True,-1,"theorem t6 : s \ t ∪ t = s ∪ t := by
  ext x; constructor
  · rintro (⟨xs, nxt⟩ | xt)
    · exact ⟨xs, congr_arg star⟩
    · exact ∨, right_iff_left⟩
  by_cases h : x ∈ t
  · right
    exact h
  exact ⟨xs, star_id⟩


","💥️unexpected token '∨'; expected term

💥️invalid constructor ⟨...⟩, expected type must be an inductive type with only one constructor 
  x ∈ s ∨ x ∈ t

💥️unsolved goals
case h.mpr
α : Type u_1
s t : Set α
x : α
⊢ x ∈ s ∪ t → x ∈ s \ t ∪ t",False,10,MIL.C04_Sets_and_Functions.solutions.Solutions_S01_Sets,Llama-8B,LENGTH,best_of_n,False,0,-1.0,CH04.t6,False
-1,False,16,"theorem t6 : s \ t ∪ t = s ∪ t := by
  ext x; constructor
  · rintro (⟨xs, nxt⟩ | xt)
    · left
      exact xs
    · right
      exact xt
  by_cases h : x ∈ t
  · intro
    right
    exact h
  rintro (xs | xt)
  · left
    use xs
  right; exact xt

",,True,-1,"theorem t6 : s \ t ∪ t = s ∪ t := by
  ext x
  constructor
  · rintro (⟨xs, nxt⟩ | xt)
    · exacts [xs, xt]
  rintro (xs | xt)
  · exact ⟨xs, by by_cases h; if h rfl⟩
  · exact xt


","💥️unexpected token '⟩'; expected 'then'

💥️type mismatch
  xs
has type
  x ∈ s : Prop
but is expected to have type
  x ∈ s ∪ t : Prop

💥️unsolved goals
case h.mp.inr
α : Type u_1
s t : Set α
x : α
xt : x ∈ t
⊢ x ∈ s ∪ t

💥️invalid constructor ⟨...⟩, expected type must be an inductive type with only one constructor 
  x ∈ s \ t ∨ x ∈ t

💥️unsolved goals
case h.mpr.inr
α : Type u_1
s t : Set α
x : α
xt : x ∈ t
⊢ x ∈ s \ t ∪ t",False,10,MIL.C04_Sets_and_Functions.solutions.Solutions_S01_Sets,Llama-8B,LENGTH,best_of_n,False,0,-1.0,CH04.t6,False
-1,False,16,"theorem t6 : s \ t ∪ t = s ∪ t := by
  ext x; constructor
  · rintro (⟨xs, nxt⟩ | xt)
    · left
      exact xs
    · right
      exact xt
  by_cases h : x ∈ t
  · intro
    right
    exact h
  rintro (xs | xt)
  · left
    use xs
  right; exact xt

",,True,-1,"theorem t6 : s \ t ∪ t = s ∪ t := by
  rw [s ∪ t, s ∪ (t \ s)]
  rw [← t6, t6]
","💥️tactic 'rewrite' failed, equality or iff proof expected
  Prop
α : Type u_1
s t : Set α
⊢ s \ t ∪ t = s ∪ t",False,10,MIL.C04_Sets_and_Functions.solutions.Solutions_S01_Sets,Llama-8B,LENGTH,best_of_n,False,0,-1.0,CH04.t6,False
-1,False,28,"theorem t7 : s \ t ∪ t \ s = (s ∪ t) \ (s ∩ t) := by
  ext x; constructor
  · rintro (⟨xs, xnt⟩ | ⟨xt, xns⟩)
    · constructor
      left
      exact xs
      rintro ⟨_, xt⟩
      contradiction
    · constructor
      right
      exact xt
      rintro ⟨xs, _⟩
      contradiction
  rintro ⟨xs | xt, nxst⟩
  · left
    use xs
    intro xt
    apply nxst
    constructor <;> assumption
  · right; use xt; intro xs
    apply nxst
    constructor <;> assumption

",,True,-1,"theorem t7 : s \ t ∪ t \ s = (s ∪ t) \ (s ∩ t) := by
  ext x; constructor
  · rintro (⟨xs, xnt⟩ | ⟨xt, xns⟩)
    constructor
    · exact xs
    · rintro ⟨_, xt⟩
      contradiction
  · rintro ⟨xs | xt, nxst⟩
    constructor
    · exact xs
    · apply nxst
      assumption
","💥️type mismatch
  xs
has type
  x ∈ s : Prop
but is expected to have type
  x ∈ s ∪ t : Prop

💥️unsolved goals
case h.mp.inr.intro
α : Type u_1
s t : Set α
x : α
xt : x ∈ t
xns : x ∉ s
⊢ x ∈ (s ∪ t) \ (s ∩ t)

💥️type mismatch
  xs
has type
  x ∈ s : Prop
but is expected to have type
  x ∈ s \ t : Prop

💥️tactic 'apply' failed, failed to unify
  False
with
  x ∈ s \ t ∪ t \ s
case h.mpr.intro.inr
α : Type u_1
s t : Set α
x : α
nxst : x ∉ s ∩ t
xt : x ∈ t
⊢ x ∈ s \ t ∪ t \ s",False,10,MIL.C04_Sets_and_Functions.solutions.Solutions_S01_Sets,Llama-8B,LENGTH,best_of_n,False,0,-1.0,CH04.t7,False
-1,False,28,"theorem t7 : s \ t ∪ t \ s = (s ∪ t) \ (s ∩ t) := by
  ext x; constructor
  · rintro (⟨xs, xnt⟩ | ⟨xt, xns⟩)
    · constructor
      left
      exact xs
      rintro ⟨_, xt⟩
      contradiction
    · constructor
      right
      exact xt
      rintro ⟨xs, _⟩
      contradiction
  rintro ⟨xs | xt, nxst⟩
  · left
    use xs
    intro xt
    apply nxst
    constructor <;> assumption
  · right; use xt; intro xs
    apply nxst
    constructor <;> assumption

",,True,-1,"theorem t7 : s \ t ∪ t \ s = (s ∪ t) \ (s ∩ t) := by
  ext x
  constructor
  · rintro (⟨xs, xnt⟩ | ⟨xt, xns⟩)
    · exact ⟨xs, xnt.elim fun _ => by rintro ⟨_, ext⟩; contradiction⟩
    · exact ⟨xt, xns.elim fun _ => by rintro ⟨xs, _⟩; contradiction⟩
  rintro ⟨xs | xt, nxst⟩
  · left
    exact ⟨xs, intro xt; nxst.well_apply (fun _xt ↦ ?_)
      xnt.well_apply ⟨_xs, ext⟩.leading_to xnt⟩
  · right; exact ⟨xt, intro xs; nxst.well_apply xs.leading_to _xt⟩
","💥️unexpected token ';'; expected '⟩'

💥️application type mismatch
  And.intro xs
argument
  xs
has type
  x ∈ s : Prop
but is expected to have type
  x ∈ s ∪ t : Prop

💥️application type mismatch
  Not.elim xnt fun x => ?m.2005
argument
  fun x => ?m.2005
has type
  (x : ?m.2001) → ?m.2006 x : Sort (imax ?u.2000 ?u.2003)
but is expected to have type
  x ∈ t : Prop

💥️tactic 'introN' failed, insufficient number of binders
α : Type u_1
s t : Set α
x : α
xs : x ∈ s
xnt : x ∉ t
x✝ : ?m.2001
⊢ ?m.2006 x✝

💥️application type mismatch
  And.intro xt
argument
  xt
has type
  x ∈ t : Prop
but is expected to have type
  x ∈ s ∪ t : Prop

💥️application type mismatch
  Not.elim xns fun x => ?m.2638
argument
  fun x => ?m.2638
has type
  (x : ?m.2634) → ?m.2639 x : Sort (imax ?u.2633 ?u.2636)
but is expected to have type
  x ∈ s : Prop

💥️tactic 'introN' failed, insufficient number of binders
α : Type u_1
s t : Set α
x : α
xt : x ∈ t
xns : x ∉ s
x✝ : ?m.2634
⊢ ?m.2639 x✝

💥️unknown identifier 'intro'

💥️unsolved goals
case h.mpr.intro.inr
α : Type u_1
s t : Set α
x : α
nxst : x ∉ s ∩ t
xt : x ∈ t
⊢ x ∈ s \ t ∪ t \ s",False,10,MIL.C04_Sets_and_Functions.solutions.Solutions_S01_Sets,Llama-8B,LENGTH,best_of_n,False,0,-1.0,CH04.t7,False
-1,False,28,"theorem t7 : s \ t ∪ t \ s = (s ∪ t) \ (s ∩ t) := by
  ext x; constructor
  · rintro (⟨xs, xnt⟩ | ⟨xt, xns⟩)
    · constructor
      left
      exact xs
      rintro ⟨_, xt⟩
      contradiction
    · constructor
      right
      exact xt
      rintro ⟨xs, _⟩
      contradiction
  rintro ⟨xs | xt, nxst⟩
  · left
    use xs
    intro xt
    apply nxst
    constructor <;> assumption
  · right; use xt; intro xs
    apply nxst
    constructor <;> assumption

",,True,-1,"theorem t7 : s \ t ∪ t \ s = (s ∪ t) \ (s ∩ t) := by
  ext x
  · rintro (⟨xs, xnt⟩ | ⟨xt, xns⟩)
    · exact ⟨xs, xnt, fun _ => by contradiction⟩
    · exact ⟨xt, xns, fun _ => by contradiction⟩
  rintro ⟨xs | xt, nxst⟩
  · exact ⟨xs, fun _ => by apply nxst⟩
  · exact ⟨xt, fun _ => by apply nxst⟩


","💥️tactic 'introN' failed, insufficient number of binders
case h
α : Type u_1
s t : Set α
x : α
⊢ x ∈ s \ t ∪ t \ s ↔ x ∈ (s ∪ t) \ (s ∩ t)

💥️no goals to be solved",False,10,MIL.C04_Sets_and_Functions.solutions.Solutions_S01_Sets,Llama-8B,LENGTH,best_of_n,False,0,-1.0,CH04.t7,False
-1,False,28,"theorem t7 : s \ t ∪ t \ s = (s ∪ t) \ (s ∩ t) := by
  ext x; constructor
  · rintro (⟨xs, xnt⟩ | ⟨xt, xns⟩)
    · constructor
      left
      exact xs
      rintro ⟨_, xt⟩
      contradiction
    · constructor
      right
      exact xt
      rintro ⟨xs, _⟩
      contradiction
  rintro ⟨xs | xt, nxst⟩
  · left
    use xs
    intro xt
    apply nxst
    constructor <;> assumption
  · right; use xt; intro xs
    apply nxst
    constructor <;> assumption

",,True,-1,"theorem t7 : s \ t ∪ t \ s = (s ∪ t) \ (s ∩ t) := by
  ext x
  rintro (⟨xs, xnt⟩ | ⟨xt, xns⟩)
  · exact ⟨xs, fun _ xtx => by contrapose xnt; rwa [xnt]⟩
  · exact ⟨xt, fun xs _ xst => by contrapose xst; rwa [xst]⟩
","💥️tactic 'introN' failed, insufficient number of binders
case h
α : Type u_1
s t : Set α
x : α
⊢ x ∈ s \ t ∪ t \ s ↔ x ∈ (s ∪ t) \ (s ∩ t)",False,10,MIL.C04_Sets_and_Functions.solutions.Solutions_S01_Sets,Llama-8B,LENGTH,best_of_n,False,0,-1.0,CH04.t7,False
-1,False,28,"theorem t7 : s \ t ∪ t \ s = (s ∪ t) \ (s ∩ t) := by
  ext x; constructor
  · rintro (⟨xs, xnt⟩ | ⟨xt, xns⟩)
    · constructor
      left
      exact xs
      rintro ⟨_, xt⟩
      contradiction
    · constructor
      right
      exact xt
      rintro ⟨xs, _⟩
      contradiction
  rintro ⟨xs | xt, nxst⟩
  · left
    use xs
    intro xt
    apply nxst
    constructor <;> assumption
  · right; use xt; intro xs
    apply nxst
    constructor <;> assumption

",,True,-1,"theorem t7 : s \ t ∪ t \ s = (s ∪ t) \ (s ∩ t) := by
  ext
  simp_rw [.memₗor_memᵣ, or_iff_not_imp, and_iff_not_imp, and_iff_left]
  exact ⟨fun h1 h2 => h2 (by rintro), fun h1 h2 => h1 (by rintro)⟩
",💥️unexpected token ')'; expected rcasesPat,False,10,MIL.C04_Sets_and_Functions.solutions.Solutions_S01_Sets,Llama-8B,LENGTH,best_of_n,False,0,-1.0,CH04.t7,False
-1,False,28,"theorem t7 : s \ t ∪ t \ s = (s ∪ t) \ (s ∩ t) := by
  ext x; constructor
  · rintro (⟨xs, xnt⟩ | ⟨xt, xns⟩)
    · constructor
      left
      exact xs
      rintro ⟨_, xt⟩
      contradiction
    · constructor
      right
      exact xt
      rintro ⟨xs, _⟩
      contradiction
  rintro ⟨xs | xt, nxst⟩
  · left
    use xs
    intro xt
    apply nxst
    constructor <;> assumption
  · right; use xt; intro xs
    apply nxst
    constructor <;> assumption

",,True,-1,"theorem t7 : s \ t ∪ t \ s = (s ∪ t) \ (s ∩ t) := by
  ext x
  simp_rw [mem_preimage, Subset.rfl, and_iff_left, and_iff_right, left_comm]
  exact ⟨fun ⟨xs, xnt⟩ => (xnt.mp _).symm, fun ⟨xt, xns⟩ => xns⟩
",💥️simp made no progress,False,10,MIL.C04_Sets_and_Functions.solutions.Solutions_S01_Sets,Llama-8B,LENGTH,best_of_n,False,0,-1.0,CH04.t7,False
-1,False,28,"theorem t7 : s \ t ∪ t \ s = (s ∪ t) \ (s ∩ t) := by
  ext x; constructor
  · rintro (⟨xs, xnt⟩ | ⟨xt, xns⟩)
    · constructor
      left
      exact xs
      rintro ⟨_, xt⟩
      contradiction
    · constructor
      right
      exact xt
      rintro ⟨xs, _⟩
      contradiction
  rintro ⟨xs | xt, nxst⟩
  · left
    use xs
    intro xt
    apply nxst
    constructor <;> assumption
  · right; use xt; intro xs
    apply nxst
    constructor <;> assumption

",,True,-1,"theorem t7 : s \ t ∪ t \ s = (s ∪ t) \ (s ∩ t) :=
  ext_iff.clm.ext _ _ _ fun x h ↦ Iff.or_iff_not_imp_right.mpr fun h ↦ h.1
",💥️unknown identifier 'ext_iff.clm.ext',False,10,MIL.C04_Sets_and_Functions.solutions.Solutions_S01_Sets,Llama-8B,LENGTH,best_of_n,False,0,-1.0,CH04.t7,False
-1,False,28,"theorem t7 : s \ t ∪ t \ s = (s ∪ t) \ (s ∩ t) := by
  ext x; constructor
  · rintro (⟨xs, xnt⟩ | ⟨xt, xns⟩)
    · constructor
      left
      exact xs
      rintro ⟨_, xt⟩
      contradiction
    · constructor
      right
      exact xt
      rintro ⟨xs, _⟩
      contradiction
  rintro ⟨xs | xt, nxst⟩
  · left
    use xs
    intro xt
    apply nxst
    constructor <;> assumption
  · right; use xt; intro xs
    apply nxst
    constructor <;> assumption

",,True,-1,"theorem t7 : s \ t ∪ t \ s = (s ∪ t) \ (s ∩ t) :=
  ext fun x ↦ ⟨x.1, by cases x; rw [or_iff_not_imp] at x.2; exact ⟨x.2.1, x.2.2⟩⟩
","💥️invalid field notation, type is not of the form (C ...) where C is a constant
  x
has type
  α

💥️tactic 'induction' failed, major premise type is not an inductive type 
  α
α : Type u_1
s t : Set α
x : α
⊢ x ∈ (s ∪ t) \ (s ∩ t) → x ∈ s \ t ∪ t \ s",False,10,MIL.C04_Sets_and_Functions.solutions.Solutions_S01_Sets,Llama-8B,LENGTH,best_of_n,False,0,-1.0,CH04.t7,False
-1,False,28,"theorem t7 : s \ t ∪ t \ s = (s ∪ t) \ (s ∩ t) := by
  ext x; constructor
  · rintro (⟨xs, xnt⟩ | ⟨xt, xns⟩)
    · constructor
      left
      exact xs
      rintro ⟨_, xt⟩
      contradiction
    · constructor
      right
      exact xt
      rintro ⟨xs, _⟩
      contradiction
  rintro ⟨xs | xt, nxst⟩
  · left
    use xs
    intro xt
    apply nxst
    constructor <;> assumption
  · right; use xt; intro xs
    apply nxst
    constructor <;> assumption

",,True,-1,"theorem t7 : s \ t ∪ t \ s = (s ∪ t) \ (s ∩ t) :=
  Monotone.map_inf_le (fun _ _ ↦ s ∪ t) (fun _ _ ↦ s ∩ t)
","💥️type mismatch
  s ∪ t
has type
  Set α : Type u_1
but is expected to have type
  x✝¹ ≤ x✝ → ?m.1592 x✝¹ ≤ ?m.1592 x✝ : Prop",False,10,MIL.C04_Sets_and_Functions.solutions.Solutions_S01_Sets,Llama-8B,LENGTH,best_of_n,False,0,-1.0,CH04.t7,False
-1,False,28,"theorem t7 : s \ t ∪ t \ s = (s ∪ t) \ (s ∩ t) := by
  ext x; constructor
  · rintro (⟨xs, xnt⟩ | ⟨xt, xns⟩)
    · constructor
      left
      exact xs
      rintro ⟨_, xt⟩
      contradiction
    · constructor
      right
      exact xt
      rintro ⟨xs, _⟩
      contradiction
  rintro ⟨xs | xt, nxst⟩
  · left
    use xs
    intro xt
    apply nxst
    constructor <;> assumption
  · right; use xt; intro xs
    apply nxst
    constructor <;> assumption

",,True,-1,"theorem t7 : s \ t ∪ t \ s = (s ∪ t) \ (s ∩ t) :=
  (:type u (t ∪ s)).symm
","💥️unexpected token ':'; expected ')', '_', '↑', '↥', '⇑', identifier or term",False,10,MIL.C04_Sets_and_Functions.solutions.Solutions_S01_Sets,Llama-8B,LENGTH,best_of_n,False,0,-1.0,CH04.t7,False
-1,False,7,"theorem t8 : { n | Nat.Prime n } ∩ { n | n > 2 } ⊆ { n | ¬Even n } := by
  intro n
  simp
  intro nprime n_gt
  rcases Nat.Prime.eq_two_or_odd nprime with h | h
  · rw [h]
    linarith
  · rw [Nat.odd_iff, h]

",,True,-1,"theorem t8 : { n | Nat.Prime n } ∩ { n | n > 2 } ⊆ { n | ¬ Even n } := by
  intro n
  simp only [Nat.even_iff, even_prime, show ¬ Even 3 by decide, show Even 5 by decide, show Even 7 by decide]
  intro nprime n_gt
  rcases Nat.Prime.eq_two_or_odd nprime with h | h
  · rw [h]
    linarith
  · rw [h, Nat.odd_iff]
","💥️unknown identifier 'even_prime'

💥️tactic 'decide' proved that the proposition
  Even 5
is false

💥️tactic 'decide' proved that the proposition
  Even 7
is false

💥️application type mismatch
  Nat.Prime.eq_two_or_odd nprime
argument
  nprime
has type
  n ∈ {n | Nat.Prime n} ∩ {n | n > 2} : Prop
but is expected to have type
  Nat.Prime ?m.4048 : Prop

💥️tactic 'rewrite' failed, pattern is a metavariable
  ?m.4048
from equation
  ?m.4048 = 2
case inl
n : ℕ
nprime : n ∈ {n | Nat.Prime n} ∩ {n | n > 2}
n_gt : n % 2 = 0
h : ?m.4048 = 2
⊢ False

💥️tactic 'rewrite' failed, did not find instance of the pattern in the target expression
  ?m.4048 % 2
case inr
n : ℕ
nprime : n ∈ {n | Nat.Prime n} ∩ {n | n > 2}
n_gt : n % 2 = 0
h : ?m.4048 % 2 = 1
⊢ False",False,10,MIL.C04_Sets_and_Functions.solutions.Solutions_S01_Sets,Llama-8B,LENGTH,best_of_n,False,0,-1.0,CH04.t8,False
-1,False,7,"theorem t8 : { n | Nat.Prime n } ∩ { n | n > 2 } ⊆ { n | ¬Even n } := by
  intro n
  simp
  intro nprime n_gt
  rcases Nat.Prime.eq_two_or_odd nprime with h | h
  · rw [h]
    linarith
  · rw [Nat.odd_iff, h]

",,True,-1,"theorem t8 : { n | Nat.Prime n } ∩ { n | n > 2 } ⊆ { n | ¬ Even n } := by
  simp only [Nat.Prime.eq_two_iff, even_iff, show ¬Even 3 by decide, show Even 5 by decide, t8_iff]
  exact fun n h ↦ h (Nat.Prime.eq_two_iff.mp h.1) h.2


","💥️unknown constant 'Nat.Prime.eq_two_iff'

💥️unknown identifier 'even_iff'

💥️tactic 'decide' proved that the proposition
  Even 5
is false

💥️unknown identifier 't8_iff'

💥️simp made no progress",False,10,MIL.C04_Sets_and_Functions.solutions.Solutions_S01_Sets,Llama-8B,LENGTH,best_of_n,False,0,-1.0,CH04.t8,False
-1,False,7,"theorem t8 : { n | Nat.Prime n } ∩ { n | n > 2 } ⊆ { n | ¬Even n } := by
  intro n
  simp
  intro nprime n_gt
  rcases Nat.Prime.eq_two_or_odd nprime with h | h
  · rw [h]
    linarith
  · rw [Nat.odd_iff, h]

",,True,-1,"theorem t8 : { n | Nat.Prime n } ∩ { n | n > 2 } ⊆ { n | ¬Even n } := by
  simpa only [Nat.Prime, even_iff] using this
","💥️unknown identifier 'even_iff'

💥️unknown identifier 'this'",False,10,MIL.C04_Sets_and_Functions.solutions.Solutions_S01_Sets,Llama-8B,LENGTH,best_of_n,False,0,-1.0,CH04.t8,False
-1,False,7,"theorem t8 : { n | Nat.Prime n } ∩ { n | n > 2 } ⊆ { n | ¬Even n } := by
  intro n
  simp
  intro nprime n_gt
  rcases Nat.Prime.eq_two_or_odd nprime with h | h
  · rw [h]
    linarith
  · rw [Nat.odd_iff, h]

",,True,-1,"theorem t8 : { n | Nat.Prime n } ∩ { n | n > 2 } ⊆ { n | ¬Even n } := by
  simpa using t2 ∩ t3
","💥️typeclass instance problem is stuck, it is often due to metavariables
  Inter ?m.2627",False,10,MIL.C04_Sets_and_Functions.solutions.Solutions_S01_Sets,Llama-8B,LENGTH,best_of_n,False,0,-1.0,CH04.t8,False
-1,False,7,"theorem t8 : { n | Nat.Prime n } ∩ { n | n > 2 } ⊆ { n | ¬Even n } := by
  intro n
  simp
  intro nprime n_gt
  rcases Nat.Prime.eq_two_or_odd nprime with h | h
  · rw [h]
    linarith
  · rw [Nat.odd_iff, h]

",,True,-1,"theorem t8 : { n | Nat.Prime n }
  ∩ { n | n > 2 } ⊆ { n | ¬Even n } :=
  h : n ≠ 2 → ¬ Even n → Nat.Prime n → even_iff_not_imp n.
  simp [h]
",💥️unknown identifier 'h',False,10,MIL.C04_Sets_and_Functions.solutions.Solutions_S01_Sets,Llama-8B,LENGTH,best_of_n,False,0,-1.0,CH04.t8,False
-1,False,7,"theorem t8 : { n | Nat.Prime n } ∩ { n | n > 2 } ⊆ { n | ¬Even n } := by
  intro n
  simp
  intro nprime n_gt
  rcases Nat.Prime.eq_two_or_odd nprime with h | h
  · rw [h]
    linarith
  · rw [Nat.odd_iff, h]

",,True,-1,"theorem t8 : { n | Nat.Prime n } ∩ { n | n > 2 } ⊆ { n | ¬Even n } :=
  fun n ↦ by
    simp
    intro n' n_gt
    rcases Nat.Prime.eq_two_or_odd n' with h | h
    · rw [h]
      linarith
    · rw [Nat.odd_iff, h]
      linarith

",💥️no goals to be solved,False,10,MIL.C04_Sets_and_Functions.solutions.Solutions_S01_Sets,Llama-8B,LENGTH,best_of_n,False,0,-1.0,CH04.t8,False
-1,False,7,"theorem t8 : { n | Nat.Prime n } ∩ { n | n > 2 } ⊆ { n | ¬Even n } := by
  intro n
  simp
  intro nprime n_gt
  rcases Nat.Prime.eq_two_or_odd nprime with h | h
  · rw [h]
    linarith
  · rw [Nat.odd_iff, h]

",,True,-1,"theorem t8 : { n | Nat.Prime n } ∩ { n | n > 2 } ⊆ { n | ¬Even n } :=
  (fun h n _ hn ↦ hn (h ▸ even_iff_not_imp_right.mpr rfl)).toSet.msubset
","💥️invalid field notation, type is not of the form (C ...) where C is a constant
  fun h n x hn => ?m.2127
has type
  (h : ?m.2114) → (n : ?m.2128 h) → (x : ?m.2129 h n) → (hn : ?m.2130 h n x) → ?m.2131 h n x hn

💥️function expected at
  hn
term has type
  ?m.2130 h n x✝",False,10,MIL.C04_Sets_and_Functions.solutions.Solutions_S01_Sets,Llama-8B,LENGTH,best_of_n,False,0,-1.0,CH04.t8,False
-1,False,7,"theorem t8 : { n | Nat.Prime n } ∩ { n | n > 2 } ⊆ { n | ¬Even n } := by
  intro n
  simp
  intro nprime n_gt
  rcases Nat.Prime.eq_two_or_odd nprime with h | h
  · rw [h]
    linarith
  · rw [Nat.odd_iff, h]

",,True,-1,"theorem t8 : { n | Nat.Prime n } ∩ { n | n > 2 } ⊆ { n | ¬Even n } := by
  simpa only [Nat.Prime.eq_two_iff]
","💥️unknown constant 'Nat.Prime.eq_two_iff'

💥️tactic 'assumption' failed
⊢ {n | Nat.Prime n} ∩ {n | n > 2} ⊆ {n | ¬Even n}",False,10,MIL.C04_Sets_and_Functions.solutions.Solutions_S01_Sets,Llama-8B,LENGTH,best_of_n,False,0,-1.0,CH04.t8,False
-1,False,7,"theorem t8 : { n | Nat.Prime n } ∩ { n | n > 2 } ⊆ { n | ¬Even n } := by
  intro n
  simp
  intro nprime n_gt
  rcases Nat.Prime.eq_two_or_odd nprime with h | h
  · rw [h]
    linarith
  · rw [Nat.odd_iff, h]

",,True,-1,"theorem t8 : { n | Nat.Prime n } ∩ { n | n > 2 } ⊆ { n | ¬Even n } := by
  intro n
  simp only [IsEven, Nat.Prime, even_and, even_iff, show ¬ Even 3 by decide, and_and_and_comm]
  exact fun nprime n_gt ↦ hn (A := 2) hn (B := n) hne  (ne_of_apply_ne 2 $ by decide)

","💥️unknown identifier 'IsEven'

💥️unknown identifier 'even_and'

💥️unknown identifier 'even_iff'

💥️unknown identifier 'hn'",False,10,MIL.C04_Sets_and_Functions.solutions.Solutions_S01_Sets,Llama-8B,LENGTH,best_of_n,False,0,-1.0,CH04.t8,False
-1,False,7,"theorem t8 : { n | Nat.Prime n } ∩ { n | n > 2 } ⊆ { n | ¬Even n } := by
  intro n
  simp
  intro nprime n_gt
  rcases Nat.Prime.eq_two_or_odd nprime with h | h
  · rw [h]
    linarith
  · rw [Nat.odd_iff, h]

",,True,6,"theorem t8 : { n | Nat.Prime n } ∩ { n | n > 2 } ⊆ { n | ¬ Even n } :=
  fun n ↦ by
    simp
    intro n_prime n_gt
    rcases Nat.Prime.eq_two_or_odd n_prime with h | h
    · rw [h]
      linarith
    · rw [Nat.odd_iff, h]
",,True,10,MIL.C04_Sets_and_Functions.solutions.Solutions_S01_Sets,Llama-8B,LENGTH,best_of_n,False,0,0.142857,CH04.t8,False
-1,False,4,"theorem t9 (h₀ : ∀ x ∈ t, ¬Even x) (h₁ : ∀ x ∈ t, Prime x) (ssubt : s ⊆ t) : ∀ x ∈ s, ¬Even x ∧ Prime x := by
  intro x xs
  constructor
  · apply h₀ x (ssubt xs)
  apply h₁ x (ssubt xs)

",,True,-1,"theorem t9 (h₀ : ∀ x ∈ t, ¬Even x) (h₁ : ∀ x ∈ t, Prime x) (ssubt : s ⊆ t) :
    ∀ x ∈ s, ¬Even x ∧ Prime x := by
  intro x xs
  apply h₀ x (ssubt xs)
  exact h₁ x (ssubt xs)
","💥️tactic 'apply' failed, failed to unify
  False
with
  ¬Even x ∧ Prime x
s t : Set ℕ
h₀ : ∀ x ∈ t, ¬Even x
h₁ : ∀ x ∈ t, Prime x
ssubt : s ⊆ t
x : ℕ
xs : x ∈ s
⊢ ¬Even x ∧ Prime x",False,10,MIL.C04_Sets_and_Functions.solutions.Solutions_S01_Sets,Llama-8B,LENGTH,best_of_n,False,0,-1.0,CH04.t9,False
-1,False,4,"theorem t9 (h₀ : ∀ x ∈ t, ¬Even x) (h₁ : ∀ x ∈ t, Prime x) (ssubt : s ⊆ t) : ∀ x ∈ s, ¬Even x ∧ Prime x := by
  intro x xs
  constructor
  · apply h₀ x (ssubt xs)
  apply h₁ x (ssubt xs)

",,True,-1,"theorem t9 (h₀ : ∀ x ∈ t, ¬Even x) (h₁ : ∀ x ∈ t, Prime x) (ssubt : s ⊆ t) :
    ∀ x ∈ s, ¬Even x ∧ Prime x := by
  rintro _ ⟨x, hx⟩
  apply h₀ x (ssubt hx)
  apply h₁ x (ssubt hx)
",💥️rcases tactic failed: a✝ : s x✝ is not an inductive datatype,False,10,MIL.C04_Sets_and_Functions.solutions.Solutions_S01_Sets,Llama-8B,LENGTH,best_of_n,False,0,-1.0,CH04.t9,False
-1,False,4,"theorem t9 (h₀ : ∀ x ∈ t, ¬Even x) (h₁ : ∀ x ∈ t, Prime x) (ssubt : s ⊆ t) : ∀ x ∈ s, ¬Even x ∧ Prime x := by
  intro x xs
  constructor
  · apply h₀ x (ssubt xs)
  apply h₁ x (ssubt xs)

",,True,-1,"theorem t9 (h₀ : ∀ x ∈ t, ¬Even x) (h₁ : ∀ x ∈ t, Prime x) (ssubt : s ⊆ t) :
    ∀ x ∈ s, ¬Even x ∧ Prime x := by
  rintro _ ⟨x, hx⟩
  exact ⟨h₀ x (ssubt ⟨x, hx⟩), h₁ x (ssubt ⟨x, hx⟩)⟩
",💥️rcases tactic failed: a✝ : s x✝ is not an inductive datatype,False,10,MIL.C04_Sets_and_Functions.solutions.Solutions_S01_Sets,Llama-8B,LENGTH,best_of_n,False,0,-1.0,CH04.t9,False
-1,False,4,"theorem t9 (h₀ : ∀ x ∈ t, ¬Even x) (h₁ : ∀ x ∈ t, Prime x) (ssubt : s ⊆ t) : ∀ x ∈ s, ¬Even x ∧ Prime x := by
  intro x xs
  constructor
  · apply h₀ x (ssubt xs)
  apply h₁ x (ssubt xs)

",,True,-1,"theorem t9 (h₀ : ∀ x ∈ t, ¬Even x) (h₁ : ∀ x ∈ t, Prime x) (ssubt : s ⊆ t) :
    ∀ x ∈ s, ¬Even x ∧ Prime x := by
  rintro _ ⟨a, rfl⟩
  exact ⟨a, h₀ a (ssubt ⟨a, rfl⟩), h₁ a (ssubt ⟨a, rfl⟩)⟩
",💥️rcases tactic failed: a✝ : s x✝ is not an inductive datatype,False,10,MIL.C04_Sets_and_Functions.solutions.Solutions_S01_Sets,Llama-8B,LENGTH,best_of_n,False,0,-1.0,CH04.t9,False
-1,False,4,"theorem t9 (h₀ : ∀ x ∈ t, ¬Even x) (h₁ : ∀ x ∈ t, Prime x) (ssubt : s ⊆ t) : ∀ x ∈ s, ¬Even x ∧ Prime x := by
  intro x xs
  constructor
  · apply h₀ x (ssubt xs)
  apply h₁ x (ssubt xs)

",,True,-1,"theorem t9 (h₀ : ∀ x ∈ t, ¬Even x) (h₁ : ∀ x ∈ t, Prime x) (ssubt : s ⊆ t) :
    ∀ x ∈ s, ¬Even x ∧ Prime x := by
  rintro _ ⟨x, hx⟩
  apply h₀ x (ssubt ⟨x, hx⟩)
  apply h₁ x (ssubt ⟨x, hx⟩)
",💥️rcases tactic failed: a✝ : s x✝ is not an inductive datatype,False,10,MIL.C04_Sets_and_Functions.solutions.Solutions_S01_Sets,Llama-8B,LENGTH,best_of_n,False,0,-1.0,CH04.t9,False
-1,False,4,"theorem t9 (h₀ : ∀ x ∈ t, ¬Even x) (h₁ : ∀ x ∈ t, Prime x) (ssubt : s ⊆ t) : ∀ x ∈ s, ¬Even x ∧ Prime x := by
  intro x xs
  constructor
  · apply h₀ x (ssubt xs)
  apply h₁ x (ssubt xs)

",,True,-1,"theorem t9 (h₀ : ∀ x ∈ t, ¬Even x) (h₁ : ∀ x ∈ t, Prime x) (ssubt : s ⊆ t) :
    ∀ x ∈ s, ¬Even x ∧ Prime x := by
  rintro _ ⟨xs, rfl⟩
  exact ⟨h₀ _ (ssubt xs), h₁ _ (ssubt xs)⟩
",💥️rcases tactic failed: a✝ : s x✝ is not an inductive datatype,False,10,MIL.C04_Sets_and_Functions.solutions.Solutions_S01_Sets,Llama-8B,LENGTH,best_of_n,False,0,-1.0,CH04.t9,False
-1,False,4,"theorem t9 (h₀ : ∀ x ∈ t, ¬Even x) (h₁ : ∀ x ∈ t, Prime x) (ssubt : s ⊆ t) : ∀ x ∈ s, ¬Even x ∧ Prime x := by
  intro x xs
  constructor
  · apply h₀ x (ssubt xs)
  apply h₁ x (ssubt xs)

",,True,-1,"theorem t9 (h₀ : ∀ x ∈ t, ¬Even x) (h₁ : ∀ x ∈ t, Prime x) (ssubt : s ⊆ t) :
    ∀ x ∈ s, ¬Even x ∧ Prime x := fun x hs ↦s.df _ fun p hpr Julian.mk h₀ h₁ p ## hsubtot Pell.mk_of_mem (hprducted _ _ _) (Poly.mk _ _))).trans :=
  fun x hxs ↦ h₀ x (ssubt hxs) ∧ h₁ x (ssubt hxs)
","💥️unexpected token '#'; expected '↦', '=>'",False,10,MIL.C04_Sets_and_Functions.solutions.Solutions_S01_Sets,Llama-8B,LENGTH,best_of_n,False,0,-1.0,CH04.t9,False
-1,False,4,"theorem t9 (h₀ : ∀ x ∈ t, ¬Even x) (h₁ : ∀ x ∈ t, Prime x) (ssubt : s ⊆ t) : ∀ x ∈ s, ¬Even x ∧ Prime x := by
  intro x xs
  constructor
  · apply h₀ x (ssubt xs)
  apply h₁ x (ssubt xs)

",,True,-1,"theorem t9 (h₀ : ∀ x ∈ t, ¬Even x) (h₁ : ∀ x ∈ t, Prime x) (ssubt : s ⊆ t) :
    ∀ x ∈ s, ¬Even x ∧ Prime x := by
  simp_rw [t, ¬Even_iff, and_iff_left, and_iff_right] using h₀ h₁
  exact fun _ _ ↦ h₀ _ (h₁ _)
","💥️invalid argument, variable is not a proposition or let-declaration

💥️simp made no progress",False,10,MIL.C04_Sets_and_Functions.solutions.Solutions_S01_Sets,Llama-8B,LENGTH,best_of_n,False,0,-1.0,CH04.t9,False
-1,False,4,"theorem t9 (h₀ : ∀ x ∈ t, ¬Even x) (h₁ : ∀ x ∈ t, Prime x) (ssubt : s ⊆ t) : ∀ x ∈ s, ¬Even x ∧ Prime x := by
  intro x xs
  constructor
  · apply h₀ x (ssubt xs)
  apply h₁ x (ssubt xs)

",,True,-1,"theorem t9 (h₀ : ∀ x ∈ t, ¬Even x) (h₁ : ∀ x ∈ t, Prime x) (ssubt : s ⊆ t) :
    ∀ x ∈ s, ¬Even x ∧ Prime x := by
  rintro _ ⟨a, ha⟩
  exact ⟨a, ha.1 (h₀ _ (ssubt _)) ha.2⟩
",💥️rcases tactic failed: a✝ : s x✝ is not an inductive datatype,False,10,MIL.C04_Sets_and_Functions.solutions.Solutions_S01_Sets,Llama-8B,LENGTH,best_of_n,False,0,-1.0,CH04.t9,False
-1,False,4,"theorem t9 (h₀ : ∀ x ∈ t, ¬Even x) (h₁ : ∀ x ∈ t, Prime x) (ssubt : s ⊆ t) : ∀ x ∈ s, ¬Even x ∧ Prime x := by
  intro x xs
  constructor
  · apply h₀ x (ssubt xs)
  apply h₁ x (ssubt xs)

",,True,-1,"theorem t9 (h₀ : ∀ x ∈ t, ¬Even x) (h₁ : ∀ x ∈ t, Prime x) (ssubt : s ⊆ t) : ∀ x ∈ s, ¬Even x ∧ Prime x := by
  rintro _ ⟨rfl⟩ heven prime
  exact ⟨h₀ heven (ssubt ⟨rfl⟩), h₁ heven (ssubt ⟨rfl⟩)⟩
",💥️rcases tactic failed: a✝ : s x✝ is not an inductive datatype,False,10,MIL.C04_Sets_and_Functions.solutions.Solutions_S01_Sets,Llama-8B,LENGTH,best_of_n,False,0,-1.0,CH04.t9,False
-1,False,2,"theorem t10 (h : ∃ x ∈ s, ¬Even x ∧ Prime x) (ssubt : s ⊆ t) : ∃ x ∈ t, Prime x := by
  rcases h with ⟨x, xs, _, px⟩
  use x, ssubt xs

",,True,-1,"theorem t10 (h : ∃ x ∈ s, ¬Even x ∧ Prime x) (ssubt : s ⊆ t) : ∃ x ∈ t, Prime x := by
  rcases h with ⟨x, xs, even_neg, px⟩
  exact ⟨x, ssubt xs, even_neg, px⟩
","💥️application type mismatch
  And.intro even_neg
argument
  even_neg
has type
  ¬Even x : Prop
but is expected to have type
  x ≠ 0 : Prop",False,10,MIL.C04_Sets_and_Functions.solutions.Solutions_S01_Sets,Llama-8B,LENGTH,best_of_n,False,0,-1.0,CH04.t10,False
-1,False,2,"theorem t10 (h : ∃ x ∈ s, ¬Even x ∧ Prime x) (ssubt : s ⊆ t) : ∃ x ∈ t, Prime x := by
  rcases h with ⟨x, xs, _, px⟩
  use x, ssubt xs

",,True,-1,"theorem t10 (h : ∃ x ∈ s, ¬Even x ∧ Prime x) (ssubt : s ⊆ t) : ∃ x ∈ t, Prime x :=
  let ⟨x, xs, hB, hP⟩ := h
    ⟨x, ssubt xs, not_even,hP⟩
",💥️unexpected end of input,False,10,MIL.C04_Sets_and_Functions.solutions.Solutions_S01_Sets,Llama-8B,LENGTH,best_of_n,False,0,-1.0,CH04.t10,False
-1,False,2,"theorem t10 (h : ∃ x ∈ s, ¬Even x ∧ Prime x) (ssubt : s ⊆ t) : ∃ x ∈ t, Prime x := by
  rcases h with ⟨x, xs, _, px⟩
  use x, ssubt xs

",,True,-1,"theorem t10 (h : ∃ x ∈ s, ¬Even x ∧ Prime x) (ssubt : s ⊆ t) : ∃ x ∈ t, Prime x := by
  rcases h with ⟨x, xs, _, px⟩
  exact ⟨x, ssubt xs, fun _ ↦ h x⟩
",💥️unknown identifier 'h',False,10,MIL.C04_Sets_and_Functions.solutions.Solutions_S01_Sets,Llama-8B,LENGTH,best_of_n,False,0,-1.0,CH04.t10,False
-1,False,2,"theorem t10 (h : ∃ x ∈ s, ¬Even x ∧ Prime x) (ssubt : s ⊆ t) : ∃ x ∈ t, Prime x := by
  rcases h with ⟨x, xs, _, px⟩
  use x, ssubt xs

",,True,-1,"theorem t10 (h : ∃ x ∈ s, ¬Even x ∧ Prime x) (ssubt : s ⊆ t) : ∃ x ∈ t, Prime x :=
  have h := auras disjoint_set.powers_of_leven_of_prime_of_neven(PowersOfEven.of_leven_of_prime (s := s))
  h ▸ ⟨x, xs, h.2.prime, neven_not_leven h.1⟩
",💥️expected ';' or line break,False,10,MIL.C04_Sets_and_Functions.solutions.Solutions_S01_Sets,Llama-8B,LENGTH,best_of_n,False,0,-1.0,CH04.t10,False
-1,False,2,"theorem t10 (h : ∃ x ∈ s, ¬Even x ∧ Prime x) (ssubt : s ⊆ t) : ∃ x ∈ t, Prime x := by
  rcases h with ⟨x, xs, _, px⟩
  use x, ssubt xs

",,True,-1,"theorem t10 (h : ∃ x ∈ s, ¬Even x ∧ Prime x) (ssubt : s ⊆ t) : ∃ x ∈ t, Prime x :=
  let ⟨x, xs, hx, px⟩ := h
  ⟨x, ssubt xs, fun _ ↦ ?_, hx, px⟩
  (fun _ ↦ ?_).Ne (Tower.ofCons hx (Subsemigroup.ofPrime px)) (Semigroup.ofEvenOn Even017162})
    (fun _ ↦ ?_).Requires _ to be even

","💥️unexpected token '}'; expected ')', ',' or ':'",False,10,MIL.C04_Sets_and_Functions.solutions.Solutions_S01_Sets,Llama-8B,LENGTH,best_of_n,False,0,-1.0,CH04.t10,False
-1,False,2,"theorem t10 (h : ∃ x ∈ s, ¬Even x ∧ Prime x) (ssubt : s ⊆ t) : ∃ x ∈ t, Prime x := by
  rcases h with ⟨x, xs, _, px⟩
  use x, ssubt xs

",,True,3,"theorem t10 (h : ∃ x ∈ s, ¬Even x ∧ Prime x) (ssubt : s ⊆ t) : ∃ x ∈ t, Prime x := by
  rcases h with ⟨x, xs, _, px⟩
  exact ⟨x, ssubt xs, by tauto⟩
",,True,10,MIL.C04_Sets_and_Functions.solutions.Solutions_S01_Sets,Llama-8B,LENGTH,best_of_n,False,0,-0.5,CH04.t10,False
-1,False,2,"theorem t10 (h : ∃ x ∈ s, ¬Even x ∧ Prime x) (ssubt : s ⊆ t) : ∃ x ∈ t, Prime x := by
  rcases h with ⟨x, xs, _, px⟩
  use x, ssubt xs

",,True,-1,"theorem t10 (h : ∃ x ∈ s, ¬Even x ∧ Prime x) (ssubt : s ⊆ t) : ∃ x ∈ t, Prime x := by
  rcases h with ⟨x, xs, not_even, px⟩
  exact ⟨x, ssubt xs, not_even, px⟩
","💥️application type mismatch
  And.intro not_even
argument
  not_even
has type
  ¬Even x : Prop
but is expected to have type
  x ≠ 0 : Prop",False,10,MIL.C04_Sets_and_Functions.solutions.Solutions_S01_Sets,Llama-8B,LENGTH,best_of_n,False,0,-1.0,CH04.t10,False
-1,False,2,"theorem t10 (h : ∃ x ∈ s, ¬Even x ∧ Prime x) (ssubt : s ⊆ t) : ∃ x ∈ t, Prime x := by
  rcases h with ⟨x, xs, _, px⟩
  use x, ssubt xs

",,True,3,"theorem t10 (h : ∃ x ∈ s, ¬Even x ∧ Prime x) (ssubt : s ⊆ t) : ∃ x ∈ t, Prime x := by
  rcases h with ⟨x, xs, _, px⟩
  exact ⟨x, ssubt xs, by tauto⟩
",,True,10,MIL.C04_Sets_and_Functions.solutions.Solutions_S01_Sets,Llama-8B,LENGTH,best_of_n,False,0,-0.5,CH04.t10,False
-1,False,2,"theorem t10 (h : ∃ x ∈ s, ¬Even x ∧ Prime x) (ssubt : s ⊆ t) : ∃ x ∈ t, Prime x := by
  rcases h with ⟨x, xs, _, px⟩
  use x, ssubt xs

",,True,-1,"theorem t10 (h : ∃ x ∈ s, ¬Even x ∧ Prime x) (ssubt : s ⊆ t) : ∃ x ∈ t, Prime x :=
  let ⟨x, xs, hxs, hx⟩ := h
  ⟨x, ssubt xs, hxs, fun p hp ↦ H Prime, by tauto⟩
","💥️application type mismatch
  And.intro hxs
argument
  hxs
has type
  ¬Even x : Prop
but is expected to have type
  x ≠ 0 : Prop

💥️unknown identifier 'H'

💥️tauto failed to solve some goals.


💥️unsolved goals
case intro.intro.intro
s t : Set ℕ
ssubt : s ⊆ t
x : ℕ
xs : x ∈ s
hxs : ¬Even x
hx : Prime x
a✝² w✝ : ℕ
left✝¹ : w✝ ∈ s
left✝ : ¬Even w✝
right✝ : Prime w✝
b✝ : ℕ
a✝¹ : x ∣ a✝² * b✝
a✝ : ¬x ∣ a✝²
⊢ x ∣ b✝",False,10,MIL.C04_Sets_and_Functions.solutions.Solutions_S01_Sets,Llama-8B,LENGTH,best_of_n,False,0,-1.0,CH04.t10,False
-1,False,2,"theorem t10 (h : ∃ x ∈ s, ¬Even x ∧ Prime x) (ssubt : s ⊆ t) : ∃ x ∈ t, Prime x := by
  rcases h with ⟨x, xs, _, px⟩
  use x, ssubt xs

",,True,-1,"theorem t10 (h : ∃ x ∈ s, ¬Even x ∧ Prime x) (ssubt : s ⊆ t) : ∃ x ∈ t, Prime x := by
  rcases h with ⟨x, xs, _, px⟩
  exact ⟨x, ssubt xs, fun _ h2 h3 h4 h5 ↦ h h2 h3.trans (h _ h5), px⟩
",💥️unknown identifier 'h',False,10,MIL.C04_Sets_and_Functions.solutions.Solutions_S01_Sets,Llama-8B,LENGTH,best_of_n,False,0,-1.0,CH04.t10,False
-1,False,19,"theorem t11 : (s ∪ ⋂ i, A i) = ⋂ i, A i ∪ s := by
  ext x
  simp only [mem_union, mem_iInter]
  constructor
  · rintro (xs | xI)
    · intro i
      right
      exact xs
    intro i
    left
    exact xI i
  intro h
  by_cases xs : x ∈ s
  · left
    exact xs
  right
  intro i
  cases h i
  · assumption
  contradiction

",,True,19,"theorem t11 : (s ∪ ⋂ i, A i) = ⋂ i, A i ∪ s := by
  ext x
  simp only [mem_union, mem_iInter]
  constructor
  · rintro (xs | xI)
    · intro i
      right
      exact xs
    intro i
    left
    exact xI i
  intro h
  by_cases xs : x ∈ s
  · left
    exact xs
  right
  intro i
  cases h i
  · assumption
  contradiction


",,True,10,MIL.C04_Sets_and_Functions.solutions.Solutions_S01_Sets,Llama-8B,LENGTH,best_of_n,False,0,0.0,CH04.t11,False
-1,False,19,"theorem t11 : (s ∪ ⋂ i, A i) = ⋂ i, A i ∪ s := by
  ext x
  simp only [mem_union, mem_iInter]
  constructor
  · rintro (xs | xI)
    · intro i
      right
      exact xs
    intro i
    left
    exact xI i
  intro h
  by_cases xs : x ∈ s
  · left
    exact xs
  right
  intro i
  cases h i
  · assumption
  contradiction

",,True,19,"theorem t11 : (s ∪ ⋂ i, A i) = ⋂ i, A i ∪ s := by
  ext x
  simp only [mem_union, mem_iInter]
  constructor
  · rintro (xs | xI)
    · intro i
      right
      exact xs
    intro i
    left
    exact xI i
  intro h
  by_cases xs : x ∈ s
  · left
    exact xs
  right
  intro i
  cases h i
  · assumption
  contradiction


",,True,10,MIL.C04_Sets_and_Functions.solutions.Solutions_S01_Sets,Llama-8B,LENGTH,best_of_n,False,0,0.0,CH04.t11,False
-1,False,19,"theorem t11 : (s ∪ ⋂ i, A i) = ⋂ i, A i ∪ s := by
  ext x
  simp only [mem_union, mem_iInter]
  constructor
  · rintro (xs | xI)
    · intro i
      right
      exact xs
    intro i
    left
    exact xI i
  intro h
  by_cases xs : x ∈ s
  · left
    exact xs
  right
  intro i
  cases h i
  · assumption
  contradiction

",,True,19,"theorem t11 : (s ∪ ⋂ i, A i) = ⋂ i, A i ∪ s := by
  ext x
  simp only [mem_union, mem_iInter]
  constructor
  · rintro (xs | xI)
    · intro i
      right
      exact xs
    intro i
    left
    exact xI i
  intro h
  by_cases xs : x ∈ s
  · left
    exact xs
  right
  intro i
  cases h i
  · assumption
  contradiction",,True,10,MIL.C04_Sets_and_Functions.solutions.Solutions_S01_Sets,Llama-8B,LENGTH,best_of_n,False,0,0.0,CH04.t11,False
-1,False,19,"theorem t11 : (s ∪ ⋂ i, A i) = ⋂ i, A i ∪ s := by
  ext x
  simp only [mem_union, mem_iInter]
  constructor
  · rintro (xs | xI)
    · intro i
      right
      exact xs
    intro i
    left
    exact xI i
  intro h
  by_cases xs : x ∈ s
  · left
    exact xs
  right
  intro i
  cases h i
  · assumption
  contradiction

",,True,19,"theorem t11 : (s ∪ ⋂ i, A i) = ⋂ i, A i ∪ s := by
  ext x
  simp only [mem_union, mem_iInter]
  constructor
  · rintro (xs | xI)
    · intro i
      right
      exact xs
    intro i
    left
    exact xI i
  intro h
  by_cases xs : x ∈ s
  · left
    exact xs
  right
  intro i
  cases h i
  · assumption
  contradiction
",,True,10,MIL.C04_Sets_and_Functions.solutions.Solutions_S01_Sets,Llama-8B,LENGTH,best_of_n,False,0,0.0,CH04.t11,False
-1,False,19,"theorem t11 : (s ∪ ⋂ i, A i) = ⋂ i, A i ∪ s := by
  ext x
  simp only [mem_union, mem_iInter]
  constructor
  · rintro (xs | xI)
    · intro i
      right
      exact xs
    intro i
    left
    exact xI i
  intro h
  by_cases xs : x ∈ s
  · left
    exact xs
  right
  intro i
  cases h i
  · assumption
  contradiction

",,True,-1,"theorem t11 : (s ∪ ⋂ i, A i) = ⋂ i, A i ∪ s := by
  nth_rewrite 2 [← sInter_range]
  apply t02
",💥️unknown identifier 't02',False,10,MIL.C04_Sets_and_Functions.solutions.Solutions_S01_Sets,Llama-8B,LENGTH,best_of_n,False,0,-1.0,CH04.t11,False
-1,False,19,"theorem t11 : (s ∪ ⋂ i, A i) = ⋂ i, A i ∪ s := by
  ext x
  simp only [mem_union, mem_iInter]
  constructor
  · rintro (xs | xI)
    · intro i
      right
      exact xs
    intro i
    left
    exact xI i
  intro h
  by_cases xs : x ∈ s
  · left
    exact xs
  right
  intro i
  cases h i
  · assumption
  contradiction

",,True,19,"theorem t11 : (s ∪ ⋂ i, A i) = ⋂ i, A i ∪ s := by
  ext x
  simp only [mem_union, mem_iInter]
  constructor
  · rintro (xs | xI)
    · intro i
      right
      exact xs
    intro i
    left
    exact xI i
  intro h
  by_cases xs : x ∈ s
  · left
    exact xs
  right
  intro i
  cases h i
  · assumption
  contradiction


",,True,10,MIL.C04_Sets_and_Functions.solutions.Solutions_S01_Sets,Llama-8B,LENGTH,best_of_n,False,0,0.0,CH04.t11,False
-1,False,19,"theorem t11 : (s ∪ ⋂ i, A i) = ⋂ i, A i ∪ s := by
  ext x
  simp only [mem_union, mem_iInter]
  constructor
  · rintro (xs | xI)
    · intro i
      right
      exact xs
    intro i
    left
    exact xI i
  intro h
  by_cases xs : x ∈ s
  · left
    exact xs
  right
  intro i
  cases h i
  · assumption
  contradiction

",,True,-1,"theorem t11 : (s ∪ ⋂ i, A i) = ⋂ i, A i ∪ s := by
  simp_rw [mem_union, mem_iInter, iInter_range]
  ext X
  simp [next_eq_or_imp, leInter_of_le_of_le, leUnion_of_le_of_le,
    and_self, but_and]
",💥️simp made no progress,False,10,MIL.C04_Sets_and_Functions.solutions.Solutions_S01_Sets,Llama-8B,LENGTH,best_of_n,False,0,-1.0,CH04.t11,False
-1,False,19,"theorem t11 : (s ∪ ⋂ i, A i) = ⋂ i, A i ∪ s := by
  ext x
  simp only [mem_union, mem_iInter]
  constructor
  · rintro (xs | xI)
    · intro i
      right
      exact xs
    intro i
    left
    exact xI i
  intro h
  by_cases xs : x ∈ s
  · left
    exact xs
  right
  intro i
  cases h i
  · assumption
  contradiction

",,True,-1,"theorem t11 : (s ∪ ⋂ i, A i) = ⋂ i, A i ∪ s := by
  ext x
  simp only [mem_union, mem_iInter]
  constructor
  · rintro (xs | xI)
    · intro i
      right
      exact xs
    intro i
    left
    exact xI i
  intro h
  by_cases xs : x ∈ s
  · left
    exact xs
  right
  intro i
  cases h i
  · unfold mem_iInter
    assumption
  contradiction


","💥️tactic 'unfold' failed to unfold 'Set.mem_iInter' at
  x ∈ A i",False,10,MIL.C04_Sets_and_Functions.solutions.Solutions_S01_Sets,Llama-8B,LENGTH,best_of_n,False,0,-1.0,CH04.t11,False
-1,False,19,"theorem t11 : (s ∪ ⋂ i, A i) = ⋂ i, A i ∪ s := by
  ext x
  simp only [mem_union, mem_iInter]
  constructor
  · rintro (xs | xI)
    · intro i
      right
      exact xs
    intro i
    left
    exact xI i
  intro h
  by_cases xs : x ∈ s
  · left
    exact xs
  right
  intro i
  cases h i
  · assumption
  contradiction

",,True,-1,"theorem t11 : (s ∪ ⋂ i, A i) = ⋂ i, A i ∪ s := by
  rw [← s_cat, fun x h1x h2x => (h1x | h2x).symm, biInter_image]
  exact biInter_range _ _ _
","💥️unexpected token '|'; expected ')', ',' or ':'

💥️unknown identifier 's_cat'",False,10,MIL.C04_Sets_and_Functions.solutions.Solutions_S01_Sets,Llama-8B,LENGTH,best_of_n,False,0,-1.0,CH04.t11,False
-1,False,19,"theorem t11 : (s ∪ ⋂ i, A i) = ⋂ i, A i ∪ s := by
  ext x
  simp only [mem_union, mem_iInter]
  constructor
  · rintro (xs | xI)
    · intro i
      right
      exact xs
    intro i
    left
    exact xI i
  intro h
  by_cases xs : x ∈ s
  · left
    exact xs
  right
  intro i
  cases h i
  · assumption
  contradiction

",,True,-1,"theorem t11 : (s ∪ ⋂ i, A i) = ⋂ i, A i ∪ s :=
  rw [⋂ i, A i ∪ s, inter_inter_left, iInter_range]
",💥️unknown identifier 'rw',False,10,MIL.C04_Sets_and_Functions.solutions.Solutions_S01_Sets,Llama-8B,LENGTH,best_of_n,False,0,-1.0,CH04.t11,False
-1,False,5,"theorem t12 : (⋃ p ∈ primes, { x | x ≤ p }) = univ := by
  apply eq_univ_of_forall
  intro x
  simp
  rcases Nat.exists_infinite_primes x with ⟨p, pge, primep⟩
  use p, primep

",,True,-1,"theorem t12 : (⋃ p ∈ primes, { x | x ≤ p }) = univ := by
  apply eq_univ_of_forall
  intro x
  simpa using t12 x
","💥️function expected at
  t12
term has type
  ⋃ p ∈ primes, {x | x ≤ p} = univ",False,10,MIL.C04_Sets_and_Functions.solutions.Solutions_S01_Sets,Llama-8B,LENGTH,best_of_n,False,0,-1.0,CH04.t12,False
-1,False,5,"theorem t12 : (⋃ p ∈ primes, { x | x ≤ p }) = univ := by
  apply eq_univ_of_forall
  intro x
  simp
  rcases Nat.exists_infinite_primes x with ⟨p, pge, primep⟩
  use p, primep

",,True,-1,"theorem t12 : (⋃ p ∈ primes, { x | x ≤ p }) = univ := by
  apply eq_univ_of_forall
  intro x
  rcases Nat.exists_infinite_primes x with ⟨p, pge, primep⟩
  exact ⟨p, primep⟩


","💥️application type mismatch
  Exists.intro p
argument
  p
has type
  ℕ : Type
but is expected to have type
  Set ℕ : Type",False,10,MIL.C04_Sets_and_Functions.solutions.Solutions_S01_Sets,Llama-8B,LENGTH,best_of_n,False,0,-1.0,CH04.t12,False
-1,False,5,"theorem t12 : (⋃ p ∈ primes, { x | x ≤ p }) = univ := by
  apply eq_univ_of_forall
  intro x
  simp
  rcases Nat.exists_infinite_primes x with ⟨p, pge, primep⟩
  use p, primep

",,True,-1,"theorem t12 : (⋃ p ∈ primes, { x | x ≤ p }) = univ := by
  apply eq_univ_of_forall
  intro x
  rcases Nat.exists_infinite_primes x with ⟨p, pge, primep⟩
  use p, primep


","💥️type mismatch
  p
has type
  ℕ : Type
but is expected to have type
  Set ℕ : Type

💥️unsolved goals
case right
x p : ℕ
pge : x ≤ p
primep : Nat.Prime p
⊢ x ∈ sorry",False,10,MIL.C04_Sets_and_Functions.solutions.Solutions_S01_Sets,Llama-8B,LENGTH,best_of_n,False,0,-1.0,CH04.t12,False
-1,False,5,"theorem t12 : (⋃ p ∈ primes, { x | x ≤ p }) = univ := by
  apply eq_univ_of_forall
  intro x
  simp
  rcases Nat.exists_infinite_primes x with ⟨p, pge, primep⟩
  use p, primep

",,True,-1,"theorem t12 : (⋃ p ∈ primes, { x | x ≤ p }) = univ := by
  apply eq_univ_of_forall
  intro x
  rcases Nat.exists_infinite_primes x with ⟨p, pge, primep⟩
  exact ⟨p, primep⟩


","💥️application type mismatch
  Exists.intro p
argument
  p
has type
  ℕ : Type
but is expected to have type
  Set ℕ : Type",False,10,MIL.C04_Sets_and_Functions.solutions.Solutions_S01_Sets,Llama-8B,LENGTH,best_of_n,False,0,-1.0,CH04.t12,False
-1,False,5,"theorem t12 : (⋃ p ∈ primes, { x | x ≤ p }) = univ := by
  apply eq_univ_of_forall
  intro x
  simp
  rcases Nat.exists_infinite_primes x with ⟨p, pge, primep⟩
  use p, primep

",,True,-1,"theorem t12 : (⋃ p ∈ primes, { x | x ≤ p }) = univ := by
  eq_univ_of_forall _ x with
  | 1, _ => simp
  | p + 2, _ => simp [Nat.lt_add_iff_right]
","💥️unknown tactic

💥️unsolved goals
⊢ ⋃ p ∈ primes, {x | x ≤ p} = univ",False,10,MIL.C04_Sets_and_Functions.solutions.Solutions_S01_Sets,Llama-8B,LENGTH,best_of_n,False,0,-1.0,CH04.t12,False
-1,False,5,"theorem t12 : (⋃ p ∈ primes, { x | x ≤ p }) = univ := by
  apply eq_univ_of_forall
  intro x
  simp
  rcases Nat.exists_infinite_primes x with ⟨p, pge, primep⟩
  use p, primep

",,True,-1,"theorem t12 : (⋃ p ∈ primes, { x | x ≤ p }) = univ := by
  apply eq_univ_of_forall
  intro x
  rcases Nat.exists_infinite_primes x with ⟨p, pge, primep⟩
  use p, primep


","💥️type mismatch
  p
has type
  ℕ : Type
but is expected to have type
  Set ℕ : Type

💥️unsolved goals
case right
x p : ℕ
pge : x ≤ p
primep : Nat.Prime p
⊢ x ∈ sorry",False,10,MIL.C04_Sets_and_Functions.solutions.Solutions_S01_Sets,Llama-8B,LENGTH,best_of_n,False,0,-1.0,CH04.t12,False
-1,False,5,"theorem t12 : (⋃ p ∈ primes, { x | x ≤ p }) = univ := by
  apply eq_univ_of_forall
  intro x
  simp
  rcases Nat.exists_infinite_primes x with ⟨p, pge, primep⟩
  use p, primep

",,True,-1,"theorem t12 : (⋃ p ∈ primes, { x | x ≤ p }) = univ := by
  apply eq_univ_of_forall
  intro x
  simp only [Nat.exists_infinite_primes, and_inf_eq]
  rcases Nat.exists_infinite_primes x with ⟨p, pge, primep⟩
  exact ⟨p, primep⟩


","💥️unknown identifier 'and_inf_eq'

💥️simp made no progress",False,10,MIL.C04_Sets_and_Functions.solutions.Solutions_S01_Sets,Llama-8B,LENGTH,best_of_n,False,0,-1.0,CH04.t12,False
-1,False,5,"theorem t12 : (⋃ p ∈ primes, { x | x ≤ p }) = univ := by
  apply eq_univ_of_forall
  intro x
  simp
  rcases Nat.exists_infinite_primes x with ⟨p, pge, primep⟩
  use p, primep

",,True,-1,"theorem t12 : (⋃ p ∈ primes, { x | x ≤ p }) = univ := by
  apply eq_univ_of_forall
  intro x
  simp only [Nat.exists_infinite_primes, primes_eq_infinite_primes]
  rcases Nat.exists_infinite_primes x with ⟨p, pge, primep⟩
  exact ⟨p, primep⟩
","💥️unknown identifier 'primes_eq_infinite_primes'

💥️simp made no progress",False,10,MIL.C04_Sets_and_Functions.solutions.Solutions_S01_Sets,Llama-8B,LENGTH,best_of_n,False,0,-1.0,CH04.t12,False
-1,False,5,"theorem t12 : (⋃ p ∈ primes, { x | x ≤ p }) = univ := by
  apply eq_univ_of_forall
  intro x
  simp
  rcases Nat.exists_infinite_primes x with ⟨p, pge, primep⟩
  use p, primep

",,True,-1,"theorem t12 : (⋃ p ∈ primes, { x | x ≤ p }) = univ := by
  apply eq_univ_of_forall
  intro x
  rcases Nat.exists_infinite_primes x with ⟨p, pge, primep⟩
  use p, primep

","💥️type mismatch
  p
has type
  ℕ : Type
but is expected to have type
  Set ℕ : Type

💥️unsolved goals
case right
x p : ℕ
pge : x ≤ p
primep : Nat.Prime p
⊢ x ∈ sorry",False,10,MIL.C04_Sets_and_Functions.solutions.Solutions_S01_Sets,Llama-8B,LENGTH,best_of_n,False,0,-1.0,CH04.t12,False
-1,False,5,"theorem t12 : (⋃ p ∈ primes, { x | x ≤ p }) = univ := by
  apply eq_univ_of_forall
  intro x
  simp
  rcases Nat.exists_infinite_primes x with ⟨p, pge, primep⟩
  use p, primep

",,True,-1,"theorem t12 : (⋃ p ∈ primes, { x | x ≤ p }) = univ := by
  rcases eq_univ_of_forall with ⟨p, hp⟩
  intro x
  push_neg at hp
  rcases Nat.exists_infinite_primes x with ⟨p, pge, primep⟩
  exact ⟨p, hp⟩


](IMPROVED>","💥️rcases tactic failed: x✝ : (∀ (x : ?m.7323), x ∈ ?m.7324) → ?m.7324 = univ is not an inductive datatype",False,10,MIL.C04_Sets_and_Functions.solutions.Solutions_S01_Sets,Llama-8B,LENGTH,best_of_n,False,0,-1.0,CH04.t12,False
-1,False,4,"theorem even_of_even_sqr {m : ℕ} (h : 2 ∣ m ^ 2) : 2 ∣ m := by
  rw [pow_two, Nat.prime_two.dvd_mul] at h
  cases h <;> assumption

",,True,-1,"theorem even_of_even_sqr {m : ℕ} (h : 2 ∣ m ^ 2) : 2 ∣ m := by
  rw [pow_two, Nat.prime_two.dvd_mul] at h
  exact even_of_forall_ge_iff fun k h ↦ h.of_even_sqr
",💥️unknown identifier 'even_of_forall_ge_iff',False,10,MIL.C05_Elementary_Number_Theory.solutions.Solutions_S01_Irrational_Roots,Llama-8B,LENGTH,best_of_n,False,0,-1.0,even_of_even_sqr,False
-1,False,4,"theorem even_of_even_sqr {m : ℕ} (h : 2 ∣ m ^ 2) : 2 ∣ m := by
  rw [pow_two, Nat.prime_two.dvd_mul] at h
  cases h <;> assumption

",,True,-1,"theorem even_of_even_sqr {m : ℕ} (h : 2 ∣ m ^ 2) : 2 ∣ m := by
  rw [pow_two, Nat.prime_two.dvd_mul] at h
  exact Nat.dvd_of_dvd_mul h
",💥️unknown constant 'Nat.dvd_of_dvd_mul',False,10,MIL.C05_Elementary_Number_Theory.solutions.Solutions_S01_Irrational_Roots,Llama-8B,LENGTH,best_of_n,False,0,-1.0,even_of_even_sqr,False
-1,False,4,"theorem even_of_even_sqr {m : ℕ} (h : 2 ∣ m ^ 2) : 2 ∣ m := by
  rw [pow_two, Nat.prime_two.dvd_mul] at h
  cases h <;> assumption

",,True,-1,"theorem even_of_even_sqr {m : ℕ} (h : 2 ∣ m ^ 2) : 2 ∣ m := by
  rw [pow_two, Nat.prime_two.dvd_mul] at h
  exact even_iff_dvd_mul.mpr ⟨2, h⟩
",💥️unknown identifier 'even_iff_dvd_mul.mpr',False,10,MIL.C05_Elementary_Number_Theory.solutions.Solutions_S01_Irrational_Roots,Llama-8B,LENGTH,best_of_n,False,0,-1.0,even_of_even_sqr,False
-1,False,4,"theorem even_of_even_sqr {m : ℕ} (h : 2 ∣ m ^ 2) : 2 ∣ m := by
  rw [pow_two, Nat.prime_two.dvd_mul] at h
  cases h <;> assumption

",,True,-1,"theorem even_of_even_sqr {m : ℕ} (h : 2 ∣ m ^ 2) : 2 ∣ m := by
  rw [pow_two, Nat.prime_two.dvd_mul] at h
  cases h <;> simp


","💥️simp made no progress

💥️simp made no progress",False,10,MIL.C05_Elementary_Number_Theory.solutions.Solutions_S01_Irrational_Roots,Llama-8B,LENGTH,best_of_n,False,0,-1.0,even_of_even_sqr,False
-1,False,4,"theorem even_of_even_sqr {m : ℕ} (h : 2 ∣ m ^ 2) : 2 ∣ m := by
  rw [pow_two, Nat.prime_two.dvd_mul] at h
  cases h <;> assumption

",,True,-1,"theorem even_of_even_sqr {m : ℕ} (h : 2 ∣ m ^ 2) : 2 ∣ m :=
  have : ∀ m, 2 ∣ m ^ 2 → 2 ∣ m := by
    | h b n => cases h <;> simp [b]
  h.mpr <;> assumption


","💥️unexpected token '|'; expected '{' or tactic

💥️unsolved goals
m : ℕ
h : 2 ∣ m ^ 2
⊢ ∀ (m : ℕ), 2 ∣ m ^ 2 → 2 ∣ m",False,10,MIL.C05_Elementary_Number_Theory.solutions.Solutions_S01_Irrational_Roots,Llama-8B,LENGTH,best_of_n,False,0,-1.0,even_of_even_sqr,False
-1,False,4,"theorem even_of_even_sqr {m : ℕ} (h : 2 ∣ m ^ 2) : 2 ∣ m := by
  rw [pow_two, Nat.prime_two.dvd_mul] at h
  cases h <;> assumption

",,True,-1,"theorem even_of_even_sqr {m : ℕ} (h : 2 ∣ m ^ 2) : 2 ∣ m :=
  even_iff_even_mul.mpr ⟨2, h⟩
",💥️unknown identifier 'even_iff_even_mul.mpr',False,10,MIL.C05_Elementary_Number_Theory.solutions.Solutions_S01_Irrational_Roots,Llama-8B,LENGTH,best_of_n,False,0,-1.0,even_of_even_sqr,False
-1,False,4,"theorem even_of_even_sqr {m : ℕ} (h : 2 ∣ m ^ 2) : 2 ∣ m := by
  rw [pow_two, Nat.prime_two.dvd_mul] at h
  cases h <;> assumption

",,True,-1,"theorem even_of_even_sqr {m : ℕ} (h : 2 ∣ m ^ 2) : 2 ∣ m := by
  rw [pow_two, Nat.prime_two.dvd_mul] at h
  gamma assumption


","💥️unknown tactic

💥️unsolved goals
m : ℕ
h : 2 ∣ m ∨ 2 ∣ m
⊢ 2 ∣ m",False,10,MIL.C05_Elementary_Number_Theory.solutions.Solutions_S01_Irrational_Roots,Llama-8B,LENGTH,best_of_n,False,0,-1.0,even_of_even_sqr,False
-1,False,4,"theorem even_of_even_sqr {m : ℕ} (h : 2 ∣ m ^ 2) : 2 ∣ m := by
  rw [pow_two, Nat.prime_two.dvd_mul] at h
  cases h <;> assumption

",,True,-1,"theorem even_of_even_sqr {m : ℕ} (h : 2 ∣ m ^ 2) : 2 ∣ m :=
  even_of_dvd_mul h (Nat.prime_two.dvd_mul ..)
",💥️unknown identifier 'even_of_dvd_mul',False,10,MIL.C05_Elementary_Number_Theory.solutions.Solutions_S01_Irrational_Roots,Llama-8B,LENGTH,best_of_n,False,0,-1.0,even_of_even_sqr,False
-1,False,4,"theorem even_of_even_sqr {m : ℕ} (h : 2 ∣ m ^ 2) : 2 ∣ m := by
  rw [pow_two, Nat.prime_two.dvd_mul] at h
  cases h <;> assumption

",,True,-1,"theorem even_of_even_sqr {m : ℕ} (h : 2 ∣ m ^ 2) : 2 ∣ m := by
  rwa [pow_two, Nat.prime_two.dvd_mul] at h


","💥️tactic 'assumption' failed
m : ℕ
h : 2 ∣ m ∨ 2 ∣ m
⊢ 2 ∣ m",False,10,MIL.C05_Elementary_Number_Theory.solutions.Solutions_S01_Irrational_Roots,Llama-8B,LENGTH,best_of_n,False,0,-1.0,even_of_even_sqr,False
-1,False,4,"theorem even_of_even_sqr {m : ℕ} (h : 2 ∣ m ^ 2) : 2 ∣ m := by
  rw [pow_two, Nat.prime_two.dvd_mul] at h
  cases h <;> assumption

",,True,-1,"theorem even_of_even_sqr {m : ℕ} (h : 2 ∣ m ^ 2) : 2 ∣ m := by
  rw [pow_two, (Nat.prime_two.dvd_mul m 2).2 h]
","💥️tactic 'rewrite' failed, did not find instance of the pattern in the target expression
  ?a ^ 2
m : ℕ
h : 2 ∣ m ^ 2
⊢ 2 ∣ m",False,10,MIL.C05_Elementary_Number_Theory.solutions.Solutions_S01_Irrational_Roots,Llama-8B,LENGTH,best_of_n,False,0,-1.0,even_of_even_sqr,False
-1,False,24,"theorem t1 {m n : ℕ} (coprime_mn : m.Coprime n) : m ^ 2 ≠ 2 * n ^ 2 := by
  intro sqr_eq
  have : 2 ∣ m := by
    apply even_of_even_sqr
    rw [sqr_eq]
    apply dvd_mul_right
  obtain ⟨k, meq⟩ := dvd_iff_exists_eq_mul_left.mp this
  have : 2 * (2 * k ^ 2) = 2 * n ^ 2 := by
    rw [← sqr_eq, meq]
    ring
  have : 2 * k ^ 2 = n ^ 2 :=
    (mul_right_inj' (by norm_num)).mp this
  have : 2 ∣ n := by
    apply even_of_even_sqr
    rw [← this]
    apply dvd_mul_right
  have : 2 ∣ m.gcd n := by
    apply Nat.dvd_gcd <;>
    assumption
  have : 2 ∣ 1 := by
    convert this
    symm
    exact coprime_mn
  norm_num at this

",,True,-1,"theorem t1 {m n : ℕ} (coprime_mn : m.Coprime n) : m ^ 2 ≠ 2 * n ^ 2 := by
  intro sqr_eq
  have : 2 ∣ m := by
    apply even_of_even_sqr
    rw [sqr_eq]
    apply dvd_mul_right
  obtain ⟨k, meq⟩ := dvd_iff_exists_eq_mul_left.mp this
  have : 2 * (2 * k ^ 2) = 2 * n ^ 2 := by
    rw [← sqr_eq, meq]
    ring
  have : 2 * k ^ 2 = n ^ 2 :=
    (mul_right_inj' (by norm_num)).mp this
  have : 2 ∣ n := by
    apply even_of_even_sqr
    rw [← this]
    apply dvd_mul_right
  have : 2 ∣ 1 := by
    convert this
    symm
    exact coprime_mn
  norm_num at this
","💥️type mismatch
  coprime_mn
has type
  m.Coprime n : Prop
but is expected to have type
  n = 1 : Prop",False,10,MIL.C05_Elementary_Number_Theory.solutions.Solutions_S01_Irrational_Roots,Llama-8B,LENGTH,best_of_n,False,0,-1.0,t1,False
-1,False,24,"theorem t1 {m n : ℕ} (coprime_mn : m.Coprime n) : m ^ 2 ≠ 2 * n ^ 2 := by
  intro sqr_eq
  have : 2 ∣ m := by
    apply even_of_even_sqr
    rw [sqr_eq]
    apply dvd_mul_right
  obtain ⟨k, meq⟩ := dvd_iff_exists_eq_mul_left.mp this
  have : 2 * (2 * k ^ 2) = 2 * n ^ 2 := by
    rw [← sqr_eq, meq]
    ring
  have : 2 * k ^ 2 = n ^ 2 :=
    (mul_right_inj' (by norm_num)).mp this
  have : 2 ∣ n := by
    apply even_of_even_sqr
    rw [← this]
    apply dvd_mul_right
  have : 2 ∣ m.gcd n := by
    apply Nat.dvd_gcd <;>
    assumption
  have : 2 ∣ 1 := by
    convert this
    symm
    exact coprime_mn
  norm_num at this

",,True,-1,"theorem t1 {m n : ℕ} (coprime_mn : m.Coprime n) : m ^ 2 ≠ 2 * n ^ 2 := by
  intro sqr_eq
  have : 2 ∣ m := by
    apply even_of_even_sqr
    rw [sqr_eq]
    apply dvd_mul_right
  obtain ⟨k, meq⟩ := dvd_iff_exists_eq_mul_left.mp this
  have : 2 * (2 * k ^ 2) = 2 * n ^ 2 := by omega
  have : 2 * k ^ 2 = n ^ 2 :=
    (mul_right_inj' (by norm_num)).mp this
  have : 2 ∣ n := by
    apply even_of_even_sqr
    rw [← this]
    apply dvd_mul_right
  have : 2 ∣ 1 := by
    obtain · := this
    exact coprime_mn
  omega
","💥️omega could not prove the goal:
a possible counterexample may satisfy the constraints
  c ≥ 0
  b ≥ 0
  a ≥ 0
  a - 2*c ≥ 1
where
 a := ↑(n ^ 2)
 b := ↑k
 c := ↑(k ^ 2)

💥️`obtain` requires either an expected type or a value.
usage: `obtain ⟨patt⟩? : type (:= val)?` or `obtain ⟨patt⟩? (: type)? := val`

💥️unsolved goals
case intro
m n : ℕ
coprime_mn : m.Coprime n
sqr_eq : m ^ 2 = 2 * n ^ 2
this✝³ : 2 ∣ m
k : ℕ
meq : m = k * 2
this✝² : 2 * (2 * k ^ 2) = 2 * n ^ 2
this✝¹ : 2 * k ^ 2 = n ^ 2
this✝ : 2 ∣ n
this : 2 ∣ 1
⊢ False",False,10,MIL.C05_Elementary_Number_Theory.solutions.Solutions_S01_Irrational_Roots,Llama-8B,LENGTH,best_of_n,False,0,-1.0,t1,False
-1,False,24,"theorem t1 {m n : ℕ} (coprime_mn : m.Coprime n) : m ^ 2 ≠ 2 * n ^ 2 := by
  intro sqr_eq
  have : 2 ∣ m := by
    apply even_of_even_sqr
    rw [sqr_eq]
    apply dvd_mul_right
  obtain ⟨k, meq⟩ := dvd_iff_exists_eq_mul_left.mp this
  have : 2 * (2 * k ^ 2) = 2 * n ^ 2 := by
    rw [← sqr_eq, meq]
    ring
  have : 2 * k ^ 2 = n ^ 2 :=
    (mul_right_inj' (by norm_num)).mp this
  have : 2 ∣ n := by
    apply even_of_even_sqr
    rw [← this]
    apply dvd_mul_right
  have : 2 ∣ m.gcd n := by
    apply Nat.dvd_gcd <;>
    assumption
  have : 2 ∣ 1 := by
    convert this
    symm
    exact coprime_mn
  norm_num at this

",,True,-1,"theorem t1 {m n : ℕ} (coprime_mn : m.Coprime n) : m ^ 2 ≠ 2 * n ^ 2 := by
  intro sqr_eq
  have : 2 ∣ m := by
    apply even_of_even_sqr
    rw [sqr_eq]
    apply dvd_mul_right
  obtain ⟨k, meq⟩ := dvd_iff_exists_eq_mul_left.mp this
  have : 2 * (2 * k ^ 2) = 2 * n ^ 2 := by
    rw [← sqr_eq, meq]
    ring
  have : 2 * k ^ 2 = n ^ 2 :=
    (mul_right_inj' (by norm_num)).mp this
  have : 2 ∣ n := by
    apply even_of_even_sqr
    rw [← this]
    apply dvd_mul_right
  have : 2 ∣ 1 := by
    convert this
    symm
    exact coprime_mn
  norm_num at this


","💥️type mismatch
  coprime_mn
has type
  m.Coprime n : Prop
but is expected to have type
  n = 1 : Prop",False,10,MIL.C05_Elementary_Number_Theory.solutions.Solutions_S01_Irrational_Roots,Llama-8B,LENGTH,best_of_n,False,0,-1.0,t1,False
-1,False,24,"theorem t1 {m n : ℕ} (coprime_mn : m.Coprime n) : m ^ 2 ≠ 2 * n ^ 2 := by
  intro sqr_eq
  have : 2 ∣ m := by
    apply even_of_even_sqr
    rw [sqr_eq]
    apply dvd_mul_right
  obtain ⟨k, meq⟩ := dvd_iff_exists_eq_mul_left.mp this
  have : 2 * (2 * k ^ 2) = 2 * n ^ 2 := by
    rw [← sqr_eq, meq]
    ring
  have : 2 * k ^ 2 = n ^ 2 :=
    (mul_right_inj' (by norm_num)).mp this
  have : 2 ∣ n := by
    apply even_of_even_sqr
    rw [← this]
    apply dvd_mul_right
  have : 2 ∣ m.gcd n := by
    apply Nat.dvd_gcd <;>
    assumption
  have : 2 ∣ 1 := by
    convert this
    symm
    exact coprime_mn
  norm_num at this

",,True,-1,"theorem t1 {m n : ℕ} (coprime_mn : m.Coprime n) : m ^ 2 ≠ 2 * n ^ 2 := by
  intro sqr_eq
  have : 2 ∣ m := by
    apply even_of_even_sqr
    rw [sqr_eq]
    apply dvd_mul_right
  obtain ⟨k, meq⟩ := dvd_iff_exists_eq_mul_left.mp this
  have : 2 * (2 * k ^ 2) = 2 * n ^ 2 := by
    rw [← sqr_eq, meq]
    ring
  have : 2 * k ^ 2 = n ^ 2 :=
    (mul_right_inj' (by norm_num)).mp this
  have : 2 ∣ n := by
    apply even_of_even_sqr
    rw [← this]
    apply dvd_mul_right
  have : 2 ∣ 1 := by
    convert this
    symm
    exact coprime_mn
  omega
","💥️type mismatch
  coprime_mn
has type
  m.Coprime n : Prop
but is expected to have type
  n = 1 : Prop",False,10,MIL.C05_Elementary_Number_Theory.solutions.Solutions_S01_Irrational_Roots,Llama-8B,LENGTH,best_of_n,False,0,-1.0,t1,False
-1,False,24,"theorem t1 {m n : ℕ} (coprime_mn : m.Coprime n) : m ^ 2 ≠ 2 * n ^ 2 := by
  intro sqr_eq
  have : 2 ∣ m := by
    apply even_of_even_sqr
    rw [sqr_eq]
    apply dvd_mul_right
  obtain ⟨k, meq⟩ := dvd_iff_exists_eq_mul_left.mp this
  have : 2 * (2 * k ^ 2) = 2 * n ^ 2 := by
    rw [← sqr_eq, meq]
    ring
  have : 2 * k ^ 2 = n ^ 2 :=
    (mul_right_inj' (by norm_num)).mp this
  have : 2 ∣ n := by
    apply even_of_even_sqr
    rw [← this]
    apply dvd_mul_right
  have : 2 ∣ m.gcd n := by
    apply Nat.dvd_gcd <;>
    assumption
  have : 2 ∣ 1 := by
    convert this
    symm
    exact coprime_mn
  norm_num at this

",,True,-1,"theorem t1 {m n : ℕ} (coprime_mn : m.coprime n) : m ^ 2 ≠ 2 * n ^ 2 := by
  intro sq
  have : 2 ∣ m := even_of_even_sqr sq
  obtain ⟨k, eq⟩ := dvd_iff_exists_eq_mul_left.mp this
  have : 2 * (2 * k ^ 2) = 2 * n ^ 2 := by
    rw [← sq, eq]
    ring
  have : 2 * k ^ 2 = n ^ 2 :=
    (mul_right_inj' (by norm_num)).mp this
  have : 2 ∣ n := even_of_even_sqr (by rw [← this])
  have : 2 ∣ 1 := by
    convert this
    symm
    exact coprime_mn
  norm_num at this


","💥️invalid field 'coprime', the environment does not contain 'Nat.coprime'
  m
has type
  ℕ

💥️application type mismatch
  even_of_even_sqr sq
argument
  sq
has type
  m ^ 2 = 2 * n ^ 2 : Prop
but is expected to have type
  2 ∣ m ^ 2 : Prop

💥️unsolved goals
m n : ℕ
coprime_mn : sorry
sq : m ^ 2 = 2 * n ^ 2
this✝¹ : 2 ∣ m
k : ℕ
eq : m = k * 2
this✝ : 2 * (2 * k ^ 2) = 2 * n ^ 2
this : 2 * k ^ 2 = n ^ 2
⊢ 2 ∣ 2 * k ^ 2",False,10,MIL.C05_Elementary_Number_Theory.solutions.Solutions_S01_Irrational_Roots,Llama-8B,LENGTH,best_of_n,False,0,-1.0,t1,False
-1,False,24,"theorem t1 {m n : ℕ} (coprime_mn : m.Coprime n) : m ^ 2 ≠ 2 * n ^ 2 := by
  intro sqr_eq
  have : 2 ∣ m := by
    apply even_of_even_sqr
    rw [sqr_eq]
    apply dvd_mul_right
  obtain ⟨k, meq⟩ := dvd_iff_exists_eq_mul_left.mp this
  have : 2 * (2 * k ^ 2) = 2 * n ^ 2 := by
    rw [← sqr_eq, meq]
    ring
  have : 2 * k ^ 2 = n ^ 2 :=
    (mul_right_inj' (by norm_num)).mp this
  have : 2 ∣ n := by
    apply even_of_even_sqr
    rw [← this]
    apply dvd_mul_right
  have : 2 ∣ m.gcd n := by
    apply Nat.dvd_gcd <;>
    assumption
  have : 2 ∣ 1 := by
    convert this
    symm
    exact coprime_mn
  norm_num at this

",,True,-1,"theorem t1 {m n : ℕ} (coprime_mn : m.Coprime n) : m ^ 2 ≠ 2 * n ^ 2 := by
  rintro rfl
  have H := 2 ∣ m
  have H := 2 ∣ n
  have H := 2 ∣ (m * n) ^ 2
  simp [H]
","💥️tactic 'subst' failed, invalid equality proof, it is not of the form (x = t) or (t = x)
  m ^ 2 = 2 * n ^ 2
m n : ℕ
coprime_mn : m.Coprime n
a✝ : m ^ 2 = 2 * n ^ 2
⊢ False",False,10,MIL.C05_Elementary_Number_Theory.solutions.Solutions_S01_Irrational_Roots,Llama-8B,LENGTH,best_of_n,False,0,-1.0,t1,False
-1,False,24,"theorem t1 {m n : ℕ} (coprime_mn : m.Coprime n) : m ^ 2 ≠ 2 * n ^ 2 := by
  intro sqr_eq
  have : 2 ∣ m := by
    apply even_of_even_sqr
    rw [sqr_eq]
    apply dvd_mul_right
  obtain ⟨k, meq⟩ := dvd_iff_exists_eq_mul_left.mp this
  have : 2 * (2 * k ^ 2) = 2 * n ^ 2 := by
    rw [← sqr_eq, meq]
    ring
  have : 2 * k ^ 2 = n ^ 2 :=
    (mul_right_inj' (by norm_num)).mp this
  have : 2 ∣ n := by
    apply even_of_even_sqr
    rw [← this]
    apply dvd_mul_right
  have : 2 ∣ m.gcd n := by
    apply Nat.dvd_gcd <;>
    assumption
  have : 2 ∣ 1 := by
    convert this
    symm
    exact coprime_mn
  norm_num at this

",,True,-1,"theorem t1 {m n : ℕ} (coprime_mn : m.Coprime n) : m ^ 2 ≠ 2 * n ^ 2 := by
  intro sqr_eq
  have : 2 ∣ m := by
    rw [even_iff_not_imp_not_even, not_even_iff]
    exact even_of_even_sqr ▸ dvd_mul_right
  obtain ⟨k, meq⟩ := dvd_iff_exists_eq_mul_left.mp this
  have : 2 * (2 * k ^ 2) = 2 * n ^ 2 := by ring
  have : 2 * k ^ 2 = n ^ 2 :=
    (mul_right_inj' (by norm_num)).mp this
  have : 2 ∣ n := by
    rw [even_iff_not_imp_not_even, not_even_iff]
    exact even_of_even_sqr ▸ dvd_mul_right
  have : 2 ∣ 1 := by
    exact Nat.dvd_gcd (Nat.dvd_mul_right 2 _) (coprime_mn.symm <| Nat.dvd_mul_right _)
  omega
","💥️unknown identifier 'even_iff_not_imp_not_even'

💥️tactic 'rewrite' failed, equality or iff proof expected
  ?m.1072
m n : ℕ
coprime_mn : m.Coprime n
sqr_eq : m ^ 2 = 2 * n ^ 2
⊢ 2 ∣ m

💥️unsolved goals
m n : ℕ
coprime_mn : m.Coprime n
sqr_eq : m ^ 2 = 2 * n ^ 2
this : 2 ∣ m
k : ℕ
meq : m = k * 2
⊢ k ^ 2 * 4 = n ^ 2 * 2

💥️unknown identifier 'even_iff_not_imp_not_even'

💥️tactic 'rewrite' failed, equality or iff proof expected
  ?m.3677
m n : ℕ
coprime_mn : m.Coprime n
sqr_eq : m ^ 2 = 2 * n ^ 2
this✝¹ : 2 ∣ m
k : ℕ
meq : m = k * 2
this✝ : 2 * (2 * k ^ 2) = 2 * n ^ 2
this : 2 * k ^ 2 = n ^ 2
⊢ 2 ∣ n

💥️function expected at
  Nat.Coprime.symm coprime_mn
term has type
  n.Coprime m",False,10,MIL.C05_Elementary_Number_Theory.solutions.Solutions_S01_Irrational_Roots,Llama-8B,LENGTH,best_of_n,False,0,-1.0,t1,False
-1,False,24,"theorem t1 {m n : ℕ} (coprime_mn : m.Coprime n) : m ^ 2 ≠ 2 * n ^ 2 := by
  intro sqr_eq
  have : 2 ∣ m := by
    apply even_of_even_sqr
    rw [sqr_eq]
    apply dvd_mul_right
  obtain ⟨k, meq⟩ := dvd_iff_exists_eq_mul_left.mp this
  have : 2 * (2 * k ^ 2) = 2 * n ^ 2 := by
    rw [← sqr_eq, meq]
    ring
  have : 2 * k ^ 2 = n ^ 2 :=
    (mul_right_inj' (by norm_num)).mp this
  have : 2 ∣ n := by
    apply even_of_even_sqr
    rw [← this]
    apply dvd_mul_right
  have : 2 ∣ m.gcd n := by
    apply Nat.dvd_gcd <;>
    assumption
  have : 2 ∣ 1 := by
    convert this
    symm
    exact coprime_mn
  norm_num at this

",,True,-1,"theorem t1 {m n : ℕ} (coprime_mn : m.Coprime n) : m ^ 2 ≠ 2 * n ^ 2 := by
  intro sqr_eq
  have : 2 ∣ m := by
    apply even_of_even_sqr
    rw [sqr_eq]
    apply dvd_mul_right
  obtain ⟨k, meq⟩ := dvd_iff_exists_eq_mul_left.mp this
  have : 2 * (2 * k ^ 2) = 2 * n ^ 2 := by
    rw [← sqr_eq, meq]
    ring
  have : 2 * k ^ 2 = n ^ 2 := (mul_right_inj' (by norm_num)).mp this
  have : 2 ∣ n := by
    apply even_of_even_sqr
    rw [← this]
    apply dvd_mul_right
  have : 2 ∣ 1 := by
    convert this
    symm
    exact coprime_mn
  omega at this
","💥️type mismatch
  coprime_mn
has type
  m.Coprime n : Prop
but is expected to have type
  n = 1 : Prop",False,10,MIL.C05_Elementary_Number_Theory.solutions.Solutions_S01_Irrational_Roots,Llama-8B,LENGTH,best_of_n,False,0,-1.0,t1,False
-1,False,24,"theorem t1 {m n : ℕ} (coprime_mn : m.Coprime n) : m ^ 2 ≠ 2 * n ^ 2 := by
  intro sqr_eq
  have : 2 ∣ m := by
    apply even_of_even_sqr
    rw [sqr_eq]
    apply dvd_mul_right
  obtain ⟨k, meq⟩ := dvd_iff_exists_eq_mul_left.mp this
  have : 2 * (2 * k ^ 2) = 2 * n ^ 2 := by
    rw [← sqr_eq, meq]
    ring
  have : 2 * k ^ 2 = n ^ 2 :=
    (mul_right_inj' (by norm_num)).mp this
  have : 2 ∣ n := by
    apply even_of_even_sqr
    rw [← this]
    apply dvd_mul_right
  have : 2 ∣ m.gcd n := by
    apply Nat.dvd_gcd <;>
    assumption
  have : 2 ∣ 1 := by
    convert this
    symm
    exact coprime_mn
  norm_num at this

",,True,-1,"theorem t1 {m n : ℕ} (coprime_mn : m.Coprime n) : m ^ 2 ≠ 2 * n ^ 2 := by
  intro sqr_eq
  have : 2 ∣ m := even_of_even_sqr (sqr_eq ▸ dvd_mul_right)
  obtain ⟨k, meq⟩ := dvd_iff_exists_eq_mul_left.mp this
  have : 2 * (2 * k ^ 2) = 2 * n ^ 2 := by
    rw [← sqr_eq, meq]
    ring
  have : 2 * k ^ 2 = n ^ 2 :=
    (mul_right_inj' (by norm_num)).mp this
  have : 2 ∣ n := even_of_even_sqr (by rw [← this])
  have : 2 ∣ 1 := by
    convert this
    symm
    exact coprime_mn
  omega
","💥️type mismatch
  dvd_mul_right
has type
  ∀ (a b : ?m.1073), a ∣ a * b : Prop
but is expected to have type
  2 ∣ 2 * n ^ 2 : Prop

💥️unsolved goals
m n : ℕ
coprime_mn : m.Coprime n
sqr_eq : m ^ 2 = 2 * n ^ 2
this✝¹ : 2 ∣ m
k : ℕ
meq : m = k * 2
this✝ : 2 * (2 * k ^ 2) = 2 * n ^ 2
this : 2 * k ^ 2 = n ^ 2
⊢ 2 ∣ 2 * k ^ 2

💥️type mismatch
  coprime_mn
has type
  m.Coprime n : Prop
but is expected to have type
  n = 1 : Prop",False,10,MIL.C05_Elementary_Number_Theory.solutions.Solutions_S01_Irrational_Roots,Llama-8B,LENGTH,best_of_n,False,0,-1.0,t1,False
-1,False,24,"theorem t1 {m n : ℕ} (coprime_mn : m.Coprime n) : m ^ 2 ≠ 2 * n ^ 2 := by
  intro sqr_eq
  have : 2 ∣ m := by
    apply even_of_even_sqr
    rw [sqr_eq]
    apply dvd_mul_right
  obtain ⟨k, meq⟩ := dvd_iff_exists_eq_mul_left.mp this
  have : 2 * (2 * k ^ 2) = 2 * n ^ 2 := by
    rw [← sqr_eq, meq]
    ring
  have : 2 * k ^ 2 = n ^ 2 :=
    (mul_right_inj' (by norm_num)).mp this
  have : 2 ∣ n := by
    apply even_of_even_sqr
    rw [← this]
    apply dvd_mul_right
  have : 2 ∣ m.gcd n := by
    apply Nat.dvd_gcd <;>
    assumption
  have : 2 ∣ 1 := by
    convert this
    symm
    exact coprime_mn
  norm_num at this

",,True,-1,"theorem t1 {m n : ℕ} (coprime_mn : m.Coprime n) : m ^ 2 ≠ 2 * n ^ 2 := by
  intro h
  have : 2 ∣ m := by
    rw [← even_iff_coe_even, even_monomial_coeff]
  obtain ⟨k, rfl⟩ := Nat.dvd_iff_coe_dvd.mp this
  have : 2 * (2 * k ^ 2) = 2 * n ^ 2 :=
    (mul_right_inj' (by norm_num)).mp (by rw [← h]; ring)
  have : 2 * k ^ 2 = n ^ 2 :=
    mul_left_inj' (by hasProd_nonzero _) this
  have : 2 ∣ n := even_iff_coe_even.mp (dvd_mul_right _ this)
  have : 2 ∣ 1 := by
    rw [← this, Nat.dvd_gcd, coprime_mn]
  iwa [2 ∣ m.gcd n, this] at this


","💥️unknown tactic

💥️unknown identifier 'even_iff_coe_even'

💥️tactic 'rewrite' failed, equality or iff proof expected
  ?m.1072
m n : ℕ
coprime_mn : m.Coprime n
h : m ^ 2 = 2 * n ^ 2
⊢ 2 ∣ m",False,10,MIL.C05_Elementary_Number_Theory.solutions.Solutions_S01_Irrational_Roots,Llama-8B,LENGTH,best_of_n,False,0,-1.0,t1,False
-1,False,28,"theorem t2 {m n p : ℕ} (coprime_mn : m.Coprime n) (prime_p : p.Prime) : m ^ 2 ≠ p * n ^ 2 := by
  intro sqr_eq
  have : p ∣ m := by
    apply prime_p.dvd_of_dvd_pow
    rw [sqr_eq]
    apply dvd_mul_right
  obtain ⟨k, meq⟩ := dvd_iff_exists_eq_mul_left.mp this
  have : p * (p * k ^ 2) = p * n ^ 2 := by
    rw [← sqr_eq, meq]
    ring
  have : p * k ^ 2 = n ^ 2 := by
    apply (mul_right_inj' _).mp this
    exact prime_p.ne_zero
  have : p ∣ n := by
    apply prime_p.dvd_of_dvd_pow
    rw [← this]
    apply dvd_mul_right
  have : p ∣ Nat.gcd m n := by apply Nat.dvd_gcd <;> assumption
  have : p ∣ 1 := by
    convert this
    symm
    exact coprime_mn
  have : 2 ≤ 1 := by
    apply prime_p.two_le.trans
    exact Nat.le_of_dvd zero_lt_one this
  norm_num at this

",,True,-1,"theorem t2 {m n p : ℕ} (coprime_mn : m.Coprime n) (prime_p : p.Prime) : m ^ 2 ≠ p * n ^ 2 := by
  intro sqr_eq
  rw [mod_def, using (dvd_iff_mod_dvd.mul_left (c := m))).1_iff]
  exact ne_of_apply_ne _ sorry
","💥️unexpected token 'using'; expected ']'

💥️unknown identifier 'mod_def'",False,10,MIL.C05_Elementary_Number_Theory.solutions.Solutions_S01_Irrational_Roots,Llama-8B,LENGTH,best_of_n,False,0,-1.0,t2,False
-1,False,28,"theorem t2 {m n p : ℕ} (coprime_mn : m.Coprime n) (prime_p : p.Prime) : m ^ 2 ≠ p * n ^ 2 := by
  intro sqr_eq
  have : p ∣ m := by
    apply prime_p.dvd_of_dvd_pow
    rw [sqr_eq]
    apply dvd_mul_right
  obtain ⟨k, meq⟩ := dvd_iff_exists_eq_mul_left.mp this
  have : p * (p * k ^ 2) = p * n ^ 2 := by
    rw [← sqr_eq, meq]
    ring
  have : p * k ^ 2 = n ^ 2 := by
    apply (mul_right_inj' _).mp this
    exact prime_p.ne_zero
  have : p ∣ n := by
    apply prime_p.dvd_of_dvd_pow
    rw [← this]
    apply dvd_mul_right
  have : p ∣ Nat.gcd m n := by apply Nat.dvd_gcd <;> assumption
  have : p ∣ 1 := by
    convert this
    symm
    exact coprime_mn
  have : 2 ≤ 1 := by
    apply prime_p.two_le.trans
    exact Nat.le_of_dvd zero_lt_one this
  norm_num at this

",,True,-1,"theorem t2 {m n p : ℕ} (coprime_mn : m.Coprime n) (prime_p : p.Prime) : m ^ 2 ≠ p * n ^ 2 := by
  intro h
  have h' := h * p; rw [← h]
  exact (mul_left_ne_self_and_ne_zero_of_dvd _).mp h' <| by
    rw [← h'] * p = h * p * p
    exact h <| by apply dvd_mul_right
","💥️application type mismatch
  HMul.hMul h
argument
  h
has type
  m ^ 2 = p * n ^ 2 : Prop
but is expected to have type
  ℕ : Type",False,10,MIL.C05_Elementary_Number_Theory.solutions.Solutions_S01_Irrational_Roots,Llama-8B,LENGTH,best_of_n,False,0,-1.0,t2,False
-1,False,28,"theorem t2 {m n p : ℕ} (coprime_mn : m.Coprime n) (prime_p : p.Prime) : m ^ 2 ≠ p * n ^ 2 := by
  intro sqr_eq
  have : p ∣ m := by
    apply prime_p.dvd_of_dvd_pow
    rw [sqr_eq]
    apply dvd_mul_right
  obtain ⟨k, meq⟩ := dvd_iff_exists_eq_mul_left.mp this
  have : p * (p * k ^ 2) = p * n ^ 2 := by
    rw [← sqr_eq, meq]
    ring
  have : p * k ^ 2 = n ^ 2 := by
    apply (mul_right_inj' _).mp this
    exact prime_p.ne_zero
  have : p ∣ n := by
    apply prime_p.dvd_of_dvd_pow
    rw [← this]
    apply dvd_mul_right
  have : p ∣ Nat.gcd m n := by apply Nat.dvd_gcd <;> assumption
  have : p ∣ 1 := by
    convert this
    symm
    exact coprime_mn
  have : 2 ≤ 1 := by
    apply prime_p.two_le.trans
    exact Nat.le_of_dvd zero_lt_one this
  norm_num at this

",,True,-1,"theorem t2 {m n p : ℕ} (coprime_mn : m.Coprime n) (prime_p : p.Prime) : m ^ 2 ≠ p * n ^ 2 := by
  intro sqr_eq
  have : p ∣ m := by
    applied prime_p.dvd_of_dvd_pow
    rw [sqr_eq]
    applied dvd_mul_right
  obtain ⟨k, meq⟩ := dvd_iff_exists_eq_mul_left.mp this
  have : p * (p * k ^ 2) = p * n ^ 2 := by
    rw [← sqr_eq, meq]
    ring
  have : p * k ^ 2 = n ^ 2 := by
    apply (mul_right_inj' _).mp this
    exact prime_p.ne_zero
  have : p ∣ n := by
    apply prime_p.dvd_of_dvd_pow
    rw [← this]
    apply dvd_mul_right
  have : p ∣ Nat.gcd m n := by apply Nat.dvd_gcd <;> assumption
  have : p ∣ 1 := by
    convert this
    symm
    exact coprime_mn
  have : 2 ≤ 1 := by
    apply prime_p.two_le.trans
    exact Nat.le_of_dvd zero_lt_one this
  norm_num at this
","💥️unknown tactic

💥️unsolved goals
m n p : ℕ
coprime_mn : m.Coprime n
prime_p : Nat.Prime p
sqr_eq : m ^ 2 = p * n ^ 2
⊢ p ∣ m

💥️unsolved goals
m n p : ℕ
coprime_mn : m.Coprime n
prime_p : Nat.Prime p
sqr_eq : m ^ 2 = p * n ^ 2
this : p ∣ m
⊢ False",False,10,MIL.C05_Elementary_Number_Theory.solutions.Solutions_S01_Irrational_Roots,Llama-8B,LENGTH,best_of_n,False,0,-1.0,t2,False
-1,False,28,"theorem t2 {m n p : ℕ} (coprime_mn : m.Coprime n) (prime_p : p.Prime) : m ^ 2 ≠ p * n ^ 2 := by
  intro sqr_eq
  have : p ∣ m := by
    apply prime_p.dvd_of_dvd_pow
    rw [sqr_eq]
    apply dvd_mul_right
  obtain ⟨k, meq⟩ := dvd_iff_exists_eq_mul_left.mp this
  have : p * (p * k ^ 2) = p * n ^ 2 := by
    rw [← sqr_eq, meq]
    ring
  have : p * k ^ 2 = n ^ 2 := by
    apply (mul_right_inj' _).mp this
    exact prime_p.ne_zero
  have : p ∣ n := by
    apply prime_p.dvd_of_dvd_pow
    rw [← this]
    apply dvd_mul_right
  have : p ∣ Nat.gcd m n := by apply Nat.dvd_gcd <;> assumption
  have : p ∣ 1 := by
    convert this
    symm
    exact coprime_mn
  have : 2 ≤ 1 := by
    apply prime_p.two_le.trans
    exact Nat.le_of_dvd zero_lt_one this
  norm_num at this

",,True,-1,"theorem t2 {m n p : ℕ} (coprime_mn : m.Coprime n) (prime_p : p.Prime) : m ^ 2 ≠ p * n ^ 2 := by
  intro h
  have := p * (p * (dvd_of_prime's c2 h).2) ^ 2
  have := m ^ 2 * (dvd_of_prime's c1 h).2 ^ 2
  exact dvd_comm_of_dvd_mul_right this (dvd_mul_right _ _))
","💥️unknown identifier 'dvd_of_prime's'

💥️unknown identifier 'dvd_of_prime's'

💥️unknown identifier 'dvd_comm_of_dvd_mul_right'",False,10,MIL.C05_Elementary_Number_Theory.solutions.Solutions_S01_Irrational_Roots,Llama-8B,LENGTH,best_of_n,False,0,-1.0,t2,False
-1,False,28,"theorem t2 {m n p : ℕ} (coprime_mn : m.Coprime n) (prime_p : p.Prime) : m ^ 2 ≠ p * n ^ 2 := by
  intro sqr_eq
  have : p ∣ m := by
    apply prime_p.dvd_of_dvd_pow
    rw [sqr_eq]
    apply dvd_mul_right
  obtain ⟨k, meq⟩ := dvd_iff_exists_eq_mul_left.mp this
  have : p * (p * k ^ 2) = p * n ^ 2 := by
    rw [← sqr_eq, meq]
    ring
  have : p * k ^ 2 = n ^ 2 := by
    apply (mul_right_inj' _).mp this
    exact prime_p.ne_zero
  have : p ∣ n := by
    apply prime_p.dvd_of_dvd_pow
    rw [← this]
    apply dvd_mul_right
  have : p ∣ Nat.gcd m n := by apply Nat.dvd_gcd <;> assumption
  have : p ∣ 1 := by
    convert this
    symm
    exact coprime_mn
  have : 2 ≤ 1 := by
    apply prime_p.two_le.trans
    exact Nat.le_of_dvd zero_lt_one this
  norm_num at this

",,True,-1,"theorem t2 {m n p : ℕ} (coprime_mn : m.Coprime n) (prime_p : p.Prime) : m ^ 2 ≠ p * n ^ 2 := by
  intro sqr_eq
  have : p ∣ m := by
    apply prime_p.dvd_of_dvd_pow
    rw [sqr_eq]
    apply dvd_mul_right
  obtain ⟨k, meq⟩ := dvd_iff_exists_eq_mul_left.mp this
  have : p * (p * k ^ 2) = p * n ^ 2 := by
    rw [← sqr_eq, meq]
    ring
  have : p * k ^ 2 = n ^ 2 := by
    apply (mul_right_inj' _).mp this
    exact prime_p.ne_zero
  have : p ∣ n := by
    apply prime_p.dvd_of_dvd_pow
    rw [← this]
    apply dvd_mul_right
  have : p ∣ Nat.gcd m n := by apply Nat.dvd_gcd <;> assumption
  have : p ∣ 1 := by
    exact Nat.dvd_gcd.mpr ⟨p, by rw [← Nat.symm, dvd_mul_left _ _⟩
  have : 2 ≤ 1 := by
    apply prime_p.two_le.trans
    exact Nat.le_of_dvd zero_lt_one this
  omega
","💥️unexpected token '⟩'; expected ']'

💥️invalid field notation, type is not of the form (C ...) where C is a constant
  Nat.dvd_gcd
has type
  ?m.6357 ∣ ?m.6358 → ?m.6357 ∣ ?m.6359 → ?m.6357 ∣ Nat.gcd ?m.6358 ?m.6359

💥️unsolved goals
case intro
m n p : ℕ
coprime_mn : m.Coprime n
prime_p : Nat.Prime p
sqr_eq : m ^ 2 = p * n ^ 2
this✝⁴ : p ∣ m
k : ℕ
meq : m = k * p
this✝³ : p * (p * k ^ 2) = p * n ^ 2
this✝² : p * k ^ 2 = n ^ 2
this✝¹ : p ∣ n
this✝ : p ∣ m.gcd n
this : p ∣ 1
⊢ False",False,10,MIL.C05_Elementary_Number_Theory.solutions.Solutions_S01_Irrational_Roots,Llama-8B,LENGTH,best_of_n,False,0,-1.0,t2,False
-1,False,28,"theorem t2 {m n p : ℕ} (coprime_mn : m.Coprime n) (prime_p : p.Prime) : m ^ 2 ≠ p * n ^ 2 := by
  intro sqr_eq
  have : p ∣ m := by
    apply prime_p.dvd_of_dvd_pow
    rw [sqr_eq]
    apply dvd_mul_right
  obtain ⟨k, meq⟩ := dvd_iff_exists_eq_mul_left.mp this
  have : p * (p * k ^ 2) = p * n ^ 2 := by
    rw [← sqr_eq, meq]
    ring
  have : p * k ^ 2 = n ^ 2 := by
    apply (mul_right_inj' _).mp this
    exact prime_p.ne_zero
  have : p ∣ n := by
    apply prime_p.dvd_of_dvd_pow
    rw [← this]
    apply dvd_mul_right
  have : p ∣ Nat.gcd m n := by apply Nat.dvd_gcd <;> assumption
  have : p ∣ 1 := by
    convert this
    symm
    exact coprime_mn
  have : 2 ≤ 1 := by
    apply prime_p.two_le.trans
    exact Nat.le_of_dvd zero_lt_one this
  norm_num at this

",,True,28,"theorem t2 {m n p : ℕ} (coprime_mn : m.Coprime n) (prime_p : p.Prime) : m ^ 2 ≠ p * n ^ 2 := by
  intro sqr_eq
  have : p ∣ m := by
    apply prime_p.dvd_of_dvd_pow
    rw [sqr_eq]
    apply dvd_mul_right
  obtain ⟨k, meq⟩ := dvd_iff_exists_eq_mul_left.mp this
  have : p * (p * k ^ 2) = p * n ^ 2 := by
    rw [← sqr_eq, meq]
    ring
  have : p * k ^ 2 = n ^ 2 := by
    apply (mul_right_inj' _).mp this
    exact prime_p.ne_zero
  have : p ∣ n := by
    apply prime_p.dvd_of_dvd_pow
    rw [← this]
    apply dvd_mul_right
  have : p ∣ Nat.gcd m n := by apply Nat.dvd_gcd <;> assumption
  have : p ∣ 1 := by
    convert this
    symm
    exact coprime_mn
  have : 2 ≤ 1 := by
    apply prime_p.two_le.trans
    exact Nat.le_of_dvd zero_lt_one this
  norm_num at this
",,True,10,MIL.C05_Elementary_Number_Theory.solutions.Solutions_S01_Irrational_Roots,Llama-8B,LENGTH,best_of_n,False,0,0.0,t2,False
-1,False,28,"theorem t2 {m n p : ℕ} (coprime_mn : m.Coprime n) (prime_p : p.Prime) : m ^ 2 ≠ p * n ^ 2 := by
  intro sqr_eq
  have : p ∣ m := by
    apply prime_p.dvd_of_dvd_pow
    rw [sqr_eq]
    apply dvd_mul_right
  obtain ⟨k, meq⟩ := dvd_iff_exists_eq_mul_left.mp this
  have : p * (p * k ^ 2) = p * n ^ 2 := by
    rw [← sqr_eq, meq]
    ring
  have : p * k ^ 2 = n ^ 2 := by
    apply (mul_right_inj' _).mp this
    exact prime_p.ne_zero
  have : p ∣ n := by
    apply prime_p.dvd_of_dvd_pow
    rw [← this]
    apply dvd_mul_right
  have : p ∣ Nat.gcd m n := by apply Nat.dvd_gcd <;> assumption
  have : p ∣ 1 := by
    convert this
    symm
    exact coprime_mn
  have : 2 ≤ 1 := by
    apply prime_p.two_le.trans
    exact Nat.le_of_dvd zero_lt_one this
  norm_num at this

",,True,-1,"theorem t2 {m n p : ℕ} (coprime_mn : m.Coprime n) (prime_p : p.Prime) : m ^ 2 ≠ p * n ^ 2 := by
  intro sqr_eq
  obtain ⟨k, meq⟩ := dvd_iff_exists_eq_mul_left.mp (dvd_mul_left prime_p (dvd_eq_of_dvd_pow _ _))
  have : p * (p * k ^ 2) = p * n ^ 2 := by
    rw [← sqr_eq, meq]
    ring
  have : p * k ^ 2 = n ^ 2 := by
    apply (mul_right_inj' _).mp this
    exact prime_p.ne_zero
  have : p ∣ n := by
    apply prime_p.dvd_of_dvd_pow
    rw [← this]
    apply dvd_mul_right
  have : p ∣ Nat.gcd m n := by simpa [Nat.dvd_gcd] using this
  have : 2 ≤ 1 := by
    apply prime_p.two_le.trans
    exact Nat.le_of_dvd zero_lt_one this
  norm_num at this


","💥️unknown identifier 'dvd_eq_of_dvd_pow'

💥️application type mismatch
  dvd_mul_left prime_p
argument
  prime_p
has type
  Nat.Prime p : Prop
but is expected to have type
  ?m.4646 : Type ?u.4645",False,10,MIL.C05_Elementary_Number_Theory.solutions.Solutions_S01_Irrational_Roots,Llama-8B,LENGTH,best_of_n,False,0,-1.0,t2,False
-1,False,28,"theorem t2 {m n p : ℕ} (coprime_mn : m.Coprime n) (prime_p : p.Prime) : m ^ 2 ≠ p * n ^ 2 := by
  intro sqr_eq
  have : p ∣ m := by
    apply prime_p.dvd_of_dvd_pow
    rw [sqr_eq]
    apply dvd_mul_right
  obtain ⟨k, meq⟩ := dvd_iff_exists_eq_mul_left.mp this
  have : p * (p * k ^ 2) = p * n ^ 2 := by
    rw [← sqr_eq, meq]
    ring
  have : p * k ^ 2 = n ^ 2 := by
    apply (mul_right_inj' _).mp this
    exact prime_p.ne_zero
  have : p ∣ n := by
    apply prime_p.dvd_of_dvd_pow
    rw [← this]
    apply dvd_mul_right
  have : p ∣ Nat.gcd m n := by apply Nat.dvd_gcd <;> assumption
  have : p ∣ 1 := by
    convert this
    symm
    exact coprime_mn
  have : 2 ≤ 1 := by
    apply prime_p.two_le.trans
    exact Nat.le_of_dvd zero_lt_one this
  norm_num at this

",,True,-1,"theorem t2 {m n p : ℕ} (coprime_mn : m.Coprime n) (prime_p : p.Prime) : m ^ 2 ≠ p * n ^ 2 := by
  intro squared
  have : p ∣ m := by
    apply prime_p.dvd_of_dvd_pow
    rw [squared]
    apply dvd_mul_right
  obtain ⟨k, meq⟩ := dvd_iff_exists_eq_mul_left.mp this
  have : p * (p * k ^ 2) = p * n ^ 2 := by
    rw [← screened by prime_p.ne_zero, ← squared, meq]
    ring
  have : p * k ^ 2 = n ^ 2 := by
    apply (mul_right_inj' _).mp this
    exact prime_p.ne_zero
  have : p ∣ n := by
    apply prime_p.dvd_of_dvd_pow
    rw [← this]
    apply dvd_mul_right
  have : p ∣ Nat.gcd m n := by apply Nat.dvd_gcd <;> assumption
  have : p ∣ 1 := by
    convert this
    symm
    exact coprime_mn
  have : 2 ≤ 1 := by
    apply prime_p.two_le.trans
    exact Nat.le_of_dvd zero_lt_one this
  norm_num at this

","💥️unexpected token 'by'; expected ']'

💥️unknown identifier 'screened'

💥️tactic 'rewrite' failed, equality or iff proof expected
  ?m.5346
m n p : ℕ
coprime_mn : m.Coprime n
prime_p : Nat.Prime p
squared : m ^ 2 = p * n ^ 2
this : p ∣ m
k : ℕ
meq : m = k * p
⊢ p * (p * k ^ 2) = p * n ^ 2

💥️unsolved goals
case intro
m n p : ℕ
coprime_mn : m.Coprime n
prime_p : Nat.Prime p
squared : m ^ 2 = p * n ^ 2
this✝ : p ∣ m
k : ℕ
meq : m = k * p
this : p * (p * k ^ 2) = p * n ^ 2
⊢ False",False,10,MIL.C05_Elementary_Number_Theory.solutions.Solutions_S01_Irrational_Roots,Llama-8B,LENGTH,best_of_n,False,0,-1.0,t2,False
-1,False,28,"theorem t2 {m n p : ℕ} (coprime_mn : m.Coprime n) (prime_p : p.Prime) : m ^ 2 ≠ p * n ^ 2 := by
  intro sqr_eq
  have : p ∣ m := by
    apply prime_p.dvd_of_dvd_pow
    rw [sqr_eq]
    apply dvd_mul_right
  obtain ⟨k, meq⟩ := dvd_iff_exists_eq_mul_left.mp this
  have : p * (p * k ^ 2) = p * n ^ 2 := by
    rw [← sqr_eq, meq]
    ring
  have : p * k ^ 2 = n ^ 2 := by
    apply (mul_right_inj' _).mp this
    exact prime_p.ne_zero
  have : p ∣ n := by
    apply prime_p.dvd_of_dvd_pow
    rw [← this]
    apply dvd_mul_right
  have : p ∣ Nat.gcd m n := by apply Nat.dvd_gcd <;> assumption
  have : p ∣ 1 := by
    convert this
    symm
    exact coprime_mn
  have : 2 ≤ 1 := by
    apply prime_p.two_le.trans
    exact Nat.le_of_dvd zero_lt_one this
  norm_num at this

",,True,-1,"theorem t2 {m n p : ℕ} (coprime_mn : m.Coprime n) (prime_p : p.Prime) : m ^ 2 ≠ p * n ^ 2 := by
  intro sqr_eq
  obtain : p ∣ m := by
    apply prime_p.dvd_of_dvd_pow
    rw [sqr_eq]
    apply dvd_mul_right
  obtain ⟨k, meq⟩ := dvd_iff_exists_eq_mul_left.mp this
  have : p * (p * k ^ 2) = p * n ^ 2 := by
    rw [← sqr_eq, meq]
    ring
  have : p * k ^ 2 = n ^ 2 := by
    apply (mul_right_inj' _).mp this
    exact prime_p.ne_zero
  have : p ∣ n := by
    apply prime_p.dvd_of_dvd_pow
    rw [← this]
    apply dvd_mul_right
  have : p ∣ Nat.gcd m n := by apply Nat.dvd_gcd <;> assumption
  have : p ∣ 1 := by
    convert this
    symm
    exact coprime_mn
  have : 2 ≤ 1 := by
    apply prime_p.two_le.trans
    exact Nat.le_of_dvd zero_lt_one this
  norm_num at this


","💥️unknown identifier 'this'

💥️tactic 'rewrite' failed, pattern is a metavariable
  ?m.4734
from equation
  ?m.4734 = k * ?m.4733
m n p : ℕ
coprime_mn : m.Coprime n
prime_p : Nat.Prime p
sqr_eq : m ^ 2 = p * n ^ 2
x✝ : p ∣ m
k : ℕ
meq : ?m.4734 = k * ?m.4733
⊢ p * (p * k ^ 2) = m ^ 2",False,10,MIL.C05_Elementary_Number_Theory.solutions.Solutions_S01_Irrational_Roots,Llama-8B,LENGTH,best_of_n,False,0,-1.0,t2,False
-1,False,28,"theorem t2 {m n p : ℕ} (coprime_mn : m.Coprime n) (prime_p : p.Prime) : m ^ 2 ≠ p * n ^ 2 := by
  intro sqr_eq
  have : p ∣ m := by
    apply prime_p.dvd_of_dvd_pow
    rw [sqr_eq]
    apply dvd_mul_right
  obtain ⟨k, meq⟩ := dvd_iff_exists_eq_mul_left.mp this
  have : p * (p * k ^ 2) = p * n ^ 2 := by
    rw [← sqr_eq, meq]
    ring
  have : p * k ^ 2 = n ^ 2 := by
    apply (mul_right_inj' _).mp this
    exact prime_p.ne_zero
  have : p ∣ n := by
    apply prime_p.dvd_of_dvd_pow
    rw [← this]
    apply dvd_mul_right
  have : p ∣ Nat.gcd m n := by apply Nat.dvd_gcd <;> assumption
  have : p ∣ 1 := by
    convert this
    symm
    exact coprime_mn
  have : 2 ≤ 1 := by
    apply prime_p.two_le.trans
    exact Nat.le_of_dvd zero_lt_one this
  norm_num at this

",,True,-1,"theorem t2 {m n p : ℕ} (coprime_mn : m.Coprime n) (prime_p : p.Prime) : m ^ 2 ≠ p * n ^ 2 := by
  intro sqr_eq
  have : p ∣ m := by
    convert prime_p.dvd_of_dvd_pow (sqr_eq.mh) using 2
  obtain ⟨k, meq⟩ := dvd_iff_exists_eq_mul_left.mp this
  have : p * (p * k ^ 2) = p * n ^ 2 := by rw [← sqr_eq, meq]; ring
  have : p * k ^ 2 = n ^ 2 := by
    apply (mul_right_inj' _).mp this
    exact prime_p.ne_zero
  have : p ∣ n := by
    convert (prime_p.dvd_of_dvd_pow (← this)).dvd
  have : p ∣ Nat.gcd m n := by apply Nat.dvd_gcd <;> assumption
  have : p ∣ 1 := by
    convert this
    symm
    exact coprime_mn
  have : 2 ≤ 1 := by
    apply prime_p.two_le.trans
    exact Nat.le_of_dvd zero_lt_one this
  norm_num at this


","💥️invalid field 'mh', the environment does not contain 'Eq.mh'
  sqr_eq
has type
  m ^ 2 = p * n ^ 2

💥️unsolved goals
case convert_2
m n p : ℕ
coprime_mn : m.Coprime n
prime_p : Nat.Prime p
sqr_eq : m ^ 2 = p * n ^ 2
⊢ ℕ

💥️invalid use of `(<- ...)`, must be nested inside a 'do' expression",False,10,MIL.C05_Elementary_Number_Theory.solutions.Solutions_S01_Irrational_Roots,Llama-8B,LENGTH,best_of_n,False,0,-1.0,t2,False
-1,False,2,"theorem factorization_mul' {m n : ℕ} (mnez : m ≠ 0) (nnez : n ≠ 0) (p : ℕ) :
    (m * n).factorization p = m.factorization p + n.factorization p := by
  rw [Nat.factorization_mul mnez nnez]
  rfl

",,True,-1,"theorem factorization_mul' {m n : ℕ} (mnez : m ≠ 0) (nnez : n ≠ 0) (p : ℕ) :
    (m * n).factorization p = m.factorization p + n.factorization p := by
  rw [Nat.factorization_mul mnez nnez]
","💥️unsolved goals
m n : ℕ
mnez : m ≠ 0
nnez : n ≠ 0
p : ℕ
⊢ (m.factorization + n.factorization) p = m.factorization p + n.factorization p",False,10,MIL.C05_Elementary_Number_Theory.solutions.Solutions_S01_Irrational_Roots,Llama-8B,LENGTH,best_of_n,False,0,-1.0,factorization_mul',False
-1,False,2,"theorem factorization_mul' {m n : ℕ} (mnez : m ≠ 0) (nnez : n ≠ 0) (p : ℕ) :
    (m * n).factorization p = m.factorization p + n.factorization p := by
  rw [Nat.factorization_mul mnez nnez]
  rfl

",,True,-1,"theorem factorization_mul' {m n : ℕ} (mnez : m ≠ 0) (nnez : n ≠ 0) (p : ℕ) :
    (m * n).factorization p = m.factorization p + n.factorization p := by
  rw [Nat.factorization_mul mnez nnez]
","💥️unsolved goals
m n : ℕ
mnez : m ≠ 0
nnez : n ≠ 0
p : ℕ
⊢ (m.factorization + n.factorization) p = m.factorization p + n.factorization p",False,10,MIL.C05_Elementary_Number_Theory.solutions.Solutions_S01_Irrational_Roots,Llama-8B,LENGTH,best_of_n,False,0,-1.0,factorization_mul',False
-1,False,2,"theorem factorization_mul' {m n : ℕ} (mnez : m ≠ 0) (nnez : n ≠ 0) (p : ℕ) :
    (m * n).factorization p = m.factorization p + n.factorization p := by
  rw [Nat.factorization_mul mnez nnez]
  rfl

",,True,-1,"@[simp] theorem factorization_mul' {m n : ℕ} (mnez : m ≠ 0) (nnez : n ≠ 0) (p : ℕ) :
    (m * n).factorization p = m.factorization p + n.factorization p := by
  rw [Nat.factorization_mul mnez nnez]
","💥️unsolved goals
m n : ℕ
mnez : m ≠ 0
nnez : n ≠ 0
p : ℕ
⊢ (m.factorization + n.factorization) p = m.factorization p + n.factorization p",False,10,MIL.C05_Elementary_Number_Theory.solutions.Solutions_S01_Irrational_Roots,Llama-8B,LENGTH,best_of_n,False,0,-1.0,factorization_mul',False
-1,False,2,"theorem factorization_mul' {m n : ℕ} (mnez : m ≠ 0) (nnez : n ≠ 0) (p : ℕ) :
    (m * n).factorization p = m.factorization p + n.factorization p := by
  rw [Nat.factorization_mul mnez nnez]
  rfl

",,True,-1,"theorem factorization_mul' {m n : ℕ} (mnez : m ≠ 0) (nnez : n ≠ 0) (p : ℕ) :
    (m * n).factorization p = m.factorization p + n.factorization p := by
  rw [Nat.factorization_mul mnez nnez, Finset.range_add_index]
","💥️unknown constant 'Finset.range_add_index'

💥️tactic 'rewrite' failed, equality or iff proof expected
  ?m.8735
m n : ℕ
mnez : m ≠ 0
nnez : n ≠ 0
p : ℕ
⊢ (m.factorization + n.factorization) p = m.factorization p + n.factorization p",False,10,MIL.C05_Elementary_Number_Theory.solutions.Solutions_S01_Irrational_Roots,Llama-8B,LENGTH,best_of_n,False,0,-1.0,factorization_mul',False
-1,False,2,"theorem factorization_mul' {m n : ℕ} (mnez : m ≠ 0) (nnez : n ≠ 0) (p : ℕ) :
    (m * n).factorization p = m.factorization p + n.factorization p := by
  rw [Nat.factorization_mul mnez nnez]
  rfl

",,True,-1,"theorem factorization_mul' {m n : ℕ} (mnez : m ≠ 0) (nnez : n ≠ 0) (p : ℕ) :
    (m * n).factorization p = m.factorization p + n.factorization p :=
  Nat.factorization_mul mnez nnez


","💥️type mismatch
  Nat.factorization_mul mnez nnez
has type
  (m * n).factorization = m.factorization + n.factorization : Prop
but is expected to have type
  (m * n).factorization p = m.factorization p + n.factorization p : Prop",False,10,MIL.C05_Elementary_Number_Theory.solutions.Solutions_S01_Irrational_Roots,Llama-8B,LENGTH,best_of_n,False,0,-1.0,factorization_mul',False
-1,False,2,"theorem factorization_mul' {m n : ℕ} (mnez : m ≠ 0) (nnez : n ≠ 0) (p : ℕ) :
    (m * n).factorization p = m.factorization p + n.factorization p := by
  rw [Nat.factorization_mul mnez nnez]
  rfl

",,True,-1,"@[simp]
theorem factorization_mul' {m n : ℕ} (mnez : m ≠ 0) (nnez : n ≠ 0) (p : ℕ) :
    (m * n).factorization p = m.factorization p + n.factorization p := by
  rw [Nat.factorization_mul mnez nnez]
","💥️unsolved goals
m n : ℕ
mnez : m ≠ 0
nnez : n ≠ 0
p : ℕ
⊢ (m.factorization + n.factorization) p = m.factorization p + n.factorization p",False,10,MIL.C05_Elementary_Number_Theory.solutions.Solutions_S01_Irrational_Roots,Llama-8B,LENGTH,best_of_n,False,0,-1.0,factorization_mul',False
-1,False,2,"theorem factorization_mul' {m n : ℕ} (mnez : m ≠ 0) (nnez : n ≠ 0) (p : ℕ) :
    (m * n).factorization p = m.factorization p + n.factorization p := by
  rw [Nat.factorization_mul mnez nnez]
  rfl

",,True,-1,"#align Nat.factorization_mul Nat.factorization_mul

theorem factorization_mul' {m n : ℕ} (mnez : m ≠ 0) (nmez : n ≠ 0) (p : ℕ) :
    (m * n).factorization p = m.factorization p + n.factorization p :=
  Nat.factorization_mul mnez nmez
","💥️unexpected token '#'; expected command

💥️type mismatch
  Nat.factorization_mul mnez nmez
has type
  (m * n).factorization = m.factorization + n.factorization : Prop
but is expected to have type
  (m * n).factorization p = m.factorization p + n.factorization p : Prop",False,10,MIL.C05_Elementary_Number_Theory.solutions.Solutions_S01_Irrational_Roots,Llama-8B,LENGTH,best_of_n,False,0,-1.0,factorization_mul',False
-1,False,2,"theorem factorization_mul' {m n : ℕ} (mnez : m ≠ 0) (nnez : n ≠ 0) (p : ℕ) :
    (m * n).factorization p = m.factorization p + n.factorization p := by
  rw [Nat.factorization_mul mnez nnez]
  rfl

",,True,-1,"theorem factorization_mul' {m n : ℕ} (mnez : m ≠ 0) (nnez : n ≠ 0) (p : ℕ) :
    (m * n).factorization p = m.factorization p + n.factorization p :=
  Nat.factorization_mul mpez npez (by positivity)
","💥️unknown identifier 'mpez'

💥️unknown identifier 'npez'",False,10,MIL.C05_Elementary_Number_Theory.solutions.Solutions_S01_Irrational_Roots,Llama-8B,LENGTH,best_of_n,False,0,-1.0,factorization_mul',False
-1,False,2,"theorem factorization_mul' {m n : ℕ} (mnez : m ≠ 0) (nnez : n ≠ 0) (p : ℕ) :
    (m * n).factorization p = m.factorization p + n.factorization p := by
  rw [Nat.factorization_mul mnez nnez]
  rfl

",,True,-1,"theorem factorization_mul' {m n : ℕ} (mnez : m ≠ 0) (nnez : n ≠ 0) (p : ℕ) :
    (m * n).factorization p = m.factorization p + n.factorization p :=
  Nat.factorization_mul mnez nnez


","💥️type mismatch
  Nat.factorization_mul mnez nnez
has type
  (m * n).factorization = m.factorization + n.factorization : Prop
but is expected to have type
  (m * n).factorization p = m.factorization p + n.factorization p : Prop",False,10,MIL.C05_Elementary_Number_Theory.solutions.Solutions_S01_Irrational_Roots,Llama-8B,LENGTH,best_of_n,False,0,-1.0,factorization_mul',False
-1,False,2,"theorem factorization_mul' {m n : ℕ} (mnez : m ≠ 0) (nnez : n ≠ 0) (p : ℕ) :
    (m * n).factorization p = m.factorization p + n.factorization p := by
  rw [Nat.factorization_mul mnez nnez]
  rfl

",,True,-1,"theorem factorization_mul' {m n : ℕ} (mnez : m ≠ 0) (nnez : n ≠ 0) (p : ℕ) :
    (m * n).factorization p = m.factorization p + n.factorization p :=
  Nat.factorization_mul mnez nnez


","💥️type mismatch
  Nat.factorization_mul mnez nnez
has type
  (m * n).factorization = m.factorization + n.factorization : Prop
but is expected to have type
  (m * n).factorization p = m.factorization p + n.factorization p : Prop",False,10,MIL.C05_Elementary_Number_Theory.solutions.Solutions_S01_Irrational_Roots,Llama-8B,LENGTH,best_of_n,False,0,-1.0,factorization_mul',False
-1,False,2,"theorem factorization_pow' (n k p : ℕ) :
    (n ^ k).factorization p = k * n.factorization p := by
  rw [Nat.factorization_pow]
  rfl

",,True,2,"theorem factorization_pow' (n k p : ℕ) :
    (n ^ k).factorization p = k * n.factorization p := by
  rw [Nat.factorization_pow]
  rfl
",,True,10,MIL.C05_Elementary_Number_Theory.solutions.Solutions_S01_Irrational_Roots,Llama-8B,LENGTH,best_of_n,False,0,0.0,factorization_pow',False
-1,False,2,"theorem factorization_pow' (n k p : ℕ) :
    (n ^ k).factorization p = k * n.factorization p := by
  rw [Nat.factorization_pow]
  rfl

",,True,-1,"theorem factorization_pow' (n k p : ℕ) :
    (n ^ k).factorization p = k * n.factorization p :=
  by rw [Nat.factorization_pow, Finset.prod_eq]
","💥️unknown constant 'Finset.prod_eq'

💥️tactic 'rewrite' failed, equality or iff proof expected
  ?m.8980
n k p : ℕ
⊢ (k • n.factorization) p = k * n.factorization p",False,10,MIL.C05_Elementary_Number_Theory.solutions.Solutions_S01_Irrational_Roots,Llama-8B,LENGTH,best_of_n,False,0,-1.0,factorization_pow',False
-1,False,2,"theorem factorization_pow' (n k p : ℕ) :
    (n ^ k).factorization p = k * n.factorization p := by
  rw [Nat.factorization_pow]
  rfl

",,True,-1,"theorem factorization_pow' (n k p : ℕ) :
    (n ^ k).factorization p = k * n.factorization p := by
  rw [Nat.factorization_pow, star_id_of_comm]
","💥️tactic 'rewrite' failed, did not find instance of the pattern in the target expression
  star ?m.8980
n k p : ℕ
⊢ (k • n.factorization) p = k * n.factorization p",False,10,MIL.C05_Elementary_Number_Theory.solutions.Solutions_S01_Irrational_Roots,Llama-8B,LENGTH,best_of_n,False,0,-1.0,factorization_pow',False
-1,False,2,"theorem factorization_pow' (n k p : ℕ) :
    (n ^ k).factorization p = k * n.factorization p := by
  rw [Nat.factorization_pow]
  rfl

",,True,-1,"theorem factorization_pow' (n k p : ℕ) :
    (n ^ k).factorization p = k * n.factorization p := by
  rw [Nat.factorization_pow]
","💥️unsolved goals
n k p : ℕ
⊢ (k • n.factorization) p = k * n.factorization p",False,10,MIL.C05_Elementary_Number_Theory.solutions.Solutions_S01_Irrational_Roots,Llama-8B,LENGTH,best_of_n,False,0,-1.0,factorization_pow',False
-1,False,2,"theorem factorization_pow' (n k p : ℕ) :
    (n ^ k).factorization p = k * n.factorization p := by
  rw [Nat.factorization_pow]
  rfl

",,True,-1,"theorem factorization_pow' (n k p : ℕ) :
    (n ^ k).factorization p = k * n.factorization p :=
  Nat.factorization_pow _ _ _
","💥️function expected at
  Nat.factorization_pow ?m.8960 ?m.8961
term has type
  (?m.8960 ^ ?m.8961).factorization = ?m.8961 • Nat.factorization ?m.8960",False,10,MIL.C05_Elementary_Number_Theory.solutions.Solutions_S01_Irrational_Roots,Llama-8B,LENGTH,best_of_n,False,0,-1.0,factorization_pow',False
-1,False,2,"theorem factorization_pow' (n k p : ℕ) :
    (n ^ k).factorization p = k * n.factorization p := by
  rw [Nat.factorization_pow]
  rfl

",,True,-1,"theorem factorization_pow' (n k p : ℕ) :
    (n ^ k).factorization p = k * n.factorization p :=
  Nat.factorization_pow


","💥️type mismatch
  Nat.factorization_pow
has type
  ∀ (n k : ℕ), (n ^ k).factorization = k • n.factorization : Prop
but is expected to have type
  (n ^ k).factorization p = k * n.factorization p : Prop",False,10,MIL.C05_Elementary_Number_Theory.solutions.Solutions_S01_Irrational_Roots,Llama-8B,LENGTH,best_of_n,False,0,-1.0,factorization_pow',False
-1,False,2,"theorem factorization_pow' (n k p : ℕ) :
    (n ^ k).factorization p = k * n.factorization p := by
  rw [Nat.factorization_pow]
  rfl

",,True,-1,"theorem factorization_pow' (n k p : ℕ) :
    (n ^ k).factorization p = k * n.factorization p := by
  rw [← Nat.factorization_iff_factorization_pow]
","💥️unknown constant 'Nat.factorization_iff_factorization_pow'

💥️tactic 'rewrite' failed, equality or iff proof expected
  ?m.8962
n k p : ℕ
⊢ (n ^ k).factorization p = k * n.factorization p",False,10,MIL.C05_Elementary_Number_Theory.solutions.Solutions_S01_Irrational_Roots,Llama-8B,LENGTH,best_of_n,False,0,-1.0,factorization_pow',False
-1,False,2,"theorem factorization_pow' (n k p : ℕ) :
    (n ^ k).factorization p = k * n.factorization p := by
  rw [Nat.factorization_pow]
  rfl

",,True,-1,"theorem factorization_pow' (n k p : ℕ) :
    (n ^ k).factorization p = k * n.factorization p :=
  toGeneralizationOfEq (theorem rfl) (by omega) (by omega)
","💥️unexpected token 'theorem'; expected ')', '↑', '↥', '⇑' or term",False,10,MIL.C05_Elementary_Number_Theory.solutions.Solutions_S01_Irrational_Roots,Llama-8B,LENGTH,best_of_n,False,0,-1.0,factorization_pow',False
-1,False,2,"theorem factorization_pow' (n k p : ℕ) :
    (n ^ k).factorization p = k * n.factorization p := by
  rw [Nat.factorization_pow]
  rfl

",,True,2,"theorem factorization_pow' (n k p : ℕ) :
    (n ^ k).factorization p = k * n.factorization p := by
  rw [Nat.factorization_pow]
  rfl
",,True,10,MIL.C05_Elementary_Number_Theory.solutions.Solutions_S01_Irrational_Roots,Llama-8B,LENGTH,best_of_n,False,0,0.0,factorization_pow',False
-1,False,2,"theorem factorization_pow' (n k p : ℕ) :
    (n ^ k).factorization p = k * n.factorization p := by
  rw [Nat.factorization_pow]
  rfl

",,True,2,"theorem factorization_pow' (n k p : ℕ) :
    (n ^ k).factorization p = k * n.factorization p := by
  rw [Nat.factorization_pow]
  rfl
",,True,10,MIL.C05_Elementary_Number_Theory.solutions.Solutions_S01_Irrational_Roots,Llama-8B,LENGTH,best_of_n,False,0,0.0,factorization_pow',False
-1,False,11,"theorem t3 {m n p : ℕ} (nnz : n ≠ 0) (prime_p : p.Prime) : m ^ 2 ≠ p * n ^ 2 := by
  intro sqr_eq
  have nsqr_nez : n ^ 2 ≠ 0 := by simpa
  have eq1 : Nat.factorization (m ^ 2) p = 2 * m.factorization p := by
    rw [factorization_pow']
  have eq2 : (p * n ^ 2).factorization p = 2 * n.factorization p + 1 := by
    rw [factorization_mul' prime_p.ne_zero nsqr_nez, prime_p.factorization', factorization_pow',
      add_comm]
  have : 2 * m.factorization p % 2 = (2 * n.factorization p + 1) % 2 := by
    rw [← eq1, sqr_eq, eq2]
  rw [add_comm, Nat.add_mul_mod_self_left, Nat.mul_mod_right] at this
  norm_num at this

",,True,-1,"theorem t3 {m n p : ℕ} (nnz : n ≠ 0) (prime_p : p.Prime) : m ^ 2 ≠ p * n ^ 2 :=
  (not_iff_not.mp ha).sqrt <| by
    rw [← ha, sqrt_eq_mul_of_non_zero nnnz, sqrt_mul_self] at ha ⊢
    exact ha
",💥️unknown identifier 'ha',False,10,MIL.C05_Elementary_Number_Theory.solutions.Solutions_S01_Irrational_Roots,Llama-8B,LENGTH,best_of_n,False,0,-1.0,t3,False
-1,False,11,"theorem t3 {m n p : ℕ} (nnz : n ≠ 0) (prime_p : p.Prime) : m ^ 2 ≠ p * n ^ 2 := by
  intro sqr_eq
  have nsqr_nez : n ^ 2 ≠ 0 := by simpa
  have eq1 : Nat.factorization (m ^ 2) p = 2 * m.factorization p := by
    rw [factorization_pow']
  have eq2 : (p * n ^ 2).factorization p = 2 * n.factorization p + 1 := by
    rw [factorization_mul' prime_p.ne_zero nsqr_nez, prime_p.factorization', factorization_pow',
      add_comm]
  have : 2 * m.factorization p % 2 = (2 * n.factorization p + 1) % 2 := by
    rw [← eq1, sqr_eq, eq2]
  rw [add_comm, Nat.add_mul_mod_self_left, Nat.mul_mod_right] at this
  norm_num at this

",,True,-1,"theorem t3 {m n p : ℕ} (nnz : n ≠ 0) (prime_p : p.Prime) : m ^ 2 ≠ p * n ^ 2 := by
  intro sqr_eq
  have eq1 : Nat.factorization (m ^ 2) p = 2 * m.factorization p := by rw [factorization_pow']
  have eq2 : (p * n ^ 2).factorization p = 2 * n.factorization p + 1 := by
    rw [factorization_mul' prime_p.ne_zero (Nat.pos_of_ne_zero n), prime_p.factorization', factorization_pow',
      add_comm]
  have : 2 * m.factorization p % 2 = (2 * n.factorization p + 1) % 2 := by
    rw [← eq1, sqrt_eq, eq2]
  rw [add_comm, Nat.add_mul_mod_self_left, Nat.mul_mod_right] at this
  norm_num at this


","💥️application type mismatch
  Nat.pos_of_ne_zero n
argument
  n
has type
  ℕ : Type
but is expected to have type
  ?m.10872 ≠ 0 : Prop

💥️unknown identifier 'sqrt_eq'

💥️tactic 'rewrite' failed, equality or iff proof expected
  ?m.11636
m n p : ℕ
nnz : n ≠ 0
prime_p : Nat.Prime p
sqr_eq : m ^ 2 = p * n ^ 2
eq1 : (m ^ 2).factorization p = 2 * m.factorization p
eq2 : (p * n ^ 2).factorization p = 2 * n.factorization p + 1
⊢ (m ^ 2).factorization p % 2 = (2 * n.factorization p + 1) % 2",False,10,MIL.C05_Elementary_Number_Theory.solutions.Solutions_S01_Irrational_Roots,Llama-8B,LENGTH,best_of_n,False,0,-1.0,t3,False
-1,False,11,"theorem t3 {m n p : ℕ} (nnz : n ≠ 0) (prime_p : p.Prime) : m ^ 2 ≠ p * n ^ 2 := by
  intro sqr_eq
  have nsqr_nez : n ^ 2 ≠ 0 := by simpa
  have eq1 : Nat.factorization (m ^ 2) p = 2 * m.factorization p := by
    rw [factorization_pow']
  have eq2 : (p * n ^ 2).factorization p = 2 * n.factorization p + 1 := by
    rw [factorization_mul' prime_p.ne_zero nsqr_nez, prime_p.factorization', factorization_pow',
      add_comm]
  have : 2 * m.factorization p % 2 = (2 * n.factorization p + 1) % 2 := by
    rw [← eq1, sqr_eq, eq2]
  rw [add_comm, Nat.add_mul_mod_self_left, Nat.mul_mod_right] at this
  norm_num at this

",,True,-1,"theorem t3 {m n p : ℕ} (nnz : n ≠ 0) (prime_p : p.Prime) : m ^ 2 ≠ p * n ^ 2 :=
  (^NeZero n).symm <| by simpa [semirpow_eq_pow, not_div, not_mul, ¬ Not.elim _ _] using
    p.decreasing_norm ?_ <| by simpa using semirpow_eq_pow


","💥️unexpected token '^'; expected ')', '_', '↑', '↥', '⇑', identifier or term",False,10,MIL.C05_Elementary_Number_Theory.solutions.Solutions_S01_Irrational_Roots,Llama-8B,LENGTH,best_of_n,False,0,-1.0,t3,False
-1,False,11,"theorem t3 {m n p : ℕ} (nnz : n ≠ 0) (prime_p : p.Prime) : m ^ 2 ≠ p * n ^ 2 := by
  intro sqr_eq
  have nsqr_nez : n ^ 2 ≠ 0 := by simpa
  have eq1 : Nat.factorization (m ^ 2) p = 2 * m.factorization p := by
    rw [factorization_pow']
  have eq2 : (p * n ^ 2).factorization p = 2 * n.factorization p + 1 := by
    rw [factorization_mul' prime_p.ne_zero nsqr_nez, prime_p.factorization', factorization_pow',
      add_comm]
  have : 2 * m.factorization p % 2 = (2 * n.factorization p + 1) % 2 := by
    rw [← eq1, sqr_eq, eq2]
  rw [add_comm, Nat.add_mul_mod_self_left, Nat.mul_mod_right] at this
  norm_num at this

",,True,-1,"theorem t3 {m n p : ℕ} (nnz : n ≠ 0) (prime_p : p.Prime) : m ^ 2 ≠ p * n ^ 2 := by
  simpa only [← Nat.mul_div_eq_mul_mod_divices] using nnnz.fun_comp _
","💥️unknown constant 'Nat.mul_div_eq_mul_mod_divices'

💥️unknown identifier 'nnnz.fun_comp'",False,10,MIL.C05_Elementary_Number_Theory.solutions.Solutions_S01_Irrational_Roots,Llama-8B,LENGTH,best_of_n,False,0,-1.0,t3,False
-1,False,11,"theorem t3 {m n p : ℕ} (nnz : n ≠ 0) (prime_p : p.Prime) : m ^ 2 ≠ p * n ^ 2 := by
  intro sqr_eq
  have nsqr_nez : n ^ 2 ≠ 0 := by simpa
  have eq1 : Nat.factorization (m ^ 2) p = 2 * m.factorization p := by
    rw [factorization_pow']
  have eq2 : (p * n ^ 2).factorization p = 2 * n.factorization p + 1 := by
    rw [factorization_mul' prime_p.ne_zero nsqr_nez, prime_p.factorization', factorization_pow',
      add_comm]
  have : 2 * m.factorization p % 2 = (2 * n.factorization p + 1) % 2 := by
    rw [← eq1, sqr_eq, eq2]
  rw [add_comm, Nat.add_mul_mod_self_left, Nat.mul_mod_right] at this
  norm_num at this

",,True,12,"theorem t3 {m n p : ℕ} (nnz : n ≠ 0) (prime_p : p.Prime) : m ^ 2 ≠ p * n ^ 2 := by
  intro sqr_eq
  have nsqr_nez : n ^ 2 ≠ 0 := by simpa
  have eq1 : Nat.factorization (m ^ 2) p = 2 * m.factorization p := by
    rw [factorization_pow']
  have eq2 : (p * n ^ 2).factorization p = 2 * n.factorization p + 1 := by
    rw [factorization_mul' prime_p.ne_zero nsqr_nez, prime_p.factorization', factorization_pow',
      add_comm]
  have : 2 * m.factorization p % 2 = (2 * n.factorization p + 1) % 2 := by
    rw [← eq1, sqr_eq, eq2]
  specialize this
  rw [add_comm, Nat.add_mul_mod_self_left, Nat.mul_mod_right] at this
  norm_num at this

",,True,10,MIL.C05_Elementary_Number_Theory.solutions.Solutions_S01_Irrational_Roots,Llama-8B,LENGTH,best_of_n,False,0,-0.090909,t3,False
-1,False,11,"theorem t3 {m n p : ℕ} (nnz : n ≠ 0) (prime_p : p.Prime) : m ^ 2 ≠ p * n ^ 2 := by
  intro sqr_eq
  have nsqr_nez : n ^ 2 ≠ 0 := by simpa
  have eq1 : Nat.factorization (m ^ 2) p = 2 * m.factorization p := by
    rw [factorization_pow']
  have eq2 : (p * n ^ 2).factorization p = 2 * n.factorization p + 1 := by
    rw [factorization_mul' prime_p.ne_zero nsqr_nez, prime_p.factorization', factorization_pow',
      add_comm]
  have : 2 * m.factorization p % 2 = (2 * n.factorization p + 1) % 2 := by
    rw [← eq1, sqr_eq, eq2]
  rw [add_comm, Nat.add_mul_mod_self_left, Nat.mul_mod_right] at this
  norm_num at this

",,True,-1,"theorem t3 {m n p : ℕ} (nnz : n ≠ 0) (prime_p : p.Prime) : m ^ 2 ≠ p * n ^ 2 := by
  intro sqr_eq
  have : p * n ^ 2 = 0 → p = 0 → n = 0 := by
    rw [mul_left_mem_nonzero, not_or_not_left_iff]
  have display : p * n ^ 2 ≠ 0 → p ≠ 0
  have h1 : m ^ 2 % p ≠ 0 → m % p ≠ 0
  rw [← eq1, eq2, sqrt_eq] at h1 ⊢
  exact h1
","💥️unknown identifier 'mul_left_mem_nonzero'

💥️tactic 'rewrite' failed, equality or iff proof expected
  ?m.10137
m n p : ℕ
nnz : n ≠ 0
prime_p : Nat.Prime p
sqr_eq : m ^ 2 = p * n ^ 2
⊢ p * n ^ 2 = 0 → p = 0 → n = 0

💥️unknown identifier 'h1'",False,10,MIL.C05_Elementary_Number_Theory.solutions.Solutions_S01_Irrational_Roots,Llama-8B,LENGTH,best_of_n,False,0,-1.0,t3,False
-1,False,11,"theorem t3 {m n p : ℕ} (nnz : n ≠ 0) (prime_p : p.Prime) : m ^ 2 ≠ p * n ^ 2 := by
  intro sqr_eq
  have nsqr_nez : n ^ 2 ≠ 0 := by simpa
  have eq1 : Nat.factorization (m ^ 2) p = 2 * m.factorization p := by
    rw [factorization_pow']
  have eq2 : (p * n ^ 2).factorization p = 2 * n.factorization p + 1 := by
    rw [factorization_mul' prime_p.ne_zero nsqr_nez, prime_p.factorization', factorization_pow',
      add_comm]
  have : 2 * m.factorization p % 2 = (2 * n.factorization p + 1) % 2 := by
    rw [← eq1, sqr_eq, eq2]
  rw [add_comm, Nat.add_mul_mod_self_left, Nat.mul_mod_right] at this
  norm_num at this

",,True,-1,"theorem t3 {m n p : ℕ} (nnz : n ≠ 0) (prime_p : p.Prime) : m ^ 2 ≠ p * n ^ 2 := by
  intro sqr_eq
  have nsqr_nez : n ^ 2 ≠ 0 := by simpa
  have eq1 : Nat.factorization (m ^ 2) p = 2 * m.factorization p := by rw [factorization_pow']
  have eq2 : (p * n ^ 2).factorization p = 2 * n.factorization p + 1 := by
    rw [factorization_mul' prime_p.ne_zero nsqr_nez, prime_p.factorization', factorization_pow',
      add_comm]
  have : 2 * m.factorization p % 2 = (2 * n.factorization p + 1) % 2 := by rw [eq1, sqrt_eq, eq2]
  omega


","💥️tactic 'rewrite' failed, did not find instance of the pattern in the target expression
  (m ^ 2).factorization p
m n p : ℕ
nnz : n ≠ 0
prime_p : Nat.Prime p
sqr_eq : m ^ 2 = p * n ^ 2
nsqr_nez : n ^ 2 ≠ 0
eq1 : (m ^ 2).factorization p = 2 * m.factorization p
eq2 : (p * n ^ 2).factorization p = 2 * n.factorization p + 1
⊢ 2 * m.factorization p % 2 = (2 * n.factorization p + 1) % 2",False,10,MIL.C05_Elementary_Number_Theory.solutions.Solutions_S01_Irrational_Roots,Llama-8B,LENGTH,best_of_n,False,0,-1.0,t3,False
-1,False,11,"theorem t3 {m n p : ℕ} (nnz : n ≠ 0) (prime_p : p.Prime) : m ^ 2 ≠ p * n ^ 2 := by
  intro sqr_eq
  have nsqr_nez : n ^ 2 ≠ 0 := by simpa
  have eq1 : Nat.factorization (m ^ 2) p = 2 * m.factorization p := by
    rw [factorization_pow']
  have eq2 : (p * n ^ 2).factorization p = 2 * n.factorization p + 1 := by
    rw [factorization_mul' prime_p.ne_zero nsqr_nez, prime_p.factorization', factorization_pow',
      add_comm]
  have : 2 * m.factorization p % 2 = (2 * n.factorization p + 1) % 2 := by
    rw [← eq1, sqr_eq, eq2]
  rw [add_comm, Nat.add_mul_mod_self_left, Nat.mul_mod_right] at this
  norm_num at this

",,True,-1,"theorem t3 {m n p : ℕ} (nnz : n ≠ 0) (prime_p : p.Prime) : m ^ 2 ≠ p * n ^ 2 :=
  m ^ 2 ≠ p * n ^ 2 ⇨ Nat.factorization (m ^ 2) p ≠ 2 * n.factorization p + 1
  simpa [sqr_eq, power_factorization] using this


/-!
### Criteria for and consequences of certain types of congrargements

We relate congrargements of power functions with bounds on their outputs.
-/

./!>
theorem t3 {m n p : ℕ} (nnz : n ≠ 0) (prime_p : p.Prime) : m ^ 2 ≠ p * n ^ 2 := by
  rintro rfl
  have nsqr_nez : n ^ 2 ≠ 0 := by simpa
  have eq1 : Nat.factorization (m ^ 2) p = 2 * m.factorization p := by
    rw [factorization_pow']
  have eq2 : (p * n ^ 2).factorization p = 2 * n.factorization p + 1 := by
    rw [factorization_mul' prime_p.ne_zero nsqr_nez, prime_p.factorization', factorization_pow',
      add_comm]
  have : 2 * m.factorization p % 2 = (2 * n.factorization p + 1) % 2 := by
    rw [← eq1, rfl] at eq2
  omega
","💥️failed to synthesize
  HImp ℕ
Additional diagnostic information may be available using the `set_option diagnostics true` command.",False,10,MIL.C05_Elementary_Number_Theory.solutions.Solutions_S01_Irrational_Roots,Llama-8B,LENGTH,best_of_n,False,0,-1.0,t3,False
-1,False,11,"theorem t3 {m n p : ℕ} (nnz : n ≠ 0) (prime_p : p.Prime) : m ^ 2 ≠ p * n ^ 2 := by
  intro sqr_eq
  have nsqr_nez : n ^ 2 ≠ 0 := by simpa
  have eq1 : Nat.factorization (m ^ 2) p = 2 * m.factorization p := by
    rw [factorization_pow']
  have eq2 : (p * n ^ 2).factorization p = 2 * n.factorization p + 1 := by
    rw [factorization_mul' prime_p.ne_zero nsqr_nez, prime_p.factorization', factorization_pow',
      add_comm]
  have : 2 * m.factorization p % 2 = (2 * n.factorization p + 1) % 2 := by
    rw [← eq1, sqr_eq, eq2]
  rw [add_comm, Nat.add_mul_mod_self_left, Nat.mul_mod_right] at this
  norm_num at this

",,True,11,"theorem t3 {m n p : ℕ} (nnz : n ≠ 0) (prime_p : p.Prime) : m ^ 2 ≠ p * n ^ 2 := by
  intro sqr_eq
  have nsqr_nez : n ^ 2 ≠ 0 := by simpa
  have eq1 : Nat.factorization (m ^ 2) p = 2 * m.factorization p := by
    rw [factorization_pow']
  have eq2 : (p * n ^ 2).factorization p = 2 * n.factorization p + 1 := by
    rw [factorization_mul' prime_p.ne_zero nsqr_nez, prime_p.factorization', factorization_pow',
      add_comm]
  have : 2 * m.factorization p % 2 = (2 * n.factorization p + 1) % 2 := by
    rw [← eq1, sqr_eq, eq2]
  rw [add_comm, Nat.add_mul_mod_self_left, Nat.mul_mod_right] at this
  norm_num at this


",,True,10,MIL.C05_Elementary_Number_Theory.solutions.Solutions_S01_Irrational_Roots,Llama-8B,LENGTH,best_of_n,False,0,0.0,t3,False
-1,False,11,"theorem t3 {m n p : ℕ} (nnz : n ≠ 0) (prime_p : p.Prime) : m ^ 2 ≠ p * n ^ 2 := by
  intro sqr_eq
  have nsqr_nez : n ^ 2 ≠ 0 := by simpa
  have eq1 : Nat.factorization (m ^ 2) p = 2 * m.factorization p := by
    rw [factorization_pow']
  have eq2 : (p * n ^ 2).factorization p = 2 * n.factorization p + 1 := by
    rw [factorization_mul' prime_p.ne_zero nsqr_nez, prime_p.factorization', factorization_pow',
      add_comm]
  have : 2 * m.factorization p % 2 = (2 * n.factorization p + 1) % 2 := by
    rw [← eq1, sqr_eq, eq2]
  rw [add_comm, Nat.add_mul_mod_self_left, Nat.mul_mod_right] at this
  norm_num at this

",,True,-1,"theorem t3 {m n p : ℕ} (nnz : n ≠ 0) (prime_p : p.Prime) : m ^ 2 ≠ p * n ^ 2 := by
  intro sqr_eq
  have nsqr_nez : n ^ 2 ≠ 0 := by simpa
  have eq1 : Nat.factorization (m ^ 2) p = 2 * m.factorization p := by
    rw [factorization_pow']
  have eq2 : (p * n ^ 2).factorization p = 2 * n.factorization p + 1 := by
    rw [factorization_mul' prime_p.ne_zero nsqr_nez, prime_p.factorization', factorization_pow',
      add_comm]
  simpa using congr_arg _ (by rw [eq1, sqrt_eq, eq2])
","💥️tactic 'rewrite' failed, did not find instance of the pattern in the target expression
  (m ^ 2).factorization p
m n p : ℕ
nnz : n ≠ 0
prime_p : Nat.Prime p
sqr_eq : m ^ 2 = p * n ^ 2
nsqr_nez : n ^ 2 ≠ 0
eq1 : (m ^ 2).factorization p = 2 * m.factorization p
eq2 : (p * n ^ 2).factorization p = 2 * n.factorization p + 1
⊢ ?m.11354 = ?m.11355",False,10,MIL.C05_Elementary_Number_Theory.solutions.Solutions_S01_Irrational_Roots,Llama-8B,LENGTH,best_of_n,False,0,-1.0,t3,False
-1,False,13,"theorem t4 {m n k r : ℕ} (nnz : n ≠ 0) (pow_eq : m ^ k = r * n ^ k) {p : ℕ} :
    k ∣ r.factorization p := by
  rcases r with _ | r
  · simp
  have npow_nz : n ^ k ≠ 0 := fun npowz ↦ nnz (pow_eq_zero npowz)
  have eq1 : (m ^ k).factorization p = k * m.factorization p := by
    rw [factorization_pow']
  have eq2 : ((r + 1) * n ^ k).factorization p =
      k * n.factorization p + (r + 1).factorization p := by
    rw [factorization_mul' r.succ_ne_zero npow_nz, factorization_pow', add_comm]
  have : r.succ.factorization p = k * m.factorization p - k * n.factorization p := by
    rw [← eq1, pow_eq, eq2, add_comm, Nat.add_sub_cancel]
  rw [this]
  apply Nat.dvd_sub' <;>
  apply Nat.dvd_mul_right

",,True,-1,"theorem t4 {m n k r : ℕ} (nnz : n ≠ 0) (pow_eq : m ^ k = r * n ^ k) {p : ℕ} :
    k ∣ r.factorization p := by
  rcases r with _ | r
  · simp
  have : r = m ^ k / n ^ k := by rw [pow_eq, Nat.cast_pos]; exact cast_id
  have : k ∣ r.factorization p := k.dvd_of_dvd (r.factorization p) id (this ▸ k.dvd_mul_right r n.n>
","💥️unexpected end of input

💥️tactic 'rewrite' failed, did not find instance of the pattern in the target expression
  0 < ↑?m.13160
m n k : ℕ
nnz : n ≠ 0
p r : ℕ
pow_eq : m ^ k = (r + 1) * n ^ k
⊢ r = (r + 1) * n ^ k / n ^ k

💥️invalid field 'dvd_of_dvd', the environment does not contain 'Nat.dvd_of_dvd'
  k
has type
  ℕ

💥️unsolved goals
case succ
m n k : ℕ
nnz : n ≠ 0
p r : ℕ
pow_eq : m ^ k = (r + 1) * n ^ k
this✝ : r = m ^ k / n ^ k
this : k ∣ r.factorization p
⊢ k ∣ (r + 1).factorization p",False,10,MIL.C05_Elementary_Number_Theory.solutions.Solutions_S01_Irrational_Roots,Llama-8B,LENGTH,best_of_n,False,0,-1.0,t4,False
-1,False,13,"theorem t4 {m n k r : ℕ} (nnz : n ≠ 0) (pow_eq : m ^ k = r * n ^ k) {p : ℕ} :
    k ∣ r.factorization p := by
  rcases r with _ | r
  · simp
  have npow_nz : n ^ k ≠ 0 := fun npowz ↦ nnz (pow_eq_zero npowz)
  have eq1 : (m ^ k).factorization p = k * m.factorization p := by
    rw [factorization_pow']
  have eq2 : ((r + 1) * n ^ k).factorization p =
      k * n.factorization p + (r + 1).factorization p := by
    rw [factorization_mul' r.succ_ne_zero npow_nz, factorization_pow', add_comm]
  have : r.succ.factorization p = k * m.factorization p - k * n.factorization p := by
    rw [← eq1, pow_eq, eq2, add_comm, Nat.add_sub_cancel]
  rw [this]
  apply Nat.dvd_sub' <;>
  apply Nat.dvd_mul_right

",,True,-1,"theorem t4 {m n k r : ℕ} (nnz : n ≠ 0) (pow_eq : m ^ k = r * n ^ k) {p : ℕ} :
    k ∣ r.factorization p := by
  rcases r with _ | r
  · simp
  have eq1 : (m ^ k).factorization p = k * m.factorization p := by rw [factorization_pow']
  have eq2 : ((r + 1) * n ^ k).factorization p =
      k * n.factorization p + (r + 1).factorization p := by
    rw [factorization_mul' r.succ_ne_zero n.succ_ne_zero, eq1, eq2]
  have : r.succ.factorization p = k * m.factorization p - k * n.factorization p := by
    rw [← eq1, pow_eq, eq2, add_comm, Nat.add_sub_cancel]
  rw [this]
  apply Nat.dvd_sub' <;>
  apply Nat.dvd_mul_right


","💥️tactic 'rewrite' failed, did not find instance of the pattern in the target expression
  (r.succ * n.succ).factorization ?p
m n k : ℕ
nnz : n ≠ 0
p r : ℕ
pow_eq : m ^ k = (r + 1) * n ^ k
eq1 : (m ^ k).factorization p = k * m.factorization p
⊢ ((r + 1) * n ^ k).factorization p = k * n.factorization p + (r + 1).factorization p",False,10,MIL.C05_Elementary_Number_Theory.solutions.Solutions_S01_Irrational_Roots,Llama-8B,LENGTH,best_of_n,False,0,-1.0,t4,False
-1,False,13,"theorem t4 {m n k r : ℕ} (nnz : n ≠ 0) (pow_eq : m ^ k = r * n ^ k) {p : ℕ} :
    k ∣ r.factorization p := by
  rcases r with _ | r
  · simp
  have npow_nz : n ^ k ≠ 0 := fun npowz ↦ nnz (pow_eq_zero npowz)
  have eq1 : (m ^ k).factorization p = k * m.factorization p := by
    rw [factorization_pow']
  have eq2 : ((r + 1) * n ^ k).factorization p =
      k * n.factorization p + (r + 1).factorization p := by
    rw [factorization_mul' r.succ_ne_zero npow_nz, factorization_pow', add_comm]
  have : r.succ.factorization p = k * m.factorization p - k * n.factorization p := by
    rw [← eq1, pow_eq, eq2, add_comm, Nat.add_sub_cancel]
  rw [this]
  apply Nat.dvd_sub' <;>
  apply Nat.dvd_mul_right

",,True,-1,"theorem t4 {m n k r : ℕ} (nnz : n ≠ 0) (pow_eq : m ^ k = r * n ^ k) {p : ℕ} :
    k ∣ r.factorization p := by
  rcases r with _ | r
  · simp
  have npow_nz : n ^ k ≠ 0 := fun npowz ↦ nnz (pow_eq_zero npowz)
  have eq1 : (m ^ k).factorization p = k * m.factorization p := by rw [factorization_pow']
  have eq2 : ((r + 1) * n ^ k).factorization p =
      k * n.factorization p + (r + 1).factorization p := by
    rw [factorization_mul' r.succ_ne_zero npow_nz, factorization_pow', add_comm]
  have : r.succ.factorization p = k * m.factorization p - k * n.factorization p := by
    rw [← eq1, pow_eq, eq2]
    linear_combination��
  rw [this]
  apply Nat.dvd_sub' <;>
  apply Nat.dvd_mul_right


","💥️ring failed, ring expressions not equal
m n k : ℕ
nnz : n ≠ 0
p r : ℕ
pow_eq : m ^ k = (r + 1) * n ^ k
npow_nz : n ^ k ≠ 0
eq1 : (m ^ k).factorization p = k * m.factorization p
eq2 : ((r + 1) * n ^ k).factorization p = k * n.factorization p + (r + 1).factorization p
⊢ r.succ.factorization p = k * n.factorization p + (r + 1).factorization p - k * n.factorization p

💥️unsolved goals
case succ
m n k : ℕ
nnz : n ≠ 0
p r : ℕ
pow_eq : m ^ k = (r + 1) * n ^ k
npow_nz : n ^ k ≠ 0
eq1 : (m ^ k).factorization p = k * m.factorization p
eq2 : ((r + 1) * n ^ k).factorization p = k * n.factorization p + (r + 1).factorization p
this : r.succ.factorization p = k * m.factorization p - k * n.factorization p
⊢ k ∣ (r + 1).factorization p",False,10,MIL.C05_Elementary_Number_Theory.solutions.Solutions_S01_Irrational_Roots,Llama-8B,LENGTH,best_of_n,False,0,-1.0,t4,False
-1,False,13,"theorem t4 {m n k r : ℕ} (nnz : n ≠ 0) (pow_eq : m ^ k = r * n ^ k) {p : ℕ} :
    k ∣ r.factorization p := by
  rcases r with _ | r
  · simp
  have npow_nz : n ^ k ≠ 0 := fun npowz ↦ nnz (pow_eq_zero npowz)
  have eq1 : (m ^ k).factorization p = k * m.factorization p := by
    rw [factorization_pow']
  have eq2 : ((r + 1) * n ^ k).factorization p =
      k * n.factorization p + (r + 1).factorization p := by
    rw [factorization_mul' r.succ_ne_zero npow_nz, factorization_pow', add_comm]
  have : r.succ.factorization p = k * m.factorization p - k * n.factorization p := by
    rw [← eq1, pow_eq, eq2, add_comm, Nat.add_sub_cancel]
  rw [this]
  apply Nat.dvd_sub' <;>
  apply Nat.dvd_mul_right

",,True,-1,"theorem t4 {m n k r : ℕ} (nnz : n ≠ 0) (pow_eq : m ^ k = r * n ^ k) {p : ℕ} :
    k ∣ r.factorization p := by
  rcases r with _ | r
  · simp
  have eq1 : (m ^ k).factorization p = k * m.factorization p := by
    rw [pow.factorization_eq]
  have eq2 : ((r + 1) * n ^ k).factorization p =
      k * n.factorization p + (r + 1).factorization p := by
    rw [mul_left_mem_nonzero r, eq2, add_comm]
  have : r.succ.factorization p = k * m.factorization p - k * n.factorization p := by
    rw [← eq1, pow_eq, eq2, add_comm, Nat.add_sub_cancel]
  rw [this]
  apply Nat.dvd_sub' <;>
  apply Nat.dvd_mul_right


","💥️unknown identifier 'pow.factorization_eq'

💥️tactic 'rewrite' failed, equality or iff proof expected
  ?m.13202
m n k : ℕ
nnz : n ≠ 0
p r : ℕ
pow_eq : m ^ k = (r + 1) * n ^ k
⊢ (m ^ k).factorization p = k * m.factorization p

💥️unknown identifier 'mul_left_mem_nonzero'

💥️tactic 'rewrite' failed, equality or iff proof expected
  ?m.13578
m n k : ℕ
nnz : n ≠ 0
p r : ℕ
pow_eq : m ^ k = (r + 1) * n ^ k
eq1 : (m ^ k).factorization p = k * m.factorization p
⊢ ((r + 1) * n ^ k).factorization p = k * n.factorization p + (r + 1).factorization p",False,10,MIL.C05_Elementary_Number_Theory.solutions.Solutions_S01_Irrational_Roots,Llama-8B,LENGTH,best_of_n,False,0,-1.0,t4,False
-1,False,13,"theorem t4 {m n k r : ℕ} (nnz : n ≠ 0) (pow_eq : m ^ k = r * n ^ k) {p : ℕ} :
    k ∣ r.factorization p := by
  rcases r with _ | r
  · simp
  have npow_nz : n ^ k ≠ 0 := fun npowz ↦ nnz (pow_eq_zero npowz)
  have eq1 : (m ^ k).factorization p = k * m.factorization p := by
    rw [factorization_pow']
  have eq2 : ((r + 1) * n ^ k).factorization p =
      k * n.factorization p + (r + 1).factorization p := by
    rw [factorization_mul' r.succ_ne_zero npow_nz, factorization_pow', add_comm]
  have : r.succ.factorization p = k * m.factorization p - k * n.factorization p := by
    rw [← eq1, pow_eq, eq2, add_comm, Nat.add_sub_cancel]
  rw [this]
  apply Nat.dvd_sub' <;>
  apply Nat.dvd_mul_right

",,True,-1,"theorem t4 {m n k r : ℕ} (nnz : n ≠ 0) (pow_eq : m ^ k = r * n ^ k) {p : ℕ} :
    k ∣ r.factorization p := by
  rcases r with _ | r
  · simp
  have npow_nz : n ^ k ≠ 0 := fun npowz ↦ nnz (pow_eq_zero npowz)
  have eq1 : (m ^ k).factorization p = k * m.factorization p := by
    rw [factorization_pow']
  have eq2 : ((r + 1) * n ^ k).factorization p =
      k * n.factorization p + (r + 1).factorization p := by
    rw [factorization_mul' r.succ_ne_zero npow_nz, pow_eq, eq2, add_comm, Nat.add_sub_cancel]
  have : r.succ.factorization p = k * m.factorization p - k * n.factorization p := by
    rw [← eq1, pow_eq, eq2, add_comm, Nat.add_sub_cancel]
  rw [this]
  apply Nat.dvd_sub' <;>
  apply Nat.dvd_mul_right


","💥️tactic 'rewrite' failed, did not find instance of the pattern in the target expression
  m ^ k
m n k : ℕ
nnz : n ≠ 0
p r : ℕ
pow_eq : m ^ k = (r + 1) * n ^ k
npow_nz : n ^ k ≠ 0
eq1 : (m ^ k).factorization p = k * m.factorization p
⊢ r.succ.factorization p + (n ^ k).factorization p = k * n.factorization p + (r + 1).factorization p",False,10,MIL.C05_Elementary_Number_Theory.solutions.Solutions_S01_Irrational_Roots,Llama-8B,LENGTH,best_of_n,False,0,-1.0,t4,False
-1,False,13,"theorem t4 {m n k r : ℕ} (nnz : n ≠ 0) (pow_eq : m ^ k = r * n ^ k) {p : ℕ} :
    k ∣ r.factorization p := by
  rcases r with _ | r
  · simp
  have npow_nz : n ^ k ≠ 0 := fun npowz ↦ nnz (pow_eq_zero npowz)
  have eq1 : (m ^ k).factorization p = k * m.factorization p := by
    rw [factorization_pow']
  have eq2 : ((r + 1) * n ^ k).factorization p =
      k * n.factorization p + (r + 1).factorization p := by
    rw [factorization_mul' r.succ_ne_zero npow_nz, factorization_pow', add_comm]
  have : r.succ.factorization p = k * m.factorization p - k * n.factorization p := by
    rw [← eq1, pow_eq, eq2, add_comm, Nat.add_sub_cancel]
  rw [this]
  apply Nat.dvd_sub' <;>
  apply Nat.dvd_mul_right

",,True,-1,"theorem t4 {m n k r : ℕ} (nnz : n ≠ 0) (pow_eq : m ^ k = r * n ^ k) {p : ℕ} :
    k ∣ r.factorization p := by
  rcases r with _ | r
  · simp
  have npow_nz : n ^ k ≠ 0 := fun npowz ↦ nnz (pow_eq_zero npowz)
  have eq1 : (m ^ k).factorization p = k * m.factorization p := by rw [factorization_pow']
  have eq2 : ((r + 1) * n ^ k).factorization p =
      k * n.factorization p + (r + 1).factorization p := by
    rw [factorization_mul' r.succ_ne_zero npow_nz, eq1, pow_eq, positivity]
  have : r.succ.factorization p = k * m.factorization p - k * n.factorization p := by
    rw [← eq1, pow_eq, eq2, add_comm, Nat.add_sub_cancel]
  rw [this]
  apply Nat.dvd_sub' <;>
  apply Nat.dvd_mul_right


","💥️tactic 'rewrite' failed, did not find instance of the pattern in the target expression
  (m ^ k).factorization p
m n k : ℕ
nnz : n ≠ 0
p r : ℕ
pow_eq : m ^ k = (r + 1) * n ^ k
npow_nz : n ^ k ≠ 0
eq1 : (m ^ k).factorization p = k * m.factorization p
⊢ r.succ.factorization p + (n ^ k).factorization p = k * n.factorization p + (r + 1).factorization p",False,10,MIL.C05_Elementary_Number_Theory.solutions.Solutions_S01_Irrational_Roots,Llama-8B,LENGTH,best_of_n,False,0,-1.0,t4,False
-1,False,13,"theorem t4 {m n k r : ℕ} (nnz : n ≠ 0) (pow_eq : m ^ k = r * n ^ k) {p : ℕ} :
    k ∣ r.factorization p := by
  rcases r with _ | r
  · simp
  have npow_nz : n ^ k ≠ 0 := fun npowz ↦ nnz (pow_eq_zero npowz)
  have eq1 : (m ^ k).factorization p = k * m.factorization p := by
    rw [factorization_pow']
  have eq2 : ((r + 1) * n ^ k).factorization p =
      k * n.factorization p + (r + 1).factorization p := by
    rw [factorization_mul' r.succ_ne_zero npow_nz, factorization_pow', add_comm]
  have : r.succ.factorization p = k * m.factorization p - k * n.factorization p := by
    rw [← eq1, pow_eq, eq2, add_comm, Nat.add_sub_cancel]
  rw [this]
  apply Nat.dvd_sub' <;>
  apply Nat.dvd_mul_right

",,True,-1,"theorem t4 {m n k r : ℕ} (nnz : n ≠ 0) (pow_eq : m ^ k = r * n ^ k) {p : ℕ} :
    k ∣ r.factorization p := by
  rcases r with _ | r
  · simp
  have eq1 : (m ^ k).factorization p = k * m.factorization p := by
    rw [factorization_pow']
  rw [ess_eq_mul_add_div, ← eq1, pow_eq, eq1]
  exact Nat.dvd_add_left (Nat.dvd_mul_right k n _) <| (r + 1).dvd (by rw [r.as_tower_add_singleton_succ])

","💥️unknown identifier 'ess_eq_mul_add_div'

💥️tactic 'rewrite' failed, equality or iff proof expected
  ?m.13222
case succ
m n k : ℕ
nnz : n ≠ 0
p r : ℕ
pow_eq : m ^ k = (r + 1) * n ^ k
eq1 : (m ^ k).factorization p = k * m.factorization p
⊢ k ∣ (r + 1).factorization p",False,10,MIL.C05_Elementary_Number_Theory.solutions.Solutions_S01_Irrational_Roots,Llama-8B,LENGTH,best_of_n,False,0,-1.0,t4,False
-1,False,13,"theorem t4 {m n k r : ℕ} (nnz : n ≠ 0) (pow_eq : m ^ k = r * n ^ k) {p : ℕ} :
    k ∣ r.factorization p := by
  rcases r with _ | r
  · simp
  have npow_nz : n ^ k ≠ 0 := fun npowz ↦ nnz (pow_eq_zero npowz)
  have eq1 : (m ^ k).factorization p = k * m.factorization p := by
    rw [factorization_pow']
  have eq2 : ((r + 1) * n ^ k).factorization p =
      k * n.factorization p + (r + 1).factorization p := by
    rw [factorization_mul' r.succ_ne_zero npow_nz, factorization_pow', add_comm]
  have : r.succ.factorization p = k * m.factorization p - k * n.factorization p := by
    rw [← eq1, pow_eq, eq2, add_comm, Nat.add_sub_cancel]
  rw [this]
  apply Nat.dvd_sub' <;>
  apply Nat.dvd_mul_right

",,True,-1,"theorem t4 {m n k r : ℕ} (nnz : n ≠ 0) (pow_eq : m ^ k = r * n ^ k) {p : ℕ} :
    k ∣ r.factorization p := by
  rcases r with _ | r
  · simp
  have npow_nz : n ^ k ≠ 0 := fun npowz ↦ nnz (pow_eq_zero npowz)
  have eq1 : (m ^ k).factorization p = k * m.factorization p := by
    rw [factorization_pow']
  have eq2 : ((r + 1) * n ^ k).factorization p =
      k * n.factorization p + (r + 1).factorization p := by
    rw [factorization_mul' r.succ_ne_zero npow_nz, factorization_pow', add_comm]
  have : r.succ.factorization p = k * m.factorization p - k * n.factorization p := by
    rw [← eq1, pow_eq, eq2]
  exact Nat.dvd_sub' (this k)
","💥️unsolved goals
m n k : ℕ
nnz : n ≠ 0
p r : ℕ
pow_eq : m ^ k = (r + 1) * n ^ k
npow_nz : n ^ k ≠ 0
eq1 : (m ^ k).factorization p = k * m.factorization p
eq2 : ((r + 1) * n ^ k).factorization p = k * n.factorization p + (r + 1).factorization p
⊢ r.succ.factorization p = k * n.factorization p + (r + 1).factorization p - k * n.factorization p

💥️function expected at
  this
term has type
  r.succ.factorization p = k * m.factorization p - k * n.factorization p",False,10,MIL.C05_Elementary_Number_Theory.solutions.Solutions_S01_Irrational_Roots,Llama-8B,LENGTH,best_of_n,False,0,-1.0,t4,False
-1,False,13,"theorem t4 {m n k r : ℕ} (nnz : n ≠ 0) (pow_eq : m ^ k = r * n ^ k) {p : ℕ} :
    k ∣ r.factorization p := by
  rcases r with _ | r
  · simp
  have npow_nz : n ^ k ≠ 0 := fun npowz ↦ nnz (pow_eq_zero npowz)
  have eq1 : (m ^ k).factorization p = k * m.factorization p := by
    rw [factorization_pow']
  have eq2 : ((r + 1) * n ^ k).factorization p =
      k * n.factorization p + (r + 1).factorization p := by
    rw [factorization_mul' r.succ_ne_zero npow_nz, factorization_pow', add_comm]
  have : r.succ.factorization p = k * m.factorization p - k * n.factorization p := by
    rw [← eq1, pow_eq, eq2, add_comm, Nat.add_sub_cancel]
  rw [this]
  apply Nat.dvd_sub' <;>
  apply Nat.dvd_mul_right

",,True,13,"theorem t4 {m n k r : ℕ} (nnz : n ≠ 0) (pow_eq : m ^ k = r * n ^ k) {p : ℕ} :
    k ∣ r.factorization p := by
  rcases r with _ | r
  · simp
  have eq1 : (m ^ k).factorization p = k * m.factorization p := by
    rw [factorization_pow']
  have eq2 : ((r + 1) * n ^ k).factorization p =
      k * n.factorization p + (r + 1).factorization p := by
    rw [factorization_mul' r.succ_ne_zero (by positivity), factorization_pow', add_comm]
  have : r.succ.factorization p = k * m.factorization p - k * n.factorization p := by
    rw [← eq1, pow_eq, eq2, add_comm, Nat.add_sub_cancel]
  rw [this]
  apply Nat.dvd_sub' <;>
  apply Nat.dvd_mul_right


",,True,10,MIL.C05_Elementary_Number_Theory.solutions.Solutions_S01_Irrational_Roots,Llama-8B,LENGTH,best_of_n,False,0,0.0,t4,False
-1,False,13,"theorem t4 {m n k r : ℕ} (nnz : n ≠ 0) (pow_eq : m ^ k = r * n ^ k) {p : ℕ} :
    k ∣ r.factorization p := by
  rcases r with _ | r
  · simp
  have npow_nz : n ^ k ≠ 0 := fun npowz ↦ nnz (pow_eq_zero npowz)
  have eq1 : (m ^ k).factorization p = k * m.factorization p := by
    rw [factorization_pow']
  have eq2 : ((r + 1) * n ^ k).factorization p =
      k * n.factorization p + (r + 1).factorization p := by
    rw [factorization_mul' r.succ_ne_zero npow_nz, factorization_pow', add_comm]
  have : r.succ.factorization p = k * m.factorization p - k * n.factorization p := by
    rw [← eq1, pow_eq, eq2, add_comm, Nat.add_sub_cancel]
  rw [this]
  apply Nat.dvd_sub' <;>
  apply Nat.dvd_mul_right

",,True,-1,"theorem t4 {m n k r : ℕ} (nnz : n ≠ 0) (pow_eq : m ^ k = r * n ^ k) {p : ℕ} :
    k ∣ r.factorization p := by
  rcases r with _ | r
  · simp
  have h : (m ^ k).factorization p = k * m.factorization p := by rw [factorization_pow']
  have hh : ((r + 1) * n ^ k).factorization p =
      k * n.factorization p + (r + 1).factorization p := by
    rw [factorization_mul' r.succ_ne_zero (by positivity), factorization_pow', add_comm]
  have : r.succ.factorization p = h - k * n.factorization p := by
    rw [← h, pow_eq, hh, add_comm, Nat.add_sub_cancel]
  apply this ▸ Nat.dvd_sub' (by positivity) <;> apply Nat.dvd_mul_right


","💥️application type mismatch
  HSub.hSub h
argument
  h
has type
  (m ^ k).factorization p = k * m.factorization p : Prop
but is expected to have type
  ℕ : Type",False,10,MIL.C05_Elementary_Number_Theory.solutions.Solutions_S01_Irrational_Roots,Llama-8B,LENGTH,best_of_n,False,0,-1.0,t4,False
-1,False,13,"def conjugate {G : Type*} [Group G] (x : G) (H : Subgroup G) : Subgroup G where
  carrier := {a : G | ∃ h, h ∈ H ∧ a = x * h * x⁻¹}
  one_mem' := by
    dsimp
    use 1
    constructor
    exact H.one_mem
    group
  inv_mem' := by
    dsimp
    rintro - ⟨h, h_in, rfl⟩
    use h⁻¹, H.inv_mem h_in
    group
  mul_mem' := by
    dsimp
    rintro - - ⟨h, h_in, rfl⟩ ⟨k, k_in, rfl⟩
    use h*k, H.mul_mem h_in k_in
    group

",,True,-1,"def conjugate {G : Type*} [Group G] (x : G) (H : Subgroup G) : Subgroup G where
  __ := {a : G | ∃ h, h ∈ H ∧ a = x * h * x⁻¹}
  one_mem' := by
    dsimp
    use 1
    exact ⟨H.one_mem, group⟩
  inv_mem' := by
    dsimp
    rintro - ⟨h, h_in, rfl⟩
    exact ⟨h⁻¹, H.inv_mem h_in, group⟩
  mul_mem' := by
    dsimp
    rintro - - ⟨h, h_in, rfl⟩ ⟨k, k_in, rfl⟩
    exact ⟨h*k, H.mul_mem h_in k_in, group⟩


",💥️expected structure,False,10,MIL.C08_Groups_and_Rings.solutions.Solutions_S01_Groups,Llama-8B,LENGTH,best_of_n,False,0,-1.0,CH08.conjugate,False
-1,False,13,"def conjugate {G : Type*} [Group G] (x : G) (H : Subgroup G) : Subgroup G where
  carrier := {a : G | ∃ h, h ∈ H ∧ a = x * h * x⁻¹}
  one_mem' := by
    dsimp
    use 1
    constructor
    exact H.one_mem
    group
  inv_mem' := by
    dsimp
    rintro - ⟨h, h_in, rfl⟩
    use h⁻¹, H.inv_mem h_in
    group
  mul_mem' := by
    dsimp
    rintro - - ⟨h, h_in, rfl⟩ ⟨k, k_in, rfl⟩
    use h*k, H.mul_mem h_in k_in
    group

",,True,-1,"def conjugate {G : Type*} [Group G] (x : G) (H : Subgroup G) : Subgroup G where
  __ := {a : G | ∃ h, h ∈ H ∧ a = x * h * x⁻¹}
  one_mem' := by
    dsimp
    exact ⟨1, H.one_mem, by simp [mul_mem' 1 (H one_mem)]⟩
  inv_mem' := by
    dsimp
    rintro - ⟨h, h_in, rfl⟩
    exact ⟨h⁻¹, H.inv_mem h_in, by simp [mul_mem' h⁻¹ (H one_mem)]⟩
  mul_mem' := by
    dsimp
    rintro - - ⟨h, h_in, rfl⟩ ⟨k, k_in, rfl⟩
    exact ⟨h*k, H.mul_mem h_in k_in, by simp [mul_mem' (h * k) (H one_mem)]⟩
",💥️expected structure,False,10,MIL.C08_Groups_and_Rings.solutions.Solutions_S01_Groups,Llama-8B,LENGTH,best_of_n,False,0,-1.0,CH08.conjugate,False
-1,False,13,"def conjugate {G : Type*} [Group G] (x : G) (H : Subgroup G) : Subgroup G where
  carrier := {a : G | ∃ h, h ∈ H ∧ a = x * h * x⁻¹}
  one_mem' := by
    dsimp
    use 1
    constructor
    exact H.one_mem
    group
  inv_mem' := by
    dsimp
    rintro - ⟨h, h_in, rfl⟩
    use h⁻¹, H.inv_mem h_in
    group
  mul_mem' := by
    dsimp
    rintro - - ⟨h, h_in, rfl⟩ ⟨k, k_in, rfl⟩
    use h*k, H.mul_mem h_in k_in
    group

",,True,-1,"def conjugate {G : Type*} [Group G] (x : G) (H : Subgroup G) : Subgroup G where
  __ := Subgroup.ext fun a ↦ by
      obtain ⟨a, h, xh⟩ := exists_and_left_of_lt_of_mem ⟨1, xh, 1⟩ H one_mem'
      exact ⟨a, h, xh⟩
  inv_mem' := fun h₀ h₁ ↦ by
    obtain ⟨a, h, h₀, h₁⟩ := exists_and_left_of_lt_of_mem h₀ h₁ H inv_mem'
      exact ⟨a, h, h₀, fun k h₂ h₃ ↦ h * h₂ * h₃⟩
  mul_mem' := fun _ a h₁ h₂ ↦ by
    obtain ⟨a, h, h₁, h₂⟩ := exists_and_left_of_lt_of_mem h₁ h₂ H mul_mem'
      exact ⟨a, h, fun k h₂ h₃ ↦ h * h₂ * h₃⟩


","💥️'Eq' is not a structure

💥️unknown identifier 'exists_and_left_of_lt_of_mem'

💥️rcases tactic failed: x✝ : ?m.300 is not an inductive datatype",False,10,MIL.C08_Groups_and_Rings.solutions.Solutions_S01_Groups,Llama-8B,LENGTH,best_of_n,False,0,-1.0,CH08.conjugate,False
-1,False,13,"def conjugate {G : Type*} [Group G] (x : G) (H : Subgroup G) : Subgroup G where
  carrier := {a : G | ∃ h, h ∈ H ∧ a = x * h * x⁻¹}
  one_mem' := by
    dsimp
    use 1
    constructor
    exact H.one_mem
    group
  inv_mem' := by
    dsimp
    rintro - ⟨h, h_in, rfl⟩
    use h⁻¹, H.inv_mem h_in
    group
  mul_mem' := by
    dsimp
    rintro - - ⟨h, h_in, rfl⟩ ⟨k, k_in, rfl⟩
    use h*k, H.mul_mem h_in k_in
    group

",,True,-1,"def conjugate {G : Type*} [Group G] (x : G) (H : Subgroup G) : Subgroup G where
  __ := H.carrier
  one_mem' := by
    dsimp
    exact ⟨1, H.one_mem, by simp⟩
  inv_mem' := by
    dsimp
    rintro - ⟨h, h_in, rfl⟩
    exact ⟨h⁻¹, H.inv_mem h_in, by simp⟩
  mul_mem' := by
    dsimp
    rintro - ⟨h, h_in, rfl⟩ ⟨k, k_in, rfl⟩
    exact ⟨h*k, H.mul_mem h_in k_in, by simp⟩


",💥️expected structure,False,10,MIL.C08_Groups_and_Rings.solutions.Solutions_S01_Groups,Llama-8B,LENGTH,best_of_n,False,0,-1.0,CH08.conjugate,False
-1,False,13,"def conjugate {G : Type*} [Group G] (x : G) (H : Subgroup G) : Subgroup G where
  carrier := {a : G | ∃ h, h ∈ H ∧ a = x * h * x⁻¹}
  one_mem' := by
    dsimp
    use 1
    constructor
    exact H.one_mem
    group
  inv_mem' := by
    dsimp
    rintro - ⟨h, h_in, rfl⟩
    use h⁻¹, H.inv_mem h_in
    group
  mul_mem' := by
    dsimp
    rintro - - ⟨h, h_in, rfl⟩ ⟨k, k_in, rfl⟩
    use h*k, H.mul_mem h_in k_in
    group

",,True,-1,"def conjugate {G : Type*} [Group G] (x : G) (H : Subgroup G) : Subgroup G where
  __ := Subgroup.ext_iff.2 ⟨x, H.1⟩
  inv_mem' := fun h ↦ H.inv_mem h.2
  mul_mem' := fun h₁ h₂ ↦ H.mul_mem h₁ h₂
  one_mem' := ⟨1, H.1⟩ (by simp)
","💥️invalid constructor ⟨...⟩, expected type must be an inductive type 
  ∀ (x : ?m.30), x ∈ ?m.97 ↔ x ∈ ?m.98

💥️'Eq' is not a structure",False,10,MIL.C08_Groups_and_Rings.solutions.Solutions_S01_Groups,Llama-8B,LENGTH,best_of_n,False,0,-1.0,CH08.conjugate,False
-1,False,13,"def conjugate {G : Type*} [Group G] (x : G) (H : Subgroup G) : Subgroup G where
  carrier := {a : G | ∃ h, h ∈ H ∧ a = x * h * x⁻¹}
  one_mem' := by
    dsimp
    use 1
    constructor
    exact H.one_mem
    group
  inv_mem' := by
    dsimp
    rintro - ⟨h, h_in, rfl⟩
    use h⁻¹, H.inv_mem h_in
    group
  mul_mem' := by
    dsimp
    rintro - - ⟨h, h_in, rfl⟩ ⟨k, k_in, rfl⟩
    use h*k, H.mul_mem h_in k_in
    group

",,True,-1,"def conjugate {G : Type*} [Group G] (x : G) (H : Subgroup G) : Subgroup G where
  __ := by
    simp_rw [memₗ, memᵣ, exists_prop, id_comp, preimage_update, Subgroup.well
      (lm := (x * h).symm; h median prop.
      (h * x ≠ x; ) (h * x = x * h * x⁻¹)))]
  one_mem' := by
    dsimp
    use 1
    constructor
    exact H.one_mem
    group
  inv_mem' := by
    dsimp
    rintro - ⟨h, h_in, rfl⟩
    exact ⟨h⁻¹, H.inv_mem h_in⟩
  mul_mem' := by
    dsimp
    rintro - - ⟨h, h_in, rfl⟩ ⟨k, k_in, rfl⟩
    exact ⟨h*k, H.mul_mem h_in k_in⟩
","💥️unexpected token ';'; expected ')'

💥️unknown identifier 'memₗ'",False,10,MIL.C08_Groups_and_Rings.solutions.Solutions_S01_Groups,Llama-8B,LENGTH,best_of_n,False,0,-1.0,CH08.conjugate,False
-1,False,13,"def conjugate {G : Type*} [Group G] (x : G) (H : Subgroup G) : Subgroup G where
  carrier := {a : G | ∃ h, h ∈ H ∧ a = x * h * x⁻¹}
  one_mem' := by
    dsimp
    use 1
    constructor
    exact H.one_mem
    group
  inv_mem' := by
    dsimp
    rintro - ⟨h, h_in, rfl⟩
    use h⁻¹, H.inv_mem h_in
    group
  mul_mem' := by
    dsimp
    rintro - - ⟨h, h_in, rfl⟩ ⟨k, k_in, rfl⟩
    use h*k, H.mul_mem h_in k_in
    group

",,True,-1,"theorem conjugate : Type* [Group G] (x : G) (H : Subgroup G) : Subgroup G where
  __ := Subgroup.ext fun a ↦
        a = x * h * x⁻¹ ↔ h ∈ H ∧ a = x * h * x⁻¹ := by
    rw [mul_assoc, mul_inv_cancel] at this
    exact this ↔ h ∈ H.ext
","💥️unexpected token ':'; expected ':=', 'where' or '|'

💥️function expected at
  Type u_1
term has type
  Type (u_1 + 1)",False,10,MIL.C08_Groups_and_Rings.solutions.Solutions_S01_Groups,Llama-8B,LENGTH,best_of_n,False,0,-1.0,CH08.conjugate,False
-1,False,13,"def conjugate {G : Type*} [Group G] (x : G) (H : Subgroup G) : Subgroup G where
  carrier := {a : G | ∃ h, h ∈ H ∧ a = x * h * x⁻¹}
  one_mem' := by
    dsimp
    use 1
    constructor
    exact H.one_mem
    group
  inv_mem' := by
    dsimp
    rintro - ⟨h, h_in, rfl⟩
    use h⁻¹, H.inv_mem h_in
    group
  mul_mem' := by
    dsimp
    rintro - - ⟨h, h_in, rfl⟩ ⟨k, k_in, rfl⟩
    use h*k, H.mul_mem h_in k_in
    group

",,True,-1,"def conjugate {G : Type*} [Group G] (x : G) (H : Subgroup G) : Subgroup G where
  __ := Subgroup.ext fun a ↦

    have ⟨h, r, div, 1, k, k_in, h_in, mul_mem, j, j_in, inv_mem, mul_f₀, __, (G.val * x)⁰,
      mul_left_mem_assocκ, mul_assoc, mul_comm⟩a

    exact ⟨a, by aesop more; simp [H.monomial_coeff, H.one_mem, inv_mem, mul_mem, j, h, k]⟩
","💥️unexpected token '⟨'; expected ':=', '|' or '⟩'",False,10,MIL.C08_Groups_and_Rings.solutions.Solutions_S01_Groups,Llama-8B,LENGTH,best_of_n,False,0,-1.0,CH08.conjugate,False
-1,False,13,"def conjugate {G : Type*} [Group G] (x : G) (H : Subgroup G) : Subgroup G where
  carrier := {a : G | ∃ h, h ∈ H ∧ a = x * h * x⁻¹}
  one_mem' := by
    dsimp
    use 1
    constructor
    exact H.one_mem
    group
  inv_mem' := by
    dsimp
    rintro - ⟨h, h_in, rfl⟩
    use h⁻¹, H.inv_mem h_in
    group
  mul_mem' := by
    dsimp
    rintro - - ⟨h, h_in, rfl⟩ ⟨k, k_in, rfl⟩
    use h*k, H.mul_mem h_in k_in
    group

",,True,-1,"def conjugate {G : Type*} [Group G] (x : G) (H : Subgroup G) : Subgroup G where
  __ := Subgroup.ext fun a ↦
    a ∈ H.centerfold x if and only if ∃ h, h ∈ H ∧ a = x * h * x⁻¹ := by
  one_mem' := by
    use 1
    exact ⟨H.one_mem, by tauto⟩
  inv_mem' := by
    rintro - ⟨h, h_in, rfl⟩
    exact ⟨h⁻¹, H.inv_mem h_in, by tauto⟩
  mul_mem' := by
    rintro - - ⟨h, h_in, rfl⟩ ⟨k, k_in, rfl⟩
    exact ⟨h*k, H.mul_mem h_in k_in, by tauto⟩


","💥️invalid field 'centerfold', the environment does not contain 'Subgroup.centerfold'
  H
has type
  Subgroup G

💥️'Eq' is not a structure",False,10,MIL.C08_Groups_and_Rings.solutions.Solutions_S01_Groups,Llama-8B,LENGTH,best_of_n,False,0,-1.0,CH08.conjugate,False
-1,False,13,"def conjugate {G : Type*} [Group G] (x : G) (H : Subgroup G) : Subgroup G where
  carrier := {a : G | ∃ h, h ∈ H ∧ a = x * h * x⁻¹}
  one_mem' := by
    dsimp
    use 1
    constructor
    exact H.one_mem
    group
  inv_mem' := by
    dsimp
    rintro - ⟨h, h_in, rfl⟩
    use h⁻¹, H.inv_mem h_in
    group
  mul_mem' := by
    dsimp
    rintro - - ⟨h, h_in, rfl⟩ ⟨k, k_in, rfl⟩
    use h*k, H.mul_mem h_in k_in
    group

",,True,-1,"def conjugate {G : Type*} [Group G] (x : G) (H : Subgroup G) : Subgroup G where
  __ := Subgroup.ext fun a ↦ {a : G | ∃ h, h ∈ H ∧ a = x * h * x⁻¹}
  one_mem' := by
    dsimp
    use 1
    constructor
    exact H.one_mem
    group
  inv_mem' := by
    dsimp
    rintro - ⟨h, h_in, rfl⟩
    use h⁻¹, H.inv_mem h_in
    group
  mul_mem' := by
    dsimp
    rintro - - ⟨h, h_in, rfl⟩ ⟨k, k_in, rfl⟩
    exact ⟨h*k, H.mul_mem h_in k_in⟩
    group
","💥️type mismatch
  {a | ∃ h ∈ H, a = x * h * x⁻¹}
has type
  Set G : Type u_1
but is expected to have type
  a ∈ ?m.32 ↔ a ∈ ?m.33 : Prop

💥️'Eq' is not a structure",False,10,MIL.C08_Groups_and_Rings.solutions.Solutions_S01_Groups,Llama-8B,LENGTH,best_of_n,False,0,-1.0,CH08.conjugate,False
-1,False,3,"theorem t1 (φ : G →* H) (S T : Subgroup H) (hST : S ≤ T) : comap φ S ≤ comap φ T := by
  intro x hx
  rw [mem_comap] at * -- Lean does not need this line
  exact hST hx

",,True,-1,"theorem t1 (φ : G →* H) (S T : Subgroup H) (hST : S ≤ T) : comap φ S ≤ comap φ T :=
  fun x hx ↦ comap φ x.2 ≤ hST hx
","💥️invalid field notation, type is not of the form (C ...) where C is a constant
  x
has type
  G

💥️type mismatch
  hST hx
has type
  φ x ∈ T : Prop
but is expected to have type
  Subgroup G : Type u_1",False,10,MIL.C08_Groups_and_Rings.solutions.Solutions_S01_Groups,Llama-8B,LENGTH,best_of_n,False,0,-1.0,CH08.t1,False
-1,False,3,"theorem t1 (φ : G →* H) (S T : Subgroup H) (hST : S ≤ T) : comap φ S ≤ comap φ T := by
  intro x hx
  rw [mem_comap] at * -- Lean does not need this line
  exact hST hx

",,True,-1,"theorem t1 (φ : G →* H) (S T : Subgroup H) (hST : S ≤ T) : comap φ S ≤ comap φ T :=
  hST <| fun _ amplitude ↦ top_unique_ge (comap φ S _).ge_iff _


",💥️unknown identifier 'top_unique_ge',False,10,MIL.C08_Groups_and_Rings.solutions.Solutions_S01_Groups,Llama-8B,LENGTH,best_of_n,False,0,-1.0,CH08.t1,False
-1,False,3,"theorem t1 (φ : G →* H) (S T : Subgroup H) (hST : S ≤ T) : comap φ S ≤ comap φ T := by
  intro x hx
  rw [mem_comap] at * -- Lean does not need this line
  exact hST hx

",,True,0,"theorem t1 (φ : G →* H) (S T : Subgroup H) (hST : S ≤ T) : comap φ S ≤ comap φ T :=
  fun x hx ↦ hST hx


",,True,10,MIL.C08_Groups_and_Rings.solutions.Solutions_S01_Groups,Llama-8B,LENGTH,best_of_n,False,0,1.0,CH08.t1,False
-1,False,3,"theorem t1 (φ : G →* H) (S T : Subgroup H) (hST : S ≤ T) : comap φ S ≤ comap φ T := by
  intro x hx
  rw [mem_comap] at * -- Lean does not need this line
  exact hST hx

",,True,0,"theorem t1 (φ : G →* H) (S T : Subgroup H) (hST : S ≤ T) : comap φ S ≤ comap φ T :=
  fun x hx => hST hx
",,True,10,MIL.C08_Groups_and_Rings.solutions.Solutions_S01_Groups,Llama-8B,LENGTH,best_of_n,False,0,1.0,CH08.t1,False
-1,False,3,"theorem t1 (φ : G →* H) (S T : Subgroup H) (hST : S ≤ T) : comap φ S ≤ comap φ T := by
  intro x hx
  rw [mem_comap] at * -- Lean does not need this line
  exact hST hx

",,True,0,"theorem t1 (φ : G →* H) (S T : Subgroup H) (hST : S ≤ T) : comap φ S ≤ comap φ T :=
  fun x hx ↦ hST hx

",,True,10,MIL.C08_Groups_and_Rings.solutions.Solutions_S01_Groups,Llama-8B,LENGTH,best_of_n,False,0,1.0,CH08.t1,False
-1,False,3,"theorem t1 (φ : G →* H) (S T : Subgroup H) (hST : S ≤ T) : comap φ S ≤ comap φ T := by
  intro x hx
  rw [mem_comap] at * -- Lean does not need this line
  exact hST hx

",,True,-1,"theorem t1 (φ : G →* H) (S T : Subgroup H) (hST : S ≤ T) : comap φ S ≤ comap φ T :=
  fun g₁ g₂ hg ↦ hm_nonT_of_le_of_ne' (le_comap _ _) hST) hg


",💥️unknown identifier 'hm_nonT_of_le_of_ne'',False,10,MIL.C08_Groups_and_Rings.solutions.Solutions_S01_Groups,Llama-8B,LENGTH,best_of_n,False,0,-1.0,CH08.t1,False
-1,False,3,"theorem t1 (φ : G →* H) (S T : Subgroup H) (hST : S ≤ T) : comap φ S ≤ comap φ T := by
  intro x hx
  rw [mem_comap] at * -- Lean does not need this line
  exact hST hx

",,True,-1,"theorem t1 (φ : G →* H) (S T : Subgroup H) (hST : S ≤ T) : comap φ S ≤ comap φ T := fun _ _ ↦
  hST hx


",💥️unknown identifier 'hx',False,10,MIL.C08_Groups_and_Rings.solutions.Solutions_S01_Groups,Llama-8B,LENGTH,best_of_n,False,0,-1.0,CH08.t1,False
-1,False,3,"theorem t1 (φ : G →* H) (S T : Subgroup H) (hST : S ≤ T) : comap φ S ≤ comap φ T := by
  intro x hx
  rw [mem_comap] at * -- Lean does not need this line
  exact hST hx

",,True,-1,"theorem t1 (φ : G →* H) (S T : Subgroup H) (hST : S ≤ T) : comap φ S ≤ comap φ T :=
  Monotone.map_inf_le (fun x => hST ⟨x, by tauto⟩)


","💥️invalid constructor ⟨...⟩, expected type must be an inductive type 
  S.toSubsemigroup.1 ?m.10740",False,10,MIL.C08_Groups_and_Rings.solutions.Solutions_S01_Groups,Llama-8B,LENGTH,best_of_n,False,0,-1.0,CH08.t1,False
-1,False,3,"theorem t1 (φ : G →* H) (S T : Subgroup H) (hST : S ≤ T) : comap φ S ≤ comap φ T := by
  intro x hx
  rw [mem_comap] at * -- Lean does not need this line
  exact hST hx

",,True,1,"theorem t1 (φ : G →* H) (S T : Subgroup H) (hST : S ≤ T) : comap φ S ≤ comap φ T :=
  fun x hx => by simp [hST hx]
",,True,10,MIL.C08_Groups_and_Rings.solutions.Solutions_S01_Groups,Llama-8B,LENGTH,best_of_n,False,0,0.666667,CH08.t1,False
-1,False,3,"theorem t1 (φ : G →* H) (S T : Subgroup H) (hST : S ≤ T) : comap φ S ≤ comap φ T := by
  intro x hx
  rw [mem_comap] at * -- Lean does not need this line
  exact hST hx

",,True,0,"theorem t1 (φ : G →* H) (S T : Subgroup H) (hST : S ≤ T) : comap φ S ≤ comap φ T :=
  fun x hx => hST hx
",,True,10,MIL.C08_Groups_and_Rings.solutions.Solutions_S01_Groups,Llama-8B,LENGTH,best_of_n,False,0,1.0,CH08.t1,False
-1,False,4,"theorem t2 (φ : G →* H) (S T : Subgroup G) (hST : S ≤ T) : map φ S ≤ map φ T := by
  intro x hx
  rw [mem_map] at * -- Lean does not need this line
  rcases hx with ⟨y, hy, rfl⟩
  use y, hST hy

",,True,-1,"lemma t2 : ∀ (G →* H), (f : G →* H) → map f S ≤ map f T → S ≤ T → (f S).id ≤ f T
    (mem_map at *; intro x hx; rcases hx with ⟨y, hy, rfl⟩; use y, hST hy)

",💥️unexpected token '→*'; expected ')',False,10,MIL.C08_Groups_and_Rings.solutions.Solutions_S01_Groups,Llama-8B,LENGTH,best_of_n,False,0,-1.0,CH08.t2,False
-1,False,4,"theorem t2 (φ : G →* H) (S T : Subgroup G) (hST : S ≤ T) : map φ S ≤ map φ T := by
  intro x hx
  rw [mem_map] at * -- Lean does not need this line
  rcases hx with ⟨y, hy, rfl⟩
  use y, hST hy

",,True,-1,"theorem t2 (φ : G →* H) (S T : Subgroup G) (hST : S ≤ T) : map φ S ≤ map φ T :=
  fun x hx ↦ hST (hy_of_mem_map x hx)
",💥️unknown identifier 'hy_of_mem_map',False,10,MIL.C08_Groups_and_Rings.solutions.Solutions_S01_Groups,Llama-8B,LENGTH,best_of_n,False,0,-1.0,CH08.t2,False
-1,False,4,"theorem t2 (φ : G →* H) (S T : Subgroup G) (hST : S ≤ T) : map φ S ≤ map φ T := by
  intro x hx
  rw [mem_map] at * -- Lean does not need this line
  rcases hx with ⟨y, hy, rfl⟩
  use y, hST hy

",,True,-1,"theorem t2 (φ : G →* H) (S T : Subgroup G) (hST : S ≤ T) : map φ S ≤ map φ T :=
  fun x hx ↦ ⟨x, hST ⟨y, hp⟩ hy fun _ ↦ eventuallyEq_set.2?_⟩
",💥️unexpected token '?'; expected '⟩',False,10,MIL.C08_Groups_and_Rings.solutions.Solutions_S01_Groups,Llama-8B,LENGTH,best_of_n,False,0,-1.0,CH08.t2,False
-1,False,4,"theorem t2 (φ : G →* H) (S T : Subgroup G) (hST : S ≤ T) : map φ S ≤ map φ T := by
  intro x hx
  rw [mem_map] at * -- Lean does not need this line
  rcases hx with ⟨y, hy, rfl⟩
  use y, hST hy

",,True,-1,"theorem t2 (φ : G →* H) (S T : Subgroup G) (hST : S ≤ T) : map φ S ≤ map φ T :=
  fun x hx ↦ hST ⟨x, hx, map_mem_respects_le _⟩


","💥️invalid constructor ⟨...⟩, expected type must be an inductive type 
  S.toSubsemigroup.1 ?m.14646",False,10,MIL.C08_Groups_and_Rings.solutions.Solutions_S01_Groups,Llama-8B,LENGTH,best_of_n,False,0,-1.0,CH08.t2,False
-1,False,4,"theorem t2 (φ : G →* H) (S T : Subgroup G) (hST : S ≤ T) : map φ S ≤ map φ T := by
  intro x hx
  rw [mem_map] at * -- Lean does not need this line
  rcases hx with ⟨y, hy, rfl⟩
  use y, hST hy

",,True,-1,"theorem t2 (φ : G →* H) (S T : Subgroup G) (hST : S ≤ T) : map φ S ≤ map φ T :=
  fun x hx ↦ ⟨y, hST hy (by isBoundedDefault)⟩
","💥️unknown identifier 'y'

💥️unknown identifier 'hy'",False,10,MIL.C08_Groups_and_Rings.solutions.Solutions_S01_Groups,Llama-8B,LENGTH,best_of_n,False,0,-1.0,CH08.t2,False
-1,False,4,"theorem t2 (φ : G →* H) (S T : Subgroup G) (hST : S ≤ T) : map φ S ≤ map φ T := by
  intro x hx
  rw [mem_map] at * -- Lean does not need this line
  rcases hx with ⟨y, hy, rfl⟩
  use y, hST hy

",,True,-1,"theorem t2 (φ : G →* H) (S T : Subgroup G) (hST : S ≤ T) : map φ S ≤ map φ T :=
  fun x hx ↦ (hST hx).trans <|
    map_ι (fun y id ↦ map_ι (hSt y)) (by tauto) id

","💥️invalid field 'trans', the environment does not contain 'Membership.mem.trans'
  hST ?m.14711
has type
  ?m.14646 ∈ T

💥️invalid field 'trans', the environment does not contain 'Membership.mem.trans'
  hST ?m.14711
has type
  ?m.14646 ∈ ↑T

💥️invalid field 'trans', the environment does not contain 'Set.Mem.trans'
  hST ?m.14711
has type
  (↑T).Mem ?m.14646

💥️invalid field 'trans', the environment does not contain 'SetLike.coe.trans'
  hST ?m.14711
has type
  ↑T ?m.14646

💥️invalid field 'trans', the environment does not contain 'Subsemigroup.carrier.trans'
  hST ?m.14711
has type
  T.carrier ?m.14646

💥️invalid field notation, type is not of the form (C ...) where C is a constant
  hST ?m.14711
has type
  T.toSubsemigroup.1 ?m.14646

💥️application type mismatch
  hST hx
argument
  hx
has type
  x ∈ map φ S : Prop
but is expected to have type
  ?m.14646 ∈ S : Prop",False,10,MIL.C08_Groups_and_Rings.solutions.Solutions_S01_Groups,Llama-8B,LENGTH,best_of_n,False,0,-1.0,CH08.t2,False
-1,False,4,"theorem t2 (φ : G →* H) (S T : Subgroup G) (hST : S ≤ T) : map φ S ≤ map φ T := by
  intro x hx
  rw [mem_map] at * -- Lean does not need this line
  rcases hx with ⟨y, hy, rfl⟩
  use y, hST hy

",,True,-1,"theorem t2 (φ : G →* H) (S T : Subgroup G) (hST : S ≤ T) : map φ S ≤ map φ T :=
  h2_iff.2 fun _ hx => map_le_iff.2 ⟨le_rfl, hST hx⟩


",💥️unknown identifier 'h2_iff',False,10,MIL.C08_Groups_and_Rings.solutions.Solutions_S01_Groups,Llama-8B,LENGTH,best_of_n,False,0,-1.0,CH08.t2,False
-1,False,4,"theorem t2 (φ : G →* H) (S T : Subgroup G) (hST : S ≤ T) : map φ S ≤ map φ T := by
  intro x hx
  rw [mem_map] at * -- Lean does not need this line
  rcases hx with ⟨y, hy, rfl⟩
  use y, hST hy

",,True,-1,"theorem t2 (φ : G →* H) (S T : Subgroup G) (hST : S ≤ T) : map φ S ≤ map φ T :=
  fun x hx ↦ ⟨x, hST hx, by simp⟩
","💥️application type mismatch
  Exists.intro x
argument
  x
has type
  H : Type u_2
but is expected to have type
  G : Type u_1

💥️simp made no progress",False,10,MIL.C08_Groups_and_Rings.solutions.Solutions_S01_Groups,Llama-8B,LENGTH,best_of_n,False,0,-1.0,CH08.t2,False
-1,False,4,"theorem t2 (φ : G →* H) (S T : Subgroup G) (hST : S ≤ T) : map φ S ≤ map φ T := by
  intro x hx
  rw [mem_map] at * -- Lean does not need this line
  rcases hx with ⟨y, hy, rfl⟩
  use y, hST hy

",,True,-1,"theorem t2 (φ : G →* H) (S T : Subgroup G) (hST : S ≤ T) : map φ S ≤ map φ T :=
  (map_le_iff φ).2 fun G hg ↦ (le_of_lt_of_mem hST).2 (map_le_self G hg)

",💥️unknown identifier 'map_le_iff',False,10,MIL.C08_Groups_and_Rings.solutions.Solutions_S01_Groups,Llama-8B,LENGTH,best_of_n,False,0,-1.0,CH08.t2,False
-1,False,4,"theorem t2 (φ : G →* H) (S T : Subgroup G) (hST : S ≤ T) : map φ S ≤ map φ T := by
  intro x hx
  rw [mem_map] at * -- Lean does not need this line
  rcases hx with ⟨y, hy, rfl⟩
  use y, hST hy

",,True,-1,"theorem t2 (φ : G →* H) (S T : Subgroup G) (hST : S ≤ T) : map φ S ≤ map φ T :=
  fun _ ⟨y, hy, rfl⟩ ↦ ⟨y, hST hy⟩
","💥️application type mismatch
  ⟨hy, rfl⟩
argument
  rfl
has type
  ?m.14678 = ?m.14678 : Prop
but is expected to have type
  φ y = x✝¹ : Prop",False,10,MIL.C08_Groups_and_Rings.solutions.Solutions_S01_Groups,Llama-8B,LENGTH,best_of_n,False,0,-1.0,CH08.t2,False
-1,False,3,"theorem t3 (φ : G →* H) (ψ : H →* K) (U : Subgroup K) :
    comap (ψ.comp φ) U = comap φ (comap ψ U) := by
  -- The whole proof could be ``rfl``, but let's decompose it a bit.
  ext x
  simp only [mem_comap]
  rfl

-- Pushing a subgroup along one homomorphism and then another is equal to
-- pushing it forward along the composite of the homomorphisms.
",,True,-1,"theorem t3 (φ : G →* H) (ψ : H →* K) (U : Subgroup K) :
    comap (ψ.comp φ) U = comap φ (comap ψ U) := by
  -- The whole proof could be rfl, but let's decompose it a bit.

  ext x
  simp only [mem_comap, GroupHomomorphism.comp_apply]
  rfl

-- Pushing a subgroup along one homomorphism and then another is equal to
-- pushing it forward along the composite of the homomorphisms.

",💥️unknown identifier 'GroupHomomorphism.comp_apply',False,10,MIL.C08_Groups_and_Rings.solutions.Solutions_S01_Groups,Llama-8B,LENGTH,best_of_n,False,0,-1.0,CH08.t3,False
-1,False,3,"theorem t3 (φ : G →* H) (ψ : H →* K) (U : Subgroup K) :
    comap (ψ.comp φ) U = comap φ (comap ψ U) := by
  -- The whole proof could be ``rfl``, but let's decompose it a bit.
  ext x
  simp only [mem_comap]
  rfl

-- Pushing a subgroup along one homomorphism and then another is equal to
-- pushing it forward along the composite of the homomorphisms.
",,True,-1,"theorem t3 (φ : G →* H) (ψ : H →* K) (U : Subgroup K) :
    comap (ψ.comp φ) U = comap φ (comap ψ U) :=
  liftAlternating.comp_apply _ _ _
",💥️unknown identifier 'liftAlternating.comp_apply',False,10,MIL.C08_Groups_and_Rings.solutions.Solutions_S01_Groups,Llama-8B,LENGTH,best_of_n,False,0,-1.0,CH08.t3,False
-1,False,3,"theorem t3 (φ : G →* H) (ψ : H →* K) (U : Subgroup K) :
    comap (ψ.comp φ) U = comap φ (comap ψ U) := by
  -- The whole proof could be ``rfl``, but let's decompose it a bit.
  ext x
  simp only [mem_comap]
  rfl

-- Pushing a subgroup along one homomorphism and then another is equal to
-- pushing it forward along the composite of the homomorphisms.
",,True,3,"theorem t3 (φ : G →* H) (ψ : H →* K) (U : Subgroup K) :
    comap (ψ.comp φ) U = comap φ (comap ψ U) := by
  -- The whole proof could be ``rfl``, but let's decompose it a bit.
  ext x
  simp only [mem_comap]
  rfl

-- Pushing a subgroup along one homomorphism and then another is equal to
-- pushing it forward along the composite of the homomorphisms.

",,True,10,MIL.C08_Groups_and_Rings.solutions.Solutions_S01_Groups,Llama-8B,LENGTH,best_of_n,False,0,0.0,CH08.t3,False
-1,False,3,"theorem t3 (φ : G →* H) (ψ : H →* K) (U : Subgroup K) :
    comap (ψ.comp φ) U = comap φ (comap ψ U) := by
  -- The whole proof could be ``rfl``, but let's decompose it a bit.
  ext x
  simp only [mem_comap]
  rfl

-- Pushing a subgroup along one homomorphism and then another is equal to
-- pushing it forward along the composite of the homomorphisms.
",,True,-1,"theorem t3 (φ : G →* H) (ψ : H →* K) (U : Subgroup K) :
    comap (ψ.comp φ) U = comap φ (comap ψ U) := by
  -- The whole proof could be ``rfl``, but let's decompose it a bit.
  ext x
  simp only [mem_comap, SingleHomomorph.comp_apply]
  rfl

-- Pushing a subgroup along one homomorphism and then another is equal to
-- pushing it forward along the composite of the homomorphisms.

",💥️unknown identifier 'SingleHomomorph.comp_apply',False,10,MIL.C08_Groups_and_Rings.solutions.Solutions_S01_Groups,Llama-8B,LENGTH,best_of_n,False,0,-1.0,CH08.t3,False
-1,False,3,"theorem t3 (φ : G →* H) (ψ : H →* K) (U : Subgroup K) :
    comap (ψ.comp φ) U = comap φ (comap ψ U) := by
  -- The whole proof could be ``rfl``, but let's decompose it a bit.
  ext x
  simp only [mem_comap]
  rfl

-- Pushing a subgroup along one homomorphism and then another is equal to
-- pushing it forward along the composite of the homomorphisms.
",,True,1,"theorem t3 (φ : G →* H) (ψ : H →* K) (U : Subgroup K) :
    comap (ψ.comp φ) U = comap φ (comap ψ U) :=
  ext fun x ↦ by simp [mem_comap]

-- Pushing a subgroup along one homomorphism and then another is equal to
-- pushing it forward along the composite of the homomorphisms.

",,True,10,MIL.C08_Groups_and_Rings.solutions.Solutions_S01_Groups,Llama-8B,LENGTH,best_of_n,False,0,0.666667,CH08.t3,False
-1,False,3,"theorem t3 (φ : G →* H) (ψ : H →* K) (U : Subgroup K) :
    comap (ψ.comp φ) U = comap φ (comap ψ U) := by
  -- The whole proof could be ``rfl``, but let's decompose it a bit.
  ext x
  simp only [mem_comap]
  rfl

-- Pushing a subgroup along one homomorphism and then another is equal to
-- pushing it forward along the composite of the homomorphisms.
",,True,-1,"theorem t3 (φ : G →* H) (ψ : H →* K) (U : Subgroup K) :
    comap (ψ.comp φ) U = comap φ (comap ψ U) :=
  rw [← push_comap, mem_of_sup]
",💥️unknown identifier 'rw',False,10,MIL.C08_Groups_and_Rings.solutions.Solutions_S01_Groups,Llama-8B,LENGTH,best_of_n,False,0,-1.0,CH08.t3,False
-1,False,3,"theorem t3 (φ : G →* H) (ψ : H →* K) (U : Subgroup K) :
    comap (ψ.comp φ) U = comap φ (comap ψ U) := by
  -- The whole proof could be ``rfl``, but let's decompose it a bit.
  ext x
  simp only [mem_comap]
  rfl

-- Pushing a subgroup along one homomorphism and then another is equal to
-- pushing it forward along the composite of the homomorphisms.
",,True,3,"theorem t3 (φ : G →* H) (ψ : H →* K) (U : Subgroup K) :
    comap (ψ.comp φ) U = comap φ (comap ψ U) := by
  ext x
  simp only [mem_comap]
  rfl

-- Pushing a subgroup along one homomorphism and then another is equal to
-- pushing it forward along the composite of the homomorphisms.

",,True,10,MIL.C08_Groups_and_Rings.solutions.Solutions_S01_Groups,Llama-8B,LENGTH,best_of_n,False,0,0.0,CH08.t3,False
-1,False,3,"theorem t3 (φ : G →* H) (ψ : H →* K) (U : Subgroup K) :
    comap (ψ.comp φ) U = comap φ (comap ψ U) := by
  -- The whole proof could be ``rfl``, but let's decompose it a bit.
  ext x
  simp only [mem_comap]
  rfl

-- Pushing a subgroup along one homomorphism and then another is equal to
-- pushing it forward along the composite of the homomorphisms.
",,True,3,"theorem t3 (φ : G →* H) (ψ : H →* K) (U : Subgroup K) :
    comap (ψ.comp φ) U = comap φ (comap ψ U) := by
  -- The whole proof could be ``rfl``, but let's decompose it a bit.
  ext x
  simp only [mem_comap]
  rfl

-- Pushing a subgroup along one homomorphism and then another is equal to
-- pushing it forward along the composite of the homomorphisms.

",,True,10,MIL.C08_Groups_and_Rings.solutions.Solutions_S01_Groups,Llama-8B,LENGTH,best_of_n,False,0,0.0,CH08.t3,False
-1,False,3,"theorem t3 (φ : G →* H) (ψ : H →* K) (U : Subgroup K) :
    comap (ψ.comp φ) U = comap φ (comap ψ U) := by
  -- The whole proof could be ``rfl``, but let's decompose it a bit.
  ext x
  simp only [mem_comap]
  rfl

-- Pushing a subgroup along one homomorphism and then another is equal to
-- pushing it forward along the composite of the homomorphisms.
",,True,3,"theorem t3 (φ : G →* H) (ψ : H →* K) (U : Subgroup K) :
    comap (ψ.comp φ) U = comap φ (comap ψ U) := by
  -- The whole proof could be ``rfl``, but let's decompose it a bit.
  ext x
  simp only [mem_comap]
  rfl

-- Pushing a subgroup along one homomorphism and then another is equal to
-- pushing it forward along the composite of the homomorphisms.

",,True,10,MIL.C08_Groups_and_Rings.solutions.Solutions_S01_Groups,Llama-8B,LENGTH,best_of_n,False,0,0.0,CH08.t3,False
-1,False,3,"theorem t3 (φ : G →* H) (ψ : H →* K) (U : Subgroup K) :
    comap (ψ.comp φ) U = comap φ (comap ψ U) := by
  -- The whole proof could be ``rfl``, but let's decompose it a bit.
  ext x
  simp only [mem_comap]
  rfl

-- Pushing a subgroup along one homomorphism and then another is equal to
-- pushing it forward along the composite of the homomorphisms.
",,True,3,"theorem t3 (φ : G →* H) (ψ : H →* K) (U : Subgroup K) :
    comap (ψ.comp φ) U = comap φ (comap ψ U) := by
  -- The whole proof could be ``rfl``, but let's try to make it by ext.
  ext x
  simp only [mem_comap]
  rfl

-- Pushing a subgroup along one homomorphism and then another is equal to
-- pushing it forward along the composite of the homomorphisms.

",,True,10,MIL.C08_Groups_and_Rings.solutions.Solutions_S01_Groups,Llama-8B,LENGTH,best_of_n,False,0,0.0,CH08.t3,False
-1,False,10,"theorem t4 (φ : G →* H) (ψ : H →* K) (S : Subgroup G) :
    map (ψ.comp φ) S = map ψ (S.map φ) := by
  ext x
  simp only [mem_map]
  constructor
  · rintro ⟨y, y_in, hy⟩
    exact ⟨φ y, ⟨y, y_in, rfl⟩, hy⟩
  · rintro ⟨y, ⟨z, z_in, hz⟩, hy⟩
    use z, z_in
    calc ψ.comp φ z = ψ (φ z) := rfl
    _               = ψ y := by congr
    _               = x := hy

",,True,10,"theorem t4 (φ : G →* H) (ψ : H →* K) (S : Subgroup G) :
    map (ψ.comp φ) S = map ψ (S.map φ) := by
  ext x
  simp only [mem_map]
  constructor
  · rintro ⟨y, y_in, hy⟩
    exact ⟨φ y, ⟨y, y_in, rfl⟩, hy⟩
  · rintro ⟨y, ⟨z, z_in, hz⟩, hy⟩
    use z, z_in
    calc ψ.comp φ z = ψ (φ z) := rfl
    _               = ψ y := by congr
    _               = x := hy


",,True,10,MIL.C08_Groups_and_Rings.solutions.Solutions_S01_Groups,Llama-8B,LENGTH,best_of_n,False,0,0.0,CH08.t4,False
-1,False,10,"theorem t4 (φ : G →* H) (ψ : H →* K) (S : Subgroup G) :
    map (ψ.comp φ) S = map ψ (S.map φ) := by
  ext x
  simp only [mem_map]
  constructor
  · rintro ⟨y, y_in, hy⟩
    exact ⟨φ y, ⟨y, y_in, rfl⟩, hy⟩
  · rintro ⟨y, ⟨z, z_in, hz⟩, hy⟩
    use z, z_in
    calc ψ.comp φ z = ψ (φ z) := rfl
    _               = ψ y := by congr
    _               = x := hy

",,True,2,"theorem t4 (φ : G →* H) (ψ : H →* K) (S : Subgroup G) :
    map (ψ.comp φ) S = map ψ (S.map φ) := by
  ext x
  simpa using map_prod_eq_map

",,True,10,MIL.C08_Groups_and_Rings.solutions.Solutions_S01_Groups,Llama-8B,LENGTH,best_of_n,False,0,0.8,CH08.t4,False
-1,False,10,"theorem t4 (φ : G →* H) (ψ : H →* K) (S : Subgroup G) :
    map (ψ.comp φ) S = map ψ (S.map φ) := by
  ext x
  simp only [mem_map]
  constructor
  · rintro ⟨y, y_in, hy⟩
    exact ⟨φ y, ⟨y, y_in, rfl⟩, hy⟩
  · rintro ⟨y, ⟨z, z_in, hz⟩, hy⟩
    use z, z_in
    calc ψ.comp φ z = ψ (φ z) := rfl
    _               = ψ y := by congr
    _               = x := hy

",,True,-1,"theorem t4 (φ : G →* H) (ψ : H →* K) (S : Subgroup G) :
    map (ψ.comp φ) S = map ψ (S.map φ) := by
  ext x
  simp only [mem_map]
  exact ⟨φ x, exact ⟨x, rfl⟩, fun _ ↦ rfl⟩
","💥️application type mismatch
  φ x
argument
  x
has type
  K : Type u_3
but is expected to have type
  G : Type u_1

💥️invalid constructor ⟨...⟩, expected type must be an inductive type 
  (∃ x_1, (∃ x ∈ S, φ x = x_1) ∧ ψ x_1 = x) → ∃ x_1 ∈ S, (ψ.comp φ) x_1 = x",False,10,MIL.C08_Groups_and_Rings.solutions.Solutions_S01_Groups,Llama-8B,LENGTH,best_of_n,False,0,-1.0,CH08.t4,False
-1,False,10,"theorem t4 (φ : G →* H) (ψ : H →* K) (S : Subgroup G) :
    map (ψ.comp φ) S = map ψ (S.map φ) := by
  ext x
  simp only [mem_map]
  constructor
  · rintro ⟨y, y_in, hy⟩
    exact ⟨φ y, ⟨y, y_in, rfl⟩, hy⟩
  · rintro ⟨y, ⟨z, z_in, hz⟩, hy⟩
    use z, z_in
    calc ψ.comp φ z = ψ (φ z) := rfl
    _               = ψ y := by congr
    _               = x := hy

",,True,-1,"theorem t4 (φ : G →* H) (ψ : H →* K) (S : Subgroup G) :
    map (ψ.comp φ) S = map ψ (S.map φ) := by
  ext x
  simp only [mem_map]
  exact ⟨φ x, ⟨x, rfl⟩, fun ⟨y, y_in, y⟩ ↦ by simpa using ψ.comp φ y⟩

","💥️application type mismatch
  φ x
argument
  x
has type
  K : Type u_3
but is expected to have type
  G : Type u_1

💥️invalid constructor ⟨...⟩, expected type must be an inductive type 
  (∃ x_1, (∃ x ∈ S, φ x = x_1) ∧ ψ x_1 = x) → ∃ x_1 ∈ S, (ψ.comp φ) x_1 = x",False,10,MIL.C08_Groups_and_Rings.solutions.Solutions_S01_Groups,Llama-8B,LENGTH,best_of_n,False,0,-1.0,CH08.t4,False
-1,False,10,"theorem t4 (φ : G →* H) (ψ : H →* K) (S : Subgroup G) :
    map (ψ.comp φ) S = map ψ (S.map φ) := by
  ext x
  simp only [mem_map]
  constructor
  · rintro ⟨y, y_in, hy⟩
    exact ⟨φ y, ⟨y, y_in, rfl⟩, hy⟩
  · rintro ⟨y, ⟨z, z_in, hz⟩, hy⟩
    use z, z_in
    calc ψ.comp φ z = ψ (φ z) := rfl
    _               = ψ y := by congr
    _               = x := hy

",,True,10,"theorem t4 (φ : G →* H) (ψ : H →* K) (S : Subgroup G) :
    map (ψ.comp φ) S = map ψ (S.map φ) := by
  ext x
  simp only [mem_map]
  constructor
  · rintro ⟨y, y_in, hy⟩
    exact ⟨φ y, ⟨y, y_in, rfl⟩, hy⟩
  · rintro ⟨y, ⟨z, z_in, hz⟩, hy⟩
    use z, z_in
    calc ψ.comp φ z = ψ (φ z) := rfl
    _               = ψ y := by congr
    _               = x := hy


",,True,10,MIL.C08_Groups_and_Rings.solutions.Solutions_S01_Groups,Llama-8B,LENGTH,best_of_n,False,0,0.0,CH08.t4,False
-1,False,10,"theorem t4 (φ : G →* H) (ψ : H →* K) (S : Subgroup G) :
    map (ψ.comp φ) S = map ψ (S.map φ) := by
  ext x
  simp only [mem_map]
  constructor
  · rintro ⟨y, y_in, hy⟩
    exact ⟨φ y, ⟨y, y_in, rfl⟩, hy⟩
  · rintro ⟨y, ⟨z, z_in, hz⟩, hy⟩
    use z, z_in
    calc ψ.comp φ z = ψ (φ z) := rfl
    _               = ψ y := by congr
    _               = x := hy

",,True,10,"theorem t4 (φ : G →* H) (ψ : H →* K) (S : Subgroup G) :
    map (ψ.comp φ) S = map ψ (S.map φ) := by
  ext x
  simp only [mem_map]
  constructor
  · rintro ⟨y, y_in, hy⟩
    exact ⟨φ y, ⟨y, y_in, rfl⟩, hy⟩
  · rintro ⟨y, ⟨z, z_in, hz⟩, hy⟩
    use z, z_in
    calc ψ.comp φ z = ψ (φ z) := rfl
    _               = ψ y := by congr
    _               = x := hy


",,True,10,MIL.C08_Groups_and_Rings.solutions.Solutions_S01_Groups,Llama-8B,LENGTH,best_of_n,False,0,0.0,CH08.t4,False
-1,False,10,"theorem t4 (φ : G →* H) (ψ : H →* K) (S : Subgroup G) :
    map (ψ.comp φ) S = map ψ (S.map φ) := by
  ext x
  simp only [mem_map]
  constructor
  · rintro ⟨y, y_in, hy⟩
    exact ⟨φ y, ⟨y, y_in, rfl⟩, hy⟩
  · rintro ⟨y, ⟨z, z_in, hz⟩, hy⟩
    use z, z_in
    calc ψ.comp φ z = ψ (φ z) := rfl
    _               = ψ y := by congr
    _               = x := hy

",,True,-1,"theorem t4 (φ : G →* H) (ψ : H →* K) (S : Subgroup G) :
    map (ψ.comp φ) S = map ψ (S.map φ) := by
  ext x
  simp only [mem_map]
  exact ⟨fun ⟨y, y_in, hy⟩ => ⟨φ y, ⟨y, y_in, rfl⟩, hy⟩,
    fun ⟨y, ⟨z, z_in, hz⟩, hy⟩ => ⟨z, z_in, hz, by congr, by simp⟩, hy⟩


","💥️invalid constructor ⟨...⟩, expected type must be an inductive type 
  (∃ x_1, (∃ x ∈ S, φ x = x_1) ∧ ψ x_1 = x) → ∃ x_1 ∈ S, (ψ.comp φ) x_1 = x",False,10,MIL.C08_Groups_and_Rings.solutions.Solutions_S01_Groups,Llama-8B,LENGTH,best_of_n,False,0,-1.0,CH08.t4,False
-1,False,10,"theorem t4 (φ : G →* H) (ψ : H →* K) (S : Subgroup G) :
    map (ψ.comp φ) S = map ψ (S.map φ) := by
  ext x
  simp only [mem_map]
  constructor
  · rintro ⟨y, y_in, hy⟩
    exact ⟨φ y, ⟨y, y_in, rfl⟩, hy⟩
  · rintro ⟨y, ⟨z, z_in, hz⟩, hy⟩
    use z, z_in
    calc ψ.comp φ z = ψ (φ z) := rfl
    _               = ψ y := by congr
    _               = x := hy

",,True,-1,"theorem t4 (φ : G →* H) (ψ : H →* K) (S : Subgroup G) :
    map (ψ.comp φ) S = map ψ (S.map φ) :=
  mapToPerm ψ (Sub آنلاین groupfun G to H).symm


/-!
### Criteria for and consequences of φ ∈ ( Sublicated)"".copies
-/

theorem t3 (φ : G →* H) (ψ : H →* K) (φc : φ ∈ ( Sublicated ).copies) :
    map (ψ.comp φ) S = φc := by
  rw [← mapToPerm ψ (Subkeiten φ)]
  match_scalars
  linear_combination map看见φ


/-!
### Criteria for and consequences of ψ ∈ ( SubATEGORIES ).levels
-/

theorem t2 (φ : G →* H) (ψ : H →* K) (ψl : ψ ∈ ( Subategories ).levels) :
    map (ψ.comp φ) S = map ψ (S.map φ) :=
  mapToPerm ψ (Sub آنلاین groupfun G to H).symm


/-!
### Criteria for and consequences of S ∈ ( Subgroup ).mapsTo
-/

theorem t1 (φ : G →* H) (ψ : H →* K) (S : Subgroup G) :
    map (ψ.comp φ) S = map ψ (S.map φ) := by
  rw [← mapToPerm ψ (Subุลาคม groupfun G to H).symm, Subgroup.ext_iff]
",💥️expected token,False,10,MIL.C08_Groups_and_Rings.solutions.Solutions_S01_Groups,Llama-8B,LENGTH,best_of_n,False,0,-1.0,CH08.t4,False
-1,False,10,"theorem t4 (φ : G →* H) (ψ : H →* K) (S : Subgroup G) :
    map (ψ.comp φ) S = map ψ (S.map φ) := by
  ext x
  simp only [mem_map]
  constructor
  · rintro ⟨y, y_in, hy⟩
    exact ⟨φ y, ⟨y, y_in, rfl⟩, hy⟩
  · rintro ⟨y, ⟨z, z_in, hz⟩, hy⟩
    use z, z_in
    calc ψ.comp φ z = ψ (φ z) := rfl
    _               = ψ y := by congr
    _               = x := hy

",,True,10,"theorem t4 (φ : G →* H) (ψ : H →* K) (S : Subgroup G) :
    map (ψ.comp φ) S = map ψ (S.map φ) := by
  ext x
  simp only [mem_map]
  constructor
  · rintro ⟨y, y_in, hy⟩
    exact ⟨φ y, ⟨y, y_in, rfl⟩, hy⟩
  · rintro ⟨y, ⟨z, z_in, hz⟩, hy⟩
    use z, z_in
    calc ψ.comp φ z = ψ (φ z) := rfl
    _               = ψ y := by congr
    _               = x := hy


",,True,10,MIL.C08_Groups_and_Rings.solutions.Solutions_S01_Groups,Llama-8B,LENGTH,best_of_n,False,0,0.0,CH08.t4,False
-1,False,10,"theorem t4 (φ : G →* H) (ψ : H →* K) (S : Subgroup G) :
    map (ψ.comp φ) S = map ψ (S.map φ) := by
  ext x
  simp only [mem_map]
  constructor
  · rintro ⟨y, y_in, hy⟩
    exact ⟨φ y, ⟨y, y_in, rfl⟩, hy⟩
  · rintro ⟨y, ⟨z, z_in, hz⟩, hy⟩
    use z, z_in
    calc ψ.comp φ z = ψ (φ z) := rfl
    _               = ψ y := by congr
    _               = x := hy

",,True,-1,"theorem t4 (φ : G →* H) (ψ : H →* K) (S : Subgroup G) :
    map (ψ.comp φ) S = map ψ (S.map φ) := by
  ext x
  simp only [mem_map]
  exact ⟨φ x, ⟨x, rfl⟩, fun y hy ↦ ?_⟩
  by simpa using hy.2.2 ⟨φ y, ⟨y, rfl⟩, hy.1⟩
","💥️application type mismatch
  φ x
argument
  x
has type
  K : Type u_3
but is expected to have type
  G : Type u_1

💥️invalid constructor ⟨...⟩, expected type must be an inductive type 
  (∃ x_1, (∃ x ∈ S, φ x = x_1) ∧ ψ x_1 = x) → ∃ x_1 ∈ S, (ψ.comp φ) x_1 = x",False,10,MIL.C08_Groups_and_Rings.solutions.Solutions_S01_Groups,Llama-8B,LENGTH,best_of_n,False,0,-1.0,CH08.t4,False
-1,False,8,"lemma eq_bot_iff_card {G : Type*} [Group G] {H : Subgroup G} :
    H = ⊥ ↔ Nat.card H = 1 := by
  suffices (∀ x ∈ H, x = 1) ↔ ∃ x ∈ H, ∀ a ∈ H, a = x by
    simpa [eq_bot_iff_forall, Nat.card_eq_one_iff_exists]
  constructor
  · intro h
    use 1, H.one_mem
  · rintro ⟨y, -, hy'⟩ x hx
    calc x = y := hy' x hx
    _      = 1 := (hy' 1 H.one_mem).symm

",,True,-1,"lemma eq_bot_iff_card {G : Type*} [Group G] {H : Subgroup G} :
    H = ⊥ ↔ Nat.card H = 1 := by
  suffices (∀ x ∈ H, x = 1) ↔ ∃ x ∈ H, ∀ a ∈ H, a = x by
    simpa [eq_bot_iff_forall, Nat.card_eq_one_iff_exists]
  constructor
  · intro h
    exact ⟨1, H.one_mem⟩
  · rintro ⟨y, -, hy'⟩ x hx
    calc x = y := hy' x hx
    _      = 1 := (hy' 1 H.one_mem).symm
","💥️application type mismatch
  Exists.intro 1 (Subgroup.one_mem H)
argument
  Subgroup.one_mem H
has type
  1 ∈ H : Prop
but is expected to have type
  1 ∈ H ∧ ∀ a ∈ H, a = 1 : Prop",False,10,MIL.C08_Groups_and_Rings.solutions.Solutions_S01_Groups,Llama-8B,LENGTH,best_of_n,False,0,-1.0,CH08.eq_bot_iff_card,False
-1,False,8,"lemma eq_bot_iff_card {G : Type*} [Group G] {H : Subgroup G} :
    H = ⊥ ↔ Nat.card H = 1 := by
  suffices (∀ x ∈ H, x = 1) ↔ ∃ x ∈ H, ∀ a ∈ H, a = x by
    simpa [eq_bot_iff_forall, Nat.card_eq_one_iff_exists]
  constructor
  · intro h
    use 1, H.one_mem
  · rintro ⟨y, -, hy'⟩ x hx
    calc x = y := hy' x hx
    _      = 1 := (hy' 1 H.one_mem).symm

",,True,8,"lemma eq_bot_iff_card {G : Type*} [Group G] {H : Subgroup G} :
    H = ⊥ ↔ Nat.card H = 1 := by
  suffices (∀ x ∈ H, x = 1) ↔ ∃ x ∈ H, ∀ a ∈ H, a = x by
    simpa [eq_bot_iff_forall, Nat.card_eq_one_iff_exists]
  constructor
  · intro h
    use 1, H.one_mem
  · rintro ⟨y, -, hy'⟩ x hx
    calc x = y := hy' x hx
    _      = 1 := (hy' 1 H.one_mem).symm


",,True,10,MIL.C08_Groups_and_Rings.solutions.Solutions_S01_Groups,Llama-8B,LENGTH,best_of_n,False,0,0.0,CH08.eq_bot_iff_card,False
-1,False,8,"lemma eq_bot_iff_card {G : Type*} [Group G] {H : Subgroup G} :
    H = ⊥ ↔ Nat.card H = 1 := by
  suffices (∀ x ∈ H, x = 1) ↔ ∃ x ∈ H, ∀ a ∈ H, a = x by
    simpa [eq_bot_iff_forall, Nat.card_eq_one_iff_exists]
  constructor
  · intro h
    use 1, H.one_mem
  · rintro ⟨y, -, hy'⟩ x hx
    calc x = y := hy' x hx
    _      = 1 := (hy' 1 H.one_mem).symm

",,True,8,"lemma eq_bot_iff_card {G : Type*} [Group G] {H : Subgroup G} :
    H = ⊥ ↔ Nat.card H = 1 := by
  suffices (∀ x ∈ H, x = 1) ↔ ∃ x ∈ H, ∀ a ∈ H, a = x by
    simpa [eq_bot_iff_forall, Nat.card_eq_one_iff_exists]
  constructor
  · intro h
    use 1, H.one_mem
  · rintro ⟨y, -, hy'⟩ x hx
    calc x = y := hy' x hx
    _      = 1 := (hy' 1 H.one_mem).symm


",,True,10,MIL.C08_Groups_and_Rings.solutions.Solutions_S01_Groups,Llama-8B,LENGTH,best_of_n,False,0,0.0,CH08.eq_bot_iff_card,False
-1,False,8,"lemma eq_bot_iff_card {G : Type*} [Group G] {H : Subgroup G} :
    H = ⊥ ↔ Nat.card H = 1 := by
  suffices (∀ x ∈ H, x = 1) ↔ ∃ x ∈ H, ∀ a ∈ H, a = x by
    simpa [eq_bot_iff_forall, Nat.card_eq_one_iff_exists]
  constructor
  · intro h
    use 1, H.one_mem
  · rintro ⟨y, -, hy'⟩ x hx
    calc x = y := hy' x hx
    _      = 1 := (hy' 1 H.one_mem).symm

",,True,8,"lemma eq_bot_iff_card {G : Type*} [Group G] {H : Subgroup G} :
    H = ⊥ ↔ Nat.card H = 1 := by
  suffices (∀ x ∈ H, x = 1) ↔ ∃ x ∈ H, ∀ a ∈ H, a = x by
    simpa [eq_bot_iff_forall, Nat.card_eq_one_iff_exists]
  constructor
  · intro h
    use 1, H.one_mem
  · rintro ⟨y, -, hy'⟩ x hx
    calc x = y := hy' x hx
    _      = 1 := (hy' 1 H.one_mem).symm


",,True,10,MIL.C08_Groups_and_Rings.solutions.Solutions_S01_Groups,Llama-8B,LENGTH,best_of_n,False,0,0.0,CH08.eq_bot_iff_card,False
-1,False,8,"lemma eq_bot_iff_card {G : Type*} [Group G] {H : Subgroup G} :
    H = ⊥ ↔ Nat.card H = 1 := by
  suffices (∀ x ∈ H, x = 1) ↔ ∃ x ∈ H, ∀ a ∈ H, a = x by
    simpa [eq_bot_iff_forall, Nat.card_eq_one_iff_exists]
  constructor
  · intro h
    use 1, H.one_mem
  · rintro ⟨y, -, hy'⟩ x hx
    calc x = y := hy' x hx
    _      = 1 := (hy' 1 H.one_mem).symm

",,True,-1,"lemma eq_bot_iff_card {G : Type*} [Group G] {H : Subgroup G} :
    H = ⊥ ↔ Nat.card H = 1 := by
  suffices (∀ x ∈ H, x = 1) ↔ ∃ x ∈ H, ∀ a ∈ H, a = x by
    simpa [eq_bot_iff_forall, Nat.card_eq_one_iff_exists]
  intro h
  use 1, H.one_mem


","💥️tactic 'introN' failed, insufficient number of binders
G : Type u_1
inst✝ : Group G
H : Subgroup G
⊢ (∀ x ∈ H, x = 1) ↔ ∃ x ∈ H, ∀ a ∈ H, a = x",False,10,MIL.C08_Groups_and_Rings.solutions.Solutions_S01_Groups,Llama-8B,LENGTH,best_of_n,False,0,-1.0,CH08.eq_bot_iff_card,False
-1,False,8,"lemma eq_bot_iff_card {G : Type*} [Group G] {H : Subgroup G} :
    H = ⊥ ↔ Nat.card H = 1 := by
  suffices (∀ x ∈ H, x = 1) ↔ ∃ x ∈ H, ∀ a ∈ H, a = x by
    simpa [eq_bot_iff_forall, Nat.card_eq_one_iff_exists]
  constructor
  · intro h
    use 1, H.one_mem
  · rintro ⟨y, -, hy'⟩ x hx
    calc x = y := hy' x hx
    _      = 1 := (hy' 1 H.one_mem).symm

",,True,-1,"lemma eq_bot_iff_card {G : Type*} [Group G] {H : Subgroup G} :
    H = ⊥ ↔ Nat.card H = 1 := by
  simp only [eq_bot_iff_forall, Nat.card_eq_one_iff_exists, and_assoc, and_congr_right_iff]
  exact fun h ↦ 1 = h.1 x h.2.2


","💥️invalid field notation, type is not of the form (C ...) where C is a constant
  h
has type
  ?m.24667",False,10,MIL.C08_Groups_and_Rings.solutions.Solutions_S01_Groups,Llama-8B,LENGTH,best_of_n,False,0,-1.0,CH08.eq_bot_iff_card,False
-1,False,8,"lemma eq_bot_iff_card {G : Type*} [Group G] {H : Subgroup G} :
    H = ⊥ ↔ Nat.card H = 1 := by
  suffices (∀ x ∈ H, x = 1) ↔ ∃ x ∈ H, ∀ a ∈ H, a = x by
    simpa [eq_bot_iff_forall, Nat.card_eq_one_iff_exists]
  constructor
  · intro h
    use 1, H.one_mem
  · rintro ⟨y, -, hy'⟩ x hx
    calc x = y := hy' x hx
    _      = 1 := (hy' 1 H.one_mem).symm

",,True,-1,"lemma eq_bot_iff_card (H : Subgroup G) :
    H = ⊥ ↔ Nat.card H = 1 := by
  simp only [eq_bot_iff_forall, Nat.card_eq_one_iff_exists, and_imp]
  exact fun h ↦ ⟨1, H.one_mem, fun x hx ↦ (hy' x hx).id _⟩


","💥️failed to synthesize
  Group G
Additional diagnostic information may be available using the `set_option diagnostics true` command.

💥️invalid constructor ⟨...⟩, expected type must be an inductive type 
  ?m.27134 h",False,10,MIL.C08_Groups_and_Rings.solutions.Solutions_S01_Groups,Llama-8B,LENGTH,best_of_n,False,0,-1.0,CH08.eq_bot_iff_card,False
-1,False,8,"lemma eq_bot_iff_card {G : Type*} [Group G] {H : Subgroup G} :
    H = ⊥ ↔ Nat.card H = 1 := by
  suffices (∀ x ∈ H, x = 1) ↔ ∃ x ∈ H, ∀ a ∈ H, a = x by
    simpa [eq_bot_iff_forall, Nat.card_eq_one_iff_exists]
  constructor
  · intro h
    use 1, H.one_mem
  · rintro ⟨y, -, hy'⟩ x hx
    calc x = y := hy' x hx
    _      = 1 := (hy' 1 H.one_mem).symm

",,True,-1,"lemma eq_bot_iff_card {G : Type*} [Group G] {H : Subgroup G} :
    H = ⊥ ↔ Nat.card H = 1 := by
  suffices (∀ x ∈ H, x = 1) ↔ ∃ x ∈ H, ∀ a ∈ H, a = x by
    simpa [eq_bot_iff_forall, Nat.card_eq_one_iff_exists]
  exact ⟨1, H.one_mem⟩
","💥️numerals are data in Lean, but the expected type is a proposition
  (∀ x ∈ H, x = 1) → ∃ x ∈ H, ∀ a ∈ H, a = x : Prop",False,10,MIL.C08_Groups_and_Rings.solutions.Solutions_S01_Groups,Llama-8B,LENGTH,best_of_n,False,0,-1.0,CH08.eq_bot_iff_card,False
-1,False,8,"lemma eq_bot_iff_card {G : Type*} [Group G] {H : Subgroup G} :
    H = ⊥ ↔ Nat.card H = 1 := by
  suffices (∀ x ∈ H, x = 1) ↔ ∃ x ∈ H, ∀ a ∈ H, a = x by
    simpa [eq_bot_iff_forall, Nat.card_eq_one_iff_exists]
  constructor
  · intro h
    use 1, H.one_mem
  · rintro ⟨y, -, hy'⟩ x hx
    calc x = y := hy' x hx
    _      = 1 := (hy' 1 H.one_mem).symm

",,True,-1,"lemma eq_bot_iff_card {G : Type*} [Group G] {H : Subgroup G} :
    H = ⊥ ↔ Nat.card H = 1 := by
  suffices (∀ x ∈ H, x = 1) ↔ ∃ x ∈ H, ∀ a ∈ H, a = x by
    simpa [eq_bot_iff_forall, Nat.card_eq_one_iff_exists]
  constructor
  · intro h
    use 1, H.one_mem
  · rintro ⟨y, -, hy'⟩ x hx
    calc x = y := hy' x hx
    _      = 0 := (hy' 0 H.one_mem).symm
","💥️failed to synthesize
  OfNat G 0
numerals are polymorphic in Lean, but the numeral `0` cannot be used in a context where the expected type is
  G
due to the absence of the instance above
Additional diagnostic information may be available using the `set_option diagnostics true` command.

💥️failed to synthesize
  OfNat G 0
numerals are polymorphic in Lean, but the numeral `0` cannot be used in a context where the expected type is
  G
due to the absence of the instance above
Additional diagnostic information may be available using the `set_option diagnostics true` command.",False,10,MIL.C08_Groups_and_Rings.solutions.Solutions_S01_Groups,Llama-8B,LENGTH,best_of_n,False,0,-1.0,CH08.eq_bot_iff_card,False
-1,False,8,"lemma eq_bot_iff_card {G : Type*} [Group G] {H : Subgroup G} :
    H = ⊥ ↔ Nat.card H = 1 := by
  suffices (∀ x ∈ H, x = 1) ↔ ∃ x ∈ H, ∀ a ∈ H, a = x by
    simpa [eq_bot_iff_forall, Nat.card_eq_one_iff_exists]
  constructor
  · intro h
    use 1, H.one_mem
  · rintro ⟨y, -, hy'⟩ x hx
    calc x = y := hy' x hx
    _      = 1 := (hy' 1 H.one_mem).symm

",,True,8,"lemma eq_bot_iff_card {G : Type*} [Group G] {H : Subgroup G} :
    H = ⊥ ↔ Nat.card H = 1 := by
  suffices (∀ x ∈ H, x = 1) ↔ ∃ x ∈ H, ∀ a ∈ H, a = x by
    simpa [eq_bot_iff_forall, Nat.card_eq_one_iff_exists]
  constructor
  · intro h
    use 1, H.one_mem
  · rintro ⟨y, -, hy'⟩ x hx
    calc x = y := hy' x hx
    _      = 1 := (hy' 1 H.one_mem).symm
",,True,10,MIL.C08_Groups_and_Rings.solutions.Solutions_S01_Groups,Llama-8B,LENGTH,best_of_n,False,0,0.0,CH08.eq_bot_iff_card,False
-1,False,3,"lemma inf_bot_of_coprime {G : Type*} [Group G] (H K : Subgroup G)
    (h : (Nat.card H).Coprime (Nat.card K)) : H ⊓ K = ⊥ := by
  have D₁ : Nat.card (H ⊓ K : Subgroup G) ∣ Nat.card H := card_dvd_of_le inf_le_left
  have D₂ : Nat.card (H ⊓ K : Subgroup G) ∣ Nat.card K := card_dvd_of_le inf_le_right
  exact eq_bot_iff_card.2 (Nat.eq_one_of_dvd_coprimes h D₁ D₂)

",,True,3,"lemma inf_bot_of_coprime {G : Type*} [Group G] (H K : Subgroup G)
    (h : (Nat.card H).Coprime (Nat.card K)) : H ⊓ K = ⊥ := by
  have D₁ : Nat.card (H ⊓ K : Subgroup G) ∣ Nat.card H := card_dvd_of_le inf_le_left
  have D₂ : Nat.card (H ⊓ K : Subgroup G) ∣ Nat.card K := card_dvd_of_le inf_le_right
  exact eq_bot_iff_card.2 (Nat.eq_one_of_dvd_coprimes h D₁ D₂)
",,True,10,MIL.C08_Groups_and_Rings.solutions.Solutions_S01_Groups,Llama-8B,LENGTH,best_of_n,False,0,0.0,CH08.inf_bot_of_coprime,False
-1,False,3,"lemma inf_bot_of_coprime {G : Type*} [Group G] (H K : Subgroup G)
    (h : (Nat.card H).Coprime (Nat.card K)) : H ⊓ K = ⊥ := by
  have D₁ : Nat.card (H ⊓ K : Subgroup G) ∣ Nat.card H := card_dvd_of_le inf_le_left
  have D₂ : Nat.card (H ⊓ K : Subgroup G) ∣ Nat.card K := card_dvd_of_le inf_le_right
  exact eq_bot_iff_card.2 (Nat.eq_one_of_dvd_coprimes h D₁ D₂)

",,True,-1,"lemma inf_bot_of_coprime {G : Type*} [Group G] (H K : Subgroup G)
    (h : (Nat.card H).Coprime (Nat.card K)) : H ⊓ K = ⊥ := by
  rw [eq_bot_iff_card, ← Nat.dvd_of_coprime h]
  exact Nat.card_dvd_of_le inf_le_left inf_le_right
","💥️unknown constant 'Nat.dvd_of_coprime'

💥️tactic 'rewrite' failed, equality or iff proof expected
  ?m.39348
G : Type u_1
inst✝ : Group G
H K : Subgroup G
h : (Nat.card ↥H).Coprime (Nat.card ↥K)
⊢ Nat.card ↥(H ⊓ K) = 1",False,10,MIL.C08_Groups_and_Rings.solutions.Solutions_S01_Groups,Llama-8B,LENGTH,best_of_n,False,0,-1.0,CH08.inf_bot_of_coprime,False
-1,False,3,"lemma inf_bot_of_coprime {G : Type*} [Group G] (H K : Subgroup G)
    (h : (Nat.card H).Coprime (Nat.card K)) : H ⊓ K = ⊥ := by
  have D₁ : Nat.card (H ⊓ K : Subgroup G) ∣ Nat.card H := card_dvd_of_le inf_le_left
  have D₂ : Nat.card (H ⊓ K : Subgroup G) ∣ Nat.card K := card_dvd_of_le inf_le_right
  exact eq_bot_iff_card.2 (Nat.eq_one_of_dvd_coprimes h D₁ D₂)

",,True,3,"lemma inf_bot_of_coprime {G : Type*} [Group G] (H K : Subgroup G)
    (h : (Nat.card H).Coprime (Nat.card K)) : H ⊓ K = ⊥ := by
  have D₁ : Nat.card (H ⊓ K : Subgroup G) ∣ Nat.card H := card_dvd_of_le inf_le_left
  have D₂ : Nat.card (H ⊓ K : Subgroup G) ∣ Nat.card K := card_dvd_of_le inf_le_right
  exact eq_bot_iff_card.2 (Nat.eq_one_of_dvd_coprimes h D₁ D₂)
",,True,10,MIL.C08_Groups_and_Rings.solutions.Solutions_S01_Groups,Llama-8B,LENGTH,best_of_n,False,0,0.0,CH08.inf_bot_of_coprime,False
-1,False,3,"lemma inf_bot_of_coprime {G : Type*} [Group G] (H K : Subgroup G)
    (h : (Nat.card H).Coprime (Nat.card K)) : H ⊓ K = ⊥ := by
  have D₁ : Nat.card (H ⊓ K : Subgroup G) ∣ Nat.card H := card_dvd_of_le inf_le_left
  have D₂ : Nat.card (H ⊓ K : Subgroup G) ∣ Nat.card K := card_dvd_of_le inf_le_right
  exact eq_bot_iff_card.2 (Nat.eq_one_of_dvd_coprimes h D₁ D₂)

",,True,-1,"lemma inf_bot_of_coprime {G : Type*} [Group G] (H K : Subgroup G)
    (h : (Nat.card H).Coprime (Nat.card K)) : H ⊓ K = ⊥ :=
  (card_dvd_of_le inf_le_left).trans (card_dvd_of_le inf_le_right).2 h
","💥️function expected at
  Dvd.dvd.trans (card_dvd_of_le inf_le_left) ?m.39748
term has type
  Nat.card ↥(?m.39206 ⊓ ?m.39207) ∣ ?m.39455

💥️application type mismatch
  Dvd.dvd.trans (card_dvd_of_le inf_le_left) (card_dvd_of_le inf_le_right).2
argument
  (card_dvd_of_le inf_le_right).2
has type
  Nat.card ↥?m.39496 = Nat.card ↥(?m.39495 ⊓ ?m.39496) * ⋯.1 : Prop
but is expected to have type
  Nat.card ↥?m.39206 ∣ ?m.39455 : Prop",False,10,MIL.C08_Groups_and_Rings.solutions.Solutions_S01_Groups,Llama-8B,LENGTH,best_of_n,False,0,-1.0,CH08.inf_bot_of_coprime,False
-1,False,3,"lemma inf_bot_of_coprime {G : Type*} [Group G] (H K : Subgroup G)
    (h : (Nat.card H).Coprime (Nat.card K)) : H ⊓ K = ⊥ := by
  have D₁ : Nat.card (H ⊓ K : Subgroup G) ∣ Nat.card H := card_dvd_of_le inf_le_left
  have D₂ : Nat.card (H ⊓ K : Subgroup G) ∣ Nat.card K := card_dvd_of_le inf_le_right
  exact eq_bot_iff_card.2 (Nat.eq_one_of_dvd_coprimes h D₁ D₂)

",,True,3,"lemma inf_bot_of_coprime {G : Type*} [Group G] (H K : Subgroup G)
    (h : (Nat.card H).Coprime (Nat.card K)) : H ⊓ K = ⊥ := by
  have D₁ : Nat.card (H ⊓ K : Subgroup G) ∣ Nat.card H := card_dvd_of_le inf_le_left
  have D₂ : Nat.card (H ⊓ K : Subgroup G) ∣ Nat.card K := card_dvd_of_le inf_le_right
  exact eq_bot_iff_card.2 (Nat.eq_one_of_dvd_coprimes h D₁ D₂)


",,True,10,MIL.C08_Groups_and_Rings.solutions.Solutions_S01_Groups,Llama-8B,LENGTH,best_of_n,False,0,0.0,CH08.inf_bot_of_coprime,False
-1,False,3,"lemma inf_bot_of_coprime {G : Type*} [Group G] (H K : Subgroup G)
    (h : (Nat.card H).Coprime (Nat.card K)) : H ⊓ K = ⊥ := by
  have D₁ : Nat.card (H ⊓ K : Subgroup G) ∣ Nat.card H := card_dvd_of_le inf_le_left
  have D₂ : Nat.card (H ⊓ K : Subgroup G) ∣ Nat.card K := card_dvd_of_le inf_le_right
  exact eq_bot_iff_card.2 (Nat.eq_one_of_dvd_coprimes h D₁ D₂)

",,True,1,"lemma inf_bot_of_coprime {G : Type*} [Group G] (H K : Subgroup G)
    (h : (Nat.card H).Coprime (Nat.card K)) : H ⊓ K = ⊥ := by
  exact eq_bot_iff_card.2 (Nat.eq_one_of_dvd_coprimes h (card_dvd_of_le inf_le_left)
    (card_dvd_of_le inf_le_right))
",,True,10,MIL.C08_Groups_and_Rings.solutions.Solutions_S01_Groups,Llama-8B,LENGTH,best_of_n,False,0,0.666667,CH08.inf_bot_of_coprime,False
-1,False,3,"lemma inf_bot_of_coprime {G : Type*} [Group G] (H K : Subgroup G)
    (h : (Nat.card H).Coprime (Nat.card K)) : H ⊓ K = ⊥ := by
  have D₁ : Nat.card (H ⊓ K : Subgroup G) ∣ Nat.card H := card_dvd_of_le inf_le_left
  have D₂ : Nat.card (H ⊓ K : Subgroup G) ∣ Nat.card K := card_dvd_of_le inf_le_right
  exact eq_bot_iff_card.2 (Nat.eq_one_of_dvd_coprimes h D₁ D₂)

",,True,3,"lemma inf_bot_of_coprime {G : Type*} [Group G] (H K : Subgroup G)
    (h : (Nat.card H).Coprime (Nat.card K)) : H ⊓ K = ⊥ := by
  have D₁ : Nat.card (H ⊓ K : Subgroup G) ∣ Nat.card H := card_dvd_of_le inf_le_left
  have D₂ : Nat.card (H ⊓ K : Subgroup G) ∣ Nat.card K := card_dvd_of_le inf_le_right
  exact eq_bot_iff_card.2 (Nat.eq_one_of_dvd_coprimes h D₁ D₂)
",,True,10,MIL.C08_Groups_and_Rings.solutions.Solutions_S01_Groups,Llama-8B,LENGTH,best_of_n,False,0,0.0,CH08.inf_bot_of_coprime,False
-1,False,3,"lemma inf_bot_of_coprime {G : Type*} [Group G] (H K : Subgroup G)
    (h : (Nat.card H).Coprime (Nat.card K)) : H ⊓ K = ⊥ := by
  have D₁ : Nat.card (H ⊓ K : Subgroup G) ∣ Nat.card H := card_dvd_of_le inf_le_left
  have D₂ : Nat.card (H ⊓ K : Subgroup G) ∣ Nat.card K := card_dvd_of_le inf_le_right
  exact eq_bot_iff_card.2 (Nat.eq_one_of_dvd_coprimes h D₁ D₂)

",,True,3,"lemma inf_bot_of_coprime {G : Type*} [Group G] (H K : Subgroup G)
    (h : (Nat.card H).Coprime (Nat.card K)) : H ⊓ K = ⊥ := by
  have D₁ : Nat.card (H ⊓ K : Subgroup G) ∣ Nat.card H := card_dvd_of_le inf_le_left
  have D₂ : Nat.card (H ⊓ K : Subgroup G) ∣ Nat.card K := card_dvd_of_le inf_le_right
  exact eq_bot_iff_card.2 (Nat.eq_one_of_dvd_coprimes h D₁ D₂)
",,True,10,MIL.C08_Groups_and_Rings.solutions.Solutions_S01_Groups,Llama-8B,LENGTH,best_of_n,False,0,0.0,CH08.inf_bot_of_coprime,False
-1,False,3,"lemma inf_bot_of_coprime {G : Type*} [Group G] (H K : Subgroup G)
    (h : (Nat.card H).Coprime (Nat.card K)) : H ⊓ K = ⊥ := by
  have D₁ : Nat.card (H ⊓ K : Subgroup G) ∣ Nat.card H := card_dvd_of_le inf_le_left
  have D₂ : Nat.card (H ⊓ K : Subgroup G) ∣ Nat.card K := card_dvd_of_le inf_le_right
  exact eq_bot_iff_card.2 (Nat.eq_one_of_dvd_coprimes h D₁ D₂)

",,True,-1,"lemma inf_bot_of_coprime {G : Type*} [Group G] (H K : Subgroup G)
    (h : (Nat.card H).Coprime (Nat.card K)) : H ⊓ K = ⊥ := by
  have D₁ : Nat.card (H ⊓ K : Subgroup G) ∣ Nat.card H := card_dvd_of_le inf_le_left
  have D₂ : Nat.card (H ⊓ K : Subgroup G) ∣ Nat.card K := card_dvd_of_le inf_le_right
  exact Nat.eq_one_of_dvd_coprimes h D₁ D₂
","💥️type mismatch
  Nat.eq_one_of_dvd_coprimes h D₁ D₂
has type
  Nat.card ↥(H ⊓ K) = 1 : Prop
but is expected to have type
  H ⊓ K = ⊥ : Prop",False,10,MIL.C08_Groups_and_Rings.solutions.Solutions_S01_Groups,Llama-8B,LENGTH,best_of_n,False,0,-1.0,CH08.inf_bot_of_coprime,False
-1,False,3,"lemma inf_bot_of_coprime {G : Type*} [Group G] (H K : Subgroup G)
    (h : (Nat.card H).Coprime (Nat.card K)) : H ⊓ K = ⊥ := by
  have D₁ : Nat.card (H ⊓ K : Subgroup G) ∣ Nat.card H := card_dvd_of_le inf_le_left
  have D₂ : Nat.card (H ⊓ K : Subgroup G) ∣ Nat.card K := card_dvd_of_le inf_le_right
  exact eq_bot_iff_card.2 (Nat.eq_one_of_dvd_coprimes h D₁ D₂)

",,True,1,"lemma inf_bot_of_coprime {G : Type*} [Group G] (H K : Subgroup G)
    (h : (Nat.card H).Coprime (Nat.card K)) : H ⊓ K = ⊥ := by
  exact eq_bot_iff_card.2 (Nat.eq_one_of_dvd_coprimes h (card_dvd_of_le inf_le_left)
    (card_dvd_of_le inf_le_right))
",,True,10,MIL.C08_Groups_and_Rings.solutions.Solutions_S01_Groups,Llama-8B,LENGTH,best_of_n,False,0,0.666667,CH08.inf_bot_of_coprime,False
-1,False,2,"lemma conjugate_one (H : Subgroup G) : conjugate 1 H = H := by
  ext x
  simp [conjugate]

",,True,-1,"lemma conjugate_one (H : Subgroup G) : conjugate 1 H = H := fun x ↦ by simp [conjugate, H.ext_iff]
","💥️type mismatch
  fun x => ?m.40960
has type
  (x : ?m.40956) → ?m.40961 x : Sort (imax ?u.40955 ?u.40958)
but is expected to have type
  conjugate 1 H = H : Prop

💥️simp made no progress",False,10,MIL.C08_Groups_and_Rings.solutions.Solutions_S01_Groups,Llama-8B,LENGTH,best_of_n,False,0,-1.0,CH08.conjugate_one,False
-1,False,2,"lemma conjugate_one (H : Subgroup G) : conjugate 1 H = H := by
  ext x
  simp [conjugate]

",,True,2,"lemma conjugate_one (H : Subgroup G) : conjugate 1 H = H := by
  ext x
  simp [conjugate, H.ext_iff, Subgroup.ext_iff]
",,True,10,MIL.C08_Groups_and_Rings.solutions.Solutions_S01_Groups,Llama-8B,LENGTH,best_of_n,False,0,0.0,CH08.conjugate_one,False
-1,False,2,"lemma conjugate_one (H : Subgroup G) : conjugate 1 H = H := by
  ext x
  simp [conjugate]

",,True,2,"lemma conjugate_one (H : Subgroup G) : conjugate 1 H = H := by
  ext x
  simp [conjugate, star_id_of_comm]
",,True,10,MIL.C08_Groups_and_Rings.solutions.Solutions_S01_Groups,Llama-8B,LENGTH,best_of_n,False,0,0.0,CH08.conjugate_one,False
-1,False,2,"lemma conjugate_one (H : Subgroup G) : conjugate 1 H = H := by
  ext x
  simp [conjugate]

",,True,-1,"lemma conjugate_one (H : Subgroup G) : conjugate 1 H = H :=
  fun _ ↦ by simp [conjugate]
","💥️type mismatch
  fun x => ?m.40960
has type
  (x : ?m.40956) → ?m.40961 x : Sort (imax ?u.40955 ?u.40958)
but is expected to have type
  conjugate 1 H = H : Prop

💥️simp made no progress",False,10,MIL.C08_Groups_and_Rings.solutions.Solutions_S01_Groups,Llama-8B,LENGTH,best_of_n,False,0,-1.0,CH08.conjugate_one,False
-1,False,2,"lemma conjugate_one (H : Subgroup G) : conjugate 1 H = H := by
  ext x
  simp [conjugate]

",,True,2,"lemma conjugate_one (H : Subgroup G) : conjugate 1 H = H := by
  ext x
  simp [conjugate]
",,True,10,MIL.C08_Groups_and_Rings.solutions.Solutions_S01_Groups,Llama-8B,LENGTH,best_of_n,False,0,0.0,CH08.conjugate_one,False
-1,False,2,"lemma conjugate_one (H : Subgroup G) : conjugate 1 H = H := by
  ext x
  simp [conjugate]

",,True,-1,"lemma conjugate_one (H : Subgroup G) : conjugate 1 H = H := fun x ↦ by simp [conjugate]
","💥️type mismatch
  fun x => ?m.40960
has type
  (x : ?m.40956) → ?m.40961 x : Sort (imax ?u.40955 ?u.40958)
but is expected to have type
  conjugate 1 H = H : Prop

💥️simp made no progress",False,10,MIL.C08_Groups_and_Rings.solutions.Solutions_S01_Groups,Llama-8B,LENGTH,best_of_n,False,0,-1.0,CH08.conjugate_one,False
-1,False,2,"lemma conjugate_one (H : Subgroup G) : conjugate 1 H = H := by
  ext x
  simp [conjugate]

",,True,-1,"lemma conjugate_one (H : Subgroup G) : conjugate 1 H = H := by
  ext x
  simp [conjugate, H.id.ext_iff]
","💥️invalid field 'id', the environment does not contain 'Subgroup.id'
  H
has type
  Subgroup G",False,10,MIL.C08_Groups_and_Rings.solutions.Solutions_S01_Groups,Llama-8B,LENGTH,best_of_n,False,0,-1.0,CH08.conjugate_one,False
-1,False,2,"lemma conjugate_one (H : Subgroup G) : conjugate 1 H = H := by
  ext x
  simp [conjugate]

",,True,-1,"lemma conjugate_one (H : Subgroup G) : conjugate 1 H = H :=
  fun _ ↦ by simp [conjugate]
","💥️type mismatch
  fun x => ?m.40960
has type
  (x : ?m.40956) → ?m.40961 x : Sort (imax ?u.40955 ?u.40958)
but is expected to have type
  conjugate 1 H = H : Prop

💥️simp made no progress",False,10,MIL.C08_Groups_and_Rings.solutions.Solutions_S01_Groups,Llama-8B,LENGTH,best_of_n,False,0,-1.0,CH08.conjugate_one,False
-1,False,2,"lemma conjugate_one (H : Subgroup G) : conjugate 1 H = H := by
  ext x
  simp [conjugate]

",,True,2,"lemma conjugate_one (H : Subgroup G) : conjugate 1 H = H := by
  ext x
  simp [conjugate, H.ext_iff]
",,True,10,MIL.C08_Groups_and_Rings.solutions.Solutions_S01_Groups,Llama-8B,LENGTH,best_of_n,False,0,0.0,CH08.conjugate_one,False
-1,False,2,"lemma conjugate_one (H : Subgroup G) : conjugate 1 H = H := by
  ext x
  simp [conjugate]

",,True,2,"lemma conjugate_one (H : Subgroup G) : conjugate 1 H = H := by
  ext x
  simp [conjugate]
",,True,10,MIL.C08_Groups_and_Rings.solutions.Solutions_S01_Groups,Llama-8B,LENGTH,best_of_n,False,0,0.0,CH08.conjugate_one,False
-1,False,4,"lemma aux_card_eq [Finite G] (h' : Nat.card G = Nat.card H * Nat.card K) :
    Nat.card (G ⧸ H) = Nat.card K := by
  have := calc
    Nat.card (G ⧸ H) * Nat.card H = Nat.card G := by rw [← H.index_eq_card, H.index_mul_card]
    _                             = Nat.card K * Nat.card H := by rw [h', mul_comm]

  exact Nat.eq_of_mul_eq_mul_right Nat.card_pos this

",,True,-1,"lemma aux_card_eq [Finite G] (h' : Nat.card G = Nat.card H * Nat.card K) :
    Nat.card (G ⧸ H) = Nat.card K :=
  H.knot_card_eq_of_mul_eq_num H (h' 2)

","💥️invalid field 'knot_card_eq_of_mul_eq_num', the environment does not contain 'Subgroup.knot_card_eq_of_mul_eq_num'
  H
has type
  Subgroup G",False,10,MIL.C08_Groups_and_Rings.solutions.Solutions_S01_Groups,Llama-8B,LENGTH,best_of_n,False,0,-1.0,CH08.aux_card_eq,False
-1,False,4,"lemma aux_card_eq [Finite G] (h' : Nat.card G = Nat.card H * Nat.card K) :
    Nat.card (G ⧸ H) = Nat.card K := by
  have := calc
    Nat.card (G ⧸ H) * Nat.card H = Nat.card G := by rw [← H.index_eq_card, H.index_mul_card]
    _                             = Nat.card K * Nat.card H := by rw [h', mul_comm]

  exact Nat.eq_of_mul_eq_mul_right Nat.card_pos this

",,True,-1,"lemma aux_card_eq [Finite G] (h' : Nat.card G = Nat.card H * Nat.card K) :
    Nat.card (G ⧸ H) = Nat.card K := by
  have := calc
    Nat.card (G ⧸ H) * Nat.card H = Nat.card G := by rw [← H.index_eq_card, H.index_mul_card]
    _                             = Nat.card K * Nat.card H := by rw [h', mul_comm]
    _                             = Nat.card K := by rw [mul_assoc, Nat.card K * Nat.card H]

  exact Nat.eq_of_mul_eq_mul_right Nat.card_pos this


","💥️tactic 'rewrite' failed, did not find instance of the pattern in the target expression
  ?a * ?b * ?c
G : Type u_1
inst✝¹ : Group G
H K : Subgroup G
inst✝ : Finite G
h' : Nat.card G = Nat.card ↥H * Nat.card ↥K
⊢ Nat.card ↥K * Nat.card ↥H = Nat.card ↥K

💥️application type mismatch
  Nat.eq_of_mul_eq_mul_right Nat.card_pos this
argument
  this
has type
  Nat.card (G ⧸ H) * Nat.card ↥H = Nat.card ↥K : Prop
but is expected to have type
  Nat.card (G ⧸ H) * Nat.card ?m.51692 = Nat.card ↥K * Nat.card ?m.51692 : Prop",False,10,MIL.C08_Groups_and_Rings.solutions.Solutions_S01_Groups,Llama-8B,LENGTH,best_of_n,False,0,-1.0,CH08.aux_card_eq,False
-1,False,4,"lemma aux_card_eq [Finite G] (h' : Nat.card G = Nat.card H * Nat.card K) :
    Nat.card (G ⧸ H) = Nat.card K := by
  have := calc
    Nat.card (G ⧸ H) * Nat.card H = Nat.card G := by rw [← H.index_eq_card, H.index_mul_card]
    _                             = Nat.card K * Nat.card H := by rw [h', mul_comm]

  exact Nat.eq_of_mul_eq_mul_right Nat.card_pos this

",,True,4,"lemma aux_card_eq [Finite G] (h' : Nat.card G = Nat.card H * Nat.card K) :
    Nat.card (G ⧸ H) = Nat.card K := by
  have := calc
    Nat.card (G ⧸ H) * Nat.card H = Nat.card G := by rw [← H.index_eq_card, H.index_mul_card]
    _                             = Nat.card K * Nat.card H := by rw [h', mul_comm]

  exact Nat.eq_of_mul_eq_mul_right Nat.card_pos this
",,True,10,MIL.C08_Groups_and_Rings.solutions.Solutions_S01_Groups,Llama-8B,LENGTH,best_of_n,False,0,0.0,CH08.aux_card_eq,False
-1,False,4,"lemma aux_card_eq [Finite G] (h' : Nat.card G = Nat.card H * Nat.card K) :
    Nat.card (G ⧸ H) = Nat.card K := by
  have := calc
    Nat.card (G ⧸ H) * Nat.card H = Nat.card G := by rw [← H.index_eq_card, H.index_mul_card]
    _                             = Nat.card K * Nat.card H := by rw [h', mul_comm]

  exact Nat.eq_of_mul_eq_mul_right Nat.card_pos this

",,True,-1,"lemma aux_card_eq [Finite G] (h' : Nat.card G = Nat.card H * Nat.card K) :
    Nat.card (G ⧸ H) = Nat.card K := by
  have := calc
    Nat.card (G ⧸ H) * Nat.card H = Nat.card G := by rw [← H.index_eq_card, H.index_mul_card]
    _                             = Nat.card K * Nat.card H := by rw [h', mul_comm]
    _                            = Nat.card (G ⧸ H) := by rw [Nat.card_mul_div_eq_nat_card_div, H.card_eq]

  exact Nat.eq_of_mul_eq_mul_right Nat.card_pos this

","💥️unknown constant 'Nat.card_mul_div_eq_nat_card_div'

💥️tactic 'rewrite' failed, equality or iff proof expected
  ?m.51448
G : Type u_1
inst✝¹ : Group G
H K : Subgroup G
inst✝ : Finite G
h' : Nat.card G = Nat.card ↥H * Nat.card ↥K
⊢ Nat.card ↥K * Nat.card ↥H = Nat.card (G ⧸ H)

💥️application type mismatch
  Nat.eq_of_mul_eq_mul_right Nat.card_pos this
argument
  this
has type
  Nat.card (G ⧸ H) * Nat.card ↥H = Nat.card (G ⧸ H) : Prop
but is expected to have type
  Nat.card (G ⧸ H) * Nat.card ?m.51456 = Nat.card ↥K * Nat.card ?m.51456 : Prop",False,10,MIL.C08_Groups_and_Rings.solutions.Solutions_S01_Groups,Llama-8B,LENGTH,best_of_n,False,0,-1.0,CH08.aux_card_eq,False
-1,False,4,"lemma aux_card_eq [Finite G] (h' : Nat.card G = Nat.card H * Nat.card K) :
    Nat.card (G ⧸ H) = Nat.card K := by
  have := calc
    Nat.card (G ⧸ H) * Nat.card H = Nat.card G := by rw [← H.index_eq_card, H.index_mul_card]
    _                             = Nat.card K * Nat.card H := by rw [h', mul_comm]

  exact Nat.eq_of_mul_eq_mul_right Nat.card_pos this

",,True,-1,"lemma aux_card_eq [Finite G] (h' : Nat.card G = Nat.card H * Nat.card K) :
    Nat.card (G ⧸ H) = Nat.card K := by
  calc
    Nat.card (G ⧸ H) * Nat.card H = Nat.card G := by rw [← H.index_eq_card, H.index_mulcard]
    _                             = Nat.card K * Nat.card H := by rw [h', mul_comm]
    _    = Nat.card K := by rw [mul_div_eq_mul_mul, H.card_mul_card]

  exact Nat.eq_of_mul_eq_mul_right Nat.card_pos this


","💥️invalid 'calc' step, left-hand side is
  Nat.card (G ⧸ H) * Nat.card ↥H : ℕ
but is expected to be
  Nat.card (G ⧸ H) : ℕ",False,10,MIL.C08_Groups_and_Rings.solutions.Solutions_S01_Groups,Llama-8B,LENGTH,best_of_n,False,0,-1.0,CH08.aux_card_eq,False
-1,False,4,"lemma aux_card_eq [Finite G] (h' : Nat.card G = Nat.card H * Nat.card K) :
    Nat.card (G ⧸ H) = Nat.card K := by
  have := calc
    Nat.card (G ⧸ H) * Nat.card H = Nat.card G := by rw [← H.index_eq_card, H.index_mul_card]
    _                             = Nat.card K * Nat.card H := by rw [h', mul_comm]

  exact Nat.eq_of_mul_eq_mul_right Nat.card_pos this

",,True,-1,"lemma aux_card_eq [Finite G] (h' : Nat.card G = Nat.card H * Nat.card K) :
    Nat.card (G ⧸ H) = Nat.card K :=
  have := calc
    Nat.card (G ⧸ H) * Nat.card H = Nat.card G := by rw [← H.index_eq_card, H.index_mul_card]
    _                             = Nat.card K * Nat.card H := by rw [h', mul_comm]
    _                     = Nat.card (G ⧸ H) := by rw [Nat.eq_mul_eq_mul_right, conveniently_comm]
","💥️unexpected end of input

💥️unknown constant 'Nat.eq_mul_eq_mul_right'",False,10,MIL.C08_Groups_and_Rings.solutions.Solutions_S01_Groups,Llama-8B,LENGTH,best_of_n,False,0,-1.0,CH08.aux_card_eq,False
-1,False,4,"lemma aux_card_eq [Finite G] (h' : Nat.card G = Nat.card H * Nat.card K) :
    Nat.card (G ⧸ H) = Nat.card K := by
  have := calc
    Nat.card (G ⧸ H) * Nat.card H = Nat.card G := by rw [← H.index_eq_card, H.index_mul_card]
    _                             = Nat.card K * Nat.card H := by rw [h', mul_comm]

  exact Nat.eq_of_mul_eq_mul_right Nat.card_pos this

",,True,-1,"lemma aux_card_eq [Finite G] (h' : Nat.card G = Nat.card H * Nat.card K) :
    Nat.card (G ⧸ H) = Nat.card K := by
  have := calc
    Nat.card (G ⧸ H) * Nat.card H = Nat.card G := by rw [← H.index_eq_card, H.index_mul_card]
    _                             = Nat.card K * Nat.card H := by rw [h', mul_comm]
    _                 = Nat.eq_of_mul_eq_mul_right Nat.card_pos this

","💥️unexpected end of input; expected ':='

💥️unknown identifier 'this'

💥️invalid 'calc' step, left-hand side is
  Sort ?u.51072 : Type ?u.51072
but previous right-hand side is
  Nat.card ↥K * Nat.card ↥H : ℕ

💥️unsolved goals
G : Type u_1
inst✝¹ : Group G
H K : Subgroup G
inst✝ : Finite G
h' : Nat.card G = Nat.card ↥H * Nat.card ↥K
⊢ Nat.card (G ⧸ H) = Nat.card ↥K",False,10,MIL.C08_Groups_and_Rings.solutions.Solutions_S01_Groups,Llama-8B,LENGTH,best_of_n,False,0,-1.0,CH08.aux_card_eq,False
-1,False,4,"lemma aux_card_eq [Finite G] (h' : Nat.card G = Nat.card H * Nat.card K) :
    Nat.card (G ⧸ H) = Nat.card K := by
  have := calc
    Nat.card (G ⧸ H) * Nat.card H = Nat.card G := by rw [← H.index_eq_card, H.index_mul_card]
    _                             = Nat.card K * Nat.card H := by rw [h', mul_comm]

  exact Nat.eq_of_mul_eq_mul_right Nat.card_pos this

",,True,-1,"lemma aux_card_eq [Finite G] (h' : Nat.card G = Nat.card H * Nat.card K) :
    Nat.card (G ⧸ H) = Nat.card K := by
  have := calc
    Nat.card (G ⧸ H) * Nat.card H = Nat.card G := by rw [← H.index_eq_card, H.index_mul_card]
    _                             = Nat.card K * Nat.card H := by rw [h', mul_comm]
    _                             = Nat.card K * Nat.card (G ⧸ H) := by rw [mul_comm]

  exact Nat.eq_of_mul_eq_mul_right Nat.card_pos this


","💥️unsolved goals
G : Type u_1
inst✝¹ : Group G
H K : Subgroup G
inst✝ : Finite G
h' : Nat.card G = Nat.card ↥H * Nat.card ↥K
⊢ Nat.card ↥H * Nat.card ↥K = Nat.card ↥K * Nat.card (G ⧸ H)

💥️application type mismatch
  Nat.eq_of_mul_eq_mul_right Nat.card_pos this
argument
  this
has type
  Nat.card (G ⧸ H) * Nat.card ↥H = Nat.card ↥K * Nat.card (G ⧸ H) : Prop
but is expected to have type
  Nat.card (G ⧸ H) * Nat.card ?m.51676 = Nat.card ↥K * Nat.card ?m.51676 : Prop",False,10,MIL.C08_Groups_and_Rings.solutions.Solutions_S01_Groups,Llama-8B,LENGTH,best_of_n,False,0,-1.0,CH08.aux_card_eq,False
-1,False,4,"lemma aux_card_eq [Finite G] (h' : Nat.card G = Nat.card H * Nat.card K) :
    Nat.card (G ⧸ H) = Nat.card K := by
  have := calc
    Nat.card (G ⧸ H) * Nat.card H = Nat.card G := by rw [← H.index_eq_card, H.index_mul_card]
    _                             = Nat.card K * Nat.card H := by rw [h', mul_comm]

  exact Nat.eq_of_mul_eq_mul_right Nat.card_pos this

",,True,-1,"lemma aux_card_eq [Finite G] (h' : Nat.card G = Nat.card H * Nat.card K) :
    Nat.card (G ⧸ H) = Nat.card K := by
  have := calc
    Nat.card (G ⧸ H) * Nat.card H = Nat.card G := by rw [← H.index_eq_card, H.index_mul_card]
    _                             = Nat.card K * Nat.card H := by rw [h', mul_comm]
    _                             = Nat.card K := by gcongr

  exact Nat.eq_of_mul_eq_mul_right Nat.card_pos this


","💥️gcongr did not make progress

💥️application type mismatch
  Nat.eq_of_mul_eq_mul_right Nat.card_pos this
argument
  this
has type
  Nat.card (G ⧸ H) * Nat.card ↥H = Nat.card ↥K : Prop
but is expected to have type
  Nat.card (G ⧸ H) * Nat.card ?m.52304 = Nat.card ↥K * Nat.card ?m.52304 : Prop",False,10,MIL.C08_Groups_and_Rings.solutions.Solutions_S01_Groups,Llama-8B,LENGTH,best_of_n,False,0,-1.0,CH08.aux_card_eq,False
-1,False,4,"lemma aux_card_eq [Finite G] (h' : Nat.card G = Nat.card H * Nat.card K) :
    Nat.card (G ⧸ H) = Nat.card K := by
  have := calc
    Nat.card (G ⧸ H) * Nat.card H = Nat.card G := by rw [← H.index_eq_card, H.index_mul_card]
    _                             = Nat.card K * Nat.card H := by rw [h', mul_comm]

  exact Nat.eq_of_mul_eq_mul_right Nat.card_pos this

",,True,-1,"lemma aux_card_eq [Finite G] (h' : Nat.card G = Nat.card H * Nat.card K) :
    Nat.card (G ⧸ H) = Nat.card K := by
  rw [h', mul_comm]
  linear_combination Nat.card (G ⧸ H) * Nat.card H
","💥️tactic 'rewrite' failed, did not find instance of the pattern in the target expression
  Nat.card G
G : Type u_1
inst✝¹ : Group G
H K : Subgroup G
inst✝ : Finite G
h' : Nat.card G = Nat.card ↥H * Nat.card ↥K
⊢ Nat.card (G ⧸ H) = Nat.card ↥K",False,10,MIL.C08_Groups_and_Rings.solutions.Solutions_S01_Groups,Llama-8B,LENGTH,best_of_n,False,0,-1.0,CH08.aux_card_eq,False
-1,False,7,"def iso₁ [Fintype G] (h : Disjoint H K) (h' : Nat.card G = Nat.card H * Nat.card K) : K ≃* G ⧸ H := by
  apply MulEquiv.ofBijective ((QuotientGroup.mk' H).restrict K)
  rw [Nat.bijective_iff_injective_and_card]
  constructor
  · rw [← ker_eq_bot_iff, (QuotientGroup.mk' H).ker_restrict K]
    simp [h]
  · symm
    exact aux_card_eq h'

",,True,7,"def iso₁ [Fintype G] (h : Disjoint H K) (h' : Nat.card G = Nat.card H * Nat.card K) : K ≃* G ⧸ H := by
  apply MulEquiv.ofBijective ((QuotientGroup.mk' H).restrict K)
  rw [Nat.bijective_iff_injective_and_card]
  constructor
  · rw [← ker_eq_bot_iff, (QuotientGroup.mk' H).ker_restrict K]
    simp [h]
  · symm
    exact aux_card_eq h'
",,True,10,MIL.C08_Groups_and_Rings.solutions.Solutions_S01_Groups,Llama-8B,LENGTH,best_of_n,False,0,0.0,CH08.iso₁,False
-1,False,7,"def iso₁ [Fintype G] (h : Disjoint H K) (h' : Nat.card G = Nat.card H * Nat.card K) : K ≃* G ⧸ H := by
  apply MulEquiv.ofBijective ((QuotientGroup.mk' H).restrict K)
  rw [Nat.bijective_iff_injective_and_card]
  constructor
  · rw [← ker_eq_bot_iff, (QuotientGroup.mk' H).ker_restrict K]
    simp [h]
  · symm
    exact aux_card_eq h'

",,True,-1," TribeIsoiso₁_of_X (U : WithOut H K) (X : WithOut H K) (h : Disjoint H K) : K ≃* G ⧸ H := by
  apply MulEquiv.ofBijective ((QuotientGroup.mk' H).restrict K)
  rw [Nat.bijective_iff_injective_and_card]
  constructor
  · rw [← ker_eq_bot_iff, (QuotientGroup.mk' H).ker_restrict K]
    clear_value h
    fold rw [← h, star_id_of_comm]
  · symm
    exact aux_card_eq h'
",💥️unexpected identifier; expected command,False,10,MIL.C08_Groups_and_Rings.solutions.Solutions_S01_Groups,Llama-8B,LENGTH,best_of_n,False,0,-1.0,CH08.iso₁,False
-1,False,7,"def iso₁ [Fintype G] (h : Disjoint H K) (h' : Nat.card G = Nat.card H * Nat.card K) : K ≃* G ⧸ H := by
  apply MulEquiv.ofBijective ((QuotientGroup.mk' H).restrict K)
  rw [Nat.bijective_iff_injective_and_card]
  constructor
  · rw [← ker_eq_bot_iff, (QuotientGroup.mk' H).ker_restrict K]
    simp [h]
  · symm
    exact aux_card_eq h'

",,True,-1,"def iso₁ [Fintype G] (h : Disjoint H K) (h' : Nat.card G = Nat.card H * Nat.card K) : K ≃* G ⧸ H := by
  apply MulEquiv.ofBijective ((QuotientGroup.mk' H).restrict K)
  rw [Nat.bijective_iff_injective_and_card]
  constructor
  · rw [← ker_eq_bot_iff, (QuotientGroup.mk' H).ker_restrict K]
    simp [h]
  · symm
    exact aux_card_eq h


","💥️application type mismatch
  aux_card_eq h
argument
  h
has type
  Disjoint H K : Prop
but is expected to have type
  Nat.card G = Nat.card ↥H * Nat.card ↥K : Prop",False,10,MIL.C08_Groups_and_Rings.solutions.Solutions_S01_Groups,Llama-8B,LENGTH,best_of_n,False,0,-1.0,CH08.iso₁,False
-1,False,7,"def iso₁ [Fintype G] (h : Disjoint H K) (h' : Nat.card G = Nat.card H * Nat.card K) : K ≃* G ⧸ H := by
  apply MulEquiv.ofBijective ((QuotientGroup.mk' H).restrict K)
  rw [Nat.bijective_iff_injective_and_card]
  constructor
  · rw [← ker_eq_bot_iff, (QuotientGroup.mk' H).ker_restrict K]
    simp [h]
  · symm
    exact aux_card_eq h'

",,True,-1,"theorem iso₁ [Fintype G] (h : Disjoint H K) (h' : Nat.card G = Nat.card H * Nat.card K) : K ≃* G ⧸ H := by
  apply MulEquiv.ofBijective ((QuotientGroup.mk' H).restrict K)
  rw [Nat.bijective_iff_injective_and_card]
  constructor
  · rw [← ker_eq_bot_iff, (QuotientGroup.mk' H).ker_restrict K]
    simp [h]
  · symm
    exact aux_card_eq h'
","💥️type of theorem 'CH08.iso₁' is not a proposition
  {G : Type u_1} →
    [inst : Group G] →
      {H K : Subgroup G} →
        [inst_1 : H.Normal] →
          [inst_2 : K.Normal] →
            [inst_3 : Fintype G] →
              [inst_4 : Fintype G] → Disjoint H K → Nat.card G = Nat.card ↥H * Nat.card ↥K → ↥K ≃* G ⧸ H",False,10,MIL.C08_Groups_and_Rings.solutions.Solutions_S01_Groups,Llama-8B,LENGTH,best_of_n,False,0,-1.0,CH08.iso₁,False
-1,False,7,"def iso₁ [Fintype G] (h : Disjoint H K) (h' : Nat.card G = Nat.card H * Nat.card K) : K ≃* G ⧸ H := by
  apply MulEquiv.ofBijective ((QuotientGroup.mk' H).restrict K)
  rw [Nat.bijective_iff_injective_and_card]
  constructor
  · rw [← ker_eq_bot_iff, (QuotientGroup.mk' H).ker_restrict K]
    simp [h]
  · symm
    exact aux_card_eq h'

",,True,7,"def iso₁ [Fintype G] (h : Disjoint H K) (h' : Nat.card G = Nat.card H * Nat.card K) : K ≃* G ⧸ H := by
  apply MulEquiv.ofBijective ((QuotientGroup.mk' H).restrict K)
  rw [Nat.bijective_iff_injective_and_card]
  constructor
  · rw [← ker_eq_bot_iff, (QuotientGroup.mk' H).ker_restrict K]
    simp [h]
  · symm
    exact aux_card_eq h'
",,True,10,MIL.C08_Groups_and_Rings.solutions.Solutions_S01_Groups,Llama-8B,LENGTH,best_of_n,False,0,0.0,CH08.iso₁,False
-1,False,7,"def iso₁ [Fintype G] (h : Disjoint H K) (h' : Nat.card G = Nat.card H * Nat.card K) : K ≃* G ⧸ H := by
  apply MulEquiv.ofBijective ((QuotientGroup.mk' H).restrict K)
  rw [Nat.bijective_iff_injective_and_card]
  constructor
  · rw [← ker_eq_bot_iff, (QuotientGroup.mk' H).ker_restrict K]
    simp [h]
  · symm
    exact aux_card_eq h'

",,True,-1,"restrict K with H

theorem iso₁ [Fintype G] (h : Disjoint H K) (h' : Nat.card G = Nat.card H * Nat.card K) : K ≃* G ⧸ H := by
  apply MulEquiv.ofBijective ((QuotientGroup.mk' H).restrict K)
  rw [Nat.bijective_iff_injective_and_card]
  constructor
  · rw [← ker_eq_bot_iff, (QuotientGroup.mk' H).ker_restrict K]
    simp [h]
  · exact aux_card_eq h'
","💥️unexpected identifier; expected command

💥️type mismatch
  aux_card_eq h'
has type
  Nat.card (G ⧸ H) = Nat.card ↥K : Prop
but is expected to have type
  Nat.card ↥K = Nat.card (G ⧸ H) : Prop

💥️type of theorem 'CH08.iso₁' is not a proposition
  {G : Type u_1} →
    [inst : Group G] →
      {H K : Subgroup G} →
        [inst_1 : H.Normal] →
          [inst_2 : K.Normal] →
            [inst_3 : Fintype G] →
              [inst_4 : Fintype G] → Disjoint H K → Nat.card G = Nat.card ↥H * Nat.card ↥K → ↥K ≃* G ⧸ H",False,10,MIL.C08_Groups_and_Rings.solutions.Solutions_S01_Groups,Llama-8B,LENGTH,best_of_n,False,0,-1.0,CH08.iso₁,False
-1,False,7,"def iso₁ [Fintype G] (h : Disjoint H K) (h' : Nat.card G = Nat.card H * Nat.card K) : K ≃* G ⧸ H := by
  apply MulEquiv.ofBijective ((QuotientGroup.mk' H).restrict K)
  rw [Nat.bijective_iff_injective_and_card]
  constructor
  · rw [← ker_eq_bot_iff, (QuotientGroup.mk' H).ker_restrict K]
    simp [h]
  · symm
    exact aux_card_eq h'

",,True,-1,"theorem iso₁ [Fintype G] (h : Disjoint H K) (h' : Nat.card G = Nat.card H * Nat.card K) : K ≃* G ⧸ H := by
  apply MulEquiv.ofBijective ((QuotientGroup.mk' H).restrict K)
  rw [Nat.bijective_iff_injective_and_card]
  constructor
  · rw [← ker_eq_bot_iff, (QuotientGroup.mk' H).ker_restrict K]
    simp [h]
  · symm
    exact aux_card_eq h'
","💥️type of theorem 'CH08.iso₁' is not a proposition
  {G : Type u_1} →
    [inst : Group G] →
      {H K : Subgroup G} →
        [inst_1 : H.Normal] →
          [inst_2 : K.Normal] →
            [inst_3 : Fintype G] →
              [inst_4 : Fintype G] → Disjoint H K → Nat.card G = Nat.card ↥H * Nat.card ↥K → ↥K ≃* G ⧸ H",False,10,MIL.C08_Groups_and_Rings.solutions.Solutions_S01_Groups,Llama-8B,LENGTH,best_of_n,False,0,-1.0,CH08.iso₁,False
-1,False,7,"def iso₁ [Fintype G] (h : Disjoint H K) (h' : Nat.card G = Nat.card H * Nat.card K) : K ≃* G ⧸ H := by
  apply MulEquiv.ofBijective ((QuotientGroup.mk' H).restrict K)
  rw [Nat.bijective_iff_injective_and_card]
  constructor
  · rw [← ker_eq_bot_iff, (QuotientGroup.mk' H).ker_restrict K]
    simp [h]
  · symm
    exact aux_card_eq h'

",,True,7,"def iso₁ [Fintype G] (h : Disjoint H K) (h' : Nat.card G = Nat.card H * Nat.card K) : K ≃* G ⧸ H := by
  apply MulEquiv.ofBijective ((QuotientGroup.mk' H).restrict K)
  rw [Nat.bijective_iff_injective_and_card]
  constructor
  · rw [← ker_eq_bot_iff, (QuotientGroup.mk' H).ker_restrict K]
    simp [h]
  · symm
    exact aux_card_eq h'
",,True,10,MIL.C08_Groups_and_Rings.solutions.Solutions_S01_Groups,Llama-8B,LENGTH,best_of_n,False,0,0.0,CH08.iso₁,False
-1,False,7,"def iso₁ [Fintype G] (h : Disjoint H K) (h' : Nat.card G = Nat.card H * Nat.card K) : K ≃* G ⧸ H := by
  apply MulEquiv.ofBijective ((QuotientGroup.mk' H).restrict K)
  rw [Nat.bijective_iff_injective_and_card]
  constructor
  · rw [← ker_eq_bot_iff, (QuotientGroup.mk' H).ker_restrict K]
    simp [h]
  · symm
    exact aux_card_eq h'

",,True,-1,"def iso₁ [Fintype G] (h : Disjoint H K) (h' : Nat.card G = Nat.card H * Nat.card K) : K ≃* G ⧸ H :=
  p(quotient.mk' H) K (h' <| $(success mk' H K).1)
",💥️unknown identifier 'p',False,10,MIL.C08_Groups_and_Rings.solutions.Solutions_S01_Groups,Llama-8B,LENGTH,best_of_n,False,0,-1.0,CH08.iso₁,False
-1,False,7,"def iso₁ [Fintype G] (h : Disjoint H K) (h' : Nat.card G = Nat.card H * Nat.card K) : K ≃* G ⧸ H := by
  apply MulEquiv.ofBijective ((QuotientGroup.mk' H).restrict K)
  rw [Nat.bijective_iff_injective_and_card]
  constructor
  · rw [← ker_eq_bot_iff, (QuotientGroup.mk' H).ker_restrict K]
    simp [h]
  · symm
    exact aux_card_eq h'

",,True,-1,"def iso₁ [Fintype G] (h : Disjoint H K) (h' : Nat.card G = Nat.card H * Nat.card K) : K ≃* G ⧸ H := by
  apply MulEquiv.ofBijective ((QuotientGroup.mk' H).restrict K)
  rw [Nat.bijective_iff_injective_and_card]
  constructor
  · exact ne_ker_iff'.mp (QuotientGroup.mk' H).ker_restrict K h
  · symm
    exact aux_card_eq h'
",💥️unknown identifier 'ne_ker_iff'.mp',False,10,MIL.C08_Groups_and_Rings.solutions.Solutions_S01_Groups,Llama-8B,LENGTH,best_of_n,False,0,-1.0,CH08.iso₁,False
-1,False,7,"def iso₂ : G ≃* (G ⧸ K) × (G ⧸ H) := by
  apply MulEquiv.ofBijective <| (QuotientGroup.mk' K).prod (QuotientGroup.mk' H)
  rw [Nat.bijective_iff_injective_and_card]
  constructor
  · rw [← ker_eq_bot_iff, ker_prod]
    simp [h.symm.eq_bot]
  · rw [Nat.card_prod]
    rw [aux_card_eq h', aux_card_eq (mul_comm (Nat.card H) _▸ h'), h']

",,True,-1,"def iso₂ : G ≃* (G ⧸ K) × (G ⧸ H) :=
  MulEquiv.ofBijective <| (QuotientGroup.mk' K).prod (QuotientGroup.mk' H)
  rw [Nat.bijective_iff_injective_and_card]
  constructor
  · rw [← ker_eq_bot_iff, ker_prod]
    simp [h.symm.eq_bot]
  · rw [Nat.card_prod]
    rw [aux_card_eq h', aux_card_eq (mul_comm (Nat.card H) _▸ h'), h']


",💥️unknown identifier 'rw',False,10,MIL.C08_Groups_and_Rings.solutions.Solutions_S01_Groups,Llama-8B,LENGTH,best_of_n,False,0,-1.0,CH08.iso₂,False
-1,False,7,"def iso₂ : G ≃* (G ⧸ K) × (G ⧸ H) := by
  apply MulEquiv.ofBijective <| (QuotientGroup.mk' K).prod (QuotientGroup.mk' H)
  rw [Nat.bijective_iff_injective_and_card]
  constructor
  · rw [← ker_eq_bot_iff, ker_prod]
    simp [h.symm.eq_bot]
  · rw [Nat.card_prod]
    rw [aux_card_eq h', aux_card_eq (mul_comm (Nat.card H) _▸ h'), h']

",,True,-1,"def iso₂ : G ≃* (G ⧸ K) × (G ⧸ H) := by
  refine MulEquiv.ofBijective (@.prod_mk' K H)
  rwa [blablabla]
","💥️unexpected syntax
  @.prod_mk' K H

💥️no goals to be solved",False,10,MIL.C08_Groups_and_Rings.solutions.Solutions_S01_Groups,Llama-8B,LENGTH,best_of_n,False,0,-1.0,CH08.iso₂,False
-1,False,7,"def iso₂ : G ≃* (G ⧸ K) × (G ⧸ H) := by
  apply MulEquiv.ofBijective <| (QuotientGroup.mk' K).prod (QuotientGroup.mk' H)
  rw [Nat.bijective_iff_injective_and_card]
  constructor
  · rw [← ker_eq_bot_iff, ker_prod]
    simp [h.symm.eq_bot]
  · rw [Nat.card_prod]
    rw [aux_card_eq h', aux_card_eq (mul_comm (Nat.card H) _▸ h'), h']

",,True,-1,"def iso₂ : G ≃* (G ⧸ K) × (G ⧸ H) := by
  apply MulEquiv.ofBijective <| (QuotientGroup.mk' K).prod (QuotientGroup.mk' H)
  rw [MulEquiv.ofBijective MultiEquiv.prodEquiv (by simp), bijective_iff_injective_and_card]
  exact ⟨by simp [h.symm.eq_bot], Nat.card_prod _ (by simpa using h' (Nat.card H))⟩
","💥️unknown identifier 'MultiEquiv.prodEquiv'

💥️tactic 'rewrite' failed, equality or iff proof expected
  ?m.72452 ≃* ?m.72453
G : Type u_1
inst✝³ : Group G
H K : Subgroup G
inst✝² : H.Normal
inst✝¹ : K.Normal
inst✝ : Fintype G
h : Disjoint H K
h' : Nat.card G = Nat.card ↥H * Nat.card ↥K
⊢ Function.Bijective ⇑((QuotientGroup.mk' K).prod (QuotientGroup.mk' H))",False,10,MIL.C08_Groups_and_Rings.solutions.Solutions_S01_Groups,Llama-8B,LENGTH,best_of_n,False,0,-1.0,CH08.iso₂,False
-1,False,7,"def iso₂ : G ≃* (G ⧸ K) × (G ⧸ H) := by
  apply MulEquiv.ofBijective <| (QuotientGroup.mk' K).prod (QuotientGroup.mk' H)
  rw [Nat.bijective_iff_injective_and_card]
  constructor
  · rw [← ker_eq_bot_iff, ker_prod]
    simp [h.symm.eq_bot]
  · rw [Nat.card_prod]
    rw [aux_card_eq h', aux_card_eq (mul_comm (Nat.card H) _▸ h'), h']

",,True,7,"def iso₂ : G ≃* (G ⧸ K) × (G ⧸ H) := by
  apply MulEquiv.ofBijective <| (QuotientGroup.mk' K).prod (QuotientGroup.mk' H)
  rw [Nat.bijective_iff_injective_and_card]
  constructor
  · rw [← ker_eq_bot_iff, ker_prod]
    simp [h.symm.eq_bot]
  · rw [Nat.card_prod]
    rw [aux_card_eq h', aux_card_eq (mul_comm (Nat.card H) _▸ h'), h']
",,True,10,MIL.C08_Groups_and_Rings.solutions.Solutions_S01_Groups,Llama-8B,LENGTH,best_of_n,False,0,0.0,CH08.iso₂,False
-1,False,7,"def iso₂ : G ≃* (G ⧸ K) × (G ⧸ H) := by
  apply MulEquiv.ofBijective <| (QuotientGroup.mk' K).prod (QuotientGroup.mk' H)
  rw [Nat.bijective_iff_injective_and_card]
  constructor
  · rw [← ker_eq_bot_iff, ker_prod]
    simp [h.symm.eq_bot]
  · rw [Nat.card_prod]
    rw [aux_card_eq h', aux_card_eq (mul_comm (Nat.card H) _▸ h'), h']

",,True,-1,"def iso₂ : G ≃* (G ⧸ K) × (G ⧸ H) :=
  MulEquiv.ofBijective <| (QuotientGroup.mk' K).prod (QuotientGroup.mk' H)
  rw [Nat.bijective_iff_injective_and_card]
  constructor
  · rw [← ker_eq_bot_iff, ker_prod]
    simp [h.symm.eq_bot]
  · rw [Nat.card_prod]
    rw [aux_card_eq h', aux_card_eq (mul_comm (Nat.card H) _▸ h'), h']


",💥️unknown identifier 'rw',False,10,MIL.C08_Groups_and_Rings.solutions.Solutions_S01_Groups,Llama-8B,LENGTH,best_of_n,False,0,-1.0,CH08.iso₂,False
-1,False,7,"def iso₂ : G ≃* (G ⧸ K) × (G ⧸ H) := by
  apply MulEquiv.ofBijective <| (QuotientGroup.mk' K).prod (QuotientGroup.mk' H)
  rw [Nat.bijective_iff_injective_and_card]
  constructor
  · rw [← ker_eq_bot_iff, ker_prod]
    simp [h.symm.eq_bot]
  · rw [Nat.card_prod]
    rw [aux_card_eq h', aux_card_eq (mul_comm (Nat.card H) _▸ h'), h']

",,True,-1,"theorem iso₂ : G ≃* (G ⧸ K) × (G ⧸ H) := by
  apply MulEquiv.ofBijective <| (QuotientGroup.mk' K).prod (QuotientGroup.mk' H)
  rw [Nat.card_prod, aux_card_eq h', aux_card_eq (mul_comm (Nat.card H) _▸ h'), h']
  exact .injective <| by rw [← ker_eq_bot_iff, prod_ker]; simp [h.symm.eq_bot]
","💥️tactic 'rewrite' failed, did not find instance of the pattern in the target expression
  Nat.card (?α × ?β)
G : Type u_1
inst✝³ : Group G
H K : Subgroup G
inst✝² : H.Normal
inst✝¹ : K.Normal
inst✝ : Fintype G
⊢ Function.Bijective ⇑((QuotientGroup.mk' K).prod (QuotientGroup.mk' H))

💥️type of theorem 'CH08.iso₂' is not a proposition
  {G : Type u_1} →
    [inst : Group G] →
      {H K : Subgroup G} → [inst_1 : H.Normal] → [inst_2 : K.Normal] → [inst_3 : Fintype G] → G ≃* (G ⧸ K) × G ⧸ H",False,10,MIL.C08_Groups_and_Rings.solutions.Solutions_S01_Groups,Llama-8B,LENGTH,best_of_n,False,0,-1.0,CH08.iso₂,False
-1,False,7,"def iso₂ : G ≃* (G ⧸ K) × (G ⧸ H) := by
  apply MulEquiv.ofBijective <| (QuotientGroup.mk' K).prod (QuotientGroup.mk' H)
  rw [Nat.bijective_iff_injective_and_card]
  constructor
  · rw [← ker_eq_bot_iff, ker_prod]
    simp [h.symm.eq_bot]
  · rw [Nat.card_prod]
    rw [aux_card_eq h', aux_card_eq (mul_comm (Nat.card H) _▸ h'), h']

",,True,7,"def iso₂ : G ≃* (G ⧸ K) × (G ⧸ H) := by
  apply MulEquiv.ofBijective <| (QuotientGroup.mk' K).prod (QuotientGroup.mk' H)
  rw [Nat.bijective_iff_injective_and_card]
  constructor
  · rw [← ker_eq_bot_iff, ker_prod]
    simp [h.symm.eq_bot]
  · rw [Nat.card_prod]
    rw [aux_card_eq h', aux_card_eq (mul_comm (Nat.card H) _▸ h'), h']


",,True,10,MIL.C08_Groups_and_Rings.solutions.Solutions_S01_Groups,Llama-8B,LENGTH,best_of_n,False,0,0.0,CH08.iso₂,False
-1,False,7,"def iso₂ : G ≃* (G ⧸ K) × (G ⧸ H) := by
  apply MulEquiv.ofBijective <| (QuotientGroup.mk' K).prod (QuotientGroup.mk' H)
  rw [Nat.bijective_iff_injective_and_card]
  constructor
  · rw [← ker_eq_bot_iff, ker_prod]
    simp [h.symm.eq_bot]
  · rw [Nat.card_prod]
    rw [aux_card_eq h', aux_card_eq (mul_comm (Nat.card H) _▸ h'), h']

",,True,7,"def iso₂ : G ≃* (G ⧸ K) × (G ⧸ H) := by
  apply MulEquiv.ofBijective <| (QuotientGroup.mk' K).prod (QuotientGroup.mk' H)
  rw [Nat.bijective_iff_injective_and_card]
  constructor
  · rw [← ker_eq_bot_iff, ker_prod]
    simp [h.symm.eq_bot]
  · rw [Nat.card_prod]
    rw [aux_card_eq h', aux_card_eq (mul_comm (Nat.card H) _▸ h'), h']


",,True,10,MIL.C08_Groups_and_Rings.solutions.Solutions_S01_Groups,Llama-8B,LENGTH,best_of_n,False,0,0.0,CH08.iso₂,False
-1,False,7,"def iso₂ : G ≃* (G ⧸ K) × (G ⧸ H) := by
  apply MulEquiv.ofBijective <| (QuotientGroup.mk' K).prod (QuotientGroup.mk' H)
  rw [Nat.bijective_iff_injective_and_card]
  constructor
  · rw [← ker_eq_bot_iff, ker_prod]
    simp [h.symm.eq_bot]
  · rw [Nat.card_prod]
    rw [aux_card_eq h', aux_card_eq (mul_comm (Nat.card H) _▸ h'), h']

",,True,-1,"def iso₂ : G ≃* (G ⧸ K) × (G ⧸ H) := by
  apply MulEquiv.ofBijective <| (QuotientGroup.mk' K).prod (QuotientGroup.mk' H)
  rw [Nat.bijective_iff_injective_and_card, Nat.card_prod]
  constructor
  · rw [← quotient_ι₁_eq, since H and K are subgroups, and 1 ∈ H]
   simp [h₁.2921₂]
  · rw [← quotient_ι₂_eq, since H and K are subgroups, and 2 ∈ K]
    simp [h₂.2⟩
","💥️unknown identifier 'quotient_ι₁_eq'

💥️tactic 'rewrite' failed, equality or iff proof expected
  ?m.72807
case left
G : Type u_1
inst✝³ : Group G
H K : Subgroup G
inst✝² : H.Normal
inst✝¹ : K.Normal
inst✝ : Fintype G
h : Disjoint H K
h' : Nat.card G = Nat.card ↥H * Nat.card ↥K
⊢ Function.Injective ⇑((QuotientGroup.mk' K).prod (QuotientGroup.mk' H))

💥️unsolved goals
case right
G : Type u_1
inst✝³ : Group G
H K : Subgroup G
inst✝² : H.Normal
inst✝¹ : K.Normal
inst✝ : Fintype G
h : Disjoint H K
h' : Nat.card G = Nat.card ↥H * Nat.card ↥K
⊢ Nat.card G = Nat.card (G ⧸ K) * Nat.card (G ⧸ H)",False,10,MIL.C08_Groups_and_Rings.solutions.Solutions_S01_Groups,Llama-8B,LENGTH,best_of_n,False,0,-1.0,CH08.iso₂,False
-1,False,7,"def iso₂ : G ≃* (G ⧸ K) × (G ⧸ H) := by
  apply MulEquiv.ofBijective <| (QuotientGroup.mk' K).prod (QuotientGroup.mk' H)
  rw [Nat.bijective_iff_injective_and_card]
  constructor
  · rw [← ker_eq_bot_iff, ker_prod]
    simp [h.symm.eq_bot]
  · rw [Nat.card_prod]
    rw [aux_card_eq h', aux_card_eq (mul_comm (Nat.card H) _▸ h'), h']

",,True,-1,"#align iso₂IsoEquiv.mk IsoEquiv.mk

theorem iso₂ : G ≃* (G ⧸ K) × (G ⧸ H) := by
  apply MulEquiv.ofBijective <| (QuotientGroup.mk' K).prod (QuotientGroup.mk' H)
  rw [Nat.bijective_iff_injective_and_card]
  constructor
  · rw [← ker_eq_bot_iff, ker_prod]
    simp [h.symm.eq_bot]
  · rw [Nat.card_prod]
    rw [aux_card_eq h', aux_card_eq (mul_comm (Nat.card H) _▸ h'), h']
","💥️unexpected token '#'; expected command

💥️unknown identifier 'h.symm.eq_bot'

💥️unsolved goals
case left
G : Type u_1
inst✝³ : Group G
H K : Subgroup G
inst✝² : H.Normal
inst✝¹ : K.Normal
inst✝ : Fintype G
⊢ K ⊓ H = ⊥

💥️unknown identifier 'h''

💥️unknown identifier 'h''

💥️invalid `▸` notation, the equality
  mul_comm (Nat.card ↥H) ?m.79005
has type 
  Nat.card ↥H * ?m.79005 = ?m.79005 * Nat.card ↥H
but neither side of the equality is mentioned in the type
  ?m.79007

💥️unknown identifier 'h''

💥️tactic 'rewrite' failed, equality or iff proof expected
  ?m.79009
case right
G : Type u_1
inst✝³ : Group G
H K : Subgroup G
inst✝² : H.Normal
inst✝¹ : K.Normal
inst✝ : Fintype G
⊢ Nat.card G = Nat.card ↥?m.77792 * Nat.card ↥?m.78199

💥️type of theorem 'CH08.iso₂' is not a proposition
  {G : Type u_1} →
    [inst : Group G] →
      {H K : Subgroup G} → [inst_1 : H.Normal] → [inst_2 : K.Normal] → [inst_3 : Fintype G] → G ≃* (G ⧸ K) × G ⧸ H",False,10,MIL.C08_Groups_and_Rings.solutions.Solutions_S01_Groups,Llama-8B,LENGTH,best_of_n,False,0,-1.0,CH08.iso₂,False
-1,False,12,"def t2 : Filter ℕ :=
  { sets := { s | ∃ a, ∀ b, a ≤ b → b ∈ s }
    univ_sets := by
      use 42
      simp
    sets_of_superset := by
      rintro U V ⟨N, hN⟩ hUV
      use N
      tauto
    inter_sets := by
      rintro U V ⟨N, hN⟩ ⟨N', hN'⟩
      use max N N'
      intro b hb
      rw [max_le_iff] at hb
      constructor <;> tauto }

",,True,12,"def t2 : Filter ℕ :=
  { sets := { s | ∃ a, ∀ b, a ≤ b → b ∈ s }
    univ_sets := by
      use 42
      simp
    sets_of_superset := by
      rintro U V ⟨N, hN⟩ hUV
      use N
      tauto
    inter_sets := by
      rintro U V ⟨N, hN⟩ ⟨N', hN'⟩
      use max N N'
      intro b hb
      rw [max_le_iff] at hb
      constructor <;> tauto}",,True,10,MIL.C10_Topology.solutions.Solutions_S01_Filters,Llama-8B,LENGTH,best_of_n,False,0,0.0,CH10.t2,False
-1,False,12,"def t2 : Filter ℕ :=
  { sets := { s | ∃ a, ∀ b, a ≤ b → b ∈ s }
    univ_sets := by
      use 42
      simp
    sets_of_superset := by
      rintro U V ⟨N, hN⟩ hUV
      use N
      tauto
    inter_sets := by
      rintro U V ⟨N, hN⟩ ⟨N', hN'⟩
      use max N N'
      intro b hb
      rw [max_le_iff] at hb
      constructor <;> tauto }

",,True,12,"def t2 : Filter ℕ :=
  { sets := { s | ∃ a, ∀ b, a ≤ b → b ∈ s }
    univ_sets := by
      use 42
      simp
    sets_of_superset := by
      rintro U V ⟨N, hN⟩ hUV
      use N
      tauto
    inter_sets := by
      rintro U V ⟨N, hN⟩ ⟨N', hN'⟩
      use max N N'
      intro b hb
      rw [max_le_iff] at hb
      constructor <;> tauto }
",,True,10,MIL.C10_Topology.solutions.Solutions_S01_Filters,Llama-8B,LENGTH,best_of_n,False,0,0.0,CH10.t2,False
-1,False,12,"def t2 : Filter ℕ :=
  { sets := { s | ∃ a, ∀ b, a ≤ b → b ∈ s }
    univ_sets := by
      use 42
      simp
    sets_of_superset := by
      rintro U V ⟨N, hN⟩ hUV
      use N
      tauto
    inter_sets := by
      rintro U V ⟨N, hN⟩ ⟨N', hN'⟩
      use max N N'
      intro b hb
      rw [max_le_iff] at hb
      constructor <;> tauto }

",,True,-1,"theorem t2 : Filter ℕ where
  univ_sets := { s | ∃ a, ∀ b, a ≤ b → b ∈ s }
  sets_of_superset U omega like so
  inter_sets U V ⟨N, hN⟩ ⟨N', hN'⟩ like so
",💥️unexpected identifier; expected '|',False,10,MIL.C10_Topology.solutions.Solutions_S01_Filters,Llama-8B,LENGTH,best_of_n,False,0,-1.0,CH10.t2,False
-1,False,12,"def t2 : Filter ℕ :=
  { sets := { s | ∃ a, ∀ b, a ≤ b → b ∈ s }
    univ_sets := by
      use 42
      simp
    sets_of_superset := by
      rintro U V ⟨N, hN⟩ hUV
      use N
      tauto
    inter_sets := by
      rintro U V ⟨N, hN⟩ ⟨N', hN'⟩
      use max N N'
      intro b hb
      rw [max_le_iff] at hb
      constructor <;> tauto }

",,True,-1,"lemma t2 : Filter ℕ where
  s | ∃ a, ∀ b ≤ a, a ≤ b → b ∈ s :=
    mem_of_superset (s ∈ {x | ∀ b ≤ x, a ≤ b, b ∈ x})
  ψ := fun _ ↦ ψ/Filter ConsiderEven

 Gamma.filter_upwards [t2] with b hb
  rw [← Even.extend_apply, Even.val]]> batteries

 竺 : t2 = (setOf_strict_mono a).id ℕ :=
    Set.ext fun _ ↦ ψ/Filter ConsiderEven

Even.filter_upwards [ψ] with b hb
  rw [← Even.extend_apply, Even.val]> batteries

 不管b的/discᵢ, filter_upwards is absorbed on t2

 兩 估计连续试验

 -- id ℕ →oᵢ[R] where ψ id is Function.extend_apply

 -- id ℕ →oᵢ[R] where ψ id is Function.extend_apply

 -- id ℕ →oᵢ[R] where ψ id is Function.extend_apply

 -- id ℕ →oᵢ[R] where ψ id is Function.extend_apply

 -- id ℕ →oᵢ[R] where ψ id is Function.extend_apply

 mem_of_superset {a | ∀ b ≤ a, a ≤ b → b ∈ a} :=
    mem_of_superset (a ∈ {batteries' id);?>
      fun _ ↦ id.of_superset _ <| Function.extend_apply _ _)

 id ℕ →oᵢ[R] where ψ id is Function.extend_apply

 -- id ℕ →oᵢ[R] where ψ id is Function.extend_apply

 -- id ℕ →oᵢ[R] where ψ id is Function.extend_apply

 -- id ℕ →oᵢ[R] where ψ id is Function.extend_apply

 -- id ℕ →oᵢ[R] where ψ id is Function.extend_apply

 extend_apply _ _ ↦ id.of_superset _ <| Function.extend_apply _ _

 mem_of_superset {a | ∀ b ≤ a, a ≤ b → b ∈ a} ▸ mem_of_superset
    (a ∈ {batteries' idebx.name; fun _ ↦ id.of_superset _ <| Function.extend_apply _ _)

 id ℕ →oᵢ[R] where ψ id is Function.extend_apply

 -- id ℕ →oᵢ[R] where ψ id is Function.extend_apply

 -- id ℕ →oᵢ[R] where ψ id is Function.extend_apply

 -- id ℕ →oᵢ[R] where ψ id is Function.extend_apply

 -- id ℕ →oᵢ[R] where ψ id is Function.extend_apply

 filter_upwards [t2] with b hb
  rw [← Even.extend_apply, Even.val]]> batteries

 even filter_upwards [ψ] with b hb
  rw [← Even.extend_apply, Even.val]> batteries

 -- id ℕ →oᵢ[R] where ψ id is Function.extend_apply

 -- id ℕ →oᵢ[R] where ψ id is Function.extend_apply

 -- id ℕ →oᵢ[R] where ψ id is Function.extend_apply

 -- id ℕ →oᵢ[R] where ψ id is Function.extend_apply

 -- id ℕ →oᵢ[R] where ψ id is Function.extend_apply

 even filter_upwards [ψ] with b hb
  rw [← Even.extend_apply, Even.val]> batteries

 mem_of_superset {a | ∀ b ≤ a, a ≤ b → b ∈ a} :=
    mem_of_superset (a ∈ {batteries' idebx.name; fun _ ↦ id.of_superset _ <| Function.extend_apply _ _)

 id ℕ →oᵢ[R] where ψ id is Function.extend_apply

 -- id ℕ →oᵢ[R] where ψ id is Function.extend_apply

 -- id ℕ →oᵢ[R] where ψ id is Function.extend_apply

 -- id ℕ →oᵢ[R] where ψ id is Function.extend_apply

 -- id ℕ →oᵢ[R] where ψ id is Function.extend_apply

 extend_apply _ _ ↦ id.of_superset _ <| Function.extend_apply _ _

 mem_of_superset {a | ∀ b ≤ a, a ≤ b → b ∈ a} ▸ mem_of_superset
    (a ∈ {batteries' idebx.name; fun _ ↦ id.of_superset _ <| Function.extend_apply _ _)

 id ℕ →oᵢ[R] where ψ id is Function.extend_apply

 -- id ℕ →oᵢ[R] where ψ id is Function.extend_apply

 -- id ℕ →oᵢ[R] where ψ id is Function.extend_apply

 -- id ℕ →oᵢ[R] where ψ id is Function.extend_apply

 -- id ℕ →oᵢ[R",💥️unexpected token ':='; expected '=>',False,10,MIL.C10_Topology.solutions.Solutions_S01_Filters,Llama-8B,LENGTH,best_of_n,False,0,-1.0,CH10.t2,False
-1,False,12,"def t2 : Filter ℕ :=
  { sets := { s | ∃ a, ∀ b, a ≤ b → b ∈ s }
    univ_sets := by
      use 42
      simp
    sets_of_superset := by
      rintro U V ⟨N, hN⟩ hUV
      use N
      tauto
    inter_sets := by
      rintro U V ⟨N, hN⟩ ⟨N', hN'⟩
      use max N N'
      intro b hb
      rw [max_le_iff] at hb
      constructor <;> tauto }

",,True,-1,"theorem t2 : Filter ℕ where
  univ_sets := ⟨42, by simp⟩
  sets_of_superset {U V ⟨N, hN⟩ hUV}
    := ⟨N, (Set.inclusion_of_superset _ hN hUV).Symm⟩
  inter_sets U V ⟨N, hN⟩ ⟨N', hN'⟩ := ⟨max N N', fun b hb ↦
    (max_le_iff _ hb).1st_of_imp (fun b hb ↦ hb olig ArchNat.lt_add_right N)⟩
",💥️unexpected token '⟨'; expected '}',False,10,MIL.C10_Topology.solutions.Solutions_S01_Filters,Llama-8B,LENGTH,best_of_n,False,0,-1.0,CH10.t2,False
-1,False,12,"def t2 : Filter ℕ :=
  { sets := { s | ∃ a, ∀ b, a ≤ b → b ∈ s }
    univ_sets := by
      use 42
      simp
    sets_of_superset := by
      rintro U V ⟨N, hN⟩ hUV
      use N
      tauto
    inter_sets := by
      rintro U V ⟨N, hN⟩ ⟨N', hN'⟩
      use max N N'
      intro b hb
      rw [max_le_iff] at hb
      constructor <;> tauto }

",,True,12,"def t2 : Filter ℕ :=
  { sets := { s | ∃ a, ∀ b, a ≤ b → b ∈ s }
    univ_sets := by
      use 42
      simp
    sets_of_superset := by
      rintro U V ⟨N, hN⟩ hUV
      use N
      tauto
    inter_sets := by
      rintro U V ⟨N, hN⟩ ⟨N', hN'⟩
      use max N N'
      intro b hb
      rw [max_le_iff] at hb
      constructor <;> tauto }",,True,10,MIL.C10_Topology.solutions.Solutions_S01_Filters,Llama-8B,LENGTH,best_of_n,False,0,0.0,CH10.t2,False
-1,False,12,"def t2 : Filter ℕ :=
  { sets := { s | ∃ a, ∀ b, a ≤ b → b ∈ s }
    univ_sets := by
      use 42
      simp
    sets_of_superset := by
      rintro U V ⟨N, hN⟩ hUV
      use N
      tauto
    inter_sets := by
      rintro U V ⟨N, hN⟩ ⟨N', hN'⟩
      use max N N'
      intro b hb
      rw [max_le_iff] at hb
      constructor <;> tauto }

",,True,-1,"theorem t2 : Filter ℕ := { a | ∃ sge_iff, ∀ b in s, a ≤ b }
  -- in t2, every a is eventually †-less than every b ∈ t2
  t2Equiv <| t2Monotone (fun _ a ↦ t2 a) (fun _ b hb ↦ t2 b)
","💥️unexpected token 'in'; expected ',' or binderPred",False,10,MIL.C10_Topology.solutions.Solutions_S01_Filters,Llama-8B,LENGTH,best_of_n,False,0,-1.0,CH10.t2,False
-1,False,12,"def t2 : Filter ℕ :=
  { sets := { s | ∃ a, ∀ b, a ≤ b → b ∈ s }
    univ_sets := by
      use 42
      simp
    sets_of_superset := by
      rintro U V ⟨N, hN⟩ hUV
      use N
      tauto
    inter_sets := by
      rintro U V ⟨N, hN⟩ ⟨N', hN'⟩
      use max N N'
      intro b hb
      rw [max_le_iff] at hb
      constructor <;> tauto }

",,True,-1,"endzimmer.filter_upwards [F2_upwards] with b hb using (hb.trans (F2.le_add_right b)).symm

-- Or:
#align filter_upwards with let_image fun s ↦ (s.2).id ℕ
",💥️unexpected identifier; expected command,False,10,MIL.C10_Topology.solutions.Solutions_S01_Filters,Llama-8B,LENGTH,best_of_n,False,0,-1.0,CH10.t2,False
-1,False,12,"def t2 : Filter ℕ :=
  { sets := { s | ∃ a, ∀ b, a ≤ b → b ∈ s }
    univ_sets := by
      use 42
      simp
    sets_of_superset := by
      rintro U V ⟨N, hN⟩ hUV
      use N
      tauto
    inter_sets := by
      rintro U V ⟨N, hN⟩ ⟨N', hN'⟩
      use max N N'
      intro b hb
      rw [max_le_iff] at hb
      constructor <;> tauto }

",,True,-1,"#align t2_range t2_range

def t2 : Filter ℕ :=
  { sets := { s | ∃ a, ∀ b ≤ a, b ∈ s }
    univ_sets := by
      use 42
      simp
    sets_of_superset := by
      rintro U V ⟨N, hN⟩ hUV
      use N
      tauto
    inter_sets := by
      rintro U V ⟨N, hN⟩ ⟨N', hN'⟩
      use max N N'
      intro b hb
      rw [max_le_iff] at hb
      constructor <;> tauto }
","💥️unexpected token '#'; expected command

💥️tactic 'rewrite' failed, did not find instance of the pattern in the target expression
  ?m.1823 ⊔ ?m.1824 ≤ ?m.1825
case h
U V : Set ℕ
N : ℕ
hN : ∀ b ≤ N, b ∈ U
N' : ℕ
hN' : ∀ b ≤ N', b ∈ V
b : ℕ
hb : b ≤ N ⊔ N'
⊢ b ∈ U ∩ V",False,10,MIL.C10_Topology.solutions.Solutions_S01_Filters,Llama-8B,LENGTH,best_of_n,False,0,-1.0,CH10.t2,False
-1,False,12,"def t2 : Filter ℕ :=
  { sets := { s | ∃ a, ∀ b, a ≤ b → b ∈ s }
    univ_sets := by
      use 42
      simp
    sets_of_superset := by
      rintro U V ⟨N, hN⟩ hUV
      use N
      tauto
    inter_sets := by
      rintro U V ⟨N, hN⟩ ⟨N', hN'⟩
      use max N N'
      intro b hb
      rw [max_le_iff] at hb
      constructor <;> tauto }

",,True,-1,"Filter.Nat with s | ∃ a, ∀ b ≤ a, b ∈ s :=
  { s | ∃ a, ∀ b ≤ a, b ∈ s }
",💥️unexpected identifier; expected command,False,10,MIL.C10_Topology.solutions.Solutions_S01_Filters,Llama-8B,LENGTH,best_of_n,False,0,-1.0,CH10.t2,False
-1,False,1,"theorem t3 {X Y Z : Type*} {F : Filter X} {G : Filter Y} {H : Filter Z} {f : X → Y} {g : Y → Z}
    (hf : Tendsto₁ f F G) (hg : Tendsto₁ g G H) : Tendsto₁ (g ∘ f) F H :=
  calc
    map (g ∘ f) F = map g (map f F) := by rw [map_map]
    _ ≤ map g G := (map_mono hf)
    _ ≤ H := hg


",,True,-1,"theorem t3 {X Y Z : Type*} {F : Filter X} {G : Filter Y} {H : Filter Z} {f : X → Y} {g : Y → Z}
    (hf : Tendsto₁ f F G) (hg : Tendsto₁ g G H) : Tendsto₁ (g ∘ f) F H :=
  map (g ∘ f) F = map g (map f F) := by rw [map_map]
    _ ≤ map g G := (map_mono hf)
    _ ≤ H := hg
","💥️type mismatch
  map (g ∘ f) F = map g (map f F)
has type
  Prop : Type
but is expected to have type
  Tendsto₁ (g ∘ f) F H : Prop",False,10,MIL.C10_Topology.solutions.Solutions_S01_Filters,Llama-8B,LENGTH,best_of_n,False,0,-1.0,CH10.t3,False
-1,False,1,"theorem t3 {X Y Z : Type*} {F : Filter X} {G : Filter Y} {H : Filter Z} {f : X → Y} {g : Y → Z}
    (hf : Tendsto₁ f F G) (hg : Tendsto₁ g G H) : Tendsto₁ (g ∘ f) F H :=
  calc
    map (g ∘ f) F = map g (map f F) := by rw [map_map]
    _ ≤ map g G := (map_mono hf)
    _ ≤ H := hg


",,True,-1,"theorem t3 {X Y Z : Type*} {F : Filter X} {G : Filter Y} {H : Filter Z} {f : X → Y} {g : Y → Z}
    (hf : Tendsto₁ f F G) (hg : Tendsto₁ g G H) : Tendsto₁ (g ∘ f) F H := by
  rw [map_map] at hf ⊢
  exact hf.mono fun _ ↦ hg.of_smallSets <| map_smallSets' _ _


","💥️tactic 'rewrite' failed, did not find instance of the pattern in the target expression
  map ?m.4533 (map ?m.4532 ?m.4531)
X : Type u_1
Y : Type u_2
Z : Type u_3
F : Filter X
G : Filter Y
H : Filter Z
f : X → Y
g : Y → Z
hf : Tendsto₁ f F G
hg : Tendsto₁ g G H
⊢ Tendsto₁ (g ∘ f) F H",False,10,MIL.C10_Topology.solutions.Solutions_S01_Filters,Llama-8B,LENGTH,best_of_n,False,0,-1.0,CH10.t3,False
-1,False,1,"theorem t3 {X Y Z : Type*} {F : Filter X} {G : Filter Y} {H : Filter Z} {f : X → Y} {g : Y → Z}
    (hf : Tendsto₁ f F G) (hg : Tendsto₁ g G H) : Tendsto₁ (g ∘ f) F H :=
  calc
    map (g ∘ f) F = map g (map f F) := by rw [map_map]
    _ ≤ map g G := (map_mono hf)
    _ ≤ H := hg


",,True,1,"theorem t3 {X Y Z : Type*} {F : Filter X} {G : Filter Y} {H : Filter Z} {f : X → Y} {g : Y → Z}
    (hf : Tendsto₁ f F G) (hg : Tendsto₁ g G H) : Tendsto₁ (g ∘ f) F H :=
  calc
    map (g ∘ f) F = map g (map f F) := by rw [map_map]
    _ ≤ map g G := (map_mono hf)
    _ ≤ H := hg


",,True,10,MIL.C10_Topology.solutions.Solutions_S01_Filters,Llama-8B,LENGTH,best_of_n,False,0,0.0,CH10.t3,False
-1,False,1,"theorem t3 {X Y Z : Type*} {F : Filter X} {G : Filter Y} {H : Filter Z} {f : X → Y} {g : Y → Z}
    (hf : Tendsto₁ f F G) (hg : Tendsto₁ g G H) : Tendsto₁ (g ∘ f) F H :=
  calc
    map (g ∘ f) F = map g (map f F) := by rw [map_map]
    _ ≤ map g G := (map_mono hf)
    _ ≤ H := hg


",,True,-1,"theorem t3 {X Y Z : Type*} {F : Filter X} {G : Filter Y} {H : Filter Z} {f : X → Y} {g : Y → Z}
    (hf : Tendsto₁ f F G) (hg : Tendsto₁ g G H) : Tendsto₁ (g ∘ f) F H :=
  map_prod_eq_map_map.2 <|
    hf.prod_self.map_prod_eq_map_prod_of_le (by le_prod) (le_prod)
      (by le_seqProd) (by le_sum_prod)
    hg.prod_self.map_prod_eq_map_prod_of_le (by le_prod) le_prod (by le_seqProd)
      (by le_sum_prod)
",💥️unknown tactic,False,10,MIL.C10_Topology.solutions.Solutions_S01_Filters,Llama-8B,LENGTH,best_of_n,False,0,-1.0,CH10.t3,False
-1,False,1,"theorem t3 {X Y Z : Type*} {F : Filter X} {G : Filter Y} {H : Filter Z} {f : X → Y} {g : Y → Z}
    (hf : Tendsto₁ f F G) (hg : Tendsto₁ g G H) : Tendsto₁ (g ∘ f) F H :=
  calc
    map (g ∘ f) F = map g (map f F) := by rw [map_map]
    _ ≤ map g G := (map_mono hf)
    _ ≤ H := hg


",,True,-1,"theorem t3 {X Y Z : Type*} {F G H : Filter X Filter Y Filter Z} {f : X → Y} {g : Y → Z}
    (hf : Tendsto₁ f F G) (hg : Tendsto₁ g G H) : Tendsto₁ (g ∘ f) F H :=
  calc
    map (g ∘ f) F = map g (map f F) := by rw [map_map]
    _ ≤ map g G := (map_mono hf)
    _ ≤ H := hg


","💥️function expected at
  Filter X
term has type
  Type u_1

💥️function expected at
  Filter X
term has type
  Type u_1

💥️function expected at
  Filter X
term has type
  Type u_1",False,10,MIL.C10_Topology.solutions.Solutions_S01_Filters,Llama-8B,LENGTH,best_of_n,False,0,-1.0,CH10.t3,False
-1,False,1,"theorem t3 {X Y Z : Type*} {F : Filter X} {G : Filter Y} {H : Filter Z} {f : X → Y} {g : Y → Z}
    (hf : Tendsto₁ f F G) (hg : Tendsto₁ g G H) : Tendsto₁ (g ∘ f) F H :=
  calc
    map (g ∘ f) F = map g (map f F) := by rw [map_map]
    _ ≤ map g G := (map_mono hf)
    _ ≤ H := hg


",,True,1,"theorem t3 {X Y Z : Type*} {F : Filter X} {G : Filter Y} {H : Filter Z} {f : X → Y} {g : Y → Z}
    (hf : Tendsto₁ f F G) (hg : Tendsto₁ g G H) : Tendsto₁ (g ∘ f) F H :=
  calc
    map (g ∘ f) F = map g (map f F) := by rw [← map_map]
    _ ≤ map g G := (map_mono hf)
    _ ≤ H := hg


",,True,10,MIL.C10_Topology.solutions.Solutions_S01_Filters,Llama-8B,LENGTH,best_of_n,False,0,0.0,CH10.t3,False
-1,False,1,"theorem t3 {X Y Z : Type*} {F : Filter X} {G : Filter Y} {H : Filter Z} {f : X → Y} {g : Y → Z}
    (hf : Tendsto₁ f F G) (hg : Tendsto₁ g G H) : Tendsto₁ (g ∘ f) F H :=
  calc
    map (g ∘ f) F = map g (map f F) := by rw [map_map]
    _ ≤ map g G := (map_mono hf)
    _ ≤ H := hg


",,True,1,"theorem t3 {X Y Z : Type*} {F : Filter X} {G : Filter Y} {H : Filter Z} {f : X → Y} {g : Y → Z}
    (hf : Tendsto₁ f F G) (hg : Tendsto₁ g G H) : Tendsto₁ (g ∘ f) F H :=
  calc
    map (g ∘ f) F = map g (map f F) := by rw [map_map]
    _ ≤ map g G := (map_mono hf)
    _ ≤ H := hg


",,True,10,MIL.C10_Topology.solutions.Solutions_S01_Filters,Llama-8B,LENGTH,best_of_n,False,0,0.0,CH10.t3,False
-1,False,1,"theorem t3 {X Y Z : Type*} {F : Filter X} {G : Filter Y} {H : Filter Z} {f : X → Y} {g : Y → Z}
    (hf : Tendsto₁ f F G) (hg : Tendsto₁ g G H) : Tendsto₁ (g ∘ f) F H :=
  calc
    map (g ∘ f) F = map g (map f F) := by rw [map_map]
    _ ≤ map g G := (map_mono hf)
    _ ≤ H := hg


",,True,1,"theorem t3 {X Y Z : Type*} {F : Filter X} {G : Filter Y} {H : Filter Z} {f : X → Y} {g : Y → Z}
    (hf : Tendsto₁ f F G) (hg : Tendsto₁ g G H) : Tendsto₁ (g ∘ f) F H :=
  calc
    map (g ∘ f) F = map g (map f F) := by rw [map_map]
    _ ≤ map g G := (map_mono hf)
    _ ≤ H := hg
",,True,10,MIL.C10_Topology.solutions.Solutions_S01_Filters,Llama-8B,LENGTH,best_of_n,False,0,0.0,CH10.t3,False
-1,False,1,"theorem t3 {X Y Z : Type*} {F : Filter X} {G : Filter Y} {H : Filter Z} {f : X → Y} {g : Y → Z}
    (hf : Tendsto₁ f F G) (hg : Tendsto₁ g G H) : Tendsto₁ (g ∘ f) F H :=
  calc
    map (g ∘ f) F = map g (map f F) := by rw [map_map]
    _ ≤ map g G := (map_mono hf)
    _ ≤ H := hg


",,True,1,"theorem t3 {X Y Z : Type*} {F : Filter X} {G : Filter Y} {H : Filter Z} {f : X → Y} {g : Y → Z}
    (hf : Tendsto₁ f F G) (hg : Tendsto₁ g G H) : Tendsto₁ (g ∘ f) F H :=
  calc
    map (g ∘ f) F = map g (map f F) := by rw [map_map]
    _ ≤ map g G := (map_mono hf)
    _ ≤ H := hg


",,True,10,MIL.C10_Topology.solutions.Solutions_S01_Filters,Llama-8B,LENGTH,best_of_n,False,0,0.0,CH10.t3,False
-1,False,1,"theorem t3 {X Y Z : Type*} {F : Filter X} {G : Filter Y} {H : Filter Z} {f : X → Y} {g : Y → Z}
    (hf : Tendsto₁ f F G) (hg : Tendsto₁ g G H) : Tendsto₁ (g ∘ f) F H :=
  calc
    map (g ∘ f) F = map g (map f F) := by rw [map_map]
    _ ≤ map g G := (map_mono hf)
    _ ≤ H := hg


",,True,-1,"theorem t3 {X Y Z : Type*} {F : Filter X} {G : Filter Y} {H : Filter Z} {f : X → Y} {g : Y → Z}
    (hf : Tendsto₁ f F G) (hg : Tendsto₁ g G H) : Tendsto₁ (g ∘ f) F H := by
  simpa only [map_map, t3_map] using hf.of_smallSets <| hg.mono fun _ ↦ smul_mem_of_smallSets _ (eventually_smallSets_ae)
","💥️unknown identifier 't3_map'

💥️invalid field 'of_smallSets', the environment does not contain 'CH10.Tendsto₁.of_smallSets'
  hf
has type
  Tendsto₁ f F G

💥️invalid field notation, type is not of the form (C ...) where C is a constant
  hf
has type
  ∀ V ∈ G, f ⁻¹' V ∈ F",False,10,MIL.C10_Topology.solutions.Solutions_S01_Filters,Llama-8B,LENGTH,best_of_n,False,0,-1.0,CH10.t3,False
-1,False,5,"theorem t4 {X Y Z : Type*} {F : Filter X} {G : Filter Y} {H : Filter Z} {f : X → Y} {g : Y → Z}
    (hf : Tendsto₁ f F G) (hg : Tendsto₁ g G H) : Tendsto₁ (g ∘ f) F H := by
  intro V hV
  rw [preimage_comp]
  apply hf
  apply hg
  exact hV

",,True,5,"theorem t4 {X Y Z : Type*} {F : Filter X} {G : Filter Y} {H : Filter Z} {f : X → Y} {g : Y → Z}
    (hf : Tendsto₁ f F G) (hg : Tendsto₁ g G H) : Tendsto₁ (g ∘ f) F H := by
  intro V hV
  rw [preimage_comp]
  apply hf
  apply hg
  exact hV


",,True,10,MIL.C10_Topology.solutions.Solutions_S01_Filters,Llama-8B,LENGTH,best_of_n,False,0,0.0,CH10.t4,False
-1,False,5,"theorem t4 {X Y Z : Type*} {F : Filter X} {G : Filter Y} {H : Filter Z} {f : X → Y} {g : Y → Z}
    (hf : Tendsto₁ f F G) (hg : Tendsto₁ g G H) : Tendsto₁ (g ∘ f) F H := by
  intro V hV
  rw [preimage_comp]
  apply hf
  apply hg
  exact hV

",,True,-1,"theorem t4 {X Y Z : Type*} {F : Filter X} {G : Filter Y} {H : Filter Z} {f : X → Y} {g : Y → Z}
    (hf : Tendsto₁ f F G) (hg : Tendsto₁ g G H) : Tendsto₁ (g ∘ f) F H :=
  (gc_map_compl.comp hf).idempotent.of_smallSets <| eventuallyEq_setOf_and' _ _ (by simp)
",💥️unknown identifier 'gc_map_compl.comp',False,10,MIL.C10_Topology.solutions.Solutions_S01_Filters,Llama-8B,LENGTH,best_of_n,False,0,-1.0,CH10.t4,False
-1,False,5,"theorem t4 {X Y Z : Type*} {F : Filter X} {G : Filter Y} {H : Filter Z} {f : X → Y} {g : Y → Z}
    (hf : Tendsto₁ f F G) (hg : Tendsto₁ g G H) : Tendsto₁ (g ∘ f) F H := by
  intro V hV
  rw [preimage_comp]
  apply hf
  apply hg
  exact hV

",,True,-1,"theorem t4 {X Y Z : Type*} {F : Filter X} {G : Filter Y} {H : Filter Z} {f : X → Y} {g : Y → Z}
    (hf : Tendsto₁ f F G) (hg : Tendsto₁ g G H) : Tendsto₁ (g ∘ f) F H :=
  (hf.mono fun _ ↦ (g ∘ f) hV).tendsto
","💥️invalid field 'mono', the environment does not contain 'CH10.Tendsto₁.mono'
  hf
has type
  Tendsto₁ f F G

💥️invalid field notation, type is not of the form (C ...) where C is a constant
  hf
has type
  ∀ V ∈ G, f ⁻¹' V ∈ F",False,10,MIL.C10_Topology.solutions.Solutions_S01_Filters,Llama-8B,LENGTH,best_of_n,False,0,-1.0,CH10.t4,False
-1,False,5,"theorem t4 {X Y Z : Type*} {F : Filter X} {G : Filter Y} {H : Filter Z} {f : X → Y} {g : Y → Z}
    (hf : Tendsto₁ f F G) (hg : Tendsto₁ g G H) : Tendsto₁ (g ∘ f) F H := by
  intro V hV
  rw [preimage_comp]
  apply hf
  apply hg
  exact hV

",,True,5,"theorem t4 {X Y Z : Type*} {F : Filter X} {G : Filter Y} {H : Filter Z} {f : X → Y} {g : Y → Z}
    (hf : Tendsto₁ f F G) (hg : Tendsto₁ g G H) : Tendsto₁ (g ∘ f) F H := by
  intro V hV
  rw [preimage_comp]
  apply hf
  apply hg
  exact hV


",,True,10,MIL.C10_Topology.solutions.Solutions_S01_Filters,Llama-8B,LENGTH,best_of_n,False,0,0.0,CH10.t4,False
-1,False,5,"theorem t4 {X Y Z : Type*} {F : Filter X} {G : Filter Y} {H : Filter Z} {f : X → Y} {g : Y → Z}
    (hf : Tendsto₁ f F G) (hg : Tendsto₁ g G H) : Tendsto₁ (g ∘ f) F H := by
  intro V hV
  rw [preimage_comp]
  apply hf
  apply hg
  exact hV

",,True,-1,"theorem t4 {X Y Z : Type*} {F : Filter X} {G : Filter Y} {H : Filter Z} {f : X → Y} {g : Y → Z}
    (hf : Tendsto₁ f F G) (hg : Tendsto₁ g G H) : Tendsto₁ (g ∘ f) F H :=
  (hg.comp (hf.mono fun _ ↦ (le_div_iff' (by positivity)).2)).of_smallSets <| by positivity


","💥️invalid field 'mono', the environment does not contain 'CH10.Tendsto₁.mono'
  hf
has type
  Tendsto₁ f F G

💥️invalid field notation, type is not of the form (C ...) where C is a constant
  hf
has type
  ∀ V ∈ G, f ⁻¹' V ∈ F

💥️application type mismatch
  Function.comp hg
argument
  hg
has type
  Tendsto₁ g G H : Prop
but is expected to have type
  ?m.4942 → ?m.4943 : Sort (imax ?u.4933 ?u.4932)",False,10,MIL.C10_Topology.solutions.Solutions_S01_Filters,Llama-8B,LENGTH,best_of_n,False,0,-1.0,CH10.t4,False
-1,False,5,"theorem t4 {X Y Z : Type*} {F : Filter X} {G : Filter Y} {H : Filter Z} {f : X → Y} {g : Y → Z}
    (hf : Tendsto₁ f F G) (hg : Tendsto₁ g G H) : Tendsto₁ (g ∘ f) F H := by
  intro V hV
  rw [preimage_comp]
  apply hf
  apply hg
  exact hV

",,True,-1,"theorem t4 {X Y Z : Type*} {F G H : Filter X Y Z} {f : X → Y} {g : Y → Z}
    (hf : Tendsto₁ f F G) (hg : Tendsto₁ g G H) : Tendsto₁ (g ∘ f) F H := by
  intro V hV
  rw [preimage_comp]
  apply hf (hV := V)
  apply hg
","💥️function expected at
  Filter X
term has type
  Type u_1

💥️function expected at
  Filter X
term has type
  Type u_1

💥️function expected at
  Filter X
term has type
  Type u_1

💥️invalid argument name 'hV' for function

💥️no goals to be solved",False,10,MIL.C10_Topology.solutions.Solutions_S01_Filters,Llama-8B,LENGTH,best_of_n,False,0,-1.0,CH10.t4,False
-1,False,5,"theorem t4 {X Y Z : Type*} {F : Filter X} {G : Filter Y} {H : Filter Z} {f : X → Y} {g : Y → Z}
    (hf : Tendsto₁ f F G) (hg : Tendsto₁ g G H) : Tendsto₁ (g ∘ f) F H := by
  intro V hV
  rw [preimage_comp]
  apply hf
  apply hg
  exact hV

",,True,-1,"theorem t4 {X Y Z : Type*} {F : Filter X} {G : Filter Y} {H : Filter Z}
    {f : X → Y} {g : Y → Z}
    (hf : Tendsto₁ f F G) (hg : Tendsto₁ g G H) : Tendsto₁ (g ∘ f) F H := by
  intro V hV
  rw [preimage_comp]
  apply (hf V).to_smallSets.comp (hg V)
","💥️application type mismatch
  hf V
argument
  V
has type
  Set Z : Type u_3
but is expected to have type
  Set Y : Type u_2",False,10,MIL.C10_Topology.solutions.Solutions_S01_Filters,Llama-8B,LENGTH,best_of_n,False,0,-1.0,CH10.t4,False
-1,False,5,"theorem t4 {X Y Z : Type*} {F : Filter X} {G : Filter Y} {H : Filter Z} {f : X → Y} {g : Y → Z}
    (hf : Tendsto₁ f F G) (hg : Tendsto₁ g G H) : Tendsto₁ (g ∘ f) F H := by
  intro V hV
  rw [preimage_comp]
  apply hf
  apply hg
  exact hV

",,True,5,"theorem t4 {X Y Z : Type*} {F : Filter X} {G : Filter Y} {H : Filter Z} {f : X → Y} {g : Y → Z}
    (hf : Tendsto₁ f F G) (hg : Tendsto₁ g G H) : Tendsto₁ (g ∘ f) F H := by
  intro V hV
  rw [preimage_comp]
  apply hf
  apply hg
  exact hV


",,True,10,MIL.C10_Topology.solutions.Solutions_S01_Filters,Llama-8B,LENGTH,best_of_n,False,0,0.0,CH10.t4,False
-1,False,5,"theorem t4 {X Y Z : Type*} {F : Filter X} {G : Filter Y} {H : Filter Z} {f : X → Y} {g : Y → Z}
    (hf : Tendsto₁ f F G) (hg : Tendsto₁ g G H) : Tendsto₁ (g ∘ f) F H := by
  intro V hV
  rw [preimage_comp]
  apply hf
  apply hg
  exact hV

",,True,-1,"theorem t4 {X Y Z : Type*} {F : Filter X} {G : Filter Y} {H : Filter Z} {f : X → Y} {g : Y → Z}
    (hf : Tendsto₁ f F G) (hg : Tendsto₁ g G H) : Tendsto₁ (g ∘ f) F H := by
  like I
  intro V hV
  rw [preimage_comp]
  apply hf
  apply hg
  exact hV


","💥️unknown tactic

💥️unsolved goals
X : Type u_1
Y : Type u_2
Z : Type u_3
F : Filter X
G : Filter Y
H : Filter Z
f : X → Y
g : Y → Z
hf : Tendsto₁ f F G
hg : Tendsto₁ g G H
⊢ Tendsto₁ (g ∘ f) F H",False,10,MIL.C10_Topology.solutions.Solutions_S01_Filters,Llama-8B,LENGTH,best_of_n,False,0,-1.0,CH10.t4,False
-1,False,5,"theorem t4 {X Y Z : Type*} {F : Filter X} {G : Filter Y} {H : Filter Z} {f : X → Y} {g : Y → Z}
    (hf : Tendsto₁ f F G) (hg : Tendsto₁ g G H) : Tendsto₁ (g ∘ f) F H := by
  intro V hV
  rw [preimage_comp]
  apply hf
  apply hg
  exact hV

",,True,5,"theorem t4 {X Y Z : Type*} {F : Filter X} {G : Filter Y} {H : Filter Z} {f : X → Y} {g : Y → Z}
    (hf : Tendsto₁ f F G) (hg : Tendsto₁ g G H) : Tendsto₁ (g ∘ f) F H := by
  intro V hV
  rw [preimage_comp]
  apply hf
  apply hg
  exact hV


",,True,10,MIL.C10_Topology.solutions.Solutions_S01_Filters,Llama-8B,LENGTH,best_of_n,False,0,0.0,CH10.t4,False
-1,False,3,"theorem t5 (f : ℕ → ℝ × ℝ) (x₀ y₀ : ℝ) :
    Tendsto f atTop (𝓝 (x₀, y₀)) ↔
      Tendsto (Prod.fst ∘ f) atTop (𝓝 x₀) ∧ Tendsto (Prod.snd ∘ f) atTop (𝓝 y₀) :=
  calc
    Tendsto f atTop (𝓝 (x₀, y₀)) ↔ map f atTop ≤ 𝓝 (x₀, y₀) := Iff.rfl
    _ ↔ map f atTop ≤ 𝓝 x₀ ×ˢ 𝓝 y₀ := by rw [nhds_prod_eq]
    _ ↔ map f atTop ≤ comap Prod.fst (𝓝 x₀) ⊓ comap Prod.snd (𝓝 y₀) := Iff.rfl
    _ ↔ map f atTop ≤ comap Prod.fst (𝓝 x₀) ∧ map f atTop ≤ comap Prod.snd (𝓝 y₀) := le_inf_iff
    _ ↔ map Prod.fst (map f atTop) ≤ 𝓝 x₀ ∧ map Prod.snd (map f atTop) ≤ 𝓝 y₀ := by
      rw [← map_le_iff_le_comap, ← map_le_iff_le_comap]
    _ ↔ map (Prod.fst ∘ f) atTop ≤ 𝓝 x₀ ∧ map (Prod.snd ∘ f) atTop ≤ 𝓝 y₀ := by
      rw [map_map, map_map]


-- an alternative solution
",,True,-1,"theorem t5 (f : ℕ → ℝ × ℝ) (x₀ y₀ : ℝ) :
    Tendsto f atTop (   (x₀, y₀)) ↔
      Tendsto (Prod.fst ∘ f) atTop (   x₀) ∧ Tendsto (Prod.snd ∘ f) atTop (   y₀) :=
  calc
    Tendsto f atTop (   (x₀, y₀)) ↔ map f atTop ≤    (x₀, y₀) := Iff.rfl
    _ ↔ map f atTop ≤    x₀ ×ˢ    y₀ := by rw [nhds_prod_eq]
    _ ↔ map f atTop ≤ comap Prod.fst (   x₀) ⊓ comap Prod.snd (   y₀) := Iff.rfl
    _ ↔ map f atTop ≤ comap Prod.fst (   x₀) ∧ map f atTop ≤ comap Prod.snd (   y₀) := le_inf_iff
    _ ↔ map Prod.fst (map f atTop) ≤    x₀ ∧ map Prod.snd (map f atTop) ≤    y₀ := by
      rw [← map_le_iff_le_comap, ← map_le_iff_le_comap]
    _ ↔ map (Prod.fst ∘ f) atTop ≤    x₀ ∧ map (Prod.snd ∘ f) atTop ≤    y₀ := by
      rw [map_map, map_map]

-- an alternative solution

",💥️expected token,False,10,MIL.C10_Topology.solutions.Solutions_S01_Filters,Llama-8B,LENGTH,best_of_n,False,0,-1.0,CH10.t5,False
-1,False,3,"theorem t5 (f : ℕ → ℝ × ℝ) (x₀ y₀ : ℝ) :
    Tendsto f atTop (𝓝 (x₀, y₀)) ↔
      Tendsto (Prod.fst ∘ f) atTop (𝓝 x₀) ∧ Tendsto (Prod.snd ∘ f) atTop (𝓝 y₀) :=
  calc
    Tendsto f atTop (𝓝 (x₀, y₀)) ↔ map f atTop ≤ 𝓝 (x₀, y₀) := Iff.rfl
    _ ↔ map f atTop ≤ 𝓝 x₀ ×ˢ 𝓝 y₀ := by rw [nhds_prod_eq]
    _ ↔ map f atTop ≤ comap Prod.fst (𝓝 x₀) ⊓ comap Prod.snd (𝓝 y₀) := Iff.rfl
    _ ↔ map f atTop ≤ comap Prod.fst (𝓝 x₀) ∧ map f atTop ≤ comap Prod.snd (𝓝 y₀) := le_inf_iff
    _ ↔ map Prod.fst (map f atTop) ≤ 𝓝 x₀ ∧ map Prod.snd (map f atTop) ≤ 𝓝 y₀ := by
      rw [← map_le_iff_le_comap, ← map_le_iff_le_comap]
    _ ↔ map (Prod.fst ∘ f) atTop ≤ 𝓝 x₀ ∧ map (Prod.snd ∘ f) atTop ≤ 𝓝 y₀ := by
      rw [map_map, map_map]


-- an alternative solution
",,True,-1,"theorem t5 (f : ℕ → ℝ × ℝ) (x₀ y₀ : ℝ) :
    Tendsto f atTop (   (x₀, y₀)) ↔
      Tendsto (Prod.fst ∘ f) atTop (   x₀) ∧ Tendsto (Prod.snd ∘ f) atTop (   y₀) := by
  simp [t5_iff_prod_le_iff_comap_prod_eq_prod_map, image_comp]
",💥️expected token,False,10,MIL.C10_Topology.solutions.Solutions_S01_Filters,Llama-8B,LENGTH,best_of_n,False,0,-1.0,CH10.t5,False
-1,False,3,"theorem t5 (f : ℕ → ℝ × ℝ) (x₀ y₀ : ℝ) :
    Tendsto f atTop (𝓝 (x₀, y₀)) ↔
      Tendsto (Prod.fst ∘ f) atTop (𝓝 x₀) ∧ Tendsto (Prod.snd ∘ f) atTop (𝓝 y₀) :=
  calc
    Tendsto f atTop (𝓝 (x₀, y₀)) ↔ map f atTop ≤ 𝓝 (x₀, y₀) := Iff.rfl
    _ ↔ map f atTop ≤ 𝓝 x₀ ×ˢ 𝓝 y₀ := by rw [nhds_prod_eq]
    _ ↔ map f atTop ≤ comap Prod.fst (𝓝 x₀) ⊓ comap Prod.snd (𝓝 y₀) := Iff.rfl
    _ ↔ map f atTop ≤ comap Prod.fst (𝓝 x₀) ∧ map f atTop ≤ comap Prod.snd (𝓝 y₀) := le_inf_iff
    _ ↔ map Prod.fst (map f atTop) ≤ 𝓝 x₀ ∧ map Prod.snd (map f atTop) ≤ 𝓝 y₀ := by
      rw [← map_le_iff_le_comap, ← map_le_iff_le_comap]
    _ ↔ map (Prod.fst ∘ f) atTop ≤ 𝓝 x₀ ∧ map (Prod.snd ∘ f) atTop ≤ 𝓝 y₀ := by
      rw [map_map, map_map]


-- an alternative solution
",,True,-1,"theorem t5 (f : ℕ → ℝ × ℝ) (x₀ y₀ : ℝ) :
    Tendsto f atTop (   (x₀, y₀)) ↔
      Tendsto (Prod.fst ∘ f) atTop (   x₀) ∧ Tendsto (Prod.snd ∘ f) atTop (   y₀) :=
  calc
    Tendsto f atTop (   (x₀, y₀)) ↔ map f atTop ≤    (x₀, y₀) := Iff.rfl
    _ ↔ map f atTop ≤    x₀ ×ˢ    y₀ := by rw [nhds_prod_eq]
    _ ↔ map f atTop ≤ comap Prod.fst (   x₀) ⊓ comap Prod.snd (   y₀) := Iff.rfl
    _ ↔ map f atTop ≤ comap Prod.fst (   x₀) ∧ map f atTop ≤ comap Prod.snd (   y₀) := le_inf_iff
    _ ↔ map Prod.fst (map f atTop) ≤    x₀ ∧ map Prod.snd (map f atTop) ≤    y₀ := by
      rw [← map_le_iff_le_comap, ← map_le_iff_le_comap]
    _ ↔ map (Prod.fst ∘ f) atTop ≤    x₀ ∧ map (Prod.snd ∘ f) atTop ≤    y₀ := by
      rw [map_map, map_map]
",💥️expected token,False,10,MIL.C10_Topology.solutions.Solutions_S01_Filters,Llama-8B,LENGTH,best_of_n,False,0,-1.0,CH10.t5,False
-1,False,3,"theorem t5 (f : ℕ → ℝ × ℝ) (x₀ y₀ : ℝ) :
    Tendsto f atTop (𝓝 (x₀, y₀)) ↔
      Tendsto (Prod.fst ∘ f) atTop (𝓝 x₀) ∧ Tendsto (Prod.snd ∘ f) atTop (𝓝 y₀) :=
  calc
    Tendsto f atTop (𝓝 (x₀, y₀)) ↔ map f atTop ≤ 𝓝 (x₀, y₀) := Iff.rfl
    _ ↔ map f atTop ≤ 𝓝 x₀ ×ˢ 𝓝 y₀ := by rw [nhds_prod_eq]
    _ ↔ map f atTop ≤ comap Prod.fst (𝓝 x₀) ⊓ comap Prod.snd (𝓝 y₀) := Iff.rfl
    _ ↔ map f atTop ≤ comap Prod.fst (𝓝 x₀) ∧ map f atTop ≤ comap Prod.snd (𝓝 y₀) := le_inf_iff
    _ ↔ map Prod.fst (map f atTop) ≤ 𝓝 x₀ ∧ map Prod.snd (map f atTop) ≤ 𝓝 y₀ := by
      rw [← map_le_iff_le_comap, ← map_le_iff_le_comap]
    _ ↔ map (Prod.fst ∘ f) atTop ≤ 𝓝 x₀ ∧ map (Prod.snd ∘ f) atTop ≤ 𝓝 y₀ := by
      rw [map_map, map_map]


-- an alternative solution
",,True,-1,"theorem t5 (f : ℕ → ℝ × ℝ) (x₀ y₀ : ℝ) :
    Tendsto f atTop (   (x₀, y₀)) ↔
      Tendsto (Prod.fst ∘ f) atTop (   x₀) ∧ Tendsto (Prod.snd ∘ f) atTop (   y₀) := by
  simp only [Tendsto, nhds_prod_eq, Iff.rfl, map_prod]

-- an alternative solution

",💥️expected token,False,10,MIL.C10_Topology.solutions.Solutions_S01_Filters,Llama-8B,LENGTH,best_of_n,False,0,-1.0,CH10.t5,False
-1,False,3,"theorem t5 (f : ℕ → ℝ × ℝ) (x₀ y₀ : ℝ) :
    Tendsto f atTop (𝓝 (x₀, y₀)) ↔
      Tendsto (Prod.fst ∘ f) atTop (𝓝 x₀) ∧ Tendsto (Prod.snd ∘ f) atTop (𝓝 y₀) :=
  calc
    Tendsto f atTop (𝓝 (x₀, y₀)) ↔ map f atTop ≤ 𝓝 (x₀, y₀) := Iff.rfl
    _ ↔ map f atTop ≤ 𝓝 x₀ ×ˢ 𝓝 y₀ := by rw [nhds_prod_eq]
    _ ↔ map f atTop ≤ comap Prod.fst (𝓝 x₀) ⊓ comap Prod.snd (𝓝 y₀) := Iff.rfl
    _ ↔ map f atTop ≤ comap Prod.fst (𝓝 x₀) ∧ map f atTop ≤ comap Prod.snd (𝓝 y₀) := le_inf_iff
    _ ↔ map Prod.fst (map f atTop) ≤ 𝓝 x₀ ∧ map Prod.snd (map f atTop) ≤ 𝓝 y₀ := by
      rw [← map_le_iff_le_comap, ← map_le_iff_le_comap]
    _ ↔ map (Prod.fst ∘ f) atTop ≤ 𝓝 x₀ ∧ map (Prod.snd ∘ f) atTop ≤ 𝓝 y₀ := by
      rw [map_map, map_map]


-- an alternative solution
",,True,-1,"theorem t5 (f : ℕ → ℝ × ℝ) (x₀ y₀ : ℝ) :
    Tendsto f atTop (   (x₀, y₀)) ↔
      Tendsto (Prod.fst ∘ f) atTop (   x₀) ∧ Tendsto (Prod.snd ∘ f) atTop (   y₀) := by
  rw [map_prod_eq_map_map, map_map, smul_def, smul_def, inf_prod]
  exact Inducing.continuousAtPlace.prod Seiten.continuousAtPlace (   (x₀, y₀)) x₀ y₀
",💥️expected token,False,10,MIL.C10_Topology.solutions.Solutions_S01_Filters,Llama-8B,LENGTH,best_of_n,False,0,-1.0,CH10.t5,False
-1,False,3,"theorem t5 (f : ℕ → ℝ × ℝ) (x₀ y₀ : ℝ) :
    Tendsto f atTop (𝓝 (x₀, y₀)) ↔
      Tendsto (Prod.fst ∘ f) atTop (𝓝 x₀) ∧ Tendsto (Prod.snd ∘ f) atTop (𝓝 y₀) :=
  calc
    Tendsto f atTop (𝓝 (x₀, y₀)) ↔ map f atTop ≤ 𝓝 (x₀, y₀) := Iff.rfl
    _ ↔ map f atTop ≤ 𝓝 x₀ ×ˢ 𝓝 y₀ := by rw [nhds_prod_eq]
    _ ↔ map f atTop ≤ comap Prod.fst (𝓝 x₀) ⊓ comap Prod.snd (𝓝 y₀) := Iff.rfl
    _ ↔ map f atTop ≤ comap Prod.fst (𝓝 x₀) ∧ map f atTop ≤ comap Prod.snd (𝓝 y₀) := le_inf_iff
    _ ↔ map Prod.fst (map f atTop) ≤ 𝓝 x₀ ∧ map Prod.snd (map f atTop) ≤ 𝓝 y₀ := by
      rw [← map_le_iff_le_comap, ← map_le_iff_le_comap]
    _ ↔ map (Prod.fst ∘ f) atTop ≤ 𝓝 x₀ ∧ map (Prod.snd ∘ f) atTop ≤ 𝓝 y₀ := by
      rw [map_map, map_map]


-- an alternative solution
",,True,-1,"theorem t5 (f : ℕ → ℝ × ℝ) (x₀ y₀ : ℝ) :
    Tendsto f atTop (   (x₀, y₀)) ↔
      Tendsto (Prod.fst ∘ f) atTop (   x₀) ∧ Tendsto (Prod.snd ∘ f) atTop (   y₀) :=
  calc
    Tendsto f atTop (   (x₀, y₀)) ↔ map f atTop ≤    (x₀, y₀) := Iff.rfl
    _ ↔ map f atTop ≤    x₀ ×ˢ    y₀ := by rw [nhds_prod_eq]
    _ ↔ map f atTop ≤ comap Prod.fst (   x₀) ⊓ comap Prod.snd (   y₀) := Iff.rfl
    _ ↔ map f atTop ≤ comap Prod.fst (   x₀) ∧ map f atTop ≤ comap Prod.snd (   y₀) := le_inf_iff
    _ ↔ map Prod.fst (map f atTop) ≤    x₀ ∧ map Prod.snd (map f atTop) ≤    y₀ := by
      rw [← map_le_iff_le_comap, ← map_le_iff_le_comap]
    _ ↔ map (Prod.fst ∘ f) atTop ≤    x₀ ∧ map (Prod.snd ∘ f) atTop ≤    y₀ := by
      rw [map_map, map_map]
          

-- an alternative solution

",💥️expected token,False,10,MIL.C10_Topology.solutions.Solutions_S01_Filters,Llama-8B,LENGTH,best_of_n,False,0,-1.0,CH10.t5,False
-1,False,3,"theorem t5 (f : ℕ → ℝ × ℝ) (x₀ y₀ : ℝ) :
    Tendsto f atTop (𝓝 (x₀, y₀)) ↔
      Tendsto (Prod.fst ∘ f) atTop (𝓝 x₀) ∧ Tendsto (Prod.snd ∘ f) atTop (𝓝 y₀) :=
  calc
    Tendsto f atTop (𝓝 (x₀, y₀)) ↔ map f atTop ≤ 𝓝 (x₀, y₀) := Iff.rfl
    _ ↔ map f atTop ≤ 𝓝 x₀ ×ˢ 𝓝 y₀ := by rw [nhds_prod_eq]
    _ ↔ map f atTop ≤ comap Prod.fst (𝓝 x₀) ⊓ comap Prod.snd (𝓝 y₀) := Iff.rfl
    _ ↔ map f atTop ≤ comap Prod.fst (𝓝 x₀) ∧ map f atTop ≤ comap Prod.snd (𝓝 y₀) := le_inf_iff
    _ ↔ map Prod.fst (map f atTop) ≤ 𝓝 x₀ ∧ map Prod.snd (map f atTop) ≤ 𝓝 y₀ := by
      rw [← map_le_iff_le_comap, ← map_le_iff_le_comap]
    _ ↔ map (Prod.fst ∘ f) atTop ≤ 𝓝 x₀ ∧ map (Prod.snd ∘ f) atTop ≤ 𝓝 y₀ := by
      rw [map_map, map_map]


-- an alternative solution
",,True,-1,"theorem t5 (f : ℕ → ℝ × ℝ) (x₀ y₀ : ℝ) :
    Tendsto f atTop (   (x₀, y₀)) ↔
      Tendsto (Prod.fst ∘ f) atTop (   x₀) ∧ Tendsto (Prod.snd ∘ f) atTop (   y₀) := by
  simp only [map_prod_eq_map₂, map_map]
  repeat apply le_inf_iff <;> intro
  exact map_le_eq_map_le_comap


-- an alternative solution

",💥️expected token,False,10,MIL.C10_Topology.solutions.Solutions_S01_Filters,Llama-8B,LENGTH,best_of_n,False,0,-1.0,CH10.t5,False
-1,False,3,"theorem t5 (f : ℕ → ℝ × ℝ) (x₀ y₀ : ℝ) :
    Tendsto f atTop (𝓝 (x₀, y₀)) ↔
      Tendsto (Prod.fst ∘ f) atTop (𝓝 x₀) ∧ Tendsto (Prod.snd ∘ f) atTop (𝓝 y₀) :=
  calc
    Tendsto f atTop (𝓝 (x₀, y₀)) ↔ map f atTop ≤ 𝓝 (x₀, y₀) := Iff.rfl
    _ ↔ map f atTop ≤ 𝓝 x₀ ×ˢ 𝓝 y₀ := by rw [nhds_prod_eq]
    _ ↔ map f atTop ≤ comap Prod.fst (𝓝 x₀) ⊓ comap Prod.snd (𝓝 y₀) := Iff.rfl
    _ ↔ map f atTop ≤ comap Prod.fst (𝓝 x₀) ∧ map f atTop ≤ comap Prod.snd (𝓝 y₀) := le_inf_iff
    _ ↔ map Prod.fst (map f atTop) ≤ 𝓝 x₀ ∧ map Prod.snd (map f atTop) ≤ 𝓝 y₀ := by
      rw [← map_le_iff_le_comap, ← map_le_iff_le_comap]
    _ ↔ map (Prod.fst ∘ f) atTop ≤ 𝓝 x₀ ∧ map (Prod.snd ∘ f) atTop ≤ 𝓝 y₀ := by
      rw [map_map, map_map]


-- an alternative solution
",,True,-1,"theorem t5 (f : ℕ → ℝ × ℝ) (x₀ y₀ : ℝ) :
    Tendsto f atTop (   (x₀, y₀)) ↔
      Tendsto (Prod.fst ∘ f) atTop (   x₀) ∧ Tendsto (Prod.snd ∘ f) atTop (   y₀) :=
  calc
    Tendsto f atTop (   (x₀, y₀)) ↔ map f atTop ≤    (x₀, y₀) := Iff.rfl
    _ ↔ map f atTop ≤    x₀ ×ˢ    y₀ := by rw [nhds_prod_eq]
    _ ↔ map f atTop ≤ comap Prod.fst (   x₀) ⊓ comap Prod.snd (   y₀) := Iff.rfl
    _ ↔ map f atTop ≤ comap Prod.fst (   x₀) ∧ map f atTop ≤ comap Prod.snd (   y₀) := le_inf_iff
    _ ↔ map Prod.fst (map f atTop) ≤    x₀ ∧ map Prod.snd (map f atTop) ≤    y₀ := by
      rw [← map_le_iff_le_comap, ← map_le_iff_le_comap]
    _ ↔ map (Prod.fst ∘ f) atTop ≤    x₀ ∧ map (Prod.snd ∘ f) atTop ≤    y₀ := by
      rw [map_map, map_map]

-- an alternative solution

",💥️expected token,False,10,MIL.C10_Topology.solutions.Solutions_S01_Filters,Llama-8B,LENGTH,best_of_n,False,0,-1.0,CH10.t5,False
-1,False,3,"theorem t5 (f : ℕ → ℝ × ℝ) (x₀ y₀ : ℝ) :
    Tendsto f atTop (𝓝 (x₀, y₀)) ↔
      Tendsto (Prod.fst ∘ f) atTop (𝓝 x₀) ∧ Tendsto (Prod.snd ∘ f) atTop (𝓝 y₀) :=
  calc
    Tendsto f atTop (𝓝 (x₀, y₀)) ↔ map f atTop ≤ 𝓝 (x₀, y₀) := Iff.rfl
    _ ↔ map f atTop ≤ 𝓝 x₀ ×ˢ 𝓝 y₀ := by rw [nhds_prod_eq]
    _ ↔ map f atTop ≤ comap Prod.fst (𝓝 x₀) ⊓ comap Prod.snd (𝓝 y₀) := Iff.rfl
    _ ↔ map f atTop ≤ comap Prod.fst (𝓝 x₀) ∧ map f atTop ≤ comap Prod.snd (𝓝 y₀) := le_inf_iff
    _ ↔ map Prod.fst (map f atTop) ≤ 𝓝 x₀ ∧ map Prod.snd (map f atTop) ≤ 𝓝 y₀ := by
      rw [← map_le_iff_le_comap, ← map_le_iff_le_comap]
    _ ↔ map (Prod.fst ∘ f) atTop ≤ 𝓝 x₀ ∧ map (Prod.snd ∘ f) atTop ≤ 𝓝 y₀ := by
      rw [map_map, map_map]


-- an alternative solution
",,True,-1,"theorem t5 (f : ℕ → ℝ × ℝ) (x₀ y₀ : ℝ) :
    Tendsto f atTop (   (x₀, y₀)) ↔ Tendsto (f ∘ (↑)) atTop (   y₀) :=
  calc
    map f atTop →ₗᵢ[R] where prod_map is (map_prod _).tendsto_const prodFiniteSets
    _ → map f atTop →ₗᵢ[R] where prod_map is (map_prod _).tendsto_const prodFiniteSets
    _ → map_prod_cons := map_prod_cons _ _ _
    _ → map_prod.map_prod := map_prod.map_prod by tendsto_prod
    _ → map_prod_cons := map_prod_cons _ _ _
    _ → map_prod.map_prod := map_prod.map_prod by tendsto_prod
    _ → map_prod_cons := map_prod_cons _ _ _
    _ → map_prod.map_prod := map_prod.map_prod by tendsto_prod
    _ → map_prod_cons := map_prod_cons _ _ _
    _ → map_prod.map_prod := map_prod.map_prod by tendsto_prod
    _ ↔ map_prod_cons ≤ map_prod.map_prod := Iff.rfl
    _ ↔ map_prod_cons ≤ map_prod.map_prod := Iff.rfl
    _ ↔ mapProd_eq_map_prodCons := Iff.rfl
    _ ↔ mapProd_eq_map_prodCons := Iff.rfl
    _ → map_prod_cons := map_prod_cons _ _ _
    _ → mapProd_eq_map_prodCons := mapProd_eq_map_prodCons by tendsto_prod
    _ → map_prod_cons := map_prod_cons _ _ _
    _ → mapProd_eq_map_prodCons := mapProd_eq_map_prodCons by tendsto_prod
    _ → map_prod_cons := map_prod_cons _ _ _
    _ → mapProd_eq_map_prodCons := mapProd_eq_map_prodCons by tendsto_prod
    _ → map_prod_cons := map_prod_cons _ _ _
    _ → mapProd_eq_map_prodCons := mapProd_eq_map_prodCons by tendsto_prod
    _ ↔ mapProd_eq_map_prodCons := Iff.rfl
    _ ↔ mapProd_eq_map_prodCons := Iff.rfl
    _ → map_prod_cons := map_prod_cons _ _ _
    _ → mapProd_eq_map_prodCons := mapProd_eq_map_prodCons by tendsto_prod
    _ → map_prod_cons := map_prod_cons _ _ _
    _ → mapProd_eq_map_prodCons := mapProd_eq_map_prodCons by tendsto_prod
    _ → map_prod_cons := map_prod_cons _ _ _
    _ → mapProd_eq_map_prodCons := mapProd_eq_map_prodCons by tendsto_prod
    _ → map_prod_cons := map_prod_cons _ _ _
    _ → mapProd_eq_map_prodCons := mapProd_eq_map_prodCons by tendsto_prod
    _ ↔ mapProd_eq_map_prodCons := Iff.rfl
    _ ↔ mapProd_eq_map_prodCons := Iff.rfl
    _ → map_prod_cons := map_prod_cons _ _ _
    _ → mapProd_eq_map_prodCons := mapProd_eq_map_prodCons by tendsto_prod
    _ → map_prod_cons := map_prod_cons _ _ _
    _ → mapProd_eq_map_prodCons := mapProd_eq_map_prodCons by tendsto_prod
    _ → map_prod_cons := map_prod_cons _ _ _
    _ → mapProd_eq_map_prodCons := mapProd_eq_map_prodCons by tendsto_prod
    _ ↔ mapProd_eq_map_prodCons := Iff.rfl
    _ ↔ mapProd_eq_map_prodCons := Iff.rfl
    _ → map_prod_cons := map_prod_cons _ _ _
    _ → mapProd_eq_map_prodCons := mapProd_eq_map_prodCons by tendsto_prod
    _ → map_prod_cons := map_prod_cons _ _ _
    _ → mapProd_eq_map_prodCons := mapProd_eq_map_prodCons by tendsto_prod
    _ → map_prod_cons := map_prod_cons _ _ _
    _ → mapProd_eq_map_prodCons := mapProd_eq_map_prodCons by tendsto_prod
    _ ↔ mapProd_eq_map_prodCons := Iff.rfl
    _ ↔ mapProd_eq_map_prodCons := Iff.rfl
    _ → map_prod_cons := map_prod_cons _ _ _
    _ → mapProd_eq_map_prodCons := mapProd_eq_map_prodCons by tendsto_prod
    _ → map_prod_cons := map_prod_cons _ _ _
    _ → mapProd_eq_map_prodCons := mapProd_eq_map_prodCons by tendsto_prod
    _ → map_prod_cons := map_prod_cons _ _ _
    _ → mapProd_eq_map_prodCons := mapProd_eq_map_prodCons by tendsto_prod
    _ ↩ map_prod_cons := map_prod_cons _ _ _
    _",💥️expected token,False,10,MIL.C10_Topology.solutions.Solutions_S01_Filters,Llama-8B,LENGTH,best_of_n,False,0,-1.0,CH10.t5,False
-1,False,3,"theorem t5 (f : ℕ → ℝ × ℝ) (x₀ y₀ : ℝ) :
    Tendsto f atTop (𝓝 (x₀, y₀)) ↔
      Tendsto (Prod.fst ∘ f) atTop (𝓝 x₀) ∧ Tendsto (Prod.snd ∘ f) atTop (𝓝 y₀) :=
  calc
    Tendsto f atTop (𝓝 (x₀, y₀)) ↔ map f atTop ≤ 𝓝 (x₀, y₀) := Iff.rfl
    _ ↔ map f atTop ≤ 𝓝 x₀ ×ˢ 𝓝 y₀ := by rw [nhds_prod_eq]
    _ ↔ map f atTop ≤ comap Prod.fst (𝓝 x₀) ⊓ comap Prod.snd (𝓝 y₀) := Iff.rfl
    _ ↔ map f atTop ≤ comap Prod.fst (𝓝 x₀) ∧ map f atTop ≤ comap Prod.snd (𝓝 y₀) := le_inf_iff
    _ ↔ map Prod.fst (map f atTop) ≤ 𝓝 x₀ ∧ map Prod.snd (map f atTop) ≤ 𝓝 y₀ := by
      rw [← map_le_iff_le_comap, ← map_le_iff_le_comap]
    _ ↔ map (Prod.fst ∘ f) atTop ≤ 𝓝 x₀ ∧ map (Prod.snd ∘ f) atTop ≤ 𝓝 y₀ := by
      rw [map_map, map_map]


-- an alternative solution
",,True,-1,"theorem t5 (f : ℕ → ℝ × ℝ) (x₀ y₀ : ℝ) :
    Tendsto f atTop (   (x₀, y₀)) ↔
      Tendsto (Prod.fst ∘ f) atTop (   x₀) ∧ Tendsto (Prod.snd ∘ f) atTop (   y₀) :=
  calc
    Tendsto f atTop (   (x₀, y₀)) ↔ map f atTop ≤    (x₀, y₀) := Iff.rfl
    _ ↔ map f atTop ≤    x₀ ×ˢ    y₀ := by rw [nhds_prod_eq]
    _ ↔ map f atTop ≤ comap Prod.fst (   x₀) ⊓ comap Prod.snd (   y₀) := Iff.rfl
    _ ↔ map f atTop ≤ comap Prod.fst (   x₀) ∧ map f atTop ≤ comap Prod.snd (   y₀) := le_inf_iff
    _ ↔ map Prod.fst (map f atTop) ≤    x₀ ∧ map Prod.snd (map f atTop) ≤    y₀ := by
      rw [← map_le_iff_le_comap, ← map_le_iff_le_comap]
    _ ↔ map (Prod.fst ∘ f) atTop ≤    x₀ ∧ map (Prod.snd ∘ f) atTop ≤    y₀ := by
      rw [map_map, map_map]


-- an alternative solution

",💥️expected token,False,10,MIL.C10_Topology.solutions.Solutions_S01_Filters,Llama-8B,LENGTH,best_of_n,False,0,-1.0,CH10.t5,False
-1,False,3,"theorem t6 (f : ℕ → ℝ × ℝ) (x₀ y₀ : ℝ) :
    Tendsto f atTop (𝓝 (x₀, y₀)) ↔
      Tendsto (Prod.fst ∘ f) atTop (𝓝 x₀) ∧ Tendsto (Prod.snd ∘ f) atTop (𝓝 y₀) := by
  rw [nhds_prod_eq]
  unfold Tendsto SProd.sprod Filter.instSProd
  rw [le_inf_iff, ← map_le_iff_le_comap, map_map, ← map_le_iff_le_comap, map_map]

",,True,-1,"theorem t6 (f : ℕ → ℝ × ℝ) (x₀ y₀ : ℝ) :
    Tendsto f atTop (   (x₀, y₀)) ↔
      Tendsto (Prod.fst ∘ f) atTop (   x₀) ∧ Tendsto (Prod.snd ∘ f) atTop (   y₀) := by
  rw [nhds_prod_eq, Tendsto SProd.sprod Filter.instSProd]
  simp only [prod_apply, containedWithin_univ, true_and, map_map, произprod_const,
    map_le_iff_le_comap, le_inf_iff, prod_eq_zero_iff]; rfl
",💥️expected token,False,10,MIL.C10_Topology.solutions.Solutions_S01_Filters,Llama-8B,LENGTH,best_of_n,False,0,-1.0,CH10.t6,False
-1,False,3,"theorem t6 (f : ℕ → ℝ × ℝ) (x₀ y₀ : ℝ) :
    Tendsto f atTop (𝓝 (x₀, y₀)) ↔
      Tendsto (Prod.fst ∘ f) atTop (𝓝 x₀) ∧ Tendsto (Prod.snd ∘ f) atTop (𝓝 y₀) := by
  rw [nhds_prod_eq]
  unfold Tendsto SProd.sprod Filter.instSProd
  rw [le_inf_iff, ← map_le_iff_le_comap, map_map, ← map_le_iff_le_comap, map_map]

",,True,-1,"theorem t6 (f : ℕ → ℝ × ℝ) (x₀ y₀ : ℝ) :
    Tendsto f atTop (   (x₀, y₀)) ↔
      Tendsto (Prod.fst ∘ f) atTop (   x₀) ∧ Tendsto (Prod.snd ∘ f) atTop (   y₀) := by
  rw [nhds_prod_eq, Tendsto SProd.sprod Filter.instSProd]
  rw [le_inf_iff, ← map_le_iff_le_comap, map_map, ← map_le_iff_le_comap, map_map]
",💥️expected token,False,10,MIL.C10_Topology.solutions.Solutions_S01_Filters,Llama-8B,LENGTH,best_of_n,False,0,-1.0,CH10.t6,False
-1,False,3,"theorem t6 (f : ℕ → ℝ × ℝ) (x₀ y₀ : ℝ) :
    Tendsto f atTop (𝓝 (x₀, y₀)) ↔
      Tendsto (Prod.fst ∘ f) atTop (𝓝 x₀) ∧ Tendsto (Prod.snd ∘ f) atTop (𝓝 y₀) := by
  rw [nhds_prod_eq]
  unfold Tendsto SProd.sprod Filter.instSProd
  rw [le_inf_iff, ← map_le_iff_le_comap, map_map, ← map_le_iff_le_comap, map_map]

",,True,-1,"theorem t6 (f : ℕ → ℝ × ℝ) (x₀ y₀ : ℝ) :
    Tendsto f atTop (   (x₀, y₀)) ↔
      Tendsto (Prod.fst ∘ f) atTop (   x₀) ∧ Tendsto (Prod.snd ∘ f) atTop (   y₀) := by
  rw [nhds_prod_eq]
  unfold Tendsto SProd.sprod Filter.instSProd


",💥️expected token,False,10,MIL.C10_Topology.solutions.Solutions_S01_Filters,Llama-8B,LENGTH,best_of_n,False,0,-1.0,CH10.t6,False
-1,False,3,"theorem t6 (f : ℕ → ℝ × ℝ) (x₀ y₀ : ℝ) :
    Tendsto f atTop (𝓝 (x₀, y₀)) ↔
      Tendsto (Prod.fst ∘ f) atTop (𝓝 x₀) ∧ Tendsto (Prod.snd ∘ f) atTop (𝓝 y₀) := by
  rw [nhds_prod_eq]
  unfold Tendsto SProd.sprod Filter.instSProd
  rw [le_inf_iff, ← map_le_iff_le_comap, map_map, ← map_le_iff_le_comap, map_map]

",,True,-1,"theorem t6 (f : ℕ → ℝ × ℝ) (x₀ y₀ : ℝ) :
    Tendsto f atTop (   (x₀, y₀)) ↔
      Tendsto (Prod.fst ∘ f) atTop (   x₀) ∧ Tendsto (Prod.snd ∘ f) atTop (   y₀) := by
  rw [nhds_prod_eq]
  unfold Tendsto SProd.sprod Filter.instSProd
  rw [le_inf_iff, ← map_le_iff_le_comap, map_map, ← map_le_iff_le_comap, map_map]

",💥️expected token,False,10,MIL.C10_Topology.solutions.Solutions_S01_Filters,Llama-8B,LENGTH,best_of_n,False,0,-1.0,CH10.t6,False
-1,False,3,"theorem t6 (f : ℕ → ℝ × ℝ) (x₀ y₀ : ℝ) :
    Tendsto f atTop (𝓝 (x₀, y₀)) ↔
      Tendsto (Prod.fst ∘ f) atTop (𝓝 x₀) ∧ Tendsto (Prod.snd ∘ f) atTop (𝓝 y₀) := by
  rw [nhds_prod_eq]
  unfold Tendsto SProd.sprod Filter.instSProd
  rw [le_inf_iff, ← map_le_iff_le_comap, map_map, ← map_le_iff_le_comap, map_map]

",,True,-1,"theorem t6 (f : ℕ → ℝ × ℝ) (x₀ y₀ : ℝ) :
    Tendsto f atTop (   (x₀, y₀)) ↔
      Tendsto (Prod.fst ∘ f) atTop (   x₀) ∧ Tendsto (Prod.snd ∘ f) atTop (   y₀) := by
  rw [nhds_prod_eq, Tendsto SProd.sprod Filter.instSProd]
  le_inf_iff.2 <|
    sProd_le_iff.2 $ by
      simpa [← map_le_iff_le_comap, map_map] using map_le_iff_le_comap


",💥️expected token,False,10,MIL.C10_Topology.solutions.Solutions_S01_Filters,Llama-8B,LENGTH,best_of_n,False,0,-1.0,CH10.t6,False
-1,False,3,"theorem t6 (f : ℕ → ℝ × ℝ) (x₀ y₀ : ℝ) :
    Tendsto f atTop (𝓝 (x₀, y₀)) ↔
      Tendsto (Prod.fst ∘ f) atTop (𝓝 x₀) ∧ Tendsto (Prod.snd ∘ f) atTop (𝓝 y₀) := by
  rw [nhds_prod_eq]
  unfold Tendsto SProd.sprod Filter.instSProd
  rw [le_inf_iff, ← map_le_iff_le_comap, map_map, ← map_le_iff_le_comap, map_map]

",,True,-1,"theorem t6 (f : ℕ → ℝ × ℝ) (x₀ y₀ : ℝ) :
    Tendsto f atTop (   (x₀, y₀)) ↔
      Tendsto (Prod.fst ∘ f) atTop (   x₀) ∧ Tendsto (Prod.snd ∘ f) atTop (   y₀) := by
  rw [nhds_prod_eq]
  unfold Tendsto SProd.sprod Filter.instSProd
  rw [le_inf_iff, ← map_le_iff_le_comap, map_map, ← map_le_iff_le_comap, map_map]
",💥️expected token,False,10,MIL.C10_Topology.solutions.Solutions_S01_Filters,Llama-8B,LENGTH,best_of_n,False,0,-1.0,CH10.t6,False
-1,False,3,"theorem t6 (f : ℕ → ℝ × ℝ) (x₀ y₀ : ℝ) :
    Tendsto f atTop (𝓝 (x₀, y₀)) ↔
      Tendsto (Prod.fst ∘ f) atTop (𝓝 x₀) ∧ Tendsto (Prod.snd ∘ f) atTop (𝓝 y₀) := by
  rw [nhds_prod_eq]
  unfold Tendsto SProd.sprod Filter.instSProd
  rw [le_inf_iff, ← map_le_iff_le_comap, map_map, ← map_le_iff_le_comap, map_map]

",,True,-1,"theorem t6 (f : ℕ → ℝ × ℝ) (x₀ y₀ : ℝ) :
    Tendsto f atTop (   (x₀, y₀)) ↔
      Tendsto (Prod.fst ∘ f) atTop (   x₀) ∧ Tendsto (Prod.snd ∘ f) atTop (   y₀) := by
  rw [nhds_prod_eq, Tendsto SProd.sprod Filter.instSProd,
    le_inf_iff, ← map_le_iff_le_comap, map_map, ← map_le_iff_le_comap, map_map]
",💥️expected token,False,10,MIL.C10_Topology.solutions.Solutions_S01_Filters,Llama-8B,LENGTH,best_of_n,False,0,-1.0,CH10.t6,False
-1,False,3,"theorem t6 (f : ℕ → ℝ × ℝ) (x₀ y₀ : ℝ) :
    Tendsto f atTop (𝓝 (x₀, y₀)) ↔
      Tendsto (Prod.fst ∘ f) atTop (𝓝 x₀) ∧ Tendsto (Prod.snd ∘ f) atTop (𝓝 y₀) := by
  rw [nhds_prod_eq]
  unfold Tendsto SProd.sprod Filter.instSProd
  rw [le_inf_iff, ← map_le_iff_le_comap, map_map, ← map_le_iff_le_comap, map_map]

",,True,-1,"theorem t6 (f : ℕ → ℝ × ℝ) (x₀ y₀ : ℝ) :
    Tendsto f atTop (   (x₀, y₀)) ↔
      Tendsto (Prod.fst ∘ f) atTop (   x₀) ∧ Tendsto (Prod.snd ∘ f) atTop (   y₀) := by
  rw [nhds_prod_eq]
  unfold Tendsto SProd.sprod Filter.instSProd
  rw [le_inf_iff, ← map_le_iff_le_comap, map_map, ← map_le_iff_le_comap, map_map]/

",💥️expected token,False,10,MIL.C10_Topology.solutions.Solutions_S01_Filters,Llama-8B,LENGTH,best_of_n,False,0,-1.0,CH10.t6,False
-1,False,3,"theorem t6 (f : ℕ → ℝ × ℝ) (x₀ y₀ : ℝ) :
    Tendsto f atTop (𝓝 (x₀, y₀)) ↔
      Tendsto (Prod.fst ∘ f) atTop (𝓝 x₀) ∧ Tendsto (Prod.snd ∘ f) atTop (𝓝 y₀) := by
  rw [nhds_prod_eq]
  unfold Tendsto SProd.sprod Filter.instSProd
  rw [le_inf_iff, ← map_le_iff_le_comap, map_map, ← map_le_iff_le_comap, map_map]

",,True,-1,"theorem t6 (f : ℕ → ℝ × ℝ) (x₀ y₀ : ℝ) :
    Tendsto f atTop (   (x₀, y₀)) ↔
      Tendsto (Prod.fst ∘ f) atTop (   x₀) ∧ Tendsto (Prod.snd ∘ f) atTop (   y₀) := by
  rw [nhds_prod_eq, Tendsto SProd.sprod Filter.instSProd]
  le-inf_iff.2 <|
    (map_le_iff_le_comap f).mpr <|
      le_assoc_of_le_left (map_map) (← map_le_iff_le_comap f) (map_map)


",💥️expected token,False,10,MIL.C10_Topology.solutions.Solutions_S01_Filters,Llama-8B,LENGTH,best_of_n,False,0,-1.0,CH10.t6,False
-1,False,3,"theorem t6 (f : ℕ → ℝ × ℝ) (x₀ y₀ : ℝ) :
    Tendsto f atTop (𝓝 (x₀, y₀)) ↔
      Tendsto (Prod.fst ∘ f) atTop (𝓝 x₀) ∧ Tendsto (Prod.snd ∘ f) atTop (𝓝 y₀) := by
  rw [nhds_prod_eq]
  unfold Tendsto SProd.sprod Filter.instSProd
  rw [le_inf_iff, ← map_le_iff_le_comap, map_map, ← map_le_iff_le_comap, map_map]

",,True,-1,"theorem t6 (f : ℕ → ℝ × ℝ) (x₀ y₀ : ℝ) :
    Tendsto f atTop (   (x₀, y₀)) ↔
      Tendsto (Prod.fst ∘ f) atTop (   x₀) ∧ Tendsto (Prod.snd ∘ f) atTop (   y₀) := by
  rw [nhds_prod_eq]
  unfold Tendsto SProd.sprod Filter.instSProd
  rw [le_inf_iff, ← map_le_iff_le_comap, map_map, ← map_le_iff_le_comap, map_map]
",💥️expected token,False,10,MIL.C10_Topology.solutions.Solutions_S01_Filters,Llama-8B,LENGTH,best_of_n,False,0,-1.0,CH10.t6,False
