time,syntax_search,og_score,og_raw,og_errors,og_correct,new_score,new_raw,new_errors,new_correct,n,module,model,metric,method,mathlib_search,examples,delta,decl,annotation
-1,False,7,"@[continuity]
theorem continuous_reflTransSymmAux : Continuous reflTransSymmAux := by
  refine continuous_if_le ?_ ?_ (Continuous.continuousOn ?_) (Continuous.continuousOn ?_) ?_
  · continuity
  · continuity
  · continuity
  · continuity
  intro x hx
  norm_num [hx, mul_assoc]

",,True,-1,"@[continuity]
theorem continuous_reflTransSymmAux : Continuous reflTransSymmAux := by
  simp_rw [← relatePred, (mul_assoc _).2]
  exact continuous_reflTransSymmAux_of_mul continuous_id continuous_const


","💥️unknown identifier 'relatePred'

💥️simp made no progress",False,10,Mathlib.AlgebraicTopology.FundamentalGroupoid.Basic,Llama-8B,LENGTH,best_of_n,False,0,-1.0,Path.Homotopy.continuous_reflTransSymmAux,False
-1,False,7,"@[continuity]
theorem continuous_reflTransSymmAux : Continuous reflTransSymmAux := by
  refine continuous_if_le ?_ ?_ (Continuous.continuousOn ?_) (Continuous.continuousOn ?_) ?_
  · continuity
  · continuity
  · continuity
  · continuity
  intro x hx
  norm_num [hx, mul_assoc]

",,True,-1,"@[continuity]
theorem continuous_reflTransSymmAux : Continuous reflTransSymmAux := by
  refine continuous_if_le ?_ ?_ (Continuous.continuousOn ?_) (Continuous.continuousOn ?_) ?_
  · continuous
  · continuous
  · continuous
  · continuous
  intro x hx
  norm_num [hx, mul_assoc]
","💥️unknown tactic

💥️unsolved goals
case refine_1
⊢ Continuous fun x => ↑x.2

💥️unsolved goals
case refine_2
⊢ Continuous fun x => 1 / 2

case refine_3
⊢ Continuous fun x => ↑x.1 * 2 * ↑x.2

case refine_4
⊢ Continuous fun x => ↑x.1 * (2 - 2 * ↑x.2)

case refine_5
⊢ ∀ (x : ↑I × ↑I), ↑x.2 = 1 / 2 → ↑x.1 * 2 * ↑x.2 = ↑x.1 * (2 - 2 * ↑x.2)",False,10,Mathlib.AlgebraicTopology.FundamentalGroupoid.Basic,Llama-8B,LENGTH,best_of_n,False,0,-1.0,Path.Homotopy.continuous_reflTransSymmAux,False
-1,False,7,"@[continuity]
theorem continuous_reflTransSymmAux : Continuous reflTransSymmAux := by
  refine continuous_if_le ?_ ?_ (Continuous.continuousOn ?_) (Continuous.continuousOn ?_) ?_
  · continuity
  · continuity
  · continuity
  · continuity
  intro x hx
  norm_num [hx, mul_assoc]

",,True,-1,"@[align continuous_map.continuousOn continuous_mul continuous_id]
theorem continuous_reflTransSymmAux : Continuous reflTransSymmAux := by
  norm_num [mul_assoc, mem_nonZeroDivisors_eq_ne_zero]
",💥️unexpected identifier; expected ']',False,10,Mathlib.AlgebraicTopology.FundamentalGroupoid.Basic,Llama-8B,LENGTH,best_of_n,False,0,-1.0,Path.Homotopy.continuous_reflTransSymmAux,False
-1,False,7,"@[continuity]
theorem continuous_reflTransSymmAux : Continuous reflTransSymmAux := by
  refine continuous_if_le ?_ ?_ (Continuous.continuousOn ?_) (Continuous.continuousOn ?_) ?_
  · continuity
  · continuity
  · continuity
  · continuity
  intro x hx
  norm_num [hx, mul_assoc]

",,True,7,"@[continuity]
theorem continuous_reflTransSymmAux : Continuous reflTransSymmAux := by
  refine continuous_if_le ?_ ?_ (Continuous.continuousOn ?_) (Continuous.continuousOn ?_) ?_
  · continuity
  · continuity
  · continuity
  · continuity
  intro x hx
  norm_num [hx, mul_assoc]
",,True,10,Mathlib.AlgebraicTopology.FundamentalGroupoid.Basic,Llama-8B,LENGTH,best_of_n,False,0,0.0,Path.Homotopy.continuous_reflTransSymmAux,False
-1,False,7,"@[continuity]
theorem continuous_reflTransSymmAux : Continuous reflTransSymmAux := by
  refine continuous_if_le ?_ ?_ (Continuous.continuousOn ?_) (Continuous.continuousOn ?_) ?_
  · continuity
  · continuity
  · continuity
  · continuity
  intro x hx
  norm_num [hx, mul_assoc]

",,True,-1,"@[continuity]
theorem continuous_reflTransSymmAux : Continuous reflTransSymmAux :=
  let f _ _ ↦ mul_on.comadratic continuous_id multiplicative_span continuous_id continuous_st,
    (map _ _ ↦ mul_on.comadratic (map _ _)).continuousOn,
    map _ _ competitors.map.id continuous_id)

sup, span continuous_id continuousLinearMap.continuousOn continuous_id (by norm_num)
",💥️unexpected token '↦'; expected ':=' or '|',False,10,Mathlib.AlgebraicTopology.FundamentalGroupoid.Basic,Llama-8B,LENGTH,best_of_n,False,0,-1.0,Path.Homotopy.continuous_reflTransSymmAux,False
-1,False,7,"@[continuity]
theorem continuous_reflTransSymmAux : Continuous reflTransSymmAux := by
  refine continuous_if_le ?_ ?_ (Continuous.continuousOn ?_) (Continuous.continuousOn ?_) ?_
  · continuity
  · continuity
  · continuity
  · continuity
  intro x hx
  norm_num [hx, mul_assoc]

",,True,7,"@[continuity]
theorem continuous_reflTransSymmAux : Continuous reflTransSymmAux := by
  refine continuous_if_le ?_ ?_ (Continuous.continuousOn ?_) (Continuous.continuousOn ?_) ?_
  · continuity
  · continuity
  · continuity
  · continuity
  intro x hx
  norm_num [hx, mul_assoc]
",,True,10,Mathlib.AlgebraicTopology.FundamentalGroupoid.Basic,Llama-8B,LENGTH,best_of_n,False,0,0.0,Path.Homotopy.continuous_reflTransSymmAux,False
-1,False,7,"@[continuity]
theorem continuous_reflTransSymmAux : Continuous reflTransSymmAux := by
  refine continuous_if_le ?_ ?_ (Continuous.continuousOn ?_) (Continuous.continuousOn ?_) ?_
  · continuity
  · continuity
  · continuity
  · continuity
  intro x hx
  norm_num [hx, mul_assoc]

",,True,-1,"@[continuity]
theorem continuous_reflTransSymmAux : Continuous reflTransSymmAux :=
  continuous_if_le (fun x hx => by positivity) fun x hx ↦ mul_assoc continuous_id (Norm.id (a := x)).hx

","💥️application type mismatch
  continuous_if_le fun x hx => ?m.1409
argument
  fun x hx => ?m.1409
has type
  (x : ?m.1402) → (hx : ?m.1410 x) → ?m.1411 x hx : Sort (imax ?u.1401 ?u.1404 ?u.1407)
but is expected to have type
  Continuous ?m.1207 : Prop

💥️unknown identifier 'Norm.id'

💥️not a positivity goal

💥️application type mismatch
  mul_assoc continuous_id
argument
  continuous_id
has type
  Continuous id : Prop
but is expected to have type
  ?m.2046 x hx : Type ?u.1923",False,10,Mathlib.AlgebraicTopology.FundamentalGroupoid.Basic,Llama-8B,LENGTH,best_of_n,False,0,-1.0,Path.Homotopy.continuous_reflTransSymmAux,False
-1,False,7,"@[continuity]
theorem continuous_reflTransSymmAux : Continuous reflTransSymmAux := by
  refine continuous_if_le ?_ ?_ (Continuous.continuousOn ?_) (Continuous.continuousOn ?_) ?_
  · continuity
  · continuity
  · continuity
  · continuity
  intro x hx
  norm_num [hx, mul_assoc]

",,True,7,"@[continuity]
theorem continuous_reflTransSymmAux : Continuous reflTransSymmAux := by
  refine continuous_if_le ?_ ?_ (Continuous.continuousOn ?_) (Continuous.continuousOn ?_) ?_
  · continuity
  · continuity
  · continuity
  · continuity
  intro x hx
  norm_num [hx, mul_assoc]
",,True,10,Mathlib.AlgebraicTopology.FundamentalGroupoid.Basic,Llama-8B,LENGTH,best_of_n,False,0,0.0,Path.Homotopy.continuous_reflTransSymmAux,False
-1,False,7,"@[continuity]
theorem continuous_reflTransSymmAux : Continuous reflTransSymmAux := by
  refine continuous_if_le ?_ ?_ (Continuous.continuousOn ?_) (Continuous.continuousOn ?_) ?_
  · continuity
  · continuity
  · continuity
  · continuity
  intro x hx
  norm_num [hx, mul_assoc]

",,True,-1,"@[continuity]
theorem continuous_reflTransSymmAux : Continuous reflTransSymmAux :=
  (continuousOn.symm hx).of_smallSets continuous_const
",💥️unknown identifier 'continuousOn.symm',False,10,Mathlib.AlgebraicTopology.FundamentalGroupoid.Basic,Llama-8B,LENGTH,best_of_n,False,0,-1.0,Path.Homotopy.continuous_reflTransSymmAux,False
-1,False,7,"@[continuity]
theorem continuous_reflTransSymmAux : Continuous reflTransSymmAux := by
  refine continuous_if_le ?_ ?_ (Continuous.continuousOn ?_) (Continuous.continuousOn ?_) ?_
  · continuity
  · continuity
  · continuity
  · continuity
  intro x hx
  norm_num [hx, mul_assoc]

",,True,-1,"@[continuity]
theorem continuous_reflTransSymmAux : Continuous reflTransSymmAux :=
  (continuousOn_iff_of_forall' (fun x hx => mul_assoc x hx)).1

",💥️unknown identifier 'continuousOn_iff_of_forall'',False,10,Mathlib.AlgebraicTopology.FundamentalGroupoid.Basic,Llama-8B,LENGTH,best_of_n,False,0,-1.0,Path.Homotopy.continuous_reflTransSymmAux,False
-1,False,23,"theorem reflTransSymmAux_mem_I (x : I × I) : reflTransSymmAux x ∈ I := by
  dsimp only [reflTransSymmAux]
  split_ifs
  · constructor
    · apply mul_nonneg
      · apply mul_nonneg
        · unit_interval
        · norm_num
      · unit_interval
    · rw [mul_assoc]
      apply mul_le_one₀
      · unit_interval
      · apply mul_nonneg
        · norm_num
        · unit_interval
      · linarith
  · constructor
    · apply mul_nonneg
      · unit_interval
      linarith [unitInterval.nonneg x.2, unitInterval.le_one x.2]
    · apply mul_le_one₀
      · unit_interval
      · linarith [unitInterval.nonneg x.2, unitInterval.le_one x.2]
      · linarith [unitInterval.nonneg x.2, unitInterval.le_one x.2]

",,True,-1,"theorem reflTransSymmAux_mem_I (x : I × I) : reflTransSymmAux x ∈ I := by
  dsimp only [reflTransSymmAux]
  split_ifs
  · constructor
    · apply mul_nonneg
      · apply mul_nonneg
        · unit_interval
        · norm_num
      · unit_interval
    · rw [mul_assoc]
      apply mul_le_one₀
      · unit_interval
      · apply mul_nonneg
        · norm_num
        · unit_interval
      · linarith
  · constructor
    · apply mul_nonneg
      · unit_interval
      apply mul_le_one₀
      · unit_interval
      · linarith [mul_nonneg, mul_le_one₀, linarith


","💥️unexpected end of input; expected ']'

💥️tactic 'apply' failed, failed to unify
  ?a * ?b ≤ 1
with
  0 ≤ 2 - 2 * ↑x.2
case neg.left.hb
x : ↑I × ↑I
h✝ : ¬↑x.2 ≤ 1 / 2
⊢ 0 ≤ 2 - 2 * ↑x.2

💥️unsolved goals
case neg.right
x : ↑I × ↑I
h✝ : ¬↑x.2 ≤ 1 / 2
⊢ ↑x.1 * (2 - 2 * ↑x.2) ≤ 1",False,10,Mathlib.AlgebraicTopology.FundamentalGroupoid.Basic,Llama-8B,LENGTH,best_of_n,False,0,-1.0,Path.Homotopy.reflTransSymmAux_mem_I,False
-1,False,23,"theorem reflTransSymmAux_mem_I (x : I × I) : reflTransSymmAux x ∈ I := by
  dsimp only [reflTransSymmAux]
  split_ifs
  · constructor
    · apply mul_nonneg
      · apply mul_nonneg
        · unit_interval
        · norm_num
      · unit_interval
    · rw [mul_assoc]
      apply mul_le_one₀
      · unit_interval
      · apply mul_nonneg
        · norm_num
        · unit_interval
      · linarith
  · constructor
    · apply mul_nonneg
      · unit_interval
      linarith [unitInterval.nonneg x.2, unitInterval.le_one x.2]
    · apply mul_le_one₀
      · unit_interval
      · linarith [unitInterval.nonneg x.2, unitInterval.le_one x.2]
      · linarith [unitInterval.nonneg x.2, unitInterval.le_one x.2]

",,True,-1,"theorem reflTransSymmAux_mem_I (x : I × I) : reflTransSymmAux x ∈ I := by
  constructor
  · positivity
  · rw [mul_assoc]
    apply mul_le_one₀
    · simp [unit_interval]
    · linarith [mul_nonneg (norm_num ▸ by positivity), unit_interval]
    · linarith [mul_nonneg (norm_num)]

  · constructor
    · positivity
    · apply mul_le_one₀
      · simp [unit_interval]
      linarith [mul_nonneg (norm_num), unit_interval, unitInterval.nonneg x.2,
        unitInterval.le_one x.2, unit_interval, le_one, self_nonneg]

","💥️failed to prove positivity/nonnegativity/nonzeroness

💥️tactic 'rewrite' failed, did not find instance of the pattern in the target expression
  ?a * ?b * ?c
case right
x : ↑I × ↑I
⊢ reflTransSymmAux x ≤ 1

💥️no goals to be solved",False,10,Mathlib.AlgebraicTopology.FundamentalGroupoid.Basic,Llama-8B,LENGTH,best_of_n,False,0,-1.0,Path.Homotopy.reflTransSymmAux_mem_I,False
-1,False,23,"theorem reflTransSymmAux_mem_I (x : I × I) : reflTransSymmAux x ∈ I := by
  dsimp only [reflTransSymmAux]
  split_ifs
  · constructor
    · apply mul_nonneg
      · apply mul_nonneg
        · unit_interval
        · norm_num
      · unit_interval
    · rw [mul_assoc]
      apply mul_le_one₀
      · unit_interval
      · apply mul_nonneg
        · norm_num
        · unit_interval
      · linarith
  · constructor
    · apply mul_nonneg
      · unit_interval
      linarith [unitInterval.nonneg x.2, unitInterval.le_one x.2]
    · apply mul_le_one₀
      · unit_interval
      · linarith [unitInterval.nonneg x.2, unitInterval.le_one x.2]
      · linarith [unitInterval.nonneg x.2, unitInterval.le_one x.2]

",,True,-1,"theorem reflTransSymmAux_mem_I (x : I × I) : reflTransSymmAux x ∈ I := by
  dsimp only [reflTransSymmAux]
  split_ifs
  · constructor
    · apply mul_nonneg
      · apply mul_nonneg
        · unit_interval
        · norm_num
      · unit_interval
    · rw [mul_assoc]
      apply mul_le_one₀
      · unit_interval
      · linarith
  · constructor
    · apply mul_nonneg
      · unit_interval
      linarith [unitInterval.nonneg x.2, unitInterval.le_one x.2]
    · apply mul_le_one₀
      · unit_interval
      · linarith [unitInterval.nonneg x.2, unitInterval.le_one x.2]
      · linarith [unitInterval.nonneg x.2, unitInterval.le_one x.2]

","💥️linarith failed to find a contradiction
case pos.right.hb₀.a
x : ↑I × ↑I
h✝ : ↑x.2 ≤ 1 / 2
a✝ : 0 > 2 * ↑x.2
⊢ False failed

💥️unsolved goals
case pos.right.hb
x : ↑I × ↑I
h✝ : ↑x.2 ≤ 1 / 2
⊢ 2 * ↑x.2 ≤ 1",False,10,Mathlib.AlgebraicTopology.FundamentalGroupoid.Basic,Llama-8B,LENGTH,best_of_n,False,0,-1.0,Path.Homotopy.reflTransSymmAux_mem_I,False
-1,False,23,"theorem reflTransSymmAux_mem_I (x : I × I) : reflTransSymmAux x ∈ I := by
  dsimp only [reflTransSymmAux]
  split_ifs
  · constructor
    · apply mul_nonneg
      · apply mul_nonneg
        · unit_interval
        · norm_num
      · unit_interval
    · rw [mul_assoc]
      apply mul_le_one₀
      · unit_interval
      · apply mul_nonneg
        · norm_num
        · unit_interval
      · linarith
  · constructor
    · apply mul_nonneg
      · unit_interval
      linarith [unitInterval.nonneg x.2, unitInterval.le_one x.2]
    · apply mul_le_one₀
      · unit_interval
      · linarith [unitInterval.nonneg x.2, unitInterval.le_one x.2]
      · linarith [unitInterval.nonneg x.2, unitInterval.le_one x.2]

",,True,-1,"theorem reflTransSymmAux_mem_I (x : I × I) : reflTransSymmAux x ∈ I := by
  dsimp only [reflTransSymmAux]
  split_ifs
  · constructor
    · apply mul_nonneg
      · apply mul_nonneg
        · unit_interval
        · norm_num
      · unit_interval
    · rw [mul_assoc]
      apply mul_le_one₀
      · unit_interval
      · apply mul_nonneg
        · norm_num
        · unit_interval
      · linarith
  · constructor
    · apply mul_nonneg
      · unit_interval
      linarith [unitInterval.nonneg x.2, unitInterval.le_one x.2]
    · apply mul_le_one₀
      · unit_interval
      linarith [unitInterval.nonneg x.2, unitInterval.le_one x.2, unitInterval.nonneg x.2,
        unitInterval.le_one x.2, star_id_of_comm]
","💥️typeclass instance problem is stuck, it is often due to metavariables
  CommSemiring ?m.76283",False,10,Mathlib.AlgebraicTopology.FundamentalGroupoid.Basic,Llama-8B,LENGTH,best_of_n,False,0,-1.0,Path.Homotopy.reflTransSymmAux_mem_I,False
-1,False,23,"theorem reflTransSymmAux_mem_I (x : I × I) : reflTransSymmAux x ∈ I := by
  dsimp only [reflTransSymmAux]
  split_ifs
  · constructor
    · apply mul_nonneg
      · apply mul_nonneg
        · unit_interval
        · norm_num
      · unit_interval
    · rw [mul_assoc]
      apply mul_le_one₀
      · unit_interval
      · apply mul_nonneg
        · norm_num
        · unit_interval
      · linarith
  · constructor
    · apply mul_nonneg
      · unit_interval
      linarith [unitInterval.nonneg x.2, unitInterval.le_one x.2]
    · apply mul_le_one₀
      · unit_interval
      · linarith [unitInterval.nonneg x.2, unitInterval.le_one x.2]
      · linarith [unitInterval.nonneg x.2, unitInterval.le_one x.2]

",,True,23,"theorem reflTransSymmAux_mem_I (x : I × I) : reflTransSymmAux x ∈ I := by
  dsimp only [reflTransSymmAux]
  split_ifs
  · constructor
    · apply mul_nonneg
      · apply mul_nonneg
        · unit_interval
        · norm_num
      · unit_interval
    · rw [mul_assoc]
      apply mul_le_one₀
      · unit_interval
      · apply mul_nonneg
        · norm_num
        · unit_interval
      · linarith
  · constructor
    · apply mul_nonneg
      · unit_interval
      linarith [unitInterval.nonneg x.2, unitInterval.le_one x.2]
    · apply mul_le_one₀
      · unit_interval
      · linarith [unitInterval.nonneg x.2, unitInterval.le_one x.2]
      · linarith [unitInterval.nonneg x.2, unitInterval.le_one x.2]


",,True,10,Mathlib.AlgebraicTopology.FundamentalGroupoid.Basic,Llama-8B,LENGTH,best_of_n,False,0,0.0,Path.Homotopy.reflTransSymmAux_mem_I,False
-1,False,23,"theorem reflTransSymmAux_mem_I (x : I × I) : reflTransSymmAux x ∈ I := by
  dsimp only [reflTransSymmAux]
  split_ifs
  · constructor
    · apply mul_nonneg
      · apply mul_nonneg
        · unit_interval
        · norm_num
      · unit_interval
    · rw [mul_assoc]
      apply mul_le_one₀
      · unit_interval
      · apply mul_nonneg
        · norm_num
        · unit_interval
      · linarith
  · constructor
    · apply mul_nonneg
      · unit_interval
      linarith [unitInterval.nonneg x.2, unitInterval.le_one x.2]
    · apply mul_le_one₀
      · unit_interval
      · linarith [unitInterval.nonneg x.2, unitInterval.le_one x.2]
      · linarith [unitInterval.nonneg x.2, unitInterval.le_one x.2]

",,True,23,"theorem reflTransSymmAux_mem_I (x : I × I) : reflTransSymmAux x ∈ I := by
  dsimp only [reflTransSymmAux]
  split_ifs
  · constructor
    · apply mul_nonneg
      · apply mul_nonneg
        · unit_interval
        · norm_num
      · unit_interval
    · rw [mul_assoc]
      apply mul_le_one₀
      · unit_interval
      · apply mul_nonneg
        · norm_num
        · unit_interval
      · linarith
  · constructor
    · apply mul_nonneg
      · unit_interval
      linarith [unitInterval.nonneg x.2, unitInterval.le_one x.2]
    · apply mul_le_one₀
      · unit_interval
      · linarith [unitInterval.nonneg x.2, unitInterval.le_one x.2]
      · linarith [unitInterval.nonneg x.2, unitInterval.le_one x.2]

",,True,10,Mathlib.AlgebraicTopology.FundamentalGroupoid.Basic,Llama-8B,LENGTH,best_of_n,False,0,0.0,Path.Homotopy.reflTransSymmAux_mem_I,False
-1,False,23,"theorem reflTransSymmAux_mem_I (x : I × I) : reflTransSymmAux x ∈ I := by
  dsimp only [reflTransSymmAux]
  split_ifs
  · constructor
    · apply mul_nonneg
      · apply mul_nonneg
        · unit_interval
        · norm_num
      · unit_interval
    · rw [mul_assoc]
      apply mul_le_one₀
      · unit_interval
      · apply mul_nonneg
        · norm_num
        · unit_interval
      · linarith
  · constructor
    · apply mul_nonneg
      · unit_interval
      linarith [unitInterval.nonneg x.2, unitInterval.le_one x.2]
    · apply mul_le_one₀
      · unit_interval
      · linarith [unitInterval.nonneg x.2, unitInterval.le_one x.2]
      · linarith [unitInterval.nonneg x.2, unitInterval.le_one x.2]

",,True,-1,"theorem reflTransSymmAux_mem_I (x : I × I) : reflTransSymmAux x ∈ I := by
  refine ⟨by positivity, ?_⟩
  rw [← normAtPlace_eq_zero x.2.l_comm]
  obtain ⟨a, rfl⟩ := existsAtPlace_of_normAtPlace_eq_zero x.2
  exact ⟨a, mul_zero a⟩


","💥️failed to prove positivity/nonnegativity/nonzeroness

💥️unknown identifier 'normAtPlace_eq_zero'

💥️tactic 'rewrite' failed, equality or iff proof expected
  ?m.74987
x : ↑I × ↑I
⊢ reflTransSymmAux x ≤ 1",False,10,Mathlib.AlgebraicTopology.FundamentalGroupoid.Basic,Llama-8B,LENGTH,best_of_n,False,0,-1.0,Path.Homotopy.reflTransSymmAux_mem_I,False
-1,False,23,"theorem reflTransSymmAux_mem_I (x : I × I) : reflTransSymmAux x ∈ I := by
  dsimp only [reflTransSymmAux]
  split_ifs
  · constructor
    · apply mul_nonneg
      · apply mul_nonneg
        · unit_interval
        · norm_num
      · unit_interval
    · rw [mul_assoc]
      apply mul_le_one₀
      · unit_interval
      · apply mul_nonneg
        · norm_num
        · unit_interval
      · linarith
  · constructor
    · apply mul_nonneg
      · unit_interval
      linarith [unitInterval.nonneg x.2, unitInterval.le_one x.2]
    · apply mul_le_one₀
      · unit_interval
      · linarith [unitInterval.nonneg x.2, unitInterval.le_one x.2]
      · linarith [unitInterval.nonneg x.2, unitInterval.le_one x.2]

",,True,-1,"theorem reflTransSymmAux_mem_I (x : I × I) : reflTransSymmAux x ∈ I := by
  dsimp only [reflTransSymmAux]
  split_ifs
  · constructor
    · apply mul_nonneg
      · apply mul_nonneg
        · unit_interval
        · norm_num
      · unit_interval
    · rw [mul_assoc]
      apply mul_le_one₀
      · unit_interval
      · apply mul_nonneg
        · norm_num
        · unit_interval
      · linarith
  · constructor
    · apply mul_nonneg
      · unit_interval
      linarith [unitInterval.nonneg x.2, unitInterval.le_one x.2]
    · apply mul_le_one₀
      · unit_interval
      · linarith [unitInterval.nonneg x.2, unitInterval.le_one x.2, AddEquivClass.map_to_nonneg x.1,
        AddEquivClass.map_to_le_one x.1, AddEquivClass.map_nonneg, AddEquivClass.map_le_one,
        myEquivDirectSum_nonneg, myEquivDirectSum_le_one, directSum_const] <;> aesop
","💥️unknown constant 'AddEquivClass.map_to_nonneg'

💥️unsolved goals
case neg.right.hb
x : ↑I × ↑I
h✝ : ¬↑x.2 ≤ 1 / 2
⊢ 2 - 2 * ↑x.2 ≤ 1",False,10,Mathlib.AlgebraicTopology.FundamentalGroupoid.Basic,Llama-8B,LENGTH,best_of_n,False,0,-1.0,Path.Homotopy.reflTransSymmAux_mem_I,False
-1,False,23,"theorem reflTransSymmAux_mem_I (x : I × I) : reflTransSymmAux x ∈ I := by
  dsimp only [reflTransSymmAux]
  split_ifs
  · constructor
    · apply mul_nonneg
      · apply mul_nonneg
        · unit_interval
        · norm_num
      · unit_interval
    · rw [mul_assoc]
      apply mul_le_one₀
      · unit_interval
      · apply mul_nonneg
        · norm_num
        · unit_interval
      · linarith
  · constructor
    · apply mul_nonneg
      · unit_interval
      linarith [unitInterval.nonneg x.2, unitInterval.le_one x.2]
    · apply mul_le_one₀
      · unit_interval
      · linarith [unitInterval.nonneg x.2, unitInterval.le_one x.2]
      · linarith [unitInterval.nonneg x.2, unitInterval.le_one x.2]

",,True,23,"theorem reflTransSymmAux_mem_I (x : I × I) : reflTransSymmAux x ∈ I := by
  dsimp only [reflTransSymmAux]
  split_ifs
  · constructor
    · apply mul_nonneg
      · apply mul_nonneg
        · unit_interval
        · norm_num
      · unit_interval
    · rw [mul_assoc]
      apply mul_le_one₀
      · unit_interval
      · apply mul_nonneg
        · norm_num
        · unit_interval
      · linarith
  · constructor
    · apply mul_nonneg
      · unit_interval
      linarith [unitInterval.nonneg x.2, unitInterval.le_one x.2]
    · apply mul_le_one₀
      · unit_interval
      · linarith [unitInterval.nonneg x.2, unitInterval.le_one x.2]
      · linarith [unitInterval.nonneg x.2, unitInterval.le_one x.2]

",,True,10,Mathlib.AlgebraicTopology.FundamentalGroupoid.Basic,Llama-8B,LENGTH,best_of_n,False,0,0.0,Path.Homotopy.reflTransSymmAux_mem_I,False
-1,False,23,"theorem reflTransSymmAux_mem_I (x : I × I) : reflTransSymmAux x ∈ I := by
  dsimp only [reflTransSymmAux]
  split_ifs
  · constructor
    · apply mul_nonneg
      · apply mul_nonneg
        · unit_interval
        · norm_num
      · unit_interval
    · rw [mul_assoc]
      apply mul_le_one₀
      · unit_interval
      · apply mul_nonneg
        · norm_num
        · unit_interval
      · linarith
  · constructor
    · apply mul_nonneg
      · unit_interval
      linarith [unitInterval.nonneg x.2, unitInterval.le_one x.2]
    · apply mul_le_one₀
      · unit_interval
      · linarith [unitInterval.nonneg x.2, unitInterval.le_one x.2]
      · linarith [unitInterval.nonneg x.2, unitInterval.le_one x.2]

",,True,-1,"theorem reflTransSymmAux_mem_I (x : I × I) : reflTransSymmAux x ∈ I := by
  dsimp only [reflTransSymmAux]
  split_ifs
  · constructor
    · exact mul_nonneg (mul_nonneg (· unit_interval) (· mul_nonneg 0 (norm_num))
      (· unit_interval)
    · rw [mul_assoc]
      exact mul_le_one₀ (· unit_interval) (· mul_nonneg (norm_num) (· unit_interval))
      · linarith
  · constructor
    · exact mul_nonneg (· mul_nonneg account.le_one _) (· unit_interval)
    · rw [mul_assoc]
      exact mul_le_one₀ (· block_induction_linear with x
          | 1, _ => aesop
          | x + 2, _ => calc
            (I × I) x := x
            _ := block_induction_linear with x | 1, _ => aesop
            _ := x
          | _ -, _ => calc
            _ := X.symm.iadd_le (norm_num) ((I × I) x).2
            _ := block_induction_linear with x | 1, x => calc
              (I × I) x := x
              _ := norm_num
        · unit_interval
          block_induction_linear with x | 1, _
          · aesop
          · calc
            _ := ((I × I) x).1 * ((I × I) x).2
            _ := by gcongr; apply norm_num
        · unit_interval
      · linarith)
      · aesop
","💥️unexpected token 'with'; expected ')', ',' or ':'

💥️function expected at
  mul_nonneg ?m.74440 ?m.74543
term has type
  0 ≤ ?m.74332 * ?m.74333

💥️function expected at
  x✝
term has type
  ?m.74338

💥️function expected at
  x✝
term has type
  ?m.74442

💥️unsolved goals
case pos.right
x : ↑I × ↑I
h✝ : ↑x.2 ≤ 1 / 2
⊢ ↑x.1 * 2 * ↑x.2 ≤ 1

💥️unsolved goals
case neg
x : ↑I × ↑I
h✝ : ¬↑x.2 ≤ 1 / 2
⊢ ↑x.1 * (2 - 2 * ↑x.2) ∈ I",False,10,Mathlib.AlgebraicTopology.FundamentalGroupoid.Basic,Llama-8B,LENGTH,best_of_n,False,0,-1.0,Path.Homotopy.reflTransSymmAux_mem_I,False
-1,False,25,"/-- For any path `p` from `x₀` to `x₁`, we have a homotopy from the constant path based at `x₀` to
  `p.trans p.symm`. -/
def reflTransSymm (p : Path x₀ x₁) : Homotopy (Path.refl x₀) (p.trans p.symm) where
  toFun x := p ⟨reflTransSymmAux x, reflTransSymmAux_mem_I x⟩
  continuous_toFun := by continuity
  map_zero_left := by simp [reflTransSymmAux]
  map_one_left x := by
    dsimp only [reflTransSymmAux, Path.coe_toContinuousMap, Path.trans]
    change _ = ite _ _ _
    split_ifs with h
    · rw [Path.extend, Set.IccExtend_of_mem]
      · norm_num
      · rw [unitInterval.mul_pos_mem_iff zero_lt_two]
        exact ⟨unitInterval.nonneg x, h⟩
    · rw [Path.symm, Path.extend, Set.IccExtend_of_mem]
      · simp only [Set.Icc.coe_one, one_mul, coe_mk_mk, Function.comp_apply]
        congr 1
        ext
        norm_num [sub_sub_eq_add_sub]
      · rw [unitInterval.two_mul_sub_one_mem_iff]
        exact ⟨(not_le.1 h).le, unitInterval.le_one x⟩
  prop' t x hx := by
    simp only [Set.mem_singleton_iff, Set.mem_insert_iff] at hx
    simp only [ContinuousMap.coe_mk, coe_toContinuousMap, Path.refl_apply]
    cases hx with
    | inl hx
    | inr hx =>
      rw [hx]
      norm_num [reflTransSymmAux]

",,True,25,"/-- For any path `p` from `x₀` to `x₁`, we have a homotopy from the constant path based at `x₀` to
  `p.trans p.symm`. -/
def reflTransSymm (p : Path x₀ x₁) : Homotopy (Path.refl x₀) (p.trans p.symm) where
  toFun x := p ⟨reflTransSymmAux x, reflTransSymmAux_mem_I x⟩
  continuous_toFun := by continuity
  map_zero_left := by simp [reflTransSymmAux]
  map_one_left x := by
    dsimp only [reflTransSymmAux, Path.coe_toContinuousMap, Path.trans]
    change _ = ite _ _ _
    split_ifs with h
    · rw [Path.extend, Set.IccExtend_of_mem]
      · norm_num
      · rw [unitInterval.mul_pos_mem_iff zero_lt_two]
        exact ⟨unitInterval.nonneg x, h⟩
    · rw [Path.symm, Path.extend, Set.IccExtend_of_mem]
      · simp only [Set.Icc.coe_one, one_mul, coe_mk_mk, Function.comp_apply]
        congr 1
        ext
        norm_num [sub_sub_eq_add_sub]
      · rw [unitInterval.two_mul_sub_one_mem_iff]
        exact ⟨(not_le.1 h).le, unitInterval.le_one x⟩
  prop' t x hx := by
    simp only [Set.mem_singleton_iff, Set.mem_insert_iff] at hx
    simp only [ContinuousMap.coe_mk, coe_toContinuousMap, Path.refl_apply]
    cases hx with
    | inl hx
    | inr hx =>
      rw [hx]
      norm_num [reflTransSymmAux]
",,True,10,Mathlib.AlgebraicTopology.FundamentalGroupoid.Basic,Llama-8B,LENGTH,best_of_n,False,0,0.0,Path.Homotopy.reflTransSymm,False
-1,False,25,"/-- For any path `p` from `x₀` to `x₁`, we have a homotopy from the constant path based at `x₀` to
  `p.trans p.symm`. -/
def reflTransSymm (p : Path x₀ x₁) : Homotopy (Path.refl x₀) (p.trans p.symm) where
  toFun x := p ⟨reflTransSymmAux x, reflTransSymmAux_mem_I x⟩
  continuous_toFun := by continuity
  map_zero_left := by simp [reflTransSymmAux]
  map_one_left x := by
    dsimp only [reflTransSymmAux, Path.coe_toContinuousMap, Path.trans]
    change _ = ite _ _ _
    split_ifs with h
    · rw [Path.extend, Set.IccExtend_of_mem]
      · norm_num
      · rw [unitInterval.mul_pos_mem_iff zero_lt_two]
        exact ⟨unitInterval.nonneg x, h⟩
    · rw [Path.symm, Path.extend, Set.IccExtend_of_mem]
      · simp only [Set.Icc.coe_one, one_mul, coe_mk_mk, Function.comp_apply]
        congr 1
        ext
        norm_num [sub_sub_eq_add_sub]
      · rw [unitInterval.two_mul_sub_one_mem_iff]
        exact ⟨(not_le.1 h).le, unitInterval.le_one x⟩
  prop' t x hx := by
    simp only [Set.mem_singleton_iff, Set.mem_insert_iff] at hx
    simp only [ContinuousMap.coe_mk, coe_toContinuousMap, Path.refl_apply]
    cases hx with
    | inl hx
    | inr hx =>
      rw [hx]
      norm_num [reflTransSymmAux]

",,True,25,"/-- For any path `p` from `x₀` to `x₁`, we have a homotopy from the constant path based at `x₀` to
  `p.trans p.symm`. -/
def reflTransSymm (p : Path x₀ X₁) : Homotopy (Path.refl x₀) (p.trans p.symm) where
  toFun x := p ⟨reflTransSymmAux x, reflTransSymmAux_mem_I x⟩
  continuous_toFun := by continuity
  map_zero_left := by simp [reflTransSymmAux]
  map_one_left x := by
    dsimp only [reflTransSymmAux, Path.coe_toContinuousMap, Path.trans]
    change _ = ite _ _ _
    split_ifs with h
    · rw [Path.extend, Set.IccExtend_of_mem]
      · norm_num
      · rw [unitInterval.mul_pos_mem_iff zero_lt_two]
        exact ⟨unitInterval.nonneg x, h⟩
    · rw [Path.symm, Path.extend, Set.IccExtend_of_mem]
      · simp only [Set.Icc.coe_one, one_mul, coe_mk_mk, Function.comp_apply]
        congr 1
        ext
        norm_num [sub_sub_eq_add_sub]
      · rw [unitInterval.two_mul_sub_one_mem_iff]
        exact ⟨(not_le.1 h).le, unitInterval.le_one x⟩
  prop' t x hx := by
    simp only [Set.mem_singleton_iff, Set.mem_insert_iff] at hx
    simp only [ContinuousMap.coe_mk, coe_toContinuousMap, Path.refl_apply]
    cases hx with
    | inl hx
    | inr hx =>
      rw [hx]
      norm_num [reflTransSymmAux]
",,True,10,Mathlib.AlgebraicTopology.FundamentalGroupoid.Basic,Llama-8B,LENGTH,best_of_n,False,0,0.0,Path.Homotopy.reflTransSymm,False
-1,False,25,"/-- For any path `p` from `x₀` to `x₁`, we have a homotopy from the constant path based at `x₀` to
  `p.trans p.symm`. -/
def reflTransSymm (p : Path x₀ x₁) : Homotopy (Path.refl x₀) (p.trans p.symm) where
  toFun x := p ⟨reflTransSymmAux x, reflTransSymmAux_mem_I x⟩
  continuous_toFun := by continuity
  map_zero_left := by simp [reflTransSymmAux]
  map_one_left x := by
    dsimp only [reflTransSymmAux, Path.coe_toContinuousMap, Path.trans]
    change _ = ite _ _ _
    split_ifs with h
    · rw [Path.extend, Set.IccExtend_of_mem]
      · norm_num
      · rw [unitInterval.mul_pos_mem_iff zero_lt_two]
        exact ⟨unitInterval.nonneg x, h⟩
    · rw [Path.symm, Path.extend, Set.IccExtend_of_mem]
      · simp only [Set.Icc.coe_one, one_mul, coe_mk_mk, Function.comp_apply]
        congr 1
        ext
        norm_num [sub_sub_eq_add_sub]
      · rw [unitInterval.two_mul_sub_one_mem_iff]
        exact ⟨(not_le.1 h).le, unitInterval.le_one x⟩
  prop' t x hx := by
    simp only [Set.mem_singleton_iff, Set.mem_insert_iff] at hx
    simp only [ContinuousMap.coe_mk, coe_toContinuousMap, Path.refl_apply]
    cases hx with
    | inl hx
    | inr hx =>
      rw [hx]
      norm_num [reflTransSymmAux]

",,True,-1,"/-- For any path `p` from `x₀` to `x₁`, we have a homotopy from the constant path based at `x₀` to
  `p.trans p.symm`. -/
def reflTransSymm (p : Path x₀ X₁) : Homotopy (Path.refl x₀) (p.trans p.symm) :=
  .ofHomotopy (fun x ↦ p ⟨rfl, reflTransSymmAux x, reflTransSymmAux_mem_I x⟩)
    (by continuity) (map_zero_left _ + map_one_left _ x)
  prop' t x hx := by
    simp only [Set.mem_singleton_iff, Set.mem_insert_iff] at hx
    simp only [ContinuousMap.coe_mk, coe_toContinuousMap, Path.refl_apply]
    cases hx with
    | inl hx
    | inr hx =>
      rw [hx]
      norm_num [reflTransSymmAux]
","💥️invalid dotted identifier notation, unknown identifier `Path.Homotopy.ofHomotopy` from expected type
  (Path.refl x₀).Homotopy (p.trans p.symm)

💥️invalid dotted identifier notation, unknown identifier `ContinuousMap.HomotopyRel.ofHomotopy` from expected type
  (Path.refl x₀).Homotopy (p.trans p.symm)

💥️invalid dotted identifier notation, unknown identifier `ContinuousMap.HomotopyWith.ofHomotopy` from expected type
  (Path.refl x₀).Homotopy (p.trans p.symm)",False,10,Mathlib.AlgebraicTopology.FundamentalGroupoid.Basic,Llama-8B,LENGTH,best_of_n,False,0,-1.0,Path.Homotopy.reflTransSymm,False
-1,False,25,"/-- For any path `p` from `x₀` to `x₁`, we have a homotopy from the constant path based at `x₀` to
  `p.trans p.symm`. -/
def reflTransSymm (p : Path x₀ x₁) : Homotopy (Path.refl x₀) (p.trans p.symm) where
  toFun x := p ⟨reflTransSymmAux x, reflTransSymmAux_mem_I x⟩
  continuous_toFun := by continuity
  map_zero_left := by simp [reflTransSymmAux]
  map_one_left x := by
    dsimp only [reflTransSymmAux, Path.coe_toContinuousMap, Path.trans]
    change _ = ite _ _ _
    split_ifs with h
    · rw [Path.extend, Set.IccExtend_of_mem]
      · norm_num
      · rw [unitInterval.mul_pos_mem_iff zero_lt_two]
        exact ⟨unitInterval.nonneg x, h⟩
    · rw [Path.symm, Path.extend, Set.IccExtend_of_mem]
      · simp only [Set.Icc.coe_one, one_mul, coe_mk_mk, Function.comp_apply]
        congr 1
        ext
        norm_num [sub_sub_eq_add_sub]
      · rw [unitInterval.two_mul_sub_one_mem_iff]
        exact ⟨(not_le.1 h).le, unitInterval.le_one x⟩
  prop' t x hx := by
    simp only [Set.mem_singleton_iff, Set.mem_insert_iff] at hx
    simp only [ContinuousMap.coe_mk, coe_toContinuousMap, Path.refl_apply]
    cases hx with
    | inl hx
    | inr hx =>
      rw [hx]
      norm_num [reflTransSymmAux]

",,True,25,"/-- For any path `p` from `x₀` to `x₁`, we have a homotopy from the constant path based at `x₀` to
  `p.trans p.symm`. -/
def reflTransSymm (p : Path x₀ x₁) : Homotopy (Path.refl x₀) (p.trans p.symm) where
  toFun x := p ⟨reflTransSymmAux x, reflTransSymmAux_mem_I x⟩
  continuous_toFun := by continuity
  map_zero_left := by simp [reflTransSymmAux]
  map_one_left x := by
    dsimp only [reflTransSymmAux, Path.coe_toContinuousMap, Path.trans]
    change _ = ite _ _ _
    split_ifs with h
    · rw [Path.extend, Set.IccExtend_of_mem]
      · norm_num
      · rw [unitInterval.mul_pos_mem_iff zero_lt_two]
        exact ⟨unitInterval.nonneg x, h⟩
    · rw [Path.symm, Path.extend, Set.IccExtend_of_mem]
      · simp only [Set.Icc.coe_one, one_mul, coe_mk_mk, Function.comp_apply]
        congr 1
        ext
        norm_num [sub_sub_eq_add_sub]
      · rw [unitInterval.two_mul_sub_one_mem_iff]
        exact ⟨(not_le.1 h).le, unitInterval.le_one x⟩
  prop' t x hx := by
    simp only [Set.mem_singleton_iff, Set.mem_insert_iff] at hx
    simp only [ContinuousMap.coe_mk, coe_toContinuousMap, Path.refl_apply]
    cases hx with
    | inl hx
    | inr hx =>
      rw [hx]
      norm_num [reflTransSymmAux]
",,True,10,Mathlib.AlgebraicTopology.FundamentalGroupoid.Basic,Llama-8B,LENGTH,best_of_n,False,0,0.0,Path.Homotopy.reflTransSymm,False
-1,False,25,"/-- For any path `p` from `x₀` to `x₁`, we have a homotopy from the constant path based at `x₀` to
  `p.trans p.symm`. -/
def reflTransSymm (p : Path x₀ x₁) : Homotopy (Path.refl x₀) (p.trans p.symm) where
  toFun x := p ⟨reflTransSymmAux x, reflTransSymmAux_mem_I x⟩
  continuous_toFun := by continuity
  map_zero_left := by simp [reflTransSymmAux]
  map_one_left x := by
    dsimp only [reflTransSymmAux, Path.coe_toContinuousMap, Path.trans]
    change _ = ite _ _ _
    split_ifs with h
    · rw [Path.extend, Set.IccExtend_of_mem]
      · norm_num
      · rw [unitInterval.mul_pos_mem_iff zero_lt_two]
        exact ⟨unitInterval.nonneg x, h⟩
    · rw [Path.symm, Path.extend, Set.IccExtend_of_mem]
      · simp only [Set.Icc.coe_one, one_mul, coe_mk_mk, Function.comp_apply]
        congr 1
        ext
        norm_num [sub_sub_eq_add_sub]
      · rw [unitInterval.two_mul_sub_one_mem_iff]
        exact ⟨(not_le.1 h).le, unitInterval.le_one x⟩
  prop' t x hx := by
    simp only [Set.mem_singleton_iff, Set.mem_insert_iff] at hx
    simp only [ContinuousMap.coe_mk, coe_toContinuousMap, Path.refl_apply]
    cases hx with
    | inl hx
    | inr hx =>
      rw [hx]
      norm_num [reflTransSymmAux]

",,True,25,"/-- For any path `p` from `x₀` to `x₁`, we have a homotopy from the constant path based at `x₀` to
  `p.trans p.symm`. -/
def reflTransSymm (p : Path x₀ x₁) : Homotopy (Path.refl x₀) (p.trans p.symm) where
  toFun x := p ⟨reflTransSymmAux x, reflTransSymmAux_mem_I x⟩
  continuous_toFun := by continuity
  map_zero_left := by simp [reflTransSymmAux]
  map_one_left x := by
    dsimp only [reflTransSymmAux, Path.coe_toContinuousMap, Path.trans]
    change _ = ite _ _ _
    split_ifs with h
    · rw [Path.extend, Set.IccExtend_of_mem]
      · norm_num
      · rw [unitInterval.mul_pos_mem_iff zero_lt_two]
        exact ⟨unitInterval.nonneg x, h⟩
    · rw [Path.symm, Path.extend, Set.IccExtend_of_mem]
      · simp only [Set.Icc.coe_one, one_mul, coe_mk_mk, Function.comp_apply]
        congr 1
        ext
        norm_num [sub_sub_eq_add_sub]
      · rw [unitInterval.two_mul_sub_one_mem_iff]
        exact ⟨(not_le.1 h).le, unitInterval.le_one x⟩
  prop' t x hx := by
    simp only [Set.mem_singleton_iff, Set.mem_insert_iff] at hx
    simp only [ContinuousMap.coe_mk, coe_toContinuousMap, Path.refl_apply]
    cases hx with
    | inl hx
    | inr hx =>
      rw [hx]
      norm_num [reflTransSymmAux]
",,True,10,Mathlib.AlgebraicTopology.FundamentalGroupoid.Basic,Llama-8B,LENGTH,best_of_n,False,0,0.0,Path.Homotopy.reflTransSymm,False
-1,False,25,"/-- For any path `p` from `x₀` to `x₁`, we have a homotopy from the constant path based at `x₀` to
  `p.trans p.symm`. -/
def reflTransSymm (p : Path x₀ x₁) : Homotopy (Path.refl x₀) (p.trans p.symm) where
  toFun x := p ⟨reflTransSymmAux x, reflTransSymmAux_mem_I x⟩
  continuous_toFun := by continuity
  map_zero_left := by simp [reflTransSymmAux]
  map_one_left x := by
    dsimp only [reflTransSymmAux, Path.coe_toContinuousMap, Path.trans]
    change _ = ite _ _ _
    split_ifs with h
    · rw [Path.extend, Set.IccExtend_of_mem]
      · norm_num
      · rw [unitInterval.mul_pos_mem_iff zero_lt_two]
        exact ⟨unitInterval.nonneg x, h⟩
    · rw [Path.symm, Path.extend, Set.IccExtend_of_mem]
      · simp only [Set.Icc.coe_one, one_mul, coe_mk_mk, Function.comp_apply]
        congr 1
        ext
        norm_num [sub_sub_eq_add_sub]
      · rw [unitInterval.two_mul_sub_one_mem_iff]
        exact ⟨(not_le.1 h).le, unitInterval.le_one x⟩
  prop' t x hx := by
    simp only [Set.mem_singleton_iff, Set.mem_insert_iff] at hx
    simp only [ContinuousMap.coe_mk, coe_toContinuousMap, Path.refl_apply]
    cases hx with
    | inl hx
    | inr hx =>
      rw [hx]
      norm_num [reflTransSymmAux]

",,True,-1,"/-- For any path `p` from `x₀` to `x₁`, we have a homotopy from the constant path based at `x₀` to
  `p.trans p.symm`. -/
def reflTransSymm (p : Path x₀ X) : Homotopy (Path.refl x₀) (p.trans p.symm) where
  toFun x := p ⟨reflTransSymmAux x, reflTransSymmAux_mem_I x⟩
  continuous_toFun := by continuity
  map_zero_left := by simp [reflTransSymmAux]
  map_one_left x := by
    dsimp only [reflTransSymmAux, Path.coe_toContinuousMap, Path.trans]
    change _ = ite _ _ _
    split_ifs with h
    · rw [Path.extend, Set.IccExtend_of_mem]
      · norm_num
      · rw [unitInterval.mul_pos_mem_iff zero_lt_two]
        exact ⟨unitInterval.nonneg x, h⟩
    · rw [Path.symm, Path.extend, Set.IccExtend_of_mem]
      · simp only [Set.Icc.coe_one, one_mul, coe_mk_mk, Function.comp_apply]
        congr 1
        ext
        norm_num [sub_sub_eq_add_sub]
      · rw [unitInterval.two_mul_sub_one_mem_iff]
        exact ⟨(not_le.1 h).le, unitInterval.le_one x⟩
  prop' t x hx := by
    simp only [Set.mem_singleton_iff, Set.mem_insert_iff] at hx
    simp only [ContinuousMap.coe_mk, coe_toContinuousMap, Path.refl_apply]
    cases hx with
    | inl hx
    | inr hx =>
      rw [hx]
      norm_num [reflTransSymmAux]","💥️application type mismatch
  Path x₀ X
argument
  X
has type
  Type u : Type (u + 1)
but is expected to have type
  X : Type u",False,10,Mathlib.AlgebraicTopology.FundamentalGroupoid.Basic,Llama-8B,LENGTH,best_of_n,False,0,-1.0,Path.Homotopy.reflTransSymm,False
-1,False,25,"/-- For any path `p` from `x₀` to `x₁`, we have a homotopy from the constant path based at `x₀` to
  `p.trans p.symm`. -/
def reflTransSymm (p : Path x₀ x₁) : Homotopy (Path.refl x₀) (p.trans p.symm) where
  toFun x := p ⟨reflTransSymmAux x, reflTransSymmAux_mem_I x⟩
  continuous_toFun := by continuity
  map_zero_left := by simp [reflTransSymmAux]
  map_one_left x := by
    dsimp only [reflTransSymmAux, Path.coe_toContinuousMap, Path.trans]
    change _ = ite _ _ _
    split_ifs with h
    · rw [Path.extend, Set.IccExtend_of_mem]
      · norm_num
      · rw [unitInterval.mul_pos_mem_iff zero_lt_two]
        exact ⟨unitInterval.nonneg x, h⟩
    · rw [Path.symm, Path.extend, Set.IccExtend_of_mem]
      · simp only [Set.Icc.coe_one, one_mul, coe_mk_mk, Function.comp_apply]
        congr 1
        ext
        norm_num [sub_sub_eq_add_sub]
      · rw [unitInterval.two_mul_sub_one_mem_iff]
        exact ⟨(not_le.1 h).le, unitInterval.le_one x⟩
  prop' t x hx := by
    simp only [Set.mem_singleton_iff, Set.mem_insert_iff] at hx
    simp only [ContinuousMap.coe_mk, coe_toContinuousMap, Path.refl_apply]
    cases hx with
    | inl hx
    | inr hx =>
      rw [hx]
      norm_num [reflTransSymmAux]

",,True,-1,"/-- For any path `p` from `x₀` to `x₁`, we have a homotopy from the constant path based at `x₀` to
  `p.trans p.symm`. -/
def reflTransSymm (p : Path x₀ X) : Homotopy (Path.refl x₀) (p.trans p.symm) where
  toFun x := p ⟨reflTransSymmAux x, reflTransSymmAux_mem_I x⟩
  continuous_toFun := by continuity
  map_zero_left := by simp [reflTransSymmAux]
  map_one_left x := by
    dsimp only [reflTransSymmAux, Path.coe_toContinuousMap, Path.trans]
    change _ = ite _ _ _
    split_ifs with h
    · rw [Path.extend, Set.IccExtend_of_mem]
      · norm_num
      · rw [unitInterval.mul_pos_mem_iff zero_lt_two]
        exact ⟨unitInterval.nonneg x, h⟩
    · rw [Path.symm, Path.extend, Set.IccExtend_of_mem]
      · simp only [Set.Icc.coe_one, one_mul, coe_mk_mk, Function.comp_apply]
        congr 1
        ext
        norm_num [sub_sub_eq_add_sub]
      · rw [unitInterval.two_mul_sub_one_mem_iff]
        exact ⟨(not_le.1 h).le, unitInterval.le_one x⟩
  prop' t x hx := by
    simp only [Set.mem_singleton_iff, Set.mem_insert_iff] at hx
    simp only [ContinuousMap.coe_mk, coe_toContinuousMap, Path.refl_apply]
    cases hx with
    | inl hx
    | inr hx =>
      rw [hx]
      norm_num [reflTransSymmAux]","💥️application type mismatch
  Path x₀ X
argument
  X
has type
  Type u : Type (u + 1)
but is expected to have type
  X : Type u",False,10,Mathlib.AlgebraicTopology.FundamentalGroupoid.Basic,Llama-8B,LENGTH,best_of_n,False,0,-1.0,Path.Homotopy.reflTransSymm,False
-1,False,25,"/-- For any path `p` from `x₀` to `x₁`, we have a homotopy from the constant path based at `x₀` to
  `p.trans p.symm`. -/
def reflTransSymm (p : Path x₀ x₁) : Homotopy (Path.refl x₀) (p.trans p.symm) where
  toFun x := p ⟨reflTransSymmAux x, reflTransSymmAux_mem_I x⟩
  continuous_toFun := by continuity
  map_zero_left := by simp [reflTransSymmAux]
  map_one_left x := by
    dsimp only [reflTransSymmAux, Path.coe_toContinuousMap, Path.trans]
    change _ = ite _ _ _
    split_ifs with h
    · rw [Path.extend, Set.IccExtend_of_mem]
      · norm_num
      · rw [unitInterval.mul_pos_mem_iff zero_lt_two]
        exact ⟨unitInterval.nonneg x, h⟩
    · rw [Path.symm, Path.extend, Set.IccExtend_of_mem]
      · simp only [Set.Icc.coe_one, one_mul, coe_mk_mk, Function.comp_apply]
        congr 1
        ext
        norm_num [sub_sub_eq_add_sub]
      · rw [unitInterval.two_mul_sub_one_mem_iff]
        exact ⟨(not_le.1 h).le, unitInterval.le_one x⟩
  prop' t x hx := by
    simp only [Set.mem_singleton_iff, Set.mem_insert_iff] at hx
    simp only [ContinuousMap.coe_mk, coe_toContinuousMap, Path.refl_apply]
    cases hx with
    | inl hx
    | inr hx =>
      rw [hx]
      norm_num [reflTransSymmAux]

",,True,-1,"/-- For any path `p` from `x₀` to `x₁`, we have a homotopy from the constant path based at `x₀` to
  `p.trans p.symm`. -/
def reflTransSymm (p : Path x₀ X) : Homotopy (Path.refl x₀) (p.trans p.symm) where
  toFun x := p ⟨reflTransSymmAux x, reflTransSymmAux_mem_I x⟩
  continuous_toFun := by continuity
  map_zero_left := by simp [reflTransSymmAux]
  map_one_left x := by
    dsimp only [reflTransSymmAux, Path.coe_toContinuousMap, Path.trans]
    change _ = ite _ _ _
    split_ifs with h
    · rw [Path.extend, Set.IccExtend_of_mem]
      · norm_num
      · rw [unitInterval.mul_pos_mem_iff zero_lt_two]
        exact ⟨unitInterval.nonneg x, h⟩
    · rw [Path.symm, Path.extend, Set.IccExtend_of_mem]
      · simp only [Set.Icc.coe_one, one_mul, coe_mk_mk, Function.comp_apply]
        congr 1
        ext
        norm_num
      · rw [unitInterval.two_mul_sub_one_mem_iff]
        exact ⟨(not_le.1 h).le, unitInterval.le_one x⟩
  prop' t x hx := by
    simp only [Set.mem_singleton_iff, Set.mem_insert_iff] at hx
    simp only [ContinuousMap.coe_mk, coe_toContinuousMap, Path.refl_apply]
    cases hx with
    | inl hx
    | inr hx =>
      rw [hx]
      norm_num [reflTransSymmAux]
","💥️application type mismatch
  Path x₀ X
argument
  X
has type
  Type u : Type (u + 1)
but is expected to have type
  X : Type u

💥️unsolved goals
case neg.h.e_6.h.a
X : Type u
inst✝ : TopologicalSpace X
x₀ x₁ : X
p : Path x₀ sorry
x : ↑I
h : ¬↑x ≤ 1 / 2
⊢ 2 - 2 * ↑x = 1 - (2 * ↑x - 1)",False,10,Mathlib.AlgebraicTopology.FundamentalGroupoid.Basic,Llama-8B,LENGTH,best_of_n,False,0,-1.0,Path.Homotopy.reflTransSymm,False
-1,False,25,"/-- For any path `p` from `x₀` to `x₁`, we have a homotopy from the constant path based at `x₀` to
  `p.trans p.symm`. -/
def reflTransSymm (p : Path x₀ x₁) : Homotopy (Path.refl x₀) (p.trans p.symm) where
  toFun x := p ⟨reflTransSymmAux x, reflTransSymmAux_mem_I x⟩
  continuous_toFun := by continuity
  map_zero_left := by simp [reflTransSymmAux]
  map_one_left x := by
    dsimp only [reflTransSymmAux, Path.coe_toContinuousMap, Path.trans]
    change _ = ite _ _ _
    split_ifs with h
    · rw [Path.extend, Set.IccExtend_of_mem]
      · norm_num
      · rw [unitInterval.mul_pos_mem_iff zero_lt_two]
        exact ⟨unitInterval.nonneg x, h⟩
    · rw [Path.symm, Path.extend, Set.IccExtend_of_mem]
      · simp only [Set.Icc.coe_one, one_mul, coe_mk_mk, Function.comp_apply]
        congr 1
        ext
        norm_num [sub_sub_eq_add_sub]
      · rw [unitInterval.two_mul_sub_one_mem_iff]
        exact ⟨(not_le.1 h).le, unitInterval.le_one x⟩
  prop' t x hx := by
    simp only [Set.mem_singleton_iff, Set.mem_insert_iff] at hx
    simp only [ContinuousMap.coe_mk, coe_toContinuousMap, Path.refl_apply]
    cases hx with
    | inl hx
    | inr hx =>
      rw [hx]
      norm_num [reflTransSymmAux]

",,True,-1,"/-- For any path `p` from `x₀` to `x₁`, we have a homotopy from the constant path based at `x₀` to
  `p.trans p.symm`. -/
def reflTransSymm (p : Path x₀ X) : Homotopy (Path.refl x₀) (p.trans p.symm) where
  toFun x := p ⟨reflTransSymmAux x, reflTransSymmAux_mem_I x⟩
  continuous_toFun := by continuity
  map_zero_left := by simp [reflTransSymmAux]
  map_one_left x := by
    dsimp only [reflTransSymmAux, Path.coe_toContinuousMap, Path.trans]
    change _ = ite _ _ _
    split_ifs with h
    · rw [Path.extend, Set.IccExtend_of_mem]
      · norm_num
      · refine ⟨?_, fun h1 h2 => ?_⟩
        all_goals
        rw [Path.symm, Path.extend, Set.IccExtend_of_mem]
        · simp only [Set.Icc.coe_one, one_mul, coe_mk_mk, Function.comp_apply]
          congr 1
          ext
          norm_num [sub_sub_eq_add_sub]
        · rw [unitInterval.two_mul_sub_one_mem_iff]
          exact ⟨h1.ne', unitInterval.le_one x⟩
  prop' t x hx := by
    simp only [Set.mem_singleton_iff, Set.mem_insert_iff] at hx
    simp only [ContinuousMap.coe_mk, coe_toContinuousMap, Path.refl_apply]
    cases hx with
    | inl hx
    | inr hx =>
      rw [hx]
      norm_num [reflTransSymmAux]

","💥️application type mismatch
  Path x₀ X
argument
  X
has type
  Type u : Type (u + 1)
but is expected to have type
  X : Type u

💥️application type mismatch
  ⟨?m.111266, fun h1 h2 => ?m.111277⟩
argument
  fun h1 h2 => ?m.111277
has type
  (h1 : ?m.111270) → (h2 : ?m.111278 h1) → ?m.111279 h1 h2 : Sort (imax ?u.111269 ?u.111272 ?u.111275)
but is expected to have type
  2 * ↑x ≤ 1 : Prop

💥️failed to rewrite using equation theorems for 'Path.symm'.

💥️unsolved goals
case neg
X : Type u
inst✝ : TopologicalSpace X
x₀ x₁ : X
p : Path x₀ sorry
x : ↑I
h : ¬↑x ≤ 1 / 2
⊢ p ⟨↑1 * (2 - 2 * ↑x), ⋯⟩ = p.symm.extend (2 * ↑x - 1)",False,10,Mathlib.AlgebraicTopology.FundamentalGroupoid.Basic,Llama-8B,LENGTH,best_of_n,False,0,-1.0,Path.Homotopy.reflTransSymm,False
-1,False,25,"/-- For any path `p` from `x₀` to `x₁`, we have a homotopy from the constant path based at `x₀` to
  `p.trans p.symm`. -/
def reflTransSymm (p : Path x₀ x₁) : Homotopy (Path.refl x₀) (p.trans p.symm) where
  toFun x := p ⟨reflTransSymmAux x, reflTransSymmAux_mem_I x⟩
  continuous_toFun := by continuity
  map_zero_left := by simp [reflTransSymmAux]
  map_one_left x := by
    dsimp only [reflTransSymmAux, Path.coe_toContinuousMap, Path.trans]
    change _ = ite _ _ _
    split_ifs with h
    · rw [Path.extend, Set.IccExtend_of_mem]
      · norm_num
      · rw [unitInterval.mul_pos_mem_iff zero_lt_two]
        exact ⟨unitInterval.nonneg x, h⟩
    · rw [Path.symm, Path.extend, Set.IccExtend_of_mem]
      · simp only [Set.Icc.coe_one, one_mul, coe_mk_mk, Function.comp_apply]
        congr 1
        ext
        norm_num [sub_sub_eq_add_sub]
      · rw [unitInterval.two_mul_sub_one_mem_iff]
        exact ⟨(not_le.1 h).le, unitInterval.le_one x⟩
  prop' t x hx := by
    simp only [Set.mem_singleton_iff, Set.mem_insert_iff] at hx
    simp only [ContinuousMap.coe_mk, coe_toContinuousMap, Path.refl_apply]
    cases hx with
    | inl hx
    | inr hx =>
      rw [hx]
      norm_num [reflTransSymmAux]

",,True,25,"/-- For any path `p` from `x₀` to `x₁`, we have a homotopy from the constant path based at `x₀` to
  `p.trans p.symm`. -/
def reflTransSymm (p : Path x₀ X₁) : Homotopy (Path.refl x₀) (p.trans p.symm) where
  toFun x := p ⟨reflTransSymmAux x, reflTransSymmAux_mem_I x⟩
  continuous_toFun := by continuity
  map_zero_left := by simp [reflTransSymmAux]
  map_one_left x := by
    dsimp only [reflTransSymmAux, Path.coe_toContinuousMap, Path.trans]
    change _ = ite _ _ _
    split_ifs with h
    · rw [Path.extend, Set.IccExtend_of_mem]
      · norm_num
      · rw [unitInterval.mul_pos_mem_iff zero_lt_two]
        exact ⟨unitInterval.nonneg x, h⟩
    · rw [Path.symm, Path.extend, Set.IccExtend_of_mem]
      · simp only [Set.Icc.coe_one, one_mul, coe_mk_mk, Function.comp_apply]
        congr 1
        ext
        norm_num [sub_sub_eq_add_sub]
      · rw [unitInterval.two_mul_sub_one_mem_iff]
        exact ⟨(not_le.1 h).le, unitInterval.le_one x⟩
  prop' t x hx := by
    simp only [Set.mem_singleton_iff, Set.mem_insert_iff] at hx
    simp only [ContinuousMap.coe_mk, coe_toContinuousMap, Path.refl_apply]
    cases hx with
    | inl hx
    | inr hx =>
      rw [hx]
      norm_num [reflTransSymmAux]
",,True,10,Mathlib.AlgebraicTopology.FundamentalGroupoid.Basic,Llama-8B,LENGTH,best_of_n,False,0,0.0,Path.Homotopy.reflTransSymm,False
-1,False,9,"@[continuity]
theorem continuous_transReflReparamAux : Continuous transReflReparamAux := by
  refine continuous_if_le ?_ ?_ (Continuous.continuousOn ?_) (Continuous.continuousOn ?_) ?_ <;>
    [continuity; continuity; continuity; continuity; skip]
  intro x hx
  simp [hx]

",,True,-1,"@[continuity]
theorem continuous_transReflReparamAux : Continuous transReflReparamAux := by
  refine continuous_if_le ?_ ?_ (Continuous.continuousOn ?_) (Continuous.continuousOn ?_) ?_
  intro x hx
  simp [hx]

((( ];
  [continuity; continuity; continuity; continuity; skip]
","💥️tactic 'introN' failed, insufficient number of binders
case refine_1
⊢ Continuous Subtype.val",False,10,Mathlib.AlgebraicTopology.FundamentalGroupoid.Basic,Llama-8B,LENGTH,best_of_n,False,0,-1.0,Path.Homotopy.continuous_transReflReparamAux,False
-1,False,9,"@[continuity]
theorem continuous_transReflReparamAux : Continuous transReflReparamAux := by
  refine continuous_if_le ?_ ?_ (Continuous.continuousOn ?_) (Continuous.continuousOn ?_) ?_ <;>
    [continuity; continuity; continuity; continuity; skip]
  intro x hx
  simp [hx]

",,True,-1,"/-- The `transReflReparamAux` is continuous if it is cont. differentiable at each `x`. -/
theorem continuous_transReflReparamAux : Continuous transReflReparamAux :=
  continuousIf_le _ _ (by
    intro x hx
    simp [hx])
",💥️unknown identifier 'continuousIf_le',False,10,Mathlib.AlgebraicTopology.FundamentalGroupoid.Basic,Llama-8B,LENGTH,best_of_n,False,0,-1.0,Path.Homotopy.continuous_transReflReparamAux,False
-1,False,9,"@[continuity]
theorem continuous_transReflReparamAux : Continuous transReflReparamAux := by
  refine continuous_if_le ?_ ?_ (Continuous.continuousOn ?_) (Continuous.continuousOn ?_) ?_ <;>
    [continuity; continuity; continuity; continuity; skip]
  intro x hx
  simp [hx]

",,True,-1,"@[continuity]
theorem continuous_transReflReparamAux : Continuous transReflReparamAux :=
  if₂ cont.mapTo continuous_id (mapTo _ _).mapTo is_id.is_id
",💥️unknown identifier 'if₂',False,10,Mathlib.AlgebraicTopology.FundamentalGroupoid.Basic,Llama-8B,LENGTH,best_of_n,False,0,-1.0,Path.Homotopy.continuous_transReflReparamAux,False
-1,False,9,"@[continuity]
theorem continuous_transReflReparamAux : Continuous transReflReparamAux := by
  refine continuous_if_le ?_ ?_ (Continuous.continuousOn ?_) (Continuous.continuousOn ?_) ?_ <;>
    [continuity; continuity; continuity; continuity; skip]
  intro x hx
  simp [hx]

",,True,-1,"/- The `transReflReparamAux` is defined in terms of the `transReflReparam`.
  -/
theorem continuous_transReflReparamAux : Continuous transReflReparamAux := by
  refine continuous_if_le (fun x hx ↦ ?_) (fun x hx ↦ ?_) ?_ ?_ (fun x hx ↦ ?_)
  · simp [hx]
  · rintro (_ | _) <;>
    simp [hx]
","💥️application type mismatch
  continuous_if_le fun x hx => ?m.118158
argument
  fun x hx => ?m.118158
has type
  (x : ?m.118151) → (hx : ?m.118159 x) → ?m.118160 x hx : Sort (imax ?u.118150 ?u.118153 ?u.118156)
but is expected to have type
  Continuous Subtype.val : Prop

💥️unknown identifier 'hx'

💥️unsolved goals
case refine_1
⊢ ContinuousOn (fun x => 2 * ↑x) {x | ↑x ≤ 2⁻¹}

💥️unknown identifier 'hx'

💥️unsolved goals
case refine_2.mk.ofCauchy.mk
cauchy✝ : CauSeq.Completion.Cauchy abs
a✝ : CauSeq ℚ abs
property✝ : { cauchy := Quot.mk (⇑CauSeq.equiv) a✝ } ∈ I
⊢ 2⁻¹ ≤ { cauchy := Quot.mk (⇑CauSeq.equiv) a✝ } →
    ContinuousWithinAt (fun x => 1) {x | 2⁻¹ ≤ ↑x} ⟨{ cauchy := Quot.mk (⇑CauSeq.equiv) a✝ }, property✝⟩

💥️unsolved goals
case refine_3
x : ↑I
hx : ↑x = 1 / 2
⊢ 2 * ↑x = 1",False,10,Mathlib.AlgebraicTopology.FundamentalGroupoid.Basic,Llama-8B,LENGTH,best_of_n,False,0,-1.0,Path.Homotopy.continuous_transReflReparamAux,False
-1,False,9,"@[continuity]
theorem continuous_transReflReparamAux : Continuous transReflReparamAux := by
  refine continuous_if_le ?_ ?_ (Continuous.continuousOn ?_) (Continuous.continuousOn ?_) ?_ <;>
    [continuity; continuity; continuity; continuity; skip]
  intro x hx
  simp [hx]

",,True,-1,"@[continuity]
theorem continuous_transReflReparamAux : Continuous transReflReparamAux := by
  refine continuous_if_le ?_ ?_ (Continuous.continuousOn ?_) (Continuous.continuousOn ?_) ?_
  [continuity; continuity; continuity; continuous; continuous]
  intro x hx
  simp [hx]
","💥️unsolved goals
case refine_1
⊢ Continuous Subtype.val

case refine_2
⊢ Continuous fun x => 1 / 2

case refine_3
⊢ Continuous fun x => 2 * ↑x

case refine_4
⊢ Continuous fun x => 1

case refine_5
⊢ ∀ (x : ↑I), ↑x = 1 / 2 → 2 * ↑x = 1",False,10,Mathlib.AlgebraicTopology.FundamentalGroupoid.Basic,Llama-8B,LENGTH,best_of_n,False,0,-1.0,Path.Homotopy.continuous_transReflReparamAux,False
-1,False,9,"@[continuity]
theorem continuous_transReflReparamAux : Continuous transReflReparamAux := by
  refine continuous_if_le ?_ ?_ (Continuous.continuousOn ?_) (Continuous.continuousOn ?_) ?_ <;>
    [continuity; continuity; continuity; continuity; skip]
  intro x hx
  simp [hx]

",,True,-1,"@[continuity]
theorem continuous_transReflReparamAux : Continuous transReflReparamAux :=
  (continuousOn_iff_of_le_of.err (fun x hx ↦ ?_) (fun x hx ↦ ?_)).1
  simp [hx]

",💥️unknown identifier 'continuousOn_iff_of_le_of.err',False,10,Mathlib.AlgebraicTopology.FundamentalGroupoid.Basic,Llama-8B,LENGTH,best_of_n,False,0,-1.0,Path.Homotopy.continuous_transReflReparamAux,False
-1,False,9,"@[continuity]
theorem continuous_transReflReparamAux : Continuous transReflReparamAux := by
  refine continuous_if_le ?_ ?_ (Continuous.continuousOn ?_) (Continuous.continuousOn ?_) ?_ <;>
    [continuity; continuity; continuity; continuity; skip]
  intro x hx
  simp [hx]

",,True,-1,"@[continuity]
theorem continuous_transReflReparamAux : Continuous transReflReparamAux :=
  (continuousOn_iff_4).mpr continuous_id continuous_id continuous_id continuous_id
",💥️unknown identifier 'continuousOn_iff_4',False,10,Mathlib.AlgebraicTopology.FundamentalGroupoid.Basic,Llama-8B,LENGTH,best_of_n,False,0,-1.0,Path.Homotopy.continuous_transReflReparamAux,False
-1,False,9,"@[continuity]
theorem continuous_transReflReparamAux : Continuous transReflReparamAux := by
  refine continuous_if_le ?_ ?_ (Continuous.continuousOn ?_) (Continuous.continuousOn ?_) ?_ <;>
    [continuity; continuity; continuity; continuity; skip]
  intro x hx
  simp [hx]

",,True,9,"@[continuity]
theorem continuous_transReflReparamAux : Continuous transReflReparamAux := by
  refine continuous_if_le ?_ ?_ (Continuous.continuousOn ?_) (Continuous.continuousOn ?_) ?_ <;>
    [continuity; continuity; continuity; continuity; skip]
  intro x hx
  simp [hx]
",,True,10,Mathlib.AlgebraicTopology.FundamentalGroupoid.Basic,Llama-8B,LENGTH,best_of_n,False,0,0.0,Path.Homotopy.continuous_transReflReparamAux,False
-1,False,9,"@[continuity]
theorem continuous_transReflReparamAux : Continuous transReflReparamAux := by
  refine continuous_if_le ?_ ?_ (Continuous.continuousOn ?_) (Continuous.continuousOn ?_) ?_ <;>
    [continuity; continuity; continuity; continuity; skip]
  intro x hx
  simp [hx]

",,True,-1,"@[continuity]
theorem continuous_transReflReparamAux : Continuous transReflReparamAux := by
  refine continuous_if_le ?_ ?_ (Continuous.continuousOn ?_) (Continuous.continuousOn ?_) ?_ <;>
    [continuity; continuity; continuousReparamAux continuous_id (preimage_smul _)]
  intro x hx
  simp [hx]
",💥️unknown tactic,False,10,Mathlib.AlgebraicTopology.FundamentalGroupoid.Basic,Llama-8B,LENGTH,best_of_n,False,0,-1.0,Path.Homotopy.continuous_transReflReparamAux,False
-1,False,9,"@[continuity]
theorem continuous_transReflReparamAux : Continuous transReflReparamAux := by
  refine continuous_if_le ?_ ?_ (Continuous.continuousOn ?_) (Continuous.continuousOn ?_) ?_ <;>
    [continuity; continuity; continuity; continuity; skip]
  intro x hx
  simp [hx]

",,True,-1,"@[continuity]
theorem continuous_transReflReparamAux : Continuous transReflReparamAux := by
  refine continuous_if_le ?_ ?_ (Continuous.continuousOn ?_) (Continuous.continuousOn ?_) ?_
  intro x hx
  simp [hx]
","💥️tactic 'introN' failed, insufficient number of binders
case refine_1
⊢ Continuous Subtype.val",False,10,Mathlib.AlgebraicTopology.FundamentalGroupoid.Basic,Llama-8B,LENGTH,best_of_n,False,0,-1.0,Path.Homotopy.continuous_transReflReparamAux,False
-1,False,8,"theorem transReflReparamAux_mem_I (t : I) : transReflReparamAux t ∈ I := by
  unfold transReflReparamAux
  split_ifs <;> constructor <;> linarith [unitInterval.le_one t, unitInterval.nonneg t]

",,True,-1,"theorem transReflReparamAux_mem_I (t : I) : transReflReparamAux t ∈ I := by
  unfold transReflReparamAux
  refine ⟨undefined, ?_⟩
  split_ifs <;> linarith [unitInterval.le_one t, unitInterval.nonneg t]
",💥️unknown identifier 'undefined',False,10,Mathlib.AlgebraicTopology.FundamentalGroupoid.Basic,Llama-8B,LENGTH,best_of_n,False,0,-1.0,Path.Homotopy.transReflReparamAux_mem_I,False
-1,False,8,"theorem transReflReparamAux_mem_I (t : I) : transReflReparamAux t ∈ I := by
  unfold transReflReparamAux
  split_ifs <;> constructor <;> linarith [unitInterval.le_one t, unitInterval.nonneg t]

",,True,-1,"theorem transReflReparamAux_mem_I (t : I) : transReflReparamAux t ∈ I := by
  unfold mem_I
  constructor
  · unfold mem_unitMono
    linarith [transReflReparamAux_eq_unitMono t.2]
  · unfold mem_unitIntegrable
    linarith [transReflReparamAux_eq_unitIntegrable t.1]
",💥️unknown identifier 'mem_I',False,10,Mathlib.AlgebraicTopology.FundamentalGroupoid.Basic,Llama-8B,LENGTH,best_of_n,False,0,-1.0,Path.Homotopy.transReflReparamAux_mem_I,False
-1,False,8,"theorem transReflReparamAux_mem_I (t : I) : transReflReparamAux t ∈ I := by
  unfold transReflReparamAux
  split_ifs <;> constructor <;> linarith [unitInterval.le_one t, unitInterval.nonneg t]

",,True,-1,"theorem transReflReparamAux_mem_I (t : I) : transReflReparamAux t ∈ I := by
  unfold transReflReparamAux
  split_ifs
  constructor
  · linarith [unitInterval.le_one t, unitInterval.nonneg t]
  · linarith [unitInterval.le_one t, neg_pos_of_neg <| unitInterval.lt_of_ne' t someH]
","💥️invalid field 'lt_of_ne'', the environment does not contain 'Set.lt_of_ne''
  I
has type
  Set ℝ

💥️unknown constant 'unitInterval.lt_of_ne''

💥️unsolved goals
case neg
t : ↑I
h✝ : ¬↑t ≤ 1 / 2
⊢ 1 ∈ I",False,10,Mathlib.AlgebraicTopology.FundamentalGroupoid.Basic,Llama-8B,LENGTH,best_of_n,False,0,-1.0,Path.Homotopy.transReflReparamAux_mem_I,False
-1,False,8,"theorem transReflReparamAux_mem_I (t : I) : transReflReparamAux t ∈ I := by
  unfold transReflReparamAux
  split_ifs <;> constructor <;> linarith [unitInterval.le_one t, unitInterval.nonneg t]

",,True,8,"theorem transReflReparamAux_mem_I (t : I) : transReflReparamAux t ∈ I := by
  unfold transReflReparamAux
  split_ifs <;> constructor <;> linarith [unitInterval.le_one t, unitInterval.nonneg t]
",,True,10,Mathlib.AlgebraicTopology.FundamentalGroupoid.Basic,Llama-8B,LENGTH,best_of_n,False,0,0.0,Path.Homotopy.transReflReparamAux_mem_I,False
-1,False,8,"theorem transReflReparamAux_mem_I (t : I) : transReflReparamAux t ∈ I := by
  unfold transReflReparamAux
  split_ifs <;> constructor <;> linarith [unitInterval.le_one t, unitInterval.nonneg t]

",,True,-1,"theorem transReflReparamAux_mem_I (r : I) : transReflReparamAux r ∈ I := by
  unfold transReflReparamAux
  rintro t ⟨ht, ht'⟩
  exact ⟨transLike, by linarith [ht.2]⟩
","💥️tactic 'introN' failed, insufficient number of binders
r : ↑I
⊢ (if ↑r ≤ 1 / 2 then 2 * ↑r else 1) ∈ I",False,10,Mathlib.AlgebraicTopology.FundamentalGroupoid.Basic,Llama-8B,LENGTH,best_of_n,False,0,-1.0,Path.Homotopy.transReflReparamAux_mem_I,False
-1,False,8,"theorem transReflReparamAux_mem_I (t : I) : transReflReparamAux t ∈ I := by
  unfold transReflReparamAux
  split_ifs <;> constructor <;> linarith [unitInterval.le_one t, unitInterval.nonneg t]

",,True,-1,"theorem transReflReparamAux_mem_I (t : I) : transReflReparamAux t ∈ I :=
  (drop_eq_trans (DriveByUnit.mk t) (UnitIntegrable.aux I _ _)).mem_I


",💥️unknown identifier 'drop_eq_trans',False,10,Mathlib.AlgebraicTopology.FundamentalGroupoid.Basic,Llama-8B,LENGTH,best_of_n,False,0,-1.0,Path.Homotopy.transReflReparamAux_mem_I,False
-1,False,8,"theorem transReflReparamAux_mem_I (t : I) : transReflReparamAux t ∈ I := by
  unfold transReflReparamAux
  split_ifs <;> constructor <;> linarith [unitInterval.le_one t, unitInterval.nonneg t]

",,True,8,"theorem transReflReparamAux_mem_I (t : I) : transReflReparamAux t ∈ I := by
  unfold transReflReparamAux
  split_ifs <;> constructor <;> linarith [unitInterval.le_one t, unitInterval.nonneg t]
",,True,10,Mathlib.AlgebraicTopology.FundamentalGroupoid.Basic,Llama-8B,LENGTH,best_of_n,False,0,0.0,Path.Homotopy.transReflReparamAux_mem_I,False
-1,False,8,"theorem transReflReparamAux_mem_I (t : I) : transReflReparamAux t ∈ I := by
  unfold transReflReparamAux
  split_ifs <;> constructor <;> linarith [unitInterval.le_one t, unitInterval.nonneg t]

",,True,-1,"theorem transReflReparamAux_mem_I (t : I) : transReflReparamAux t ∈ I :=
  (transReflReparamAux _).mem_I t


","💥️invalid field 'mem_I', the environment does not contain 'Real.mem_I'
  transReflReparamAux ?m.139715
has type
  ℝ",False,10,Mathlib.AlgebraicTopology.FundamentalGroupoid.Basic,Llama-8B,LENGTH,best_of_n,False,0,-1.0,Path.Homotopy.transReflReparamAux_mem_I,False
-1,False,8,"theorem transReflReparamAux_mem_I (t : I) : transReflReparamAux t ∈ I := by
  unfold transReflReparamAux
  split_ifs <;> constructor <;> linarith [unitInterval.le_one t, unitInterval.nonneg t]

",,True,8,"theorem transReflReparamAux_mem_I (t : I) : transReflReparamAux t ∈ I := by
  unfold transReflReparamAux
  split_ifs <;> constructor <;> linarith [unitInterval.le_one t, unitInterval.nonneg t]
",,True,10,Mathlib.AlgebraicTopology.FundamentalGroupoid.Basic,Llama-8B,LENGTH,best_of_n,False,0,0.0,Path.Homotopy.transReflReparamAux_mem_I,False
-1,False,8,"theorem transReflReparamAux_mem_I (t : I) : transReflReparamAux t ∈ I := by
  unfold transReflReparamAux
  split_ifs <;> constructor <;> linarith [unitInterval.le_one t, unitInterval.nonneg t]

",,True,-1,"theorem transReflReparamAux_mem_I (t : I) : transReflReparamAux t ∈ I := by
  unfold transReflReparamAux
  split_ifs <;> constructor <;> linarith [transReflReparamAux_tower_le_one t, by positivity]
","💥️unknown identifier 'transReflReparamAux_tower_le_one'

💥️unknown identifier 'transReflReparamAux_tower_le_one'

💥️unknown identifier 'transReflReparamAux_tower_le_one'

💥️unknown identifier 'transReflReparamAux_tower_le_one'",False,10,Mathlib.AlgebraicTopology.FundamentalGroupoid.Basic,Llama-8B,LENGTH,best_of_n,False,0,-1.0,Path.Homotopy.transReflReparamAux_mem_I,False
-1,False,9,"theorem trans_refl_reparam (p : Path x₀ x₁) :
    p.trans (Path.refl x₁) =
      p.reparam (fun t => ⟨transReflReparamAux t, transReflReparamAux_mem_I t⟩) (by continuity)
        (Subtype.ext transReflReparamAux_zero) (Subtype.ext transReflReparamAux_one) := by
  ext
  unfold transReflReparamAux
  simp only [Path.trans_apply, not_le, coe_reparam, Function.comp_apply, one_div, Path.refl_apply]
  split_ifs
  · rfl
  · rfl
  · simp
  · simp

",,True,9,"theorem trans_refl_reparam (p : Path x₀ x₁) :
    p.trans (Path.refl x₁) =
      p.reparam (fun t => ⟨transReflReparamAux t, transReflReparamAux_mem_I t⟩) (by continuity)
        (Subtype.ext transReflReparamAux_zero) (Subtype.ext transReflReparamAux_one) := by
  ext
  unfold transReflReparamAux
  simp only [Path.trans_apply, not_le, coe_reparam, Function.comp_apply, one_div, Path.refl_apply]
  split_ifs
  · rfl
  · rfl
  · simp
  · simp


",,True,10,Mathlib.AlgebraicTopology.FundamentalGroupoid.Basic,Llama-8B,LENGTH,best_of_n,False,0,0.0,Path.Homotopy.trans_refl_reparam,False
-1,False,9,"theorem trans_refl_reparam (p : Path x₀ x₁) :
    p.trans (Path.refl x₁) =
      p.reparam (fun t => ⟨transReflReparamAux t, transReflReparamAux_mem_I t⟩) (by continuity)
        (Subtype.ext transReflReparamAux_zero) (Subtype.ext transReflReparamAux_one) := by
  ext
  unfold transReflReparamAux
  simp only [Path.trans_apply, not_le, coe_reparam, Function.comp_apply, one_div, Path.refl_apply]
  split_ifs
  · rfl
  · rfl
  · simp
  · simp

",,True,9,"theorem trans_refl_reparam (p : Path x₀ x₁) :
    p.trans (Path.refl x₁) =
      p.reparam (fun t => ⟨transReflReparamAux t, transReflReparamAux_mem_I t⟩) (by continuity)
        (Subtype.ext transReflReparamAux_zero) (Subtype.ext transReflReparamAux_one) := by
  ext
  unfold transReflReparamAux
  simp only [Path.trans_apply, not_le, coe_reparam, Function.comp_apply, one_div, Path.refl_apply]
  split_ifs
  · rfl
  · rfl
  · simp
  · simp
",,True,10,Mathlib.AlgebraicTopology.FundamentalGroupoid.Basic,Llama-8B,LENGTH,best_of_n,False,0,0.0,Path.Homotopy.trans_refl_reparam,False
-1,False,9,"theorem trans_refl_reparam (p : Path x₀ x₁) :
    p.trans (Path.refl x₁) =
      p.reparam (fun t => ⟨transReflReparamAux t, transReflReparamAux_mem_I t⟩) (by continuity)
        (Subtype.ext transReflReparamAux_zero) (Subtype.ext transReflReparamAux_one) := by
  ext
  unfold transReflReparamAux
  simp only [Path.trans_apply, not_le, coe_reparam, Function.comp_apply, one_div, Path.refl_apply]
  split_ifs
  · rfl
  · rfl
  · simp
  · simp

",,True,9,"theorem trans_refl_reparam (p : Path x₀ x₁) :
    p.trans (Path.refl x₁) =
      p.reparam (fun t => ⟨transReflReparamAux t, transReflReparamAux_mem_I t⟩) (by continuity)
        (Subtype.ext transReflReparamAux_zero) (Subtype.ext transReflReparamAux_one) := by
  ext
  unfold transReflReparamAux
  simp only [Path.trans_apply, not_le, coe_reparam, Function.comp_apply, one_div, Path.refl_apply]
  split_ifs
  · rfl
  · rfl
  · simp
  · simp


",,True,10,Mathlib.AlgebraicTopology.FundamentalGroupoid.Basic,Llama-8B,LENGTH,best_of_n,False,0,0.0,Path.Homotopy.trans_refl_reparam,False
-1,False,9,"theorem trans_refl_reparam (p : Path x₀ x₁) :
    p.trans (Path.refl x₁) =
      p.reparam (fun t => ⟨transReflReparamAux t, transReflReparamAux_mem_I t⟩) (by continuity)
        (Subtype.ext transReflReparamAux_zero) (Subtype.ext transReflReparamAux_one) := by
  ext
  unfold transReflReparamAux
  simp only [Path.trans_apply, not_le, coe_reparam, Function.comp_apply, one_div, Path.refl_apply]
  split_ifs
  · rfl
  · rfl
  · simp
  · simp

",,True,-1,"theorem trans_refl_reparam (p : Path x₀ x₁) :
    p.trans (Path.refl x₁) =
      p.reparam (fun t => ⟨transReflReparamAux t, transReflReparamAux_mem_I t⟩) (by continuity)
        (Subtype.ext transReflReparamAux_zero) (Subtype.ext transReflReparamAux_one) :=
  by ext; simp only [transReflReparamAux, Path.trans_apply, not_le, coe_reparam, Function.comp_apply,
    one_div, Path.refl_apply]
","💥️unsolved goals
case a.h
X : Type u
inst✝ : TopologicalSpace X
x₀ x₁ : X
p : Path x₀ x₁
x✝ : ↑I
⊢ (if h : ↑x✝ ≤ 2⁻¹ then p ⟨2 * ↑x✝, ⋯⟩ else x₁) = p ⟨if ↑x✝ ≤ 2⁻¹ then 2 * ↑x✝ else 1, ⋯⟩",False,10,Mathlib.AlgebraicTopology.FundamentalGroupoid.Basic,Llama-8B,LENGTH,best_of_n,False,0,-1.0,Path.Homotopy.trans_refl_reparam,False
-1,False,9,"theorem trans_refl_reparam (p : Path x₀ x₁) :
    p.trans (Path.refl x₁) =
      p.reparam (fun t => ⟨transReflReparamAux t, transReflReparamAux_mem_I t⟩) (by continuity)
        (Subtype.ext transReflReparamAux_zero) (Subtype.ext transReflReparamAux_one) := by
  ext
  unfold transReflReparamAux
  simp only [Path.trans_apply, not_le, coe_reparam, Function.comp_apply, one_div, Path.refl_apply]
  split_ifs
  · rfl
  · rfl
  · simp
  · simp

",,True,9,"theorem trans_refl_reparam (p : Path x₀ x₁) :
    p.trans (Path.refl x₁) =
      p.reparam (fun t => ⟨transReflReparamAux t, transReflReparamAux_mem_I t⟩) (by continuity)
        (Subtype.ext transReflReparamAux_zero) (Subtype.ext transReflReparamAux_one) := by
  ext
  unfold transReflReparamAux
  simp only [Path.trans_apply, not_le, coe_reparam, Function.comp_apply, one_div, Path.refl_apply]
  split_ifs
  · rfl
  · rfl
  · simp
  · simp


",,True,10,Mathlib.AlgebraicTopology.FundamentalGroupoid.Basic,Llama-8B,LENGTH,best_of_n,False,0,0.0,Path.Homotopy.trans_refl_reparam,False
-1,False,9,"theorem trans_refl_reparam (p : Path x₀ x₁) :
    p.trans (Path.refl x₁) =
      p.reparam (fun t => ⟨transReflReparamAux t, transReflReparamAux_mem_I t⟩) (by continuity)
        (Subtype.ext transReflReparamAux_zero) (Subtype.ext transReflReparamAux_one) := by
  ext
  unfold transReflReparamAux
  simp only [Path.trans_apply, not_le, coe_reparam, Function.comp_apply, one_div, Path.refl_apply]
  split_ifs
  · rfl
  · rfl
  · simp
  · simp

",,True,9,"theorem trans_refl_reparam (p : Path x₀ x₁) :
    p.trans (Path.refl x₁) =
      p.reparam (fun t => ⟨transReflReparamAux t, transReflReparamAux_mem_I t⟩) (by continuity)
        (Subtype.ext transReflReparamAux_zero) (Subtype.ext transReflReparamAux_one) := by
  ext
  unfold transReflReparamAux
  simp only [Path.trans_apply, not_le, coe_reparam, Function.comp_apply, one_div, Path.refl_apply]
  split_ifs
  · rfl
  · rfl
  · simp
  · simp


",,True,10,Mathlib.AlgebraicTopology.FundamentalGroupoid.Basic,Llama-8B,LENGTH,best_of_n,False,0,0.0,Path.Homotopy.trans_refl_reparam,False
-1,False,9,"theorem trans_refl_reparam (p : Path x₀ x₁) :
    p.trans (Path.refl x₁) =
      p.reparam (fun t => ⟨transReflReparamAux t, transReflReparamAux_mem_I t⟩) (by continuity)
        (Subtype.ext transReflReparamAux_zero) (Subtype.ext transReflReparamAux_one) := by
  ext
  unfold transReflReparamAux
  simp only [Path.trans_apply, not_le, coe_reparam, Function.comp_apply, one_div, Path.refl_apply]
  split_ifs
  · rfl
  · rfl
  · simp
  · simp

",,True,-1,"theorem trans_refl_reparam (p : Path x₀ x₁) :
    p.trans (Path.refl x₁) =
      p.reparam (fun t => ⟨transReflReparamAux t, transReflReparamAux_mem_I t⟩) (by continuity)
        (Subtype.ext transReflReparamAux_zero) (Subtype.ext transReflReparamAux_one) := by
  ext
  unfold transReflReparamAux
  simp only [Path.trans_apply, not_le, coe_reparam, Function.comp_apply, one_div, Path.refl_apply]
  splits_ifs <;> rfl


","💥️unknown tactic

💥️unsolved goals
case a.h
X : Type u
inst✝ : TopologicalSpace X
x₀ x₁ : X
p : Path x₀ x₁
x✝ : ↑I
⊢ (if h : ↑x✝ ≤ 2⁻¹ then p ⟨2 * ↑x✝, ⋯⟩ else x₁) = p ⟨if ↑x✝ ≤ 2⁻¹ then 2 * ↑x✝ else 1, ⋯⟩",False,10,Mathlib.AlgebraicTopology.FundamentalGroupoid.Basic,Llama-8B,LENGTH,best_of_n,False,0,-1.0,Path.Homotopy.trans_refl_reparam,False
-1,False,9,"theorem trans_refl_reparam (p : Path x₀ x₁) :
    p.trans (Path.refl x₁) =
      p.reparam (fun t => ⟨transReflReparamAux t, transReflReparamAux_mem_I t⟩) (by continuity)
        (Subtype.ext transReflReparamAux_zero) (Subtype.ext transReflReparamAux_one) := by
  ext
  unfold transReflReparamAux
  simp only [Path.trans_apply, not_le, coe_reparam, Function.comp_apply, one_div, Path.refl_apply]
  split_ifs
  · rfl
  · rfl
  · simp
  · simp

",,True,8,"theorem trans_refl_reparam (p : Path x₀ x₁) :
    p.trans (Path.refl x₁) =
      p.reparam (fun t => ⟨transReflReparamAux t, transReflReparamAux_mem_I t⟩) (by continuity)
        (Subtype.ext transReflReparamAux_zero) (Subtype.ext transReflReparamAux_one) := by
  ext _
  simp only [transReflReparamAux, Path.trans_apply, not_le, coe_reparam, Function.comp_apply,
    one_div, Path.refl_apply]
  split_ifs <;> simp
",,True,10,Mathlib.AlgebraicTopology.FundamentalGroupoid.Basic,Llama-8B,LENGTH,best_of_n,False,0,0.111111,Path.Homotopy.trans_refl_reparam,False
-1,False,9,"theorem trans_refl_reparam (p : Path x₀ x₁) :
    p.trans (Path.refl x₁) =
      p.reparam (fun t => ⟨transReflReparamAux t, transReflReparamAux_mem_I t⟩) (by continuity)
        (Subtype.ext transReflReparamAux_zero) (Subtype.ext transReflReparamAux_one) := by
  ext
  unfold transReflReparamAux
  simp only [Path.trans_apply, not_le, coe_reparam, Function.comp_apply, one_div, Path.refl_apply]
  split_ifs
  · rfl
  · rfl
  · simp
  · simp

",,True,9,"theorem trans_refl_reparam (p : Path x₀ x₁) :
    p.trans (Path.refl x₁) =
      p.reparam (fun t => ⟨transReflReparamAux t, transReflReparamAux_mem_I t⟩) (by continuity)
        (Subtype.ext transReflReparamAux_zero) (Subtype.ext transReflReparamAux_one) := by
  ext
  unfold transReflReparamAux
  simp only [Path.trans_apply, not_le, coe_reparam, Function.comp_apply, one_div, Path.refl_apply]
  split_ifs
  · rfl
  · rfl
  · simp
  · simp


",,True,10,Mathlib.AlgebraicTopology.FundamentalGroupoid.Basic,Llama-8B,LENGTH,best_of_n,False,0,0.0,Path.Homotopy.trans_refl_reparam,False
-1,False,9,"theorem trans_refl_reparam (p : Path x₀ x₁) :
    p.trans (Path.refl x₁) =
      p.reparam (fun t => ⟨transReflReparamAux t, transReflReparamAux_mem_I t⟩) (by continuity)
        (Subtype.ext transReflReparamAux_zero) (Subtype.ext transReflReparamAux_one) := by
  ext
  unfold transReflReparamAux
  simp only [Path.trans_apply, not_le, coe_reparam, Function.comp_apply, one_div, Path.refl_apply]
  split_ifs
  · rfl
  · rfl
  · simp
  · simp

",,True,-1,"theorem trans_refl_reparam (p : Path x₀ x₁) :
    p.trans (Path.refl x₁) =
      p.reparam (fun t => ⟨transReflReparamAux t, transReflReparamAux_mem_I t⟩) (by continuity)
        (Subtype.ext transReflReparamAux_zero) (Subtype.ext transReflReparamAux_one) := by
  ext
  unfold transReflReparamAux
  simp only [Path.trans_apply, not_le, coe_reparam, Function.comp_apply, one_div, Path.refl_apply]
  have hi : ∀ t, IsOpen.reparam (t, ⟨rfl, t⟩) (IsOpen.mem_nhds x₁ decide) :=
    fun t ↦ (eventuallyEq_nhdsWithin.and (transReflReparamAux_zero t) (With yetiştir.tage x₁)).exists
  simp_rw [← eq_of_forall_ge_iff, (transReflReparam_aux _).id ℕ]
  aesop
","💥️expected token

💥️invalid field notation, type is not of the form (C ...) where C is a constant
  IsOpen
has type
  Set ?m.165161 → Prop

💥️unknown identifier 'eventuallyEq_nhdsWithin.and'

💥️unsolved goals
case a.h
X : Type u
inst✝ : TopologicalSpace X
x₀ x₁ : X
p : Path x₀ x₁
x✝ : ↑I
⊢ (if h : ↑x✝ ≤ 2⁻¹ then p ⟨2 * ↑x✝, ⋯⟩ else x₁) = p ⟨if ↑x✝ ≤ 2⁻¹ then 2 * ↑x✝ else 1, ⋯⟩",False,10,Mathlib.AlgebraicTopology.FundamentalGroupoid.Basic,Llama-8B,LENGTH,best_of_n,False,0,-1.0,Path.Homotopy.trans_refl_reparam,False
-1,False,2,"/-- For any path `p` from `x₀` to `x₁`, we have a homotopy from `(Path.refl x₀).trans p` to `p`. -/
def reflTrans (p : Path x₀ x₁) : Homotopy ((Path.refl x₀).trans p) p :=
  (transRefl p.symm).symm₂.cast (by simp) (by simp)

",,True,2,"/-- For any path `p` from `x₀` to `x₁`, we have a homotopy from `(Path.refl x₀).trans p` to `p`. -/
def reflTrans (p : Path x₀ x₁) : Homotopy ((Path.refl x₀).trans p) p :=
  (transRefl p.symm).symm₂.cast (by simp) (by simp)
",,True,10,Mathlib.AlgebraicTopology.FundamentalGroupoid.Basic,Llama-8B,LENGTH,best_of_n,False,0,0.0,Path.Homotopy.reflTrans,False
-1,False,2,"/-- For any path `p` from `x₀` to `x₁`, we have a homotopy from `(Path.refl x₀).trans p` to `p`. -/
def reflTrans (p : Path x₀ x₁) : Homotopy ((Path.refl x₀).trans p) p :=
  (transRefl p.symm).symm₂.cast (by simp) (by simp)

",,True,2,"/-- For any path `p` from `x₀` to `x₁`, we have a homotopy from `(Path.refl x₀).trans p` to `p`. -/
def reflTrans (p : Path x₀ x₁) : Homotopy ((Path.refl x₀).trans p) p :=
  (transRefl p.symm).symm₂.cast (by simp) (by simp)
",,True,10,Mathlib.AlgebraicTopology.FundamentalGroupoid.Basic,Llama-8B,LENGTH,best_of_n,False,0,0.0,Path.Homotopy.reflTrans,False
-1,False,2,"/-- For any path `p` from `x₀` to `x₁`, we have a homotopy from `(Path.refl x₀).trans p` to `p`. -/
def reflTrans (p : Path x₀ x₁) : Homotopy ((Path.refl x₀).trans p) p :=
  (transRefl p.symm).symm₂.cast (by simp) (by simp)

",,True,2,"/-- For any path `p` from `x₀` to `x₁`, we have a homotopy from `(Path.refl x₀).trans p` to `p`. -/
def reflTrans (p : Path x₀ x₁) : Homotopy ((Path.refl x₀).trans p) p :=
  (transRefl p.symm).symm₂.cast (by simp) (by simp)


",,True,10,Mathlib.AlgebraicTopology.FundamentalGroupoid.Basic,Llama-8B,LENGTH,best_of_n,False,0,0.0,Path.Homotopy.reflTrans,False
-1,False,2,"/-- For any path `p` from `x₀` to `x₁`, we have a homotopy from `(Path.refl x₀).trans p` to `p`. -/
def reflTrans (p : Path x₀ x₁) : Homotopy ((Path.refl x₀).trans p) p :=
  (transRefl p.symm).symm₂.cast (by simp) (by simp)

",,True,2,"/-- For any path `p` from `x₀` to `x₁`, we have a homotopy from `(Path.refl x₀).trans p` to `p`. -/
def reflTrans (p : Path x₀ x₁) : Homotopy ((Path.refl x₀).trans p) p :=
  (transRefl p.symm).symm₂.cast (by simp) (by simp)
",,True,10,Mathlib.AlgebraicTopology.FundamentalGroupoid.Basic,Llama-8B,LENGTH,best_of_n,False,0,0.0,Path.Homotopy.reflTrans,False
-1,False,2,"/-- For any path `p` from `x₀` to `x₁`, we have a homotopy from `(Path.refl x₀).trans p` to `p`. -/
def reflTrans (p : Path x₀ x₁) : Homotopy ((Path.refl x₀).trans p) p :=
  (transRefl p.symm).symm₂.cast (by simp) (by simp)

",,True,-1,"/- Or:
  rw [Homotopy.transRefl, Homotopy.reflTrans (p.symm)]
",💥️unterminated comment,False,10,Mathlib.AlgebraicTopology.FundamentalGroupoid.Basic,Llama-8B,LENGTH,best_of_n,False,0,-1.0,Path.Homotopy.reflTrans,False
-1,False,2,"/-- For any path `p` from `x₀` to `x₁`, we have a homotopy from `(Path.refl x₀).trans p` to `p`. -/
def reflTrans (p : Path x₀ x₁) : Homotopy ((Path.refl x₀).trans p) p :=
  (transRefl p.symm).symm₂.cast (by simp) (by simp)

",,True,2,"/-- For any path `p` from `x₀` to `x₁`, we have a homotopy from `(Path.refl x₀).trans p` to `p`. -/
def reflTrans (p : Path x₀ x₁) : Homotopy ((Path.refl x₀).trans p) p :=
  (transRefl p.symm).symm₂.cast (by simp) (by simp)
",,True,10,Mathlib.AlgebraicTopology.FundamentalGroupoid.Basic,Llama-8B,LENGTH,best_of_n,False,0,0.0,Path.Homotopy.reflTrans,False
-1,False,2,"/-- For any path `p` from `x₀` to `x₁`, we have a homotopy from `(Path.refl x₀).trans p` to `p`. -/
def reflTrans (p : Path x₀ x₁) : Homotopy ((Path.refl x₀).trans p) p :=
  (transRefl p.symm).symm₂.cast (by simp) (by simp)

",,True,2,"/-- For any path `p` from `x₀` to `x₁`, we have a homotopy from `(Path.refl x₀).trans p` to `p`. -/
def reflTrans (p : Path x₀ x₁) : Homotopy ((Path.refl x₀).trans p) p :=
  (transRefl p.symm).symm₂.cast (by simp) (by simp)
",,True,10,Mathlib.AlgebraicTopology.FundamentalGroupoid.Basic,Llama-8B,LENGTH,best_of_n,False,0,0.0,Path.Homotopy.reflTrans,False
-1,False,2,"/-- For any path `p` from `x₀` to `x₁`, we have a homotopy from `(Path.refl x₀).trans p` to `p`. -/
def reflTrans (p : Path x₀ x₁) : Homotopy ((Path.refl x₀).trans p) p :=
  (transRefl p.symm).symm₂.cast (by simp) (by simp)

",,True,-1,"/-- For any path `p` from `x₀` to `x₁`, we have a homotopy from `(Path.refl x₀).trans p` to `p`. -/
def reflTrans (p : Path x₀ x₁) : Homotopy ((Path.refl x₀).trans p) p :=
  (transRefl p.symm).symm₂.cast (by simp) (by simp _--)

","💥️unexpected token '_'; expected ')', ',' or ':'",False,10,Mathlib.AlgebraicTopology.FundamentalGroupoid.Basic,Llama-8B,LENGTH,best_of_n,False,0,-1.0,Path.Homotopy.reflTrans,False
-1,False,2,"/-- For any path `p` from `x₀` to `x₁`, we have a homotopy from `(Path.refl x₀).trans p` to `p`. -/
def reflTrans (p : Path x₀ x₁) : Homotopy ((Path.refl x₀).trans p) p :=
  (transRefl p.symm).symm₂.cast (by simp) (by simp)

",,True,2,"/-- For any path `p` from `x₀` to `x₁`, we have a homotopy from `(Path.refl x₀).trans p` to `p`. -/
def reflTrans (p : Path x₀ x₁) : Homotopy ((Path.refl x₀).trans p) p :=
  (transRefl p.symm).symm₂.cast (by simp) (by simp)
",,True,10,Mathlib.AlgebraicTopology.FundamentalGroupoid.Basic,Llama-8B,LENGTH,best_of_n,False,0,0.0,Path.Homotopy.reflTrans,False
-1,False,2,"/-- For any path `p` from `x₀` to `x₁`, we have a homotopy from `(Path.refl x₀).trans p` to `p`. -/
def reflTrans (p : Path x₀ x₁) : Homotopy ((Path.refl x₀).trans p) p :=
  (transRefl p.symm).symm₂.cast (by simp) (by simp)

",,True,2,"/-- For any path `p` from `x₀` to `x₁`, we have a homotopy from `(Path.refl x₀).trans p` to `p`. -/
def reflTrans (p : Path x₀ x₁) : Homotopy ((Path.refl x₀).trans p) p :=
  (transRefl p.symm).symm₂.cast (by simp) (by simp)
",,True,10,Mathlib.AlgebraicTopology.FundamentalGroupoid.Basic,Llama-8B,LENGTH,best_of_n,False,0,0.0,Path.Homotopy.reflTrans,False
-1,False,15,"@[continuity]
theorem continuous_transAssocReparamAux : Continuous transAssocReparamAux := by
  refine continuous_if_le ?_ ?_ (Continuous.continuousOn ?_)
    (continuous_if_le ?_ ?_
      (Continuous.continuousOn ?_) (Continuous.continuousOn ?_) ?_).continuousOn
      ?_ <;>
    [continuity; continuity; continuity; continuity; continuity; continuity; continuity; skip;
      skip] <;>
    · intro x hx
      norm_num [hx]

",,True,-1,"@[continuity]
theorem continuous_transAssocReparamAux : Continuous transAssocReparamAux :=
  continuous_id.continuousOn continuous_id.continuousOn continuous_id.continuousOn continuous_id.continuousOn
    (fun _ _ ↦ continuous_id.continuousOn continuous_id.continuousOn) continuous_id.continuousOn continuous_id.continuousOn
    (fun _ _ ↦ continuous_id.continuousOn continuous_id.continuousOn) continuous_id.continuousOn continuous_id.continuousOn
    fun _ _ ↦ continuous_id.continuousOn continuous_id.continuousOn


","💥️function expected at
  Continuous.continuousOn continuous_id ?m.188948 ?m.189182 ?m.189405
term has type
  ?m.189183 ∈ Filter.map id (nhdsWithin ?m.188948 ?m.188717)

💥️application type mismatch
  Continuous.continuousOn continuous_id ?m.188948 ?m.189182 (Continuous.continuousOn continuous_id)
argument
  Continuous.continuousOn continuous_id
has type
  ContinuousOn id ?m.189237 : Prop
but is expected to have type
  ?m.189183 ∈ nhds (id ?m.188948) : Prop",False,10,Mathlib.AlgebraicTopology.FundamentalGroupoid.Basic,Llama-8B,LENGTH,best_of_n,False,0,-1.0,Path.Homotopy.continuous_transAssocReparamAux,False
-1,False,15,"@[continuity]
theorem continuous_transAssocReparamAux : Continuous transAssocReparamAux := by
  refine continuous_if_le ?_ ?_ (Continuous.continuousOn ?_)
    (continuous_if_le ?_ ?_
      (Continuous.continuousOn ?_) (Continuous.continuousOn ?_) ?_).continuousOn
      ?_ <;>
    [continuity; continuity; continuity; continuity; continuity; continuity; continuity; skip;
      skip] <;>
    · intro x hx
      norm_num [hx]

",,True,-1,"@[continuity]
theorem continuous_transAssocReparamAux : Continuous transAssocReparamAux :=
  have continuous_id (x : WithDragEvent) : Continuous id := continuous_linearMap
  have continuous_trans : Continuous transAssocReparamAux continuous_id :=
    continuous_id continuous_id continuous_f₀ continuous_f₀ (mapToContinuous_iff _ _).1
      (mapToContinuous_iff _ _).2 continuous_id continuous_id (Continuous.continuousOn
        (continuous_id continuous_id) continuous_id continuous_id)
  have continuous_splits : Continuous Splits continuous_id continuous_algebra continuous_event
  exact ⟨rfl, continuous_id continuous_id continuous_trans, continuous_splits⟩
",💥️unexpected identifier; expected '|',False,10,Mathlib.AlgebraicTopology.FundamentalGroupoid.Basic,Llama-8B,LENGTH,best_of_n,False,0,-1.0,Path.Homotopy.continuous_transAssocReparamAux,False
-1,False,15,"@[continuity]
theorem continuous_transAssocReparamAux : Continuous transAssocReparamAux := by
  refine continuous_if_le ?_ ?_ (Continuous.continuousOn ?_)
    (continuous_if_le ?_ ?_
      (Continuous.continuousOn ?_) (Continuous.continuousOn ?_) ?_).continuousOn
      ?_ <;>
    [continuity; continuity; continuity; continuity; continuity; continuity; continuity; skip;
      skip] <;>
    · intro x hx
      norm_num [hx]

",,True,-1,"@[continuity]
theorem continuous_transAssocReparamAux : Continuous transAssocReparamAux :=
  have := continuous_id
  have := continuous_id
  have := continuous_id
  have := continuous_id
  have := continuous_id
  rw [mapToBool_mapToBool]
  simp
",💥️unknown identifier 'rw',False,10,Mathlib.AlgebraicTopology.FundamentalGroupoid.Basic,Llama-8B,LENGTH,best_of_n,False,0,-1.0,Path.Homotopy.continuous_transAssocReparamAux,False
-1,False,15,"@[continuity]
theorem continuous_transAssocReparamAux : Continuous transAssocReparamAux := by
  refine continuous_if_le ?_ ?_ (Continuous.continuousOn ?_)
    (continuous_if_le ?_ ?_
      (Continuous.continuousOn ?_) (Continuous.continuousOn ?_) ?_).continuousOn
      ?_ <;>
    [continuity; continuity; continuity; continuity; continuity; continuity; continuity; skip;
      skip] <;>
    · intro x hx
      norm_num [hx]

",,True,-1,"@[continuity]
theorem continuous_transAssocReparamAux : Continuous transAssocReparamAux := by
  refine continuous_if_le ?_ ?_ (Continuous.continuousOn ?_)
    (continuous_if_le ?_ ?_
      (Continuous.continuousOn ?_) (Continuous.continuousOn ?_) ?_).continuousOn
      ?_ <;>
    [continuity; continuity; continuity; continuity; continuity; continuity; continuous;
      continuous_tower_top] <;>
    intro x hx
    norm_num [hx]
",💥️unknown tactic,False,10,Mathlib.AlgebraicTopology.FundamentalGroupoid.Basic,Llama-8B,LENGTH,best_of_n,False,0,-1.0,Path.Homotopy.continuous_transAssocReparamAux,False
-1,False,15,"@[continuity]
theorem continuous_transAssocReparamAux : Continuous transAssocReparamAux := by
  refine continuous_if_le ?_ ?_ (Continuous.continuousOn ?_)
    (continuous_if_le ?_ ?_
      (Continuous.continuousOn ?_) (Continuous.continuousOn ?_) ?_).continuousOn
      ?_ <;>
    [continuity; continuity; continuity; continuity; continuity; continuity; continuity; skip;
      skip] <;>
    · intro x hx
      norm_num [hx]

",,True,-1,"@[continuity]
theorem continuous_transAssocReparamAux : Continuous transAssocReparamAux :=
  continuous_if_le (norm := module) ?_ ?_ (Continuous.continuousOn ?_)
    (continuous_if_le (norm := module) ?_ ?_ (Continuous.continuousOn ?_) (Continuous.continuousOn ?_))
      .continuousOn ?_ <;>
    [continuity; continuity; continuity; continuity; continuity; continuity; continuous_id
      (norm := module) (one := module)] <;>
    · intro x hx
      norm_num [hx]

","💥️invalid argument name 'norm' for function 'continuous_if_le'

💥️invalid dotted identifier notation, unknown identifier `Eq.continuousOn` from expected type
  ∀ (x : ?m.188696), ?m.188673 x = ?m.188674 x → ?m.188700 x = ?m.188679 x

💥️invalid argument name 'norm' for function 'continuous_if_le'",False,10,Mathlib.AlgebraicTopology.FundamentalGroupoid.Basic,Llama-8B,LENGTH,best_of_n,False,0,-1.0,Path.Homotopy.continuous_transAssocReparamAux,False
-1,False,15,"@[continuity]
theorem continuous_transAssocReparamAux : Continuous transAssocReparamAux := by
  refine continuous_if_le ?_ ?_ (Continuous.continuousOn ?_)
    (continuous_if_le ?_ ?_
      (Continuous.continuousOn ?_) (Continuous.continuousOn ?_) ?_).continuousOn
      ?_ <;>
    [continuity; continuity; continuity; continuity; continuity; continuity; continuity; skip;
      skip] <;>
    · intro x hx
      norm_num [hx]

",,True,-1,"@[continuity]
theorem continuous_transAssocReparamAux : Continuous transAssocReparamAux := by
  refine (continuous_reparamAux_hasDerivAt'.2 hasDerivAt' (norm_num)).isBoundedOn continuous_id
  rintro ⟨x, hx⟩
  simpa [norm_id] using hx


","💥️unknown identifier 'continuous_reparamAux_hasDerivAt''

💥️no goals to be solved",False,10,Mathlib.AlgebraicTopology.FundamentalGroupoid.Basic,Llama-8B,LENGTH,best_of_n,False,0,-1.0,Path.Homotopy.continuous_transAssocReparamAux,False
-1,False,15,"@[continuity]
theorem continuous_transAssocReparamAux : Continuous transAssocReparamAux := by
  refine continuous_if_le ?_ ?_ (Continuous.continuousOn ?_)
    (continuous_if_le ?_ ?_
      (Continuous.continuousOn ?_) (Continuous.continuousOn ?_) ?_).continuousOn
      ?_ <;>
    [continuity; continuity; continuity; continuity; continuity; continuity; continuity; skip;
      skip] <;>
    · intro x hx
      norm_num [hx]

",,True,-1,"@[continuity]
theorem continuous_transAssocReparamAux : Continuous transAssocReparamAux := by
  refine continuous_if_le ?_ ?_ (Continuous.continuousOn ?_)
    (continuous_if_le ?_ ?_
      (Continuous.continuousOn ?_) (Continuous.continuousOn ?_) ?_).continuousOn
      ?_ <;>
    [continuity; continuity; continuity; continuity; continuousDefault]
  intro x hx
  norm_num [hx]
",💥️unknown tactic,False,10,Mathlib.AlgebraicTopology.FundamentalGroupoid.Basic,Llama-8B,LENGTH,best_of_n,False,0,-1.0,Path.Homotopy.continuous_transAssocReparamAux,False
-1,False,15,"@[continuity]
theorem continuous_transAssocReparamAux : Continuous transAssocReparamAux := by
  refine continuous_if_le ?_ ?_ (Continuous.continuousOn ?_)
    (continuous_if_le ?_ ?_
      (Continuous.continuousOn ?_) (Continuous.continuousOn ?_) ?_).continuousOn
      ?_ <;>
    [continuity; continuity; continuity; continuity; continuity; continuity; continuity; skip;
      skip] <;>
    · intro x hx
      norm_num [hx]

",,True,-1,"@[continuity]
theorem continuous_transAssocReparamAux : Continuous transAssocReparamAux :=
  continuous_on.continuousOn continuous_id continuous_const continuous_tower continuous_tower
    fun _ ↦ (mapToEncoding continuous_id).idmap continuous_id continuous_tower continuous_tower
    fun _ ↦ mapToEncoding continuous_id continuous_id continuous_tower continuous_tower continuous_id continuous_id
    fun _ ↦ mapToEncoding continuous_id continuous_id continuous_tower continuous_tower continuous_id continuous_id

    (mapToEncoding continuous_id continuous_id continuous_tower continuous_tower continuous_id continuous_id).simp
",💥️unknown identifier 'continuous_on.continuousOn',False,10,Mathlib.AlgebraicTopology.FundamentalGroupoid.Basic,Llama-8B,LENGTH,best_of_n,False,0,-1.0,Path.Homotopy.continuous_transAssocReparamAux,False
-1,False,15,"@[continuity]
theorem continuous_transAssocReparamAux : Continuous transAssocReparamAux := by
  refine continuous_if_le ?_ ?_ (Continuous.continuousOn ?_)
    (continuous_if_le ?_ ?_
      (Continuous.continuousOn ?_) (Continuous.continuousOn ?_) ?_).continuousOn
      ?_ <;>
    [continuity; continuity; continuity; continuity; continuity; continuity; continuity; skip;
      skip] <;>
    · intro x hx
      norm_num [hx]

",,True,-1,"@[continuity]
theorem continuous_transAssocReparamAux : Continuous transAssocReparamAux :=
  (continuous_id (norm := module)).id
",💥️invalid argument name 'norm' for function 'continuous_id',False,10,Mathlib.AlgebraicTopology.FundamentalGroupoid.Basic,Llama-8B,LENGTH,best_of_n,False,0,-1.0,Path.Homotopy.continuous_transAssocReparamAux,False
-1,False,15,"@[continuity]
theorem continuous_transAssocReparamAux : Continuous transAssocReparamAux := by
  refine continuous_if_le ?_ ?_ (Continuous.continuousOn ?_)
    (continuous_if_le ?_ ?_
      (Continuous.continuousOn ?_) (Continuous.continuousOn ?_) ?_).continuousOn
      ?_ <;>
    [continuity; continuity; continuity; continuity; continuity; continuity; continuity; skip;
      skip] <;>
    · intro x hx
      norm_num [hx]

",,True,-1,"@[cancelBaseChange continuous_id (since := ""2024-02-70"")]
theorem continuous_transAssocReparamAux : Continuous transAssocReparamAux := continuous_id


/-!
### Criteria for and consequences of continuousness of transAssocReparamAux

We relate continuity with consequences in the following way:
- If `transAssocReparamAux` is continuous at every `x`, then it is continuous at every `x - h`. 
- This is a direct consequence of `transAssocReparamAux`'s continuity and the `transAssocReparamAux`'s insensitivity
- Subspecified by `since`. 

We add this to the formal specification of `transAssocReparamAux`.
-/

theorem continuous_transAssocReparamAux : Continuous transAssocReparamAux := continuous_id


/-!
### Criteria for and consequences of continuousness of transAssocReparamAux

We relate continuity with consequences in the following way:
- If `transAssocReparamAux` is continuous at every `x`, then it is continuous at every `x - h`. 
- This is a direct consequence of `transAssocReparamAux`'s continuity and the `transAssocReparamAux`'s insensitivity
- Subspecified by `since`. 

We add this to the formal specification of `transAssocReparamAux`.
-/

theorem continuous_transAssocReparamAux : Continuous transAssocReparamAux := continuous_id


/-!
### Criteria for and consequences of continuousness of transAssocReparamAux

We relate continuity with consequences in the following way:
- If `transAssocReparamAux` is continuous at every `x`, then it is continuous at every `x - h`. 
- This is a direct consequence of `transAssocReparamAux`'s continuity and the `transAssocReparamAux`'s insensitivity
- Subspecified by `since`. 

We add this to the formal specification of `transAssocReparamAux`.
-/

theorem continuous_transAssocReparamAux : Continuous transAssocReparamAux := continuous_id


/-!
### Criteria for and consequences of continuousness of transAssocReparamAux

We relate continuity with consequences in the following way:
- If `transAssocReparamAux` is continuous at every `x`, then it is continuous at every `x - h`. 
- This is a direct consequence of `transAssocReparamAux`'s continuity and the `transAssocReparamAux`'s insensitivity
- Subspecified by `since`. 

We add this to the formal specification of `transAssocReparamAux`.
-/

theorem continuous_transAssocReparamAux : Continuous transAssocReparamAux := continuous_id


/-!
### Criteria for and consequences of continuousness of transAssocReparamAux

We relate continuity with consequences in the following way:
- If `transAssocReparamAux` is continuous at every `x`, then it is continuous at every `x - h`. 
- This is a direct consequence of `transAssocReparamAux`'s continuity and the `transAssocReparamAux`'s insensitivity
- Subspecified by `since`. 

We add this to the formal specification of `transAssocReparamAux`.
-/

theorem continuous_transAssocReparamAux : Continuous transAssocReparamAux := continuous_id


/-!
### Criteria for and consequences of continuousness of transAssocReparamAux

We relate continuity with consequences in the following way:
- If `transAssocReparamAux` is continuous at every `x`, then it is continuous at every `x - h`. 
- This is a direct consequence of `transAssocReparamAux`'s continuity and the `transAssocReparamAux`'s insensitivity
- Subspecified by `since`. 

We add this to the formal specification of `transAssocReparamAux`.
-/

theorem continuous_transAssocReparamAux : Continuous transAssocReparamAux := continuous_id


/-!
### Criteria for and consequences of continuousness of transAssocReparamAux

We relate continuity with consequences in the following way:
- If `transAssocReparamAux` is continuous at every `x`, then it is continuous at every `x - h`. 
- This is a direct consequence of `transAssocReparamAux`'s continuity and the `transAssocReparamAux`'s insensitivity
- Subspecified by `since`. 

We add this to the formal specification of `transAssocReparamAux`.
-/

theorem continuous_transAssocReparamAux : Continuous transAssocReparamAux := continuous_id


/-!
### Criteria for and consequences of continuousness of transAssocReparamAux

We relate continuity with consequences in the following way:
- If `transAssocReparamAux` is continuous at every `x`, then it is continuous at every `x - h`. 
- This is a direct consequence of `transAssocReparamAux`'s continuity and the `transAssocReparamAux`'s insensitivity
",💥️unexpected token '('; expected ']',False,10,Mathlib.AlgebraicTopology.FundamentalGroupoid.Basic,Llama-8B,LENGTH,best_of_n,False,0,-1.0,Path.Homotopy.continuous_transAssocReparamAux,False
-1,False,11,"theorem transAssocReparamAux_mem_I (t : I) : transAssocReparamAux t ∈ I := by
  unfold transAssocReparamAux
  split_ifs <;> constructor <;> linarith [unitInterval.le_one t, unitInterval.nonneg t]

",,True,-1,"theorem transAssocReparamAux_mem_I (t : I) : transAssocReparamAux t ∈ I := by
  unfold transAssocReparamAux
  have hi : I = unit Interval [0,1] := (Unit.mk0 (I := I)).symm
  rw [← interval_eq_unitIntegrable]
  exact (forall_mem_I t).imp (by linarith [hi.le_one t, hi.nonneg t])
","💥️unexpected token ':='; expected ')', ',' or ':'

💥️unknown identifier 'unit'

💥️unknown constant 'Unit.mk0'

💥️unsolved goals
t : ↑I
hi : I = sorry
⊢ (if ↑t ≤ 1 / 4 then 2 * ↑t else if ↑t ≤ 1 / 2 then ↑t + 1 / 4 else 1 / 2 * (↑t + 1)) ∈ I",False,10,Mathlib.AlgebraicTopology.FundamentalGroupoid.Basic,Llama-8B,LENGTH,best_of_n,False,0,-1.0,Path.Homotopy.transAssocReparamAux_mem_I,False
-1,False,11,"theorem transAssocReparamAux_mem_I (t : I) : transAssocReparamAux t ∈ I := by
  unfold transAssocReparamAux
  split_ifs <;> constructor <;> linarith [unitInterval.le_one t, unitInterval.nonneg t]

",,True,11,"theorem transAssocReparamAux_mem_I (t : I) : transAssocReparamAux t ∈ I := by
  unfold transAssocReparamAux
  split_ifs <;> constructor <;> linarith [unitInterval.le_one t, unitInterval.nonneg t]
",,True,10,Mathlib.AlgebraicTopology.FundamentalGroupoid.Basic,Llama-8B,LENGTH,best_of_n,False,0,0.0,Path.Homotopy.transAssocReparamAux_mem_I,False
-1,False,11,"theorem transAssocReparamAux_mem_I (t : I) : transAssocReparamAux t ∈ I := by
  unfold transAssocReparamAux
  split_ifs <;> constructor <;> linarith [unitInterval.le_one t, unitInterval.nonneg t]

",,True,11,"theorem transAssocReparamAux_mem_I (t : I) : transAssocReparamAux t ∈ I := by
  unfold transAssocReparamAux
  split_ifs <;> constructor <;> linarith [unitInterval.le_one t, unitInterval.nonneg t]
",,True,10,Mathlib.AlgebraicTopology.FundamentalGroupoid.Basic,Llama-8B,LENGTH,best_of_n,False,0,0.0,Path.Homotopy.transAssocReparamAux_mem_I,False
-1,False,11,"theorem transAssocReparamAux_mem_I (t : I) : transAssocReparamAux t ∈ I := by
  unfold transAssocReparamAux
  split_ifs <;> constructor <;> linarith [unitInterval.le_one t, unitInterval.nonneg t]

",,True,-1,"theorem transAssocReparamAux_mem_I (t : I) : transAssocReparamAux t ∈ I := by
  constructor
  · unfold mem_I
    exact unitInterval.le_one t

  · unfold nonmem_I
    exact unitInterval.nonneg t

","💥️unknown identifier 'mem_I'

💥️unknown identifier 'nonmem_I'",False,10,Mathlib.AlgebraicTopology.FundamentalGroupoid.Basic,Llama-8B,LENGTH,best_of_n,False,0,-1.0,Path.Homotopy.transAssocReparamAux_mem_I,False
-1,False,11,"theorem transAssocReparamAux_mem_I (t : I) : transAssocReparamAux t ∈ I := by
  unfold transAssocReparamAux
  split_ifs <;> constructor <;> linarith [unitInterval.le_one t, unitInterval.nonneg t]

",,True,-1,"theorem transAssocReparamAux_mem_I (t : I) : transAssocReparamAux t ∈ I :=
  if t < 2, Iff.trans (Int_of_le_one_right t) <| by simpa
","💥️unexpected token ','; expected 'then'",False,10,Mathlib.AlgebraicTopology.FundamentalGroupoid.Basic,Llama-8B,LENGTH,best_of_n,False,0,-1.0,Path.Homotopy.transAssocReparamAux_mem_I,False
-1,False,11,"theorem transAssocReparamAux_mem_I (t : I) : transAssocReparamAux t ∈ I := by
  unfold transAssocReparamAux
  split_ifs <;> constructor <;> linarith [unitInterval.le_one t, unitInterval.nonneg t]

",,True,11,"theorem transAssocReparamAux_mem_I (t : I) : transAssocReparamAux t ∈ I := by
  unfold transAssocReparamAux
  split_ifs <;> constructor <;> linarith [unitInterval.le_one t, unitInterval.nonneg t]
",,True,10,Mathlib.AlgebraicTopology.FundamentalGroupoid.Basic,Llama-8B,LENGTH,best_of_n,False,0,0.0,Path.Homotopy.transAssocReparamAux_mem_I,False
-1,False,11,"theorem transAssocReparamAux_mem_I (t : I) : transAssocReparamAux t ∈ I := by
  unfold transAssocReparamAux
  split_ifs <;> constructor <;> linarith [unitInterval.le_one t, unitInterval.nonneg t]

",,True,-1,"theorem transAssocReparamAux_mem_I (t : I) : transAssocReparamAux t ∈ I :=
  have := transAssocReparamAux t; unfold mem_I from that
    constructor
    · exact unitInterval.le_one t
    · exact unitInterval.nonneg t
",💥️unknown identifier 'unfold',False,10,Mathlib.AlgebraicTopology.FundamentalGroupoid.Basic,Llama-8B,LENGTH,best_of_n,False,0,-1.0,Path.Homotopy.transAssocReparamAux_mem_I,False
-1,False,11,"theorem transAssocReparamAux_mem_I (t : I) : transAssocReparamAux t ∈ I := by
  unfold transAssocReparamAux
  split_ifs <;> constructor <;> linarith [unitInterval.le_one t, unitInterval.nonneg t]

",,True,11,"theorem transAssocReparamAux_mem_I (t : I) : transAssocReparamAux t ∈ I := by
  unfold transAssocReparamAux
  split_ifs <;> constructor <;> linarith [unitInterval.le_one t, unitInterval.nonneg t]
",,True,10,Mathlib.AlgebraicTopology.FundamentalGroupoid.Basic,Llama-8B,LENGTH,best_of_n,False,0,0.0,Path.Homotopy.transAssocReparamAux_mem_I,False
-1,False,11,"theorem transAssocReparamAux_mem_I (t : I) : transAssocReparamAux t ∈ I := by
  unfold transAssocReparamAux
  split_ifs <;> constructor <;> linarith [unitInterval.le_one t, unitInterval.nonneg t]

",,True,11,"theorem transAssocReparamAux_mem_I (t : I) : transAssocReparamAux t ∈ I := by
  unfold transAssocReparamAux
  split_ifs <;> constructor <;> linarith [unitInterval.le_one t, unitInterval.nonneg t]
",,True,10,Mathlib.AlgebraicTopology.FundamentalGroupoid.Basic,Llama-8B,LENGTH,best_of_n,False,0,0.0,Path.Homotopy.transAssocReparamAux_mem_I,False
-1,False,11,"theorem transAssocReparamAux_mem_I (t : I) : transAssocReparamAux t ∈ I := by
  unfold transAssocReparamAux
  split_ifs <;> constructor <;> linarith [unitInterval.le_one t, unitInterval.nonneg t]

",,True,-1,"theorem transAssocReparamAux_mem_I (t : I) : transAssocReparamAux t ∈ I := by
  unfold transAssocReparamAux
  have H := unitInterval.le_one t
  have H := unitInterval.nonneg t
  omega [H.1, H.2]

","💥️omega could not prove the goal:
No usable constraints found. You may need to unfold definitions so `omega` can see linear arithmetic facts about `Nat` and `Int`, which may also involve multiplication, division, and modular remainder by constants.",False,10,Mathlib.AlgebraicTopology.FundamentalGroupoid.Basic,Llama-8B,LENGTH,best_of_n,False,0,-1.0,Path.Homotopy.transAssocReparamAux_mem_I,False
-1,False,34,"theorem trans_assoc_reparam {x₀ x₁ x₂ x₃ : X} (p : Path x₀ x₁) (q : Path x₁ x₂) (r : Path x₂ x₃) :
    (p.trans q).trans r =
      (p.trans (q.trans r)).reparam
        (fun t => ⟨transAssocReparamAux t, transAssocReparamAux_mem_I t⟩) (by continuity)
        (Subtype.ext transAssocReparamAux_zero) (Subtype.ext transAssocReparamAux_one) := by
  ext x
  simp only [transAssocReparamAux, Path.trans_apply, mul_inv_cancel_left₀, not_le,
    Function.comp_apply, Ne, not_false_iff, one_ne_zero, mul_ite, Subtype.coe_mk,
    Path.coe_reparam]
  -- TODO: why does split_ifs not reduce the ifs??????
  split_ifs with h₁ h₂ h₃ h₄ h₅
  · rfl
  · exfalso
    linarith
  · exfalso
    linarith
  · exfalso
    linarith
  · exfalso
    linarith
  · exfalso
    linarith
  · exfalso
    linarith
  · have h : 2 * (2 * (x : ℝ)) - 1 = 2 * (2 * (↑x + 1 / 4) - 1) := by linarith
    simp [h₂, h₁, h, dif_neg (show ¬False from id), dif_pos True.intro, if_false, if_true]
  · exfalso
    linarith
  · exfalso
    linarith
  · exfalso
    linarith
  · exfalso
    linarith
  · exfalso
    linarith
  · exfalso
    linarith
  · congr
    ring

",,True,-1,"theorem trans_assoc_reparam {x₀ x₁ x₂ x₃ : X} (p : Path x₀ x₁) (q : Path x₁ x₂) (r : Path x₂ x₃) :
    (p.trans q).trans r =
      (p.trans (q.trans r)).reparam
        (fun t => ⟨transAssocReparamAux t, transAssocReparamAux_mem_I t⟩) (by continuity)
        (Subtype.ext transAssocReparamAux_zero) (Subtype.ext transAssocReparamAux_one) := by
  ext x
  simp only [transAssocReparamAux, Path.trans_apply, mul_inv_cancel_left₀, not_le,
    Function.comp_apply, Ne, not_false_iff, one_ne_zero, mul_ite, Subtype.coe_mk,
    Path.coe_reparam]
  -- TODO: why does split_ifs not reduce the ifs??????
  split_ifs with h₁ h₂ h₃ h₄ h₅ h₆ h₇ h₈ h₉ h₁₀ h₁₁ h₂₁ h₂₂ h₃₁ h₃₂ h₄₁ h₄₂ h₅₁ h₅₂ h₆₁ h₆₂ h₇₁ h₇₂ h₈₁ h₈₂ h₉₁ h₉₂ h₁₀ h₁₁ h₂₁ h₂₂ h₃₁ h₃₂ h₄₁ h₄₂ h₅₁ h₅₂ h₆₁ h₆₂ h₇₁ h₇₂ h₈₁ h₈₂ h₉₁ h₉₂ h₁₀ h₁₁ h₂₁ h₂₂ h₃₁ h₃₂ h₄₁ h₄₂ h₅₁ h₅₂ h₆₁ h₆₂ h₇₁ h₇₂ h₈₁ h₈₂ h₉₁ h₉₂ h₁₀ h₁₁ h₂₁ h₂₂ h₃₁ h₃₂ h₄₁ h₄₂ h₅₁ h₅₂ h₆₁ h₆₂ h₇₁ h₇₂ h₈₁ h₈₂ h₉₁ h₉₂ h₁₀ h₁₁ h₂₁ h₂₂ h₃₁ h₃₂ h₄₁ h₄₂ h₅₁ h₅₂ h₆₁ h₆₂ h₇₁ h₇₂ h₈₁ h₈₂ h₉₁ h₉₂ h₁₀ h₁₁ h₂₁ h₂₂ h₃₁ h₃₂ h₄₁ h₄₂ h₅₁ h₅₂ h₆₁ h₆₂ h₇₁ h₇₂ h₈₁ h₈₂ h₉₁ h₉₂ h₁₀ h₁₁ h₂₁ h₂₂ h₃₁ h₃₂ h₄₁ h₄₂ h₅₁ h₅₂ h₆₁ h₆₂ h₇₁ h₇₂ h₈₁ h₈₂ h₉₁ h₉₂ h₁₀ h₁₁ h₂₁ h₂₂ h₃₁ h₃₂ h₄₁ h₄₂ h₅₁ h₅₂ h₆₁ h₆₂ h₇₁ h₇₂ h₈₁ h₈₂ h₉₁ h₉₂ h₁₀ h₁₁ h₂₁ h₂₂ h₃₁ h₃₂ h₄₁ h₄₂ h₅₁ h₅₂ h₆₁ h₆₂ h₇₁ h₇₂ h₈₁ h₈₂ h₉₁ h₉₂ h₁₀ h₁₁ h₂₁ h₂₂ h₃₁ h₃₂ h₄₁ h₄₂ h₅₁ h₅₂ h₆₁ h₆₂ h₇₁ h₇₂ h₈₁ h₈₂ h₉₁ h₉₂ h₁₀ h₁₁ h₂₁ h₂₂ h₃₁ h₃₂ h₄₁ h₄₂ h₅₁ h₅₂ h₆₁ h₆₂ h₇₁ h₇₂ h₈₁ h₈₂ h₉₁ h₉₂ h₁₀ h₁₁ h₂₁ h₂₂ h₃₁ h₃₂ h₄₁ h₄₂ h₅₁ h₅₂ h₆₁ h₆₂ h₇₁ h₇₂ h₈₁ h₈₂ h₉₁ h₉₂ h₁₀ h₁₁ h₂₁","💥️unsolved goals
case pos
X : Type u
inst✝ : TopologicalSpace X
x₀ x₁ x₂ x₃ : X
p : Path x₀ x₁
q : Path x₁ x₂
r : Path x₂ x₃
x : ↑I
h₁ : ↑x ≤ 1 / 2
h₂ : 2 * ↑x ≤ 1 / 2
h₃ : ↑x ≤ 1 / 4
⊢ p ⟨2 * (2 * ↑x), ⋯⟩ = p ⟨2 * (2 * ↑x), ⋯⟩

case pos
X : Type u
inst✝ : TopologicalSpace X
x₀ x₁ x₂ x₃ : X
p : Path x₀ x₁
q : Path x₁ x₂
r : Path x₂ x₃
x : ↑I
h₁ : ↑x ≤ 1 / 2
h₂ : 2 * ↑x ≤ 1 / 2
h₃ : ¬↑x ≤ 1 / 4
h₄ : ↑x + 1 / 4 ≤ 1 / 2
⊢ p ⟨2 * (2 * ↑x), ⋯⟩ = p ⟨2 * (↑x + 1 / 4), ⋯⟩

case pos
X : Type u
inst✝ : TopologicalSpace X
x₀ x₁ x₂ x₃ : X
p : Path x₀ x₁
q : Path x₁ x₂
r : Path x₂ x₃
x : ↑I
h₁ : ↑x ≤ 1 / 2
h₂ : 2 * ↑x ≤ 1 / 2
h₃ : ¬↑x ≤ 1 / 4
h₄ : ¬↑x + 1 / 4 ≤ 1 / 2
h₅ : 2 * (↑x + 1 / 4) - 1 ≤ 1 / 2
⊢ p ⟨2 * (2 * ↑x), ⋯⟩ = q ⟨2 * (2 * (↑x + 1 / 4) - 1), ⋯⟩

case neg
X : Type u
inst✝ : TopologicalSpace X
x₀ x₁ x₂ x₃ : X
p : Path x₀ x₁
q : Path x₁ x₂
r : Path x₂ x₃
x : ↑I
h₁ : ↑x ≤ 1 / 2
h₂ : 2 * ↑x ≤ 1 / 2
h₃ : ¬↑x ≤ 1 / 4
h₄ : ¬↑x + 1 / 4 ≤ 1 / 2
h₅ : ¬2 * (↑x + 1 / 4) - 1 ≤ 1 / 2
⊢ p ⟨2 * (2 * ↑x), ⋯⟩ = r ⟨2 * (2 * (↑x + 1 / 4) - 1) - 1, ⋯⟩

case pos
X : Type u
inst✝ : TopologicalSpace X
x₀ x₁ x₂ x₃ : X
p : Path x₀ x₁
q : Path x₁ x₂
r : Path x₂ x₃
x : ↑I
h₁ : ↑x ≤ 1 / 2
h₂ : ¬2 * ↑x ≤ 1 / 2
h₆ : ↑x ≤ 1 / 4
h₇ : 2 * (2 * ↑x) - 1 ≤ 1 / 2
⊢ q ⟨2 * (2 * ↑x) - 1, ⋯⟩ = q ⟨2 * (2 * (2 * ↑x) - 1), ⋯⟩

case neg
X : Type u
inst✝ : TopologicalSpace X
x₀ x₁ x₂ x₃ : X
p : Path x₀ x₁
q : Path x₁ x₂
r : Path x₂ x₃
x : ↑I
h₁ : ↑x ≤ 1 / 2
h₂ : ¬2 * ↑x ≤ 1 / 2
h₆ : ↑x ≤ 1 / 4
h₇ : ¬2 * (2 * ↑x) - 1 ≤ 1 / 2
⊢ q ⟨2 * (2 * ↑x) - 1, ⋯⟩ = r ⟨2 * (2 * (2 * ↑x) - 1) - 1, ⋯⟩

case pos
X : Type u
inst✝ : TopologicalSpace X
x₀ x₁ x₂ x₃ : X
p : Path x₀ x₁
q : Path x₁ x₂
r : Path x₂ x₃
x : ↑I
h₁ : ↑x ≤ 1 / 2
h₂ : ¬2 * ↑x ≤ 1 / 2
h₆ : ¬↑x ≤ 1 / 4
h₈ : ↑x + 1 / 4 ≤ 1 / 2
⊢ q ⟨2 * (2 * ↑x) - 1, ⋯⟩ = p ⟨2 * (↑x + 1 / 4), ⋯⟩

case pos
X : Type u
inst✝ : TopologicalSpace X
x₀ x₁ x₂ x₃ : X
p : Path x₀ x₁
q : Path x₁ x₂
r : Path x₂ x₃
x : ↑I
h₁ : ↑x ≤ 1 / 2
h₂ : ¬2 * ↑x ≤ 1 / 2
h₆ : ¬↑x ≤ 1 / 4
h₈ : ¬↑x + 1 / 4 ≤ 1 / 2
h₉ : 2 * (↑x + 1 / 4) - 1 ≤ 1 / 2
⊢ q ⟨2 * (2 * ↑x) - 1, ⋯⟩ = q ⟨2 * (2 * (↑x + 1 / 4) - 1), ⋯⟩

case neg
X : Type u
inst✝ : TopologicalSpace X
x₀ x₁ x₂ x₃ : X
p : Path x₀ x₁
q : Path x₁ x₂
r : Path x₂ x₃
x : ↑I
h₁ : ↑x ≤ 1 / 2
h₂ : ¬2 * ↑x ≤ 1 / 2
h₆ : ¬↑x ≤ 1 / 4
h₈ : ¬↑x + 1 / 4 ≤ 1 / 2
h₉ : ¬2 * (↑x + 1 / 4) - 1 ≤ 1 / 2
⊢ q ⟨2 * (2 * ↑x) - 1, ⋯⟩ = r ⟨2 * (2 * (↑x + 1 / 4) - 1) - 1, ⋯⟩

case pos
X : Type u
inst✝ : TopologicalSpace X
x₀ x₁ x₂ x₃ : X
p : Path x₀ x₁
q : Path x₁ x₂
r : Path x₂ x₃
x : ↑I
h₁ : ¬↑x ≤ 1 / 2
h₁₀ : ↑x ≤ 1 / 4
h₁₁ : 2 * ↑x ≤ 1 / 2
⊢ r ⟨2 * ↑x - 1, ⋯⟩ = p ⟨2 * (2 * ↑x), ⋯⟩

case pos
X : Type u
inst✝ : TopologicalSpace X
x₀ x₁ x₂ x₃ : X
p : Path x₀ x₁
q : Path x₁ x₂
r : Path x₂ x₃
x : ↑I
h₁ : ¬↑x ≤ 1 / 2
h₁₀ : ↑x ≤ 1 / 4
h₁₁ : ¬2 * ↑x ≤ 1 / 2
h₂₁ : 2 * (2 * ↑x) - 1 ≤ 1 / 2
⊢ r ⟨2 * ↑x - 1, ⋯⟩ = q ⟨2 * (2 * (2 * ↑x) - 1), ⋯⟩

case neg
X : Type u
inst✝ : TopologicalSpace X
x₀ x₁ x₂ x₃ : X
p : Path x₀ x₁
q : Path x₁ x₂
r : Path x₂ x₃
x : ↑I
h₁ : ¬↑x ≤ 1 / 2
h₁₀ : ↑x ≤ 1 / 4
h₁₁ : ¬2 * ↑x ≤ 1 / 2
h₂₁ : ¬2 * (2 * ↑x) - 1 ≤ 1 / 2
⊢ r ⟨2 * ↑x - 1, ⋯⟩ = r ⟨2 * (2 * (2 * ↑x) - 1) - 1, ⋯⟩

case pos
X : Type u
inst✝ : TopologicalSpace X
x₀ x₁ x₂ x₃ : X
p : Path x₀ x₁
q : Path x₁ x₂
r : Path x₂ x₃
x : ↑I
h₁ : ¬↑x ≤ 1 / 2
h₁₀ : ¬↑x ≤ 1 / 4
h₂₂ : 1 / 2 * (↑x + 1) ≤ 1 / 2
⊢ r ⟨2 * ↑x - 1, ⋯⟩ = p ⟨2 * (1 / 2 * (↑x + 1)), ⋯⟩

case pos
X : Type u
inst✝ : TopologicalSpace X
x₀ x₁ x₂ x₃ : X
p : Path x₀ x₁
q : Path x₁ x₂
r : Path x₂ x₃
x : ↑I
h₁ : ¬↑x ≤ 1 / 2
h₁₀ : ¬↑x ≤ 1 / 4
h₂₂ : ¬1 / 2 * (↑x + 1) ≤ 1 / 2
h₃₁ : 2 * (1 / 2 * (↑x + 1)) - 1 ≤ 1 / 2
⊢ r ⟨2 * ↑x - 1, ⋯⟩ = q ⟨2 * (2 * (1 / 2 * (↑x + 1)) - 1), ⋯⟩

case neg
X : Type u
inst✝ : TopologicalSpace X
x₀ x₁ x₂ x₃ : X
p : Path x₀ x₁
q : Path x₁ x₂
r : Path x₂ x₃
x : ↑I
h₁ : ¬↑x ≤ 1 / 2
h₁₀ : ¬↑x ≤ 1 / 4
h₂₂ : ¬1 / 2 * (↑x + 1) ≤ 1 / 2
h₃₁ : ¬2 * (1 / 2 * (↑x + 1)) - 1 ≤ 1 / 2
⊢ r ⟨2 * ↑x - 1, ⋯⟩ = r ⟨2 * (2 * (1 / 2 * (↑x + 1)) - 1) - 1, ⋯⟩",False,10,Mathlib.AlgebraicTopology.FundamentalGroupoid.Basic,Llama-8B,LENGTH,best_of_n,False,0,-1.0,Path.Homotopy.trans_assoc_reparam,False
-1,False,34,"theorem trans_assoc_reparam {x₀ x₁ x₂ x₃ : X} (p : Path x₀ x₁) (q : Path x₁ x₂) (r : Path x₂ x₃) :
    (p.trans q).trans r =
      (p.trans (q.trans r)).reparam
        (fun t => ⟨transAssocReparamAux t, transAssocReparamAux_mem_I t⟩) (by continuity)
        (Subtype.ext transAssocReparamAux_zero) (Subtype.ext transAssocReparamAux_one) := by
  ext x
  simp only [transAssocReparamAux, Path.trans_apply, mul_inv_cancel_left₀, not_le,
    Function.comp_apply, Ne, not_false_iff, one_ne_zero, mul_ite, Subtype.coe_mk,
    Path.coe_reparam]
  -- TODO: why does split_ifs not reduce the ifs??????
  split_ifs with h₁ h₂ h₃ h₄ h₅
  · rfl
  · exfalso
    linarith
  · exfalso
    linarith
  · exfalso
    linarith
  · exfalso
    linarith
  · exfalso
    linarith
  · exfalso
    linarith
  · have h : 2 * (2 * (x : ℝ)) - 1 = 2 * (2 * (↑x + 1 / 4) - 1) := by linarith
    simp [h₂, h₁, h, dif_neg (show ¬False from id), dif_pos True.intro, if_false, if_true]
  · exfalso
    linarith
  · exfalso
    linarith
  · exfalso
    linarith
  · exfalso
    linarith
  · exfalso
    linarith
  · exfalso
    linarith
  · congr
    ring

",,True,-1,"theorem trans_assoc_reparam {x₀ x₁ x₂ x₃ : X} (p : Path x₀ x₁) (q : Path x₁ x₂) (r : Path x₂ x₃) :
    (p.trans q).trans r =
      (p.trans (q.trans r)).reparam
        (fun t => ⟨transAssocReparamAux t, transAssocReparamAux_mem_I t⟩) (by continuity)
        (Subtype.ext transAssocReparamAux_zero) (Subtype.ext transAssocReparamAux_one) :=
  liftAlternating.reparam _ _
",💥️unknown identifier 'liftAlternating.reparam',False,10,Mathlib.AlgebraicTopology.FundamentalGroupoid.Basic,Llama-8B,LENGTH,best_of_n,False,0,-1.0,Path.Homotopy.trans_assoc_reparam,False
-1,False,34,"theorem trans_assoc_reparam {x₀ x₁ x₂ x₃ : X} (p : Path x₀ x₁) (q : Path x₁ x₂) (r : Path x₂ x₃) :
    (p.trans q).trans r =
      (p.trans (q.trans r)).reparam
        (fun t => ⟨transAssocReparamAux t, transAssocReparamAux_mem_I t⟩) (by continuity)
        (Subtype.ext transAssocReparamAux_zero) (Subtype.ext transAssocReparamAux_one) := by
  ext x
  simp only [transAssocReparamAux, Path.trans_apply, mul_inv_cancel_left₀, not_le,
    Function.comp_apply, Ne, not_false_iff, one_ne_zero, mul_ite, Subtype.coe_mk,
    Path.coe_reparam]
  -- TODO: why does split_ifs not reduce the ifs??????
  split_ifs with h₁ h₂ h₃ h₄ h₅
  · rfl
  · exfalso
    linarith
  · exfalso
    linarith
  · exfalso
    linarith
  · exfalso
    linarith
  · exfalso
    linarith
  · exfalso
    linarith
  · have h : 2 * (2 * (x : ℝ)) - 1 = 2 * (2 * (↑x + 1 / 4) - 1) := by linarith
    simp [h₂, h₁, h, dif_neg (show ¬False from id), dif_pos True.intro, if_false, if_true]
  · exfalso
    linarith
  · exfalso
    linarith
  · exfalso
    linarith
  · exfalso
    linarith
  · exfalso
    linarith
  · exfalso
    linarith
  · congr
    ring

",,True,-1,"theorem trans_assoc_reparam {x₀ x₁ x₂ x₃ : X} (p : Path x₀ x₁) (q : Path x₁ x₂) (r : Path x₂ x₃) :
    (p.trans q).trans r =
      (p.trans (q.trans r)).reparam
        (fun t => ⟨transAssocReparamAux t, transAssocReparamAux_mem_I t⟩) (by continuity)
        (Subtype.ext transAssocReparamAux_zero) (Subtype.ext transAssocReparamAux_one) := by
  ext x
  simp only [transAssocReparamAux, Path.trans_apply, mul_inv_cancel_left₀, not_le,
    Function.comp_apply, Ne, not_false_iff, one_ne_zero, mul_ite, Subtype.coe_mk,
    Path.coe_reparam]
  -- TODO: why does split_ifs not reduce the ifs??????
  split_ifs with h₁ h₂ h₃ h₄ h₅
  · rfl
  · exfalso
    linarith
  · exfalso
    linarith
  · exfalso
    linarith
  · exfalso
    linarith
  · have h : 2 * (2 * (x : ℝ)) - 1 = 2 * (2 * (↑x + 1 / 4) - 1) := by linarith
    simp [h₂, h₁, h, dif_neg (show ¬False from id), dif_pos True.intro, if_false, if_true]
  · exfalso
    linarith
  · exfalso
    linarith
  · exfalso
    linarith
  · exfalso
    linarith


","💥️unsolved goals
case neg
X : Type u
inst✝ : TopologicalSpace X
x₀ x₁ x₂ x₃ : X
p : Path x₀ x₁
q : Path x₁ x₂
r : Path x₂ x₃
x : ↑I
h₁ : ↑x ≤ 1 / 2
h₂ : ¬2 * ↑x ≤ 1 / 2
h✝¹ : ↑x ≤ 1 / 4
h✝ : ¬2 * (2 * ↑x) - 1 ≤ 1 / 2
h : 2 * (2 * ↑x) - 1 = 2 * (2 * (↑x + 1 / 4) - 1)
⊢ q ⟨2 * (2 * (↑x + 4⁻¹) - 1), ⋯⟩ = r ⟨2 * (2 * (2 * (↑x + 4⁻¹) - 1)) - 1, ⋯⟩

💥️linarith failed to find a contradiction
case pos
X : Type u
inst✝ : TopologicalSpace X
x₀ x₁ x₂ x₃ : X
p : Path x₀ x₁
q : Path x₁ x₂
r : Path x₂ x₃
x : ↑I
h₁ : ↑x ≤ 1 / 2
h₂ : ¬2 * ↑x ≤ 1 / 2
h✝² : ¬↑x ≤ 1 / 4
h✝¹ : ¬↑x + 1 / 4 ≤ 1 / 2
h✝ : 2 * (↑x + 1 / 4) - 1 ≤ 1 / 2
⊢ False failed

💥️unsolved goals
case pos
X : Type u
inst✝ : TopologicalSpace X
x₀ x₁ x₂ x₃ : X
p : Path x₀ x₁
q : Path x₁ x₂
r : Path x₂ x₃
x : ↑I
h₁ : ¬↑x ≤ 1 / 2
h✝² : ↑x ≤ 1 / 4
h✝¹ : ¬2 * ↑x ≤ 1 / 2
h✝ : 2 * (2 * ↑x) - 1 ≤ 1 / 2
⊢ r ⟨2 * ↑x - 1, ⋯⟩ = q ⟨2 * (2 * (2 * ↑x) - 1), ⋯⟩

case neg
X : Type u
inst✝ : TopologicalSpace X
x₀ x₁ x₂ x₃ : X
p : Path x₀ x₁
q : Path x₁ x₂
r : Path x₂ x₃
x : ↑I
h₁ : ¬↑x ≤ 1 / 2
h✝² : ↑x ≤ 1 / 4
h✝¹ : ¬2 * ↑x ≤ 1 / 2
h✝ : ¬2 * (2 * ↑x) - 1 ≤ 1 / 2
⊢ r ⟨2 * ↑x - 1, ⋯⟩ = r ⟨2 * (2 * (2 * ↑x) - 1) - 1, ⋯⟩

case pos
X : Type u
inst✝ : TopologicalSpace X
x₀ x₁ x₂ x₃ : X
p : Path x₀ x₁
q : Path x₁ x₂
r : Path x₂ x₃
x : ↑I
h₁ : ¬↑x ≤ 1 / 2
h✝¹ : ¬↑x ≤ 1 / 4
h✝ : 1 / 2 * (↑x + 1) ≤ 1 / 2
⊢ r ⟨2 * ↑x - 1, ⋯⟩ = p ⟨2 * (1 / 2 * (↑x + 1)), ⋯⟩

case pos
X : Type u
inst✝ : TopologicalSpace X
x₀ x₁ x₂ x₃ : X
p : Path x₀ x₁
q : Path x₁ x₂
r : Path x₂ x₃
x : ↑I
h₁ : ¬↑x ≤ 1 / 2
h✝² : ¬↑x ≤ 1 / 4
h✝¹ : ¬1 / 2 * (↑x + 1) ≤ 1 / 2
h✝ : 2 * (1 / 2 * (↑x + 1)) - 1 ≤ 1 / 2
⊢ r ⟨2 * ↑x - 1, ⋯⟩ = q ⟨2 * (2 * (1 / 2 * (↑x + 1)) - 1), ⋯⟩

case neg
X : Type u
inst✝ : TopologicalSpace X
x₀ x₁ x₂ x₃ : X
p : Path x₀ x₁
q : Path x₁ x₂
r : Path x₂ x₃
x : ↑I
h₁ : ¬↑x ≤ 1 / 2
h✝² : ¬↑x ≤ 1 / 4
h✝¹ : ¬1 / 2 * (↑x + 1) ≤ 1 / 2
h✝ : ¬2 * (1 / 2 * (↑x + 1)) - 1 ≤ 1 / 2
⊢ r ⟨2 * ↑x - 1, ⋯⟩ = r ⟨2 * (2 * (1 / 2 * (↑x + 1)) - 1) - 1, ⋯⟩",False,10,Mathlib.AlgebraicTopology.FundamentalGroupoid.Basic,Llama-8B,LENGTH,best_of_n,False,0,-1.0,Path.Homotopy.trans_assoc_reparam,False
-1,False,34,"theorem trans_assoc_reparam {x₀ x₁ x₂ x₃ : X} (p : Path x₀ x₁) (q : Path x₁ x₂) (r : Path x₂ x₃) :
    (p.trans q).trans r =
      (p.trans (q.trans r)).reparam
        (fun t => ⟨transAssocReparamAux t, transAssocReparamAux_mem_I t⟩) (by continuity)
        (Subtype.ext transAssocReparamAux_zero) (Subtype.ext transAssocReparamAux_one) := by
  ext x
  simp only [transAssocReparamAux, Path.trans_apply, mul_inv_cancel_left₀, not_le,
    Function.comp_apply, Ne, not_false_iff, one_ne_zero, mul_ite, Subtype.coe_mk,
    Path.coe_reparam]
  -- TODO: why does split_ifs not reduce the ifs??????
  split_ifs with h₁ h₂ h₃ h₄ h₅
  · rfl
  · exfalso
    linarith
  · exfalso
    linarith
  · exfalso
    linarith
  · exfalso
    linarith
  · exfalso
    linarith
  · exfalso
    linarith
  · have h : 2 * (2 * (x : ℝ)) - 1 = 2 * (2 * (↑x + 1 / 4) - 1) := by linarith
    simp [h₂, h₁, h, dif_neg (show ¬False from id), dif_pos True.intro, if_false, if_true]
  · exfalso
    linarith
  · exfalso
    linarith
  · exfalso
    linarith
  · exfalso
    linarith
  · exfalso
    linarith
  · exfalso
    linarith
  · congr
    ring

",,True,-1,"lemma trans_assoc_reparam {x₀ x₁ x₂ x₃ : X} (p : Path x₀ x₁) (q : Path x₁ x₂) (r : Path x₂ x₃) :
    (p.trans q).trans r =
      (p.trans (q.trans r)).reparam
        (fun t => ⟨transAssocReparamAux t, transAssocReparamAux_mem_I t⟩) (by continuity)
        (Subtype.ext transAssocReparamAux_zero) (Subtype.ext transAssocReparamAux_one) := by
  ext x
  simp only [transAssocReparamAux, Path.trans_apply, mul_inv_cancel_left₀, not_le,
    Function.comp_apply, Ne, not_false_iff, one_ne_zero, mul_ite, Subtype.coe_mk,
    Path.coe_reparam]
  -- TODO: why does split_ifs not reduce the ifs??????
  split_ifs with h₁ h₂ h₃ h₄ h₅
  · rfl
  · exfalso
    linarith
  · exfalso
    linarith
  · exfalso
    linarith
  · exfalso
    linarith
  · have h : 2 * (2 * (x : ℝ)) - 1 = 2 * (2 * (↑x + 1 / 4) - 1) := by linarith
    simp [h₂, h₁, h, dif_neg (show ¬False from id), dif_pos True.intro, if_false, if_true]
  · exfalso
    linarith
  · exfalso
    linarith
  · exfalso
    linarith
  · exfalso
    linarith
  · congr
    ring
","💥️unsolved goals
case neg
X : Type u
inst✝ : TopologicalSpace X
x₀ x₁ x₂ x₃ : X
p : Path x₀ x₁
q : Path x₁ x₂
r : Path x₂ x₃
x : ↑I
h₁ : ↑x ≤ 1 / 2
h₂ : ¬2 * ↑x ≤ 1 / 2
h✝¹ : ↑x ≤ 1 / 4
h✝ : ¬2 * (2 * ↑x) - 1 ≤ 1 / 2
h : 2 * (2 * ↑x) - 1 = 2 * (2 * (↑x + 1 / 4) - 1)
⊢ q ⟨2 * (2 * (↑x + 4⁻¹) - 1), ⋯⟩ = r ⟨2 * (2 * (2 * (↑x + 4⁻¹) - 1)) - 1, ⋯⟩

💥️linarith failed to find a contradiction
case pos
X : Type u
inst✝ : TopologicalSpace X
x₀ x₁ x₂ x₃ : X
p : Path x₀ x₁
q : Path x₁ x₂
r : Path x₂ x₃
x : ↑I
h₁ : ↑x ≤ 1 / 2
h₂ : ¬2 * ↑x ≤ 1 / 2
h✝² : ¬↑x ≤ 1 / 4
h✝¹ : ¬↑x + 1 / 4 ≤ 1 / 2
h✝ : 2 * (↑x + 1 / 4) - 1 ≤ 1 / 2
⊢ False failed

💥️unsolved goals
case pos.h.e_1.e_x
X : Type u
inst✝ : TopologicalSpace X
x₀ x₁ x₂ x₃ : X
p : Path x₀ x₁
q : Path x₁ x₂
r : Path x₂ x₃
x : ↑I
h₁ : ¬↑x ≤ 1 / 2
h✝² : ↑x ≤ 1 / 4
h✝¹ : ¬2 * ↑x ≤ 1 / 2
h✝ : 2 * (2 * ↑x) - 1 ≤ 1 / 2
⊢ x₂ = x₁

case pos.h.e_1.e_y
X : Type u
inst✝ : TopologicalSpace X
x₀ x₁ x₂ x₃ : X
p : Path x₀ x₁
q : Path x₁ x₂
r : Path x₂ x₃
x : ↑I
h₁ : ¬↑x ≤ 1 / 2
h✝² : ↑x ≤ 1 / 4
h✝¹ : ¬2 * ↑x ≤ 1 / 2
h✝ : 2 * (2 * ↑x) - 1 ≤ 1 / 2
⊢ x₃ = x₂

case pos.h.e_4.e_3.h
X : Type u
inst✝ : TopologicalSpace X
x₀ x₁ x₂ x₃ : X
p : Path x₀ x₁
q : Path x₁ x₂
r : Path x₂ x₃
x : ↑I
h₁ : ¬↑x ≤ 1 / 2
h✝² : ↑x ≤ 1 / 4
h✝¹ : ¬2 * ↑x ≤ 1 / 2
h✝ : 2 * (2 * ↑x) - 1 ≤ 1 / 2
⊢ x₂ = x₁

case pos.h.e_4.e_4.h
X : Type u
inst✝ : TopologicalSpace X
x₀ x₁ x₂ x₃ : X
p : Path x₀ x₁
q : Path x₁ x₂
r : Path x₂ x₃
x : ↑I
h₁ : ¬↑x ≤ 1 / 2
h✝² : ↑x ≤ 1 / 4
h✝¹ : ¬2 * ↑x ≤ 1 / 2
h✝ : 2 * (2 * ↑x) - 1 ≤ 1 / 2
⊢ x₃ = x₂

case pos.h.e_5
X : Type u
inst✝ : TopologicalSpace X
x₀ x₁ x₂ x₃ : X
p : Path x₀ x₁
q : Path x₁ x₂
r : Path x₂ x₃
x : ↑I
h₁ : ¬↑x ≤ 1 / 2
h✝² : ↑x ≤ 1 / 4
h✝¹ : ¬2 * ↑x ≤ 1 / 2
h✝ : 2 * (2 * ↑x) - 1 ≤ 1 / 2
⊢ HEq r q

case pos.h.e_6.h.e_val
X : Type u
inst✝ : TopologicalSpace X
x₀ x₁ x₂ x₃ : X
p : Path x₀ x₁
q : Path x₁ x₂
r : Path x₂ x₃
x : ↑I
h₁ : ¬↑x ≤ 1 / 2
h✝² : ↑x ≤ 1 / 4
h✝¹ : ¬2 * ↑x ≤ 1 / 2
h✝ : 2 * (2 * ↑x) - 1 ≤ 1 / 2
⊢ 2 * ↑x - 1 = 2 * (2 * (2 * ↑x) - 1)

💥️unsolved goals
case neg
X : Type u
inst✝ : TopologicalSpace X
x₀ x₁ x₂ x₃ : X
p : Path x₀ x₁
q : Path x₁ x₂
r : Path x₂ x₃
x : ↑I
h₁ : ¬↑x ≤ 1 / 2
h✝² : ↑x ≤ 1 / 4
h✝¹ : ¬2 * ↑x ≤ 1 / 2
h✝ : ¬2 * (2 * ↑x) - 1 ≤ 1 / 2
⊢ r ⟨2 * ↑x - 1, ⋯⟩ = r ⟨2 * (2 * (2 * ↑x) - 1) - 1, ⋯⟩

case pos
X : Type u
inst✝ : TopologicalSpace X
x₀ x₁ x₂ x₃ : X
p : Path x₀ x₁
q : Path x₁ x₂
r : Path x₂ x₃
x : ↑I
h₁ : ¬↑x ≤ 1 / 2
h✝¹ : ¬↑x ≤ 1 / 4
h✝ : 1 / 2 * (↑x + 1) ≤ 1 / 2
⊢ r ⟨2 * ↑x - 1, ⋯⟩ = p ⟨2 * (1 / 2 * (↑x + 1)), ⋯⟩

case pos
X : Type u
inst✝ : TopologicalSpace X
x₀ x₁ x₂ x₃ : X
p : Path x₀ x₁
q : Path x₁ x₂
r : Path x₂ x₃
x : ↑I
h₁ : ¬↑x ≤ 1 / 2
h✝² : ¬↑x ≤ 1 / 4
h✝¹ : ¬1 / 2 * (↑x + 1) ≤ 1 / 2
h✝ : 2 * (1 / 2 * (↑x + 1)) - 1 ≤ 1 / 2
⊢ r ⟨2 * ↑x - 1, ⋯⟩ = q ⟨2 * (2 * (1 / 2 * (↑x + 1)) - 1), ⋯⟩

case neg
X : Type u
inst✝ : TopologicalSpace X
x₀ x₁ x₂ x₃ : X
p : Path x₀ x₁
q : Path x₁ x₂
r : Path x₂ x₃
x : ↑I
h₁ : ¬↑x ≤ 1 / 2
h✝² : ¬↑x ≤ 1 / 4
h✝¹ : ¬1 / 2 * (↑x + 1) ≤ 1 / 2
h✝ : ¬2 * (1 / 2 * (↑x + 1)) - 1 ≤ 1 / 2
⊢ r ⟨2 * ↑x - 1, ⋯⟩ = r ⟨2 * (2 * (1 / 2 * (↑x + 1)) - 1) - 1, ⋯⟩",False,10,Mathlib.AlgebraicTopology.FundamentalGroupoid.Basic,Llama-8B,LENGTH,best_of_n,False,0,-1.0,Path.Homotopy.trans_assoc_reparam,False
-1,False,34,"theorem trans_assoc_reparam {x₀ x₁ x₂ x₃ : X} (p : Path x₀ x₁) (q : Path x₁ x₂) (r : Path x₂ x₃) :
    (p.trans q).trans r =
      (p.trans (q.trans r)).reparam
        (fun t => ⟨transAssocReparamAux t, transAssocReparamAux_mem_I t⟩) (by continuity)
        (Subtype.ext transAssocReparamAux_zero) (Subtype.ext transAssocReparamAux_one) := by
  ext x
  simp only [transAssocReparamAux, Path.trans_apply, mul_inv_cancel_left₀, not_le,
    Function.comp_apply, Ne, not_false_iff, one_ne_zero, mul_ite, Subtype.coe_mk,
    Path.coe_reparam]
  -- TODO: why does split_ifs not reduce the ifs??????
  split_ifs with h₁ h₂ h₃ h₄ h₅
  · rfl
  · exfalso
    linarith
  · exfalso
    linarith
  · exfalso
    linarith
  · exfalso
    linarith
  · exfalso
    linarith
  · exfalso
    linarith
  · have h : 2 * (2 * (x : ℝ)) - 1 = 2 * (2 * (↑x + 1 / 4) - 1) := by linarith
    simp [h₂, h₁, h, dif_neg (show ¬False from id), dif_pos True.intro, if_false, if_true]
  · exfalso
    linarith
  · exfalso
    linarith
  · exfalso
    linarith
  · exfalso
    linarith
  · exfalso
    linarith
  · exfalso
    linarith
  · congr
    ring

",,True,-1,"theorem trans_assoc_reparam {x₀ x₁ x₂ x₃ : X} (p : Path x₀ x₁) (q : Path x₁ x₂) (r : Path x₂ x₃) :
    (p.trans q).trans r =
      (p.trans (q.trans r)).reparam
        (fun t => ⟨transAssocReparamAux t, transAssocReparamAux_mem_I t⟩) (by continuity)
        (Subtype.ext transAssocReparamAux_zero) (Subtype.ext transAssocReparamAux_one) := by
  ext x
  simp only [transAssocReparamAux, Path.trans_apply, mul_inv_cancel_left₀, not_le,
    Function.comp_apply, Ne, not_false_iff, one_ne_zero, mul_ite, Subtype.coe_mk,
    Path.coe_reparam]
  -- TODO: why does split_ifs not reduce the ifs??????
  split_ifs with h₁ h₂ h₃ h₄ h₅
  · rfl
  · exfalso
    linarith
  · exfalso
    linarith
  · exfalso
    linarith
  · exfalso
    linarith.
  · have h : 2 * (2 * (x : ℝ)) - 1 = 2 * (2 * (↑x + 1 / 4) - 1) := by linarith
    simp [h₂, h₁, h, dif_neg (show ¬False from id), dif_pos True.intro, if_false, if_true]
  · exfalso
    linarith
  · exfalso
    linarith
  · exfalso
    linarith
  · exfalso
    linarith
  · exfalso
    linarith
  · congr
    ring


","💥️invalid 'by' tactic, expected type has not been provided

💥️invalid field notation, identifier or numeral expected",False,10,Mathlib.AlgebraicTopology.FundamentalGroupoid.Basic,Llama-8B,LENGTH,best_of_n,False,0,-1.0,Path.Homotopy.trans_assoc_reparam,False
-1,False,34,"theorem trans_assoc_reparam {x₀ x₁ x₂ x₃ : X} (p : Path x₀ x₁) (q : Path x₁ x₂) (r : Path x₂ x₃) :
    (p.trans q).trans r =
      (p.trans (q.trans r)).reparam
        (fun t => ⟨transAssocReparamAux t, transAssocReparamAux_mem_I t⟩) (by continuity)
        (Subtype.ext transAssocReparamAux_zero) (Subtype.ext transAssocReparamAux_one) := by
  ext x
  simp only [transAssocReparamAux, Path.trans_apply, mul_inv_cancel_left₀, not_le,
    Function.comp_apply, Ne, not_false_iff, one_ne_zero, mul_ite, Subtype.coe_mk,
    Path.coe_reparam]
  -- TODO: why does split_ifs not reduce the ifs??????
  split_ifs with h₁ h₂ h₃ h₄ h₅
  · rfl
  · exfalso
    linarith
  · exfalso
    linarith
  · exfalso
    linarith
  · exfalso
    linarith
  · exfalso
    linarith
  · exfalso
    linarith
  · have h : 2 * (2 * (x : ℝ)) - 1 = 2 * (2 * (↑x + 1 / 4) - 1) := by linarith
    simp [h₂, h₁, h, dif_neg (show ¬False from id), dif_pos True.intro, if_false, if_true]
  · exfalso
    linarith
  · exfalso
    linarith
  · exfalso
    linarith
  · exfalso
    linarith
  · exfalso
    linarith
  · exfalso
    linarith
  · congr
    ring

",,True,-1,"theorem trans_assoc_reparam {x₀ x₁ x₂ x₃ : X} (p : Path x₀ x₁) (q : Path x₁ x₂) (r : Path x₂ x₃) :
    (p.trans q).trans r =
      (p.trans (q.trans r)).reparam
        (fun t => ⟨transAssocReparamAux t, transAssocReparamAux_mem_I t⟩) (by continuity)
        (Subtype.ext transAssocReparamAux_zero) (Subtype.ext transAssocReparamAux_one) := by
  ext x
  simp only [transAssocReparamAux, Path.trans_apply, mul_inv_cancel_left₀, not_le,
    Function.comp_apply, Ne, not_false_iff, one_ne_zero, mul_ite, Subtype.coe_mk,
    Path.coe_reparam]
  -- TODO: why does split_ifs not reduce the ifs??????
  split_ifs with h₁ h₂ h₃ h₄ h₅
  · rfl
  · exfalso
    linarith
  · exfalso
    linarith
  · exfalso
    linarith
  · exfalso
    linarith
  · exfalso
    linarith
  · have h : 2 * (2 * (x : ℝ)) - 1 = 2 * (2 * (↑x + 1 / 4) - 1) := by linarith
    simp [h₂, h₁, h, dif_neg (show ¬False from id), dif_pos True.intro, if_false, if_true]
  · exfalso
    linarith
  · exfalso
    linarith
  · exfalso
    linarith
  · exfalso
    linarith
  · exfalso
    linarith
  · congr
    ring


","💥️unsolved goals
case pos
X : Type u
inst✝ : TopologicalSpace X
x₀ x₁ x₂ x₃ : X
p : Path x₀ x₁
q : Path x₁ x₂
r : Path x₂ x₃
x : ↑I
h₁ : ↑x ≤ 1 / 2
h₂ : ¬2 * ↑x ≤ 1 / 2
h✝¹ : ¬↑x ≤ 1 / 4
h✝ : ↑x + 1 / 4 ≤ 1 / 2
h : 2 * (2 * ↑x) - 1 = 2 * (2 * (↑x + 1 / 4) - 1)
⊢ q ⟨2 * (2 * (↑x + 4⁻¹) - 1), ⋯⟩ = p ⟨2 * (↑x + 4⁻¹), ⋯⟩

💥️linarith failed to find a contradiction
case pos
X : Type u
inst✝ : TopologicalSpace X
x₀ x₁ x₂ x₃ : X
p : Path x₀ x₁
q : Path x₁ x₂
r : Path x₂ x₃
x : ↑I
h₁ : ↑x ≤ 1 / 2
h₂ : ¬2 * ↑x ≤ 1 / 2
h✝² : ¬↑x ≤ 1 / 4
h✝¹ : ¬↑x + 1 / 4 ≤ 1 / 2
h✝ : 2 * (↑x + 1 / 4) - 1 ≤ 1 / 2
⊢ False failed

💥️unsolved goals
case pos.h.e_1.e_x
X : Type u
inst✝ : TopologicalSpace X
x₀ x₁ x₂ x₃ : X
p : Path x₀ x₁
q : Path x₁ x₂
r : Path x₂ x₃
x : ↑I
h₁ : ¬↑x ≤ 1 / 2
h✝¹ : ¬↑x ≤ 1 / 4
h✝ : 1 / 2 * (↑x + 1) ≤ 1 / 2
⊢ x₂ = x₀

case pos.h.e_1.e_y
X : Type u
inst✝ : TopologicalSpace X
x₀ x₁ x₂ x₃ : X
p : Path x₀ x₁
q : Path x₁ x₂
r : Path x₂ x₃
x : ↑I
h₁ : ¬↑x ≤ 1 / 2
h✝¹ : ¬↑x ≤ 1 / 4
h✝ : 1 / 2 * (↑x + 1) ≤ 1 / 2
⊢ x₃ = x₁

case pos.h.e_4.e_3.h
X : Type u
inst✝ : TopologicalSpace X
x₀ x₁ x₂ x₃ : X
p : Path x₀ x₁
q : Path x₁ x₂
r : Path x₂ x₃
x : ↑I
h₁ : ¬↑x ≤ 1 / 2
h✝¹ : ¬↑x ≤ 1 / 4
h✝ : 1 / 2 * (↑x + 1) ≤ 1 / 2
⊢ x₂ = x₀

case pos.h.e_4.e_4.h
X : Type u
inst✝ : TopologicalSpace X
x₀ x₁ x₂ x₃ : X
p : Path x₀ x₁
q : Path x₁ x₂
r : Path x₂ x₃
x : ↑I
h₁ : ¬↑x ≤ 1 / 2
h✝¹ : ¬↑x ≤ 1 / 4
h✝ : 1 / 2 * (↑x + 1) ≤ 1 / 2
⊢ x₃ = x₁

case pos.h.e_5
X : Type u
inst✝ : TopologicalSpace X
x₀ x₁ x₂ x₃ : X
p : Path x₀ x₁
q : Path x₁ x₂
r : Path x₂ x₃
x : ↑I
h₁ : ¬↑x ≤ 1 / 2
h✝¹ : ¬↑x ≤ 1 / 4
h✝ : 1 / 2 * (↑x + 1) ≤ 1 / 2
⊢ HEq r p

case pos.h.e_6.h.e_val
X : Type u
inst✝ : TopologicalSpace X
x₀ x₁ x₂ x₃ : X
p : Path x₀ x₁
q : Path x₁ x₂
r : Path x₂ x₃
x : ↑I
h₁ : ¬↑x ≤ 1 / 2
h✝¹ : ¬↑x ≤ 1 / 4
h✝ : 1 / 2 * (↑x + 1) ≤ 1 / 2
⊢ 2 * ↑x - 1 = 2 * (1 / 2 * (↑x + 1))

💥️unsolved goals
case pos
X : Type u
inst✝ : TopologicalSpace X
x₀ x₁ x₂ x₃ : X
p : Path x₀ x₁
q : Path x₁ x₂
r : Path x₂ x₃
x : ↑I
h₁ : ¬↑x ≤ 1 / 2
h✝² : ¬↑x ≤ 1 / 4
h✝¹ : ¬1 / 2 * (↑x + 1) ≤ 1 / 2
h✝ : 2 * (1 / 2 * (↑x + 1)) - 1 ≤ 1 / 2
⊢ r ⟨2 * ↑x - 1, ⋯⟩ = q ⟨2 * (2 * (1 / 2 * (↑x + 1)) - 1), ⋯⟩

case neg
X : Type u
inst✝ : TopologicalSpace X
x₀ x₁ x₂ x₃ : X
p : Path x₀ x₁
q : Path x₁ x₂
r : Path x₂ x₃
x : ↑I
h₁ : ¬↑x ≤ 1 / 2
h✝² : ¬↑x ≤ 1 / 4
h✝¹ : ¬1 / 2 * (↑x + 1) ≤ 1 / 2
h✝ : ¬2 * (1 / 2 * (↑x + 1)) - 1 ≤ 1 / 2
⊢ r ⟨2 * ↑x - 1, ⋯⟩ = r ⟨2 * (2 * (1 / 2 * (↑x + 1)) - 1) - 1, ⋯⟩",False,10,Mathlib.AlgebraicTopology.FundamentalGroupoid.Basic,Llama-8B,LENGTH,best_of_n,False,0,-1.0,Path.Homotopy.trans_assoc_reparam,False
-1,False,34,"theorem trans_assoc_reparam {x₀ x₁ x₂ x₃ : X} (p : Path x₀ x₁) (q : Path x₁ x₂) (r : Path x₂ x₃) :
    (p.trans q).trans r =
      (p.trans (q.trans r)).reparam
        (fun t => ⟨transAssocReparamAux t, transAssocReparamAux_mem_I t⟩) (by continuity)
        (Subtype.ext transAssocReparamAux_zero) (Subtype.ext transAssocReparamAux_one) := by
  ext x
  simp only [transAssocReparamAux, Path.trans_apply, mul_inv_cancel_left₀, not_le,
    Function.comp_apply, Ne, not_false_iff, one_ne_zero, mul_ite, Subtype.coe_mk,
    Path.coe_reparam]
  -- TODO: why does split_ifs not reduce the ifs??????
  split_ifs with h₁ h₂ h₃ h₄ h₅
  · rfl
  · exfalso
    linarith
  · exfalso
    linarith
  · exfalso
    linarith
  · exfalso
    linarith
  · exfalso
    linarith
  · exfalso
    linarith
  · have h : 2 * (2 * (x : ℝ)) - 1 = 2 * (2 * (↑x + 1 / 4) - 1) := by linarith
    simp [h₂, h₁, h, dif_neg (show ¬False from id), dif_pos True.intro, if_false, if_true]
  · exfalso
    linarith
  · exfalso
    linarith
  · exfalso
    linarith
  · exfalso
    linarith
  · exfalso
    linarith
  · exfalso
    linarith
  · congr
    ring

",,True,-1,"theorem trans_assoc_reparam {x₀ x₁ x₂ x₃ : X} (p : Path x₀ x₁) (q : Path x₁ x₂) (r : Path x₂ x₃) :
    (p.trans q).trans r =
      (p.trans (q.trans r)).reparam
        (fun t => ⟨transAssocReparamAux t, transAssocReparamAux_mem_I t⟩) (by continuity)
        (Subtype.ext transAssocReparamAux_zero) (Subtype.ext transAssocReparamAux_one) := by
  ext x
  simp only [transAssocReparamAux, Path.trans_apply, mul_inv_cancel_left₀, not_le,
    Function.comp_apply, Ne, not_false_iff, one_ne_zero, mul_ite, Subtype.coe_mk,
    Path.coe_reparam]
  split_ifs with h₁ h₂ h₃ h₄ h₅
  · rfl
  · linarith
  · linarith
  · linarith
  · linarith
  · linarith
  · have h : 2 * (2 * (x : ℝ)) - 1 = 2 * (2 * (↑x + 1 / 4) - 1) := by linarith
    simp [h₂, h₁, h, dif_neg (show ¬False from id), dif_pos True.intro, if_false, if_true]
  · linarith
  · linarith
  · have h : (p.trans (q.trans r)).trans x = p.trans (q.trans (p.nullity x)) := by
    rw [Path.coe_reparam, mul_comm, mul_inv_cancel_left₀, if_false, if_true, true_commies]
    simp [h₂, h₁]
  · simp [h]
","💥️expected '{' or indented tactic sequence

💥️unsolved goals
case pos
X : Type u
inst✝ : TopologicalSpace X
x₀ x₁ x₂ x₃ : X
p : Path x₀ x₁
q : Path x₁ x₂
r : Path x₂ x₃
x : ↑I
h₁ : ↑x ≤ 1 / 2
h₂ : ¬2 * ↑x ≤ 1 / 2
h✝¹ : ¬↑x ≤ 1 / 4
h✝ : ↑x + 1 / 4 ≤ 1 / 2
h : 2 * (2 * ↑x) - 1 = 2 * (2 * (↑x + 1 / 4) - 1)
⊢ q ⟨2 * (2 * (↑x + 4⁻¹) - 1), ⋯⟩ = p ⟨2 * (↑x + 4⁻¹), ⋯⟩

💥️application type mismatch
  (p.trans (q.trans r)).trans x
argument
  x
has type
  ↑I : Type
but is expected to have type
  Path x₃ ?m.305195 : Type u

💥️invalid field 'nullity', the environment does not contain 'Path.nullity'
  p
has type
  Path x₀ x₁

💥️unsolved goals
X : Type u
inst✝ : TopologicalSpace X
x₀ x₁ x₂ x₃ : X
p : Path x₀ x₁
q : Path x₁ x₂
r : Path x₂ x₃
x : ↑I
h₁ : ¬↑x ≤ 1 / 2
h✝¹ : ↑x ≤ 1 / 4
h✝ : 2 * ↑x ≤ 1 / 2
⊢ (p.trans (q.trans r)).trans sorry = p.trans (q.trans sorry)

💥️unsolved goals
case pos
X : Type u
inst✝ : TopologicalSpace X
x₀ x₁ x₂ x₃ : X
p : Path x₀ x₁
q : Path x₁ x₂
r : Path x₂ x₃
x : ↑I
h₁ : ¬↑x ≤ 1 / 2
h✝² : ↑x ≤ 1 / 4
h✝¹ : ¬2 * ↑x ≤ 1 / 2
h✝ : 2 * (2 * ↑x) - 1 ≤ 1 / 2
⊢ r ⟨2 * ↑x - 1, ⋯⟩ = q ⟨2 * (2 * (2 * ↑x) - 1), ⋯⟩

case neg
X : Type u
inst✝ : TopologicalSpace X
x₀ x₁ x₂ x₃ : X
p : Path x₀ x₁
q : Path x₁ x₂
r : Path x₂ x₃
x : ↑I
h₁ : ¬↑x ≤ 1 / 2
h✝² : ↑x ≤ 1 / 4
h✝¹ : ¬2 * ↑x ≤ 1 / 2
h✝ : ¬2 * (2 * ↑x) - 1 ≤ 1 / 2
⊢ r ⟨2 * ↑x - 1, ⋯⟩ = r ⟨2 * (2 * (2 * ↑x) - 1) - 1, ⋯⟩

case pos
X : Type u
inst✝ : TopologicalSpace X
x₀ x₁ x₂ x₃ : X
p : Path x₀ x₁
q : Path x₁ x₂
r : Path x₂ x₃
x : ↑I
h₁ : ¬↑x ≤ 1 / 2
h✝¹ : ¬↑x ≤ 1 / 4
h✝ : 1 / 2 * (↑x + 1) ≤ 1 / 2
⊢ r ⟨2 * ↑x - 1, ⋯⟩ = p ⟨2 * (1 / 2 * (↑x + 1)), ⋯⟩

case pos
X : Type u
inst✝ : TopologicalSpace X
x₀ x₁ x₂ x₃ : X
p : Path x₀ x₁
q : Path x₁ x₂
r : Path x₂ x₃
x : ↑I
h₁ : ¬↑x ≤ 1 / 2
h✝² : ¬↑x ≤ 1 / 4
h✝¹ : ¬1 / 2 * (↑x + 1) ≤ 1 / 2
h✝ : 2 * (1 / 2 * (↑x + 1)) - 1 ≤ 1 / 2
⊢ r ⟨2 * ↑x - 1, ⋯⟩ = q ⟨2 * (2 * (1 / 2 * (↑x + 1)) - 1), ⋯⟩

case neg
X : Type u
inst✝ : TopologicalSpace X
x₀ x₁ x₂ x₃ : X
p : Path x₀ x₁
q : Path x₁ x₂
r : Path x₂ x₃
x : ↑I
h₁ : ¬↑x ≤ 1 / 2
h✝² : ¬↑x ≤ 1 / 4
h✝¹ : ¬1 / 2 * (↑x + 1) ≤ 1 / 2
h✝ : ¬2 * (1 / 2 * (↑x + 1)) - 1 ≤ 1 / 2
⊢ r ⟨2 * ↑x - 1, ⋯⟩ = r ⟨2 * (2 * (1 / 2 * (↑x + 1)) - 1) - 1, ⋯⟩",False,10,Mathlib.AlgebraicTopology.FundamentalGroupoid.Basic,Llama-8B,LENGTH,best_of_n,False,0,-1.0,Path.Homotopy.trans_assoc_reparam,False
-1,False,34,"theorem trans_assoc_reparam {x₀ x₁ x₂ x₃ : X} (p : Path x₀ x₁) (q : Path x₁ x₂) (r : Path x₂ x₃) :
    (p.trans q).trans r =
      (p.trans (q.trans r)).reparam
        (fun t => ⟨transAssocReparamAux t, transAssocReparamAux_mem_I t⟩) (by continuity)
        (Subtype.ext transAssocReparamAux_zero) (Subtype.ext transAssocReparamAux_one) := by
  ext x
  simp only [transAssocReparamAux, Path.trans_apply, mul_inv_cancel_left₀, not_le,
    Function.comp_apply, Ne, not_false_iff, one_ne_zero, mul_ite, Subtype.coe_mk,
    Path.coe_reparam]
  -- TODO: why does split_ifs not reduce the ifs??????
  split_ifs with h₁ h₂ h₃ h₄ h₅
  · rfl
  · exfalso
    linarith
  · exfalso
    linarith
  · exfalso
    linarith
  · exfalso
    linarith
  · exfalso
    linarith
  · exfalso
    linarith
  · have h : 2 * (2 * (x : ℝ)) - 1 = 2 * (2 * (↑x + 1 / 4) - 1) := by linarith
    simp [h₂, h₁, h, dif_neg (show ¬False from id), dif_pos True.intro, if_false, if_true]
  · exfalso
    linarith
  · exfalso
    linarith
  · exfalso
    linarith
  · exfalso
    linarith
  · exfalso
    linarith
  · exfalso
    linarith
  · congr
    ring

",,True,-1,"theorem trans_assoc_reparam {x₀ x₁ x₂ x₃ : X} (p : Path x₀ x₁) (q : Path x₁ x₂) (r : Path x₂ x₃) :
    (p.trans q).trans r =
      (p.trans (q.trans r)).reparam
        (fun t => ⟨transAssocReparamAux t, transAssocReparamAux_mem_I t⟩) (by continuity)
        (Subtype.ext transAssocReparamAux_zero) (Subtype.ext transAssocReparamAux_one) := by
  ext x
  simp only [transAssocReparamAux, Path.trans_apply, mul_inv_cancel_left₀, not_le,
    Function.comp_apply, Ne, not_false_iff, one_ne_zero, mul_ite, Subtype.coe_mk,
    Path.coe_reparam]
  -- TODO: why does split_ifs not reduce the ifs??????
  split_ifs with h₁ h₂ h₃ h₄ h₅
  · rfl
  · exfalso
    linarith
  · exfalso
    linarith
  · exfalso
    linarith
  · exfalso
    linarith
  · exfalso
    linarith
  · have h : 2 * (2 * (x : ℝ)) - 1 = 2 * (2 * (↑x + 1 / 4) - 1) := by linarith
    simp [h₂, h₁, h, dif_neg (show ¬False from id), dif_pos True.intro, if_false, if_true]
  · exfalso
    linarith
  · exfalso
    linarith
  · exfalso
    linarith
  · exfalso
    linarith
  · exfalso
    linarith
  · congr
    ring


","💥️unsolved goals
case pos
X : Type u
inst✝ : TopologicalSpace X
x₀ x₁ x₂ x₃ : X
p : Path x₀ x₁
q : Path x₁ x₂
r : Path x₂ x₃
x : ↑I
h₁ : ↑x ≤ 1 / 2
h₂ : ¬2 * ↑x ≤ 1 / 2
h✝¹ : ¬↑x ≤ 1 / 4
h✝ : ↑x + 1 / 4 ≤ 1 / 2
h : 2 * (2 * ↑x) - 1 = 2 * (2 * (↑x + 1 / 4) - 1)
⊢ q ⟨2 * (2 * (↑x + 4⁻¹) - 1), ⋯⟩ = p ⟨2 * (↑x + 4⁻¹), ⋯⟩

💥️linarith failed to find a contradiction
case pos
X : Type u
inst✝ : TopologicalSpace X
x₀ x₁ x₂ x₃ : X
p : Path x₀ x₁
q : Path x₁ x₂
r : Path x₂ x₃
x : ↑I
h₁ : ↑x ≤ 1 / 2
h₂ : ¬2 * ↑x ≤ 1 / 2
h✝² : ¬↑x ≤ 1 / 4
h✝¹ : ¬↑x + 1 / 4 ≤ 1 / 2
h✝ : 2 * (↑x + 1 / 4) - 1 ≤ 1 / 2
⊢ False failed

💥️unsolved goals
case pos.h.e_1.e_x
X : Type u
inst✝ : TopologicalSpace X
x₀ x₁ x₂ x₃ : X
p : Path x₀ x₁
q : Path x₁ x₂
r : Path x₂ x₃
x : ↑I
h₁ : ¬↑x ≤ 1 / 2
h✝¹ : ¬↑x ≤ 1 / 4
h✝ : 1 / 2 * (↑x + 1) ≤ 1 / 2
⊢ x₂ = x₀

case pos.h.e_1.e_y
X : Type u
inst✝ : TopologicalSpace X
x₀ x₁ x₂ x₃ : X
p : Path x₀ x₁
q : Path x₁ x₂
r : Path x₂ x₃
x : ↑I
h₁ : ¬↑x ≤ 1 / 2
h✝¹ : ¬↑x ≤ 1 / 4
h✝ : 1 / 2 * (↑x + 1) ≤ 1 / 2
⊢ x₃ = x₁

case pos.h.e_4.e_3.h
X : Type u
inst✝ : TopologicalSpace X
x₀ x₁ x₂ x₃ : X
p : Path x₀ x₁
q : Path x₁ x₂
r : Path x₂ x₃
x : ↑I
h₁ : ¬↑x ≤ 1 / 2
h✝¹ : ¬↑x ≤ 1 / 4
h✝ : 1 / 2 * (↑x + 1) ≤ 1 / 2
⊢ x₂ = x₀

case pos.h.e_4.e_4.h
X : Type u
inst✝ : TopologicalSpace X
x₀ x₁ x₂ x₃ : X
p : Path x₀ x₁
q : Path x₁ x₂
r : Path x₂ x₃
x : ↑I
h₁ : ¬↑x ≤ 1 / 2
h✝¹ : ¬↑x ≤ 1 / 4
h✝ : 1 / 2 * (↑x + 1) ≤ 1 / 2
⊢ x₃ = x₁

case pos.h.e_5
X : Type u
inst✝ : TopologicalSpace X
x₀ x₁ x₂ x₃ : X
p : Path x₀ x₁
q : Path x₁ x₂
r : Path x₂ x₃
x : ↑I
h₁ : ¬↑x ≤ 1 / 2
h✝¹ : ¬↑x ≤ 1 / 4
h✝ : 1 / 2 * (↑x + 1) ≤ 1 / 2
⊢ HEq r p

case pos.h.e_6.h.e_val
X : Type u
inst✝ : TopologicalSpace X
x₀ x₁ x₂ x₃ : X
p : Path x₀ x₁
q : Path x₁ x₂
r : Path x₂ x₃
x : ↑I
h₁ : ¬↑x ≤ 1 / 2
h✝¹ : ¬↑x ≤ 1 / 4
h✝ : 1 / 2 * (↑x + 1) ≤ 1 / 2
⊢ 2 * ↑x - 1 = 2 * (1 / 2 * (↑x + 1))

💥️unsolved goals
case pos
X : Type u
inst✝ : TopologicalSpace X
x₀ x₁ x₂ x₃ : X
p : Path x₀ x₁
q : Path x₁ x₂
r : Path x₂ x₃
x : ↑I
h₁ : ¬↑x ≤ 1 / 2
h✝² : ¬↑x ≤ 1 / 4
h✝¹ : ¬1 / 2 * (↑x + 1) ≤ 1 / 2
h✝ : 2 * (1 / 2 * (↑x + 1)) - 1 ≤ 1 / 2
⊢ r ⟨2 * ↑x - 1, ⋯⟩ = q ⟨2 * (2 * (1 / 2 * (↑x + 1)) - 1), ⋯⟩

case neg
X : Type u
inst✝ : TopologicalSpace X
x₀ x₁ x₂ x₃ : X
p : Path x₀ x₁
q : Path x₁ x₂
r : Path x₂ x₃
x : ↑I
h₁ : ¬↑x ≤ 1 / 2
h✝² : ¬↑x ≤ 1 / 4
h✝¹ : ¬1 / 2 * (↑x + 1) ≤ 1 / 2
h✝ : ¬2 * (1 / 2 * (↑x + 1)) - 1 ≤ 1 / 2
⊢ r ⟨2 * ↑x - 1, ⋯⟩ = r ⟨2 * (2 * (1 / 2 * (↑x + 1)) - 1) - 1, ⋯⟩",False,10,Mathlib.AlgebraicTopology.FundamentalGroupoid.Basic,Llama-8B,LENGTH,best_of_n,False,0,-1.0,Path.Homotopy.trans_assoc_reparam,False
-1,False,34,"theorem trans_assoc_reparam {x₀ x₁ x₂ x₃ : X} (p : Path x₀ x₁) (q : Path x₁ x₂) (r : Path x₂ x₃) :
    (p.trans q).trans r =
      (p.trans (q.trans r)).reparam
        (fun t => ⟨transAssocReparamAux t, transAssocReparamAux_mem_I t⟩) (by continuity)
        (Subtype.ext transAssocReparamAux_zero) (Subtype.ext transAssocReparamAux_one) := by
  ext x
  simp only [transAssocReparamAux, Path.trans_apply, mul_inv_cancel_left₀, not_le,
    Function.comp_apply, Ne, not_false_iff, one_ne_zero, mul_ite, Subtype.coe_mk,
    Path.coe_reparam]
  -- TODO: why does split_ifs not reduce the ifs??????
  split_ifs with h₁ h₂ h₃ h₄ h₅
  · rfl
  · exfalso
    linarith
  · exfalso
    linarith
  · exfalso
    linarith
  · exfalso
    linarith
  · exfalso
    linarith
  · exfalso
    linarith
  · have h : 2 * (2 * (x : ℝ)) - 1 = 2 * (2 * (↑x + 1 / 4) - 1) := by linarith
    simp [h₂, h₁, h, dif_neg (show ¬False from id), dif_pos True.intro, if_false, if_true]
  · exfalso
    linarith
  · exfalso
    linarith
  · exfalso
    linarith
  · exfalso
    linarith
  · exfalso
    linarith
  · exfalso
    linarith
  · congr
    ring

",,True,-1,"theorem trans_assoc_reparam {x₀ x₁ x₂ x₃ : X} (p : Path x₀ x₁) (q : Path x₁ x₂) (r : Path x₂ x₃) :
    (p.trans q).trans r =
      (p.trans (q.trans r)).reparam
        (fun t => ⟨transAssocReparamAux t, transAssocReparamAux_mem_I t⟩) (by continuity)
        (Subtype.ext transAssocReparamAux_zero) (Subtype.ext transAssocReparamAux_one) := by
  ext x
  simp only [transAssocReparamAux, Path.trans_apply, mul_inv_cancel_left₀, not_le,
    Function.comp_apply, Ne, not_false_iff, one_ne_zero, mul_ite, Subtype.coe_mk,
    Path.coe_reparam]
  -- TODO: why does split_ifs not reduce the ifs??????
  split_ifs with h₁ h₂ h₃ h₄ h₅
  · rfl
  · exfalso
    linarith
  · exfalso
    linarith
  · exfalso
    linarith
  · exfalso
    linarith
  · exfalso
    linarith
  · have h : 2 * (2 * (x : ℝ)) - 1 = 2 * (2 * (↑x + 1 / 4) - 1) := by linarith
    simp [h₂, h₁, h, dif_neg (show ¬False from id), dif_pos True.intro, if_false, if_true]
  · exfalso
    linarith
  · exfalso
    linarith
  · exfalso
    linarith
  · exfalso
    linarith
  · exfalso
    linarith
  · congr
    ring


","💥️unsolved goals
case pos
X : Type u
inst✝ : TopologicalSpace X
x₀ x₁ x₂ x₃ : X
p : Path x₀ x₁
q : Path x₁ x₂
r : Path x₂ x₃
x : ↑I
h₁ : ↑x ≤ 1 / 2
h₂ : ¬2 * ↑x ≤ 1 / 2
h✝¹ : ¬↑x ≤ 1 / 4
h✝ : ↑x + 1 / 4 ≤ 1 / 2
h : 2 * (2 * ↑x) - 1 = 2 * (2 * (↑x + 1 / 4) - 1)
⊢ q ⟨2 * (2 * (↑x + 4⁻¹) - 1), ⋯⟩ = p ⟨2 * (↑x + 4⁻¹), ⋯⟩

💥️linarith failed to find a contradiction
case pos
X : Type u
inst✝ : TopologicalSpace X
x₀ x₁ x₂ x₃ : X
p : Path x₀ x₁
q : Path x₁ x₂
r : Path x₂ x₃
x : ↑I
h₁ : ↑x ≤ 1 / 2
h₂ : ¬2 * ↑x ≤ 1 / 2
h✝² : ¬↑x ≤ 1 / 4
h✝¹ : ¬↑x + 1 / 4 ≤ 1 / 2
h✝ : 2 * (↑x + 1 / 4) - 1 ≤ 1 / 2
⊢ False failed

💥️unsolved goals
case pos.h.e_1.e_x
X : Type u
inst✝ : TopologicalSpace X
x₀ x₁ x₂ x₃ : X
p : Path x₀ x₁
q : Path x₁ x₂
r : Path x₂ x₃
x : ↑I
h₁ : ¬↑x ≤ 1 / 2
h✝¹ : ¬↑x ≤ 1 / 4
h✝ : 1 / 2 * (↑x + 1) ≤ 1 / 2
⊢ x₂ = x₀

case pos.h.e_1.e_y
X : Type u
inst✝ : TopologicalSpace X
x₀ x₁ x₂ x₃ : X
p : Path x₀ x₁
q : Path x₁ x₂
r : Path x₂ x₃
x : ↑I
h₁ : ¬↑x ≤ 1 / 2
h✝¹ : ¬↑x ≤ 1 / 4
h✝ : 1 / 2 * (↑x + 1) ≤ 1 / 2
⊢ x₃ = x₁

case pos.h.e_4.e_3.h
X : Type u
inst✝ : TopologicalSpace X
x₀ x₁ x₂ x₃ : X
p : Path x₀ x₁
q : Path x₁ x₂
r : Path x₂ x₃
x : ↑I
h₁ : ¬↑x ≤ 1 / 2
h✝¹ : ¬↑x ≤ 1 / 4
h✝ : 1 / 2 * (↑x + 1) ≤ 1 / 2
⊢ x₂ = x₀

case pos.h.e_4.e_4.h
X : Type u
inst✝ : TopologicalSpace X
x₀ x₁ x₂ x₃ : X
p : Path x₀ x₁
q : Path x₁ x₂
r : Path x₂ x₃
x : ↑I
h₁ : ¬↑x ≤ 1 / 2
h✝¹ : ¬↑x ≤ 1 / 4
h✝ : 1 / 2 * (↑x + 1) ≤ 1 / 2
⊢ x₃ = x₁

case pos.h.e_5
X : Type u
inst✝ : TopologicalSpace X
x₀ x₁ x₂ x₃ : X
p : Path x₀ x₁
q : Path x₁ x₂
r : Path x₂ x₃
x : ↑I
h₁ : ¬↑x ≤ 1 / 2
h✝¹ : ¬↑x ≤ 1 / 4
h✝ : 1 / 2 * (↑x + 1) ≤ 1 / 2
⊢ HEq r p

case pos.h.e_6.h.e_val
X : Type u
inst✝ : TopologicalSpace X
x₀ x₁ x₂ x₃ : X
p : Path x₀ x₁
q : Path x₁ x₂
r : Path x₂ x₃
x : ↑I
h₁ : ¬↑x ≤ 1 / 2
h✝¹ : ¬↑x ≤ 1 / 4
h✝ : 1 / 2 * (↑x + 1) ≤ 1 / 2
⊢ 2 * ↑x - 1 = 2 * (1 / 2 * (↑x + 1))

💥️unsolved goals
case pos
X : Type u
inst✝ : TopologicalSpace X
x₀ x₁ x₂ x₃ : X
p : Path x₀ x₁
q : Path x₁ x₂
r : Path x₂ x₃
x : ↑I
h₁ : ¬↑x ≤ 1 / 2
h✝² : ¬↑x ≤ 1 / 4
h✝¹ : ¬1 / 2 * (↑x + 1) ≤ 1 / 2
h✝ : 2 * (1 / 2 * (↑x + 1)) - 1 ≤ 1 / 2
⊢ r ⟨2 * ↑x - 1, ⋯⟩ = q ⟨2 * (2 * (1 / 2 * (↑x + 1)) - 1), ⋯⟩

case neg
X : Type u
inst✝ : TopologicalSpace X
x₀ x₁ x₂ x₃ : X
p : Path x₀ x₁
q : Path x₁ x₂
r : Path x₂ x₃
x : ↑I
h₁ : ¬↑x ≤ 1 / 2
h✝² : ¬↑x ≤ 1 / 4
h✝¹ : ¬1 / 2 * (↑x + 1) ≤ 1 / 2
h✝ : ¬2 * (1 / 2 * (↑x + 1)) - 1 ≤ 1 / 2
⊢ r ⟨2 * ↑x - 1, ⋯⟩ = r ⟨2 * (2 * (1 / 2 * (↑x + 1)) - 1) - 1, ⋯⟩",False,10,Mathlib.AlgebraicTopology.FundamentalGroupoid.Basic,Llama-8B,LENGTH,best_of_n,False,0,-1.0,Path.Homotopy.trans_assoc_reparam,False
-1,False,34,"theorem trans_assoc_reparam {x₀ x₁ x₂ x₃ : X} (p : Path x₀ x₁) (q : Path x₁ x₂) (r : Path x₂ x₃) :
    (p.trans q).trans r =
      (p.trans (q.trans r)).reparam
        (fun t => ⟨transAssocReparamAux t, transAssocReparamAux_mem_I t⟩) (by continuity)
        (Subtype.ext transAssocReparamAux_zero) (Subtype.ext transAssocReparamAux_one) := by
  ext x
  simp only [transAssocReparamAux, Path.trans_apply, mul_inv_cancel_left₀, not_le,
    Function.comp_apply, Ne, not_false_iff, one_ne_zero, mul_ite, Subtype.coe_mk,
    Path.coe_reparam]
  -- TODO: why does split_ifs not reduce the ifs??????
  split_ifs with h₁ h₂ h₃ h₄ h₅
  · rfl
  · exfalso
    linarith
  · exfalso
    linarith
  · exfalso
    linarith
  · exfalso
    linarith
  · exfalso
    linarith
  · exfalso
    linarith
  · have h : 2 * (2 * (x : ℝ)) - 1 = 2 * (2 * (↑x + 1 / 4) - 1) := by linarith
    simp [h₂, h₁, h, dif_neg (show ¬False from id), dif_pos True.intro, if_false, if_true]
  · exfalso
    linarith
  · exfalso
    linarith
  · exfalso
    linarith
  · exfalso
    linarith
  · exfalso
    linarith
  · exfalso
    linarith
  · congr
    ring

",,True,-1,"theorem trans_assoc_reparam {x₀ x₁ x₂ x₃ : X} (p : Path x₀ x₁) (q : Path x₁ x₂) (r : Path x₂ x₃) :
    (p.trans q).trans r =
      (p.trans (q.trans r)).reparam
        (fun t => ⟨transAssocReparamAux t, transAssocReparamAux_mem_I t⟩) (by continuity)
        (Subtype.ext transAssocReparamAux_zero) (Subtype.ext transAssocReparamAux_one) := by
  ext x
  simp only [transAssocReparamAux, Path.trans_apply, mul_inv_cancel_left₀, not_le,
    Function.comp_apply, Ne, not_false_iff, one_ne_zero, mul_ite, Subtype.coe_mk,
    Path.coe_reparam]
  -- TODO: why does split_ifs not reduce the ifs??????
  split_ifs with h₁ h₂ h₃ h₄ h₅ h₆ h₇ h₈ h₉ h₁₀ h₁₁
  · rfl
  · exfalso
    linarith
  · exfalso
    linarith
  · exfalso
    linarith
  · exfalso
    linarith
  · exfalso
    linarith
  · have h : 2 * (2 * (x : ℝ)) - 1 = 2 * (2 * (↑x + 1 / 4) - 1) := by linarith
    simp [h₂, h₁, h, dif_neg (show ¬False from id), dif_pos True.intro, if_false, if_true]
  · exfalso
    linarith
  · exfalso
    linarith
  · exfalso
    linarith
  · exfalso
    linarith
  · exfalso
    linarith
  · congr
    ring


","💥️unsolved goals
case pos
X : Type u
inst✝ : TopologicalSpace X
x₀ x₁ x₂ x₃ : X
p : Path x₀ x₁
q : Path x₁ x₂
r : Path x₂ x₃
x : ↑I
h₁ : ↑x ≤ 1 / 2
h₂ : ¬2 * ↑x ≤ 1 / 2
h₆ : ¬↑x ≤ 1 / 4
h₈ : ↑x + 1 / 4 ≤ 1 / 2
h : 2 * (2 * ↑x) - 1 = 2 * (2 * (↑x + 1 / 4) - 1)
⊢ q ⟨2 * (2 * (↑x + 4⁻¹) - 1), ⋯⟩ = p ⟨2 * (↑x + 4⁻¹), ⋯⟩

💥️linarith failed to find a contradiction
case pos
X : Type u
inst✝ : TopologicalSpace X
x₀ x₁ x₂ x₃ : X
p : Path x₀ x₁
q : Path x₁ x₂
r : Path x₂ x₃
x : ↑I
h₁ : ↑x ≤ 1 / 2
h₂ : ¬2 * ↑x ≤ 1 / 2
h₆ : ¬↑x ≤ 1 / 4
h₈ : ¬↑x + 1 / 4 ≤ 1 / 2
h₉ : 2 * (↑x + 1 / 4) - 1 ≤ 1 / 2
⊢ False failed

💥️unsolved goals
case pos.h.e_1.e_x
X : Type u
inst✝ : TopologicalSpace X
x₀ x₁ x₂ x₃ : X
p : Path x₀ x₁
q : Path x₁ x₂
r : Path x₂ x₃
x : ↑I
h₁ : ¬↑x ≤ 1 / 2
h₁₀ : ¬↑x ≤ 1 / 4
h✝ : 1 / 2 * (↑x + 1) ≤ 1 / 2
⊢ x₂ = x₀

case pos.h.e_1.e_y
X : Type u
inst✝ : TopologicalSpace X
x₀ x₁ x₂ x₃ : X
p : Path x₀ x₁
q : Path x₁ x₂
r : Path x₂ x₃
x : ↑I
h₁ : ¬↑x ≤ 1 / 2
h₁₀ : ¬↑x ≤ 1 / 4
h✝ : 1 / 2 * (↑x + 1) ≤ 1 / 2
⊢ x₃ = x₁

case pos.h.e_4.e_3.h
X : Type u
inst✝ : TopologicalSpace X
x₀ x₁ x₂ x₃ : X
p : Path x₀ x₁
q : Path x₁ x₂
r : Path x₂ x₃
x : ↑I
h₁ : ¬↑x ≤ 1 / 2
h₁₀ : ¬↑x ≤ 1 / 4
h✝ : 1 / 2 * (↑x + 1) ≤ 1 / 2
⊢ x₂ = x₀

case pos.h.e_4.e_4.h
X : Type u
inst✝ : TopologicalSpace X
x₀ x₁ x₂ x₃ : X
p : Path x₀ x₁
q : Path x₁ x₂
r : Path x₂ x₃
x : ↑I
h₁ : ¬↑x ≤ 1 / 2
h₁₀ : ¬↑x ≤ 1 / 4
h✝ : 1 / 2 * (↑x + 1) ≤ 1 / 2
⊢ x₃ = x₁

case pos.h.e_5
X : Type u
inst✝ : TopologicalSpace X
x₀ x₁ x₂ x₃ : X
p : Path x₀ x₁
q : Path x₁ x₂
r : Path x₂ x₃
x : ↑I
h₁ : ¬↑x ≤ 1 / 2
h₁₀ : ¬↑x ≤ 1 / 4
h✝ : 1 / 2 * (↑x + 1) ≤ 1 / 2
⊢ HEq r p

case pos.h.e_6.h.e_val
X : Type u
inst✝ : TopologicalSpace X
x₀ x₁ x₂ x₃ : X
p : Path x₀ x₁
q : Path x₁ x₂
r : Path x₂ x₃
x : ↑I
h₁ : ¬↑x ≤ 1 / 2
h₁₀ : ¬↑x ≤ 1 / 4
h✝ : 1 / 2 * (↑x + 1) ≤ 1 / 2
⊢ 2 * ↑x - 1 = 2 * (1 / 2 * (↑x + 1))

💥️unsolved goals
case pos
X : Type u
inst✝ : TopologicalSpace X
x₀ x₁ x₂ x₃ : X
p : Path x₀ x₁
q : Path x₁ x₂
r : Path x₂ x₃
x : ↑I
h₁ : ¬↑x ≤ 1 / 2
h₁₀ : ¬↑x ≤ 1 / 4
h✝¹ : ¬1 / 2 * (↑x + 1) ≤ 1 / 2
h✝ : 2 * (1 / 2 * (↑x + 1)) - 1 ≤ 1 / 2
⊢ r ⟨2 * ↑x - 1, ⋯⟩ = q ⟨2 * (2 * (1 / 2 * (↑x + 1)) - 1), ⋯⟩

case neg
X : Type u
inst✝ : TopologicalSpace X
x₀ x₁ x₂ x₃ : X
p : Path x₀ x₁
q : Path x₁ x₂
r : Path x₂ x₃
x : ↑I
h₁ : ¬↑x ≤ 1 / 2
h₁₀ : ¬↑x ≤ 1 / 4
h✝¹ : ¬1 / 2 * (↑x + 1) ≤ 1 / 2
h✝ : ¬2 * (1 / 2 * (↑x + 1)) - 1 ≤ 1 / 2
⊢ r ⟨2 * ↑x - 1, ⋯⟩ = r ⟨2 * (2 * (1 / 2 * (↑x + 1)) - 1) - 1, ⋯⟩",False,10,Mathlib.AlgebraicTopology.FundamentalGroupoid.Basic,Llama-8B,LENGTH,best_of_n,False,0,-1.0,Path.Homotopy.trans_assoc_reparam,False
-1,False,20,"/-- The functor sending a topological space `X` to its fundamental groupoid. -/
def fundamentalGroupoidFunctor : TopCat ⥤ CategoryTheory.Grpd where
  obj X := { α := FundamentalGroupoid X }
  map f :=
    { obj := fun x => ⟨f x.as⟩
      map := fun {X Y} p => by exact Path.Homotopic.Quotient.mapFn p f
      map_id := fun _ => rfl
      map_comp := fun {x y z} p q => by
        refine Quotient.inductionOn₂ p q fun a b => ?_
        simp only [comp_eq, ← Path.Homotopic.map_lift, ← Path.Homotopic.comp_lift, Path.map_trans] }
  map_id X := by
    simp only
    change _ = (⟨_, _, _⟩ : FundamentalGroupoid X ⥤ FundamentalGroupoid X)
    congr
    ext x y p
    refine Quotient.inductionOn p fun q => ?_
    rw [← Path.Homotopic.map_lift]
    conv_rhs => rw [← q.map_id]
    rfl
  map_comp f g := by
    simp only
    congr
    ext x y p
    refine Quotient.inductionOn p fun q => ?_
    simp only [Quotient.map_mk, Path.map_map, Quotient.eq']
    rfl

",,True,-1,"/-- The functor sending a topological space `X` to its fundamental groupoid. -/
def fundamentalGroupoidFunctor : TopCat ⥤ CategoryTheory.Grpd where
  obj X := { α := FundamentalGroupoid X }
  map f :=
    { obj := fun x => ⟨f x.as⟩
      map := fun {X Y} p => Path.Homotopic.Quotient.mapFn p f
      map_id := fun _ => rfl
      map_comp := fun {x y z} p q => by
        refine Quotient.inductionOn₂ p q fun a b => ?_
        simp only [comp_eq, ← Path.Homotopic.map_lift, ← Path.Homotopic.comp_lift, Path.map_trans] }
  map_id X := by
    simp only
    change _ = (⟨_, _, _⟩ : FundamentalGroupoid X ⥤ FundamentalGroupoid X)
    congr
    ext x y p
    refine Quotient.inductionOn p fun q => ?_
    rw [← Path.Homotopic.map_lift]
    conv_rhs => rw [← q.map_id]
    rfl
  map_comp f g := by
    simp only
    congr
    ext x y p
    refine Quotient.inductionOn p fun q => ?_
    simp only [Quotient.map_mk, Path.map_map, Quotient.eq']
    rfl


","💥️type mismatch
  Path.Homotopic.Quotient.mapFn ?m.335363 f
has type
  Path.Homotopic.Quotient (f ?m.335208) (f ?m.335209) : Type ?u.334558
but is expected to have type
  (fun x => { as := f x.as }) X ⟶ (fun x => { as := f x.as }) Y : Type ?u.334558

💥️unsolved goals
X : Type u
inst✝ : TopologicalSpace X
x₀ x₁ : X
X✝ Y✝ : TopCat
f : X✝ ⟶ Y✝
x y z : ↑((fun X => { α := FundamentalGroupoid ↑X, str := inferInstance }) X✝)
p : x ⟶ y
q : y ⟶ z
a : Path x.as y.as
b : Path y.as z.as
⊢ sorry = Path.Homotopic.Quotient.comp sorry sorry

💥️tactic 'rewrite' failed, did not find instance of the pattern in the target expression
  Path.Homotopic.Quotient.mapFn ⟦?P₀⟧ ?f
case e_toPrefunctor.e_map.h.h.h
X✝ : Type u
inst✝ : TopologicalSpace X✝
x₀ x₁ : X✝
X : TopCat
x y : FundamentalGroupoid ↑X
p : x ⟶ y
q : Path x.as y.as
⊢ sorry = ⟦q⟧

💥️no goals to be solved",False,10,Mathlib.AlgebraicTopology.FundamentalGroupoid.Basic,Llama-8B,LENGTH,best_of_n,False,0,-1.0,FundamentalGroupoid.fundamentalGroupoidFunctor,False
-1,False,20,"/-- The functor sending a topological space `X` to its fundamental groupoid. -/
def fundamentalGroupoidFunctor : TopCat ⥤ CategoryTheory.Grpd where
  obj X := { α := FundamentalGroupoid X }
  map f :=
    { obj := fun x => ⟨f x.as⟩
      map := fun {X Y} p => by exact Path.Homotopic.Quotient.mapFn p f
      map_id := fun _ => rfl
      map_comp := fun {x y z} p q => by
        refine Quotient.inductionOn₂ p q fun a b => ?_
        simp only [comp_eq, ← Path.Homotopic.map_lift, ← Path.Homotopic.comp_lift, Path.map_trans] }
  map_id X := by
    simp only
    change _ = (⟨_, _, _⟩ : FundamentalGroupoid X ⥤ FundamentalGroupoid X)
    congr
    ext x y p
    refine Quotient.inductionOn p fun q => ?_
    rw [← Path.Homotopic.map_lift]
    conv_rhs => rw [← q.map_id]
    rfl
  map_comp f g := by
    simp only
    congr
    ext x y p
    refine Quotient.inductionOn p fun q => ?_
    simp only [Quotient.map_mk, Path.map_map, Quotient.eq']
    rfl

",,True,20,"/-- The functor sending a topological space `X` to its fundamental groupoid. -/
def fundamentalGroupoidFunctor : TopCat ⥤ CategoryTheory.Grpd where
  obj X := { α := FundamentalGroupoid X }
  map f :=
    { obj := fun x => ⟨f x.as⟩
      map := fun {X Y} p => by exact Path.Homotopic.Quotient.mapFn p f
      map_id := fun _ => rfl
      map_comp := fun {x y z} p q => by
        refine Quotient.inductionOn₂ p q fun a b => ?_
        simp only [comp_eq, ← Path.Homotopic.map_lift, ← Path.Homotopic.comp_lift, Path.map_trans] }
  map_id X := by
    simp only
    change _ = (⟨_, _, _⟩ : FundamentalGroupoid X ⥤ FundamentalGroupoid X)
    congr
    ext x y p
    refine Quotient.inductionOn p fun q => ?_
    rw [← Path.Homotopic.map_lift]
    conv_rhs => rw [← q.map_id]
    rfl
  map_comp f g := by
    simp only
    congr
    ext x y p
    refine Quotient.inductionOn p fun q => ?_
    simp only [Quotient.map_mk, Path.map_map, Quotient.eq']
    rfl


",,True,10,Mathlib.AlgebraicTopology.FundamentalGroupoid.Basic,Llama-8B,LENGTH,best_of_n,False,0,0.0,FundamentalGroupoid.fundamentalGroupoidFunctor,False
-1,False,20,"/-- The functor sending a topological space `X` to its fundamental groupoid. -/
def fundamentalGroupoidFunctor : TopCat ⥤ CategoryTheory.Grpd where
  obj X := { α := FundamentalGroupoid X }
  map f :=
    { obj := fun x => ⟨f x.as⟩
      map := fun {X Y} p => by exact Path.Homotopic.Quotient.mapFn p f
      map_id := fun _ => rfl
      map_comp := fun {x y z} p q => by
        refine Quotient.inductionOn₂ p q fun a b => ?_
        simp only [comp_eq, ← Path.Homotopic.map_lift, ← Path.Homotopic.comp_lift, Path.map_trans] }
  map_id X := by
    simp only
    change _ = (⟨_, _, _⟩ : FundamentalGroupoid X ⥤ FundamentalGroupoid X)
    congr
    ext x y p
    refine Quotient.inductionOn p fun q => ?_
    rw [← Path.Homotopic.map_lift]
    conv_rhs => rw [← q.map_id]
    rfl
  map_comp f g := by
    simp only
    congr
    ext x y p
    refine Quotient.inductionOn p fun q => ?_
    simp only [Quotient.map_mk, Path.map_map, Quotient.eq']
    rfl

",,True,20,"/-- The functor sending a topological space `X` to its fundamental groupoid. -/
def fundamentalGroupoidFunctor : TopCat ⥤ CategoryTheory.Grpd where
  obj X := { α := FundamentalGroupoid X }
  map f :=
    { obj := fun x => ⟨f x.as⟩
      map := fun {X Y} p => by exact Path.Homotopic.Quotient.mapFn p f
      map_id := fun _ => rfl
      map_comp := fun {x y z} p q => by
        refine Quotient.inductionOn₂ p q fun a b => ?_
        simp only [comp_eq, ← Path.Homotopic.map_lift, ← Path.Homotopic.comp_lift, Path.map_trans] }
  map_id X := by
    simp only
    change _ = (⟨_, _, _⟩ : FundamentalGroupoid X ⥤ FundamentalGroupoid X)
    congr
    ext x y p
    refine Quotient.inductionOn p fun q => ?_
    rw [← Path.Homotopic.map_lift]
    conv_rhs => rw [← q.map_id]
    rfl
  map_comp f g := by
    simp only
    congr
    ext x y p
    refine Quotient.inductionOn p fun q => ?_
    simp only [Quotient.map_mk, Path.map_map]
    rfl


",,True,10,Mathlib.AlgebraicTopology.FundamentalGroupoid.Basic,Llama-8B,LENGTH,best_of_n,False,0,0.0,FundamentalGroupoid.fundamentalGroupoidFunctor,False
-1,False,20,"/-- The functor sending a topological space `X` to its fundamental groupoid. -/
def fundamentalGroupoidFunctor : TopCat ⥤ CategoryTheory.Grpd where
  obj X := { α := FundamentalGroupoid X }
  map f :=
    { obj := fun x => ⟨f x.as⟩
      map := fun {X Y} p => by exact Path.Homotopic.Quotient.mapFn p f
      map_id := fun _ => rfl
      map_comp := fun {x y z} p q => by
        refine Quotient.inductionOn₂ p q fun a b => ?_
        simp only [comp_eq, ← Path.Homotopic.map_lift, ← Path.Homotopic.comp_lift, Path.map_trans] }
  map_id X := by
    simp only
    change _ = (⟨_, _, _⟩ : FundamentalGroupoid X ⥤ FundamentalGroupoid X)
    congr
    ext x y p
    refine Quotient.inductionOn p fun q => ?_
    rw [← Path.Homotopic.map_lift]
    conv_rhs => rw [← q.map_id]
    rfl
  map_comp f g := by
    simp only
    congr
    ext x y p
    refine Quotient.inductionOn p fun q => ?_
    simp only [Quotient.map_mk, Path.map_map, Quotient.eq']
    rfl

",,True,-1,"/-- The functor sending a topological space `X` to its fundamental groupoid. -/
def fundamentalGroupoidFunctor : TopCat ⥤ CategoryTheory.Grpd where
  obj X := { α := FundamentalGroupoid X }
  map f :=
    { obj := fun x => ⟨f x.as⟩
      map := fun {X Y} p => Path.Homotopic.Quotient.mapFn p f
      map_id := fun _ => rfl
      map_comp := fun {x y z} p q => by
        refine Quotient.inductionOn₂ p q fun a b => ?_
        simp only [comp_eq, ← Path.Homotopic.map_lift, ← Path.Homotopic.comp_lift, Path.map_trans] }
  map_id X := by
    simp only
    change _ = (⟨_, _, _⟩ : FundamentalGroupoid X ⥤ FundamentalGroupoid X)
    congr
    ext x y p
    refine Quotient.inductionOn p fun q => ?_
    rw [← Path.Homotopic.map_lift]
    conv_rhs => rw [← q.map_id]
    rfl
  map_comp f g := by
    simp only
    congr
    ext x y p
    refine Quotient.inductionOn p fun q => ?_
    simp only [Quotient.map_mk, Path.map_map, Quotient.eq']
    rfl


","💥️type mismatch
  Path.Homotopic.Quotient.mapFn ?m.335363 f
has type
  Path.Homotopic.Quotient (f ?m.335208) (f ?m.335209) : Type ?u.334558
but is expected to have type
  (fun x => { as := f x.as }) X ⟶ (fun x => { as := f x.as }) Y : Type ?u.334558

💥️unsolved goals
X : Type u
inst✝ : TopologicalSpace X
x₀ x₁ : X
X✝ Y✝ : TopCat
f : X✝ ⟶ Y✝
x y z : ↑((fun X => { α := FundamentalGroupoid ↑X, str := inferInstance }) X✝)
p : x ⟶ y
q : y ⟶ z
a : Path x.as y.as
b : Path y.as z.as
⊢ sorry = Path.Homotopic.Quotient.comp sorry sorry

💥️tactic 'rewrite' failed, did not find instance of the pattern in the target expression
  Path.Homotopic.Quotient.mapFn ⟦?P₀⟧ ?f
case e_toPrefunctor.e_map.h.h.h
X✝ : Type u
inst✝ : TopologicalSpace X✝
x₀ x₁ : X✝
X : TopCat
x y : FundamentalGroupoid ↑X
p : x ⟶ y
q : Path x.as y.as
⊢ sorry = ⟦q⟧

💥️no goals to be solved",False,10,Mathlib.AlgebraicTopology.FundamentalGroupoid.Basic,Llama-8B,LENGTH,best_of_n,False,0,-1.0,FundamentalGroupoid.fundamentalGroupoidFunctor,False
-1,False,20,"/-- The functor sending a topological space `X` to its fundamental groupoid. -/
def fundamentalGroupoidFunctor : TopCat ⥤ CategoryTheory.Grpd where
  obj X := { α := FundamentalGroupoid X }
  map f :=
    { obj := fun x => ⟨f x.as⟩
      map := fun {X Y} p => by exact Path.Homotopic.Quotient.mapFn p f
      map_id := fun _ => rfl
      map_comp := fun {x y z} p q => by
        refine Quotient.inductionOn₂ p q fun a b => ?_
        simp only [comp_eq, ← Path.Homotopic.map_lift, ← Path.Homotopic.comp_lift, Path.map_trans] }
  map_id X := by
    simp only
    change _ = (⟨_, _, _⟩ : FundamentalGroupoid X ⥤ FundamentalGroupoid X)
    congr
    ext x y p
    refine Quotient.inductionOn p fun q => ?_
    rw [← Path.Homotopic.map_lift]
    conv_rhs => rw [← q.map_id]
    rfl
  map_comp f g := by
    simp only
    congr
    ext x y p
    refine Quotient.inductionOn p fun q => ?_
    simp only [Quotient.map_mk, Path.map_map, Quotient.eq']
    rfl

",,True,-1,"/-- The functor sending a topological space `X` to its fundamental groupoid. -/
def fundamentalGroupoidFunctor : TopCat ⥤ CategoryTheory.Grpd where
  obj X := { α := FundamentalGroupoid X }
  map f := { obj := fun x => ⟨f x.as⟩
      map := fun {X Y} p => Path.Homotopic.Quotient.mapFn p f
      map_id := fun _ => rfl
      map_comp := fun {x y z} p q => by
        refine Quotient.inductionOn₂ p q fun a b => ?_
        simp only [comp_eq, ← Path.Homotopic.map_lift, ← Path.Homotopic.comp_lift, Path.map_trans] }
  map_id X := by
    simp only
    change _ = (⟨_, _, _⟩ : FundamentalGroupoid X ⥤ FundamentalGroupoid X)
    congr
    ext x y p
    refine Quotient.inductionOn p fun q => ?_
    rw [← Path.Homotopic.map_lift]
    conv_rhs => rw [← q.map_id]
    rfl
  map_comp f g := by
    simp only
    congr
    ext x y p
    refine Quotient.inductionOn p fun q => ?_
    simp only [Quotient.map_mk, Path.map_map, Quotient.eq']
    rfl


",💥️unexpected identifier; expected '}',False,10,Mathlib.AlgebraicTopology.FundamentalGroupoid.Basic,Llama-8B,LENGTH,best_of_n,False,0,-1.0,FundamentalGroupoid.fundamentalGroupoidFunctor,False
-1,False,20,"/-- The functor sending a topological space `X` to its fundamental groupoid. -/
def fundamentalGroupoidFunctor : TopCat ⥤ CategoryTheory.Grpd where
  obj X := { α := FundamentalGroupoid X }
  map f :=
    { obj := fun x => ⟨f x.as⟩
      map := fun {X Y} p => by exact Path.Homotopic.Quotient.mapFn p f
      map_id := fun _ => rfl
      map_comp := fun {x y z} p q => by
        refine Quotient.inductionOn₂ p q fun a b => ?_
        simp only [comp_eq, ← Path.Homotopic.map_lift, ← Path.Homotopic.comp_lift, Path.map_trans] }
  map_id X := by
    simp only
    change _ = (⟨_, _, _⟩ : FundamentalGroupoid X ⥤ FundamentalGroupoid X)
    congr
    ext x y p
    refine Quotient.inductionOn p fun q => ?_
    rw [← Path.Homotopic.map_lift]
    conv_rhs => rw [← q.map_id]
    rfl
  map_comp f g := by
    simp only
    congr
    ext x y p
    refine Quotient.inductionOn p fun q => ?_
    simp only [Quotient.map_mk, Path.map_map, Quotient.eq']
    rfl

",,True,20,"/-- The functor sending a topological space `X` to its fundamental groupoid. -/
def fundamentalGroupoidFunctor : TopCat ⥤ CategoryTheory.Grpd where
  obj X := { α := FundamentalGroupoid X }
  map f :=
    { obj := fun x => ⟨f x.as⟩
      map := fun {X Y} p => by exact Path.Homotopic.Quotient.mapFn p f
      map_id := fun _ => rfl
      map_comp := fun {x y z} p q => by
        refine Quotient.inductionOn₂ p q fun a b => ?_
        simp only [comp_eq, ← Path.Homotopic.map_lift, ← Path.Homotopic.comp_lift, Path.map_trans] }
  map_id X := by
    simp only
    change _ = (⟨_, _, _⟩ : FundamentalGroupoid X ⥤ FundamentalGroupoid X)
    congr
    ext x y p
    refine Quotient.inductionOn p fun q => ?_
    rw [← Path.Homotopic.map_lift]
    conv_rhs => rw [← q.map_id]
    rfl
  map_comp f g := by
    simp only
    congr
    ext x y p
    refine Quotient.inductionOn p fun q => ?_
    simp only [Quotient.map_mk, Path.map_map, Quotient.eq']
    rfl


",,True,10,Mathlib.AlgebraicTopology.FundamentalGroupoid.Basic,Llama-8B,LENGTH,best_of_n,False,0,0.0,FundamentalGroupoid.fundamentalGroupoidFunctor,False
-1,False,20,"/-- The functor sending a topological space `X` to its fundamental groupoid. -/
def fundamentalGroupoidFunctor : TopCat ⥤ CategoryTheory.Grpd where
  obj X := { α := FundamentalGroupoid X }
  map f :=
    { obj := fun x => ⟨f x.as⟩
      map := fun {X Y} p => by exact Path.Homotopic.Quotient.mapFn p f
      map_id := fun _ => rfl
      map_comp := fun {x y z} p q => by
        refine Quotient.inductionOn₂ p q fun a b => ?_
        simp only [comp_eq, ← Path.Homotopic.map_lift, ← Path.Homotopic.comp_lift, Path.map_trans] }
  map_id X := by
    simp only
    change _ = (⟨_, _, _⟩ : FundamentalGroupoid X ⥤ FundamentalGroupoid X)
    congr
    ext x y p
    refine Quotient.inductionOn p fun q => ?_
    rw [← Path.Homotopic.map_lift]
    conv_rhs => rw [← q.map_id]
    rfl
  map_comp f g := by
    simp only
    congr
    ext x y p
    refine Quotient.inductionOn p fun q => ?_
    simp only [Quotient.map_mk, Path.map_map, Quotient.eq']
    rfl

",,True,20,"/-- The functor sending a topological space `X` to its fundamental groupoid. -/
def fundamentalGroupoidFunctor : TopCat ⥤ CategoryTheory.Grpd where
  obj X := { α := FundamentalGroupoid X }
  map f :=
    { obj := fun x => ⟨f x.as⟩
      map := fun {X Y} p => by exact Path.Homotopic.Quotient.mapFn p f
      map_id := fun _ => rfl
      map_comp := fun {x y z} p q => by
        refine Quotient.inductionOn₂ p q fun a b => ?_
        simp only [comp_eq, ← Path.Homotopic.map_lift, ← Path.Homotopic.comp_lift, Path.map_trans] }
  map_id X := by
    simp only
    change _ = (⟨_, _, _⟩ : FundamentalGroupoid X ⥤ FundamentalGroupoid X)
    congr
    ext x y p
    refine Quotient.inductionOn p fun q => ?_
    rw [← Path.Homotopic.map_lift]
    conv_rhs => rw [← q.map_id]
    rfl
  map_comp f g := by
    simp only
    congr
    ext x y p
    refine Quotient.inductionOn p fun q => ?_
    simp only [Quotient.map_mk, Path.map_map, Quotient.eq']
    rfl


",,True,10,Mathlib.AlgebraicTopology.FundamentalGroupoid.Basic,Llama-8B,LENGTH,best_of_n,False,0,0.0,FundamentalGroupoid.fundamentalGroupoidFunctor,False
-1,False,20,"/-- The functor sending a topological space `X` to its fundamental groupoid. -/
def fundamentalGroupoidFunctor : TopCat ⥤ CategoryTheory.Grpd where
  obj X := { α := FundamentalGroupoid X }
  map f :=
    { obj := fun x => ⟨f x.as⟩
      map := fun {X Y} p => by exact Path.Homotopic.Quotient.mapFn p f
      map_id := fun _ => rfl
      map_comp := fun {x y z} p q => by
        refine Quotient.inductionOn₂ p q fun a b => ?_
        simp only [comp_eq, ← Path.Homotopic.map_lift, ← Path.Homotopic.comp_lift, Path.map_trans] }
  map_id X := by
    simp only
    change _ = (⟨_, _, _⟩ : FundamentalGroupoid X ⥤ FundamentalGroupoid X)
    congr
    ext x y p
    refine Quotient.inductionOn p fun q => ?_
    rw [← Path.Homotopic.map_lift]
    conv_rhs => rw [← q.map_id]
    rfl
  map_comp f g := by
    simp only
    congr
    ext x y p
    refine Quotient.inductionOn p fun q => ?_
    simp only [Quotient.map_mk, Path.map_map, Quotient.eq']
    rfl

",,True,20,"/-- The functor sending a topological space `X` to its fundamental groupoid. -/
def fundamentalGroupoidFunctor : TopCat ⥤ CategoryTheory.Grpd where
  obj X := { α := FundamentalGroupoid X }
  map f :=
    { obj := fun x => ⟨f x.as⟩
      map := fun {X Y} p => by exact Path.Homotopic.Quotient.mapFn p f
      map_id := fun _ => rfl
      map_comp := fun {x y z} p q => by
        refine Quotient.inductionOn₂ p q fun a b => ?_
        simp only [comp_eq, ← Path.Homotopic.map_lift, ← Path.Homotopic.comp_lift, Path.map_trans] }
  map_id X := by
    simp only
    change _ = (⟨_, _, _⟩ : FundamentalGroupoid X ⥤ FundamentalGroupoid X)
    congr
    ext x y p
    refine Quotient.inductionOn p fun q => ?_
    rw [← Path.Homotopic.map_lift]
    conv_rhs => rw [← q.map_id]
    rfl
  map_comp f g := by
    simp only
    congr
    ext x y p
    refine Quotient.inductionOn p fun q => ?_
    simp only [Quotient.map_mk, Path.map_map, Quotient.eq']
    rfl


",,True,10,Mathlib.AlgebraicTopology.FundamentalGroupoid.Basic,Llama-8B,LENGTH,best_of_n,False,0,0.0,FundamentalGroupoid.fundamentalGroupoidFunctor,False
-1,False,20,"/-- The functor sending a topological space `X` to its fundamental groupoid. -/
def fundamentalGroupoidFunctor : TopCat ⥤ CategoryTheory.Grpd where
  obj X := { α := FundamentalGroupoid X }
  map f :=
    { obj := fun x => ⟨f x.as⟩
      map := fun {X Y} p => by exact Path.Homotopic.Quotient.mapFn p f
      map_id := fun _ => rfl
      map_comp := fun {x y z} p q => by
        refine Quotient.inductionOn₂ p q fun a b => ?_
        simp only [comp_eq, ← Path.Homotopic.map_lift, ← Path.Homotopic.comp_lift, Path.map_trans] }
  map_id X := by
    simp only
    change _ = (⟨_, _, _⟩ : FundamentalGroupoid X ⥤ FundamentalGroupoid X)
    congr
    ext x y p
    refine Quotient.inductionOn p fun q => ?_
    rw [← Path.Homotopic.map_lift]
    conv_rhs => rw [← q.map_id]
    rfl
  map_comp f g := by
    simp only
    congr
    ext x y p
    refine Quotient.inductionOn p fun q => ?_
    simp only [Quotient.map_mk, Path.map_map, Quotient.eq']
    rfl

",,True,-1,"/-- The functor sending a topological space `X` to its fundamental groupoid. -/
def fundamentalGroupoidFunctor : TopCat ⥤ CategoryTheory.Grpd where
  obj X := { α := FundamentalGroupoid X }
  map f := { obj := fun x => ⟨f x.as⟩
    map := fun {X Y} p => Path.Homotopic.Quotient.mapFn p f
    map_id := fun _ => rfl
    map_comp := fun {x y z} p q => by
      refine Quotient.inductionOn₂ p q fun a b => ?_
      simp only [comp_eq, ← Path.Homotopic.map_lift, ← Path.Homotopic.comp_lift, Path.map_trans] }
  map_id X := by
    simp only
    change _ = (⟨_, _, _⟩ : FundamentalGroupoid X ⥤ FundamentalGroupoid X)
    congr
    ext x y p
    refine Quotient.inductionOn p fun q => ?_
    rw [← Path.Homotopic.map_lift]
    conv_rhs => rw [← q.map_id]
    rfl
  map_comp f g := by
    simp only
    congr
    ext x y p
    refine Quotient.inductionOn p fun q => ?_
    simp only [Quotient.map_mk, Path.map_map, Quotient.eq']
    rfl


",💥️unexpected identifier; expected '}',False,10,Mathlib.AlgebraicTopology.FundamentalGroupoid.Basic,Llama-8B,LENGTH,best_of_n,False,0,-1.0,FundamentalGroupoid.fundamentalGroupoidFunctor,False
-1,False,20,"/-- The functor sending a topological space `X` to its fundamental groupoid. -/
def fundamentalGroupoidFunctor : TopCat ⥤ CategoryTheory.Grpd where
  obj X := { α := FundamentalGroupoid X }
  map f :=
    { obj := fun x => ⟨f x.as⟩
      map := fun {X Y} p => by exact Path.Homotopic.Quotient.mapFn p f
      map_id := fun _ => rfl
      map_comp := fun {x y z} p q => by
        refine Quotient.inductionOn₂ p q fun a b => ?_
        simp only [comp_eq, ← Path.Homotopic.map_lift, ← Path.Homotopic.comp_lift, Path.map_trans] }
  map_id X := by
    simp only
    change _ = (⟨_, _, _⟩ : FundamentalGroupoid X ⥤ FundamentalGroupoid X)
    congr
    ext x y p
    refine Quotient.inductionOn p fun q => ?_
    rw [← Path.Homotopic.map_lift]
    conv_rhs => rw [← q.map_id]
    rfl
  map_comp f g := by
    simp only
    congr
    ext x y p
    refine Quotient.inductionOn p fun q => ?_
    simp only [Quotient.map_mk, Path.map_map, Quotient.eq']
    rfl

",,True,-1,"/-- The functor sending a topological space `X` to its fundamental groupoid. -/
def fundamentalGroupoidFunctor : TopCat ⥤ CategoryTheory.Grpd where
  obj X := { α := FundamentalGroupoid X }
  map f :=
    { obj := fun x => ⟨f x.as⟩
      map := fun {X Y} p => Path.Homotopic.Quotient.mapFn p f
      map_id := fun _ => rfl
      map_comp := fun {x y z} p q => by
        refine Quotient.inductionOn₂ p q fun a b => ?_
        simp only [comp_eq, ← Path.Homotopic.map_lift, ← Path.Homotopic.comp_lift, Path.map_trans] }
  map_id X := by
    simp only
    change _ = (⟨_, _, _⟩ : FundamentalGroupoid X ⥤ FundamentalGroupoid X)
    congr
    ext x y p
    refine Quotient.inductionOn p fun q => ?_
    rw [← Path.Homotopic.map_lift]
    conv_rhs => rw [← q.map_id]
    rfl
  map_comp f g := by
    simp only
    congr
    ext x y p
    refine Quotient.inductionOn p fun q => ?_
    simp only [Quotient.map_mk, Path.map_map, Quotient.eq']
    rfl


","💥️type mismatch
  Path.Homotopic.Quotient.mapFn ?m.335363 f
has type
  Path.Homotopic.Quotient (f ?m.335208) (f ?m.335209) : Type ?u.334558
but is expected to have type
  (fun x => { as := f x.as }) X ⟶ (fun x => { as := f x.as }) Y : Type ?u.334558

💥️unsolved goals
X : Type u
inst✝ : TopologicalSpace X
x₀ x₁ : X
X✝ Y✝ : TopCat
f : X✝ ⟶ Y✝
x y z : ↑((fun X => { α := FundamentalGroupoid ↑X, str := inferInstance }) X✝)
p : x ⟶ y
q : y ⟶ z
a : Path x.as y.as
b : Path y.as z.as
⊢ sorry = Path.Homotopic.Quotient.comp sorry sorry

💥️tactic 'rewrite' failed, did not find instance of the pattern in the target expression
  Path.Homotopic.Quotient.mapFn ⟦?P₀⟧ ?f
case e_toPrefunctor.e_map.h.h.h
X✝ : Type u
inst✝ : TopologicalSpace X✝
x₀ x₁ : X✝
X : TopCat
x y : FundamentalGroupoid ↑X
p : x ⟶ y
q : Path x.as y.as
⊢ sorry = ⟦q⟧

💥️no goals to be solved",False,10,Mathlib.AlgebraicTopology.FundamentalGroupoid.Basic,Llama-8B,LENGTH,best_of_n,False,0,-1.0,FundamentalGroupoid.fundamentalGroupoidFunctor,False
-1,False,3,"/-- If `f(p(t) = g(q(t))` for two paths `p` and `q`, then the induced path homotopy classes
`f(p)` and `g(p)` are the same as well, despite having a priori different types -/
theorem heq_path_of_eq_image : HEq ((πₘ f).map ⟦p⟧) ((πₘ g).map ⟦q⟧) := by
  simp only [map_eq, ← Path.Homotopic.map_lift]; apply Path.Homotopic.hpath_hext; exact hfg

",,True,-1,"/-- If `f(p(t) = g(q(t))` for two paths `p` and `q`, then the induced path homotopy classes
`f(p)` and `g(p)` are the same as well, despite having a priori different types -/
theorem heq_path_of_eq_image : HEq ((πₘ f).map ⟦p⟧) ((πₘ g).map ⟦q⟧) := by
  simp only [map_eq, ← Path.Homotobic.map_lift]; apply Path.Homotobic.hpath_hext; exact hfg


","💥️invalid field notation, type is not of the form (C ...) where C is a constant
  Path
has type
  ?m.4790 → ?m.4790 → Type ?u.4789

💥️invalid field notation, type is not of the form (C ...) where C is a constant
  Path
has type
  ?m.5095 → ?m.5095 → Type ?u.5094

💥️no goals to be solved",False,10,Mathlib.AlgebraicTopology.FundamentalGroupoid.InducedMaps,Llama-8B,LENGTH,best_of_n,False,0,-1.0,ContinuousMap.Homotopy.heq_path_of_eq_image,False
-1,False,3,"/-- If `f(p(t) = g(q(t))` for two paths `p` and `q`, then the induced path homotopy classes
`f(p)` and `g(p)` are the same as well, despite having a priori different types -/
theorem heq_path_of_eq_image : HEq ((πₘ f).map ⟦p⟧) ((πₘ g).map ⟦q⟧) := by
  simp only [map_eq, ← Path.Homotopic.map_lift]; apply Path.Homotopic.hpath_hext; exact hfg

",,True,3,"/-- If `f(p(t) = g(q(t))` for two paths `p` and `q`, then the induced path homotopy classes
`f(p)` and `g(p)` are the same as well, despite having a priori different types -/
theorem heq_path_of_eq_image : HEq ((πₘ f).map ⟦p⟧) ((πₘ g).map ⟦q⟧) := by
  simp only [map_eq, ← Path.Homotopic.map_lift]; apply Path.Homotopic.hpath_hext; exact hfg
",,True,10,Mathlib.AlgebraicTopology.FundamentalGroupoid.InducedMaps,Llama-8B,LENGTH,best_of_n,False,0,0.0,ContinuousMap.Homotopy.heq_path_of_eq_image,False
-1,False,3,"/-- If `f(p(t) = g(q(t))` for two paths `p` and `q`, then the induced path homotopy classes
`f(p)` and `g(p)` are the same as well, despite having a priori different types -/
theorem heq_path_of_eq_image : HEq ((πₘ f).map ⟦p⟧) ((πₘ g).map ⟦q⟧) := by
  simp only [map_eq, ← Path.Homotopic.map_lift]; apply Path.Homotopic.hpath_hext; exact hfg

",,True,-1,"/-- If `f(p(t) = g(q(t))` for two paths `p` and `q`, then the induced path homotopy classes
`f(p)` and `g(p)` are the same as well, despite having a priori different types -/
theorem heq_path_of_eq_image : HEq ((πₘ f).map ⟦p⟧) ((πₘ g).map ⟦q⟧) := by
  simp only [map_eq, ← Path.Homotinic.map_lift]; apply Path.Homotinic.ext_iff; exact fun _ ↦ hfg


","💥️invalid field notation, type is not of the form (C ...) where C is a constant
  Path
has type
  ?m.4790 → ?m.4790 → Type ?u.4789

💥️invalid field notation, type is not of the form (C ...) where C is a constant
  Path
has type
  ?m.5095 → ?m.5095 → Type ?u.5094

💥️no goals to be solved",False,10,Mathlib.AlgebraicTopology.FundamentalGroupoid.InducedMaps,Llama-8B,LENGTH,best_of_n,False,0,-1.0,ContinuousMap.Homotopy.heq_path_of_eq_image,False
-1,False,3,"/-- If `f(p(t) = g(q(t))` for two paths `p` and `q`, then the induced path homotopy classes
`f(p)` and `g(p)` are the same as well, despite having a priori different types -/
theorem heq_path_of_eq_image : HEq ((πₘ f).map ⟦p⟧) ((πₘ g).map ⟦q⟧) := by
  simp only [map_eq, ← Path.Homotopic.map_lift]; apply Path.Homotopic.hpath_hext; exact hfg

",,True,3,"/-- If `f(p(t) = g(q(t))` for two paths `p` and `q`, then the induced path homotopy classes
`f(p)` and `g(p)` are the same as well, despite having a priori different types -/
theorem heq_path_of_eq_image : HEq ((πₘ f).map ⟦p⟧) ((πₘ g).map ⟦q⟧) := by
  simp only [map_eq, ← Path.Homotopic.map_lift]; apply Path.Homotopic.hpath_hext; exact hfg


",,True,10,Mathlib.AlgebraicTopology.FundamentalGroupoid.InducedMaps,Llama-8B,LENGTH,best_of_n,False,0,0.0,ContinuousMap.Homotopy.heq_path_of_eq_image,False
-1,False,3,"/-- If `f(p(t) = g(q(t))` for two paths `p` and `q`, then the induced path homotopy classes
`f(p)` and `g(p)` are the same as well, despite having a priori different types -/
theorem heq_path_of_eq_image : HEq ((πₘ f).map ⟦p⟧) ((πₘ g).map ⟦q⟧) := by
  simp only [map_eq, ← Path.Homotopic.map_lift]; apply Path.Homotopic.hpath_hext; exact hfg

",,True,-1,"/-- If `f(p(t) = g(q(t))` for two paths `p` and `q`, then the induced path homotopy classes
`f(p)` and `g(p)` are the same as well, despite having a priori different types -/
theorem heq_path_of_eq_image : HEq ((πₘ f).map ⟦p⟧) ((πₘ g).map ⟦q⟧) := by
  simp only [map_eq, ← Path.Homotific.map_lift]; apply Path.Homotic.hpath_hext; exact hfg
","💥️invalid field notation, type is not of the form (C ...) where C is a constant
  Path
has type
  ?m.4790 → ?m.4790 → Type ?u.4789

💥️invalid field notation, type is not of the form (C ...) where C is a constant
  Path
has type
  ?m.5095 → ?m.5095 → Type ?u.5094

💥️no goals to be solved",False,10,Mathlib.AlgebraicTopology.FundamentalGroupoid.InducedMaps,Llama-8B,LENGTH,best_of_n,False,0,-1.0,ContinuousMap.Homotopy.heq_path_of_eq_image,False
-1,False,3,"/-- If `f(p(t) = g(q(t))` for two paths `p` and `q`, then the induced path homotopy classes
`f(p)` and `g(p)` are the same as well, despite having a priori different types -/
theorem heq_path_of_eq_image : HEq ((πₘ f).map ⟦p⟧) ((πₘ g).map ⟦q⟧) := by
  simp only [map_eq, ← Path.Homotopic.map_lift]; apply Path.Homotopic.hpath_hext; exact hfg

",,True,3,"/-- If `f(p(t) = g(q(t))` for two paths `p` and `q`, then the induced path homotopy classes
`f(p)` and `g(p)` are the same as well, despite having a priori different types -/
theorem heq_path_of_eq_image : HEq ((πₘ f).map ⟦p⟧) ((πₘ g).map ⟦q⟧) := by
  simp only [map_eq, ← Path.Homotopic.map_lift]; apply Path.Homotopic.hpath_hext; exact hfg
",,True,10,Mathlib.AlgebraicTopology.FundamentalGroupoid.InducedMaps,Llama-8B,LENGTH,best_of_n,False,0,0.0,ContinuousMap.Homotopy.heq_path_of_eq_image,False
-1,False,3,"/-- If `f(p(t) = g(q(t))` for two paths `p` and `q`, then the induced path homotopy classes
`f(p)` and `g(p)` are the same as well, despite having a priori different types -/
theorem heq_path_of_eq_image : HEq ((πₘ f).map ⟦p⟧) ((πₘ g).map ⟦q⟧) := by
  simp only [map_eq, ← Path.Homotopic.map_lift]; apply Path.Homotopic.hpath_hext; exact hfg

",,True,-1,"/-- If `f(p(t) = g(q(t))` for two paths `p` and `q`, then the induced path homotopy classes
`f(p)` and `g(p)` are the same as well, despite having a priori different types -/
theorem heq_path_of_eq_image : HEq ((πₘ f).map ⟦p⟧) ((πₘ g).map ⟦q⟧) :=
  liftAlternating.id _
",💥️unknown identifier 'liftAlternating.id',False,10,Mathlib.AlgebraicTopology.FundamentalGroupoid.InducedMaps,Llama-8B,LENGTH,best_of_n,False,0,-1.0,ContinuousMap.Homotopy.heq_path_of_eq_image,False
-1,False,3,"/-- If `f(p(t) = g(q(t))` for two paths `p` and `q`, then the induced path homotopy classes
`f(p)` and `g(p)` are the same as well, despite having a priori different types -/
theorem heq_path_of_eq_image : HEq ((πₘ f).map ⟦p⟧) ((πₘ g).map ⟦q⟧) := by
  simp only [map_eq, ← Path.Homotopic.map_lift]; apply Path.Homotopic.hpath_hext; exact hfg

",,True,2,"/-- If `f(p(t) = g(q(t))` for two paths `p` and `q`, then the induced path homotopy classes
`f(p)` and `g(p)` are the same as well, despite having a priori different types -/
theorem heq_path_of_eq_image : HEq ((πₘ f).map ⟦p⟧) ((πₘ g).map ⟦q⟧) := by
  simp only [map_eq, ← Path.Homotopic.map_lift]; exact Path.Homotopic.hpath_hext hfg


",,True,10,Mathlib.AlgebraicTopology.FundamentalGroupoid.InducedMaps,Llama-8B,LENGTH,best_of_n,False,0,0.333333,ContinuousMap.Homotopy.heq_path_of_eq_image,False
-1,False,3,"/-- If `f(p(t) = g(q(t))` for two paths `p` and `q`, then the induced path homotopy classes
`f(p)` and `g(p)` are the same as well, despite having a priori different types -/
theorem heq_path_of_eq_image : HEq ((πₘ f).map ⟦p⟧) ((πₘ g).map ⟦q⟧) := by
  simp only [map_eq, ← Path.Homotopic.map_lift]; apply Path.Homotopic.hpath_hext; exact hfg

",,True,-1,"/-- If `f(p(t) = g(q(t))` for two paths `p` and `q`, then the induced path homotopy classes
`f(p)` and `g(p)` are the same as well, despite having a priori different types -/
theorem heq_path_of_eq_image : HEq ((πₘ f).map ⟦p⟧) ((πₘ g).map ⟦q⟧) :=
  Inducing.continuousOn ⟨rfl⟩ continuous_id (Int.ofNat.cast_pos.mpr mult_pos).le
",💥️unknown identifier 'Inducing.continuousOn',False,10,Mathlib.AlgebraicTopology.FundamentalGroupoid.InducedMaps,Llama-8B,LENGTH,best_of_n,False,0,-1.0,ContinuousMap.Homotopy.heq_path_of_eq_image,False
-1,False,3,"/-- If `f(p(t) = g(q(t))` for two paths `p` and `q`, then the induced path homotopy classes
`f(p)` and `g(p)` are the same as well, despite having a priori different types -/
theorem heq_path_of_eq_image : HEq ((πₘ f).map ⟦p⟧) ((πₘ g).map ⟦q⟧) := by
  simp only [map_eq, ← Path.Homotopic.map_lift]; apply Path.Homotopic.hpath_hext; exact hfg

",,True,-1,"/-- If `f(p(t) = g(q(t))` for two paths `p` and `q`, then the induced path homotopy classes
`f(p)` and `g(p)` are the same as well, despite having a priori different types -/
theorem heq_path_of_eq_image : HEq ((πₘ f).map ⟦p⟧) ((πₘ g).map ⟦q⟧) :=
  liftAlternating.eq_map _ _
",💥️unknown identifier 'liftAlternating.eq_map',False,10,Mathlib.AlgebraicTopology.FundamentalGroupoid.InducedMaps,Llama-8B,LENGTH,best_of_n,False,0,-1.0,ContinuousMap.Homotopy.heq_path_of_eq_image,False
-1,False,3,"private theorem start_path : f x₀ = g x₂ := by convert hfg 0 <;> simp only [Path.source]

",,True,-1,"private theorem start_path : f x₀ = g x₂ :=
  hfg 0 (fun p : Prop ↦ p ▸ rfl)
","💥️function expected at
  hfg 0
term has type
  f (p 0) = g (q 0)",False,10,Mathlib.AlgebraicTopology.FundamentalGroupoid.InducedMaps,Llama-8B,LENGTH,best_of_n,False,0,-1.0,_private.0.ContinuousMap.Homotopy.start_path,False
-1,False,3,"private theorem start_path : f x₀ = g x₂ := by convert hfg 0 <;> simp only [Path.source]

",,True,3,"private theorem start_path : f x₀ = g x₂ := by convert hfg 0 <;> simp only [Path.source]
",,True,10,Mathlib.AlgebraicTopology.FundamentalGroupoid.InducedMaps,Llama-8B,LENGTH,best_of_n,False,0,0.0,_private.0.ContinuousMap.Homotopy.start_path,False
-1,False,3,"private theorem start_path : f x₀ = g x₂ := by convert hfg 0 <;> simp only [Path.source]

",,True,3,"private theorem start_path : f x₀ = g x₂ := by convert hfg 0 <;> simp only [Path.source]
",,True,10,Mathlib.AlgebraicTopology.FundamentalGroupoid.InducedMaps,Llama-8B,LENGTH,best_of_n,False,0,0.0,_private.0.ContinuousMap.Homotopy.start_path,False
-1,False,3,"private theorem start_path : f x₀ = g x₂ := by convert hfg 0 <;> simp only [Path.source]

",,True,-1,"private theorem start_path : f x₀ = g x₂ where
  x := fun x₀ x/form => by specialize f x₀ x
  y := fun x₀ x → f x₀ x = g x₂
","💥️unexpected token '/'; expected '↦', '=>'",False,10,Mathlib.AlgebraicTopology.FundamentalGroupoid.InducedMaps,Llama-8B,LENGTH,best_of_n,False,0,-1.0,_private.0.ContinuousMap.Homotopy.start_path,False
-1,False,3,"private theorem start_path : f x₀ = g x₂ := by convert hfg 0 <;> simp only [Path.source]

",,True,3,"private theorem start_path : f x₀ = g x₂ := by convert hfg 0 <;> simp only [Path.source]
",,True,10,Mathlib.AlgebraicTopology.FundamentalGroupoid.InducedMaps,Llama-8B,LENGTH,best_of_n,False,0,0.0,_private.0.ContinuousMap.Homotopy.start_path,False
-1,False,3,"private theorem start_path : f x₀ = g x₂ := by convert hfg 0 <;> simp only [Path.source]

",,True,3,"private theorem start_path : f x₀ = g x₂ := by convert hfg 0 <;> simp only [Path.source] at hfg ⊢
   inl h with x h x h → congr f x h Subset.trans (hfg x x h) h

private theorem ext_iff : f x₀ = g x₀ → f x₀ = g x₂ := by
  rw [← sq_eq_sq, lcomm_of_ucomm (gc_map_compl f) (OthersHelper.mk _ _ _)]
  congr with x
  rw [add_stem_eq_stem, subst deliveries, and_iff_left_imp, not_or]
  vessels_symm

private theorem seg_eq_stem : f x₁ = g x₃ → f x₀ = g x₂ := by
  rw [map_to, lcomm_of_ucomm (gc_map_compl f) (OthersHelper.mk _ _ _)]
  congr with x
  rw [add_stem_eq_stem, subst deliveries, le_iff_left]
  exactseg_eq_stem_of_le _ _ _

private theorem finish_path : f xₗ = g xₗ := by convert hfg (n-1) <;> simp only [Path.source]

private theorem all_goals : f xᵢ = g xᵢ → f x₀ = g x₂ → f x₁ = g x₃ → f xₗ = g xₗ := by
  intro h₁ h₂ h₃ h₄ h₅
  rw [h₅] at h₁ h₂ h₃ h₄ ⊢
  rw [h₂, Subtype.val_inj, lcomm_of_ucomm (Subgc.add_compl f _)]
  congr h₁ h₂ h₃ h₄

private theorem hfg_eq_map_to : f x = hfg x xions_symm ← lcomm_of_ucomm (Subgc.add_compl f _)]

private theorem ds_eq_de := by convert hfg x xions_symm <;> ext only [Subgc.delete_pure, map_to, hfg, mateer]
    congr rfl

private theorem xions_symm_minus ie : f x = g x → f xᵢ = g xᵢ - Subgc.ext fun _ ↦ hfg x xions_symm
    congr rfl

private theorem mateer : f x = g x → f xᵢ = g xᵢ.1 → f x₀ = g x₂ := by
  rw [Subgc.add_compl f _] at hfg ⊢
  rw [← sq_eq_sq] at hfg ⊢
  congr hfg

private theorem graph_symm : f x₁ = g x₃ → f x₀ = g x₂ → f x₁ = g x₃ := by
  rw [lcomm_of_ucomm (Subgc.add_compl f _) hfg]
  exactsymm

private theorem all_goals : f xᵢ = g xᵢ → f x₀ = g x₂ → f x₁ = g x₃ → f xₗ = g xₗ := by
  intro h₁ h₂ h₃ h₄ h₅
  rw [h₅] at h₁ h₂ h₃ h₄ ⊢
  rw [h₂, Subtype.val_inj, lcomm_of_ucomm (Subgc.add_compl f _)]
  congr h₁ h₂ h₃ h₄

private theorem hfg_eq_map_to : f x = hfg x xions_symm ← lcomm_of_ucomm (Subgc.add_compl f _)]

private theorem ds_eq_de := by convert hfg x xions_symm <;> ext only [Subgc.delete_pure, map_to, hfg, mateer]
    congr rfl

private theorem xions_symm_minus ie : f x = g x → f xᵢ = g xᵢ - Subgc.ext fun _ ↦ hfg x xions_symm
    congr rfl

private theorem mateer : f x = g x → f xᵢ = g xᵢ.1 → f x₀ = g x₂ := by
  rw [Subgc.add_compl f _] at hfg ⊢
  rw [← sq_eq_sq] at hfg ⊢
  congr hfg

private theorem graph_symm : f x₁ = g x₃ → f x₀ = g x₂ → f x₁ = g x₃ := by
  rw [lcomm_of_ucomm (Subgc.add_compl f _) hfg]
  exactsymm

private theorem all_goals : f xᵢ = g xᵢ → f x₀ = g x₂ → f x₁ = g x₃ → f xₗ =",,True,10,Mathlib.AlgebraicTopology.FundamentalGroupoid.InducedMaps,Llama-8B,LENGTH,best_of_n,False,0,0.0,_private.0.ContinuousMap.Homotopy.start_path,False
-1,False,3,"private theorem start_path : f x₀ = g x₂ := by convert hfg 0 <;> simp only [Path.source]

",,True,-1,"private theorem start_path : f x₀ = g x₂ :=
  (hfg 0).symm <| simp only [Path.source]
","💥️function expected at
  Eq.symm (hfg 0)
term has type
  g (q 0) = f (p 0)",False,10,Mathlib.AlgebraicTopology.FundamentalGroupoid.InducedMaps,Llama-8B,LENGTH,best_of_n,False,0,-1.0,_private.0.ContinuousMap.Homotopy.start_path,False
-1,False,3,"private theorem start_path : f x₀ = g x₂ := by convert hfg 0 <;> simp only [Path.source]

",,True,3,"private theorem start_path : f x₀ = g x₂ := by convert hfg 0 <;> simp only [Path.source]
  match_scalars <;> linear_combination f x₀ + (d x₀).id ℕ.le
",,True,10,Mathlib.AlgebraicTopology.FundamentalGroupoid.InducedMaps,Llama-8B,LENGTH,best_of_n,False,0,0.0,_private.0.ContinuousMap.Homotopy.start_path,False
-1,False,3,"private theorem start_path : f x₀ = g x₂ := by convert hfg 0 <;> simp only [Path.source]

",,True,-1,"#align hfg.map_to function hfg.map_to

private theorem start_path : f x₀ = g x₂ := by convert hfg 0 <;> simp only [Path.source]
",💥️unexpected token '#'; expected command,False,10,Mathlib.AlgebraicTopology.FundamentalGroupoid.InducedMaps,Llama-8B,LENGTH,best_of_n,False,0,-1.0,_private.0.ContinuousMap.Homotopy.start_path,False
-1,False,3,"private theorem start_path : f x₀ = g x₂ := by convert hfg 0 <;> simp only [Path.source]

",,True,3,"private theorem start_path : f x₀ = g x₂ := by convert hfg 0 <;> simp only [Path.source]
",,True,10,Mathlib.AlgebraicTopology.FundamentalGroupoid.InducedMaps,Llama-8B,LENGTH,best_of_n,False,0,0.0,_private.0.ContinuousMap.Homotopy.start_path,False
-1,False,3,"private theorem end_path : f x₁ = g x₃ := by convert hfg 1 <;> simp only [Path.target]

",,True,3,"private theorem end_path : f x₁ = g x₃ := by convert hfg 1 <;> simp only [Path.target]

 Не нужно rw [LiftZero.ext_iff]; 1 . ext_iff

",,True,10,Mathlib.AlgebraicTopology.FundamentalGroupoid.InducedMaps,Llama-8B,LENGTH,best_of_n,False,0,0.0,_private.0.ContinuousMap.Homotopy.end_path,False
-1,False,3,"private theorem end_path : f x₁ = g x₃ := by convert hfg 1 <;> simp only [Path.target]

",,True,3,"private theorem end_path : f x₁ = g x₃ := by convert hfg 1 <;> simp only [Path.target]

-- There is `LinearIsLage` - but that is for geometry
theorem Chair.id : SetOn.lage (s := id) ((f := g)(o := $id) ( yapmak := fun _x ↦ ext fun _ ↦ )
    ( fun _ ↦ ext fun _ ↦ hfg _ ) id

/colore
theorem id_comp : id_comp _ _ _
    ((fun _ ↦ ext fun _ ↦ hfg _).id) _ _ _

/colore
theorem ext_id : ext_id _ _ _

theorem end_path : f x₁ = g x₃ := by convert hfg 1 <;> simp only [Path.target]

-- There is `LinearIsLage` - but that is for geometry
theorem Chair.id : SetOn.lage (s := id) ((f := g) (o := $id) ( photographs := fun _ ↦ ext fun _ ↦ hfg _))
    (fun _ ↦ ext fun _ ↦ hfg _) id

/colore
theorem id_comp : id_comp _ _ _
    ((fun _ ↦ ext fun _ ↦ hfg _).id) _ _ _

/colore
theorem ext_id : ext_id _ _ _

theorem end_path : f x₁ = g x₃ := by convert hfg 1 <;> simp only [Path.target]

-- There is `LinearIsLage` - but that is for geometry
theorem Chair.id : SetOn.lage (s := id) ((f := g) (o := $id) ( photographs := fun _ ↦ ext fun _ ↦ hfg _))
    (fun _ ↦ ext fun _ ↦ hfg _) id

/colore
theorem id_comp : id_comp _ _ _
    ((fun _ ↦ ext fun _ ↦ hfg _).id) _ _ _

/colore
theorem ext_id : ext_id _ _ _

theorem end_path : f x₁ = g x₃ := by convert hfg 1 <;> simp only [Path.target]

-- There is `LinearIsLage` - but that is for geometry
theorem Chair.id : SetOn.lage (s := id) ((f := g) (o := $id) ( photographs := fun _ ↦ ext fun _ ↦ hfg _))
    (fun _ ↦ ext fun _ ↦ hfg _) id

/colore
theorem id_comp : id_comp _ _ _
    ((fun _ ↦ ext fun _ ↦ hfg _).id) _ _ _

/colore
theorem ext_id : ext_id _ _ _

theorem end_path : f x₁ = g x₃ := by convert hfg 1 <;> simp only [Path.target]

-- There is `LinearIsLage` - but that is for geometry
theorem Chair.id : SetOn.lage (s := id) ((f := g) (o := $id) ( photographs := fun _ ↦ ext fun _ ↦ hfg _))
    (fun _ ↦ ext fun _ ↦ hfg _) id

/colore
theorem id_comp : id_comp _ _ _
    ((fun _ ↦ ext fun _ ↦ hfg _).id) _ _ _

/colore
theorem ext_id : ext_id _ _ _

theorem end_path : f x₁ = g x₃ := by convert hfg 1 <;> simp only [Path.target]

-- There is `LinearIsLage` - but that is for geometry
theorem Chair.id : SetOn.lage (s := id) ((f := g) (o := $id) ( photographs := fun _ ↦ ext fun _ ↦ hfg _))
    (fun _ ↦ ext fun _ ↦ hfg _) id

/colore
theorem id_comp : id_comp _ _ _
    ((fun _ ↦ ext fun _ ↦ hfg _).id) _ _ _

/colore
theorem ext_id : ext_id _ _ _
    ((fun _ ↦ ext fun _ ↦ hfg _).id) _ _ _

theorem end_path : f x₁ = g x₃ := by convert hfg 1 <;> simp only [Path.target]

-- There is `LinearIsLage` - but that is for geometry
theorem Chair.id : SetOn.lage (s := id) ((f := g) (o := $id) ( photographs := fun _ ↦ ext fun _ ↦ hfg _))
    (fun _ ↦ ext fun _ ↦ hfg _) id

/colore
theorem id_comp : id_comp _ _ _
    ((fun _ ↦ ext fun _ ↦ hfg _).id) _ _ _

#align simp",,True,10,Mathlib.AlgebraicTopology.FundamentalGroupoid.InducedMaps,Llama-8B,LENGTH,best_of_n,False,0,0.0,_private.0.ContinuousMap.Homotopy.end_path,False
-1,False,3,"private theorem end_path : f x₁ = g x₃ := by convert hfg 1 <;> simp only [Path.target]

",,True,3,"private theorem end_path : f x₁ = g x₃ := by convert hfg 1 <;> simp only [Path.target]
",,True,10,Mathlib.AlgebraicTopology.FundamentalGroupoid.InducedMaps,Llama-8B,LENGTH,best_of_n,False,0,0.0,_private.0.ContinuousMap.Homotopy.end_path,False
-1,False,3,"private theorem end_path : f x₁ = g x₃ := by convert hfg 1 <;> simp only [Path.target]

",,True,-1,"private theorem end_path : f x₁ = g x₃ :=
  (hfg 1).symm
","💥️type mismatch
  Eq.symm (hfg 1)
has type
  g (q 1) = f (p 1) : Prop
but is expected to have type
  f x₁ = g x₃ : Prop",False,10,Mathlib.AlgebraicTopology.FundamentalGroupoid.InducedMaps,Llama-8B,LENGTH,best_of_n,False,0,-1.0,_private.0.ContinuousMap.Homotopy.end_path,False
-1,False,3,"private theorem end_path : f x₁ = g x₃ := by convert hfg 1 <;> simp only [Path.target]

",,True,3,"private theorem end_path : f x₁ = g x₃ := by convert hfg 1 <;> simp only [Path.target]

path_to_target 0 (f := f) 0 (g := g)
",,True,10,Mathlib.AlgebraicTopology.FundamentalGroupoid.InducedMaps,Llama-8B,LENGTH,best_of_n,False,0,0.0,_private.0.ContinuousMap.Homotopy.end_path,False
-1,False,3,"private theorem end_path : f x₁ = g x₃ := by convert hfg 1 <;> simp only [Path.target]

",,True,3,"private theorem end_path : f x₁ = g x₃ := by convert hfg 1 <;> simp only [Path.target]
",,True,10,Mathlib.AlgebraicTopology.FundamentalGroupoid.InducedMaps,Llama-8B,LENGTH,best_of_n,False,0,0.0,_private.0.ContinuousMap.Homotopy.end_path,False
-1,False,3,"private theorem end_path : f x₁ = g x₃ := by convert hfg 1 <;> simp only [Path.target]

",,True,-1,"private theorem end_path : f x₁ = g x₃ :=
  (hfg 1).id ℕ discretion net.restrictCanab.ds.submit.resolveToField
","💥️invalid field 'id', the environment does not contain 'Eq.id'
  hfg 1
has type
  f (p 1) = g (q 1)",False,10,Mathlib.AlgebraicTopology.FundamentalGroupoid.InducedMaps,Llama-8B,LENGTH,best_of_n,False,0,-1.0,_private.0.ContinuousMap.Homotopy.end_path,False
-1,False,3,"private theorem end_path : f x₁ = g x₃ := by convert hfg 1 <;> simp only [Path.target]

",,True,3,"private theorem end_path : f x₁ = g x₃ := by convert hfg 1 <;> simp only [Path.target]

#align continuous_map.continuous_map ContinuousMap.continuous_map

private theorem end_path : f x₁ = g x₃ := by rw [hfg 1]; simp only [Path.target]

#align continuous_map.continuous_map ContinuousMap.continuous_map

private theorem end_path : f x₁ = g x₃ := by rw [hfg 1]; simp only [Path.target] at *
",,True,10,Mathlib.AlgebraicTopology.FundamentalGroupoid.InducedMaps,Llama-8B,LENGTH,best_of_n,False,0,0.0,_private.0.ContinuousMap.Homotopy.end_path,False
-1,False,3,"private theorem end_path : f x₁ = g x₃ := by convert hfg 1 <;> simp only [Path.target]

",,True,3,"private theorem end_path : f x₁ = g x₃ := by convert hfg 1 <;> simp only [Path.target]
",,True,10,Mathlib.AlgebraicTopology.FundamentalGroupoid.InducedMaps,Llama-8B,LENGTH,best_of_n,False,0,0.0,_private.0.ContinuousMap.Homotopy.end_path,False
-1,False,3,"private theorem end_path : f x₁ = g x₃ := by convert hfg 1 <;> simp only [Path.target]

",,True,-1,"theorem end_path : f x₁ = g x₃ := by push_cast [] (hfg 1).symm


","💥️unsolved goals
X₁ X₂ Y : TopCat
f : C(↑X₁, ↑Y)
g : C(↑X₂, ↑Y)
x₀ x₁ : ↑X₁
x₂ x₃ : ↑X₂
p : Path x₀ x₁
q : Path x₂ x₃
hfg : ∀ (t : ↑I), f (p t) = g (q t)
⊢ f x₁ = g x₃",False,10,Mathlib.AlgebraicTopology.FundamentalGroupoid.InducedMaps,Llama-8B,LENGTH,best_of_n,False,0,-1.0,_private.0.ContinuousMap.Homotopy.end_path,False
-1,False,2,"theorem eq_path_of_eq_image :
    (πₘ f).map ⟦p⟧ = hcast (start_path hfg) ≫ (πₘ g).map ⟦q⟧ ≫ hcast (end_path hfg).symm := by
  rw [conj_eqToHom_iff_heq
    ((πₘ f).map ⟦p⟧) ((πₘ g).map ⟦q⟧)
    (FundamentalGroupoid.ext <| start_path hfg)
    (FundamentalGroupoid.ext <| end_path hfg)]
  exact heq_path_of_eq_image hfg

",,True,2,"theorem eq_path_of_eq_image :
    (πₘ f).map ⟦p⟧ = hcast (start_path hfg) ≫ (πₘ g).map ⟦q⟧ ≫ hcast (end_path hfg).symm := by
  rw [conj_eqToHom_iff_heq
    ((πₘ f).map ⟦p⟧) ((πₘ g).map ⟦q⟧)
    (FundamentalGroupoid.ext <| start_path hfg)
    (FundamentalGroupoid.ext <| end_path hfg)]
  exact heq_path_of_eq_image hfg


",,True,10,Mathlib.AlgebraicTopology.FundamentalGroupoid.InducedMaps,Llama-8B,LENGTH,best_of_n,False,0,0.0,ContinuousMap.Homotopy.eq_path_of_eq_image,False
-1,False,2,"theorem eq_path_of_eq_image :
    (πₘ f).map ⟦p⟧ = hcast (start_path hfg) ≫ (πₘ g).map ⟦q⟧ ≫ hcast (end_path hfg).symm := by
  rw [conj_eqToHom_iff_heq
    ((πₘ f).map ⟦p⟧) ((πₘ g).map ⟦q⟧)
    (FundamentalGroupoid.ext <| start_path hfg)
    (FundamentalGroupoid.ext <| end_path hfg)]
  exact heq_path_of_eq_image hfg

",,True,-1,"theorem eq_path_of_eq_image :
    (πₘ f).map ⟦p⟧ = hcast (start_path hfg) ≫ (πₘ g).map ⟦q⟧ ≫ hcast (end_path hfg).symm :=
  hcast.symm_over List.ext fun _ ↦ heq_path_of_eq_image hfg
","💥️invalid field notation, type is not of the form (C ...) where C is a constant
  hcast
has type
  ?m.14321 = ?m.14322 → (fromTop ?m.14321 ⟶ fromTop ?m.14322)",False,10,Mathlib.AlgebraicTopology.FundamentalGroupoid.InducedMaps,Llama-8B,LENGTH,best_of_n,False,0,-1.0,ContinuousMap.Homotopy.eq_path_of_eq_image,False
-1,False,2,"theorem eq_path_of_eq_image :
    (πₘ f).map ⟦p⟧ = hcast (start_path hfg) ≫ (πₘ g).map ⟦q⟧ ≫ hcast (end_path hfg).symm := by
  rw [conj_eqToHom_iff_heq
    ((πₘ f).map ⟦p⟧) ((πₘ g).map ⟦q⟧)
    (FundamentalGroupoid.ext <| start_path hfg)
    (FundamentalGroupoid.ext <| end_path hfg)]
  exact heq_path_of_eq_image hfg

",,True,-1,"theorem eq_path_of_eq_image :
    (πₘ f).map ⟦p⟧ = hcast (start_path hfg) ≫ (πₘ g).map ⟦q⟧ ≫ hcast (end_path hfg).symm :=
  (πₘ g).gc_map_compl.interior_complircuit.extend_algebra heq_of_eq_toHom hfg
","💥️invalid field 'gc_map_compl', the environment does not contain 'Quiver.Hom.gc_map_compl'
  π.map g
has type
  π.obj X₂ ⟶ π.obj Y

💥️invalid field 'gc_map_compl', the environment does not contain 'CategoryTheory.Functor.gc_map_compl'
  π.map g
has type
  ↑(π.obj X₂) ⥤ ↑(π.obj Y)",False,10,Mathlib.AlgebraicTopology.FundamentalGroupoid.InducedMaps,Llama-8B,LENGTH,best_of_n,False,0,-1.0,ContinuousMap.Homotopy.eq_path_of_eq_image,False
-1,False,2,"theorem eq_path_of_eq_image :
    (πₘ f).map ⟦p⟧ = hcast (start_path hfg) ≫ (πₘ g).map ⟦q⟧ ≫ hcast (end_path hfg).symm := by
  rw [conj_eqToHom_iff_heq
    ((πₘ f).map ⟦p⟧) ((πₘ g).map ⟦q⟧)
    (FundamentalGroupoid.ext <| start_path hfg)
    (FundamentalGroupoid.ext <| end_path hfg)]
  exact heq_path_of_eq_image hfg

",,True,-1,"theorem eq_path_of_eq_image :
    (πₘ f).map ⟦p⟧ = hcast (start_path hfg) ≫ (πₘ g).map ⟦q⟧ ≫ hcast (end_path hfg).symm := by
  rw [conj_eqToHom_iff_heq ((πₘ f).map ⟦p⟧) ((πₘ g).map ⟦q⟧)]
  ext; apply heq_path_of_eq_image hfg
","💥️applyExtTheorem only applies to equations, not
  HEq ((π.map f).map ⟦p⟧) ((π.map g).map ⟦q⟧)",False,10,Mathlib.AlgebraicTopology.FundamentalGroupoid.InducedMaps,Llama-8B,LENGTH,best_of_n,False,0,-1.0,ContinuousMap.Homotopy.eq_path_of_eq_image,False
-1,False,2,"theorem eq_path_of_eq_image :
    (πₘ f).map ⟦p⟧ = hcast (start_path hfg) ≫ (πₘ g).map ⟦q⟧ ≫ hcast (end_path hfg).symm := by
  rw [conj_eqToHom_iff_heq
    ((πₘ f).map ⟦p⟧) ((πₘ g).map ⟦q⟧)
    (FundamentalGroupoid.ext <| start_path hfg)
    (FundamentalGroupoid.ext <| end_path hfg)]
  exact heq_path_of_eq_image hfg

",,True,2,"theorem eq_path_of_eq_image :
    (πₘ f).map ⟦p⟧ = hcast (start_path hfg) ≫ (πₘ g).map ⟦q⟧ ≫ hcast (end_path hfg).symm := by
  rw [conj_eqToHom_iff_heq
    ((πₘ f).map ⟦p⟧) ((πₘ g).map ⟦q⟧)
    (FundamentalGroupoid.ext <| start_path hfg)
    (FundamentalGroupoid.ext <| end_path hfg)]
  exact heq_path_of_eq_image hfg
",,True,10,Mathlib.AlgebraicTopology.FundamentalGroupoid.InducedMaps,Llama-8B,LENGTH,best_of_n,False,0,0.0,ContinuousMap.Homotopy.eq_path_of_eq_image,False
-1,False,2,"theorem eq_path_of_eq_image :
    (πₘ f).map ⟦p⟧ = hcast (start_path hfg) ≫ (πₘ g).map ⟦q⟧ ≫ hcast (end_path hfg).symm := by
  rw [conj_eqToHom_iff_heq
    ((πₘ f).map ⟦p⟧) ((πₘ g).map ⟦q⟧)
    (FundamentalGroupoid.ext <| start_path hfg)
    (FundamentalGroupoid.ext <| end_path hfg)]
  exact heq_path_of_eq_image hfg

",,True,2,"theorem eq_path_of_eq_image :
    (πₘ f).map ⟦p⟧ = hcast (start_path hfg) ≫ (πₘ g).map ⟦q⟧ ≫ hcast (end_path hfg).symm := by
  rw [conj_eqToHom_iff_heq
    ((πₘ f).map ⟦p⟧) ((πₘ g).map ⟦q⟧)
    (FundamentalGroupoid.ext <| start_path hfg)
    (FundamentalGroupoid.ext <| end_path hfg)]
  exact heq_path_of_eq_image hfg


",,True,10,Mathlib.AlgebraicTopology.FundamentalGroupoid.InducedMaps,Llama-8B,LENGTH,best_of_n,False,0,0.0,ContinuousMap.Homotopy.eq_path_of_eq_image,False
-1,False,2,"theorem eq_path_of_eq_image :
    (πₘ f).map ⟦p⟧ = hcast (start_path hfg) ≫ (πₘ g).map ⟦q⟧ ≫ hcast (end_path hfg).symm := by
  rw [conj_eqToHom_iff_heq
    ((πₘ f).map ⟦p⟧) ((πₘ g).map ⟦q⟧)
    (FundamentalGroupoid.ext <| start_path hfg)
    (FundamentalGroupoid.ext <| end_path hfg)]
  exact heq_path_of_eq_image hfg

",,True,-1,"theorem eq_path_of_eq_image :
    (πₘ f).map ⟦p⟧ = hcast (start_path hfg) ≫ (πₘ g).map ⟦q⟧ ≫ hcast (end_path hfg).symm :=
  mapToHom.ext_of_eq (by rw [conj_eqToHom_iff_heq
    ((πₘ f).map ⟦p⟧) ((πₘ g).map ⟦q⟧)]
  heq_path_of_eq_image hfg
","💥️unexpected identifier; expected ')', ',' or ':'",False,10,Mathlib.AlgebraicTopology.FundamentalGroupoid.InducedMaps,Llama-8B,LENGTH,best_of_n,False,0,-1.0,ContinuousMap.Homotopy.eq_path_of_eq_image,False
-1,False,2,"theorem eq_path_of_eq_image :
    (πₘ f).map ⟦p⟧ = hcast (start_path hfg) ≫ (πₘ g).map ⟦q⟧ ≫ hcast (end_path hfg).symm := by
  rw [conj_eqToHom_iff_heq
    ((πₘ f).map ⟦p⟧) ((πₘ g).map ⟦q⟧)
    (FundamentalGroupoid.ext <| start_path hfg)
    (FundamentalGroupoid.ext <| end_path hfg)]
  exact heq_path_of_eq_image hfg

",,True,-1,"theorem eq_path_of_eq_image :
    (πₘ f).map ⟦p⟧ = hcast (start_path hfg) ≫ (πₘ g).map ⟦q⟧ ≫ hcast (end_path hfg).symm := by
  rw [conj_eqToHom_iff_heq (πₘ f).map ⟦p⟧ (πₘ g).map ⟦q⟧)
    (FundamentalGroupoid.ext <| start_path hfg)
    (FundamentalGroupoid.ext <| end_path hfg)]
  exact heq_path_of_eq_image hfg


","💥️unexpected token ')'; expected ']'

💥️application type mismatch
  conj_eqToHom_iff_heq ?m.14817 ?m.16026 (π.map g).map
argument
  (π.map g).map
has type
  (?m.16150 ⟶ ?m.16151) → ((π.map g).obj ?m.16150 ⟶ (π.map g).obj ?m.16151) : Type u
but is expected to have type
  ?m.14324 = ?m.14326 : Prop",False,10,Mathlib.AlgebraicTopology.FundamentalGroupoid.InducedMaps,Llama-8B,LENGTH,best_of_n,False,0,-1.0,ContinuousMap.Homotopy.eq_path_of_eq_image,False
-1,False,2,"theorem eq_path_of_eq_image :
    (πₘ f).map ⟦p⟧ = hcast (start_path hfg) ≫ (πₘ g).map ⟦q⟧ ≫ hcast (end_path hfg).symm := by
  rw [conj_eqToHom_iff_heq
    ((πₘ f).map ⟦p⟧) ((πₘ g).map ⟦q⟧)
    (FundamentalGroupoid.ext <| start_path hfg)
    (FundamentalGroupoid.ext <| end_path hfg)]
  exact heq_path_of_eq_image hfg

",,True,-1,"theorem eq_path_of_eq_image :
    (πₘ f).map ⟦p⟧ = hcast (start_path hfg) ≫ (πₘ g).map ⟦q⟧ ≫ hcast (end_path hfg).symm := by
  rw [conj_eqToHom_iff_heq, HomToHom.id, mapToHom_f₀, HomToHom_res]
  exact heq_path_of_eq_image hfg
","💥️unknown identifier 'HomToHom.id'

💥️tactic 'rewrite' failed, equality or iff proof expected
  ?m.14615
X₁ X₂ Y : TopCat
f : C(↑X₁, ↑Y)
g : C(↑X₂, ↑Y)
x₀ x₁ : ↑X₁
x₂ x₃ : ↑X₂
p : Path x₀ x₁
q : Path x₂ x₃
hfg : ∀ (t : ↑I), f (p t) = g (q t)
⊢ HEq ((π.map f).map ⟦p⟧) ((π.map g).map ⟦q⟧)",False,10,Mathlib.AlgebraicTopology.FundamentalGroupoid.InducedMaps,Llama-8B,LENGTH,best_of_n,False,0,-1.0,ContinuousMap.Homotopy.eq_path_of_eq_image,False
-1,False,2,"theorem eq_path_of_eq_image :
    (πₘ f).map ⟦p⟧ = hcast (start_path hfg) ≫ (πₘ g).map ⟦q⟧ ≫ hcast (end_path hfg).symm := by
  rw [conj_eqToHom_iff_heq
    ((πₘ f).map ⟦p⟧) ((πₘ g).map ⟦q⟧)
    (FundamentalGroupoid.ext <| start_path hfg)
    (FundamentalGroupoid.ext <| end_path hfg)]
  exact heq_path_of_eq_image hfg

",,True,-1,"theorem eq_path_of_eq_image :
    (πₘ f).map ⟦p⟧ = hcast (start_path hfg) ≫ (πₘ g).map ⟦q⟧ ≫ hcast (end_path hfg).symm := by
  rw [conj_eqToHom_iff_heq (πₘ f).map ⟦p⟧ (πₘ g).map ⟦q⟧)]
  exact heq_path_of_eq_image hfg
","💥️unexpected token ')'; expected ']'

💥️application type mismatch
  conj_eqToHom_iff_heq ?m.14817 ?m.16026 (π.map g).map
argument
  (π.map g).map
has type
  (?m.16150 ⟶ ?m.16151) → ((π.map g).obj ?m.16150 ⟶ (π.map g).obj ?m.16151) : Type u
but is expected to have type
  ?m.14324 = ?m.14326 : Prop",False,10,Mathlib.AlgebraicTopology.FundamentalGroupoid.InducedMaps,Llama-8B,LENGTH,best_of_n,False,0,-1.0,ContinuousMap.Homotopy.eq_path_of_eq_image,False
-1,False,3,"/-- The map taking the pi product of a family of fundamental groupoids to the fundamental
groupoid of the pi product. This is actually an isomorphism (see `piIso`)
-/
@[simps]
def piToPiTop : (∀ i, πₓ (X i)) ⥤ πₓ (TopCat.of (∀ i, X i)) where
  obj g := ⟨fun i => (g i).as⟩
  map p := Path.Homotopic.pi p
  map_id x := by
    change (Path.Homotopic.pi fun i => ⟦_⟧) = _
    simp only [FundamentalGroupoid.id_eq_path_refl, Path.Homotopic.pi_lift]
    rfl
  map_comp f g := (Path.Homotopic.comp_pi_eq_pi_comp f g).symm

",,True,3,"/-- The map taking the pi product of a family of fundamental groupoids to the fundamental
groupoid of the pi product. This is actually an isomorphism (see `piIso`)
-/
@[simps]
def piToPiTop : (∀ i, πₓ (X i)) ⥤ πₓ (TopCat.of (∀ i, X i)) where
  obj g := ⟨fun i => (g i).as⟩
  map p := Path.Homotopic.pi p
  map_id x := by
    change (Path.Homotopic.pi fun i => ⟦_⟧) = _
    simp only [FundamentalGroupoid.id_eq_path_refl, Path.Homotopic.pi_lift]
    rfl
  map_comp f g := (Path.Homotopic.comp_pi_eq_pi_comp f g).symm


",,True,10,Mathlib.AlgebraicTopology.FundamentalGroupoid.Product,Llama-8B,LENGTH,best_of_n,False,0,0.0,FundamentalGroupoidFunctor.piToPiTop,False
-1,False,3,"/-- The map taking the pi product of a family of fundamental groupoids to the fundamental
groupoid of the pi product. This is actually an isomorphism (see `piIso`)
-/
@[simps]
def piToPiTop : (∀ i, πₓ (X i)) ⥤ πₓ (TopCat.of (∀ i, X i)) where
  obj g := ⟨fun i => (g i).as⟩
  map p := Path.Homotopic.pi p
  map_id x := by
    change (Path.Homotopic.pi fun i => ⟦_⟧) = _
    simp only [FundamentalGroupoid.id_eq_path_refl, Path.Homotopic.pi_lift]
    rfl
  map_comp f g := (Path.Homotopic.comp_pi_eq_pi_comp f g).symm

",,True,3,"/-- The map taking the pi product of a family of fundamental groupoids to the fundamental
groupoid of the pi product. This is actually an isomorphism (see `piIso`)
-/
@[simps]
def piToPiTop : (∀ i, πₓ (X i)) ⥤ πₓ (TopCat.of (∀ i, X i)) where
  obj g := ⟨fun i => (g i).as⟩
  map p := Path.Homotopic.pi p
  map_id x := by
    change (Path.Homotopic.pi fun i => ⟦_⟧) = _
    simp only [FundamentalGroupoid.id_eq_path_refl, Path.Homotopic.pi_lift]
    rfl
  map_comp f g := (Path.Homotopic.comp_pi_eq_pi_comp f g).symm


",,True,10,Mathlib.AlgebraicTopology.FundamentalGroupoid.Product,Llama-8B,LENGTH,best_of_n,False,0,0.0,FundamentalGroupoidFunctor.piToPiTop,False
-1,False,3,"/-- The map taking the pi product of a family of fundamental groupoids to the fundamental
groupoid of the pi product. This is actually an isomorphism (see `piIso`)
-/
@[simps]
def piToPiTop : (∀ i, πₓ (X i)) ⥤ πₓ (TopCat.of (∀ i, X i)) where
  obj g := ⟨fun i => (g i).as⟩
  map p := Path.Homotopic.pi p
  map_id x := by
    change (Path.Homotopic.pi fun i => ⟦_⟧) = _
    simp only [FundamentalGroupoid.id_eq_path_refl, Path.Homotopic.pi_lift]
    rfl
  map_comp f g := (Path.Homotopic.comp_pi_eq_pi_comp f g).symm

",,True,3,"/-- The map taking the pi product of a family of fundamental groupoids to the fundamental
groupoid of the pi product. This is actually an isomorphism (see `piIso`)
-/
@[simps]
def piToPiTop : (∀ i, πₓ (X i)) ⥤ πₓ (TopCat.of (∀ i, X i)) where
  obj g := ⟨fun i => (g i).as⟩
  map p := Path.Homotopic.pi p
  map_id x := by
    change (Path.Homotopic.pi fun i => ⟦_⟧) = _
    simp only [FundamentalGroupoid.id_eq_path_refl, Path.Homotopic.pi_lift]
    rfl
  map_comp f g := (Path.Homotopic.comp_pi_eq_pi_comp f g).symm


",,True,10,Mathlib.AlgebraicTopology.FundamentalGroupoid.Product,Llama-8B,LENGTH,best_of_n,False,0,0.0,FundamentalGroupoidFunctor.piToPiTop,False
-1,False,3,"/-- The map taking the pi product of a family of fundamental groupoids to the fundamental
groupoid of the pi product. This is actually an isomorphism (see `piIso`)
-/
@[simps]
def piToPiTop : (∀ i, πₓ (X i)) ⥤ πₓ (TopCat.of (∀ i, X i)) where
  obj g := ⟨fun i => (g i).as⟩
  map p := Path.Homotopic.pi p
  map_id x := by
    change (Path.Homotopic.pi fun i => ⟦_⟧) = _
    simp only [FundamentalGroupoid.id_eq_path_refl, Path.Homotopic.pi_lift]
    rfl
  map_comp f g := (Path.Homotopic.comp_pi_eq_pi_comp f g).symm

",,True,3,"/-- The map taking the pi product of a family of fundamental groupoids to the fundamental
groupoid of the pi product. This is actually an isomorphism (see `piIso`)
-/
@[simps]
def piToPiTop : (∀ i, πₓ (X i)) ⥤ πₓ (TopCat.of (∀ i, X i)) where
  obj g := ⟨fun i => (g i).as⟩
  map p := Path.Homotopic.pi p
  map_id x := by
    change (Path.Homotopic.pi fun i => ⟦_⟧) = _
    simp only [FundamentalGroupoid.id_eq_path_refl, Path.Homotopic.pi_lift]
    rfl
  map_comp f g := (Path.Homotopic.comp_pi_eq_pi_comp f g).symm


",,True,10,Mathlib.AlgebraicTopology.FundamentalGroupoid.Product,Llama-8B,LENGTH,best_of_n,False,0,0.0,FundamentalGroupoidFunctor.piToPiTop,False
-1,False,3,"/-- The map taking the pi product of a family of fundamental groupoids to the fundamental
groupoid of the pi product. This is actually an isomorphism (see `piIso`)
-/
@[simps]
def piToPiTop : (∀ i, πₓ (X i)) ⥤ πₓ (TopCat.of (∀ i, X i)) where
  obj g := ⟨fun i => (g i).as⟩
  map p := Path.Homotopic.pi p
  map_id x := by
    change (Path.Homotopic.pi fun i => ⟦_⟧) = _
    simp only [FundamentalGroupoid.id_eq_path_refl, Path.Homotopic.pi_lift]
    rfl
  map_comp f g := (Path.Homotopic.comp_pi_eq_pi_comp f g).symm

",,True,3,"/- Or:
  {f : Set (πₓ (TopCat.of (∀ i, X i)) →ₓᵢ[R] where
    id_prod := fun i ↦ (f i).id_prod
    prod_id := fun _ ↦ prod_id
    map_prod := fun _ ↦ map_prod
    map2_prod := fun _ x ↦ map2_prod _ id_prod}.

Algebra.IsHom.homotopic.IsHom (TopCat.of (∀ i, X i)) πₓ (TopCat.of (∀ i, X i))

-
  simp_rw [TopCat.fundamentalGroupoid, Homotopic.IsHom, IsHom.id, Prod.IsHom.comp, IsHom.comp_to]
-/

/-- The map taking the pi product of a family of fundamental groupoids to the fundamental
groupoid of the pi product. This is actually an isomorphism (see `piIso}`)
-/
@[simps]
def piToPiTop : (∀ i, πₓ (X i)) ⥤ πₓ (TopCat.of (∀ i, X i)) where
  obj g := ⟨fun i => (g i).as⟩
  map p := Path.Homotopic.pi p
  map_id x := by
    change (Path.Homotopic.pi fun i => ⟦_⟧) = _
    simp only [FundamentalGroupoid.id_eq_path_refl, Path.Homotopic.pi_lift]
    rfl
  map_comp f g := (Path.Homotopic.comp_pi_eq_pi_comp f g).symm


",,True,10,Mathlib.AlgebraicTopology.FundamentalGroupoid.Product,Llama-8B,LENGTH,best_of_n,False,0,0.0,FundamentalGroupoidFunctor.piToPiTop,False
-1,False,3,"/-- The map taking the pi product of a family of fundamental groupoids to the fundamental
groupoid of the pi product. This is actually an isomorphism (see `piIso`)
-/
@[simps]
def piToPiTop : (∀ i, πₓ (X i)) ⥤ πₓ (TopCat.of (∀ i, X i)) where
  obj g := ⟨fun i => (g i).as⟩
  map p := Path.Homotopic.pi p
  map_id x := by
    change (Path.Homotopic.pi fun i => ⟦_⟧) = _
    simp only [FundamentalGroupoid.id_eq_path_refl, Path.Homotopic.pi_lift]
    rfl
  map_comp f g := (Path.Homotopic.comp_pi_eq_pi_comp f g).symm

",,True,-1,"/-- The map taking the pi product of a family of fundamental groupoids to the fundamental
groupoid of the pi product. This is actually an isomorphism (see `piIso`)
-/
@[simps]
def piToPiTop : (∀ i, πₓ (X i)) ⥤ πₓ (TopCat.of (∀ i, X i)) where
  obj g := ⟨fun i => (g i).as⟩
  map p := Path.Homotopic.pi p
  map_id x := by
    change (Path.Homoticot.pi {i : ℕ | X i = x}) = _
    ext; simp [Funext.pi]
  map_comp f g := (Path.Homotopic.comp_pi_eq_pi_comp f g).symm


","💥️invalid field notation, type is not of the form (C ...) where C is a constant
  Path
has type
  ?m.2984 → ?m.2984 → Type ?u.2983",False,10,Mathlib.AlgebraicTopology.FundamentalGroupoid.Product,Llama-8B,LENGTH,best_of_n,False,0,-1.0,FundamentalGroupoidFunctor.piToPiTop,False
-1,False,3,"/-- The map taking the pi product of a family of fundamental groupoids to the fundamental
groupoid of the pi product. This is actually an isomorphism (see `piIso`)
-/
@[simps]
def piToPiTop : (∀ i, πₓ (X i)) ⥤ πₓ (TopCat.of (∀ i, X i)) where
  obj g := ⟨fun i => (g i).as⟩
  map p := Path.Homotopic.pi p
  map_id x := by
    change (Path.Homotopic.pi fun i => ⟦_⟧) = _
    simp only [FundamentalGroupoid.id_eq_path_refl, Path.Homotopic.pi_lift]
    rfl
  map_comp f g := (Path.Homotopic.comp_pi_eq_pi_comp f g).symm

",,True,3,"/-- The map taking the pi product of a family of fundamental groupoids to the fundamental
groupoid of the pi product. This is actually an isomorphism (see `piIso`)
-/
@[simps]
def piToPiTop : (∀ i, πₓ (X i)) ⥤ πₓ (TopCat.of (∀ i, X i)) where
  obj g := ⟨fun i => (g i).as⟩
  map p := Path.Homotopic.pi p
  map_id x := by
    change (Path.Homotopic.pi fun i => ⟦_⟧) = _
    simp only [FundamentalGroupoid.id_eq_path_refl, Path.Homotopic.pi_lift]
    rfl
  map_comp f g := (Path.Homotopic.comp_pi_eq_pi_comp f g).symm


",,True,10,Mathlib.AlgebraicTopology.FundamentalGroupoid.Product,Llama-8B,LENGTH,best_of_n,False,0,0.0,FundamentalGroupoidFunctor.piToPiTop,False
-1,False,3,"/-- The map taking the pi product of a family of fundamental groupoids to the fundamental
groupoid of the pi product. This is actually an isomorphism (see `piIso`)
-/
@[simps]
def piToPiTop : (∀ i, πₓ (X i)) ⥤ πₓ (TopCat.of (∀ i, X i)) where
  obj g := ⟨fun i => (g i).as⟩
  map p := Path.Homotopic.pi p
  map_id x := by
    change (Path.Homotopic.pi fun i => ⟦_⟧) = _
    simp only [FundamentalGroupoid.id_eq_path_refl, Path.Homotopic.pi_lift]
    rfl
  map_comp f g := (Path.Homotopic.comp_pi_eq_pi_comp f g).symm

",,True,-1,"/-- The map taking the pi product of a family of fundamental groupoids to the fundamental
groupoid of the pi product. This is actually an isomorphism (see `piIso`)
-/
@[simps]
def piToPiTop : (∀ i, πₓ (X i)) ⥤ πₓ (TopCat.of (∀ i, X i)) where
  obj g := ⟨fun i => (g i).as⟩
  map p := Path.Homotopic.pi p
  map_id x := by
    change (Path.Homotopic.pi fun i => ⟦_⟧) = _
    simp only [FundamentalGroupoid.id_eq_path_refl, Path.Homotopic.pi_lift]
    rfl
  map_comp f g := (Path.HomotOMIC.comp_pi_eq_pi_comp f g).symm


","💥️invalid field notation, type is not of the form (C ...) where C is a constant
  Path
has type
  ?m.2591 → ?m.2591 → Type ?u.2590",False,10,Mathlib.AlgebraicTopology.FundamentalGroupoid.Product,Llama-8B,LENGTH,best_of_n,False,0,-1.0,FundamentalGroupoidFunctor.piToPiTop,False
-1,False,3,"/-- The map taking the pi product of a family of fundamental groupoids to the fundamental
groupoid of the pi product. This is actually an isomorphism (see `piIso`)
-/
@[simps]
def piToPiTop : (∀ i, πₓ (X i)) ⥤ πₓ (TopCat.of (∀ i, X i)) where
  obj g := ⟨fun i => (g i).as⟩
  map p := Path.Homotopic.pi p
  map_id x := by
    change (Path.Homotopic.pi fun i => ⟦_⟧) = _
    simp only [FundamentalGroupoid.id_eq_path_refl, Path.Homotopic.pi_lift]
    rfl
  map_comp f g := (Path.Homotopic.comp_pi_eq_pi_comp f g).symm

",,True,3,"/-- The map taking the pi product of a family of fundamental groupoids to the fundamental
groupoid of the pi product. This is actually an isomorphism (see `piIso`)
-/
@[simps]
def piToPiTop : (∀ i, πₓ (X i)) ⥤ πₓ (TopCat.of (∀ i, X i)) where
  obj g := ⟨fun i => (g i).as⟩
  map p := Path.Homotopic.pi p
  map_id x := by
    change (Path.Homotopic.pi fun i => ⟦_⟧) = _
    simp only [FundamentalGroupoid.id_eq_path_refl, Path.Homotopic.pi_lift]
    rfl
  map_comp f g := (Path.Homotopic.comp_pi_eq_pi_comp f g).symm


",,True,10,Mathlib.AlgebraicTopology.FundamentalGroupoid.Product,Llama-8B,LENGTH,best_of_n,False,0,0.0,FundamentalGroupoidFunctor.piToPiTop,False
-1,False,3,"/-- The map taking the pi product of a family of fundamental groupoids to the fundamental
groupoid of the pi product. This is actually an isomorphism (see `piIso`)
-/
@[simps]
def piToPiTop : (∀ i, πₓ (X i)) ⥤ πₓ (TopCat.of (∀ i, X i)) where
  obj g := ⟨fun i => (g i).as⟩
  map p := Path.Homotopic.pi p
  map_id x := by
    change (Path.Homotopic.pi fun i => ⟦_⟧) = _
    simp only [FundamentalGroupoid.id_eq_path_refl, Path.Homotopic.pi_lift]
    rfl
  map_comp f g := (Path.Homotopic.comp_pi_eq_pi_comp f g).symm

",,True,3,"/-- The map taking the pi product of a family of fundamental groupoids to the fundamental
groupoid of the pi product. This is actually an isomorphism (see `piIso`)
-/
@[simps]
def piToPiTop : (∀ i, πₓ (X i)) ⥤ πₓ (TopCat.of (∀ i, X i)) where
  obj g := ⟨fun i => (g i).as⟩
  map p := Path.Homotopic.pi p
  map_id x := by
    change (Path.Homotopic.pi fun i => ⟦_⟧) = _
    simp only [FundamentalGroupoid.id_eq_path_refl, Path.Homotopic.pi_lift]
    rfl
  map_comp f g := (Path.Homotopic.comp_pi_eq_pi_comp f g).symm


",,True,10,Mathlib.AlgebraicTopology.FundamentalGroupoid.Product,Llama-8B,LENGTH,best_of_n,False,0,0.0,FundamentalGroupoidFunctor.piToPiTop,False
-1,False,16,"/-- Shows `piToPiTop` is an isomorphism, whose inverse is precisely the pi product
of the induced projections. This shows that `fundamentalGroupoidFunctor` preserves products.
-/
@[simps]
def piIso : CategoryTheory.Grpd.of (∀ i : I, πₓ (X i)) ≅ πₓ (TopCat.of (∀ i, X i)) where
  hom := piToPiTop X
  inv := CategoryTheory.Functor.pi' (proj X)
  hom_inv_id := by
    change piToPiTop X ⋙ CategoryTheory.Functor.pi' (proj X) = 𝟭 _
    apply CategoryTheory.Functor.ext ?_ ?_
    · intros; rfl
    · intros; ext; simp
  inv_hom_id := by
    change CategoryTheory.Functor.pi' (proj X) ⋙ piToPiTop X = 𝟭 _
    apply CategoryTheory.Functor.ext
    · intro _ _ f
      suffices Path.Homotopic.pi ((CategoryTheory.Functor.pi' (proj X)).map f) = f by simpa
      change Path.Homotopic.pi (fun i => (CategoryTheory.Functor.pi' (proj X)).map f i) = _
      simp
    · intros; rfl

",,True,-1,"/-- Shows `piToPiTop` is an isomorphism, whose inverse is precisely the pi product
of the induced projections. This shows that `fundamentalGroupoidFunctor` preserves products.
-/
@[simps]
def piIso : CategoryTheory.Grpd.of (∀ i : I, πₓ (X i)) ≅ πₓ (TopCat.of (∀ i, X i)) where
  hom := piToPiTop X
  inv := CategoryTheory.Functor.pi' (proj X)
  hom_inv_id := by
    change piToPiTop X ⋙ CategoryTheory.Functor.pi' (proj X) =    _
    apply CategoryTheory.Functor.ext ?_ ?_
    · intros; rfl
    · intros; ext; simp
  inv_hom_id := by
    change CategoryTheory.Functor.pi' (proj X) ⋙ piToPiTop X =    _
    apply CategoryTheory.Functor.ext
    · intro _ _ f
      suffices Path.Homotopic.pi ((CategoryTheory.Functor.pi' (proj X)).map f) = f by simpa
      change Path.Homotopic.pi (fun i => (CategoryTheory.Functor.pi' (proj X)).map f i) = _
      simp
    · intros; rfl


",💥️expected token,False,10,Mathlib.AlgebraicTopology.FundamentalGroupoid.Product,Llama-8B,LENGTH,best_of_n,False,0,-1.0,FundamentalGroupoidFunctor.piIso,False
-1,False,16,"/-- Shows `piToPiTop` is an isomorphism, whose inverse is precisely the pi product
of the induced projections. This shows that `fundamentalGroupoidFunctor` preserves products.
-/
@[simps]
def piIso : CategoryTheory.Grpd.of (∀ i : I, πₓ (X i)) ≅ πₓ (TopCat.of (∀ i, X i)) where
  hom := piToPiTop X
  inv := CategoryTheory.Functor.pi' (proj X)
  hom_inv_id := by
    change piToPiTop X ⋙ CategoryTheory.Functor.pi' (proj X) = 𝟭 _
    apply CategoryTheory.Functor.ext ?_ ?_
    · intros; rfl
    · intros; ext; simp
  inv_hom_id := by
    change CategoryTheory.Functor.pi' (proj X) ⋙ piToPiTop X = 𝟭 _
    apply CategoryTheory.Functor.ext
    · intro _ _ f
      suffices Path.Homotopic.pi ((CategoryTheory.Functor.pi' (proj X)).map f) = f by simpa
      change Path.Homotopic.pi (fun i => (CategoryTheory.Functor.pi' (proj X)).map f i) = _
      simp
    · intros; rfl

",,True,-1,"/-- Shows `piToPiTop` is an isomorphism, whose inverse is precisely the pi product
of the induced projections. This shows that `fundamentalGroupoidFunctor` preserves products.
-/
@[simps]
def piIso : CategoryTheory.Grpd.of (∀ i : I, πₓ (X i)) ≅ πₓ (TopCat.of (∀ i, X i)) :=
  Inducing.continuousSMul.of (mapTo groupIso (by aesop) (by aesop))
  hom := piToPiTop X
  hom_inv_id := by
    change piToPiTop X ⋙ CategoryTheory.Functor.pi' (proj X) =    _
    apply CategoryTheory.Functor.ext ?_ ?_
    · intro _ _ f
      suffices Path.Homotomic.pi ((CategoryTheory.Functor.pi' (proj X)).map f) = f by simpa
      change Path.Homotopic.pi (fun i => (CategoryTheory.Functor.pi' (proj X)).map f i) = _
      simp
    · intro _ _ ext
      simp
  inv_hom_id := by
    change CategoryTheory.Functor.pi' (proj X) ⋙ piToPiTop X =    _
    apply CategoryTheory.Functor.ext
    · intro _ _ f
      suffices Path.Homotomic.pi ((CategoryTheory.Functor.pi' (proj X)).map f) = f by simpa
      change Path.Homotmonic.pi (fun i => (CategoryTheory.Functor.pi' (proj X)).map f i) = _
      simp
    · intro _ _ ext
      simp
","💥️invalid field notation, type is not of the form (C ...) where C is a constant
  Inducing.continuousSMul
has type
  Topology.IsInducing ?m.3893 →
    Continuous ?m.4069 →
      (∀ {c : ?m.3894} {x : ?m.3607}, ?m.3893 (c • x) = ?m.4069 c • ?m.3893 x) → ContinuousSMul ?m.3894 ?m.3607",False,10,Mathlib.AlgebraicTopology.FundamentalGroupoid.Product,Llama-8B,LENGTH,best_of_n,False,0,-1.0,FundamentalGroupoidFunctor.piIso,False
-1,False,16,"/-- Shows `piToPiTop` is an isomorphism, whose inverse is precisely the pi product
of the induced projections. This shows that `fundamentalGroupoidFunctor` preserves products.
-/
@[simps]
def piIso : CategoryTheory.Grpd.of (∀ i : I, πₓ (X i)) ≅ πₓ (TopCat.of (∀ i, X i)) where
  hom := piToPiTop X
  inv := CategoryTheory.Functor.pi' (proj X)
  hom_inv_id := by
    change piToPiTop X ⋙ CategoryTheory.Functor.pi' (proj X) = 𝟭 _
    apply CategoryTheory.Functor.ext ?_ ?_
    · intros; rfl
    · intros; ext; simp
  inv_hom_id := by
    change CategoryTheory.Functor.pi' (proj X) ⋙ piToPiTop X = 𝟭 _
    apply CategoryTheory.Functor.ext
    · intro _ _ f
      suffices Path.Homotopic.pi ((CategoryTheory.Functor.pi' (proj X)).map f) = f by simpa
      change Path.Homotopic.pi (fun i => (CategoryTheory.Functor.pi' (proj X)).map f i) = _
      simp
    · intros; rfl

",,True,-1,"/-- Shows `piToPiTop` is an isomorphism, whose inverse is precisely the pi product
of the induced projections. This shows that `fundamentalGroupoidFunctor` preserves products.
-/
@[simp]
piIso : CategoryTheory.Grpd.of (∀ i : I, πₓ (X i)) ≅ πₓ (TopCat.of (∀ i, X i)) where
  hom := piToPiTop X
  inv := CategoryTheory.Functor.pi' (proj X)
  hom_inv_id := by
    change piToPiTop X ⋙ CategoryTheory.Functor.pi' (proj X) =    _
    apply CategoryTheory.Functor.ext ?_ ?_
    · intro; rfl
    · intro _ _ f
      suffices Path.Homotopic.pi ((CategoryTheory.Functor.pi' (proj X)).map f) = f by simpa
      change Path.Homotopic.pi (fun i => (CategoryTheory.Functor.pi' (proj X)).map f i) = _
      simp
  inv_hom_id := by
    change CategoryTheory.Functor.pi' (proj X) ⋙ piToPiTop X =    _
    apply CategoryTheory.Functor.ext
    · intro _ _ f
      suffices Path.Homotopic.pi ((CategoryTheory.Functor.pi' (proj X)).map f) = f by simpa
      change Path.Homotopic.pi (fun i => (CategoryTheory.Functor.pi' (proj X)).map f i) = _
      simp
    · intros; rfl


",💥️unexpected identifier; expected 'lemma',False,10,Mathlib.AlgebraicTopology.FundamentalGroupoid.Product,Llama-8B,LENGTH,best_of_n,False,0,-1.0,FundamentalGroupoidFunctor.piIso,False
-1,False,16,"/-- Shows `piToPiTop` is an isomorphism, whose inverse is precisely the pi product
of the induced projections. This shows that `fundamentalGroupoidFunctor` preserves products.
-/
@[simps]
def piIso : CategoryTheory.Grpd.of (∀ i : I, πₓ (X i)) ≅ πₓ (TopCat.of (∀ i, X i)) where
  hom := piToPiTop X
  inv := CategoryTheory.Functor.pi' (proj X)
  hom_inv_id := by
    change piToPiTop X ⋙ CategoryTheory.Functor.pi' (proj X) = 𝟭 _
    apply CategoryTheory.Functor.ext ?_ ?_
    · intros; rfl
    · intros; ext; simp
  inv_hom_id := by
    change CategoryTheory.Functor.pi' (proj X) ⋙ piToPiTop X = 𝟭 _
    apply CategoryTheory.Functor.ext
    · intro _ _ f
      suffices Path.Homotopic.pi ((CategoryTheory.Functor.pi' (proj X)).map f) = f by simpa
      change Path.Homotopic.pi (fun i => (CategoryTheory.Functor.pi' (proj X)).map f i) = _
      simp
    · intros; rfl

",,True,-1,"/-- Shows `piToPiTop` is an isomorphism, whose inverse is precisely the pi product
of the induced projections. This shows that `fundamentalGroupoidFunctor` preserves products.
-/
@[simp]
def piIso : CategoryTheory.Grpd.of (∀ i : I, πₓ (X i)) ≅ πₓ (TopCat.of (∀ i, X i)) where
  hom := piToPiTop X
  inv := CategoryTheory.Functor.pi' (proj X)
  hom_inv_id := by
    change piToPiTop X ⋙ CategoryTheory.Functor.pi' (proj X) =    _
    apply CategoryTheory.Functor.ext ?_ ?_
    · intros; rfl
    · intros; ext; simp
  inv_hom_id := by
    change CategoryTheory.Functor.pi' (proj X) ⋙ piToPiTop X =    _
    apply CategoryTheory.Functor.ext
    · intro _ _ f
      suffices Path.Homotopic.pi ((CategoryTheory.Functor.pi' (proj X)).map f) = f by simpa
      change Path.Homotopic.pi (fun i => (CategoryTheory.Functor.pi' (proj X)).map f i) = _
      simp
    · intros; rfl

",💥️expected token,False,10,Mathlib.AlgebraicTopology.FundamentalGroupoid.Product,Llama-8B,LENGTH,best_of_n,False,0,-1.0,FundamentalGroupoidFunctor.piIso,False
-1,False,16,"/-- Shows `piToPiTop` is an isomorphism, whose inverse is precisely the pi product
of the induced projections. This shows that `fundamentalGroupoidFunctor` preserves products.
-/
@[simps]
def piIso : CategoryTheory.Grpd.of (∀ i : I, πₓ (X i)) ≅ πₓ (TopCat.of (∀ i, X i)) where
  hom := piToPiTop X
  inv := CategoryTheory.Functor.pi' (proj X)
  hom_inv_id := by
    change piToPiTop X ⋙ CategoryTheory.Functor.pi' (proj X) = 𝟭 _
    apply CategoryTheory.Functor.ext ?_ ?_
    · intros; rfl
    · intros; ext; simp
  inv_hom_id := by
    change CategoryTheory.Functor.pi' (proj X) ⋙ piToPiTop X = 𝟭 _
    apply CategoryTheory.Functor.ext
    · intro _ _ f
      suffices Path.Homotopic.pi ((CategoryTheory.Functor.pi' (proj X)).map f) = f by simpa
      change Path.Homotopic.pi (fun i => (CategoryTheory.Functor.pi' (proj X)).map f i) = _
      simp
    · intros; rfl

",,True,-1,"/-- Shows `piToPiTop` is an isomorphism, whose inverse is precisely the pi product
of the induced projections. This shows that `fundamentalGroupoidFunctor` preserves products.
-/
@[simps]
def piIso : CategoryTheory.Grpd.of (∀ i : I, πₓ (X i)) ≅ πₓ (TopCat.of (∀ i, X i)) where
  hom := piToPiTop X
  inv := CategoryTheory.Functor.pi' (proj X)
  hom_inv_id := by
    change piToPiTop X ⋙ CategoryTheory.Functor.pi' (proj X) =    _
    apply CategoryTheory.Functor.ext ?_ ?_
    · intro i; rfl
    · intros; ext; simp
  inv_hom_id := by
    change CategoryTheory.Functor.pi' (proj X) ⋙ piToPiTop X =    _
    apply CategoryTheory.Functor.ext
    · intro _ _ f
      suffices Path.Homotopic.pi ((CategoryTheory.Functor.pi' (proj X)).map f) = f by simpa
      change Path.Homotopic.pi (fun i => (CategoryTheory.Functor.pi' (proj X)).map f i) = _
      simp
    · intro _ _ f; rfl


",💥️expected token,False,10,Mathlib.AlgebraicTopology.FundamentalGroupoid.Product,Llama-8B,LENGTH,best_of_n,False,0,-1.0,FundamentalGroupoidFunctor.piIso,False
-1,False,16,"/-- Shows `piToPiTop` is an isomorphism, whose inverse is precisely the pi product
of the induced projections. This shows that `fundamentalGroupoidFunctor` preserves products.
-/
@[simps]
def piIso : CategoryTheory.Grpd.of (∀ i : I, πₓ (X i)) ≅ πₓ (TopCat.of (∀ i, X i)) where
  hom := piToPiTop X
  inv := CategoryTheory.Functor.pi' (proj X)
  hom_inv_id := by
    change piToPiTop X ⋙ CategoryTheory.Functor.pi' (proj X) = 𝟭 _
    apply CategoryTheory.Functor.ext ?_ ?_
    · intros; rfl
    · intros; ext; simp
  inv_hom_id := by
    change CategoryTheory.Functor.pi' (proj X) ⋙ piToPiTop X = 𝟭 _
    apply CategoryTheory.Functor.ext
    · intro _ _ f
      suffices Path.Homotopic.pi ((CategoryTheory.Functor.pi' (proj X)).map f) = f by simpa
      change Path.Homotopic.pi (fun i => (CategoryTheory.Functor.pi' (proj X)).map f i) = _
      simp
    · intros; rfl

",,True,-1,"/-- Shows `piToPiTop` is an isomorphism, whose inverse is precisely the pi product
of the induced projections. This shows that `fundamentalGroupoidFunctor` preserves products.
-/
@[simps]
def piIso : CategoryTheory.Grpd.of (∀ i : I, πₓ (X i)) ≅ πₓ (TopCat.of (∀ i, X i)) where
  hom := piToPiTop X
  inv := CategoryTheory.Functor.pi' (proj X)
  hom_inv_id := by
    change piToPiTop X ⋙ CategoryTheory.Functor.pi' (proj X) =    _
    apply CategoryTheory.Functor.ext ?_ ?_
    · intro; rfl
    · intro _ _ f; ext f
      change Path.Homotopic.pi ((CategoryTheory.Functor.pi' (proj X)).map f) = f by simpa
      change Path.Homotopic.pi (fun i => (CategoryTheory.Functor.pi' (proj X)).map f i) = _
      simp
  inv_hom_id := by
    change CategoryTheory.Functor.pi' (proj X) ⋙ piToPiTop X =    _
    apply CategoryTheory.Functor.ext
    · intro _ _ f
      suffices Path.Homotopic.pi ((CategoryTheory.Functor.pi' (proj X)).map f) = f by simpa
      change Path.Homotopic.pi (fun i => (CategoryTheory.Functor.pi' (proj X)).map f i) = _
      simp
    · intro _ _ f; ext f
      change f = (((CategoryTheory.Functor.pi' (proj X)).map f).pi((...)).f by simpa
      change _ = fisiblePiTop (fun i => (CategoryTheory.Functor.pi' (proj X)).map f i) by simp
",💥️expected token,False,10,Mathlib.AlgebraicTopology.FundamentalGroupoid.Product,Llama-8B,LENGTH,best_of_n,False,0,-1.0,FundamentalGroupoidFunctor.piIso,False
-1,False,16,"/-- Shows `piToPiTop` is an isomorphism, whose inverse is precisely the pi product
of the induced projections. This shows that `fundamentalGroupoidFunctor` preserves products.
-/
@[simps]
def piIso : CategoryTheory.Grpd.of (∀ i : I, πₓ (X i)) ≅ πₓ (TopCat.of (∀ i, X i)) where
  hom := piToPiTop X
  inv := CategoryTheory.Functor.pi' (proj X)
  hom_inv_id := by
    change piToPiTop X ⋙ CategoryTheory.Functor.pi' (proj X) = 𝟭 _
    apply CategoryTheory.Functor.ext ?_ ?_
    · intros; rfl
    · intros; ext; simp
  inv_hom_id := by
    change CategoryTheory.Functor.pi' (proj X) ⋙ piToPiTop X = 𝟭 _
    apply CategoryTheory.Functor.ext
    · intro _ _ f
      suffices Path.Homotopic.pi ((CategoryTheory.Functor.pi' (proj X)).map f) = f by simpa
      change Path.Homotopic.pi (fun i => (CategoryTheory.Functor.pi' (proj X)).map f i) = _
      simp
    · intros; rfl

",,True,-1,"/-- Shows `piToPiTop` is an isomorphism, whose inverse is precisely the pi product
of the induced projections. This shows that `fundamentalGroupoidFunctor` preserves products.
-/
@[simps]
def piIso : CategoryTheory.Grpd.of (∀ i : I, πₓ (X i)) ≅ πₓ (TopCat.of (∀ i, X i)) where
  hom := piToPiTop X
  inv := CategoryTheory.Functor.pi' (proj X)
  hom_inv_id := by
    change piToPiTop X ⋙ CategoryTheory.Functor.pi' (proj X) =    _
    apply CategoryTheory.Functor.ext ?_ ?_
    · intros; rfl
    · intros; ext; simp
  inv_hom_id := by
    change CategoryTheory.Functor.pi' (proj X) ⋙ piToPiTop X =    _
    apply CategoryTheory.Functor.ext
    · intro _ _ f
      suffices Path.Homotomic.pi ((CategoryTheory.Functor.pi' (proj X)).map f) = f by simpa
      change Path.Homotomic.pi (fun i => (CategoryTheory.Functor.pi' (proj X)).map f i) = _
      simp
    · intros; rfl


",💥️expected token,False,10,Mathlib.AlgebraicTopology.FundamentalGroupoid.Product,Llama-8B,LENGTH,best_of_n,False,0,-1.0,FundamentalGroupoidFunctor.piIso,False
-1,False,16,"/-- Shows `piToPiTop` is an isomorphism, whose inverse is precisely the pi product
of the induced projections. This shows that `fundamentalGroupoidFunctor` preserves products.
-/
@[simps]
def piIso : CategoryTheory.Grpd.of (∀ i : I, πₓ (X i)) ≅ πₓ (TopCat.of (∀ i, X i)) where
  hom := piToPiTop X
  inv := CategoryTheory.Functor.pi' (proj X)
  hom_inv_id := by
    change piToPiTop X ⋙ CategoryTheory.Functor.pi' (proj X) = 𝟭 _
    apply CategoryTheory.Functor.ext ?_ ?_
    · intros; rfl
    · intros; ext; simp
  inv_hom_id := by
    change CategoryTheory.Functor.pi' (proj X) ⋙ piToPiTop X = 𝟭 _
    apply CategoryTheory.Functor.ext
    · intro _ _ f
      suffices Path.Homotopic.pi ((CategoryTheory.Functor.pi' (proj X)).map f) = f by simpa
      change Path.Homotopic.pi (fun i => (CategoryTheory.Functor.pi' (proj X)).map f i) = _
      simp
    · intros; rfl

",,True,-1,"/-- Shows `piToPiTop` is an isomorphism, whose inverse is precisely the pi product
of the induced projections. This shows that `fundamentalGroupoidFunctor` preserves products.
-/
@[simp]
def piIso : Isomorphism (C := TopCat) where
  hom := piToPiTop X
  inv := CategoryTheory.Functor.pi' (proj X)
  hom_inv_id := by
    change piToPiTop X ⋙ CategoryTheory.Functor.pi' (proj X) =    _
    apply CategoryTheory.Functor.ext ?_ ?_
    · intro _ _ f; rfl
    · intro _ _ f; ext; simp
  inv_hom_id := by
    change CategoryTheory.Functor.pi' (proj X) ⋙ piToPiTop X =    _
    apply CategoryTheory.Functor.ext
    · intro _ _ f
      suffices Path.Homotolic.pi ((CategoryTheory.Functor.pi' (proj X)).map f) = f by simpa
      change Path.Homotolic.pi (fun i => (CategoryTheory.Functor.pi' (proj X)).map f i) = _
      simp
    · intro _ _ f; rfl


","💥️expected token

💥️invalid argument name 'C' for function",False,10,Mathlib.AlgebraicTopology.FundamentalGroupoid.Product,Llama-8B,LENGTH,best_of_n,False,0,-1.0,FundamentalGroupoidFunctor.piIso,False
-1,False,16,"/-- Shows `piToPiTop` is an isomorphism, whose inverse is precisely the pi product
of the induced projections. This shows that `fundamentalGroupoidFunctor` preserves products.
-/
@[simps]
def piIso : CategoryTheory.Grpd.of (∀ i : I, πₓ (X i)) ≅ πₓ (TopCat.of (∀ i, X i)) where
  hom := piToPiTop X
  inv := CategoryTheory.Functor.pi' (proj X)
  hom_inv_id := by
    change piToPiTop X ⋙ CategoryTheory.Functor.pi' (proj X) = 𝟭 _
    apply CategoryTheory.Functor.ext ?_ ?_
    · intros; rfl
    · intros; ext; simp
  inv_hom_id := by
    change CategoryTheory.Functor.pi' (proj X) ⋙ piToPiTop X = 𝟭 _
    apply CategoryTheory.Functor.ext
    · intro _ _ f
      suffices Path.Homotopic.pi ((CategoryTheory.Functor.pi' (proj X)).map f) = f by simpa
      change Path.Homotopic.pi (fun i => (CategoryTheory.Functor.pi' (proj X)).map f i) = _
      simp
    · intros; rfl

",,True,-1,"/-- Shows `piToPiTop` is an isomorphism, whose inverse is precisely the pi product
of the induced projections. This shows that `fundamentalGroupoidFunctor` preserves products.
-/
@[simps]
def piIso : CategoryTheory.Grpd.of (∀ i : I, πₓ (X i)) ≅ πₓ (TopCat.of (∀ i, X i)) where
  hom := piToPiTop X
  inv := CategoryTheory.Functor.pi' (proj X)
  hom_inv_id := by
    change piToPiTop X ⋙ CategoryTheory.Functor.pi' (proj X) =    _
    apply CategoryTheory.Functor.ext ?_ ?_
    · intros; rfl
    · intros; ext; simp
  inv_hom_id := by
    change CategoryTheory.Functor.pi' (proj X) ⋙ piToPiTop X =    _
    apply CategoryTheory.Functor.ext
    · intro _ _ f
      suffices Path.Homotopic.pi ((CategoryTheory.Functor.pi' (proj X)).map f) = f by simpa
      change Path.Homotopic.pi (fun i => (CategoryTheory.Functor.pi' (proj X)).map f i) = _
      simp
    · intros; rfl


",💥️expected token,False,10,Mathlib.AlgebraicTopology.FundamentalGroupoid.Product,Llama-8B,LENGTH,best_of_n,False,0,-1.0,FundamentalGroupoidFunctor.piIso,False
-1,False,16,"/-- Shows `piToPiTop` is an isomorphism, whose inverse is precisely the pi product
of the induced projections. This shows that `fundamentalGroupoidFunctor` preserves products.
-/
@[simps]
def piIso : CategoryTheory.Grpd.of (∀ i : I, πₓ (X i)) ≅ πₓ (TopCat.of (∀ i, X i)) where
  hom := piToPiTop X
  inv := CategoryTheory.Functor.pi' (proj X)
  hom_inv_id := by
    change piToPiTop X ⋙ CategoryTheory.Functor.pi' (proj X) = 𝟭 _
    apply CategoryTheory.Functor.ext ?_ ?_
    · intros; rfl
    · intros; ext; simp
  inv_hom_id := by
    change CategoryTheory.Functor.pi' (proj X) ⋙ piToPiTop X = 𝟭 _
    apply CategoryTheory.Functor.ext
    · intro _ _ f
      suffices Path.Homotopic.pi ((CategoryTheory.Functor.pi' (proj X)).map f) = f by simpa
      change Path.Homotopic.pi (fun i => (CategoryTheory.Functor.pi' (proj X)).map f i) = _
      simp
    · intros; rfl

",,True,-1,"/-- Shows `piToPiTop` is an isomorphism, whose inverse is precisely the pi product
of the induced projections. This shows that `fundamentalGroupoidFunctor` preserves products.
-/
@[simps]
def piIso : CategoryTheory.Grpd.of (∀ i : I, πₓ (X i)) ≅ πₓ (TopCat.of (∀ i, X i)) where
  hom := piToPiTop X
  inv := CategoryTheory.Functor.pi' (proj X)
  hom_inv_id := by
    change piToPiTop X ⋙ CategoryTheory.Functor.pi' (proj X) =    _
    apply CategoryTheory.Functor.ext ?_ ?_
    · intros; rfl
    · intros; ext; simp
  inv_hom_id := by
    change CategoryTheory.Functor.pi' (proj X) ⋙ piToPiTop X =    _
    apply CategoryTheory.Functor.ext
    · intro _ _ f
      suffices Path.Homotopic.pi ((CategoryTheory.Functor.pi' (proj X)).map f) = f by simpa
      change Path.Homotopic.pi (fun i => (CategoryTheory.Functor.pi' (proj X)).map f i) = _
      simp
    · intros; rfl


",💥️expected token,False,10,Mathlib.AlgebraicTopology.FundamentalGroupoid.Product,Llama-8B,LENGTH,best_of_n,False,0,-1.0,FundamentalGroupoidFunctor.piIso,False
-1,False,5,"/-- The fundamental groupoid functor preserves products -/
lemma preservesProduct : Limits.PreservesLimit (Discrete.functor X) π := by
  -- Porting note: check universe parameters here
  apply Limits.preservesLimit_of_preserves_limit_cone (TopCat.piFanIsLimit.{u,u} X)
  apply (Limits.IsLimit.ofConeEquiv (coneDiscreteComp X)).toFun
  simp only [coneDiscreteComp_obj_mapCone]
  apply Limits.IsLimit.ofIsoLimit _ (asIso (piTopToPiCone X)).symm
  exact Grpd.piLimitFanIsLimit _

",,True,-1,"/-- The fundamental groupoid functor preserves products -/
lemma preservesProduct : Limits.PreservesLimit (Discrete.functor X) π := by
  -- Porting note: check universe parameters here
  apply Limits.preservesLimit_of_preserves_limit_cone (TopCat.piFanIsLimit.{u£o} X)
  apply (Limits.IsLimit.ofConeEquiv (coneDiscreteComp X)).toFun
  apply Limits.IsLimit.ofIsoLimit _ (asIso (piTopToPiCone X)).symm
  exact Grpd.piLimitFanIsLimit _


","💥️expected token

💥️application type mismatch
  Limits.preservesLimit_of_preserves_limit_cone TopCat.piFanIsLimit
argument
  TopCat.piFanIsLimit
has type
  (α : ?m.15401 → TopCat) → Limits.IsLimit (TopCat.piFan α) : Type (max (u + 1) (?u.15400 + 1))
but is expected to have type
  Limits.IsLimit ?m.15399 : Type (max (max ?u.15389 ?u.15386) ?u.15388)",False,10,Mathlib.AlgebraicTopology.FundamentalGroupoid.Product,Llama-8B,LENGTH,best_of_n,False,0,-1.0,FundamentalGroupoidFunctor.preservesProduct,False
-1,False,5,"/-- The fundamental groupoid functor preserves products -/
lemma preservesProduct : Limits.PreservesLimit (Discrete.functor X) π := by
  -- Porting note: check universe parameters here
  apply Limits.preservesLimit_of_preserves_limit_cone (TopCat.piFanIsLimit.{u,u} X)
  apply (Limits.IsLimit.ofConeEquiv (coneDiscreteComp X)).toFun
  simp only [coneDiscreteComp_obj_mapCone]
  apply Limits.IsLimit.ofIsoLimit _ (asIso (piTopToPiCone X)).symm
  exact Grpd.piLimitFanIsLimit _

",,True,4,"/-- The fundamental groupoid functor preserves products -/
lemma preservesProduct : Limits.PreservesLimit (Discrete.functor X) π := by
  -- Porting note: check universe parameters here
  apply Limits.preservesLimit_of_preserves_limit_cone (TopCat.piFanIsLimit.{u, u} X)
  apply (Limits.IsLimit.ofConeEquiv (coneDiscreteComp X)).toFun
  apply Limits.IsLimit.ofIsoLimit _ (asIso (piTopToPiCone X)).symm
  exact Grpd.piLimitFanIsLimit _


",,True,10,Mathlib.AlgebraicTopology.FundamentalGroupoid.Product,Llama-8B,LENGTH,best_of_n,False,0,0.2,FundamentalGroupoidFunctor.preservesProduct,False
-1,False,5,"/-- The fundamental groupoid functor preserves products -/
lemma preservesProduct : Limits.PreservesLimit (Discrete.functor X) π := by
  -- Porting note: check universe parameters here
  apply Limits.preservesLimit_of_preserves_limit_cone (TopCat.piFanIsLimit.{u,u} X)
  apply (Limits.IsLimit.ofConeEquiv (coneDiscreteComp X)).toFun
  simp only [coneDiscreteComp_obj_mapCone]
  apply Limits.IsLimit.ofIsoLimit _ (asIso (piTopToPiCone X)).symm
  exact Grpd.piLimitFanIsLimit _

",,True,4,"/-- The fundamental groupoid functor preserves products -/
lemma preservesProduct : Limits.PreservesLimit (Discrete.functor X) π := by
  -- Porting note: check universe parameters here
  apply Limits.preservesLimit_of_preserves_limit_cone (TopCat.piFanIsLimit.{u,u} X)
  apply (Limits.IsLimit.ofConeEquiv (coneDiscreteComp X)).toFun
  apply Limits.IsLimit.ofIsoLimit _ (asIso (piTopToPiCone X)).symm
  exact Grpd.piLimitFanIsLimit _


",,True,10,Mathlib.AlgebraicTopology.FundamentalGroupoid.Product,Llama-8B,LENGTH,best_of_n,False,0,0.2,FundamentalGroupoidFunctor.preservesProduct,False
-1,False,5,"/-- The fundamental groupoid functor preserves products -/
lemma preservesProduct : Limits.PreservesLimit (Discrete.functor X) π := by
  -- Porting note: check universe parameters here
  apply Limits.preservesLimit_of_preserves_limit_cone (TopCat.piFanIsLimit.{u,u} X)
  apply (Limits.IsLimit.ofConeEquiv (coneDiscreteComp X)).toFun
  simp only [coneDiscreteComp_obj_mapCone]
  apply Limits.IsLimit.ofIsoLimit _ (asIso (piTopToPiCone X)).symm
  exact Grpd.piLimitFanIsLimit _

",,True,5,"/-- The fundamental groupoid functor preserves products -/
lemma preservesProduct : Limits.PreservesLimit (Discrete.functor X) π := by
  -- Porting note: check universe parameters here
  apply Limits.preservesLimit_of_preserves_limit_cone (TopCat.piFanIsLimit.{u, u} X)
  apply (Limits.IsLimit.ofConeEquiv (coneDiscreteComp X)).toFun
  simp only [coneDiscreteComp_obj_mapCone]
  apply Limits.IsLimit.ofIsoLimit _ (asIso (piTopToPiCone X)).symm
  exact Grpd.piLimitFanIsLimit _
",,True,10,Mathlib.AlgebraicTopology.FundamentalGroupoid.Product,Llama-8B,LENGTH,best_of_n,False,0,0.0,FundamentalGroupoidFunctor.preservesProduct,False
-1,False,5,"/-- The fundamental groupoid functor preserves products -/
lemma preservesProduct : Limits.PreservesLimit (Discrete.functor X) π := by
  -- Porting note: check universe parameters here
  apply Limits.preservesLimit_of_preserves_limit_cone (TopCat.piFanIsLimit.{u,u} X)
  apply (Limits.IsLimit.ofConeEquiv (coneDiscreteComp X)).toFun
  simp only [coneDiscreteComp_obj_mapCone]
  apply Limits.IsLimit.ofIsoLimit _ (asIso (piTopToPiCone X)).symm
  exact Grpd.piLimitFanIsLimit _

",,True,4,"/-- The fundamental groupoid functor preserves products -/
lemma preservesProduct : Limits.PreservesLimit (Discrete.functor X) π := by
  -- Porting note: check universe parameters here
  apply Limits.preservesLimit_of_preserves_limit_cone (TopCat.piFanIsLimit.{u, u} X)
  apply (Limits.IsLimit.ofConeEquiv (coneDiscreteComp X)).toFun
  apply Limits.IsLimit.ofIsoLimit _ (asIso (piTopToPiCone X)).symm
  exact Grpd.piLimitFanIsLimit _
",,True,10,Mathlib.AlgebraicTopology.FundamentalGroupoid.Product,Llama-8B,LENGTH,best_of_n,False,0,0.2,FundamentalGroupoidFunctor.preservesProduct,False
-1,False,5,"/-- The fundamental groupoid functor preserves products -/
lemma preservesProduct : Limits.PreservesLimit (Discrete.functor X) π := by
  -- Porting note: check universe parameters here
  apply Limits.preservesLimit_of_preserves_limit_cone (TopCat.piFanIsLimit.{u,u} X)
  apply (Limits.IsLimit.ofConeEquiv (coneDiscreteComp X)).toFun
  simp only [coneDiscreteComp_obj_mapCone]
  apply Limits.IsLimit.ofIsoLimit _ (asIso (piTopToPiCone X)).symm
  exact Grpd.piLimitFanIsLimit _

",,True,-1,"/-- The fundamental groupoid functor preserves products -/
lemma preservesProduct : Limits.PreservesLimit (Discrete.functor X) π :=
  (piLimitFanIsLimit X).id ℕ
",💥️unknown identifier 'piLimitFanIsLimit',False,10,Mathlib.AlgebraicTopology.FundamentalGroupoid.Product,Llama-8B,LENGTH,best_of_n,False,0,-1.0,FundamentalGroupoidFunctor.preservesProduct,False
-1,False,5,"/-- The fundamental groupoid functor preserves products -/
lemma preservesProduct : Limits.PreservesLimit (Discrete.functor X) π := by
  -- Porting note: check universe parameters here
  apply Limits.preservesLimit_of_preserves_limit_cone (TopCat.piFanIsLimit.{u,u} X)
  apply (Limits.IsLimit.ofConeEquiv (coneDiscreteComp X)).toFun
  simp only [coneDiscreteComp_obj_mapCone]
  apply Limits.IsLimit.ofIsoLimit _ (asIso (piTopToPiCone X)).symm
  exact Grpd.piLimitFanIsLimit _

",,True,-1,"/-- The fundamental groupoid functor preserves products -/
lemma preservesProduct : Limits.PreservesLimit (Discrete.functor X) π := by
  -- Porting note: check universe parameters here
  apply Limits.preservesLimit_of_preserves_limit_cone (TopCat.piFanIsLimit.{u, u} X)
  apply (Limits.IsLimit.ofConeEquiv (coneDiscreteComp X)).toFun
  simpa [coneDiscreteComp_obj_mapCone] using Limits.IsLimit.ofIsoLimit _ <| Grpd.piLimitFanIsLimit _, _
","💥️application type mismatch
  Limits.IsLimit.ofIsoLimit ?m.15931 (Grpd.piLimitFanIsLimit ?m.15934)
argument
  Grpd.piLimitFanIsLimit ?m.15934
has type
  Limits.IsLimit (Grpd.piLimitFan ?m.15934) : Type (?u.15932 + 1)
but is expected to have type
  ?m.15929 ≅ ?m.15930 : Type ?u.15922

💥️unsolved goals
I : Type u
X : I → TopCat
h✝ : Limits.IsLimit (Limits.Fan.mk (π.obj (TopCat.of ((i : I) → ↑(X i)))) (proj X))
⊢ Limits.IsLimit (Limits.Fan.mk (π.obj (TopCat.of ((i : I) → ↑(X i)))) (proj X))

💥️(kernel) declaration has metavariables 'FundamentalGroupoidFunctor.preservesProduct'",False,10,Mathlib.AlgebraicTopology.FundamentalGroupoid.Product,Llama-8B,LENGTH,best_of_n,False,0,-1.0,FundamentalGroupoidFunctor.preservesProduct,False
-1,False,5,"/-- The fundamental groupoid functor preserves products -/
lemma preservesProduct : Limits.PreservesLimit (Discrete.functor X) π := by
  -- Porting note: check universe parameters here
  apply Limits.preservesLimit_of_preserves_limit_cone (TopCat.piFanIsLimit.{u,u} X)
  apply (Limits.IsLimit.ofConeEquiv (coneDiscreteComp X)).toFun
  simp only [coneDiscreteComp_obj_mapCone]
  apply Limits.IsLimit.ofIsoLimit _ (asIso (piTopToPiCone X)).symm
  exact Grpd.piLimitFanIsLimit _

",,True,5,"/-- The fundamental groupoid functor preserves products -/
lemma preservesProduct : Limits.PreservesLimit (Discrete.functor X) π := by
  -- Porting note: check universe parameters here
  apply Limits.preservesLimit_of_preserves_limit_cone (TopCat.piFanIsLimit.{u, u} X)
  apply (Limits.IsLimit.ofConeEquiv (coneDiscreteComp X)).toFun
  simp only [coneDiscreteComp_obj_mapCone]
  apply Limits.IsLimit.ofIsoLimit _ (asIso (piTopToPiCone X)).symm
  exact Grpd.piLimitFanIsLimit _
",,True,10,Mathlib.AlgebraicTopology.FundamentalGroupoid.Product,Llama-8B,LENGTH,best_of_n,False,0,0.0,FundamentalGroupoidFunctor.preservesProduct,False
-1,False,5,"/-- The fundamental groupoid functor preserves products -/
lemma preservesProduct : Limits.PreservesLimit (Discrete.functor X) π := by
  -- Porting note: check universe parameters here
  apply Limits.preservesLimit_of_preserves_limit_cone (TopCat.piFanIsLimit.{u,u} X)
  apply (Limits.IsLimit.ofConeEquiv (coneDiscreteComp X)).toFun
  simp only [coneDiscreteComp_obj_mapCone]
  apply Limits.IsLimit.ofIsoLimit _ (asIso (piTopToPiCone X)).symm
  exact Grpd.piLimitFanIsLimit _

",,True,-1,"/-- The fundamental groupoid functor preserves products -/
lemma preservesProduct : Limits.PreservesLimit (Discrete.functor X) π := by
  -- Porting note: check universe parameters here
  apply Limits.preservesLimit_of_preserves_limit_cone (TopCat.piFanIsLimit.{u devastated Darren's misogyn.decreasingly platinum observations>.}
  apply (Limits.IsLimit.ofConeEquiv (coneDiscreteComp X)).toFun
  simp only [coneDiscreteComp_obj_mapCone]
  apply Limits.IsLimit.ofIsoLimit _ (asIso (piTopToPiCone X)).symm
  exact Grpd.piLimitFanIsLimit _


","💥️unexpected identifier; expected '}'

💥️application type mismatch
  Limits.preservesLimit_of_preserves_limit_cone TopCat.piFanIsLimit
argument
  TopCat.piFanIsLimit
has type
  (α : ?m.15401 → TopCat) → Limits.IsLimit (TopCat.piFan α) : Type (max (u + 1) (?u.15400 + 1))
but is expected to have type
  Limits.IsLimit ?m.15399 : Type (max (max ?u.15389 ?u.15386) ?u.15388)",False,10,Mathlib.AlgebraicTopology.FundamentalGroupoid.Product,Llama-8B,LENGTH,best_of_n,False,0,-1.0,FundamentalGroupoidFunctor.preservesProduct,False
-1,False,5,"/-- The fundamental groupoid functor preserves products -/
lemma preservesProduct : Limits.PreservesLimit (Discrete.functor X) π := by
  -- Porting note: check universe parameters here
  apply Limits.preservesLimit_of_preserves_limit_cone (TopCat.piFanIsLimit.{u,u} X)
  apply (Limits.IsLimit.ofConeEquiv (coneDiscreteComp X)).toFun
  simp only [coneDiscreteComp_obj_mapCone]
  apply Limits.IsLimit.ofIsoLimit _ (asIso (piTopToPiCone X)).symm
  exact Grpd.piLimitFanIsLimit _

",,True,5,"/-- The fundamental groupoid functor preserves products -/
lemma preservesProduct : Limits.PreservesLimit (Discrete.functor X) π := by
  -- Porting note: check universe parameters here
  apply Limits.preservesLimit_of_preserves_limit_cone (TopCat.piFanIsLimit.{u, u} X)
  apply (Limits.IsLimit.ofConeEquiv (coneDiscreteComp X)).toFun
  simp only [coneDiscreteComp_obj_mapCone]
  apply Limits.IsLimit.ofIsoLimit _ (asIso (piTopToPiCone X)).symm
  exact Grpd.piLimitFanIsLimit _


",,True,10,Mathlib.AlgebraicTopology.FundamentalGroupoid.Product,Llama-8B,LENGTH,best_of_n,False,0,0.0,FundamentalGroupoidFunctor.preservesProduct,False
-1,False,3,"/--
The map taking the product of two fundamental groupoids to the fundamental groupoid of the product
of the two topological spaces. This is in fact an isomorphism (see `prodIso`).
-/
@[simps obj]
def prodToProdTop : πₓ A × πₓ B ⥤ πₓ (TopCat.of (A × B)) where
  obj g := ⟨g.fst.as, g.snd.as⟩
  map {x y} p :=
    match x, y, p with
    | (_, _), (_, _), (p₀, p₁) => @Path.Homotopic.prod _ _ (_) (_) _ _ _ _ p₀ p₁
  map_id := by
    rintro ⟨x₀, x₁⟩
    simp only [CategoryTheory.prod_id, FundamentalGroupoid.id_eq_path_refl]
    rfl
  map_comp {x y z} f g :=
    match x, y, z, f, g with
    | (_, _), (_, _), (_, _), (f₀, f₁), (g₀, g₁) =>
      (Path.Homotopic.comp_prod_eq_prod_comp f₀ f₁ g₀ g₁).symm

",,True,-1,"/--
The map taking the product of two fundamental groupoids to the fundamental groupoid of the product
of the two topological spaces. This is in fact an isomorphism (see `prodIso`).
-/
@[simps obj]
def prodToProdTop : πₓ A × πₓ B ⥤ πₓ (TopCat.of (A × B)) where
  obj g := ⟨g.fst.as, g.snd.as⟩
  map {x y} p :=
    match x, y, p with
    | (_, _), (_, _), (p₀, p₁) => @Path.Homotopic.prod _ _ _ p₀ p₁
  map_id := by
    rintro ⟨x₀, x₁⟩
    simp only [CategoryTheory.prod_id, FundamentalGroupoid.id_eq_path_refl]
    rfl
  map_comp {x y z} f g :=
    match x, y, z, f, g with
    | (_, _), _, _, (f₀, f₁), (g₀, g₁) =>
      (Path.Homotopic.comp_prod_eq_prod_comp f₀ f₁ g₀ g₁).symm


","💥️application type mismatch
  @Path.Homotopic.prod ?m.21936 ?m.21937 ?m.21938 p₀
argument
  p₀
has type
  (fst✝¹, snd✝¹).1 ⟶ (fst✝, snd✝).1 : Type u
but is expected to have type
  TopologicalSpace ?m.21937 : Type ?u.21934

💥️failed to synthesize
  TopologicalSpace ((fst✝¹, snd✝¹).2 ⟶ (fst✝, snd✝).2)
Additional diagnostic information may be available using the `set_option diagnostics true` command.",False,10,Mathlib.AlgebraicTopology.FundamentalGroupoid.Product,Llama-8B,LENGTH,best_of_n,False,0,-1.0,FundamentalGroupoidFunctor.prodToProdTop,False
-1,False,3,"/--
The map taking the product of two fundamental groupoids to the fundamental groupoid of the product
of the two topological spaces. This is in fact an isomorphism (see `prodIso`).
-/
@[simps obj]
def prodToProdTop : πₓ A × πₓ B ⥤ πₓ (TopCat.of (A × B)) where
  obj g := ⟨g.fst.as, g.snd.as⟩
  map {x y} p :=
    match x, y, p with
    | (_, _), (_, _), (p₀, p₁) => @Path.Homotopic.prod _ _ (_) (_) _ _ _ _ p₀ p₁
  map_id := by
    rintro ⟨x₀, x₁⟩
    simp only [CategoryTheory.prod_id, FundamentalGroupoid.id_eq_path_refl]
    rfl
  map_comp {x y z} f g :=
    match x, y, z, f, g with
    | (_, _), (_, _), (_, _), (f₀, f₁), (g₀, g₁) =>
      (Path.Homotopic.comp_prod_eq_prod_comp f₀ f₁ g₀ g₁).symm

",,True,-1,"/--
The map taking the product of two fundamental groupoids to the fundamental groupoid of the product
of the two topological spaces. This is in fact an isomorphism (see `prodIso`).
-/
@[simps obj]
def prodToProdTop : πₓ A × πₓ B ⥤ πₓ (TopCat.of (A × B)) where
  obj g := ⟨g.fst.as, g.snd.as⟩
  map {x y} p :=
    match x, y, p with
    | (_, _), _, __, (p₀, p₁) => @Path.Homotopic.prod _ _ _ p₀ p₁
  map_id := by
    rintro ⟨x₀, x₁⟩
    simp only [CategoryTheory.prod_id, FundamentalGroupoid.id_eq_path_refl]
    rfl
  map_comp {x y z} f g :=
    match x, y, z, f, g with
    | _, _, _, _, f₀, f₁, g₀, g₁ =>
      (Path.Homotopic.comp_prod_eq_prod_comp f₀ f₁ g₀ g₁).symm


","💥️unexpected match type

💥️unexpected match type",False,10,Mathlib.AlgebraicTopology.FundamentalGroupoid.Product,Llama-8B,LENGTH,best_of_n,False,0,-1.0,FundamentalGroupoidFunctor.prodToProdTop,False
-1,False,3,"/--
The map taking the product of two fundamental groupoids to the fundamental groupoid of the product
of the two topological spaces. This is in fact an isomorphism (see `prodIso`).
-/
@[simps obj]
def prodToProdTop : πₓ A × πₓ B ⥤ πₓ (TopCat.of (A × B)) where
  obj g := ⟨g.fst.as, g.snd.as⟩
  map {x y} p :=
    match x, y, p with
    | (_, _), (_, _), (p₀, p₁) => @Path.Homotopic.prod _ _ (_) (_) _ _ _ _ p₀ p₁
  map_id := by
    rintro ⟨x₀, x₁⟩
    simp only [CategoryTheory.prod_id, FundamentalGroupoid.id_eq_path_refl]
    rfl
  map_comp {x y z} f g :=
    match x, y, z, f, g with
    | (_, _), (_, _), (_, _), (f₀, f₁), (g₀, g₁) =>
      (Path.Homotopic.comp_prod_eq_prod_comp f₀ f₁ g₀ g₁).symm

",,True,-1,"/--
The map taking the product of two fundamental groupoids to the fundamental groupoid of the product
of the two topological spaces. This is in fact an isomorphism (see `prodIso`).
-/
@[simps obj]
def prodToProdTop : πₓ A × πₓ B ⥤ πₓ (TopCat.of (A × B)) where
  obj g := ⟨g.fst.as, g.snd.as⟩
  map {x y} p :=
    match x, y, p with
    | _, _), (_, _), (p₀, p₁) => @Path.Homotopic.prod _ _ _ _ _
        p₀ p₁
  map_id := by
    rintro ⟨x₀, x₁⟩
    simp only [CategoryTheory.prod_id, FundamentalGroupoid.id_eq_path_refl]
    rfl
  map_comp {x y z} f g :=
    match x, y, z, f, g with
    | _, _).f₀, _, _).f₁, (f₂, f₃).symm, (g₂, g₃).symm =>
      (Path.Homotopic.comp_prod_eq_prod_comp f₀ f₁ f₂ f₃).symm


",💥️unexpected token ')'; expected '=>',False,10,Mathlib.AlgebraicTopology.FundamentalGroupoid.Product,Llama-8B,LENGTH,best_of_n,False,0,-1.0,FundamentalGroupoidFunctor.prodToProdTop,False
-1,False,3,"/--
The map taking the product of two fundamental groupoids to the fundamental groupoid of the product
of the two topological spaces. This is in fact an isomorphism (see `prodIso`).
-/
@[simps obj]
def prodToProdTop : πₓ A × πₓ B ⥤ πₓ (TopCat.of (A × B)) where
  obj g := ⟨g.fst.as, g.snd.as⟩
  map {x y} p :=
    match x, y, p with
    | (_, _), (_, _), (p₀, p₁) => @Path.Homotopic.prod _ _ (_) (_) _ _ _ _ p₀ p₁
  map_id := by
    rintro ⟨x₀, x₁⟩
    simp only [CategoryTheory.prod_id, FundamentalGroupoid.id_eq_path_refl]
    rfl
  map_comp {x y z} f g :=
    match x, y, z, f, g with
    | (_, _), (_, _), (_, _), (f₀, f₁), (g₀, g₁) =>
      (Path.Homotopic.comp_prod_eq_prod_comp f₀ f₁ g₀ g₁).symm

",,True,-1,"/--
The map taking the product of two fundamental groupoids to the fundamental groupoid of the product
of the two topological spaces. This is in fact an isomorphism (see `prodIso`).
-/
@[simps obj]
def prodToProdTop : πₓ A × πₓ B ⥤ πₓ (TopCat.of (A × B)) where
  obj g := ⟨g.fst.as, g.snd.as⟩
  map {x y} p :=
    match x, y, p with
    | (_, _), (_, _), (p₀, p₁) => @Path.Homotopic.prod _ _ _ _ p₀ p₁
  map_id := by
    rintro ⟨x₀, x₁⟩
    simp only [CategoryTheory.prod_id, FundamentalGroupoid.id_eq_path_refl]
    rfl
  map_comp {x y z} f g :=
    match x, y, z, f, g with
    | _, _, _, _, f₀, f₁, g₀, g₁ =>
      (Path.Homotomic.comp_prod_eq_prod_comp f₀ f₁ g₀ g₁).symm


","💥️application type mismatch
  @Path.Homotopic.prod ((fst✝¹, snd✝¹).1 ⟶ (fst✝, snd✝).1) ?m.21937 ?m.21938 ?m.21939 p₀ p₁
argument
  p₁
has type
  (fst✝¹, snd✝¹).2 ⟶ (fst✝, snd✝).2 : Type u
but is expected to have type
  (fst✝¹, snd✝¹).1 ⟶ (fst✝, snd✝).1 : Type u

💥️failed to synthesize
  TopologicalSpace ((fst✝¹, snd✝¹).1 ⟶ (fst✝, snd✝).1)
Additional diagnostic information may be available using the `set_option diagnostics true` command.

💥️unexpected match type",False,10,Mathlib.AlgebraicTopology.FundamentalGroupoid.Product,Llama-8B,LENGTH,best_of_n,False,0,-1.0,FundamentalGroupoidFunctor.prodToProdTop,False
-1,False,3,"/--
The map taking the product of two fundamental groupoids to the fundamental groupoid of the product
of the two topological spaces. This is in fact an isomorphism (see `prodIso`).
-/
@[simps obj]
def prodToProdTop : πₓ A × πₓ B ⥤ πₓ (TopCat.of (A × B)) where
  obj g := ⟨g.fst.as, g.snd.as⟩
  map {x y} p :=
    match x, y, p with
    | (_, _), (_, _), (p₀, p₁) => @Path.Homotopic.prod _ _ (_) (_) _ _ _ _ p₀ p₁
  map_id := by
    rintro ⟨x₀, x₁⟩
    simp only [CategoryTheory.prod_id, FundamentalGroupoid.id_eq_path_refl]
    rfl
  map_comp {x y z} f g :=
    match x, y, z, f, g with
    | (_, _), (_, _), (_, _), (f₀, f₁), (g₀, g₁) =>
      (Path.Homotopic.comp_prod_eq_prod_comp f₀ f₁ g₀ g₁).symm

",,True,-1,"/--
The map taking the product of two fundamental groupoids to the fundamental groupoid of the product
of the two topological spaces. This is in fact an isomorphism (see `prodIso`).
-/
@[simps obj]
def prodToProdTop : πₓ A × πₓ B ⥤ πₓ (TopCat.of (A × B)) where
  obj g := ⟨g.fst.as, g.snd.as⟩
  map {x y} p :=
    match x, y, p with
    | (_, _), (_, _), (p₀, p₁) => @Path.Homotonic.prod _ _ _ _ p₀ p₁
  map_id := by
    rintro ⟨x₀, x₁⟩
    simp only [CategoryTheory.prod_id, FundamentalGroupoid.id_eq_path_refl]
    rfl
  map_comp {x y z} f g :=
    match x, y, z, f, g with
    | (_, _), (-(A × B)), _, _, f₀, f₁, g₀, g₁ => by
      apply (Path.Homotonic.comp_prod_eq_prod_comp f₀ f₁ g₀ g₁).symm
  simp_rw [TopCat.prodIso, identIso]

","💥️unexpected token ','; expected ']'",False,10,Mathlib.AlgebraicTopology.FundamentalGroupoid.Product,Llama-8B,LENGTH,best_of_n,False,0,-1.0,FundamentalGroupoidFunctor.prodToProdTop,False
-1,False,3,"/--
The map taking the product of two fundamental groupoids to the fundamental groupoid of the product
of the two topological spaces. This is in fact an isomorphism (see `prodIso`).
-/
@[simps obj]
def prodToProdTop : πₓ A × πₓ B ⥤ πₓ (TopCat.of (A × B)) where
  obj g := ⟨g.fst.as, g.snd.as⟩
  map {x y} p :=
    match x, y, p with
    | (_, _), (_, _), (p₀, p₁) => @Path.Homotopic.prod _ _ (_) (_) _ _ _ _ p₀ p₁
  map_id := by
    rintro ⟨x₀, x₁⟩
    simp only [CategoryTheory.prod_id, FundamentalGroupoid.id_eq_path_refl]
    rfl
  map_comp {x y z} f g :=
    match x, y, z, f, g with
    | (_, _), (_, _), (_, _), (f₀, f₁), (g₀, g₁) =>
      (Path.Homotopic.comp_prod_eq_prod_comp f₀ f₁ g₀ g₁).symm

",,True,-1,"/--
The map taking the product of two fundamental groupoids to the fundamental groupoid of the product
of the two topological spaces. This is in fact an isomorphism (see `prodIso`).
-/
@[simp]
def prodToProdTop : πₓ A × πₓ B ⥤ πₓ (TopCat.of (A × B)) where
  obj g := ⟨g.fst.as, g.snd.as⟩
  map {x y} p :=
    match x, y, p with
    | (_, _), (p₀, p₁) => @Path.Homotopic.prod _ _ _ _ _ _ _ _ p₀ p₁
  map_id := by
    rintro ⟨x₀, x₁⟩
    simp only [CategoryTheory.prod_id, FundamentalGroupoid.id_eq_path_refl]
    rfl
  map_comp {x y z} f g :=
    match x, y, z, f, g with
    | (f₀, f₁), (g₀, g₁) =>
      (Path.Homotopic.comp_prod_eq_prod_comp f₀ f₁ g₀ g₁).symm


","💥️application type mismatch
  Path.Homotopic.prod p₀
argument
  p₀
has type
  ↑(π.obj A) : Type u
but is expected to have type
  Path.Homotopic.Quotient ?m.21912 ?m.21913 : Type ?u.21907

💥️incorrect number of patterns

💥️application type mismatch
  Path.Homotopic.comp_prod_eq_prod_comp f₀
argument
  f₀
has type
  ↑(π.obj A) : Type u
but is expected to have type
  Path.Homotopic.Quotient ?m.24289 ?m.24290 : Type ?u.24284

💥️incorrect number of patterns",False,10,Mathlib.AlgebraicTopology.FundamentalGroupoid.Product,Llama-8B,LENGTH,best_of_n,False,0,-1.0,FundamentalGroupoidFunctor.prodToProdTop,False
-1,False,3,"/--
The map taking the product of two fundamental groupoids to the fundamental groupoid of the product
of the two topological spaces. This is in fact an isomorphism (see `prodIso`).
-/
@[simps obj]
def prodToProdTop : πₓ A × πₓ B ⥤ πₓ (TopCat.of (A × B)) where
  obj g := ⟨g.fst.as, g.snd.as⟩
  map {x y} p :=
    match x, y, p with
    | (_, _), (_, _), (p₀, p₁) => @Path.Homotopic.prod _ _ (_) (_) _ _ _ _ p₀ p₁
  map_id := by
    rintro ⟨x₀, x₁⟩
    simp only [CategoryTheory.prod_id, FundamentalGroupoid.id_eq_path_refl]
    rfl
  map_comp {x y z} f g :=
    match x, y, z, f, g with
    | (_, _), (_, _), (_, _), (f₀, f₁), (g₀, g₁) =>
      (Path.Homotopic.comp_prod_eq_prod_comp f₀ f₁ g₀ g₁).symm

",,True,-1,"/--
The map taking the product of two fundamental groupoids to the fundamental groupoid of the product
of the two topological spaces. This is in fact an isomorphism (see `prodIso`).
-/
@[simps obj]
def prodToProdTop : πₓ A × πₓ B ⥤ πₓ (TopCat.of (A × B)) where
  obj g := ⟨g.fst.as, g.snd.as⟩
  map {x y} p :=
    match x, y, p with
    | (_ , _), (_ , _), (p₀, p₁) => @Path.Homotopic.prod _ _ _ _ p₀ p₁
  map_id := by
    rintro ⟨x₀, x₁⟩
    simp only [CategoryTheory.prod_id, FundamentalGroupoid.id_eq_path_refl]
    rfl
  map_comp {x y z} f g :=
    match x, y, z, f, g with
    | (_ , _), (_ , _), (_ , _), (f₀, f₁), (g₀, g₁) =>
      (Path.Homotopic.comp_prod_eq_prod_comp f₀ f₁ g₀ g₁).symm


","💥️application type mismatch
  @Path.Homotopic.prod ((fst✝¹, snd✝¹).1 ⟶ (fst✝, snd✝).1) ?m.21937 ?m.21938 ?m.21939 p₀ p₁
argument
  p₁
has type
  (fst✝¹, snd✝¹).2 ⟶ (fst✝, snd✝).2 : Type u
but is expected to have type
  (fst✝¹, snd✝¹).1 ⟶ (fst✝, snd✝).1 : Type u

💥️failed to synthesize
  TopologicalSpace ((fst✝¹, snd✝¹).1 ⟶ (fst✝, snd✝).1)
Additional diagnostic information may be available using the `set_option diagnostics true` command.",False,10,Mathlib.AlgebraicTopology.FundamentalGroupoid.Product,Llama-8B,LENGTH,best_of_n,False,0,-1.0,FundamentalGroupoidFunctor.prodToProdTop,False
-1,False,3,"/--
The map taking the product of two fundamental groupoids to the fundamental groupoid of the product
of the two topological spaces. This is in fact an isomorphism (see `prodIso`).
-/
@[simps obj]
def prodToProdTop : πₓ A × πₓ B ⥤ πₓ (TopCat.of (A × B)) where
  obj g := ⟨g.fst.as, g.snd.as⟩
  map {x y} p :=
    match x, y, p with
    | (_, _), (_, _), (p₀, p₁) => @Path.Homotopic.prod _ _ (_) (_) _ _ _ _ p₀ p₁
  map_id := by
    rintro ⟨x₀, x₁⟩
    simp only [CategoryTheory.prod_id, FundamentalGroupoid.id_eq_path_refl]
    rfl
  map_comp {x y z} f g :=
    match x, y, z, f, g with
    | (_, _), (_, _), (_, _), (f₀, f₁), (g₀, g₁) =>
      (Path.Homotopic.comp_prod_eq_prod_comp f₀ f₁ g₀ g₁).symm

",,True,-1,"/--
The map taking the product of two fundamental groupoids to the fundamental groupoid of the product
of the two topological spaces. This is in fact an isomorphism (see `prodIso`).
-/
@[simps obj]
def prodToProdTop : πₓ A × πₓ B ⥤ πₓ (TopCat.of (A × B)) where
  obj g := ⟨g.fst.as, g.snd.as⟩
  map {x y} p := match x, y, p with
    | (_ , _), (_ , _), (p₀, p₁) => @Path.Homotomic.prod _ _ _ _ p₀ p₁
  map_id := by
    rintro ⟨x₀, x₁⟩
    simp only [CategoryTheory.prod_id, FundamentalGroupoid.id_eq_path_refl]
    rfl
  map_comp {x y z} f g := match x, y, z, f, g with
    | (_ , _), (_ , _), (_ , _), (f₀, f₁), (g₀, g₁) =>
      (Path.Homotomic.comp_prod_eq_prod_comp f₀ f₁ g₀ g₁).symm


","💥️invalid field notation, type is not of the form (C ...) where C is a constant
  Path
has type
  ?m.21935 → ?m.21935 → Type ?u.21934

💥️invalid field notation, type is not of the form (C ...) where C is a constant
  Path
has type
  ?m.23041 → ?m.23041 → Type ?u.23040",False,10,Mathlib.AlgebraicTopology.FundamentalGroupoid.Product,Llama-8B,LENGTH,best_of_n,False,0,-1.0,FundamentalGroupoidFunctor.prodToProdTop,False
-1,False,3,"/--
The map taking the product of two fundamental groupoids to the fundamental groupoid of the product
of the two topological spaces. This is in fact an isomorphism (see `prodIso`).
-/
@[simps obj]
def prodToProdTop : πₓ A × πₓ B ⥤ πₓ (TopCat.of (A × B)) where
  obj g := ⟨g.fst.as, g.snd.as⟩
  map {x y} p :=
    match x, y, p with
    | (_, _), (_, _), (p₀, p₁) => @Path.Homotopic.prod _ _ (_) (_) _ _ _ _ p₀ p₁
  map_id := by
    rintro ⟨x₀, x₁⟩
    simp only [CategoryTheory.prod_id, FundamentalGroupoid.id_eq_path_refl]
    rfl
  map_comp {x y z} f g :=
    match x, y, z, f, g with
    | (_, _), (_, _), (_, _), (f₀, f₁), (g₀, g₁) =>
      (Path.Homotopic.comp_prod_eq_prod_comp f₀ f₁ g₀ g₁).symm

",,True,-1,"/--
The map taking the product of two fundamental groupoids to the fundamental groupoid of the product
of the two topological spaces. This is in fact an isomorphism (see `prodIso`).
-/
@[simps obj]
def prodToProdTop : πₓ A × πₓ B ⥤ πₓ (TopCat.of (A × B)) where
  obj g := ⟨g.fst.as, g.snd.as⟩
  map {x y} p :=
    match x, y, p with
    | (_, _), (_, _), (p₀, p₁) => @Path.Homotopic.prod _ _ _ _ p₀ p₁
  map_id := by
    rintro ⟨x₀, x₁⟩
    simp only [CategoryTheory.prod_id, FundamentalGroupoid.id_eq_path_refl]
    rfl
  map_comp {x y z} f g :=
    match x, y, z, f, g with
    | (_, _), (_, _), (f₀, f₁), (g₀, g₁) => (Path.Homotopic.comp_prod_eq_prod_comp f₀ f₁ g₀ g₁).symm


","💥️application type mismatch
  @Path.Homotopic.prod ((fst✝¹, snd✝¹).1 ⟶ (fst✝, snd✝).1) ?m.21937 ?m.21938 ?m.21939 p₀ p₁
argument
  p₁
has type
  (fst✝¹, snd✝¹).2 ⟶ (fst✝, snd✝).2 : Type u
but is expected to have type
  (fst✝¹, snd✝¹).1 ⟶ (fst✝, snd✝).1 : Type u

💥️failed to synthesize
  TopologicalSpace ((fst✝¹, snd✝¹).1 ⟶ (fst✝, snd✝).1)
Additional diagnostic information may be available using the `set_option diagnostics true` command.

💥️application type mismatch
  Path.Homotopic.comp_prod_eq_prod_comp f₀
argument
  f₀
has type
  ↑(π.obj A) : Type u
but is expected to have type
  Path.Homotopic.Quotient ?m.23051 ?m.23052 : Type ?u.23046

💥️incorrect number of patterns",False,10,Mathlib.AlgebraicTopology.FundamentalGroupoid.Product,Llama-8B,LENGTH,best_of_n,False,0,-1.0,FundamentalGroupoidFunctor.prodToProdTop,False
-1,False,3,"/--
The map taking the product of two fundamental groupoids to the fundamental groupoid of the product
of the two topological spaces. This is in fact an isomorphism (see `prodIso`).
-/
@[simps obj]
def prodToProdTop : πₓ A × πₓ B ⥤ πₓ (TopCat.of (A × B)) where
  obj g := ⟨g.fst.as, g.snd.as⟩
  map {x y} p :=
    match x, y, p with
    | (_, _), (_, _), (p₀, p₁) => @Path.Homotopic.prod _ _ (_) (_) _ _ _ _ p₀ p₁
  map_id := by
    rintro ⟨x₀, x₁⟩
    simp only [CategoryTheory.prod_id, FundamentalGroupoid.id_eq_path_refl]
    rfl
  map_comp {x y z} f g :=
    match x, y, z, f, g with
    | (_, _), (_, _), (_, _), (f₀, f₁), (g₀, g₁) =>
      (Path.Homotopic.comp_prod_eq_prod_comp f₀ f₁ g₀ g₁).symm

",,True,-1,"/--
The map taking the product of two fundamental groupoids to the fundamental groupoid of the product
of the two topological spaces. This is in fact an isomorphism (see `prodIso`).
-/
@[simps obj]
def prodToProdTop : πₓ A × πₓ B ⥤ πₓ (TopCat.of (A × B)) where
  obj g := ⟨g.fst.as, g.snd.as⟩
  map {x y} p :=
    match x, y, p with
    | (_ , _), (_ , _), (p₀, p₁) ↦ @Path.Homotopic.prod _ _ _ _ p₀ p₁
  map_id := by
    rintro ⟨x₀, x₁⟩
    simp only [CategoryTheory.prod_id, FundamentalGroupoid.id_eq_path_refl]
    rfl
  map_comp {x y z} f g :=
    match x, y, z, f, g with
    | (_ , _), (_ , _), (_ , _), (f₀, f₁), (g₀, g₁) ↦
      (Path.Homotopic.comp_prod_eq_prod_comp f₀ f₁ g₀ g₁).symm


",💥️unexpected token '↦'; expected '=>',False,10,Mathlib.AlgebraicTopology.FundamentalGroupoid.Product,Llama-8B,LENGTH,best_of_n,False,0,-1.0,FundamentalGroupoidFunctor.prodToProdTop,False
-1,False,24,"/-- Shows `prodToProdTop` is an isomorphism, whose inverse is precisely the product
of the induced left and right projections.
-/
@[simps]
def prodIso : CategoryTheory.Grpd.of (πₓ A × πₓ B) ≅ πₓ (TopCat.of (A × B)) where
  hom := prodToProdTop A B
  inv := (projLeft A B).prod' (projRight A B)
  hom_inv_id := by
    change prodToProdTop A B ⋙ (projLeft A B).prod' (projRight A B) = 𝟭 _
    apply CategoryTheory.Functor.hext; · intros; ext <;> simp <;> rfl
    rintro ⟨x₀, x₁⟩ ⟨y₀, y₁⟩ ⟨f₀, f₁⟩
    have : Path.Homotopic.projLeft ((prodToProdTop A B).map (f₀, f₁)) = f₀ ∧
      Path.Homotopic.projRight ((prodToProdTop A B).map (f₀, f₁)) = f₁ :=
        And.intro (Path.Homotopic.projLeft_prod f₀ f₁) (Path.Homotopic.projRight_prod f₀ f₁)
    simpa
  inv_hom_id := by
    change (projLeft A B).prod' (projRight A B) ⋙ prodToProdTop A B = 𝟭 _
    apply CategoryTheory.Functor.hext
    · intros; apply FundamentalGroupoid.ext; apply Prod.ext <;> simp <;> rfl
    rintro ⟨x₀, x₁⟩ ⟨y₀, y₁⟩ f
    have := Path.Homotopic.prod_projLeft_projRight f
    -- Porting note: was simpa but TopSpace instances might be getting in the way
    simp only [CategoryTheory.Functor.comp_obj, CategoryTheory.Functor.prod'_obj, prodToProdTop_obj,
      CategoryTheory.Functor.comp_map, CategoryTheory.Functor.prod'_map, projLeft_map,
      projRight_map, CategoryTheory.Functor.id_obj, CategoryTheory.Functor.id_map, heq_eq_eq]
    apply this

",,True,-1,"/-- Shows `prodToProdTop` is an isomorphism, whose inverse is precisely the product
of the induced left and right projections.
-/
@[simps]
def prodIso : CategoryTheory.Grpd.of (πₓ A × πₓ B) ≅ πₓ (TopCat.of (A × B)) where
  hom := prodToProdTop A B
  inv := (projLeft A B).prod' (projRight A B)
  hom_inv_id := by
    change prodToProdTop A B ⋙ (projLeft A B).prod' (projRight A B) =    _
    apply CategoryTheory.Functor.hext; · intros; ext <;> simp <;> rfl
    rintro ⟨x₀, x₁⟩ ⟨y₀, y₁⟩ ⟨f₀, f₁⟩
    have : Path.Homotopic.projLeft ((prodToProdTop A B).map (f₀, f₁)) = f₀ ∧
      Path.Homotopic.projRight ((prodToProdTop A B).map (f₀, f₁)) = f₁ :=
        And.intro (Path.Homotopic.projLeft_prod f₀ f₁) (Path.Homotopic.projRight_prod f₀ f₁)
    simpa
  inv_hom_id := by
    change (projLeft A B).prod' (projRight A B) ⋙ prodToProdTop A B =    _
    apply CategoryTheory.Functor.hext
    · intros; apply FundamentalGroupoid.ext; apply Prod.ext <;> simp <;> rfl
    rintro ⟨x₀, x₁⟩ ⟨y₀, y₁⟩ f
    have := Path.Homotopic.prod_projLeft_projRight f
    -- Porting note: was simpa but TopSpace instances might be getting in the way
    simp only [CategoryTheory.Functor.comp_obj, CategoryTheory.Functor.prod'_obj, prodToProdTop_obj,
      CategoryTheory.Functor.comp_map, CategoryTheory.Functor.prod'_map, projLeft_map,
      projRight_map, CategoryTheory.Functor.id_obj, CategoryTheory.Functor.id_map, heq_eq_eq]
    apply this


",💥️expected token,False,10,Mathlib.AlgebraicTopology.FundamentalGroupoid.Product,Llama-8B,LENGTH,best_of_n,False,0,-1.0,FundamentalGroupoidFunctor.prodIso,False
-1,False,24,"/-- Shows `prodToProdTop` is an isomorphism, whose inverse is precisely the product
of the induced left and right projections.
-/
@[simps]
def prodIso : CategoryTheory.Grpd.of (πₓ A × πₓ B) ≅ πₓ (TopCat.of (A × B)) where
  hom := prodToProdTop A B
  inv := (projLeft A B).prod' (projRight A B)
  hom_inv_id := by
    change prodToProdTop A B ⋙ (projLeft A B).prod' (projRight A B) = 𝟭 _
    apply CategoryTheory.Functor.hext; · intros; ext <;> simp <;> rfl
    rintro ⟨x₀, x₁⟩ ⟨y₀, y₁⟩ ⟨f₀, f₁⟩
    have : Path.Homotopic.projLeft ((prodToProdTop A B).map (f₀, f₁)) = f₀ ∧
      Path.Homotopic.projRight ((prodToProdTop A B).map (f₀, f₁)) = f₁ :=
        And.intro (Path.Homotopic.projLeft_prod f₀ f₁) (Path.Homotopic.projRight_prod f₀ f₁)
    simpa
  inv_hom_id := by
    change (projLeft A B).prod' (projRight A B) ⋙ prodToProdTop A B = 𝟭 _
    apply CategoryTheory.Functor.hext
    · intros; apply FundamentalGroupoid.ext; apply Prod.ext <;> simp <;> rfl
    rintro ⟨x₀, x₁⟩ ⟨y₀, y₁⟩ f
    have := Path.Homotopic.prod_projLeft_projRight f
    -- Porting note: was simpa but TopSpace instances might be getting in the way
    simp only [CategoryTheory.Functor.comp_obj, CategoryTheory.Functor.prod'_obj, prodToProdTop_obj,
      CategoryTheory.Functor.comp_map, CategoryTheory.Functor.prod'_map, projLeft_map,
      projRight_map, CategoryTheory.Functor.id_obj, CategoryTheory.Functor.id_map, heq_eq_eq]
    apply this

",,True,-1,"/-- Shows `prodToProdTop` is an isomorphism, whose inverse is precisely the product
of the induced left and right projections.
-/
@[simps]
def prodIso : CategoryTheory.Grpd.of (πₓ A × πₓ B) ≅ πₓ (TopCat.of (A × B)) where
  hom := prodToProdTop A B
  inv := (projLeft A B).prod' (projRight A B)
  hom_inv_id := by
    change prodToProdTop A B ⋙ (projLeft A B).prod' (projRight A B) =    _
    apply CategoryTheory.Functor.hext; · intros; ext <;> simp <;> rfl
    rintro ⟨x₀, x₁⟩ ⟨y₀, y₁⟩ ⟨f₀, f₁⟩
    have : Path.Homotopic.projLeft ((prodToProdTop A B).map (f₀, f₁)) = f₀ ∧
      Path.Homotopic.projRight ((prodToProdTop A B).map (f₀, f₁)) = f₁ :=
        And.intro (Path.Homotopic.projLeft_prod f₀ f₁) (Path.Homotopic.projRight_prod f₀ f₁)
    simpa
  inv_hom_id := by
    change (projLeft A B).prod' (projRight A B) ⋙ prodToProdTop A B =    _
    apply CategoryTheory.Functor.hext
    · intros; apply FundamentalGroupoid.ext; apply Prod.ext <;> simp <;> rfl
    rintro ⟨x₀, x₁⟩ ⟨y₀, y₁⟩ f
    have := Path.Homotopic.prod_projLeft_projRight f
    -- Porting note: was simpa but TopSpace instances might be getting in the way
    simp only [CategoryTheory.Functor.comp_obj, CategoryTheory.Functor.prod'_obj, prodToProdTop_obj,
      CategoryTheory.Functor.comp_map, CategoryTheory.Functor.prod'_map, projLeft_map,
      projRight_map, CategoryTheory.Functor.id_obj, CategoryTheory.Functor.id_map, heq_eq_eq]
    apply this
",💥️expected token,False,10,Mathlib.AlgebraicTopology.FundamentalGroupoid.Product,Llama-8B,LENGTH,best_of_n,False,0,-1.0,FundamentalGroupoidFunctor.prodIso,False
-1,False,24,"/-- Shows `prodToProdTop` is an isomorphism, whose inverse is precisely the product
of the induced left and right projections.
-/
@[simps]
def prodIso : CategoryTheory.Grpd.of (πₓ A × πₓ B) ≅ πₓ (TopCat.of (A × B)) where
  hom := prodToProdTop A B
  inv := (projLeft A B).prod' (projRight A B)
  hom_inv_id := by
    change prodToProdTop A B ⋙ (projLeft A B).prod' (projRight A B) = 𝟭 _
    apply CategoryTheory.Functor.hext; · intros; ext <;> simp <;> rfl
    rintro ⟨x₀, x₁⟩ ⟨y₀, y₁⟩ ⟨f₀, f₁⟩
    have : Path.Homotopic.projLeft ((prodToProdTop A B).map (f₀, f₁)) = f₀ ∧
      Path.Homotopic.projRight ((prodToProdTop A B).map (f₀, f₁)) = f₁ :=
        And.intro (Path.Homotopic.projLeft_prod f₀ f₁) (Path.Homotopic.projRight_prod f₀ f₁)
    simpa
  inv_hom_id := by
    change (projLeft A B).prod' (projRight A B) ⋙ prodToProdTop A B = 𝟭 _
    apply CategoryTheory.Functor.hext
    · intros; apply FundamentalGroupoid.ext; apply Prod.ext <;> simp <;> rfl
    rintro ⟨x₀, x₁⟩ ⟨y₀, y₁⟩ f
    have := Path.Homotopic.prod_projLeft_projRight f
    -- Porting note: was simpa but TopSpace instances might be getting in the way
    simp only [CategoryTheory.Functor.comp_obj, CategoryTheory.Functor.prod'_obj, prodToProdTop_obj,
      CategoryTheory.Functor.comp_map, CategoryTheory.Functor.prod'_map, projLeft_map,
      projRight_map, CategoryTheory.Functor.id_obj, CategoryTheory.Functor.id_map, heq_eq_eq]
    apply this

",,True,-1,"/-- Shows `prodToProdTop` is an isomorphism, whose inverse is precisely the product
of the induced left and right projections.
-/
@[simps]
def prodIso : CategoryTheory.Grpd.of (πₓ A × πₓ B) ≅ πₓ (TopCat.of (A × B)) where
  hom := prodToProdTop A B
  inv := (projLeft A B).prod' (projRight A B)
  hom_inv_id := by
    change prodToProdTop A B ⋙ (projLeft A B).prod' (projRight A B) =    _
    apply CategoryTheory.Functor.hext
    · intros; ext <;> simp <;> rfl
    rintro ⟨x₀, x₁⟩ ⟨y₀, y₁⟩ ⟨f₀, f₁⟩
    have : Path.Homotopic.projLeft ((prodToProdTop A B).map (f₀, f₁)) = f₀ ∧
      Path.Homotopic.projRight ((prodToProdTop A B).map (f₀, f₁)) = f₁ :=
        And.intro (Path.Homotopic.projLeft_prod f₀ f₁) (Path.Homotopic.projRight_prod f₀ f₁)
    simpa
  inv_hom_id := by
    change (projLeft A B).prod' (projRight A B) ⋙ prodToProdTop A B =    _
    apply CategoryTheory.Functor.hext
    · intros; apply FundamentalGroupoid.ext; apply Prod.ext <;> simp <;> rfl
    rintro ⟨x₀, x₁⟩ ⟨y₀, y₁⟩ f
    have := Path.Homotopic.prod_projLeft_projRight f
    -- Porting note: was simpa but TopSpace instances might be getting in the way
    simp only [CategoryTheory.Functor.comp_obj, CategoryTheory.Functor.prod'_obj, prodToProdTop_obj,
      CategoryTheory.Functor.comp_map, CategoryTheory.Functor.prod'_map, projLeft_map,
      projRight_map, CategoryTheory.Functor.id_obj, CategoryTheory.Functor.id_map, heq_eq_eq]
    apply this


",💥️expected token,False,10,Mathlib.AlgebraicTopology.FundamentalGroupoid.Product,Llama-8B,LENGTH,best_of_n,False,0,-1.0,FundamentalGroupoidFunctor.prodIso,False
-1,False,24,"/-- Shows `prodToProdTop` is an isomorphism, whose inverse is precisely the product
of the induced left and right projections.
-/
@[simps]
def prodIso : CategoryTheory.Grpd.of (πₓ A × πₓ B) ≅ πₓ (TopCat.of (A × B)) where
  hom := prodToProdTop A B
  inv := (projLeft A B).prod' (projRight A B)
  hom_inv_id := by
    change prodToProdTop A B ⋙ (projLeft A B).prod' (projRight A B) = 𝟭 _
    apply CategoryTheory.Functor.hext; · intros; ext <;> simp <;> rfl
    rintro ⟨x₀, x₁⟩ ⟨y₀, y₁⟩ ⟨f₀, f₁⟩
    have : Path.Homotopic.projLeft ((prodToProdTop A B).map (f₀, f₁)) = f₀ ∧
      Path.Homotopic.projRight ((prodToProdTop A B).map (f₀, f₁)) = f₁ :=
        And.intro (Path.Homotopic.projLeft_prod f₀ f₁) (Path.Homotopic.projRight_prod f₀ f₁)
    simpa
  inv_hom_id := by
    change (projLeft A B).prod' (projRight A B) ⋙ prodToProdTop A B = 𝟭 _
    apply CategoryTheory.Functor.hext
    · intros; apply FundamentalGroupoid.ext; apply Prod.ext <;> simp <;> rfl
    rintro ⟨x₀, x₁⟩ ⟨y₀, y₁⟩ f
    have := Path.Homotopic.prod_projLeft_projRight f
    -- Porting note: was simpa but TopSpace instances might be getting in the way
    simp only [CategoryTheory.Functor.comp_obj, CategoryTheory.Functor.prod'_obj, prodToProdTop_obj,
      CategoryTheory.Functor.comp_map, CategoryTheory.Functor.prod'_map, projLeft_map,
      projRight_map, CategoryTheory.Functor.id_obj, CategoryTheory.Functor.id_map, heq_eq_eq]
    apply this

",,True,-1,"/-- Shows `prodToProdTop` is an isomorphism, whose inverse is precisely the product
of the induced left and right projections.
-/
@[simps]
def prodIso : CategoryTheory.Grpd.of (πₓ A × πₓ B) ≅ πₓ (TopCat.of (A × B)) where
  hom := prodToProdTop A B
  inv := (projLeft A B).prod' (projRight A B)
  hom_inv_id := by
    change prodToProdTop A B ⋙ (projLeft A B).prod' (projRight A B) =    _
    apply CategoryTheory.Functor.hext
    · simp_rw [CategoryTheory.Functor.prod'_seq, ext_iff_proj, prod_prod]
    · rintro ⟨x₀, x₁⟩ ⟨y₀, y₁⟩ f₀, f₁
      have : Path.Homotopic.projLeft ((prodToProdTop A B).map (f₀, f₁)) = f₀ ∧
        Path.Homotopic.projRight ((prodToProdTop A B).map (f₀, f₁)) = f₁ :=
        And.intro (Path.Homotopic.projLeft_prod f₀ f₁) (Path.Homotopic.projRight_prod f₀ f₁)
      simpa
  inv_hom_id := by
    change (projLeft A B).prod' (projRight A B) ⋙ prodToProdTop A B =    _
    apply CategoryTheory.Functor.hext
    · rw [prodToProdTop_seq, ext_iff_proj, prod_prod]
    · rintro ⟨x₀, x₁⟩ ⟨y₀, y₁⟩ f
      have := Path.Homotopic.prod_projLeft_projRight f
      -- Porting note: was simpa but TopSpace instances might be getting in the way
      simp only [CategoryTheory.Functor.comp_obj, CategoryTheory.Functor.prod'_obj, prodToProdTop_obj,
        CategoryTheory.Functor.comp_map, CategoryTheory.Functor.prod'_map, projLeft_map,
        projRight_map, CategoryTheory.Functor.id_obj, CategoryTheory.Functor.id_map, heq_eq_eq]
      apply this
",💥️expected token,False,10,Mathlib.AlgebraicTopology.FundamentalGroupoid.Product,Llama-8B,LENGTH,best_of_n,False,0,-1.0,FundamentalGroupoidFunctor.prodIso,False
-1,False,24,"/-- Shows `prodToProdTop` is an isomorphism, whose inverse is precisely the product
of the induced left and right projections.
-/
@[simps]
def prodIso : CategoryTheory.Grpd.of (πₓ A × πₓ B) ≅ πₓ (TopCat.of (A × B)) where
  hom := prodToProdTop A B
  inv := (projLeft A B).prod' (projRight A B)
  hom_inv_id := by
    change prodToProdTop A B ⋙ (projLeft A B).prod' (projRight A B) = 𝟭 _
    apply CategoryTheory.Functor.hext; · intros; ext <;> simp <;> rfl
    rintro ⟨x₀, x₁⟩ ⟨y₀, y₁⟩ ⟨f₀, f₁⟩
    have : Path.Homotopic.projLeft ((prodToProdTop A B).map (f₀, f₁)) = f₀ ∧
      Path.Homotopic.projRight ((prodToProdTop A B).map (f₀, f₁)) = f₁ :=
        And.intro (Path.Homotopic.projLeft_prod f₀ f₁) (Path.Homotopic.projRight_prod f₀ f₁)
    simpa
  inv_hom_id := by
    change (projLeft A B).prod' (projRight A B) ⋙ prodToProdTop A B = 𝟭 _
    apply CategoryTheory.Functor.hext
    · intros; apply FundamentalGroupoid.ext; apply Prod.ext <;> simp <;> rfl
    rintro ⟨x₀, x₁⟩ ⟨y₀, y₁⟩ f
    have := Path.Homotopic.prod_projLeft_projRight f
    -- Porting note: was simpa but TopSpace instances might be getting in the way
    simp only [CategoryTheory.Functor.comp_obj, CategoryTheory.Functor.prod'_obj, prodToProdTop_obj,
      CategoryTheory.Functor.comp_map, CategoryTheory.Functor.prod'_map, projLeft_map,
      projRight_map, CategoryTheory.Functor.id_obj, CategoryTheory.Functor.id_map, heq_eq_eq]
    apply this

",,True,-1,"/-- Shows `prodToProdTop` is an isomorphism, whose inverse is precisely the product
of the induced left and right projections.
-/
@[simps]
def prodIso : CategoryTheory.Grpd.of (πₓ A × πₓ B) ≅ πₓ (TopCat.of (A × B)) where
  hom := prodToProdTop A B
  inv := (projLeft A B).prod' (projRight A B)
  hom_inv_id := by
    change prodToProdTop A B ⋙ (projLeft A B).prod' (projRight A B) =    _
    apply CategoryTheory.Functor.hext; · intros; ext <;> simp <;> rfl
    rintro ⟨x₀, x₁⟩ ⟨y₀, y₁⟩ ⟨f₀, f₁⟩
    have : Path.Homotopic.projLeft ((prodToProdTop A B).map (f₀, f₁)) = f₀ ∧
      Path.Homotopic.projRight ((prodToProdTop A B).map (f₀, f₁)) = f₁ :=
        And.intro (Path.Homotopic.projLeft_prod f₀ f₁) (Path.Homotopic.projRight_prod f₀ f₁)
    simpa
  inv_hom_id := by
    change (projLeft A B).prod' (projRight A B) ⋙ prodToProdTop A B =    _
    apply CategoryTheory.Functor.hext
    · intros; apply FundamentalGroupoid.ext; apply Prod.ext <;> simp <;> rfl
    rintro ⟨x₀, x₁⟩ ⟨y₀, y₁⟩ f
    have := Path.Homotopic.prod_projLeft_projRight f
    -- Porting note: was simpa but TopSpace instances might be getting in the way
    simp only [CategoryTheory.Functor.comp_obj, CategoryTheory.Functor.prod'_obj, prodToProdTop_obj,
      CategoryTheory.Functor.comp_map, CategoryTheory.Functor.prod'_map, projLeft_map,
      projRight_map, CategoryTheory.Functor.id_obj, CategoryTheory.Functor.id_map, heq_eq_eq]
    apply this
",💥️expected token,False,10,Mathlib.AlgebraicTopology.FundamentalGroupoid.Product,Llama-8B,LENGTH,best_of_n,False,0,-1.0,FundamentalGroupoidFunctor.prodIso,False
-1,False,24,"/-- Shows `prodToProdTop` is an isomorphism, whose inverse is precisely the product
of the induced left and right projections.
-/
@[simps]
def prodIso : CategoryTheory.Grpd.of (πₓ A × πₓ B) ≅ πₓ (TopCat.of (A × B)) where
  hom := prodToProdTop A B
  inv := (projLeft A B).prod' (projRight A B)
  hom_inv_id := by
    change prodToProdTop A B ⋙ (projLeft A B).prod' (projRight A B) = 𝟭 _
    apply CategoryTheory.Functor.hext; · intros; ext <;> simp <;> rfl
    rintro ⟨x₀, x₁⟩ ⟨y₀, y₁⟩ ⟨f₀, f₁⟩
    have : Path.Homotopic.projLeft ((prodToProdTop A B).map (f₀, f₁)) = f₀ ∧
      Path.Homotopic.projRight ((prodToProdTop A B).map (f₀, f₁)) = f₁ :=
        And.intro (Path.Homotopic.projLeft_prod f₀ f₁) (Path.Homotopic.projRight_prod f₀ f₁)
    simpa
  inv_hom_id := by
    change (projLeft A B).prod' (projRight A B) ⋙ prodToProdTop A B = 𝟭 _
    apply CategoryTheory.Functor.hext
    · intros; apply FundamentalGroupoid.ext; apply Prod.ext <;> simp <;> rfl
    rintro ⟨x₀, x₁⟩ ⟨y₀, y₁⟩ f
    have := Path.Homotopic.prod_projLeft_projRight f
    -- Porting note: was simpa but TopSpace instances might be getting in the way
    simp only [CategoryTheory.Functor.comp_obj, CategoryTheory.Functor.prod'_obj, prodToProdTop_obj,
      CategoryTheory.Functor.comp_map, CategoryTheory.Functor.prod'_map, projLeft_map,
      projRight_map, CategoryTheory.Functor.id_obj, CategoryTheory.Functor.id_map, heq_eq_eq]
    apply this

",,True,-1,"/-- Shows `prodToProdTop` is an isomorphism, whose inverse is precisely the product
of the induced left and right projections.
-/
@[simps]
def prodIso : CategoryTheory.Grpd.of (πₓ A × πₓ B) ≅ πₓ (TopCat.of (A × B)) where
  hom := prodToProdTop A B
  inv := (projLeft A B).prod' (projRight A B)
  hom_inv_id := by
    change prodToProdTop A B ⋙ (projLeft A B).prod' (projRight A B) =    _
    apply CategoryTheory.Functor.hext; · intros; ext <;> simp <;> rfl
    rintro ⟨x₀, x₁⟩ ⟨y₀, y₁⟩ ⟨f₀, f₁⟩
    have : Path.Homotopic.projLeft ((prodToProdTop A B).map (f₀, f₁)) = f₀ ∧
      Path.Homotopic.projRight ((prodToProdTop A B).map (f₀, f₁)) = f₁ :=
        And.intro (Path.Homotopic.projLeft_prod f₀ f₁) (Path.Homotopic.projRight_prod f₀ f₁)
    simpa
  inv_hom_id := by
    change (projLeft A B).prod' (projRight A B) ⋙ prodToProdTop A B =    _
    apply CategoryTheory.Functor.hext
    · intros; apply FundamentalGroupoid.ext; apply Prod.ext <;> simp <;> rfl
    rintro ⟨x₀, x₁⟩ ⟨y₀, y₁⟩ f
    have := Path.Homotopic.prod_projLeft_projRight f
    -- Porting note: was simpa but TopSpace instances might be getting in the way
    simp only [CategoryTheory.Functor.comp_obj, CategoryTheory.Functor.prod'_obj, prodToProdTop_obj,
      CategoryTheory.Functor.comp_map, CategoryTheory.Functor.prod'_map, projLeft_map,
      projRight_map, CategoryTheory.Functor.id_obj, CategoryTheory.Functor.id_map, heq_eq_eq]
    apply this
",💥️expected token,False,10,Mathlib.AlgebraicTopology.FundamentalGroupoid.Product,Llama-8B,LENGTH,best_of_n,False,0,-1.0,FundamentalGroupoidFunctor.prodIso,False
-1,False,24,"/-- Shows `prodToProdTop` is an isomorphism, whose inverse is precisely the product
of the induced left and right projections.
-/
@[simps]
def prodIso : CategoryTheory.Grpd.of (πₓ A × πₓ B) ≅ πₓ (TopCat.of (A × B)) where
  hom := prodToProdTop A B
  inv := (projLeft A B).prod' (projRight A B)
  hom_inv_id := by
    change prodToProdTop A B ⋙ (projLeft A B).prod' (projRight A B) = 𝟭 _
    apply CategoryTheory.Functor.hext; · intros; ext <;> simp <;> rfl
    rintro ⟨x₀, x₁⟩ ⟨y₀, y₁⟩ ⟨f₀, f₁⟩
    have : Path.Homotopic.projLeft ((prodToProdTop A B).map (f₀, f₁)) = f₀ ∧
      Path.Homotopic.projRight ((prodToProdTop A B).map (f₀, f₁)) = f₁ :=
        And.intro (Path.Homotopic.projLeft_prod f₀ f₁) (Path.Homotopic.projRight_prod f₀ f₁)
    simpa
  inv_hom_id := by
    change (projLeft A B).prod' (projRight A B) ⋙ prodToProdTop A B = 𝟭 _
    apply CategoryTheory.Functor.hext
    · intros; apply FundamentalGroupoid.ext; apply Prod.ext <;> simp <;> rfl
    rintro ⟨x₀, x₁⟩ ⟨y₀, y₁⟩ f
    have := Path.Homotopic.prod_projLeft_projRight f
    -- Porting note: was simpa but TopSpace instances might be getting in the way
    simp only [CategoryTheory.Functor.comp_obj, CategoryTheory.Functor.prod'_obj, prodToProdTop_obj,
      CategoryTheory.Functor.comp_map, CategoryTheory.Functor.prod'_map, projLeft_map,
      projRight_map, CategoryTheory.Functor.id_obj, CategoryTheory.Functor.id_map, heq_eq_eq]
    apply this

",,True,-1,"/-- Shows `prodToProdTop` is an isomorphism, whose inverse is precisely the product
of the induced left and right projections.
-/
@[simps]
def prodIso : CategoryTheory.Grpd.of (πₓ A × πₓ B) ≅ πₓ (TopCat.of (A × B)) where
  hom := prodToProdTop A B
  inv := (projLeft A B).prod' (projRight A B)
  hom_inv_id := by
    change prodToProdTop A B ⋙ (projLeft A B).prod' (projRight A B) =    _
    apply CategoryTheory.Functor.hext; · intros; ext <;> simp <;> rfl
    rintro ⟨x₀, x₁⟩ ⟨y₀, y₁⟩ ⟨f₀, f₁⟩
    suffices prodToProdTop A B =    [f₀, f₁] where fprod f₀ f₁ = prodToProdTop f₀ f₁ by
      simpa [prodToProdTop A B] using this
    exact ⟨by simp [dne_of_ne_left], by simp [dne_of_ne_right]⟩
  inv_hom_id := by
    change (projLeft A B).prod' (projRight A B) ⋙ prodToProdTop A B =    _
    apply CategoryTheory.Functor.hext
    · intros; apply FundamentalGroupoid.ext; apply Prod.ext <;> simp <;> rfl
    rintro ⟨x₀, x₁⟩ ⟨y₀, y₁⟩ f
    have := Path.Homotopic.prod_projLeft_projRight f
    -- Porting note: was simpa but TopSpace instances might be getting in the way
    simp only [CategoryTheory.Functor.comp_obj, CategoryTheory.Functor.prod'_obj, prodToProdTop_obj,
      CategoryTheory.Functor.comp_map, CategoryTheory.Functor.prod'_map, projLeft_map,
      projRight_map, CategoryTheory.Functor.id_obj, CategoryTheory.Functor.id_map, heq_eq_eq]
    apply this


",💥️expected token,False,10,Mathlib.AlgebraicTopology.FundamentalGroupoid.Product,Llama-8B,LENGTH,best_of_n,False,0,-1.0,FundamentalGroupoidFunctor.prodIso,False
-1,False,24,"/-- Shows `prodToProdTop` is an isomorphism, whose inverse is precisely the product
of the induced left and right projections.
-/
@[simps]
def prodIso : CategoryTheory.Grpd.of (πₓ A × πₓ B) ≅ πₓ (TopCat.of (A × B)) where
  hom := prodToProdTop A B
  inv := (projLeft A B).prod' (projRight A B)
  hom_inv_id := by
    change prodToProdTop A B ⋙ (projLeft A B).prod' (projRight A B) = 𝟭 _
    apply CategoryTheory.Functor.hext; · intros; ext <;> simp <;> rfl
    rintro ⟨x₀, x₁⟩ ⟨y₀, y₁⟩ ⟨f₀, f₁⟩
    have : Path.Homotopic.projLeft ((prodToProdTop A B).map (f₀, f₁)) = f₀ ∧
      Path.Homotopic.projRight ((prodToProdTop A B).map (f₀, f₁)) = f₁ :=
        And.intro (Path.Homotopic.projLeft_prod f₀ f₁) (Path.Homotopic.projRight_prod f₀ f₁)
    simpa
  inv_hom_id := by
    change (projLeft A B).prod' (projRight A B) ⋙ prodToProdTop A B = 𝟭 _
    apply CategoryTheory.Functor.hext
    · intros; apply FundamentalGroupoid.ext; apply Prod.ext <;> simp <;> rfl
    rintro ⟨x₀, x₁⟩ ⟨y₀, y₁⟩ f
    have := Path.Homotopic.prod_projLeft_projRight f
    -- Porting note: was simpa but TopSpace instances might be getting in the way
    simp only [CategoryTheory.Functor.comp_obj, CategoryTheory.Functor.prod'_obj, prodToProdTop_obj,
      CategoryTheory.Functor.comp_map, CategoryTheory.Functor.prod'_map, projLeft_map,
      projRight_map, CategoryTheory.Functor.id_obj, CategoryTheory.Functor.id_map, heq_eq_eq]
    apply this

",,True,-1,"/-- Shows `prodToProdTop` is an isomorphism, whose inverse is precisely the product
of the induced left and right projections.
-/
@[simps]
def prodIso : CategoryTheory.Grpd.of (πₓ A × πₓ B) ≅ πₓ (TopCat.of (A × B)) where
  hom := prodToProdTop A B
  inv := (projLeft A B).prod' (projRight A B)
  hom_inv_id := by
    change prodToProdTop A B ⋙ (projLeft A B).prod' (projRight A B) =    _
    apply CategoryTheory.Functor.hext
    · simp_rw [CategoryTheory.Functor.prod'_obj, prodToProdTop_obj, CategoryTheory.Functor.comp_obj]
      rfl
    rintro ⟨x₀, x₁⟩ ⟨y₀, y₁⟩ ⟨f₀, f₁⟩
    have : Path.Homotopic.projLeft ((prodToProdTop A B).map (f₀, f₁)) = f₀ ∧
      Path.Homotopic.projRight ((prodToProdTop A B).map (f₀, f₁)) = f₁ :=
        And.intro (Path.Homotopic.projLeft_prod f₀ f₁) (Path.Homotopic.projRight_prod f₀ f₁)
    simpa
  inv_hom_id := by
    change (projLeft A B).prod' (projRight A B) ⋙ prodToProdTop A B =    _
    apply CategoryTheory.Functor.hext
    · rintro ⟨x₀, x₁⟩ ⟨y₀, y₁⟩ f; simpa [prodToProdTop_obj] using
        prodToProdTop A B ▸ (projLeft A B).prod' (projRight A B) := f
      simp
    rintro ⟨x₀, x₁⟩ ⟨y₀, y₁⟩ f₀ f₁
    simp only [prodToProdTop_obj, prod'_obj, prod'_map, projLeft_map, projRight_map,
      CategoryTheory.Functor_comp_map, CategoryTheory.Functor.prod'_map] at this
    obtain ⟨a, b⟩ := this
    simpa [a, b, prodToProdTopiriequ] using this
",💥️expected token,False,10,Mathlib.AlgebraicTopology.FundamentalGroupoid.Product,Llama-8B,LENGTH,best_of_n,False,0,-1.0,FundamentalGroupoidFunctor.prodIso,False
-1,False,24,"/-- Shows `prodToProdTop` is an isomorphism, whose inverse is precisely the product
of the induced left and right projections.
-/
@[simps]
def prodIso : CategoryTheory.Grpd.of (πₓ A × πₓ B) ≅ πₓ (TopCat.of (A × B)) where
  hom := prodToProdTop A B
  inv := (projLeft A B).prod' (projRight A B)
  hom_inv_id := by
    change prodToProdTop A B ⋙ (projLeft A B).prod' (projRight A B) = 𝟭 _
    apply CategoryTheory.Functor.hext; · intros; ext <;> simp <;> rfl
    rintro ⟨x₀, x₁⟩ ⟨y₀, y₁⟩ ⟨f₀, f₁⟩
    have : Path.Homotopic.projLeft ((prodToProdTop A B).map (f₀, f₁)) = f₀ ∧
      Path.Homotopic.projRight ((prodToProdTop A B).map (f₀, f₁)) = f₁ :=
        And.intro (Path.Homotopic.projLeft_prod f₀ f₁) (Path.Homotopic.projRight_prod f₀ f₁)
    simpa
  inv_hom_id := by
    change (projLeft A B).prod' (projRight A B) ⋙ prodToProdTop A B = 𝟭 _
    apply CategoryTheory.Functor.hext
    · intros; apply FundamentalGroupoid.ext; apply Prod.ext <;> simp <;> rfl
    rintro ⟨x₀, x₁⟩ ⟨y₀, y₁⟩ f
    have := Path.Homotopic.prod_projLeft_projRight f
    -- Porting note: was simpa but TopSpace instances might be getting in the way
    simp only [CategoryTheory.Functor.comp_obj, CategoryTheory.Functor.prod'_obj, prodToProdTop_obj,
      CategoryTheory.Functor.comp_map, CategoryTheory.Functor.prod'_map, projLeft_map,
      projRight_map, CategoryTheory.Functor.id_obj, CategoryTheory.Functor.id_map, heq_eq_eq]
    apply this

",,True,-1,"/-- Shows `prodToProdTop` is an isomorphism, whose inverse is precisely the product
of the induced left and right projections.
-/
@[simps]
def prodIso : CategoryTheory.Grpd.of (πₓ A × πₓ B) ≅ πₓ (TopCat.of (A × B)) where
  hom := prodToProdTop A B
  inv := (projLeft A B).prod' (projRight A B)
  hom_inv_id := by
    change prodToProdTop A B ⋙ (projLeft A B).prod' (projRight A B) =    _
    apply CategoryTheory.Functor.hext; · intros; ext <;> simp <;> rfl
    rintro ⟨x₀, x₁⟩ ⟨y₀, y₁⟩ ⟨f₀, f₁⟩
    have : Path.Homotopic.projLeft ((prodToProdTop A B).map (f₀, f₁)) = f₀ ∧
      Path.Homotopic.projRight ((prodToProdTop A B).map (f₀, f₁)) = f₁ :=
        And.intro (Path.Homotopic.projLeft_prod f₀ f₁) (Path.Homotopic.projRight_prod f₀ f₁)
    simpa
  inv_hom_id := by
    change (projLeft A B).prod' (projRight A B) ⋙ prodToProdTop A B =    _
    apply CategoryTheory.Functor.hext
    · intros; apply FundamentalGroupoid.ext; apply Prod.ext <;> simp <;> rfl
    rintro ⟨x₀, x₁⟩ ⟨y₀, y₁⟩ f
    have := Path.Homotopic.prod_projLeft_projRight f
    -- Porting note: was simpa but TopSpace instances might be getting in the way
    simp only [CategoryTheory.Functor.comp_obj, CategoryTheory.Functor.prod'_obj, prodToProdTop_obj,
      CategoryTheory.Functor.comp_map, CategoryTheory.Functor.prod'_map, projLeft_map,
      projRight_map, CategoryTheory.Functor.id_obj, CategoryTheory.Functor.id_map, heq_eq_eq]
    apply this
",💥️expected token,False,10,Mathlib.AlgebraicTopology.FundamentalGroupoid.Product,Llama-8B,LENGTH,best_of_n,False,0,-1.0,FundamentalGroupoidFunctor.prodIso,False
-1,False,24,"/-- Shows `prodToProdTop` is an isomorphism, whose inverse is precisely the product
of the induced left and right projections.
-/
@[simps]
def prodIso : CategoryTheory.Grpd.of (πₓ A × πₓ B) ≅ πₓ (TopCat.of (A × B)) where
  hom := prodToProdTop A B
  inv := (projLeft A B).prod' (projRight A B)
  hom_inv_id := by
    change prodToProdTop A B ⋙ (projLeft A B).prod' (projRight A B) = 𝟭 _
    apply CategoryTheory.Functor.hext; · intros; ext <;> simp <;> rfl
    rintro ⟨x₀, x₁⟩ ⟨y₀, y₁⟩ ⟨f₀, f₁⟩
    have : Path.Homotopic.projLeft ((prodToProdTop A B).map (f₀, f₁)) = f₀ ∧
      Path.Homotopic.projRight ((prodToProdTop A B).map (f₀, f₁)) = f₁ :=
        And.intro (Path.Homotopic.projLeft_prod f₀ f₁) (Path.Homotopic.projRight_prod f₀ f₁)
    simpa
  inv_hom_id := by
    change (projLeft A B).prod' (projRight A B) ⋙ prodToProdTop A B = 𝟭 _
    apply CategoryTheory.Functor.hext
    · intros; apply FundamentalGroupoid.ext; apply Prod.ext <;> simp <;> rfl
    rintro ⟨x₀, x₁⟩ ⟨y₀, y₁⟩ f
    have := Path.Homotopic.prod_projLeft_projRight f
    -- Porting note: was simpa but TopSpace instances might be getting in the way
    simp only [CategoryTheory.Functor.comp_obj, CategoryTheory.Functor.prod'_obj, prodToProdTop_obj,
      CategoryTheory.Functor.comp_map, CategoryTheory.Functor.prod'_map, projLeft_map,
      projRight_map, CategoryTheory.Functor.id_obj, CategoryTheory.Functor.id_map, heq_eq_eq]
    apply this

",,True,-1,"/-- Shows `prodToProdTop` is an isomorphism, whose inverse is precisely the product
of the induced left and right projections.
-/
@[simps]
def prodIso : CategoryTheory.Grpd.of (πₓ A × πₓ B) ≅ πₓ (TopCat.of (A × B)) where
  hom := prodToProdTop A B
  inv := (projLeft A B).prod' (projRight A B)
  hom_inv_id := by
    change prodToProdTop A B ⋙ (projLeft A B).prod' (projRight A B) =    _
    apply CategoryTheory.Functor.hext; · intros; ext <;> simp <;> rfl
    rintro ⟨x₀, x₁⟩ ⟨y₀, y₁⟩ ⟨f₀, f₁⟩
    have : Path.Homotopic.projLeft ((prodToProdTop A B).map (f₀, f₁)) = f₀ ∧
      Path.Homotopic.projRight ((prodToProdTop A B).map (f₀, f₁)) = f₁ :=
        And.intro (Path.Homotopic.projLeft_prod f₀ f₁) (Path.Homotopic.projRight_prod f₀ f₁)
    simpa
  inv_hom_id := by
    change (projLeft A B).prod' (projRight A B) ⋙ prodToProdTop A B =    _
    apply CategoryTheory.Functor.hext
    · intros; apply FundamentalGroupoid.ext; apply Prod.ext <;> simp <;> rfl
    rintro ⟨x₀, x₁⟩ ⟨y₀, y₁⟩ f
    have := Path.Homotopic.prod_projLeft_projRight f
    -- Porting note: was simpa but TopSpace instances might be getting in the way
    simp only [CategoryTheory.Functor.comp_obj, CategoryTheory.Functor.prod'_obj, prodToProdTop_obj,
      CategoryTheory.Functor.comp_map, CategoryTheory.Functor.prod'_map, projLeft_map,
      projRight_map, CategoryTheory.Functor.id_obj, CategoryTheory.Functor.id_map, heq_eq_eq]
    apply this


",💥️expected token,False,10,Mathlib.AlgebraicTopology.FundamentalGroupoid.Product,Llama-8B,LENGTH,best_of_n,False,0,-1.0,FundamentalGroupoidFunctor.prodIso,False
-1,False,3,"theorem simply_connected_iff_unique_homotopic (X : Type*) [TopologicalSpace X] :
    SimplyConnectedSpace X ↔
      Nonempty X ∧ ∀ x y : X, Nonempty (Unique (Path.Homotopic.Quotient x y)) := by
  simp only [simply_connected_def, equiv_punit_iff_unique,
    FundamentalGroupoid.nonempty_iff X, and_congr_right_iff, Nonempty.forall]
  intros
  exact ⟨fun h _ _ => h _ _, fun h _ _ => h _ _⟩

",,True,3,"theorem simply_connected_iff_unique_homotopic (X : Type*) [TopologicalSpace X] :
    SimplyConnectedSpace X ↔
      Nonempty X ∧ ∀ x y : X, Nonempty (Unique (Path.Homotopic.Quotient x y)) := by
  simp only [simply_connected_def, equiv_punit_iff_unique,
    FundamentalGroupoid.nonempty_iff X, and_congr_right_iff, Nonempty.forall]
  intros
  exact ⟨fun h _ _ => h _ _, fun h _ _ => h _ _⟩
",,True,10,Mathlib.AlgebraicTopology.FundamentalGroupoid.SimplyConnected,Llama-8B,LENGTH,best_of_n,False,0,0.0,simply_connected_iff_unique_homotopic,False
-1,False,3,"theorem simply_connected_iff_unique_homotopic (X : Type*) [TopologicalSpace X] :
    SimplyConnectedSpace X ↔
      Nonempty X ∧ ∀ x y : X, Nonempty (Unique (Path.Homotopic.Quotient x y)) := by
  simp only [simply_connected_def, equiv_punit_iff_unique,
    FundamentalGroupoid.nonempty_iff X, and_congr_right_iff, Nonempty.forall]
  intros
  exact ⟨fun h _ _ => h _ _, fun h _ _ => h _ _⟩

",,True,3,"theorem simply_connected_iff_unique_homotopic (X : Type*) [TopologicalSpace X] :
    SimplyConnectedSpace X ↔
      Nonempty X ∧ ∀ x y : X, Nonempty (Unique (Path.Homotopic.Quotient x y)) := by
  simp only [simply_connected_def, equiv_punit_iff_unique,
    FundamentalGroupoid.nonempty_iff X, and_congr_right_iff, Nonempty.forall]
  intros
  exact ⟨fun h _ _ ↦ h _ _, fun h _ _ ↦ h _ _⟩
",,True,10,Mathlib.AlgebraicTopology.FundamentalGroupoid.SimplyConnected,Llama-8B,LENGTH,best_of_n,False,0,0.0,simply_connected_iff_unique_homotopic,False
-1,False,3,"theorem simply_connected_iff_unique_homotopic (X : Type*) [TopologicalSpace X] :
    SimplyConnectedSpace X ↔
      Nonempty X ∧ ∀ x y : X, Nonempty (Unique (Path.Homotopic.Quotient x y)) := by
  simp only [simply_connected_def, equiv_punit_iff_unique,
    FundamentalGroupoid.nonempty_iff X, and_congr_right_iff, Nonempty.forall]
  intros
  exact ⟨fun h _ _ => h _ _, fun h _ _ => h _ _⟩

",,True,-1,"theorem simply_connected_iff_unique_homotopic (X : Type*) [TopologicalSpace X] :
    SimplyConnectedSpace X ↔
      Nonempty X ∧ ∀ x y : X, Nonempty (Unique (Path.Homotopic.Quotient x y)) := by
  simp only [simply_connected_def, equiv_punit_iff_unique,
    FundamentalGroupoid.nonempty_iff X, and_congr_right_iff, Nonempty.forall]
  exact ⟨fun h _ _ ↦ h _ _, fun h _ _ ↦ h _ _⟩
","💥️invalid constructor ⟨...⟩, expected type must be an inductive type 
  X →
    ((∀ (x y : FundamentalGroupoid X), Nonempty (Unique (x ⟶ y))) ↔
      ∀ (x y : X), Nonempty (Unique (Path.Homotopic.Quotient x y)))",False,10,Mathlib.AlgebraicTopology.FundamentalGroupoid.SimplyConnected,Llama-8B,LENGTH,best_of_n,False,0,-1.0,simply_connected_iff_unique_homotopic,False
-1,False,3,"theorem simply_connected_iff_unique_homotopic (X : Type*) [TopologicalSpace X] :
    SimplyConnectedSpace X ↔
      Nonempty X ∧ ∀ x y : X, Nonempty (Unique (Path.Homotopic.Quotient x y)) := by
  simp only [simply_connected_def, equiv_punit_iff_unique,
    FundamentalGroupoid.nonempty_iff X, and_congr_right_iff, Nonempty.forall]
  intros
  exact ⟨fun h _ _ => h _ _, fun h _ _ => h _ _⟩

",,True,-1,"theorem simply_connected_iff_unique_homotopic (X : Type*) [TopologicalSpace X] :
    SimplyConnectedSpace X ↔
      Nonempty X ∧ ∀ x y : X, Nonempty (Unique (Path.Homotopic.Quotient x y)) := by
  simp only [simply_connected_def, equiv_punit_iff_unique,
    FundamentalGroupoid.nonempty_iff X, and_congr_right_iff, Nonempty.forall]
  exact fun h _ _ ↦ h _ _, fun h _ _ ↦ h _ _
","💥️function expected at
  h
term has type
  X",False,10,Mathlib.AlgebraicTopology.FundamentalGroupoid.SimplyConnected,Llama-8B,LENGTH,best_of_n,False,0,-1.0,simply_connected_iff_unique_homotopic,False
-1,False,3,"theorem simply_connected_iff_unique_homotopic (X : Type*) [TopologicalSpace X] :
    SimplyConnectedSpace X ↔
      Nonempty X ∧ ∀ x y : X, Nonempty (Unique (Path.Homotopic.Quotient x y)) := by
  simp only [simply_connected_def, equiv_punit_iff_unique,
    FundamentalGroupoid.nonempty_iff X, and_congr_right_iff, Nonempty.forall]
  intros
  exact ⟨fun h _ _ => h _ _, fun h _ _ => h _ _⟩

",,True,3,"theorem simply_connected_iff_unique_homotopic (X : Type*) [TopologicalSpace X] :
    SimplyConnectedSpace X ↔
      Nonempty X ∧ ∀ x y : X, Nonempty (Unique (Path.Homotopic.Quotient x y)) := by
  simp only [simply_connected_def, equiv_punit_iff_unique,
    FundamentalGroupoid.nonempty_iff X, and_congr_right_iff, Nonempty.forall]
  intros
  exact ⟨fun h _ _ => h _ _, fun h _ _ => h _ _⟩
",,True,10,Mathlib.AlgebraicTopology.FundamentalGroupoid.SimplyConnected,Llama-8B,LENGTH,best_of_n,False,0,0.0,simply_connected_iff_unique_homotopic,False
-1,False,3,"theorem simply_connected_iff_unique_homotopic (X : Type*) [TopologicalSpace X] :
    SimplyConnectedSpace X ↔
      Nonempty X ∧ ∀ x y : X, Nonempty (Unique (Path.Homotopic.Quotient x y)) := by
  simp only [simply_connected_def, equiv_punit_iff_unique,
    FundamentalGroupoid.nonempty_iff X, and_congr_right_iff, Nonempty.forall]
  intros
  exact ⟨fun h _ _ => h _ _, fun h _ _ => h _ _⟩

",,True,-1,"theorem simply_connected_iff_unique_homotopic (X : Type*) [TopologicalSpace X] :
    SimplyConnectedSpace X ↔
      Nonempty X ∧ ∀ x y : X, Nonempty (Unique (Path.Homotopic.Quotient x y)) := by
  simp only [simply_connected_def, equiv_punit_iff_unique, Nonempty.forall, and_congr_right_iff]
  intros
  exact ⟨fun h _ _ ↦ h _ _, fun h _ _ ↦ h _ _⟩
","💥️function expected at
  h
term has type
  Nonempty (FundamentalGroupoid X) ∧ ∀ (x y : FundamentalGroupoid X), Nonempty (Unique (x ⟶ y))

💥️function expected at
  h
term has type
  Nonempty X ∧ ∀ (x y : X), Nonempty (Unique (Path.Homotopic.Quotient x y))",False,10,Mathlib.AlgebraicTopology.FundamentalGroupoid.SimplyConnected,Llama-8B,LENGTH,best_of_n,False,0,-1.0,simply_connected_iff_unique_homotopic,False
-1,False,3,"theorem simply_connected_iff_unique_homotopic (X : Type*) [TopologicalSpace X] :
    SimplyConnectedSpace X ↔
      Nonempty X ∧ ∀ x y : X, Nonempty (Unique (Path.Homotopic.Quotient x y)) := by
  simp only [simply_connected_def, equiv_punit_iff_unique,
    FundamentalGroupoid.nonempty_iff X, and_congr_right_iff, Nonempty.forall]
  intros
  exact ⟨fun h _ _ => h _ _, fun h _ _ => h _ _⟩

",,True,3,"theorem simply_connected_iff_unique_homotopic (X : Type*) [TopologicalSpace X] :
    SimplyConnectedSpace X ↔
      Nonempty X ∧ ∀ x y : X, Nonempty (Unique (Path.Homotopic.Quotient x y)) := by
  simp only [simply_connected_def, equiv_punit_iff_unique,
    FundamentalGroupoid.nonempty_iff X, and_congr_right_iff, Nonempty.forall]
  intros
  exact ⟨fun h _ _ => h _ _, fun h _ _ => h _ _⟩
",,True,10,Mathlib.AlgebraicTopology.FundamentalGroupoid.SimplyConnected,Llama-8B,LENGTH,best_of_n,False,0,0.0,simply_connected_iff_unique_homotopic,False
-1,False,3,"theorem simply_connected_iff_unique_homotopic (X : Type*) [TopologicalSpace X] :
    SimplyConnectedSpace X ↔
      Nonempty X ∧ ∀ x y : X, Nonempty (Unique (Path.Homotopic.Quotient x y)) := by
  simp only [simply_connected_def, equiv_punit_iff_unique,
    FundamentalGroupoid.nonempty_iff X, and_congr_right_iff, Nonempty.forall]
  intros
  exact ⟨fun h _ _ => h _ _, fun h _ _ => h _ _⟩

",,True,-1,"theorem simply_connected_iff_unique_homotopic (X : Type*) [TopologicalSpace X] :
    SimplyConnectedSpace X ↔
      Nonempty X ∧ ∀ x y : X, Nonempty (Unique (Path.Homotopic.Quotient x y)) :=
  .of_eq <| by simp [GW]
","💥️unknown identifier 'GW'

💥️unsolved goals
X : Type u_1
inst✝ : TopologicalSpace X
⊢ SimplyConnectedSpace X ↔ Nonempty X ∧ ∀ (x y : X), Nonempty (Unique (Path.Homotopic.Quotient x y))",False,10,Mathlib.AlgebraicTopology.FundamentalGroupoid.SimplyConnected,Llama-8B,LENGTH,best_of_n,False,0,-1.0,simply_connected_iff_unique_homotopic,False
-1,False,3,"theorem simply_connected_iff_unique_homotopic (X : Type*) [TopologicalSpace X] :
    SimplyConnectedSpace X ↔
      Nonempty X ∧ ∀ x y : X, Nonempty (Unique (Path.Homotopic.Quotient x y)) := by
  simp only [simply_connected_def, equiv_punit_iff_unique,
    FundamentalGroupoid.nonempty_iff X, and_congr_right_iff, Nonempty.forall]
  intros
  exact ⟨fun h _ _ => h _ _, fun h _ _ => h _ _⟩

",,True,-1,"theorem simply_connected_iff_unique_homotopic (X : Type*) [TopologicalSpace X] :
    SimplyConnectedSpace X ↔
      Nonempty X ∧ ∀ x y : X, Nonempty (Unique (Path.Homotopic.Quotient x y)) := by
  simp only [simply_connected_def, equiv_punit_iff_unique]
  intros
  exact ⟨fun h _ _ ↦ h _ _, fun h _ _ ↦ h _ _⟩
","💥️function expected at
  h
term has type
  Nonempty (FundamentalGroupoid X) ∧ ∀ (x y : FundamentalGroupoid X), Nonempty (Unique (x ⟶ y))

💥️function expected at
  h
term has type
  Nonempty X ∧ ∀ (x y : X), Nonempty (Unique (Path.Homotopic.Quotient x y))",False,10,Mathlib.AlgebraicTopology.FundamentalGroupoid.SimplyConnected,Llama-8B,LENGTH,best_of_n,False,0,-1.0,simply_connected_iff_unique_homotopic,False
-1,False,3,"theorem simply_connected_iff_unique_homotopic (X : Type*) [TopologicalSpace X] :
    SimplyConnectedSpace X ↔
      Nonempty X ∧ ∀ x y : X, Nonempty (Unique (Path.Homotopic.Quotient x y)) := by
  simp only [simply_connected_def, equiv_punit_iff_unique,
    FundamentalGroupoid.nonempty_iff X, and_congr_right_iff, Nonempty.forall]
  intros
  exact ⟨fun h _ _ => h _ _, fun h _ _ => h _ _⟩

",,True,-1,"theorem simply_connected_iff_unique_homotopic (X : Type*) [TopologicalSpace X] :
    SimplyConnectedSpace X ↔
      Nonempty X ∧ ∀ x y : X, Nonempty (Unique (Path.Homotopic.Quotient x y)) := by
  simp only [simply_connected_def, equiv_punit_iff_unique,
    FundamentalGroupoid.nonempty_iff X, and_congr_right_iff, Nonempty.forall]
  exact fun h x _ _ ↦ h x _ _
","💥️function expected at
  h
term has type
  X",False,10,Mathlib.AlgebraicTopology.FundamentalGroupoid.SimplyConnected,Llama-8B,LENGTH,best_of_n,False,0,-1.0,simply_connected_iff_unique_homotopic,False
-1,False,7,"/-- A space is simply connected iff it is path connected, and there is at most one path
  up to homotopy between any two points. -/
theorem simply_connected_iff_paths_homotopic {Y : Type*} [TopologicalSpace Y] :
    SimplyConnectedSpace Y ↔
      PathConnectedSpace Y ∧ ∀ x y : Y, Subsingleton (Path.Homotopic.Quotient x y) :=
  ⟨by intro; constructor <;> infer_instance, fun h => by
    cases h; rw [simply_connected_iff_unique_homotopic]
    exact ⟨inferInstance, fun x y => ⟨uniqueOfSubsingleton ⟦PathConnectedSpace.somePath x y⟧⟩⟩⟩

",,True,-1,"/-- A space is simply connected iff it is path connected, and there is at most one path
  up to homotopy between any two points. -/
theorem simply_connected_iff_paths_homotopic {Y : Type*} [TopologicalSpace Y] :
    SimplyConnectedSpace Y ↔
      PathConnectedSpace Y ∧ ∀ x y : Y, Subsingleton (Path.Homotonic.Quotient x y) :=
  ⟨by constructor; infer_instance, fun h ↦ by simpa [simply_connected_iff_unique_homotopic] using h⟩


","💥️invalid field notation, type is not of the form (C ...) where C is a constant
  Path
has type
  ?m.2128 → ?m.2128 → Type ?u.2127

💥️tactic 'constructor' failed, target is not an inductive datatype
Y : Type u_1
inst✝ : TopologicalSpace Y
⊢ SimplyConnectedSpace Y → PathConnectedSpace Y ∧ (Y → Y → Subsingleton sorry)",False,10,Mathlib.AlgebraicTopology.FundamentalGroupoid.SimplyConnected,Llama-8B,LENGTH,best_of_n,False,0,-1.0,simply_connected_iff_paths_homotopic,False
-1,False,7,"/-- A space is simply connected iff it is path connected, and there is at most one path
  up to homotopy between any two points. -/
theorem simply_connected_iff_paths_homotopic {Y : Type*} [TopologicalSpace Y] :
    SimplyConnectedSpace Y ↔
      PathConnectedSpace Y ∧ ∀ x y : Y, Subsingleton (Path.Homotopic.Quotient x y) :=
  ⟨by intro; constructor <;> infer_instance, fun h => by
    cases h; rw [simply_connected_iff_unique_homotopic]
    exact ⟨inferInstance, fun x y => ⟨uniqueOfSubsingleton ⟦PathConnectedSpace.somePath x y⟧⟩⟩⟩

",,True,-1,"/-- A space is simply connected iff it is path connected, and there is at most one path
  up to homotopy between any two points. -/
theorem simply_connected_iff_paths_homotopic {Y : Type*} [TopologicalSpace Y] :
    SimplyConnectedSpace Y ↔
      PathConnectedSpace Y ∧ ∀ x y : Y, Subsingleton (Path.Homotabic.Quotient x y) := by
  simp only [simply_connected_iff_unique_homotopic, ⟨inferInstance, fun x y ↦
    (uniqueOfSubsingleton (Path.Homotopic.Quotient x y)).symm⟩
","💥️unexpected end of input; expected ']'

💥️invalid field notation, type is not of the form (C ...) where C is a constant
  Path
has type
  ?m.2128 → ?m.2128 → Type ?u.2127

💥️invalid constructor ⟨...⟩, expected type must be an inductive type 
  ?m.2332

💥️unsolved goals
Y : Type u_1
inst✝ : TopologicalSpace Y
⊢ (Nonempty Y ∧ ∀ (x y : Y), Nonempty (Unique (Path.Homotopic.Quotient x y))) ↔
    PathConnectedSpace Y ∧ (Y → Y → Subsingleton sorry)",False,10,Mathlib.AlgebraicTopology.FundamentalGroupoid.SimplyConnected,Llama-8B,LENGTH,best_of_n,False,0,-1.0,simply_connected_iff_paths_homotopic,False
-1,False,7,"/-- A space is simply connected iff it is path connected, and there is at most one path
  up to homotopy between any two points. -/
theorem simply_connected_iff_paths_homotopic {Y : Type*} [TopologicalSpace Y] :
    SimplyConnectedSpace Y ↔
      PathConnectedSpace Y ∧ ∀ x y : Y, Subsingleton (Path.Homotopic.Quotient x y) :=
  ⟨by intro; constructor <;> infer_instance, fun h => by
    cases h; rw [simply_connected_iff_unique_homotopic]
    exact ⟨inferInstance, fun x y => ⟨uniqueOfSubsingleton ⟦PathConnectedSpace.somePath x y⟧⟩⟩⟩

",,True,-1,"/-- A space is simply connected iff it is path connected, and there is at most one path
  up to homotopy between any two points. -/
theorem simply_connected_iff_paths_homotopic {Y : Type*} [TopologicalSpace Y] :
    SimplyConnectedSpace Y ↔
      PathConnectedSpace Y ∧ ∀ x y : Y, Subsingleton (Path.Homotopic.Quotient x y) := by
  simp only [simply_connected_iff_unique_homotopic, ← PathHomotopic.Quotient.mk _ _]
","💥️unknown identifier 'PathHomotopic.Quotient.mk'

💥️unsolved goals
Y : Type u_1
inst✝ : TopologicalSpace Y
⊢ (Nonempty Y ∧ ∀ (x y : Y), Nonempty (Unique (Path.Homotopic.Quotient x y))) ↔
    PathConnectedSpace Y ∧ ∀ (x y : Y), Subsingleton (Path.Homotopic.Quotient x y)",False,10,Mathlib.AlgebraicTopology.FundamentalGroupoid.SimplyConnected,Llama-8B,LENGTH,best_of_n,False,0,-1.0,simply_connected_iff_paths_homotopic,False
-1,False,7,"/-- A space is simply connected iff it is path connected, and there is at most one path
  up to homotopy between any two points. -/
theorem simply_connected_iff_paths_homotopic {Y : Type*} [TopologicalSpace Y] :
    SimplyConnectedSpace Y ↔
      PathConnectedSpace Y ∧ ∀ x y : Y, Subsingleton (Path.Homotopic.Quotient x y) :=
  ⟨by intro; constructor <;> infer_instance, fun h => by
    cases h; rw [simply_connected_iff_unique_homotopic]
    exact ⟨inferInstance, fun x y => ⟨uniqueOfSubsingleton ⟦PathConnectedSpace.somePath x y⟧⟩⟩⟩

",,True,-1,"/-- A space is simply connected iff it is path connected, and there is at most one path
  up to homotopy between any two points. -/
theorem simply_connected_iff_paths_homotopic {Y : Type*} [TopologicalSpace Y] :
    SimplyConnectedSpace Y ↔
      PathConnectedSpace Y ∧ ∀ x y : Y, Subsingleton (Path.Homotopic.Quotient x y) where
  mp := by intros; constructor
  mpr := fun h ↦ by simpa [simp only [simply_connected_iff_unique_homotopic] using h
","💥️unexpected token 'using'; expected ']'

💥️unsolved goals
case left
Y : Type u_1
inst✝ : TopologicalSpace Y
a✝ : SimplyConnectedSpace Y
⊢ PathConnectedSpace Y

case right
Y : Type u_1
inst✝ : TopologicalSpace Y
a✝ : SimplyConnectedSpace Y
⊢ ∀ (x y : Y), Subsingleton (Path.Homotopic.Quotient x y)

💥️unknown identifier 'simp'",False,10,Mathlib.AlgebraicTopology.FundamentalGroupoid.SimplyConnected,Llama-8B,LENGTH,best_of_n,False,0,-1.0,simply_connected_iff_paths_homotopic,False
-1,False,7,"/-- A space is simply connected iff it is path connected, and there is at most one path
  up to homotopy between any two points. -/
theorem simply_connected_iff_paths_homotopic {Y : Type*} [TopologicalSpace Y] :
    SimplyConnectedSpace Y ↔
      PathConnectedSpace Y ∧ ∀ x y : Y, Subsingleton (Path.Homotopic.Quotient x y) :=
  ⟨by intro; constructor <;> infer_instance, fun h => by
    cases h; rw [simply_connected_iff_unique_homotopic]
    exact ⟨inferInstance, fun x y => ⟨uniqueOfSubsingleton ⟦PathConnectedSpace.somePath x y⟧⟩⟩⟩

",,True,7,"/-- A space is simply connected iff it is path connected, and there is at most one path
  up to homotopy between any two points. -/
theorem simply_connected_iff_paths_homotopic {Y : Type*} [TopologicalSpace Y] :
    SimplyConnectedSpace Y ↔
      PathConnectedSpace Y ∧ ∀ x y : Y, Subsingleton (Path.Homotopic.Quotient x y) :=
  ⟨by intro; constructor <;> infer_instance, fun h => by
    cases h; rw [simply_connected_iff_unique_homotopic]
    exact ⟨inferInstance, fun x y => ⟨uniqueOfSubsingleton ⟦PathConnectedSpace.somePath x y⟧⟩⟩⟩


",,True,10,Mathlib.AlgebraicTopology.FundamentalGroupoid.SimplyConnected,Llama-8B,LENGTH,best_of_n,False,0,0.0,simply_connected_iff_paths_homotopic,False
-1,False,7,"/-- A space is simply connected iff it is path connected, and there is at most one path
  up to homotopy between any two points. -/
theorem simply_connected_iff_paths_homotopic {Y : Type*} [TopologicalSpace Y] :
    SimplyConnectedSpace Y ↔
      PathConnectedSpace Y ∧ ∀ x y : Y, Subsingleton (Path.Homotopic.Quotient x y) :=
  ⟨by intro; constructor <;> infer_instance, fun h => by
    cases h; rw [simply_connected_iff_unique_homotopic]
    exact ⟨inferInstance, fun x y => ⟨uniqueOfSubsingleton ⟦PathConnectedSpace.somePath x y⟧⟩⟩⟩

",,True,-1,"/-- A space is simply connected iff it is path connected, and there is at most one path
  up to homotopy between any two points. -/
theorem simply_connected_iff_paths_homotopic {Y : Type*} [TopologicalSpace Y] :
    SimplyConnectedSpace Y ↔
      PathConnectedSpace Y ∧ ∀ x y : Y, Subsingleton (Path.Homotopic.Quotient x y) := by
  simp_rw [simply_connected_iff_unique_homotopic, PathConnectedSpace.somePath]
",💥️simp made no progress,False,10,Mathlib.AlgebraicTopology.FundamentalGroupoid.SimplyConnected,Llama-8B,LENGTH,best_of_n,False,0,-1.0,simply_connected_iff_paths_homotopic,False
-1,False,7,"/-- A space is simply connected iff it is path connected, and there is at most one path
  up to homotopy between any two points. -/
theorem simply_connected_iff_paths_homotopic {Y : Type*} [TopologicalSpace Y] :
    SimplyConnectedSpace Y ↔
      PathConnectedSpace Y ∧ ∀ x y : Y, Subsingleton (Path.Homotopic.Quotient x y) :=
  ⟨by intro; constructor <;> infer_instance, fun h => by
    cases h; rw [simply_connected_iff_unique_homotopic]
    exact ⟨inferInstance, fun x y => ⟨uniqueOfSubsingleton ⟦PathConnectedSpace.somePath x y⟧⟩⟩⟩

",,True,-1,"/-- A space is simply connected iff it is path connected, and there is at most one path
  up to homotopy between any two points. -/
theorem simply_connected_iff_paths_homotopic {Y : Type*} [TopologicalSpace Y] :
    SimplyConnectedSpace Y ↔
      PathConnectedSpace Y ∧ ∀ x y : Y, Subsingleton (Path.Homotopic.Quotient x y) :=
  ⟨by intro; constructor <;> infer_instance, fun h ↦ by
    obtain ⟨p, hp⟩ := (simply_connected_iff_unique_homotopic.mp h).exists
    refine ⟨inferInstance, fun x y ↦ (p ∈ (Path.Memₗ x y)).subsingleton⟩
","💥️unexpected end of input; expected '⟩'

💥️unknown constant 'simply_connected_iff_unique_homotopic.mp'",False,10,Mathlib.AlgebraicTopology.FundamentalGroupoid.SimplyConnected,Llama-8B,LENGTH,best_of_n,False,0,-1.0,simply_connected_iff_paths_homotopic,False
-1,False,7,"/-- A space is simply connected iff it is path connected, and there is at most one path
  up to homotopy between any two points. -/
theorem simply_connected_iff_paths_homotopic {Y : Type*} [TopologicalSpace Y] :
    SimplyConnectedSpace Y ↔
      PathConnectedSpace Y ∧ ∀ x y : Y, Subsingleton (Path.Homotopic.Quotient x y) :=
  ⟨by intro; constructor <;> infer_instance, fun h => by
    cases h; rw [simply_connected_iff_unique_homotopic]
    exact ⟨inferInstance, fun x y => ⟨uniqueOfSubsingleton ⟦PathConnectedSpace.somePath x y⟧⟩⟩⟩

",,True,-1,"/-- A space is simply connected iff it is path connected, and there is at most one path
  up to homotopy between any two points. -/
theorem simply_connected_iff_paths_homotopic {Y : Type*} [TopologicalSpace Y] :
    SimplyConnectedSpace Y ↔
      PathConnectedSpace Y ∧ ∀ x y : Y, Subsingleton (Path.Homotopic.Quotient x y) :=
  ⟨by intro; constructor <;> infer_instance, fun h ↦
    cases h; rw [simply_connected_iff_unique_homotopic]
    exact ⟨inferInstance, fun x y => ⟨uniqueOfSubsingleton ⟦PathConnectedSpace.somePath x y⟩}
",💥️unexpected token ';'; expected '⟩',False,10,Mathlib.AlgebraicTopology.FundamentalGroupoid.SimplyConnected,Llama-8B,LENGTH,best_of_n,False,0,-1.0,simply_connected_iff_paths_homotopic,False
-1,False,7,"/-- A space is simply connected iff it is path connected, and there is at most one path
  up to homotopy between any two points. -/
theorem simply_connected_iff_paths_homotopic {Y : Type*} [TopologicalSpace Y] :
    SimplyConnectedSpace Y ↔
      PathConnectedSpace Y ∧ ∀ x y : Y, Subsingleton (Path.Homotopic.Quotient x y) :=
  ⟨by intro; constructor <;> infer_instance, fun h => by
    cases h; rw [simply_connected_iff_unique_homotopic]
    exact ⟨inferInstance, fun x y => ⟨uniqueOfSubsingleton ⟦PathConnectedSpace.somePath x y⟧⟩⟩⟩

",,True,-1,"/-- A space is simply connected iff it is path connected, and there is at most one path
  up to homotopy between any two points. -/
theorem simply_connected_iff_paths_homotopic {Y : Type*} [TopologicalSpace Y] :
    SimplyConnectedSpace Y ↔
      PathConnectedSpace Y ∧ ∀ x y : Y, Subsingleton (Path.Homotopic.Quotient x y) := by
  simp only [Algebra.SimplyConnectedSpace, ext_iff, Subsingleton.elim, forall_exists_index]
","💥️unknown constant 'Algebra.SimplyConnectedSpace'

💥️unknown identifier 'ext_iff'

💥️simp made no progress",False,10,Mathlib.AlgebraicTopology.FundamentalGroupoid.SimplyConnected,Llama-8B,LENGTH,best_of_n,False,0,-1.0,simply_connected_iff_paths_homotopic,False
-1,False,7,"/-- A space is simply connected iff it is path connected, and there is at most one path
  up to homotopy between any two points. -/
theorem simply_connected_iff_paths_homotopic {Y : Type*} [TopologicalSpace Y] :
    SimplyConnectedSpace Y ↔
      PathConnectedSpace Y ∧ ∀ x y : Y, Subsingleton (Path.Homotopic.Quotient x y) :=
  ⟨by intro; constructor <;> infer_instance, fun h => by
    cases h; rw [simply_connected_iff_unique_homotopic]
    exact ⟨inferInstance, fun x y => ⟨uniqueOfSubsingleton ⟦PathConnectedSpace.somePath x y⟧⟩⟩⟩

",,True,-1,"/-- A space is simply connected iff it is path connected, and there is at most one path
  up to homotopy between any two points. -/
theorem simply_connected_iff_paths_homotopic {Y : Type*} [TopologicalSpace Y] :
    SimplyConnectedSpace Y ↔
      PathConnectedSpace Y ∧ ∀ x y : Y, Subsingleton (Path.Homotopic.Quotient x y) := by
  simp_rw [simply_connected_iff_unique_homotopic, ← inferInstance : ∀ x y : Y, Subsingleton (Path.Homotopic.Quotient x y)]
","💥️unexpected token ':'; expected ']'

💥️invalid '←' modifier, 'inferInstance' is a declaration name to be unfolded",False,10,Mathlib.AlgebraicTopology.FundamentalGroupoid.SimplyConnected,Llama-8B,LENGTH,best_of_n,False,0,-1.0,simply_connected_iff_paths_homotopic,False
-1,False,3,"/-- Another version of `simply_connected_iff_paths_homotopic` -/
theorem simply_connected_iff_paths_homotopic' {Y : Type*} [TopologicalSpace Y] :
    SimplyConnectedSpace Y ↔
      PathConnectedSpace Y ∧ ∀ {x y : Y} (p₁ p₂ : Path x y), Path.Homotopic p₁ p₂ := by
  convert simply_connected_iff_paths_homotopic (Y := Y)
  simp [Path.Homotopic.Quotient, Setoid.eq_top_iff]; rfl
",,True,-1,"/-- Another version of `simply_connected_iff_paths_homotopic` -/
theorem simply_connected_iff_paths_homotopic' {Y : Type*} [TopologicalSpace Y] :
    SimplyConnectedSpace Y ↔
      PathConnectedSpace Y ∧ ∀ {x y : Y} (p₁ p₂ : Path x y), Path.Homotopic p₁ p₂ := by
  category_Memₗ [Y : TopologicalSpace]; rw [← Set.P путqui pp] at p (-)
  conv =>
    enter [1, w, hw]
    rw [Quotient.mk_eq_mk pp, Set.IsOpen.forall, memₗ_iff_exists, and_iff_left]
    cases w
  simp [exists, and_assoc, and_congr_right_iff, ← Homotopic.mk_eq_mk pp]

","💥️unknown tactic

💥️unsolved goals
Y : Type u_1
inst✝ : TopologicalSpace Y
⊢ SimplyConnectedSpace Y ↔ PathConnectedSpace Y ∧ ∀ {x y : Y} (p₁ p₂ : Path x y), p₁.Homotopic p₂",False,10,Mathlib.AlgebraicTopology.FundamentalGroupoid.SimplyConnected,Llama-8B,LENGTH,best_of_n,False,0,-1.0,simply_connected_iff_paths_homotopic',False
-1,False,3,"/-- Another version of `simply_connected_iff_paths_homotopic` -/
theorem simply_connected_iff_paths_homotopic' {Y : Type*} [TopologicalSpace Y] :
    SimplyConnectedSpace Y ↔
      PathConnectedSpace Y ∧ ∀ {x y : Y} (p₁ p₂ : Path x y), Path.Homotopic p₁ p₂ := by
  convert simply_connected_iff_paths_homotopic (Y := Y)
  simp [Path.Homotopic.Quotient, Setoid.eq_top_iff]; rfl
",,True,-1,"/-- Another version of `simply_connected_iff_paths_homotopic` -/
theorem simply_connected_iff_paths_homotopic' {Y : Type*} [TopologicalSpace Y] :
    SimplyConnectedSpace Y ↔ PathConnectedSpace Y ∧ ∀ {x y : Y} (p₁ p₂ : Path x y), Path.Homotopic p₁ p₂ := by
  convert simply_connected_iff_paths_homotopic (Y := Y)
  simpa only [Path.Homotopic.Quotient, Setoid.eq_top_iff] using this

",💥️unknown identifier 'this',False,10,Mathlib.AlgebraicTopology.FundamentalGroupoid.SimplyConnected,Llama-8B,LENGTH,best_of_n,False,0,-1.0,simply_connected_iff_paths_homotopic',False
-1,False,3,"/-- Another version of `simply_connected_iff_paths_homotopic` -/
theorem simply_connected_iff_paths_homotopic' {Y : Type*} [TopologicalSpace Y] :
    SimplyConnectedSpace Y ↔
      PathConnectedSpace Y ∧ ∀ {x y : Y} (p₁ p₂ : Path x y), Path.Homotopic p₁ p₂ := by
  convert simply_connected_iff_paths_homotopic (Y := Y)
  simp [Path.Homotopic.Quotient, Setoid.eq_top_iff]; rfl
",,True,-1,"/-- Another version of `simply_connected_iff_paths_homotopic` -/
theorem simply_connected_iff_paths_homotopic' {Y : Type*} [TopologicalSpace Y] :
    SimplyConnectedSpace Y ↔
      PathConnectedSpace Y ∧ ∀ {x y : Y} (p₁ p₂ : Path x y), Path.Homotopic p₁ p₂ :=
  .of_eq (simply_connected_iff_paths_homotopic (Y := Y)).symm <|
    congr_arg _ Quotient.mk {x y : Y} (p₁ p₂ : Path x y)

",💥️unexpected token '}'; expected '|',False,10,Mathlib.AlgebraicTopology.FundamentalGroupoid.SimplyConnected,Llama-8B,LENGTH,best_of_n,False,0,-1.0,simply_connected_iff_paths_homotopic',False
-1,False,3,"/-- Another version of `simply_connected_iff_paths_homotopic` -/
theorem simply_connected_iff_paths_homotopic' {Y : Type*} [TopologicalSpace Y] :
    SimplyConnectedSpace Y ↔
      PathConnectedSpace Y ∧ ∀ {x y : Y} (p₁ p₂ : Path x y), Path.Homotopic p₁ p₂ := by
  convert simply_connected_iff_paths_homotopic (Y := Y)
  simp [Path.Homotopic.Quotient, Setoid.eq_top_iff]; rfl
",,True,-1,"/-- Another version of `simply_connected_iff_paths_homotopic` -/
theorem simply_connected_iff_paths_homotopic' {Y : Type*} [TopologicalSpace Y] :
    SimplyConnectedSpace Y ↔
      PathConnectedSpace Y ∧ ∀ {x y : Y} (p₁ p₂ : Path x y), Path.Homotopic p₁ p₂ := by
  convert simply_connected_iff_paths_homotopic (Y := Y)
  unfold memₗ at p₁ p₂; simp [Path.Homotopic.Quotient]; rfl

",💥️unknown identifier 'memₗ',False,10,Mathlib.AlgebraicTopology.FundamentalGroupoid.SimplyConnected,Llama-8B,LENGTH,best_of_n,False,0,-1.0,simply_connected_iff_paths_homotopic',False
-1,False,3,"/-- Another version of `simply_connected_iff_paths_homotopic` -/
theorem simply_connected_iff_paths_homotopic' {Y : Type*} [TopologicalSpace Y] :
    SimplyConnectedSpace Y ↔
      PathConnectedSpace Y ∧ ∀ {x y : Y} (p₁ p₂ : Path x y), Path.Homotopic p₁ p₂ := by
  convert simply_connected_iff_paths_homotopic (Y := Y)
  simp [Path.Homotopic.Quotient, Setoid.eq_top_iff]; rfl
",,True,-1,"/-- Another version of `simply_connected_iff_paths_homotropic` -/
theorem simply_connected_iff_paths_homotopic' {Y : Type*} [TopologicalSpace Y] :
    SimplyConnectedSpace Y ↔
      PathConnectedSpace Y ∧ ∀ {x y : Y} (p₁ p₂ : Path x y), Path.Homotopic p₁ p₂ := by
  simp [simply_connected_iff_paths_homotopic, Path.Homotopic.Quotient, Setoid.eq_top_iff]; rfl

","💥️tactic 'rfl' failed, expected goal to be a binary relation
Y : Type u_1
inst✝ : TopologicalSpace Y
⊢ PathConnectedSpace Y →
    ((∀ (x y : Y) (x_1 y_1 : Path x y), (Path.Homotopic.setoid x y) x_1 y_1) ↔
      ∀ {x y : Y} (p₁ p₂ : Path x y), p₁.Homotopic p₂)",False,10,Mathlib.AlgebraicTopology.FundamentalGroupoid.SimplyConnected,Llama-8B,LENGTH,best_of_n,False,0,-1.0,simply_connected_iff_paths_homotopic',False
-1,False,3,"/-- Another version of `simply_connected_iff_paths_homotopic` -/
theorem simply_connected_iff_paths_homotopic' {Y : Type*} [TopologicalSpace Y] :
    SimplyConnectedSpace Y ↔
      PathConnectedSpace Y ∧ ∀ {x y : Y} (p₁ p₂ : Path x y), Path.Homotopic p₁ p₂ := by
  convert simply_connected_iff_paths_homotopic (Y := Y)
  simp [Path.Homotopic.Quotient, Setoid.eq_top_iff]; rfl
",,True,-1,"/-- Another version of `simply_connected_iff_paths_homotopic` -/
theorem simply_connected_iff_paths_homotopic' {Y : Type*} [TopologicalSpace Y] :
    SimplyConnectedSpace Y ↔
      PathConnectedSpace Y ∧ ∀ {x y : Y} (p₁ p₂ : Path x y), Path.Homotopic p₁ p₂ :=
  (HomotopySimplyConnectedSpace Y).complInter_iff

",💥️unknown identifier 'HomotopySimplyConnectedSpace',False,10,Mathlib.AlgebraicTopology.FundamentalGroupoid.SimplyConnected,Llama-8B,LENGTH,best_of_n,False,0,-1.0,simply_connected_iff_paths_homotopic',False
-1,False,3,"/-- Another version of `simply_connected_iff_paths_homotopic` -/
theorem simply_connected_iff_paths_homotopic' {Y : Type*} [TopologicalSpace Y] :
    SimplyConnectedSpace Y ↔
      PathConnectedSpace Y ∧ ∀ {x y : Y} (p₁ p₂ : Path x y), Path.Homotopic p₁ p₂ := by
  convert simply_connected_iff_paths_homotopic (Y := Y)
  simp [Path.Homotopic.Quotient, Setoid.eq_top_iff]; rfl
",,True,-1,"/-- Another version of `simply_connected_iff_paths_homotopic` -/
theorem simply_connected_iff_paths_homotorp {Y : Type*} [TopologicalSpace Y] :
    SimplyConnectedSpace Y ↔
      PathConnectedSpace Y ∧ ∀ {x y : Y} (p₁ p₂ : Path x y), Path.Homotopic p₁ p₂ :=
  suffices →.join· Homotopp.i id (Y := Y) by simpa

",💥️unexpected token '→'; expected term,False,10,Mathlib.AlgebraicTopology.FundamentalGroupoid.SimplyConnected,Llama-8B,LENGTH,best_of_n,False,0,-1.0,simply_connected_iff_paths_homotopic',False
-1,False,3,"/-- Another version of `simply_connected_iff_paths_homotopic` -/
theorem simply_connected_iff_paths_homotopic' {Y : Type*} [TopologicalSpace Y] :
    SimplyConnectedSpace Y ↔
      PathConnectedSpace Y ∧ ∀ {x y : Y} (p₁ p₂ : Path x y), Path.Homotopic p₁ p₂ := by
  convert simply_connected_iff_paths_homotopic (Y := Y)
  simp [Path.Homotopic.Quotient, Setoid.eq_top_iff]; rfl
",,True,-1,"/-- Another version of `simply_connected_iff_paths_homotopic` -/
theorem simply_connected_iff_paths_homotopic' {Y : Type*} [TopologicalSpace Y] :
    SimplyConnectedSpace Y ↔
      PathConnectedSpace Y ∧ ∀ {x y : Y} (p₁ p₂ : Path x y), Path.Homotopic p₁ p₂ := by
  convert simply_connected_iff_paths_homotopic (Y := Y)
  push_neg
  rw [not_and, not_forall] at hp
  exact ⟨hp.1, ?_⟩
  simpa [Setoid.eq_top_iff] using hp.2

",💥️push_neg made no progress,False,10,Mathlib.AlgebraicTopology.FundamentalGroupoid.SimplyConnected,Llama-8B,LENGTH,best_of_n,False,0,-1.0,simply_connected_iff_paths_homotopic',False
-1,False,3,"/-- Another version of `simply_connected_iff_paths_homotopic` -/
theorem simply_connected_iff_paths_homotopic' {Y : Type*} [TopologicalSpace Y] :
    SimplyConnectedSpace Y ↔
      PathConnectedSpace Y ∧ ∀ {x y : Y} (p₁ p₂ : Path x y), Path.Homotopic p₁ p₂ := by
  convert simply_connected_iff_paths_homotopic (Y := Y)
  simp [Path.Homotopic.Quotient, Setoid.eq_top_iff]; rfl
",,True,-1,"/-- Another version of `simply_connected_iff_paths_homotopic` -/
theorem simply_connected_iff_paths_homotopic' {Y : Type*} [TopologicalSpace Y] :
    SimplyConnectedSpace Y ↔
      PathConnectedSpace Y ∧ ∀ {x y : Y} (p₁ p₂ : Path x y), Path.Homotopic p₁ p₂ := by
  rw [P Thi path.P if InitialSeg.P]
  simp [Path.Homotopic.Quotient, Setoid.eq_top_iff]; rfl

","💥️unexpected token 'if'; expected ']'

💥️unknown identifier 'P'",False,10,Mathlib.AlgebraicTopology.FundamentalGroupoid.SimplyConnected,Llama-8B,LENGTH,best_of_n,False,0,-1.0,simply_connected_iff_paths_homotopic',False
-1,False,3,"/-- Another version of `simply_connected_iff_paths_homotopic` -/
theorem simply_connected_iff_paths_homotopic' {Y : Type*} [TopologicalSpace Y] :
    SimplyConnectedSpace Y ↔
      PathConnectedSpace Y ∧ ∀ {x y : Y} (p₁ p₂ : Path x y), Path.Homotopic p₁ p₂ := by
  convert simply_connected_iff_paths_homotopic (Y := Y)
  simp [Path.Homotopic.Quotient, Setoid.eq_top_iff]; rfl
",,True,-1,"/-- Another version of `simply_connected_iff_paths_homotopic` -/
theorem simply_connected_iff_paths_homotopic' {Y : Type*} [TopologicalSpace Y] :
    SimplyConnectedSpace Y ↔
      PathConnectedSpace Y ∧ ∀ {x y : Y} (p₁ p₂ : Path x y), Path.Homotopic p₁ p₂ := by
  convert simply_connected_iff_paths_homotopic (Y := Y)
  simpa [Path.Homotopic.Quotient, Setoid.eq_top_iff] using this

",💥️unknown identifier 'this',False,10,Mathlib.AlgebraicTopology.FundamentalGroupoid.SimplyConnected,Llama-8B,LENGTH,best_of_n,False,0,-1.0,simply_connected_iff_paths_homotopic',False
