time,syntax_search,og_score,og_raw,og_errors,og_correct,new_score,new_raw,new_errors,new_correct,n,module,model,metric,method,mathlib_search,examples,delta,decl,annotation
-1,False,7,"theorem t1 : s ∩ t ∪ s ∩ u ⊆ s ∩ (t ∪ u) := by
  rintro x (⟨xs, xt⟩ | ⟨xs, xu⟩)
  · use xs; left; exact xt
  · use xs; right; exact xu

",,True,-1,"theorem t1 : s ∩ t ∪ s ∩ u ⊆ s ∩ (t ∪ u) := by using tauto
","💥️unexpected token 'using'; expected '{' or tactic

💥️unsolved goals
α : Type u_1
s t u : Set α
⊢ s ∩ t ∪ s ∩ u ⊆ s ∩ (t ∪ u)",False,60,MIL.C04_Sets_and_Functions.solutions.Solutions_S01_Sets,Qwen-7B-short,LENGTH,best_of_n,False,0,-1.0,CH04.t1,False
-1,False,7,"theorem t1 : s ∩ t ∪ s ∩ u ⊆ s ∩ (t ∪ u) := by
  rintro x (⟨xs, xt⟩ | ⟨xs, xu⟩)
  · use xs; left; exact xt
  · use xs; right; exact xu

",,True,-1,"theorem t1 : s ∩ t ∪ s ∩ u ⊆ s ∩ (t ∪ u) :=
  Monotone.map_inf_le (fun _ _ ↦ use _) (Or.inr _, Or.inl _) (eventually_inf_le _ +(lines_and_perm t u))
","💥️unknown identifier 'use'

💥️unknown identifier 'eventually_inf_le'

💥️unknown identifier 'lines_and_perm'",False,60,MIL.C04_Sets_and_Functions.solutions.Solutions_S01_Sets,Qwen-7B-short,LENGTH,best_of_n,False,0,-1.0,CH04.t1,False
-1,False,7,"theorem t1 : s ∩ t ∪ s ∩ u ⊆ s ∩ (t ∪ u) := by
  rintro x (⟨xs, xt⟩ | ⟨xs, xu⟩)
  · use xs; left; exact xt
  · use xs; right; exact xu

",,True,-1,"theorem t1 : s ∩ t ∪ s ∩ u ⊆ s ∩ (t ∪ u) :=
  Monotone.map_inf_le s (t := s)
","💥️application type mismatch
  Monotone.map_inf_le s
argument
  s
has type
  Set α : Type u_1
but is expected to have type
  Monotone ?m.157 : Prop

💥️invalid argument name 't' for function 'Monotone.map_inf_le'",False,60,MIL.C04_Sets_and_Functions.solutions.Solutions_S01_Sets,Qwen-7B-short,LENGTH,best_of_n,False,0,-1.0,CH04.t1,False
-1,False,7,"theorem t1 : s ∩ t ∪ s ∩ u ⊆ s ∩ (t ∪ u) := by
  rintro x (⟨xs, xt⟩ | ⟨xs, xu⟩)
  · use xs; left; exact xt
  · use xs; right; exact xu

",,True,-1,"theorem t1 : s ∩ t ∪ s ∩ u ⊆ s ∩ (t ∪ u) :=
  Monotone.map_inf_le (fun _ ⟨ht, hu⟩ => use s; left; exact ht) <| s ∩ (t ∪ u).compl (hu) _ _


","💥️unexpected token ';'; expected ')', ',' or ':'",False,60,MIL.C04_Sets_and_Functions.solutions.Solutions_S01_Sets,Qwen-7B-short,LENGTH,best_of_n,False,0,-1.0,CH04.t1,False
-1,False,7,"theorem t1 : s ∩ t ∪ s ∩ u ⊆ s ∩ (t ∪ u) := by
  rintro x (⟨xs, xt⟩ | ⟨xs, xu⟩)
  · use xs; left; exact xt
  · use xs; right; exact xu

",,True,-1,"theorem t1 : s ∩ t ∪ s ∩ u ⊆ s ∩ (t ∪ u) :=
  Monotone.map_inf_le fun _ ⟨xs, xt⟩ _ ⟨xs, xu⟩ ↦ ⟨xs, (lt le_iff) (or push monotone inf le (lt := le t xu))]
",💥️unexpected token ']'; expected '⟩',False,60,MIL.C04_Sets_and_Functions.solutions.Solutions_S01_Sets,Qwen-7B-short,LENGTH,best_of_n,False,0,-1.0,CH04.t1,False
-1,False,7,"theorem t1 : s ∩ t ∪ s ∩ u ⊆ s ∩ (t ∪ u) := by
  rintro x (⟨xs, xt⟩ | ⟨xs, xu⟩)
  · use xs; left; exact xt
  · use xs; right; exact xu

",,True,-1,"theorem t1 : s ∩ t ∪ s ∩ u ⊆ s ∩ (t ∪ u) :=
  Monotone.map_inf_le s t u
","💥️application type mismatch
  Monotone.map_inf_le s
argument
  s
has type
  Set α : Type u_1
but is expected to have type
  Monotone ?m.157 : Prop",False,60,MIL.C04_Sets_and_Functions.solutions.Solutions_S01_Sets,Qwen-7B-short,LENGTH,best_of_n,False,0,-1.0,CH04.t1,False
-1,False,7,"theorem t1 : s ∩ t ∪ s ∩ u ⊆ s ∩ (t ∪ u) := by
  rintro x (⟨xs, xt⟩ | ⟨xs, xu⟩)
  · use xs; left; exact xt
  · use xs; right; exact xu

",,True,-1,"theorem t1 : s ∩ t ∪ s ∩ u ⊆ s ∩ (t ∪ u) :=
  Monotone.map_inf_le s t u
","💥️application type mismatch
  Monotone.map_inf_le s
argument
  s
has type
  Set α : Type u_1
but is expected to have type
  Monotone ?m.157 : Prop",False,60,MIL.C04_Sets_and_Functions.solutions.Solutions_S01_Sets,Qwen-7B-short,LENGTH,best_of_n,False,0,-1.0,CH04.t1,False
-1,False,7,"theorem t1 : s ∩ t ∪ s ∩ u ⊆ s ∩ (t ∪ u) := by
  rintro x (⟨xs, xt⟩ | ⟨xs, xu⟩)
  · use xs; left; exact xt
  · use xs; right; exact xu

",,True,-1,"theorem t1 : s ∩ t ∪ s ∩ u ⊆ s ∩ (t ∪ u) :=
  Monotone.map_inf_le s t u
","💥️application type mismatch
  Monotone.map_inf_le s
argument
  s
has type
  Set α : Type u_1
but is expected to have type
  Monotone ?m.157 : Prop",False,60,MIL.C04_Sets_and_Functions.solutions.Solutions_S01_Sets,Qwen-7B-short,LENGTH,best_of_n,False,0,-1.0,CH04.t1,False
-1,False,7,"theorem t1 : s ∩ t ∪ s ∩ u ⊆ s ∩ (t ∪ u) := by
  rintro x (⟨xs, xt⟩ | ⟨xs, xu⟩)
  · use xs; left; exact xt
  · use xs; right; exact xu

",,True,-1,"theorem t1 : s ∩ t ∪ s ∩ u ⊆ s ∩ (t ∪ u) :=
  Monotone.map_inf_le (fun _;_left) fun _;right ↦ by aesop
","💥️unexpected token ';'; expected '↦', '=>'",False,60,MIL.C04_Sets_and_Functions.solutions.Solutions_S01_Sets,Qwen-7B-short,LENGTH,best_of_n,False,0,-1.0,CH04.t1,False
-1,False,7,"theorem t1 : s ∩ t ∪ s ∩ u ⊆ s ∩ (t ∪ u) := by
  rintro x (⟨xs, xt⟩ | ⟨xs, xu⟩)
  · use xs; left; exact xt
  · use xs; right; exact xu

",,True,-1,"theorem t1 : s ∩ t ∪ s ∩ u ⊆ s ∩ (t ∪ u) :=
  Monotone.map_inf_le s.tendsto (and_iff_intior_tendsto_left) s.tendsto (and_iff_intior_tendsto_right)

","💥️invalid field 'tendsto', the environment does not contain 'Set.tendsto'
  s
has type
  Set α

💥️invalid field notation, type is not of the form (C ...) where C is a constant
  s
has type
  α → Prop

💥️unknown identifier 'and_iff_intior_tendsto_left'

💥️invalid field 'tendsto', the environment does not contain 'Set.tendsto'
  s
has type
  Set α

💥️invalid field notation, type is not of the form (C ...) where C is a constant
  s
has type
  α → Prop",False,60,MIL.C04_Sets_and_Functions.solutions.Solutions_S01_Sets,Qwen-7B-short,LENGTH,best_of_n,False,0,-1.0,CH04.t1,False
-1,False,7,"theorem t1 : s ∩ t ∪ s ∩ u ⊆ s ∩ (t ∪ u) := by
  rintro x (⟨xs, xt⟩ | ⟨xs, xu⟩)
  · use xs; left; exact xt
  · use xs; right; exact xu

",,True,-1,"theorem t1 : s ∩ t ∪ s ∩ u ⊆ s ∩ (t ∪ u) := by
  rintro x (⟨xs, xt⟩ | ⟨xs, xu⟩)
  · exact ⟨xs, left, exact mt⟩
  · exact ⟨xs, right, exact mu⟩
","💥️invalid constructor ⟨...⟩, expected type must be an inductive type with only one constructor 
  x ∈ t ∨ x ∈ u

💥️invalid constructor ⟨...⟩, expected type must be an inductive type with only one constructor 
  x ∈ t ∨ x ∈ u",False,60,MIL.C04_Sets_and_Functions.solutions.Solutions_S01_Sets,Qwen-7B-short,LENGTH,best_of_n,False,0,-1.0,CH04.t1,False
-1,False,7,"theorem t1 : s ∩ t ∪ s ∩ u ⊆ s ∩ (t ∪ u) := by
  rintro x (⟨xs, xt⟩ | ⟨xs, xu⟩)
  · use xs; left; exact xt
  · use xs; right; exact xu

",,True,-1,"theorem t1 : s ∩ t ∪ s ∩ u ⊆ s ∩ (t ∪ u) :=
  Monotone.map_inf_le (fun _ |) <|
    (s ∩ t).ite_iff.2 fun _ ⟨hts, hat⟩ <|
      (s ∩ u).ite_iff.2 fun _ ⟨htu, hau⟩ <|
        Monotone.map_inf_le ?_ hts ⊆ htu
",💥️unexpected token ')'; expected term,False,60,MIL.C04_Sets_and_Functions.solutions.Solutions_S01_Sets,Qwen-7B-short,LENGTH,best_of_n,False,0,-1.0,CH04.t1,False
-1,False,7,"theorem t1 : s ∩ t ∪ s ∩ u ⊆ s ∩ (t ∪ u) := by
  rintro x (⟨xs, xt⟩ | ⟨xs, xu⟩)
  · use xs; left; exact xt
  · use xs; right; exact xu

",,True,-1,"theorem t1 : s ∩ t ∪ s ∩ u ⊆ s ∩ (t ∪ u) :=
  Monotone.map_inf_le (fun _ _ ↦ (Monotone.inf_le_left.2 fun _ ↦ use this)
","💥️unexpected end of input; expected ')', ',' or ':'",False,60,MIL.C04_Sets_and_Functions.solutions.Solutions_S01_Sets,Qwen-7B-short,LENGTH,best_of_n,False,0,-1.0,CH04.t1,False
-1,False,7,"theorem t1 : s ∩ t ∪ s ∩ u ⊆ s ∩ (t ∪ u) := by
  rintro x (⟨xs, xt⟩ | ⟨xs, xu⟩)
  · use xs; left; exact xt
  · use xs; right; exact xu

",,True,-1,"theorem t1 : s ∩ t ∪ s ∩ u ⊆ s ∩ (t ∪ u) :=
  Monotone.map_inf_le (fun _ _ ↦ id) t u
","💥️type mismatch
  Monotone.map_inf_le (fun x x_1 => id) t u
has type
  t ⊓ u ≤ t ⊓ u : Prop
but is expected to have type
  s ∩ t ∪ s ∩ u ⊆ s ∩ (t ∪ u) : Prop",False,60,MIL.C04_Sets_and_Functions.solutions.Solutions_S01_Sets,Qwen-7B-short,LENGTH,best_of_n,False,0,-1.0,CH04.t1,False
-1,False,7,"theorem t1 : s ∩ t ∪ s ∩ u ⊆ s ∩ (t ∪ u) := by
  rintro x (⟨xs, xt⟩ | ⟨xs, xu⟩)
  · use xs; left; exact xt
  · use xs; right; exact xu

",,True,-1,"theorem t1 : s ∩ t ∪ s ∩ u ⊆ s ∩ (t ∪ u) := by
  rintro x (⟨xs, xt⟩ | ⟨xs, xu⟩)
  · exact ⟨xs, left, exact xt⟩
  · exact ⟨xs, right, exact xu⟩
","💥️invalid constructor ⟨...⟩, expected type must be an inductive type with only one constructor 
  x ∈ t ∨ x ∈ u

💥️invalid constructor ⟨...⟩, expected type must be an inductive type with only one constructor 
  x ∈ t ∨ x ∈ u",False,60,MIL.C04_Sets_and_Functions.solutions.Solutions_S01_Sets,Qwen-7B-short,LENGTH,best_of_n,False,0,-1.0,CH04.t1,False
-1,False,7,"theorem t1 : s ∩ t ∪ s ∩ u ⊆ s ∩ (t ∪ u) := by
  rintro x (⟨xs, xt⟩ | ⟨xs, xu⟩)
  · use xs; left; exact xt
  · use xs; right; exact xu

",,True,-1,"theorem t1 : s ∩ t ∪ s ∩ u ⊆ s ∩ (t ∪ u) :=
  Monotone.map_inf_le s t u _
","💥️application type mismatch
  Monotone.map_inf_le s
argument
  s
has type
  Set α : Type u_1
but is expected to have type
  Monotone ?m.157 : Prop",False,60,MIL.C04_Sets_and_Functions.solutions.Solutions_S01_Sets,Qwen-7B-short,LENGTH,best_of_n,False,0,-1.0,CH04.t1,False
-1,False,7,"theorem t1 : s ∩ t ∪ s ∩ u ⊆ s ∩ (t ∪ u) := by
  rintro x (⟨xs, xt⟩ | ⟨xs, xu⟩)
  · use xs; left; exact xt
  · use xs; right; exact xu

",,True,-1,"theorem t1 : s ∩ t ∪ s ∩ u ⊆ s ∩ (t ∪ u) :=
  Monotone.map_inf_le (fun _ _ ↦ id) s t u

","💥️type mismatch
  Monotone.map_inf_le (fun x x_1 => id) s t ?m.800
has type
  ?m.777 ∈ s ⊓ t : Prop
but is expected to have type
  s ∩ t ∪ s ∩ u ⊆ s ∩ (t ∪ u) : Prop",False,60,MIL.C04_Sets_and_Functions.solutions.Solutions_S01_Sets,Qwen-7B-short,LENGTH,best_of_n,False,0,-1.0,CH04.t1,False
-1,False,7,"theorem t1 : s ∩ t ∪ s ∩ u ⊆ s ∩ (t ∪ u) := by
  rintro x (⟨xs, xt⟩ | ⟨xs, xu⟩)
  · use xs; left; exact xt
  · use xs; right; exact xu

",,True,-1,"theorem t1 : s ∩ t ∪ s ∩ u ⊆ s ∩ (t ∪ u) :=
  Monotone.map_inf_le (fun t _ ↦ ext fun _ ↦ )⟩
",💥️unexpected token ')'; expected term,False,60,MIL.C04_Sets_and_Functions.solutions.Solutions_S01_Sets,Qwen-7B-short,LENGTH,best_of_n,False,0,-1.0,CH04.t1,False
-1,False,7,"theorem t1 : s ∩ t ∪ s ∩ u ⊆ s ∩ (t ∪ u) := by
  rintro x (⟨xs, xt⟩ | ⟨xs, xu⟩)
  · use xs; left; exact xt
  · use xs; right; exact xu

",,True,-1,"theorem t1 : s ∩ t ∪ s ∩ u ⊆ s ∩ (t ∪ u) := by
  rintro x (⟨xs, xt⟩ | ⟨xs, xu⟩)
  exact ⟨xs, left, exact xt⟩
","💥️invalid constructor ⟨...⟩, expected type must be an inductive type with only one constructor 
  x ∈ t ∨ x ∈ u

💥️unsolved goals
case inr.intro
α : Type u_1
s t u : Set α
x : α
xs : x ∈ s
xu : x ∈ u
⊢ x ∈ s ∩ (t ∪ u)",False,60,MIL.C04_Sets_and_Functions.solutions.Solutions_S01_Sets,Qwen-7B-short,LENGTH,best_of_n,False,0,-1.0,CH04.t1,False
-1,False,7,"theorem t1 : s ∩ t ∪ s ∩ u ⊆ s ∩ (t ∪ u) := by
  rintro x (⟨xs, xt⟩ | ⟨xs, xu⟩)
  · use xs; left; exact xt
  · use xs; right; exact xu

",,True,-1,"theorem t1 : s ∩ t ∪ s ∩ u ⊆ s ∩ (t ∪ u) :=
  Monotone.map_inf_le (fun _₀ _₁ ↦ ) (s ∩ t) u


",💥️unexpected token ')'; expected term,False,60,MIL.C04_Sets_and_Functions.solutions.Solutions_S01_Sets,Qwen-7B-short,LENGTH,best_of_n,False,0,-1.0,CH04.t1,False
-1,False,7,"theorem t1 : s ∩ t ∪ s ∩ u ⊆ s ∩ (t ∪ u) := by
  rintro x (⟨xs, xt⟩ | ⟨xs, xu⟩)
  · use xs; left; exact xt
  · use xs; right; exact xu

",,True,-1,"theorem t1 : s ∩ t ∪ s ∩ u ⊆ s ∩ (t ∪ u) :=
  Monotone.map_inf_le (fun _ ⟨hts, hat⟩ => use thought; exact hts) fun x (⟨xs, xt⟩ | ⟨xs, xu⟩) => use xs; left; exact xt
","💥️unexpected token ';'; expected ')', ',' or ':'",False,60,MIL.C04_Sets_and_Functions.solutions.Solutions_S01_Sets,Qwen-7B-short,LENGTH,best_of_n,False,0,-1.0,CH04.t1,False
-1,False,7,"theorem t1 : s ∩ t ∪ s ∩ u ⊆ s ∩ (t ∪ u) := by
  rintro x (⟨xs, xt⟩ | ⟨xs, xu⟩)
  · use xs; left; exact xt
  · use xs; right; exact xu

",,True,-1,"theorem t1 : s ∩ t ∪ s ∩ u ⊆ s ∩ (t ∪ u) := by
  rintro x (⟨xs, xt⟩ | ⟨xs, xu⟩)
  · exact ⟨xs, left, xt⟩
  · exact ⟨xs, right, xu⟩
","💥️invalid constructor ⟨...⟩, expected type must be an inductive type with only one constructor 
  x ∈ t ∨ x ∈ u

💥️invalid constructor ⟨...⟩, expected type must be an inductive type with only one constructor 
  x ∈ t ∨ x ∈ u",False,60,MIL.C04_Sets_and_Functions.solutions.Solutions_S01_Sets,Qwen-7B-short,LENGTH,best_of_n,False,0,-1.0,CH04.t1,False
-1,False,7,"theorem t1 : s ∩ t ∪ s ∩ u ⊆ s ∩ (t ∪ u) := by
  rintro x (⟨xs, xt⟩ | ⟨xs, xu⟩)
  · use xs; left; exact xt
  · use xs; right; exact xu

",,True,-1,"theorem t1 : s ∩ t ∪ s ∩ u ⊆ s ∩ (t ∪ u) :=
  Monotone.map_inf_le (fun _ _ ↦ use_true) <|
    (Monotone.map_inf_le (Monotone.map_inf_le _ _) fun _ _ ↦
      use_true).trans (Monotone.map_inf_le _ _).toMonotone


","💥️unknown identifier 'use_true'

💥️application type mismatch
  Monotone.map_inf_le (Monotone.map_inf_le ?m.181 ?m.182)
argument
  Monotone.map_inf_le ?m.181 ?m.182
has type
  ∀ (y : ?m.176), ?m.180 (?m.182 ⊓ y) ≤ ?m.180 ?m.182 ⊓ ?m.180 y : Prop
but is expected to have type
  Monotone ?m.173 : Prop

💥️unknown identifier 'use_true'

💥️stuck at solving universe constraint
  ?u.168+1 =?= imax ?u.815 ?u.818 ?u.821
while trying to unify
  (x : ?m.816) → (x_1 : ?m.823 x) → ?m.824 x x_1 : Sort (imax ?u.815 ?u.818 ?u.821)
with
  (x : ?m.816) → (x_1 : ?m.823 x) → ?m.824 x x_1 : Sort (imax ?u.815 ?u.818 ?u.821)",False,60,MIL.C04_Sets_and_Functions.solutions.Solutions_S01_Sets,Qwen-7B-short,LENGTH,best_of_n,False,0,-1.0,CH04.t1,False
-1,False,7,"theorem t1 : s ∩ t ∪ s ∩ u ⊆ s ∩ (t ∪ u) := by
  rintro x (⟨xs, xt⟩ | ⟨xs, xu⟩)
  · use xs; left; exact xt
  · use xs; right; exact xu

",,True,-1,"theorem t1 : s ∩ t ∪ s ∩ u ⊆ s ∩ (t ∪ u) :=
  Monotone.map_inf_le (fun _ _ ↦ (Monotone.left _).le) le_t1 fun _ _ ↦ <|
    inf_le_iff.2 ⟨left.2 _ _, right.2 _⟩
",💥️unexpected token '<|'; expected term,False,60,MIL.C04_Sets_and_Functions.solutions.Solutions_S01_Sets,Qwen-7B-short,LENGTH,best_of_n,False,0,-1.0,CH04.t1,False
-1,False,7,"theorem t1 : s ∩ t ∪ s ∩ u ⊆ s ∩ (t ∪ u) := by
  rintro x (⟨xs, xt⟩ | ⟨xs, xu⟩)
  · use xs; left; exact xt
  · use xs; right; exact xu

",,True,-1,"theorem t1 : s ∩ t ∪ s ∩ u ⊆ s ∩ (t ∪ u) :=
  Monotone.map_inf_le (fun _ _ ↦ ⟨.inl ·.2.1, ·.2.2⟩)
","💥️type mismatch
  Monotone.map_inf_le fun x1 x2 => ?m.465
has type
  ∀ (x y : ?m.153), ?m.157 (x ⊓ y) ≤ ?m.157 x ⊓ ?m.157 y : Prop
but is expected to have type
  s ∩ t ∪ s ∩ u ⊆ s ∩ (t ∪ u) : Prop

💥️invalid constructor ⟨...⟩, expected type must be an inductive type 
  ?m.286 x✝¹ x✝

💥️type mismatch
  fun x x_1 => ?m.284
has type
  (x : x1✝ ≤ x2✝) → (x_1 : ?m.285 x) → ?m.286 x x_1 : Sort (imax ?u.279 ?u.282)
but is expected to have type
  x1✝ ≤ x2✝ → ?m.157 x1✝ ≤ ?m.157 x2✝ : Prop",False,60,MIL.C04_Sets_and_Functions.solutions.Solutions_S01_Sets,Qwen-7B-short,LENGTH,best_of_n,False,0,-1.0,CH04.t1,False
-1,False,7,"theorem t1 : s ∩ t ∪ s ∩ u ⊆ s ∩ (t ∪ u) := by
  rintro x (⟨xs, xt⟩ | ⟨xs, xu⟩)
  · use xs; left; exact xt
  · use xs; right; exact xu

",,True,-1,"theorem t1 : s ∩ t ∪ s ∩ u ⊆ s ∩ (t ∪ u) :=
  Monotone.map_inf_le (fun _ _ ↦ use) t u
",💥️unknown identifier 'use',False,60,MIL.C04_Sets_and_Functions.solutions.Solutions_S01_Sets,Qwen-7B-short,LENGTH,best_of_n,False,0,-1.0,CH04.t1,False
-1,False,7,"theorem t1 : s ∩ t ∪ s ∩ u ⊆ s ∩ (t ∪ u) := by
  rintro x (⟨xs, xt⟩ | ⟨xs, xu⟩)
  · use xs; left; exact xt
  · use xs; right; exact xu

",,True,-1,"theorem t1 : s ∩ t ∪ s ∩ u ⊆ s ∩ (t ∪ u) :=
  Monotone.map_inf_le s t u
","💥️application type mismatch
  Monotone.map_inf_le s
argument
  s
has type
  Set α : Type u_1
but is expected to have type
  Monotone ?m.157 : Prop",False,60,MIL.C04_Sets_and_Functions.solutions.Solutions_S01_Sets,Qwen-7B-short,LENGTH,best_of_n,False,0,-1.0,CH04.t1,False
-1,False,7,"theorem t1 : s ∩ t ∪ s ∩ u ⊆ s ∩ (t ∪ u) := by
  rintro x (⟨xs, xt⟩ | ⟨xs, xu⟩)
  · use xs; left; exact xt
  · use xs; right; exact xu

",,True,-1,"theorem t1 : s ∩ t ∪ s ∩ u ⊆ s ∩ (t ∪ u) :=
  Monotone.map_inf_le (fun _ _ ↦ s) fun _ _ ↦ rfl
","💥️type mismatch
  s
has type
  Set α : Type u_1
but is expected to have type
  x✝¹ ≤ x✝ → ?m.157 x✝¹ ≤ ?m.157 x✝ : Prop",False,60,MIL.C04_Sets_and_Functions.solutions.Solutions_S01_Sets,Qwen-7B-short,LENGTH,best_of_n,False,0,-1.0,CH04.t1,False
-1,False,7,"theorem t1 : s ∩ t ∪ s ∩ u ⊆ s ∩ (t ∪ u) := by
  rintro x (⟨xs, xt⟩ | ⟨xs, xu⟩)
  · use xs; left; exact xt
  · use xs; right; exact xu

",,True,-1,"theorem t1 : s ∩ t ∪ s ∩ u ⊆ s ∩ (t ∪ u) :=
  Monotone.map_inf_le (fun _ ⟨ht, hu⟩ ↦ hu <| ht ▸ t1_subset_right) |>.2 fun _ ↦ t1_subset_left


","💥️invalid field notation, type is not of the form (C ...) where C is a constant
  Monotone.map_inf_le fun x x_1 => ?m.164
has type
  ∀ (x y : ?m.153), ?m.157 (x ⊓ y) ≤ ?m.157 x ⊓ ?m.157 y

💥️invalid constructor ⟨...⟩, expected type must be an inductive type 
  ?m.153",False,60,MIL.C04_Sets_and_Functions.solutions.Solutions_S01_Sets,Qwen-7B-short,LENGTH,best_of_n,False,0,-1.0,CH04.t1,False
-1,False,7,"theorem t1 : s ∩ t ∪ s ∩ u ⊆ s ∩ (t ∪ u) := by
  rintro x (⟨xs, xt⟩ | ⟨xs, xu⟩)
  · use xs; left; exact xt
  · use xs; right; exact xu

",,True,-1,"theorem t1 : s ∩ t ∪ s ∩ u ⊆ s ∩ (t ∪ u) := by
  rintro x (⟨xs, xt⟩ | ⟨xs, xu⟩)
  · exact ⟨xs, left, xt⟩
  · exact ⟨xs, right, xu⟩
","💥️invalid constructor ⟨...⟩, expected type must be an inductive type with only one constructor 
  x ∈ t ∨ x ∈ u

💥️invalid constructor ⟨...⟩, expected type must be an inductive type with only one constructor 
  x ∈ t ∨ x ∈ u",False,60,MIL.C04_Sets_and_Functions.solutions.Solutions_S01_Sets,Qwen-7B-short,LENGTH,best_of_n,False,0,-1.0,CH04.t1,False
-1,False,7,"theorem t1 : s ∩ t ∪ s ∩ u ⊆ s ∩ (t ∪ u) := by
  rintro x (⟨xs, xt⟩ | ⟨xs, xu⟩)
  · use xs; left; exact xt
  · use xs; right; exact xu

",,True,-1,"theorem t1 : s ∩ t ∪ s ∩ u ⊆ s ∩ (t ∪ u) :=
  Monotone.map_inf_le (fun _ _ ↦ _)
","💥️type mismatch
  Monotone.map_inf_le fun x x_1 => ?m.277 x x_1
has type
  ∀ (x y : ?m.153), ?m.157 (x ⊓ y) ≤ ?m.157 x ⊓ ?m.157 y : Prop
but is expected to have type
  s ∩ t ∪ s ∩ u ⊆ s ∩ (t ∪ u) : Prop",False,60,MIL.C04_Sets_and_Functions.solutions.Solutions_S01_Sets,Qwen-7B-short,LENGTH,best_of_n,False,0,-1.0,CH04.t1,False
-1,False,7,"theorem t1 : s ∩ t ∪ s ∩ u ⊆ s ∩ (t ∪ u) := by
  rintro x (⟨xs, xt⟩ | ⟨xs, xu⟩)
  · use xs; left; exact xt
  · use xs; right; exact xu

",,True,-1,"theorem t1 : s ∩ t ∪ s ∩ u ⊆ s ∩ (t ∪ u) :=
  subset_antisymm_of_subset_left <|! tauto
",💥️unknown identifier 'subset_antisymm_of_subset_left',False,60,MIL.C04_Sets_and_Functions.solutions.Solutions_S01_Sets,Qwen-7B-short,LENGTH,best_of_n,False,0,-1.0,CH04.t1,False
-1,False,7,"theorem t1 : s ∩ t ∪ s ∩ u ⊆ s ∩ (t ∪ u) := by
  rintro x (⟨xs, xt⟩ | ⟨xs, xu⟩)
  · use xs; left; exact xt
  · use xs; right; exact xu

",,True,-1,"theorem t1 : s ∩ t ∪ s ∩ u ⊆ s ∩ (t ∪ u) := by
  rintro x (⟨xs, xt⟩ | ⟨xs, xu⟩)
  exact ⟨xs, xt, xu⟩
","💥️invalid constructor ⟨...⟩, expected type must be an inductive type with only one constructor 
  x ∈ t ∨ x ∈ u

💥️unsolved goals
case inr.intro
α : Type u_1
s t u : Set α
x : α
xs : x ∈ s
xu : x ∈ u
⊢ x ∈ s ∩ (t ∪ u)",False,60,MIL.C04_Sets_and_Functions.solutions.Solutions_S01_Sets,Qwen-7B-short,LENGTH,best_of_n,False,0,-1.0,CH04.t1,False
-1,False,7,"theorem t1 : s ∩ t ∪ s ∩ u ⊆ s ∩ (t ∪ u) := by
  rintro x (⟨xs, xt⟩ | ⟨xs, xu⟩)
  · use xs; left; exact xt
  · use xs; right; exact xu

",,True,-1,"theorem t1 : s ∩ t ∪ s ∩ u ⊆ s ∩ (t ∪ u) :=
  Monotone.map_inf_le_left fun _ _ ↦ Monotone.ae_lt fun _ _ ↦ (Com-scalars _).trans lt
","💥️invalid field notation, type is not of the form (C ...) where C is a constant
  Monotone
has type
  (?m.153 → ?m.154) → Prop",False,60,MIL.C04_Sets_and_Functions.solutions.Solutions_S01_Sets,Qwen-7B-short,LENGTH,best_of_n,False,0,-1.0,CH04.t1,False
-1,False,7,"theorem t1 : s ∩ t ∪ s ∩ u ⊆ s ∩ (t ∪ u) := by
  rintro x (⟨xs, xt⟩ | ⟨xs, xu⟩)
  · use xs; left; exact xt
  · use xs; right; exact xu

",,True,-1,"theorem t1 : s ∩ t ∪ s ∩ u ⊆ s ∩ (t ∪ u) :=
  Monotone.map_inf_le s t u
","💥️application type mismatch
  Monotone.map_inf_le s
argument
  s
has type
  Set α : Type u_1
but is expected to have type
  Monotone ?m.157 : Prop",False,60,MIL.C04_Sets_and_Functions.solutions.Solutions_S01_Sets,Qwen-7B-short,LENGTH,best_of_n,False,0,-1.0,CH04.t1,False
-1,False,7,"theorem t1 : s ∩ t ∪ s ∩ u ⊆ s ∩ (t ∪ u) := by
  rintro x (⟨xs, xt⟩ | ⟨xs, xu⟩)
  · use xs; left; exact xt
  · use xs; right; exact xu

",,True,-1,"theorem t1 : s ∩ t ∪ s ∩ u ⊆ s ∩ (t ∪ u) :=
  Monotone.map_inf_le (fun _ h1 _ h2 => ⟨h1.1, h2.1⟩)
","💥️application type mismatch
  Monotone.map_inf_le fun x h1 x_1 h2 => ?m.284
argument
  fun x h1 x_1 h2 => ?m.284
has type
  (x h1 : ?m.153) →
    (x_1 : x ≤ h1) → (h2 : ?m.285 x h1 x_1) → ?m.286 x h1 x_1 h2 : Sort (imax (?u.152 + 1) (?u.152 + 1) ?u.279 ?u.282)
but is expected to have type
  Monotone ?m.157 : Prop

💥️invalid constructor ⟨...⟩, expected type must be an inductive type 
  ?m.286 x✝¹ h1 x✝ h2",False,60,MIL.C04_Sets_and_Functions.solutions.Solutions_S01_Sets,Qwen-7B-short,LENGTH,best_of_n,False,0,-1.0,CH04.t1,False
-1,False,7,"theorem t1 : s ∩ t ∪ s ∩ u ⊆ s ∩ (t ∪ u) := by
  rintro x (⟨xs, xt⟩ | ⟨xs, xu⟩)
  · use xs; left; exact xt
  · use xs; right; exact xu

",,True,-1,"theorem t1 : s ∩ t ∪ s ∩ u ⊆ s ∩ (t ∪ u) :=
  Monotone.map_inf_le (fun _ ⟨ht, hu⟩ | fun _ ha) => .1 or .2 <;>.1 and ⟨ht, hu⟩ | .2 and ha
","💥️unexpected token '|'; expected '↦', '=>'",False,60,MIL.C04_Sets_and_Functions.solutions.Solutions_S01_Sets,Qwen-7B-short,LENGTH,best_of_n,False,0,-1.0,CH04.t1,False
-1,False,7,"theorem t1 : s ∩ t ∪ s ∩ u ⊆ s ∩ (t ∪ u) := by
  rintro x (⟨xs, xt⟩ | ⟨xs, xu⟩)
  · use xs; left; exact xt
  · use xs; right; exact xu

",,True,-1,"theorem t1 : s ∩ t ∪ s ∩ u ⊆ s ∩ (t ∪ u) :=
  Monotone.map_inf_le (fun _ ↦ id)
","💥️type mismatch
  Monotone.map_inf_le fun x => ?m.334
has type
  ∀ (x y : ?m.153), ?m.157 (x ⊓ y) ≤ ?m.157 x ⊓ ?m.157 y : Prop
but is expected to have type
  s ∩ t ∪ s ∩ u ⊆ s ∩ (t ∪ u) : Prop

💥️type mismatch
  id
has type
  ?m.274 → ?m.274 : Sort ?u.273
but is expected to have type
  ∀ ⦃b : ?m.153⦄, x✝ ≤ b → ?m.157 x✝ ≤ ?m.157 b : Prop",False,60,MIL.C04_Sets_and_Functions.solutions.Solutions_S01_Sets,Qwen-7B-short,LENGTH,best_of_n,False,0,-1.0,CH04.t1,False
-1,False,7,"theorem t1 : s ∩ t ∪ s ∩ u ⊆ s ∩ (t ∪ u) := by
  rintro x (⟨xs, xt⟩ | ⟨xs, xu⟩)
  · use xs; left; exact xt
  · use xs; right; exact xu

",,True,-1,"theorem t1 : s ∩ t ∪ s ∩ u ⊆ s ∩ (t ∪ u) :=
  Set.inclusion_injective fun _ ⟨, xt⟩ _ ⟨, xu⟩ ↦ ⟨_, left, xt⟩ _ ⟨_, right, xu⟩
","💥️unexpected token ','; expected '⟩'",False,60,MIL.C04_Sets_and_Functions.solutions.Solutions_S01_Sets,Qwen-7B-short,LENGTH,best_of_n,False,0,-1.0,CH04.t1,False
-1,False,7,"theorem t1 : s ∩ t ∪ s ∩ u ⊆ s ∩ (t ∪ u) := by
  rintro x (⟨xs, xt⟩ | ⟨xs, xu⟩)
  · use xs; left; exact xt
  · use xs; right; exact xu

",,True,-1,"theorem t1 : s ∩ t ∪ s ∩ u ⊆ s ∩ (t ∪ u) :=
  Monotone.map_inf_le (fun _ _ ↦ use xs; left; exact xt) (fun _ _ ↦ use xs; right; exact xu)
","💥️unexpected token ';'; expected ')', ',' or ':'",False,60,MIL.C04_Sets_and_Functions.solutions.Solutions_S01_Sets,Qwen-7B-short,LENGTH,best_of_n,False,0,-1.0,CH04.t1,False
-1,False,7,"theorem t1 : s ∩ t ∪ s ∩ u ⊆ s ∩ (t ∪ u) := by
  rintro x (⟨xs, xt⟩ | ⟨xs, xu⟩)
  · use xs; left; exact xt
  · use xs; right; exact xu

",,True,-1,"theorem t1 : s ∩ t ∪ s ∩ u ⊆ s ∩ (t ∪ u) :=
  Monotone.map_inf_le (fun _ ⟨xs, xht⟩ _ xhu⟩ ↦ ⟨xs, xht.fst, xhu.fst⟩) <;> aesop
","💥️unexpected token '⟩'; expected '↦', '=>'",False,60,MIL.C04_Sets_and_Functions.solutions.Solutions_S01_Sets,Qwen-7B-short,LENGTH,best_of_n,False,0,-1.0,CH04.t1,False
-1,False,7,"theorem t1 : s ∩ t ∪ s ∩ u ⊆ s ∩ (t ∪ u) := by
  rintro x (⟨xs, xt⟩ | ⟨xs, xu⟩)
  · use xs; left; exact xt
  · use xs; right; exact xu

",,True,-1,"theorem t1 : s ∩ t ∪ s ∩ u ⊆ s ∩ (t ∪ u) :=
  Monotone.map_inf_le s t subset_univ
","💥️application type mismatch
  Monotone.map_inf_le s
argument
  s
has type
  Set α : Type u_1
but is expected to have type
  Monotone ?m.157 : Prop",False,60,MIL.C04_Sets_and_Functions.solutions.Solutions_S01_Sets,Qwen-7B-short,LENGTH,best_of_n,False,0,-1.0,CH04.t1,False
-1,False,7,"theorem t1 : s ∩ t ∪ s ∩ u ⊆ s ∩ (t ∪ u) := by
  rintro x (⟨xs, xt⟩ | ⟨xs, xu⟩)
  · use xs; left; exact xt
  · use xs; right; exact xu

",,True,-1,"theorem t1 : s ∩ t ∪ s ∩ u ⊆ s ∩ (t ∪ u) :=
  Monotone.map_inf_le (fun _ t m u => by aesop) s t u
","💥️application type mismatch
  Monotone.map_inf_le fun x t m u => ?m.172
argument
  fun x t m u => ?m.172
has type
  (x t : ?m.153) →
    (m : x ≤ t) → (u : ?m.173 x t m) → ?m.174 x t m u : Sort (imax (?u.152 + 1) (?u.152 + 1) ?u.167 ?u.170)
but is expected to have type
  Monotone ?m.157 : Prop

💥️aesop: exceeded maximum number of normalisation iterations (100). This means normalisation probably got stuck in an infinite loop.",False,60,MIL.C04_Sets_and_Functions.solutions.Solutions_S01_Sets,Qwen-7B-short,LENGTH,best_of_n,False,0,-1.0,CH04.t1,False
-1,False,7,"theorem t1 : s ∩ t ∪ s ∩ u ⊆ s ∩ (t ∪ u) := by
  rintro x (⟨xs, xt⟩ | ⟨xs, xu⟩)
  · use xs; left; exact xt
  · use xs; right; exact xu

",,True,-1,"theorem t1 : s ∩ t ∪ s ∩ u ⊆ s ∩ (t ∪ u) :=
  Monotone.map_inf_le (fun _ ⟨st xu⟩ | fun _ ⟨st xt⟩) ⟨fun _ _⟩
","💥️unexpected token '|'; expected '↦', '=>'",False,60,MIL.C04_Sets_and_Functions.solutions.Solutions_S01_Sets,Qwen-7B-short,LENGTH,best_of_n,False,0,-1.0,CH04.t1,False
-1,False,7,"theorem t1 : s ∩ t ∪ s ∩ u ⊆ s ∩ (t ∪ u) := by
  rintro x (⟨xs, xt⟩ | ⟨xs, xu⟩)
  · use xs; left; exact xt
  · use xs; right; exact xu

",,True,-1,"theorem t1 : s ∩ t ∪ s ∩ u ⊆ s ∩ (t ∪ u) :=
  Monotone.map_inf_le (fun _ _ ↦ ⟨⟨_, _⟩⟩).2 fun _ _ ↦ ⟨_, _⟩
","💥️invalid field notation, type is not of the form (C ...) where C is a constant
  fun x x_1 => ?m.166
has type
  (x : ?m.159) → (x_1 : ?m.167 x) → ?m.168 x x_1

💥️invalid constructor ⟨...⟩, expected type must be an inductive type 
  ?m.168 x✝¹ x✝

💥️invalid constructor ⟨...⟩, expected type must be an inductive type 
  ?m.182 x✝¹ x✝

💥️stuck at solving universe constraint
  ?u.152+1 =?= imax ?u.172 ?u.175 ?u.178
while trying to unify
  (x : ?m.173) → (x_1 : ?m.181 x) → ?m.182 x x_1 : Sort (imax ?u.172 ?u.175 ?u.178)
with
  (x : ?m.173) → (x_1 : ?m.181 x) → ?m.182 x x_1 : Sort (imax ?u.172 ?u.175 ?u.178)",False,60,MIL.C04_Sets_and_Functions.solutions.Solutions_S01_Sets,Qwen-7B-short,LENGTH,best_of_n,False,0,-1.0,CH04.t1,False
-1,False,7,"theorem t1 : s ∩ t ∪ s ∩ u ⊆ s ∩ (t ∪ u) := by
  rintro x (⟨xs, xt⟩ | ⟨xs, xu⟩)
  · use xs; left; exact xt
  · use xs; right; exact xu

",,True,-1,"theorem t1 : s ∩ t ∪ s ∩ u ⊆ s ∩ (t ∪ u) :=
  Monotone.map_inf_le (fun _ ⟨hts, hat⟩ ↦ by rwa [hat])
","💥️type mismatch
  Monotone.map_inf_le fun x x_1 => ?m.276
has type
  ∀ (x y : ?m.153), ?m.157 (x ⊓ y) ≤ ?m.157 x ⊓ ?m.157 y : Prop
but is expected to have type
  s ∩ t ∪ s ∩ u ⊆ s ∩ (t ∪ u) : Prop

💥️invalid constructor ⟨...⟩, expected type must be an inductive type 
  ?m.153",False,60,MIL.C04_Sets_and_Functions.solutions.Solutions_S01_Sets,Qwen-7B-short,LENGTH,best_of_n,False,0,-1.0,CH04.t1,False
-1,False,7,"theorem t1 : s ∩ t ∪ s ∩ u ⊆ s ∩ (t ∪ u) := by
  rintro x (⟨xs, xt⟩ | ⟨xs, xu⟩)
  · use xs; left; exact xt
  · use xs; right; exact xu

",,True,7,"theorem t1 : s ∩ t ∪ s ∩ u ⊆ s ∩ (t ∪ u) := by
  rintro x (⟨xs, xt⟩ | ⟨xs, xu⟩)
  · use xs; left; exact xt
  · use xs; right; exact xu
",,True,60,MIL.C04_Sets_and_Functions.solutions.Solutions_S01_Sets,Qwen-7B-short,LENGTH,best_of_n,False,0,0.0,CH04.t1,False
-1,False,7,"theorem t1 : s ∩ t ∪ s ∩ u ⊆ s ∩ (t ∪ u) := by
  rintro x (⟨xs, xt⟩ | ⟨xs, xu⟩)
  · use xs; left; exact xt
  · use xs; right; exact xu

",,True,-1,"theorem t1 : s ∩ t ∪ s ∩ u ⊆ s ∩ (t ∪ u) := by
  rintro x (⟨xs, xt⟩ | ⟨xs, xu⟩)
  · exact {xs, left, exact xt}
  · exact {xs, right, exact xu}


","💥️unknown identifier 'left'

💥️unknown identifier 'exact'

💥️application type mismatch
  insert xs
argument
  xs
has type
  x ∈ s : Prop
but is expected to have type
  ?m.229 : outParam (Type ?u.228)

💥️unknown identifier 'right'

💥️unknown identifier 'exact'

💥️application type mismatch
  insert xs
argument
  xs
has type
  x ∈ s : Prop
but is expected to have type
  ?m.763 : outParam (Type ?u.762)",False,60,MIL.C04_Sets_and_Functions.solutions.Solutions_S01_Sets,Qwen-7B-short,LENGTH,best_of_n,False,0,-1.0,CH04.t1,False
-1,False,7,"theorem t1 : s ∩ t ∪ s ∩ u ⊆ s ∩ (t ∪ u) := by
  rintro x (⟨xs, xt⟩ | ⟨xs, xu⟩)
  · use xs; left; exact xt
  · use xs; right; exact xu

",,True,-1,"theorem t1 : s ∩ t ∪ s ∩ u ⊆ s ∩ (t ∪ u) :=
  Monotone.map_inf_le (fun _ _ ↦ (addMonotone inf_le_left inf_le_right)
","💥️unexpected end of input; expected ')', ',' or ':'",False,60,MIL.C04_Sets_and_Functions.solutions.Solutions_S01_Sets,Qwen-7B-short,LENGTH,best_of_n,False,0,-1.0,CH04.t1,False
-1,False,7,"theorem t1 : s ∩ t ∪ s ∩ u ⊆ s ∩ (t ∪ u) := by
  rintro x (⟨xs, xt⟩ | ⟨xs, xu⟩)
  · use xs; left; exact xt
  · use xs; right; exact xu

",,True,7,"theorem t1 : s ∩ t ∪ s ∩ u ⊆ s ∩ (t ∪ u) := by
  rintro _ (⟨xs, xt⟩ | ⟨xs, xu⟩)
  · use xs; left; exact xt
  · use xs; right; exact xu


",,True,60,MIL.C04_Sets_and_Functions.solutions.Solutions_S01_Sets,Qwen-7B-short,LENGTH,best_of_n,False,0,0.0,CH04.t1,False
-1,False,7,"theorem t1 : s ∩ t ∪ s ∩ u ⊆ s ∩ (t ∪ u) := by
  rintro x (⟨xs, xt⟩ | ⟨xs, xu⟩)
  · use xs; left; exact xt
  · use xs; right; exact xu

",,True,-1,"theorem t1 : s ∩ t ∪ s ∩ u ⊆ s ∩ (t ∪ u) := by
  rintro x (⟨xs, xt⟩ | ⟨xs, xu⟩)
  exact ⟨xs.2 _⟩
","💥️invalid constructor ⟨...⟩, insufficient number of arguments, constructs 'And.intro' has #2 explicit fields, but only #1 provided

💥️unsolved goals
case inr.intro
α : Type u_1
s t u : Set α
x : α
xs : x ∈ s
xu : x ∈ u
⊢ x ∈ s ∩ (t ∪ u)",False,60,MIL.C04_Sets_and_Functions.solutions.Solutions_S01_Sets,Qwen-7B-short,LENGTH,best_of_n,False,0,-1.0,CH04.t1,False
-1,False,7,"theorem t1 : s ∩ t ∪ s ∩ u ⊆ s ∩ (t ∪ u) := by
  rintro x (⟨xs, xt⟩ | ⟨xs, xu⟩)
  · use xs; left; exact xt
  · use xs; right; exact xu

",,True,-1,"theorem t1 : s ∩ t ∪ s ∩ u ⊆ s ∩ (t ∪ u) := by
  rintro x (⟨xs, xt⟩ | ⟨xs, xu⟩)
  exact ⟨xs, left.1, right.0⟩
","💥️unexpected token; expected '⟩'

💥️invalid constructor ⟨...⟩, expected type must be an inductive type with only one constructor 
  x ∈ t ∨ x ∈ u

💥️unsolved goals
case inr.intro
α : Type u_1
s t u : Set α
x : α
xs : x ∈ s
xu : x ∈ u
⊢ x ∈ s ∩ (t ∪ u)",False,60,MIL.C04_Sets_and_Functions.solutions.Solutions_S01_Sets,Qwen-7B-short,LENGTH,best_of_n,False,0,-1.0,CH04.t1,False
-1,False,7,"theorem t1 : s ∩ t ∪ s ∩ u ⊆ s ∩ (t ∪ u) := by
  rintro x (⟨xs, xt⟩ | ⟨xs, xu⟩)
  · use xs; left; exact xt
  · use xs; right; exact xu

",,True,7,"theorem t1 : s ∩ t ∪ s ∩ u ⊆ s ∩ (t ∪ u) := by
  rintro x (⟨xs, xt⟩ | ⟨xs, xu⟩)
  · use xs; left; exact xt
  · use xs; right; exact xu
",,True,60,MIL.C04_Sets_and_Functions.solutions.Solutions_S01_Sets,Qwen-7B-short,LENGTH,best_of_n,False,0,0.0,CH04.t1,False
-1,False,7,"theorem t1 : s ∩ t ∪ s ∩ u ⊆ s ∩ (t ∪ u) := by
  rintro x (⟨xs, xt⟩ | ⟨xs, xu⟩)
  · use xs; left; exact xt
  · use xs; right; exact xu

",,True,-1,"theorem t1 : s ∩ t ∪ s ∩ u ⊆ s ∩ (t ∪ u) :=
  Monotone.map_inf_le s t u
","💥️application type mismatch
  Monotone.map_inf_le s
argument
  s
has type
  Set α : Type u_1
but is expected to have type
  Monotone ?m.157 : Prop",False,60,MIL.C04_Sets_and_Functions.solutions.Solutions_S01_Sets,Qwen-7B-short,LENGTH,best_of_n,False,0,-1.0,CH04.t1,False
-1,False,7,"theorem t1 : s ∩ t ∪ s ∩ u ⊆ s ∩ (t ∪ u) := by
  rintro x (⟨xs, xt⟩ | ⟨xs, xu⟩)
  · use xs; left; exact xt
  · use xs; right; exact xu

",,True,-1,"theorem t1 : s ∩ t ∪ s ∩ u ⊆ s ∩ (t ∪ u) :=
  Monotone.map_inf_le (fun _ _ ↦ ⟨prod_mono_right, prod_mono_left⟩) s t u
","💥️invalid constructor ⟨...⟩, expected type must be an inductive type 
  x✝¹ ≤ x✝ → ?m.157 x✝¹ ≤ ?m.157 x✝",False,60,MIL.C04_Sets_and_Functions.solutions.Solutions_S01_Sets,Qwen-7B-short,LENGTH,best_of_n,False,0,-1.0,CH04.t1,False
-1,False,7,"theorem t1 : s ∩ t ∪ s ∩ u ⊆ s ∩ (t ∪ u) := by
  rintro x (⟨xs, xt⟩ | ⟨xs, xu⟩)
  · use xs; left; exact xt
  · use xs; right; exact xu

",,True,-1,"theorem t1 : s ∩ t ∪ s ∩ u ⊆ s ∩ (t ∪ u) :=
  Monotone.map_inf_le (fun _ ⟨hts, hat⟩ | fun _ ⟨hts, hau⟩) inf_le_left
","💥️unexpected token '|'; expected '↦', '=>'",False,60,MIL.C04_Sets_and_Functions.solutions.Solutions_S01_Sets,Qwen-7B-short,LENGTH,best_of_n,False,0,-1.0,CH04.t1,False
-1,False,7,"theorem t1 : s ∩ t ∪ s ∩ u ⊆ s ∩ (t ∪ u) := by
  rintro x (⟨xs, xt⟩ | ⟨xs, xu⟩)
  · use xs; left; exact xt
  · use xs; right; exact xu

",,True,-1,"theorem t1 : s ∩ t ∪ s ∩ u ⊆ s ∩ (t ∪ u) :=
  SetLike.tendsto_mem_iff.2 fun _ ↦ (and_iff_right | and_iff_left) <|
    and_iff_not_ge_iff.mpr fun _ ↦ (or_iff_not_imp_right | or_iff_not_imp_left)
","💥️unexpected token '|'; expected ')', ',' or ':'",False,60,MIL.C04_Sets_and_Functions.solutions.Solutions_S01_Sets,Qwen-7B-short,LENGTH,best_of_n,False,0,-1.0,CH04.t1,False
-1,False,7,"theorem t1 : s ∩ t ∪ s ∩ u ⊆ s ∩ (t ∪ u) := by
  rintro x (⟨xs, xt⟩ | ⟨xs, xu⟩)
  · use xs; left; exact xt
  · use xs; right; exact xu

",,True,-1,"theorem t1 : s ∩ t ∪ s ∩ u ⊆ s ∩ (t ∪ u) :=
  s ∩ t ⊆ s ∩ (t ∪ u) := tauto
  s ∩ u ⊆ s ∩ (t ∪ u) := tauto
","💥️type mismatch
  s ∩ t ⊆ s ∩ (t ∪ u)
has type
  Prop : Type
but is expected to have type
  s ∩ t ∪ s ∩ u ⊆ s ∩ (t ∪ u) : Prop",False,60,MIL.C04_Sets_and_Functions.solutions.Solutions_S01_Sets,Qwen-7B-short,LENGTH,best_of_n,False,0,-1.0,CH04.t1,False
-1,False,7,"theorem t1 : s ∩ t ∪ s ∩ u ⊆ s ∩ (t ∪ u) := by
  rintro x (⟨xs, xt⟩ | ⟨xs, xu⟩)
  · use xs; left; exact xt
  · use xs; right; exact xu

",,True,-1,"theorem t1 : s ∩ t ∪ s ∩ u ⊆ s ∩ (t ∪ u) :=
  Monotone.map_inf_le s (t := t)
    (s := u) fun _ _ ↦ Monotone.map_inf_le _ (Monotone.map_inf_le _ _)

","💥️application type mismatch
  Monotone.map_inf_le s
argument
  s
has type
  Set α : Type u_1
but is expected to have type
  Monotone ?m.157 : Prop

💥️invalid argument name 't' for function 'Monotone.map_inf_le'",False,60,MIL.C04_Sets_and_Functions.solutions.Solutions_S01_Sets,Qwen-7B-short,LENGTH,best_of_n,False,0,-1.0,CH04.t1,False
-1,False,7,"theorem t1 : s ∩ t ∪ s ∩ u ⊆ s ∩ (t ∪ u) := by
  rintro x (⟨xs, xt⟩ | ⟨xs, xu⟩)
  · use xs; left; exact xt
  · use xs; right; exact xu

",,True,-1,"theorem t1 : s ∩ t ∪ s ∩ u ⊆ s ∩ (t ∪ u) :=
  Monotone.map_inf_le (fun _ _ ↦ use_true) s t u


",💥️unknown identifier 'use_true',False,60,MIL.C04_Sets_and_Functions.solutions.Solutions_S01_Sets,Qwen-7B-short,LENGTH,best_of_n,False,0,-1.0,CH04.t1,False
-1,False,7,"theorem t2 : s \ (t ∪ u) ⊆ (s \ t) \ u := by
  rintro x ⟨xs, xntu⟩
  constructor
  use xs
  · intro xt
    exact xntu (Or.inl xt)
  intro xu
  apply xntu (Or.inr xu)

",,True,7,"theorem t2 : s \ (t ∪ u) ⊆ (s \ t) \ u := by
  rintro x ⟨xs, xntu⟩
  constructor
  use xs
  · intro xt
    exact xntu (Or.inl xt)
  intro xu
  apply xntu (Or.inr xu)
",,True,60,MIL.C04_Sets_and_Functions.solutions.Solutions_S01_Sets,Qwen-7B-short,LENGTH,best_of_n,False,0,0.0,CH04.t2,False
-1,False,7,"theorem t2 : s \ (t ∪ u) ⊆ (s \ t) \ u := by
  rintro x ⟨xs, xntu⟩
  constructor
  use xs
  · intro xt
    exact xntu (Or.inl xt)
  intro xu
  apply xntu (Or.inr xu)

",,True,-1,"theorem t2 : s \ (t ∪ u) ⊆ (s \ t) \ u := by
  rintro x ⟨xs, xntu⟩
  exact ⟨xs, intro _
  · exact xntu (Or.inl _)
  · intro xu
    exact xntu (Or.inr xu)⟩
","💥️application type mismatch
  And.intro xs
argument
  xs
has type
  x ∈ s : Prop
but is expected to have type
  x ∈ s \ t : Prop

💥️unknown identifier 'intro'",False,60,MIL.C04_Sets_and_Functions.solutions.Solutions_S01_Sets,Qwen-7B-short,LENGTH,best_of_n,False,0,-1.0,CH04.t2,False
-1,False,7,"theorem t2 : s \ (t ∪ u) ⊆ (s \ t) \ u := by
  rintro x ⟨xs, xntu⟩
  constructor
  use xs
  · intro xt
    exact xntu (Or.inl xt)
  intro xu
  apply xntu (Or.inr xu)

",,True,-1,"theorem t2 : s \ (t ∪ u) ⊆ (s \ t) \ u := by
  rintro x ⟨xs, xntu⟩
  constructor
  use xs
  intro xu
  apply xntu (Or.inr xu)
","💥️application type mismatch
  Or.inr xu
argument
  xu
has type
  x ∈ t : Prop
but is expected to have type
  x ∈ u : Prop

💥️unsolved goals
case intro.right
α : Type u_1
s t u : Set α
x : α
xs : x ∈ s
xntu : x ∉ t ∪ u
⊢ x ∉ u",False,60,MIL.C04_Sets_and_Functions.solutions.Solutions_S01_Sets,Qwen-7B-short,LENGTH,best_of_n,False,0,-1.0,CH04.t2,False
-1,False,7,"theorem t2 : s \ (t ∪ u) ⊆ (s \ t) \ u := by
  rintro x ⟨xs, xntu⟩
  constructor
  use xs
  · intro xt
    exact xntu (Or.inl xt)
  intro xu
  apply xntu (Or.inr xu)

",,True,7,"theorem t2 : s \ (t ∪ u) ⊆ (s \ t) \ u := by
  rintro x ⟨xs, xntu⟩
  constructor
  use xs
  · intro xt
    exact xntu (Or.inl xt)
  intro xu
  apply xntu (Or.inr xu)


",,True,60,MIL.C04_Sets_and_Functions.solutions.Solutions_S01_Sets,Qwen-7B-short,LENGTH,best_of_n,False,0,0.0,CH04.t2,False
-1,False,7,"theorem t2 : s \ (t ∪ u) ⊆ (s \ t) \ u := by
  rintro x ⟨xs, xntu⟩
  constructor
  use xs
  · intro xt
    exact xntu (Or.inl xt)
  intro xu
  apply xntu (Or.inr xu)

",,True,-1,"theorem t2 : s \ (t ∪ u) ⊆ (s \ t) \ u :=
  Set.filter_eq_image2 fun _x hx _hy := ⟨x, Or.elim (subtype _), hx, subtrict _ hy⟩
","💥️unexpected token ':='; expected '↦', '=>'",False,60,MIL.C04_Sets_and_Functions.solutions.Solutions_S01_Sets,Qwen-7B-short,LENGTH,best_of_n,False,0,-1.0,CH04.t2,False
-1,False,7,"theorem t2 : s \ (t ∪ u) ⊆ (s \ t) \ u := by
  rintro x ⟨xs, xntu⟩
  constructor
  use xs
  · intro xt
    exact xntu (Or.inl xt)
  intro xu
  apply xntu (Or.inr xu)

",,True,-1,"theorem t2 : s \ (t ∪ u) ⊆ (s \ t) \ u :=
  Monotone.map_inf_le s t u
","💥️application type mismatch
  Monotone.map_inf_le s
argument
  s
has type
  Set α : Type u_1
but is expected to have type
  Monotone ?m.474 : Prop",False,60,MIL.C04_Sets_and_Functions.solutions.Solutions_S01_Sets,Qwen-7B-short,LENGTH,best_of_n,False,0,-1.0,CH04.t2,False
-1,False,7,"theorem t2 : s \ (t ∪ u) ⊆ (s \ t) \ u := by
  rintro x ⟨xs, xntu⟩
  constructor
  use xs
  · intro xt
    exact xntu (Or.inl xt)
  intro xu
  apply xntu (Or.inr xu)

",,True,-1,"theorem t2 : s \ (t ∪ u) ⊆ (s \ t) \ u := by
  rintro x ⟨xs, xntu⟩
  constructor
  exact ⟨xs, fun xt ↦ xntu (Or.inl xt), fun xu ↦ xntu (Or.inr xu)⟩
","💥️invalid constructor ⟨...⟩, expected type must be an inductive type 
  x ∈ t → False

💥️unsolved goals
case intro.right
α : Type u_1
s t u : Set α
x : α
xs : x ∈ s
xntu : x ∉ t ∪ u
⊢ x ∉ u",False,60,MIL.C04_Sets_and_Functions.solutions.Solutions_S01_Sets,Qwen-7B-short,LENGTH,best_of_n,False,0,-1.0,CH04.t2,False
-1,False,7,"theorem t2 : s \ (t ∪ u) ⊆ (s \ t) \ u := by
  rintro x ⟨xs, xntu⟩
  constructor
  use xs
  · intro xt
    exact xntu (Or.inl xt)
  intro xu
  apply xntu (Or.inr xu)

",,True,-1,"theorem t2 : s \ (t ∪ u) ⊆ (s \ t) \ u := by
  rintro x ⟨xs, xntu⟩
  refine ⟨xs, fun xt ↦ xntu (Or.inl xt), fun xu ↦ xntu (Or.inr xu)⟩
","💥️application type mismatch
  And.intro xs
argument
  xs
has type
  x ∈ s : Prop
but is expected to have type
  x ∈ s \ t : Prop

💥️invalid constructor ⟨...⟩, expected type must be an inductive type 
  x ∈ u → False",False,60,MIL.C04_Sets_and_Functions.solutions.Solutions_S01_Sets,Qwen-7B-short,LENGTH,best_of_n,False,0,-1.0,CH04.t2,False
-1,False,7,"theorem t2 : s \ (t ∪ u) ⊆ (s \ t) \ u := by
  rintro x ⟨xs, xntu⟩
  constructor
  use xs
  · intro xt
    exact xntu (Or.inl xt)
  intro xu
  apply xntu (Or.inr xu)

",,True,-1,"theorem t2 : s \ (t ∪ u) ⊆ (s \ t) \ u := by
  rintro x ⟨xs, xntu⟩
  refine ⟨xs, fun xt ↦ xntu (Or.inl xt), fun xu ↦ xntu (Or.inr xu), ⟨fun _ _ ↦ Iff.rfl⟩
","💥️unexpected end of input; expected '⟩'

💥️application type mismatch
  And.intro xs
argument
  xs
has type
  x ∈ s : Prop
but is expected to have type
  x ∈ s \ t : Prop

💥️invalid constructor ⟨...⟩, expected type must be an inductive type 
  x ∈ u → False",False,60,MIL.C04_Sets_and_Functions.solutions.Solutions_S01_Sets,Qwen-7B-short,LENGTH,best_of_n,False,0,-1.0,CH04.t2,False
-1,False,7,"theorem t2 : s \ (t ∪ u) ⊆ (s \ t) \ u := by
  rintro x ⟨xs, xntu⟩
  constructor
  use xs
  · intro xt
    exact xntu (Or.inl xt)
  intro xu
  apply xntu (Or.inr xu)

",,True,-1,"theorem t2 : s \ (t ∪ u) ⊆ (s \ t) \ u :=
  tauto S t u (Or.inl _)
",💥️unknown identifier 'tauto',False,60,MIL.C04_Sets_and_Functions.solutions.Solutions_S01_Sets,Qwen-7B-short,LENGTH,best_of_n,False,0,-1.0,CH04.t2,False
-1,False,7,"theorem t2 : s \ (t ∪ u) ⊆ (s \ t) \ u := by
  rintro x ⟨xs, xntu⟩
  constructor
  use xs
  · intro xt
    exact xntu (Or.inl xt)
  intro xu
  apply xntu (Or.inr xu)

",,True,-1,"theorem t2 : s \ (t ∪ u) ⊆ (s \ t) \ u :=
  Monotone.map_inf_le s t u (fun _ _ ↦ ⟨!_, ?_⟩) <|
    (s \ t).sub_le u |>.map_inf_le _ _ <|
      le_of_subset_of_nonempty


","💥️application type mismatch
  Monotone.map_inf_le s
argument
  s
has type
  Set α : Type u_1
but is expected to have type
  Monotone ?m.474 : Prop",False,60,MIL.C04_Sets_and_Functions.solutions.Solutions_S01_Sets,Qwen-7B-short,LENGTH,best_of_n,False,0,-1.0,CH04.t2,False
-1,False,7,"theorem t2 : s \ (t ∪ u) ⊆ (s \ t) \ u := by
  rintro x ⟨xs, xntu⟩
  constructor
  use xs
  · intro xt
    exact xntu (Or.inl xt)
  intro xu
  apply xntu (Or.inr xu)

",,True,-1,"theorem t2 : s \ (t ∪ u) ⊆ (s \ t) \ u := by
  rintro x ⟨xs, xntu⟩
  constructor
  use xs
  intro hxs
  exact xntu (Or.inl hxs)
","💥️unsolved goals
case intro.right
α : Type u_1
s t u : Set α
x : α
xs : x ∈ s
xntu : x ∉ t ∪ u
⊢ x ∉ u",False,60,MIL.C04_Sets_and_Functions.solutions.Solutions_S01_Sets,Qwen-7B-short,LENGTH,best_of_n,False,0,-1.0,CH04.t2,False
-1,False,7,"theorem t2 : s \ (t ∪ u) ⊆ (s \ t) \ u := by
  rintro x ⟨xs, xntu⟩
  constructor
  use xs
  · intro xt
    exact xntu (Or.inl xt)
  intro xu
  apply xntu (Or.inr xu)

",,True,-1,"theorem t2 : s \ (t ∪ u) ⊆ (s \ t) \ u :=
  s \ (t ∪ u) ⊆ (s \ t) \ u using tauto
","💥️type mismatch
  s \ (t ∪ u) ⊆ (s \ t) \ u
has type
  Prop : Type
but is expected to have type
  s \ (t ∪ u) ⊆ (s \ t) \ u : Prop",False,60,MIL.C04_Sets_and_Functions.solutions.Solutions_S01_Sets,Qwen-7B-short,LENGTH,best_of_n,False,0,-1.0,CH04.t2,False
-1,False,7,"theorem t2 : s \ (t ∪ u) ⊆ (s \ t) \ u := by
  rintro x ⟨xs, xntu⟩
  constructor
  use xs
  · intro xt
    exact xntu (Or.inl xt)
  intro xu
  apply xntu (Or.inr xu)

",,True,-1,"theorem t2 : s \ (t ∪ u) ⊆ (s \ t) \ u :=
  Monotone.map_inf_le (A := s) t u
","💥️application type mismatch
  Monotone.map_inf_le t
argument
  t
has type
  Set α : Type u_1
but is expected to have type
  Monotone ?m.474 : Prop

💥️invalid argument name 'A' for function 'Monotone.map_inf_le'",False,60,MIL.C04_Sets_and_Functions.solutions.Solutions_S01_Sets,Qwen-7B-short,LENGTH,best_of_n,False,0,-1.0,CH04.t2,False
-1,False,7,"theorem t2 : s \ (t ∪ u) ⊆ (s \ t) \ u := by
  rintro x ⟨xs, xntu⟩
  constructor
  use xs
  · intro xt
    exact xntu (Or.inl xt)
  intro xu
  apply xntu (Or.inr xu)

",,True,-1,"lemma t2 : s \ (t ∪ u) ⊆ (s \ t) \ u :=
  Monotone.map_inf_le (fun _ _ ↦ x ↦ (x.1 ∈ s → x.2 ∈ t → x.3 ∈ u)
    fun _ _ ↦ ⟨fun x hx ↦ hx.1 ▸ (hx.2 ∈ t → x.3 ∈ u)⟩
","💥️unexpected token '↦'; expected ')', ',' or ':'",False,60,MIL.C04_Sets_and_Functions.solutions.Solutions_S01_Sets,Qwen-7B-short,LENGTH,best_of_n,False,0,-1.0,CH04.t2,False
-1,False,7,"theorem t2 : s \ (t ∪ u) ⊆ (s \ t) \ u := by
  rintro x ⟨xs, xntu⟩
  constructor
  use xs
  · intro xt
    exact xntu (Or.inl xt)
  intro xu
  apply xntu (Or.inr xu)

",,True,-1,"theorem t2 : s \ (t ∪ u) ⊆ (s \ t) \ u := by
  rintro x ⟨xs, xntu⟩
  exact ⟨xs, !hx => xntu (Or.inl hx), intro xu => xntu (Or.inr xu)⟩


","💥️unexpected token '=>'; expected '⟩'

💥️application type mismatch
  And.intro xs
argument
  xs
has type
  x ∈ s : Prop
but is expected to have type
  x ∈ s \ t : Prop

💥️unknown identifier 'hx'",False,60,MIL.C04_Sets_and_Functions.solutions.Solutions_S01_Sets,Qwen-7B-short,LENGTH,best_of_n,False,0,-1.0,CH04.t2,False
-1,False,7,"theorem t2 : s \ (t ∪ u) ⊆ (s \ t) \ u := by
  rintro x ⟨xs, xntu⟩
  constructor
  use xs
  · intro xt
    exact xntu (Or.inl xt)
  intro xu
  apply xntu (Or.inr xu)

",,True,-1,"theorem t2 : s \ (t ∪ u) ⊆ (s \ t) \ u :=
  monotone.map_inf_le (fun _ _ ↦ constructor) t u
",💥️unknown identifier 'monotone.map_inf_le',False,60,MIL.C04_Sets_and_Functions.solutions.Solutions_S01_Sets,Qwen-7B-short,LENGTH,best_of_n,False,0,-1.0,CH04.t2,False
-1,False,7,"theorem t2 : s \ (t ∪ u) ⊆ (s \ t) \ u := by
  rintro x ⟨xs, xntu⟩
  constructor
  use xs
  · intro xt
    exact xntu (Or.inl xt)
  intro xu
  apply xntu (Or.inr xu)

",,True,-1,"theorem t2 : s \ (t ∪ u) ⊆ (s \ t) \ u :=
  Monotone.map_inf_le S _ (s \ t) (df := fun _x hx => xntu hx)
","💥️unknown identifier 'S'

💥️invalid argument name 'df' for function 'Monotone.map_inf_le'",False,60,MIL.C04_Sets_and_Functions.solutions.Solutions_S01_Sets,Qwen-7B-short,LENGTH,best_of_n,False,0,-1.0,CH04.t2,False
-1,False,7,"theorem t2 : s \ (t ∪ u) ⊆ (s \ t) \ u := by
  rintro x ⟨xs, xntu⟩
  constructor
  use xs
  · intro xt
    exact xntu (Or.inl xt)
  intro xu
  apply xntu (Or.inr xu)

",,True,-1,"theorem t2 : s \ (t ∪ u) ⊆ (s \ t) \ u :=
  Monotone.map_inf_le (fun _ _ ↦ ⟨Or.inl _, Or.inr _⟩) t u
","💥️invalid constructor ⟨...⟩, expected type must be an inductive type 
  x✝¹ ≤ x✝ → ?m.474 x✝¹ ≤ ?m.474 x✝",False,60,MIL.C04_Sets_and_Functions.solutions.Solutions_S01_Sets,Qwen-7B-short,LENGTH,best_of_n,False,0,-1.0,CH04.t2,False
-1,False,7,"theorem t2 : s \ (t ∪ u) ⊆ (s \ t) \ u := by
  rintro x ⟨xs, xntu⟩
  constructor
  use xs
  · intro xt
    exact xntu (Or.inl xt)
  intro xu
  apply xntu (Or.inr xu)

",,True,7,"theorem t2 : s \ (t ∪ u) ⊆ (s \ t) \ u := by
  rintro x ⟨xs, xntu⟩
  constructor
  use xs
  · intro xt
    exact xntu (Or.inl xt)
  intro xu
  apply xntu (Or.inr xu)


",,True,60,MIL.C04_Sets_and_Functions.solutions.Solutions_S01_Sets,Qwen-7B-short,LENGTH,best_of_n,False,0,0.0,CH04.t2,False
-1,False,7,"theorem t2 : s \ (t ∪ u) ⊆ (s \ t) \ u := by
  rintro x ⟨xs, xntu⟩
  constructor
  use xs
  · intro xt
    exact xntu (Or.inl xt)
  intro xu
  apply xntu (Or.inr xu)

",,True,-1,"theorem t2 : s \ (t ∪ u) ⊆ (s \ t) \ u :=
  Set.filter_subset t u s
",💥️unknown constant 'Set.filter_subset',False,60,MIL.C04_Sets_and_Functions.solutions.Solutions_S01_Sets,Qwen-7B-short,LENGTH,best_of_n,False,0,-1.0,CH04.t2,False
-1,False,7,"theorem t2 : s \ (t ∪ u) ⊆ (s \ t) \ u := by
  rintro x ⟨xs, xntu⟩
  constructor
  use xs
  · intro xt
    exact xntu (Or.inl xt)
  intro xu
  apply xntu (Or.inr xu)

",,True,-1,"theorem t2 : s \ (t ∪ u) ⊆ (s \ t) \ u := by
  rintro x ⟨xs, xntu⟩
  refine ⟨xs, fun ht ↦ xntu (Or.inl ht), fun_hu ↦ xntu (Or.inr fun_hu)⟩
","💥️unexpected token '↦'; expected '⟩'

💥️application type mismatch
  And.intro xs
argument
  xs
has type
  x ∈ s : Prop
but is expected to have type
  x ∈ s \ t : Prop

💥️invalid constructor ⟨...⟩, expected type must be an inductive type 
  x ∈ u → False",False,60,MIL.C04_Sets_and_Functions.solutions.Solutions_S01_Sets,Qwen-7B-short,LENGTH,best_of_n,False,0,-1.0,CH04.t2,False
-1,False,7,"theorem t2 : s \ (t ∪ u) ⊆ (s \ t) \ u := by
  rintro x ⟨xs, xntu⟩
  constructor
  use xs
  · intro xt
    exact xntu (Or.inl xt)
  intro xu
  apply xntu (Or.inr xu)

",,True,-1,"theorem t2 : s \ (t ∪ u) ⊆ (s \ t) \ u := by
  rintro x ⟨xs, xntu⟩
  have : t ∪ u = t ∪ u := by simp [Or.inl] t u xntu
  exact ⟨xs, fun xt ↦ xntu (Or.inl xt), fun xu ↦ xntu (Or.inr xu)⟩
","💥️unsolved goals
case intro
α : Type u_1
s t u : Set α
x : α
xs : x ∈ s
xntu : x ∉ t ∪ u
this : t ∪ u = t ∪ u
⊢ x ∈ (s \ t) \ u",False,60,MIL.C04_Sets_and_Functions.solutions.Solutions_S01_Sets,Qwen-7B-short,LENGTH,best_of_n,False,0,-1.0,CH04.t2,False
-1,False,7,"theorem t2 : s \ (t ∪ u) ⊆ (s \ t) \ u := by
  rintro x ⟨xs, xntu⟩
  constructor
  use xs
  · intro xt
    exact xntu (Or.inl xt)
  intro xu
  apply xntu (Or.inr xu)

",,True,-1,"theorem t2 : s \ (t ∪ u) ⊆ (s \ t) \ u := by
  rintro x ⟨xs, xntu⟩
  exact ⟨xs, fun xt ↦ xntu (Or.inl xt), fun xu ↦ xntu (Or.inr xu)⟩
","💥️application type mismatch
  And.intro xs
argument
  xs
has type
  x ∈ s : Prop
but is expected to have type
  x ∈ s \ t : Prop

💥️invalid constructor ⟨...⟩, expected type must be an inductive type 
  x ∈ u → False",False,60,MIL.C04_Sets_and_Functions.solutions.Solutions_S01_Sets,Qwen-7B-short,LENGTH,best_of_n,False,0,-1.0,CH04.t2,False
-1,False,7,"theorem t2 : s \ (t ∪ u) ⊆ (s \ t) \ u := by
  rintro x ⟨xs, xntu⟩
  constructor
  use xs
  · intro xt
    exact xntu (Or.inl xt)
  intro xu
  apply xntu (Or.inr xu)

",,True,-1,"theorem t2 : s \ (t ∪ u) ⊆ (s \ t) \ u := by
  rintro _ (hu | ht) _ (hu | ht) _ exact ⟨fun _ _ ↦ ⟨hu, fun _ _ ↦ xntu (Or.inr _ _)⟩
",💥️unexpected token 'fun'; expected '⟩',False,60,MIL.C04_Sets_and_Functions.solutions.Solutions_S01_Sets,Qwen-7B-short,LENGTH,best_of_n,False,0,-1.0,CH04.t2,False
-1,False,7,"theorem t2 : s \ (t ∪ u) ⊆ (s \ t) \ u := by
  rintro x ⟨xs, xntu⟩
  constructor
  use xs
  · intro xt
    exact xntu (Or.inl xt)
  intro xu
  apply xntu (Or.inr xu)

",,True,-1,"theorem t2 : s \ (t ∪ u) ⊆ (s \ t) \ u :=
  Monotone.map_inf_le (fun _ xntu ↦ ⟨_, xntu.elim t u⟩) (Or.elim _ or.inr u)
","💥️invalid constructor ⟨...⟩, expected type must be an inductive type 
  x✝ ≤ xntu → ?m.474 x✝ ≤ ?m.474 xntu

💥️unknown constant 'Bool.or.inr'",False,60,MIL.C04_Sets_and_Functions.solutions.Solutions_S01_Sets,Qwen-7B-short,LENGTH,best_of_n,False,0,-1.0,CH04.t2,False
-1,False,7,"theorem t2 : s \ (t ∪ u) ⊆ (s \ t) \ u := by
  rintro x ⟨xs, xntu⟩
  constructor
  use xs
  · intro xt
    exact xntu (Or.inl xt)
  intro xu
  apply xntu (Or.inr xu)

",,True,-1,"theorem t2 : s \ (t ∪ u) ⊆ (s \ t) \ u := by
  rintro x ⟨xs, xntu⟩
  refine ⟨xs, (xntu (Or.inl x)).2, (xntu (Or.inr x)).2⟩
","💥️application type mismatch
  And.intro xs
argument
  xs
has type
  x ∈ s : Prop
but is expected to have type
  x ∈ s \ t : Prop

💥️invalid constructor ⟨...⟩, expected type must be an inductive type 
  x ∈ u → False",False,60,MIL.C04_Sets_and_Functions.solutions.Solutions_S01_Sets,Qwen-7B-short,LENGTH,best_of_n,False,0,-1.0,CH04.t2,False
-1,False,7,"theorem t2 : s \ (t ∪ u) ⊆ (s \ t) \ u := by
  rintro x ⟨xs, xntu⟩
  constructor
  use xs
  · intro xt
    exact xntu (Or.inl xt)
  intro xu
  apply xntu (Or.inr xu)

",,True,-1,"theorem t2 : s \ (t ∪ u) ⊆ (s \ t) \ u := by
  rintro x ⟨xs, xntu⟩
  exact ⟨xs, intro xt → xntu (Or.inl xt), intro xu → xntu (Or.inr xu)⟩
","💥️application type mismatch
  And.intro xs
argument
  xs
has type
  x ∈ s : Prop
but is expected to have type
  x ∈ s \ t : Prop

💥️invalid constructor ⟨...⟩, expected type must be an inductive type 
  x ∈ u → False",False,60,MIL.C04_Sets_and_Functions.solutions.Solutions_S01_Sets,Qwen-7B-short,LENGTH,best_of_n,False,0,-1.0,CH04.t2,False
-1,False,7,"theorem t2 : s \ (t ∪ u) ⊆ (s \ t) \ u := by
  rintro x ⟨xs, xntu⟩
  constructor
  use xs
  · intro xt
    exact xntu (Or.inl xt)
  intro xu
  apply xntu (Or.inr xu)

",,True,-1,"theorem t2 : s \ (t ∪ u) ⊆ (s \ t) \ u := by
  rintro x ⟨xs, xntu⟩
  refine ⟨xs, fun xt ↦ xntu (Or.inl xt), fun xu ↦ xntul (Or.inr xu)⟩
","💥️application type mismatch
  And.intro xs
argument
  xs
has type
  x ∈ s : Prop
but is expected to have type
  x ∈ s \ t : Prop

💥️invalid constructor ⟨...⟩, expected type must be an inductive type 
  x ∈ u → False",False,60,MIL.C04_Sets_and_Functions.solutions.Solutions_S01_Sets,Qwen-7B-short,LENGTH,best_of_n,False,0,-1.0,CH04.t2,False
-1,False,7,"theorem t2 : s \ (t ∪ u) ⊆ (s \ t) \ u := by
  rintro x ⟨xs, xntu⟩
  constructor
  use xs
  · intro xt
    exact xntu (Or.inl xt)
  intro xu
  apply xntu (Or.inr xu)

",,True,-1,"theorem t2 : s \ (t ∪ u) ⊆ (s \ t) \ u :=
  Or.inr rfl
","💥️type mismatch
  Or.inr rfl
has type
  ?m.468 ∨ ?m.474 = ?m.474 : Prop
but is expected to have type
  s \ (t ∪ u) ⊆ (s \ t) \ u : Prop",False,60,MIL.C04_Sets_and_Functions.solutions.Solutions_S01_Sets,Qwen-7B-short,LENGTH,best_of_n,False,0,-1.0,CH04.t2,False
-1,False,7,"theorem t2 : s \ (t ∪ u) ⊆ (s \ t) \ u := by
  rintro x ⟨xs, xntu⟩
  constructor
  use xs
  · intro xt
    exact xntu (Or.inl xt)
  intro xu
  apply xntu (Or.inr xu)

",,True,-1,"theorem t2 : s \ (t ∪ u) ⊆ (s \ t) \ u :=
  Monotone.map_inf_le (fun _ _ ↦ Or.inr) t u
","💥️type mismatch
  Monotone.map_inf_le (fun x x_1 => ?m.859) t u
has type
  ?m.474 (t ⊓ u) ≤ ?m.474 t ⊓ ?m.474 u : Prop
but is expected to have type
  s \ (t ∪ u) ⊆ (s \ t) \ u : Prop",False,60,MIL.C04_Sets_and_Functions.solutions.Solutions_S01_Sets,Qwen-7B-short,LENGTH,best_of_n,False,0,-1.0,CH04.t2,False
-1,False,7,"theorem t2 : s \ (t ∪ u) ⊆ (s \ t) \ u := by
  rintro x ⟨xs, xntu⟩
  constructor
  use xs
  · intro xt
    exact xntu (Or.inl xt)
  intro xu
  apply xntu (Or.inr xu)

",,True,-1,"theorem t2 : s \ (t ∪ u) ⊆ (s \ t) \ u :=
  Set.filter_subset_univ _ (Or.inl rfl)
",💥️unknown constant 'Set.filter_subset_univ',False,60,MIL.C04_Sets_and_Functions.solutions.Solutions_S01_Sets,Qwen-7B-short,LENGTH,best_of_n,False,0,-1.0,CH04.t2,False
-1,False,7,"theorem t2 : s \ (t ∪ u) ⊆ (s \ t) \ u := by
  rintro x ⟨xs, xntu⟩
  constructor
  use xs
  · intro xt
    exact xntu (Or.inl xt)
  intro xu
  apply xntu (Or.inr xu)

",,True,-1,"theorem t2 : s \ (t ∪ u) ⊆ (s \ t) \ u :=
  Monotone.map_inf_le (fun _ _ ↦ ⟨fun _ ↦ xntu.elim inl, fun _ ↦ xntu.elim inr⟩)
","💥️invalid constructor ⟨...⟩, expected type must be an inductive type 
  x✝¹ ≤ x✝ → ?m.474 x✝¹ ≤ ?m.474 x✝",False,60,MIL.C04_Sets_and_Functions.solutions.Solutions_S01_Sets,Qwen-7B-short,LENGTH,best_of_n,False,0,-1.0,CH04.t2,False
-1,False,7,"theorem t2 : s \ (t ∪ u) ⊆ (s \ t) \ u := by
  rintro x ⟨xs, xntu⟩
  constructor
  use xs
  · intro xt
    exact xntu (Or.inl xt)
  intro xu
  apply xntu (Or.inr xu)

",,True,-1,"theorem t2 : s \ (t ∪ u) ⊆ (s \ t) \ u := by
  rintro _ ⟨xs, xntu⟩
  exact ⟨xs, fun xt ↦ xntu (Or.inl xt), fun xu ↦ xntu (Or.inr xu)⟩
","💥️application type mismatch
  And.intro xs
argument
  xs
has type
  a✝ ∈ s : Prop
but is expected to have type
  a✝ ∈ s \ t : Prop

💥️invalid constructor ⟨...⟩, expected type must be an inductive type 
  a✝ ∈ u → False",False,60,MIL.C04_Sets_and_Functions.solutions.Solutions_S01_Sets,Qwen-7B-short,LENGTH,best_of_n,False,0,-1.0,CH04.t2,False
-1,False,7,"theorem t2 : s \ (t ∪ u) ⊆ (s \ t) \ u := by
  rintro x ⟨xs, xntu⟩
  constructor
  use xs
  · intro xt
    exact xntu (Or.inl xt)
  intro xu
  apply xntu (Or.inr xu)

",,True,-1,"theorem t2 : s \ (t ∪ u) ⊆ (s \ t) \ u :=
  Monotone.map_inf_le (fun _ _) => by simpa
","💥️unexpected token ')'; expected '↦', '=>'",False,60,MIL.C04_Sets_and_Functions.solutions.Solutions_S01_Sets,Qwen-7B-short,LENGTH,best_of_n,False,0,-1.0,CH04.t2,False
-1,False,7,"theorem t2 : s \ (t ∪ u) ⊆ (s \ t) \ u := by
  rintro x ⟨xs, xntu⟩
  constructor
  use xs
  · intro xt
    exact xntu (Or.inl xt)
  intro xu
  apply xntu (Or.inr xu)

",,True,-1,"theorem t2 : s \ (t ∪ u) ⊆ (s \ t) \ u :=
  Monotone.map_inf_le (fun _ ↦ id) t u
","💥️type mismatch
  Monotone.map_inf_le (fun x => ?m.539) t u
has type
  ?m.474 (t ⊓ u) ≤ ?m.474 t ⊓ ?m.474 u : Prop
but is expected to have type
  s \ (t ∪ u) ⊆ (s \ t) \ u : Prop",False,60,MIL.C04_Sets_and_Functions.solutions.Solutions_S01_Sets,Qwen-7B-short,LENGTH,best_of_n,False,0,-1.0,CH04.t2,False
-1,False,7,"theorem t2 : s \ (t ∪ u) ⊆ (s \ t) \ u := by
  rintro x ⟨xs, xntu⟩
  constructor
  use xs
  · intro xt
    exact xntu (Or.inl xt)
  intro xu
  apply xntu (Or.inr xu)

",,True,-1,"theorem t2 : s \ (t ∪ u) ⊆ (s \ t) \ u := by
  intro x ⟨xs, xntu⟩
  exact ⟨xs, fun hx ↦ xntu (Or.inl hx) (Or.inr _ _)⟩
","💥️application type mismatch
  And.intro xs
argument
  xs
has type
  x ∈ s : Prop
but is expected to have type
  x ∈ s \ t : Prop

💥️application type mismatch
  Or.inl hx
argument
  hx
has type
  x ∈ u : Prop
but is expected to have type
  x ∈ t : Prop",False,60,MIL.C04_Sets_and_Functions.solutions.Solutions_S01_Sets,Qwen-7B-short,LENGTH,best_of_n,False,0,-1.0,CH04.t2,False
-1,False,7,"theorem t2 : s \ (t ∪ u) ⊆ (s \ t) \ u := by
  rintro x ⟨xs, xntu⟩
  constructor
  use xs
  · intro xt
    exact xntu (Or.inl xt)
  intro xu
  apply xntu (Or.inr xu)

",,True,7,"theorem t2 : s \ (t ∪ u) ⊆ (s \ t) \ u := by
  rintro x ⟨xs, xntu⟩
  constructor
  use xs
  · intro ht
    exact xntu (Or.inl ht)
  intro hxu
  apply xntu (Or.inr hxu)

",,True,60,MIL.C04_Sets_and_Functions.solutions.Solutions_S01_Sets,Qwen-7B-short,LENGTH,best_of_n,False,0,0.0,CH04.t2,False
-1,False,7,"theorem t2 : s \ (t ∪ u) ⊆ (s \ t) \ u := by
  rintro x ⟨xs, xntu⟩
  constructor
  use xs
  · intro xt
    exact xntu (Or.inl xt)
  intro xu
  apply xntu (Or.inr xu)

",,True,-1,"theorem t2 : s \ (t ∪ u) ⊆ (s \ t) \ u :=
  Monotone.map_inf_le s t u
","💥️application type mismatch
  Monotone.map_inf_le s
argument
  s
has type
  Set α : Type u_1
but is expected to have type
  Monotone ?m.474 : Prop",False,60,MIL.C04_Sets_and_Functions.solutions.Solutions_S01_Sets,Qwen-7B-short,LENGTH,best_of_n,False,0,-1.0,CH04.t2,False
-1,False,7,"theorem t2 : s \ (t ∪ u) ⊆ (s \ t) \ u := by
  rintro x ⟨xs, xntu⟩
  constructor
  use xs
  · intro xt
    exact xntu (Or.inl xt)
  intro xu
  apply xntu (Or.inr xu)

",,True,-1,"theorem t2 : s \ (t ∪ u) ⊆ (s \ t) \ u :=
  s \ ((t ∪ u).compl s)
","💥️application type mismatch
  (t ∪ u).compl s
argument
  s
has type
  Set α : Type u_1
but is expected to have type
  α : Type u_1",False,60,MIL.C04_Sets_and_Functions.solutions.Solutions_S01_Sets,Qwen-7B-short,LENGTH,best_of_n,False,0,-1.0,CH04.t2,False
-1,False,7,"theorem t2 : s \ (t ∪ u) ⊆ (s \ t) \ u := by
  rintro x ⟨xs, xntu⟩
  constructor
  use xs
  · intro xt
    exact xntu (Or.inl xt)
  intro xu
  apply xntu (Or.inr xu)

",,True,-1,"theorem t2 : s \ (t ∪ u) ⊆ (s \ t) \ u :=
  SetLike.t2_subset_iff.1  xntu (Or.inl) (Or.inr)
",💥️unknown constant 'SetLike.t2_subset_iff',False,60,MIL.C04_Sets_and_Functions.solutions.Solutions_S01_Sets,Qwen-7B-short,LENGTH,best_of_n,False,0,-1.0,CH04.t2,False
-1,False,7,"theorem t2 : s \ (t ∪ u) ⊆ (s \ t) \ u := by
  rintro x ⟨xs, xntu⟩
  constructor
  use xs
  · intro xt
    exact xntu (Or.inl xt)
  intro xu
  apply xntu (Or.inr xu)

",,True,-1,"theorem t2 : s \ (t ∪ u) ⊆ (s \ t) \ u := by
  rintro _ ⟨xs, xntu⟩
  refine ⟨xs, fun xt ↦ xntu (Or.inl xt), fun xu ↦ xntu (Or.inr xu)⟩
","💥️application type mismatch
  And.intro xs
argument
  xs
has type
  a✝ ∈ s : Prop
but is expected to have type
  a✝ ∈ s \ t : Prop

💥️invalid constructor ⟨...⟩, expected type must be an inductive type 
  a✝ ∈ u → False",False,60,MIL.C04_Sets_and_Functions.solutions.Solutions_S01_Sets,Qwen-7B-short,LENGTH,best_of_n,False,0,-1.0,CH04.t2,False
-1,False,7,"theorem t2 : s \ (t ∪ u) ⊆ (s \ t) \ u := by
  rintro x ⟨xs, xntu⟩
  constructor
  use xs
  · intro xt
    exact xntu (Or.inl xt)
  intro xu
  apply xntu (Or.inr xu)

",,True,-1,"theorem t2 : s \ (t ∪ u) ⊆ (s \ t) \ u :=
  Monotone.map_inf_le (fun _ _ ↦ ⟨fun inf_le_left ↦ inf_le_iff.2 ⟨.inl ·⟩, fun inf_le_right ↦ inf_le_iff.2 ⟨.inr ·⟩> <|
    monotone_inf_le (fun _ _ ↦ ⟨fun inf_le_left ↦ inf_le_iff.2 ⟨.inl ·⟩, fun inf_le_right ↦ inf_le_iff.2 ⟨.inr ·⟩])

",💥️unexpected token '<|'; expected term,False,60,MIL.C04_Sets_and_Functions.solutions.Solutions_S01_Sets,Qwen-7B-short,LENGTH,best_of_n,False,0,-1.0,CH04.t2,False
-1,False,7,"theorem t2 : s \ (t ∪ u) ⊆ (s \ t) \ u := by
  rintro x ⟨xs, xntu⟩
  constructor
  use xs
  · intro xt
    exact xntu (Or.inl xt)
  intro xu
  apply xntu (Or.inr xu)

",,True,-1,"theorem t2 : s \ (t ∪ u) ⊆ (s \ t) \ u :=
  Monotone.map_inf_le (fun _ _ ↦ Monotone(?_))
","💥️unexpected token '('; expected ')', ',' or ':'",False,60,MIL.C04_Sets_and_Functions.solutions.Solutions_S01_Sets,Qwen-7B-short,LENGTH,best_of_n,False,0,-1.0,CH04.t2,False
-1,False,7,"theorem t2 : s \ (t ∪ u) ⊆ (s \ t) \ u := by
  rintro x ⟨xs, xntu⟩
  constructor
  use xs
  · intro xt
    exact xntu (Or.inl xt)
  intro xu
  apply xntu (Or.inr xu)

",,True,-1,"theorem t2 : s \ (t ∪ u) ⊆ (s \ t) \ u := by
  rintro x ⟨xs, xntu⟩
  refine ⟨⟨xs, fun xt ↦ xntu (Or.inl xt).2⟩, fun xu ↦ xntu (Or.inr xu)⟩
  exact Or.inl rfl
","💥️invalid projection, structure expected
  Or.inl xt
has type
  x ∈ t ∨ ?m.515

💥️no goals to be solved",False,60,MIL.C04_Sets_and_Functions.solutions.Solutions_S01_Sets,Qwen-7B-short,LENGTH,best_of_n,False,0,-1.0,CH04.t2,False
-1,False,7,"theorem t2 : s \ (t ∪ u) ⊆ (s \ t) \ u := by
  rintro x ⟨xs, xntu⟩
  constructor
  use xs
  · intro xt
    exact xntu (Or.inl xt)
  intro xu
  apply xntu (Or.inr xu)

",,True,-1,"theorem t2 : s \ (t ∪ u) ⊆ (s \ t) \ u := by
  rintro x ⟨xs, xntu⟩
  exact ⟨_, xntu.elim inl x, xntu.elim inr x⟩
","💥️invalid constructor ⟨...⟩, expected type must be an inductive type 
  x ∈ u → False

💥️unsolved goals
case intro
α : Type u_1
s t u : Set α
x : α
xs : x ∈ s
xntu : x ∉ t ∪ u
⊢ x ∈ (s \ t) \ u",False,60,MIL.C04_Sets_and_Functions.solutions.Solutions_S01_Sets,Qwen-7B-short,LENGTH,best_of_n,False,0,-1.0,CH04.t2,False
-1,False,7,"theorem t2 : s \ (t ∪ u) ⊆ (s \ t) \ u := by
  rintro x ⟨xs, xntu⟩
  constructor
  use xs
  · intro xt
    exact xntu (Or.inl xt)
  intro xu
  apply xntu (Or.inr xu)

",,True,-1,"theorem t2 : s \ (t ∪ u) ⊆ (s \ t) \ u := by
  rintro x ⟨xs, xntu⟩
  exact ⟨_, xntu.elim inl inr⟩
","💥️unknown identifier 'inl'

💥️unsolved goals
case intro
α : Type u_1
s t u : Set α
x : α
xs : x ∈ s
xntu : x ∉ t ∪ u
⊢ x ∈ (s \ t) \ u",False,60,MIL.C04_Sets_and_Functions.solutions.Solutions_S01_Sets,Qwen-7B-short,LENGTH,best_of_n,False,0,-1.0,CH04.t2,False
-1,False,7,"theorem t2 : s \ (t ∪ u) ⊆ (s \ t) \ u := by
  rintro x ⟨xs, xntu⟩
  constructor
  use xs
  · intro xt
    exact xntu (Or.inl xt)
  intro xu
  apply xntu (Or.inr xu)

",,True,-1,"theorem t2 : s \ (t ∪ u) ⊆ (s \ t) \ u := by
  rintro x ⟨xs, xntu⟩
  exact ⟨xs, fun xt ↦ xntu (Or.inl xt), fun xu ↦ xntu (Or.inr xu)⟩
","💥️application type mismatch
  And.intro xs
argument
  xs
has type
  x ∈ s : Prop
but is expected to have type
  x ∈ s \ t : Prop

💥️invalid constructor ⟨...⟩, expected type must be an inductive type 
  x ∈ u → False",False,60,MIL.C04_Sets_and_Functions.solutions.Solutions_S01_Sets,Qwen-7B-short,LENGTH,best_of_n,False,0,-1.0,CH04.t2,False
-1,False,7,"theorem t2 : s \ (t ∪ u) ⊆ (s \ t) \ u := by
  rintro x ⟨xs, xntu⟩
  constructor
  use xs
  · intro xt
    exact xntu (Or.inl xt)
  intro xu
  apply xntu (Or.inr xu)

",,True,7,"theorem t2 : s \ (t ∪ u) ⊆ (s \ t) \ u := by
  rintro x ⟨xs, xntu⟩
  constructor
  use xs
  · intro x; exact xntu (Or.inl x)
  intro xu; exact xntu (Or.inr xu)
",,True,60,MIL.C04_Sets_and_Functions.solutions.Solutions_S01_Sets,Qwen-7B-short,LENGTH,best_of_n,False,0,0.0,CH04.t2,False
-1,False,7,"theorem t2 : s \ (t ∪ u) ⊆ (s \ t) \ u := by
  rintro x ⟨xs, xntu⟩
  constructor
  use xs
  · intro xt
    exact xntu (Or.inl xt)
  intro xu
  apply xntu (Or.inr xu)

",,True,-1,"theorem t2 : s \ (t ∪ u) ⊆ (s \ t) \ u :=
  Monotone.map_inf_le (fun _ _ ↦ use_not) t u
",💥️unknown identifier 'use_not',False,60,MIL.C04_Sets_and_Functions.solutions.Solutions_S01_Sets,Qwen-7B-short,LENGTH,best_of_n,False,0,-1.0,CH04.t2,False
-1,False,7,"theorem t2 : s \ (t ∪ u) ⊆ (s \ t) \ u := by
  rintro x ⟨xs, xntu⟩
  constructor
  use xs
  · intro xt
    exact xntu (Or.inl xt)
  intro xu
  apply xntu (Or.inr xu)

",,True,-1,"theorem t2 : s \ (t ∪ u) ⊆ (s \ t) \ u :=
  x2_subset_iff.2 fun _ ↔ x2_subset fun x hx ↦ (inl hx).ne x2
","💥️unexpected token '↔'; expected '↦', '=>'",False,60,MIL.C04_Sets_and_Functions.solutions.Solutions_S01_Sets,Qwen-7B-short,LENGTH,best_of_n,False,0,-1.0,CH04.t2,False
-1,False,7,"theorem t2 : s \ (t ∪ u) ⊆ (s \ t) \ u := by
  rintro x ⟨xs, xntu⟩
  constructor
  use xs
  · intro xt
    exact xntu (Or.inl xt)
  intro xu
  apply xntu (Or.inr xu)

",,True,-1,"theorem t2 : s \ (t ∪ u) ⊆ (s \ t) \ u :=
  sdiff_subset_iff.2 xntu aesop
",💥️unknown identifier 'sdiff_subset_iff',False,60,MIL.C04_Sets_and_Functions.solutions.Solutions_S01_Sets,Qwen-7B-short,LENGTH,best_of_n,False,0,-1.0,CH04.t2,False
-1,False,7,"theorem t2 : s \ (t ∪ u) ⊆ (s \ t) \ u := by
  rintro x ⟨xs, xntu⟩
  constructor
  use xs
  · intro xt
    exact xntu (Or.inl xt)
  intro xu
  apply xntu (Or.inr xu)

",,True,-1,"theorem t2 : s \ (t ∪ u) ⊆ (s \ t) \ u := by
  rintro x ⟨xs, xntu⟩
  exact ⟨xs, intro xt, xntu (Or.inl xt), intro xu, xntu (Or.inr xu)⟩
","💥️application type mismatch
  And.intro xs
argument
  xs
has type
  x ∈ s : Prop
but is expected to have type
  x ∈ s \ t : Prop

💥️invalid constructor ⟨...⟩, expected type must be an inductive type 
  x ∈ u → False",False,60,MIL.C04_Sets_and_Functions.solutions.Solutions_S01_Sets,Qwen-7B-short,LENGTH,best_of_n,False,0,-1.0,CH04.t2,False
-1,False,7,"theorem t2 : s \ (t ∪ u) ⊆ (s \ t) \ u := by
  rintro x ⟨xs, xntu⟩
  constructor
  use xs
  · intro xt
    exact xntu (Or.inl xt)
  intro xu
  apply xntu (Or.inr xu)

",,True,-1,"theorem t2 : s \ (t ∪ u) ⊆ (s \ t) \ u :=
  Monotone.map_subset s] (Or.inl ·) (Or.inr ·)
","💥️invalid field notation, type is not of the form (C ...) where C is a constant
  Monotone
has type
  (?m.470 → ?m.471) → Prop",False,60,MIL.C04_Sets_and_Functions.solutions.Solutions_S01_Sets,Qwen-7B-short,LENGTH,best_of_n,False,0,-1.0,CH04.t2,False
-1,False,7,"theorem t2 : s \ (t ∪ u) ⊆ (s \ t) \ u := by
  rintro x ⟨xs, xntu⟩
  constructor
  use xs
  · intro xt
    exact xntu (Or.inl xt)
  intro xu
  apply xntu (Or.inr xu)

",,True,-1,"theorem t2 : s \ (t ∪ u) ⊆ (s \ t) \ u := by
  rintro x ⟨xs, xntu⟩
  exact ⟨xs, fun ht ↦ xntu (Or.inl ht), fun xu ↦ xntu (Or.inr xu)⟩
","💥️application type mismatch
  And.intro xs
argument
  xs
has type
  x ∈ s : Prop
but is expected to have type
  x ∈ s \ t : Prop

💥️invalid constructor ⟨...⟩, expected type must be an inductive type 
  x ∈ u → False",False,60,MIL.C04_Sets_and_Functions.solutions.Solutions_S01_Sets,Qwen-7B-short,LENGTH,best_of_n,False,0,-1.0,CH04.t2,False
-1,False,7,"theorem t2 : s \ (t ∪ u) ⊆ (s \ t) \ u := by
  rintro x ⟨xs, xntu⟩
  constructor
  use xs
  · intro xt
    exact xntu (Or.inl xt)
  intro xu
  apply xntu (Or.inr xu)

",,True,-1,"theorem t2 : s \ (t ∪ u) ⊆ (s \ t) \ u :=
  Monotone.map_inf_le (fun _ _ ↦ xntu)
",💥️unknown identifier 'xntu',False,60,MIL.C04_Sets_and_Functions.solutions.Solutions_S01_Sets,Qwen-7B-short,LENGTH,best_of_n,False,0,-1.0,CH04.t2,False
-1,False,7,"theorem t2 : s \ (t ∪ u) ⊆ (s \ t) \ u := by
  rintro x ⟨xs, xntu⟩
  constructor
  use xs
  · intro xt
    exact xntu (Or.inl xt)
  intro xu
  apply xntu (Or.inr xu)

",,True,-1,"theorem t2 : s \ (t ∪ u) ⊆ (s \ t) \ u :=
  s Subset t.elim inl xu
","💥️application type mismatch
  s Subset
argument
  Subset
has type
  ?m.469 → ?m.469 → Prop : Type ?u.468
but is expected to have type
  α : Type u_1",False,60,MIL.C04_Sets_and_Functions.solutions.Solutions_S01_Sets,Qwen-7B-short,LENGTH,best_of_n,False,0,-1.0,CH04.t2,False
-1,False,7,"theorem t2 : s \ (t ∪ u) ⊆ (s \ t) \ u := by
  rintro x ⟨xs, xntu⟩
  constructor
  use xs
  · intro xt
    exact xntu (Or.inl xt)
  intro xu
  apply xntu (Or.inr xu)

",,True,-1,"theorem t2 : s \ (t ∪ u) ⊆ (s \ t) \ u := by
  rintro x ⟨xs, xntu⟩
  exact ⟨xs, xt ⊦ xntu (Or.inl xt), xu ⊦ xntu (Or.inr xu)⟩
","💥️expected token

💥️application type mismatch
  And.intro xs
argument
  xs
has type
  x ∈ s : Prop
but is expected to have type
  x ∈ s \ t : Prop

💥️unknown identifier 'xt'",False,60,MIL.C04_Sets_and_Functions.solutions.Solutions_S01_Sets,Qwen-7B-short,LENGTH,best_of_n,False,0,-1.0,CH04.t2,False
-1,False,7,"theorem t2 : s \ (t ∪ u) ⊆ (s \ t) \ u := by
  rintro x ⟨xs, xntu⟩
  constructor
  use xs
  · intro xt
    exact xntu (Or.inl xt)
  intro xu
  apply xntu (Or.inr xu)

",,True,-1,"theorem t2 : s \ (t ∪ u) ⊆ (s \ t) \ u :=
  Monotone.map_inf_le (fun _ _ ↦ interior_inf_left) t u
",💥️unknown identifier 'interior_inf_left',False,60,MIL.C04_Sets_and_Functions.solutions.Solutions_S01_Sets,Qwen-7B-short,LENGTH,best_of_n,False,0,-1.0,CH04.t2,False
-1,False,7,"theorem t2 : s \ (t ∪ u) ⊆ (s \ t) \ u := by
  rintro x ⟨xs, xntu⟩
  constructor
  use xs
  · intro xt
    exact xntu (Or.inl xt)
  intro xu
  apply xntu (Or.inr xu)

",,True,-1,"theorem t2 : s \ (t ∪ u) ⊆ (s \ t) \ u where
  t' := t
  u' := u
  s' := s
  ht := xntu (Or.inl t')
  hu := xntu (Or.inr u')
  simp_all only [compl_apply, compl_apply, compl_apply, compl_apply]
 Arg Set.2 t' (ht <| .inr hu) : t' (ht) ≤ u' (hu)
","💥️unexpected token ','; expected ']'",False,60,MIL.C04_Sets_and_Functions.solutions.Solutions_S01_Sets,Qwen-7B-short,LENGTH,best_of_n,False,0,-1.0,CH04.t2,False
-1,False,0,"theorem t3 : s ∩ t = t ∩ s :=
    Subset.antisymm
    (fun x ⟨xs, xt⟩ ↦ ⟨xt, xs⟩) fun x ⟨xt, xs⟩ ↦ ⟨xs, xt⟩

",,True,-1,"theorem t3 : s ∩ t = t ∩ s :=
    (Monotone.map_inf_le (fun _ ⟨xs, xt⟩ ↦ ⟨xt, xs⟩) (Order.cmp t s)).antisymm <|
      (Order.cmp t s).antisymm


","💥️unknown identifier 'Order.cmp'

💥️invalid constructor ⟨...⟩, expected type must be an inductive type 
  ?m.639",False,60,MIL.C04_Sets_and_Functions.solutions.Solutions_S01_Sets,Qwen-7B-short,LENGTH,best_of_n,False,0,-1.0,CH04.t3,False
-1,False,0,"theorem t3 : s ∩ t = t ∩ s :=
    Subset.antisymm
    (fun x ⟨xs, xt⟩ ↦ ⟨xt, xs⟩) fun x ⟨xt, xs⟩ ↦ ⟨xs, xt⟩

",,True,-1,"theorem t3 : s ∩ t = t ∩ s :=
    (Monotone.map_inf_le (fun _ _ ↦ rfl) s t).antisymm <|
      monotone.map_inf_le (fun _ _ ↦ rfl) s t
","💥️type mismatch
  rfl
has type
  ?m.652 = ?m.652 : Prop
but is expected to have type
  x✝¹ ≤ x✝ → ?m.643 x✝¹ ≤ ?m.643 x✝ : Prop

💥️unknown identifier 'monotone.map_inf_le'",False,60,MIL.C04_Sets_and_Functions.solutions.Solutions_S01_Sets,Qwen-7B-short,LENGTH,best_of_n,False,0,-1.0,CH04.t3,False
-1,False,0,"theorem t3 : s ∩ t = t ∩ s :=
    Subset.antisymm
    (fun x ⟨xs, xt⟩ ↦ ⟨xt, xs⟩) fun x ⟨xt, xs⟩ ↦ ⟨xs, xt⟩

",,True,-1,"theorem t3 : ∩ s ∩ t = ∩ t ∩ s :=
    (Monotone.map_inf_le (fun _ _ ↦ rfl) s t).antisymm <|
      fun _ ⟨xs, xt⟩ ↦ ⟨xt, xs⟩


",💥️unexpected token '∩'; expected term,False,60,MIL.C04_Sets_and_Functions.solutions.Solutions_S01_Sets,Qwen-7B-short,LENGTH,best_of_n,False,0,-1.0,CH04.t3,False
-1,False,0,"theorem t3 : s ∩ t = t ∩ s :=
    Subset.antisymm
    (fun x ⟨xs, xt⟩ ↦ ⟨xt, xs⟩) fun x ⟨xt, xs⟩ ↦ ⟨xs, xt⟩

",,True,-1,"theorem t3 : s ∩ t = t ∩ s := by simpa using t2_subset S t


",💥️unknown identifier 't2_subset',False,60,MIL.C04_Sets_and_Functions.solutions.Solutions_S01_Sets,Qwen-7B-short,LENGTH,best_of_n,False,0,-1.0,CH04.t3,False
-1,False,0,"theorem t3 : s ∩ t = t ∩ s :=
    Subset.antisymm
    (fun x ⟨xs, xt⟩ ↦ ⟨xt, xs⟩) fun x ⟨xt, xs⟩ ↦ ⟨xs, xt⟩

",,True,-1,"theorem t3 : s ∩ t = t ∩ s :=
    (Monotone.map_inf_le (fun _ _ ↦ Monotone.le_inf) s t).antisymm

","💥️invalid field notation, type is not of the form (C ...) where C is a constant
  Monotone
has type
  (?m.652 → ?m.653) → Prop",False,60,MIL.C04_Sets_and_Functions.solutions.Solutions_S01_Sets,Qwen-7B-short,LENGTH,best_of_n,False,0,-1.0,CH04.t3,False
-1,False,0,"theorem t3 : s ∩ t = t ∩ s :=
    Subset.antisymm
    (fun x ⟨xs, xt⟩ ↦ ⟨xt, xs⟩) fun x ⟨xt, xs⟩ ↦ ⟨xs, xt⟩

",,True,-1,"theorem t3 : s ∩ t = t ∩ s := by
  simpa [t3, t2]
","💥️fail to show termination for
  CH04.t3
with errors
failed to infer structural recursion:
Not considering parameter α of CH04.t3:
  it is unchanged in the recursive calls
Not considering parameter s of CH04.t3:
  it is unchanged in the recursive calls
Not considering parameter t of CH04.t3:
  it is unchanged in the recursive calls
no parameters suitable for structural recursion

well-founded recursion cannot be used, 'CH04.t3' does not take any (non-fixed) arguments",False,60,MIL.C04_Sets_and_Functions.solutions.Solutions_S01_Sets,Qwen-7B-short,LENGTH,best_of_n,False,0,-1.0,CH04.t3,False
-1,False,0,"theorem t3 : s ∩ t = t ∩ s :=
    Subset.antisymm
    (fun x ⟨xs, xt⟩ ↦ ⟨xt, xs⟩) fun x ⟨xt, xs⟩ ↦ ⟨xs, xt⟩

",,True,-1,"theorem t3 : s ∩ t = t ∩ s :=
    (Monotone.map_inf_le (fun _ _ ↦ id) s t).antisymm <;>
    ( tendsto_map_inf_le ( tendsto_id_le t s) s t).antisymm
","💥️type mismatch
  LE.le.antisymm (Monotone.map_inf_le (fun x x_1 => id) s t)
has type
  s ⊓ t ≤ s ⊓ t → s ⊓ t = s ⊓ t : Prop
but is expected to have type
  s ∩ t = t ∩ s : Prop",False,60,MIL.C04_Sets_and_Functions.solutions.Solutions_S01_Sets,Qwen-7B-short,LENGTH,best_of_n,False,0,-1.0,CH04.t3,False
-1,False,0,"theorem t3 : s ∩ t = t ∩ s :=
    Subset.antisymm
    (fun x ⟨xs, xt⟩ ↦ ⟨xt, xs⟩) fun x ⟨xt, xs⟩ ↦ ⟨xs, xt⟩

",,True,-1,"theorem t3 : s ∩ t = t ∩ s :=
    (Monotone.map_inf_le (fun _ _ ↦ Iff.rfl) s t).antisymm <|
      map_inf_le (Monotone.map_inf_le fun _ _ ↦ Iff.rfl) t s


","💥️type mismatch
  Iff.rfl
has type
  ?m.650 ↔ ?m.650 : Prop
but is expected to have type
  x✝¹ ≤ x✝ → ?m.643 x✝¹ ≤ ?m.643 x✝ : Prop

💥️unknown identifier 'map_inf_le'",False,60,MIL.C04_Sets_and_Functions.solutions.Solutions_S01_Sets,Qwen-7B-short,LENGTH,best_of_n,False,0,-1.0,CH04.t3,False
-1,False,0,"theorem t3 : s ∩ t = t ∩ s :=
    Subset.antisymm
    (fun x ⟨xs, xt⟩ ↦ ⟨xt, xs⟩) fun x ⟨xt, xs⟩ ↦ ⟨xs, xt⟩

",,True,-1,"theorem t3 : s ∩ t = t ∩ s := by simp [t3]
","💥️fail to show termination for
  CH04.t3
with errors
failed to infer structural recursion:
Not considering parameter α of CH04.t3:
  it is unchanged in the recursive calls
Not considering parameter s of CH04.t3:
  it is unchanged in the recursive calls
Not considering parameter t of CH04.t3:
  it is unchanged in the recursive calls
no parameters suitable for structural recursion

well-founded recursion cannot be used, 'CH04.t3' does not take any (non-fixed) arguments",False,60,MIL.C04_Sets_and_Functions.solutions.Solutions_S01_Sets,Qwen-7B-short,LENGTH,best_of_n,False,0,-1.0,CH04.t3,False
-1,False,0,"theorem t3 : s ∩ t = t ∩ s :=
    Subset.antisymm
    (fun x ⟨xs, xt⟩ ↦ ⟨xt, xs⟩) fun x ⟨xt, xs⟩ ↦ ⟨xs, xt⟩

",,True,-1,"theorem t3 : s ∩ t = t ∩ s := by
    simp (config := {contextual := true})
",💥️simp made no progress,False,60,MIL.C04_Sets_and_Functions.solutions.Solutions_S01_Sets,Qwen-7B-short,LENGTH,best_of_n,False,0,-1.0,CH04.t3,False
-1,False,0,"theorem t3 : s ∩ t = t ∩ s :=
    Subset.antisymm
    (fun x ⟨xs, xt⟩ ↦ ⟨xt, xs⟩) fun x ⟨xt, xs⟩ ↦ ⟨xs, xt⟩

",,True,-1,"theorem t3 : s ∩ t = t ∩ s := by
  simpa [t3] using Subset.antisymm (fun x ⟨xs, ht⟩ ↦ hts) (by aesop)

","💥️fail to show termination for
  CH04.t3
with errors
failed to infer structural recursion:
Not considering parameter α of CH04.t3:
  it is unchanged in the recursive calls
Not considering parameter s of CH04.t3:
  it is unchanged in the recursive calls
Not considering parameter t of CH04.t3:
  it is unchanged in the recursive calls
no parameters suitable for structural recursion

well-founded recursion cannot be used, 'CH04.t3' does not take any (non-fixed) arguments",False,60,MIL.C04_Sets_and_Functions.solutions.Solutions_S01_Sets,Qwen-7B-short,LENGTH,best_of_n,False,0,-1.0,CH04.t3,False
-1,False,0,"theorem t3 : s ∩ t = t ∩ s :=
    Subset.antisymm
    (fun x ⟨xs, xt⟩ ↦ ⟨xt, xs⟩) fun x ⟨xt, xs⟩ ↦ ⟨xs, xt⟩

",,True,-1,"theorem t3 : s ∩ t = t ∩ s := by
  simpa [subset_antisymm] using t2_subset_s t1_subset_t


","💥️failed to synthesize
  IsAntisymm (({α : Type u_1} → [self : Inter α] → α → α → α) → ({α : Type u_1} → [self : Inter α] → α → α → α) → Prop)
    fun x1 x2 => x1 ⊆ x2
(deterministic) timeout at `typeclass`, maximum number of heartbeats (20000) has been reached
Use `set_option synthInstance.maxHeartbeats <num>` to set the limit.
Additional diagnostic information may be available using the `set_option diagnostics true` command.
Additional diagnostic information may be available using the `set_option diagnostics true` command.",False,60,MIL.C04_Sets_and_Functions.solutions.Solutions_S01_Sets,Qwen-7B-short,LENGTH,best_of_n,False,0,-1.0,CH04.t3,False
-1,False,0,"theorem t3 : s ∩ t = t ∩ s :=
    Subset.antisymm
    (fun x ⟨xs, xt⟩ ↦ ⟨xt, xs⟩) fun x ⟨xt, xs⟩ ↦ ⟨xs, xt⟩

",,True,-1,"theorem t3 : s ∩ t = t ∩ s := by
  rw [← Setantisymm (s := s)]
  apply Setantisymm.mtr
","💥️unknown identifier 'Setantisymm'

💥️tactic 'rewrite' failed, equality or iff proof expected
  ?m.639
α : Type u_1
s t : Set α
⊢ s ∩ t = t ∩ s",False,60,MIL.C04_Sets_and_Functions.solutions.Solutions_S01_Sets,Qwen-7B-short,LENGTH,best_of_n,False,0,-1.0,CH04.t3,False
-1,False,0,"theorem t3 : s ∩ t = t ∩ s :=
    Subset.antisymm
    (fun x ⟨xs, xt⟩ ↦ ⟨xt, xs⟩) fun x ⟨xt, xs⟩ ↦ ⟨xs, xt⟩

",,True,-1,"theorem t3 : s ∩ t = t ∩ s := by simp [t3]
","💥️fail to show termination for
  CH04.t3
with errors
failed to infer structural recursion:
Not considering parameter α of CH04.t3:
  it is unchanged in the recursive calls
Not considering parameter s of CH04.t3:
  it is unchanged in the recursive calls
Not considering parameter t of CH04.t3:
  it is unchanged in the recursive calls
no parameters suitable for structural recursion

well-founded recursion cannot be used, 'CH04.t3' does not take any (non-fixed) arguments",False,60,MIL.C04_Sets_and_Functions.solutions.Solutions_S01_Sets,Qwen-7B-short,LENGTH,best_of_n,False,0,-1.0,CH04.t3,False
-1,False,0,"theorem t3 : s ∩ t = t ∩ s :=
    Subset.antisymm
    (fun x ⟨xs, xt⟩ ↦ ⟨xt, xs⟩) fun x ⟨xt, xs⟩ ↦ ⟨xs, xt⟩

",,True,-1,"theorem t3 : s ∩ t = t ∩ s := by
  simpa [and_comm t s] using Subset.antisymm <;> intros x ⟨xs, xt⟩
","💥️function expected at
  and_comm
term has type
  ?m.639 ∧ ?m.640 ↔ ?m.640 ∧ ?m.639

💥️type mismatch, term
  Subset.antisymm
after simplification has type
  ?m.789 ⊆ ?m.790 → ?m.790 ⊆ ?m.789 → ?m.789 = ?m.790 : Prop
but is expected to have type
  s ∩ t = t ∩ s : Prop",False,60,MIL.C04_Sets_and_Functions.solutions.Solutions_S01_Sets,Qwen-7B-short,LENGTH,best_of_n,False,0,-1.0,CH04.t3,False
-1,False,0,"theorem t3 : s ∩ t = t ∩ s :=
    Subset.antisymm
    (fun x ⟨xs, xt⟩ ↦ ⟨xt, xs⟩) fun x ⟨xt, xs⟩ ↦ ⟨xs, xt⟩

",,True,-1,"theorem t3 : s ∩ t = t ∩ s :=
    (Monotone.map_inf_le (fun _ _ ↦ id) s).antisymm t


","💥️invalid field notation, type is not of the form (C ...) where C is a constant
  Monotone.map_inf_le (fun x x_1 => id) s
has type
  ∀ (y : Set α), s ⊓ y ≤ s ⊓ y",False,60,MIL.C04_Sets_and_Functions.solutions.Solutions_S01_Sets,Qwen-7B-short,LENGTH,best_of_n,False,0,-1.0,CH04.t3,False
-1,False,0,"theorem t3 : s ∩ t = t ∩ s :=
    Subset.antisymm
    (fun x ⟨xs, xt⟩ ↦ ⟨xt, xs⟩) fun x ⟨xt, xs⟩ ↦ ⟨xs, xt⟩

",,True,-1,"theorem t3 : s ∩ t = t ∩ s := by
  simpa [t3] using Subset.antisymm
    (fun x ⟨xs, xt⟩ ↦ ⟨xt, xs⟩) (fun x ⟨xt, xs⟩ ↦ ⟨xs, xt⟩)
","💥️fail to show termination for
  CH04.t3
with errors
failed to infer structural recursion:
Not considering parameter α of CH04.t3:
  it is unchanged in the recursive calls
Not considering parameter s of CH04.t3:
  it is unchanged in the recursive calls
Not considering parameter t of CH04.t3:
  it is unchanged in the recursive calls
no parameters suitable for structural recursion

well-founded recursion cannot be used, 'CH04.t3' does not take any (non-fixed) arguments",False,60,MIL.C04_Sets_and_Functions.solutions.Solutions_S01_Sets,Qwen-7B-short,LENGTH,best_of_n,False,0,-1.0,CH04.t3,False
-1,False,0,"theorem t3 : s ∩ t = t ∩ s :=
    Subset.antisymm
    (fun x ⟨xs, xt⟩ ↦ ⟨xt, xs⟩) fun x ⟨xt, xs⟩ ↦ ⟨xs, xt⟩

",,True,-1,"theorem t3 : s ∩ t = t ∩ s := byci tauto
",💥️unknown identifier 'byci',False,60,MIL.C04_Sets_and_Functions.solutions.Solutions_S01_Sets,Qwen-7B-short,LENGTH,best_of_n,False,0,-1.0,CH04.t3,False
-1,False,0,"theorem t3 : s ∩ t = t ∩ s :=
    Subset.antisymm
    (fun x ⟨xs, xt⟩ ↦ ⟨xt, xs⟩) fun x ⟨xt, xs⟩ ↦ ⟨xs, xt⟩

",,True,-1,"theorem t3 : s ∩ t = t ∩ s :=
    (Monotone.map_inf_le (fun _ _ ↦ Subset.antisymm) s t).antisymm <|
      interior_mono fun _ _ ↦ ⟨t, s⟩
","💥️invalid constructor ⟨...⟩, expected type must be an inductive type 
  ?m.1575 x✝¹

💥️type mismatch
  LE.le.antisymm (Monotone.map_inf_le (fun x x_1 => ?m.990) s t) ?m.2100
has type
  ?m.643 (s ⊓ t) = ?m.643 s ⊓ ?m.643 t : Prop
but is expected to have type
  s ∩ t = t ∩ s : Prop",False,60,MIL.C04_Sets_and_Functions.solutions.Solutions_S01_Sets,Qwen-7B-short,LENGTH,best_of_n,False,0,-1.0,CH04.t3,False
-1,False,0,"theorem t3 : s ∩ t = t ∩ s :=
    Subset.antisymm
    (fun x ⟨xs, xt⟩ ↦ ⟨xt, xs⟩) fun x ⟨xt, xs⟩ ↦ ⟨xs, xt⟩

",,True,-1,"theorem t3 : s ∩ t = t ∩ s :=
    (fun x ⟨xs, xt⟩ ↦ ⟨xt, xs⟩) fun x ⟨you, yu⟩ ↦ ⟨y u, y u⟩
","💥️type mismatch
  (fun x x_1 => ?m.645) fun x x_1 => ?m.659
has type
  (x : ?m.646 fun x x_1 => ?m.659) → ?m.647 (fun x x_1 => ?m.659) x : Sort (imax ?u.640 ?u.643)
but is expected to have type
  s ∩ t = t ∩ s : Prop

💥️invalid constructor ⟨...⟩, expected type must be an inductive type 
  ?m.646 x

💥️invalid constructor ⟨...⟩, expected type must be an inductive type 
  ?m.660 x",False,60,MIL.C04_Sets_and_Functions.solutions.Solutions_S01_Sets,Qwen-7B-short,LENGTH,best_of_n,False,0,-1.0,CH04.t3,False
-1,False,0,"theorem t3 : s ∩ t = t ∩ s :=
    Subset.antisymm
    (fun x ⟨xs, xt⟩ ↦ ⟨xt, xs⟩) fun x ⟨xt, xs⟩ ↦ ⟨xs, xt⟩

",,True,-1,"theorem t3 : s ∩ t = t ∩ s :=
    (Monotone.map_inf_le (fun _ _ ↦ id) s t).antisymm <|
      measure_theory.ae_iff.2 t3 <|
        (Monotone.map_inf_le (fun _ _ ↦ id) t s).ocomat


",💥️unknown identifier 'measure_theory.ae_iff',False,60,MIL.C04_Sets_and_Functions.solutions.Solutions_S01_Sets,Qwen-7B-short,LENGTH,best_of_n,False,0,-1.0,CH04.t3,False
-1,False,0,"theorem t3 : s ∩ t = t ∩ s :=
    Subset.antisymm
    (fun x ⟨xs, xt⟩ ↦ ⟨xt, xs⟩) fun x ⟨xt, xs⟩ ↦ ⟨xs, xt⟩

",,True,-1,"theorem t3 : s ∩ t = t ∩ s :=
    (Monotone.map_inf_le (by aesop)).antisymm <|
      (Monotone.map_inf_le (by aesop)).antisymm <|
        calc
          _ _ _ ⊆ s := (Monotone.map_inf_le (by aesop)).mono <|
            (Monotone.map_inf_le (by aesop)).mono <|
              calc
                _ _ _ ⊆ t := (Monotone.map_inf_le (by aesop)).mono <|
                  (Monotone.map_inf_le (by aesop)).mono <|
        calc
          _ _ _ ⊆ s ∩ t := (Monotone.map_inf_le (by aesop)).mono <|
            (Monotone.map_inf_le (by aesop)).mono <|
              (Monotone.map_inf_le (by aesop)).mono <|
    fun x ⟨xs, xt⟩ ↦ ⟨xt, xs⟩


","💥️invalid field notation, type is not of the form (C ...) where C is a constant
  Monotone.map_inf_le ?m.644
has type
  ∀ (x y : ?m.639), ?m.643 (x ⊓ y) ≤ ?m.643 x ⊓ ?m.643 y

💥️tactic 'aesop' failed, made no progress
Initial goal:
  α : Type u_1
  s t : Set α
  ⊢ Monotone ?m.643",False,60,MIL.C04_Sets_and_Functions.solutions.Solutions_S01_Sets,Qwen-7B-short,LENGTH,best_of_n,False,0,-1.0,CH04.t3,False
-1,False,0,"theorem t3 : s ∩ t = t ∩ s :=
    Subset.antisymm
    (fun x ⟨xs, xt⟩ ↦ ⟨xt, xs⟩) fun x ⟨xt, xs⟩ ↦ ⟨xs, xt⟩

",,True,-1,"theorem t3 : s ∩ t = t ∩ s := by
  simpa [t3, ← div_anti] using div dsrt s.tendsto_const t
","💥️unknown identifier 'div_anti'

💥️fail to show termination for
  CH04.t3
with errors
failed to infer structural recursion:
Not considering parameter α of CH04.t3:
  it is unchanged in the recursive calls
Not considering parameter s of CH04.t3:
  it is unchanged in the recursive calls
Not considering parameter t of CH04.t3:
  it is unchanged in the recursive calls
no parameters suitable for structural recursion

well-founded recursion cannot be used, 'CH04.t3' does not take any (non-fixed) arguments",False,60,MIL.C04_Sets_and_Functions.solutions.Solutions_S01_Sets,Qwen-7B-short,LENGTH,best_of_n,False,0,-1.0,CH04.t3,False
-1,False,0,"theorem t3 : s ∩ t = t ∩ s :=
    Subset.antisymm
    (fun x ⟨xs, xt⟩ ↦ ⟨xt, xs⟩) fun x ⟨xt, xs⟩ ↦ ⟨xs, xt⟩

",,True,-1,"@[simp]
theorem t3 : s ∩ t = t ∩ s := Subset.antisymm <;> simp
","💥️type mismatch
  Subset.antisymm
has type
  ?m.639 ⊆ ?m.640 → ?m.640 ⊆ ?m.639 → ?m.639 = ?m.640 : Prop
but is expected to have type
  s ∩ t = t ∩ s : Prop",False,60,MIL.C04_Sets_and_Functions.solutions.Solutions_S01_Sets,Qwen-7B-short,LENGTH,best_of_n,False,0,-1.0,CH04.t3,False
-1,False,0,"theorem t3 : s ∩ t = t ∩ s :=
    Subset.antisymm
    (fun x ⟨xs, xt⟩ ↦ ⟨xt, xs⟩) fun x ⟨xt, xs⟩ ↦ ⟨xs, xt⟩

",,True,-1,"theorem t3 : s ∩ t = t ∩ s := Subset.antisymm <|
    (fun x ⟨xs, xt⟩ ↦ ⟨xt, xs⟩) fun x ⟨xt, xs⟩ ↦ ⟨xs, xt⟩


","💥️application type mismatch
  Subset.antisymm ((fun x x_1 => ?m.650) fun x x_1 => ?m.664)
argument
  (fun x x_1 => ?m.650) fun x x_1 => ?m.664
has type
  (x : ?m.651 fun x x_1 => ?m.664) → ?m.652 (fun x x_1 => ?m.664) x : Sort (imax ?u.645 ?u.648)
but is expected to have type
  ?m.639 ⊆ ?m.640 : Prop

💥️invalid constructor ⟨...⟩, expected type must be an inductive type 
  ?m.651 x

💥️invalid constructor ⟨...⟩, expected type must be an inductive type 
  ?m.665 x",False,60,MIL.C04_Sets_and_Functions.solutions.Solutions_S01_Sets,Qwen-7B-short,LENGTH,best_of_n,False,0,-1.0,CH04.t3,False
-1,False,0,"theorem t3 : s ∩ t = t ∩ s :=
    Subset.antisymm
    (fun x ⟨xs, xt⟩ ↦ ⟨xt, xs⟩) fun x ⟨xt, xs⟩ ↦ ⟨xs, xt⟩

",,True,-1,"theorem t3 : s ∩ t = t ∩ s := by
  simp [t3, antisymm (by aesop) (by aesop)]
","💥️failed to synthesize
  IsAntisymm Prop And
Additional diagnostic information may be available using the `set_option diagnostics true` command.

💥️fail to show termination for
  CH04.t3
with errors
failed to infer structural recursion:
Not considering parameter α of CH04.t3:
  it is unchanged in the recursive calls
Not considering parameter s of CH04.t3:
  it is unchanged in the recursive calls
Not considering parameter t of CH04.t3:
  it is unchanged in the recursive calls
no parameters suitable for structural recursion

well-founded recursion cannot be used, 'CH04.t3' does not take any (non-fixed) arguments",False,60,MIL.C04_Sets_and_Functions.solutions.Solutions_S01_Sets,Qwen-7B-short,LENGTH,best_of_n,False,0,-1.0,CH04.t3,False
-1,False,0,"theorem t3 : s ∩ t = t ∩ s :=
    Subset.antisymm
    (fun x ⟨xs, xt⟩ ↦ ⟨xt, xs⟩) fun x ⟨xt, xs⟩ ↦ ⟨xs, xt⟩

",,True,-1,"theorem t3 : s ∩ t = t ∩ s := by simpa using t2.symm <;> aesop (add simp t2)
","💥️invalid field notation, type is not of the form (C ...) where C is a constant
  t2
has type
  ∀ (s t u : Set ?m.747), s \ (t ∪ u) ⊆ (s \ t) \ u",False,60,MIL.C04_Sets_and_Functions.solutions.Solutions_S01_Sets,Qwen-7B-short,LENGTH,best_of_n,False,0,-1.0,CH04.t3,False
-1,False,0,"theorem t3 : s ∩ t = t ∩ s :=
    Subset.antisymm
    (fun x ⟨xs, xt⟩ ↦ ⟨xt, xs⟩) fun x ⟨xt, xs⟩ ↦ ⟨xs, xt⟩

",,True,-1,"theorem t3 : s ∩ t = t ∩ s :=
    (Monotone.map_inf_le (fun _ _ ↦ Subset.le_antisymm))
      (Monotone.map_inf_le (fun _ _ ↦ Subset.le_antisymm)) fun _ ⟨⟩ ↦ rfl


","💥️invalid field notation, type is not of the form (C ...) where C is a constant
  Subset
has type
  ?m.651 → ?m.651 → Prop

💥️invalid field notation, type is not of the form (C ...) where C is a constant
  Subset
has type
  ?m.899 → ?m.899 → Prop

💥️failed to synthesize
  SemilatticeInf (∀ (x x_1 : ?m.1961), ?m.779 (x ⊓ x_1) ≤ ?m.779 x ⊓ ?m.779 x_1)
Additional diagnostic information may be available using the `set_option diagnostics true` command.

💥️invalid constructor ⟨...⟩, expected type must be an inductive type 
  ?m.1961

💥️failed to solve universe constraint
  ?u.638+1 =?= imax ?u.1145 ?u.1148 ?u.1151
while trying to unify
  ∀ (x x_1 : ?m.1961), ?m.779 (x ⊓ x_1) ≤ ?m.779 x ⊓ ?m.779 x_1 : Prop
with
  ∀ (x x_1 : ?m.1961), ?m.779 (x ⊓ x_1) ≤ ?m.779 x ⊓ ?m.779 x_1 : Prop",False,60,MIL.C04_Sets_and_Functions.solutions.Solutions_S01_Sets,Qwen-7B-short,LENGTH,best_of_n,False,0,-1.0,CH04.t3,False
-1,False,0,"theorem t3 : s ∩ t = t ∩ s :=
    Subset.antisymm
    (fun x ⟨xs, xt⟩ ↦ ⟨xt, xs⟩) fun x ⟨xt, xs⟩ ↦ ⟨xs, xt⟩

",,True,-1,"theorem t3 : s ∩ t = t ∩ s :=
    (Monotone.map_inf_le (fun _t _s ↦ (less_t := injective <| default)) fun _fl _fl ↦ _fl).antisymm <|
      congr_arg _ (nth_rewrite (Monotone.map_inf_le (fun _s _t ↦ (injective <| default)) fun _fl _fl ↦ _fl).antisymm <|
        congr_arg _ _


","💥️unexpected token ':='; expected ')', ',' or ':'",False,60,MIL.C04_Sets_and_Functions.solutions.Solutions_S01_Sets,Qwen-7B-short,LENGTH,best_of_n,False,0,-1.0,CH04.t3,False
-1,False,0,"theorem t3 : s ∩ t = t ∩ s :=
    Subset.antisymm
    (fun x ⟨xs, xt⟩ ↦ ⟨xt, xs⟩) fun x ⟨xt, xs⟩ ↦ ⟨xs, xt⟩

",,True,0,"theorem t3 : s ∩ t = t ∩ s :=
    Subset.antisymm (fun x ⟨xs, xt⟩ ↦ ⟨xt, xs⟩) (fun x ⟨xt, xs⟩ ↦ ⟨xs, xt⟩)
",,True,60,MIL.C04_Sets_and_Functions.solutions.Solutions_S01_Sets,Qwen-7B-short,LENGTH,best_of_n,False,0,-1.0,CH04.t3,False
-1,False,0,"theorem t3 : s ∩ t = t ∩ s :=
    Subset.antisymm
    (fun x ⟨xs, xt⟩ ↦ ⟨xt, xs⟩) fun x ⟨xt, xs⟩ ↦ ⟨xs, xt⟩

",,True,-1,"theorem t3 : s ∩ t = t ∩ s :=
    (Monotone.map_inf_le (fun _ ↦ intros; lift y; have := y ▸ s) (fun _ ↦ intros; lift y; have := y ▸ t)).antisymm <;> simp


","💥️unexpected token ';'; expected ')', ',' or ':'",False,60,MIL.C04_Sets_and_Functions.solutions.Solutions_S01_Sets,Qwen-7B-short,LENGTH,best_of_n,False,0,-1.0,CH04.t3,False
-1,False,0,"theorem t3 : s ∩ t = t ∩ s :=
    Subset.antisymm
    (fun x ⟨xs, xt⟩ ↦ ⟨xt, xs⟩) fun x ⟨xt, xs⟩ ↦ ⟨xs, xt⟩

",,True,-1,"theorem t3 : s ∩ t = t ∩ s := by
  simp [subset_antisymm]
","💥️failed to synthesize
  IsAntisymm (({α : Type u_1} → [self : Inter α] → α → α → α) → ({α : Type u_1} → [self : Inter α] → α → α → α) → Prop)
    fun x1 x2 => x1 ⊆ x2
(deterministic) timeout at `typeclass`, maximum number of heartbeats (20000) has been reached
Use `set_option synthInstance.maxHeartbeats <num>` to set the limit.
Additional diagnostic information may be available using the `set_option diagnostics true` command.
Additional diagnostic information may be available using the `set_option diagnostics true` command.",False,60,MIL.C04_Sets_and_Functions.solutions.Solutions_S01_Sets,Qwen-7B-short,LENGTH,best_of_n,False,0,-1.0,CH04.t3,False
-1,False,0,"theorem t3 : s ∩ t = t ∩ s :=
    Subset.antisymm
    (fun x ⟨xs, xt⟩ ↦ ⟨xt, xs⟩) fun x ⟨xt, xs⟩ ↦ ⟨xs, xt⟩

",,True,-1,"theorem t3 : s ∩ t = t ∩ s := by
  simpa [and_comm] using t2.symm
","💥️invalid field notation, type is not of the form (C ...) where C is a constant
  t2
has type
  ∀ (s t u : Set ?m.761), s \ (t ∪ u) ⊆ (s \ t) \ u",False,60,MIL.C04_Sets_and_Functions.solutions.Solutions_S01_Sets,Qwen-7B-short,LENGTH,best_of_n,False,0,-1.0,CH04.t3,False
-1,False,0,"theorem t3 : s ∩ t = t ∩ s :=
    Subset.antisymm
    (fun x ⟨xs, xt⟩ ↦ ⟨xt, xs⟩) fun x ⟨xt, xs⟩ ↦ ⟨xs, xt⟩

",,True,-1,"theorem t3 : s ∩ t = t ∩ s :=
    (Monotone.map_inf_le (fun _ _ ↦ id_le#) s t).antisymm <;>
    id_le# _ _


","💥️unexpected token '#'; expected ')', ',' or ':'",False,60,MIL.C04_Sets_and_Functions.solutions.Solutions_S01_Sets,Qwen-7B-short,LENGTH,best_of_n,False,0,-1.0,CH04.t3,False
-1,False,0,"theorem t3 : s ∩ t = t ∩ s :=
    Subset.antisymm
    (fun x ⟨xs, xt⟩ ↦ ⟨xt, xs⟩) fun x ⟨xt, xs⟩ ↦ ⟨xs, xt⟩

",,True,-1,"theorem t3 : s ∩ t = t ∩ s :=
  Subset.antisymm
    fun x ⟨xs, xt⟩ ↦ ⟨xt, xs⟩
    fun x ⟨xt, xs⟩ ↦ ⟨xs, xt⟩
","💥️invalid constructor ⟨...⟩, expected type must be an inductive type 
  ?m.639 x",False,60,MIL.C04_Sets_and_Functions.solutions.Solutions_S01_Sets,Qwen-7B-short,LENGTH,best_of_n,False,0,-1.0,CH04.t3,False
-1,False,0,"theorem t3 : s ∩ t = t ∩ s :=
    Subset.antisymm
    (fun x ⟨xs, xt⟩ ↦ ⟨xt, xs⟩) fun x ⟨xt, xs⟩ ↦ ⟨xs, xt⟩

",,True,-1,"theorem t3 : s ∩ t = t ∩ s := by using an example Set s {1,2} and t {2,3}, then Subset.antisymm
","💥️unexpected token 'using'; expected '{' or tactic

💥️unsolved goals
α : Type u_1
s t : Set α
⊢ s ∩ t = t ∩ s",False,60,MIL.C04_Sets_and_Functions.solutions.Solutions_S01_Sets,Qwen-7B-short,LENGTH,best_of_n,False,0,-1.0,CH04.t3,False
-1,False,0,"theorem t3 : s ∩ t = t ∩ s :=
    Subset.antisymm
    (fun x ⟨xs, xt⟩ ↦ ⟨xt, xs⟩) fun x ⟨xt, xs⟩ ↦ ⟨xs, xt⟩

",,True,0,"theorem t3 : s ∩ t = t ∩ s := Subset.antisymm (fun x ⟨xs, xt⟩ ↦ ⟨xt, xs⟩) fun x ⟨xt, xs⟩ ↦ ⟨xs, xt⟩
",,True,60,MIL.C04_Sets_and_Functions.solutions.Solutions_S01_Sets,Qwen-7B-short,LENGTH,best_of_n,False,0,-1.0,CH04.t3,False
-1,False,0,"theorem t3 : s ∩ t = t ∩ s :=
    Subset.antisymm
    (fun x ⟨xs, xt⟩ ↦ ⟨xt, xs⟩) fun x ⟨xt, xs⟩ ↦ ⟨xs, xt⟩

",,True,-1,"theorem t3 : s ∩ t = t ∩ s := by simp [t3]
","💥️fail to show termination for
  CH04.t3
with errors
failed to infer structural recursion:
Not considering parameter α of CH04.t3:
  it is unchanged in the recursive calls
Not considering parameter s of CH04.t3:
  it is unchanged in the recursive calls
Not considering parameter t of CH04.t3:
  it is unchanged in the recursive calls
no parameters suitable for structural recursion

well-founded recursion cannot be used, 'CH04.t3' does not take any (non-fixed) arguments",False,60,MIL.C04_Sets_and_Functions.solutions.Solutions_S01_Sets,Qwen-7B-short,LENGTH,best_of_n,False,0,-1.0,CH04.t3,False
-1,False,0,"theorem t3 : s ∩ t = t ∩ s :=
    Subset.antisymm
    (fun x ⟨xs, xt⟩ ↦ ⟨xt, xs⟩) fun x ⟨xt, xs⟩ ↦ ⟨xs, xt⟩

",,True,-1,"theorem t3 : s ∩ t = t ∩ s :=
    (s.nhds ∩ t.nhds).antisymm <;> simp
","💥️invalid field 'nhds', the environment does not contain 'Set.nhds'
  s
has type
  Set α

💥️invalid field notation, type is not of the form (C ...) where C is a constant
  s
has type
  α → Prop

💥️invalid field 'nhds', the environment does not contain 'Set.nhds'
  t
has type
  Set α

💥️invalid field notation, type is not of the form (C ...) where C is a constant
  t
has type
  α → Prop",False,60,MIL.C04_Sets_and_Functions.solutions.Solutions_S01_Sets,Qwen-7B-short,LENGTH,best_of_n,False,0,-1.0,CH04.t3,False
-1,False,0,"theorem t3 : s ∩ t = t ∩ s :=
    Subset.antisymm
    (fun x ⟨xs, xt⟩ ↦ ⟨xt, xs⟩) fun x ⟨xt, xs⟩ ↦ ⟨xs, xt⟩

",,True,-1,"theorem t3 : s ∩ t = t ∩ s :=
    (Monotone.map_inf_le (opens s) (opens t)).antisymm

","💥️unknown identifier 'opens'

💥️unknown identifier 'opens'",False,60,MIL.C04_Sets_and_Functions.solutions.Solutions_S01_Sets,Qwen-7B-short,LENGTH,best_of_n,False,0,-1.0,CH04.t3,False
-1,False,0,"theorem t3 : s ∩ t = t ∩ s :=
    Subset.antisymm
    (fun x ⟨xs, xt⟩ ↦ ⟨xt, xs⟩) fun x ⟨xt, xs⟩ ↦ ⟨xs, xt⟩

",,True,-1,"theorem t3 : s ∩ t = t ∩ s :=
    eq_of_forall_ge_iff.2 fun _ ↦ by simp [lt_comm]

","💥️invalid field notation, type is not of the form (C ...) where C is a constant
  eq_of_forall_ge_iff
has type
  (∀ (c : ?m.638), ?m.754 ≤ c ↔ ?m.755 ≤ c) → ?m.754 = ?m.755",False,60,MIL.C04_Sets_and_Functions.solutions.Solutions_S01_Sets,Qwen-7B-short,LENGTH,best_of_n,False,0,-1.0,CH04.t3,False
-1,False,0,"theorem t3 : s ∩ t = t ∩ s :=
    Subset.antisymm
    (fun x ⟨xs, xt⟩ ↦ ⟨xt, xs⟩) fun x ⟨xt, xs⟩ ↦ ⟨xs, xt⟩

",,True,-1,"theorem t3 : s ∩ t = t ∩ s :=
    (b := t).antisymm (Iff.rfl)

","💥️unexpected token ':='; expected ')', ',' or ':'",False,60,MIL.C04_Sets_and_Functions.solutions.Solutions_S01_Sets,Qwen-7B-short,LENGTH,best_of_n,False,0,-1.0,CH04.t3,False
-1,False,0,"theorem t3 : s ∩ t = t ∩ s :=
    Subset.antisymm
    (fun x ⟨xs, xt⟩ ↦ ⟨xt, xs⟩) fun x ⟨xt, xs⟩ ↦ ⟨xs, xt⟩

",,True,-1,"theorem t3 : s ∩ t = t ∩ s :=
    (Monotone.map_inf_le (fun _ _ ↦ x.2) s t).antisymm
",💥️unknown identifier 'x',False,60,MIL.C04_Sets_and_Functions.solutions.Solutions_S01_Sets,Qwen-7B-short,LENGTH,best_of_n,False,0,-1.0,CH04.t3,False
-1,False,0,"theorem t3 : s ∩ t = t ∩ s :=
    Subset.antisymm
    (fun x ⟨xs, xt⟩ ↦ ⟨xt, xs⟩) fun x ⟨xt, xs⟩ ↦ ⟨xs, xt⟩

",,True,-1,"theorem t3 : t ∩ s = s ∩ t :=
    t3
","💥️fail to show termination for
  CH04.t3
with errors
failed to infer structural recursion:
Not considering parameter α of CH04.t3:
  it is unchanged in the recursive calls
Not considering parameter s of CH04.t3:
  it is unchanged in the recursive calls
Not considering parameter t of CH04.t3:
  it is unchanged in the recursive calls
no parameters suitable for structural recursion

well-founded recursion cannot be used, 'CH04.t3' does not take any (non-fixed) arguments",False,60,MIL.C04_Sets_and_Functions.solutions.Solutions_S01_Sets,Qwen-7B-short,LENGTH,best_of_n,False,0,-1.0,CH04.t3,False
-1,False,0,"theorem t3 : s ∩ t = t ∩ s :=
    Subset.antisymm
    (fun x ⟨xs, xt⟩ ↦ ⟨xt, xs⟩) fun x ⟨xt, xs⟩ ↦ ⟨xs, xt⟩

",,True,-1,"theorem t3 : s ∩ t = t ∩ s := by
  simpa using t3_subset_antisymm
",💥️unknown identifier 't3_subset_antisymm',False,60,MIL.C04_Sets_and_Functions.solutions.Solutions_S01_Sets,Qwen-7B-short,LENGTH,best_of_n,False,0,-1.0,CH04.t3,False
-1,False,0,"theorem t3 : s ∩ t = t ∩ s :=
    Subset.antisymm
    (fun x ⟨xs, xt⟩ ↦ ⟨xt, xs⟩) fun x ⟨xt, xs⟩ ↦ ⟨xs, xt⟩

",,True,0,"theorem t3 : s ∩ t = t ∩ s := Subset.antisymm (fun x ⟨xs, xt⟩ ↦ ⟨xt, xs⟩) (fun x ⟨xt, xs⟩ ↦ ⟨xs, xt⟩)
",,True,60,MIL.C04_Sets_and_Functions.solutions.Solutions_S01_Sets,Qwen-7B-short,LENGTH,best_of_n,False,0,-1.0,CH04.t3,False
-1,False,0,"theorem t3 : s ∩ t = t ∩ s :=
    Subset.antisymm
    (fun x ⟨xs, xt⟩ ↦ ⟨xt, xs⟩) fun x ⟨xt, xs⟩ ↦ ⟨xs, xt⟩

",,True,-1,"theorem t3 : s ∩ t = t ∩ s :=
    (Monotone.map_inf_le (fun _ _ ↦ (Monotone.map_inf_le (fun _ _ ↦ rfl))).antisymm <|
      map_inf_le (fun _ _ ↦ rfl) (map_inf_le (fun _ _ ↦ rfl))
","💥️unexpected end of input; expected ')', ',' or ':'",False,60,MIL.C04_Sets_and_Functions.solutions.Solutions_S01_Sets,Qwen-7B-short,LENGTH,best_of_n,False,0,-1.0,CH04.t3,False
-1,False,0,"theorem t3 : s ∩ t = t ∩ s :=
    Subset.antisymm
    (fun x ⟨xs, xt⟩ ↦ ⟨xt, xs⟩) fun x ⟨xt, xs⟩ ↦ ⟨xs, xt⟩

",,True,-1,"theorem t3 : s ∩ t = t ∩ s :=
    Subset.antisymm fun _ ⟨xs, xt⟩ ↦ ⟨xt, xs⟩ fun _ ⟨xt, xs⟩ ↦ ⟨xs, xt⟩


","💥️invalid constructor ⟨...⟩, expected type must be an inductive type 
  ?m.639 x✝¹",False,60,MIL.C04_Sets_and_Functions.solutions.Solutions_S01_Sets,Qwen-7B-short,LENGTH,best_of_n,False,0,-1.0,CH04.t3,False
-1,False,0,"theorem t3 : s ∩ t = t ∩ s :=
    Subset.antisymm
    (fun x ⟨xs, xt⟩ ↦ ⟨xt, xs⟩) fun x ⟨xt, xs⟩ ↦ ⟨xs, xt⟩

",,True,-1,"theorem t3 : s ∩ t = t ∩ s := Subset.antisymm <;> intro x ⟨xs, xt⟩
","💥️type mismatch
  Subset.antisymm
has type
  ?m.639 ⊆ ?m.640 → ?m.640 ⊆ ?m.639 → ?m.639 = ?m.640 : Prop
but is expected to have type
  s ∩ t = t ∩ s : Prop",False,60,MIL.C04_Sets_and_Functions.solutions.Solutions_S01_Sets,Qwen-7B-short,LENGTH,best_of_n,False,0,-1.0,CH04.t3,False
-1,False,0,"theorem t3 : s ∩ t = t ∩ s :=
    Subset.antisymm
    (fun x ⟨xs, xt⟩ ↦ ⟨xt, xs⟩) fun x ⟨xt, xs⟩ ↦ ⟨xs, xt⟩

",,True,-1,"theorem t3 : s ∩ t = t ∩ s := Subset.antisymm $ fun _ ⟨xs, xt⟩ ↦ ⟨xt, xs⟩


","💥️invalid constructor ⟨...⟩, expected type must be an inductive type 
  ?m.639 x✝¹",False,60,MIL.C04_Sets_and_Functions.solutions.Solutions_S01_Sets,Qwen-7B-short,LENGTH,best_of_n,False,0,-1.0,CH04.t3,False
-1,False,0,"theorem t3 : s ∩ t = t ∩ s :=
    Subset.antisymm
    (fun x ⟨xs, xt⟩ ↦ ⟨xt, xs⟩) fun x ⟨xt, xs⟩ ↦ ⟨xs, xt⟩

",,True,0,"theorem t3 : s ∩ t = t ∩ s :=
    Subset.antisymm
    (fun x ⟨xs, xt⟩ ↦ ⟨xt, xs⟩) (fun x ⟨xt, xs⟩ ↦ ⟨xs, xt⟩)
",,True,60,MIL.C04_Sets_and_Functions.solutions.Solutions_S01_Sets,Qwen-7B-short,LENGTH,best_of_n,False,0,-1.0,CH04.t3,False
-1,False,0,"theorem t3 : s ∩ t = t ∩ s :=
    Subset.antisymm
    (fun x ⟨xs, xt⟩ ↦ ⟨xt, xs⟩) fun x ⟨xt, xs⟩ ↦ ⟨xs, xt⟩

",,True,-1,"theorem t3 : s ∩ t = t ∩ s :=
    coe_injective <| by aesop (add simp [← t, t3, s3, coe_eq, insert_comm])
","💥️unexpected token '←'; expected Aesop.builder_name, Aesop.builder_option, Aesop.phase or Aesop.priority",False,60,MIL.C04_Sets_and_Functions.solutions.Solutions_S01_Sets,Qwen-7B-short,LENGTH,best_of_n,False,0,-1.0,CH04.t3,False
-1,False,0,"theorem t3 : s ∩ t = t ∩ s :=
    Subset.antisymm
    (fun x ⟨xs, xt⟩ ↦ ⟨xt, xs⟩) fun x ⟨xt, xs⟩ ↦ ⟨xs, xt⟩

",,True,-1,"theorem t3 : s ∩ t = t ∩ s :=
    (s ∩ t).antisymm <;> intro x ⟨xs, xt⟩; simp [subset_antisymm]
","💥️invalid field 'antisymm', the environment does not contain 'Set.antisymm'
  s ∩ t
has type
  Set α

💥️invalid field notation, type is not of the form (C ...) where C is a constant
  s ∩ t
has type
  α → Prop",False,60,MIL.C04_Sets_and_Functions.solutions.Solutions_S01_Sets,Qwen-7B-short,LENGTH,best_of_n,False,0,-1.0,CH04.t3,False
-1,False,0,"theorem t3 : s ∩ t = t ∩ s :=
    Subset.antisymm
    (fun x ⟨xs, xt⟩ ↦ ⟨xt, xs⟩) fun x ⟨xt, xs⟩ ↦ ⟨xs, xt⟩

",,True,-1,"theorem t3 : s ∩ t = t ∩ s :=
    (Monotone.map_inf_le (fun _ _ ↦ id) s t).antisymm <;> intro; rfl
","💥️type mismatch
  LE.le.antisymm (Monotone.map_inf_le (fun x x_1 => id) s t)
has type
  s ⊓ t ≤ s ⊓ t → s ⊓ t = s ⊓ t : Prop
but is expected to have type
  s ∩ t = t ∩ s : Prop",False,60,MIL.C04_Sets_and_Functions.solutions.Solutions_S01_Sets,Qwen-7B-short,LENGTH,best_of_n,False,0,-1.0,CH04.t3,False
-1,False,0,"theorem t3 : s ∩ t = t ∩ s :=
    Subset.antisymm
    (fun x ⟨xs, xt⟩ ↦ ⟨xt, xs⟩) fun x ⟨xt, xs⟩ ↦ ⟨xs, xt⟩

",,True,-1,"theorem t3 : s ∩ t = t ∩ s := by simpa [t3_antisymm] using t2_subset_antisymm (s := s) (t := t)
","💥️unknown identifier 't3_antisymm'

💥️unknown identifier 't2_subset_antisymm'",False,60,MIL.C04_Sets_and_Functions.solutions.Solutions_S01_Sets,Qwen-7B-short,LENGTH,best_of_n,False,0,-1.0,CH04.t3,False
-1,False,0,"theorem t3 : s ∩ t = t ∩ s :=
    Subset.antisymm
    (fun x ⟨xs, xt⟩ ↦ ⟨xt, xs⟩) fun x ⟨xt, xs⟩ ↦ ⟨xs, xt⟩

",,True,-1,"theorem t3 : s ∩ t = t ∩ s :=
    (Monotone.map_inf_le (fun _ ↦ id) s t).antisymm <|
      map_inf_le (fun _ ↦ id)
",💥️unknown identifier 'map_inf_le',False,60,MIL.C04_Sets_and_Functions.solutions.Solutions_S01_Sets,Qwen-7B-short,LENGTH,best_of_n,False,0,-1.0,CH04.t3,False
-1,False,0,"theorem t3 : s ∩ t = t ∩ s :=
    Subset.antisymm
    (fun x ⟨xs, xt⟩ ↦ ⟨xt, xs⟩) fun x ⟨xt, xs⟩ ↦ ⟨xs, xt⟩

",,True,-1,"theorem t3 : s ∩ t = t ∩ s := by
  simp (subset_antisymm _ _ fun _ ⟨xs, xt⟩ ↦ ⟨xt, xs⟩)
","💥️unexpected token '_'; expected ':='

💥️structure 'Lean.Meta.Simp.Config' does not have a field named 'subset_antisymm'",False,60,MIL.C04_Sets_and_Functions.solutions.Solutions_S01_Sets,Qwen-7B-short,LENGTH,best_of_n,False,0,-1.0,CH04.t3,False
-1,False,0,"theorem t3 : s ∩ t = t ∩ s :=
    Subset.antisymm
    (fun x ⟨xs, xt⟩ ↦ ⟨xt, xs⟩) fun x ⟨xt, xs⟩ ↦ ⟨xs, xt⟩

",,True,-1,"theorem t3 : s ∩ t = t ∩ s :=
    (fun _ ⟨xs, xt⟩ ↦ ⟨xt, xs⟩) fun _ ⟨xt, xs⟩ ↦ ⟨xs, xt⟩


","💥️type mismatch
  (fun x x_1 => ?m.645) fun x x_1 => ?m.659
has type
  (x : ?m.646 fun x x_1 => ?m.659) → ?m.647 (fun x x_1 => ?m.659) x : Sort (imax ?u.640 ?u.643)
but is expected to have type
  s ∩ t = t ∩ s : Prop

💥️invalid constructor ⟨...⟩, expected type must be an inductive type 
  ?m.646 x✝¹

💥️invalid constructor ⟨...⟩, expected type must be an inductive type 
  ?m.660 x✝¹",False,60,MIL.C04_Sets_and_Functions.solutions.Solutions_S01_Sets,Qwen-7B-short,LENGTH,best_of_n,False,0,-1.0,CH04.t3,False
-1,False,0,"theorem t3 : s ∩ t = t ∩ s :=
    Subset.antisymm
    (fun x ⟨xs, xt⟩ ↦ ⟨xt, xs⟩) fun x ⟨xt, xs⟩ ↦ ⟨xs, xt⟩

",,True,-1,"theorem t3 : s ∩ t = t ∩ s :=
    (Monotone.map_inf_le (fun _ _ ↦ Subset.antisymm) s t).antisymm


","💥️type mismatch
  LE.le.antisymm (Monotone.map_inf_le (fun x x_1 => ?m.990) s t)
has type
  ?m.643 s ⊓ ?m.643 t ≤ ?m.643 (s ⊓ t) → ?m.643 (s ⊓ t) = ?m.643 s ⊓ ?m.643 t : Prop
but is expected to have type
  s ∩ t = t ∩ s : Prop

💥️type mismatch
  Subset.antisymm
has type
  ?m.652 ⊆ ?m.653 → ?m.653 ⊆ ?m.652 → ?m.652 = ?m.653 : Prop
but is expected to have type
  x✝¹ ≤ x✝ → ?m.643 x✝¹ ≤ ?m.643 x✝ : Prop",False,60,MIL.C04_Sets_and_Functions.solutions.Solutions_S01_Sets,Qwen-7B-short,LENGTH,best_of_n,False,0,-1.0,CH04.t3,False
-1,False,0,"theorem t3 : s ∩ t = t ∩ s :=
    Subset.antisymm
    (fun x ⟨xs, xt⟩ ↦ ⟨xt, xs⟩) fun x ⟨xt, xs⟩ ↦ ⟨xs, xt⟩

",,True,-1,"theorem t3 : t ∩ s = s ∩ t :=
  (Monotone.map_inf_le (fun _ _ ↦ Subset.antisymm) t).antisymm <|
    monotone.coatom_le (fun _ _ ↦ t.lt_le_iff) s xt

","💥️invalid field notation, type is not of the form (C ...) where C is a constant
  Monotone.map_inf_le (fun x x_1 => ?m.990) t
has type
  ∀ (y : Set α), ?m.643 (t ⊓ y) ≤ ?m.643 t ⊓ ?m.643 y

💥️type mismatch
  Subset.antisymm
has type
  ?m.652 ⊆ ?m.653 → ?m.653 ⊆ ?m.652 → ?m.652 = ?m.653 : Prop
but is expected to have type
  x✝¹ ≤ x✝ → ?m.643 x✝¹ ≤ ?m.643 x✝ : Prop",False,60,MIL.C04_Sets_and_Functions.solutions.Solutions_S01_Sets,Qwen-7B-short,LENGTH,best_of_n,False,0,-1.0,CH04.t3,False
-1,False,8,"theorem t4 : s ∩ (s ∪ t) = s := by
  ext x; constructor
  · rintro ⟨xs, _⟩
    exact xs
  · intro xs
    use xs; left; exact xs

",,True,-1,"theorem t4 : s ∩ (s ∪ t) = s := by
  ext x; constructor
  · rintro ⟨xs, _⟩
    exact xs
  · intro xs
    exact ⟨xs, left := cs2_eqim.2 fun _ ↦ (disch := intros; omega), right := xs⟩
","💥️unexpected token ':='; expected '⟩'

💥️unknown identifier 'left'",False,60,MIL.C04_Sets_and_Functions.solutions.Solutions_S01_Sets,Qwen-7B-short,LENGTH,best_of_n,False,0,-1.0,CH04.t4,False
-1,False,8,"theorem t4 : s ∩ (s ∪ t) = s := by
  ext x; constructor
  · rintro ⟨xs, _⟩
    exact xs
  · intro xs
    use xs; left; exact xs

",,True,2,"theorem t4 : s ∩ (s ∪ t) = s := by
  ext s' t' ht
  aesop
",,True,60,MIL.C04_Sets_and_Functions.solutions.Solutions_S01_Sets,Qwen-7B-short,LENGTH,best_of_n,False,0,0.75,CH04.t4,False
-1,False,8,"theorem t4 : s ∩ (s ∪ t) = s := by
  ext x; constructor
  · rintro ⟨xs, _⟩
    exact xs
  · intro xs
    use xs; left; exact xs

",,True,8,"theorem t4 : s ∩ (s ∪ t) = s := by
  ext x
  constructor
  · rintro ⟨xs, _⟩
    exact xs
  · intro xs
    use xs; left; exact xs
",,True,60,MIL.C04_Sets_and_Functions.solutions.Solutions_S01_Sets,Qwen-7B-short,LENGTH,best_of_n,False,0,0.0,CH04.t4,False
-1,False,8,"theorem t4 : s ∩ (s ∪ t) = s := by
  ext x; constructor
  · rintro ⟨xs, _⟩
    exact xs
  · intro xs
    use xs; left; exact xs

",,True,-1,"theorem t4 : s ∩ (s ∪ t) = s := by
  ext x
  exact ⟨fun ⟨xs, _⟩ => exact xs, fun xs => ⟨xs, by tauto⟩⟩
",💥️unknown identifier 'exact',False,60,MIL.C04_Sets_and_Functions.solutions.Solutions_S01_Sets,Qwen-7B-short,LENGTH,best_of_n,False,0,-1.0,CH04.t4,False
-1,False,8,"theorem t4 : s ∩ (s ∪ t) = s := by
  ext x; constructor
  · rintro ⟨xs, _⟩
    exact xs
  · intro xs
    use xs; left; exact xs

",,True,-1,"theorem t4 : s ∩ (s ∪ t) = s := by
  ext x
  rw [← set_union_image_union t, image_union_iff _ | image_union_iff_left]
  refine [subset_union_left fun x xs ↦ image_union_right fun

","💥️unexpected token '|'; expected ']'

💥️unknown identifier 'set_union_image_union'",False,60,MIL.C04_Sets_and_Functions.solutions.Solutions_S01_Sets,Qwen-7B-short,LENGTH,best_of_n,False,0,-1.0,CH04.t4,False
-1,False,8,"theorem t4 : s ∩ (s ∪ t) = s := by
  ext x; constructor
  · rintro ⟨xs, _⟩
    exact xs
  · intro xs
    use xs; left; exact xs

",,True,-1,"theorem t4 : s ∩ (s ∪ t) = s := by
  ext x
  exact ⟨fun ⟨xs, _⟩ => xs, fun xs => ⟨xs, left, exact xs⟩⟩
","💥️invalid constructor ⟨...⟩, expected type must be an inductive type with only one constructor 
  x ∈ s ∨ x ∈ t",False,60,MIL.C04_Sets_and_Functions.solutions.Solutions_S01_Sets,Qwen-7B-short,LENGTH,best_of_n,False,0,-1.0,CH04.t4,False
-1,False,8,"theorem t4 : s ∩ (s ∪ t) = s := by
  ext x; constructor
  · rintro ⟨xs, _⟩
    exact xs
  · intro xs
    use xs; left; exact xs

",,True,-1,"theorem t4 : s ∩ (s ∪ t) = s := by
  ext x
  simp [config := {contextual := true})
","💥️unexpected token ':='; expected ']'

💥️unknown identifier 'config'

💥️unsolved goals
case h
α : Type u_1
s t : Set α
x : α
⊢ x ∈ s → x ∈ s ∨ x ∈ t",False,60,MIL.C04_Sets_and_Functions.solutions.Solutions_S01_Sets,Qwen-7B-short,LENGTH,best_of_n,False,0,-1.0,CH04.t4,False
-1,False,8,"theorem t4 : s ∩ (s ∪ t) = s := by
  ext x; constructor
  · rintro ⟨xs, _⟩
    exact xs
  · intro xs
    use xs; left; exact xs

",,True,1,"theorem t4 : s ∩ (s ∪ t) = s := by
  simpa using t4' _ _ _ (fun x hs ↦ hs)
",,True,60,MIL.C04_Sets_and_Functions.solutions.Solutions_S01_Sets,Qwen-7B-short,LENGTH,best_of_n,False,0,0.875,CH04.t4,False
-1,False,8,"theorem t4 : s ∩ (s ∪ t) = s := by
  ext x; constructor
  · rintro ⟨xs, _⟩
    exact xs
  · intro xs
    use xs; left; exact xs

",,True,-1,"theorem t4 : s ∩ (s ∪ t) = s := by
  ext x; constructor
  · rintro ⟨xs, _⟩
    exact xs
  · intro xs
    exact ⟨xs, left, by exact⟩
","💥️unexpected token '⟩'; expected term

💥️invalid constructor ⟨...⟩, expected type must be an inductive type with only one constructor 
  x ∈ s ∨ x ∈ t",False,60,MIL.C04_Sets_and_Functions.solutions.Solutions_S01_Sets,Qwen-7B-short,LENGTH,best_of_n,False,0,-1.0,CH04.t4,False
-1,False,8,"theorem t4 : s ∩ (s ∪ t) = s := by
  ext x; constructor
  · rintro ⟨xs, _⟩
    exact xs
  · intro xs
    use xs; left; exact xs

",,True,-1,"theorem t4 : s ∩ (s ∪ t) = s := by
  ext x
  exact ⟨fun ⟨xs, _⟩ => xs, fun xs => ⟨xs, left⟩⟩
",💥️unknown identifier 'left',False,60,MIL.C04_Sets_and_Functions.solutions.Solutions_S01_Sets,Qwen-7B-short,LENGTH,best_of_n,False,0,-1.0,CH04.t4,False
-1,False,8,"theorem t4 : s ∩ (s ∪ t) = s := by
  ext x; constructor
  · rintro ⟨xs, _⟩
    exact xs
  · intro xs
    use xs; left; exact xs

",,True,8,"theorem t4 : s ∩ (s ∪ t) = s := by
  ext x
  constructor
  · rintro ⟨xs, _⟩
    exact xs
  · intro xs
    use xs; left; exact xs
",,True,60,MIL.C04_Sets_and_Functions.solutions.Solutions_S01_Sets,Qwen-7B-short,LENGTH,best_of_n,False,0,0.0,CH04.t4,False
-1,False,8,"theorem t4 : s ∩ (s ∪ t) = s := by
  ext x; constructor
  · rintro ⟨xs, _⟩
    exact xs
  · intro xs
    use xs; left; exact xs

",,True,-1,"theorem t4 : s ∩ (s ∪ t) = s := by
  ext x; constructor
  · rintro ⟨xs, _⟩
    exact xs
  · intro xs
    exact ⟨xs, left, star_id_of_comm _⟩
","💥️invalid constructor ⟨...⟩, expected type must be an inductive type with only one constructor 
  x ∈ s ∨ x ∈ t",False,60,MIL.C04_Sets_and_Functions.solutions.Solutions_S01_Sets,Qwen-7B-short,LENGTH,best_of_n,False,0,-1.0,CH04.t4,False
-1,False,8,"theorem t4 : s ∩ (s ∪ t) = s := by
  ext x; constructor
  · rintro ⟨xs, _⟩
    exact xs
  · intro xs
    use xs; left; exact xs

",,True,2,"theorem t4 : s ∩ (s ∪ t) = s := by
  ext
  aesop
",,True,60,MIL.C04_Sets_and_Functions.solutions.Solutions_S01_Sets,Qwen-7B-short,LENGTH,best_of_n,False,0,0.75,CH04.t4,False
-1,False,8,"theorem t4 : s ∩ (s ∪ t) = s := by
  ext x; constructor
  · rintro ⟨xs, _⟩
    exact xs
  · intro xs
    use xs; left; exact xs

",,True,-1,"theorem t4 : s ∩ (s ∪ t) = s := by
  ext x
  simp_rw [Real.mk_or] at tUnion
  simp [tUnion, sUnion, image_union]
",💥️unknown identifier 'tUnion',False,60,MIL.C04_Sets_and_Functions.solutions.Solutions_S01_Sets,Qwen-7B-short,LENGTH,best_of_n,False,0,-1.0,CH04.t4,False
-1,False,8,"theorem t4 : s ∩ (s ∪ t) = s := by
  ext x; constructor
  · rintro ⟨xs, _⟩
    exact xs
  · intro xs
    use xs; left; exact xs

",,True,8,"theorem t4 : s ∩ (s ∪ t) = s := by
  ext x; constructor
  · rintro ⟨xs, _⟩
    exact xs
  · intro xs
    use xs; left; exact xs
",,True,60,MIL.C04_Sets_and_Functions.solutions.Solutions_S01_Sets,Qwen-7B-short,LENGTH,best_of_n,False,0,0.0,CH04.t4,False
-1,False,8,"theorem t4 : s ∩ (s ∪ t) = s := by
  ext x; constructor
  · rintro ⟨xs, _⟩
    exact xs
  · intro xs
    use xs; left; exact xs

",,True,2,"theorem t4 : s ∩ (s ∪ t) = s := by
  ext x; aesop
",,True,60,MIL.C04_Sets_and_Functions.solutions.Solutions_S01_Sets,Qwen-7B-short,LENGTH,best_of_n,False,0,0.75,CH04.t4,False
-1,False,8,"theorem t4 : s ∩ (s ∪ t) = s := by
  ext x; constructor
  · rintro ⟨xs, _⟩
    exact xs
  · intro xs
    use xs; left; exact xs

",,True,-1,"theorem t4 : s ∩ (s ∪ t) = s := by
  simp_rw [t4, sUnion_t, tUnion_s, sUnion only_one, oneUnion, sUnion_comap, map_sUnion,
    GroupTheory sUnion, subgroup_union]
","💥️no goals to be solved

💥️fail to show termination for
  CH04.t4
with errors
failed to infer structural recursion:
Not considering parameter α of CH04.t4:
  it is unchanged in the recursive calls
Not considering parameter s of CH04.t4:
  it is unchanged in the recursive calls
Not considering parameter t of CH04.t4:
  it is unchanged in the recursive calls
no parameters suitable for structural recursion

well-founded recursion cannot be used, 'CH04.t4' does not take any (non-fixed) arguments",False,60,MIL.C04_Sets_and_Functions.solutions.Solutions_S01_Sets,Qwen-7B-short,LENGTH,best_of_n,False,0,-1.0,CH04.t4,False
-1,False,8,"theorem t4 : s ∩ (s ∪ t) = s := by
  ext x; constructor
  · rintro ⟨xs, _⟩
    exact xs
  · intro xs
    use xs; left; exact xs

",,True,8,"theorem t4 : s ∩ (s ∪ t) = s := by
  ext x
  constructor
  · intro ⟨xs, _⟩
    exact xs
  · intro xs
    use xs; left; exact xs


",,True,60,MIL.C04_Sets_and_Functions.solutions.Solutions_S01_Sets,Qwen-7B-short,LENGTH,best_of_n,False,0,0.0,CH04.t4,False
-1,False,8,"theorem t4 : s ∩ (s ∪ t) = s := by
  ext x; constructor
  · rintro ⟨xs, _⟩
    exact xs
  · intro xs
    use xs; left; exact xs

",,True,-1,"theorem t4 : s ∩ (s ∪ t) = s := by
  ext x
  exact ⟨fun ⟨xs, _⟩ => xs, fun xs => ⟨xs, left hbijnt hxs⟩⟩
",💥️unknown identifier 'left',False,60,MIL.C04_Sets_and_Functions.solutions.Solutions_S01_Sets,Qwen-7B-short,LENGTH,best_of_n,False,0,-1.0,CH04.t4,False
-1,False,8,"theorem t4 : s ∩ (s ∪ t) = s := by
  ext x; constructor
  · rintro ⟨xs, _⟩
    exact xs
  · intro xs
    use xs; left; exact xs

",,True,-1,"theorem t4 : s ∩ (s ∪ t) = s := by
  ext x; rw [← s Auxiliary named `x_s`, ← s x]
  exact ⟨fun ⟨xs, h⟩ ↦ h, fun h ↦ ⟨h, _, h⟩⟩
","💥️unexpected token '`'; expected ']'

💥️unknown identifier 'Auxiliary'",False,60,MIL.C04_Sets_and_Functions.solutions.Solutions_S01_Sets,Qwen-7B-short,LENGTH,best_of_n,False,0,-1.0,CH04.t4,False
-1,False,8,"theorem t4 : s ∩ (s ∪ t) = s := by
  ext x; constructor
  · rintro ⟨xs, _⟩
    exact xs
  · intro xs
    use xs; left; exact xs

",,True,-1,"theorem t4 : s ∩ (s ∪ t) = s := by
  rw [← tableaux, t_and_left, t_and_right, t_iff_and]
  simp
","💥️unknown identifier 'tableaux'

💥️tactic 'rewrite' failed, equality or iff proof expected
  ?m.888
α : Type u_1
s t : Set α
⊢ s ∩ (s ∪ t) = s",False,60,MIL.C04_Sets_and_Functions.solutions.Solutions_S01_Sets,Qwen-7B-short,LENGTH,best_of_n,False,0,-1.0,CH04.t4,False
-1,False,8,"theorem t4 : s ∩ (s ∪ t) = s := by
  ext x; constructor
  · rintro ⟨xs, _⟩
    exact xs
  · intro xs
    use xs; left; exact xs

",,True,-1,"theorem t4 : s ∩ (s ∪ t) = s := by
  ext x
  exact ⟨fun ⟨xs, _⟩ => xs, fun xs => ⟨xs, left => exact xs⟩
","💥️unexpected token '=>'; expected '⟩'

💥️unknown identifier 'left'",False,60,MIL.C04_Sets_and_Functions.solutions.Solutions_S01_Sets,Qwen-7B-short,LENGTH,best_of_n,False,0,-1.0,CH04.t4,False
-1,False,8,"theorem t4 : s ∩ (s ∪ t) = s := by
  ext x; constructor
  · rintro ⟨xs, _⟩
    exact xs
  · intro xs
    use xs; left; exact xs

",,True,7,"theorem t4 : s ∩ (s ∪ t) = s := by
  ext x; constructor
  · exact fun ⟨xs, _⟩ ↦ xs
  · intro xs
    use xs; left; exact xs
",,True,60,MIL.C04_Sets_and_Functions.solutions.Solutions_S01_Sets,Qwen-7B-short,LENGTH,best_of_n,False,0,0.125,CH04.t4,False
-1,False,8,"theorem t4 : s ∩ (s ∪ t) = s := by
  ext x; constructor
  · rintro ⟨xs, _⟩
    exact xs
  · intro xs
    use xs; left; exact xs

",,True,-1,"theorem t4 : s ∩ (s ∪ t) = s := by
  ext x; constructor
  · rintro ⟨xs, _⟩
    exact xs
  · intro xs
    refine ⟨xs, leftAssociative_symm ⟨Or.inl ·⟩⟩
",💥️unknown identifier 'leftAssociative_symm',False,60,MIL.C04_Sets_and_Functions.solutions.Solutions_S01_Sets,Qwen-7B-short,LENGTH,best_of_n,False,0,-1.0,CH04.t4,False
-1,False,8,"theorem t4 : s ∩ (s ∪ t) = s := by
  ext x; constructor
  · rintro ⟨xs, _⟩
    exact xs
  · intro xs
    use xs; left; exact xs

",,True,8,"theorem t4 : s ∩ (s ∪ t) = s := by
  ext x; constructor
  · rintro ⟨xs, _⟩
    exact xs
  · intro xs
    use xs; left; exact xs
",,True,60,MIL.C04_Sets_and_Functions.solutions.Solutions_S01_Sets,Qwen-7B-short,LENGTH,best_of_n,False,0,0.0,CH04.t4,False
-1,False,8,"theorem t4 : s ∩ (s ∪ t) = s := by
  ext x; constructor
  · rintro ⟨xs, _⟩
    exact xs
  · intro xs
    use xs; left; exact xs

",,True,-1,"theorem t4 : s ∩ (s ∪ t) = s := by
  ext; simp [t4, s] <;> aesop (add simp t)
","💥️invalid argument, variable is not a proposition or let-declaration

💥️fail to show termination for
  CH04.t4
with errors
failed to infer structural recursion:
Not considering parameter α of CH04.t4:
  it is unchanged in the recursive calls
Not considering parameter s of CH04.t4:
  it is unchanged in the recursive calls
Not considering parameter t of CH04.t4:
  it is unchanged in the recursive calls
no parameters suitable for structural recursion

well-founded recursion cannot be used, 'CH04.t4' does not take any (non-fixed) arguments",False,60,MIL.C04_Sets_and_Functions.solutions.Solutions_S01_Sets,Qwen-7B-short,LENGTH,best_of_n,False,0,-1.0,CH04.t4,False
-1,False,8,"theorem t4 : s ∩ (s ∪ t) = s := by
  ext x; constructor
  · rintro ⟨xs, _⟩
    exact xs
  · intro xs
    use xs; left; exact xs

",,True,-1,"theorem t4 : s ∩ (s ∪ t) = s := by
  ext
  simp_rw [← s] * t = s ∪ t → s ∩ t = ∅ → s = ∅ → rfl
","💥️invalid argument, variable is not a proposition or let-declaration

💥️simp made no progress",False,60,MIL.C04_Sets_and_Functions.solutions.Solutions_S01_Sets,Qwen-7B-short,LENGTH,best_of_n,False,0,-1.0,CH04.t4,False
-1,False,8,"theorem t4 : s ∩ (s ∪ t) = s := by
  ext x; constructor
  · rintro ⟨xs, _⟩
    exact xs
  · intro xs
    use xs; left; exact xs

",,True,1,"theorem t4 : s ∩ (s ∪ t) = s := by
  simpa using t4₁, t4₂, t4₃, t4₄, t4₅
",,True,60,MIL.C04_Sets_and_Functions.solutions.Solutions_S01_Sets,Qwen-7B-short,LENGTH,best_of_n,False,0,0.875,CH04.t4,False
-1,False,8,"theorem t4 : s ∩ (s ∪ t) = s := by
  ext x; constructor
  · rintro ⟨xs, _⟩
    exact xs
  · intro xs
    use xs; left; exact xs

",,True,-1,"theorem t4 : s ∩ (s ∪ t) = s := by
  ext x; constructor
  · intro ⟨xs, -⟩
    exact xs
  · intro xs
    use xs; left; exact xs


","💥️unexpected token '⟩'; expected term

💥️invalid pattern

💥️unsolved goals
case h.mpr
α : Type u_1
s t : Set α
x : α
⊢ x ∈ s → x ∈ s ∩ (s ∪ t)",False,60,MIL.C04_Sets_and_Functions.solutions.Solutions_S01_Sets,Qwen-7B-short,LENGTH,best_of_n,False,0,-1.0,CH04.t4,False
-1,False,8,"theorem t4 : s ∩ (s ∪ t) = s := by
  ext x; constructor
  · rintro ⟨xs, _⟩
    exact xs
  · intro xs
    use xs; left; exact xs

",,True,8,"theorem t4 : s ∩ (s ∪ t) = s := by
  ext x
  constructor
  · rintro ⟨xs, _⟩
    exact xs
  · intro xs
    use xs; left; exact xs
",,True,60,MIL.C04_Sets_and_Functions.solutions.Solutions_S01_Sets,Qwen-7B-short,LENGTH,best_of_n,False,0,0.0,CH04.t4,False
-1,False,8,"theorem t4 : s ∩ (s ∪ t) = s := by
  ext x; constructor
  · rintro ⟨xs, _⟩
    exact xs
  · intro xs
    use xs; left; exact xs

",,True,2,"theorem t4 : s ∩ (s ∪ t) = s := by
  ext x; aesop
",,True,60,MIL.C04_Sets_and_Functions.solutions.Solutions_S01_Sets,Qwen-7B-short,LENGTH,best_of_n,False,0,0.75,CH04.t4,False
-1,False,8,"theorem t4 : s ∩ (s ∪ t) = s := by
  ext x; constructor
  · rintro ⟨xs, _⟩
    exact xs
  · intro xs
    use xs; left; exact xs

",,True,-1,"theorem t4 : s ∩ (s ∪ t) = s := by
  simp [ext_iff, tauto]
","💥️unknown identifier 'ext_iff'

💥️unknown identifier 'tauto'",False,60,MIL.C04_Sets_and_Functions.solutions.Solutions_S01_Sets,Qwen-7B-short,LENGTH,best_of_n,False,0,-1.0,CH04.t4,False
-1,False,8,"theorem t4 : s ∩ (s ∪ t) = s := by
  ext x; constructor
  · rintro ⟨xs, _⟩
    exact xs
  · intro xs
    use xs; left; exact xs

",,True,-1,"theorem t4 : s ∩ (s ∪ t) = s := by
  ext x
  exact ⟨fun ⟨xs, _⟩ =>xs, fun xs => ⟨xs, left => xs⟩⟩
","💥️unexpected token '=>'; expected '⟩'

💥️unknown identifier 'left'",False,60,MIL.C04_Sets_and_Functions.solutions.Solutions_S01_Sets,Qwen-7B-short,LENGTH,best_of_n,False,0,-1.0,CH04.t4,False
-1,False,8,"theorem t4 : s ∩ (s ∪ t) = s := by
  ext x; constructor
  · rintro ⟨xs, _⟩
    exact xs
  · intro xs
    use xs; left; exact xs

",,True,8,"theorem t4 : s ∩ (s ∪ t) = s := by
  ext x; constructor
  · rintro ⟨xs, _⟩
    exact xs
  · intro xs
    use xs; left; exact xs


",,True,60,MIL.C04_Sets_and_Functions.solutions.Solutions_S01_Sets,Qwen-7B-short,LENGTH,best_of_n,False,0,0.0,CH04.t4,False
-1,False,8,"theorem t4 : s ∩ (s ∪ t) = s := by
  ext x; constructor
  · rintro ⟨xs, _⟩
    exact xs
  · intro xs
    use xs; left; exact xs

",,True,-1,"theorem t4 : s ∩ (s ∪ t) = s := by
  ext x; constructor
  · rintro ⟨xs, _⟩
    exact xs
  · intro xs
    exact ⟨xs, left, exact xs⟩
","💥️invalid constructor ⟨...⟩, expected type must be an inductive type with only one constructor 
  x ∈ s ∨ x ∈ t",False,60,MIL.C04_Sets_and_Functions.solutions.Solutions_S01_Sets,Qwen-7B-short,LENGTH,best_of_n,False,0,-1.0,CH04.t4,False
-1,False,8,"theorem t4 : s ∩ (s ∪ t) = s := by
  ext x; constructor
  · rintro ⟨xs, _⟩
    exact xs
  · intro xs
    use xs; left; exact xs

",,True,8,"theorem t4 : s ∩ (s ∪ t) = s := by
  ext x
  constructor
  · rintro ⟨xs, _⟩
    exact xs
  · intro xs
    use xs; left; exact xs


",,True,60,MIL.C04_Sets_and_Functions.solutions.Solutions_S01_Sets,Qwen-7B-short,LENGTH,best_of_n,False,0,0.0,CH04.t4,False
-1,False,8,"theorem t4 : s ∩ (s ∪ t) = s := by
  ext x; constructor
  · rintro ⟨xs, _⟩
    exact xs
  · intro xs
    use xs; left; exact xs

",,True,8,"theorem t4 : s ∩ (s ∪ t) = s := by
  ext x
  constructor
  · rintro ⟨xs, _⟩
    exact xs
  · intro xs
    use xs; left; exact xs


",,True,60,MIL.C04_Sets_and_Functions.solutions.Solutions_S01_Sets,Qwen-7B-short,LENGTH,best_of_n,False,0,0.0,CH04.t4,False
-1,False,8,"theorem t4 : s ∩ (s ∪ t) = s := by
  ext x; constructor
  · rintro ⟨xs, _⟩
    exact xs
  · intro xs
    use xs; left; exact xs

",,True,-1,"theorem t4 : s ∩ (s ∪ t) = s := by
  ext x
  exact ⟨fun ⟨xs, _⟩ => xs, fun xs => ⟨xs, left, exact xs⟩⟩
","💥️invalid constructor ⟨...⟩, expected type must be an inductive type with only one constructor 
  x ∈ s ∨ x ∈ t",False,60,MIL.C04_Sets_and_Functions.solutions.Solutions_S01_Sets,Qwen-7B-short,LENGTH,best_of_n,False,0,-1.0,CH04.t4,False
-1,False,8,"theorem t4 : s ∩ (s ∪ t) = s := by
  ext x; constructor
  · rintro ⟨xs, _⟩
    exact xs
  · intro xs
    use xs; left; exact xs

",,True,-1,"theorem t4 : s ∩ (s ∪ t) = s := fun x hx ↦ ⟨$t4' _ $_ord_le_of_not_ge_iff fun _ _ ↦ ⟨.inl rfl⟩


",💥️unexpected end of input; expected '⟩',False,60,MIL.C04_Sets_and_Functions.solutions.Solutions_S01_Sets,Qwen-7B-short,LENGTH,best_of_n,False,0,-1.0,CH04.t4,False
-1,False,8,"theorem t4 : s ∩ (s ∪ t) = s := by
  ext x; constructor
  · rintro ⟨xs, _⟩
    exact xs
  · intro xs
    use xs; left; exact xs

",,True,8,"theorem t4 : s ∩ (s ∪ t) = s := by
  ext x; constructor
  · rintro ⟨xs, _⟩
    exact xs
  · intro xs
    use xs; left; exact xs


",,True,60,MIL.C04_Sets_and_Functions.solutions.Solutions_S01_Sets,Qwen-7B-short,LENGTH,best_of_n,False,0,0.0,CH04.t4,False
-1,False,8,"theorem t4 : s ∩ (s ∪ t) = s := by
  ext x; constructor
  · rintro ⟨xs, _⟩
    exact xs
  · intro xs
    use xs; left; exact xs

",,True,-1,"theorem t4 : s ∩ (s ∪ t) = s := by
  ext x; aesop (add simp sUnionRoots)
",💥️unknown identifier 'sUnionRoots',False,60,MIL.C04_Sets_and_Functions.solutions.Solutions_S01_Sets,Qwen-7B-short,LENGTH,best_of_n,False,0,-1.0,CH04.t4,False
-1,False,8,"theorem t4 : s ∩ (s ∪ t) = s := by
  ext x; constructor
  · rintro ⟨xs, _⟩
    exact xs
  · intro xs
    use xs; left; exact xs

",,True,8,"theorem t4 : s ∩ (s ∪ t) = s := by
  ext x; constructor
  · rintro ⟨xs, _⟩
    exact xs
  · intro xs
    use xs; left; exact xs
",,True,60,MIL.C04_Sets_and_Functions.solutions.Solutions_S01_Sets,Qwen-7B-short,LENGTH,best_of_n,False,0,0.0,CH04.t4,False
-1,False,8,"theorem t4 : s ∩ (s ∪ t) = s := by
  ext x; constructor
  · rintro ⟨xs, _⟩
    exact xs
  · intro xs
    use xs; left; exact xs

",,True,-1,"theorem t4 : s ∩ (s ∪ t) = s := by
  ext
  exact ⟨fun _ _ ↦ rfl, fun _ _ ↦ ⟨⟩⟩
","💥️application type mismatch
  Iff.intro fun x x_1 => rfl
argument
  fun x x_1 => rfl
has type
  ∀ (x : x✝ ∈ s ∩ (s ∪ t)) (x_1 : ?m.930 x), ?m.932 x x_1 = ?m.932 x x_1 : Prop
but is expected to have type
  x✝ ∈ s ∩ (s ∪ t) → x✝ ∈ s : Prop

💥️invalid constructor ⟨...⟩, expected type must be an inductive type 
  ?m.1360 x✝¹ x✝",False,60,MIL.C04_Sets_and_Functions.solutions.Solutions_S01_Sets,Qwen-7B-short,LENGTH,best_of_n,False,0,-1.0,CH04.t4,False
-1,False,8,"theorem t4 : s ∩ (s ∪ t) = s := by
  ext x; constructor
  · rintro ⟨xs, _⟩
    exact xs
  · intro xs
    use xs; left; exact xs

",,True,-1,"theorem t4 : s ∩ (s ∪ t) = s := by
  ext x; rw [← tsub_eq_union, tsub_eq_union, tsub_eq_left, tsub_eq_left]
  simp
","💥️unknown identifier 'tsub_eq_union'

💥️tactic 'rewrite' failed, equality or iff proof expected
  ?m.914
case h
α : Type u_1
s t : Set α
x : α
⊢ x ∈ s ∩ (s ∪ t) ↔ x ∈ s",False,60,MIL.C04_Sets_and_Functions.solutions.Solutions_S01_Sets,Qwen-7B-short,LENGTH,best_of_n,False,0,-1.0,CH04.t4,False
-1,False,8,"theorem t4 : s ∩ (s ∪ t) = s := by
  ext x; constructor
  · rintro ⟨xs, _⟩
    exact xs
  · intro xs
    use xs; left; exact xs

",,True,-1,"theorem t4 : s ∩ (s ∪ t) = s := by
  rw [← t3, t3.subset_left Equiv.refl _]
","💥️invalid field notation, type is not of the form (C ...) where C is a constant
  t3
has type
  ∀ (s t : Set ?m.905), s ∩ t = t ∩ s

💥️tactic 'rewrite' failed, equality or iff proof expected
  ?m.907
α : Type u_1
s t : Set α
⊢ (s ∪ t) ∩ s = s",False,60,MIL.C04_Sets_and_Functions.solutions.Solutions_S01_Sets,Qwen-7B-short,LENGTH,best_of_n,False,0,-1.0,CH04.t4,False
-1,False,8,"theorem t4 : s ∩ (s ∪ t) = s := by
  ext x; constructor
  · rintro ⟨xs, _⟩
    exact xs
  · intro xs
    use xs; left; exact xs

",,True,-1,"theorem t4 : s ∩ (s ∪ t) = s := by
  ext a
  triviality
","💥️unknown tactic

💥️unsolved goals
case h
α : Type u_1
s t : Set α
a : α
⊢ a ∈ s ∩ (s ∪ t) ↔ a ∈ s",False,60,MIL.C04_Sets_and_Functions.solutions.Solutions_S01_Sets,Qwen-7B-short,LENGTH,best_of_n,False,0,-1.0,CH04.t4,False
-1,False,8,"theorem t4 : s ∩ (s ∪ t) = s := by
  ext x; constructor
  · rintro ⟨xs, _⟩
    exact xs
  · intro xs
    use xs; left; exact xs

",,True,-1,"theorem t4 : s ∩ (s ∪ t) = s := by
  ext x
  exact ⟨fun ⟨xs, _⟩ => xs, fun xs => ⟨xs, left xs⟩⟩
",💥️unknown identifier 'left',False,60,MIL.C04_Sets_and_Functions.solutions.Solutions_S01_Sets,Qwen-7B-short,LENGTH,best_of_n,False,0,-1.0,CH04.t4,False
-1,False,8,"theorem t4 : s ∩ (s ∪ t) = s := by
  ext x; constructor
  · rintro ⟨xs, _⟩
    exact xs
  · intro xs
    use xs; left; exact xs

",,True,-1,"theorem t4 : s ∩ (s ∪ t) = s := by
  ext x
  exact ⟨fun ⟨xs, _⟩ => xs, fun xs => ⟨xs, left: exact xs⟩⟩
","💥️unexpected token ':'; expected '⟩'

💥️unknown identifier 'left'",False,60,MIL.C04_Sets_and_Functions.solutions.Solutions_S01_Sets,Qwen-7B-short,LENGTH,best_of_n,False,0,-1.0,CH04.t4,False
-1,False,8,"theorem t4 : s ∩ (s ∪ t) = s := by
  ext x; constructor
  · rintro ⟨xs, _⟩
    exact xs
  · intro xs
    use xs; left; exact xs

",,True,-1,"theorem t4 : s ∩ (s ∪ t) = s := by
  ext x
  exact ⟨fun ⟨xs, _⟩ => xs, fun xs => ⟨xs, left, exact xs⟩⟩
","💥️invalid constructor ⟨...⟩, expected type must be an inductive type with only one constructor 
  x ∈ s ∨ x ∈ t",False,60,MIL.C04_Sets_and_Functions.solutions.Solutions_S01_Sets,Qwen-7B-short,LENGTH,best_of_n,False,0,-1.0,CH04.t4,False
-1,False,8,"theorem t4 : s ∩ (s ∪ t) = s := by
  ext x; constructor
  · rintro ⟨xs, _⟩
    exact xs
  · intro xs
    use xs; left; exact xs

",,True,-1,"theorem t4 : s ∩ (s ∪ t) = s := by
  rw [subset_antisymm]
  · exact subset_univ
  · exact subset_disch := intros; assumption
","💥️tactic 'rewrite' failed, pattern is a metavariable
  ?m.891
from equation
  ?m.891 = ?m.892
α : Type u_1
s t : Set α
⊢ s ∩ (s ∪ t) = s",False,60,MIL.C04_Sets_and_Functions.solutions.Solutions_S01_Sets,Qwen-7B-short,LENGTH,best_of_n,False,0,-1.0,CH04.t4,False
-1,False,8,"theorem t4 : s ∩ (s ∪ t) = s := by
  ext x; constructor
  · rintro ⟨xs, _⟩
    exact xs
  · intro xs
    use xs; left; exact xs

",,True,-1,"theorem t4 : s ∩ (s ∪ t) = s := by
  ext x
  constructor
  · rintro ⟨xs, _⟩
    exact xs
  · intro xs
    exact ⟨xs, left_mem_sUnion, xs⟩
","💥️invalid constructor ⟨...⟩, expected type must be an inductive type with only one constructor 
  x ∈ s ∨ x ∈ t",False,60,MIL.C04_Sets_and_Functions.solutions.Solutions_S01_Sets,Qwen-7B-short,LENGTH,best_of_n,False,0,-1.0,CH04.t4,False
-1,False,8,"theorem t4 : s ∩ (s ∪ t) = s := by
  ext x; constructor
  · rintro ⟨xs, _⟩
    exact xs
  · intro xs
    use xs; left; exact xs

",,True,2,"theorem t4 : s ∩ (s ∪ t) = s := by
  ext x; aesop
",,True,60,MIL.C04_Sets_and_Functions.solutions.Solutions_S01_Sets,Qwen-7B-short,LENGTH,best_of_n,False,0,0.75,CH04.t4,False
-1,False,8,"theorem t4 : s ∩ (s ∪ t) = s := by
  ext x; constructor
  · rintro ⟨xs, _⟩
    exact xs
  · intro xs
    use xs; left; exact xs

",,True,-1,"theorem t4 : s ∩ (s ∪ t) = s := by
  ext x; simp [t4]
","💥️fail to show termination for
  CH04.t4
with errors
failed to infer structural recursion:
Not considering parameter α of CH04.t4:
  it is unchanged in the recursive calls
Not considering parameter s of CH04.t4:
  it is unchanged in the recursive calls
Not considering parameter t of CH04.t4:
  it is unchanged in the recursive calls
no parameters suitable for structural recursion

well-founded recursion cannot be used, 'CH04.t4' does not take any (non-fixed) arguments",False,60,MIL.C04_Sets_and_Functions.solutions.Solutions_S01_Sets,Qwen-7B-short,LENGTH,best_of_n,False,0,-1.0,CH04.t4,False
-1,False,8,"theorem t4 : s ∩ (s ∪ t) = s := by
  ext x; constructor
  · rintro ⟨xs, _⟩
    exact xs
  · intro xs
    use xs; left; exact xs

",,True,-1,"theorem t4 : s ∩ (s ∪ t) = s := by
  ext x
  exact ⟨fun ⟨xs, _⟩ => xs, fun xs => ⟨xs; left; exact xs⟩⟩
","💥️unexpected token ';'; expected '⟩'

💥️invalid constructor ⟨...⟩, insufficient number of arguments, constructs 'And.intro' has #2 explicit fields, but only #1 provided",False,60,MIL.C04_Sets_and_Functions.solutions.Solutions_S01_Sets,Qwen-7B-short,LENGTH,best_of_n,False,0,-1.0,CH04.t4,False
-1,False,8,"theorem t4 : s ∩ (s ∪ t) = s := by
  ext x; constructor
  · rintro ⟨xs, _⟩
    exact xs
  · intro xs
    use xs; left; exact xs

",,True,-1,"theorem t4 : s ∩ (s ∪ t) = s ⊕ t := by
  tauto
","💥️application type mismatch
  Sum (s ∩ (s ∪ t) = s)
argument
  s ∩ (s ∪ t) = s
has type
  Prop : Type
but is expected to have type
  Type ?u.840 : Type (?u.840 + 1)

💥️tauto failed to solve some goals.


💥️unsolved goals
α : Type u_1
t : Set α
⊢ sorry ⊕ ↑t",False,60,MIL.C04_Sets_and_Functions.solutions.Solutions_S01_Sets,Qwen-7B-short,LENGTH,best_of_n,False,0,-1.0,CH04.t4,False
-1,False,8,"theorem t4 : s ∩ (s ∪ t) = s := by
  ext x; constructor
  · rintro ⟨xs, _⟩
    exact xs
  · intro xs
    use xs; left; exact xs

",,True,-1,"theorem t4 : s ∩ (s ∪ t) = s :=
  Set.coe_inf_le (fun _ ↦ Set.mk_le *
  (fun _ _ ↦ Set.forall_update_iff fun k ds h => hs <| not_or_right k)
  (fun _ _ ↦ Set.forall) hauto
","💥️unexpected end of input; expected ')', ',' or ':'",False,60,MIL.C04_Sets_and_Functions.solutions.Solutions_S01_Sets,Qwen-7B-short,LENGTH,best_of_n,False,0,-1.0,CH04.t4,False
-1,False,8,"theorem t4 : s ∩ (s ∪ t) = s := by
  ext x; constructor
  · rintro ⟨xs, _⟩
    exact xs
  · intro xs
    use xs; left; exact xs

",,True,2,"theorem t4 : s ∩ (s ∪ t) = s := by
  ext x; aesop
",,True,60,MIL.C04_Sets_and_Functions.solutions.Solutions_S01_Sets,Qwen-7B-short,LENGTH,best_of_n,False,0,0.75,CH04.t4,False
-1,False,8,"theorem t4 : s ∩ (s ∪ t) = s := by
  ext x; constructor
  · rintro ⟨xs, _⟩
    exact xs
  · intro xs
    use xs; left; exact xs

",,True,8,"theorem t4 : s ∩ (s ∪ t) = s := by
  ext x; constructor
  · rintro ⟨xs, _⟩
    exact xs
  · intro xs
    use xs; left; exact xs


",,True,60,MIL.C04_Sets_and_Functions.solutions.Solutions_S01_Sets,Qwen-7B-short,LENGTH,best_of_n,False,0,0.0,CH04.t4,False
-1,False,8,"theorem t4 : s ∩ (s ∪ t) = s := by
  ext x; constructor
  · rintro ⟨xs, _⟩
    exact xs
  · intro xs
    use xs; left; exact xs

",,True,-1,"theorem t4 : s ∩ (s ∪ t) = s := by
  ext x
  exact ⟨fun _ => by aesop (add simp s, simp t), fun _ => by aesop (add simp s, simp t)⟩
","💥️invalid argument, variable is not a proposition or let-declaration

💥️invalid argument, variable is not a proposition or let-declaration",False,60,MIL.C04_Sets_and_Functions.solutions.Solutions_S01_Sets,Qwen-7B-short,LENGTH,best_of_n,False,0,-1.0,CH04.t4,False
-1,False,8,"theorem t4 : s ∩ (s ∪ t) = s := by
  ext x; constructor
  · rintro ⟨xs, _⟩
    exact xs
  · intro xs
    use xs; left; exact xs

",,True,2,"theorem t4 : s ∩ (s ∪ t) = s := by
  ext
  aesop
",,True,60,MIL.C04_Sets_and_Functions.solutions.Solutions_S01_Sets,Qwen-7B-short,LENGTH,best_of_n,False,0,0.75,CH04.t4,False
-1,False,8,"theorem t5 : s ∪ s ∩ t = s := by
  ext x; constructor
  · rintro (xs | ⟨xs, xt⟩) <;> exact xs
  · intro xs; left; exact xs

",,True,-1,"theorem t5 : s ∪ s ∩ t = s := by
  simp [t5]
","💥️fail to show termination for
  CH04.t5
with errors
failed to infer structural recursion:
Not considering parameter α of CH04.t5:
  it is unchanged in the recursive calls
Not considering parameter s of CH04.t5:
  it is unchanged in the recursive calls
Not considering parameter t of CH04.t5:
  it is unchanged in the recursive calls
no parameters suitable for structural recursion

well-founded recursion cannot be used, 'CH04.t5' does not take any (non-fixed) arguments",False,60,MIL.C04_Sets_and_Functions.solutions.Solutions_S01_Sets,Qwen-7B-short,LENGTH,best_of_n,False,0,-1.0,CH04.t5,False
-1,False,8,"theorem t5 : s ∪ s ∩ t = s := by
  ext x; constructor
  · rintro (xs | ⟨xs, xt⟩) <;> exact xs
  · intro xs; left; exact xs

",,True,-1,"theorem t5 : s ∪ s ∩ t = s := by
  ext #align tauto-2024-10-05
  simp [fun _ => tauto]
","💥️unsolved goals
case h
α : Type u_1
s t : Set α
x✝ : α
⊢ x✝ ∈ s ∪ s ∩ t ↔ x✝ ∈ s",False,60,MIL.C04_Sets_and_Functions.solutions.Solutions_S01_Sets,Qwen-7B-short,LENGTH,best_of_n,False,0,-1.0,CH04.t5,False
-1,False,8,"theorem t5 : s ∪ s ∩ t = s := by
  ext x; constructor
  · rintro (xs | ⟨xs, xt⟩) <;> exact xs
  · intro xs; left; exact xs

",,True,-1,"theorem t5 : s ∪ s ∩ t = s :=
  Finsregi.ext (fun _ => by aesop) <;> aesop
",💥️unknown identifier 'Finsregi.ext',False,60,MIL.C04_Sets_and_Functions.solutions.Solutions_S01_Sets,Qwen-7B-short,LENGTH,best_of_n,False,0,-1.0,CH04.t5,False
-1,False,8,"theorem t5 : s ∪ s ∩ t = s := by
  ext x; constructor
  · rintro (xs | ⟨xs, xt⟩) <;> exact xs
  · intro xs; left; exact xs

",,True,-1,"theorem t5 : s ∪ s ∩ t = s := by
  ext x
  exact ⟨fun (xs | ⟨xs, xt⟩) => xs, fun xs => left <| xs⟩
","💥️unexpected token '|'; expected ')', ',' or ':'

💥️invalid constructor ⟨...⟩, insufficient number of arguments, constructs 'Iff.intro' has #2 explicit fields, but only #1 provided",False,60,MIL.C04_Sets_and_Functions.solutions.Solutions_S01_Sets,Qwen-7B-short,LENGTH,best_of_n,False,0,-1.0,CH04.t5,False
-1,False,8,"theorem t5 : s ∪ s ∩ t = s := by
  ext x; constructor
  · rintro (xs | ⟨xs, xt⟩) <;> exact xs
  · intro xs; left; exact xs

",,True,-1,"theorem t5 : s ∪ s ∩ t = s :=
  upperBounds_t5 s ⟨none, by tauto⟩
",💥️unknown identifier 'upperBounds_t5',False,60,MIL.C04_Sets_and_Functions.solutions.Solutions_S01_Sets,Qwen-7B-short,LENGTH,best_of_n,False,0,-1.0,CH04.t5,False
-1,False,8,"theorem t5 : s ∪ s ∩ t = s := by
  ext x; constructor
  · rintro (xs | ⟨xs, xt⟩) <;> exact xs
  · intro xs; left; exact xs

",,True,8,"theorem t5 : s ∪ s ∩ t = s := by
  ext x; constructor
  · rintro (xs | ⟨xs, xt⟩) <;> exact xs
  · intro xs; left; exact xs


",,True,60,MIL.C04_Sets_and_Functions.solutions.Solutions_S01_Sets,Qwen-7B-short,LENGTH,best_of_n,False,0,0.0,CH04.t5,False
-1,False,8,"theorem t5 : s ∪ s ∩ t = s := by
  ext x; constructor
  · rintro (xs | ⟨xs, xt⟩) <;> exact xs
  · intro xs; left; exact xs

",,True,-1,"theorem t5 : s ∪ s ∩ t = s := by
  simp [t5]
","💥️fail to show termination for
  CH04.t5
with errors
failed to infer structural recursion:
Not considering parameter α of CH04.t5:
  it is unchanged in the recursive calls
Not considering parameter s of CH04.t5:
  it is unchanged in the recursive calls
Not considering parameter t of CH04.t5:
  it is unchanged in the recursive calls
no parameters suitable for structural recursion

well-founded recursion cannot be used, 'CH04.t5' does not take any (non-fixed) arguments",False,60,MIL.C04_Sets_and_Functions.solutions.Solutions_S01_Sets,Qwen-7B-short,LENGTH,best_of_n,False,0,-1.0,CH04.t5,False
-1,False,8,"theorem t5 : s ∪ s ∩ t = s := by
  ext x; constructor
  · rintro (xs | ⟨xs, xt⟩) <;> exact xs
  · intro xs; left; exact xs

",,True,8,"theorem t5 : s ∪ s ∩ t = s := by
  ext x
  constructor
  · rintro (xs | ⟨xs, xt⟩) <;> exact xs
  · intro xs; left; exact xs


",,True,60,MIL.C04_Sets_and_Functions.solutions.Solutions_S01_Sets,Qwen-7B-short,LENGTH,best_of_n,False,0,0.0,CH04.t5,False
-1,False,8,"theorem t5 : s ∪ s ∩ t = s := by
  ext x; constructor
  · rintro (xs | ⟨xs, xt⟩) <;> exact xs
  · intro xs; left; exact xs

",,True,-1,"theorem t5 : s ∪ s ∩ t = s :=
  union_with_compl_interior_compl t s

",💥️unknown identifier 'union_with_compl_interior_compl',False,60,MIL.C04_Sets_and_Functions.solutions.Solutions_S01_Sets,Qwen-7B-short,LENGTH,best_of_n,False,0,-1.0,CH04.t5,False
-1,False,8,"theorem t5 : s ∪ s ∩ t = s := by
  ext x; constructor
  · rintro (xs | ⟨xs, xt⟩) <;> exact xs
  · intro xs; left; exact xs

",,True,8,"theorem t5 : s ∪ s ∩ t = s := by
  ext x; constructor
  · rintro (xs | ⟨xs, xt⟩) <;> exact xs
  · rintro xs; left; exact xs


",,True,60,MIL.C04_Sets_and_Functions.solutions.Solutions_S01_Sets,Qwen-7B-short,LENGTH,best_of_n,False,0,0.0,CH04.t5,False
-1,False,8,"theorem t5 : s ∪ s ∩ t = s := by
  ext x; constructor
  · rintro (xs | ⟨xs, xt⟩) <;> exact xs
  · intro xs; left; exact xs

",,True,-1,"theorem t5 : s ∪ s ∩ t = s :=
  rfl
","💥️type mismatch
  rfl
has type
  ?m.1050 = ?m.1050 : Prop
but is expected to have type
  s ∪ s ∩ t = s : Prop",False,60,MIL.C04_Sets_and_Functions.solutions.Solutions_S01_Sets,Qwen-7B-short,LENGTH,best_of_n,False,0,-1.0,CH04.t5,False
-1,False,8,"theorem t5 : s ∪ s ∩ t = s := by
  ext x; constructor
  · rintro (xs | ⟨xs, xt⟩) <;> exact xs
  · intro xs; left; exact xs

",,True,8,"theorem t5 : s ∪ s ∩ t = s := by
  ext x; constructor
  · rintro (xs | ⟨xs, xt⟩) <;> exact xs
  · intro xs; left; exact xs
",,True,60,MIL.C04_Sets_and_Functions.solutions.Solutions_S01_Sets,Qwen-7B-short,LENGTH,best_of_n,False,0,0.0,CH04.t5,False
-1,False,8,"theorem t5 : s ∪ s ∩ t = s := by
  ext x; constructor
  · rintro (xs | ⟨xs, xt⟩) <;> exact xs
  · intro xs; left; exact xs

",,True,8,"theorem t5 : s ∪ s ∩ t = s := by
  ext x
  constructor
  · rintro (xs | ⟨xs, xt⟩) <;> exact xs
  · intro xs; left; exact xs


",,True,60,MIL.C04_Sets_and_Functions.solutions.Solutions_S01_Sets,Qwen-7B-short,LENGTH,best_of_n,False,0,0.0,CH04.t5,False
-1,False,8,"theorem t5 : s ∪ s ∩ t = s := by
  ext x; constructor
  · rintro (xs | ⟨xs, xt⟩) <;> exact xs
  · intro xs; left; exact xs

",,True,-1,"theorem t5 : s ∪ s ∩ t = s :=
  t5 <| by ext; aesop
","💥️function expected at
  t5
term has type
  s ∪ s ∩ t = s",False,60,MIL.C04_Sets_and_Functions.solutions.Solutions_S01_Sets,Qwen-7B-short,LENGTH,best_of_n,False,0,-1.0,CH04.t5,False
-1,False,8,"theorem t5 : s ∪ s ∩ t = s := by
  ext x; constructor
  · rintro (xs | ⟨xs, xt⟩) <;> exact xs
  · intro xs; left; exact xs

",,True,2,"theorem t5 : s ∪ s ∩ t = s := by
  ext x; aesop
",,True,60,MIL.C04_Sets_and_Functions.solutions.Solutions_S01_Sets,Qwen-7B-short,LENGTH,best_of_n,False,0,0.75,CH04.t5,False
-1,False,8,"theorem t5 : s ∪ s ∩ t = s := by
  ext x; constructor
  · rintro (xs | ⟨xs, xt⟩) <;> exact xs
  · intro xs; left; exact xs

",,True,8,"theorem t5 : s ∪ s ∩ t = s := by
  ext x; constructor
  · rintro (xs | ⟨xs, xt⟩) <;> exact xs
  · intro xs; left; exact xs
",,True,60,MIL.C04_Sets_and_Functions.solutions.Solutions_S01_Sets,Qwen-7B-short,LENGTH,best_of_n,False,0,0.0,CH04.t5,False
-1,False,8,"theorem t5 : s ∪ s ∩ t = s := by
  ext x; constructor
  · rintro (xs | ⟨xs, xt⟩) <;> exact xs
  · intro xs; left; exact xs

",,True,2,"theorem t5 : s ∪ s ∩ t = s := by
  ext x; aesop
",,True,60,MIL.C04_Sets_and_Functions.solutions.Solutions_S01_Sets,Qwen-7B-short,LENGTH,best_of_n,False,0,0.75,CH04.t5,False
-1,False,8,"theorem t5 : s ∪ s ∩ t = s := by
  ext x; constructor
  · rintro (xs | ⟨xs, xt⟩) <;> exact xs
  · intro xs; left; exact xs

",,True,2,"theorem t5 : s ∪ s ∩ t = s := by
  ext s
  aesop
",,True,60,MIL.C04_Sets_and_Functions.solutions.Solutions_S01_Sets,Qwen-7B-short,LENGTH,best_of_n,False,0,0.75,CH04.t5,False
-1,False,8,"theorem t5 : s ∪ s ∩ t = s := by
  ext x; constructor
  · rintro (xs | ⟨xs, xt⟩) <;> exact xs
  · intro xs; left; exact xs

",,True,-1,"theorem t5 : s ∪ s ∩ t = s := by
  ext x; intro xs; left; exact xs
","💥️tactic 'introN' failed, insufficient number of binders
case h
α : Type u_1
s t : Set α
x : α
⊢ x ∈ s ∪ s ∩ t ↔ x ∈ s",False,60,MIL.C04_Sets_and_Functions.solutions.Solutions_S01_Sets,Qwen-7B-short,LENGTH,best_of_n,False,0,-1.0,CH04.t5,False
-1,False,8,"theorem t5 : s ∪ s ∩ t = s := by
  ext x; constructor
  · rintro (xs | ⟨xs, xt⟩) <;> exact xs
  · intro xs; left; exact xs

",,True,8,"theorem t5 : s ∪ s ∩ t = s := by
  ext x; constructor
  · rintro (xs | ⟨xs, xt⟩) <;> exact xs
  · intro xs; left; exact xs
",,True,60,MIL.C04_Sets_and_Functions.solutions.Solutions_S01_Sets,Qwen-7B-short,LENGTH,best_of_n,False,0,0.0,CH04.t5,False
-1,False,8,"theorem t5 : s ∪ s ∩ t = s := by
  ext x; constructor
  · rintro (xs | ⟨xs, xt⟩) <;> exact xs
  · intro xs; left; exact xs

",,True,-1,"theorem t5 : s ∪ s ∩ t = s := by
  ext x
  exact ⟨fun (xs | ⟨xs, xt⟩) => xs, fun xs => left; exact xs⟩
","💥️unexpected token '|'; expected ')', ',' or ':'

💥️invalid constructor ⟨...⟩, insufficient number of arguments, constructs 'Iff.intro' has #2 explicit fields, but only #1 provided",False,60,MIL.C04_Sets_and_Functions.solutions.Solutions_S01_Sets,Qwen-7B-short,LENGTH,best_of_n,False,0,-1.0,CH04.t5,False
-1,False,8,"theorem t5 : s ∪ s ∩ t = s := by
  ext x; constructor
  · rintro (xs | ⟨xs, xt⟩) <;> exact xs
  · intro xs; left; exact xs

",,True,-1,"theorem t5 : s ∪ s ∩ t = s :=
  le_iff.2 fun _ ↦ by aesop
",💥️unknown identifier 'le_iff',False,60,MIL.C04_Sets_and_Functions.solutions.Solutions_S01_Sets,Qwen-7B-short,LENGTH,best_of_n,False,0,-1.0,CH04.t5,False
-1,False,8,"theorem t5 : s ∪ s ∩ t = s := by
  ext x; constructor
  · rintro (xs | ⟨xs, xt⟩) <;> exact xs
  · intro xs; left; exact xs

",,True,8,"theorem t5 : s ∪ s ∩ t = s := by
  ext x; constructor
  · rintro (xs | ⟨xs, xt⟩) <;> exact xs
  · intro xs; left; exact xs


",,True,60,MIL.C04_Sets_and_Functions.solutions.Solutions_S01_Sets,Qwen-7B-short,LENGTH,best_of_n,False,0,0.0,CH04.t5,False
-1,False,8,"theorem t5 : s ∪ s ∩ t = s := by
  ext x; constructor
  · rintro (xs | ⟨xs, xt⟩) <;> exact xs
  · intro xs; left; exact xs

",,True,8,"theorem t5 : s ∪ s ∩ t = s := by
  ext x; constructor
  · rintro (xs | ⟨xs, xt⟩) <;> exact xs
  · intro xs; left; exact xs
",,True,60,MIL.C04_Sets_and_Functions.solutions.Solutions_S01_Sets,Qwen-7B-short,LENGTH,best_of_n,False,0,0.0,CH04.t5,False
-1,False,8,"theorem t5 : s ∪ s ∩ t = s := by
  ext x; constructor
  · rintro (xs | ⟨xs, xt⟩) <;> exact xs
  · intro xs; left; exact xs

",,True,-1,"theorem t5 : s ∪ s ∩ t = s :=
  (finite_toSet t).symm.restrictArg s
",💥️unknown identifier 'finite_toSet',False,60,MIL.C04_Sets_and_Functions.solutions.Solutions_S01_Sets,Qwen-7B-short,LENGTH,best_of_n,False,0,-1.0,CH04.t5,False
-1,False,8,"theorem t5 : s ∪ s ∩ t = s := by
  ext x; constructor
  · rintro (xs | ⟨xs, xt⟩) <;> exact xs
  · intro xs; left; exact xs

",,True,8,"theorem t5 : s ∪ s ∩ t = s := by
  ext x
  constructor
  · rintro (xs | ⟨xs, xt⟩) <;> exact xs
  · intro xs; left; exact xs


",,True,60,MIL.C04_Sets_and_Functions.solutions.Solutions_S01_Sets,Qwen-7B-short,LENGTH,best_of_n,False,0,0.0,CH04.t5,False
-1,False,8,"theorem t5 : s ∪ s ∩ t = s := by
  ext x; constructor
  · rintro (xs | ⟨xs, xt⟩) <;> exact xs
  · intro xs; left; exact xs

",,True,8,"theorem t5 : s ∪ s ∩ t = s := by
  ext x; constructor
  · rintro (xs | ⟨xs, xt⟩) <;> exact xs
  · intro xs; left; exact xs


",,True,60,MIL.C04_Sets_and_Functions.solutions.Solutions_S01_Sets,Qwen-7B-short,LENGTH,best_of_n,False,0,0.0,CH04.t5,False
-1,False,8,"theorem t5 : s ∪ s ∩ t = s := by
  ext x; constructor
  · rintro (xs | ⟨xs, xt⟩) <;> exact xs
  · intro xs; left; exact xs

",,True,8,"theorem t5 : s ∪ s ∩ t = s := by
  ext x; constructor
  · rintro (xs | ⟨xs, xt⟩) <;> exact xs
  · intro xs; left; exact xs
",,True,60,MIL.C04_Sets_and_Functions.solutions.Solutions_S01_Sets,Qwen-7B-short,LENGTH,best_of_n,False,0,0.0,CH04.t5,False
-1,False,8,"theorem t5 : s ∪ s ∩ t = s := by
  ext x; constructor
  · rintro (xs | ⟨xs, xt⟩) <;> exact xs
  · intro xs; left; exact xs

",,True,2,"theorem t5 : s ∪ s ∩ t = s := by
  ext
  aesop
",,True,60,MIL.C04_Sets_and_Functions.solutions.Solutions_S01_Sets,Qwen-7B-short,LENGTH,best_of_n,False,0,0.75,CH04.t5,False
-1,False,8,"theorem t5 : s ∪ s ∩ t = s := by
  ext x; constructor
  · rintro (xs | ⟨xs, xt⟩) <;> exact xs
  · intro xs; left; exact xs

",,True,-1,"theorem t5 : s ∪ s ∩ t = s := by
  ext x; aesop (add simp [Union_def, Intersection_def])
",💥️unknown identifier 'Union_def',False,60,MIL.C04_Sets_and_Functions.solutions.Solutions_S01_Sets,Qwen-7B-short,LENGTH,best_of_n,False,0,-1.0,CH04.t5,False
-1,False,8,"theorem t5 : s ∪ s ∩ t = s := by
  ext x; constructor
  · rintro (xs | ⟨xs, xt⟩) <;> exact xs
  · intro xs; left; exact xs

",,True,-1,"theorem t5 : s ∪ s ∩ t = s := by
  rw [← sUnion_range, sUnion_zero, sUnion_subset, subset_def, sUnion_range_zero, union_self] <;> rintro _ ⟨x, hx, to⟩
  exact ⟨to, toUnion_range, toUnion_finsetEq, Finset.mem_range, toUnion_subset, toUnion_symm⟩
",💥️unexpected token 'to'; expected rcasesPat,False,60,MIL.C04_Sets_and_Functions.solutions.Solutions_S01_Sets,Qwen-7B-short,LENGTH,best_of_n,False,0,-1.0,CH04.t5,False
-1,False,8,"theorem t5 : s ∪ s ∩ t = s := by
  ext x; constructor
  · rintro (xs | ⟨xs, xt⟩) <;> exact xs
  · intro xs; left; exact xs

",,True,8,"theorem t5 : s ∪ s ∩ t = s := by
  ext x; constructor
  · rintro (xs | ⟨xs, xt⟩) <;> exact xs
  · intro xs; left; exact xs


",,True,60,MIL.C04_Sets_and_Functions.solutions.Solutions_S01_Sets,Qwen-7B-short,LENGTH,best_of_n,False,0,0.0,CH04.t5,False
-1,False,8,"theorem t5 : s ∪ s ∩ t = s := by
  ext x; constructor
  · rintro (xs | ⟨xs, xt⟩) <;> exact xs
  · intro xs; left; exact xs

",,True,8,"theorem t5 : s ∪ s ∩ t = s := by
  ext x; constructor
  · rintro (xs | ⟨xs, xt⟩) <;> exact xs
  · intro xs; left; exact xs
",,True,60,MIL.C04_Sets_and_Functions.solutions.Solutions_S01_Sets,Qwen-7B-short,LENGTH,best_of_n,False,0,0.0,CH04.t5,False
-1,False,8,"theorem t5 : s ∪ s ∩ t = s := by
  ext x; constructor
  · rintro (xs | ⟨xs, xt⟩) <;> exact xs
  · intro xs; left; exact xs

",,True,8,"theorem t5 : s ∪ s ∩ t = s := by
  ext x; constructor
  · rintro (xs | ⟨xs, xt⟩) <;> exact xs
  · intro xs; left; exact xs

",,True,60,MIL.C04_Sets_and_Functions.solutions.Solutions_S01_Sets,Qwen-7B-short,LENGTH,best_of_n,False,0,0.0,CH04.t5,False
-1,False,8,"theorem t5 : s ∪ s ∩ t = s := by
  ext x; constructor
  · rintro (xs | ⟨xs, xt⟩) <;> exact xs
  · intro xs; left; exact xs

",,True,8,"theorem t5 : s ∪ s ∩ t = s := by
  ext x; constructor
  · rintro (xs | ⟨xs, xt⟩) <;> exact xs
  · intro xs; left; exact xs
",,True,60,MIL.C04_Sets_and_Functions.solutions.Solutions_S01_Sets,Qwen-7B-short,LENGTH,best_of_n,False,0,0.0,CH04.t5,False
-1,False,8,"theorem t5 : s ∪ s ∩ t = s := by
  ext x; constructor
  · rintro (xs | ⟨xs, xt⟩) <;> exact xs
  · intro xs; left; exact xs

",,True,2,"theorem t5 : s ∪ s ∩ t = s := by
  ext x; aesop
",,True,60,MIL.C04_Sets_and_Functions.solutions.Solutions_S01_Sets,Qwen-7B-short,LENGTH,best_of_n,False,0,0.75,CH04.t5,False
-1,False,8,"theorem t5 : s ∪ s ∩ t = s := by
  ext x; constructor
  · rintro (xs | ⟨xs, xt⟩) <;> exact xs
  · intro xs; left; exact xs

",,True,-1,"theorem t5 : s ∪ s ∩ t = s := by
  ext s
  simp { t }
","💥️unsolved goals
case h
α : Type u_1
s✝ t : Set α
s : α
⊢ s ∈ s✝ → s ∈ t → s ∈ s✝",False,60,MIL.C04_Sets_and_Functions.solutions.Solutions_S01_Sets,Qwen-7B-short,LENGTH,best_of_n,False,0,-1.0,CH04.t5,False
-1,False,8,"theorem t5 : s ∪ s ∩ t = s := by
  ext x; constructor
  · rintro (xs | ⟨xs, xt⟩) <;> exact xs
  · intro xs; left; exact xs

",,True,-1,"theorem t5 : s ∪ s ∩ t = s := by
  simp_rw [← See, ← AlgebraUnion_image_union_eq_sUnion, image_union_eq_sUnion, AlgebraUnion_sUnion]
","💥️unknown identifier 'See'

💥️simp made no progress",False,60,MIL.C04_Sets_and_Functions.solutions.Solutions_S01_Sets,Qwen-7B-short,LENGTH,best_of_n,False,0,-1.0,CH04.t5,False
-1,False,8,"theorem t5 : s ∪ s ∩ t = s := by
  ext x; constructor
  · rintro (xs | ⟨xs, xt⟩) <;> exact xs
  · intro xs; left; exact xs

",,True,8,"theorem t5 : s ∪ s ∩ t = s := by
  ext x; constructor
  · rintro (xs | ⟨xs, xt⟩) <;> exact xs
  · intro xs; left; exact xs


",,True,60,MIL.C04_Sets_and_Functions.solutions.Solutions_S01_Sets,Qwen-7B-short,LENGTH,best_of_n,False,0,0.0,CH04.t5,False
-1,False,8,"theorem t5 : s ∪ s ∩ t = s := by
  ext x; constructor
  · rintro (xs | ⟨xs, xt⟩) <;> exact xs
  · intro xs; left; exact xs

",,True,8,"theorem t5 : s ∪ s ∩ t = s := by
  ext x; constructor
  · rintro (xs | ⟨xs, xt⟩) <;> exact xs
  · intro xs; left; exact xs
",,True,60,MIL.C04_Sets_and_Functions.solutions.Solutions_S01_Sets,Qwen-7B-short,LENGTH,best_of_n,False,0,0.0,CH04.t5,False
-1,False,8,"theorem t5 : s ∪ s ∩ t = s := by
  ext x; constructor
  · rintro (xs | ⟨xs, xt⟩) <;> exact xs
  · intro xs; left; exact xs

",,True,8,"theorem t5 : s ∪ s ∩ t = s := by
  ext x; constructor
  · rintro (xs | ⟨xs, xt⟩) <;> exact xs
  · intro xs; left; exact xs

",,True,60,MIL.C04_Sets_and_Functions.solutions.Solutions_S01_Sets,Qwen-7B-short,LENGTH,best_of_n,False,0,0.0,CH04.t5,False
-1,False,8,"theorem t5 : s ∪ s ∩ t = s := by
  ext x; constructor
  · rintro (xs | ⟨xs, xt⟩) <;> exact xs
  · intro xs; left; exact xs

",,True,-1,"theorem t5 : s ∪ s ∩ t = s :=
  t5 <| by ext; simp [left]
","💥️function expected at
  t5
term has type
  s ∪ s ∩ t = s",False,60,MIL.C04_Sets_and_Functions.solutions.Solutions_S01_Sets,Qwen-7B-short,LENGTH,best_of_n,False,0,-1.0,CH04.t5,False
-1,False,8,"theorem t5 : s ∪ s ∩ t = s := by
  ext x; constructor
  · rintro (xs | ⟨xs, xt⟩) <;> exact xs
  · intro xs; left; exact xs

",,True,-1,"theorem t5 : s ∪ s ∩ t = s := by
  ext x; aesop (add simp t5)
","💥️fail to show termination for
  CH04.t5
with errors
failed to infer structural recursion:
Not considering parameter α of CH04.t5:
  it is unchanged in the recursive calls
Not considering parameter s of CH04.t5:
  it is unchanged in the recursive calls
Not considering parameter t of CH04.t5:
  it is unchanged in the recursive calls
no parameters suitable for structural recursion

well-founded recursion cannot be used, 'CH04.t5' does not take any (non-fixed) arguments",False,60,MIL.C04_Sets_and_Functions.solutions.Solutions_S01_Sets,Qwen-7B-short,LENGTH,best_of_n,False,0,-1.0,CH04.t5,False
-1,False,8,"theorem t5 : s ∪ s ∩ t = s := by
  ext x; constructor
  · rintro (xs | ⟨xs, xt⟩) <;> exact xs
  · intro xs; left; exact xs

",,True,-1,"theorem t5 : s ∪ s ∩ t = s := by
  ext x; constructor xs x (fun _ => Or.inl rfl)
","💥️unsolved goals
case h.mp
α : Type u_1
s t : Set α
x : α
⊢ x ∈ s ∪ s ∩ t → x ∈ s

case h.mpr
α : Type u_1
s t : Set α
x : α
⊢ x ∈ s → x ∈ s ∪ s ∩ t",False,60,MIL.C04_Sets_and_Functions.solutions.Solutions_S01_Sets,Qwen-7B-short,LENGTH,best_of_n,False,0,-1.0,CH04.t5,False
-1,False,8,"theorem t5 : s ∪ s ∩ t = s := by
  ext x; constructor
  · rintro (xs | ⟨xs, xt⟩) <;> exact xs
  · intro xs; left; exact xs

",,True,-1,"theorem t5 : s ∪ s ∩ t = s := by
  rw [uniform_choose_iff s, uniform_choose_iff s]
  constructor <;> intro <;> rfl
","💥️unknown identifier 'uniform_choose_iff'

💥️tactic 'rewrite' failed, equality or iff proof expected
  ?m.1050
α : Type u_1
s t : Set α
⊢ s ∪ s ∩ t = s",False,60,MIL.C04_Sets_and_Functions.solutions.Solutions_S01_Sets,Qwen-7B-short,LENGTH,best_of_n,False,0,-1.0,CH04.t5,False
-1,False,8,"theorem t5 : s ∪ s ∩ t = s := by
  ext x; constructor
  · rintro (xs | ⟨xs, xt⟩) <;> exact xs
  · intro xs; left; exact xs

",,True,8,"theorem t5 : s ∪ s ∩ t = s := by
  ext x; constructor
  · rintro (xs | ⟨xs, xt⟩) <;> exact xs
  · intro xs; left; exact xs

",,True,60,MIL.C04_Sets_and_Functions.solutions.Solutions_S01_Sets,Qwen-7B-short,LENGTH,best_of_n,False,0,0.0,CH04.t5,False
-1,False,8,"theorem t5 : s ∪ s ∩ t = s := by
  ext x; constructor
  · rintro (xs | ⟨xs, xt⟩) <;> exact xs
  · intro xs; left; exact xs

",,True,8,"theorem t5 : s ∪ s ∩ t = s := by
  ext x; constructor
  · rintro (xs | ⟨xs, xt⟩) <;> exact xs
  · intro xs; left; exact xs


",,True,60,MIL.C04_Sets_and_Functions.solutions.Solutions_S01_Sets,Qwen-7B-short,LENGTH,best_of_n,False,0,0.0,CH04.t5,False
-1,False,8,"theorem t5 : s ∪ s ∩ t = s := by
  ext x; constructor
  · rintro (xs | ⟨xs, xt⟩) <;> exact xs
  · intro xs; left; exact xs

",,True,8,"theorem t5 : s ∪ s ∩ t = s := by
  ext x; constructor
  · rintro (xs | ⟨xs, xt⟩) <;> exact xs
  · intro xs; left; exact xs


",,True,60,MIL.C04_Sets_and_Functions.solutions.Solutions_S01_Sets,Qwen-7B-short,LENGTH,best_of_n,False,0,0.0,CH04.t5,False
-1,False,8,"theorem t5 : s ∪ s ∩ t = s := by
  ext x; constructor
  · rintro (xs | ⟨xs, xt⟩) <;> exact xs
  · intro xs; left; exact xs

",,True,2,"theorem t5 : s ∪ s ∩ t = s := by
  ext s
  aesop
",,True,60,MIL.C04_Sets_and_Functions.solutions.Solutions_S01_Sets,Qwen-7B-short,LENGTH,best_of_n,False,0,0.75,CH04.t5,False
-1,False,8,"theorem t5 : s ∪ s ∩ t = s := by
  ext x; constructor
  · rintro (xs | ⟨xs, xt⟩) <;> exact xs
  · intro xs; left; exact xs

",,True,8,"theorem t5 : s ∪ s ∩ t = s := by
  ext x
  constructor
  · rintro (xs | ⟨xs, xt⟩) <;> exact xs
  · intro xs; left; exact xs


",,True,60,MIL.C04_Sets_and_Functions.solutions.Solutions_S01_Sets,Qwen-7B-short,LENGTH,best_of_n,False,0,0.0,CH04.t5,False
-1,False,8,"theorem t5 : s ∪ s ∩ t = s := by
  ext x; constructor
  · rintro (xs | ⟨xs, xt⟩) <;> exact xs
  · intro xs; left; exact xs

",,True,-1,"theorem t5 : s ∪ s ∩ t = s := by
  rw [← t5, t5_subset_left, t5_subset_right]
","💥️unknown identifier 't5_subset_left'

💥️tactic 'rewrite' failed, equality or iff proof expected
  ?m.1053
α : Type u_1
s t : Set α
⊢ s ∪ s ∩ t ∪ (s ∪ s ∩ t) ∩ t = s ∪ s ∩ t

💥️fail to show termination for
  CH04.t5
with errors
failed to infer structural recursion:
Not considering parameter α of CH04.t5:
  it is unchanged in the recursive calls
Not considering parameter s of CH04.t5:
  it is unchanged in the recursive calls
Not considering parameter t of CH04.t5:
  it is unchanged in the recursive calls
no parameters suitable for structural recursion

well-founded recursion cannot be used, 'CH04.t5' does not take any (non-fixed) arguments",False,60,MIL.C04_Sets_and_Functions.solutions.Solutions_S01_Sets,Qwen-7B-short,LENGTH,best_of_n,False,0,-1.0,CH04.t5,False
-1,False,8,"theorem t5 : s ∪ s ∩ t = s := by
  ext x; constructor
  · rintro (xs | ⟨xs, xt⟩) <;> exact xs
  · intro xs; left; exact xs

",,True,8,"theorem t5 : s ∪ s ∩ t = s := by
  ext x
  constructor
  · rintro (xs | ⟨xs, xt⟩) <;> exact xs
  · intro xs; left; exact xs


",,True,60,MIL.C04_Sets_and_Functions.solutions.Solutions_S01_Sets,Qwen-7B-short,LENGTH,best_of_n,False,0,0.0,CH04.t5,False
-1,False,8,"theorem t5 : s ∪ s ∩ t = s := by
  ext x; constructor
  · rintro (xs | ⟨xs, xt⟩) <;> exact xs
  · intro xs; left; exact xs

",,True,-1,"theorem t5 : s ∪ s ∩ t = s :=
  eq_of_forall_ge_iff fun _ ↦ by simp X

","💥️function expected at
  eq_of_forall_ge_iff fun x => ?m.1056
term has type
  ?m.1051 = ?m.1052

💥️simp made no progress",False,60,MIL.C04_Sets_and_Functions.solutions.Solutions_S01_Sets,Qwen-7B-short,LENGTH,best_of_n,False,0,-1.0,CH04.t5,False
-1,False,8,"theorem t5 : s ∪ s ∩ t = s := by
  ext x; constructor
  · rintro (xs | ⟨xs, xt⟩) <;> exact xs
  · intro xs; left; exact xs

",,True,-1,"theorem t5 : s ∪ s ∩ t = s :=
  t5 s s t
","💥️function expected at
  t5
term has type
  s ∪ s ∩ t = s",False,60,MIL.C04_Sets_and_Functions.solutions.Solutions_S01_Sets,Qwen-7B-short,LENGTH,best_of_n,False,0,-1.0,CH04.t5,False
-1,False,8,"theorem t5 : s ∪ s ∩ t = s := by
  ext x; constructor
  · rintro (xs | ⟨xs, xt⟩) <;> exact xs
  · intro xs; left; exact xs

",,True,8,"theorem t5 : s ∪ s ∩ t = s := by
  ext x; constructor
  · rintro (xs | ⟨xs, xt⟩) <;> exact xs
  · intro xs; left; exact xs


",,True,60,MIL.C04_Sets_and_Functions.solutions.Solutions_S01_Sets,Qwen-7B-short,LENGTH,best_of_n,False,0,0.0,CH04.t5,False
-1,False,8,"theorem t5 : s ∪ s ∩ t = s := by
  ext x; constructor
  · rintro (xs | ⟨xs, xt⟩) <;> exact xs
  · intro xs; left; exact xs

",,True,2,"theorem t5 : s ∪ s ∩ t = s := by
  ext x; aesop
",,True,60,MIL.C04_Sets_and_Functions.solutions.Solutions_S01_Sets,Qwen-7B-short,LENGTH,best_of_n,False,0,0.75,CH04.t5,False
-1,False,8,"theorem t5 : s ∪ s ∩ t = s := by
  ext x; constructor
  · rintro (xs | ⟨xs, xt⟩) <;> exact xs
  · intro xs; left; exact xs

",,True,-1,"theorem t5 : s ∪ s ∩ t = s := by
  ext x
  exact ⟨fun (xs | ⟨xs, xt⟩) => xs, fun xs => left; exact xs⟩
","💥️unexpected token '|'; expected ')', ',' or ':'

💥️invalid constructor ⟨...⟩, insufficient number of arguments, constructs 'Iff.intro' has #2 explicit fields, but only #1 provided",False,60,MIL.C04_Sets_and_Functions.solutions.Solutions_S01_Sets,Qwen-7B-short,LENGTH,best_of_n,False,0,-1.0,CH04.t5,False
-1,False,8,"theorem t5 : s ∪ s ∩ t = s := by
  ext x; constructor
  · rintro (xs | ⟨xs, xt⟩) <;> exact xs
  · intro xs; left; exact xs

",,True,-1,"theorem t5 : s ∪ s ∩ t = s := by
  ext x; constructor
  · rintro (xs | ⟨xs, xt⟩) exact xs
  · intro xs; left; exact xs


","💥️tactic 'introN' failed, insufficient number of binders
case h.mp.inl
α : Type u_1
s t : Set α
x : α
xs : x ∈ s
⊢ x ∈ s",False,60,MIL.C04_Sets_and_Functions.solutions.Solutions_S01_Sets,Qwen-7B-short,LENGTH,best_of_n,False,0,-1.0,CH04.t5,False
-1,False,8,"theorem t5 : s ∪ s ∩ t = s := by
  ext x; constructor
  · rintro (xs | ⟨xs, xt⟩) <;> exact xs
  · intro xs; left; exact xs

",,True,-1,"theorem t5 : s ∪ s ∩ t = s → t = s := by
  simpa [plement t] using t5.trans s ∪ s ∩ t = s
","💥️unknown identifier 'plement'

💥️invalid field notation, type is not of the form (C ...) where C is a constant
  t5
has type
  s ∪ s ∩ t = s → t = s",False,60,MIL.C04_Sets_and_Functions.solutions.Solutions_S01_Sets,Qwen-7B-short,LENGTH,best_of_n,False,0,-1.0,CH04.t5,False
-1,False,8,"theorem t5 : s ∪ s ∩ t = s := by
  ext x; constructor
  · rintro (xs | ⟨xs, xt⟩) <;> exact xs
  · intro xs; left; exact xs

",,True,-1,"theorem t5 : s ∪ s ∩ t = s := by
  rw [← s ∪ t, transUnion, union_sUnion, eq_comm, add_comm s_symm t_symm]
","💥️tactic 'rewrite' failed, equality or iff proof expected
  Prop
α : Type u_1
s t : Set α
⊢ s ∪ s ∩ t = s",False,60,MIL.C04_Sets_and_Functions.solutions.Solutions_S01_Sets,Qwen-7B-short,LENGTH,best_of_n,False,0,-1.0,CH04.t5,False
-1,False,16,"theorem t6 : s \ t ∪ t = s ∪ t := by
  ext x; constructor
  · rintro (⟨xs, nxt⟩ | xt)
    · left
      exact xs
    · right
      exact xt
  by_cases h : x ∈ t
  · intro
    right
    exact h
  rintro (xs | xt)
  · left
    use xs
  right; exact xt

",,True,16,"theorem t6 : s \ t ∪ t = s ∪ t := by
  ext x
  constructor
  · rintro (⟨xs, nxt⟩ | xt)
    · left
      exact xs
    · right
      exact xt
  by_cases h : x ∈ t
  · intro
    right
    exact h
  rintro (xs | xt)
  · left
    use xs
  right; exact xt


",,True,60,MIL.C04_Sets_and_Functions.solutions.Solutions_S01_Sets,Qwen-7B-short,LENGTH,best_of_n,False,0,0.0,CH04.t6,False
-1,False,16,"theorem t6 : s \ t ∪ t = s ∪ t := by
  ext x; constructor
  · rintro (⟨xs, nxt⟩ | xt)
    · left
      exact xs
    · right
      exact xt
  by_cases h : x ∈ t
  · intro
    right
    exact h
  rintro (xs | xt)
  · left
    use xs
  right; exact xt

",,True,-1,"theorem t6 : s \ t ∪ t = s ∪ t := by
  ext x; constructor
  · rintro (⟨xs, nxt⟩ | xt)
    · left
    exact xs
  by_cases h : x ∈ t
  · intro
    right
    exact h
  rintro (xs | xt)
  · left
    use xs
  right; exact xt


","💥️unsolved goals
case h.mp.inl.intro.h
α : Type u_1
s t : Set α
x : α
xs : x ∈ s
nxt : x ∉ t
⊢ x ∈ s

💥️unknown identifier 'xs'",False,60,MIL.C04_Sets_and_Functions.solutions.Solutions_S01_Sets,Qwen-7B-short,LENGTH,best_of_n,False,0,-1.0,CH04.t6,False
-1,False,16,"theorem t6 : s \ t ∪ t = s ∪ t := by
  ext x; constructor
  · rintro (⟨xs, nxt⟩ | xt)
    · left
      exact xs
    · right
      exact xt
  by_cases h : x ∈ t
  · intro
    right
    exact h
  rintro (xs | xt)
  · left
    use xs
  right; exact xt

",,True,-1,"theorem t6 : s \ t ∪ t = s ∪ t := by
  ext x; constructor
  · rintro (⟨xs, nxt⟩ | xt)
    · left
      exact xs
    · right
      exact xt
  by_cases h : x ∈ t
  · intro
    right
    exact h
  exact ⟨fun _ ↦ h, fun _ ↦ fun h' ↦ h.symm h'.mp fun _ _ ↦ rfl⟩
","💥️invalid constructor ⟨...⟩, expected type must be an inductive type 
  x ∈ s ∪ t → x ∈ s \ t ∪ t",False,60,MIL.C04_Sets_and_Functions.solutions.Solutions_S01_Sets,Qwen-7B-short,LENGTH,best_of_n,False,0,-1.0,CH04.t6,False
-1,False,16,"theorem t6 : s \ t ∪ t = s ∪ t := by
  ext x; constructor
  · rintro (⟨xs, nxt⟩ | xt)
    · left
      exact xs
    · right
      exact xt
  by_cases h : x ∈ t
  · intro
    right
    exact h
  rintro (xs | xt)
  · left
    use xs
  right; exact xt

",,True,16,"theorem t6 : s \ t ∪ t = s ∪ t := by
  ext x
  constructor
  · rintro (⟨xs, nxt⟩ | xt)
    · left
      exact xs
    · right
      exact xt
  by_cases h : x ∈ t
  · intro
    right
    exact h
  rintro (xs | xt)
  · left
    use xs
  right; exact xt
",,True,60,MIL.C04_Sets_and_Functions.solutions.Solutions_S01_Sets,Qwen-7B-short,LENGTH,best_of_n,False,0,0.0,CH04.t6,False
-1,False,16,"theorem t6 : s \ t ∪ t = s ∪ t := by
  ext x; constructor
  · rintro (⟨xs, nxt⟩ | xt)
    · left
      exact xs
    · right
      exact xt
  by_cases h : x ∈ t
  · intro
    right
    exact h
  rintro (xs | xt)
  · left
    use xs
  right; exact xt

",,True,1,"theorem t6 : s \ t ∪ t = s ∪ t := by
  simpa using t6_subset_sUnion_t
",,True,60,MIL.C04_Sets_and_Functions.solutions.Solutions_S01_Sets,Qwen-7B-short,LENGTH,best_of_n,False,0,0.9375,CH04.t6,False
-1,False,16,"theorem t6 : s \ t ∪ t = s ∪ t := by
  ext x; constructor
  · rintro (⟨xs, nxt⟩ | xt)
    · left
      exact xs
    · right
      exact xt
  by_cases h : x ∈ t
  · intro
    right
    exact h
  rintro (xs | xt)
  · left
    use xs
  right; exact xt

",,True,-1,"theorem t6 : s \ t ∪ t = s ∪ t := by
  lift t to s using t_subset
  · ext t' in s
    exact ⟨fun h => h ▸ rfl, fun h => h ▸ rfl⟩
  · rintro (⟨xs, xt⟩ | h)
    · push_neg at h
      exact right _ h
    · exacts [left, right]
","💥️unexpected identifier; expected command

💥️failed to synthesize
  CanLift (Set α) ↑s ?m.1242 ?m.1243
Additional diagnostic information may be available using the `set_option diagnostics true` command.",False,60,MIL.C04_Sets_and_Functions.solutions.Solutions_S01_Sets,Qwen-7B-short,LENGTH,best_of_n,False,0,-1.0,CH04.t6,False
-1,False,16,"theorem t6 : s \ t ∪ t = s ∪ t := by
  ext x; constructor
  · rintro (⟨xs, nxt⟩ | xt)
    · left
      exact xs
    · right
      exact xt
  by_cases h : x ∈ t
  · intro
    right
    exact h
  rintro (xs | xt)
  · left
    use xs
  right; exact xt

",,True,-1,"theorem t6 : s \ t ∪ t = s ∪ t := by
  ext x
  aesop.
","💥️invalid field notation, identifier or numeral expected

💥️applyExtTheorem only applies to equations, not
  ?m.1223",False,60,MIL.C04_Sets_and_Functions.solutions.Solutions_S01_Sets,Qwen-7B-short,LENGTH,best_of_n,False,0,-1.0,CH04.t6,False
-1,False,16,"theorem t6 : s \ t ∪ t = s ∪ t := by
  ext x; constructor
  · rintro (⟨xs, nxt⟩ | xt)
    · left
      exact xs
    · right
      exact xt
  by_cases h : x ∈ t
  · intro
    right
    exact h
  rintro (xs | xt)
  · left
    use xs
  right; exact xt

",,True,-1,"theorem t6 : s \ t ∪ t = s ∪ t := by
  ext
  aesop (add simp t6)
","💥️fail to show termination for
  CH04.t6
with errors
failed to infer structural recursion:
Not considering parameter α of CH04.t6:
  it is unchanged in the recursive calls
Not considering parameter s of CH04.t6:
  it is unchanged in the recursive calls
Not considering parameter t of CH04.t6:
  it is unchanged in the recursive calls
no parameters suitable for structural recursion

well-founded recursion cannot be used, 'CH04.t6' does not take any (non-fixed) arguments",False,60,MIL.C04_Sets_and_Functions.solutions.Solutions_S01_Sets,Qwen-7B-short,LENGTH,best_of_n,False,0,-1.0,CH04.t6,False
-1,False,16,"theorem t6 : s \ t ∪ t = s ∪ t := by
  ext x; constructor
  · rintro (⟨xs, nxt⟩ | xt)
    · left
      exact xs
    · right
      exact xt
  by_cases h : x ∈ t
  · intro
    right
    exact h
  rintro (xs | xt)
  · left
    use xs
  right; exact xt

",,True,-1,"theorem t6 : s \ t ∪ t = s ∪ t := by
  ext x
  constructor
  · rintro (⟨xs, nxt⟩ | px t x)
    · exact ⟨xs, ne_left t x⟩
    · exact ⟨⟨ht⟩⟩
  · exact fun h ↦ t6 h
","💥️unexpected identifier; expected ')'

💥️unsolved goals
case h.mp.inl.intro
α : Type u_1
s t : Set α
x : α
xs : x ∈ s
nxt : x ∉ t
⊢ x ∈ s ∪ t

case h.mp.inr
α : Type u_1
s t : Set α
x : α
px : x ∈ t
⊢ x ∈ s ∪ t

💥️unsolved goals
case h.mpr
α : Type u_1
s t : Set α
x : α
⊢ x ∈ s ∪ t → x ∈ s \ t ∪ t",False,60,MIL.C04_Sets_and_Functions.solutions.Solutions_S01_Sets,Qwen-7B-short,LENGTH,best_of_n,False,0,-1.0,CH04.t6,False
-1,False,16,"theorem t6 : s \ t ∪ t = s ∪ t := by
  ext x; constructor
  · rintro (⟨xs, nxt⟩ | xt)
    · left
      exact xs
    · right
      exact xt
  by_cases h : x ∈ t
  · intro
    right
    exact h
  rintro (xs | xt)
  · left
    use xs
  right; exact xt

",,True,-1,"theorem t6 : s \ t ∪ t = s ∪ t :=
  t6symm ⋅ (Union.symm_self_union t s)
",💥️unknown identifier 't6symm',False,60,MIL.C04_Sets_and_Functions.solutions.Solutions_S01_Sets,Qwen-7B-short,LENGTH,best_of_n,False,0,-1.0,CH04.t6,False
-1,False,16,"theorem t6 : s \ t ∪ t = s ∪ t := by
  ext x; constructor
  · rintro (⟨xs, nxt⟩ | xt)
    · left
      exact xs
    · right
      exact xt
  by_cases h : x ∈ t
  · intro
    right
    exact h
  rintro (xs | xt)
  · left
    use xs
  right; exact xt

",,True,-1,"theorem t6 : s \ t ∪ t = s ∪ t ↔ t ⊆ s → s = (s \ t) + t := by
  simpa [t6, union_eq_iff] using tClosedIdeal.le (s \ t) t
","💥️failed to synthesize
  HAdd (Set α) (Set α) ?m.2044
Additional diagnostic information may be available using the `set_option diagnostics true` command.

💥️unknown identifier 'union_eq_iff'

💥️unknown identifier 'tClosedIdeal.le'",False,60,MIL.C04_Sets_and_Functions.solutions.Solutions_S01_Sets,Qwen-7B-short,LENGTH,best_of_n,False,0,-1.0,CH04.t6,False
-1,False,16,"theorem t6 : s \ t ∪ t = s ∪ t := by
  ext x; constructor
  · rintro (⟨xs, nxt⟩ | xt)
    · left
      exact xs
    · right
      exact xt
  by_cases h : x ∈ t
  · intro
    right
    exact h
  rintro (xs | xt)
  · left
    use xs
  right; exact xt

",,True,-1,"theorem t6 : s \ t ∪ t = s ∪ t := by
  ext x
  constructor
  · rintro (⟨xs, nxt⟩ | xt)
    · left
    exact xs
  by_cases h : x ∈ t
  · intro
    right
    exact h
  rintro (xs | xt)
  · left
    use xs
  right; exact xt


","💥️unsolved goals
case h.mp.inl.intro.h
α : Type u_1
s t : Set α
x : α
xs : x ∈ s
nxt : x ∉ t
⊢ x ∈ s

💥️unknown identifier 'xs'",False,60,MIL.C04_Sets_and_Functions.solutions.Solutions_S01_Sets,Qwen-7B-short,LENGTH,best_of_n,False,0,-1.0,CH04.t6,False
-1,False,16,"theorem t6 : s \ t ∪ t = s ∪ t := by
  ext x; constructor
  · rintro (⟨xs, nxt⟩ | xt)
    · left
      exact xs
    · right
      exact xt
  by_cases h : x ∈ t
  · intro
    right
    exact h
  rintro (xs | xt)
  · left
    use xs
  right; exact xt

",,True,-1,"theorem t6 : s \ t ∪ t = s ∪ t := by
  #align union_abs_compl s t

  rw [← compl_abs_union, compl_abs_not]
","💥️unexpected token '#'; expected '{' or tactic

💥️unsolved goals
α : Type u_1
s t : Set α
⊢ s \ t ∪ t = s ∪ t",False,60,MIL.C04_Sets_and_Functions.solutions.Solutions_S01_Sets,Qwen-7B-short,LENGTH,best_of_n,False,0,-1.0,CH04.t6,False
-1,False,16,"theorem t6 : s \ t ∪ t = s ∪ t := by
  ext x; constructor
  · rintro (⟨xs, nxt⟩ | xt)
    · left
      exact xs
    · right
      exact xt
  by_cases h : x ∈ t
  · intro
    right
    exact h
  rintro (xs | xt)
  · left
    use xs
  right; exact xt

",,True,2,"theorem t6 : s \ t ∪ t = s ∪ t := by
  ext x
  aesop
",,True,60,MIL.C04_Sets_and_Functions.solutions.Solutions_S01_Sets,Qwen-7B-short,LENGTH,best_of_n,False,0,0.875,CH04.t6,False
-1,False,16,"theorem t6 : s \ t ∪ t = s ∪ t := by
  ext x; constructor
  · rintro (⟨xs, nxt⟩ | xt)
    · left
      exact xs
    · right
      exact xt
  by_cases h : x ∈ t
  · intro
    right
    exact h
  rintro (xs | xt)
  · left
    use xs
  right; exact xt

",,True,-1,"theorem t6 : s \ t ∪ t = s ∪ t := by
  ext x; constructor
  · rintro (⟨xs, nxt⟩ | xt)
    · left
      exact xs
    · right
      exact xt
  rintro (xs | xt)
  · left
    use xs
  right; exact xt


","💥️unsolved goals
case right
α : Type u_1
s t : Set α
x : α
xs : x ∈ s
⊢ x ∉ t",False,60,MIL.C04_Sets_and_Functions.solutions.Solutions_S01_Sets,Qwen-7B-short,LENGTH,best_of_n,False,0,-1.0,CH04.t6,False
-1,False,16,"theorem t6 : s \ t ∪ t = s ∪ t := by
  ext x; constructor
  · rintro (⟨xs, nxt⟩ | xt)
    · left
      exact xs
    · right
      exact xt
  by_cases h : x ∈ t
  · intro
    right
    exact h
  rintro (xs | xt)
  · left
    use xs
  right; exact xt

",,True,-1,"theorem t6 : s \ t ∪ t = s ∪ t := by
  lift t to s using em (∃ x, x ∈ t) with
  | ⟨xs, xt⟩ => left x
  | h => right x
",💥️unexpected token '|'; expected identifier,False,60,MIL.C04_Sets_and_Functions.solutions.Solutions_S01_Sets,Qwen-7B-short,LENGTH,best_of_n,False,0,-1.0,CH04.t6,False
-1,False,16,"theorem t6 : s \ t ∪ t = s ∪ t := by
  ext x; constructor
  · rintro (⟨xs, nxt⟩ | xt)
    · left
      exact xs
    · right
      exact xt
  by_cases h : x ∈ t
  · intro
    right
    exact h
  rintro (xs | xt)
  · left
    use xs
  right; exact xt

",,True,-1,"theorem t6 : s \ t ∪ t = s ∪ t :=
  iUnion_union _ _ <| iUnion₂_subset_iff.2 fun _ H =>_left <| H.2 ⟨.iUnion_left, .iUnion_right⟩
","💥️function expected at
  iUnion_union ?m.1227 ?m.1228
term has type
  (⋃ i, ?m.1228 i) ∪ ?m.1227 = ⋃ i, ?m.1228 i ∪ ?m.1227",False,60,MIL.C04_Sets_and_Functions.solutions.Solutions_S01_Sets,Qwen-7B-short,LENGTH,best_of_n,False,0,-1.0,CH04.t6,False
-1,False,16,"theorem t6 : s \ t ∪ t = s ∪ t := by
  ext x; constructor
  · rintro (⟨xs, nxt⟩ | xt)
    · left
      exact xs
    · right
      exact xt
  by_cases h : x ∈ t
  · intro
    right
    exact h
  rintro (xs | xt)
  · left
    use xs
  right; exact xt

",,True,16,"theorem t6 : s \ t ∪ t = s ∪ t := by
  ext x; constructor
  · rintro (⟨xs, nxt⟩ | xt)
    · left
      exact xs
    · right
      exact xt
  by_cases h : x ∈ t
  · intro
    right
    exact h
  rintro (xs | xt)
  · left
    use xs
  right; exact xt


",,True,60,MIL.C04_Sets_and_Functions.solutions.Solutions_S01_Sets,Qwen-7B-short,LENGTH,best_of_n,False,0,0.0,CH04.t6,False
-1,False,16,"theorem t6 : s \ t ∪ t = s ∪ t := by
  ext x; constructor
  · rintro (⟨xs, nxt⟩ | xt)
    · left
      exact xs
    · right
      exact xt
  by_cases h : x ∈ t
  · intro
    right
    exact h
  rintro (xs | xt)
  · left
    use xs
  right; exact xt

",,True,1,"theorem t6 : s \ t ∪ t = s ∪ t := by
  simpa using t6_injective_range
",,True,60,MIL.C04_Sets_and_Functions.solutions.Solutions_S01_Sets,Qwen-7B-short,LENGTH,best_of_n,False,0,0.9375,CH04.t6,False
-1,False,16,"theorem t6 : s \ t ∪ t = s ∪ t := by
  ext x; constructor
  · rintro (⟨xs, nxt⟩ | xt)
    · left
      exact xs
    · right
      exact xt
  by_cases h : x ∈ t
  · intro
    right
    exact h
  rintro (xs | xt)
  · left
    use xs
  right; exact xt

",,True,16,"theorem t6 : s \ t ∪ t = s ∪ t := by
  ext x
  constructor
  · rintro (⟨xs, nxt⟩ | xt)
    · left
      exact xs
    · right
      exact xt
  by_cases h : x ∈ t
  · intro
    right
    exact h
  rintro (xs | xt)
  · left
    use xs
  right; exact xt


",,True,60,MIL.C04_Sets_and_Functions.solutions.Solutions_S01_Sets,Qwen-7B-short,LENGTH,best_of_n,False,0,0.0,CH04.t6,False
-1,False,16,"theorem t6 : s \ t ∪ t = s ∪ t := by
  ext x; constructor
  · rintro (⟨xs, nxt⟩ | xt)
    · left
      exact xs
    · right
      exact xt
  by_cases h : x ∈ t
  · intro
    right
    exact h
  rintro (xs | xt)
  · left
    use xs
  right; exact xt

",,True,-1,"theorem t6 : s \ t ∪ t = s ∪ t := by
  rw [← tUnion_sUnion, tUnion_sUnion, dsUnion_left, dsUnion_right]
","💥️unknown identifier 'tUnion_sUnion'

💥️tactic 'rewrite' failed, equality or iff proof expected
  ?m.1224
α : Type u_1
s t : Set α
⊢ s \ t ∪ t = s ∪ t",False,60,MIL.C04_Sets_and_Functions.solutions.Solutions_S01_Sets,Qwen-7B-short,LENGTH,best_of_n,False,0,-1.0,CH04.t6,False
-1,False,16,"theorem t6 : s \ t ∪ t = s ∪ t := by
  ext x; constructor
  · rintro (⟨xs, nxt⟩ | xt)
    · left
      exact xs
    · right
      exact xt
  by_cases h : x ∈ t
  · intro
    right
    exact h
  rintro (xs | xt)
  · left
    use xs
  right; exact xt

",,True,-1,"theorem t6 : s \ t ∪ t = s ∪ t := by
  rw [← t6, ext_iff]
  simp [Union.ext_iff, t6, not_and, and_congr_right_iff]
","💥️unknown identifier 'ext_iff'

💥️tactic 'rewrite' failed, equality or iff proof expected
  ?m.1231
α : Type u_1
s t : Set α
⊢ s \ t ∪ t = s \ t ∪ t

💥️fail to show termination for
  CH04.t6
with errors
failed to infer structural recursion:
Not considering parameter α of CH04.t6:
  it is unchanged in the recursive calls
Not considering parameter s of CH04.t6:
  it is unchanged in the recursive calls
Not considering parameter t of CH04.t6:
  it is unchanged in the recursive calls
no parameters suitable for structural recursion

well-founded recursion cannot be used, 'CH04.t6' does not take any (non-fixed) arguments",False,60,MIL.C04_Sets_and_Functions.solutions.Solutions_S01_Sets,Qwen-7B-short,LENGTH,best_of_n,False,0,-1.0,CH04.t6,False
-1,False,16,"theorem t6 : s \ t ∪ t = s ∪ t := by
  ext x; constructor
  · rintro (⟨xs, nxt⟩ | xt)
    · left
      exact xs
    · right
      exact xt
  by_cases h : x ∈ t
  · intro
    right
    exact h
  rintro (xs | xt)
  · left
    use xs
  right; exact xt

",,True,-1,"theorem t6 : s \ t ∪ t = s ∪ t :=
  (Set.restrict s t).antisymm <;> intro <;> exact fun _ hd ↦
    (Set.mem_p s t).of_mem (Set.mem (s \ t) fun x hx ↦ h x)
","💥️invalid field notation, type is not of the form (C ...) where C is a constant
  s.restrict t
has type
  ↑s → Prop",False,60,MIL.C04_Sets_and_Functions.solutions.Solutions_S01_Sets,Qwen-7B-short,LENGTH,best_of_n,False,0,-1.0,CH04.t6,False
-1,False,16,"theorem t6 : s \ t ∪ t = s ∪ t := by
  ext x; constructor
  · rintro (⟨xs, nxt⟩ | xt)
    · left
      exact xs
    · right
      exact xt
  by_cases h : x ∈ t
  · intro
    right
    exact h
  rintro (xs | xt)
  · left
    use xs
  right; exact xt

",,True,-1,"theorem t6 : s \ t ∪ t = s ∪ t := by
  rw [← s.adjoin_algebra t, adjoin_algebra]
  exact t6 <| s.restrict t

","💥️invalid field 'adjoin_algebra', the environment does not contain 'Set.adjoin_algebra'
  s
has type
  Set α

💥️invalid field notation, type is not of the form (C ...) where C is a constant
  s
has type
  α → Prop

💥️tactic 'rewrite' failed, equality or iff proof expected
  ?m.1224
α : Type u_1
s t : Set α
⊢ s \ t ∪ t = s ∪ t",False,60,MIL.C04_Sets_and_Functions.solutions.Solutions_S01_Sets,Qwen-7B-short,LENGTH,best_of_n,False,0,-1.0,CH04.t6,False
-1,False,16,"theorem t6 : s \ t ∪ t = s ∪ t := by
  ext x; constructor
  · rintro (⟨xs, nxt⟩ | xt)
    · left
      exact xs
    · right
      exact xt
  by_cases h : x ∈ t
  · intro
    right
    exact h
  rintro (xs | xt)
  · left
    use xs
  right; exact xt

",,True,-1,"theorem t6 : s \ t ∪ t = s ∪ t := by
  rw [tUnionSet_iff_iff]
  ext x
  cases t with hx
  · iff_left hx => left x
  · iff_right hx => right x
  · iff _ => exact fun h => right _ h


","💥️unknown tactic

💥️unknown identifier 'tUnionSet_iff_iff'",False,60,MIL.C04_Sets_and_Functions.solutions.Solutions_S01_Sets,Qwen-7B-short,LENGTH,best_of_n,False,0,-1.0,CH04.t6,False
-1,False,16,"theorem t6 : s \ t ∪ t = s ∪ t := by
  ext x; constructor
  · rintro (⟨xs, nxt⟩ | xt)
    · left
      exact xs
    · right
      exact xt
  by_cases h : x ∈ t
  · intro
    right
    exact h
  rintro (xs | xt)
  · left
    use xs
  right; exact xt

",,True,2,"theorem t6 : s \ t ∪ t = s ∪ t := by
  ext x; aesop
",,True,60,MIL.C04_Sets_and_Functions.solutions.Solutions_S01_Sets,Qwen-7B-short,LENGTH,best_of_n,False,0,0.875,CH04.t6,False
-1,False,16,"theorem t6 : s \ t ∪ t = s ∪ t := by
  ext x; constructor
  · rintro (⟨xs, nxt⟩ | xt)
    · left
      exact xs
    · right
      exact xt
  by_cases h : x ∈ t
  · intro
    right
    exact h
  rintro (xs | xt)
  · left
    use xs
  right; exact xt

",,True,2,"theorem t6 : s \ t ∪ t = s ∪ t := by
  ext x
  aesop
",,True,60,MIL.C04_Sets_and_Functions.solutions.Solutions_S01_Sets,Qwen-7B-short,LENGTH,best_of_n,False,0,0.875,CH04.t6,False
-1,False,16,"theorem t6 : s \ t ∪ t = s ∪ t := by
  ext x; constructor
  · rintro (⟨xs, nxt⟩ | xt)
    · left
      exact xs
    · right
      exact xt
  by_cases h : x ∈ t
  · intro
    right
    exact h
  rintro (xs | xt)
  · left
    use xs
  right; exact xt

",,True,2,"theorem t6 : s \ t ∪ t = s ∪ t := by
  ext x; aesop
",,True,60,MIL.C04_Sets_and_Functions.solutions.Solutions_S01_Sets,Qwen-7B-short,LENGTH,best_of_n,False,0,0.875,CH04.t6,False
-1,False,16,"theorem t6 : s \ t ∪ t = s ∪ t := by
  ext x; constructor
  · rintro (⟨xs, nxt⟩ | xt)
    · left
      exact xs
    · right
      exact xt
  by_cases h : x ∈ t
  · intro
    right
    exact h
  rintro (xs | xt)
  · left
    use xs
  right; exact xt

",,True,16,"theorem t6 : s \ t ∪ t = s ∪ t := by
  ext x
  constructor
  · rintro (⟨xs, nxt⟩ | xt)
    · left
      exact xs
    · right
      exact xt
  by_cases h : x ∈ t
  · intro
    right
    exact h
  rintro (xs | xt)
  · left
    use xs
  right; exact xt


",,True,60,MIL.C04_Sets_and_Functions.solutions.Solutions_S01_Sets,Qwen-7B-short,LENGTH,best_of_n,False,0,0.0,CH04.t6,False
-1,False,16,"theorem t6 : s \ t ∪ t = s ∪ t := by
  ext x; constructor
  · rintro (⟨xs, nxt⟩ | xt)
    · left
      exact xs
    · right
      exact xt
  by_cases h : x ∈ t
  · intro
    right
    exact h
  rintro (xs | xt)
  · left
    use xs
  right; exact xt

",,True,-1,"theorem t6 : s \ t ∪ t = s ∪ t :=
  mod_cast Set.ext_iff fun x <;> aesop
","💥️unexpected token '<;>'; expected '↦', '=>'",False,60,MIL.C04_Sets_and_Functions.solutions.Solutions_S01_Sets,Qwen-7B-short,LENGTH,best_of_n,False,0,-1.0,CH04.t6,False
-1,False,16,"theorem t6 : s \ t ∪ t = s ∪ t := by
  ext x; constructor
  · rintro (⟨xs, nxt⟩ | xt)
    · left
      exact xs
    · right
      exact xt
  by_cases h : x ∈ t
  · intro
    right
    exact h
  rintro (xs | xt)
  · left
    use xs
  right; exact xt

",,True,16,"theorem t6 : s \ t ∪ t = s ∪ t := by
  ext x
  constructor
  · rintro (⟨xs, nxt⟩ | xt)
    · left
      exact xs
    · right
      exact xt
  by_cases h : x ∈ t
  · intro
    right
    exact h
  rintro (xs | xt)
  · left
    exact ⟨xs, h⟩
  right; exact xt


",,True,60,MIL.C04_Sets_and_Functions.solutions.Solutions_S01_Sets,Qwen-7B-short,LENGTH,best_of_n,False,0,0.0,CH04.t6,False
-1,False,16,"theorem t6 : s \ t ∪ t = s ∪ t := by
  ext x; constructor
  · rintro (⟨xs, nxt⟩ | xt)
    · left
      exact xs
    · right
      exact xt
  by_cases h : x ∈ t
  · intro
    right
    exact h
  rintro (xs | xt)
  · left
    use xs
  right; exact xt

",,True,-1,"theorem t6 : s \ t ∪ t = s ∪ t := by
  rw [← sDisch t]
  aesop
","💥️unknown identifier 'sDisch'

💥️tactic 'rewrite' failed, equality or iff proof expected
  ?m.1224
α : Type u_1
s t : Set α
⊢ s \ t ∪ t = s ∪ t",False,60,MIL.C04_Sets_and_Functions.solutions.Solutions_S01_Sets,Qwen-7B-short,LENGTH,best_of_n,False,0,-1.0,CH04.t6,False
-1,False,16,"theorem t6 : s \ t ∪ t = s ∪ t := by
  ext x; constructor
  · rintro (⟨xs, nxt⟩ | xt)
    · left
      exact xs
    · right
      exact xt
  by_cases h : x ∈ t
  · intro
    right
    exact h
  rintro (xs | xt)
  · left
    use xs
  right; exact xt

",,True,2,"theorem t6 : s \ t ∪ t = s ∪ t := by
  ext x
  aesop
",,True,60,MIL.C04_Sets_and_Functions.solutions.Solutions_S01_Sets,Qwen-7B-short,LENGTH,best_of_n,False,0,0.875,CH04.t6,False
-1,False,16,"theorem t6 : s \ t ∪ t = s ∪ t := by
  ext x; constructor
  · rintro (⟨xs, nxt⟩ | xt)
    · left
      exact xs
    · right
      exact xt
  by_cases h : x ∈ t
  · intro
    right
    exact h
  rintro (xs | xt)
  · left
    use xs
  right; exact xt

",,True,-1,"theorem t6 : s \ t ∪ t = s ∪ t := by
  ext x; constructor
  · rintro (⟨xs, nxt⟩ | xt)
    · left
      exact xs
    · right
      exact xt
  by_cases h : x ∈ t
  · intro
    right
    exact h
  rintro (xs | xt)
  · left
    exact xs
  right; exact xt


","💥️type mismatch
  xs
has type
  x ∈ s : Prop
but is expected to have type
  x ∈ s \ t : Prop",False,60,MIL.C04_Sets_and_Functions.solutions.Solutions_S01_Sets,Qwen-7B-short,LENGTH,best_of_n,False,0,-1.0,CH04.t6,False
-1,False,16,"theorem t6 : s \ t ∪ t = s ∪ t := by
  ext x; constructor
  · rintro (⟨xs, nxt⟩ | xt)
    · left
      exact xs
    · right
      exact xt
  by_cases h : x ∈ t
  · intro
    right
    exact h
  rintro (xs | xt)
  · left
    use xs
  right; exact xt

",,True,2,"theorem t6 : s \ t ∪ t = s ∪ t := by
  ext x
  aesop
",,True,60,MIL.C04_Sets_and_Functions.solutions.Solutions_S01_Sets,Qwen-7B-short,LENGTH,best_of_n,False,0,0.875,CH04.t6,False
-1,False,16,"theorem t6 : s \ t ∪ t = s ∪ t := by
  ext x; constructor
  · rintro (⟨xs, nxt⟩ | xt)
    · left
      exact xs
    · right
      exact xt
  by_cases h : x ∈ t
  · intro
    right
    exact h
  rintro (xs | xt)
  · left
    use xs
  right; exact xt

",,True,-1,"theorem t6 : s \ t ∪ t = s ∪ t :=
  s.finite_toSet.interiorUnion_tendsto s.tendsto.1 t.one tendsto_id → s preorder t → t tendsto t.sUnion, .symm <| s.trans_le ( tendstoUnion_tendsto s.tendsto.1 t.one ) ( by Rintro; exact; by aesop )


","💥️invalid field 'finite_toSet', the environment does not contain 'Set.finite_toSet'
  s
has type
  Set α

💥️invalid field notation, type is not of the form (C ...) where C is a constant
  s
has type
  α → Prop

💥️unknown identifier 'preorder'

💥️unknown identifier 'tendsto'",False,60,MIL.C04_Sets_and_Functions.solutions.Solutions_S01_Sets,Qwen-7B-short,LENGTH,best_of_n,False,0,-1.0,CH04.t6,False
-1,False,16,"theorem t6 : s \ t ∪ t = s ∪ t := by
  ext x; constructor
  · rintro (⟨xs, nxt⟩ | xt)
    · left
      exact xs
    · right
      exact xt
  by_cases h : x ∈ t
  · intro
    right
    exact h
  rintro (xs | xt)
  · left
    use xs
  right; exact xt

",,True,-1,"theorem t6 : s \ t ∪ t = s ∪ t : by
  ext x; constructor
  · rintro (⟨xs, nxt⟩ | xt)
    · left
      exact xs
    · right
      exact xt
  by_cases h : x ∈ t
  · intro
    right
    exact h
  rintro (xs | xt)
  · left
    use xs
  right; exact xt


","💥️unexpected token ':'; expected ':=', 'where' or '|'",False,60,MIL.C04_Sets_and_Functions.solutions.Solutions_S01_Sets,Qwen-7B-short,LENGTH,best_of_n,False,0,-1.0,CH04.t6,False
-1,False,16,"theorem t6 : s \ t ∪ t = s ∪ t := by
  ext x; constructor
  · rintro (⟨xs, nxt⟩ | xt)
    · left
      exact xs
    · right
      exact xt
  by_cases h : x ∈ t
  · intro
    right
    exact h
  rintro (xs | xt)
  · left
    use xs
  right; exact xt

",,True,-1,"theorem t6 : s \ t ∪ t = s ∪ t := by
  ext x; aesop (add simp [open_range_rules])
",💥️unknown identifier 'open_range_rules',False,60,MIL.C04_Sets_and_Functions.solutions.Solutions_S01_Sets,Qwen-7B-short,LENGTH,best_of_n,False,0,-1.0,CH04.t6,False
-1,False,16,"theorem t6 : s \ t ∪ t = s ∪ t := by
  ext x; constructor
  · rintro (⟨xs, nxt⟩ | xt)
    · left
      exact xs
    · right
      exact xt
  by_cases h : x ∈ t
  · intro
    right
    exact h
  rintro (xs | xt)
  · left
    use xs
  right; exact xt

",,True,16,"theorem t6 : s \ t ∪ t = s ∪ t := by
  ext x
  constructor
  · rintro (⟨xs, nxt⟩ | xt)
    · left
      exact xs
    · right
      exact xt
  by_cases h : x ∈ t
  · intro
    right
    exact h
  rintro (xs | xt)
  · left
    use xs
  right; exact xt


",,True,60,MIL.C04_Sets_and_Functions.solutions.Solutions_S01_Sets,Qwen-7B-short,LENGTH,best_of_n,False,0,0.0,CH04.t6,False
-1,False,16,"theorem t6 : s \ t ∪ t = s ∪ t := by
  ext x; constructor
  · rintro (⟨xs, nxt⟩ | xt)
    · left
      exact xs
    · right
      exact xt
  by_cases h : x ∈ t
  · intro
    right
    exact h
  rintro (xs | xt)
  · left
    use xs
  right; exact xt

",,True,-1,"theorem t6 : s \ t ∪ t = s ∪ t := by
  ext x; constructor
  · rintro (⟨xs, nxt⟩ | xt)
    · left
      exact xs
    · right
      exact xt
  gcongr! 2 with h
  rintro (xs | xt)
  · left
    exact ⟨xs, h⟩
  right; exact xt


","💥️unknown tactic

💥️unsolved goals
case h.mpr
α : Type u_1
s t : Set α
x : α
⊢ x ∈ s ∪ t → x ∈ s \ t ∪ t",False,60,MIL.C04_Sets_and_Functions.solutions.Solutions_S01_Sets,Qwen-7B-short,LENGTH,best_of_n,False,0,-1.0,CH04.t6,False
-1,False,16,"theorem t6 : s \ t ∪ t = s ∪ t := by
  ext x; constructor
  · rintro (⟨xs, nxt⟩ | xt)
    · left
      exact xs
    · right
      exact xt
  by_cases h : x ∈ t
  · intro
    right
    exact h
  rintro (xs | xt)
  · left
    use xs
  right; exact xt

",,True,-1,"theorem t6 : s \ t ∪ t = s ∪ t := by
  ext x
  split_ifs <;> intro
  · exacts [left, right]
  · rintro (⟨xs, nxt⟩ | rfl)
    exacts [left, right, h]
  · exact ⟨xs, xt⟩


","💥️tactic 'split_ifs' failed, no if-then-else conditions to split
case h
α : Type u_1
s t : Set α
x : α
⊢ x ∈ s \ t ∪ t ↔ x ∈ s ∪ t",False,60,MIL.C04_Sets_and_Functions.solutions.Solutions_S01_Sets,Qwen-7B-short,LENGTH,best_of_n,False,0,-1.0,CH04.t6,False
-1,False,16,"theorem t6 : s \ t ∪ t = s ∪ t := by
  ext x; constructor
  · rintro (⟨xs, nxt⟩ | xt)
    · left
      exact xs
    · right
      exact xt
  by_cases h : x ∈ t
  · intro
    right
    exact h
  rintro (xs | xt)
  · left
    use xs
  right; exact xt

",,True,-1,"theorem t6 : s \ t ∪ t = s ∪ t := by
  simp_rw [← t6_toSet, compl_toSet, compl_toSet, union_toSet]
  exacts [compl_t6.1, compl_t6.2, compl_t6.2, compl_t6.1, compl_t6.2]
","💥️unknown identifier 't6_toSet'

💥️simp made no progress",False,60,MIL.C04_Sets_and_Functions.solutions.Solutions_S01_Sets,Qwen-7B-short,LENGTH,best_of_n,False,0,-1.0,CH04.t6,False
-1,False,16,"theorem t6 : s \ t ∪ t = s ∪ t := by
  ext x; constructor
  · rintro (⟨xs, nxt⟩ | xt)
    · left
      exact xs
    · right
      exact xt
  by_cases h : x ∈ t
  · intro
    right
    exact h
  rintro (xs | xt)
  · left
    use xs
  right; exact xt

",,True,-1,"theorem t6 : s \ t ∪ t = s ∪ t := by
  ext x; constructor
  · rintro (⟨xs, nxt⟩ | xt)
    · exact left _ _ ⟨by simp⟩
    · exact right _ _ ⟨by simp⟩
  by_cases h : x ∈ t
  · intro
    right
    exact h
  rintro (xs | xt)
  · left
    use xs
  right; exact xt


","💥️unknown identifier 'left'

💥️unknown identifier 'right'",False,60,MIL.C04_Sets_and_Functions.solutions.Solutions_S01_Sets,Qwen-7B-short,LENGTH,best_of_n,False,0,-1.0,CH04.t6,False
-1,False,16,"theorem t6 : s \ t ∪ t = s ∪ t := by
  ext x; constructor
  · rintro (⟨xs, nxt⟩ | xt)
    · left
      exact xs
    · right
      exact xt
  by_cases h : x ∈ t
  · intro
    right
    exact h
  rintro (xs | xt)
  · left
    use xs
  right; exact xt

",,True,-1,"theorem t6 : s \ t ∪ t = s ∪ t := by
  ext x; aesop (add simp [t6])
","💥️fail to show termination for
  CH04.t6
with errors
failed to infer structural recursion:
Not considering parameter α of CH04.t6:
  it is unchanged in the recursive calls
Not considering parameter s of CH04.t6:
  it is unchanged in the recursive calls
Not considering parameter t of CH04.t6:
  it is unchanged in the recursive calls
no parameters suitable for structural recursion

well-founded recursion cannot be used, 'CH04.t6' does not take any (non-fixed) arguments",False,60,MIL.C04_Sets_and_Functions.solutions.Solutions_S01_Sets,Qwen-7B-short,LENGTH,best_of_n,False,0,-1.0,CH04.t6,False
-1,False,16,"theorem t6 : s \ t ∪ t = s ∪ t := by
  ext x; constructor
  · rintro (⟨xs, nxt⟩ | xt)
    · left
      exact xs
    · right
      exact xt
  by_cases h : x ∈ t
  · intro
    right
    exact h
  rintro (xs | xt)
  · left
    use xs
  right; exact xt

",,True,-1,"theorem t6 : s \ t ∪ t = s ∪ t := by
  ext x
  simp_rw [segment_eq_image2, segment_eq_image2, image2_subset_iff]
","💥️unknown identifier 'segment_eq_image2'

💥️simp made no progress",False,60,MIL.C04_Sets_and_Functions.solutions.Solutions_S01_Sets,Qwen-7B-short,LENGTH,best_of_n,False,0,-1.0,CH04.t6,False
-1,False,16,"theorem t6 : s \ t ∪ t = s ∪ t := by
  ext x; constructor
  · rintro (⟨xs, nxt⟩ | xt)
    · left
      exact xs
    · right
      exact xt
  by_cases h : x ∈ t
  · intro
    right
    exact h
  rintro (xs | xt)
  · left
    use xs
  right; exact xt

",,True,-1,"theorem t6 : s \ t ∪ t = s ∪ t := by
  tauto using sUnion_closure.1 sUnion_max tUnion_antisymm _ tUnion_eq_compl_interior_compl
","💥️tauto failed to solve some goals.


💥️unsolved goals
α : Type u_1
s t : Set α
⊢ s \ t ∪ t = s ∪ t",False,60,MIL.C04_Sets_and_Functions.solutions.Solutions_S01_Sets,Qwen-7B-short,LENGTH,best_of_n,False,0,-1.0,CH04.t6,False
-1,False,16,"theorem t6 : s \ t ∪ t = s ∪ t := by
  ext x; constructor
  · rintro (⟨xs, nxt⟩ | xt)
    · left
      exact xs
    · right
      exact xt
  by_cases h : x ∈ t
  · intro
    right
    exact h
  rintro (xs | xt)
  · left
    use xs
  right; exact xt

",,True,-1,"theorem t6 : s \ t ∪ t = s ∪ t := by different _ _ <|
    (Countable.addMonotonePerm _).biUnion t.-s
","💥️unknown tactic

💥️unsolved goals
α : Type u_1
s t : Set α
⊢ s \ t ∪ t = s ∪ t",False,60,MIL.C04_Sets_and_Functions.solutions.Solutions_S01_Sets,Qwen-7B-short,LENGTH,best_of_n,False,0,-1.0,CH04.t6,False
-1,False,16,"theorem t6 : s \ t ∪ t = s ∪ t := by
  ext x; constructor
  · rintro (⟨xs, nxt⟩ | xt)
    · left
      exact xs
    · right
      exact xt
  by_cases h : x ∈ t
  · intro
    right
    exact h
  rintro (xs | xt)
  · left
    use xs
  right; exact xt

",,True,16,"theorem t6 : s \ t ∪ t = s ∪ t := by
  ext x; constructor
  · rintro (⟨xs, nxt⟩ | xt)
    · left
      exact xs
    · right
      exact xt
  by_cases h : x ∈ t
  · intro
    right
    exact h
  rintro (xs | xt)
  · left
    use xs
  right; exact xt


",,True,60,MIL.C04_Sets_and_Functions.solutions.Solutions_S01_Sets,Qwen-7B-short,LENGTH,best_of_n,False,0,0.0,CH04.t6,False
-1,False,16,"theorem t6 : s \ t ∪ t = s ∪ t := by
  ext x; constructor
  · rintro (⟨xs, nxt⟩ | xt)
    · left
      exact xs
    · right
      exact xt
  by_cases h : x ∈ t
  · intro
    right
    exact h
  rintro (xs | xt)
  · left
    use xs
  right; exact xt

",,True,-1,"theorem t6 : s \ t ∪ t = s ∪ t :=
  coe_injective <| by ext; simp [show (s \ t) = s by simpa]
",💥️unknown identifier 'coe_injective',False,60,MIL.C04_Sets_and_Functions.solutions.Solutions_S01_Sets,Qwen-7B-short,LENGTH,best_of_n,False,0,-1.0,CH04.t6,False
-1,False,16,"theorem t6 : s \ t ∪ t = s ∪ t := by
  ext x; constructor
  · rintro (⟨xs, nxt⟩ | xt)
    · left
      exact xs
    · right
      exact xt
  by_cases h : x ∈ t
  · intro
    right
    exact h
  rintro (xs | xt)
  · left
    use xs
  right; exact xt

",,True,2,"theorem t6 : s \ t ∪ t = s ∪ t := by
  ext x; aesop
",,True,60,MIL.C04_Sets_and_Functions.solutions.Solutions_S01_Sets,Qwen-7B-short,LENGTH,best_of_n,False,0,0.875,CH04.t6,False
-1,False,16,"theorem t6 : s \ t ∪ t = s ∪ t := by
  ext x; constructor
  · rintro (⟨xs, nxt⟩ | xt)
    · left
      exact xs
    · right
      exact xt
  by_cases h : x ∈ t
  · intro
    right
    exact h
  rintro (xs | xt)
  · left
    use xs
  right; exact xt

",,True,16,"theorem t6 : s \ t ∪ t = s ∪ t := by
  ext x
  constructor
  · rintro (⟨xs, nxt⟩ | xt)
    · left
      exact xs
    · right
      exact xt
  by_cases h : x ∈ t
  · intro
    right
    exact h
  rintro (xs | xt)
  · left
    use xs
  right; exact xt


",,True,60,MIL.C04_Sets_and_Functions.solutions.Solutions_S01_Sets,Qwen-7B-short,LENGTH,best_of_n,False,0,0.0,CH04.t6,False
-1,False,16,"theorem t6 : s \ t ∪ t = s ∪ t := by
  ext x; constructor
  · rintro (⟨xs, nxt⟩ | xt)
    · left
      exact xs
    · right
      exact xt
  by_cases h : x ∈ t
  · intro
    right
    exact h
  rintro (xs | xt)
  · left
    use xs
  right; exact xt

",,True,16,"theorem t6 : s \ t ∪ t = s ∪ t := by
  ext x
  constructor
  · rintro (⟨xs, nxt⟩ | xt)
    · left
      exact xs
    · right
      exact xt
  by_cases h : x ∈ t
  · intro
    right
    exact h
  rintro (xs | xt)
  · left
    use xs
  right; exact xt


",,True,60,MIL.C04_Sets_and_Functions.solutions.Solutions_S01_Sets,Qwen-7B-short,LENGTH,best_of_n,False,0,0.0,CH04.t6,False
-1,False,16,"theorem t6 : s \ t ∪ t = s ∪ t := by
  ext x; constructor
  · rintro (⟨xs, nxt⟩ | xt)
    · left
      exact xs
    · right
      exact xt
  by_cases h : x ∈ t
  · intro
    right
    exact h
  rintro (xs | xt)
  · left
    use xs
  right; exact xt

",,True,-1,"theorem t6 : s \ t ∪ t = s ∪ t := by
  ext x
  change (s \ t) ∪ t = s ∪ t by aesop (add simp [Set.Legion])
","💥️'change' tactic failed, pattern
  s \ t ∪ t = s ∪ t
is not definitionally equal to target
  x ∈ s \ t ∪ t ↔ x ∈ s ∪ t",False,60,MIL.C04_Sets_and_Functions.solutions.Solutions_S01_Sets,Qwen-7B-short,LENGTH,best_of_n,False,0,-1.0,CH04.t6,False
-1,False,16,"theorem t6 : s \ t ∪ t = s ∪ t := by
  ext x; constructor
  · rintro (⟨xs, nxt⟩ | xt)
    · left
      exact xs
    · right
      exact xt
  by_cases h : x ∈ t
  · intro
    right
    exact h
  rintro (xs | xt)
  · left
    use xs
  right; exact xt

",,True,2,"theorem t6 : s \ t ∪ t = s ∪ t := by
  ext x; aesop
",,True,60,MIL.C04_Sets_and_Functions.solutions.Solutions_S01_Sets,Qwen-7B-short,LENGTH,best_of_n,False,0,0.875,CH04.t6,False
-1,False,16,"theorem t6 : s \ t ∪ t = s ∪ t := by
  ext x; constructor
  · rintro (⟨xs, nxt⟩ | xt)
    · left
      exact xs
    · right
      exact xt
  by_cases h : x ∈ t
  · intro
    right
    exact h
  rintro (xs | xt)
  · left
    use xs
  right; exact xt

",,True,-1,"theorem t6 : s \ t ∪ t = s ∪ t := by
  ext x; constructor
  · rintro (⟨xs, nxt⟩ | xt)
    · left
    · right
  by_cases h : x ∈ t
  · intro
    right
    exact h
  rintro (xs | xt)
  · left
    exact xs
  right; exact xt


","💥️unsolved goals
case h.mp.inl.intro.h
α : Type u_1
s t : Set α
x : α
xs : x ∈ s
nxt : x ∉ t
⊢ x ∈ s

💥️unsolved goals
case h.mp.inr.h
α : Type u_1
s t : Set α
x : α
xt : x ∈ t
⊢ x ∈ t

💥️type mismatch
  xs
has type
  x ∈ s : Prop
but is expected to have type
  x ∈ s \ t : Prop",False,60,MIL.C04_Sets_and_Functions.solutions.Solutions_S01_Sets,Qwen-7B-short,LENGTH,best_of_n,False,0,-1.0,CH04.t6,False
-1,False,16,"theorem t6 : s \ t ∪ t = s ∪ t := by
  ext x; constructor
  · rintro (⟨xs, nxt⟩ | xt)
    · left
      exact xs
    · right
      exact xt
  by_cases h : x ∈ t
  · intro
    right
    exact h
  rintro (xs | xt)
  · left
    use xs
  right; exact xt

",,True,4,"theorem t6 : s \ t ∪ t = s ∪ t := by
  ext x
  by_cases h : x ∈ t
  · simpa using h
  · simpa using (not_exists h)

",,True,60,MIL.C04_Sets_and_Functions.solutions.Solutions_S01_Sets,Qwen-7B-short,LENGTH,best_of_n,False,0,0.75,CH04.t6,False
-1,False,16,"theorem t6 : s \ t ∪ t = s ∪ t := by
  ext x; constructor
  · rintro (⟨xs, nxt⟩ | xt)
    · left
      exact xs
    · right
      exact xt
  by_cases h : x ∈ t
  · intro
    right
    exact h
  rintro (xs | xt)
  · left
    use xs
  right; exact xt

",,True,-1,"theorem t6 : s \ t ∪ t = s ∪ t := by
  ext x
  constructor
  · rintro (⟨xs, nxt⟩ | xt)
    · left
    exact xs
  · right
    exact xt
","💥️unsolved goals
case h.mp.inl.intro.h
α : Type u_1
s t : Set α
x : α
xs : x ∈ s
nxt : x ∉ t
⊢ x ∈ s

💥️unknown identifier 'xs'

💥️tactic 'right' failed, target is not an inductive datatype
case h.mpr
α : Type u_1
s t : Set α
x : α
⊢ x ∈ s ∪ t → x ∈ s \ t ∪ t",False,60,MIL.C04_Sets_and_Functions.solutions.Solutions_S01_Sets,Qwen-7B-short,LENGTH,best_of_n,False,0,-1.0,CH04.t6,False
-1,False,16,"theorem t6 : s \ t ∪ t = s ∪ t := by
  ext x; constructor
  · rintro (⟨xs, nxt⟩ | xt)
    · left
      exact xs
    · right
      exact xt
  by_cases h : x ∈ t
  · intro
    right
    exact h
  rintro (xs | xt)
  · left
    use xs
  right; exact xt

",,True,-1,"theorem t6 : s \ t ∪ t = s ∪ t := by
  ext x
  aesop (add simp t6)
","💥️fail to show termination for
  CH04.t6
with errors
failed to infer structural recursion:
Not considering parameter α of CH04.t6:
  it is unchanged in the recursive calls
Not considering parameter s of CH04.t6:
  it is unchanged in the recursive calls
Not considering parameter t of CH04.t6:
  it is unchanged in the recursive calls
no parameters suitable for structural recursion

well-founded recursion cannot be used, 'CH04.t6' does not take any (non-fixed) arguments",False,60,MIL.C04_Sets_and_Functions.solutions.Solutions_S01_Sets,Qwen-7B-short,LENGTH,best_of_n,False,0,-1.0,CH04.t6,False
-1,False,16,"theorem t6 : s \ t ∪ t = s ∪ t := by
  ext x; constructor
  · rintro (⟨xs, nxt⟩ | xt)
    · left
      exact xs
    · right
      exact xt
  by_cases h : x ∈ t
  · intro
    right
    exact h
  rintro (xs | xt)
  · left
    use xs
  right; exact xt

",,True,-1,"theorem t6 : s \ t ∪ t = s ∪ t :=
  s \ t ∪ (t \ s) ∪ t := by
    ext a; constructor
    · rintro (⟨xs, nxt⟩ | xt)
      · exactt (s \ t) h
      · exactt t h
    · rintro (xs | xt)
      · exactt (s \ t) he
      · exactt t he
","💥️type mismatch
  s \ t ∪ t \ s ∪ t
has type
  Set α : Type u_1
but is expected to have type
  s \ t ∪ t = s ∪ t : Prop",False,60,MIL.C04_Sets_and_Functions.solutions.Solutions_S01_Sets,Qwen-7B-short,LENGTH,best_of_n,False,0,-1.0,CH04.t6,False
-1,False,16,"theorem t6 : s \ t ∪ t = s ∪ t := by
  ext x; constructor
  · rintro (⟨xs, nxt⟩ | xt)
    · left
      exact xs
    · right
      exact xt
  by_cases h : x ∈ t
  · intro
    right
    exact h
  rintro (xs | xt)
  · left
    use xs
  right; exact xt

",,True,-1,"theorem t6 : s \ t ∪ t = s ∪ t := by
  ext x
  constructor
  · rintro (⟨xs, nxt⟩ | xt)
    · left
    exact xs
  by_cases h : x ∈ t
  · intro
    right
    exact h
  rintro (xs | xt)
  · left
    use xs
  right; exact xt


","💥️unsolved goals
case h.mp.inl.intro.h
α : Type u_1
s t : Set α
x : α
xs : x ∈ s
nxt : x ∉ t
⊢ x ∈ s

💥️unknown identifier 'xs'",False,60,MIL.C04_Sets_and_Functions.solutions.Solutions_S01_Sets,Qwen-7B-short,LENGTH,best_of_n,False,0,-1.0,CH04.t6,False
-1,False,28,"theorem t7 : s \ t ∪ t \ s = (s ∪ t) \ (s ∩ t) := by
  ext x; constructor
  · rintro (⟨xs, xnt⟩ | ⟨xt, xns⟩)
    · constructor
      left
      exact xs
      rintro ⟨_, xt⟩
      contradiction
    · constructor
      right
      exact xt
      rintro ⟨xs, _⟩
      contradiction
  rintro ⟨xs | xt, nxst⟩
  · left
    use xs
    intro xt
    apply nxst
    constructor <;> assumption
  · right; use xt; intro xs
    apply nxst
    constructor <;> assumption

",,True,-1,"theorem t7 : s \ t ∪ t \ s = (s ∪ t) \ (s ∩ t) := by
  simpa [sUnion_tUnion] using sUnion_of_tUnion _ _ fun _ _ ↦ .symm
","💥️unknown identifier 'sUnion_tUnion'

💥️unknown identifier 'sUnion_of_tUnion'",False,60,MIL.C04_Sets_and_Functions.solutions.Solutions_S01_Sets,Qwen-7B-short,LENGTH,best_of_n,False,0,-1.0,CH04.t7,False
-1,False,28,"theorem t7 : s \ t ∪ t \ s = (s ∪ t) \ (s ∩ t) := by
  ext x; constructor
  · rintro (⟨xs, xnt⟩ | ⟨xt, xns⟩)
    · constructor
      left
      exact xs
      rintro ⟨_, xt⟩
      contradiction
    · constructor
      right
      exact xt
      rintro ⟨xs, _⟩
      contradiction
  rintro ⟨xs | xt, nxst⟩
  · left
    use xs
    intro xt
    apply nxst
    constructor <;> assumption
  · right; use xt; intro xs
    apply nxst
    constructor <;> assumption

",,True,-1,"theorem t7 : s \ t ∪ t \ s = (s ∪ t) \ (s ∩ t) := by
  have : (s \ t) ∪ (t \ s) = s ∪ t) \ (s ∩ t) := by
    simpa [sUnionht, sUnionARG] using tUnionLUnion_right And_left.2 sUnion
� tUnionLUnion_of_mem_union_minus (fun _ ⟨xs, xnt⟩ ↦ xs) <| by aesop
theorem t7 : s \ t ∪ t \ s = (s ∪ t) \ (s ∩ t) := this
","💥️unsolved goals
case this
α : Type u_1
s t : Set α
⊢ s \ t ∪ t \ s = s ∪ t

α : Type u_1
s t : Set α
this : s \ t ∪ t \ s = s ∪ t
⊢ s \ t ∪ t \ s = (s ∪ t) \ (s ∩ t)",False,60,MIL.C04_Sets_and_Functions.solutions.Solutions_S01_Sets,Qwen-7B-short,LENGTH,best_of_n,False,0,-1.0,CH04.t7,False
-1,False,28,"theorem t7 : s \ t ∪ t \ s = (s ∪ t) \ (s ∩ t) := by
  ext x; constructor
  · rintro (⟨xs, xnt⟩ | ⟨xt, xns⟩)
    · constructor
      left
      exact xs
      rintro ⟨_, xt⟩
      contradiction
    · constructor
      right
      exact xt
      rintro ⟨xs, _⟩
      contradiction
  rintro ⟨xs | xt, nxst⟩
  · left
    use xs
    intro xt
    apply nxst
    constructor <;> assumption
  · right; use xt; intro xs
    apply nxst
    constructor <;> assumption

",,True,-1,"theorem t7 : s \ t ∪ t \ s = (s ∪ t) \ (s ∩ t) := by
  simpa [t7_eq, s] using t7' simp s
","💥️unknown identifier 't7_eq'

💥️invalid argument, variable is not a proposition or let-declaration

💥️unknown identifier 't7''",False,60,MIL.C04_Sets_and_Functions.solutions.Solutions_S01_Sets,Qwen-7B-short,LENGTH,best_of_n,False,0,-1.0,CH04.t7,False
-1,False,28,"theorem t7 : s \ t ∪ t \ s = (s ∪ t) \ (s ∩ t) := by
  ext x; constructor
  · rintro (⟨xs, xnt⟩ | ⟨xt, xns⟩)
    · constructor
      left
      exact xs
      rintro ⟨_, xt⟩
      contradiction
    · constructor
      right
      exact xt
      rintro ⟨xs, _⟩
      contradiction
  rintro ⟨xs | xt, nxst⟩
  · left
    use xs
    intro xt
    apply nxst
    constructor <;> assumption
  · right; use xt; intro xs
    apply nxst
    constructor <;> assumption

",,True,2,"theorem t7 : s \ t ∪ t \ s = (s ∪ t) \ (s ∩ t) := by
  ext x; aesop using tauto.prop
",,True,60,MIL.C04_Sets_and_Functions.solutions.Solutions_S01_Sets,Qwen-7B-short,LENGTH,best_of_n,False,0,0.928571,CH04.t7,False
-1,False,28,"theorem t7 : s \ t ∪ t \ s = (s ∪ t) \ (s ∩ t) := by
  ext x; constructor
  · rintro (⟨xs, xnt⟩ | ⟨xt, xns⟩)
    · constructor
      left
      exact xs
      rintro ⟨_, xt⟩
      contradiction
    · constructor
      right
      exact xt
      rintro ⟨xs, _⟩
      contradiction
  rintro ⟨xs | xt, nxst⟩
  · left
    use xs
    intro xt
    apply nxst
    constructor <;> assumption
  · right; use xt; intro xs
    apply nxst
    constructor <;> assumption

",,True,-1,"theorem t7 : s \ t ∪ t \ s = (s ∪ t) \ (s ∩ t) := by
  ext x; constructor
  · rintro (⟨xs, xnt⟩ | ⟨xt, xns⟩)
    · exact ⟨left, dsimp nnt⟩
    · exact ⟨right, dsimp nns⟩
  rintro ⟨xs | xt, nxst⟩
  · exact ⟨left, dsimp nst⟩
  · exact ⟨right, dsimp nst⟩


","💥️unknown identifier 'left'

💥️unknown identifier 'dsimp'

💥️unknown identifier 'right'

💥️unknown identifier 'dsimp'

💥️invalid constructor ⟨...⟩, expected type must be an inductive type with only one constructor 
  x ∈ s \ t ∨ x ∈ t \ s

💥️invalid constructor ⟨...⟩, expected type must be an inductive type with only one constructor 
  x ∈ s \ t ∨ x ∈ t \ s",False,60,MIL.C04_Sets_and_Functions.solutions.Solutions_S01_Sets,Qwen-7B-short,LENGTH,best_of_n,False,0,-1.0,CH04.t7,False
-1,False,28,"theorem t7 : s \ t ∪ t \ s = (s ∪ t) \ (s ∩ t) := by
  ext x; constructor
  · rintro (⟨xs, xnt⟩ | ⟨xt, xns⟩)
    · constructor
      left
      exact xs
      rintro ⟨_, xt⟩
      contradiction
    · constructor
      right
      exact xt
      rintro ⟨xs, _⟩
      contradiction
  rintro ⟨xs | xt, nxst⟩
  · left
    use xs
    intro xt
    apply nxst
    constructor <;> assumption
  · right; use xt; intro xs
    apply nxst
    constructor <;> assumption

",,True,-1,"theorem t7 : s \ t ∪ t \ s = (s ∪ t) \ (s ∩ t) := by
  ext x
  constructor
  · rintro (⟨xs, xnt⟩ | ⟨xt, xns⟩)
    · exact ⟨left, xs⟩
    · exact ⟨right, xt⟩
  rintro ⟨xs | xt, nxst⟩
  exacts [intro_left hp, intro_right hp]
","💥️unknown identifier 'left'

💥️unknown identifier 'right'

💥️unknown identifier 'intro_left'

💥️unknown identifier 'intro_right'",False,60,MIL.C04_Sets_and_Functions.solutions.Solutions_S01_Sets,Qwen-7B-short,LENGTH,best_of_n,False,0,-1.0,CH04.t7,False
-1,False,28,"theorem t7 : s \ t ∪ t \ s = (s ∪ t) \ (s ∩ t) := by
  ext x; constructor
  · rintro (⟨xs, xnt⟩ | ⟨xt, xns⟩)
    · constructor
      left
      exact xs
      rintro ⟨_, xt⟩
      contradiction
    · constructor
      right
      exact xt
      rintro ⟨xs, _⟩
      contradiction
  rintro ⟨xs | xt, nxst⟩
  · left
    use xs
    intro xt
    apply nxst
    constructor <;> assumption
  · right; use xt; intro xs
    apply nxst
    constructor <;> assumption

",,True,-1,"theorem t7 : s \ t ∪ t \ s = (s ∪ t) \ (s ∩ t) := by
  ext x
  constructor
  · rintro (⟨xs, xnt⟩ | ⟨xt, xns⟩)
    · constructor
      left
      exact xs
    · constructor
      right
      exact xt
  · rintro ⟨xs | xt, nxst⟩
    · exact ⟨xs, fun ht ↦ pxst ht⟩
    · exact ⟨xt, fun hs ↦ pxst hs⟩
","💥️unsolved goals
case h.mp.inl.intro.right
α : Type u_1
s t : Set α
x : α
xs : x ∈ s
xnt : x ∉ t
⊢ x ∉ s ∩ t

💥️unsolved goals
case h.mp.inr.intro.right
α : Type u_1
s t : Set α
x : α
xt : x ∈ t
xns : x ∉ s
⊢ x ∉ s ∩ t

💥️invalid constructor ⟨...⟩, expected type must be an inductive type with only one constructor 
  x ∈ s \ t ∨ x ∈ t \ s

💥️invalid constructor ⟨...⟩, expected type must be an inductive type with only one constructor 
  x ∈ s \ t ∨ x ∈ t \ s",False,60,MIL.C04_Sets_and_Functions.solutions.Solutions_S01_Sets,Qwen-7B-short,LENGTH,best_of_n,False,0,-1.0,CH04.t7,False
-1,False,28,"theorem t7 : s \ t ∪ t \ s = (s ∪ t) \ (s ∩ t) := by
  ext x; constructor
  · rintro (⟨xs, xnt⟩ | ⟨xt, xns⟩)
    · constructor
      left
      exact xs
      rintro ⟨_, xt⟩
      contradiction
    · constructor
      right
      exact xt
      rintro ⟨xs, _⟩
      contradiction
  rintro ⟨xs | xt, nxst⟩
  · left
    use xs
    intro xt
    apply nxst
    constructor <;> assumption
  · right; use xt; intro xs
    apply nxst
    constructor <;> assumption

",,True,-1,"theorem t7 : s \ t ∪ t \ s = (s ∪ t) \ (s ∩ t) := by
  simpa [Set.restrict_def, Set.restrict_def, image_apply_iff] using t7_symm_apply
","💥️unknown identifier 'image_apply_iff'

💥️unknown identifier 't7_symm_apply'",False,60,MIL.C04_Sets_and_Functions.solutions.Solutions_S01_Sets,Qwen-7B-short,LENGTH,best_of_n,False,0,-1.0,CH04.t7,False
-1,False,28,"theorem t7 : s \ t ∪ t \ s = (s ∪ t) \ (s ∩ t) := by
  ext x; constructor
  · rintro (⟨xs, xnt⟩ | ⟨xt, xns⟩)
    · constructor
      left
      exact xs
      rintro ⟨_, xt⟩
      contradiction
    · constructor
      right
      exact xt
      rintro ⟨xs, _⟩
      contradiction
  rintro ⟨xs | xt, nxst⟩
  · left
    use xs
    intro xt
    apply nxst
    constructor <;> assumption
  · right; use xt; intro xs
    apply nxst
    constructor <;> assumption

",,True,-1,"theorem t7 : s \ t ∪ t \ s = (s ∪ t) \ (s ∩ t) := by
  simpa [Set.giUnion, Set.giUnion, Set.giUnion, Set.giUnion] using t7_subset_iff.mpr simp
","💥️unknown constant 'Set.giUnion'

💥️unknown constant 'Set.giUnion'

💥️unknown constant 'Set.giUnion'

💥️unknown constant 'Set.giUnion'

💥️unknown identifier 't7_subset_iff.mpr'",False,60,MIL.C04_Sets_and_Functions.solutions.Solutions_S01_Sets,Qwen-7B-short,LENGTH,best_of_n,False,0,-1.0,CH04.t7,False
-1,False,28,"theorem t7 : s \ t ∪ t \ s = (s ∪ t) \ (s ∩ t) := by
  ext x; constructor
  · rintro (⟨xs, xnt⟩ | ⟨xt, xns⟩)
    · constructor
      left
      exact xs
      rintro ⟨_, xt⟩
      contradiction
    · constructor
      right
      exact xt
      rintro ⟨xs, _⟩
      contradiction
  rintro ⟨xs | xt, nxst⟩
  · left
    use xs
    intro xt
    apply nxst
    constructor <;> assumption
  · right; use xt; intro xs
    apply nxst
    constructor <;> assumption

",,True,-1,"theorem t7 : s \ t ∪ t \ s = (s ∪ t) \ (s ∩ t) := by
  ext x
  constructor
  · rintro (⟨xs, xnt⟩ | ⟨xt, xns⟩)
    · exact ⟨left, xs, rintro ⟨_, xt⟩, contradiction⟩
    · exact ⟨right, xt, rintro ⟨xs, _⟩, contradiction⟩
  · exact ⟨fun ⟨xs, _⟩ ↦ left xs, fun ⟨_, xts⟩ ↦ right xts⟩
","💥️unknown identifier 'left'

💥️invalid constructor ⟨...⟩, expected type must be an inductive type 
  x ∈ s ∩ t → False

💥️unknown identifier 'right'

💥️invalid constructor ⟨...⟩, expected type must be an inductive type 
  x ∈ s ∩ t → False

💥️invalid constructor ⟨...⟩, expected type must be an inductive type 
  x ∈ (s ∪ t) \ (s ∩ t) → x ∈ s \ t ∪ t \ s",False,60,MIL.C04_Sets_and_Functions.solutions.Solutions_S01_Sets,Qwen-7B-short,LENGTH,best_of_n,False,0,-1.0,CH04.t7,False
-1,False,28,"theorem t7 : s \ t ∪ t \ s = (s ∪ t) \ (s ∩ t) := by
  ext x; constructor
  · rintro (⟨xs, xnt⟩ | ⟨xt, xns⟩)
    · constructor
      left
      exact xs
      rintro ⟨_, xt⟩
      contradiction
    · constructor
      right
      exact xt
      rintro ⟨xs, _⟩
      contradiction
  rintro ⟨xs | xt, nxst⟩
  · left
    use xs
    intro xt
    apply nxst
    constructor <;> assumption
  · right; use xt; intro xs
    apply nxst
    constructor <;> assumption

",,True,-1,"theorem t7 : s \ t ∪ t \ s = (s ∪ t) \ (s ∩ t) := by
  ext x; constructor
  · rintro (⟨xs, xnt⟩ | ⟨xt, xns⟩)
    · exact ⟨x, xs⟩
    · exact ⟨x, xt⟩
  · rintro ⟨xs | xt, nxst⟩
    exacts [⟨x, xs⟩, ⟨x, xt⟩, using_nxst (fun _ _ => ?_), using_nxst (fun _ _⟩)]
","💥️unexpected token '⟩'; expected '↦', '=>'

💥️application type mismatch
  And.intro x
argument
  x
has type
  α : Type u_1
but is expected to have type
  x ∈ s ∪ t : Prop

💥️application type mismatch
  And.intro x
argument
  x
has type
  α : Type u_1
but is expected to have type
  x ∈ s ∪ t : Prop

💥️invalid constructor ⟨...⟩, expected type must be an inductive type with only one constructor 
  x ∈ s \ t ∨ x ∈ t \ s

💥️invalid constructor ⟨...⟩, expected type must be an inductive type with only one constructor 
  x ∈ s \ t ∨ x ∈ t \ s

💥️no goals to be solved",False,60,MIL.C04_Sets_and_Functions.solutions.Solutions_S01_Sets,Qwen-7B-short,LENGTH,best_of_n,False,0,-1.0,CH04.t7,False
-1,False,28,"theorem t7 : s \ t ∪ t \ s = (s ∪ t) \ (s ∩ t) := by
  ext x; constructor
  · rintro (⟨xs, xnt⟩ | ⟨xt, xns⟩)
    · constructor
      left
      exact xs
      rintro ⟨_, xt⟩
      contradiction
    · constructor
      right
      exact xt
      rintro ⟨xs, _⟩
      contradiction
  rintro ⟨xs | xt, nxst⟩
  · left
    use xs
    intro xt
    apply nxst
    constructor <;> assumption
  · right; use xt; intro xs
    apply nxst
    constructor <;> assumption

",,True,-1,"theorem t7 : s \ t ∪ t \ s = (s ∪ t) \ (s ∩ t) := by
  ext x; constructor
  · rintro (⟨xs, xnt⟩ | ⟨xt, xns⟩)
    · contrapose ⟨_, HRt⟩
      exact ⟨left, xs⟩
    · exact ⟨right, xt⟩
  rintro ⟨xs | xt, nxst⟩
  · left; use xs; intro xt; apply nxst; assumption
  · right; use xt; intro xs; apply nxst; assumption


","💥️type mismatch
  Mathlib.Tactic.Contrapose.mtr ?m.1697
has type
  ?m.1695 → ?m.1696 : Prop
but is expected to have type
  x ∈ (s ∪ t) \ (s ∩ t) : Prop

💥️unsolved goals
case h.mp.inr.intro
α : Type u_1
s t : Set α
x : α
xt : x ∈ t
xns : x ∉ s
⊢ x ∈ (s ∪ t) \ (s ∩ t)

💥️unsolved goals
case h.mpr
α : Type u_1
s t : Set α
x : α
⊢ x ∈ (s ∪ t) \ (s ∩ t) → x ∈ s \ t ∪ t \ s",False,60,MIL.C04_Sets_and_Functions.solutions.Solutions_S01_Sets,Qwen-7B-short,LENGTH,best_of_n,False,0,-1.0,CH04.t7,False
-1,False,28,"theorem t7 : s \ t ∪ t \ s = (s ∪ t) \ (s ∩ t) := by
  ext x; constructor
  · rintro (⟨xs, xnt⟩ | ⟨xt, xns⟩)
    · constructor
      left
      exact xs
      rintro ⟨_, xt⟩
      contradiction
    · constructor
      right
      exact xt
      rintro ⟨xs, _⟩
      contradiction
  rintro ⟨xs | xt, nxst⟩
  · left
    use xs
    intro xt
    apply nxst
    constructor <;> assumption
  · right; use xt; intro xs
    apply nxst
    constructor <;> assumption

",,True,-1,"theorem t7 : s \ t ∪ t \ s = (s ∪ t) \ (s ∩ t) := by
  ext x; constructor
  · rintro (⟨xs, xnt⟩ | ⟨xt, xns⟩)
    · dsimp
    · dsimp
  · rintro ⟨xs | xt, rfl⟩
    · ex.heq]
    · ex.heq]
","💥️unknown tactic

💥️dsimp made no progress

💥️dsimp made no progress

💥️tactic 'subst' failed, invalid equality proof, it is not of the form (x = t) or (t = x)
  x ∉ s ∩ t
case h.mpr.intro.inl
α : Type u_1
s t : Set α
x : α
right✝ : x ∉ s ∩ t
xs : x ∈ s
⊢ x ∈ s \ t ∪ t \ s",False,60,MIL.C04_Sets_and_Functions.solutions.Solutions_S01_Sets,Qwen-7B-short,LENGTH,best_of_n,False,0,-1.0,CH04.t7,False
-1,False,28,"theorem t7 : s \ t ∪ t \ s = (s ∪ t) \ (s ∩ t) := by
  ext x; constructor
  · rintro (⟨xs, xnt⟩ | ⟨xt, xns⟩)
    · constructor
      left
      exact xs
      rintro ⟨_, xt⟩
      contradiction
    · constructor
      right
      exact xt
      rintro ⟨xs, _⟩
      contradiction
  rintro ⟨xs | xt, nxst⟩
  · left
    use xs
    intro xt
    apply nxst
    constructor <;> assumption
  · right; use xt; intro xs
    apply nxst
    constructor <;> assumption

",,True,-1,"theorem t7 : s \ t ∪ t \ s = (s ∪ t) \ (s ∩ t) := by
  ext x
  constructor
  · rintro (⟨xs, xnt⟩ | ⟨xt, xns⟩)
    · exact ⟨left, xs⟩
    · exact ⟨right, xt⟩
  · rintro ⟨xs | xt,nxst⟩
    exact ⟨left, xs, by intro; simp⟩
","💥️unknown identifier 'left'

💥️unknown identifier 'right'

💥️invalid constructor ⟨...⟩, expected type must be an inductive type with only one constructor 
  x ∈ s \ t ∨ x ∈ t \ s

💥️unsolved goals
case h.mpr.intro.inr
α : Type u_1
s t : Set α
x : α
nxst : x ∉ s ∩ t
xt : x ∈ t
⊢ x ∈ s \ t ∪ t \ s",False,60,MIL.C04_Sets_and_Functions.solutions.Solutions_S01_Sets,Qwen-7B-short,LENGTH,best_of_n,False,0,-1.0,CH04.t7,False
-1,False,28,"theorem t7 : s \ t ∪ t \ s = (s ∪ t) \ (s ∩ t) := by
  ext x; constructor
  · rintro (⟨xs, xnt⟩ | ⟨xt, xns⟩)
    · constructor
      left
      exact xs
      rintro ⟨_, xt⟩
      contradiction
    · constructor
      right
      exact xt
      rintro ⟨xs, _⟩
      contradiction
  rintro ⟨xs | xt, nxst⟩
  · left
    use xs
    intro xt
    apply nxst
    constructor <;> assumption
  · right; use xt; intro xs
    apply nxst
    constructor <;> assumption

",,True,-1,"theorem t7 : s \ t ∪ t \ s = (s ∪ t) \ (s ∩ t) := by
  ext x; aesop (add simp t7 _)
",💥️unexpected token '_'; expected ')',False,60,MIL.C04_Sets_and_Functions.solutions.Solutions_S01_Sets,Qwen-7B-short,LENGTH,best_of_n,False,0,-1.0,CH04.t7,False
-1,False,28,"theorem t7 : s \ t ∪ t \ s = (s ∪ t) \ (s ∩ t) := by
  ext x; constructor
  · rintro (⟨xs, xnt⟩ | ⟨xt, xns⟩)
    · constructor
      left
      exact xs
      rintro ⟨_, xt⟩
      contradiction
    · constructor
      right
      exact xt
      rintro ⟨xs, _⟩
      contradiction
  rintro ⟨xs | xt, nxst⟩
  · left
    use xs
    intro xt
    apply nxst
    constructor <;> assumption
  · right; use xt; intro xs
    apply nxst
    constructor <;> assumption

",,True,-1,"theorem t7 : s \ t ∪ t \ s = (s ∪ t) \ (s ∩ t) := by
  ext x
  constructor
  · rintro (⟨xs, xnt⟩ | ⟨xt, xns⟩)
    · exact ⟨left, xs⟩
    · exact ⟨right, xt⟩
  rintro ⟨xs | xt, nxst⟩
  · exact ⟨left, xs, intro_lt, forall_assoc⟩
  · exact ⟨right, xt, intro_thm, forall_assoc⟩


","💥️unknown identifier 'left'

💥️unknown identifier 'right'

💥️invalid constructor ⟨...⟩, expected type must be an inductive type with only one constructor 
  x ∈ s \ t ∨ x ∈ t \ s

💥️invalid constructor ⟨...⟩, expected type must be an inductive type with only one constructor 
  x ∈ s \ t ∨ x ∈ t \ s",False,60,MIL.C04_Sets_and_Functions.solutions.Solutions_S01_Sets,Qwen-7B-short,LENGTH,best_of_n,False,0,-1.0,CH04.t7,False
-1,False,28,"theorem t7 : s \ t ∪ t \ s = (s ∪ t) \ (s ∩ t) := by
  ext x; constructor
  · rintro (⟨xs, xnt⟩ | ⟨xt, xns⟩)
    · constructor
      left
      exact xs
      rintro ⟨_, xt⟩
      contradiction
    · constructor
      right
      exact xt
      rintro ⟨xs, _⟩
      contradiction
  rintro ⟨xs | xt, nxst⟩
  · left
    use xs
    intro xt
    apply nxst
    constructor <;> assumption
  · right; use xt; intro xs
    apply nxst
    constructor <;> assumption

",,True,-1,"theorem t7 : s \ t ∪ t \ s = (s ∪ t) \ (s ∩ t) := by
  ext x
  constructor
  · rintro (⟨xs, xnt⟩ | ⟨xt, xns⟩)
    · exact ⟨left, xs⟩
    · exact ⟨right, xt⟩
  · rintro ⟨xs | xt, nxst⟩
    exact ⟨left, xs, fun _ _ ↦ true⟩
","💥️unknown identifier 'left'

💥️unknown identifier 'right'

💥️invalid constructor ⟨...⟩, expected type must be an inductive type with only one constructor 
  x ∈ s \ t ∨ x ∈ t \ s

💥️unsolved goals
case h.mpr.intro.inr
α : Type u_1
s t : Set α
x : α
nxst : x ∉ s ∩ t
xt : x ∈ t
⊢ x ∈ s \ t ∪ t \ s",False,60,MIL.C04_Sets_and_Functions.solutions.Solutions_S01_Sets,Qwen-7B-short,LENGTH,best_of_n,False,0,-1.0,CH04.t7,False
-1,False,28,"theorem t7 : s \ t ∪ t \ s = (s ∪ t) \ (s ∩ t) := by
  ext x; constructor
  · rintro (⟨xs, xnt⟩ | ⟨xt, xns⟩)
    · constructor
      left
      exact xs
      rintro ⟨_, xt⟩
      contradiction
    · constructor
      right
      exact xt
      rintro ⟨xs, _⟩
      contradiction
  rintro ⟨xs | xt, nxst⟩
  · left
    use xs
    intro xt
    apply nxst
    constructor <;> assumption
  · right; use xt; intro xs
    apply nxst
    constructor <;> assumption

",,True,-1,"theorem t7 : s \ t ∪ t \ s = (s ∪ t) \ (s ∩ t) := by
  ext x
  simp_rw [subset_antisymm, union_subset_iff, parity_subset_iff, union_subset_antisymm,
    map_and, map_union, map_setsToSet, union_map, map_and, map_union, map_setsToSet,
    union_map, Set.forall_and_iff, Set.forall_and_iff, Set.forall_union_iff,
    Set.forall_union_iff, Set.forall_and_iff, Set.forall_and_iff, Set.forall_union_iff,
    Set.forall_union_iff, Set.forall_and_iff, Set.forall_and_iff]
  simp_rw [← and_assoc, union_assoc, andUnion_assoc, and_assoc, union_assoc, andUnion_assoc]
","💥️tactic 'simp' failed, nested error:
(deterministic) timeout at `whnf`, maximum number of heartbeats (200000) has been reached
Use `set_option maxHeartbeats <num>` to set the limit.
Additional diagnostic information may be available using the `set_option diagnostics true` command.",False,60,MIL.C04_Sets_and_Functions.solutions.Solutions_S01_Sets,Qwen-7B-short,LENGTH,best_of_n,False,0,-1.0,CH04.t7,False
-1,False,28,"theorem t7 : s \ t ∪ t \ s = (s ∪ t) \ (s ∩ t) := by
  ext x; constructor
  · rintro (⟨xs, xnt⟩ | ⟨xt, xns⟩)
    · constructor
      left
      exact xs
      rintro ⟨_, xt⟩
      contradiction
    · constructor
      right
      exact xt
      rintro ⟨xs, _⟩
      contradiction
  rintro ⟨xs | xt, nxst⟩
  · left
    use xs
    intro xt
    apply nxst
    constructor <;> assumption
  · right; use xt; intro xs
    apply nxst
    constructor <;> assumption

",,True,-1,"theorem t7 : s \ t ∪ t \ s = (s ∪ t) \ (s ∩ t) :=
  (Union s t).compl.muliset_toUnion.subsetUnion_eq
","💥️function expected at
  Union ↑s
term has type
  Type u_1",False,60,MIL.C04_Sets_and_Functions.solutions.Solutions_S01_Sets,Qwen-7B-short,LENGTH,best_of_n,False,0,-1.0,CH04.t7,False
-1,False,28,"theorem t7 : s \ t ∪ t \ s = (s ∪ t) \ (s ∩ t) := by
  ext x; constructor
  · rintro (⟨xs, xnt⟩ | ⟨xt, xns⟩)
    · constructor
      left
      exact xs
      rintro ⟨_, xt⟩
      contradiction
    · constructor
      right
      exact xt
      rintro ⟨xs, _⟩
      contradiction
  rintro ⟨xs | xt, nxst⟩
  · left
    use xs
    intro xt
    apply nxst
    constructor <;> assumption
  · right; use xt; intro xs
    apply nxst
    constructor <;> assumption

",,True,28,"theorem t7 : s \ t ∪ t \ s = (s ∪ t) \ (s ∩ t) := by
  ext x; constructor
  · rintro (⟨xs, xnt⟩ | ⟨xt, xns⟩)
    · constructor
      left
      exact xs
      rintro ⟨_, xt⟩
      contradiction
    · constructor
      right
      exact xt
      rintro ⟨xs, _⟩
      contradiction
  rintro ⟨xs | xt, nxst⟩
  · left
    use xs
    intro xt
    apply nxst
    constructor <;> assumption
  · right; use xt; intro xs
    apply nxst
    constructor <;> assumption


",,True,60,MIL.C04_Sets_and_Functions.solutions.Solutions_S01_Sets,Qwen-7B-short,LENGTH,best_of_n,False,0,0.0,CH04.t7,False
-1,False,28,"theorem t7 : s \ t ∪ t \ s = (s ∪ t) \ (s ∩ t) := by
  ext x; constructor
  · rintro (⟨xs, xnt⟩ | ⟨xt, xns⟩)
    · constructor
      left
      exact xs
      rintro ⟨_, xt⟩
      contradiction
    · constructor
      right
      exact xt
      rintro ⟨xs, _⟩
      contradiction
  rintro ⟨xs | xt, nxst⟩
  · left
    use xs
    intro xt
    apply nxst
    constructor <;> assumption
  · right; use xt; intro xs
    apply nxst
    constructor <;> assumption

",,True,-1,"theorem t7 : s \ t ∪ t \ s = (s ∪ t) \ (s ∩ t) := by
  ext x
  rw [subset_antisymm, subset_antisymm, Set.forall_iff_eq_iff]
  aesop
","💥️tactic 'rewrite' failed, pattern is a metavariable
  ?m.1617
from equation
  ?m.1617 = ?m.1618
case h
α : Type u_1
s t : Set α
x : α
⊢ x ∈ s \ t ∪ t \ s ↔ x ∈ (s ∪ t) \ (s ∩ t)",False,60,MIL.C04_Sets_and_Functions.solutions.Solutions_S01_Sets,Qwen-7B-short,LENGTH,best_of_n,False,0,-1.0,CH04.t7,False
-1,False,28,"theorem t7 : s \ t ∪ t \ s = (s ∪ t) \ (s ∩ t) := by
  ext x; constructor
  · rintro (⟨xs, xnt⟩ | ⟨xt, xns⟩)
    · constructor
      left
      exact xs
      rintro ⟨_, xt⟩
      contradiction
    · constructor
      right
      exact xt
      rintro ⟨xs, _⟩
      contradiction
  rintro ⟨xs | xt, nxst⟩
  · left
    use xs
    intro xt
    apply nxst
    constructor <;> assumption
  · right; use xt; intro xs
    apply nxst
    constructor <;> assumption

",,True,-1,"theorem t7 : s \ t ∪ t \ s = (s ∪ t) \ (s ∩ t) := by
  ext x
  constructor
  · rintro (⟨xs, xnt⟩ | ⟨xt, xns⟩)
    · exact ⟨left, xs⟩
    · exact ⟨right, xt⟩
  · rintro ⟨xs | xt, hxst⟩
    exact ⟨left, xs, hxst.1⟩
    exact ⟨right, xt, hxst.2⟩


","💥️unknown identifier 'left'

💥️unknown identifier 'right'

💥️invalid constructor ⟨...⟩, expected type must be an inductive type with only one constructor 
  x ∈ s \ t ∨ x ∈ t \ s

💥️invalid constructor ⟨...⟩, expected type must be an inductive type with only one constructor 
  x ∈ s \ t ∨ x ∈ t \ s",False,60,MIL.C04_Sets_and_Functions.solutions.Solutions_S01_Sets,Qwen-7B-short,LENGTH,best_of_n,False,0,-1.0,CH04.t7,False
-1,False,28,"theorem t7 : s \ t ∪ t \ s = (s ∪ t) \ (s ∩ t) := by
  ext x; constructor
  · rintro (⟨xs, xnt⟩ | ⟨xt, xns⟩)
    · constructor
      left
      exact xs
      rintro ⟨_, xt⟩
      contradiction
    · constructor
      right
      exact xt
      rintro ⟨xs, _⟩
      contradiction
  rintro ⟨xs | xt, nxst⟩
  · left
    use xs
    intro xt
    apply nxst
    constructor <;> assumption
  · right; use xt; intro xs
    apply nxst
    constructor <;> assumption

",,True,28,"theorem t7 : s \ t ∪ t \ s = (s ∪ t) \ (s ∩ t) := by
  ext x
  constructor
  · rintro (⟨xs, xnt⟩ | ⟨xt, xns⟩)
    · constructor
      left
      exact xs
      rintro ⟨_, xt⟩
      contradiction
    · constructor
      right
      exact xt
      rintro ⟨xs, _⟩
      contradiction
  · rintro ⟨xs | xt, nxst⟩
    · left; use xs; intro xt; apply nxst; constructor <;> assumption
    · right; use xt; intro xs; apply nxst; constructor <;> assumption


",,True,60,MIL.C04_Sets_and_Functions.solutions.Solutions_S01_Sets,Qwen-7B-short,LENGTH,best_of_n,False,0,0.0,CH04.t7,False
-1,False,28,"theorem t7 : s \ t ∪ t \ s = (s ∪ t) \ (s ∩ t) := by
  ext x; constructor
  · rintro (⟨xs, xnt⟩ | ⟨xt, xns⟩)
    · constructor
      left
      exact xs
      rintro ⟨_, xt⟩
      contradiction
    · constructor
      right
      exact xt
      rintro ⟨xs, _⟩
      contradiction
  rintro ⟨xs | xt, nxst⟩
  · left
    use xs
    intro xt
    apply nxst
    constructor <;> assumption
  · right; use xt; intro xs
    apply nxst
    constructor <;> assumption

",,True,-1,"theorem t7 : s \ t ∪ t \ s = (s ∪ t) \ (s ∩ t) :=
  Set.ext (fun x _ ↦ by aesop (add simp [Set.forall, Set.forall, Set.or_assoc, Set.or_comm])
","💥️unexpected end of input; expected ')', ',' or ':'",False,60,MIL.C04_Sets_and_Functions.solutions.Solutions_S01_Sets,Qwen-7B-short,LENGTH,best_of_n,False,0,-1.0,CH04.t7,False
-1,False,28,"theorem t7 : s \ t ∪ t \ s = (s ∪ t) \ (s ∩ t) := by
  ext x; constructor
  · rintro (⟨xs, xnt⟩ | ⟨xt, xns⟩)
    · constructor
      left
      exact xs
      rintro ⟨_, xt⟩
      contradiction
    · constructor
      right
      exact xt
      rintro ⟨xs, _⟩
      contradiction
  rintro ⟨xs | xt, nxst⟩
  · left
    use xs
    intro xt
    apply nxst
    constructor <;> assumption
  · right; use xt; intro xs
    apply nxst
    constructor <;> assumption

",,True,-1,"theorem t7 : s \ t ∪ t \ s = (s ∪ t) \ (s ∩ t) :=
  symmetric_diff s t (Set.forall_union fun _ _ ↦ ⟨fun hst => hst.elim (left := sUnion)) fun _ _ ↦ rfl
",💥️unexpected token ')'; expected '⟩',False,60,MIL.C04_Sets_and_Functions.solutions.Solutions_S01_Sets,Qwen-7B-short,LENGTH,best_of_n,False,0,-1.0,CH04.t7,False
-1,False,28,"theorem t7 : s \ t ∪ t \ s = (s ∪ t) \ (s ∩ t) := by
  ext x; constructor
  · rintro (⟨xs, xnt⟩ | ⟨xt, xns⟩)
    · constructor
      left
      exact xs
      rintro ⟨_, xt⟩
      contradiction
    · constructor
      right
      exact xt
      rintro ⟨xs, _⟩
      contradiction
  rintro ⟨xs | xt, nxst⟩
  · left
    use xs
    intro xt
    apply nxst
    constructor <;> assumption
  · right; use xt; intro xs
    apply nxst
    constructor <;> assumption

",,True,-1,"theorem t7 : s \ t ∪ t \ s = (s ∪ t) \ (s ∩ t) := by
  ext x; constructor
  · rintro (⟨xs, xnt⟩ | ⟨xt, xns⟩)
    · exact ⟨left, xs⟩
    · exact ⟨right, xt⟩
  · rintro ⟨xs | xt, nxst⟩
    exactrelation
      ⟨left, xs⟩
      ⟨right, xt⟩


","💥️unknown tactic

💥️unknown identifier 'left'

💥️unknown identifier 'right'

💥️unsolved goals
case h.mpr.intro.inl
α : Type u_1
s t : Set α
x : α
nxst : x ∉ s ∩ t
xs : x ∈ s
⊢ x ∈ s \ t ∪ t \ s

case h.mpr.intro.inr
α : Type u_1
s t : Set α
x : α
nxst : x ∉ s ∩ t
xt : x ∈ t
⊢ x ∈ s \ t ∪ t \ s",False,60,MIL.C04_Sets_and_Functions.solutions.Solutions_S01_Sets,Qwen-7B-short,LENGTH,best_of_n,False,0,-1.0,CH04.t7,False
-1,False,28,"theorem t7 : s \ t ∪ t \ s = (s ∪ t) \ (s ∩ t) := by
  ext x; constructor
  · rintro (⟨xs, xnt⟩ | ⟨xt, xns⟩)
    · constructor
      left
      exact xs
      rintro ⟨_, xt⟩
      contradiction
    · constructor
      right
      exact xt
      rintro ⟨xs, _⟩
      contradiction
  rintro ⟨xs | xt, nxst⟩
  · left
    use xs
    intro xt
    apply nxst
    constructor <;> assumption
  · right; use xt; intro xs
    apply nxst
    constructor <;> assumption

",,True,-1,"theorem t7 : s \ t ∪ t \ s = (s ∪ t) \ (s ∩ t) := by
  rw [←_true_and, union_self]
  exact_mod_cast Set.symm <| .inclusion_injective <| (Set.inclusion_injective _ _).trans <| .symm


","💥️unknown identifier '_true_and'

💥️tactic 'rewrite' failed, equality or iff proof expected
  ?m.1588
α : Type u_1
s t : Set α
⊢ s \ t ∪ t \ s = (s ∪ t) \ (s ∩ t)",False,60,MIL.C04_Sets_and_Functions.solutions.Solutions_S01_Sets,Qwen-7B-short,LENGTH,best_of_n,False,0,-1.0,CH04.t7,False
-1,False,28,"theorem t7 : s \ t ∪ t \ s = (s ∪ t) \ (s ∩ t) := by
  ext x; constructor
  · rintro (⟨xs, xnt⟩ | ⟨xt, xns⟩)
    · constructor
      left
      exact xs
      rintro ⟨_, xt⟩
      contradiction
    · constructor
      right
      exact xt
      rintro ⟨xs, _⟩
      contradiction
  rintro ⟨xs | xt, nxst⟩
  · left
    use xs
    intro xt
    apply nxst
    constructor <;> assumption
  · right; use xt; intro xs
    apply nxst
    constructor <;> assumption

",,True,-1,"theorem t7 : s \ t ∪ t \ s = (s ∪ t) \ (s ∩ t) :=
  symmetricity.mpr (diff _ _) (Or.inl rfl)
",💥️unknown identifier 'symmetricity.mpr',False,60,MIL.C04_Sets_and_Functions.solutions.Solutions_S01_Sets,Qwen-7B-short,LENGTH,best_of_n,False,0,-1.0,CH04.t7,False
-1,False,28,"theorem t7 : s \ t ∪ t \ s = (s ∪ t) \ (s ∩ t) := by
  ext x; constructor
  · rintro (⟨xs, xnt⟩ | ⟨xt, xns⟩)
    · constructor
      left
      exact xs
      rintro ⟨_, xt⟩
      contradiction
    · constructor
      right
      exact xt
      rintro ⟨xs, _⟩
      contradiction
  rintro ⟨xs | xt, nxst⟩
  · left
    use xs
    intro xt
    apply nxst
    constructor <;> assumption
  · right; use xt; intro xs
    apply nxst
    constructor <;> assumption

",,True,-1,"theorem t7 : s \ t ∪ t \ s = (s ∪ t) \ (s ∩ t) := by
  union_self_compl t s
","💥️unknown tactic

💥️unsolved goals
α : Type u_1
s t : Set α
⊢ s \ t ∪ t \ s = (s ∪ t) \ (s ∩ t)",False,60,MIL.C04_Sets_and_Functions.solutions.Solutions_S01_Sets,Qwen-7B-short,LENGTH,best_of_n,False,0,-1.0,CH04.t7,False
-1,False,28,"theorem t7 : s \ t ∪ t \ s = (s ∪ t) \ (s ∩ t) := by
  ext x; constructor
  · rintro (⟨xs, xnt⟩ | ⟨xt, xns⟩)
    · constructor
      left
      exact xs
      rintro ⟨_, xt⟩
      contradiction
    · constructor
      right
      exact xt
      rintro ⟨xs, _⟩
      contradiction
  rintro ⟨xs | xt, nxst⟩
  · left
    use xs
    intro xt
    apply nxst
    constructor <;> assumption
  · right; use xt; intro xs
    apply nxst
    constructor <;> assumption

",,True,-1,"theorem t7 : s \ t ∪ t \ s = (s ∪ t) \ (s ∩ t) := by
  ext x; constructor
  · rintro (⟨xs, xnt⟩ | ⟨xt, xns⟩)
    · exact ⟨left, xs⟩
    · exact ⟨right, xt⟩
  · rintro ⟨xs | xt, nxst⟩
    exact ⟨left, xs, nxs⟩
    exact ⟨right, xt, nxt⟩


","💥️unknown identifier 'left'

💥️unknown identifier 'right'

💥️invalid constructor ⟨...⟩, expected type must be an inductive type with only one constructor 
  x ∈ s \ t ∨ x ∈ t \ s

💥️invalid constructor ⟨...⟩, expected type must be an inductive type with only one constructor 
  x ∈ s \ t ∨ x ∈ t \ s",False,60,MIL.C04_Sets_and_Functions.solutions.Solutions_S01_Sets,Qwen-7B-short,LENGTH,best_of_n,False,0,-1.0,CH04.t7,False
-1,False,28,"theorem t7 : s \ t ∪ t \ s = (s ∪ t) \ (s ∩ t) := by
  ext x; constructor
  · rintro (⟨xs, xnt⟩ | ⟨xt, xns⟩)
    · constructor
      left
      exact xs
      rintro ⟨_, xt⟩
      contradiction
    · constructor
      right
      exact xt
      rintro ⟨xs, _⟩
      contradiction
  rintro ⟨xs | xt, nxst⟩
  · left
    use xs
    intro xt
    apply nxst
    constructor <;> assumption
  · right; use xt; intro xs
    apply nxst
    constructor <;> assumption

",,True,-1,"theorem t7 : s \ t ∪ t \ s = (s ∪ t) \ (s ∩ t) := by
  ext s t
  simp_rw [Set.ext_iff, Set.ext_iff, Set.ext_iff, Set.ext_iff]
  aesop
",💥️simp made no progress,False,60,MIL.C04_Sets_and_Functions.solutions.Solutions_S01_Sets,Qwen-7B-short,LENGTH,best_of_n,False,0,-1.0,CH04.t7,False
-1,False,28,"theorem t7 : s \ t ∪ t \ s = (s ∪ t) \ (s ∩ t) := by
  ext x; constructor
  · rintro (⟨xs, xnt⟩ | ⟨xt, xns⟩)
    · constructor
      left
      exact xs
      rintro ⟨_, xt⟩
      contradiction
    · constructor
      right
      exact xt
      rintro ⟨xs, _⟩
      contradiction
  rintro ⟨xs | xt, nxst⟩
  · left
    use xs
    intro xt
    apply nxst
    constructor <;> assumption
  · right; use xt; intro xs
    apply nxst
    constructor <;> assumption

",,True,-1,"theorem t7 : s \ t ∪ t \ s = (s ∪ t) \ (s ∩ t) :=
  Set.ext (fun _ ↦ by aesop (add simp [Set.aeop_iff_union, Set.aeop_iff_union]) (add simp [Set.aeop_iff_union, Set.aeop_iff_union])
    (fun _ _ ↦ by aesop (add simp [Set.aeop_iff_union, Set.aeop_iff_union]) (add simp [Set.aeop_iff_union, Set.aeop_iff_union])

","💥️unexpected token 'fun'; expected 'add', 'config', 'erase', 'rule_sets' or 'simp_config'",False,60,MIL.C04_Sets_and_Functions.solutions.Solutions_S01_Sets,Qwen-7B-short,LENGTH,best_of_n,False,0,-1.0,CH04.t7,False
-1,False,28,"theorem t7 : s \ t ∪ t \ s = (s ∪ t) \ (s ∩ t) := by
  ext x; constructor
  · rintro (⟨xs, xnt⟩ | ⟨xt, xns⟩)
    · constructor
      left
      exact xs
      rintro ⟨_, xt⟩
      contradiction
    · constructor
      right
      exact xt
      rintro ⟨xs, _⟩
      contradiction
  rintro ⟨xs | xt, nxst⟩
  · left
    use xs
    intro xt
    apply nxst
    constructor <;> assumption
  · right; use xt; intro xs
    apply nxst
    constructor <;> assumption

",,True,-1,"@[deprecated t7 (since := ""2024-10-05"")]
theorem t7 : s \ t ∪ t \ s = (s ∪ t) \ (s ∩ t) := t7
","💥️fail to show termination for
  CH04.t7
with errors
failed to infer structural recursion:
Not considering parameter α of CH04.t7:
  it is unchanged in the recursive calls
Not considering parameter s of CH04.t7:
  it is unchanged in the recursive calls
Not considering parameter t of CH04.t7:
  it is unchanged in the recursive calls
no parameters suitable for structural recursion

well-founded recursion cannot be used, 'CH04.t7' does not take any (non-fixed) arguments",False,60,MIL.C04_Sets_and_Functions.solutions.Solutions_S01_Sets,Qwen-7B-short,LENGTH,best_of_n,False,0,-1.0,CH04.t7,False
-1,False,28,"theorem t7 : s \ t ∪ t \ s = (s ∪ t) \ (s ∩ t) := by
  ext x; constructor
  · rintro (⟨xs, xnt⟩ | ⟨xt, xns⟩)
    · constructor
      left
      exact xs
      rintro ⟨_, xt⟩
      contradiction
    · constructor
      right
      exact xt
      rintro ⟨xs, _⟩
      contradiction
  rintro ⟨xs | xt, nxst⟩
  · left
    use xs
    intro xt
    apply nxst
    constructor <;> assumption
  · right; use xt; intro xs
    apply nxst
    constructor <;> assumption

",,True,-1,"theorem t7 : s \ t ∪ t \ s = (s ∪ t) \ (s ∩ t) := by
  simpa using t7.sUnion_tMatrixOnsUnion_tMatrixOns.2 s t
","💥️invalid field 'sUnion_tMatrixOnsUnion_tMatrixOns', the environment does not contain 'Eq.sUnion_tMatrixOnsUnion_tMatrixOns'
  t7
has type
  s \ t ∪ t \ s = (s ∪ t) \ (s ∩ t)",False,60,MIL.C04_Sets_and_Functions.solutions.Solutions_S01_Sets,Qwen-7B-short,LENGTH,best_of_n,False,0,-1.0,CH04.t7,False
-1,False,28,"theorem t7 : s \ t ∪ t \ s = (s ∪ t) \ (s ∩ t) := by
  ext x; constructor
  · rintro (⟨xs, xnt⟩ | ⟨xt, xns⟩)
    · constructor
      left
      exact xs
      rintro ⟨_, xt⟩
      contradiction
    · constructor
      right
      exact xt
      rintro ⟨xs, _⟩
      contradiction
  rintro ⟨xs | xt, nxst⟩
  · left
    use xs
    intro xt
    apply nxst
    constructor <;> assumption
  · right; use xt; intro xs
    apply nxst
    constructor <;> assumption

",,True,-1,"theorem t7 : s \ t ∪ t \ s = (s ∪ t) \ (s ∩ t) := by
  ext x
  constructor
  · rintro (⟨xs, xnt⟩ | ⟨xt, xns⟩)
    · constructor
      left
      exact xs
      rintro ⟨_, xt⟩
      contradiction
    · constructor
      right
      exact xt
      rintro ⟨xs, _⟩
      contradiction
  · left; use xs; intro xt; apply t7
  · right; use xt; intro xs; apply t7


","💥️tactic 'left' failed, target is not an inductive datatype
case h.mpr
α : Type u_1
s t : Set α
x : α
⊢ x ∈ (s ∪ t) \ (s ∩ t) → x ∈ s \ t ∪ t \ s

💥️no goals to be solved",False,60,MIL.C04_Sets_and_Functions.solutions.Solutions_S01_Sets,Qwen-7B-short,LENGTH,best_of_n,False,0,-1.0,CH04.t7,False
-1,False,28,"theorem t7 : s \ t ∪ t \ s = (s ∪ t) \ (s ∩ t) := by
  ext x; constructor
  · rintro (⟨xs, xnt⟩ | ⟨xt, xns⟩)
    · constructor
      left
      exact xs
      rintro ⟨_, xt⟩
      contradiction
    · constructor
      right
      exact xt
      rintro ⟨xs, _⟩
      contradiction
  rintro ⟨xs | xt, nxst⟩
  · left
    use xs
    intro xt
    apply nxst
    constructor <;> assumption
  · right; use xt; intro xs
    apply nxst
    constructor <;> assumption

",,True,-1,"theorem t7 : s \ t ∪ t \ s = (s ∪ t) \ (s ∩ t) := by
  ext x
  constructor
  · contrapose
    exact ⟨left, right⟩
  · exact ⟨left, right⟩
","💥️invalid constructor ⟨...⟩, expected type must be an inductive type 
  x ∉ (s ∪ t) \ (s ∩ t) → x ∉ s \ t ∪ t \ s

💥️invalid constructor ⟨...⟩, expected type must be an inductive type 
  x ∈ (s ∪ t) \ (s ∩ t) → x ∈ s \ t ∪ t \ s",False,60,MIL.C04_Sets_and_Functions.solutions.Solutions_S01_Sets,Qwen-7B-short,LENGTH,best_of_n,False,0,-1.0,CH04.t7,False
-1,False,28,"theorem t7 : s \ t ∪ t \ s = (s ∪ t) \ (s ∩ t) := by
  ext x; constructor
  · rintro (⟨xs, xnt⟩ | ⟨xt, xns⟩)
    · constructor
      left
      exact xs
      rintro ⟨_, xt⟩
      contradiction
    · constructor
      right
      exact xt
      rintro ⟨xs, _⟩
      contradiction
  rintro ⟨xs | xt, nxst⟩
  · left
    use xs
    intro xt
    apply nxst
    constructor <;> assumption
  · right; use xt; intro xs
    apply nxst
    constructor <;> assumption

",,True,-1,"theorem t7 : s \ t ∪ t \ s = (s ∪ t) \ (s ∩ t) := by
  ext x
  constructor
  · exact ⟨fun ⟨xs, xnt⟩ | ⟨xt, xns⟩ => Or.inl rfl⟩
  · exact ⟨fun ⟨_⟩⟩
    using t7 s t
","💥️unexpected token '|'; expected '↦', '=>'

💥️invalid constructor ⟨...⟩, expected type must be an inductive type 
  x ∈ s \ t ∪ t \ s → x ∈ (s ∪ t) \ (s ∩ t)

💥️unsolved goals
case h.mpr
α : Type u_1
s t : Set α
x : α
⊢ x ∈ (s ∪ t) \ (s ∩ t) → x ∈ s \ t ∪ t \ s",False,60,MIL.C04_Sets_and_Functions.solutions.Solutions_S01_Sets,Qwen-7B-short,LENGTH,best_of_n,False,0,-1.0,CH04.t7,False
-1,False,28,"theorem t7 : s \ t ∪ t \ s = (s ∪ t) \ (s ∩ t) := by
  ext x; constructor
  · rintro (⟨xs, xnt⟩ | ⟨xt, xns⟩)
    · constructor
      left
      exact xs
      rintro ⟨_, xt⟩
      contradiction
    · constructor
      right
      exact xt
      rintro ⟨xs, _⟩
      contradiction
  rintro ⟨xs | xt, nxst⟩
  · left
    use xs
    intro xt
    apply nxst
    constructor <;> assumption
  · right; use xt; intro xs
    apply nxst
    constructor <;> assumption

",,True,-1,"theorem t7 : s \ t ∪ t \ s = (s ∪ t) \ (s ∩ t) := by
  ext x; constructor
  · rintro (⟨xs, xnt⟩ | ⟨xt, xns⟩)
    · exact ⟨left, xs, rintro ⟨_, xt⟩⟩
    · exact ⟨right, xt, rintro ⟨xs, _⟩⟩
  · rintro ⟨xs | xt, nxst⟩
    exact ⟨left, xs, intro xt, apply nxst, assumption⟩
    exact ⟨right, xt, intro xs, apply nxst, assumption⟩
","💥️unknown identifier 'left'

💥️invalid constructor ⟨...⟩, expected type must be an inductive type 
  x ∈ s ∩ t → False

💥️unknown identifier 'right'

💥️invalid constructor ⟨...⟩, expected type must be an inductive type 
  x ∈ s ∩ t → False

💥️invalid constructor ⟨...⟩, expected type must be an inductive type with only one constructor 
  x ∈ s \ t ∨ x ∈ t \ s

💥️invalid constructor ⟨...⟩, expected type must be an inductive type with only one constructor 
  x ∈ s \ t ∨ x ∈ t \ s",False,60,MIL.C04_Sets_and_Functions.solutions.Solutions_S01_Sets,Qwen-7B-short,LENGTH,best_of_n,False,0,-1.0,CH04.t7,False
-1,False,28,"theorem t7 : s \ t ∪ t \ s = (s ∪ t) \ (s ∩ t) := by
  ext x; constructor
  · rintro (⟨xs, xnt⟩ | ⟨xt, xns⟩)
    · constructor
      left
      exact xs
      rintro ⟨_, xt⟩
      contradiction
    · constructor
      right
      exact xt
      rintro ⟨xs, _⟩
      contradiction
  rintro ⟨xs | xt, nxst⟩
  · left
    use xs
    intro xt
    apply nxst
    constructor <;> assumption
  · right; use xt; intro xs
    apply nxst
    constructor <;> assumption

",,True,-1,"theorem t7 : s \ t ∪ t \ s = (s ∪ t) \ (s ∩ t) :=
  Set.t7 symmetrically
",💥️unknown constant 'Set.t7',False,60,MIL.C04_Sets_and_Functions.solutions.Solutions_S01_Sets,Qwen-7B-short,LENGTH,best_of_n,False,0,-1.0,CH04.t7,False
-1,False,28,"theorem t7 : s \ t ∪ t \ s = (s ∪ t) \ (s ∩ t) := by
  ext x; constructor
  · rintro (⟨xs, xnt⟩ | ⟨xt, xns⟩)
    · constructor
      left
      exact xs
      rintro ⟨_, xt⟩
      contradiction
    · constructor
      right
      exact xt
      rintro ⟨xs, _⟩
      contradiction
  rintro ⟨xs | xt, nxst⟩
  · left
    use xs
    intro xt
    apply nxst
    constructor <;> assumption
  · right; use xt; intro xs
    apply nxst
    constructor <;> assumption

",,True,-1,"theorem t7 : s \ t ∪ t \ s = (s ∪ t) \ (s ∩ t) := by
  ext x; constructor
  · rintro (⟨xs, xnt⟩ | ⟨xt, xns⟩)
    · exact left _ intro xs rintro ⟨_, xt⟩ exact _
    · exact right _ intro xt rintro ⟨xs, _⟩ exact _
  · exact ⟨xs, xns⟩
  · exact ⟨xt, xnt⟩
","💥️unknown identifier 'left'

💥️unknown identifier 'right'

💥️invalid constructor ⟨...⟩, expected type must be an inductive type 
  x ∈ (s ∪ t) \ (s ∩ t) → x ∈ s \ t ∪ t \ s

💥️no goals to be solved",False,60,MIL.C04_Sets_and_Functions.solutions.Solutions_S01_Sets,Qwen-7B-short,LENGTH,best_of_n,False,0,-1.0,CH04.t7,False
-1,False,28,"theorem t7 : s \ t ∪ t \ s = (s ∪ t) \ (s ∩ t) := by
  ext x; constructor
  · rintro (⟨xs, xnt⟩ | ⟨xt, xns⟩)
    · constructor
      left
      exact xs
      rintro ⟨_, xt⟩
      contradiction
    · constructor
      right
      exact xt
      rintro ⟨xs, _⟩
      contradiction
  rintro ⟨xs | xt, nxst⟩
  · left
    use xs
    intro xt
    apply nxst
    constructor <;> assumption
  · right; use xt; intro xs
    apply nxst
    constructor <;> assumption

",,True,-1,"theorem t7 : s \ t ∪ t \ s = (s ∪ t) \ (s ∩ t) := by
  ext x
  factoredpine


","💥️unknown tactic

💥️unsolved goals
case h
α : Type u_1
s t : Set α
x : α
⊢ x ∈ s \ t ∪ t \ s ↔ x ∈ (s ∪ t) \ (s ∩ t)",False,60,MIL.C04_Sets_and_Functions.solutions.Solutions_S01_Sets,Qwen-7B-short,LENGTH,best_of_n,False,0,-1.0,CH04.t7,False
-1,False,28,"theorem t7 : s \ t ∪ t \ s = (s ∪ t) \ (s ∩ t) := by
  ext x; constructor
  · rintro (⟨xs, xnt⟩ | ⟨xt, xns⟩)
    · constructor
      left
      exact xs
      rintro ⟨_, xt⟩
      contradiction
    · constructor
      right
      exact xt
      rintro ⟨xs, _⟩
      contradiction
  rintro ⟨xs | xt, nxst⟩
  · left
    use xs
    intro xt
    apply nxst
    constructor <;> assumption
  · right; use xt; intro xs
    apply nxst
    constructor <;> assumption

",,True,-1,"theorem t7 : s \ t ∪ t \ s = (s ∪ t) \ (s ∩ t) := by
  ext x; constructor
  · rintro (⟨xs, xnt⟩ | ⟨xt, xns⟩)
    · exact ⟨left, xs⟩
    · exact ⟨right, xt⟩
  rintro ⟨xs | xt, nxst⟩
  · exact ⟨left, xs, ≫⟨hxst, intro _⟩⟩
  · exact ⟨right, xt, ≫⟨hxst, intro _⟩⟩


","💥️expected token

💥️unknown identifier 'left'

💥️unknown identifier 'right'

💥️invalid constructor ⟨...⟩, expected type must be an inductive type with only one constructor 
  x ∈ s \ t ∨ x ∈ t \ s

💥️unsolved goals
case h.mpr.intro.inr
α : Type u_1
s t : Set α
x : α
nxst : x ∉ s ∩ t
xt : x ∈ t
⊢ x ∈ s \ t ∪ t \ s",False,60,MIL.C04_Sets_and_Functions.solutions.Solutions_S01_Sets,Qwen-7B-short,LENGTH,best_of_n,False,0,-1.0,CH04.t7,False
-1,False,28,"theorem t7 : s \ t ∪ t \ s = (s ∪ t) \ (s ∩ t) := by
  ext x; constructor
  · rintro (⟨xs, xnt⟩ | ⟨xt, xns⟩)
    · constructor
      left
      exact xs
      rintro ⟨_, xt⟩
      contradiction
    · constructor
      right
      exact xt
      rintro ⟨xs, _⟩
      contradiction
  rintro ⟨xs | xt, nxst⟩
  · left
    use xs
    intro xt
    apply nxst
    constructor <;> assumption
  · right; use xt; intro xs
    apply nxst
    constructor <;> assumption

",,True,-1,"theorem t7 : s \ t ∪ t \ s = (s ∪ t) \ (s ∩ t) := by
  ext x; constructor
  · rintro (⟨xs, xnt⟩ | ⟨xt, xns⟩)
    · exact ⟨left_, xs⟩
    · exact ⟨right_, xt⟩
  rintro ⟨xs | xt, nxst⟩
  · exact ⟨left, xs, fun _⟩
  · exact ⟨right, xt, fun _⟩


","💥️unexpected token '⟩'; expected '↦', '=>'

💥️unknown identifier 'left_'

💥️unknown identifier 'right_'

💥️invalid constructor ⟨...⟩, expected type must be an inductive type with only one constructor 
  x ∈ s \ t ∨ x ∈ t \ s

💥️unsolved goals
case h.mpr.intro.inr
α : Type u_1
s t : Set α
x : α
nxst : x ∉ s ∩ t
xt : x ∈ t
⊢ x ∈ s \ t ∪ t \ s",False,60,MIL.C04_Sets_and_Functions.solutions.Solutions_S01_Sets,Qwen-7B-short,LENGTH,best_of_n,False,0,-1.0,CH04.t7,False
-1,False,28,"theorem t7 : s \ t ∪ t \ s = (s ∪ t) \ (s ∩ t) := by
  ext x; constructor
  · rintro (⟨xs, xnt⟩ | ⟨xt, xns⟩)
    · constructor
      left
      exact xs
      rintro ⟨_, xt⟩
      contradiction
    · constructor
      right
      exact xt
      rintro ⟨xs, _⟩
      contradiction
  rintro ⟨xs | xt, nxst⟩
  · left
    use xs
    intro xt
    apply nxst
    constructor <;> assumption
  · right; use xt; intro xs
    apply nxst
    constructor <;> assumption

",,True,-1,"theorem t7 : s \ t ∪ t \ s = (s ∪ t) \ (s ∩ t) := by
  ext x
  aesop (add simp t7.sub hx)
","💥️duplicate rule 'hx'; rule 't7.sub' was already given.
Use [<term>,...] to give multiple rules.",False,60,MIL.C04_Sets_and_Functions.solutions.Solutions_S01_Sets,Qwen-7B-short,LENGTH,best_of_n,False,0,-1.0,CH04.t7,False
-1,False,28,"theorem t7 : s \ t ∪ t \ s = (s ∪ t) \ (s ∩ t) := by
  ext x; constructor
  · rintro (⟨xs, xnt⟩ | ⟨xt, xns⟩)
    · constructor
      left
      exact xs
      rintro ⟨_, xt⟩
      contradiction
    · constructor
      right
      exact xt
      rintro ⟨xs, _⟩
      contradiction
  rintro ⟨xs | xt, nxst⟩
  · left
    use xs
    intro xt
    apply nxst
    constructor <;> assumption
  · right; use xt; intro xs
    apply nxst
    constructor <;> assumption

",,True,-1,"theorem t7 : s \ t ∪ t \ s = (s ∪ t) \ (s ∩ t) := by
  ext x; constructor
  · rintro (⟨xs, xnt⟩ | ⟨xt, xns⟩)
    · constructor
      left
      exact xs
      rintro ⟨_, xt⟩
      contradiction
    · constructor
      right
      exact xt
      rintro ⟨xs, _⟩
      contradiction
  rintro ⟨xs | xt, nxst⟩
  · left; use xs; intro xt; refine ⟨?_, assumption⟩; aesop
  · right; use xt; intro xs; refine ⟨?_, assumption⟩; aesop


","💥️invalid constructor ⟨...⟩, expected type must be an inductive type with only one constructor 
  False

💥️no goals to be solved

💥️invalid constructor ⟨...⟩, expected type must be an inductive type with only one constructor 
  False

💥️no goals to be solved",False,60,MIL.C04_Sets_and_Functions.solutions.Solutions_S01_Sets,Qwen-7B-short,LENGTH,best_of_n,False,0,-1.0,CH04.t7,False
-1,False,28,"theorem t7 : s \ t ∪ t \ s = (s ∪ t) \ (s ∩ t) := by
  ext x; constructor
  · rintro (⟨xs, xnt⟩ | ⟨xt, xns⟩)
    · constructor
      left
      exact xs
      rintro ⟨_, xt⟩
      contradiction
    · constructor
      right
      exact xt
      rintro ⟨xs, _⟩
      contradiction
  rintro ⟨xs | xt, nxst⟩
  · left
    use xs
    intro xt
    apply nxst
    constructor <;> assumption
  · right; use xt; intro xs
    apply nxst
    constructor <;> assumption

",,True,-1,"theorem t7 : s \ t ∪ t \ s = (s ∪ t) \ (s ∩ t) :=
  t7_subset_cardinal_type_of_eq <| by aesop (add simp t7_subset_left, t7_subset_right)
",💥️unknown identifier 't7_subset_cardinal_type_of_eq',False,60,MIL.C04_Sets_and_Functions.solutions.Solutions_S01_Sets,Qwen-7B-short,LENGTH,best_of_n,False,0,-1.0,CH04.t7,False
-1,False,28,"theorem t7 : s \ t ∪ t \ s = (s ∪ t) \ (s ∩ t) := by
  ext x; constructor
  · rintro (⟨xs, xnt⟩ | ⟨xt, xns⟩)
    · constructor
      left
      exact xs
      rintro ⟨_, xt⟩
      contradiction
    · constructor
      right
      exact xt
      rintro ⟨xs, _⟩
      contradiction
  rintro ⟨xs | xt, nxst⟩
  · left
    use xs
    intro xt
    apply nxst
    constructor <;> assumption
  · right; use xt; intro xs
    apply nxst
    constructor <;> assumption

",,True,28,"theorem t7 : s \ t ∪ t \ s = (s ∪ t) \ (s ∩ t) := by
  ext x; constructor
  · rintro (⟨xs, xnt⟩ | ⟨xt, xns⟩)
    · constructor
      left
      exact xs
      rintro ⟨_, xt⟩
      contradiction
    · constructor
      right
      exact xt
      rintro ⟨xs, _⟩
      contradiction
  rintro ⟨xs | xt, nxst⟩
  · left
    use xs
    intro xt
    apply nxst
    constructor <;> assumption
  · right; use xt; intro xs
    apply nxst
    constructor <;> assumption


",,True,60,MIL.C04_Sets_and_Functions.solutions.Solutions_S01_Sets,Qwen-7B-short,LENGTH,best_of_n,False,0,0.0,CH04.t7,False
-1,False,28,"theorem t7 : s \ t ∪ t \ s = (s ∪ t) \ (s ∩ t) := by
  ext x; constructor
  · rintro (⟨xs, xnt⟩ | ⟨xt, xns⟩)
    · constructor
      left
      exact xs
      rintro ⟨_, xt⟩
      contradiction
    · constructor
      right
      exact xt
      rintro ⟨xs, _⟩
      contradiction
  rintro ⟨xs | xt, nxst⟩
  · left
    use xs
    intro xt
    apply nxst
    constructor <;> assumption
  · right; use xt; intro xs
    apply nxst
    constructor <;> assumption

",,True,-1,"theorem t7 : s \ t ∪ t \ s = (s ∪ t) \ (s ∩ t) := by
  ext x; constructor
  · rintro (⟨xs, xnt⟩ | ⟨xt, xns⟩)
    · exact ⟨_, left⟩
    · exact ⟨_, right⟩
  · rintro ⟨xs | xt, nxst⟩
    exact ⟨left, use xs; intro xt; apply nxst; constructor <;> assumption⟩
","💥️unexpected token ';'; expected '⟩'

💥️unknown identifier 'left'

💥️unknown identifier 'right'

💥️invalid constructor ⟨...⟩, expected type must be an inductive type with only one constructor 
  x ∈ s \ t ∨ x ∈ t \ s

💥️unsolved goals
case h.mpr.intro.inr
α : Type u_1
s t : Set α
x : α
nxst : x ∉ s ∩ t
xt : x ∈ t
⊢ x ∈ s \ t ∪ t \ s",False,60,MIL.C04_Sets_and_Functions.solutions.Solutions_S01_Sets,Qwen-7B-short,LENGTH,best_of_n,False,0,-1.0,CH04.t7,False
-1,False,28,"theorem t7 : s \ t ∪ t \ s = (s ∪ t) \ (s ∩ t) := by
  ext x; constructor
  · rintro (⟨xs, xnt⟩ | ⟨xt, xns⟩)
    · constructor
      left
      exact xs
      rintro ⟨_, xt⟩
      contradiction
    · constructor
      right
      exact xt
      rintro ⟨xs, _⟩
      contradiction
  rintro ⟨xs | xt, nxst⟩
  · left
    use xs
    intro xt
    apply nxst
    constructor <;> assumption
  · right; use xt; intro xs
    apply nxst
    constructor <;> assumption

",,True,-1,"theorem t7 : s \ t ∪ t \ s = (s ∪ t) \ (s ∩ t) := by
  simp_rw [← diff_eqUnion_xor, diff_eqUnion_right, diff_eqUnion_prod]
","💥️unknown identifier 'diff_eqUnion_xor'

💥️simp made no progress",False,60,MIL.C04_Sets_and_Functions.solutions.Solutions_S01_Sets,Qwen-7B-short,LENGTH,best_of_n,False,0,-1.0,CH04.t7,False
-1,False,28,"theorem t7 : s \ t ∪ t \ s = (s ∪ t) \ (s ∩ t) := by
  ext x; constructor
  · rintro (⟨xs, xnt⟩ | ⟨xt, xns⟩)
    · constructor
      left
      exact xs
      rintro ⟨_, xt⟩
      contradiction
    · constructor
      right
      exact xt
      rintro ⟨xs, _⟩
      contradiction
  rintro ⟨xs | xt, nxst⟩
  · left
    use xs
    intro xt
    apply nxst
    constructor <;> assumption
  · right; use xt; intro xs
    apply nxst
    constructor <;> assumption

",,True,-1,"theorem t7 : s \ t ∪ t \ s = (s ∪ t) \ (s ∩ t) := by
  ext K
  simp_rw [← detUnion_two, detUnion_two, subset_union_iff]
  aesop
","💥️unknown identifier 'detUnion_two'

💥️simp made no progress",False,60,MIL.C04_Sets_and_Functions.solutions.Solutions_S01_Sets,Qwen-7B-short,LENGTH,best_of_n,False,0,-1.0,CH04.t7,False
-1,False,28,"theorem t7 : s \ t ∪ t \ s = (s ∪ t) \ (s ∩ t) := by
  ext x; constructor
  · rintro (⟨xs, xnt⟩ | ⟨xt, xns⟩)
    · constructor
      left
      exact xs
      rintro ⟨_, xt⟩
      contradiction
    · constructor
      right
      exact xt
      rintro ⟨xs, _⟩
      contradiction
  rintro ⟨xs | xt, nxst⟩
  · left
    use xs
    intro xt
    apply nxst
    constructor <;> assumption
  · right; use xt; intro xs
    apply nxst
    constructor <;> assumption

",,True,-1,"theorem t7 : s \ t ∪ t \ s = (s ∪ t) \ (s ∩ t) := by
  ext x; constructor
  · rintro (⟨xs, xnt⟩ | ⟨xt, xns⟩)
    exact ⟨clusion_of_typeTo (s := s), by aesop (add simp s xnt), by aesop (add simp t xns)⟩
  rintro ⟨xs | xt, nxst⟩
  · left; use xs; intro xt; apply nxst; constructor <;> assumption
  · right; use xt; intro xs; apply nxst; constructor <;> assumption


","💥️unknown identifier 'clusion_of_typeTo'

💥️invalid constructor ⟨...⟩, expected type must be an inductive type 
  x ∈ s ∩ t → False

💥️unsolved goals
case h.mp.inr.intro
α : Type u_1
s t : Set α
x : α
xt : x ∈ t
xns : x ∉ s
⊢ x ∈ (s ∪ t) \ (s ∩ t)",False,60,MIL.C04_Sets_and_Functions.solutions.Solutions_S01_Sets,Qwen-7B-short,LENGTH,best_of_n,False,0,-1.0,CH04.t7,False
-1,False,28,"theorem t7 : s \ t ∪ t \ s = (s ∪ t) \ (s ∩ t) := by
  ext x; constructor
  · rintro (⟨xs, xnt⟩ | ⟨xt, xns⟩)
    · constructor
      left
      exact xs
      rintro ⟨_, xt⟩
      contradiction
    · constructor
      right
      exact xt
      rintro ⟨xs, _⟩
      contradiction
  rintro ⟨xs | xt, nxst⟩
  · left
    use xs
    intro xt
    apply nxst
    constructor <;> assumption
  · right; use xt; intro xs
    apply nxst
    constructor <;> assumption

",,True,-1,"theorem t7 : s \ t ∪ t \ s = (s ∪ t) \ (s ∩ t) :=
  Set.ext fun x ↦ (x ∈ s → t) union (x ∈ t → s)
","💥️function expected at
  x ∈ s → ↑t
term has type
  Type u_1",False,60,MIL.C04_Sets_and_Functions.solutions.Solutions_S01_Sets,Qwen-7B-short,LENGTH,best_of_n,False,0,-1.0,CH04.t7,False
-1,False,28,"theorem t7 : s \ t ∪ t \ s = (s ∪ t) \ (s ∩ t) := by
  ext x; constructor
  · rintro (⟨xs, xnt⟩ | ⟨xt, xns⟩)
    · constructor
      left
      exact xs
      rintro ⟨_, xt⟩
      contradiction
    · constructor
      right
      exact xt
      rintro ⟨xs, _⟩
      contradiction
  rintro ⟨xs | xt, nxst⟩
  · left
    use xs
    intro xt
    apply nxst
    constructor <;> assumption
  · right; use xt; intro xs
    apply nxst
    constructor <;> assumption

",,True,-1,"theorem t7 : s \ t ∪ t \ s = (s ∪ t) \ (s ∩ t) := by
  ext x
  constructor
  · contrapose rintro (⟨xs, xnt⟩ | ⟨xt, xns⟩)
    · exact ⟨left, xs⟩
    · exact ⟨right, xt⟩
  · rw [left_eq_right] at hx
    contrapose rintro ⟨xs, _⟩
    exact ⟨left, hx⟩
","💥️unknown identifier 'rintro'

💥️unsolved goals
case h.mpr
α : Type u_1
s t : Set α
x : α
⊢ x ∈ (s ∪ t) \ (s ∩ t) → x ∈ s \ t ∪ t \ s",False,60,MIL.C04_Sets_and_Functions.solutions.Solutions_S01_Sets,Qwen-7B-short,LENGTH,best_of_n,False,0,-1.0,CH04.t7,False
-1,False,28,"theorem t7 : s \ t ∪ t \ s = (s ∪ t) \ (s ∩ t) := by
  ext x; constructor
  · rintro (⟨xs, xnt⟩ | ⟨xt, xns⟩)
    · constructor
      left
      exact xs
      rintro ⟨_, xt⟩
      contradiction
    · constructor
      right
      exact xt
      rintro ⟨xs, _⟩
      contradiction
  rintro ⟨xs | xt, nxst⟩
  · left
    use xs
    intro xt
    apply nxst
    constructor <;> assumption
  · right; use xt; intro xs
    apply nxst
    constructor <;> assumption

",,True,-1,"theorem t7 : s \ t ∪ t \ s = (s ∪ t) \ (s ∩ t) := by
  ext x
  constructor
  · rintro (⟨xs, xnt⟩ | ⟨xt, xns⟩)
    · exact ⟨left, exact xs⟩
    · exact ⟨right, exact xt⟩
  · rintro ⟨xs | xt, nxst⟩
    exact ⟨left, exact xs, fun _ introxst ↦ hne_of_apply_ne _⟩
","💥️unknown identifier 'left'

💥️unknown identifier 'exact'

💥️unknown identifier 'right'

💥️unknown identifier 'exact'

💥️invalid constructor ⟨...⟩, expected type must be an inductive type with only one constructor 
  x ∈ s \ t ∨ x ∈ t \ s

💥️unsolved goals
case h.mpr.intro.inr
α : Type u_1
s t : Set α
x : α
nxst : x ∉ s ∩ t
xt : x ∈ t
⊢ x ∈ s \ t ∪ t \ s",False,60,MIL.C04_Sets_and_Functions.solutions.Solutions_S01_Sets,Qwen-7B-short,LENGTH,best_of_n,False,0,-1.0,CH04.t7,False
-1,False,28,"theorem t7 : s \ t ∪ t \ s = (s ∪ t) \ (s ∩ t) := by
  ext x; constructor
  · rintro (⟨xs, xnt⟩ | ⟨xt, xns⟩)
    · constructor
      left
      exact xs
      rintro ⟨_, xt⟩
      contradiction
    · constructor
      right
      exact xt
      rintro ⟨xs, _⟩
      contradiction
  rintro ⟨xs | xt, nxst⟩
  · left
    use xs
    intro xt
    apply nxst
    constructor <;> assumption
  · right; use xt; intro xs
    apply nxst
    constructor <;> assumption

",,True,-1,"lemma t7 : s \ t ∪ t \ s = (s ∪ t) \ (s ∩ t) := by
  ext x; constructor
  · rintro (⟨xs, xnt⟩ | ⟨xt, xns⟩)
    · constructor
      left
      exact xs
      rintro ⟨_, xt⟩
      contradiction
    · constructor
      right
      exact xt
      rintro ⟨xs, _⟩
      contradiction
  · exact ⟨_, left, calc⟩
    use s ∪ t
    intro x
    apply tsub_left
    exact tsub_ne_zero? _ _ ? ? <;> assumption
  · exact )⟩
","💥️unexpected token '⟩'; expected term

💥️invalid constructor ⟨...⟩, expected type must be an inductive type 
  x ∈ (s ∪ t) \ (s ∩ t) → x ∈ s \ t ∪ t \ s",False,60,MIL.C04_Sets_and_Functions.solutions.Solutions_S01_Sets,Qwen-7B-short,LENGTH,best_of_n,False,0,-1.0,CH04.t7,False
-1,False,28,"theorem t7 : s \ t ∪ t \ s = (s ∪ t) \ (s ∩ t) := by
  ext x; constructor
  · rintro (⟨xs, xnt⟩ | ⟨xt, xns⟩)
    · constructor
      left
      exact xs
      rintro ⟨_, xt⟩
      contradiction
    · constructor
      right
      exact xt
      rintro ⟨xs, _⟩
      contradiction
  rintro ⟨xs | xt, nxst⟩
  · left
    use xs
    intro xt
    apply nxst
    constructor <;> assumption
  · right; use xt; intro xs
    apply nxst
    constructor <;> assumption

",,True,-1,"theorem t7 : s \ t ∪ t \ s = (s ∪ t) \ (s ∩ t) := by
  ext x
  constructor
  · rintro (⟨xs, xnt⟩ | ⟨xt, xns⟩)
    · constructor
      left
      exact xs
      rintro ⟨_, xt⟩
      contradiction
    · constructor
      right
      exact xt
      rintro ⟨xs, _⟩
      contradiction
  · exact ⟨fun _ ⟨xs, xt⟩ => (xs.2 ∪ xt.2).compl.mul_self, fun _ _ ↦ mul_mem_cancel_right⟩
","💥️invalid constructor ⟨...⟩, expected type must be an inductive type 
  x ∈ (s ∪ t) \ (s ∩ t) → x ∈ s \ t ∪ t \ s",False,60,MIL.C04_Sets_and_Functions.solutions.Solutions_S01_Sets,Qwen-7B-short,LENGTH,best_of_n,False,0,-1.0,CH04.t7,False
-1,False,28,"theorem t7 : s \ t ∪ t \ s = (s ∪ t) \ (s ∩ t) := by
  ext x; constructor
  · rintro (⟨xs, xnt⟩ | ⟨xt, xns⟩)
    · constructor
      left
      exact xs
      rintro ⟨_, xt⟩
      contradiction
    · constructor
      right
      exact xt
      rintro ⟨xs, _⟩
      contradiction
  rintro ⟨xs | xt, nxst⟩
  · left
    use xs
    intro xt
    apply nxst
    constructor <;> assumption
  · right; use xt; intro xs
    apply nxst
    constructor <;> assumption

",,True,-1,"theorem t7 : s \ t ∪ t \ s = (s ∪ t) \ (s ∩ t) :=
  Set.symm <| congr rfl fun _ ↦ by aesop | aesop fun _ ↦ by aesop | aesop
",💥️unknown constant 'Set.symm',False,60,MIL.C04_Sets_and_Functions.solutions.Solutions_S01_Sets,Qwen-7B-short,LENGTH,best_of_n,False,0,-1.0,CH04.t7,False
-1,False,28,"theorem t7 : s \ t ∪ t \ s = (s ∪ t) \ (s ∩ t) := by
  ext x; constructor
  · rintro (⟨xs, xnt⟩ | ⟨xt, xns⟩)
    · constructor
      left
      exact xs
      rintro ⟨_, xt⟩
      contradiction
    · constructor
      right
      exact xt
      rintro ⟨xs, _⟩
      contradiction
  rintro ⟨xs | xt, nxst⟩
  · left
    use xs
    intro xt
    apply nxst
    constructor <;> assumption
  · right; use xt; intro xs
    apply nxst
    constructor <;> assumption

",,True,-1,"theorem t7 : s \ t ∪ t \ s = (s ∪ t) \ (s ∩ t) := by
  ext x
  aesop (add simp [Union, Set.diff, Set.univ, wUnion, Set.isUnion, Set.isUnion])
",💥️unknown identifier 'wUnion',False,60,MIL.C04_Sets_and_Functions.solutions.Solutions_S01_Sets,Qwen-7B-short,LENGTH,best_of_n,False,0,-1.0,CH04.t7,False
-1,False,28,"theorem t7 : s \ t ∪ t \ s = (s ∪ t) \ (s ∩ t) := by
  ext x; constructor
  · rintro (⟨xs, xnt⟩ | ⟨xt, xns⟩)
    · constructor
      left
      exact xs
      rintro ⟨_, xt⟩
      contradiction
    · constructor
      right
      exact xt
      rintro ⟨xs, _⟩
      contradiction
  rintro ⟨xs | xt, nxst⟩
  · left
    use xs
    intro xt
    apply nxst
    constructor <;> assumption
  · right; use xt; intro xs
    apply nxst
    constructor <;> assumption

",,True,-1,"theorem t7 : s \ t ∪ t \ s = (s ∪ t) \ (s ∩ t) := by
  simpa using t7_subset_of_t2_subset_of_preimage_nhds
",💥️unknown identifier 't7_subset_of_t2_subset_of_preimage_nhds',False,60,MIL.C04_Sets_and_Functions.solutions.Solutions_S01_Sets,Qwen-7B-short,LENGTH,best_of_n,False,0,-1.0,CH04.t7,False
-1,False,28,"theorem t7 : s \ t ∪ t \ s = (s ∪ t) \ (s ∩ t) := by
  ext x; constructor
  · rintro (⟨xs, xnt⟩ | ⟨xt, xns⟩)
    · constructor
      left
      exact xs
      rintro ⟨_, xt⟩
      contradiction
    · constructor
      right
      exact xt
      rintro ⟨xs, _⟩
      contradiction
  rintro ⟨xs | xt, nxst⟩
  · left
    use xs
    intro xt
    apply nxst
    constructor <;> assumption
  · right; use xt; intro xs
    apply nxst
    constructor <;> assumption

",,True,-1,"theorem t7 : s \ t ∪ t \ s = (s ∪ t) \ (s ∩ t) := by
  ext x; constructor
  · rintro (⟨xs, xnt⟩ | ⟨xt, xns⟩)
    · exact ⟨_, xs, intro ⟨ht, rfl⟩⟩
    · exact ⟨_, xt, intro ⟨hs, rfl⟩⟩
  · rintro ⟨xs | xt, nxst⟩
    left
    use xs
    intro xt
    apply nxst
    constructor <;> assumption
    right
    use xt
    intro xs
    apply nxst
    constructor <;> assumption
","💥️invalid constructor ⟨...⟩, expected type must be an inductive type 
  x ∈ s ∩ t → False

💥️invalid constructor ⟨...⟩, expected type must be an inductive type 
  x ∈ s ∩ t → False",False,60,MIL.C04_Sets_and_Functions.solutions.Solutions_S01_Sets,Qwen-7B-short,LENGTH,best_of_n,False,0,-1.0,CH04.t7,False
-1,False,7,"theorem t8 : { n | Nat.Prime n } ∩ { n | n > 2 } ⊆ { n | ¬Even n } := by
  intro n
  simp
  intro nprime n_gt
  rcases Nat.Prime.eq_two_or_odd nprime with h | h
  · rw [h]
    linarith
  · rw [Nat.odd_iff, h]

",,True,-1,"theorem t8 : { n | Nat.Prime n } ∩ { n | n > 2 } ⊆ { n | ¬Even n } := by
  simp
  intro n
  rcases Nat.Prime.eq_two_or_odd n.1 with h | h
  · rw [h]
    linarith
  · rw [Nat.odd_iff, h]

","💥️invalid projection, structure expected
  n
has type
  ℕ

💥️tactic 'rewrite' failed, pattern is a metavariable
  ?m.2629
from equation
  ?m.2629 = 2
case inl
n : ℕ
h : ?m.2629 = 2
⊢ n ∈ {n | Nat.Prime n} ∩ {n | 2 < n} → n ∈ {n | Odd n}

💥️tactic 'rewrite' failed, did not find instance of the pattern in the target expression
  Odd ?m.2672
case inr
n : ℕ
h : ?m.2629 % 2 = 1
⊢ n ∈ {n | Nat.Prime n} ∩ {n | 2 < n} → n ∈ {n | Odd n}",False,60,MIL.C04_Sets_and_Functions.solutions.Solutions_S01_Sets,Qwen-7B-short,LENGTH,best_of_n,False,0,-1.0,CH04.t8,False
-1,False,7,"theorem t8 : { n | Nat.Prime n } ∩ { n | n > 2 } ⊆ { n | ¬Even n } := by
  intro n
  simp
  intro nprime n_gt
  rcases Nat.Prime.eq_two_or_odd nprime with h | h
  · rw [h]
    linarith
  · rw [Nat.odd_iff, h]

",,True,-1,"theorem t8 : { n | Nat.Prime n } ∩ { n | n > 2 } ⊆ { n | ¬Even n } := by
  simp
  intro n
  rcases Nat.Prime.eq_two_or_odd n with h | rfl
  · simp only [Bodd, h, implies_true]
  · linear_combination h
","💥️application type mismatch
  Nat.Prime.eq_two_or_odd n
argument
  n
has type
  ℕ : Type
but is expected to have type
  Nat.Prime ?m.2629 : Prop

💥️tactic 'subst' failed, invalid equality proof, it is not of the form (x = t) or (t = x)
  ?m.2629 % 2 = 1
case inr
n : ℕ
h✝ : ?m.2629 % 2 = 1
⊢ n ∈ {n | Nat.Prime n} ∩ {n | 2 < n} → n ∈ {n | Odd n}",False,60,MIL.C04_Sets_and_Functions.solutions.Solutions_S01_Sets,Qwen-7B-short,LENGTH,best_of_n,False,0,-1.0,CH04.t8,False
-1,False,7,"theorem t8 : { n | Nat.Prime n } ∩ { n | n > 2 } ⊆ { n | ¬Even n } := by
  intro n
  simp
  intro nprime n_gt
  rcases Nat.Prime.eq_two_or_odd nprime with h | h
  · rw [h]
    linarith
  · rw [Nat.odd_iff, h]

",,True,-1,"theorem t8 : { n | Nat.Prime n } ∩ { n | n > 2 } ⊆ { n | ¬Even n } := by
  simp
  intro nprime n_gt
  rcases Nat.Prime.eq_two_or_odd nprime with h | h
  · rw [h]
    linarith
  · rw [Nat.odd_iff, h]

","💥️application type mismatch
  Nat.Prime.eq_two_or_odd nprime
argument
  nprime
has type
  ℕ : Type
but is expected to have type
  Nat.Prime ?m.2632 : Prop

💥️tactic 'rewrite' failed, pattern is a metavariable
  ?m.2632
from equation
  ?m.2632 = 2
case inl
nprime : ℕ
n_gt : nprime ∈ {n | Nat.Prime n} ∩ {n | 2 < n}
h : ?m.2632 = 2
⊢ nprime ∈ {n | Odd n}

💥️tactic 'rewrite' failed, did not find instance of the pattern in the target expression
  Odd ?m.2982
case inr
nprime : ℕ
n_gt : nprime ∈ {n | Nat.Prime n} ∩ {n | 2 < n}
h : ?m.2632 % 2 = 1
⊢ nprime ∈ {n | Odd n}",False,60,MIL.C04_Sets_and_Functions.solutions.Solutions_S01_Sets,Qwen-7B-short,LENGTH,best_of_n,False,0,-1.0,CH04.t8,False
-1,False,7,"theorem t8 : { n | Nat.Prime n } ∩ { n | n > 2 } ⊆ { n | ¬Even n } := by
  intro n
  simp
  intro nprime n_gt
  rcases Nat.Prime.eq_two_or_odd nprime with h | h
  · rw [h]
    linarith
  · rw [Nat.odd_iff, h]

",,True,-1,"theorem t8 : { n | Nat.Prime n } ∩ { n | n > 2 } ⊆ { n | ¬Even n } := by
  intro n
  simp
  intro nprime n_gt
  rcases Nat.Prime.eq_two_or_odd nprime with h | h
  · rw [h]
    linarith
  · rw [Nat.odd_iff, h]
    linarith
",💥️no goals to be solved,False,60,MIL.C04_Sets_and_Functions.solutions.Solutions_S01_Sets,Qwen-7B-short,LENGTH,best_of_n,False,0,-1.0,CH04.t8,False
-1,False,7,"theorem t8 : { n | Nat.Prime n } ∩ { n | n > 2 } ⊆ { n | ¬Even n } := by
  intro n
  simp
  intro nprime n_gt
  rcases Nat.Prime.eq_two_or_odd nprime with h | h
  · rw [h]
    linarith
  · rw [Nat.odd_iff, h]

",,True,-1,"theorem t8 : { n | Nat.Prime n } ∩ { n | n > 2 } ⊆ { n | ¬Even n } := by
  simp only [subset_def, mem_inf_le]
  fintro n hn
  rcases Nat.Prime.eq_two_or_odd n.2 with h | h
  · rw [h]
    linarith
  · rw [Nat.odd_iff, h]

","💥️unknown tactic

💥️unsolved goals
⊢ ∀ x ∈ {n | Nat.Prime n} ∩ {n | n > 2}, x ∈ {n | ¬Even n}",False,60,MIL.C04_Sets_and_Functions.solutions.Solutions_S01_Sets,Qwen-7B-short,LENGTH,best_of_n,False,0,-1.0,CH04.t8,False
-1,False,7,"theorem t8 : { n | Nat.Prime n } ∩ { n | n > 2 } ⊆ { n | ¬Even n } := by
  intro n
  simp
  intro nprime n_gt
  rcases Nat.Prime.eq_two_or_odd nprime with h | h
  · rw [h]
    linarith
  · rw [Nat.odd_iff, h]

",,True,-1,"theorem t8 : { n | Nat.Prime n } ∩ { n | n > 2 } ⊆ { n | ¬Even n } := by
  simp
  intro n
  rcases Nat.Prime.eq_two_or_odd n with h | h
  · simp_all
  · linarith
","💥️application type mismatch
  Nat.Prime.eq_two_or_odd n
argument
  n
has type
  ℕ : Type
but is expected to have type
  Nat.Prime ?m.2629 : Prop

💥️unsolved goals
case inl
n : ℕ
h : ?m.2629 = 2
⊢ Nat.Prime n → 2 < n → Odd n

💥️linarith failed to find a contradiction
case inr
n : ℕ
h : ?m.2629 % 2 = 1
⊢ False failed",False,60,MIL.C04_Sets_and_Functions.solutions.Solutions_S01_Sets,Qwen-7B-short,LENGTH,best_of_n,False,0,-1.0,CH04.t8,False
-1,False,7,"theorem t8 : { n | Nat.Prime n } ∩ { n | n > 2 } ⊆ { n | ¬Even n } := by
  intro n
  simp
  intro nprime n_gt
  rcases Nat.Prime.eq_two_or_odd nprime with h | h
  · rw [h]
    linarith
  · rw [Nat.odd_iff, h]

",,True,-1,"theorem t8 : { n | Nat.Prime n } ∩ { n | n > 2 } ⊆ { n | ¬Even n } := by
  simpa only [and_assoc, and_congr_right_iff] using Nat.Prime.ne_even_iff n > 2
",💥️unknown constant 'Nat.Prime.ne_even_iff',False,60,MIL.C04_Sets_and_Functions.solutions.Solutions_S01_Sets,Qwen-7B-short,LENGTH,best_of_n,False,0,-1.0,CH04.t8,False
-1,False,7,"theorem t8 : { n | Nat.Prime n } ∩ { n | n > 2 } ⊆ { n | ¬Even n } := by
  intro n
  simp
  intro nprime n_gt
  rcases Nat.Prime.eq_two_or_odd nprime with h | h
  · rw [h]
    linarith
  · rw [Nat.odd_iff, h]

",,True,-1,"theorem t8 : { n | Nat.Prime n } ∩ { n | n > 2 } ⊆ { n | ¬Even n } := by
  simp only [subset_def,imes_def]
  rintro n (h | h) n_gt
  · simpa [even_iff] using h
  · simpa using h
","💥️unknown identifier 'imes_def'

💥️rcases tactic failed: not_unit✝ : IsUnit n → False is not an inductive datatype",False,60,MIL.C04_Sets_and_Functions.solutions.Solutions_S01_Sets,Qwen-7B-short,LENGTH,best_of_n,False,0,-1.0,CH04.t8,False
-1,False,7,"theorem t8 : { n | Nat.Prime n } ∩ { n | n > 2 } ⊆ { n | ¬Even n } := by
  intro n
  simp
  intro nprime n_gt
  rcases Nat.Prime.eq_two_or_odd nprime with h | h
  · rw [h]
    linarith
  · rw [Nat.odd_iff, h]

",,True,-1,"theorem t8 : { n | Nat.Prime n } ∩ { n | n > 2 } ⊆ { n | ¬Even n } := by
  intro n
  simp
  intro nprime n_gt
  rcases Nat.Prime.eq_two_or_odd nprime with h | h
  · rw [h]
    linear_combination (Nat.even_iff_succ_div_two primes n_gt).mpr (By simp)
  · rw [Nat.odd_iff, h]

",💥️Not a comparison: Odd 2,False,60,MIL.C04_Sets_and_Functions.solutions.Solutions_S01_Sets,Qwen-7B-short,LENGTH,best_of_n,False,0,-1.0,CH04.t8,False
-1,False,7,"theorem t8 : { n | Nat.Prime n } ∩ { n | n > 2 } ⊆ { n | ¬Even n } := by
  intro n
  simp
  intro nprime n_gt
  rcases Nat.Prime.eq_two_or_odd nprime with h | h
  · rw [h]
    linarith
  · rw [Nat.odd_iff, h]

",,True,-1,"theorem t8 : { n | Nat.Prime n } ∩ { n | n > 2 } ⊆ { n | ¬Even n } := by
  simp
  intros n prime n_gt
  rcases Nat.Prime.eq_two_or_odd nprime with h | h
  · rw [h]
    linarith
  · rw [Nat.odd_iff, h]
    linarith
","💥️tactic 'introN' failed, insufficient number of binders
⊢ {n | Nat.Prime n} ∩ {n | 2 < n} ⊆ {n | Odd n}",False,60,MIL.C04_Sets_and_Functions.solutions.Solutions_S01_Sets,Qwen-7B-short,LENGTH,best_of_n,False,0,-1.0,CH04.t8,False
-1,False,7,"theorem t8 : { n | Nat.Prime n } ∩ { n | n > 2 } ⊆ { n | ¬Even n } := by
  intro n
  simp
  intro nprime n_gt
  rcases Nat.Prime.eq_two_or_odd nprime with h | h
  · rw [h]
    linarith
  · rw [Nat.odd_iff, h]

",,True,-1,"theorem t8 : { n | Nat.Prime n } ∩ { n | n > 2 } ⊆ { n | ¬ Even n } := by
  simpa only using primes_ge_iff.2 t8
",💥️unknown identifier 'primes_ge_iff',False,60,MIL.C04_Sets_and_Functions.solutions.Solutions_S01_Sets,Qwen-7B-short,LENGTH,best_of_n,False,0,-1.0,CH04.t8,False
-1,False,7,"theorem t8 : { n | Nat.Prime n } ∩ { n | n > 2 } ⊆ { n | ¬Even n } := by
  intro n
  simp
  intro nprime n_gt
  rcases Nat.Prime.eq_two_or_odd nprime with h | h
  · rw [h]
    linarith
  · rw [Nat.odd_iff, h]

",,True,8,"theorem t8 : { n | Nat.Prime n } ∩ { n | n > 2 } ⊆ { n | ¬Even n } := by
  simp
  intro n
  simp
  intro nprime n_gt
  rcases Nat.Prime.eq_two_or_odd nprime with h | h
  · rw [h]
    linarith
  · rw [Nat.odd_iff, h]
",,True,60,MIL.C04_Sets_and_Functions.solutions.Solutions_S01_Sets,Qwen-7B-short,LENGTH,best_of_n,False,0,-0.142857,CH04.t8,False
-1,False,7,"theorem t8 : { n | Nat.Prime n } ∩ { n | n > 2 } ⊆ { n | ¬Even n } := by
  intro n
  simp
  intro nprime n_gt
  rcases Nat.Prime.eq_two_or_odd nprime with h | h
  · rw [h]
    linarith
  · rw [Nat.odd_iff, h]

",,True,-1,"theorem t8 : { n | Nat.Prime n } ∩ { n | n > 2 } ⊆ { n | ¬Even n } := by
  simp
  rintro _ ⟨n, h⟩
  rcases Nat.Prime.eq_two_or_odd n with h | h
  · simpa [h] using h
  · simpa [h] using Nat.odd_iff h
","💥️type mismatch, term
  h
after simplification has type
  True : Prop
but is expected to have type
  Odd 2 : Prop

💥️function expected at
  Nat.odd_iff
term has type
  Odd ?m.2773 ↔ ?m.2773 % 2 = 1",False,60,MIL.C04_Sets_and_Functions.solutions.Solutions_S01_Sets,Qwen-7B-short,LENGTH,best_of_n,False,0,-1.0,CH04.t8,False
-1,False,7,"theorem t8 : { n | Nat.Prime n } ∩ { n | n > 2 } ⊆ { n | ¬Even n } := by
  intro n
  simp
  intro nprime n_gt
  rcases Nat.Prime.eq_two_or_odd nprime with h | h
  · rw [h]
    linarith
  · rw [Nat.odd_iff, h]

",,True,-1,"theorem t8 : { n | Nat.Prime n } ∩ { n | n > 2 } ⊆ { n | ¬Even n } := by
  simpa only [not_even, even_iff]
","💥️unknown identifier 'not_even'

💥️unknown identifier 'even_iff'

💥️tactic 'assumption' failed
⊢ {n | Nat.Prime n} ∩ {n | n > 2} ⊆ {n | ¬Even n}",False,60,MIL.C04_Sets_and_Functions.solutions.Solutions_S01_Sets,Qwen-7B-short,LENGTH,best_of_n,False,0,-1.0,CH04.t8,False
-1,False,7,"theorem t8 : { n | Nat.Prime n } ∩ { n | n > 2 } ⊆ { n | ¬Even n } := by
  intro n
  simp
  intro nprime n_gt
  rcases Nat.Prime.eq_two_or_odd nprime with h | h
  · rw [h]
    linarith
  · rw [Nat.odd_iff, h]

",,True,-1,"theorem t8 : { n | Nat.Prime n } ∩ { n | n > 2 } ⊆ { n | ¬Even n } := by
  simp
  intro n
  rcases Nat.Prime.eq_two_or_odd n prime n_gt with h | h
  · rw [h]
    linarith
  · rw [Nat.odd_iff, h]
","💥️application type mismatch
  Nat.Prime.eq_two_or_odd n
argument
  n
has type
  ℕ : Type
but is expected to have type
  Nat.Prime ?m.2629 : Prop

💥️rcases tactic failed: x✝ : ?m.2980 is not an inductive datatype",False,60,MIL.C04_Sets_and_Functions.solutions.Solutions_S01_Sets,Qwen-7B-short,LENGTH,best_of_n,False,0,-1.0,CH04.t8,False
-1,False,7,"theorem t8 : { n | Nat.Prime n } ∩ { n | n > 2 } ⊆ { n | ¬Even n } := by
  intro n
  simp
  intro nprime n_gt
  rcases Nat.Prime.eq_two_or_odd nprime with h | h
  · rw [h]
    linarith
  · rw [Nat.odd_iff, h]

",,True,-1,"theorem t8 : { n | Nat.Prime n } ∩ { n | n > 2 } ⊆ { n | ¬Even n } := by
  simpa only [and_assoc, Nat.Prime.ne_even_iff]
","💥️unknown constant 'Nat.Prime.ne_even_iff'

💥️tactic 'assumption' failed
⊢ {n | Nat.Prime n} ∩ {n | n > 2} ⊆ {n | ¬Even n}",False,60,MIL.C04_Sets_and_Functions.solutions.Solutions_S01_Sets,Qwen-7B-short,LENGTH,best_of_n,False,0,-1.0,CH04.t8,False
-1,False,7,"theorem t8 : { n | Nat.Prime n } ∩ { n | n > 2 } ⊆ { n | ¬Even n } := by
  intro n
  simp
  intro nprime n_gt
  rcases Nat.Prime.eq_two_or_odd nprime with h | h
  · rw [h]
    linarith
  · rw [Nat.odd_iff, h]

",,True,-1,"theorem t8 : { n | Nat.Prime n } ∩ { n | n > 2 } ⊆ { n | ¬Even n } := by
  simp
  intro n
  simp
  intro nprime n_gt
  rcases Nat.Prime.eq_two_or_odd nprime with h | h
  · rw [h, Nat.not_even]
  · rw [Nat.odd_iff, h, Nat.not_even]
","💥️unknown constant 'Nat.not_even'

💥️tactic 'rewrite' failed, equality or iff proof expected
  ?m.4929
case inl
n : ℕ
nprime : Nat.Prime n
n_gt : 2 < n
h : n = 2
⊢ Odd 2

💥️unknown constant 'Nat.not_even'

💥️tactic 'rewrite' failed, equality or iff proof expected
  ?m.4938
case inr
n : ℕ
nprime : Nat.Prime n
n_gt : 2 < n
h : n % 2 = 1
⊢ 1 = 1",False,60,MIL.C04_Sets_and_Functions.solutions.Solutions_S01_Sets,Qwen-7B-short,LENGTH,best_of_n,False,0,-1.0,CH04.t8,False
-1,False,7,"theorem t8 : { n | Nat.Prime n } ∩ { n | n > 2 } ⊆ { n | ¬Even n } := by
  intro n
  simp
  intro nprime n_gt
  rcases Nat.Prime.eq_two_or_odd nprime with h | h
  · rw [h]
    linarith
  · rw [Nat.odd_iff, h]

",,True,-1,"theorem t8 : { n | Nat.Prime n } ∩ { n | n > 2 } ⊆ { n | ¬Even n } := by
  simp
  intro n
  simp only [subset_def, mem_setOf_eq, Nat.Prime.den]
  intro nprime n_gt
  rcases Nat.Prime.eq_two_or_odd nprime with h | h
  · rw [h]
    linarith
  · rw [Nat.odd_iff, h]
    linarith
","💥️unknown constant 'Nat.Prime.den'

💥️tactic 'introN' failed, insufficient number of binders
n : ℕ
nprime : n ∈ {n | Nat.Prime n} ∩ {n | 2 < n}
⊢ Odd n",False,60,MIL.C04_Sets_and_Functions.solutions.Solutions_S01_Sets,Qwen-7B-short,LENGTH,best_of_n,False,0,-1.0,CH04.t8,False
-1,False,7,"theorem t8 : { n | Nat.Prime n } ∩ { n | n > 2 } ⊆ { n | ¬Even n } := by
  intro n
  simp
  intro nprime n_gt
  rcases Nat.Prime.eq_two_or_odd nprime with h | h
  · rw [h]
    linarith
  · rw [Nat.odd_iff, h]

",,True,-1,"theorem t8 : { n | Nat.Prime n } ∩ { n | n > 2 } ⊆ { n | ¬Even n } := by
  simpa only [← Even, Nat.Prime.ne_two] using Nat.even_iff_le 2 (Nat.not_even n)
","💥️invalid '←' modifier, 'Even' is a declaration name to be unfolded

💥️unknown constant 'Nat.Prime.ne_two'

💥️unknown constant 'Nat.even_iff_le'",False,60,MIL.C04_Sets_and_Functions.solutions.Solutions_S01_Sets,Qwen-7B-short,LENGTH,best_of_n,False,0,-1.0,CH04.t8,False
-1,False,7,"theorem t8 : { n | Nat.Prime n } ∩ { n | n > 2 } ⊆ { n | ¬Even n } := by
  intro n
  simp
  intro nprime n_gt
  rcases Nat.Prime.eq_two_or_odd nprime with h | h
  · rw [h]
    linarith
  · rw [Nat.odd_iff, h]

",,True,-1,"theorem t8 : { n | Nat.Prime n } ∩ { n | n > 2 } ⊆ { n | ¬Even n } := by
  simp
  intro n
  simp
  intro nprime n_gt
  rcases Nat.Prime.eq_two_or_odd nprime with h | h
  · rw [h]
    linarith
  · rw [Nat.odd_iff, h]
    linarith
",💥️no goals to be solved,False,60,MIL.C04_Sets_and_Functions.solutions.Solutions_S01_Sets,Qwen-7B-short,LENGTH,best_of_n,False,0,-1.0,CH04.t8,False
-1,False,7,"theorem t8 : { n | Nat.Prime n } ∩ { n | n > 2 } ⊆ { n | ¬Even n } := by
  intro n
  simp
  intro nprime n_gt
  rcases Nat.Prime.eq_two_or_odd nprime with h | h
  · rw [h]
    linarith
  · rw [Nat.odd_iff, h]

",,True,-1,"theorem t8 : { n | Nat.Prime n } ∩ { n | n > 2 } ⊆ { n | ¬Even n } := by
  simp only [Nat.Prime, Finset.mem_setOf_eq, Set.mem_diff, Set.mem_univ, true_and]
  exact fun n_prime n_gt => hne (Nat.Prime.ne_two_iff h {|n_prime|}) n_gt
","💥️unknown constant 'Finset.mem_setOf_eq'

💥️unknown identifier 'hne'",False,60,MIL.C04_Sets_and_Functions.solutions.Solutions_S01_Sets,Qwen-7B-short,LENGTH,best_of_n,False,0,-1.0,CH04.t8,False
-1,False,7,"theorem t8 : { n | Nat.Prime n } ∩ { n | n > 2 } ⊆ { n | ¬Even n } := by
  intro n
  simp
  intro nprime n_gt
  rcases Nat.Prime.eq_two_or_odd nprime with h | h
  · rw [h]
    linarith
  · rw [Nat.odd_iff, h]

",,True,-1,"theorem t8 : { n | Nat.Prime n } ∩ { n | n > 2 } ⊆ { n | ¬Even n } := by
  simp
  rintro nScalars nMult
  rcases Nat.Prime.eq_two_or_odd nScalars with h | h
  · rw [h]
    linarith
  · rw [Nat.odd_iff, h]
    linarith
","💥️application type mismatch
  Nat.Prime.eq_two_or_odd nScalars
argument
  nScalars
has type
  ℕ : Type
but is expected to have type
  Nat.Prime ?m.2632 : Prop

💥️tactic 'rewrite' failed, pattern is a metavariable
  ?m.2632
from equation
  ?m.2632 = 2
case inl
nScalars : ℕ
nMult : nScalars ∈ {n | Nat.Prime n} ∩ {n | 2 < n}
h : ?m.2632 = 2
⊢ nScalars ∈ {n | Odd n}

💥️tactic 'rewrite' failed, did not find instance of the pattern in the target expression
  Odd ?m.2982
case inr
nScalars : ℕ
nMult : nScalars ∈ {n | Nat.Prime n} ∩ {n | 2 < n}
h : ?m.2632 % 2 = 1
⊢ nScalars ∈ {n | Odd n}",False,60,MIL.C04_Sets_and_Functions.solutions.Solutions_S01_Sets,Qwen-7B-short,LENGTH,best_of_n,False,0,-1.0,CH04.t8,False
-1,False,7,"theorem t8 : { n | Nat.Prime n } ∩ { n | n > 2 } ⊆ { n | ¬Even n } := by
  intro n
  simp
  intro nprime n_gt
  rcases Nat.Prime.eq_two_or_odd nprime with h | h
  · rw [h]
    linarith
  · rw [Nat.odd_iff, h]

",,True,-1,"theorem t8 : { n | Nat.Prime n } ∩ { n | n > 2 } ⊆ { n | ¬Even n } := by
  simp
  intro n
  rcases Nat.Prime.eq_two_or_odd n with h | h
  · rw [h]
    linarith
  · rw [Nat.odd_iff, h?


","💥️unexpected end of input; expected ']'

💥️tactic 'rewrite' failed, did not find instance of the pattern in the target expression
  Odd ?m.2985
case inr
n : ℕ
h : ?m.2629 % 2 = 1
⊢ n ∈ {n | Nat.Prime n} ∩ {n | 2 < n} → n ∈ {n | Odd n}",False,60,MIL.C04_Sets_and_Functions.solutions.Solutions_S01_Sets,Qwen-7B-short,LENGTH,best_of_n,False,0,-1.0,CH04.t8,False
-1,False,7,"theorem t8 : { n | Nat.Prime n } ∩ { n | n > 2 } ⊆ { n | ¬Even n } := by
  intro n
  simp
  intro nprime n_gt
  rcases Nat.Prime.eq_two_or_odd nprime with h | h
  · rw [h]
    linarith
  · rw [Nat.odd_iff, h]

",,True,-1,"theorem t8 : { n | Nat.Prime n } ∩ { n | n > 2 } ⊆ { n | ¬Even n } := by
  simp
  intro n
  rcases Nat.Prime.eq_two_or_odd n.1 with h | h
  · rw [h]
    linarith
  · rw [Nat.odd_iff, h]
    linarith
","💥️invalid projection, structure expected
  n
has type
  ℕ

💥️tactic 'rewrite' failed, pattern is a metavariable
  ?m.2629
from equation
  ?m.2629 = 2
case inl
n : ℕ
h : ?m.2629 = 2
⊢ n ∈ {n | Nat.Prime n} ∩ {n | 2 < n} → n ∈ {n | Odd n}

💥️tactic 'rewrite' failed, did not find instance of the pattern in the target expression
  Odd ?m.2672
case inr
n : ℕ
h : ?m.2629 % 2 = 1
⊢ n ∈ {n | Nat.Prime n} ∩ {n | 2 < n} → n ∈ {n | Odd n}",False,60,MIL.C04_Sets_and_Functions.solutions.Solutions_S01_Sets,Qwen-7B-short,LENGTH,best_of_n,False,0,-1.0,CH04.t8,False
-1,False,7,"theorem t8 : { n | Nat.Prime n } ∩ { n | n > 2 } ⊆ { n | ¬Even n } := by
  intro n
  simp
  intro nprime n_gt
  rcases Nat.Prime.eq_two_or_odd nprime with h | h
  · rw [h]
    linarith
  · rw [Nat.odd_iff, h]

",,True,-1,"theorem t8 : { n | Nat.Prime n } ∩ { n | n > 2 } ⊆ { n | ¬Even n } := by
  simp
  intro nprime n_gt
  obtain rfl | rfl : Nat.Prime nprime := Nat.prime_or_not (k := n')
  · rw [this, Nat Even n_gt, show ¬ Even 2 by decide, Hence.bot]
  · linarith
","💥️unknown constant 'Nat.prime_or_not'

💥️rcases tactic failed: not_unit✝ : IsUnit nprime → False is not an inductive datatype",False,60,MIL.C04_Sets_and_Functions.solutions.Solutions_S01_Sets,Qwen-7B-short,LENGTH,best_of_n,False,0,-1.0,CH04.t8,False
-1,False,7,"theorem t8 : { n | Nat.Prime n } ∩ { n | n > 2 } ⊆ { n | ¬Even n } := by
  intro n
  simp
  intro nprime n_gt
  rcases Nat.Prime.eq_two_or_odd nprime with h | h
  · rw [h]
    linarith
  · rw [Nat.odd_iff, h]

",,True,-1,"theorem t8 : { n | Nat.Prime n } ∩ { n | n > 2 } ⊆ { n | ¬Even n } := by
  simp
  intro n prime n_gt
  rcases Nat.Prime.eq_two_or_odd nprime with h | h
  · simp_all
  · rw [N.odd_iff, h]

","💥️tactic 'introN' failed, insufficient number of binders
n : ℕ
prime : n ∈ {n | Nat.Prime n} ∩ {n | 2 < n}
⊢ n ∈ {n | Odd n}",False,60,MIL.C04_Sets_and_Functions.solutions.Solutions_S01_Sets,Qwen-7B-short,LENGTH,best_of_n,False,0,-1.0,CH04.t8,False
-1,False,7,"theorem t8 : { n | Nat.Prime n } ∩ { n | n > 2 } ⊆ { n | ¬Even n } := by
  intro n
  simp
  intro nprime n_gt
  rcases Nat.Prime.eq_two_or_odd nprime with h | h
  · rw [h]
    linarith
  · rw [Nat.odd_iff, h]

",,True,-1,"theorem t8 : { n | Nat.Prime n } ∩ { n | n > 2 } ⊆ { n | ¬Even n } := by
  simp
  intro n
  simp only [Nat.Prime, exists, id.def]
","💥️unexpected token ','; expected '(', '_' or identifier

💥️unsolved goals
n : ℕ
⊢ n ∈ {n | Irreducible n} ∩ {n | 2 < n} → n ∈ {n | Odd n}",False,60,MIL.C04_Sets_and_Functions.solutions.Solutions_S01_Sets,Qwen-7B-short,LENGTH,best_of_n,False,0,-1.0,CH04.t8,False
-1,False,7,"theorem t8 : { n | Nat.Prime n } ∩ { n | n > 2 } ⊆ { n | ¬Even n } := by
  intro n
  simp
  intro nprime n_gt
  rcases Nat.Prime.eq_two_or_odd nprime with h | h
  · rw [h]
    linarith
  · rw [Nat.odd_iff, h]

",,True,-1,"theorem t8 : { n | Nat.Prime n } ∩ { n | n > 2 } ⊆ { n | ¬Even n } := by
  simp
  intros n
  simp only [Nat.ne_even, tsub_le_neg, abs_le]
","💥️unknown constant 'Nat.ne_even'

💥️unknown identifier 'tsub_le_neg'

💥️simp made no progress",False,60,MIL.C04_Sets_and_Functions.solutions.Solutions_S01_Sets,Qwen-7B-short,LENGTH,best_of_n,False,0,-1.0,CH04.t8,False
-1,False,7,"theorem t8 : { n | Nat.Prime n } ∩ { n | n > 2 } ⊆ { n | ¬Even n } := by
  intro n
  simp
  intro nprime n_gt
  rcases Nat.Prime.eq_two_or_odd nprime with h | h
  · rw [h]
    linarith
  · rw [Nat.odd_iff, h]

",,True,-1,"lemma t8 : { n | Nat.Prime n } ∩ { n | n > 2 } ⊆ { n | ¬Even n } := by
  simp
  intro n
  simp [Nat.Prime_eq_two_or_odd]
","💥️unknown constant 'Nat.Prime_eq_two_or_odd'

💥️unsolved goals
n : ℕ
⊢ Nat.Prime n → 2 < n → Odd n",False,60,MIL.C04_Sets_and_Functions.solutions.Solutions_S01_Sets,Qwen-7B-short,LENGTH,best_of_n,False,0,-1.0,CH04.t8,False
-1,False,7,"theorem t8 : { n | Nat.Prime n } ∩ { n | n > 2 } ⊆ { n | ¬Even n } := by
  intro n
  simp
  intro nprime n_gt
  rcases Nat.Prime.eq_two_or_odd nprime with h | h
  · rw [h]
    linarith
  · rw [Nat.odd_iff, h]

",,True,-1,"theorem t8 : { n | Nat.Prime n } ∩ { n | n > 2 } ⊆ { n | ¬Even n } := by
  simp
  rintro n_prime n_gt
  rcases Nat.Prime.eq_two_or_odd n_prime with h | h
  · rw [h]
    linarith
  · rw [Nat.odd_iff, h]
    linarith
","💥️application type mismatch
  Nat.Prime.eq_two_or_odd n_prime
argument
  n_prime
has type
  ℕ : Type
but is expected to have type
  Nat.Prime ?m.2632 : Prop

💥️tactic 'rewrite' failed, pattern is a metavariable
  ?m.2632
from equation
  ?m.2632 = 2
case inl
n_prime : ℕ
n_gt : n_prime ∈ {n | Nat.Prime n} ∩ {n | 2 < n}
h : ?m.2632 = 2
⊢ n_prime ∈ {n | Odd n}

💥️tactic 'rewrite' failed, did not find instance of the pattern in the target expression
  Odd ?m.2982
case inr
n_prime : ℕ
n_gt : n_prime ∈ {n | Nat.Prime n} ∩ {n | 2 < n}
h : ?m.2632 % 2 = 1
⊢ n_prime ∈ {n | Odd n}",False,60,MIL.C04_Sets_and_Functions.solutions.Solutions_S01_Sets,Qwen-7B-short,LENGTH,best_of_n,False,0,-1.0,CH04.t8,False
-1,False,7,"theorem t8 : { n | Nat.Prime n } ∩ { n | n > 2 } ⊆ { n | ¬Even n } := by
  intro n
  simp
  intro nprime n_gt
  rcases Nat.Prime.eq_two_or_odd nprime with h | h
  · rw [h]
    linarith
  · rw [Nat.odd_iff, h]

",,True,-1,"theorem t8 : { n | Nat.Prime n } ∩ { n | n > 2 } ⊆ { n | ¬Even n } := by
  simpa
","💥️tactic 'assumption' failed
⊢ {n | Nat.Prime n} ∩ {n | 2 < n} ⊆ {n | Odd n}",False,60,MIL.C04_Sets_and_Functions.solutions.Solutions_S01_Sets,Qwen-7B-short,LENGTH,best_of_n,False,0,-1.0,CH04.t8,False
-1,False,7,"theorem t8 : { n | Nat.Prime n } ∩ { n | n > 2 } ⊆ { n | ¬Even n } := by
  intro n
  simp
  intro nprime n_gt
  rcases Nat.Prime.eq_two_or_odd nprime with h | h
  · rw [h]
    linarith
  · rw [Nat.odd_iff, h]

",,True,-1,"theorem t8 : { n | Nat.Prime n } ∩ { n | n > 2 } ⊆ { n | ¬Even n } := by
  simp
  intro n
  rcases Nat.Prime.eq_two_or_odd n.1 with h | h
  · rw [h]
    linarith
  · rw [Nat.odd_iff, h]
","💥️invalid projection, structure expected
  n
has type
  ℕ

💥️tactic 'rewrite' failed, pattern is a metavariable
  ?m.2629
from equation
  ?m.2629 = 2
case inl
n : ℕ
h : ?m.2629 = 2
⊢ n ∈ {n | Nat.Prime n} ∩ {n | 2 < n} → n ∈ {n | Odd n}

💥️tactic 'rewrite' failed, did not find instance of the pattern in the target expression
  Odd ?m.2672
case inr
n : ℕ
h : ?m.2629 % 2 = 1
⊢ n ∈ {n | Nat.Prime n} ∩ {n | 2 < n} → n ∈ {n | Odd n}",False,60,MIL.C04_Sets_and_Functions.solutions.Solutions_S01_Sets,Qwen-7B-short,LENGTH,best_of_n,False,0,-1.0,CH04.t8,False
-1,False,7,"theorem t8 : { n | Nat.Prime n } ∩ { n | n > 2 } ⊆ { n | ¬Even n } := by
  intro n
  simp
  intro nprime n_gt
  rcases Nat.Prime.eq_two_or_odd nprime with h | h
  · rw [h]
    linarith
  · rw [Nat.odd_iff, h]

",,True,-1,"theorem t8 : { n | Nat.Prime n } ∩ { n | n > 2 } ⊆ { n | ¬Even n } := by
  simp
  intro n
  rcases Nat.Prime.eq_two_or_odd n.1 with h | h
  · simp_all
  · rw [Nat.odd_iff, h]
    linarith
","💥️invalid projection, structure expected
  n
has type
  ℕ

💥️unsolved goals
case inl
n : ℕ
h : ?m.2629 = 2
⊢ Nat.Prime n → 2 < n → Odd n

💥️tactic 'rewrite' failed, did not find instance of the pattern in the target expression
  Odd ?m.6650
case inr
n : ℕ
h : ?m.2629 % 2 = 1
⊢ n ∈ {n | Nat.Prime n} ∩ {n | 2 < n} → n ∈ {n | Odd n}",False,60,MIL.C04_Sets_and_Functions.solutions.Solutions_S01_Sets,Qwen-7B-short,LENGTH,best_of_n,False,0,-1.0,CH04.t8,False
-1,False,7,"theorem t8 : { n | Nat.Prime n } ∩ { n | n > 2 } ⊆ { n | ¬Even n } := by
  intro n
  simp
  intro nprime n_gt
  rcases Nat.Prime.eq_two_or_odd nprime with h | h
  · rw [h]
    linarith
  · rw [Nat.odd_iff, h]

",,True,-1,"theorem t8 : { n | Nat.Prime n } ∩ { n | n > 2 } ⊆ { n | ¬Even n } := by
  simpa only using Nat.Prime.eq_two_or_odd _ |>.symm <|
   Nat.even_iff_neven.mpr _
","💥️function expected at
  Or.symm (Nat.Prime.eq_two_or_odd ?m.2178)
term has type
  ?m.2177 % 2 = 1 ∨ ?m.2177 = 2",False,60,MIL.C04_Sets_and_Functions.solutions.Solutions_S01_Sets,Qwen-7B-short,LENGTH,best_of_n,False,0,-1.0,CH04.t8,False
-1,False,7,"theorem t8 : { n | Nat.Prime n } ∩ { n | n > 2 } ⊆ { n | ¬Even n } := by
  intro n
  simp
  intro nprime n_gt
  rcases Nat.Prime.eq_two_or_odd nprime with h | h
  · rw [h]
    linarith
  · rw [Nat.odd_iff, h]

",,True,-1,"theorem t8 : { n | Nat.Prime n } ∩ { n | n > 2 } ⊆ { n | ¬Even n } := by
  simpa only [Nat.Prime, Nat.not_even]
","💥️unknown constant 'Nat.not_even'

💥️tactic 'assumption' failed
⊢ {n | Irreducible n} ∩ {n | n > 2} ⊆ {n | ¬Even n}",False,60,MIL.C04_Sets_and_Functions.solutions.Solutions_S01_Sets,Qwen-7B-short,LENGTH,best_of_n,False,0,-1.0,CH04.t8,False
-1,False,7,"theorem t8 : { n | Nat.Prime n } ∩ { n | n > 2 } ⊆ { n | ¬Even n } := by
  intro n
  simp
  intro nprime n_gt
  rcases Nat.Prime.eq_two_or_odd nprime with h | h
  · rw [h]
    linarith
  · rw [Nat.odd_iff, h]

",,True,-1,"theorem t8 : { n | Nat.Prime n } ∩ { n | n > 2 } ⊆ { n | ¬Even n } := by
  intro n
  rw [← Nat.even_iff, Nat.not_even_one, Even Nat.even_iff]
  linarith
","💥️tactic 'rewrite' failed, did not find instance of the pattern in the target expression
  ?m.2117 % 2 = 0
n : ℕ
⊢ n ∈ {n | Nat.Prime n} ∩ {n | n > 2} → n ∈ {n | ¬Even n}",False,60,MIL.C04_Sets_and_Functions.solutions.Solutions_S01_Sets,Qwen-7B-short,LENGTH,best_of_n,False,0,-1.0,CH04.t8,False
-1,False,7,"theorem t8 : { n | Nat.Prime n } ∩ { n | n > 2 } ⊆ { n | ¬Even n } := by
  intro n
  simp
  intro nprime n_gt
  rcases Nat.Prime.eq_two_or_odd nprime with h | h
  · rw [h]
    linarith
  · rw [Nat.odd_iff, h]

",,True,-1,"theorem t8 : { n | Nat.Prime n } ∩ { n | n > 2 } ⊆ { n | ¬Even n } := by
  simpa only [comp_def, mem_set_iff, and_iff_right_iff, Nat primes]
    using Nat.Prime.ne_even_iff
","💥️unknown identifier 'comp_def'

💥️unknown identifier 'mem_set_iff'

💥️unknown identifier 'and_iff_right_iff'

💥️function expected at
  ℕ
term has type
  Type

💥️unknown constant 'Nat.Prime.ne_even_iff'",False,60,MIL.C04_Sets_and_Functions.solutions.Solutions_S01_Sets,Qwen-7B-short,LENGTH,best_of_n,False,0,-1.0,CH04.t8,False
-1,False,7,"theorem t8 : { n | Nat.Prime n } ∩ { n | n > 2 } ⊆ { n | ¬Even n } := by
  intro n
  simp
  intro nprime n_gt
  rcases Nat.Prime.eq_two_or_odd nprime with h | h
  · rw [h]
    linarith
  · rw [Nat.odd_iff, h]

",,True,-1,"theorem t8 : { n | Nat.Prime n } ∩ { n | n > 2 } ⊆ { n | ¬Even n } := by
  simpa only
    using Nat.Prime.not_even _ (some n), Filter.mem_not
",💥️unknown constant 'Nat.Prime.not_even',False,60,MIL.C04_Sets_and_Functions.solutions.Solutions_S01_Sets,Qwen-7B-short,LENGTH,best_of_n,False,0,-1.0,CH04.t8,False
-1,False,7,"theorem t8 : { n | Nat.Prime n } ∩ { n | n > 2 } ⊆ { n | ¬Even n } := by
  intro n
  simp
  intro nprime n_gt
  rcases Nat.Prime.eq_two_or_odd nprime with h | h
  · rw [h]
    linarith
  · rw [Nat.odd_iff, h]

",,True,-1,"theorem t8 : { n | Nat.Prime n } ∩ { n | n > 2 } ⊆ { n | ¬Even n } := by
  simp
  intro n
  rcases Nat.Prime.eq_two_or_odd n with h | h
  · rw [h]
    linarith
  · rw [Nat.odd_iff, h]
    linarith
","💥️application type mismatch
  Nat.Prime.eq_two_or_odd n
argument
  n
has type
  ℕ : Type
but is expected to have type
  Nat.Prime ?m.2629 : Prop

💥️tactic 'rewrite' failed, pattern is a metavariable
  ?m.2629
from equation
  ?m.2629 = 2
case inl
n : ℕ
h : ?m.2629 = 2
⊢ n ∈ {n | Nat.Prime n} ∩ {n | 2 < n} → n ∈ {n | Odd n}

💥️tactic 'rewrite' failed, did not find instance of the pattern in the target expression
  Odd ?m.2985
case inr
n : ℕ
h : ?m.2629 % 2 = 1
⊢ n ∈ {n | Nat.Prime n} ∩ {n | 2 < n} → n ∈ {n | Odd n}",False,60,MIL.C04_Sets_and_Functions.solutions.Solutions_S01_Sets,Qwen-7B-short,LENGTH,best_of_n,False,0,-1.0,CH04.t8,False
-1,False,7,"theorem t8 : { n | Nat.Prime n } ∩ { n | n > 2 } ⊆ { n | ¬Even n } := by
  intro n
  simp
  intro nprime n_gt
  rcases Nat.Prime.eq_two_or_odd nprime with h | h
  · rw [h]
    linarith
  · rw [Nat.odd_iff, h]

",,True,-1,"theorem t8 : { n | Nat.Prime n } ∩ { n | n > 2 } ⊆ { n | ¬Even n } := by
  simp
  intro n
  rcases Nat.Prime.eq_two_or_odd n.1 with h | h
  · rw [h]
    linarith
  · rw [Nat.odd_iff, h]
    linarith
","💥️invalid projection, structure expected
  n
has type
  ℕ

💥️tactic 'rewrite' failed, pattern is a metavariable
  ?m.2629
from equation
  ?m.2629 = 2
case inl
n : ℕ
h : ?m.2629 = 2
⊢ n ∈ {n | Nat.Prime n} ∩ {n | 2 < n} → n ∈ {n | Odd n}

💥️tactic 'rewrite' failed, did not find instance of the pattern in the target expression
  Odd ?m.2672
case inr
n : ℕ
h : ?m.2629 % 2 = 1
⊢ n ∈ {n | Nat.Prime n} ∩ {n | 2 < n} → n ∈ {n | Odd n}",False,60,MIL.C04_Sets_and_Functions.solutions.Solutions_S01_Sets,Qwen-7B-short,LENGTH,best_of_n,False,0,-1.0,CH04.t8,False
-1,False,7,"theorem t8 : { n | Nat.Prime n } ∩ { n | n > 2 } ⊆ { n | ¬Even n } := by
  intro n
  simp
  intro nprime n_gt
  rcases Nat.Prime.eq_two_or_odd nprime with h | h
  · rw [h]
    linarith
  · rw [Nat.odd_iff, h]

",,True,-1,"theorem t8 : { n | Nat.Prime n } ∩ { n | n > 2 } ⊆ { n | ¬Even n } := by
  simp
  intro n
  rcases Nat.Prime.eq_two_or_odd n with h | h
  · rw [h]
    linarith
  · rw [Nat.odd_iff, h]
","💥️application type mismatch
  Nat.Prime.eq_two_or_odd n
argument
  n
has type
  ℕ : Type
but is expected to have type
  Nat.Prime ?m.2629 : Prop

💥️tactic 'rewrite' failed, pattern is a metavariable
  ?m.2629
from equation
  ?m.2629 = 2
case inl
n : ℕ
h : ?m.2629 = 2
⊢ n ∈ {n | Nat.Prime n} ∩ {n | 2 < n} → n ∈ {n | Odd n}

💥️tactic 'rewrite' failed, did not find instance of the pattern in the target expression
  Odd ?m.2985
case inr
n : ℕ
h : ?m.2629 % 2 = 1
⊢ n ∈ {n | Nat.Prime n} ∩ {n | 2 < n} → n ∈ {n | Odd n}",False,60,MIL.C04_Sets_and_Functions.solutions.Solutions_S01_Sets,Qwen-7B-short,LENGTH,best_of_n,False,0,-1.0,CH04.t8,False
-1,False,7,"theorem t8 : { n | Nat.Prime n } ∩ { n | n > 2 } ⊆ { n | ¬Even n } := by
  intro n
  simp
  intro nprime n_gt
  rcases Nat.Prime.eq_two_or_odd nprime with h | h
  · rw [h]
    linarith
  · rw [Nat.odd_iff, h]

",,True,-1,"theorem t8 : { n | Nat.Prime n } ∩ { n | n > 2 } ⊆ { n | ¬Even n } := by
  intro n
  simp
  intro nprime n_gt
  obtain rfl | rfl : Nat.Prime nprime = 2 ∨ Even nprime := Nat.even_or_ne Even
  · exact (rfl : ¬ Even 2) (Nat.odd_iff n_gt)
  · simpa
","💥️application type mismatch
  Nat.Prime nprime
argument
  nprime
has type
  Nat.Prime n : Prop
but is expected to have type
  ℕ : Type

💥️failed to synthesize
  OfNat Prop 2
numerals are polymorphic in Lean, but the numeral `2` cannot be used in a context where the expected type is
  Prop
due to the absence of the instance above
Additional diagnostic information may be available using the `set_option diagnostics true` command.

💥️unknown constant 'Nat.even_or_ne'

💥️application type mismatch
  Even nprime
argument
  nprime
has type
  Nat.Prime n : Prop
but is expected to have type
  ?m.5472 : Type ?u.5471",False,60,MIL.C04_Sets_and_Functions.solutions.Solutions_S01_Sets,Qwen-7B-short,LENGTH,best_of_n,False,0,-1.0,CH04.t8,False
-1,False,7,"theorem t8 : { n | Nat.Prime n } ∩ { n | n > 2 } ⊆ { n | ¬Even n } := by
  intro n
  simp
  intro nprime n_gt
  rcases Nat.Prime.eq_two_or_odd nprime with h | h
  · rw [h]
    linarith
  · rw [Nat.odd_iff, h]

",,True,-1,"theorem t8 : { n | Nat.Prime n } ∩ { n | n > 2 } ⊆ { n | ¬Even n } := by
  simp
  intro nprime n_gt
  rcases Nat.Prime.eq_two_or_odd nprime with h | h
  · rw [h]
    linarith
  · rw [Nat.odd_iff, h]
","💥️application type mismatch
  Nat.Prime.eq_two_or_odd nprime
argument
  nprime
has type
  ℕ : Type
but is expected to have type
  Nat.Prime ?m.2632 : Prop

💥️tactic 'rewrite' failed, pattern is a metavariable
  ?m.2632
from equation
  ?m.2632 = 2
case inl
nprime : ℕ
n_gt : nprime ∈ {n | Nat.Prime n} ∩ {n | 2 < n}
h : ?m.2632 = 2
⊢ nprime ∈ {n | Odd n}

💥️tactic 'rewrite' failed, did not find instance of the pattern in the target expression
  Odd ?m.2982
case inr
nprime : ℕ
n_gt : nprime ∈ {n | Nat.Prime n} ∩ {n | 2 < n}
h : ?m.2632 % 2 = 1
⊢ nprime ∈ {n | Odd n}",False,60,MIL.C04_Sets_and_Functions.solutions.Solutions_S01_Sets,Qwen-7B-short,LENGTH,best_of_n,False,0,-1.0,CH04.t8,False
-1,False,7,"theorem t8 : { n | Nat.Prime n } ∩ { n | n > 2 } ⊆ { n | ¬Even n } := by
  intro n
  simp
  intro nprime n_gt
  rcases Nat.Prime.eq_two_or_odd nprime with h | h
  · rw [h]
    linarith
  · rw [Nat.odd_iff, h]

",,True,-1,"theorem t8 : { n | Nat.Prime n } ∩ { n | n > 2 } ⊆ { n | ¬Even n } := by
  rintro n
  simp
  rintro n_prime n_gt
  rw [ Nat.Prime.eq_two_or_odd n_prime, Nat.odd_iff h]
  linarith
","💥️tactic 'rewrite' failed, equality or iff proof expected
  n = 2 ∨ n % 2 = 1
n : ℕ
n_prime : Nat.Prime n
n_gt : 2 < n
⊢ Odd n",False,60,MIL.C04_Sets_and_Functions.solutions.Solutions_S01_Sets,Qwen-7B-short,LENGTH,best_of_n,False,0,-1.0,CH04.t8,False
-1,False,7,"theorem t8 : { n | Nat.Prime n } ∩ { n | n > 2 } ⊆ { n | ¬Even n } := by
  intro n
  simp
  intro nprime n_gt
  rcases Nat.Prime.eq_two_or_odd nprime with h | h
  · rw [h]
    linarith
  · rw [Nat.odd_iff, h]

",,True,-1,"theorem t8 : { n | Nat.Prime n } ∩ { n | n > 2 } ⊆ { n | ¬Even n } := by
  intro n
  simp
  intro nprime n_gt
  rcases Nat.Prime.eq_two_or_odd nprime with h | h
  · rw [h]
    linarith
  · rw [Nat.odd_iff, h]
    linarith
",💥️no goals to be solved,False,60,MIL.C04_Sets_and_Functions.solutions.Solutions_S01_Sets,Qwen-7B-short,LENGTH,best_of_n,False,0,-1.0,CH04.t8,False
-1,False,7,"theorem t8 : { n | Nat.Prime n } ∩ { n | n > 2 } ⊆ { n | ¬Even n } := by
  intro n
  simp
  intro nprime n_gt
  rcases Nat.Prime.eq_two_or_odd nprime with h | h
  · rw [h]
    linarith
  · rw [Nat.odd_iff, h]

",,True,-1,"theorem t8 : { n | Nat.Prime n } ∩ { n | n > 2 } ⊆ { n | ¬Even n } := by
  intro n
  simp
  intro nprime n_gt
  rcases Nat.Prime.eq_two_or_odd nprime with h | h
  · rw [h]
    linarith
  · rw [Nat.odd_iff, h]
    linarith
",💥️no goals to be solved,False,60,MIL.C04_Sets_and_Functions.solutions.Solutions_S01_Sets,Qwen-7B-short,LENGTH,best_of_n,False,0,-1.0,CH04.t8,False
-1,False,7,"theorem t8 : { n | Nat.Prime n } ∩ { n | n > 2 } ⊆ { n | ¬Even n } := by
  intro n
  simp
  intro nprime n_gt
  rcases Nat.Prime.eq_two_or_odd nprime with h | h
  · rw [h]
    linarith
  · rw [Nat.odd_iff, h]

",,True,-1,"theorem t8 : { n | Nat.Prime n } ∩ { n | n > 2 } ⊆ { n | ¬Even n } := by
  intro n
  simp
  intro nprime n_gt
  rcases Nat.Prime.eq_two_or_odd nprime with h | h
  · rw [h]
    linarith
  · rw [Nat.odd_iff, h]
    linarith
",💥️no goals to be solved,False,60,MIL.C04_Sets_and_Functions.solutions.Solutions_S01_Sets,Qwen-7B-short,LENGTH,best_of_n,False,0,-1.0,CH04.t8,False
-1,False,7,"theorem t8 : { n | Nat.Prime n } ∩ { n | n > 2 } ⊆ { n | ¬Even n } := by
  intro n
  simp
  intro nprime n_gt
  rcases Nat.Prime.eq_two_or_odd nprime with h | h
  · rw [h]
    linarith
  · rw [Nat.odd_iff, h]

",,True,-1,"theorem t8 : { n | Nat.Prime n } ∩ { n | n > 2 } ⊆ { n | ¬Even n } := by
  intro n
  simp
  intro nprime n_gt
  rcases Nat.Prime.eq_two_or_odd nprime with h | h
  · rw [h]
    linarith
  · rw [Nat.odd_iff, h桌子 etc.


",💥️expected token,False,60,MIL.C04_Sets_and_Functions.solutions.Solutions_S01_Sets,Qwen-7B-short,LENGTH,best_of_n,False,0,-1.0,CH04.t8,False
-1,False,7,"theorem t8 : { n | Nat.Prime n } ∩ { n | n > 2 } ⊆ { n | ¬Even n } := by
  intro n
  simp
  intro nprime n_gt
  rcases Nat.Prime.eq_two_or_odd nprime with h | h
  · rw [h]
    linarith
  · rw [Nat.odd_iff, h]

",,True,-1,"theorem t8 : { n | Nat.Prime n } ∩ { n | n > 2 } ⊆ { n | ¬Even n } := by
  simpa only [Meven.com Idecreasing t8]
","💥️unknown identifier 'Meven.com'

💥️tactic 'assumption' failed
⊢ {n | Nat.Prime n} ∩ {n | n > 2} ⊆ {n | ¬Even n}",False,60,MIL.C04_Sets_and_Functions.solutions.Solutions_S01_Sets,Qwen-7B-short,LENGTH,best_of_n,False,0,-1.0,CH04.t8,False
-1,False,7,"theorem t8 : { n | Nat.Prime n } ∩ { n | n > 2 } ⊆ { n | ¬Even n } := by
  intro n
  simp
  intro nprime n_gt
  rcases Nat.Prime.eq_two_or_odd nprime with h | h
  · rw [h]
    linarith
  · rw [Nat.odd_iff, h]

",,True,-1,"theorem t8 : { n | Nat.Prime n } ∩ { n | n > 2 } ⊆ { n | ¬Even n } := by
  simp
  intro n
  rcases Nat.Prime.eq_two_or_odd n.1 with h | h
  · rw [h]
    linarith
  · rw [Nat.odd_iff, h]
    linarith
","💥️invalid projection, structure expected
  n
has type
  ℕ

💥️tactic 'rewrite' failed, pattern is a metavariable
  ?m.2629
from equation
  ?m.2629 = 2
case inl
n : ℕ
h : ?m.2629 = 2
⊢ n ∈ {n | Nat.Prime n} ∩ {n | 2 < n} → n ∈ {n | Odd n}

💥️tactic 'rewrite' failed, did not find instance of the pattern in the target expression
  Odd ?m.2672
case inr
n : ℕ
h : ?m.2629 % 2 = 1
⊢ n ∈ {n | Nat.Prime n} ∩ {n | 2 < n} → n ∈ {n | Odd n}",False,60,MIL.C04_Sets_and_Functions.solutions.Solutions_S01_Sets,Qwen-7B-short,LENGTH,best_of_n,False,0,-1.0,CH04.t8,False
-1,False,7,"theorem t8 : { n | Nat.Prime n } ∩ { n | n > 2 } ⊆ { n | ¬Even n } := by
  intro n
  simp
  intro nprime n_gt
  rcases Nat.Prime.eq_two_or_odd nprime with h | h
  · rw [h]
    linarith
  · rw [Nat.odd_iff, h]

",,True,-1,"theorem t8 : { n | Nat.Prime n } ∩ { n | n > 2 } ⊆ { n | ¬Even n } := by
  simp
  intro n
  rw [Nat.even_iff, ite_not]
  simp
","💥️tactic 'rewrite' failed, did not find instance of the pattern in the target expression
  Even ?m.2629
n : ℕ
⊢ n ∈ {n | Nat.Prime n} ∩ {n | 2 < n} → n ∈ {n | Odd n}",False,60,MIL.C04_Sets_and_Functions.solutions.Solutions_S01_Sets,Qwen-7B-short,LENGTH,best_of_n,False,0,-1.0,CH04.t8,False
-1,False,7,"theorem t8 : { n | Nat.Prime n } ∩ { n | n > 2 } ⊆ { n | ¬Even n } := by
  intro n
  simp
  intro nprime n_gt
  rcases Nat.Prime.eq_two_or_odd nprime with h | h
  · rw [h]
    linarith
  · rw [Nat.odd_iff, h]

",,True,-1,"theorem t8 : { n | Nat.Prime n } ∩ { n | n > 2 } ⊆ { n | ¬Even n } := by
  intro n
  simp
  intro nprime n_gt
  rcases Nat.Prime.eq_two_or_odd nprime with h | h
  · rw [h]
    linarith
  · rw [Nat.odd_iff, h]
    linarith
",💥️no goals to be solved,False,60,MIL.C04_Sets_and_Functions.solutions.Solutions_S01_Sets,Qwen-7B-short,LENGTH,best_of_n,False,0,-1.0,CH04.t8,False
-1,False,7,"theorem t8 : { n | Nat.Prime n } ∩ { n | n > 2 } ⊆ { n | ¬Even n } := by
  intro n
  simp
  intro nprime n_gt
  rcases Nat.Prime.eq_two_or_odd nprime with h | h
  · rw [h]
    linarith
  · rw [Nat.odd_iff, h]

",,True,-1,"theorem t8 : { n | Nat.Prime n } ∩ { n | n > 2 } ⊆ { n | ¬Even n } := by
  simp
  rintro nhk _ h
  rcases Nat.Prime.eq_two_or_odd n hk with h | h
  · rw [h]
    linarith
  · rw [Nat.odd_iff, h]
    linarith
","💥️tactic 'introN' failed, insufficient number of binders
nhk : ℕ
a✝ : nhk ∈ {n | Nat.Prime n} ∩ {n | 2 < n}
⊢ nhk ∈ {n | Odd n}",False,60,MIL.C04_Sets_and_Functions.solutions.Solutions_S01_Sets,Qwen-7B-short,LENGTH,best_of_n,False,0,-1.0,CH04.t8,False
-1,False,7,"theorem t8 : { n | Nat.Prime n } ∩ { n | n > 2 } ⊆ { n | ¬Even n } := by
  intro n
  simp
  intro nprime n_gt
  rcases Nat.Prime.eq_two_or_odd nprime with h | h
  · rw [h]
    linarith
  · rw [Nat.odd_iff, h]

",,True,-1,"theorem t8 : { n | Nat.Prime n } ∩ { n | n > 2 } ⊆ { n | ¬Even n } := by
  simpa only [exists_and_left, Nat.Prime.ne_even_iff] using t7
","💥️unknown constant 'Nat.Prime.ne_even_iff'

💥️type mismatch, term
  t7
after simplification has type
  ∀ (s t : Set ?m.2197), s \ t ∪ t \ s = (s ∪ t) \ (s ∩ t) : Prop
but is expected to have type
  {n | Nat.Prime n} ∩ {n | n > 2} ⊆ {n | ¬Even n} : Prop",False,60,MIL.C04_Sets_and_Functions.solutions.Solutions_S01_Sets,Qwen-7B-short,LENGTH,best_of_n,False,0,-1.0,CH04.t8,False
-1,False,7,"theorem t8 : { n | Nat.Prime n } ∩ { n | n > 2 } ⊆ { n | ¬Even n } := by
  intro n
  simp
  intro nprime n_gt
  rcases Nat.Prime.eq_two_or_odd nprime with h | h
  · rw [h]
    linarith
  · rw [Nat.odd_iff, h]

",,True,-1,"theorem t8 : { n | Nat.Prime n } ∩ { n | n > 2 } ⊆ { n | ¬Even n } := by
  simp
  intro n
  rcases Nat.Prime.eq_two_or_odd n.1 with h | h
  · rw [h]
    linarith
  · rw [Nat.odd_iff, h]
    linarith
","💥️invalid projection, structure expected
  n
has type
  ℕ

💥️tactic 'rewrite' failed, pattern is a metavariable
  ?m.2629
from equation
  ?m.2629 = 2
case inl
n : ℕ
h : ?m.2629 = 2
⊢ n ∈ {n | Nat.Prime n} ∩ {n | 2 < n} → n ∈ {n | Odd n}

💥️tactic 'rewrite' failed, did not find instance of the pattern in the target expression
  Odd ?m.2672
case inr
n : ℕ
h : ?m.2629 % 2 = 1
⊢ n ∈ {n | Nat.Prime n} ∩ {n | 2 < n} → n ∈ {n | Odd n}",False,60,MIL.C04_Sets_and_Functions.solutions.Solutions_S01_Sets,Qwen-7B-short,LENGTH,best_of_n,False,0,-1.0,CH04.t8,False
-1,False,7,"theorem t8 : { n | Nat.Prime n } ∩ { n | n > 2 } ⊆ { n | ¬Even n } := by
  intro n
  simp
  intro nprime n_gt
  rcases Nat.Prime.eq_two_or_odd nprime with h | h
  · rw [h]
    linarith
  · rw [Nat.odd_iff, h]

",,True,-1,"theorem t8 : { n | Nat.Prime n } ∩ { n | n > 2 } ⊆ { n | ¬Even n } := by
  simp
  intro n
  rcases Nat.Prime.eq_two_or_odd n.1 with h | h
  · rw [h]
    linarith
  · rw [Nat.odd_iff, h]
    linarith
","💥️invalid projection, structure expected
  n
has type
  ℕ

💥️tactic 'rewrite' failed, pattern is a metavariable
  ?m.2629
from equation
  ?m.2629 = 2
case inl
n : ℕ
h : ?m.2629 = 2
⊢ n ∈ {n | Nat.Prime n} ∩ {n | 2 < n} → n ∈ {n | Odd n}

💥️tactic 'rewrite' failed, did not find instance of the pattern in the target expression
  Odd ?m.2672
case inr
n : ℕ
h : ?m.2629 % 2 = 1
⊢ n ∈ {n | Nat.Prime n} ∩ {n | 2 < n} → n ∈ {n | Odd n}",False,60,MIL.C04_Sets_and_Functions.solutions.Solutions_S01_Sets,Qwen-7B-short,LENGTH,best_of_n,False,0,-1.0,CH04.t8,False
-1,False,7,"theorem t8 : { n | Nat.Prime n } ∩ { n | n > 2 } ⊆ { n | ¬Even n } := by
  intro n
  simp
  intro nprime n_gt
  rcases Nat.Prime.eq_two_or_odd nprime with h | h
  · rw [h]
    linarith
  · rw [Nat.odd_iff, h]

",,True,-1,"theorem t8 : { n | Nat.Prime n } ∩ { n | n > 2 } ⊆ { n | ¬Even n } := by
  simp
  intro n prime n_gt
  rcases Nat.Prime.eq_two_or_odd nprime with h | h
  · rw [h]
    linarith
  · rw [Nat.odd_iff, h]

","💥️tactic 'introN' failed, insufficient number of binders
n : ℕ
prime : n ∈ {n | Nat.Prime n} ∩ {n | 2 < n}
⊢ n ∈ {n | Odd n}",False,60,MIL.C04_Sets_and_Functions.solutions.Solutions_S01_Sets,Qwen-7B-short,LENGTH,best_of_n,False,0,-1.0,CH04.t8,False
-1,False,7,"theorem t8 : { n | Nat.Prime n } ∩ { n | n > 2 } ⊆ { n | ¬Even n } := by
  intro n
  simp
  intro nprime n_gt
  rcases Nat.Prime.eq_two_or_odd nprime with h | h
  · rw [h]
    linarith
  · rw [Nat.odd_iff, h]

",,True,-1,"theorem t8 : { n | Nat.Prime n } ∩ { n | n > 2 } ⊆ { n | ¬Even n } := by
  simpa only [set_mono_iff] using Nat.Prime.ne_two_iff.2 n_gt
","💥️unknown identifier 'set_mono_iff'

💥️unknown constant 'Nat.Prime.ne_two_iff'",False,60,MIL.C04_Sets_and_Functions.solutions.Solutions_S01_Sets,Qwen-7B-short,LENGTH,best_of_n,False,0,-1.0,CH04.t8,False
-1,False,7,"theorem t8 : { n | Nat.Prime n } ∩ { n | n > 2 } ⊆ { n | ¬Even n } := by
  intro n
  simp
  intro nprime n_gt
  rcases Nat.Prime.eq_two_or_odd nprime with h | h
  · rw [h]
    linarith
  · rw [Nat.odd_iff, h]

",,True,-1,"theorem t8 : { n | Nat.Prime n } ∩ { n | n > 2 } ⊆ { n | ¬Even n }
  | 3, _ => by simp
  | n + 2, _ => by simpa [Nat.even_iff, even_add_iff]
","💥️unsolved goals
x✝ : 3 ∈ {n | Nat.Prime n} ∩ {n | n > 2}
⊢ Odd 3

💥️unknown identifier 'even_add_iff'

💥️tactic 'assumption' failed
n : ℕ
x✝ : n + 2 ∈ {n | Nat.Prime n} ∩ {n | n > 2}
⊢ n % 2 = 1",False,60,MIL.C04_Sets_and_Functions.solutions.Solutions_S01_Sets,Qwen-7B-short,LENGTH,best_of_n,False,0,-1.0,CH04.t8,False
-1,False,7,"theorem t8 : { n | Nat.Prime n } ∩ { n | n > 2 } ⊆ { n | ¬Even n } := by
  intro n
  simp
  intro nprime n_gt
  rcases Nat.Prime.eq_two_or_odd nprime with h | h
  · rw [h]
    linarith
  · rw [Nat.odd_iff, h]

",,True,-1,"theorem t8 : { n | Nat.Prime n } ∩ { n | n > 2 } ⊆ { n | ¬Even n } := by
  simp (Int.ofNat_subset _)
  intros n prime n_gt
  rcases Nat.Prime.eq_two_or_odd nprime with h | h
  · exact J Even.succ_ne_zero h
  · dsimp
    linarith
","💥️unexpected token '_'; expected ':='

💥️structure 'Lean.Meta.Simp.Config' does not have a field named 'Int'

💥️unsolved goals
⊢ {n | Nat.Prime n} ∩ {n | 2 < n} ⊆ {n | Odd n}",False,60,MIL.C04_Sets_and_Functions.solutions.Solutions_S01_Sets,Qwen-7B-short,LENGTH,best_of_n,False,0,-1.0,CH04.t8,False
-1,False,4,"theorem t9 (h₀ : ∀ x ∈ t, ¬Even x) (h₁ : ∀ x ∈ t, Prime x) (ssubt : s ⊆ t) : ∀ x ∈ s, ¬Even x ∧ Prime x := by
  intro x xs
  constructor
  · apply h₀ x (ssubt xs)
  apply h₁ x (ssubt xs)

",,True,0,"theorem t9 (h₀ : ∀ x ∈ t, ¬Even x) (h₁ : ∀ x ∈ t, Prime x) (ssubt : s ⊆ t) : ∀ x ∈ s, ¬Even x ∧ Prime x :=
  fun x xs ↦ ⟨h₀ x (ssubt xs), h₁ x (ssubt xs)⟩
",,True,60,MIL.C04_Sets_and_Functions.solutions.Solutions_S01_Sets,Qwen-7B-short,LENGTH,best_of_n,False,0,1.0,CH04.t9,False
-1,False,4,"theorem t9 (h₀ : ∀ x ∈ t, ¬Even x) (h₁ : ∀ x ∈ t, Prime x) (ssubt : s ⊆ t) : ∀ x ∈ s, ¬Even x ∧ Prime x := by
  intro x xs
  constructor
  · apply h₀ x (ssubt xs)
  apply h₁ x (ssubt xs)

",,True,-1,"theorem t9 (h₀ : ∀ x ∈ t, ¬Even x) (h₁ : ∀ x ∈ t, Prime x) (ssubt : s ⊆ t) : ∀ x ∈ s, ¬Even x ∧ Prime x := by
  simp only [tsub_iff] at h₀ h₁ ⊢
  aesop (add simp h₀) ( aesop_add simp h₁) ( aesop_congr_gen h₀ h₁) <;> aesop


","💥️unexpected identifier; expected 'add', 'config', 'erase', 'rule_sets' or 'simp_config'",False,60,MIL.C04_Sets_and_Functions.solutions.Solutions_S01_Sets,Qwen-7B-short,LENGTH,best_of_n,False,0,-1.0,CH04.t9,False
-1,False,4,"theorem t9 (h₀ : ∀ x ∈ t, ¬Even x) (h₁ : ∀ x ∈ t, Prime x) (ssubt : s ⊆ t) : ∀ x ∈ s, ¬Even x ∧ Prime x := by
  intro x xs
  constructor
  · apply h₀ x (ssubt xs)
  apply h₁ x (ssubt xs)

",,True,1,"theorem t9 (h₀ : ∀ x ∈ t, ¬Even x) (h₁ : ∀ x ∈ t, Prime x) (ssubt : s ⊆ t) : ∀ x ∈ s, ¬Even x ∧ Prime x := by
  exact fun x xs ↦ ⟨h₀ x (ssubt xs), h₁ x (ssubt xs)⟩
",,True,60,MIL.C04_Sets_and_Functions.solutions.Solutions_S01_Sets,Qwen-7B-short,LENGTH,best_of_n,False,0,0.75,CH04.t9,False
-1,False,4,"theorem t9 (h₀ : ∀ x ∈ t, ¬Even x) (h₁ : ∀ x ∈ t, Prime x) (ssubt : s ⊆ t) : ∀ x ∈ s, ¬Even x ∧ Prime x := by
  intro x xs
  constructor
  · apply h₀ x (ssubt xs)
  apply h₁ x (ssubt xs)

",,True,4,"theorem t9 (h₀ : ∀ x ∈ t, ¬Even x) (h₁ : ∀ x ∈ t, Prime x) (ssubt : s ⊆ t) : ∀ x ∈ s, ¬Even x ∧ Prime x := by
  intro x xs
  constructor
  · simpa using h₀ x (ssubt xs)
  · simpa using h₁ x (ssubt xs)
",,True,60,MIL.C04_Sets_and_Functions.solutions.Solutions_S01_Sets,Qwen-7B-short,LENGTH,best_of_n,False,0,0.0,CH04.t9,False
-1,False,4,"theorem t9 (h₀ : ∀ x ∈ t, ¬Even x) (h₁ : ∀ x ∈ t, Prime x) (ssubt : s ⊆ t) : ∀ x ∈ s, ¬Even x ∧ Prime x := by
  intro x xs
  constructor
  · apply h₀ x (ssubt xs)
  apply h₁ x (ssubt xs)

",,True,-1,"theorem t9 (h₀ : ∀ x ∈ t, ¬Even x) (h₁ : ∀ x ∈ t, Prime x) (ssubt : s ⊆ t) : ∀ x ∈ s, ¬Even x ∧ Prime x := by
  simpa only using [subset_def, smul_def, ceil_def, subconfig := smul_subconfig h₀ (subset_union _),
    smul_subconfig h₁ (subset_union _), and_imp]
","💥️unexpected token ':='; expected ']'

💥️unknown identifier 'subset_def'

💥️unknown identifier 'smul_def'

💥️unknown identifier 'ceil_def'

💥️unknown identifier 'subconfig'",False,60,MIL.C04_Sets_and_Functions.solutions.Solutions_S01_Sets,Qwen-7B-short,LENGTH,best_of_n,False,0,-1.0,CH04.t9,False
-1,False,4,"theorem t9 (h₀ : ∀ x ∈ t, ¬Even x) (h₁ : ∀ x ∈ t, Prime x) (ssubt : s ⊆ t) : ∀ x ∈ s, ¬Even x ∧ Prime x := by
  intro x xs
  constructor
  · apply h₀ x (ssubt xs)
  apply h₁ x (ssubt xs)

",,True,4,"theorem t9 (h₀ : ∀ x ∈ t, ¬Even x) (h₁ : ∀ x ∈ t, Prime x) (ssubt : s ⊆ t) : ∀ x ∈ s, ¬Even x ∧ Prime x := by
  intro x xs
  constructor
  · apply h₀ x (ssubt xs)
  apply h₁ x (ssubt xs)
",,True,60,MIL.C04_Sets_and_Functions.solutions.Solutions_S01_Sets,Qwen-7B-short,LENGTH,best_of_n,False,0,0.0,CH04.t9,False
-1,False,4,"theorem t9 (h₀ : ∀ x ∈ t, ¬Even x) (h₁ : ∀ x ∈ t, Prime x) (ssubt : s ⊆ t) : ∀ x ∈ s, ¬Even x ∧ Prime x := by
  intro x xs
  constructor
  · apply h₀ x (ssubt xs)
  apply h₁ x (ssubt xs)

",,True,-1,"theorem t9 (h₀ : ∀ x ∈ t, ¬Even x) (h₁ : ∀ x ∈ t, Prime x) (ssubt : s ⊆ t) : ∀ x ∈ s, ¬Even x ∧ Prime x := by
  intro x xs
  constructor
  · rw [← h₀ x (ssubt xs)]
  · rw [← h₁ x (ssubt xs)]
","💥️tactic 'rewrite' failed, equality or iff proof expected
  False
case left
s t : Set ℕ
h₀ : ∀ x ∈ t, ¬Even x
h₁ : ∀ x ∈ t, Prime x
ssubt : s ⊆ t
x : ℕ
xs : x ∈ s
⊢ ¬Even x

💥️tactic 'rewrite' failed, equality or iff proof expected
  Prime x
case right
s t : Set ℕ
h₀ : ∀ x ∈ t, ¬Even x
h₁ : ∀ x ∈ t, Prime x
ssubt : s ⊆ t
x : ℕ
xs : x ∈ s
⊢ Prime x",False,60,MIL.C04_Sets_and_Functions.solutions.Solutions_S01_Sets,Qwen-7B-short,LENGTH,best_of_n,False,0,-1.0,CH04.t9,False
-1,False,4,"theorem t9 (h₀ : ∀ x ∈ t, ¬Even x) (h₁ : ∀ x ∈ t, Prime x) (ssubt : s ⊆ t) : ∀ x ∈ s, ¬Even x ∧ Prime x := by
  intro x xs
  constructor
  · apply h₀ x (ssubt xs)
  apply h₁ x (ssubt xs)

",,True,-1,"theorem t9 (h₀ : ∀ x ∈ t, ¬Even x) (h₁ : ∀ x ∈ t, Prime x) (ssubt : s ⊆ t) : ∀ x ∈ s, ¬Even x ∧ Prime x := by
  intro x xs
  refine ⟨h₀ x (ssubt xs), h₁ x (ssubt xs), w, subt W⟩
  apply subt_apply
","💥️application type mismatch
  And.intro (h₁ x (ssubt xs))
argument
  h₁ x (ssubt xs)
has type
  Prime x : Prop
but is expected to have type
  x ≠ 0 : Prop

💥️unknown identifier 'w'

💥️unknown identifier 'subt'

💥️no goals to be solved",False,60,MIL.C04_Sets_and_Functions.solutions.Solutions_S01_Sets,Qwen-7B-short,LENGTH,best_of_n,False,0,-1.0,CH04.t9,False
-1,False,4,"theorem t9 (h₀ : ∀ x ∈ t, ¬Even x) (h₁ : ∀ x ∈ t, Prime x) (ssubt : s ⊆ t) : ∀ x ∈ s, ¬Even x ∧ Prime x := by
  intro x xs
  constructor
  · apply h₀ x (ssubt xs)
  apply h₁ x (ssubt xs)

",,True,2,"theorem t9 (h₀ : ∀ x ∈ t, ¬Even x) (h₁ : ∀ x ∈ t, Prime x) (ssubt : s ⊆ t) : ∀ x ∈ s, ¬Even x ∧ Prime x := by
  intro x xs
  exact ⟨h₀ x (ssubt xs), h₁ x (ssubt xs)⟩
",,True,60,MIL.C04_Sets_and_Functions.solutions.Solutions_S01_Sets,Qwen-7B-short,LENGTH,best_of_n,False,0,0.5,CH04.t9,False
-1,False,4,"theorem t9 (h₀ : ∀ x ∈ t, ¬Even x) (h₁ : ∀ x ∈ t, Prime x) (ssubt : s ⊆ t) : ∀ x ∈ s, ¬Even x ∧ Prime x := by
  intro x xs
  constructor
  · apply h₀ x (ssubt xs)
  apply h₁ x (ssubt xs)

",,True,0,"theorem t9 (h₀ : ∀ x ∈ t, ¬Even x) (h₁ : ∀ x ∈ t, Prime x) (ssubt : s ⊆ t) : ∀ x ∈ s, ¬Even x ∧ Prime x :=
  fun x xs ↦ ⟨h₀ x (ssubt xs), h₁ x (ssubt xs)⟩
",,True,60,MIL.C04_Sets_and_Functions.solutions.Solutions_S01_Sets,Qwen-7B-short,LENGTH,best_of_n,False,0,1.0,CH04.t9,False
-1,False,4,"theorem t9 (h₀ : ∀ x ∈ t, ¬Even x) (h₁ : ∀ x ∈ t, Prime x) (ssubt : s ⊆ t) : ∀ x ∈ s, ¬Even x ∧ Prime x := by
  intro x xs
  constructor
  · apply h₀ x (ssubt xs)
  apply h₁ x (ssubt xs)

",,True,4,"theorem t9 (h₀ : ∀ x ∈ t, ¬Even x) (h₁ : ∀ x ∈ t, Prime x) (ssubt : s ⊆ t) : ∀ x ∈ s, ¬Even x ∧ Prime x := by
  intro x xs
  constructor
  · apply h₀ x (ssubt xs)
  · apply h₁ x (ssubt xs)
",,True,60,MIL.C04_Sets_and_Functions.solutions.Solutions_S01_Sets,Qwen-7B-short,LENGTH,best_of_n,False,0,0.0,CH04.t9,False
-1,False,4,"theorem t9 (h₀ : ∀ x ∈ t, ¬Even x) (h₁ : ∀ x ∈ t, Prime x) (ssubt : s ⊆ t) : ∀ x ∈ s, ¬Even x ∧ Prime x := by
  intro x xs
  constructor
  · apply h₀ x (ssubt xs)
  apply h₁ x (ssubt xs)

",,True,0,"theorem t9 (h₀ : ∀ x ∈ t, ¬Even x) (h₁ : ∀ x ∈ t, Prime x) (ssubt : s ⊆ t) : ∀ x ∈ s, ¬Even x ∧ Prime x :=
  fun x xs ↦ ⟨h₀ x (ssubt xs), h₁ x (ssubt xs)⟩
",,True,60,MIL.C04_Sets_and_Functions.solutions.Solutions_S01_Sets,Qwen-7B-short,LENGTH,best_of_n,False,0,1.0,CH04.t9,False
-1,False,4,"theorem t9 (h₀ : ∀ x ∈ t, ¬Even x) (h₁ : ∀ x ∈ t, Prime x) (ssubt : s ⊆ t) : ∀ x ∈ s, ¬Even x ∧ Prime x := by
  intro x xs
  constructor
  · apply h₀ x (ssubt xs)
  apply h₁ x (ssubt xs)

",,True,0,"theorem t9 (h₀ : ∀ x ∈ t, ¬Even x) (h₁ : ∀ x ∈ t, Prime x) (ssubt : s ⊆ t) : ∀ x ∈ s, ¬Even x ∧ Prime x :=
  fun x xs ↦ ⟨h₀ x (ssubt xs), h₁ x (ssubt xs)⟩
",,True,60,MIL.C04_Sets_and_Functions.solutions.Solutions_S01_Sets,Qwen-7B-short,LENGTH,best_of_n,False,0,1.0,CH04.t9,False
-1,False,4,"theorem t9 (h₀ : ∀ x ∈ t, ¬Even x) (h₁ : ∀ x ∈ t, Prime x) (ssubt : s ⊆ t) : ∀ x ∈ s, ¬Even x ∧ Prime x := by
  intro x xs
  constructor
  · apply h₀ x (ssubt xs)
  apply h₁ x (ssubt xs)

",,True,0,"theorem t9 (h₀ : ∀ x ∈ t, ¬Even x) (h₁ : ∀ x ∈ t, Prime x) (ssubt : s ⊆ t) : ∀ x ∈ s, ¬Even x ∧ Prime x :=
  fun x xs ↦ ⟨h₀ x (ssubt xs), h₁ x (ssubt xs)⟩
",,True,60,MIL.C04_Sets_and_Functions.solutions.Solutions_S01_Sets,Qwen-7B-short,LENGTH,best_of_n,False,0,1.0,CH04.t9,False
-1,False,4,"theorem t9 (h₀ : ∀ x ∈ t, ¬Even x) (h₁ : ∀ x ∈ t, Prime x) (ssubt : s ⊆ t) : ∀ x ∈ s, ¬Even x ∧ Prime x := by
  intro x xs
  constructor
  · apply h₀ x (ssubt xs)
  apply h₁ x (ssubt xs)

",,True,-1,"theorem t9 (h₀ : ∀ x ∈ t, ¬Even x) (h₁ : ∀ x ∈ t, Prime x) (ssubt : s ⊆ t) : ∀ x ∈ s, ¬Even x ∧ Prime x :=
  (h₀ x (ssubt xs)).and (h₁ x (ssubt xs)).add simp generate

","💥️unknown identifier 'x'

💥️unknown identifier 'xs'",False,60,MIL.C04_Sets_and_Functions.solutions.Solutions_S01_Sets,Qwen-7B-short,LENGTH,best_of_n,False,0,-1.0,CH04.t9,False
-1,False,4,"theorem t9 (h₀ : ∀ x ∈ t, ¬Even x) (h₁ : ∀ x ∈ t, Prime x) (ssubt : s ⊆ t) : ∀ x ∈ s, ¬Even x ∧ Prime x := by
  intro x xs
  constructor
  · apply h₀ x (ssubt xs)
  apply h₁ x (ssubt xs)

",,True,0,"theorem t9 (h₀ : ∀ x ∈ t, ¬Even x) (h₁ : ∀ x ∈ t, Prime x) (ssubt : s ⊆ t) : ∀ x ∈ s, ¬Even x ∧ Prime x :=
  fun x xs => ⟨h₀ x (ssubt xs), h₁ x (ssubt xs)⟩
",,True,60,MIL.C04_Sets_and_Functions.solutions.Solutions_S01_Sets,Qwen-7B-short,LENGTH,best_of_n,False,0,1.0,CH04.t9,False
-1,False,4,"theorem t9 (h₀ : ∀ x ∈ t, ¬Even x) (h₁ : ∀ x ∈ t, Prime x) (ssubt : s ⊆ t) : ∀ x ∈ s, ¬Even x ∧ Prime x := by
  intro x xs
  constructor
  · apply h₀ x (ssubt xs)
  apply h₁ x (ssubt xs)

",,True,-1,"theorem t9 (h₀ : ∀ x ∈ t, ¬Even x) (h₁ : ∀ x ∈ t, Prime x) (ssubt : s ⊆ t) : ∀ x ∈ s, ¬Even x ∧ Prime x :=
  fun x xs ↦ ⟨fun h ↦ h₀ x (ssubt xs), fun h ↦ h₁ x (ssubt xs)⟩
","💥️type mismatch
  h₀ x (ssubt xs)
has type
  ¬Even x : Prop
but is expected to have type
  False : Prop",False,60,MIL.C04_Sets_and_Functions.solutions.Solutions_S01_Sets,Qwen-7B-short,LENGTH,best_of_n,False,0,-1.0,CH04.t9,False
-1,False,4,"theorem t9 (h₀ : ∀ x ∈ t, ¬Even x) (h₁ : ∀ x ∈ t, Prime x) (ssubt : s ⊆ t) : ∀ x ∈ s, ¬Even x ∧ Prime x := by
  intro x xs
  constructor
  · apply h₀ x (ssubt xs)
  apply h₁ x (ssubt xs)

",,True,-1,"theorem t9 (h₀ : ∀ x ∈ t, ¬Even x) (h₁ : ∀ x ∈ t, Prime x) (ssubt : s ⊆ t) : ∀ x ∈ s, ¬Even x ∧ Prime x :=
  fun x xs => ⟨h₀ x (ssubt xs), h₁ x (ssubt xs), by aesop⟩


","💥️application type mismatch
  And.intro (h₁ x (ssubt xs))
argument
  h₁ x (ssubt xs)
has type
  Prime x : Prop
but is expected to have type
  x ≠ 0 : Prop

💥️unsolved goals
case left.h
s t : Set ℕ
h₀ : ∀ x ∈ t, Odd x
h₁ : ∀ x ∈ t, Prime x
ssubt : s ⊆ t
xs : 1 ∈ s
⊢ False

case right
s t : Set ℕ
x : ℕ
h₀ : ∀ x ∈ t, Odd x
h₁ : ∀ x ∈ t, Prime x
ssubt : s ⊆ t
xs : x ∈ s
a b : ℕ
a_1 : x ∣ a * b
⊢ x ∣ a ∨ x ∣ b",False,60,MIL.C04_Sets_and_Functions.solutions.Solutions_S01_Sets,Qwen-7B-short,LENGTH,best_of_n,False,0,-1.0,CH04.t9,False
-1,False,4,"theorem t9 (h₀ : ∀ x ∈ t, ¬Even x) (h₁ : ∀ x ∈ t, Prime x) (ssubt : s ⊆ t) : ∀ x ∈ s, ¬Even x ∧ Prime x := by
  intro x xs
  constructor
  · apply h₀ x (ssubt xs)
  apply h₁ x (ssubt xs)

",,True,0,"theorem t9 (h₀ : ∀ x ∈ t, ¬Even x) (h₁ : ∀ x ∈ t, Prime x) (ssubt : s ⊆ t) : ∀ x ∈ s, ¬Even x ∧ Prime x :=
  fun x xs ↦ ⟨h₀ x (ssubt xs), h₁ x (ssubt xs)⟩
",,True,60,MIL.C04_Sets_and_Functions.solutions.Solutions_S01_Sets,Qwen-7B-short,LENGTH,best_of_n,False,0,1.0,CH04.t9,False
-1,False,4,"theorem t9 (h₀ : ∀ x ∈ t, ¬Even x) (h₁ : ∀ x ∈ t, Prime x) (ssubt : s ⊆ t) : ∀ x ∈ s, ¬Even x ∧ Prime x := by
  intro x xs
  constructor
  · apply h₀ x (ssubt xs)
  apply h₁ x (ssubt xs)

",,True,-1,"theorem t9 (h₀ : ∀ x ∈ t, ¬Even x) (h₁ : ∀ x ∈ t, Prime x) (ssubt : s ⊆ t) : ∀ x ∈ s, ¬Even x ∧ Prime x :=
  fun _ (xs : t x) => ⟨h₀ _ (ssubt xs), h₁ _ (ssubt xs)⟩
",💥️unknown identifier 'x',False,60,MIL.C04_Sets_and_Functions.solutions.Solutions_S01_Sets,Qwen-7B-short,LENGTH,best_of_n,False,0,-1.0,CH04.t9,False
-1,False,4,"theorem t9 (h₀ : ∀ x ∈ t, ¬Even x) (h₁ : ∀ x ∈ t, Prime x) (ssubt : s ⊆ t) : ∀ x ∈ s, ¬Even x ∧ Prime x := by
  intro x xs
  constructor
  · apply h₀ x (ssubt xs)
  apply h₁ x (ssubt xs)

",,True,-1,"theorem t9 (h₀ : ∀ x ∈ t, ¬Even x) (h₁ : ∀ x ∈ t, Prime x) (ssubt : s ⊆ t) : ∀ x ∈ s, ¬Even x ∧ Prime x := by
  intro x xs
  exact ⟨fun h ↦ h₀ x (ssubt xs), fun h ↦ h₁ x (ssubt xs)⟩
","💥️type mismatch
  h₀ x (ssubt xs)
has type
  ¬Even x : Prop
but is expected to have type
  False : Prop",False,60,MIL.C04_Sets_and_Functions.solutions.Solutions_S01_Sets,Qwen-7B-short,LENGTH,best_of_n,False,0,-1.0,CH04.t9,False
-1,False,4,"theorem t9 (h₀ : ∀ x ∈ t, ¬Even x) (h₁ : ∀ x ∈ t, Prime x) (ssubt : s ⊆ t) : ∀ x ∈ s, ¬Even x ∧ Prime x := by
  intro x xs
  constructor
  · apply h₀ x (ssubt xs)
  apply h₁ x (ssubt xs)

",,True,4,"theorem t9 (h₀ : ∀ x ∈ t, ¬Even x) (h₁ : ∀ x ∈ t, Prime x) (ssubt : s ⊆ t) : ∀ x ∈ s, ¬Even x ∧ Prime x := by
  intro x xs
  constructor
  · apply h₀ x (ssubt xs)
  · apply h₁ x (ssubt xs)
",,True,60,MIL.C04_Sets_and_Functions.solutions.Solutions_S01_Sets,Qwen-7B-short,LENGTH,best_of_n,False,0,0.0,CH04.t9,False
-1,False,4,"theorem t9 (h₀ : ∀ x ∈ t, ¬Even x) (h₁ : ∀ x ∈ t, Prime x) (ssubt : s ⊆ t) : ∀ x ∈ s, ¬Even x ∧ Prime x := by
  intro x xs
  constructor
  · apply h₀ x (ssubt xs)
  apply h₁ x (ssubt xs)

",,True,-1,"theorem t9 (h₀ : ∀ x ∈ t, ¬Even x) (h₁ : ∀ x ∈ t, Prime x) (ssubt : s ⊆ t) : ∀ x ∈ s, ¬Even x ∧ Prime x :=
  t9_coe (isEven_iff_ne_even.mp h₀) h₁ ssubt
",💥️unknown identifier 't9_coe',False,60,MIL.C04_Sets_and_Functions.solutions.Solutions_S01_Sets,Qwen-7B-short,LENGTH,best_of_n,False,0,-1.0,CH04.t9,False
-1,False,4,"theorem t9 (h₀ : ∀ x ∈ t, ¬Even x) (h₁ : ∀ x ∈ t, Prime x) (ssubt : s ⊆ t) : ∀ x ∈ s, ¬Even x ∧ Prime x := by
  intro x xs
  constructor
  · apply h₀ x (ssubt xs)
  apply h₁ x (ssubt xs)

",,True,4,"theorem t9 (h₀ : ∀ x ∈ t, ¬Even x) (h₁ : ∀ x ∈ t, Prime x) (ssubt : s ⊆ t) : ∀ x ∈ s, ¬Even x ∧ Prime x := by
  intros x xs
  constructor
  · exact h₀ x (ssubt xs)
  · exact h₁ x (ssubt xs)
",,True,60,MIL.C04_Sets_and_Functions.solutions.Solutions_S01_Sets,Qwen-7B-short,LENGTH,best_of_n,False,0,0.0,CH04.t9,False
-1,False,4,"theorem t9 (h₀ : ∀ x ∈ t, ¬Even x) (h₁ : ∀ x ∈ t, Prime x) (ssubt : s ⊆ t) : ∀ x ∈ s, ¬Even x ∧ Prime x := by
  intro x xs
  constructor
  · apply h₀ x (ssubt xs)
  apply h₁ x (ssubt xs)

",,True,-1,"theorem t9 (h₀ : ∀ x ∈ t, ¬ Even x) (h₁ : ∀ x ∈ t, Prime x) (ssubt : s ⊆ t) : ∀ x ∈ s, ¬ Even x ∧ Prime x := by
  intro x xs
  simp only [subset_def] at hx
  exact ⟨h₀ x hx, h₁ x hx⟩
","💥️unknown identifier 'subset_def'

💥️unknown identifier 'hx'",False,60,MIL.C04_Sets_and_Functions.solutions.Solutions_S01_Sets,Qwen-7B-short,LENGTH,best_of_n,False,0,-1.0,CH04.t9,False
-1,False,4,"theorem t9 (h₀ : ∀ x ∈ t, ¬Even x) (h₁ : ∀ x ∈ t, Prime x) (ssubt : s ⊆ t) : ∀ x ∈ s, ¬Even x ∧ Prime x := by
  intro x xs
  constructor
  · apply h₀ x (ssubt xs)
  apply h₁ x (ssubt xs)

",,True,0,"theorem t9 (h₀ : ∀ x ∈ t, ¬Even x) (h₁ : ∀ x ∈ t, Prime x) (ssubt : s ⊆ t) : ∀ x ∈ s, ¬Even x ∧ Prime x :=
  fun x xs ↦ ⟨h₀ x (ssubt xs), h₁ x (ssubt xs)⟩
",,True,60,MIL.C04_Sets_and_Functions.solutions.Solutions_S01_Sets,Qwen-7B-short,LENGTH,best_of_n,False,0,1.0,CH04.t9,False
-1,False,4,"theorem t9 (h₀ : ∀ x ∈ t, ¬Even x) (h₁ : ∀ x ∈ t, Prime x) (ssubt : s ⊆ t) : ∀ x ∈ s, ¬Even x ∧ Prime x := by
  intro x xs
  constructor
  · apply h₀ x (ssubt xs)
  apply h₁ x (ssubt xs)

",,True,0,"theorem t9 (h₀ : ∀ x ∈ t, ¬Even x) (h₁ : ∀ x ∈ t, Prime x) (ssubt : s ⊆ t) : ∀ x ∈ s, ¬Even x ∧ Prime x :=
  fun x xs ↦ ⟨h₀ x (ssubt xs), h₁ x (ssubt xs)⟩
",,True,60,MIL.C04_Sets_and_Functions.solutions.Solutions_S01_Sets,Qwen-7B-short,LENGTH,best_of_n,False,0,1.0,CH04.t9,False
-1,False,4,"theorem t9 (h₀ : ∀ x ∈ t, ¬Even x) (h₁ : ∀ x ∈ t, Prime x) (ssubt : s ⊆ t) : ∀ x ∈ s, ¬Even x ∧ Prime x := by
  intro x xs
  constructor
  · apply h₀ x (ssubt xs)
  apply h₁ x (ssubt xs)

",,True,0,"theorem t9 (h₀ : ∀ x ∈ t, ¬Even x) (h₁ : ∀ x ∈ t, Prime x) (ssubt : s ⊆ t) : ∀ x ∈ s, ¬Even x ∧ Prime x :=
  fun x xs ↦ ⟨h₀ x (ssubt xs), h₁ x (ssubt xs)⟩
",,True,60,MIL.C04_Sets_and_Functions.solutions.Solutions_S01_Sets,Qwen-7B-short,LENGTH,best_of_n,False,0,1.0,CH04.t9,False
-1,False,4,"theorem t9 (h₀ : ∀ x ∈ t, ¬Even x) (h₁ : ∀ x ∈ t, Prime x) (ssubt : s ⊆ t) : ∀ x ∈ s, ¬Even x ∧ Prime x := by
  intro x xs
  constructor
  · apply h₀ x (ssubt xs)
  apply h₁ x (ssubt xs)

",,True,0,"theorem t9 (h₀ : ∀ x ∈ t, ¬Even x) (h₁ : ∀ x ∈ t, Prime x) (ssubt : s ⊆ t) : ∀ x ∈ s, ¬Even x ∧ Prime x :=
  fun x xs ↦ ⟨h₀ x (ssubt xs), h₁ x (ssubt xs)⟩
",,True,60,MIL.C04_Sets_and_Functions.solutions.Solutions_S01_Sets,Qwen-7B-short,LENGTH,best_of_n,False,0,1.0,CH04.t9,False
-1,False,4,"theorem t9 (h₀ : ∀ x ∈ t, ¬Even x) (h₁ : ∀ x ∈ t, Prime x) (ssubt : s ⊆ t) : ∀ x ∈ s, ¬Even x ∧ Prime x := by
  intro x xs
  constructor
  · apply h₀ x (ssubt xs)
  apply h₁ x (ssubt xs)

",,True,-1,"theorem t9 (h₀ : ∀ x ∈ t, ¬Even x) (h₁ : ∀ x ∈ t, Prime x) (ssubt : s ⊆ t) : ∀ x ∈ s, ¬Even x ∧ Prime x :=
  fun x xs => (h₀ x (ssubt xs)).2 h₁ x (ssubt xs)

","💥️invalid projection, structure expected
  h₀ x (ssubt xs)
has type
  ¬Even x

💥️invalid field notation, type is not of the form (C ...) where C is a constant
  h₀ x (ssubt xs)
has type
  Even x → False",False,60,MIL.C04_Sets_and_Functions.solutions.Solutions_S01_Sets,Qwen-7B-short,LENGTH,best_of_n,False,0,-1.0,CH04.t9,False
-1,False,4,"theorem t9 (h₀ : ∀ x ∈ t, ¬Even x) (h₁ : ∀ x ∈ t, Prime x) (ssubt : s ⊆ t) : ∀ x ∈ s, ¬Even x ∧ Prime x := by
  intro x xs
  constructor
  · apply h₀ x (ssubt xs)
  apply h₁ x (ssubt xs)

",,True,0,"theorem t9 (h₀ : ∀ x ∈ t, ¬Even x) (h₁ : ∀ x ∈ t, Prime x) (ssubt : s ⊆ t) : ∀ x ∈ s, ¬Even x ∧ Prime x :=
  fun x xs ↦ ⟨h₀ x (ssubt xs), h₁ x (ssubt xs)⟩
",,True,60,MIL.C04_Sets_and_Functions.solutions.Solutions_S01_Sets,Qwen-7B-short,LENGTH,best_of_n,False,0,1.0,CH04.t9,False
-1,False,4,"theorem t9 (h₀ : ∀ x ∈ t, ¬Even x) (h₁ : ∀ x ∈ t, Prime x) (ssubt : s ⊆ t) : ∀ x ∈ s, ¬Even x ∧ Prime x := by
  intro x xs
  constructor
  · apply h₀ x (ssubt xs)
  apply h₁ x (ssubt xs)

",,True,0,"theorem t9 (h₀ : ∀ x ∈ t, ¬Even x) (h₁ : ∀ x ∈ t, Prime x) (ssubt : s ⊆ t) : ∀ x ∈ s, ¬Even x ∧ Prime x :=
  fun x xs ↦ ⟨h₀ x (ssubt xs), h₁ x (ssubt xs)⟩
",,True,60,MIL.C04_Sets_and_Functions.solutions.Solutions_S01_Sets,Qwen-7B-short,LENGTH,best_of_n,False,0,1.0,CH04.t9,False
-1,False,4,"theorem t9 (h₀ : ∀ x ∈ t, ¬Even x) (h₁ : ∀ x ∈ t, Prime x) (ssubt : s ⊆ t) : ∀ x ∈ s, ¬Even x ∧ Prime x := by
  intro x xs
  constructor
  · apply h₀ x (ssubt xs)
  apply h₁ x (ssubt xs)

",,True,0,"theorem t9 (h₀ : ∀ x ∈ t, ¬Even x) (h₁ : ∀ x ∈ t, Prime x) (ssubt : s ⊆ t) : ∀ x ∈ s, ¬Even x ∧ Prime x :=
  fun x xs ↦ ⟨h₀ x (ssubt xs), h₁ x (ssubt xs)⟩
",,True,60,MIL.C04_Sets_and_Functions.solutions.Solutions_S01_Sets,Qwen-7B-short,LENGTH,best_of_n,False,0,1.0,CH04.t9,False
-1,False,4,"theorem t9 (h₀ : ∀ x ∈ t, ¬Even x) (h₁ : ∀ x ∈ t, Prime x) (ssubt : s ⊆ t) : ∀ x ∈ s, ¬Even x ∧ Prime x := by
  intro x xs
  constructor
  · apply h₀ x (ssubt xs)
  apply h₁ x (ssubt xs)

",,True,0,"theorem t9 (h₀ : ∀ x ∈ t, ¬Even x) (h₁ : ∀ x ∈ t, Prime x) (ssubt : s ⊆ t) : ∀ x ∈ s, ¬Even x ∧ Prime x :=
  fun x xs ↦ ⟨h₀ x (ssubt xs), h₁ x (ssubt xs)⟩
",,True,60,MIL.C04_Sets_and_Functions.solutions.Solutions_S01_Sets,Qwen-7B-short,LENGTH,best_of_n,False,0,1.0,CH04.t9,False
-1,False,4,"theorem t9 (h₀ : ∀ x ∈ t, ¬Even x) (h₁ : ∀ x ∈ t, Prime x) (ssubt : s ⊆ t) : ∀ x ∈ s, ¬Even x ∧ Prime x := by
  intro x xs
  constructor
  · apply h₀ x (ssubt xs)
  apply h₁ x (ssubt xs)

",,True,-1,"theorem t9 (h₀ : ∀ x ∈ t, ¬Even x) (h₁ : ∀ x ∈ t, Prime x) (ssubt : s ⊆ t) : ∀ x ∈ s, ¬Even x ∧ Prime x :=
  fun x xs ↦ ⟨fun _ _ ↦ h₀ x (ssubt xs), fun _ _ ↦ h₁ x (ssubt xs)⟩
","💥️application type mismatch
  And.intro fun x_1 x_2 => h₀ x (ssubt xs)
argument
  fun x_1 x_2 => h₀ x (ssubt xs)
has type
  ∀ (x_1 : Even x), ?m.6346 x_1 → ¬Even x : Prop
but is expected to have type
  ¬Even x : Prop",False,60,MIL.C04_Sets_and_Functions.solutions.Solutions_S01_Sets,Qwen-7B-short,LENGTH,best_of_n,False,0,-1.0,CH04.t9,False
-1,False,4,"theorem t9 (h₀ : ∀ x ∈ t, ¬Even x) (h₁ : ∀ x ∈ t, Prime x) (ssubt : s ⊆ t) : ∀ x ∈ s, ¬Even x ∧ Prime x := by
  intro x xs
  constructor
  · apply h₀ x (ssubt xs)
  apply h₁ x (ssubt xs)

",,True,-1,"theorem t9 (h₀ : ∀ x ∈ t, ¬Even x) (h₁ : ∀ x ∈ t, Prime x) (ssubt : s ⊆ t) : ∀ x ∈ s, ¬Even x ∧ Prime x := by
  intro _ ⟨xs, hxs⟩
  exact ⟨h₀ _ (ssubt xs), h₁ _ (ssubt xs)⟩


","💥️invalid constructor ⟨...⟩, expected type must be an inductive type 
  s x✝

💥️no goals to be solved",False,60,MIL.C04_Sets_and_Functions.solutions.Solutions_S01_Sets,Qwen-7B-short,LENGTH,best_of_n,False,0,-1.0,CH04.t9,False
-1,False,4,"theorem t9 (h₀ : ∀ x ∈ t, ¬Even x) (h₁ : ∀ x ∈ t, Prime x) (ssubt : s ⊆ t) : ∀ x ∈ s, ¬Even x ∧ Prime x := by
  intro x xs
  constructor
  · apply h₀ x (ssubt xs)
  apply h₁ x (ssubt xs)

",,True,0,"theorem t9 (h₀ : ∀ x ∈ t, ¬Even x) (h₁ : ∀ x ∈ t, Prime x) (ssubt : s ⊆ t) : ∀ x ∈ s, ¬Even x ∧ Prime x :=
  fun x xs => ⟨h₀ x (ssubt xs), h₁ x (ssubt xs)⟩
",,True,60,MIL.C04_Sets_and_Functions.solutions.Solutions_S01_Sets,Qwen-7B-short,LENGTH,best_of_n,False,0,1.0,CH04.t9,False
-1,False,4,"theorem t9 (h₀ : ∀ x ∈ t, ¬Even x) (h₁ : ∀ x ∈ t, Prime x) (ssubt : s ⊆ t) : ∀ x ∈ s, ¬Even x ∧ Prime x := by
  intro x xs
  constructor
  · apply h₀ x (ssubt xs)
  apply h₁ x (ssubt xs)

",,True,0,"theorem t9 (h₀ : ∀ x ∈ t, ¬Even x) (h₁ : ∀ x ∈ t, Prime x) (ssubt : s ⊆ t) : ∀ x ∈ s, ¬Even x ∧ Prime x :=
  fun x xs ↦ ⟨h₀ x (ssubt xs), h₁ x (ssubt xs)⟩
",,True,60,MIL.C04_Sets_and_Functions.solutions.Solutions_S01_Sets,Qwen-7B-short,LENGTH,best_of_n,False,0,1.0,CH04.t9,False
-1,False,4,"theorem t9 (h₀ : ∀ x ∈ t, ¬Even x) (h₁ : ∀ x ∈ t, Prime x) (ssubt : s ⊆ t) : ∀ x ∈ s, ¬Even x ∧ Prime x := by
  intro x xs
  constructor
  · apply h₀ x (ssubt xs)
  apply h₁ x (ssubt xs)

",,True,4,"theorem t9 (h₀ : ∀ x ∈ t, ¬Even x) (h₁ : ∀ x ∈ t, Prime x) (ssubt : s ⊆ t) : ∀ x ∈ s, ¬Even x ∧ Prime x := by
  intro x xs
  constructor
  · apply h₀ x (ssubt xs)
  · apply h₁ x (ssubt xs)

",,True,60,MIL.C04_Sets_and_Functions.solutions.Solutions_S01_Sets,Qwen-7B-short,LENGTH,best_of_n,False,0,0.0,CH04.t9,False
-1,False,4,"theorem t9 (h₀ : ∀ x ∈ t, ¬Even x) (h₁ : ∀ x ∈ t, Prime x) (ssubt : s ⊆ t) : ∀ x ∈ s, ¬Even x ∧ Prime x := by
  intro x xs
  constructor
  · apply h₀ x (ssubt xs)
  apply h₁ x (ssubt xs)

",,True,0,"theorem t9 (h₀ : ∀ x ∈ t, ¬Even x) (h₁ : ∀ x ∈ t, Prime x) (ssubt : s ⊆ t) : ∀ x ∈ s, ¬Even x ∧ Prime x :=
  fun x xs ↦ ⟨h₀ x (ssubt xs), h₁ x (ssubt xs)⟩
",,True,60,MIL.C04_Sets_and_Functions.solutions.Solutions_S01_Sets,Qwen-7B-short,LENGTH,best_of_n,False,0,1.0,CH04.t9,False
-1,False,4,"theorem t9 (h₀ : ∀ x ∈ t, ¬Even x) (h₁ : ∀ x ∈ t, Prime x) (ssubt : s ⊆ t) : ∀ x ∈ s, ¬Even x ∧ Prime x := by
  intro x xs
  constructor
  · apply h₀ x (ssubt xs)
  apply h₁ x (ssubt xs)

",,True,0,"theorem t9 (h₀ : ∀ x ∈ t, ¬Even x) (h₁ : ∀ x ∈ t, Prime x) (ssubt : s ⊆ t) : ∀ x ∈ s, ¬Even x ∧ Prime x :=
  fun x xs ↦ ⟨h₀ x (ssubt xs), h₁ x (ssubt xs)⟩
",,True,60,MIL.C04_Sets_and_Functions.solutions.Solutions_S01_Sets,Qwen-7B-short,LENGTH,best_of_n,False,0,1.0,CH04.t9,False
-1,False,4,"theorem t9 (h₀ : ∀ x ∈ t, ¬Even x) (h₁ : ∀ x ∈ t, Prime x) (ssubt : s ⊆ t) : ∀ x ∈ s, ¬Even x ∧ Prime x := by
  intro x xs
  constructor
  · apply h₀ x (ssubt xs)
  apply h₁ x (ssubt xs)

",,True,0,"theorem t9 (h₀ : ∀ x ∈ t, ¬Even x) (h₁ : ∀ x ∈ t, Prime x) (ssubt : s ⊆ t) : ∀ x ∈ s, ¬Even x ∧ Prime x :=
  fun x xs ↦ ⟨h₀ x (ssubt xs), h₁ x (ssubt xs)⟩
",,True,60,MIL.C04_Sets_and_Functions.solutions.Solutions_S01_Sets,Qwen-7B-short,LENGTH,best_of_n,False,0,1.0,CH04.t9,False
-1,False,4,"theorem t9 (h₀ : ∀ x ∈ t, ¬Even x) (h₁ : ∀ x ∈ t, Prime x) (ssubt : s ⊆ t) : ∀ x ∈ s, ¬Even x ∧ Prime x := by
  intro x xs
  constructor
  · apply h₀ x (ssubt xs)
  apply h₁ x (ssubt xs)

",,True,0,"theorem t9 (h₀ : ∀ x ∈ t, ¬Even x) (h₁ : ∀ x ∈ t, Prime x) (ssubt : s ⊆ t) : ∀ x ∈ s, ¬Even x ∧ Prime x :=
  fun x xs => ⟨h₀ x (ssubt xs), h₁ x (ssubt xs)⟩
",,True,60,MIL.C04_Sets_and_Functions.solutions.Solutions_S01_Sets,Qwen-7B-short,LENGTH,best_of_n,False,0,1.0,CH04.t9,False
-1,False,4,"theorem t9 (h₀ : ∀ x ∈ t, ¬Even x) (h₁ : ∀ x ∈ t, Prime x) (ssubt : s ⊆ t) : ∀ x ∈ s, ¬Even x ∧ Prime x := by
  intro x xs
  constructor
  · apply h₀ x (ssubt xs)
  apply h₁ x (ssubt xs)

",,True,0,"theorem t9 (h₀ : ∀ x ∈ t, ¬Even x) (h₁ : ∀ x ∈ t, Prime x) (ssubt : s ⊆ t) : ∀ x ∈ s, ¬Even x ∧ Prime x :=
  fun x xs ↦ ⟨h₀ x (ssubt xs), h₁ x (ssubt xs)⟩
",,True,60,MIL.C04_Sets_and_Functions.solutions.Solutions_S01_Sets,Qwen-7B-short,LENGTH,best_of_n,False,0,1.0,CH04.t9,False
-1,False,4,"theorem t9 (h₀ : ∀ x ∈ t, ¬Even x) (h₁ : ∀ x ∈ t, Prime x) (ssubt : s ⊆ t) : ∀ x ∈ s, ¬Even x ∧ Prime x := by
  intro x xs
  constructor
  · apply h₀ x (ssubt xs)
  apply h₁ x (ssubt xs)

",,True,4,"theorem t9 (h₀ : ∀ x ∈ t, ¬Even x) (h₁ : ∀ x ∈ t, Prime x) (ssubt : s ⊆ t) : ∀ x ∈ s, ¬Even x ∧ Prime x := by
  intro x xs
  constructor
  · apply h₀ x (ssubt xs)
  · apply h₁ x (ssubt xs)
",,True,60,MIL.C04_Sets_and_Functions.solutions.Solutions_S01_Sets,Qwen-7B-short,LENGTH,best_of_n,False,0,0.0,CH04.t9,False
-1,False,4,"theorem t9 (h₀ : ∀ x ∈ t, ¬Even x) (h₁ : ∀ x ∈ t, Prime x) (ssubt : s ⊆ t) : ∀ x ∈ s, ¬Even x ∧ Prime x := by
  intro x xs
  constructor
  · apply h₀ x (ssubt xs)
  apply h₁ x (ssubt xs)

",,True,0,"theorem t9 (h₀ : ∀ x ∈ t, ¬Even x) (h₁ : ∀ x ∈ t, Prime x) (ssubt : s ⊆ t) : ∀ x ∈ s, ¬Even x ∧ Prime x :=
  fun x xs ↦ ⟨h₀ x (ssubt xs), h₁ x (ssubt xs)⟩
",,True,60,MIL.C04_Sets_and_Functions.solutions.Solutions_S01_Sets,Qwen-7B-short,LENGTH,best_of_n,False,0,1.0,CH04.t9,False
-1,False,4,"theorem t9 (h₀ : ∀ x ∈ t, ¬Even x) (h₁ : ∀ x ∈ t, Prime x) (ssubt : s ⊆ t) : ∀ x ∈ s, ¬Even x ∧ Prime x := by
  intro x xs
  constructor
  · apply h₀ x (ssubt xs)
  apply h₁ x (ssubt xs)

",,True,-1,"theorem t9 (h₀ : ∀ x ∈ t, ¬Even x) (h₁ : ∀ x ∈ t, Prime x) (ssubt : s ⊆ t) : ∀ x ∈ s, ¬Even x ∧ Prime x := by
  intro _ ssubt
  constructor
  · apply h₀ _ ssubt
  apply h₁ _ ssubt


","💥️application type mismatch
  h₀ x✝ ssubt
argument
  ssubt
has type
  x✝ ∈ s : Prop
but is expected to have type
  x✝ ∈ t : Prop

💥️application type mismatch
  h₁ x✝ ssubt
argument
  ssubt
has type
  x✝ ∈ s : Prop
but is expected to have type
  x✝ ∈ t : Prop",False,60,MIL.C04_Sets_and_Functions.solutions.Solutions_S01_Sets,Qwen-7B-short,LENGTH,best_of_n,False,0,-1.0,CH04.t9,False
-1,False,4,"theorem t9 (h₀ : ∀ x ∈ t, ¬Even x) (h₁ : ∀ x ∈ t, Prime x) (ssubt : s ⊆ t) : ∀ x ∈ s, ¬Even x ∧ Prime x := by
  intro x xs
  constructor
  · apply h₀ x (ssubt xs)
  apply h₁ x (ssubt xs)

",,True,0,"theorem t9 (h₀ : ∀ x ∈ t, ¬Even x) (h₁ : ∀ x ∈ t, Prime x) (ssubt : s ⊆ t) : ∀ x ∈ s, ¬Even x ∧ Prime x :=
  fun x xs ↦ ⟨h₀ x (ssubt xs), h₁ x (ssubt xs)⟩
",,True,60,MIL.C04_Sets_and_Functions.solutions.Solutions_S01_Sets,Qwen-7B-short,LENGTH,best_of_n,False,0,1.0,CH04.t9,False
-1,False,4,"theorem t9 (h₀ : ∀ x ∈ t, ¬Even x) (h₁ : ∀ x ∈ t, Prime x) (ssubt : s ⊆ t) : ∀ x ∈ s, ¬Even x ∧ Prime x := by
  intro x xs
  constructor
  · apply h₀ x (ssubt xs)
  apply h₁ x (ssubt xs)

",,True,-1,"theorem t9 (h₀ : ∀ x ∈ t, ¬Even x) (h₁ : ∀ x ∈ t, Prime x) (ssubt : s ⊆ t) : ∀ x ∈ s, ¬Even x ∧ Prime x :=
  fun x xs ↦ ⟨h₀ x (ssubt xs), h₁ x (ssubt xs),<;> aesop (add simp [_compl Even])


",💥️unexpected token '<;>'; expected '⟩',False,60,MIL.C04_Sets_and_Functions.solutions.Solutions_S01_Sets,Qwen-7B-short,LENGTH,best_of_n,False,0,-1.0,CH04.t9,False
-1,False,4,"theorem t9 (h₀ : ∀ x ∈ t, ¬Even x) (h₁ : ∀ x ∈ t, Prime x) (ssubt : s ⊆ t) : ∀ x ∈ s, ¬Even x ∧ Prime x := by
  intro x xs
  constructor
  · apply h₀ x (ssubt xs)
  apply h₁ x (ssubt xs)

",,True,0,"theorem t9 (h₀ : ∀ x ∈ t, ¬Even x) (h₁ : ∀ x ∈ t, Prime x) (ssubt : s ⊆ t) : ∀ x ∈ s, ¬Even x ∧ Prime x :=
  fun x xs ↦ ⟨h₀ x (ssubt xs), h₁ x (ssubt xs)⟩
",,True,60,MIL.C04_Sets_and_Functions.solutions.Solutions_S01_Sets,Qwen-7B-short,LENGTH,best_of_n,False,0,1.0,CH04.t9,False
-1,False,4,"theorem t9 (h₀ : ∀ x ∈ t, ¬Even x) (h₁ : ∀ x ∈ t, Prime x) (ssubt : s ⊆ t) : ∀ x ∈ s, ¬Even x ∧ Prime x := by
  intro x xs
  constructor
  · apply h₀ x (ssubt xs)
  apply h₁ x (ssubt xs)

",,True,0,"theorem t9 (h₀ : ∀ x ∈ t, ¬Even x) (h₁ : ∀ x ∈ t, Prime x) (ssubt : s ⊆ t) : ∀ x ∈ s, ¬Even x ∧ Prime x :=
  fun x xs ↦ ⟨h₀ x (ssubt xs), h₁ x (ssubt xs)⟩
",,True,60,MIL.C04_Sets_and_Functions.solutions.Solutions_S01_Sets,Qwen-7B-short,LENGTH,best_of_n,False,0,1.0,CH04.t9,False
-1,False,4,"theorem t9 (h₀ : ∀ x ∈ t, ¬Even x) (h₁ : ∀ x ∈ t, Prime x) (ssubt : s ⊆ t) : ∀ x ∈ s, ¬Even x ∧ Prime x := by
  intro x xs
  constructor
  · apply h₀ x (ssubt xs)
  apply h₁ x (ssubt xs)

",,True,-1,"theorem t9 (h₀ : ∀ x, ¬ Even x) (h₁ : ∀ x, Prime x) (ssubt : s ⊆ t) : ∀ x ∈ s, ¬ Even x ∧ Prime x :=
  fun x xs ↦ ⟨h₀ x (ssubt xs), h₁ x (ssubt xs)⟩
","💥️typeclass instance problem is stuck, it is often due to metavariables
  CommMonoidWithZero ?m.6316",False,60,MIL.C04_Sets_and_Functions.solutions.Solutions_S01_Sets,Qwen-7B-short,LENGTH,best_of_n,False,0,-1.0,CH04.t9,False
-1,False,4,"theorem t9 (h₀ : ∀ x ∈ t, ¬Even x) (h₁ : ∀ x ∈ t, Prime x) (ssubt : s ⊆ t) : ∀ x ∈ s, ¬Even x ∧ Prime x := by
  intro x xs
  constructor
  · apply h₀ x (ssubt xs)
  apply h₁ x (ssubt xs)

",,True,0,"theorem t9 (h₀ : ∀ x ∈ t, ¬Even x) (h₁ : ∀ x ∈ t, Prime x) (ssubt : s ⊆ t) : ∀ x ∈ s, ¬Even x ∧ Prime x :=
  fun x xs => ⟨h₀ x (ssubt xs), h₁ x (ssubt xs)⟩
",,True,60,MIL.C04_Sets_and_Functions.solutions.Solutions_S01_Sets,Qwen-7B-short,LENGTH,best_of_n,False,0,1.0,CH04.t9,False
-1,False,4,"theorem t9 (h₀ : ∀ x ∈ t, ¬Even x) (h₁ : ∀ x ∈ t, Prime x) (ssubt : s ⊆ t) : ∀ x ∈ s, ¬Even x ∧ Prime x := by
  intro x xs
  constructor
  · apply h₀ x (ssubt xs)
  apply h₁ x (ssubt xs)

",,True,-1,"theorem t9 (h₀ : ∀ x ∈ t, ¬Even x) (h₁ : ∀ x ∈ t, Prime x) (ssubt : s ⊆ t) : ∀ x ∈ s, ¬Even x ∧ Prime x :=
  fun _ => ⟨fun x hs => hs.symm the_cs h₀ h₁⟩
","💥️invalid constructor ⟨...⟩, expected type must be an inductive type 
  x✝ ∈ s → ¬Even x✝ ∧ Prime x✝",False,60,MIL.C04_Sets_and_Functions.solutions.Solutions_S01_Sets,Qwen-7B-short,LENGTH,best_of_n,False,0,-1.0,CH04.t9,False
-1,False,4,"theorem t9 (h₀ : ∀ x ∈ t, ¬Even x) (h₁ : ∀ x ∈ t, Prime x) (ssubt : s ⊆ t) : ∀ x ∈ s, ¬Even x ∧ Prime x := by
  intro x xs
  constructor
  · apply h₀ x (ssubt xs)
  apply h₁ x (ssubt xs)

",,True,0,"theorem t9 (h₀ : ∀ x ∈ t, ¬Even x) (h₁ : ∀ x ∈ t, Prime x) (ssubt : s ⊆ t) : ∀ x ∈ s, ¬Even x ∧ Prime x :=
  fun x xs => ⟨h₀ x (ssubt xs), h₁ x (ssubt xs)⟩
",,True,60,MIL.C04_Sets_and_Functions.solutions.Solutions_S01_Sets,Qwen-7B-short,LENGTH,best_of_n,False,0,1.0,CH04.t9,False
-1,False,4,"theorem t9 (h₀ : ∀ x ∈ t, ¬Even x) (h₁ : ∀ x ∈ t, Prime x) (ssubt : s ⊆ t) : ∀ x ∈ s, ¬Even x ∧ Prime x := by
  intro x xs
  constructor
  · apply h₀ x (ssubt xs)
  apply h₁ x (ssubt xs)

",,True,4,"theorem t9 (h₀ : ∀ x ∈ t, ¬Even x) (h₁ : ∀ x ∈ t, Prime x) (ssubt : s ⊆ t) : ∀ x ∈ s, ¬Even x ∧ Prime x := by
  intro x xs
  constructor
  · exact h₀ x (ssubt xs)
  · exact h₁ x (ssubt xs)

",,True,60,MIL.C04_Sets_and_Functions.solutions.Solutions_S01_Sets,Qwen-7B-short,LENGTH,best_of_n,False,0,0.0,CH04.t9,False
-1,False,4,"theorem t9 (h₀ : ∀ x ∈ t, ¬Even x) (h₁ : ∀ x ∈ t, Prime x) (ssubt : s ⊆ t) : ∀ x ∈ s, ¬Even x ∧ Prime x := by
  intro x xs
  constructor
  · apply h₀ x (ssubt xs)
  apply h₁ x (ssubt xs)

",,True,-1,"theorem t9 (h₀ : ∀ x ∈ t, ¬Even x) (h₁ : ∀ x ∈ t, Prime x) (ssubt : s ⊆ t) : ∀ x ∈ s, ¬Even x ∧ Prime x :=
  fun x xs ↦ ⟨(h₀ x (ssubt xs)).2 h₁ x (ssubt xs)⟩
","💥️invalid constructor ⟨...⟩, insufficient number of arguments, constructs 'And.intro' has #2 explicit fields, but only #1 provided",False,60,MIL.C04_Sets_and_Functions.solutions.Solutions_S01_Sets,Qwen-7B-short,LENGTH,best_of_n,False,0,-1.0,CH04.t9,False
-1,False,4,"theorem t9 (h₀ : ∀ x ∈ t, ¬Even x) (h₁ : ∀ x ∈ t, Prime x) (ssubt : s ⊆ t) : ∀ x ∈ s, ¬Even x ∧ Prime x := by
  intro x xs
  constructor
  · apply h₀ x (ssubt xs)
  apply h₁ x (ssubt xs)

",,True,-1,"theorem t9 (h₀ : ∀ x ∈ t, ¬Even x) (h₁ : ∀ x ∈ t, Prime x) (ssubt : s ⊆ t) : ∀ x ∈ s, ¬Even x ∧ Prime x :=
  ⟨fun x xs ↦ h₀ x (ssubt xs), fun x xs ↦ h₁ x (ssubt xs)⟩
","💥️invalid constructor ⟨...⟩, expected type must be an inductive type 
  ∀ x ∈ s, ¬Even x ∧ Prime x",False,60,MIL.C04_Sets_and_Functions.solutions.Solutions_S01_Sets,Qwen-7B-short,LENGTH,best_of_n,False,0,-1.0,CH04.t9,False
-1,False,4,"theorem t9 (h₀ : ∀ x ∈ t, ¬Even x) (h₁ : ∀ x ∈ t, Prime x) (ssubt : s ⊆ t) : ∀ x ∈ s, ¬Even x ∧ Prime x := by
  intro x xs
  constructor
  · apply h₀ x (ssubt xs)
  apply h₁ x (ssubt xs)

",,True,4,"theorem t9 (h₀ : ∀ x ∈ t, ¬Even x) (h₁ : ∀ x ∈ t, Prime x) (ssubt : s ⊆ t) : ∀ x ∈ s, ¬Even x ∧ Prime x := by
  intro x xs
  constructor
  · exact h₀ x (ssubt xs)
  · exact h₁ x (ssubt xs)
",,True,60,MIL.C04_Sets_and_Functions.solutions.Solutions_S01_Sets,Qwen-7B-short,LENGTH,best_of_n,False,0,0.0,CH04.t9,False
-1,False,4,"theorem t9 (h₀ : ∀ x ∈ t, ¬Even x) (h₁ : ∀ x ∈ t, Prime x) (ssubt : s ⊆ t) : ∀ x ∈ s, ¬Even x ∧ Prime x := by
  intro x xs
  constructor
  · apply h₀ x (ssubt xs)
  apply h₁ x (ssubt xs)

",,True,0,"theorem t9 (h₀ : ∀ x ∈ t, ¬Even x) (h₁ : ∀ x ∈ t, Prime x) (ssubt : s ⊆ t) : ∀ x ∈ s, ¬Even x ∧ Prime x :=
  fun x xs ↦ ⟨h₀ x (ssubt xs), h₁ x (ssubt xs)⟩
",,True,60,MIL.C04_Sets_and_Functions.solutions.Solutions_S01_Sets,Qwen-7B-short,LENGTH,best_of_n,False,0,1.0,CH04.t9,False
-1,False,2,"theorem t10 (h : ∃ x ∈ s, ¬Even x ∧ Prime x) (ssubt : s ⊆ t) : ∃ x ∈ t, Prime x := by
  rcases h with ⟨x, xs, _, px⟩
  use x, ssubt xs

",,True,-1,"theorem t10 (∃ x ∈ s, ¬Even x ∧ Prime x) (s ⊆ t) : ∃ x ∈ t, Prime x := by
  rcases t10_dvd_of_notEven_prime x with ⟨y, hy, hye, hp⟩
  exact ⟨y, sSubt_of_mem t, hy, hp⟩
",💥️unexpected token '∃'; expected '_' or identifier,False,60,MIL.C04_Sets_and_Functions.solutions.Solutions_S01_Sets,Qwen-7B-short,LENGTH,best_of_n,False,0,-1.0,CH04.t10,False
-1,False,2,"theorem t10 (h : ∃ x ∈ s, ¬Even x ∧ Prime x) (ssubt : s ⊆ t) : ∃ x ∈ t, Prime x := by
  rcases h with ⟨x, xs, _, px⟩
  use x, ssubt xs

",,True,2,"theorem t10 (h : ∃ x ∈ s, ¬Even x ∧ Prime x) (ssubt : s ⊆ t) : ∃ x ∈ t, Prime x := by
  rcases h with ⟨x, xs, _, px⟩
  use x, ssubt xs
",,True,60,MIL.C04_Sets_and_Functions.solutions.Solutions_S01_Sets,Qwen-7B-short,LENGTH,best_of_n,False,0,0.0,CH04.t10,False
-1,False,2,"theorem t10 (h : ∃ x ∈ s, ¬Even x ∧ Prime x) (ssubt : s ⊆ t) : ∃ x ∈ t, Prime x := by
  rcases h with ⟨x, xs, _, px⟩
  use x, ssubt xs

",,True,2,"theorem t10 (h : ∃ x ∈ s, ¬Even x ∧ Prime x) (ssubt : s ⊆ t) : ∃ x ∈ t, Prime x := by
  rcases h with ⟨x, xs, _, px⟩
  use x, ssubt xs
",,True,60,MIL.C04_Sets_and_Functions.solutions.Solutions_S01_Sets,Qwen-7B-short,LENGTH,best_of_n,False,0,0.0,CH04.t10,False
-1,False,2,"theorem t10 (h : ∃ x ∈ s, ¬Even x ∧ Prime x) (ssubt : s ⊆ t) : ∃ x ∈ t, Prime x := by
  rcases h with ⟨x, xs, _, px⟩
  use x, ssubt xs

",,True,-1,"theorem t10 (h : ∃ x ∈ s, ¬Even x ∧ Prime x) (ssubt : s ⊆ t) : ∃ x ∈ t, Prime x :=
  ⟨fun ⟨x, hx⟩ => ssubt hx⟩
","💥️invalid constructor ⟨...⟩, insufficient number of arguments, constructs 'Exists.intro' has #2 explicit fields, but only #1 provided",False,60,MIL.C04_Sets_and_Functions.solutions.Solutions_S01_Sets,Qwen-7B-short,LENGTH,best_of_n,False,0,-1.0,CH04.t10,False
-1,False,2,"theorem t10 (h : ∃ x ∈ s, ¬Even x ∧ Prime x) (ssubt : s ⊆ t) : ∃ x ∈ t, Prime x := by
  rcases h with ⟨x, xs, _, px⟩
  use x, ssubt xs

",,True,0,"theorem t10 (h : ∃ x ∈ s, ¬Even x ∧ Prime x) (ssubt : s ⊆ t) : ∃ x ∈ t, Prime x :=
  let ⟨_, ⟨xs, _, hp⟩⟩ := h
  ⟨_, ssubt xs, hp⟩
",,True,60,MIL.C04_Sets_and_Functions.solutions.Solutions_S01_Sets,Qwen-7B-short,LENGTH,best_of_n,False,0,1.0,CH04.t10,False
-1,False,2,"theorem t10 (h : ∃ x ∈ s, ¬Even x ∧ Prime x) (ssubt : s ⊆ t) : ∃ x ∈ t, Prime x := by
  rcases h with ⟨x, xs, _, px⟩
  use x, ssubt xs

",,True,2,"theorem t10 (h : ∃ x ∈ s, ¬Even x ∧ Prime x) (ssubt : s ⊆ t) : ∃ x ∈ t, Prime x := by
  rcases h with ⟨x, xs, _, px⟩
  exact ⟨x, ssubt xs, px⟩
",,True,60,MIL.C04_Sets_and_Functions.solutions.Solutions_S01_Sets,Qwen-7B-short,LENGTH,best_of_n,False,0,0.0,CH04.t10,False
-1,False,2,"theorem t10 (h : ∃ x ∈ s, ¬Even x ∧ Prime x) (ssubt : s ⊆ t) : ∃ x ∈ t, Prime x := by
  rcases h with ⟨x, xs, _, px⟩
  use x, ssubt xs

",,True,2,"theorem t10 (h : ∃ x ∈ s, ¬Even x ∧ Prime x) (ssubt : s ⊆ t) : ∃ x ∈ t, Prime x := by
  rcases h with ⟨x, xs, _, px⟩
  exact ⟨x, ssubt xs, px⟩
",,True,60,MIL.C04_Sets_and_Functions.solutions.Solutions_S01_Sets,Qwen-7B-short,LENGTH,best_of_n,False,0,0.0,CH04.t10,False
-1,False,2,"theorem t10 (h : ∃ x ∈ s, ¬Even x ∧ Prime x) (ssubt : s ⊆ t) : ∃ x ∈ t, Prime x := by
  rcases h with ⟨x, xs, _, px⟩
  use x, ssubt xs

",,True,2,"theorem t10 (h : ∃ x ∈ s, ¬Even x ∧ Prime x) (ssubt : s ⊆ t) : ∃ x ∈ t, Prime x := by
  rcases h with ⟨x, xs, _, px⟩
  exact ⟨x, ssubt xs, px⟩
",,True,60,MIL.C04_Sets_and_Functions.solutions.Solutions_S01_Sets,Qwen-7B-short,LENGTH,best_of_n,False,0,0.0,CH04.t10,False
-1,False,2,"theorem t10 (h : ∃ x ∈ s, ¬Even x ∧ Prime x) (ssubt : s ⊆ t) : ∃ x ∈ t, Prime x := by
  rcases h with ⟨x, xs, _, px⟩
  use x, ssubt xs

",,True,2,"theorem t10 (h : ∃ x ∈ s, ¬Even x ∧ Prime x) (ssubt : s ⊆ t) : ∃ x ∈ t, Prime x := by
  rcases h with ⟨x, xs, _, px⟩
  exact ⟨x, ssubt xs, px⟩
",,True,60,MIL.C04_Sets_and_Functions.solutions.Solutions_S01_Sets,Qwen-7B-short,LENGTH,best_of_n,False,0,0.0,CH04.t10,False
-1,False,2,"theorem t10 (h : ∃ x ∈ s, ¬Even x ∧ Prime x) (ssubt : s ⊆ t) : ∃ x ∈ t, Prime x := by
  rcases h with ⟨x, xs, _, px⟩
  use x, ssubt xs

",,True,2,"theorem t10 (h : ∃ x ∈ s, ¬Even x ∧ Prime x) (ssubt : s ⊆ t) : ∃ x ∈ t, Prime x := by
  rcases h with ⟨x, xs, _, px⟩
  use x, ssubt xs
",,True,60,MIL.C04_Sets_and_Functions.solutions.Solutions_S01_Sets,Qwen-7B-short,LENGTH,best_of_n,False,0,0.0,CH04.t10,False
-1,False,2,"theorem t10 (h : ∃ x ∈ s, ¬Even x ∧ Prime x) (ssubt : s ⊆ t) : ∃ x ∈ t, Prime x := by
  rcases h with ⟨x, xs, _, px⟩
  use x, ssubt xs

",,True,2,"theorem t10 (h : ∃ x ∈ s, ¬Even x ∧ Prime x) (ssubt : s ⊆ t) : ∃ x ∈ t, Prime x := by
  rcases h with ⟨x, xs, _, px⟩
  exact ⟨x, ssubt xs, px⟩
",,True,60,MIL.C04_Sets_and_Functions.solutions.Solutions_S01_Sets,Qwen-7B-short,LENGTH,best_of_n,False,0,0.0,CH04.t10,False
-1,False,2,"theorem t10 (h : ∃ x ∈ s, ¬Even x ∧ Prime x) (ssubt : s ⊆ t) : ∃ x ∈ t, Prime x := by
  rcases h with ⟨x, xs, _, px⟩
  use x, ssubt xs

",,True,-1,"theorem t10 (h : ∃ x ∈ s, ¬Even x ∧ Prime x) (ssubt : s ⊆ t) : ∃ x ∈ t, Prime x :=
  tauto
",💥️unknown identifier 'tauto',False,60,MIL.C04_Sets_and_Functions.solutions.Solutions_S01_Sets,Qwen-7B-short,LENGTH,best_of_n,False,0,-1.0,CH04.t10,False
-1,False,2,"theorem t10 (h : ∃ x ∈ s, ¬Even x ∧ Prime x) (ssubt : s ⊆ t) : ∃ x ∈ t, Prime x := by
  rcases h with ⟨x, xs, _, px⟩
  use x, ssubt xs

",,True,-1,"theorem t10 (h : ∃ x ∈ s, ¬Even x ∧ Prime x) (ssubt : s ⊆ t) : ∃ x ∈ t, Prime x := by
  rcases h with ⟨x, xs, _, px⟩
  exact ⟨x, ssubt xs, Prime x⟩
","💥️application type mismatch
  ⟨ssubt xs, Prime x⟩
argument
  Prime x
has type
  Prop : Type
but is expected to have type
  Prime x : Prop",False,60,MIL.C04_Sets_and_Functions.solutions.Solutions_S01_Sets,Qwen-7B-short,LENGTH,best_of_n,False,0,-1.0,CH04.t10,False
-1,False,2,"theorem t10 (h : ∃ x ∈ s, ¬Even x ∧ Prime x) (ssubt : s ⊆ t) : ∃ x ∈ t, Prime x := by
  rcases h with ⟨x, xs, _, px⟩
  use x, ssubt xs

",,True,2,"theorem t10 (h : ∃ x ∈ s, ¬Even x ∧ Prime x) (ssubt : s ⊆ t) : ∃ x ∈ t, Prime x := by
  rcases h with ⟨x, xs, _, px⟩
  exact ⟨x, ssubt xs, px⟩
",,True,60,MIL.C04_Sets_and_Functions.solutions.Solutions_S01_Sets,Qwen-7B-short,LENGTH,best_of_n,False,0,0.0,CH04.t10,False
-1,False,2,"theorem t10 (h : ∃ x ∈ s, ¬Even x ∧ Prime x) (ssubt : s ⊆ t) : ∃ x ∈ t, Prime x := by
  rcases h with ⟨x, xs, _, px⟩
  use x, ssubt xs

",,True,2,"theorem t10 (h : ∃ x ∈ s, ¬Even x ∧ Prime x) (ssubt : s ⊆ t) : ∃ x ∈ t, Prime x := by
  rcases h with ⟨x, xs, _, px⟩
  exact ⟨x, ssubt xs, px⟩
",,True,60,MIL.C04_Sets_and_Functions.solutions.Solutions_S01_Sets,Qwen-7B-short,LENGTH,best_of_n,False,0,0.0,CH04.t10,False
-1,False,2,"theorem t10 (h : ∃ x ∈ s, ¬Even x ∧ Prime x) (ssubt : s ⊆ t) : ∃ x ∈ t, Prime x := by
  rcases h with ⟨x, xs, _, px⟩
  use x, ssubt xs

",,True,-1,"theorem t10 (h : ∃ x ∈ s, ¬Even x ∧ Prime x) (ssubt : s ⊆ t) : ∃ x ∈ t, Prime x :=
  t10.2 h.ssubt
","💥️invalid field notation, type is not of the form (C ...) where C is a constant
  t10
has type
  (∃ x ∈ s, ¬Even x ∧ Prime x) → s ⊆ t → ∃ x ∈ t, Prime x",False,60,MIL.C04_Sets_and_Functions.solutions.Solutions_S01_Sets,Qwen-7B-short,LENGTH,best_of_n,False,0,-1.0,CH04.t10,False
-1,False,2,"theorem t10 (h : ∃ x ∈ s, ¬Even x ∧ Prime x) (ssubt : s ⊆ t) : ∃ x ∈ t, Prime x := by
  rcases h with ⟨x, xs, _, px⟩
  use x, ssubt xs

",,True,-1,"theorem t10 (h : ∃ x ∈ s, ¬Even x ∧ Prime x) (ssubt : s ⊆ t) : ∃ x ∈ t, Prime x :=
  ⟨ _, ssubt rfl⟩
","💥️application type mismatch
  Exists.intro ?m.6457 (ssubt ?m.6484)
argument
  ssubt ?m.6484
has type
  ?m.6463 ∈ t : Prop
but is expected to have type
  ?m.6457 ∈ t ∧ Prime ?m.6457 : Prop",False,60,MIL.C04_Sets_and_Functions.solutions.Solutions_S01_Sets,Qwen-7B-short,LENGTH,best_of_n,False,0,-1.0,CH04.t10,False
-1,False,2,"theorem t10 (h : ∃ x ∈ s, ¬Even x ∧ Prime x) (ssubt : s ⊆ t) : ∃ x ∈ t, Prime x := by
  rcases h with ⟨x, xs, _, px⟩
  use x, ssubt xs

",,True,-1,"theorem t10 (h : ∃ x ∈ s, ¬Even x ∧ Prime x) (ssubt : s ⊆ t) : ∃ x ∈ t, Prime x :=
  t10.2 _ h.suggested _ _
","💥️invalid field notation, type is not of the form (C ...) where C is a constant
  t10
has type
  (∃ x ∈ s, ¬Even x ∧ Prime x) → s ⊆ t → ∃ x ∈ t, Prime x",False,60,MIL.C04_Sets_and_Functions.solutions.Solutions_S01_Sets,Qwen-7B-short,LENGTH,best_of_n,False,0,-1.0,CH04.t10,False
-1,False,2,"theorem t10 (h : ∃ x ∈ s, ¬Even x ∧ Prime x) (ssubt : s ⊆ t) : ∃ x ∈ t, Prime x := by
  rcases h with ⟨x, xs, _, px⟩
  use x, ssubt xs

",,True,2,"theorem t10 (h : ∃ x ∈ s, ¬Even x ∧ Prime x) (ssubt : s ⊆ t) : ∃ x ∈ t, Prime x := by
  rcases h with ⟨x, xs, _, px⟩
  use x, ssubt xs
",,True,60,MIL.C04_Sets_and_Functions.solutions.Solutions_S01_Sets,Qwen-7B-short,LENGTH,best_of_n,False,0,0.0,CH04.t10,False
-1,False,2,"theorem t10 (h : ∃ x ∈ s, ¬Even x ∧ Prime x) (ssubt : s ⊆ t) : ∃ x ∈ t, Prime x := by
  rcases h with ⟨x, xs, _, px⟩
  use x, ssubt xs

",,True,2,"theorem t10 (h : ∃ x ∈ s, ¬Even x ∧ Prime x) (ssubt : s ⊆ t) : ∃ x ∈ t, Prime x := by
  rcases h with ⟨x, xs, _, px⟩
  use x, ssubt xs
",,True,60,MIL.C04_Sets_and_Functions.solutions.Solutions_S01_Sets,Qwen-7B-short,LENGTH,best_of_n,False,0,0.0,CH04.t10,False
-1,False,2,"theorem t10 (h : ∃ x ∈ s, ¬Even x ∧ Prime x) (ssubt : s ⊆ t) : ∃ x ∈ t, Prime x := by
  rcases h with ⟨x, xs, _, px⟩
  use x, ssubt xs

",,True,2,"theorem t10 (h : ∃ x ∈ s, ¬Even x ∧ Prime x) (ssubt : s ⊆ t) : ∃ x ∈ t, Prime x := by
  rcases h with ⟨x, xs, _, px⟩
  exact ⟨x, ssubt xs, px⟩
",,True,60,MIL.C04_Sets_and_Functions.solutions.Solutions_S01_Sets,Qwen-7B-short,LENGTH,best_of_n,False,0,0.0,CH04.t10,False
-1,False,2,"theorem t10 (h : ∃ x ∈ s, ¬Even x ∧ Prime x) (ssubt : s ⊆ t) : ∃ x ∈ t, Prime x := by
  rcases h with ⟨x, xs, _, px⟩
  use x, ssubt xs

",,True,-1,"theorem t10 (h : ∃ x ∈ s, ¬Even x ∧ Prime x) (ssubt : s ⊆ t) : ∃ x ∈ t, Prime x :=
  rcases h with ⟨x, xs, _, px⟩
  ⟨x, ssubt xs, px⟩
",💥️unknown identifier 'rcases',False,60,MIL.C04_Sets_and_Functions.solutions.Solutions_S01_Sets,Qwen-7B-short,LENGTH,best_of_n,False,0,-1.0,CH04.t10,False
-1,False,2,"theorem t10 (h : ∃ x ∈ s, ¬Even x ∧ Prime x) (ssubt : s ⊆ t) : ∃ x ∈ t, Prime x := by
  rcases h with ⟨x, xs, _, px⟩
  use x, ssubt xs

",,True,-1,"theorem t10 (h : ∃ x ∈ s, ¬Even x ∧ Prime x) (ssubt : s ⊆ t) : ∃ x ∈ t, Prime x :=
  ⟨t, ssubt, fun _ hxy => h x  (hxy.1 : ¬Even x) x.2⟩
","💥️application type mismatch
  Exists.intro t
argument
  t
has type
  Set ℕ : Type
but is expected to have type
  ℕ : Type

💥️function expected at
  h
term has type
  ∃ x ∈ s, ¬Even x ∧ Prime x",False,60,MIL.C04_Sets_and_Functions.solutions.Solutions_S01_Sets,Qwen-7B-short,LENGTH,best_of_n,False,0,-1.0,CH04.t10,False
-1,False,2,"theorem t10 (h : ∃ x ∈ s, ¬Even x ∧ Prime x) (ssubt : s ⊆ t) : ∃ x ∈ t, Prime x := by
  rcases h with ⟨x, xs, _, px⟩
  use x, ssubt xs

",,True,2,"theorem t10 (h : ∃ x ∈ s, ¬Even x ∧ Prime x) (ssubt : s ⊆ t) : ∃ x ∈ t, Prime x := by
  rcases h with ⟨x, xs, _, px⟩
  use x, ssubt xs
",,True,60,MIL.C04_Sets_and_Functions.solutions.Solutions_S01_Sets,Qwen-7B-short,LENGTH,best_of_n,False,0,0.0,CH04.t10,False
-1,False,2,"theorem t10 (h : ∃ x ∈ s, ¬Even x ∧ Prime x) (ssubt : s ⊆ t) : ∃ x ∈ t, Prime x := by
  rcases h with ⟨x, xs, _, px⟩
  use x, ssubt xs

",,True,2,"theorem t10 (h : ∃ x ∈ s, ¬Even x ∧ Prime x) (ssubt : s ⊆ t) : ∃ x ∈ t, Prime x := by
  rcases h with ⟨x, xs, _, px⟩
  exact ⟨x, ssubt xs, px⟩
",,True,60,MIL.C04_Sets_and_Functions.solutions.Solutions_S01_Sets,Qwen-7B-short,LENGTH,best_of_n,False,0,0.0,CH04.t10,False
-1,False,2,"theorem t10 (h : ∃ x ∈ s, ¬Even x ∧ Prime x) (ssubt : s ⊆ t) : ∃ x ∈ t, Prime x := by
  rcases h with ⟨x, xs, _, px⟩
  use x, ssubt xs

",,True,-1,"theorem t10 (h : ∃ x ∈ s, ¬Even x ∧ Prime x) (ssubt : s ⊆ t) : ∃ x ∈ t, Prime x :=
  hexists x ∈ s, ¬Even x ∧ Prime x).Imp fun _ ↦ Ssubt x
",💥️unknown identifier 'hexists',False,60,MIL.C04_Sets_and_Functions.solutions.Solutions_S01_Sets,Qwen-7B-short,LENGTH,best_of_n,False,0,-1.0,CH04.t10,False
-1,False,2,"theorem t10 (h : ∃ x ∈ s, ¬Even x ∧ Prime x) (ssubt : s ⊆ t) : ∃ x ∈ t, Prime x := by
  rcases h with ⟨x, xs, _, px⟩
  use x, ssubt xs

",,True,-1,"theorem t10 (h : ∃ x ∈ s, ¬Even x ∧ Prime x) (ssubt : s ⊆ t) : ∃ x ∈ t, Prime x :=
  t10' <| h ⟨_phi, by simp⟩ <|
    ssubt⟮_exchanging.tendstoAtBot <|
      ssubt.fst.map_primeToEven_ofPrime <|
        ssubt.map_primeToEven_ofPrime (by simp)
",💥️unknown identifier 't10'',False,60,MIL.C04_Sets_and_Functions.solutions.Solutions_S01_Sets,Qwen-7B-short,LENGTH,best_of_n,False,0,-1.0,CH04.t10,False
-1,False,2,"theorem t10 (h : ∃ x ∈ s, ¬Even x ∧ Prime x) (ssubt : s ⊆ t) : ∃ x ∈ t, Prime x := by
  rcases h with ⟨x, xs, _, px⟩
  use x, ssubt xs

",,True,2,"theorem t10 (h : ∃ x ∈ s, ¬Even x ∧ Prime x) (ssubt : s ⊆ t) : ∃ x ∈ t, Prime x := by
  rcases h with ⟨x, xs, _, px⟩
  use x, ssubt xs
",,True,60,MIL.C04_Sets_and_Functions.solutions.Solutions_S01_Sets,Qwen-7B-short,LENGTH,best_of_n,False,0,0.0,CH04.t10,False
-1,False,2,"theorem t10 (h : ∃ x ∈ s, ¬Even x ∧ Prime x) (ssubt : s ⊆ t) : ∃ x ∈ t, Prime x := by
  rcases h with ⟨x, xs, _, px⟩
  use x, ssubt xs

",,True,-1,"theorem t10 (h : ∃ x ∈ s, ¬Even x ∧ Prime x) (ssubt : s ⊆ t) : ∃ x ∈ t, Prime x :=
  let ⟨x, hx⟩ := h
  ⟨x, ssubt hx⟩
","💥️application type mismatch
  Exists.intro x (ssubt ?m.6511)
argument
  ssubt ?m.6511
has type
  ?m.6493 ∈ t : Prop
but is expected to have type
  x ∈ t ∧ Prime x : Prop",False,60,MIL.C04_Sets_and_Functions.solutions.Solutions_S01_Sets,Qwen-7B-short,LENGTH,best_of_n,False,0,-1.0,CH04.t10,False
-1,False,2,"theorem t10 (h : ∃ x ∈ s, ¬Even x ∧ Prime x) (ssubt : s ⊆ t) : ∃ x ∈ t, Prime x := by
  rcases h with ⟨x, xs, _, px⟩
  use x, ssubt xs

",,True,2,"theorem t10 (h : ∃ x ∈ s, ¬Even x ∧ Prime x) (ssubt : s ⊆ t) : ∃ x ∈ t, Prime x := by
  rcases h with ⟨x, xs, _, px⟩
  exact ⟨x, ssubt xs, px⟩
",,True,60,MIL.C04_Sets_and_Functions.solutions.Solutions_S01_Sets,Qwen-7B-short,LENGTH,best_of_n,False,0,0.0,CH04.t10,False
-1,False,2,"theorem t10 (h : ∃ x ∈ s, ¬Even x ∧ Prime x) (ssubt : s ⊆ t) : ∃ x ∈ t, Prime x := by
  rcases h with ⟨x, xs, _, px⟩
  use x, ssubt xs

",,True,-1,"theorem t10 (h : ∃ x ∈ s, ¬Even x ∧ Prime x) (ssubt : s ⊆ t) : ∃ x ∈ t, Prime x :=
  let ⟨x, _, hp, rfl⟩ := h
  ⟨x, ssubt hp⟩
","💥️application type mismatch
  ⟨hp, rfl⟩
argument
  rfl
has type
  ?m.6490 = ?m.6490 : Prop
but is expected to have type
  Prime x : Prop",False,60,MIL.C04_Sets_and_Functions.solutions.Solutions_S01_Sets,Qwen-7B-short,LENGTH,best_of_n,False,0,-1.0,CH04.t10,False
-1,False,2,"theorem t10 (h : ∃ x ∈ s, ¬Even x ∧ Prime x) (ssubt : s ⊆ t) : ∃ x ∈ t, Prime x := by
  rcases h with ⟨x, xs, _, px⟩
  use x, ssubt xs

",,True,2,"theorem t10 (h : ∃ x ∈ s, ¬Even x ∧ Prime x) (ssubt : s ⊆ t) : ∃ x ∈ t, Prime x := by
  rcases h with ⟨x, xs, _, px⟩
  exact ⟨x, ssubt xs, px⟩
",,True,60,MIL.C04_Sets_and_Functions.solutions.Solutions_S01_Sets,Qwen-7B-short,LENGTH,best_of_n,False,0,0.0,CH04.t10,False
-1,False,2,"theorem t10 (h : ∃ x ∈ s, ¬Even x ∧ Prime x) (ssubt : s ⊆ t) : ∃ x ∈ t, Prime x := by
  rcases h with ⟨x, xs, _, px⟩
  use x, ssubt xs

",,True,2,"theorem t10 (h : ∃ x ∈ s, ¬Even x ∧ Prime x) (ssubt : s ⊆ t) : ∃ x ∈ t, Prime x := by
  rcases h with ⟨x, xs, _, px⟩
  use x, ssubt xs
",,True,60,MIL.C04_Sets_and_Functions.solutions.Solutions_S01_Sets,Qwen-7B-short,LENGTH,best_of_n,False,0,0.0,CH04.t10,False
-1,False,2,"theorem t10 (h : ∃ x ∈ s, ¬Even x ∧ Prime x) (ssubt : s ⊆ t) : ∃ x ∈ t, Prime x := by
  rcases h with ⟨x, xs, _, px⟩
  use x, ssubt xs

",,True,-1,"theorem t10 (h : ∃ x ∈ s, ¬Even x ∧ Prime x) (ssubt : s ⊆ t) : ∃ x ∈ t, Prime x :=
  ⟨_, h⟩
","💥️application type mismatch
  Exists.intro ?m.6457 h
argument
  h
has type
  ∃ x ∈ s, ¬Even x ∧ Prime x : Prop
but is expected to have type
  ?m.6457 ∈ t ∧ Prime ?m.6457 : Prop",False,60,MIL.C04_Sets_and_Functions.solutions.Solutions_S01_Sets,Qwen-7B-short,LENGTH,best_of_n,False,0,-1.0,CH04.t10,False
-1,False,2,"theorem t10 (h : ∃ x ∈ s, ¬Even x ∧ Prime x) (ssubt : s ⊆ t) : ∃ x ∈ t, Prime x := by
  rcases h with ⟨x, xs, _, px⟩
  use x, ssubt xs

",,True,2,"theorem t10 (h : ∃ x ∈ s, ¬Even x ∧ Prime x) (ssubt : s ⊆ t) : ∃ x ∈ t, Prime x := by
  rcases h with ⟨x, xs, _, px⟩
  use x, ssubt xs
",,True,60,MIL.C04_Sets_and_Functions.solutions.Solutions_S01_Sets,Qwen-7B-short,LENGTH,best_of_n,False,0,0.0,CH04.t10,False
-1,False,2,"theorem t10 (h : ∃ x ∈ s, ¬Even x ∧ Prime x) (ssubt : s ⊆ t) : ∃ x ∈ t, Prime x := by
  rcases h with ⟨x, xs, _, px⟩
  use x, ssubt xs

",,True,2,"theorem t10 (h : ∃ x ∈ s, ¬Even x ∧ Prime x) (ssubt : s ⊆ t) : ∃ x ∈ t, Prime x := by
  rcases h with ⟨x, xs, _, px⟩
  exact ⟨x, ssubt xs, px⟩
",,True,60,MIL.C04_Sets_and_Functions.solutions.Solutions_S01_Sets,Qwen-7B-short,LENGTH,best_of_n,False,0,0.0,CH04.t10,False
-1,False,2,"theorem t10 (h : ∃ x ∈ s, ¬Even x ∧ Prime x) (ssubt : s ⊆ t) : ∃ x ∈ t, Prime x := by
  rcases h with ⟨x, xs, _, px⟩
  use x, ssubt xs

",,True,2,"theorem t10 (h : ∃ x ∈ s, ¬Even x ∧ Prime x) (ssubt : s ⊆ t) : ∃ x ∈ t, Prime x := by
  rcases h with ⟨x, xs, _, px⟩
  use x, ssubt xs
",,True,60,MIL.C04_Sets_and_Functions.solutions.Solutions_S01_Sets,Qwen-7B-short,LENGTH,best_of_n,False,0,0.0,CH04.t10,False
-1,False,2,"theorem t10 (h : ∃ x ∈ s, ¬Even x ∧ Prime x) (ssubt : s ⊆ t) : ∃ x ∈ t, Prime x := by
  rcases h with ⟨x, xs, _, px⟩
  use x, ssubt xs

",,True,-1,"theorem t10 (h : ∃ x ∈ s, ¬Even x ∧ Prime x) (ssubt : s ⊆ t) : ∃ x ∈ t, Prime x :=
  tautoe <| by simpa [← ssubt, even_iff] using h
",💥️unknown identifier 'tautoe',False,60,MIL.C04_Sets_and_Functions.solutions.Solutions_S01_Sets,Qwen-7B-short,LENGTH,best_of_n,False,0,-1.0,CH04.t10,False
-1,False,2,"theorem t10 (h : ∃ x ∈ s, ¬Even x ∧ Prime x) (ssubt : s ⊆ t) : ∃ x ∈ t, Prime x := by
  rcases h with ⟨x, xs, _, px⟩
  use x, ssubt xs

",,True,2,"theorem t10 (h : ∃ x ∈ s, ¬Even x ∧ Prime x) (ssubt : s ⊆ t) : ∃ x ∈ t, Prime x := by
  rcases h with ⟨x, xs, _, px⟩
  exact ⟨x, ssubt xs, px⟩
",,True,60,MIL.C04_Sets_and_Functions.solutions.Solutions_S01_Sets,Qwen-7B-short,LENGTH,best_of_n,False,0,0.0,CH04.t10,False
-1,False,2,"theorem t10 (h : ∃ x ∈ s, ¬Even x ∧ Prime x) (ssubt : s ⊆ t) : ∃ x ∈ t, Prime x := by
  rcases h with ⟨x, xs, _, px⟩
  use x, ssubt xs

",,True,-1,"theorem t10 (h : ∃ x ∈ s, ¬Even x ∧ Prime x) (ssubt : s ⊆ t) : ∃ x ∈ t, Prime x :=
  t10 _ (by rwa [← Even, Prime, show ∃ x, ¬ Even x ∧ Prime x by tauto])
",💥️failed to rewrite using equation theorems for 'Even'.,False,60,MIL.C04_Sets_and_Functions.solutions.Solutions_S01_Sets,Qwen-7B-short,LENGTH,best_of_n,False,0,-1.0,CH04.t10,False
-1,False,2,"theorem t10 (h : ∃ x ∈ s, ¬Even x ∧ Prime x) (ssubt : s ⊆ t) : ∃ x ∈ t, Prime x := by
  rcases h with ⟨x, xs, _, px⟩
  use x, ssubt xs

",,True,2,"theorem t10 (h : ∃ x ∈ s, ¬Even x ∧ Prime x) (ssubt : s ⊆ t) : ∃ x ∈ t, Prime x := by
  rcases h with ⟨x, xs, _, px⟩
  exact ⟨x, ssubt xs, px⟩
",,True,60,MIL.C04_Sets_and_Functions.solutions.Solutions_S01_Sets,Qwen-7B-short,LENGTH,best_of_n,False,0,0.0,CH04.t10,False
-1,False,2,"theorem t10 (h : ∃ x ∈ s, ¬Even x ∧ Prime x) (ssubt : s ⊆ t) : ∃ x ∈ t, Prime x := by
  rcases h with ⟨x, xs, _, px⟩
  use x, ssubt xs

",,True,2,"theorem t10 (h : ∃ x ∈ s, ¬Even x ∧ Prime x) (ssubt : s ⊆ t) : ∃ x ∈ t, Prime x := by
  rcases h with ⟨x, xs, _, px⟩
  exact ⟨x, ssubt xs, px⟩
",,True,60,MIL.C04_Sets_and_Functions.solutions.Solutions_S01_Sets,Qwen-7B-short,LENGTH,best_of_n,False,0,0.0,CH04.t10,False
-1,False,2,"theorem t10 (h : ∃ x ∈ s, ¬Even x ∧ Prime x) (ssubt : s ⊆ t) : ∃ x ∈ t, Prime x := by
  rcases h with ⟨x, xs, _, px⟩
  use x, ssubt xs

",,True,2,"theorem t10 (h : ∃ x ∈ s, ¬Even x ∧ Prime x) (ssubt : s ⊆ t) : ∃ x ∈ t, Prime x := by
  rcases h with ⟨x, xs, _, px⟩
  exact ⟨x, ssubt xs, px⟩
",,True,60,MIL.C04_Sets_and_Functions.solutions.Solutions_S01_Sets,Qwen-7B-short,LENGTH,best_of_n,False,0,0.0,CH04.t10,False
-1,False,2,"theorem t10 (h : ∃ x ∈ s, ¬Even x ∧ Prime x) (ssubt : s ⊆ t) : ∃ x ∈ t, Prime x := by
  rcases h with ⟨x, xs, _, px⟩
  use x, ssubt xs

",,True,2,"theorem t10 (h : ∃ x ∈ s, ¬Even x ∧ Prime x) (ssubt : s ⊆ t) : ∃ x ∈ t, Prime x := by
  rcases h with ⟨x, xs, _, px⟩
  use x, ssubt xs
",,True,60,MIL.C04_Sets_and_Functions.solutions.Solutions_S01_Sets,Qwen-7B-short,LENGTH,best_of_n,False,0,0.0,CH04.t10,False
-1,False,2,"theorem t10 (h : ∃ x ∈ s, ¬Even x ∧ Prime x) (ssubt : s ⊆ t) : ∃ x ∈ t, Prime x := by
  rcases h with ⟨x, xs, _, px⟩
  use x, ssubt xs

",,True,2,"theorem t10 (h : ∃ x ∈ s, ¬Even x ∧ Prime x) (ssubt : s ⊆ t) : ∃ x ∈ t, Prime x := by
  rcases h with ⟨x, xs, _, px⟩
  use x, ssubt xs
",,True,60,MIL.C04_Sets_and_Functions.solutions.Solutions_S01_Sets,Qwen-7B-short,LENGTH,best_of_n,False,0,0.0,CH04.t10,False
-1,False,2,"theorem t10 (h : ∃ x ∈ s, ¬Even x ∧ Prime x) (ssubt : s ⊆ t) : ∃ x ∈ t, Prime x := by
  rcases h with ⟨x, xs, _, px⟩
  use x, ssubt xs

",,True,-1,"theorem t10 (h : ∃ x ∈ s, ¬Even x ∧ Prime x) (ssubt : s ⊆ t) : ∃ x ∈ t, Prime x :=
  let ⟨x, hx⟩ := h
  ⟨x, ssubt hx⟩
","💥️application type mismatch
  Exists.intro x (ssubt ?m.6511)
argument
  ssubt ?m.6511
has type
  ?m.6493 ∈ t : Prop
but is expected to have type
  x ∈ t ∧ Prime x : Prop",False,60,MIL.C04_Sets_and_Functions.solutions.Solutions_S01_Sets,Qwen-7B-short,LENGTH,best_of_n,False,0,-1.0,CH04.t10,False
-1,False,2,"theorem t10 (h : ∃ x ∈ s, ¬Even x ∧ Prime x) (ssubt : s ⊆ t) : ∃ x ∈ t, Prime x := by
  rcases h with ⟨x, xs, _, px⟩
  use x, ssubt xs

",,True,2,"theorem t10 (h : ∃ x ∈ s, ¬Even x ∧ Prime x) (ssubt : s ⊆ t) : ∃ x ∈ t, Prime x := by
  rcases h with ⟨x, xs, _, px⟩
  exact ⟨x, ssubt xs, px⟩
",,True,60,MIL.C04_Sets_and_Functions.solutions.Solutions_S01_Sets,Qwen-7B-short,LENGTH,best_of_n,False,0,0.0,CH04.t10,False
-1,False,2,"theorem t10 (h : ∃ x ∈ s, ¬Even x ∧ Prime x) (ssubt : s ⊆ t) : ∃ x ∈ t, Prime x := by
  rcases h with ⟨x, xs, _, px⟩
  use x, ssubt xs

",,True,-1,"#align tauto tauto

theorem t10 (h : ∃ x ∈ s, ¬Even x ∧ Prime x) (ssubt : s ⊆ t) : ∃ x ∈ t, Prime x := by
  rcases h with ⟨x, xs, _, px⟩
  exact ⟨x, ssubt xs, px⟩
",💥️unexpected token '#'; expected command,False,60,MIL.C04_Sets_and_Functions.solutions.Solutions_S01_Sets,Qwen-7B-short,LENGTH,best_of_n,False,0,-1.0,CH04.t10,False
-1,False,2,"theorem t10 (h : ∃ x ∈ s, ¬Even x ∧ Prime x) (ssubt : s ⊆ t) : ∃ x ∈ t, Prime x := by
  rcases h with ⟨x, xs, _, px⟩
  use x, ssubt xs

",,True,2,"theorem t10 (h : ∃ x ∈ s, ¬Even x ∧ Prime x) (ssubt : s ⊆ t) : ∃ x ∈ t, Prime x := by
  rcases h with ⟨x, xs, _, px⟩
  exact ⟨x, ssubt xs, px⟩
",,True,60,MIL.C04_Sets_and_Functions.solutions.Solutions_S01_Sets,Qwen-7B-short,LENGTH,best_of_n,False,0,0.0,CH04.t10,False
-1,False,2,"theorem t10 (h : ∃ x ∈ s, ¬Even x ∧ Prime x) (ssubt : s ⊆ t) : ∃ x ∈ t, Prime x := by
  rcases h with ⟨x, xs, _, px⟩
  use x, ssubt xs

",,True,2,"theorem t10 (h : ∃ x ∈ s, ¬Even x ∧ Prime x) (ssubt : s ⊆ t) : ∃ x ∈ t, Prime x := by
  rcases h with ⟨x, xs, _, px⟩
  use x, ssubt xs
",,True,60,MIL.C04_Sets_and_Functions.solutions.Solutions_S01_Sets,Qwen-7B-short,LENGTH,best_of_n,False,0,0.0,CH04.t10,False
-1,False,2,"theorem t10 (h : ∃ x ∈ s, ¬Even x ∧ Prime x) (ssubt : s ⊆ t) : ∃ x ∈ t, Prime x := by
  rcases h with ⟨x, xs, _, px⟩
  use x, ssubt xs

",,True,-1,"theorem t10 (h : ∃ x ∈ s, ¬Even x ∧ Prime x) (ssubt : s ⊆ t) : ∃ x ∈ t, Prime x :=
  ssubt.mpr fun ⟨x, hx⟩ => ⟨x, ⟨hv, hpr⟩, (h.1 x).2 hpr⟩
","💥️invalid field 'mpr', the environment does not contain 'HasSubset.Subset.mpr'
  ssubt
has type
  s ⊆ t

💥️invalid field 'mpr', the environment does not contain 'LE.le.mpr'
  ssubt
has type
  s ≤ t

💥️invalid field 'mpr', the environment does not contain 'Set.Subset.mpr'
  ssubt
has type
  s.Subset t

💥️invalid field notation, type is not of the form (C ...) where C is a constant
  ssubt
has type
  ?m.6450 ∈ s → ?m.6450 ∈ t",False,60,MIL.C04_Sets_and_Functions.solutions.Solutions_S01_Sets,Qwen-7B-short,LENGTH,best_of_n,False,0,-1.0,CH04.t10,False
-1,False,2,"theorem t10 (h : ∃ x ∈ s, ¬Even x ∧ Prime x) (ssubt : s ⊆ t) : ∃ x ∈ t, Prime x := by
  rcases h with ⟨x, xs, _, px⟩
  use x, ssubt xs

",,True,-1,"theorem t10 (h : ∃ x ∈ s, ¬Even x ∧ Prime x) (ssubt : s ⊆ t) : ∃ x ∈ t, Prime x := by
  rcases h with ⟨x, xs, _, px⟩
  exact ⟨x, ssubt xs⟩
","💥️application type mismatch
  Exists.intro x (ssubt xs)
argument
  ssubt xs
has type
  x ∈ t : Prop
but is expected to have type
  x ∈ t ∧ Prime x : Prop",False,60,MIL.C04_Sets_and_Functions.solutions.Solutions_S01_Sets,Qwen-7B-short,LENGTH,best_of_n,False,0,-1.0,CH04.t10,False
-1,False,2,"theorem t10 (h : ∃ x ∈ s, ¬Even x ∧ Prime x) (ssubt : s ⊆ t) : ∃ x ∈ t, Prime x := by
  rcases h with ⟨x, xs, _, px⟩
  use x, ssubt xs

",,True,0,"theorem t10 (h : ∃ x ∈ s, ¬Even x ∧ Prime x) (ssubt : s ⊆ t) : ∃ x ∈ t, Prime x :=
  let ⟨x, xs, _, px⟩ := h
  ⟨x, ssubt xs, px⟩
",,True,60,MIL.C04_Sets_and_Functions.solutions.Solutions_S01_Sets,Qwen-7B-short,LENGTH,best_of_n,False,0,1.0,CH04.t10,False
-1,False,2,"theorem t10 (h : ∃ x ∈ s, ¬Even x ∧ Prime x) (ssubt : s ⊆ t) : ∃ x ∈ t, Prime x := by
  rcases h with ⟨x, xs, _, px⟩
  use x, ssubt xs

",,True,2,"theorem t10 (h : ∃ x ∈ s, ¬ Even x ∧ Prime x) (ssubt : s ⊆ t) : ∃ x ∈ t, Prime x := by
  rcases h with ⟨x, xs, _, px⟩
  use x, ssubt xs
",,True,60,MIL.C04_Sets_and_Functions.solutions.Solutions_S01_Sets,Qwen-7B-short,LENGTH,best_of_n,False,0,0.0,CH04.t10,False
-1,False,2,"theorem t10 (h : ∃ x ∈ s, ¬Even x ∧ Prime x) (ssubt : s ⊆ t) : ∃ x ∈ t, Prime x := by
  rcases h with ⟨x, xs, _, px⟩
  use x, ssubt xs

",,True,2,"theorem t10 (h : ∃ x ∈ s, ¬Even x ∧ Prime x) (ssubt : s ⊆ t) : ∃ x ∈ t, Prime x := by
  rcases h with ⟨x, xs, _, px⟩
  exact ⟨x, ssubt xs, px⟩
",,True,60,MIL.C04_Sets_and_Functions.solutions.Solutions_S01_Sets,Qwen-7B-short,LENGTH,best_of_n,False,0,0.0,CH04.t10,False
-1,False,2,"theorem t10 (h : ∃ x ∈ s, ¬Even x ∧ Prime x) (ssubt : s ⊆ t) : ∃ x ∈ t, Prime x := by
  rcases h with ⟨x, xs, _, px⟩
  use x, ssubt xs

",,True,-1,"theorem t10 (h : ∃ x ∈ s, ¬Even x ∧ Prime x) (ssubt : s ⊆ t) : ∃ x ∈ t, Prime x :=
  ⟨fun ⟨_, hxy, evenh⟩ e ↦ e xy, congr_arg _, congr_arg _⟩ <| h ⟨x, xs, _, px⟩
","💥️invalid constructor ⟨...⟩, expected type must be known",False,60,MIL.C04_Sets_and_Functions.solutions.Solutions_S01_Sets,Qwen-7B-short,LENGTH,best_of_n,False,0,-1.0,CH04.t10,False
-1,False,2,"theorem t10 (h : ∃ x ∈ s, ¬Even x ∧ Prime x) (ssubt : s ⊆ t) : ∃ x ∈ t, Prime x := by
  rcases h with ⟨x, xs, _, px⟩
  use x, ssubt xs

",,True,2,"theorem t10 (h : ∃ x ∈ s, ¬ Even x ∧ Prime x) (ssubt : s ⊆ t) : ∃ x ∈ t, Prime x := by
  rcases h with ⟨x, xs, _, px⟩
  exact ⟨x, ssubt xs, px⟩
",,True,60,MIL.C04_Sets_and_Functions.solutions.Solutions_S01_Sets,Qwen-7B-short,LENGTH,best_of_n,False,0,0.0,CH04.t10,False
-1,False,2,"theorem t10 (h : ∃ x ∈ s, ¬Even x ∧ Prime x) (ssubt : s ⊆ t) : ∃ x ∈ t, Prime x := by
  rcases h with ⟨x, xs, _, px⟩
  use x, ssubt xs

",,True,-1,"theorem t10 (h : ∃ x ∈ s, ¬Even x ∧ Prime x) (ssubt : s ⊆ t) : ∃ x ∈ t, Prime x :=
  tsub contains a non-even prime x from h
","💥️unknown identifier 'tsub'

💥️unknown identifier 'even'",False,60,MIL.C04_Sets_and_Functions.solutions.Solutions_S01_Sets,Qwen-7B-short,LENGTH,best_of_n,False,0,-1.0,CH04.t10,False
-1,False,2,"theorem t10 (h : ∃ x ∈ s, ¬Even x ∧ Prime x) (ssubt : s ⊆ t) : ∃ x ∈ t, Prime x := by
  rcases h with ⟨x, xs, _, px⟩
  use x, ssubt xs

",,True,-1,"theorem t10 (h : ∃ x ∈ s, ¬Even x ∧ Prime x) (ssubt : s ⊆ t) : ∃ x ∈ t, Prime x :=
  t10_iff_prime_exists Subtype.exists.2 fun . ↦ ssubt
",💥️unknown identifier 't10_iff_prime_exists',False,60,MIL.C04_Sets_and_Functions.solutions.Solutions_S01_Sets,Qwen-7B-short,LENGTH,best_of_n,False,0,-1.0,CH04.t10,False
-1,False,2,"theorem t10 (h : ∃ x ∈ s, ¬Even x ∧ Prime x) (ssubt : s ⊆ t) : ∃ x ∈ t, Prime x := by
  rcases h with ⟨x, xs, _, px⟩
  use x, ssubt xs

",,True,2,"theorem t10 (h : ∃ x ∈ s, ¬Even x ∧ Prime x) (ssubt : s ⊆ t) : ∃ x ∈ t, Prime x := by
  rcases h with ⟨x, xs, _, px⟩
  use x, ssubt xs
",,True,60,MIL.C04_Sets_and_Functions.solutions.Solutions_S01_Sets,Qwen-7B-short,LENGTH,best_of_n,False,0,0.0,CH04.t10,False
-1,False,19,"theorem t11 : (s ∪ ⋂ i, A i) = ⋂ i, A i ∪ s := by
  ext x
  simp only [mem_union, mem_iInter]
  constructor
  · rintro (xs | xI)
    · intro i
      right
      exact xs
    intro i
    left
    exact xI i
  intro h
  by_cases xs : x ∈ s
  · left
    exact xs
  right
  intro i
  cases h i
  · assumption
  contradiction

",,True,-1,"theorem t11 : (s ∪ ⋂ i, A i) = ⋂ i, A i ∪ s := by
  ext x
  simp only [mem_union, mem_iInter]
  constructor
  · intro (xs | xI)
    · intro i
      right exact xs
    intro i
    left exact xI i
  intro h
  by_cases xs : x ∈ s
  · left exact xs
  right intro i
  cases h i
  · assumption
  contradiction


","💥️unexpected token '|'; expected ')', ',' or ':'

💥️unsolved goals
case h.mp
α : Type u_1
I : Type u_2
A : I → Set α
s : Set α
x : α
xs : x ∈ s ∨ ∀ (i : I), x ∈ A i
⊢ ∀ (i : I), x ∈ A i ∨ x ∈ s

💥️unsolved goals
case h.mpr
α : Type u_1
I : Type u_2
A : I → Set α
s : Set α
x : α
⊢ (∀ (i : I), x ∈ A i ∨ x ∈ s) → x ∈ s ∨ ∀ (i : I), x ∈ A i",False,60,MIL.C04_Sets_and_Functions.solutions.Solutions_S01_Sets,Qwen-7B-short,LENGTH,best_of_n,False,0,-1.0,CH04.t11,False
-1,False,19,"theorem t11 : (s ∪ ⋂ i, A i) = ⋂ i, A i ∪ s := by
  ext x
  simp only [mem_union, mem_iInter]
  constructor
  · rintro (xs | xI)
    · intro i
      right
      exact xs
    intro i
    left
    exact xI i
  intro h
  by_cases xs : x ∈ s
  · left
    exact xs
  right
  intro i
  cases h i
  · assumption
  contradiction

",,True,19,"theorem t11 : (s ∪ ⋂ i, A i) = ⋂ i, A i ∪ s := by
  ext x
  simp only [mem_union, mem_iInter]
  constructor
  · rintro (xs | xI)
    · intro i
      right
      exact xs
    intro i
    left
    exact xI i
  intro h
  by_cases xs : x ∈ s
  · left
    exact xs
  right
  intro i
  cases h i
  · assumption
  contradiction


",,True,60,MIL.C04_Sets_and_Functions.solutions.Solutions_S01_Sets,Qwen-7B-short,LENGTH,best_of_n,False,0,0.0,CH04.t11,False
-1,False,19,"theorem t11 : (s ∪ ⋂ i, A i) = ⋂ i, A i ∪ s := by
  ext x
  simp only [mem_union, mem_iInter]
  constructor
  · rintro (xs | xI)
    · intro i
      right
      exact xs
    intro i
    left
    exact xI i
  intro h
  by_cases xs : x ∈ s
  · left
    exact xs
  right
  intro i
  cases h i
  · assumption
  contradiction

",,True,19,"theorem t11 : (s ∪ ⋂ i, A i) = ⋂ i, A i ∪ s := by
  ext x
  simp only [mem_union, mem_iInter]
  constructor
  · rintro (xs | xI)
    · intro i
      right
      exact xs
    intro i
    left
    exact xI i
  intro h
  by_cases xs : x ∈ s
  · left
    exact xs
  right
  intro i
  cases h i
  · assumption
  contradiction


",,True,60,MIL.C04_Sets_and_Functions.solutions.Solutions_S01_Sets,Qwen-7B-short,LENGTH,best_of_n,False,0,0.0,CH04.t11,False
-1,False,19,"theorem t11 : (s ∪ ⋂ i, A i) = ⋂ i, A i ∪ s := by
  ext x
  simp only [mem_union, mem_iInter]
  constructor
  · rintro (xs | xI)
    · intro i
      right
      exact xs
    intro i
    left
    exact xI i
  intro h
  by_cases xs : x ∈ s
  · left
    exact xs
  right
  intro i
  cases h i
  · assumption
  contradiction

",,True,-1,"theorem t11 : (s ∪ ⋂ i, A i) = ⋂ i, A i ∪ s := by
  simpa only [mem_union, mem_iInter] using tauto
",💥️unknown identifier 'tauto',False,60,MIL.C04_Sets_and_Functions.solutions.Solutions_S01_Sets,Qwen-7B-short,LENGTH,best_of_n,False,0,-1.0,CH04.t11,False
-1,False,19,"theorem t11 : (s ∪ ⋂ i, A i) = ⋂ i, A i ∪ s := by
  ext x
  simp only [mem_union, mem_iInter]
  constructor
  · rintro (xs | xI)
    · intro i
      right
      exact xs
    intro i
    left
    exact xI i
  intro h
  by_cases xs : x ∈ s
  · left
    exact xs
  right
  intro i
  cases h i
  · assumption
  contradiction

",,True,-1,"theorem t11 : (s ∪ ⋂ i, A i) = ⋂ i, A i ∪ s := by
  ext1 x
  simp_rw [mem_union, mem_iInter, exists_prop, id.def, union_self, id.def,_union_empty, exists_and]
  aesop (add simp [UnionProdUnion, sUnionSet])
",💥️simp made no progress,False,60,MIL.C04_Sets_and_Functions.solutions.Solutions_S01_Sets,Qwen-7B-short,LENGTH,best_of_n,False,0,-1.0,CH04.t11,False
-1,False,19,"theorem t11 : (s ∪ ⋂ i, A i) = ⋂ i, A i ∪ s := by
  ext x
  simp only [mem_union, mem_iInter]
  constructor
  · rintro (xs | xI)
    · intro i
      right
      exact xs
    intro i
    left
    exact xI i
  intro h
  by_cases xs : x ∈ s
  · left
    exact xs
  right
  intro i
  cases h i
  · assumption
  contradiction

",,True,-1,"theorem t11 : (s ∪ ⋂ i, A i) = ⋂ i, A i ∪ s := by
  ext x
  simp only [mem_union, mem_iInter]
  constructor
  · intro (xs | xI)
    · exact_mod_cast xs
    intro i
    exact_mod_cast xI i
  intro h
  by_cases xs : x ∈ s
  · left
    exact xs
  right
  intro i
  cases h i
  · assumption
  contradiction


","💥️unexpected token '|'; expected ')', ',' or ':'

💥️unsolved goals
case h.mp
α : Type u_1
I : Type u_2
A : I → Set α
s : Set α
x : α
xs : x ∈ s ∨ ∀ (i : I), x ∈ A i
⊢ ∀ (i : I), x ∈ A i ∨ x ∈ s

💥️unsolved goals
case h.mpr
α : Type u_1
I : Type u_2
A : I → Set α
s : Set α
x : α
⊢ (∀ (i : I), x ∈ A i ∨ x ∈ s) → x ∈ s ∨ ∀ (i : I), x ∈ A i",False,60,MIL.C04_Sets_and_Functions.solutions.Solutions_S01_Sets,Qwen-7B-short,LENGTH,best_of_n,False,0,-1.0,CH04.t11,False
-1,False,19,"theorem t11 : (s ∪ ⋂ i, A i) = ⋂ i, A i ∪ s := by
  ext x
  simp only [mem_union, mem_iInter]
  constructor
  · rintro (xs | xI)
    · intro i
      right
      exact xs
    intro i
    left
    exact xI i
  intro h
  by_cases xs : x ∈ s
  · left
    exact xs
  right
  intro i
  cases h i
  · assumption
  contradiction

",,True,-1,"theorem t11 : (s ∪ ⋂ i, A i) = ⋂ i, A i ∪ s := by
  simpa only [mem_union, mem_iInter] using t11_comp _ s A


",💥️unknown identifier 't11_comp',False,60,MIL.C04_Sets_and_Functions.solutions.Solutions_S01_Sets,Qwen-7B-short,LENGTH,best_of_n,False,0,-1.0,CH04.t11,False
-1,False,19,"theorem t11 : (s ∪ ⋂ i, A i) = ⋂ i, A i ∪ s := by
  ext x
  simp only [mem_union, mem_iInter]
  constructor
  · rintro (xs | xI)
    · intro i
      right
      exact xs
    intro i
    left
    exact xI i
  intro h
  by_cases xs : x ∈ s
  · left
    exact xs
  right
  intro i
  cases h i
  · assumption
  contradiction

",,True,-1,"theorem t11 : (s ∪ ⋂ i, A i) = ⋂ i, A i ∪ s := by
  have : s = (s ∪ ⋂ i, A i) := by simpa [sUnion_eq_sUnion] using tUnion_eq_sUnion i A
  have [A_sUnion] := AUnion_iUnion
  simpa using sUnion_eq_sUnion A_sUnion
","💥️unknown identifier 'sUnion_eq_sUnion'

💥️unknown identifier 'tUnion_eq_sUnion'

💥️unknown identifier 'A_sUnion'

💥️no goals to be solved",False,60,MIL.C04_Sets_and_Functions.solutions.Solutions_S01_Sets,Qwen-7B-short,LENGTH,best_of_n,False,0,-1.0,CH04.t11,False
-1,False,19,"theorem t11 : (s ∪ ⋂ i, A i) = ⋂ i, A i ∪ s := by
  ext x
  simp only [mem_union, mem_iInter]
  constructor
  · rintro (xs | xI)
    · intro i
      right
      exact xs
    intro i
    left
    exact xI i
  intro h
  by_cases xs : x ∈ s
  · left
    exact xs
  right
  intro i
  cases h i
  · assumption
  contradiction

",,True,19,"theorem t11 : (s ∪ ⋂ i, A i) = ⋂ i, A i ∪ s := by
  ext x
  simp only [mem_union, mem_iInter]
  constructor
  · rintro (xs | xI)
    · intro i
      right
      exact xs
    intro i
    left
    exact xI i
  intro h
  by_cases xs : x ∈ s
  · left
    exact xs
  right
  intro i
  cases h i
  · assumption
  contradiction


",,True,60,MIL.C04_Sets_and_Functions.solutions.Solutions_S01_Sets,Qwen-7B-short,LENGTH,best_of_n,False,0,0.0,CH04.t11,False
-1,False,19,"theorem t11 : (s ∪ ⋂ i, A i) = ⋂ i, A i ∪ s := by
  ext x
  simp only [mem_union, mem_iInter]
  constructor
  · rintro (xs | xI)
    · intro i
      right
      exact xs
    intro i
    left
    exact xI i
  intro h
  by_cases xs : x ∈ s
  · left
    exact xs
  right
  intro i
  cases h i
  · assumption
  contradiction

",,True,-1,"theorem t11 : (s ∪ ⋂ i, A i) = ⋂ i, A i ∪ s := by
  rw [tUnion_eq_biUnion, tInter_eq_biInter, biUnion_iUnion] this
  apply tUnion_eq_biUnion' | biUnion_iUnion


","💥️unknown identifier 'tUnion_eq_biUnion'

💥️tactic 'rewrite' failed, equality or iff proof expected
  ?m.6679
α : Type u_1
I : Type u_2
A : I → Set α
s : Set α
⊢ s ∪ ⋂ i, A i = ⋂ i, A i ∪ s",False,60,MIL.C04_Sets_and_Functions.solutions.Solutions_S01_Sets,Qwen-7B-short,LENGTH,best_of_n,False,0,-1.0,CH04.t11,False
-1,False,19,"theorem t11 : (s ∪ ⋂ i, A i) = ⋂ i, A i ∪ s := by
  ext x
  simp only [mem_union, mem_iInter]
  constructor
  · rintro (xs | xI)
    · intro i
      right
      exact xs
    intro i
    left
    exact xI i
  intro h
  by_cases xs : x ∈ s
  · left
    exact xs
  right
  intro i
  cases h i
  · assumption
  contradiction

",,True,-1,"theorem t11 : (s ∪ ⋂ i, A i) = ⋂ i, A i ∪ s := by
  simpa using t11.symm

theorem t12 : (⋂ i, A i) = A 1 ∪ ((A 2 · A 3 · ... · A n).*

theorem t13 : (⋂ i, A i) = A 3 ∪ (A 1 · A 2 · A 4 · ... · A n).*","💥️type mismatch, term
  Eq.symm t11
after simplification has type
  ⋂ i, A i ∪ s = s ∪ ⋂ i, A i : Prop
but is expected to have type
  s ∪ ⋂ i, A i = ⋂ i, A i ∪ s : Prop",False,60,MIL.C04_Sets_and_Functions.solutions.Solutions_S01_Sets,Qwen-7B-short,LENGTH,best_of_n,False,0,-1.0,CH04.t11,False
-1,False,19,"theorem t11 : (s ∪ ⋂ i, A i) = ⋂ i, A i ∪ s := by
  ext x
  simp only [mem_union, mem_iInter]
  constructor
  · rintro (xs | xI)
    · intro i
      right
      exact xs
    intro i
    left
    exact xI i
  intro h
  by_cases xs : x ∈ s
  · left
    exact xs
  right
  intro i
  cases h i
  · assumption
  contradiction

",,True,-1,"theorem t11 : (s ∪ ⋂ i, A i) = ⋂ i, A i ∪ s := by
  apply tauto
",💥️unknown identifier 'tauto',False,60,MIL.C04_Sets_and_Functions.solutions.Solutions_S01_Sets,Qwen-7B-short,LENGTH,best_of_n,False,0,-1.0,CH04.t11,False
-1,False,19,"theorem t11 : (s ∪ ⋂ i, A i) = ⋂ i, A i ∪ s := by
  ext x
  simp only [mem_union, mem_iInter]
  constructor
  · rintro (xs | xI)
    · intro i
      right
      exact xs
    intro i
    left
    exact xI i
  intro h
  by_cases xs : x ∈ s
  · left
    exact xs
  right
  intro i
  cases h i
  · assumption
  contradiction

",,True,-1,"theorem t11 : (s ∪ ⋂ i, A i) = ⋂ i, A i ∪ s := by
  rw [swap_image_iff]
  constructor
  · intro t
    cases t
    ·_left: exact t.1
    ·_right: exact t.2
  intro i
  by_cases A i ∩ s = ∅
  · exact ⟨empty, CharP.toUnion_eq_left.2⟩
","💥️unknown tactic

💥️unknown identifier 'swap_image_iff'",False,60,MIL.C04_Sets_and_Functions.solutions.Solutions_S01_Sets,Qwen-7B-short,LENGTH,best_of_n,False,0,-1.0,CH04.t11,False
-1,False,19,"theorem t11 : (s ∪ ⋂ i, A i) = ⋂ i, A i ∪ s := by
  ext x
  simp only [mem_union, mem_iInter]
  constructor
  · rintro (xs | xI)
    · intro i
      right
      exact xs
    intro i
    left
    exact xI i
  intro h
  by_cases xs : x ∈ s
  · left
    exact xs
  right
  intro i
  cases h i
  · assumption
  contradiction

",,True,-1,"theorem t11 : (s ∪ ⋂ i, A i) = ⋂ i, A i ∪ s := by
  rw [← sUnion_leftUnion_eq, sUnionUnion_eq_left]
  apply t_comm _ _ _ fun i hi ↦ t_i hi
","💥️unknown identifier 'sUnion_leftUnion_eq'

💥️tactic 'rewrite' failed, equality or iff proof expected
  ?m.6679
α : Type u_1
I : Type u_2
A : I → Set α
s : Set α
⊢ s ∪ ⋂ i, A i = ⋂ i, A i ∪ s",False,60,MIL.C04_Sets_and_Functions.solutions.Solutions_S01_Sets,Qwen-7B-short,LENGTH,best_of_n,False,0,-1.0,CH04.t11,False
-1,False,19,"theorem t11 : (s ∪ ⋂ i, A i) = ⋂ i, A i ∪ s := by
  ext x
  simp only [mem_union, mem_iInter]
  constructor
  · rintro (xs | xI)
    · intro i
      right
      exact xs
    intro i
    left
    exact xI i
  intro h
  by_cases xs : x ∈ s
  · left
    exact xs
  right
  intro i
  cases h i
  · assumption
  contradiction

",,True,-1,"theorem t11 : (s ∪ ⋂ i, A i) = ⋂ i, A i ∪ s := by
  simpa [t11, sUnion_biUnion_of_subset]
","💥️unknown identifier 'sUnion_biUnion_of_subset'

💥️fail to show termination for
  CH04.t11
with errors
failed to infer structural recursion:
Not considering parameter α of CH04.t11:
  it is unchanged in the recursive calls
Not considering parameter I of CH04.t11:
  it is unchanged in the recursive calls
Not considering parameter A of CH04.t11:
  it is unchanged in the recursive calls
Not considering parameter s of CH04.t11:
  it is unchanged in the recursive calls
no parameters suitable for structural recursion

well-founded recursion cannot be used, 'CH04.t11' does not take any (non-fixed) arguments",False,60,MIL.C04_Sets_and_Functions.solutions.Solutions_S01_Sets,Qwen-7B-short,LENGTH,best_of_n,False,0,-1.0,CH04.t11,False
-1,False,19,"theorem t11 : (s ∪ ⋂ i, A i) = ⋂ i, A i ∪ s := by
  ext x
  simp only [mem_union, mem_iInter]
  constructor
  · rintro (xs | xI)
    · intro i
      right
      exact xs
    intro i
    left
    exact xI i
  intro h
  by_cases xs : x ∈ s
  · left
    exact xs
  right
  intro i
  cases h i
  · assumption
  contradiction

",,True,19,"theorem t11 : (s ∪ ⋂ i, A i) = ⋂ i, A i ∪ s := by
  ext x
  simp only [mem_union, mem_iInter]
  constructor
  · rintro (xs | xI)
    · intro i
      right
      exact xs
    intro i
    left
    exact xI i
  intro h
  by_cases xs : x ∈ s
  · left
    exact xs
  right
  intro i
  cases h i
  · assumption
  contradiction


",,True,60,MIL.C04_Sets_and_Functions.solutions.Solutions_S01_Sets,Qwen-7B-short,LENGTH,best_of_n,False,0,0.0,CH04.t11,False
-1,False,19,"theorem t11 : (s ∪ ⋂ i, A i) = ⋂ i, A i ∪ s := by
  ext x
  simp only [mem_union, mem_iInter]
  constructor
  · rintro (xs | xI)
    · intro i
      right
      exact xs
    intro i
    left
    exact xI i
  intro h
  by_cases xs : x ∈ s
  · left
    exact xs
  right
  intro i
  cases h i
  · assumption
  contradiction

",,True,-1,"theorem t11 : (s ∪ ⋂ i, A i) = ⋂ i, A i ∪ s := by
  ext x
  simp only [mem_union, mem_iInter]
  constructor
  · rintro (xs | xI)
    · exact measurableUnion_right _ _ (univ := s) A
    intro i
    left
    exact xI i
  intro h
  by_cases xs : x ∈ s
  · left
    exact xs
  right
  intro i
  cases h i
  · assumption
  contradiction


",💥️unknown identifier 'measurableUnion_right',False,60,MIL.C04_Sets_and_Functions.solutions.Solutions_S01_Sets,Qwen-7B-short,LENGTH,best_of_n,False,0,-1.0,CH04.t11,False
-1,False,19,"theorem t11 : (s ∪ ⋂ i, A i) = ⋂ i, A i ∪ s := by
  ext x
  simp only [mem_union, mem_iInter]
  constructor
  · rintro (xs | xI)
    · intro i
      right
      exact xs
    intro i
    left
    exact xI i
  intro h
  by_cases xs : x ∈ s
  · left
    exact xs
  right
  intro i
  cases h i
  · assumption
  contradiction

",,True,-1,"theorem t11 : (s ∪ ⋂ i, A i) = ⋂ i, A i ∪ s := by
  simpa only [tendsto_forall, ← HiUnion]
","💥️unknown identifier 'tendsto_forall'

💥️unknown identifier 'HiUnion'

💥️tactic 'assumption' failed
α : Type u_1
I : Type u_2
A : I → Set α
s : Set α
⊢ s ∪ ⋂ i, A i = ⋂ i, A i ∪ s",False,60,MIL.C04_Sets_and_Functions.solutions.Solutions_S01_Sets,Qwen-7B-short,LENGTH,best_of_n,False,0,-1.0,CH04.t11,False
-1,False,19,"theorem t11 : (s ∪ ⋂ i, A i) = ⋂ i, A i ∪ s := by
  ext x
  simp only [mem_union, mem_iInter]
  constructor
  · rintro (xs | xI)
    · intro i
      right
      exact xs
    intro i
    left
    exact xI i
  intro h
  by_cases xs : x ∈ s
  · left
    exact xs
  right
  intro i
  cases h i
  · assumption
  contradiction

",,True,-1,"theorem t11 : (s ∪ ⋂ i, A i) = ⋂ i, A i ∪ s := by
  rw [extend_iff, union_mul, union_congr_extend_iff_of_subset]
  intro s h
  simp_rw [mul_left_mem_mul, mul_right_mem_mul, mUnion_mul, hxUnion]
  exact fun i hi ↦ by rwa [← not_inter, not_union, compl_mul] at hi ⊢
","💥️unknown identifier 'extend_iff'

💥️tactic 'rewrite' failed, equality or iff proof expected
  ?m.6679
α : Type u_1
I : Type u_2
A : I → Set α
s : Set α
⊢ s ∪ ⋂ i, A i = ⋂ i, A i ∪ s",False,60,MIL.C04_Sets_and_Functions.solutions.Solutions_S01_Sets,Qwen-7B-short,LENGTH,best_of_n,False,0,-1.0,CH04.t11,False
-1,False,19,"theorem t11 : (s ∪ ⋂ i, A i) = ⋂ i, A i ∪ s := by
  ext x
  simp only [mem_union, mem_iInter]
  constructor
  · rintro (xs | xI)
    · intro i
      right
      exact xs
    intro i
    left
    exact xI i
  intro h
  by_cases xs : x ∈ s
  · left
    exact xs
  right
  intro i
  cases h i
  · assumption
  contradiction

",,True,-1,"theorem t11 : (s ∪ ⋂ i, A i) = ⋂ i, A i ∪ s := by
  ext x
  simp} [mem_union, mem_iInter, t11_eq]
","💥️unsolved goals
case h
α : Type u_1
I : Type u_2
A : I → Set α
s : Set α
x : α
⊢ (x ∈ s ∨ ∀ (i : I), x ∈ A i) ↔ ∀ (i : I), x ∈ A i ∨ x ∈ s",False,60,MIL.C04_Sets_and_Functions.solutions.Solutions_S01_Sets,Qwen-7B-short,LENGTH,best_of_n,False,0,-1.0,CH04.t11,False
-1,False,19,"theorem t11 : (s ∪ ⋂ i, A i) = ⋂ i, A i ∪ s := by
  ext x
  simp only [mem_union, mem_iInter]
  constructor
  · rintro (xs | xI)
    · intro i
      right
      exact xs
    intro i
    left
    exact xI i
  intro h
  by_cases xs : x ∈ s
  · left
    exact xs
  right
  intro i
  cases h i
  · assumption
  contradiction

",,True,19,"theorem t11 : (s ∪ ⋂ i, A i) = ⋂ i, A i ∪ s := by
  ext x
  simp only [mem_union, mem_iInter]
  constructor
  · rintro (xs | xI)
    · intro i
      right
      exact xs
    intro i
    left
    exact xI i
  intro h
  by_cases xs : x ∈ s
  · left
    exact xs
  right
  intro i
  cases h i
  · assumption
  contradiction


",,True,60,MIL.C04_Sets_and_Functions.solutions.Solutions_S01_Sets,Qwen-7B-short,LENGTH,best_of_n,False,0,0.0,CH04.t11,False
-1,False,19,"theorem t11 : (s ∪ ⋂ i, A i) = ⋂ i, A i ∪ s := by
  ext x
  simp only [mem_union, mem_iInter]
  constructor
  · rintro (xs | xI)
    · intro i
      right
      exact xs
    intro i
    left
    exact xI i
  intro h
  by_cases xs : x ∈ s
  · left
    exact xs
  right
  intro i
  cases h i
  · assumption
  contradiction

",,True,19,"theorem t11 : (s ∪ ⋂ i, A i) = ⋂ i, A i ∪ s := by
  ext x
  simp only [mem_union, mem_iInter]
  constructor
  · rintro (xs | xI)
    · intro i
      right
      exact xs
    intro i
    left
    exact xI i
  intro h
  by_cases xs : x ∈ s
  · left
    exact xs
  right
  intro i
  cases h i
  · assumption
  contradiction


",,True,60,MIL.C04_Sets_and_Functions.solutions.Solutions_S01_Sets,Qwen-7B-short,LENGTH,best_of_n,False,0,0.0,CH04.t11,False
-1,False,19,"theorem t11 : (s ∪ ⋂ i, A i) = ⋂ i, A i ∪ s := by
  ext x
  simp only [mem_union, mem_iInter]
  constructor
  · rintro (xs | xI)
    · intro i
      right
      exact xs
    intro i
    left
    exact xI i
  intro h
  by_cases xs : x ∈ s
  · left
    exact xs
  right
  intro i
  cases h i
  · assumption
  contradiction

",,True,19,"theorem t11 : (s ∪ ⋂ i, A i) = ⋂ i, A i ∪ s := by
  ext x
  simp only [mem_union, mem_iInter]
  constructor
  · rintro (xs | xI)
    · intro i
      right
      exact xs
    intro i
    left
    exact xI i
  intro h
  by_cases xs : x ∈ s
  · left
    exact xs
  right
  intro i
  cases h i
  · assumption
  contradiction


",,True,60,MIL.C04_Sets_and_Functions.solutions.Solutions_S01_Sets,Qwen-7B-short,LENGTH,best_of_n,False,0,0.0,CH04.t11,False
-1,False,19,"theorem t11 : (s ∪ ⋂ i, A i) = ⋂ i, A i ∪ s := by
  ext x
  simp only [mem_union, mem_iInter]
  constructor
  · rintro (xs | xI)
    · intro i
      right
      exact xs
    intro i
    left
    exact xI i
  intro h
  by_cases xs : x ∈ s
  · left
    exact xs
  right
  intro i
  cases h i
  · assumption
  contradiction

",,True,-1,"theorem t11 : (s ∪ ⋂ i, A i) = ⋂ i, A i ∪ s := by
  apply biUnion_preimage_eq_neUnion_prod
  apply sUnion_eq_prod_iUnion_basis_prod
  apply tUnion_eq_prod←interUnion_prod

 prod_union_algebra (sUnion_eq_prod_iUnion_basis_prod tUnion_eq_prod←interUnion_prod)
","💥️unknown identifier 'biUnion_preimage_eq_neUnion_prod'

💥️no goals to be solved",False,60,MIL.C04_Sets_and_Functions.solutions.Solutions_S01_Sets,Qwen-7B-short,LENGTH,best_of_n,False,0,-1.0,CH04.t11,False
-1,False,19,"theorem t11 : (s ∪ ⋂ i, A i) = ⋂ i, A i ∪ s := by
  ext x
  simp only [mem_union, mem_iInter]
  constructor
  · rintro (xs | xI)
    · intro i
      right
      exact xs
    intro i
    left
    exact xI i
  intro h
  by_cases xs : x ∈ s
  · left
    exact xs
  right
  intro i
  cases h i
  · assumption
  contradiction

",,True,-1,"theorem t11 : (s ∪ ⋂ i, A i) = ⋂ i, A i ∪ s := by
  ext x
  simp only [mem_union, mem_iInter]
  gcongr with i
  by_cases x : x ∈ s
  · exact (Union.mem_left.2 x).ne
  · push_neg at hx
    simp [hx]
",💥️gcongr did not make progress,False,60,MIL.C04_Sets_and_Functions.solutions.Solutions_S01_Sets,Qwen-7B-short,LENGTH,best_of_n,False,0,-1.0,CH04.t11,False
-1,False,19,"theorem t11 : (s ∪ ⋂ i, A i) = ⋂ i, A i ∪ s := by
  ext x
  simp only [mem_union, mem_iInter]
  constructor
  · rintro (xs | xI)
    · intro i
      right
      exact xs
    intro i
    left
    exact xI i
  intro h
  by_cases xs : x ∈ s
  · left
    exact xs
  right
  intro i
  cases h i
  · assumption
  contradiction

",,True,19,"theorem t11 : (s ∪ ⋂ i, A i) = ⋂ i, A i ∪ s := by
  ext x
  simp only [mem_union, mem_iInter]
  constructor
  · rintro (xs | xI)
    · intro i
      right
      exact xs
    intro i
    left
    exact xI i
  intro h
  by_cases xs : x ∈ s
  · left
    exact xs
  right
  intro i
  cases h i
  · assumption
  contradiction


",,True,60,MIL.C04_Sets_and_Functions.solutions.Solutions_S01_Sets,Qwen-7B-short,LENGTH,best_of_n,False,0,0.0,CH04.t11,False
-1,False,19,"theorem t11 : (s ∪ ⋂ i, A i) = ⋂ i, A i ∪ s := by
  ext x
  simp only [mem_union, mem_iInter]
  constructor
  · rintro (xs | xI)
    · intro i
      right
      exact xs
    intro i
    left
    exact xI i
  intro h
  by_cases xs : x ∈ s
  · left
    exact xs
  right
  intro i
  cases h i
  · assumption
  contradiction

",,True,-1,"theorem t11 : (s ∪ ⋂ i, A i) = ⋂ i, A i ∪ s := by
  apply tUnion_eq_biUnion: tUnion_range s A
",💥️unknown identifier 'tUnion_eq_biUnion',False,60,MIL.C04_Sets_and_Functions.solutions.Solutions_S01_Sets,Qwen-7B-short,LENGTH,best_of_n,False,0,-1.0,CH04.t11,False
-1,False,19,"theorem t11 : (s ∪ ⋂ i, A i) = ⋂ i, A i ∪ s := by
  ext x
  simp only [mem_union, mem_iInter]
  constructor
  · rintro (xs | xI)
    · intro i
      right
      exact xs
    intro i
    left
    exact xI i
  intro h
  by_cases xs : x ∈ s
  · left
    exact xs
  right
  intro i
  cases h i
  · assumption
  contradiction

",,True,19,"theorem t11 : (s ∪ ⋂ i, A i) = ⋂ i, A i ∪ s := by
  ext x
  simp only [mem_union, mem_iInter]
  constructor
  · rintro (xs | xI)
    · intro i
      right
      exact xs
    intro i
    left
    exact xI i
  intro h
  by_cases xs : x ∈ s
  · left
    exact xs
  right
  intro i
  cases h i
  · assumption
  contradiction


",,True,60,MIL.C04_Sets_and_Functions.solutions.Solutions_S01_Sets,Qwen-7B-short,LENGTH,best_of_n,False,0,0.0,CH04.t11,False
-1,False,19,"theorem t11 : (s ∪ ⋂ i, A i) = ⋂ i, A i ∪ s := by
  ext x
  simp only [mem_union, mem_iInter]
  constructor
  · rintro (xs | xI)
    · intro i
      right
      exact xs
    intro i
    left
    exact xI i
  intro h
  by_cases xs : x ∈ s
  · left
    exact xs
  right
  intro i
  cases h i
  · assumption
  contradiction

",,True,19,"theorem t11 : (s ∪ ⋂ i, A i) = ⋂ i, A i ∪ s := by
  ext x
  simp only [mem_union, mem_iInter]
  constructor
  · rintro (xs | xI)
    · intro i
      right
      exact xs
    intro i
    left
    exact xI i
  intro h
  by_cases xs : x ∈ s
  · left
    exact xs
  right
  intro i
  cases h i
  · assumption
  contradiction


",,True,60,MIL.C04_Sets_and_Functions.solutions.Solutions_S01_Sets,Qwen-7B-short,LENGTH,best_of_n,False,0,0.0,CH04.t11,False
-1,False,19,"theorem t11 : (s ∪ ⋂ i, A i) = ⋂ i, A i ∪ s := by
  ext x
  simp only [mem_union, mem_iInter]
  constructor
  · rintro (xs | xI)
    · intro i
      right
      exact xs
    intro i
    left
    exact xI i
  intro h
  by_cases xs : x ∈ s
  · left
    exact xs
  right
  intro i
  cases h i
  · assumption
  contradiction

",,True,-1,"theorem t11 : (s ∪ ⋂ i, A i) = ⋂ i, A i ∪ s := by
  simpa using tUnion_or_prodUnion s A
",💥️unknown identifier 'tUnion_or_prodUnion',False,60,MIL.C04_Sets_and_Functions.solutions.Solutions_S01_Sets,Qwen-7B-short,LENGTH,best_of_n,False,0,-1.0,CH04.t11,False
-1,False,19,"theorem t11 : (s ∪ ⋂ i, A i) = ⋂ i, A i ∪ s := by
  ext x
  simp only [mem_union, mem_iInter]
  constructor
  · rintro (xs | xI)
    · intro i
      right
      exact xs
    intro i
    left
    exact xI i
  intro h
  by_cases xs : x ∈ s
  · left
    exact xs
  right
  intro i
  cases h i
  · assumption
  contradiction

",,True,19,"theorem t11 : (s ∪ ⋂ i, A i) = ⋂ i, A i ∪ s := by
  ext x
  simp only [mem_union, mem_iInter]
  constructor
  · rintro (xs | xI)
    · intro i
      right
      exact xs
    intro i
    left
    exact xI i
  intro h
  by_cases xs : x ∈ s
  · left
    exact xs
  right
  intro i
  cases h i
  · assumption
  contradiction


",,True,60,MIL.C04_Sets_and_Functions.solutions.Solutions_S01_Sets,Qwen-7B-short,LENGTH,best_of_n,False,0,0.0,CH04.t11,False
-1,False,19,"theorem t11 : (s ∪ ⋂ i, A i) = ⋂ i, A i ∪ s := by
  ext x
  simp only [mem_union, mem_iInter]
  constructor
  · rintro (xs | xI)
    · intro i
      right
      exact xs
    intro i
    left
    exact xI i
  intro h
  by_cases xs : x ∈ s
  · left
    exact xs
  right
  intro i
  cases h i
  · assumption
  contradiction

",,True,-1,"theorem t11 : (s ∪ ⋂ i, A i) = ⋂ i, A i ∪ s := by
  simp_rw [Union.clm_union _ xs, sUnion_smul]
","💥️unknown constant 'Union.clm_union'

💥️simp made no progress",False,60,MIL.C04_Sets_and_Functions.solutions.Solutions_S01_Sets,Qwen-7B-short,LENGTH,best_of_n,False,0,-1.0,CH04.t11,False
-1,False,19,"theorem t11 : (s ∪ ⋂ i, A i) = ⋂ i, A i ∪ s := by
  ext x
  simp only [mem_union, mem_iInter]
  constructor
  · rintro (xs | xI)
    · intro i
      right
      exact xs
    intro i
    left
    exact xI i
  intro h
  by_cases xs : x ∈ s
  · left
    exact xs
  right
  intro i
  cases h i
  · assumption
  contradiction

",,True,-1,"theorem t11 : (s ∪ ⋂ i, A i) = ⋂ i, A i ∪ s := by
  ext X
  simp only [mem_union, mem_iInter]
  constructor
  · intro (xs | xI) i
    · exact mem_union _ _ (intro i) xI _ _
  intro h
  by_cases xs : x ∈ s
  · left
    exact xs
  right
  intro i
  cases h i
  · assumption
  contradiction


","💥️unexpected token '|'; expected ')', ',' or ':'

💥️unsolved goals
case h.mp
α : Type u_1
I : Type u_2
A : I → Set α
s : Set α
X : α
xs : X ∈ s ∨ ∀ (i : I), X ∈ A i
⊢ ∀ (i : I), X ∈ A i ∨ X ∈ s

💥️unsolved goals
case h.mpr
α : Type u_1
I : Type u_2
A : I → Set α
s : Set α
X : α
⊢ (∀ (i : I), X ∈ A i ∨ X ∈ s) → X ∈ s ∨ ∀ (i : I), X ∈ A i",False,60,MIL.C04_Sets_and_Functions.solutions.Solutions_S01_Sets,Qwen-7B-short,LENGTH,best_of_n,False,0,-1.0,CH04.t11,False
-1,False,19,"theorem t11 : (s ∪ ⋂ i, A i) = ⋂ i, A i ∪ s := by
  ext x
  simp only [mem_union, mem_iInter]
  constructor
  · rintro (xs | xI)
    · intro i
      right
      exact xs
    intro i
    left
    exact xI i
  intro h
  by_cases xs : x ∈ s
  · left
    exact xs
  right
  intro i
  cases h i
  · assumption
  contradiction

",,True,19,"theorem t11 : (s ∪ ⋂ i, A i) = ⋂ i, A i ∪ s := by
  ext x
  simp only [mem_union, mem_iInter]
  constructor
  · rintro (xs | xI)
    · intro i
      right
      exact xs
    intro i
    left
    exact xI i
  intro h
  by_cases xs : x ∈ s
  · left
    exact xs
  right
  intro i
  cases h i
  · assumption
  contradiction


",,True,60,MIL.C04_Sets_and_Functions.solutions.Solutions_S01_Sets,Qwen-7B-short,LENGTH,best_of_n,False,0,0.0,CH04.t11,False
-1,False,19,"theorem t11 : (s ∪ ⋂ i, A i) = ⋂ i, A i ∪ s := by
  ext x
  simp only [mem_union, mem_iInter]
  constructor
  · rintro (xs | xI)
    · intro i
      right
      exact xs
    intro i
    left
    exact xI i
  intro h
  by_cases xs : x ∈ s
  · left
    exact xs
  right
  intro i
  cases h i
  · assumption
  contradiction

",,True,-1,"theorem t11 : (s ∪ ⋂ i, A i) = ⋂ i, A i ∪ s := by
  ext x
  simp [mem_union, mem_iInter, exists_and_left, and_assoc, or_comm, suffices (∃ i, x ∈ A i)]
  aesop
","💥️unexpected token ']'; expected 'by' or 'from'

💥️unsolved goals
α : Type u_1
I : Type u_2
A : I → Set α
s : Set α
x : α
this : ∃ i, x ∈ A i
⊢ ?m.6844 this

💥️unsolved goals
case h
α : Type u_1
I : Type u_2
A : I → Set α
s : Set α
x : α
⊢ (x ∈ s ∨ ∀ (i : I), x ∈ A i) ↔ ∀ (i : I), x ∈ s ∨ x ∈ A i",False,60,MIL.C04_Sets_and_Functions.solutions.Solutions_S01_Sets,Qwen-7B-short,LENGTH,best_of_n,False,0,-1.0,CH04.t11,False
-1,False,19,"theorem t11 : (s ∪ ⋂ i, A i) = ⋂ i, A i ∪ s := by
  ext x
  simp only [mem_union, mem_iInter]
  constructor
  · rintro (xs | xI)
    · intro i
      right
      exact xs
    intro i
    left
    exact xI i
  intro h
  by_cases xs : x ∈ s
  · left
    exact xs
  right
  intro i
  cases h i
  · assumption
  contradiction

",,True,19,"theorem t11 : (s ∪ ⋂ i, A i) = ⋂ i, A i ∪ s := by
  ext x
  simp only [mem_union, mem_iInter]
  constructor
  · rintro (xs | xI)
    · intro i
      right
      exact xs
    intro i
    left
    exact xI i
  intro h
  by_cases xs : x ∈ s
  · left
    exact xs
  right
  intro i
  cases h i
  · assumption
  contradiction


",,True,60,MIL.C04_Sets_and_Functions.solutions.Solutions_S01_Sets,Qwen-7B-short,LENGTH,best_of_n,False,0,0.0,CH04.t11,False
-1,False,19,"theorem t11 : (s ∪ ⋂ i, A i) = ⋂ i, A i ∪ s := by
  ext x
  simp only [mem_union, mem_iInter]
  constructor
  · rintro (xs | xI)
    · intro i
      right
      exact xs
    intro i
    left
    exact xI i
  intro h
  by_cases xs : x ∈ s
  · left
    exact xs
  right
  intro i
  cases h i
  · assumption
  contradiction

",,True,-1,"theorem t11 : (s ∪ ⋂ i, A i) = ⋂ i, A i ∪ s := by
  ext i
  simp [mem_union, mem_iInter, t11_iff]
","💥️unknown identifier 't11_iff'

💥️unsolved goals
case h
α : Type u_1
I : Type u_2
A : I → Set α
s : Set α
i : α
⊢ (i ∈ s ∨ ∀ (i_1 : I), i ∈ A i_1) ↔ ∀ (i_1 : I), i ∈ A i_1 ∨ i ∈ s",False,60,MIL.C04_Sets_and_Functions.solutions.Solutions_S01_Sets,Qwen-7B-short,LENGTH,best_of_n,False,0,-1.0,CH04.t11,False
-1,False,19,"theorem t11 : (s ∪ ⋂ i, A i) = ⋂ i, A i ∪ s := by
  ext x
  simp only [mem_union, mem_iInter]
  constructor
  · rintro (xs | xI)
    · intro i
      right
      exact xs
    intro i
    left
    exact xI i
  intro h
  by_cases xs : x ∈ s
  · left
    exact xs
  right
  intro i
  cases h i
  · assumption
  contradiction

",,True,19,"theorem t11 : (s ∪ ⋂ i, A i) = ⋂ i, A i ∪ s := by
  ext x
  simp only [mem_union, mem_iInter]
  constructor
  · rintro (xs | xI)
    · intro i
      right
      exact xs
    intro i
    left
    exact xI i
  intro h
  by_cases xs : x ∈ s
  · left
    exact xs
  right
  intro i
  cases h i
  · assumption
  contradiction


",,True,60,MIL.C04_Sets_and_Functions.solutions.Solutions_S01_Sets,Qwen-7B-short,LENGTH,best_of_n,False,0,0.0,CH04.t11,False
-1,False,19,"theorem t11 : (s ∪ ⋂ i, A i) = ⋂ i, A i ∪ s := by
  ext x
  simp only [mem_union, mem_iInter]
  constructor
  · rintro (xs | xI)
    · intro i
      right
      exact xs
    intro i
    left
    exact xI i
  intro h
  by_cases xs : x ∈ s
  · left
    exact xs
  right
  intro i
  cases h i
  · assumption
  contradiction

",,True,-1,"theorem t11 : (s ∪ ⋂ i, A i) = ⋂ i, A i ∪ s := by
  simpa using t10 (C i)
",💥️unknown identifier 'C',False,60,MIL.C04_Sets_and_Functions.solutions.Solutions_S01_Sets,Qwen-7B-short,LENGTH,best_of_n,False,0,-1.0,CH04.t11,False
-1,False,19,"theorem t11 : (s ∪ ⋂ i, A i) = ⋂ i, A i ∪ s := by
  ext x
  simp only [mem_union, mem_iInter]
  constructor
  · rintro (xs | xI)
    · intro i
      right
      exact xs
    intro i
    left
    exact xI i
  intro h
  by_cases xs : x ∈ s
  · left
    exact xs
  right
  intro i
  cases h i
  · assumption
  contradiction

",,True,19,"theorem t11 : (s ∪ ⋂ i, A i) = ⋂ i, A i ∪ s := by
  ext x
  simp only [mem_union, mem_iInter]
  constructor
  · rintro (xs | xI)
    · intro i
      right
      exact xs
    intro i
    left
    exact xI i
  intro h
  by_cases xs : x ∈ s
  · left
    exact xs
  right
  intro i
  cases h i
  · assumption
  contradiction


",,True,60,MIL.C04_Sets_and_Functions.solutions.Solutions_S01_Sets,Qwen-7B-short,LENGTH,best_of_n,False,0,0.0,CH04.t11,False
-1,False,19,"theorem t11 : (s ∪ ⋂ i, A i) = ⋂ i, A i ∪ s := by
  ext x
  simp only [mem_union, mem_iInter]
  constructor
  · rintro (xs | xI)
    · intro i
      right
      exact xs
    intro i
    left
    exact xI i
  intro h
  by_cases xs : x ∈ s
  · left
    exact xs
  right
  intro i
  cases h i
  · assumption
  contradiction

",,True,-1,"theorem t11 : (s ∪ ⋂ i, A i) = ⋂ i, A i ∪ s := by
  ext x
  simp only [mem_union, mem_iInter, hUnionLeft, hUnionRight, iUnionLeft, iUnionRight]
  aesop (add simp {contextual := true})
",💥️unexpected token '{'; expected ')',False,60,MIL.C04_Sets_and_Functions.solutions.Solutions_S01_Sets,Qwen-7B-short,LENGTH,best_of_n,False,0,-1.0,CH04.t11,False
-1,False,19,"theorem t11 : (s ∪ ⋂ i, A i) = ⋂ i, A i ∪ s := by
  ext x
  simp only [mem_union, mem_iInter]
  constructor
  · rintro (xs | xI)
    · intro i
      right
      exact xs
    intro i
    left
    exact xI i
  intro h
  by_cases xs : x ∈ s
  · left
    exact xs
  right
  intro i
  cases h i
  · assumption
  contradiction

",,True,-1,"theorem t11 : (s ∪ ⋂ i, A i) = ⋂ i, A i ∪ s := by
  by_cases H : x ∈ s
  · exact (case h).elim (fun i _ ↦ Or.inl le i)
  intro i
  · exact (neg_le_iff_ne_le _).1 le
","💥️unknown identifier 'x'

💥️unknown identifier 'case'

💥️tactic 'introN' failed, insufficient number of binders
case neg
α : Type u_1
I : Type u_2
A : I → Set α
s : Set α
H : sorry ∉ s
⊢ s ∪ ⋂ i, A i = ⋂ i, A i ∪ s",False,60,MIL.C04_Sets_and_Functions.solutions.Solutions_S01_Sets,Qwen-7B-short,LENGTH,best_of_n,False,0,-1.0,CH04.t11,False
-1,False,19,"theorem t11 : (s ∪ ⋂ i, A i) = ⋂ i, A i ∪ s := by
  ext x
  simp only [mem_union, mem_iInter]
  constructor
  · rintro (xs | xI)
    · intro i
      right
      exact xs
    intro i
    left
    exact xI i
  intro h
  by_cases xs : x ∈ s
  · left
    exact xs
  right
  intro i
  cases h i
  · assumption
  contradiction

",,True,19,"theorem t11 : (s ∪ ⋂ i, A i) = ⋂ i, A i ∪ s := by
  ext x
  simp only [mem_union, mem_iInter]
  constructor
  · rintro (xs | xI)
    · intro i
      right
      exact xs
    intro i
    left
    exact xI i
  intro h
  by_cases xs : x ∈ s
  · left
    exact xs
  right
  intro i
  cases h i
  · assumption
  contradiction


",,True,60,MIL.C04_Sets_and_Functions.solutions.Solutions_S01_Sets,Qwen-7B-short,LENGTH,best_of_n,False,0,0.0,CH04.t11,False
-1,False,19,"theorem t11 : (s ∪ ⋂ i, A i) = ⋂ i, A i ∪ s := by
  ext x
  simp only [mem_union, mem_iInter]
  constructor
  · rintro (xs | xI)
    · intro i
      right
      exact xs
    intro i
    left
    exact xI i
  intro h
  by_cases xs : x ∈ s
  · left
    exact xs
  right
  intro i
  cases h i
  · assumption
  contradiction

",,True,19,"theorem t11 : (s ∪ ⋂ i, A i) = ⋂ i, A i ∪ s := by
  ext x
  simp only [mem_union, mem_iInter]
  constructor
  · rintro (xs | xI)
    · intro i
      right
      exact xs
    intro i
    left
    exact xI i
  intro h
  by_cases xs : x ∈ s
  · left
    exact xs
  right
  intro i
  cases h i
  · assumption
  contradiction


",,True,60,MIL.C04_Sets_and_Functions.solutions.Solutions_S01_Sets,Qwen-7B-short,LENGTH,best_of_n,False,0,0.0,CH04.t11,False
-1,False,19,"theorem t11 : (s ∪ ⋂ i, A i) = ⋂ i, A i ∪ s := by
  ext x
  simp only [mem_union, mem_iInter]
  constructor
  · rintro (xs | xI)
    · intro i
      right
      exact xs
    intro i
    left
    exact xI i
  intro h
  by_cases xs : x ∈ s
  · left
    exact xs
  right
  intro i
  cases h i
  · assumption
  contradiction

",,True,19,"theorem t11 : (s ∪ ⋂ i, A i) = ⋂ i, A i ∪ s := by
  ext x
  simp only [mem_union, mem_iInter]
  constructor
  · rintro (xs | xI)
    · intro i
      right
      exact xs
    intro i
    left
    exact xI i
  intro h
  by_cases xs : x ∈ s
  · left
    exact xs
  right
  intro i
  cases h i
  · assumption
  contradiction


",,True,60,MIL.C04_Sets_and_Functions.solutions.Solutions_S01_Sets,Qwen-7B-short,LENGTH,best_of_n,False,0,0.0,CH04.t11,False
-1,False,19,"theorem t11 : (s ∪ ⋂ i, A i) = ⋂ i, A i ∪ s := by
  ext x
  simp only [mem_union, mem_iInter]
  constructor
  · rintro (xs | xI)
    · intro i
      right
      exact xs
    intro i
    left
    exact xI i
  intro h
  by_cases xs : x ∈ s
  · left
    exact xs
  right
  intro i
  cases h i
  · assumption
  contradiction

",,True,19,"theorem t11 : (s ∪ ⋂ i, A i) = ⋂ i, A i ∪ s := by
  ext x
  simp only [mem_union, mem_iInter]
  constructor
  · rintro (xs | xI)
    · intro i
      right
      exact xs
    intro i
    left
    exact xI i
  intro h
  by_cases xs : x ∈ s
  · left
    exact xs
  right
  intro i
  cases h i
  · assumption
  contradiction


",,True,60,MIL.C04_Sets_and_Functions.solutions.Solutions_S01_Sets,Qwen-7B-short,LENGTH,best_of_n,False,0,0.0,CH04.t11,False
-1,False,19,"theorem t11 : (s ∪ ⋂ i, A i) = ⋂ i, A i ∪ s := by
  ext x
  simp only [mem_union, mem_iInter]
  constructor
  · rintro (xs | xI)
    · intro i
      right
      exact xs
    intro i
    left
    exact xI i
  intro h
  by_cases xs : x ∈ s
  · left
    exact xs
  right
  intro i
  cases h i
  · assumption
  contradiction

",,True,19,"theorem t11 : (s ∪ ⋂ i, A i) = ⋂ i, A i ∪ s := by
  ext x
  simp only [mem_union, mem_iInter]
  constructor
  · rintro (xs | xI)
    · intro i
      right
      exact xs
    intro i
    left
    exact xI i
  intro h
  by_cases xs : x ∈ s
  · left
    exact xs
  right
  intro i
  cases h i
  · assumption
  contradiction


",,True,60,MIL.C04_Sets_and_Functions.solutions.Solutions_S01_Sets,Qwen-7B-short,LENGTH,best_of_n,False,0,0.0,CH04.t11,False
-1,False,19,"theorem t11 : (s ∪ ⋂ i, A i) = ⋂ i, A i ∪ s := by
  ext x
  simp only [mem_union, mem_iInter]
  constructor
  · rintro (xs | xI)
    · intro i
      right
      exact xs
    intro i
    left
    exact xI i
  intro h
  by_cases xs : x ∈ s
  · left
    exact xs
  right
  intro i
  cases h i
  · assumption
  contradiction

",,True,-1,"theorem t11 : (s ∪ ⋂ i, A i) = ⋂ i, A i ∪ s := by
  simp_rw [Union.eq_iff_sUnion, Set union SUnion_image_iff_eq_left]
  aesop
","💥️unknown constant 'Union.eq_iff_sUnion'

💥️simp made no progress",False,60,MIL.C04_Sets_and_Functions.solutions.Solutions_S01_Sets,Qwen-7B-short,LENGTH,best_of_n,False,0,-1.0,CH04.t11,False
-1,False,19,"theorem t11 : (s ∪ ⋂ i, A i) = ⋂ i, A i ∪ s := by
  ext x
  simp only [mem_union, mem_iInter]
  constructor
  · rintro (xs | xI)
    · intro i
      right
      exact xs
    intro i
    left
    exact xI i
  intro h
  by_cases xs : x ∈ s
  · left
    exact xs
  right
  intro i
  cases h i
  · assumption
  contradiction

",,True,-1,"theorem t11 : (s ∪ ⋂ i, A i) = ⋂ i, A i ∪ s := by
  simpa [subset_antisymm, union_comm] using t10_subset_antisymm.2 s A i


","💥️failed to synthesize
  IsAntisymm (({α : Type u_1} → [self : Union α] → α → α → α) → ({α : Type u_1} → [self : Union α] → α → α → α) → Prop)
    fun x1 x2 => x1 ⊆ x2
(deterministic) timeout at `typeclass`, maximum number of heartbeats (20000) has been reached
Use `set_option synthInstance.maxHeartbeats <num>` to set the limit.
Additional diagnostic information may be available using the `set_option diagnostics true` command.
Additional diagnostic information may be available using the `set_option diagnostics true` command.",False,60,MIL.C04_Sets_and_Functions.solutions.Solutions_S01_Sets,Qwen-7B-short,LENGTH,best_of_n,False,0,-1.0,CH04.t11,False
-1,False,19,"theorem t11 : (s ∪ ⋂ i, A i) = ⋂ i, A i ∪ s := by
  ext x
  simp only [mem_union, mem_iInter]
  constructor
  · rintro (xs | xI)
    · intro i
      right
      exact xs
    intro i
    left
    exact xI i
  intro h
  by_cases xs : x ∈ s
  · left
    exact xs
  right
  intro i
  cases h i
  · assumption
  contradiction

",,True,-1,"theorem t11 : (s ∪ ⋂ i, A i) = ⋂ i, A i ∪ s := by
  ext x
  simp [mem_union, mem_iInter, and_congr_right_iff, or_iff_not_imp_left]
  aesop
","💥️unsolved goals
case h.mp
α : Type u_1
I : Type u_2
A : I → Set α
s : Set α
x : α
a : x ∉ s → ∀ (i : I), x ∈ A i
i : I
a_1 : x ∉ A i
⊢ x ∈ s",False,60,MIL.C04_Sets_and_Functions.solutions.Solutions_S01_Sets,Qwen-7B-short,LENGTH,best_of_n,False,0,-1.0,CH04.t11,False
-1,False,19,"theorem t11 : (s ∪ ⋂ i, A i) = ⋂ i, A i ∪ s := by
  ext x
  simp only [mem_union, mem_iInter]
  constructor
  · rintro (xs | xI)
    · intro i
      right
      exact xs
    intro i
    left
    exact xI i
  intro h
  by_cases xs : x ∈ s
  · left
    exact xs
  right
  intro i
  cases h i
  · assumption
  contradiction

",,True,19,"theorem t11 : (s ∪ ⋂ i, A i) = ⋂ i, A i ∪ s := by
  ext x
  simp only [mem_union, mem_iInter]
  constructor
  · rintro (xs | xI)
    · intro i
      right
      exact xs
    intro i
    left
    exact xI i
  intro h
  by_cases xs : x ∈ s
  · left
    exact xs
  right
  intro i
  cases h i
  · assumption
  contradiction


",,True,60,MIL.C04_Sets_and_Functions.solutions.Solutions_S01_Sets,Qwen-7B-short,LENGTH,best_of_n,False,0,0.0,CH04.t11,False
-1,False,19,"theorem t11 : (s ∪ ⋂ i, A i) = ⋂ i, A i ∪ s := by
  ext x
  simp only [mem_union, mem_iInter]
  constructor
  · rintro (xs | xI)
    · intro i
      right
      exact xs
    intro i
    left
    exact xI i
  intro h
  by_cases xs : x ∈ s
  · left
    exact xs
  right
  intro i
  cases h i
  · assumption
  contradiction

",,True,-1,"theorem t11 : (s ∪ ⋂ i, A i) = ⋂ i, A i ∪ s := by
  simp_rw [mem_union, mem_iInter, ext_iff, union_assoc, union_congr_left_iff, and_assoc,
    and_congr_left_iff, or_assoc, or_congr_left_iff]
  aesop
",💥️simp made no progress,False,60,MIL.C04_Sets_and_Functions.solutions.Solutions_S01_Sets,Qwen-7B-short,LENGTH,best_of_n,False,0,-1.0,CH04.t11,False
-1,False,19,"theorem t11 : (s ∪ ⋂ i, A i) = ⋂ i, A i ∪ s := by
  ext x
  simp only [mem_union, mem_iInter]
  constructor
  · rintro (xs | xI)
    · intro i
      right
      exact xs
    intro i
    left
    exact xI i
  intro h
  by_cases xs : x ∈ s
  · left
    exact xs
  right
  intro i
  cases h i
  · assumption
  contradiction

",,True,-1,"theorem t11 : (s ∪ ⋂ i, A i) = ⋂ i, A i ∪ s := by
  simpa with s using tauto.2 (A _ s).2


","💥️tactic 'assumption' failed
α : Type u_1
I : Type u_2
A : I → Set α
s : Set α
⊢ s ∪ ⋂ i, A i = ⋂ i, A i ∪ s",False,60,MIL.C04_Sets_and_Functions.solutions.Solutions_S01_Sets,Qwen-7B-short,LENGTH,best_of_n,False,0,-1.0,CH04.t11,False
-1,False,19,"theorem t11 : (s ∪ ⋂ i, A i) = ⋂ i, A i ∪ s := by
  ext x
  simp only [mem_union, mem_iInter]
  constructor
  · rintro (xs | xI)
    · intro i
      right
      exact xs
    intro i
    left
    exact xI i
  intro h
  by_cases xs : x ∈ s
  · left
    exact xs
  right
  intro i
  cases h i
  · assumption
  contradiction

",,True,19,"theorem t11 : (s ∪ ⋂ i, A i) = ⋂ i, A i ∪ s := by
  ext x
  simp only [mem_union, mem_iInter]
  constructor
  · rintro (xs | xI)
    · intro i
      right
      exact xs
    intro i
    left
    exact xI i
  intro h
  by_cases xs : x ∈ s
  · left
    exact xs
  right
  intro i
  cases h i
  · assumption
  contradiction


",,True,60,MIL.C04_Sets_and_Functions.solutions.Solutions_S01_Sets,Qwen-7B-short,LENGTH,best_of_n,False,0,0.0,CH04.t11,False
-1,False,19,"theorem t11 : (s ∪ ⋂ i, A i) = ⋂ i, A i ∪ s := by
  ext x
  simp only [mem_union, mem_iInter]
  constructor
  · rintro (xs | xI)
    · intro i
      right
      exact xs
    intro i
    left
    exact xI i
  intro h
  by_cases xs : x ∈ s
  · left
    exact xs
  right
  intro i
  cases h i
  · assumption
  contradiction

",,True,-1,"theorem t11 : (s ∪ ⋂ i, A i) = ⋂ i, A i ∪ s := by
  rw [Union.gi Ns, iUnion_eq_left_iff, andUnion_eq_left_iff, iUnion_eq_left_iff,
    all_union_left_iff, andUnion_union_right_iff, iUnion_eq_left_iff, andUnion_union_right_iff,
    union_biUnion_eq_left_iff, biUnion_union_eq_left_iff, union_kUnion_eq_left_iff,
    andUnion_union_right_iff, iUnion_eq_left_iff, andUnion_union_right_iff]
  exact fun h ↦ h.elim t11 Ns A
","💥️unknown constant 'Union.gi'

💥️tactic 'rewrite' failed, equality or iff proof expected
  ?m.6680
α : Type u_1
I : Type u_2
A : I → Set α
s : Set α
⊢ s ∪ ⋂ i, A i = ⋂ i, A i ∪ s",False,60,MIL.C04_Sets_and_Functions.solutions.Solutions_S01_Sets,Qwen-7B-short,LENGTH,best_of_n,False,0,-1.0,CH04.t11,False
-1,False,19,"theorem t11 : (s ∪ ⋂ i, A i) = ⋂ i, A i ∪ s := by
  ext x
  simp only [mem_union, mem_iInter]
  constructor
  · rintro (xs | xI)
    · intro i
      right
      exact xs
    intro i
    left
    exact xI i
  intro h
  by_cases xs : x ∈ s
  · left
    exact xs
  right
  intro i
  cases h i
  · assumption
  contradiction

",,True,-1,"theorem t11 : (s ∪ ⋂ i, A i) = ⋂ i, A i ∪ s := by
  rw [← sUnion_range, sUnioncription, RealUnion_range, Union_range]
","💥️tactic 'rewrite' failed, did not find instance of the pattern in the target expression
  ⋃ x, ?f x
α : Type u_1
I : Type u_2
A : I → Set α
s : Set α
⊢ s ∪ ⋂ i, A i = ⋂ i, A i ∪ s",False,60,MIL.C04_Sets_and_Functions.solutions.Solutions_S01_Sets,Qwen-7B-short,LENGTH,best_of_n,False,0,-1.0,CH04.t11,False
-1,False,19,"theorem t11 : (s ∪ ⋂ i, A i) = ⋂ i, A i ∪ s := by
  ext x
  simp only [mem_union, mem_iInter]
  constructor
  · rintro (xs | xI)
    · intro i
      right
      exact xs
    intro i
    left
    exact xI i
  intro h
  by_cases xs : x ∈ s
  · left
    exact xs
  right
  intro i
  cases h i
  · assumption
  contradiction

",,True,-1,"theorem t11 : (s ∪ ⋂ i, A i) = ⋂ i, A i ∪ s := by
  ext x
  simp [mem_union, mem_iInter, Union, biUnion]
  aesop
","💥️unknown identifier 'biUnion'

💥️unsolved goals
case h.mpr
α : Type u_1
I : Type u_2
A : I → Set α
s : Set α
x : α
a : ∀ (i : I), x ∈ A i ∨ x ∈ s
⊢ x ∈ s ∨ ∀ (i : I), x ∈ A i",False,60,MIL.C04_Sets_and_Functions.solutions.Solutions_S01_Sets,Qwen-7B-short,LENGTH,best_of_n,False,0,-1.0,CH04.t11,False
-1,False,19,"theorem t11 : (s ∪ ⋂ i, A i) = ⋂ i, A i ∪ s := by
  ext x
  simp only [mem_union, mem_iInter]
  constructor
  · rintro (xs | xI)
    · intro i
      right
      exact xs
    intro i
    left
    exact xI i
  intro h
  by_cases xs : x ∈ s
  · left
    exact xs
  right
  intro i
  cases h i
  · assumption
  contradiction

",,True,-1,"theorem t11 : (s ∪ ⋂ i, A i) = ⋂ i, A i ∪ s := by
  rw [← sUnion_range, rw [swap_range_eq_union] at sUnion]
  simp_rw [range_union, sUnion, swap_eq_same, union_self]
",💥️unexpected token 'at'; expected ']',False,60,MIL.C04_Sets_and_Functions.solutions.Solutions_S01_Sets,Qwen-7B-short,LENGTH,best_of_n,False,0,-1.0,CH04.t11,False
-1,False,19,"theorem t11 : (s ∪ ⋂ i, A i) = ⋂ i, A i ∪ s := by
  ext x
  simp only [mem_union, mem_iInter]
  constructor
  · rintro (xs | xI)
    · intro i
      right
      exact xs
    intro i
    left
    exact xI i
  intro h
  by_cases xs : x ∈ s
  · left
    exact xs
  right
  intro i
  cases h i
  · assumption
  contradiction

",,True,-1,"theorem t11 : (s ∪ ⋂ i, A i) = ⋂ i, A i ∪ s := by
 ext x
  simp only [mem_union, mem_iInter]
  constructor
  · rintro (xs | xI)
    · simpa only [mem_union, not_and, and_imp, true_and] using xs
    intro i
    left
    exact xI i
  intro h
  by_cases xs : x ∈ s
  · left
    exact xs
  right
  intro i
  cases h i
  · assumption
  contradiction


","💥️unsolved goals
case h
α : Type u_1
I : Type u_2
A : I → Set α
s : Set α
x : α
⊢ x ∈ s ∪ ⋂ i, A i ↔ x ∈ ⋂ i, A i ∪ s",False,60,MIL.C04_Sets_and_Functions.solutions.Solutions_S01_Sets,Qwen-7B-short,LENGTH,best_of_n,False,0,-1.0,CH04.t11,False
-1,False,19,"theorem t11 : (s ∪ ⋂ i, A i) = ⋂ i, A i ∪ s := by
  ext x
  simp only [mem_union, mem_iInter]
  constructor
  · rintro (xs | xI)
    · intro i
      right
      exact xs
    intro i
    left
    exact xI i
  intro h
  by_cases xs : x ∈ s
  · left
    exact xs
  right
  intro i
  cases h i
  · assumption
  contradiction

",,True,-1,"theorem t11 : (s ∪ ⋂ i, A i) = ⋂ i, A i ∪ s := by
  apply le_antisymm <;> intro
  · exact sup_le_iff.2 s A
  · refine le_congr fun i _ ↦ le_eq_of_subset? (subset_univ _) ?_
    rw [subset_univ, le_eq_subset_iff]
    exact sup_le_iff.2 A i s
","💥️application type mismatch
  sup_le_iff.mpr s
argument
  s
has type
  Set α : Type u_1
but is expected to have type
  ?m.7355 ≤ ?m.7357 ∧ ?m.7356 ≤ ?m.7357 : Prop

💥️unknown identifier 'le_congr'

💥️no goals to be solved",False,60,MIL.C04_Sets_and_Functions.solutions.Solutions_S01_Sets,Qwen-7B-short,LENGTH,best_of_n,False,0,-1.0,CH04.t11,False
-1,False,5,"theorem t12 : (⋃ p ∈ primes, { x | x ≤ p }) = univ := by
  apply eq_univ_of_forall
  intro x
  simp
  rcases Nat.exists_infinite_primes x with ⟨p, pge, primep⟩
  use p, primep

",,True,5,"theorem t12 : (⋃ p ∈ primes, { x | x ≤ p }) = univ := by
  apply eq_univ_of_forall
  intro x
  simp
  rcases Nat.exists_infinite_primes x with ⟨p, pge, primep⟩
  use p, primep


",,True,60,MIL.C04_Sets_and_Functions.solutions.Solutions_S01_Sets,Qwen-7B-short,LENGTH,best_of_n,False,0,0.0,CH04.t12,False
-1,False,5,"theorem t12 : (⋃ p ∈ primes, { x | x ≤ p }) = univ := by
  apply eq_univ_of_forall
  intro x
  simp
  rcases Nat.exists_infinite_primes x with ⟨p, pge, primep⟩
  use p, primep

",,True,-1,"theorem t12 : (⋃ p ∈ primes, { x | x ≤ p }) = univ := by
  apply eq_univ_of_forall
  intro x
  rcases Nat.exists_infinite_primes x with ⟨p, pge, primep⟩
  use p, primep
","💥️type mismatch
  p
has type
  ℕ : Type
but is expected to have type
  Set ℕ : Type

💥️unsolved goals
case right
x p : ℕ
pge : x ≤ p
primep : Nat.Prime p
⊢ x ∈ sorry",False,60,MIL.C04_Sets_and_Functions.solutions.Solutions_S01_Sets,Qwen-7B-short,LENGTH,best_of_n,False,0,-1.0,CH04.t12,False
-1,False,5,"theorem t12 : (⋃ p ∈ primes, { x | x ≤ p }) = univ := by
  apply eq_univ_of_forall
  intro x
  simp
  rcases Nat.exists_infinite_primes x with ⟨p, pge, primep⟩
  use p, primep

",,True,-1,"theorem t12 : (⋃ p ∈ primes, { x | x ≤ p }) = univ := by
  apply eq_univ_of_forall
  intro x
  simp
  rcases Nat.exists_infinite_primes x with ⟨p, pge, primep⟩
  exact ⟨p, primep⟩
","💥️application type mismatch
  Exists.intro p primep
argument
  primep
has type
  Nat.Prime p : Prop
but is expected to have type
  p ∈ primes ∧ x ≤ p : Prop",False,60,MIL.C04_Sets_and_Functions.solutions.Solutions_S01_Sets,Qwen-7B-short,LENGTH,best_of_n,False,0,-1.0,CH04.t12,False
-1,False,5,"theorem t12 : (⋃ p ∈ primes, { x | x ≤ p }) = univ := by
  apply eq_univ_of_forall
  intro x
  simp
  rcases Nat.exists_infinite_primes x with ⟨p, pge, primep⟩
  use p, primep

",,True,5,"theorem t12 : (⋃ p ∈ primes, { x | x ≤ p }) = univ := by
  apply eq_univ_of_forall
  intro x
  simp
  rcases Nat.exists_infinite_primes x with ⟨p, pge, primep⟩
  use p, primep
",,True,60,MIL.C04_Sets_and_Functions.solutions.Solutions_S01_Sets,Qwen-7B-short,LENGTH,best_of_n,False,0,0.0,CH04.t12,False
-1,False,5,"theorem t12 : (⋃ p ∈ primes, { x | x ≤ p }) = univ := by
  apply eq_univ_of_forall
  intro x
  simp
  rcases Nat.exists_infinite_primes x with ⟨p, pge, primep⟩
  use p, primep

",,True,5,"theorem t12 : (⋃ p ∈ primes, { x | x ≤ p }) = univ := by
  apply eq_univ_of_forall
  intro x
  simp
  rcases Nat.exists_infinite_primes x with ⟨p, pge, primep⟩
  use p, primep


",,True,60,MIL.C04_Sets_and_Functions.solutions.Solutions_S01_Sets,Qwen-7B-short,LENGTH,best_of_n,False,0,0.0,CH04.t12,False
-1,False,5,"theorem t12 : (⋃ p ∈ primes, { x | x ≤ p }) = univ := by
  apply eq_univ_of_forall
  intro x
  simp
  rcases Nat.exists_infinite_primes x with ⟨p, pge, primep⟩
  use p, primep

",,True,-1,"theorem t12 : (⋃ p ∈ primes, { x | x ≤ p }) = univ := by
  apply eq_univ_of_forall
  intro x
  simp only [mem_univ, exists_infinite_primes_iff Nat.in|
    (Nat.permutes _ _ (insert p | inl x))]
  rcases Nat.exists_infinite_primes x with ⟨p, pge, primep⟩
  use p, primep
","💥️unexpected token '|'; expected ']'

💥️unknown identifier 'exists_infinite_primes_iff'",False,60,MIL.C04_Sets_and_Functions.solutions.Solutions_S01_Sets,Qwen-7B-short,LENGTH,best_of_n,False,0,-1.0,CH04.t12,False
-1,False,5,"theorem t12 : (⋃ p ∈ primes, { x | x ≤ p }) = univ := by
  apply eq_univ_of_forall
  intro x
  simp
  rcases Nat.exists_infinite_primes x with ⟨p, pge, primep⟩
  use p, primep

",,True,-1,"theorem t12 : (⋃ p ∈ primes, { x | x ≤ p }) = univ := by
  rw [← union_self_mem_of_subset_mapsTo, union_self_mem_of_subset_cast]
  refine union_self_mem_of_subset_cast fun x ↦ ?_
  rcases Nat.exists_infinite_primes x with ⟨p, pge, primep⟩
  exact ⟨p, primep⟩
","💥️unknown identifier 'union_self_mem_of_subset_mapsTo'

💥️tactic 'rewrite' failed, equality or iff proof expected
  ?m.7323
⊢ ⋃ p ∈ primes, {x | x ≤ p} = univ",False,60,MIL.C04_Sets_and_Functions.solutions.Solutions_S01_Sets,Qwen-7B-short,LENGTH,best_of_n,False,0,-1.0,CH04.t12,False
-1,False,5,"theorem t12 : (⋃ p ∈ primes, { x | x ≤ p }) = univ := by
  apply eq_univ_of_forall
  intro x
  simp
  rcases Nat.exists_infinite_primes x with ⟨p, pge, primep⟩
  use p, primep

",,True,-1,"theorem t12 : (⋃ p ∈ primes, { x | x ≤ p }) = univ := by
  apply eq_univ_of_forall
  intro x
  simp
  rcases Nat.exists_infinite_primes x with ⟨p, pge, primep⟩
  exact ⟨p, primep⟩
","💥️application type mismatch
  Exists.intro p primep
argument
  primep
has type
  Nat.Prime p : Prop
but is expected to have type
  p ∈ primes ∧ x ≤ p : Prop",False,60,MIL.C04_Sets_and_Functions.solutions.Solutions_S01_Sets,Qwen-7B-short,LENGTH,best_of_n,False,0,-1.0,CH04.t12,False
-1,False,5,"theorem t12 : (⋃ p ∈ primes, { x | x ≤ p }) = univ := by
  apply eq_univ_of_forall
  intro x
  simp
  rcases Nat.exists_infinite_primes x with ⟨p, pge, primep⟩
  use p, primep

",,True,-1,"theorem t12 : (⋃ p ∈ primes, { x | x ≤ p }) = univ := by
  apply eq_univ_of_forall
  intro x
  rcases Nat.exists_infinite_primes x with ⟨p, pge, primep⟩
  exact ⟨p, primep⟩
","💥️application type mismatch
  Exists.intro p
argument
  p
has type
  ℕ : Type
but is expected to have type
  Set ℕ : Type",False,60,MIL.C04_Sets_and_Functions.solutions.Solutions_S01_Sets,Qwen-7B-short,LENGTH,best_of_n,False,0,-1.0,CH04.t12,False
-1,False,5,"theorem t12 : (⋃ p ∈ primes, { x | x ≤ p }) = univ := by
  apply eq_univ_of_forall
  intro x
  simp
  rcases Nat.exists_infinite_primes x with ⟨p, pge, primep⟩
  use p, primep

",,True,-1,"theorem t12 : (⋃ p ∈ primes, { x | x ≤ p }) = univ := by
  simpa [and_assoc] using eq_univ_of_forall x <|
    Nat.exists_infinite_primes x with ⟨p, pge, primep⟩
",💥️unknown identifier 'x',False,60,MIL.C04_Sets_and_Functions.solutions.Solutions_S01_Sets,Qwen-7B-short,LENGTH,best_of_n,False,0,-1.0,CH04.t12,False
-1,False,5,"theorem t12 : (⋃ p ∈ primes, { x | x ≤ p }) = univ := by
  apply eq_univ_of_forall
  intro x
  simp
  rcases Nat.exists_infinite_primes x with ⟨p, pge, primep⟩
  use p, primep

",,True,5,"theorem t12 : (⋃ p ∈ primes, { x | x ≤ p }) = univ := by
  apply eq_univ_of_forall
  intro x
  simp
  rcases Nat.exists_infinite_primes x with ⟨p, pge, primep⟩
  use p, primep
",,True,60,MIL.C04_Sets_and_Functions.solutions.Solutions_S01_Sets,Qwen-7B-short,LENGTH,best_of_n,False,0,0.0,CH04.t12,False
-1,False,5,"theorem t12 : (⋃ p ∈ primes, { x | x ≤ p }) = univ := by
  apply eq_univ_of_forall
  intro x
  simp
  rcases Nat.exists_infinite_primes x with ⟨p, pge, primep⟩
  use p, primep

",,True,-1,"theorem t12 : (⋃ p ∈ primes, { x | x ≤ p }) = univ := by
  apply eq_univ_of_forall
  intro x
  rcases Nat.exists_infinite_primes x with ⟨p, pge, primep⟩
  exact ⟨p, primep⟩
","💥️application type mismatch
  Exists.intro p
argument
  p
has type
  ℕ : Type
but is expected to have type
  Set ℕ : Type",False,60,MIL.C04_Sets_and_Functions.solutions.Solutions_S01_Sets,Qwen-7B-short,LENGTH,best_of_n,False,0,-1.0,CH04.t12,False
-1,False,5,"theorem t12 : (⋃ p ∈ primes, { x | x ≤ p }) = univ := by
  apply eq_univ_of_forall
  intro x
  simp
  rcases Nat.exists_infinite_primes x with ⟨p, pge, primep⟩
  use p, primep

",,True,-1,"theorem t12 : (⋃ p ∈ primes, { x | x ≤ p }) = univ := by
  apply eq_univ_of_forall
  intro x
  simp
  rcases Nat.exists_infinite_primes x with ⟨p, pge, primep⟩
  exact ⟨p, primep⟩
","💥️application type mismatch
  Exists.intro p primep
argument
  primep
has type
  Nat.Prime p : Prop
but is expected to have type
  p ∈ primes ∧ x ≤ p : Prop",False,60,MIL.C04_Sets_and_Functions.solutions.Solutions_S01_Sets,Qwen-7B-short,LENGTH,best_of_n,False,0,-1.0,CH04.t12,False
-1,False,5,"theorem t12 : (⋃ p ∈ primes, { x | x ≤ p }) = univ := by
  apply eq_univ_of_forall
  intro x
  simp
  rcases Nat.exists_infinite_primes x with ⟨p, pge, primep⟩
  use p, primep

",,True,-1,"theorem t12 : (⋃ p ∈ primes, { x | x ≤ p }) = univ := by
  rw [← t1', eq_univ_iff_forall, forall_exists_index, exists_and_right, exists_eq_right,
    forall_exists_index, set_univ, Subtype.coe_prime, Set.forall_subset_iff, and_iff_not_imp, implies_true]
  exact fun x ↦ ⟨p, primes.lt_or_ne pge, (Nat.prime_factors x).in_set, Set.forall_subset_iff.2 fun _ ↦ (p := .)⟩
","💥️unexpected token ':='; expected ')', ',' or ':'

💥️unknown identifier 't1''",False,60,MIL.C04_Sets_and_Functions.solutions.Solutions_S01_Sets,Qwen-7B-short,LENGTH,best_of_n,False,0,-1.0,CH04.t12,False
-1,False,5,"theorem t12 : (⋃ p ∈ primes, { x | x ≤ p }) = univ := by
  apply eq_univ_of_forall
  intro x
  simp
  rcases Nat.exists_infinite_primes x with ⟨p, pge, primep⟩
  use p, primep

",,True,-1,"theorem t12 : (⋃ p ∈ primes, { x | x ≤ p }) = univ := by
  apply eq_univ_of_forall
  intro x
  rcases Nat.exists_infinite_primes x with ⟨p, pge, primep⟩
  exact ⟨p, primep⟩
","💥️application type mismatch
  Exists.intro p
argument
  p
has type
  ℕ : Type
but is expected to have type
  Set ℕ : Type",False,60,MIL.C04_Sets_and_Functions.solutions.Solutions_S01_Sets,Qwen-7B-short,LENGTH,best_of_n,False,0,-1.0,CH04.t12,False
-1,False,5,"theorem t12 : (⋃ p ∈ primes, { x | x ≤ p }) = univ := by
  apply eq_univ_of_forall
  intro x
  simp
  rcases Nat.exists_infinite_primes x with ⟨p, pge, primep⟩
  use p, primep

",,True,-1,"theorem t12 : (⋃ p ∈ primes, { x | x ≤ p }) = univ := by
  apply eq_univ_of_forall
  intro x
  simp
  rcases Nat.exists_infinite_primes x with ⟨p, pge, primep⟩
  exact ⟨p, primep⟩
","💥️application type mismatch
  Exists.intro p primep
argument
  primep
has type
  Nat.Prime p : Prop
but is expected to have type
  p ∈ primes ∧ x ≤ p : Prop",False,60,MIL.C04_Sets_and_Functions.solutions.Solutions_S01_Sets,Qwen-7B-short,LENGTH,best_of_n,False,0,-1.0,CH04.t12,False
-1,False,5,"theorem t12 : (⋃ p ∈ primes, { x | x ≤ p }) = univ := by
  apply eq_univ_of_forall
  intro x
  simp
  rcases Nat.exists_infinite_primes x with ⟨p, pge, primep⟩
  use p, primep

",,True,-1,"theorem t12 : (⋃ p ∈ primes, { x | x ≤ p }) = univ := by
  apply eq_univ_of_forall
  intro x
  rcases Nat.exists_infinite_primes x with ⟨p, pge, primep⟩
  use p, primep


","💥️type mismatch
  p
has type
  ℕ : Type
but is expected to have type
  Set ℕ : Type

💥️unsolved goals
case right
x p : ℕ
pge : x ≤ p
primep : Nat.Prime p
⊢ x ∈ sorry",False,60,MIL.C04_Sets_and_Functions.solutions.Solutions_S01_Sets,Qwen-7B-short,LENGTH,best_of_n,False,0,-1.0,CH04.t12,False
-1,False,5,"theorem t12 : (⋃ p ∈ primes, { x | x ≤ p }) = univ := by
  apply eq_univ_of_forall
  intro x
  simp
  rcases Nat.exists_infinite_primes x with ⟨p, pge, primep⟩
  use p, primep

",,True,-1,"theorem t12 : (⋃ p ∈ primes, { x | x ≤ p }) = univ :=
  eq_univ_of_forall fun x ↦ Iff.trans (Nat.exists_infinite_primes xDenominator)
    ⟨fun ⟨p, pge, primep⟩ ↦ use p, primep⟩
","💥️unknown identifier 'xDenominator'

💥️unknown identifier 'primep'

💥️invalid constructor ⟨...⟩, expected type must be an inductive type 
  ?m.7617",False,60,MIL.C04_Sets_and_Functions.solutions.Solutions_S01_Sets,Qwen-7B-short,LENGTH,best_of_n,False,0,-1.0,CH04.t12,False
-1,False,5,"theorem t12 : (⋃ p ∈ primes, { x | x ≤ p }) = univ := by
  apply eq_univ_of_forall
  intro x
  simp
  rcases Nat.exists_infinite_primes x with ⟨p, pge, primep⟩
  use p, primep

",,True,5,"theorem t12 : (⋃ p ∈ primes, { x | x ≤ p }) = univ := by
  apply eq_univ_of_forall
  intro x
  simp
  rcases Nat.exists_infinite_primes x with ⟨p, pge, primep⟩
  use p, primep
",,True,60,MIL.C04_Sets_and_Functions.solutions.Solutions_S01_Sets,Qwen-7B-short,LENGTH,best_of_n,False,0,0.0,CH04.t12,False
-1,False,5,"theorem t12 : (⋃ p ∈ primes, { x | x ≤ p }) = univ := by
  apply eq_univ_of_forall
  intro x
  simp
  rcases Nat.exists_infinite_primes x with ⟨p, pge, primep⟩
  use p, primep

",,True,-1,"theorem t12 : (⋃ p ∈ primes, { x | x ≤ p }) = univ := by
  apply eq_univ_of_forall
  intro x
  simp only [mem_univ, eventually_iff_forall', Finset.mem_range]
  rcases Nat.exists_infinite_primes x with ⟨p, pge, primep⟩
  exact ⟨p, primep⟩
","💥️unknown identifier 'eventually_iff_forall''

💥️simp made no progress",False,60,MIL.C04_Sets_and_Functions.solutions.Solutions_S01_Sets,Qwen-7B-short,LENGTH,best_of_n,False,0,-1.0,CH04.t12,False
-1,False,5,"theorem t12 : (⋃ p ∈ primes, { x | x ≤ p }) = univ := by
  apply eq_univ_of_forall
  intro x
  simp
  rcases Nat.exists_infinite_primes x with ⟨p, pge, primep⟩
  use p, primep

",,True,-1,"theorem t12 : (⋃ p ∈ primes, { x | x ≤ p }) = univ := by
  apply eq_univ_of_forall
  intro x
  simp only [comp_apply, mem_univ, eventually_const]
  rcases Nat.exists_infinite_primes x with ⟨p, pge, primep⟩
  use p, primep
","💥️unknown identifier 'comp_apply'

💥️unknown identifier 'eventually_const'

💥️simp made no progress",False,60,MIL.C04_Sets_and_Functions.solutions.Solutions_S01_Sets,Qwen-7B-short,LENGTH,best_of_n,False,0,-1.0,CH04.t12,False
-1,False,5,"theorem t12 : (⋃ p ∈ primes, { x | x ≤ p }) = univ := by
  apply eq_univ_of_forall
  intro x
  simp
  rcases Nat.exists_infinite_primes x with ⟨p, pge, primep⟩
  use p, primep

",,True,4,"theorem t12 : (⋃ p ∈ primes, { x | x ≤ p }) = univ := by
  refine eq_univ_of_forall fun x ↦ ?_
  simp
  rcases Nat.exists_infinite_primes x with ⟨p, pge, primep⟩
  use p, primep
",,True,60,MIL.C04_Sets_and_Functions.solutions.Solutions_S01_Sets,Qwen-7B-short,LENGTH,best_of_n,False,0,0.2,CH04.t12,False
-1,False,5,"theorem t12 : (⋃ p ∈ primes, { x | x ≤ p }) = univ := by
  apply eq_univ_of_forall
  intro x
  simp
  rcases Nat.exists_infinite_primes x with ⟨p, pge, primep⟩
  use p, primep

",,True,-1,"theorem t12 : (⋃ p ∈ primes, { x | x ≤ p }) = univ := by
  rw [← le_iff_subset_iff, subset_univ, t05_subset]
  apply eq_univ_of_forall
  intro x
  simp only [← coe_nat_subset, range_val, coe_subset]
  rcases Nat.exists_infinite_primes x with ⟨p, pge, primep⟩
  use p, primep
","💥️unknown identifier 'le_iff_subset_iff'

💥️tactic 'rewrite' failed, equality or iff proof expected
  ?m.7323
⊢ ⋃ p ∈ primes, {x | x ≤ p} = univ",False,60,MIL.C04_Sets_and_Functions.solutions.Solutions_S01_Sets,Qwen-7B-short,LENGTH,best_of_n,False,0,-1.0,CH04.t12,False
-1,False,5,"theorem t12 : (⋃ p ∈ primes, { x | x ≤ p }) = univ := by
  apply eq_univ_of_forall
  intro x
  simp
  rcases Nat.exists_infinite_primes x with ⟨p, pge, primep⟩
  use p, primep

",,True,5,"theorem t12 : (⋃ p ∈ primes, { x | x ≤ p }) = univ := by
  apply eq_univ_of_forall
  intro x
  simp
  rcases Nat.exists_infinite_primes x with ⟨p, pge, primep⟩
  use p, primep
",,True,60,MIL.C04_Sets_and_Functions.solutions.Solutions_S01_Sets,Qwen-7B-short,LENGTH,best_of_n,False,0,0.0,CH04.t12,False
-1,False,5,"theorem t12 : (⋃ p ∈ primes, { x | x ≤ p }) = univ := by
  apply eq_univ_of_forall
  intro x
  simp
  rcases Nat.exists_infinite_primes x with ⟨p, pge, primep⟩
  use p, primep

",,True,5,"theorem t12 : (⋃ p ∈ primes, { x | x ≤ p }) = univ := by
  apply eq_univ_of_forall
  intro x
  simp
  obtain ⟨p, pge, primep⟩ := Nat.exists_infinite_primes x
  use p, primep
",,True,60,MIL.C04_Sets_and_Functions.solutions.Solutions_S01_Sets,Qwen-7B-short,LENGTH,best_of_n,False,0,0.0,CH04.t12,False
-1,False,5,"theorem t12 : (⋃ p ∈ primes, { x | x ≤ p }) = univ := by
  apply eq_univ_of_forall
  intro x
  simp
  rcases Nat.exists_infinite_primes x with ⟨p, pge, primep⟩
  use p, primep

",,True,-1,"theorem t12 : (⋃ p ∈ primes, { x | x ≤ p }) = univ := by
  rw [eq_univ_iff_forall, forall_forall_iff_left, primes_subset_iff]
  simp
","💥️unknown identifier 'forall_forall_iff_left'

💥️tactic 'rewrite' failed, equality or iff proof expected
  ?m.7335
⊢ ∀ (x : ℕ), x ∈ ⋃ p ∈ primes, {x | x ≤ p}",False,60,MIL.C04_Sets_and_Functions.solutions.Solutions_S01_Sets,Qwen-7B-short,LENGTH,best_of_n,False,0,-1.0,CH04.t12,False
-1,False,5,"theorem t12 : (⋃ p ∈ primes, { x | x ≤ p }) = univ := by
  apply eq_univ_of_forall
  intro x
  simp
  rcases Nat.exists_infinite_primes x with ⟨p, pge, primep⟩
  use p, primep

",,True,-1,"theorem t12 : (⋃ p ∈ primes, { x | x ≤ p }) = univ := by
  rw [← sUnion_range, (faUnion _).mul_left _]
  apply le_antisymm <;> intro
  simp
","💥️tactic 'rewrite' failed, equality or iff proof expected
  ?m.7347
⊢ (⋃₀ range fun p => ⋃ (_ : p ∈ primes), {x | x ≤ p}) = univ",False,60,MIL.C04_Sets_and_Functions.solutions.Solutions_S01_Sets,Qwen-7B-short,LENGTH,best_of_n,False,0,-1.0,CH04.t12,False
-1,False,5,"theorem t12 : (⋃ p ∈ primes, { x | x ≤ p }) = univ := by
  apply eq_univ_of_forall
  intro x
  simp
  rcases Nat.exists_infinite_primes x with ⟨p, pge, primep⟩
  use p, primep

",,True,5,"theorem t12 : (⋃ p ∈ primes, { x | x ≤ p }) = univ := by
  apply eq_univ_of_forall
  intro x
  simp
  rcases Nat.exists_infinite_primes x with ⟨p, pge, primep⟩
  use p, primep
",,True,60,MIL.C04_Sets_and_Functions.solutions.Solutions_S01_Sets,Qwen-7B-short,LENGTH,best_of_n,False,0,0.0,CH04.t12,False
-1,False,5,"theorem t12 : (⋃ p ∈ primes, { x | x ≤ p }) = univ := by
  apply eq_univ_of_forall
  intro x
  simp
  rcases Nat.exists_infinite_primes x with ⟨p, pge, primep⟩
  use p, primep

",,True,-1,"theorem t12 : (⋃ p ∈ primes, { x | x ≤ p }) = univ := by
  simpa only [and_univ, or_univ, false_and, and_true] using t12cover.even    · t12odd

","💥️unknown identifier 'and_univ'

💥️unknown identifier 'or_univ'

💥️unknown identifier 't12cover.even'",False,60,MIL.C04_Sets_and_Functions.solutions.Solutions_S01_Sets,Qwen-7B-short,LENGTH,best_of_n,False,0,-1.0,CH04.t12,False
-1,False,5,"theorem t12 : (⋃ p ∈ primes, { x | x ≤ p }) = univ := by
  apply eq_univ_of_forall
  intro x
  simp
  rcases Nat.exists_infinite_primes x with ⟨p, pge, primep⟩
  use p, primep

",,True,-1,"theorem t12 : (⋃ p ∈ primes, { x | x ≤ p }) = univ := by
  apply eq_univ_of_forall
  intro x
  simp
  rcases Nat.exists_infinite_primes x with ⟨p, pge, primep⟩
  exact ⟨p, primep⟩
","💥️application type mismatch
  Exists.intro p primep
argument
  primep
has type
  Nat.Prime p : Prop
but is expected to have type
  p ∈ primes ∧ x ≤ p : Prop",False,60,MIL.C04_Sets_and_Functions.solutions.Solutions_S01_Sets,Qwen-7B-short,LENGTH,best_of_n,False,0,-1.0,CH04.t12,False
-1,False,5,"theorem t12 : (⋃ p ∈ primes, { x | x ≤ p }) = univ := by
  apply eq_univ_of_forall
  intro x
  simp
  rcases Nat.exists_infinite_primes x with ⟨p, pge, primep⟩
  use p, primep

",,True,-1,"theorem t12 : (⋃ p ∈ primes, { x | x ≤ p }) = univ := by
  apply eq_univ_of_forall
  intro x
  simp only [mem_univ, primes_false]
  rcases Nat.exists_infinite_primes x with ⟨p, pge, primep⟩
  use p, primep
","💥️unknown identifier 'primes_false'

💥️simp made no progress",False,60,MIL.C04_Sets_and_Functions.solutions.Solutions_S01_Sets,Qwen-7B-short,LENGTH,best_of_n,False,0,-1.0,CH04.t12,False
-1,False,5,"theorem t12 : (⋃ p ∈ primes, { x | x ≤ p }) = univ := by
  apply eq_univ_of_forall
  intro x
  simp
  rcases Nat.exists_infinite_primes x with ⟨p, pge, primep⟩
  use p, primep

",,True,5,"theorem t12 : (⋃ p ∈ primes, { x | x ≤ p }) = univ := by
  apply eq_univ_of_forall
  intro x
  simp
  rcases Nat.exists_infinite_primes x with ⟨p, pge, primep⟩
  use p, primep
",,True,60,MIL.C04_Sets_and_Functions.solutions.Solutions_S01_Sets,Qwen-7B-short,LENGTH,best_of_n,False,0,0.0,CH04.t12,False
-1,False,5,"theorem t12 : (⋃ p ∈ primes, { x | x ≤ p }) = univ := by
  apply eq_univ_of_forall
  intro x
  simp
  rcases Nat.exists_infinite_primes x with ⟨p, pge, primep⟩
  use p, primep

",,True,-1,"theorem t12 : (⋃ p ∈ primes, { x | x ≤ p }) = univ := by
  apply eq_univ_of_forall
  intro x
  rcases Nat.exists_infinite_primes x with ⟨p, pge, primep⟩
  exact ⟨p, primep⟩
","💥️application type mismatch
  Exists.intro p
argument
  p
has type
  ℕ : Type
but is expected to have type
  Set ℕ : Type",False,60,MIL.C04_Sets_and_Functions.solutions.Solutions_S01_Sets,Qwen-7B-short,LENGTH,best_of_n,False,0,-1.0,CH04.t12,False
-1,False,5,"theorem t12 : (⋃ p ∈ primes, { x | x ≤ p }) = univ := by
  apply eq_univ_of_forall
  intro x
  simp
  rcases Nat.exists_infinite_primes x with ⟨p, pge, primep⟩
  use p, primep

",,True,-1,"theorem t12 : (⋃ p ∈ primes, { x | x ≤ p }) = univ := by
  apply eq_univ_of_forall
  intro x
  simp
  rcases Nat.exists_infinite_primes x with ⟨p, pge, primep⟩
  exact ⟨p, primep⟩
","💥️application type mismatch
  Exists.intro p primep
argument
  primep
has type
  Nat.Prime p : Prop
but is expected to have type
  p ∈ primes ∧ x ≤ p : Prop",False,60,MIL.C04_Sets_and_Functions.solutions.Solutions_S01_Sets,Qwen-7B-short,LENGTH,best_of_n,False,0,-1.0,CH04.t12,False
-1,False,5,"theorem t12 : (⋃ p ∈ primes, { x | x ≤ p }) = univ := by
  apply eq_univ_of_forall
  intro x
  simp
  rcases Nat.exists_infinite_primes x with ⟨p, pge, primep⟩
  use p, primep

",,True,-1,"theorem t12 : (⋃ p ∈ primes, { x | x ≤ p }) = univ := by
  simp only [subset_univ, primes_iff]
","💥️unknown identifier 'primes_iff'

💥️simp made no progress",False,60,MIL.C04_Sets_and_Functions.solutions.Solutions_S01_Sets,Qwen-7B-short,LENGTH,best_of_n,False,0,-1.0,CH04.t12,False
-1,False,5,"theorem t12 : (⋃ p ∈ primes, { x | x ≤ p }) = univ := by
  apply eq_univ_of_forall
  intro x
  simp
  rcases Nat.exists_infinite_primes x with ⟨p, pge, primep⟩
  use p, primep

",,True,-1,"theorem t12 : (⋃ p ∈ primes, { x | x ≤ p }) = univ := by
  apply eq_univ_of_forall
  simp
  rcases Nat.exists_infinite_primes x with ⟨p, pge, primep⟩
  use p, primep


","💥️unknown identifier 'x'

💥️type mismatch
  p
has type
  ℕ : Type
but is expected to have type
  ∀ (x : ℕ), ∃ i ∈ primes, x ≤ i : Prop

💥️too many arguments supplied to `use`",False,60,MIL.C04_Sets_and_Functions.solutions.Solutions_S01_Sets,Qwen-7B-short,LENGTH,best_of_n,False,0,-1.0,CH04.t12,False
-1,False,5,"theorem t12 : (⋃ p ∈ primes, { x | x ≤ p }) = univ := by
  apply eq_univ_of_forall
  intro x
  simp
  rcases Nat.exists_infinite_primes x with ⟨p, pge, primep⟩
  use p, primep

",,True,-1,"theorem t12 : (⋃ p ∈ primes, { x | x ≤ p }) = univ := by
  rw [← sUnion_range, (finite_range f).compl_mem_range]
  exact .finite_toSet_range
","💥️unknown identifier 'f'

💥️tactic 'rewrite' failed, equality or iff proof expected
  ?m.7468
⊢ (⋃₀ range fun p => ⋃ (_ : p ∈ primes), {x | x ≤ p}) = univ",False,60,MIL.C04_Sets_and_Functions.solutions.Solutions_S01_Sets,Qwen-7B-short,LENGTH,best_of_n,False,0,-1.0,CH04.t12,False
-1,False,5,"theorem t12 : (⋃ p ∈ primes, { x | x ≤ p }) = univ := by
  apply eq_univ_of_forall
  intro x
  simp
  rcases Nat.exists_infinite_primes x with ⟨p, pge, primep⟩
  use p, primep

",,True,5,"theorem t12 : (⋃ p ∈ primes, { x | x ≤ p }) = univ := by
  apply eq_univ_of_forall
  intro x
  simp
  rcases Nat.exists_infinite_primes x with ⟨p, pge, primep⟩
  use p, primep
",,True,60,MIL.C04_Sets_and_Functions.solutions.Solutions_S01_Sets,Qwen-7B-short,LENGTH,best_of_n,False,0,0.0,CH04.t12,False
-1,False,5,"theorem t12 : (⋃ p ∈ primes, { x | x ≤ p }) = univ := by
  apply eq_univ_of_forall
  intro x
  simp
  rcases Nat.exists_infinite_primes x with ⟨p, pge, primep⟩
  use p, primep

",,True,-1,"theorem t12 : (⋃ p ∈ primes, { x | x ≤ p }) = univ := by
  simpa [and_assoc] using t12'.symm
",💥️unknown identifier 't12'.symm',False,60,MIL.C04_Sets_and_Functions.solutions.Solutions_S01_Sets,Qwen-7B-short,LENGTH,best_of_n,False,0,-1.0,CH04.t12,False
-1,False,5,"theorem t12 : (⋃ p ∈ primes, { x | x ≤ p }) = univ := by
  apply eq_univ_of_forall
  intro x
  simp
  rcases Nat.exists_infinite_primes x with ⟨p, pge, primep⟩
  use p, primep

",,True,-1,"theorem t12 : (⋃ p ∈ primes, { x | x ≤ p }) = univ := by
  rw [← sUnion_eq_univ, sUnion_eq_union]
  apply union_eq_top_of_subset_univ
  apply top_in_union
","💥️unknown identifier 'sUnion_eq_univ'

💥️tactic 'rewrite' failed, equality or iff proof expected
  ?m.7323
⊢ ⋃ p ∈ primes, {x | x ≤ p} = univ",False,60,MIL.C04_Sets_and_Functions.solutions.Solutions_S01_Sets,Qwen-7B-short,LENGTH,best_of_n,False,0,-1.0,CH04.t12,False
-1,False,5,"theorem t12 : (⋃ p ∈ primes, { x | x ≤ p }) = univ := by
  apply eq_univ_of_forall
  intro x
  simp
  rcases Nat.exists_infinite_primes x with ⟨p, pge, primep⟩
  use p, primep

",,True,-1,"theorem t12 : (⋃ p ∈ primes, { x | x ≤ p }) = univ := by
  apply eq_univ_of_forall
  intro x
  simp only [mem_univ, compl_apply]
  rcases Nat.exists_infinite_primes x with ⟨p, pge, primep⟩
  use p, primep
","💥️unknown identifier 'compl_apply'

💥️simp made no progress",False,60,MIL.C04_Sets_and_Functions.solutions.Solutions_S01_Sets,Qwen-7B-short,LENGTH,best_of_n,False,0,-1.0,CH04.t12,False
-1,False,5,"theorem t12 : (⋃ p ∈ primes, { x | x ≤ p }) = univ := by
  apply eq_univ_of_forall
  intro x
  simp
  rcases Nat.exists_infinite_primes x with ⟨p, pge, primep⟩
  use p, primep

",,True,-1,"theorem t12 : (⋃ p ∈ primes, { x | x ≤ p }) = univ := by
  apply eq_univ_of_forall
  intro x
  simp only [← range_le, primes_range, forall_exists_index, Finset.mem_univ,
    forall_true_left, (range_le le)]
  rcases Nat.exists_infinite_primes x with ⟨p, pge, primep⟩
  use p, primep
","💥️unknown identifier 'range_le'

💥️unknown identifier 'primes_range'

💥️unknown identifier 'range_le'

💥️simp made no progress",False,60,MIL.C04_Sets_and_Functions.solutions.Solutions_S01_Sets,Qwen-7B-short,LENGTH,best_of_n,False,0,-1.0,CH04.t12,False
-1,False,5,"theorem t12 : (⋃ p ∈ primes, { x | x ≤ p }) = univ := by
  apply eq_univ_of_forall
  intro x
  simp
  rcases Nat.exists_infinite_primes x with ⟨p, pge, primep⟩
  use p, primep

",,True,-1,"theorem t12 : (⋃ p ∈ primes, { x | x ≤ p }) = univ := by
  apply eq_univ_of_forall
  intro x
  simp only [subset_univ, true_and, or_assoc, exists_prop, id.def]
  rcases Nat.exists_infinite_primes x with ⟨p, pge, primep⟩
  use p, primep

","💥️invalid field notation, type is not of the form (C ...) where C is a constant
  id
has type
  ?m.7403 → ?m.7403

💥️simp made no progress",False,60,MIL.C04_Sets_and_Functions.solutions.Solutions_S01_Sets,Qwen-7B-short,LENGTH,best_of_n,False,0,-1.0,CH04.t12,False
-1,False,5,"theorem t12 : (⋃ p ∈ primes, { x | x ≤ p }) = univ := by
  apply eq_univ_of_forall
  intro x
  simp
  rcases Nat.exists_infinite_primes x with ⟨p, pge, primep⟩
  use p, primep

",,True,-1,"theorem t12 : (⋃ p ∈ primes, { x | x ≤ p }) = univ :=
  eq_univ_of_forall fun x ↦ by simpa using Nat.exists_infinite_primes x
","💥️type mismatch, term
  Nat.exists_infinite_primes x
after simplification has type
  ∃ p, x ≤ p ∧ Nat.Prime p : Prop
but is expected to have type
  ∃ i ∈ primes, x ≤ i : Prop",False,60,MIL.C04_Sets_and_Functions.solutions.Solutions_S01_Sets,Qwen-7B-short,LENGTH,best_of_n,False,0,-1.0,CH04.t12,False
-1,False,5,"theorem t12 : (⋃ p ∈ primes, { x | x ≤ p }) = univ := by
  apply eq_univ_of_forall
  intro x
  simp
  rcases Nat.exists_infinite_primes x with ⟨p, pge, primep⟩
  use p, primep

",,True,-1,"theorem t12 : (⋃ p ∈ primes, { x | x ≤ p }) = univ := by
  apply eq_univ_of_forall
  intro x
  simp
  rcases Nat.exists_infinite_primes x with ⟨p, pge, primep⟩
  exact ⟨p, primep⟩
","💥️application type mismatch
  Exists.intro p primep
argument
  primep
has type
  Nat.Prime p : Prop
but is expected to have type
  p ∈ primes ∧ x ≤ p : Prop",False,60,MIL.C04_Sets_and_Functions.solutions.Solutions_S01_Sets,Qwen-7B-short,LENGTH,best_of_n,False,0,-1.0,CH04.t12,False
-1,False,5,"theorem t12 : (⋃ p ∈ primes, { x | x ≤ p }) = univ := by
  apply eq_univ_of_forall
  intro x
  simp
  rcases Nat.exists_infinite_primes x with ⟨p, pge, primep⟩
  use p, primep

",,True,-1,"theorem t12 : (⋃ p ∈ primes, { x | x ≤ p }) = univ := by
  rw [← primes_univ, tsub_eq_zero]
","💥️unknown identifier 'primes_univ'

💥️tactic 'rewrite' failed, equality or iff proof expected
  ?m.7323
⊢ ⋃ p ∈ primes, {x | x ≤ p} = univ",False,60,MIL.C04_Sets_and_Functions.solutions.Solutions_S01_Sets,Qwen-7B-short,LENGTH,best_of_n,False,0,-1.0,CH04.t12,False
-1,False,5,"theorem t12 : (⋃ p ∈ primes, { x | x ≤ p }) = univ := by
  apply eq_univ_of_forall
  intro x
  simp
  rcases Nat.exists_infinite_primes x with ⟨p, pge, primep⟩
  use p, primep

",,True,-1,"theorem t12 : (⋃ p ∈ primes, { x | x ≤ p }) = univ := by
  rw [com炊 t1]
  apply eq_univ_of_forall
  intro x
  simp
  rcases Nat.exists_infinite_primes x with ⟨p, pge, primep⟩
  use p, primep
","💥️expected token

💥️unknown identifier 'com'",False,60,MIL.C04_Sets_and_Functions.solutions.Solutions_S01_Sets,Qwen-7B-short,LENGTH,best_of_n,False,0,-1.0,CH04.t12,False
-1,False,5,"theorem t12 : (⋃ p ∈ primes, { x | x ≤ p }) = univ := by
  apply eq_univ_of_forall
  intro x
  simp
  rcases Nat.exists_infinite_primes x with ⟨p, pge, primep⟩
  use p, primep

",,True,-1,"theorem t12 : (⋃ p ∈ primes, { x | x ≤ p }) = univ := by
  apply eq_univ_of_forall
  simp
  rcases Nat.exists_infinite_primes x with ⟨p, pge, primep⟩
  exact ⟨p, primep⟩
","💥️unknown identifier 'x'

💥️invalid constructor ⟨...⟩, expected type must be an inductive type 
  ∀ (x : ℕ), ∃ i ∈ primes, x ≤ i",False,60,MIL.C04_Sets_and_Functions.solutions.Solutions_S01_Sets,Qwen-7B-short,LENGTH,best_of_n,False,0,-1.0,CH04.t12,False
-1,False,5,"theorem t12 : (⋃ p ∈ primes, { x | x ≤ p }) = univ := by
  apply eq_univ_of_forall
  intro x
  simp
  rcases Nat.exists_infinite_primes x with ⟨p, pge, primep⟩
  use p, primep

",,True,5,"theorem t12 : (⋃ p ∈ primes, { x | x ≤ p }) = univ := by
  apply eq_univ_of_forall
  intro x
  simp
  rcases Nat.exists_infinite_primes x with ⟨p, pge, primep⟩
  use p, primep
",,True,60,MIL.C04_Sets_and_Functions.solutions.Solutions_S01_Sets,Qwen-7B-short,LENGTH,best_of_n,False,0,0.0,CH04.t12,False
-1,False,5,"theorem t12 : (⋃ p ∈ primes, { x | x ≤ p }) = univ := by
  apply eq_univ_of_forall
  intro x
  simp
  rcases Nat.exists_infinite_primes x with ⟨p, pge, primep⟩
  use p, primep

",,True,-1,"theorem t12 : (⋃ p ∈ primes, { x | x ≤ p }) = univ := by
  apply eq_univ_of_forall
  intro x
  simp
  rcases Nat.exists_infinite_primes x with ⟨p, pge, primep⟩
  exact ⟨p, primep⟩
","💥️application type mismatch
  Exists.intro p primep
argument
  primep
has type
  Nat.Prime p : Prop
but is expected to have type
  p ∈ primes ∧ x ≤ p : Prop",False,60,MIL.C04_Sets_and_Functions.solutions.Solutions_S01_Sets,Qwen-7B-short,LENGTH,best_of_n,False,0,-1.0,CH04.t12,False
-1,False,5,"theorem t12 : (⋃ p ∈ primes, { x | x ≤ p }) = univ := by
  apply eq_univ_of_forall
  intro x
  simp
  rcases Nat.exists_infinite_primes x with ⟨p, pge, primep⟩
  use p, primep

",,True,-1,"theorem t12 : (⋃ p ∈ primes, { x | x ≤ p }) = univ := by
  rw [← sUnion_range, primes_eq_sUnion] at t12 ⊢
  exact eq_sUnion_range _ fun _ ↦ sUnion_sets _ _


","💥️unknown identifier 'primes_eq_sUnion'

💥️tactic 'rewrite' failed, equality or iff proof expected
  ?m.7367
t12 : (⋃₀ range fun p => ⋃ (_ : p ∈ primes), {x | x ≤ p}) = univ
⊢ (⋃₀ range fun p => ⋃ (_ : p ∈ primes), {x | x ≤ p}) = univ

💥️fail to show termination for
  CH04.t12
with errors
failed to infer structural recursion:
no parameters suitable for structural recursion

well-founded recursion cannot be used, 'CH04.t12' does not take any (non-fixed) arguments",False,60,MIL.C04_Sets_and_Functions.solutions.Solutions_S01_Sets,Qwen-7B-short,LENGTH,best_of_n,False,0,-1.0,CH04.t12,False
-1,False,5,"theorem t12 : (⋃ p ∈ primes, { x | x ≤ p }) = univ := by
  apply eq_univ_of_forall
  intro x
  simp
  rcases Nat.exists_infinite_primes x with ⟨p, pge, primep⟩
  use p, primep

",,True,-1,"theorem t12 : (⋃ p ∈ primes, { x | x ≤ p }) = univ := by
  apply eq_univ_of_forall
  intro x
  simp only [mem_setOf_eq, exists_prop, id.def]
  rcases Nat.exists_infinite_primes x with ⟨p, pge, primep⟩
  use p, primep
","💥️invalid field notation, type is not of the form (C ...) where C is a constant
  id
has type
  ?m.7382 → ?m.7382

💥️simp made no progress",False,60,MIL.C04_Sets_and_Functions.solutions.Solutions_S01_Sets,Qwen-7B-short,LENGTH,best_of_n,False,0,-1.0,CH04.t12,False
-1,False,5,"theorem t12 : (⋃ p ∈ primes, { x | x ≤ p }) = univ := by
  apply eq_univ_of_forall
  intro x
  simp
  rcases Nat.exists_infinite_primes x with ⟨p, pge, primep⟩
  use p, primep

",,True,-1,"theorem t12 : (⋃ p ∈ primes, { x | x ≤ p }) = univ := by
  apply eq_univ_of_forall
  intro x
  simp only [mem_univ, and_assoc, or_assoc, Set.forall_subset_iff, univ_subset]
  rcases Nat.exists_infinite_primes x with ⟨p, pge, primep⟩
  exact ⟨p, primep⟩
","💥️unknown constant 'Set.forall_subset_iff'

💥️unknown identifier 'univ_subset'

💥️simp made no progress",False,60,MIL.C04_Sets_and_Functions.solutions.Solutions_S01_Sets,Qwen-7B-short,LENGTH,best_of_n,False,0,-1.0,CH04.t12,False
-1,False,5,"theorem t12 : (⋃ p ∈ primes, { x | x ≤ p }) = univ := by
  apply eq_univ_of_forall
  intro x
  simp
  rcases Nat.exists_infinite_primes x with ⟨p, pge, primep⟩
  use p, primep

",,True,-1,"theorem t12 : (⋃ p ∈ primes, { x | x ≤ p }) = univ := by
  apply eq_univ_of_forall
  intro x
  simp
  rcases Nat.exists_infinite_primes x with ⟨p, pge, primep⟩
  exact ⟨p, primep⟩
","💥️application type mismatch
  Exists.intro p primep
argument
  primep
has type
  Nat.Prime p : Prop
but is expected to have type
  p ∈ primes ∧ x ≤ p : Prop",False,60,MIL.C04_Sets_and_Functions.solutions.Solutions_S01_Sets,Qwen-7B-short,LENGTH,best_of_n,False,0,-1.0,CH04.t12,False
-1,False,5,"theorem t12 : (⋃ p ∈ primes, { x | x ≤ p }) = univ := by
  apply eq_univ_of_forall
  intro x
  simp
  rcases Nat.exists_infinite_primes x with ⟨p, pge, primep⟩
  use p, primep

",,True,-1,"theorem t12 : (⋃ p ∈ primes, { x | x ≤ p }) = univ :=
  eq_univ_of_forall fun x ↦ by
    simp
    rcases Nat.exists_infinite_primes x with ⟨p, pge, primep⟩
    exact ⟨p, primep⟩
","💥️application type mismatch
  Exists.intro p primep
argument
  primep
has type
  Nat.Prime p : Prop
but is expected to have type
  p ∈ primes ∧ x ≤ p : Prop",False,60,MIL.C04_Sets_and_Functions.solutions.Solutions_S01_Sets,Qwen-7B-short,LENGTH,best_of_n,False,0,-1.0,CH04.t12,False
-1,False,5,"theorem t12 : (⋃ p ∈ primes, { x | x ≤ p }) = univ := by
  apply eq_univ_of_forall
  intro x
  simp
  rcases Nat.exists_infinite_primes x with ⟨p, pge, primep⟩
  use p, primep

",,True,-1,"theorem t12 : (⋃ p ∈ primes, { x | x ≤ p }) = univ := by
  apply eq_univ_of_forall
  intro x
  simp
  rcases Nat.exists_infinite_primes x with ⟨p, pge, primep⟩
  exact ⟨p, primep⟩
","💥️application type mismatch
  Exists.intro p primep
argument
  primep
has type
  Nat.Prime p : Prop
but is expected to have type
  p ∈ primes ∧ x ≤ p : Prop",False,60,MIL.C04_Sets_and_Functions.solutions.Solutions_S01_Sets,Qwen-7B-short,LENGTH,best_of_n,False,0,-1.0,CH04.t12,False
-1,False,5,"theorem t12 : (⋃ p ∈ primes, { x | x ≤ p }) = univ := by
  apply eq_univ_of_forall
  intro x
  simp
  rcases Nat.exists_infinite_primes x with ⟨p, pge, primep⟩
  use p, primep

",,True,-1,"theorem t12 : (⋃ p ∈ primes, { x | x ≤ p }) = univ := by
  apply eq_univ_of_forall
  intro x
  simp only [or_assoc, or_comm, or_congr_right_iff, or_congr_iff_not]
  rcases Nat.exists_infinite_primes x with ⟨p, pge, primep⟩
  exact ⟨p, primep⟩
","💥️unknown identifier 'or_congr_right_iff'

💥️unknown identifier 'or_congr_iff_not'

💥️simp made no progress",False,60,MIL.C04_Sets_and_Functions.solutions.Solutions_S01_Sets,Qwen-7B-short,LENGTH,best_of_n,False,0,-1.0,CH04.t12,False
-1,False,5,"theorem t12 : (⋃ p ∈ primes, { x | x ≤ p }) = univ := by
  apply eq_univ_of_forall
  intro x
  simp
  rcases Nat.exists_infinite_primes x with ⟨p, pge, primep⟩
  use p, primep

",,True,5,"theorem t12 : (⋃ p ∈ primes, { x | x ≤ p }) = univ := by
  apply eq_univ_of_forall
  intro x
  simp
  rcases Nat.exists_infinite_primes x with ⟨p, pge, primep⟩
  use p, primep
",,True,60,MIL.C04_Sets_and_Functions.solutions.Solutions_S01_Sets,Qwen-7B-short,LENGTH,best_of_n,False,0,0.0,CH04.t12,False
-1,False,5,"theorem t12 : (⋃ p ∈ primes, { x | x ≤ p }) = univ := by
  apply eq_univ_of_forall
  intro x
  simp
  rcases Nat.exists_infinite_primes x with ⟨p, pge, primep⟩
  use p, primep

",,True,-1,"theorem t12 : (⋃ p ∈ primes, { x | x ≤ p }) = univ := by
  apply eq_univ_of_forall
  intro x
  simp only [Finset.mem_range, Set.forall_range_iff, Finset.mem_univ, true_and]
  rcases Nat.exists_infinite_primes x with ⟨p, pge, primep⟩
  use p, primep
",💥️simp made no progress,False,60,MIL.C04_Sets_and_Functions.solutions.Solutions_S01_Sets,Qwen-7B-short,LENGTH,best_of_n,False,0,-1.0,CH04.t12,False
-1,False,5,"theorem t12 : (⋃ p ∈ primes, { x | x ≤ p }) = univ := by
  apply eq_univ_of_forall
  intro x
  simp
  rcases Nat.exists_infinite_primes x with ⟨p, pge, primep⟩
  use p, primep

",,True,-1,"theorem t12 : (⋃ p ∈ primes, { x | x ≤ p }) = univ := by
  apply eq_univ_of_forall
  intro x
  simp
  rcases Nat.exists_infinite_primes x with ⟨p, pge, primep⟩
  exact ⟨p, primep⟩
","💥️application type mismatch
  Exists.intro p primep
argument
  primep
has type
  Nat.Prime p : Prop
but is expected to have type
  p ∈ primes ∧ x ≤ p : Prop",False,60,MIL.C04_Sets_and_Functions.solutions.Solutions_S01_Sets,Qwen-7B-short,LENGTH,best_of_n,False,0,-1.0,CH04.t12,False
-1,False,4,"theorem even_of_even_sqr {m : ℕ} (h : 2 ∣ m ^ 2) : 2 ∣ m := by
  rw [pow_two, Nat.prime_two.dvd_mul] at h
  cases h <;> assumption

",,True,-1,"theorem even_of_even_sqr {m : ℕ} (h : 2 ∣ m ^ 2) : 2 ∣ m :=
  (Int.ofNat_dvd.mpr h).imp fun _ ↦ mul_even_of_first_factor_even.mpr m _
",💥️unknown identifier 'mul_even_of_first_factor_even.mpr',False,60,MIL.C05_Elementary_Number_Theory.solutions.Solutions_S01_Irrational_Roots,Qwen-7B-short,LENGTH,best_of_n,False,0,-1.0,even_of_even_sqr,False
-1,False,4,"theorem even_of_even_sqr {m : ℕ} (h : 2 ∣ m ^ 2) : 2 ∣ m := by
  rw [pow_two, Nat.prime_two.dvd_mul] at h
  cases h <;> assumption

",,True,-1,"theorem even_of_even_sqr {m : ℕ} (h : 2 ∣ m ^ 2) : 2 ∣ m := by
  rw [pow_two, Nat.prime_two.dvd_mul] at h
  cases h
  · assumption
  · not (2 · (m : ℕ)]
    · assumption
","💥️unknown tactic

💥️unsolved goals
case inr
m : ℕ
h✝ : 2 ∣ m
⊢ 2 ∣ m",False,60,MIL.C05_Elementary_Number_Theory.solutions.Solutions_S01_Irrational_Roots,Qwen-7B-short,LENGTH,best_of_n,False,0,-1.0,even_of_even_sqr,False
-1,False,4,"theorem even_of_even_sqr {m : ℕ} (h : 2 ∣ m ^ 2) : 2 ∣ m := by
  rw [pow_two, Nat.prime_two.dvd_mul] at h
  cases h <;> assumption

",,True,-1,"theorem even_of_even_sqr {m : ℕ} (h : 2 ∣ m ^ 2) : 2 ∣ m := by
  simp only [Even, IntSoprime, Main, Even_sqr] at h
  linear_combination (IntS coprime_iff : ¬(Int.restrictElse _) is_tendsto_int s _ h).mono h


","💥️unknown identifier 'IntSoprime'

💥️unknown identifier 'Main'

💥️unknown identifier 'Even_sqr'

💥️simp made no progress",False,60,MIL.C05_Elementary_Number_Theory.solutions.Solutions_S01_Irrational_Roots,Qwen-7B-short,LENGTH,best_of_n,False,0,-1.0,even_of_even_sqr,False
-1,False,4,"theorem even_of_even_sqr {m : ℕ} (h : 2 ∣ m ^ 2) : 2 ∣ m := by
  rw [pow_two, Nat.prime_two.dvd_mul] at h
  cases h <;> assumption

",,True,-1,"theorem even_of_even_sqr {m : ℕ} (h : 2 ∣ m ^ 2) : 2 ∣ m := by
  cases h
  | h2 => assumption
","💥️unsolved goals
case intro
m w✝ : ℕ
h✝ : m ^ 2 = 2 * w✝
⊢ 2 ∣ m",False,60,MIL.C05_Elementary_Number_Theory.solutions.Solutions_S01_Irrational_Roots,Qwen-7B-short,LENGTH,best_of_n,False,0,-1.0,even_of_even_sqr,False
-1,False,4,"theorem even_of_even_sqr {m : ℕ} (h : 2 ∣ m ^ 2) : 2 ∣ m := by
  rw [pow_two, Nat.prime_two.dvd_mul] at h
  cases h <;> assumption

",,True,-1,"theorem even_of_even_sqr {m : ℕ} (h : 2 ∣ m ^ 2) : 2 ∣ m := by
  rw [pow_two] at h
  exact.fst (Nat.prime_two.dvd_mul _ _ _) h
","💥️unknown tactic

💥️unsolved goals
m : ℕ
h : 2 ∣ m * m
⊢ 2 ∣ m",False,60,MIL.C05_Elementary_Number_Theory.solutions.Solutions_S01_Irrational_Roots,Qwen-7B-short,LENGTH,best_of_n,False,0,-1.0,even_of_even_sqr,False
-1,False,4,"theorem even_of_even_sqr {m : ℕ} (h : 2 ∣ m ^ 2) : 2 ∣ m := by
  rw [pow_two, Nat.prime_two.dvd_mul] at h
  cases h <;> assumption

",,True,-1,"lemma even_of_even_sqr (m : ℕ) (h : 2 ∣ m ^ 2) : 2 ∣ m := by
  cases h using bitCasesOn with
  | h => assumption
",💥️unknown identifier 'bitCasesOn',False,60,MIL.C05_Elementary_Number_Theory.solutions.Solutions_S01_Irrational_Roots,Qwen-7B-short,LENGTH,best_of_n,False,0,-1.0,even_of_even_sqr,False
-1,False,4,"theorem even_of_even_sqr {m : ℕ} (h : 2 ∣ m ^ 2) : 2 ∣ m := by
  rw [pow_two, Nat.prime_two.dvd_mul] at h
  cases h <;> assumption

",,True,-1,"theorem even_of_even_sqr {m : ℕ} (h : 2 ∣ m ^ 2) : 2 ∣ m := by
  rw [pow_two, Nat.prime_two.dvd_mul, h]
  assumption


","💥️tactic 'rewrite' failed, did not find instance of the pattern in the target expression
  ?a ^ 2
m : ℕ
h : 2 ∣ m ^ 2
⊢ 2 ∣ m",False,60,MIL.C05_Elementary_Number_Theory.solutions.Solutions_S01_Irrational_Roots,Qwen-7B-short,LENGTH,best_of_n,False,0,-1.0,even_of_even_sqr,False
-1,False,4,"theorem even_of_even_sqr {m : ℕ} (h : 2 ∣ m ^ 2) : 2 ∣ m := by
  rw [pow_two, Nat.prime_two.dvd_mul] at h
  cases h <;> assumption

",,True,-1,"theorem even_of_even_sqr {m : ℕ} (h : 2 ∣ m ^ 2) : 2 ∣ m := by
  contrapose h
  rwa [Nat.ne_zero, even_div_two]
","💥️unknown constant 'Nat.ne_zero'

💥️tactic 'rewrite' failed, equality or iff proof expected
  ?m.231
m : ℕ
h : ¬2 ∣ m
⊢ ¬2 ∣ m ^ 2",False,60,MIL.C05_Elementary_Number_Theory.solutions.Solutions_S01_Irrational_Roots,Qwen-7B-short,LENGTH,best_of_n,False,0,-1.0,even_of_even_sqr,False
-1,False,4,"theorem even_of_even_sqr {m : ℕ} (h : 2 ∣ m ^ 2) : 2 ∣ m := by
  rw [pow_two, Nat.prime_two.dvd_mul] at h
  cases h <;> assumption

",,True,-1,"theorem even_of_even_sqr {m : ℕ} (h : 2 ∣ m ^ 2) : 2 ∣ m := by
  rw [pow_two, Nat.prime_two.dvd_mul] at h
  cases h
  · assumption
  · have := Int.ofNat_dvdIntNat_mul_left_factors_of_is_prime_dvd_mul <| by
    rwa [Int.dvd_mul_left_iff_int_mul_dvd, Int.mul_dvd_mul_left_iff] at h
","💥️expected '{' or indented tactic sequence

💥️unknown constant 'Int.ofNat_dvdIntNat_mul_left_factors_of_is_prime_dvd_mul'",False,60,MIL.C05_Elementary_Number_Theory.solutions.Solutions_S01_Irrational_Roots,Qwen-7B-short,LENGTH,best_of_n,False,0,-1.0,even_of_even_sqr,False
-1,False,4,"theorem even_of_even_sqr {m : ℕ} (h : 2 ∣ m ^ 2) : 2 ∣ m := by
  rw [pow_two, Nat.prime_two.dvd_mul] at h
  cases h <;> assumption

",,True,4,"@[simp]
theorem even_of_even_sqr {m : ℕ} (h : 2 ∣ m ^ 2) : 2 ∣ m := by
  rw [pow_two, Nat.prime_two.dvd_mul] at h
  cases h <;> assumption
",,True,60,MIL.C05_Elementary_Number_Theory.solutions.Solutions_S01_Irrational_Roots,Qwen-7B-short,LENGTH,best_of_n,False,0,0.0,even_of_even_sqr,False
-1,False,4,"theorem even_of_even_sqr {m : ℕ} (h : 2 ∣ m ^ 2) : 2 ∣ m := by
  rw [pow_two, Nat.prime_two.dvd_mul] at h
  cases h <;> assumption

",,True,-1,"theorem even_of_even_sqr {m : ℕ} (h : 2 ∣ m ^ 2) : 2 ∣ m := by
  cases h
  · exact (pow_two _). assumption
  · exact Nat.prime_two.dvd_mul h
","💥️invalid field notation, identifier or numeral expected

💥️no goals to be solved",False,60,MIL.C05_Elementary_Number_Theory.solutions.Solutions_S01_Irrational_Roots,Qwen-7B-short,LENGTH,best_of_n,False,0,-1.0,even_of_even_sqr,False
-1,False,4,"theorem even_of_even_sqr {m : ℕ} (h : 2 ∣ m ^ 2) : 2 ∣ m := by
  rw [pow_two, Nat.prime_two.dvd_mul] at h
  cases h <;> assumption

",,True,-1,"theorem even_of_even_sqr {m : ℕ} (h : 2 ∣ m ^ 2) : 2 ∣ m := by
  cases h using bitCasesOn with
  | h =>
    simp [bit_val,    div_tendsto, tendsto_const_nhds]
",💥️unknown identifier 'bitCasesOn',False,60,MIL.C05_Elementary_Number_Theory.solutions.Solutions_S01_Irrational_Roots,Qwen-7B-short,LENGTH,best_of_n,False,0,-1.0,even_of_even_sqr,False
-1,False,4,"theorem even_of_even_sqr {m : ℕ} (h : 2 ∣ m ^ 2) : 2 ∣ m := by
  rw [pow_two, Nat.prime_two.dvd_mul] at h
  cases h <;> assumption

",,True,-1,"theorem even_of_even_sqr {m : ℕ} (h : 2 ∣ m ^ 2) : 2 ∣ m := by
  simp only [Int.dvd_iff, Nat.dvd_mul, Finset.mem_range] at h
  obtain ⟨a, rfl⟩ := even_of_even_sqr₀ m
  exact ⟨a, rfl⟩


","💥️unknown constant 'Int.dvd_iff'

💥️simp made no progress",False,60,MIL.C05_Elementary_Number_Theory.solutions.Solutions_S01_Irrational_Roots,Qwen-7B-short,LENGTH,best_of_n,False,0,-1.0,even_of_even_sqr,False
-1,False,4,"theorem even_of_even_sqr {m : ℕ} (h : 2 ∣ m ^ 2) : 2 ∣ m := by
  rw [pow_two, Nat.prime_two.dvd_mul] at h
  cases h <;> assumption

",,True,-1,"theorem even_of_even_sqr {m : ℕ} (h : 2 ∣ m ^ 2) : 2 ∣ m := by
  rw [pow_two, Nat.prime_two.dvd_mul] at h
  cases h
  · ≥ assumption
  · rfl
","💥️unexpected token '≥'; expected '{' or tactic

💥️unsolved goals
case inl
m : ℕ
h✝ : 2 ∣ m
⊢ 2 ∣ m

💥️unsolved goals
case inr
m : ℕ
h✝ : 2 ∣ m
⊢ 2 ∣ m",False,60,MIL.C05_Elementary_Number_Theory.solutions.Solutions_S01_Irrational_Roots,Qwen-7B-short,LENGTH,best_of_n,False,0,-1.0,even_of_even_sqr,False
-1,False,4,"theorem even_of_even_sqr {m : ℕ} (h : 2 ∣ m ^ 2) : 2 ∣ m := by
  rw [pow_two, Nat.prime_two.dvd_mul] at h
  cases h <;> assumption

",,True,-1,"z : even number, z = 2k

z ^ 2 = 4k ^ 2, which is divisible by 4, hence z ^ 2 is even.

And in fact, if z ^ 2 is even, then z is even. (since 3^2 = 9 is not even)

theorem even_of_even_sqr {m : ℕ} (h : 2 ∣ m ^ 2) : 2 ∣ m := by
  rw [pow_two, Nat.prime_two.dvd_mul] at h
  obtain rfl | rfl := even_or_odd_of_even_sqr' _ h
  all_goals assumption
","💥️unexpected identifier; expected command

💥️unknown identifier 'even_or_odd_of_even_sqr''

💥️rcases tactic failed: x✝ : ?m.462 is not an inductive datatype",False,60,MIL.C05_Elementary_Number_Theory.solutions.Solutions_S01_Irrational_Roots,Qwen-7B-short,LENGTH,best_of_n,False,0,-1.0,even_of_even_sqr,False
-1,False,4,"theorem even_of_even_sqr {m : ℕ} (h : 2 ∣ m ^ 2) : 2 ∣ m := by
  rw [pow_two, Nat.prime_two.dvd_mul] at h
  cases h <;> assumption

",,True,-1,"theorem even_of_even_sqr {m : ℕ} (h : 2 ∣ m ^ 2) : 2 ∣ m := by
  cases h
  · assumption
  · exact (sq_even_iff2 m).mpr (Nat.dvd_mul_left.2 h)
","💥️tactic 'assumption' failed
case intro
m w✝ : ℕ
h✝ : m ^ 2 = 2 * w✝
⊢ 2 ∣ m

💥️no goals to be solved",False,60,MIL.C05_Elementary_Number_Theory.solutions.Solutions_S01_Irrational_Roots,Qwen-7B-short,LENGTH,best_of_n,False,0,-1.0,even_of_even_sqr,False
-1,False,4,"theorem even_of_even_sqr {m : ℕ} (h : 2 ∣ m ^ 2) : 2 ∣ m := by
  rw [pow_two, Nat.prime_two.dvd_mul] at h
  cases h <;> assumption

",,True,4,"theorem even_of_even_sqr {m : ℕ} (h : 2 ∣ m ^ 2) : 2 ∣ m := by
  rw [pow_two, Nat.prime_two.dvd_mul] at h
  cases h <;> assumption


",,True,60,MIL.C05_Elementary_Number_Theory.solutions.Solutions_S01_Irrational_Roots,Qwen-7B-short,LENGTH,best_of_n,False,0,0.0,even_of_even_sqr,False
-1,False,4,"theorem even_of_even_sqr {m : ℕ} (h : 2 ∣ m ^ 2) : 2 ∣ m := by
  rw [pow_two, Nat.prime_two.dvd_mul] at h
  cases h <;> assumption

",,True,4,"theorem even_of_even_sqr {m : ℕ} (h : 2 ∣ m ^ 2) : 2 ∣ m := by
  rw [pow_two, Nat.prime_two.dvd_mul] at h
  cases h <;> assumption
",,True,60,MIL.C05_Elementary_Number_Theory.solutions.Solutions_S01_Irrational_Roots,Qwen-7B-short,LENGTH,best_of_n,False,0,0.0,even_of_even_sqr,False
-1,False,4,"theorem even_of_even_sqr {m : ℕ} (h : 2 ∣ m ^ 2) : 2 ∣ m := by
  rw [pow_two, Nat.prime_two.dvd_mul] at h
  cases h <;> assumption

",,True,-1,"theorem even_of_even_sqr {m : ℕ} (h : 2 ∣ m ^ 2) : 2 ∣ m := by
  rw [pow_two, Nat.prime_two.dvd_mul] at h
  assumption
","💥️tactic 'assumption' failed
m : ℕ
h : 2 ∣ m ∨ 2 ∣ m
⊢ 2 ∣ m",False,60,MIL.C05_Elementary_Number_Theory.solutions.Solutions_S01_Irrational_Roots,Qwen-7B-short,LENGTH,best_of_n,False,0,-1.0,even_of_even_sqr,False
-1,False,4,"theorem even_of_even_sqr {m : ℕ} (h : 2 ∣ m ^ 2) : 2 ∣ m := by
  rw [pow_two, Nat.prime_two.dvd_mul] at h
  cases h <;> assumption

",,True,4,"theorem even_of_even_sqr {m : ℕ} (h : 2 ∣ m ^ 2) : 2 ∣ m := by
  rw [pow_two, Nat.prime_two.dvd_mul] at h
  cases h <;> assumption


",,True,60,MIL.C05_Elementary_Number_Theory.solutions.Solutions_S01_Irrational_Roots,Qwen-7B-short,LENGTH,best_of_n,False,0,0.0,even_of_even_sqr,False
-1,False,4,"theorem even_of_even_sqr {m : ℕ} (h : 2 ∣ m ^ 2) : 2 ∣ m := by
  rw [pow_two, Nat.prime_two.dvd_mul] at h
  cases h <;> assumption

",,True,-1,"theorem even_of_even_sqr {m : ℕ} (h : 2 ∣ m ^ 2) : 2 ∣ m := by
  rw [pow_two, Nat.prime_two.dvd_mul] at h
  obtain rfl | rfl : 2 ∣ m := by simpa [Nat.dvd_iff] using h
  all_goals assumption
","💥️unknown constant 'Nat.dvd_iff'

💥️tactic 'subst' failed, invalid equality proof, it is not of the form (x = t) or (t = x)
  ℕ
case intro.succ
m : ℕ
h : 2 ∣ m ∨ 2 ∣ m
n✝ : ℕ
h✝ : m = 2 * (n✝ + 1)
⊢ 2 ∣ m",False,60,MIL.C05_Elementary_Number_Theory.solutions.Solutions_S01_Irrational_Roots,Qwen-7B-short,LENGTH,best_of_n,False,0,-1.0,even_of_even_sqr,False
-1,False,4,"theorem even_of_even_sqr {m : ℕ} (h : 2 ∣ m ^ 2) : 2 ∣ m := by
  rw [pow_two, Nat.prime_two.dvd_mul] at h
  cases h <;> assumption

",,True,-1,"theorem even_of_even_sqr {m : ℕ} (h : 2 ∣ m ^ 2) : 2 ∣ m := by
  conj_cases h
  · exact (Nat.mul even_one m).dvd
  · exact (Nat.pow_dvd_iff.mpr h).dvd
","💥️unknown tactic

💥️unsolved goals
m : ℕ
h : 2 ∣ m ^ 2
⊢ 2 ∣ m",False,60,MIL.C05_Elementary_Number_Theory.solutions.Solutions_S01_Irrational_Roots,Qwen-7B-short,LENGTH,best_of_n,False,0,-1.0,even_of_even_sqr,False
-1,False,4,"theorem even_of_even_sqr {m : ℕ} (h : 2 ∣ m ^ 2) : 2 ∣ m := by
  rw [pow_two, Nat.prime_two.dvd_mul] at h
  cases h <;> assumption

",,True,4,"lemma even_of_even_sqr {m : ℕ} (h : 2 ∣ m ^ 2) : 2 ∣ m := by
  rw [pow_two, Nat.prime_two.dvd_mul] at h
  cases h <;> assumption
",,True,60,MIL.C05_Elementary_Number_Theory.solutions.Solutions_S01_Irrational_Roots,Qwen-7B-short,LENGTH,best_of_n,False,0,0.0,even_of_even_sqr,False
-1,False,4,"theorem even_of_even_sqr {m : ℕ} (h : 2 ∣ m ^ 2) : 2 ∣ m := by
  rw [pow_two, Nat.prime_two.dvd_mul] at h
  cases h <;> assumption

",,True,-1,"theorem even_of_even_sqr {m : ℕ} (h : 2 ∣ m ^ 2) : 2 ∣ m := by
  rw [pow_two, Nat.prime_two.dvd_mul] at h
  obtain rfl | rfl : 2 ∣ m := by_cases h
  · assumption
  · exact even_of_even_sqr.mpr h
","💥️application type mismatch
  by_cases h
argument
  h
has type
  2 ∣ m ∨ 2 ∣ m : Prop
but is expected to have type
  ?m.479 → ?m.480 : Prop",False,60,MIL.C05_Elementary_Number_Theory.solutions.Solutions_S01_Irrational_Roots,Qwen-7B-short,LENGTH,best_of_n,False,0,-1.0,even_of_even_sqr,False
-1,False,4,"theorem even_of_even_sqr {m : ℕ} (h : 2 ∣ m ^ 2) : 2 ∣ m := by
  rw [pow_two, Nat.prime_two.dvd_mul] at h
  cases h <;> assumption

",,True,-1,"theorem even_of_even_sqr {m : ℕ} (h : 2 ∣ m ^ 2) : 2 ∣ m := by
  rw [pow_two, Nat.prime_two.dvd_mul] at h
  cases h
  · assumption
  · add simp [Nat.dvd_pow_iff, even_of))^Rfl
","💥️unknown tactic

💥️unsolved goals
case inr
m : ℕ
h✝ : 2 ∣ m
⊢ 2 ∣ m",False,60,MIL.C05_Elementary_Number_Theory.solutions.Solutions_S01_Irrational_Roots,Qwen-7B-short,LENGTH,best_of_n,False,0,-1.0,even_of_even_sqr,False
-1,False,4,"theorem even_of_even_sqr {m : ℕ} (h : 2 ∣ m ^ 2) : 2 ∣ m := by
  rw [pow_two, Nat.prime_two.dvd_mul] at h
  cases h <;> assumption

",,True,-1,"theorem even_of_even_sqr {m : ℕ} (h : 2 ∣ m ^ 2) : 2 ∣ m := by
  simp only [Nat.dvd, Int.ofNat_dvd] at h
  cases h <;> assumption
","💥️unknown constant 'Nat.dvd'

💥️simp made no progress",False,60,MIL.C05_Elementary_Number_Theory.solutions.Solutions_S01_Irrational_Roots,Qwen-7B-short,LENGTH,best_of_n,False,0,-1.0,even_of_even_sqr,False
-1,False,4,"theorem even_of_even_sqr {m : ℕ} (h : 2 ∣ m ^ 2) : 2 ∣ m := by
  rw [pow_two, Nat.prime_two.dvd_mul] at h
  cases h <;> assumption

",,True,4,"theorem even_of_even_sqr {m : ℕ} (h : 2 ∣ m ^ 2) : 2 ∣ m := by
  rw [pow_two, Nat.prime_two.dvd_mul] at h
  cases h <;> assumption
",,True,60,MIL.C05_Elementary_Number_Theory.solutions.Solutions_S01_Irrational_Roots,Qwen-7B-short,LENGTH,best_of_n,False,0,0.0,even_of_even_sqr,False
-1,False,4,"theorem even_of_even_sqr {m : ℕ} (h : 2 ∣ m ^ 2) : 2 ∣ m := by
  rw [pow_two, Nat.prime_two.dvd_mul] at h
  cases h <;> assumption

",,True,-1,"theorem even_of_even_sqr {m : ℕ} (h : 2 ∣ m ^ 2) : 2 ∣ m := by
  rw [pow_two, Nat.prime_two.dvd_mul] at h
  obtain rfl | rfl : 2 ∣ m := by
    tauto
  assumption
","💥️tactic 'subst' failed, invalid equality proof, it is not of the form (x = t) or (t = x)
  ℕ
case intro.succ
m : ℕ
h : 2 ∣ m ∨ 2 ∣ m
n✝ : ℕ
h✝ : m = 2 * (n✝ + 1)
⊢ 2 ∣ m",False,60,MIL.C05_Elementary_Number_Theory.solutions.Solutions_S01_Irrational_Roots,Qwen-7B-short,LENGTH,best_of_n,False,0,-1.0,even_of_even_sqr,False
-1,False,4,"theorem even_of_even_sqr {m : ℕ} (h : 2 ∣ m ^ 2) : 2 ∣ m := by
  rw [pow_two, Nat.prime_two.dvd_mul] at h
  cases h <;> assumption

",,True,-1,"@[simp]
theorem even_of_even_sqr {m : ℕ} (h : 2 ∣ m ^ 2) : 2 ∣ m := by
  rw [pow_two, Nat.prime_two.dvd_mul] at h
  cases h
  · exact even_of_partype h
  · exact even_of_partype (Even.mod_const h)
","💥️unknown identifier 'even_of_partype'

💥️unknown identifier 'even_of_partype'",False,60,MIL.C05_Elementary_Number_Theory.solutions.Solutions_S01_Irrational_Roots,Qwen-7B-short,LENGTH,best_of_n,False,0,-1.0,even_of_even_sqr,False
-1,False,4,"theorem even_of_even_sqr {m : ℕ} (h : 2 ∣ m ^ 2) : 2 ∣ m := by
  rw [pow_two, Nat.prime_two.dvd_mul] at h
  cases h <;> assumption

",,True,-1,"theorem even_of_even_sqr {m : ℕ} (h : 2 ∣ m ^ 2) : 2 ∣ m := by
  rw [pow_two, Nat.prime_two.dvd_mul] at h
  cases h
  · assumption
  · assumption
  · assumption
  · assumption


",💥️no goals to be solved,False,60,MIL.C05_Elementary_Number_Theory.solutions.Solutions_S01_Irrational_Roots,Qwen-7B-short,LENGTH,best_of_n,False,0,-1.0,even_of_even_sqr,False
-1,False,4,"theorem even_of_even_sqr {m : ℕ} (h : 2 ∣ m ^ 2) : 2 ∣ m := by
  rw [pow_two, Nat.prime_two.dvd_mul] at h
  cases h <;> assumption

",,True,-1,"theorem even_of_even_sqr {m : ℕ} (h : 2 ∣ m ^ 2) : 2 ∣ m := by
  rcases h using Nat.dvd_even_mul
  assumption
","💥️unsolved goals
case intro
m w✝ : ℕ
h✝ : m ^ 2 = 2 * w✝
⊢ 2 ∣ m",False,60,MIL.C05_Elementary_Number_Theory.solutions.Solutions_S01_Irrational_Roots,Qwen-7B-short,LENGTH,best_of_n,False,0,-1.0,even_of_even_sqr,False
-1,False,4,"theorem even_of_even_sqr {m : ℕ} (h : 2 ∣ m ^ 2) : 2 ∣ m := by
  rw [pow_two, Nat.prime_two.dvd_mul] at h
  cases h <;> assumption

",,True,-1,"theorem even_of_even_sqr {m : ℕ} (h : 2 ∣ m ^ 2) : 2 ∣ m := by
  rw [pow_two, Nat.prime_two.dvd_mul] at h
  cases h
  · assumption
  · exact even_of_even_sqr h
","💥️unknown identifier 'h'

💥️fail to show termination for
  even_of_even_sqr
with errors
failed to infer structural recursion:
Not considering parameter m of even_of_even_sqr:
  it is unchanged in the recursive calls
Cannot use parameter h:
  the type ∃ c, m ^ 2 = 2 * c does not have a `.brecOn` recursor


Could not find a decreasing measure.
The arguments relate at each recursive call as follows:
(<, ≤, =: relation proved, ? all proofs failed, _: no proof attempted)
           
1) 12:10-28
Please use `termination_by` to specify a decreasing measure.",False,60,MIL.C05_Elementary_Number_Theory.solutions.Solutions_S01_Irrational_Roots,Qwen-7B-short,LENGTH,best_of_n,False,0,-1.0,even_of_even_sqr,False
-1,False,4,"theorem even_of_even_sqr {m : ℕ} (h : 2 ∣ m ^ 2) : 2 ∣ m := by
  rw [pow_two, Nat.prime_two.dvd_mul] at h
  cases h <;> assumption

",,True,-1,"theorem even_of_even_sqr {m : ℕ} (h : 2 ∣ m ^ 2) : 2 ∣ m := by
  simp only [mp := Nat EVEN_iff] at h
  obtain rfl | rfl := Nat.even_iff.mpr h
  all_goals assumption
","💥️unexpected token ':='; expected ']'

💥️unknown identifier 'mp'",False,60,MIL.C05_Elementary_Number_Theory.solutions.Solutions_S01_Irrational_Roots,Qwen-7B-short,LENGTH,best_of_n,False,0,-1.0,even_of_even_sqr,False
-1,False,4,"theorem even_of_even_sqr {m : ℕ} (h : 2 ∣ m ^ 2) : 2 ∣ m := by
  rw [pow_two, Nat.prime_two.dvd_mul] at h
  cases h <;> assumption

",,True,-1,"lemma even_of_even_sqr {s m : ℕ} (tm : 2 ∣ s) : 2 ∣ m := by
  simp [Nat.dvd even_iff, sqrt_even_iff] at tm
  roots_of_even_sqr.mpr ⟨tm, even_of_dvd_num]⟩
",💥️unknown tactic,False,60,MIL.C05_Elementary_Number_Theory.solutions.Solutions_S01_Irrational_Roots,Qwen-7B-short,LENGTH,best_of_n,False,0,-1.0,even_of_even_sqr,False
-1,False,4,"theorem even_of_even_sqr {m : ℕ} (h : 2 ∣ m ^ 2) : 2 ∣ m := by
  rw [pow_two, Nat.prime_two.dvd_mul] at h
  cases h <;> assumption

",,True,-1,"lemma even_of_even_sqr {m : ℕ} (h : 2 ∣ m ^ 2) : 2 ∣ m := by
  rw [pow_two, Nat.prime_two.dvd_mul] at h
  obtain rfl | rfl => cases h <;> assumption
","💥️`obtain` requires either an expected type or a value.
usage: `obtain ⟨patt⟩? : type (:= val)?` or `obtain ⟨patt⟩? (: type)? := val`",False,60,MIL.C05_Elementary_Number_Theory.solutions.Solutions_S01_Irrational_Roots,Qwen-7B-short,LENGTH,best_of_n,False,0,-1.0,even_of_even_sqr,False
-1,False,4,"theorem even_of_even_sqr {m : ℕ} (h : 2 ∣ m ^ 2) : 2 ∣ m := by
  rw [pow_two, Nat.prime_two.dvd_mul] at h
  cases h <;> assumption

",,True,-1,"theorem even_of_even_sqr {m : ℕ} (h : 2 ∣ m ^ 2) : 2 ∣ m := by
  simp only [Nat Even, NeZero, even_iff] at h
  obtain rfl | rfl : 2 ∣ m := (_prime_two.dvd_mul hf n).sub h
  assumption


","💥️function expected at
  ℕ
term has type
  Type

💥️unknown identifier 'even_iff'

💥️simp made no progress",False,60,MIL.C05_Elementary_Number_Theory.solutions.Solutions_S01_Irrational_Roots,Qwen-7B-short,LENGTH,best_of_n,False,0,-1.0,even_of_even_sqr,False
-1,False,4,"theorem even_of_even_sqr {m : ℕ} (h : 2 ∣ m ^ 2) : 2 ∣ m := by
  rw [pow_two, Nat.prime_two.dvd_mul] at h
  cases h <;> assumption

",,True,-1,"theorem even_of_even_sqr {m : ℕ} (h : 2 ∣ m ^ 2) : 2 ∣ m := by
  simp only [Nat.dvd]
  obtain rfl | rfl : 2 ∣ m := even_or_even_sqr.2 h
  all_goals assumption


","💥️unknown constant 'Nat.dvd'

💥️simp made no progress",False,60,MIL.C05_Elementary_Number_Theory.solutions.Solutions_S01_Irrational_Roots,Qwen-7B-short,LENGTH,best_of_n,False,0,-1.0,even_of_even_sqr,False
-1,False,4,"theorem even_of_even_sqr {m : ℕ} (h : 2 ∣ m ^ 2) : 2 ∣ m := by
  rw [pow_two, Nat.prime_two.dvd_mul] at h
  cases h <;> assumption

",,True,4,"theorem even_of_even_sqr {m : ℕ} (h : 2 ∣ m ^ 2) : 2 ∣ m := by
  rw [pow_two, Nat.prime_two.dvd_mul] at h
  cases h <;> assumption


",,True,60,MIL.C05_Elementary_Number_Theory.solutions.Solutions_S01_Irrational_Roots,Qwen-7B-short,LENGTH,best_of_n,False,0,0.0,even_of_even_sqr,False
-1,False,4,"theorem even_of_even_sqr {m : ℕ} (h : 2 ∣ m ^ 2) : 2 ∣ m := by
  rw [pow_two, Nat.prime_two.dvd_mul] at h
  cases h <;> assumption

",,True,-1,"theorem even_of_even_sqr {m : ℕ} (h : 2 ∣ m ^ 2) : 2 ∣ m := by
  rw [pow_two, Nat.prime_two.dvd_mul] at h
  unfold even
  cases h <;> assumption

",💥️unknown identifier 'even',False,60,MIL.C05_Elementary_Number_Theory.solutions.Solutions_S01_Irrational_Roots,Qwen-7B-short,LENGTH,best_of_n,False,0,-1.0,even_of_even_sqr,False
-1,False,4,"theorem even_of_even_sqr {m : ℕ} (h : 2 ∣ m ^ 2) : 2 ∣ m := by
  rw [pow_two, Nat.prime_two.dvd_mul] at h
  cases h <;> assumption

",,True,-1,"lemma even_of_even_sqr {m : ℕ} (h : 2 ∣ m ^ 2) : 2 ∣ m :=
  (Int.ofNat_dvd.mpr Even.sqr_dvd_iff h).2 m
","💥️invalid field notation, type is not of the form (C ...) where C is a constant
  Even
has type
  ?m.1048 → Prop",False,60,MIL.C05_Elementary_Number_Theory.solutions.Solutions_S01_Irrational_Roots,Qwen-7B-short,LENGTH,best_of_n,False,0,-1.0,even_of_even_sqr,False
-1,False,4,"theorem even_of_even_sqr {m : ℕ} (h : 2 ∣ m ^ 2) : 2 ∣ m := by
  rw [pow_two, Nat.prime_two.dvd_mul] at h
  cases h <;> assumption

",,True,-1,"theorem even_of_even_sqr {m : ℕ} (h : 2 ∣ m ^ 2) : 2 ∣ m :=
  even_of_even_sqr₀ h
",💥️unknown identifier 'even_of_even_sqr₀',False,60,MIL.C05_Elementary_Number_Theory.solutions.Solutions_S01_Irrational_Roots,Qwen-7B-short,LENGTH,best_of_n,False,0,-1.0,even_of_even_sqr,False
-1,False,4,"theorem even_of_even_sqr {m : ℕ} (h : 2 ∣ m ^ 2) : 2 ∣ m := by
  rw [pow_two, Nat.prime_two.dvd_mul] at h
  cases h <;> assumption

",,True,-1,"theorem even_of_even_sqr {m : ℕ} (h : 2 ∣ m ^ 2) : 2 ∣ m := by
  rw [pow_two, Nat.prime_two.dvd_mul] at h
  obtain rfl | rfl : 2 ∣ m := by omega
","💥️tactic 'subst' failed, invalid equality proof, it is not of the form (x = t) or (t = x)
  ℕ
case intro.succ
m : ℕ
h : 2 ∣ m ∨ 2 ∣ m
n✝ : ℕ
h✝ : m = 2 * (n✝ + 1)
⊢ 2 ∣ m",False,60,MIL.C05_Elementary_Number_Theory.solutions.Solutions_S01_Irrational_Roots,Qwen-7B-short,LENGTH,best_of_n,False,0,-1.0,even_of_even_sqr,False
-1,False,4,"theorem even_of_even_sqr {m : ℕ} (h : 2 ∣ m ^ 2) : 2 ∣ m := by
  rw [pow_two, Nat.prime_two.dvd_mul] at h
  cases h <;> assumption

",,True,-1,"theorem even_of_even_sqr {m : ℕ} (h : 2 ∣ m ^ 2) : 2 ∣ m := by
  simp_rw [pow_two] at h
  exact Nat.sqrt PrimeTwo.dvd_mul m h
",💥️unknown identifier 'PrimeTwo.dvd_mul',False,60,MIL.C05_Elementary_Number_Theory.solutions.Solutions_S01_Irrational_Roots,Qwen-7B-short,LENGTH,best_of_n,False,0,-1.0,even_of_even_sqr,False
-1,False,4,"theorem even_of_even_sqr {m : ℕ} (h : 2 ∣ m ^ 2) : 2 ∣ m := by
  rw [pow_two, Nat.prime_two.dvd_mul] at h
  cases h <;> assumption

",,True,-1,"@[simp] theorem even_of_even_sqr {m : ℕ} (h : 2 ∣ m ^ 2) : 2 ∣ m := by
  rw [pow_two, Nat.prime_two.dvd_mul] at h
  cases h
  rfl
","💥️tactic 'rfl' failed, the left-hand side
  2
is not definitionally equal to the right-hand side
  m
case inl
m : ℕ
h✝ : 2 ∣ m
⊢ 2 ∣ m",False,60,MIL.C05_Elementary_Number_Theory.solutions.Solutions_S01_Irrational_Roots,Qwen-7B-short,LENGTH,best_of_n,False,0,-1.0,even_of_even_sqr,False
-1,False,4,"theorem even_of_even_sqr {m : ℕ} (h : 2 ∣ m ^ 2) : 2 ∣ m := by
  rw [pow_two, Nat.prime_two.dvd_mul] at h
  cases h <;> assumption

",,True,-1,"lemma even_of_even_sqr {m : ℕ} (h : 2 ∣ m ^ 2) : 2 ∣ m := by
  cases h
  · push_neg; rfl
  · push_neg; rfl
","💥️push_neg made no progress

💥️no goals to be solved",False,60,MIL.C05_Elementary_Number_Theory.solutions.Solutions_S01_Irrational_Roots,Qwen-7B-short,LENGTH,best_of_n,False,0,-1.0,even_of_even_sqr,False
-1,False,4,"theorem even_of_even_sqr {m : ℕ} (h : 2 ∣ m ^ 2) : 2 ∣ m := by
  rw [pow_two, Nat.prime_two.dvd_mul] at h
  cases h <;> assumption

",,True,-1,"theorem even_of_even_sqr {m : ℕ} (h : 2 ∣ m ^ 2) : 2 ∣ m := by
  contrapose h
  rwa [pow_two] at h
","💥️tactic 'rewrite' failed, did not find instance of the pattern in the target expression
  ?a ^ 2
m : ℕ
h : ¬2 ∣ m
⊢ ¬2 ∣ m ^ 2",False,60,MIL.C05_Elementary_Number_Theory.solutions.Solutions_S01_Irrational_Roots,Qwen-7B-short,LENGTH,best_of_n,False,0,-1.0,even_of_even_sqr,False
-1,False,4,"theorem even_of_even_sqr {m : ℕ} (h : 2 ∣ m ^ 2) : 2 ∣ m := by
  rw [pow_two, Nat.prime_two.dvd_mul] at h
  cases h <;> assumption

",,True,-1,"theorem even_of_even_sqr {m : ℕ} (h : 2 ∣ m ^ 2) : 2 ∣ m := by
  rw [pow_two, Nat.prime_two.dvd_mul] at h
  obtain rfl | rfl := cases h
  · assumption
  · apply even_of_even_sqr, h
","💥️unknown identifier 'cases'

💥️rcases tactic failed: x✝ : ?m.462 is not an inductive datatype",False,60,MIL.C05_Elementary_Number_Theory.solutions.Solutions_S01_Irrational_Roots,Qwen-7B-short,LENGTH,best_of_n,False,0,-1.0,even_of_even_sqr,False
-1,False,4,"theorem even_of_even_sqr {m : ℕ} (h : 2 ∣ m ^ 2) : 2 ∣ m := by
  rw [pow_two, Nat.prime_two.dvd_mul] at h
  cases h <;> assumption

",,True,-1,"lemma even_of_even_sqr (m : ℕ) (h : 2 ∣ m ^ 2) : 2 ∣ m := by
  simp only [pow_two] at h
  exact (Nat.prime_two.dvd_mul m).2 h
","💥️function expected at
  Nat.Prime.dvd_mul Nat.prime_two
term has type
  2 ∣ ?m.478 * ?m.479 ↔ 2 ∣ ?m.478 ∨ 2 ∣ ?m.479",False,60,MIL.C05_Elementary_Number_Theory.solutions.Solutions_S01_Irrational_Roots,Qwen-7B-short,LENGTH,best_of_n,False,0,-1.0,even_of_even_sqr,False
-1,False,4,"theorem even_of_even_sqr {m : ℕ} (h : 2 ∣ m ^ 2) : 2 ∣ m := by
  rw [pow_two, Nat.prime_two.dvd_mul] at h
  cases h <;> assumption

",,True,4,"theorem even_of_even_sqr {m : ℕ} (h : 2 ∣ m ^ 2) : 2 ∣ m := by
  rw [pow_two, Nat.prime_two.dvd_mul] at h
  cases h <;> assumption
",,True,60,MIL.C05_Elementary_Number_Theory.solutions.Solutions_S01_Irrational_Roots,Qwen-7B-short,LENGTH,best_of_n,False,0,0.0,even_of_even_sqr,False
-1,False,4,"theorem even_of_even_sqr {m : ℕ} (h : 2 ∣ m ^ 2) : 2 ∣ m := by
  rw [pow_two, Nat.prime_two.dvd_mul] at h
  cases h <;> assumption

",,True,4,"theorem even_of_even_sqr {m : ℕ} (h : 2 ∣ m ^ 2) : 2 ∣ m := by
  rw [pow_two, Nat.prime_two.dvd_mul] at h
  cases h <;> assumption
",,True,60,MIL.C05_Elementary_Number_Theory.solutions.Solutions_S01_Irrational_Roots,Qwen-7B-short,LENGTH,best_of_n,False,0,0.0,even_of_even_sqr,False
-1,False,4,"theorem even_of_even_sqr {m : ℕ} (h : 2 ∣ m ^ 2) : 2 ∣ m := by
  rw [pow_two, Nat.prime_two.dvd_mul] at h
  cases h <;> assumption

",,True,-1,"theorem even_of_even_sqr {m : ℕ} (h : 2 ∣ m ^ 2) : 2 ∣ m := by
  rw [pow_two, Nat.prime_two.dvd_mul] at h
  obtain rfl | rfl := h
  all_goals assumption
","💥️tactic 'subst' failed, invalid equality proof, it is not of the form (x = t) or (t = x)
  2 ∣ m
case inl
m : ℕ
h✝ : 2 ∣ m
⊢ 2 ∣ m",False,60,MIL.C05_Elementary_Number_Theory.solutions.Solutions_S01_Irrational_Roots,Qwen-7B-short,LENGTH,best_of_n,False,0,-1.0,even_of_even_sqr,False
-1,False,4,"theorem even_of_even_sqr {m : ℕ} (h : 2 ∣ m ^ 2) : 2 ∣ m := by
  rw [pow_two, Nat.prime_two.dvd_mul] at h
  cases h <;> assumption

",,True,-1,"theorem even_of_even_sqr {m : ℕ} (h : 2 ∣ m ^ 2) : 2 ∣ m := by
  have := Nat.dvd_mul_of_pow_dvd (Nat.pow_dvd_iff_dvd_mul.mp h)
  exact even_of_even_dvd_mul 2 ⟨m, hp⟩
","💥️unknown constant 'Nat.dvd_mul_of_pow_dvd'

💥️unsolved goals
m : ℕ
h : 2 ∣ m ^ 2
⊢ 2 ∣ m",False,60,MIL.C05_Elementary_Number_Theory.solutions.Solutions_S01_Irrational_Roots,Qwen-7B-short,LENGTH,best_of_n,False,0,-1.0,even_of_even_sqr,False
-1,False,4,"theorem even_of_even_sqr {m : ℕ} (h : 2 ∣ m ^ 2) : 2 ∣ m := by
  rw [pow_two, Nat.prime_two.dvd_mul] at h
  cases h <;> assumption

",,True,-1,"theorem even_of_even_sqr {m : ℕ} (h : 2 ∣ m ^ 2) : 2 ∣ m := by
  rw [pow_two, Nat.prime_two.dvd_mul] at h
  assumption
","💥️tactic 'assumption' failed
m : ℕ
h : 2 ∣ m ∨ 2 ∣ m
⊢ 2 ∣ m",False,60,MIL.C05_Elementary_Number_Theory.solutions.Solutions_S01_Irrational_Roots,Qwen-7B-short,LENGTH,best_of_n,False,0,-1.0,even_of_even_sqr,False
-1,False,4,"theorem even_of_even_sqr {m : ℕ} (h : 2 ∣ m ^ 2) : 2 ∣ m := by
  rw [pow_two, Nat.prime_two.dvd_mul] at h
  cases h <;> assumption

",,True,-1,"theorem even_of_even_sqr {m : ℕ} (h : 2 ∣ m ^ 2) : 2 ∣ m := by
  rw [pow_two, Nat.prime_two.dvd_mul] at h
  have : Prime 2 ∣ m := h
  assumption
","💥️application type mismatch
  Prime 2 ∣ m
argument
  m
has type
  ℕ : Type
but is expected to have type
  Prop : Type

💥️failed to synthesize
  Dvd Prop
Additional diagnostic information may be available using the `set_option diagnostics true` command.

💥️tactic 'assumption' failed
m : ℕ
h : 2 ∣ m ∨ 2 ∣ m
this : sorry
⊢ 2 ∣ m",False,60,MIL.C05_Elementary_Number_Theory.solutions.Solutions_S01_Irrational_Roots,Qwen-7B-short,LENGTH,best_of_n,False,0,-1.0,even_of_even_sqr,False
-1,False,4,"theorem even_of_even_sqr {m : ℕ} (h : 2 ∣ m ^ 2) : 2 ∣ m := by
  rw [pow_two, Nat.prime_two.dvd_mul] at h
  cases h <;> assumption

",,True,-1,"theorem even_of_even_sqr {m : ℕ} (h : 2 ∣ m ^ 2) : 2 ∣ m := by
  cases' h
  · assumption
  · assumption
","💥️tactic 'assumption' failed
case intro
m w✝ : ℕ
h✝ : m ^ 2 = 2 * w✝
⊢ 2 ∣ m

💥️no goals to be solved",False,60,MIL.C05_Elementary_Number_Theory.solutions.Solutions_S01_Irrational_Roots,Qwen-7B-short,LENGTH,best_of_n,False,0,-1.0,even_of_even_sqr,False
-1,False,4,"theorem even_of_even_sqr {m : ℕ} (h : 2 ∣ m ^ 2) : 2 ∣ m := by
  rw [pow_two, Nat.prime_two.dvd_mul] at h
  cases h <;> assumption

",,True,-1,"theorem even_of_even_sqr {m : ℕ} (h : 2 ∣ m ^ 2) : 2 ∣ m :=
  fun h ↦ (h.1 ^ 2).dvd_mul' (Nat.prime_two.dvd_mul ?_)
","💥️type mismatch
  fun h => ?m.258
has type
  (h : ?m.221) → ?m.259 h : Sort (imax ?u.220 ?u.256)
but is expected to have type
  2 ∣ m : Prop

💥️invalid field notation, type is not of the form (C ...) where C is a constant
  h
has type
  ?m.221",False,60,MIL.C05_Elementary_Number_Theory.solutions.Solutions_S01_Irrational_Roots,Qwen-7B-short,LENGTH,best_of_n,False,0,-1.0,even_of_even_sqr,False
-1,False,4,"theorem even_of_even_sqr {m : ℕ} (h : 2 ∣ m ^ 2) : 2 ∣ m := by
  rw [pow_two, Nat.prime_two.dvd_mul] at h
  cases h <;> assumption

",,True,-1,"theorem even_of_even_sqr {m : ℕ} (h : 2 ∣ m ^ 2) : 2 ∣ m := by
  contrapose h
  rwa [mk_le_mk] at h
","💥️unknown identifier 'mk_le_mk'

💥️tactic 'rewrite' failed, equality or iff proof expected
  ?m.231
m : ℕ
h : ¬2 ∣ m
⊢ ¬2 ∣ m ^ 2",False,60,MIL.C05_Elementary_Number_Theory.solutions.Solutions_S01_Irrational_Roots,Qwen-7B-short,LENGTH,best_of_n,False,0,-1.0,even_of_even_sqr,False
-1,False,4,"theorem even_of_even_sqr {m : ℕ} (h : 2 ∣ m ^ 2) : 2 ∣ m := by
  rw [pow_two, Nat.prime_two.dvd_mul] at h
  cases h <;> assumption

",,True,-1,"theorem even_of_even_sqr {m : ℕ} (h : 2 ∣ m ^ 2) : 2 ∣ m := by
  rwa [pow_two, Nat.prime_two.dvd_mul] at h
","💥️tactic 'assumption' failed
m : ℕ
h : 2 ∣ m ∨ 2 ∣ m
⊢ 2 ∣ m",False,60,MIL.C05_Elementary_Number_Theory.solutions.Solutions_S01_Irrational_Roots,Qwen-7B-short,LENGTH,best_of_n,False,0,-1.0,even_of_even_sqr,False
-1,False,4,"theorem even_of_even_sqr {m : ℕ} (h : 2 ∣ m ^ 2) : 2 ∣ m := by
  rw [pow_two, Nat.prime_two.dvd_mul] at h
  cases h <;> assumption

",,True,-1,"theorem even_of_even_sqr {m : ℕ} (h : 2 ∣ m ^ 2) : 2 ∣ m := by
  even_of_even_sqr' h
","💥️unknown tactic

💥️unsolved goals
m : ℕ
h : 2 ∣ m ^ 2
⊢ 2 ∣ m",False,60,MIL.C05_Elementary_Number_Theory.solutions.Solutions_S01_Irrational_Roots,Qwen-7B-short,LENGTH,best_of_n,False,0,-1.0,even_of_even_sqr,False
-1,False,4,"theorem even_of_even_sqr {m : ℕ} (h : 2 ∣ m ^ 2) : 2 ∣ m := by
  rw [pow_two, Nat.prime_two.dvd_mul] at h
  cases h <;> assumption

",,True,4,"theorem even_of_even_sqr {m : ℕ} (h : 2 ∣ m ^ 2) : 2 ∣ m := by
  rw [pow_two, Nat.prime_two.dvd_mul] at h
  cases h <;> assumption


",,True,60,MIL.C05_Elementary_Number_Theory.solutions.Solutions_S01_Irrational_Roots,Qwen-7B-short,LENGTH,best_of_n,False,0,0.0,even_of_even_sqr,False
-1,False,24,"theorem t1 {m n : ℕ} (coprime_mn : m.Coprime n) : m ^ 2 ≠ 2 * n ^ 2 := by
  intro sqr_eq
  have : 2 ∣ m := by
    apply even_of_even_sqr
    rw [sqr_eq]
    apply dvd_mul_right
  obtain ⟨k, meq⟩ := dvd_iff_exists_eq_mul_left.mp this
  have : 2 * (2 * k ^ 2) = 2 * n ^ 2 := by
    rw [← sqr_eq, meq]
    ring
  have : 2 * k ^ 2 = n ^ 2 :=
    (mul_right_inj' (by norm_num)).mp this
  have : 2 ∣ n := by
    apply even_of_even_sqr
    rw [← this]
    apply dvd_mul_right
  have : 2 ∣ m.gcd n := by
    apply Nat.dvd_gcd <;>
    assumption
  have : 2 ∣ 1 := by
    convert this
    symm
    exact coprime_mn
  norm_num at this

",,True,-1,"theorem t1 {m n : ℕ} (coprime_mn : m.Coprime n) : m ^ 2 ≠ 2 * n ^ 2 := by
  intro <| square_eq
  obtain ⟨k, k2⟩ := exists_mul_left_of_dvd_mul_right (even_of_even_sqr square_eq)
  have : 2 * (2 * k ^ 2) = 2 * n ^ 2 := by
    rw [← sqr_eq, k2]
    module
  have : 2 * k ^ 2 = n ^ 2 := this ▸ (coprime_mn ⊥ 2).injective (dvd_mul_left_inj' _)
  have : 2 ∣ n := by
    rw [← this, even_of_even_sqr]
    exact not_dvd_mul_left (LE.val le]
  have : 2 ∣ m := by
    simp only [← this, even_of_even_sqr, coprime_mn, not_dvd_mul_left] at *k2
    exact (Nat.dvd_gcd _).mp (this ▸ (coprime_mn ⊥ 2).injective <| dvd_mul_left_inj' _))
  exact (coprime_mn ⊥ 2).injective (dvd_mul_left_inj' (Nat.even_ne_zero_of_pow_even _ _))
","💥️unsolved goals
m n : ℕ
coprime_mn : m.Coprime n
a✝ : m ^ 2 = 2 * n ^ 2
⊢ False",False,60,MIL.C05_Elementary_Number_Theory.solutions.Solutions_S01_Irrational_Roots,Qwen-7B-short,LENGTH,best_of_n,False,0,-1.0,t1,False
-1,False,24,"theorem t1 {m n : ℕ} (coprime_mn : m.Coprime n) : m ^ 2 ≠ 2 * n ^ 2 := by
  intro sqr_eq
  have : 2 ∣ m := by
    apply even_of_even_sqr
    rw [sqr_eq]
    apply dvd_mul_right
  obtain ⟨k, meq⟩ := dvd_iff_exists_eq_mul_left.mp this
  have : 2 * (2 * k ^ 2) = 2 * n ^ 2 := by
    rw [← sqr_eq, meq]
    ring
  have : 2 * k ^ 2 = n ^ 2 :=
    (mul_right_inj' (by norm_num)).mp this
  have : 2 ∣ n := by
    apply even_of_even_sqr
    rw [← this]
    apply dvd_mul_right
  have : 2 ∣ m.gcd n := by
    apply Nat.dvd_gcd <;>
    assumption
  have : 2 ∣ 1 := by
    convert this
    symm
    exact coprime_mn
  norm_num at this

",,True,24,"theorem t1 {m n : ℕ} (coprime_mn : m.Coprime n) : m ^ 2 ≠ 2 * n ^ 2 := by
  intro sqr_eq
  have : 2 ∣ m := by
    apply even_of_even_sqr
    rw [sqr_eq]
    apply dvd_mul_right
  obtain ⟨k, meq⟩ := dvd_iff_exists_eq_mul_left.mp this
  have : 2 * (2 * k ^ 2) = 2 * n ^ 2 := by
    rw [← sqr_eq, meq]
    ring
  have : 2 * k ^ 2 = n ^ 2 :=
    (mul_right_inj' (by norm_num)).mp this
  have : 2 ∣ n := by
    apply even_of_even_sqr
    rw [← this]
    apply dvd_mul_right
  have : 2 ∣ m.gcd n := by
    apply Nat.dvd_gcd <;>
    assumption
  have : 2 ∣ 1 := by
    convert this
    symm
    exact coprime_mn
  norm_num at this


",,True,60,MIL.C05_Elementary_Number_Theory.solutions.Solutions_S01_Irrational_Roots,Qwen-7B-short,LENGTH,best_of_n,False,0,0.0,t1,False
-1,False,24,"theorem t1 {m n : ℕ} (coprime_mn : m.Coprime n) : m ^ 2 ≠ 2 * n ^ 2 := by
  intro sqr_eq
  have : 2 ∣ m := by
    apply even_of_even_sqr
    rw [sqr_eq]
    apply dvd_mul_right
  obtain ⟨k, meq⟩ := dvd_iff_exists_eq_mul_left.mp this
  have : 2 * (2 * k ^ 2) = 2 * n ^ 2 := by
    rw [← sqr_eq, meq]
    ring
  have : 2 * k ^ 2 = n ^ 2 :=
    (mul_right_inj' (by norm_num)).mp this
  have : 2 ∣ n := by
    apply even_of_even_sqr
    rw [← this]
    apply dvd_mul_right
  have : 2 ∣ m.gcd n := by
    apply Nat.dvd_gcd <;>
    assumption
  have : 2 ∣ 1 := by
    convert this
    symm
    exact coprime_mn
  norm_num at this

",,True,24,"theorem t1 {m n : ℕ} (coprime_mn : m.Coprime n) : m ^ 2 ≠ 2 * n ^ 2 := by
  intro sqr_eq
  have : 2 ∣ m := by
    apply even_of_even_sqr
    rw [sqr_eq]
    apply dvd_mul_right
  obtain ⟨k, meq⟩ := dvd_iff_exists_eq_mul_left.mp this
  have : 2 * (2 * k ^ 2) = 2 * n ^ 2 := by
    rw [← sqr_eq, meq]
    ring
  have : 2 * k ^ 2 = n ^ 2 :=
    (mul_right_inj' (by norm_num)).mp this
  have : 2 ∣ n := by
    apply even_of_even_sqr
    rw [← this]
    apply dvd_mul_right
  have : 2 ∣ m.gcd n := by
    apply Nat.dvd_gcd <;>
    assumption
  have : 2 ∣ 1 := by
    convert this
    symm
    exact coprime_mn
  norm_num at this


",,True,60,MIL.C05_Elementary_Number_Theory.solutions.Solutions_S01_Irrational_Roots,Qwen-7B-short,LENGTH,best_of_n,False,0,0.0,t1,False
-1,False,24,"theorem t1 {m n : ℕ} (coprime_mn : m.Coprime n) : m ^ 2 ≠ 2 * n ^ 2 := by
  intro sqr_eq
  have : 2 ∣ m := by
    apply even_of_even_sqr
    rw [sqr_eq]
    apply dvd_mul_right
  obtain ⟨k, meq⟩ := dvd_iff_exists_eq_mul_left.mp this
  have : 2 * (2 * k ^ 2) = 2 * n ^ 2 := by
    rw [← sqr_eq, meq]
    ring
  have : 2 * k ^ 2 = n ^ 2 :=
    (mul_right_inj' (by norm_num)).mp this
  have : 2 ∣ n := by
    apply even_of_even_sqr
    rw [← this]
    apply dvd_mul_right
  have : 2 ∣ m.gcd n := by
    apply Nat.dvd_gcd <;>
    assumption
  have : 2 ∣ 1 := by
    convert this
    symm
    exact coprime_mn
  norm_num at this

",,True,-1,"theorem t1 {m n : ℕ} (coprime_mn : m.Coprime n) : m ^ 2 ≠ 2 * n ^ 2 := by
  intro s
  obtain ⟨a, rfl⟩ := eq_of_sqr_eq_left' s
  refine ⟨2 * a ^ 2, congrArg (· ^ 2) _⟩
  rw [← 2 * sqr_eq_sqr]
  exact list_mem_at_most_of_mul_mem_left' (2 * sqr_lt_sqr_iff.2 a) coprime_mn
","💥️unknown identifier 'eq_of_sqr_eq_left''

💥️rcases tactic failed: x✝ : ?m.1048 is not an inductive datatype",False,60,MIL.C05_Elementary_Number_Theory.solutions.Solutions_S01_Irrational_Roots,Qwen-7B-short,LENGTH,best_of_n,False,0,-1.0,t1,False
-1,False,24,"theorem t1 {m n : ℕ} (coprime_mn : m.Coprime n) : m ^ 2 ≠ 2 * n ^ 2 := by
  intro sqr_eq
  have : 2 ∣ m := by
    apply even_of_even_sqr
    rw [sqr_eq]
    apply dvd_mul_right
  obtain ⟨k, meq⟩ := dvd_iff_exists_eq_mul_left.mp this
  have : 2 * (2 * k ^ 2) = 2 * n ^ 2 := by
    rw [← sqr_eq, meq]
    ring
  have : 2 * k ^ 2 = n ^ 2 :=
    (mul_right_inj' (by norm_num)).mp this
  have : 2 ∣ n := by
    apply even_of_even_sqr
    rw [← this]
    apply dvd_mul_right
  have : 2 ∣ m.gcd n := by
    apply Nat.dvd_gcd <;>
    assumption
  have : 2 ∣ 1 := by
    convert this
    symm
    exact coprime_mn
  norm_num at this

",,True,-1,"theorem t1 {m n : ℕ} (coprime_mn : m.Coprime n) : m ^ 2 ≠ 2 * n ^ 2 := by
  intro sq_eq
  have : 2 ∣ m := by
    apply even_of_even_sqr
    rw [sq_eq]
    apply dvd_mul_right
  obtain ⟨k, meq⟩ := dvd_iff_exists_eq_mul_left.mp this
  have : 2 * (2 * k ^ 2) = 2 * n ^ 2 := by
    rw [← sq_eq, meq]
    ring
  have : 2 * k ^ 2 = n ^ 2 :=
    (mul_right_inj' (by norm_num)).mp this
  have : 2 ∣ n := by
    apply even_of_even_sqr
    rw [← this]
    apply dvd_mul_right
  have : 2 ∣ m.gcd n := by
    apply Nat.dvd_gcd <;>
    assumption
  have : 2 ∣ 1 := by
    rw [this, coprime_mn]
  norm_num at this


","💥️tactic 'rewrite' failed, equality or iff proof expected
  2 ∣ m.gcd n
m n : ℕ
coprime_mn : m.Coprime n
sq_eq : m ^ 2 = 2 * n ^ 2
this✝³ : 2 ∣ m
k : ℕ
meq : m = k * 2
this✝² : 2 * (2 * k ^ 2) = 2 * n ^ 2
this✝¹ : 2 * k ^ 2 = n ^ 2
this✝ : 2 ∣ n
this : 2 ∣ m.gcd n
⊢ 2 ∣ 1",False,60,MIL.C05_Elementary_Number_Theory.solutions.Solutions_S01_Irrational_Roots,Qwen-7B-short,LENGTH,best_of_n,False,0,-1.0,t1,False
-1,False,24,"theorem t1 {m n : ℕ} (coprime_mn : m.Coprime n) : m ^ 2 ≠ 2 * n ^ 2 := by
  intro sqr_eq
  have : 2 ∣ m := by
    apply even_of_even_sqr
    rw [sqr_eq]
    apply dvd_mul_right
  obtain ⟨k, meq⟩ := dvd_iff_exists_eq_mul_left.mp this
  have : 2 * (2 * k ^ 2) = 2 * n ^ 2 := by
    rw [← sqr_eq, meq]
    ring
  have : 2 * k ^ 2 = n ^ 2 :=
    (mul_right_inj' (by norm_num)).mp this
  have : 2 ∣ n := by
    apply even_of_even_sqr
    rw [← this]
    apply dvd_mul_right
  have : 2 ∣ m.gcd n := by
    apply Nat.dvd_gcd <;>
    assumption
  have : 2 ∣ 1 := by
    convert this
    symm
    exact coprime_mn
  norm_num at this

",,True,-1,"theorem t1 {m n : ℕ} (coprime_mn : m.Coprime n) : m ^ 2 ≠ 2 * n ^ 2 := by
  intro valuation_eq
  have : 2 ∣ m := by
    apply even_of_even_sqr
    rw [sqr_eq]
    apply dvd_mul_right
  obtain ⟨k, k_leq⟩ := dvd_iff_exists_eq_mul_left.mp this
  have : 2 * (2 * k ^ 2) = 2 * n ^ 2 := by
    rw [← sqr_eq, k_leq]
    ring
  have : 2 * k ^ 2 = n ^ 2 :=
    (mul_right_inj' (by norm_num)).mp this
  have : 2 ∣ n := by
    apply even_of_even_sqr
    rw [← this]
    apply dvd_mul_right
  have : 2 ∣ m.gcd n := by
    apply Nat.dvd_gcd <;>
    assumption
  have : 2 ∣ 1 := by
    rw [this, Nat.dvd_gcd, NeZero.coe_toNat_eq]
    exact coprime_mn
  norm_num at this


","💥️unknown identifier 'sqr_eq'

💥️tactic 'rewrite' failed, equality or iff proof expected
  ?m.1080
case h
m n : ℕ
coprime_mn : m.Coprime n
valuation_eq : m ^ 2 = 2 * n ^ 2
⊢ 2 ∣ m ^ 2

💥️unknown identifier 'sqr_eq'

💥️tactic 'rewrite' failed, equality or iff proof expected
  ?m.1857
m n : ℕ
coprime_mn : m.Coprime n
valuation_eq : m ^ 2 = 2 * n ^ 2
this : 2 ∣ m
k : ℕ
k_leq : m = k * 2
⊢ 2 * (2 * k ^ 2) = 2 * n ^ 2

💥️tactic 'rewrite' failed, equality or iff proof expected
  2 ∣ m.gcd n
m n : ℕ
coprime_mn : m.Coprime n
valuation_eq : m ^ 2 = 2 * n ^ 2
this✝³ : 2 ∣ m
k : ℕ
k_leq : m = k * 2
this✝² : 2 * (2 * k ^ 2) = 2 * n ^ 2
this✝¹ : 2 * k ^ 2 = n ^ 2
this✝ : 2 ∣ n
this : 2 ∣ m.gcd n
⊢ 2 ∣ 1",False,60,MIL.C05_Elementary_Number_Theory.solutions.Solutions_S01_Irrational_Roots,Qwen-7B-short,LENGTH,best_of_n,False,0,-1.0,t1,False
-1,False,24,"theorem t1 {m n : ℕ} (coprime_mn : m.Coprime n) : m ^ 2 ≠ 2 * n ^ 2 := by
  intro sqr_eq
  have : 2 ∣ m := by
    apply even_of_even_sqr
    rw [sqr_eq]
    apply dvd_mul_right
  obtain ⟨k, meq⟩ := dvd_iff_exists_eq_mul_left.mp this
  have : 2 * (2 * k ^ 2) = 2 * n ^ 2 := by
    rw [← sqr_eq, meq]
    ring
  have : 2 * k ^ 2 = n ^ 2 :=
    (mul_right_inj' (by norm_num)).mp this
  have : 2 ∣ n := by
    apply even_of_even_sqr
    rw [← this]
    apply dvd_mul_right
  have : 2 ∣ m.gcd n := by
    apply Nat.dvd_gcd <;>
    assumption
  have : 2 ∣ 1 := by
    convert this
    symm
    exact coprime_mn
  norm_num at this

",,True,-1,"theorem t1 {m n : ℕ} (coprime_mn : m.Coprime n) : m ^ 2 ≠ 2 * n ^ 2 := by
  intro sqr_eq
  have : 2 ∣ m := by
    rw [← Int.even_iff, IsInt.even_iff, Int.combo_mul_right] at this
    exact Nat.dvd.) this
  obtain ⟨k, meq⟩ := dvd_iff_exists_eq_mul_left.mp this
  have : 2 * (2 * k ^ 2) = 2 * n ^ 2 := by
    rw [← Int.sqr_mul_self, Int.mul_left_eq_prod] at this
    gcongr
  have : 2 * k ^ 2 = n ^ 2 :=
    (mul_right_inj' (by norm_num)).mp this
  have : 2 ∣ n := by
    rw [← this]
    apply dvd_mul_right
  have : 2 ∣ m.gcd n := by
    simp only [Nat.dvd_gcd, ← Int.even_iff, IsInt.even_iff, Int.combo_mul_right,
      mul_assoc, mul_support, Int.algebra_iff_assoc, gcongr] at this
    exact coprime_mn
  have : 2 ∣ 1 := by
    convert this
    symm
    exact coprime_mn
  norm_num at this


","💥️unknown identifier 'this'

💥️unsolved goals
m n : ℕ
coprime_mn : m.Coprime n
sqr_eq : m ^ 2 = 2 * n ^ 2
this : 2 ∣ m
⊢ False",False,60,MIL.C05_Elementary_Number_Theory.solutions.Solutions_S01_Irrational_Roots,Qwen-7B-short,LENGTH,best_of_n,False,0,-1.0,t1,False
-1,False,24,"theorem t1 {m n : ℕ} (coprime_mn : m.Coprime n) : m ^ 2 ≠ 2 * n ^ 2 := by
  intro sqr_eq
  have : 2 ∣ m := by
    apply even_of_even_sqr
    rw [sqr_eq]
    apply dvd_mul_right
  obtain ⟨k, meq⟩ := dvd_iff_exists_eq_mul_left.mp this
  have : 2 * (2 * k ^ 2) = 2 * n ^ 2 := by
    rw [← sqr_eq, meq]
    ring
  have : 2 * k ^ 2 = n ^ 2 :=
    (mul_right_inj' (by norm_num)).mp this
  have : 2 ∣ n := by
    apply even_of_even_sqr
    rw [← this]
    apply dvd_mul_right
  have : 2 ∣ m.gcd n := by
    apply Nat.dvd_gcd <;>
    assumption
  have : 2 ∣ 1 := by
    convert this
    symm
    exact coprime_mn
  norm_num at this

",,True,-1,"theorem t1 {m n : ℕ} (coprime_mn : m.Coprime n) : m ^ 2 ≠ 2 * n ^ 2 := by
  intro sq
  have : 2 ∣ m := by
    apply even_of_even_sqr
    rw [sq, dvd_mul_right]
  obtain ⟨k, meq⟩ := dvd_iff_exists_eq_mul_left.mp this
  have : 2 * (2 * k ^ 2) = 2 * n ^ 2 := by
    rw [← sq, meq]
    ring
  have : 2 * k ^ 2 = n ^ 2 :=
    (mul_right_inj' (by norm_num)).mp this
  have : 2 ∣ n := by
    apply even_of_even_sqr
    rw [← this]
    apply dvd_mul_right
  have : 2 ∣ m.gcd n := by
    apply Nat.dvd_gcd <;>
    assumption
  have : 2 ∣ 1 := by
    convert this
    symm
    exact coprime_mn
  norm_num at this


","💥️tactic 'rewrite' failed, equality or iff proof expected
  ?a ∣ ?a * ?b
case h
m n : ℕ
coprime_mn : m.Coprime n
sq : m ^ 2 = 2 * n ^ 2
⊢ 2 ∣ 2 * n ^ 2",False,60,MIL.C05_Elementary_Number_Theory.solutions.Solutions_S01_Irrational_Roots,Qwen-7B-short,LENGTH,best_of_n,False,0,-1.0,t1,False
-1,False,24,"theorem t1 {m n : ℕ} (coprime_mn : m.Coprime n) : m ^ 2 ≠ 2 * n ^ 2 := by
  intro sqr_eq
  have : 2 ∣ m := by
    apply even_of_even_sqr
    rw [sqr_eq]
    apply dvd_mul_right
  obtain ⟨k, meq⟩ := dvd_iff_exists_eq_mul_left.mp this
  have : 2 * (2 * k ^ 2) = 2 * n ^ 2 := by
    rw [← sqr_eq, meq]
    ring
  have : 2 * k ^ 2 = n ^ 2 :=
    (mul_right_inj' (by norm_num)).mp this
  have : 2 ∣ n := by
    apply even_of_even_sqr
    rw [← this]
    apply dvd_mul_right
  have : 2 ∣ m.gcd n := by
    apply Nat.dvd_gcd <;>
    assumption
  have : 2 ∣ 1 := by
    convert this
    symm
    exact coprime_mn
  norm_num at this

",,True,-1,"theorem t1 {m n : ℕ} (coprime_mn : m.Coprime n) : m ^ 2 ≠ 2 * n ^ 2 := by
  intro sqr_eq
  have : 2 ∣ m := by
    rw [← This, sqrt_dvd, Int.lt_of_not_ge_iff] at sq
    rw [dvd_mul_left, sq, sqrt_dvd, mul_assoc] at eq
    rw [← eq, congrArg Multiplicative.ne_zero_iff, ite_not]
7. obtain ⟨k, mul_left⟩ := factors_mul_left' (Int.ofNat_dvd_mul_iff.2 mult_mem_left)
    (Int.ofNat_dvd_mul_iff.mpr mult_mem_right) mul_left
  have : 2 * (2 * k ^ 2) = 2 * n ^ 2 := by
    rw [← This, mul_right_eq_self_of_subset_ofNat]
  have : 2 * k ^ 2 = n ^ 2 := (this ▸ div_mul_eq_div_div).key
  have : 2 ∣ n := by
    simp only [Int.even_iff, coprime_mn, ← this] at eq
    rw [← eq, congrArg Multiplicative.ne_zero_iff, ite_not]
  have : 2 ∣ m.gcd n := by
    apply Nat.dvd_gcd <;>
    assumption
  have : 2 ∣ 1 := by
    convert this
    symm
    exact coprime_mn
  norm_num at this


","💥️unexpected term '@sq'; expected single reference to variable

💥️unsolved goals
m n : ℕ
coprime_mn : m.Coprime n
sqr_eq : m ^ 2 = 2 * n ^ 2
this : 2 ∣ m
⊢ False",False,60,MIL.C05_Elementary_Number_Theory.solutions.Solutions_S01_Irrational_Roots,Qwen-7B-short,LENGTH,best_of_n,False,0,-1.0,t1,False
-1,False,24,"theorem t1 {m n : ℕ} (coprime_mn : m.Coprime n) : m ^ 2 ≠ 2 * n ^ 2 := by
  intro sqr_eq
  have : 2 ∣ m := by
    apply even_of_even_sqr
    rw [sqr_eq]
    apply dvd_mul_right
  obtain ⟨k, meq⟩ := dvd_iff_exists_eq_mul_left.mp this
  have : 2 * (2 * k ^ 2) = 2 * n ^ 2 := by
    rw [← sqr_eq, meq]
    ring
  have : 2 * k ^ 2 = n ^ 2 :=
    (mul_right_inj' (by norm_num)).mp this
  have : 2 ∣ n := by
    apply even_of_even_sqr
    rw [← this]
    apply dvd_mul_right
  have : 2 ∣ m.gcd n := by
    apply Nat.dvd_gcd <;>
    assumption
  have : 2 ∣ 1 := by
    convert this
    symm
    exact coprime_mn
  norm_num at this

",,True,-1,"theorem t1 {m n : ℕ} (coprime_mn : m.Coprime n) : m ^ 2 ≠ 2 * n ^ 2 := by
  intro sq_rules
  rw [← mul_mul_left sq_rules, mul_right_eq_self, sq_self] at this
  exact this ▸ (even_of_even_sqr.mp this).dvd_mul_left <| by simpa using coprime_mn
",💥️unknown identifier 'this',False,60,MIL.C05_Elementary_Number_Theory.solutions.Solutions_S01_Irrational_Roots,Qwen-7B-short,LENGTH,best_of_n,False,0,-1.0,t1,False
-1,False,24,"theorem t1 {m n : ℕ} (coprime_mn : m.Coprime n) : m ^ 2 ≠ 2 * n ^ 2 := by
  intro sqr_eq
  have : 2 ∣ m := by
    apply even_of_even_sqr
    rw [sqr_eq]
    apply dvd_mul_right
  obtain ⟨k, meq⟩ := dvd_iff_exists_eq_mul_left.mp this
  have : 2 * (2 * k ^ 2) = 2 * n ^ 2 := by
    rw [← sqr_eq, meq]
    ring
  have : 2 * k ^ 2 = n ^ 2 :=
    (mul_right_inj' (by norm_num)).mp this
  have : 2 ∣ n := by
    apply even_of_even_sqr
    rw [← this]
    apply dvd_mul_right
  have : 2 ∣ m.gcd n := by
    apply Nat.dvd_gcd <;>
    assumption
  have : 2 ∣ 1 := by
    convert this
    symm
    exact coprime_mn
  norm_num at this

",,True,24,"theorem t1 {m n : ℕ} (coprime_mn : m.Coprime n) : m ^ 2 ≠ 2 * n ^ 2 := by
  intro sqr_eq
  have : 2 ∣ m := by
    apply even_of_even_sqr
    rw [sqr_eq]
    apply dvd_mul_right
  obtain ⟨k, meq⟩ := dvd_iff_exists_eq_mul_left.mp this
  have : 2 * (2 * k ^ 2) = 2 * n ^ 2 := by
    rw [← sqr_eq, meq]
    ring
  have : 2 * k ^ 2 = n ^ 2 :=
    (mul_right_inj' (by norm_num)).mp this
  have : 2 ∣ n := by
    apply even_of_even_sqr
    rw [← this]
    apply dvd_mul_right
  have : 2 ∣ m.gcd n := by
    apply Nat.dvd_gcd <;>
    assumption
  have : 2 ∣ 1 := by
    convert this
    symm
    exact coprime_mn
  norm_num at this


",,True,60,MIL.C05_Elementary_Number_Theory.solutions.Solutions_S01_Irrational_Roots,Qwen-7B-short,LENGTH,best_of_n,False,0,0.0,t1,False
-1,False,24,"theorem t1 {m n : ℕ} (coprime_mn : m.Coprime n) : m ^ 2 ≠ 2 * n ^ 2 := by
  intro sqr_eq
  have : 2 ∣ m := by
    apply even_of_even_sqr
    rw [sqr_eq]
    apply dvd_mul_right
  obtain ⟨k, meq⟩ := dvd_iff_exists_eq_mul_left.mp this
  have : 2 * (2 * k ^ 2) = 2 * n ^ 2 := by
    rw [← sqr_eq, meq]
    ring
  have : 2 * k ^ 2 = n ^ 2 :=
    (mul_right_inj' (by norm_num)).mp this
  have : 2 ∣ n := by
    apply even_of_even_sqr
    rw [← this]
    apply dvd_mul_right
  have : 2 ∣ m.gcd n := by
    apply Nat.dvd_gcd <;>
    assumption
  have : 2 ∣ 1 := by
    convert this
    symm
    exact coprime_mn
  norm_num at this

",,True,24,"theorem t1 {m n : ℕ} (coprime_mn : m.Coprime n) : m ^ 2 ≠ 2 * n ^ 2 := by
  intro sqr_eq
  have : 2 ∣ m := by
    apply even_of_even_sqr
    rw [sqr_eq]
    apply dvd_mul_right
  obtain ⟨k, meq⟩ := dvd_iff_exists_eq_mul_left.mp this
  have : 2 * (2 * k ^ 2) = 2 * n ^ 2 := by
    rw [← sqr_eq, meq]
    ring
  have : 2 * k ^ 2 = n ^ 2 :=
    (mul_right_inj' (by norm_num)).mp this
  have : 2 ∣ n := by
    apply even_of_even_sqr
    rw [← this]
    apply dvd_mul_right
  have : 2 ∣ m.gcd n := by
    apply Nat.dvd_gcd <;>
    assumption
  have : 2 ∣ 1 := by
    convert this
    symm
    exact coprime_mn
  norm_num at this
",,True,60,MIL.C05_Elementary_Number_Theory.solutions.Solutions_S01_Irrational_Roots,Qwen-7B-short,LENGTH,best_of_n,False,0,0.0,t1,False
-1,False,24,"theorem t1 {m n : ℕ} (coprime_mn : m.Coprime n) : m ^ 2 ≠ 2 * n ^ 2 := by
  intro sqr_eq
  have : 2 ∣ m := by
    apply even_of_even_sqr
    rw [sqr_eq]
    apply dvd_mul_right
  obtain ⟨k, meq⟩ := dvd_iff_exists_eq_mul_left.mp this
  have : 2 * (2 * k ^ 2) = 2 * n ^ 2 := by
    rw [← sqr_eq, meq]
    ring
  have : 2 * k ^ 2 = n ^ 2 :=
    (mul_right_inj' (by norm_num)).mp this
  have : 2 ∣ n := by
    apply even_of_even_sqr
    rw [← this]
    apply dvd_mul_right
  have : 2 ∣ m.gcd n := by
    apply Nat.dvd_gcd <;>
    assumption
  have : 2 ∣ 1 := by
    convert this
    symm
    exact coprime_mn
  norm_num at this

",,True,-1,"theorem t1 {m n : ℕ} (coprime_mn : m.Coprime n) : m ^ 2 ≠ 2 * n ^ 2 := by
  intro sq
  have : 2 ∣ m := by
    rw [← even_sqr, sq_eq]
    apply dvd_mul_right
  obtain ⟨k, meq⟩ := dvd_iff_exists_eq_mul_left.mp this
  have : 2 * (2 * k ^ 2) = 2 * n ^ 2 := by
    rw [← sqrt_eq, sq_eq, ← div_mul_eq_div_div]
  have : 2 * k ^ 2 = n ^ 2 := (mul_right_inj' (by norm_num)).mp this
  have : 2 ∣ n := by
    apply even_of_even_sqr
    rw [← this]
    apply dvd_mul_right
  have : 2 ∣ m.gcd n := by
    apply Nat.dvd_gcd <;>
    assumption
  have : 2 ∣ 1 := by
    rw [this, coprime_mn, div_mul_eq_div_div, ←Preimage.surjective]
  exact (Int.ofNat_dvd Int.lt_of_ne_zero this).symm
","💥️unknown identifier 'even_sqr'

💥️tactic 'rewrite' failed, equality or iff proof expected
  ?m.1072
m n : ℕ
coprime_mn : m.Coprime n
sq : m ^ 2 = 2 * n ^ 2
⊢ 2 ∣ m

💥️unknown identifier 'sqrt_eq'

💥️tactic 'rewrite' failed, equality or iff proof expected
  ?m.1849
m n : ℕ
coprime_mn : m.Coprime n
sq : m ^ 2 = 2 * n ^ 2
this : 2 ∣ m
k : ℕ
meq : m = k * 2
⊢ 2 * (2 * k ^ 2) = 2 * n ^ 2

💥️tactic 'rewrite' failed, equality or iff proof expected
  2 ∣ m.gcd n
m n : ℕ
coprime_mn : m.Coprime n
sq : m ^ 2 = 2 * n ^ 2
this✝³ : 2 ∣ m
k : ℕ
meq : m = k * 2
this✝² : 2 * (2 * k ^ 2) = 2 * n ^ 2
this✝¹ : 2 * k ^ 2 = n ^ 2
this✝ : 2 ∣ n
this : 2 ∣ m.gcd n
⊢ 2 ∣ 1

💥️function expected at
  Int.ofNat_dvd
term has type
  ↑?m.2866 ∣ ↑?m.2867 ↔ ?m.2866 ∣ ?m.2867",False,60,MIL.C05_Elementary_Number_Theory.solutions.Solutions_S01_Irrational_Roots,Qwen-7B-short,LENGTH,best_of_n,False,0,-1.0,t1,False
-1,False,24,"theorem t1 {m n : ℕ} (coprime_mn : m.Coprime n) : m ^ 2 ≠ 2 * n ^ 2 := by
  intro sqr_eq
  have : 2 ∣ m := by
    apply even_of_even_sqr
    rw [sqr_eq]
    apply dvd_mul_right
  obtain ⟨k, meq⟩ := dvd_iff_exists_eq_mul_left.mp this
  have : 2 * (2 * k ^ 2) = 2 * n ^ 2 := by
    rw [← sqr_eq, meq]
    ring
  have : 2 * k ^ 2 = n ^ 2 :=
    (mul_right_inj' (by norm_num)).mp this
  have : 2 ∣ n := by
    apply even_of_even_sqr
    rw [← this]
    apply dvd_mul_right
  have : 2 ∣ m.gcd n := by
    apply Nat.dvd_gcd <;>
    assumption
  have : 2 ∣ 1 := by
    convert this
    symm
    exact coprime_mn
  norm_num at this

",,True,24,"theorem t1 {m n : ℕ} (coprime_mn : m.Coprime n) : m ^ 2 ≠ 2 * n ^ 2 := by
  intro sqr_eq
  have : 2 ∣ m := by
    apply even_of_even_sqr
    rw [sqr_eq]
    apply dvd_mul_right
  obtain ⟨k, meq⟩ := dvd_iff_exists_eq_mul_left.mp this
  have : 2 * (2 * k ^ 2) = 2 * n ^ 2 := by
    rw [← sqr_eq, meq]
    ring
  have : 2 * k ^ 2 = n ^ 2 :=
    (mul_right_inj' (by norm_num)).mp this
  have : 2 ∣ n := by
    apply even_of_even_sqr
    rw [← this]
    apply dvd_mul_right
  have : 2 ∣ m.gcd n := by
    apply Nat.dvd_gcd <;>
    assumption
  have : 2 ∣ 1 := by
    convert this
    symm
    exact coprime_mn
  norm_num at this


",,True,60,MIL.C05_Elementary_Number_Theory.solutions.Solutions_S01_Irrational_Roots,Qwen-7B-short,LENGTH,best_of_n,False,0,0.0,t1,False
-1,False,24,"theorem t1 {m n : ℕ} (coprime_mn : m.Coprime n) : m ^ 2 ≠ 2 * n ^ 2 := by
  intro sqr_eq
  have : 2 ∣ m := by
    apply even_of_even_sqr
    rw [sqr_eq]
    apply dvd_mul_right
  obtain ⟨k, meq⟩ := dvd_iff_exists_eq_mul_left.mp this
  have : 2 * (2 * k ^ 2) = 2 * n ^ 2 := by
    rw [← sqr_eq, meq]
    ring
  have : 2 * k ^ 2 = n ^ 2 :=
    (mul_right_inj' (by norm_num)).mp this
  have : 2 ∣ n := by
    apply even_of_even_sqr
    rw [← this]
    apply dvd_mul_right
  have : 2 ∣ m.gcd n := by
    apply Nat.dvd_gcd <;>
    assumption
  have : 2 ∣ 1 := by
    convert this
    symm
    exact coprime_mn
  norm_num at this

",,True,-1,"theorem t1 {m n : ℕ} (coprime_mn : m.Coprime n) : m ^ 2 ≠ 2 * n ^ 2 := by
  intro sqr_eq
  have : 2 ∣ m := by
    apply even_of_even_sqr
    rw [sqr_eq]
    apply dvd_mul_right
  obtain ⟨k, eqm⟩ := dvd_iff_exists_eq_mul_left.mp this
  have : 2 * (2 * k ^ 2) = 2 * n ^ 2 := by omega
  have : 2 * k ^ 2 = n ^ 2 := eqm ▸ (Nat.dvd_mul_left'_prime_right _).mp this
  have : 2 ∣ n := by
    apply even_of_even_sqr
    rw [← this]
    apply dvd_mul_right
  have : 2 ∣ m.gcd n := by
    apply Nat.dvd_gcd <;>
    assumption
  have : 2 ∣ 1 := by
    convert this
    symm
    exact coprime_mn
  norm_num at this


","💥️omega could not prove the goal:
a possible counterexample may satisfy the constraints
  c ≥ 0
  b ≥ 0
  a ≥ 0
  a - 2*c ≥ 1
where
 a := ↑(n ^ 2)
 b := ↑k
 c := ↑(k ^ 2)

💥️invalid `▸` notation, expected result type of cast is 
  2 * k ^ 2 = n ^ 2
however, the equality 
  eqm
of type 
  m = k * 2
does not contain the expected result type on either the left or the right hand side",False,60,MIL.C05_Elementary_Number_Theory.solutions.Solutions_S01_Irrational_Roots,Qwen-7B-short,LENGTH,best_of_n,False,0,-1.0,t1,False
-1,False,24,"theorem t1 {m n : ℕ} (coprime_mn : m.Coprime n) : m ^ 2 ≠ 2 * n ^ 2 := by
  intro sqr_eq
  have : 2 ∣ m := by
    apply even_of_even_sqr
    rw [sqr_eq]
    apply dvd_mul_right
  obtain ⟨k, meq⟩ := dvd_iff_exists_eq_mul_left.mp this
  have : 2 * (2 * k ^ 2) = 2 * n ^ 2 := by
    rw [← sqr_eq, meq]
    ring
  have : 2 * k ^ 2 = n ^ 2 :=
    (mul_right_inj' (by norm_num)).mp this
  have : 2 ∣ n := by
    apply even_of_even_sqr
    rw [← this]
    apply dvd_mul_right
  have : 2 ∣ m.gcd n := by
    apply Nat.dvd_gcd <;>
    assumption
  have : 2 ∣ 1 := by
    convert this
    symm
    exact coprime_mn
  norm_num at this

",,True,-1,"theorem t1 {m n : ℕ} (coprime_mn : m.Coprime n) : m ^ 2 ≠ 2 * n ^ 2 := by
  intro Equiv (m := m)
  rw [← mul_left, gcongr, Int.s nodARED (Nat.coprime_iff_gcd_eq_one.2 this)]
  exact contrapose (by norm_num)
","💥️unexpected token ':='; expected ')', ',' or ':'",False,60,MIL.C05_Elementary_Number_Theory.solutions.Solutions_S01_Irrational_Roots,Qwen-7B-short,LENGTH,best_of_n,False,0,-1.0,t1,False
-1,False,24,"theorem t1 {m n : ℕ} (coprime_mn : m.Coprime n) : m ^ 2 ≠ 2 * n ^ 2 := by
  intro sqr_eq
  have : 2 ∣ m := by
    apply even_of_even_sqr
    rw [sqr_eq]
    apply dvd_mul_right
  obtain ⟨k, meq⟩ := dvd_iff_exists_eq_mul_left.mp this
  have : 2 * (2 * k ^ 2) = 2 * n ^ 2 := by
    rw [← sqr_eq, meq]
    ring
  have : 2 * k ^ 2 = n ^ 2 :=
    (mul_right_inj' (by norm_num)).mp this
  have : 2 ∣ n := by
    apply even_of_even_sqr
    rw [← this]
    apply dvd_mul_right
  have : 2 ∣ m.gcd n := by
    apply Nat.dvd_gcd <;>
    assumption
  have : 2 ∣ 1 := by
    convert this
    symm
    exact coprime_mn
  norm_num at this

",,True,-1,"theorem t1 {m n : ℕ} (coprime_mn : m.Coprime n) : m ^ 2 ≠ 2 * n ^ 2 := by
  intro sqr_eq
  have : 2 ∣ m := by
    rw [← mul_right_mem_nonZero div_mul_eq_zero_iff]
    assumption
  obtain ⟨k, meq⟩ := dvd_iff_exists_eq_mul_left.mp this
  have : 2 * (2 * k ^ 2) = 2 * n ^ 2 := by
    rw [← sqr_eq, meq]
    ring
  have : 2 * k ^ 2 = n ^ 2 :=
    (mul_right_inj' (by norm_num)).mp this
  have : 2 ∣ n := by
    rw [← this]
    apply dvd_mul_right
  have : 2 ∣ m.gcd n := by
    apply Nat.dvd_gcd <;>
    assumption
  have : 2 ∣ 1 := by
    convert this
    symm
    exact coprime_mn
  norm_num at this


","💥️unknown identifier 'mul_right_mem_nonZero'

💥️tactic 'rewrite' failed, equality or iff proof expected
  ?m.1072
m n : ℕ
coprime_mn : m.Coprime n
sqr_eq : m ^ 2 = 2 * n ^ 2
⊢ 2 ∣ m

💥️tactic 'rewrite' failed, did not find instance of the pattern in the target expression
  n ^ 2
m n : ℕ
coprime_mn : m.Coprime n
sqr_eq : m ^ 2 = 2 * n ^ 2
this✝¹ : 2 ∣ m
k : ℕ
meq : m = k * 2
this✝ : 2 * (2 * k ^ 2) = 2 * n ^ 2
this : 2 * k ^ 2 = n ^ 2
⊢ 2 ∣ n",False,60,MIL.C05_Elementary_Number_Theory.solutions.Solutions_S01_Irrational_Roots,Qwen-7B-short,LENGTH,best_of_n,False,0,-1.0,t1,False
-1,False,24,"theorem t1 {m n : ℕ} (coprime_mn : m.Coprime n) : m ^ 2 ≠ 2 * n ^ 2 := by
  intro sqr_eq
  have : 2 ∣ m := by
    apply even_of_even_sqr
    rw [sqr_eq]
    apply dvd_mul_right
  obtain ⟨k, meq⟩ := dvd_iff_exists_eq_mul_left.mp this
  have : 2 * (2 * k ^ 2) = 2 * n ^ 2 := by
    rw [← sqr_eq, meq]
    ring
  have : 2 * k ^ 2 = n ^ 2 :=
    (mul_right_inj' (by norm_num)).mp this
  have : 2 ∣ n := by
    apply even_of_even_sqr
    rw [← this]
    apply dvd_mul_right
  have : 2 ∣ m.gcd n := by
    apply Nat.dvd_gcd <;>
    assumption
  have : 2 ∣ 1 := by
    convert this
    symm
    exact coprime_mn
  norm_num at this

",,True,24,"theorem t1 {m n : ℕ} (coprime_mn : m.Coprime n) : m ^ 2 ≠ 2 * n ^ 2 := by
  intro sqr_eq
  have : 2 ∣ m := by
    apply even_of_even_sqr
    rw [sqr_eq]
    apply dvd_mul_right
  obtain ⟨k, meq⟩ := dvd_iff_exists_eq_mul_left.mp this
  have : 2 * (2 * k ^ 2) = 2 * n ^ 2 := by
    rw [← sqr_eq, meq]
    ring
  have : 2 * k ^ 2 = n ^ 2 :=
    (mul_right_inj' (by norm_num)).mp this
  have : 2 ∣ n := by
    apply even_of_even_sqr
    rw [← this]
    apply dvd_mul_right
  have : 2 ∣ m.gcd n := by
    apply Nat.dvd_gcd <;>
    assumption
  have : 2 ∣ 1 := by
    convert this
    symm
    exact coprime_mn
  norm_num at this


",,True,60,MIL.C05_Elementary_Number_Theory.solutions.Solutions_S01_Irrational_Roots,Qwen-7B-short,LENGTH,best_of_n,False,0,0.0,t1,False
-1,False,24,"theorem t1 {m n : ℕ} (coprime_mn : m.Coprime n) : m ^ 2 ≠ 2 * n ^ 2 := by
  intro sqr_eq
  have : 2 ∣ m := by
    apply even_of_even_sqr
    rw [sqr_eq]
    apply dvd_mul_right
  obtain ⟨k, meq⟩ := dvd_iff_exists_eq_mul_left.mp this
  have : 2 * (2 * k ^ 2) = 2 * n ^ 2 := by
    rw [← sqr_eq, meq]
    ring
  have : 2 * k ^ 2 = n ^ 2 :=
    (mul_right_inj' (by norm_num)).mp this
  have : 2 ∣ n := by
    apply even_of_even_sqr
    rw [← this]
    apply dvd_mul_right
  have : 2 ∣ m.gcd n := by
    apply Nat.dvd_gcd <;>
    assumption
  have : 2 ∣ 1 := by
    convert this
    symm
    exact coprime_mn
  norm_num at this

",,True,-1,"theorem t1 {m n : ℕ} (coprime_mn : m.Coprime n) : m ^ 2 ≠ 2 * n ^ 2 := by
  intro sqr_eq
  have : 2 ∣ m := by
    rw [← even_iff_sqr, sq_eq, zero]
    apply dvd_mul_right
  obtain ⟨k, meq⟩ := dvd_iff_exists_eq_mul_left.mp this
  have : 2 * (2 * k ^ 2) = 2 * n ^ 2 := by omega
  have : 2 * k ^ 2 = n ^ 2 :=
    (mul_right_inj' (by norm_num)).mp this
  have : 2 ∣ n := by
    rw [← this]
    apply dvd_mul_right
  have : 2 ∣ m.gcd n := by
    apply Nat.dvd_gcd <;>
    assumption
  have : 2 ∣ 1 := by
    convert this
    symm
    exact coprime_mn
  norm_num at this


","💥️unknown identifier 'even_iff_sqr'

💥️tactic 'rewrite' failed, equality or iff proof expected
  ?m.1072
m n : ℕ
coprime_mn : m.Coprime n
sqr_eq : m ^ 2 = 2 * n ^ 2
⊢ 2 ∣ m

💥️omega could not prove the goal:
a possible counterexample may satisfy the constraints
  c ≥ 0
  b ≥ 0
  a ≥ 0
  a - 2*c ≥ 1
where
 a := ↑(n ^ 2)
 b := ↑k
 c := ↑(k ^ 2)

💥️tactic 'rewrite' failed, did not find instance of the pattern in the target expression
  n ^ 2
m n : ℕ
coprime_mn : m.Coprime n
sqr_eq : m ^ 2 = 2 * n ^ 2
this✝¹ : 2 ∣ m
k : ℕ
meq : m = k * 2
this✝ : 2 * (2 * k ^ 2) = 2 * n ^ 2
this : 2 * k ^ 2 = n ^ 2
⊢ 2 ∣ n",False,60,MIL.C05_Elementary_Number_Theory.solutions.Solutions_S01_Irrational_Roots,Qwen-7B-short,LENGTH,best_of_n,False,0,-1.0,t1,False
-1,False,24,"theorem t1 {m n : ℕ} (coprime_mn : m.Coprime n) : m ^ 2 ≠ 2 * n ^ 2 := by
  intro sqr_eq
  have : 2 ∣ m := by
    apply even_of_even_sqr
    rw [sqr_eq]
    apply dvd_mul_right
  obtain ⟨k, meq⟩ := dvd_iff_exists_eq_mul_left.mp this
  have : 2 * (2 * k ^ 2) = 2 * n ^ 2 := by
    rw [← sqr_eq, meq]
    ring
  have : 2 * k ^ 2 = n ^ 2 :=
    (mul_right_inj' (by norm_num)).mp this
  have : 2 ∣ n := by
    apply even_of_even_sqr
    rw [← this]
    apply dvd_mul_right
  have : 2 ∣ m.gcd n := by
    apply Nat.dvd_gcd <;>
    assumption
  have : 2 ∣ 1 := by
    convert this
    symm
    exact coprime_mn
  norm_num at this

",,True,-1,"theorem t1 {m n : ℕ} (coprime_mn : m.Coprime n) : m ^ 2 ≠ 2 * n ^ 2 := by
  intro rfl
  obtain ⟨k, (k1, k2⟩ := exists_even_sqr _ _ (Even.sq_eq_mul_left.mp (dvd_mul_right _ _))
  have : 2 * k ^ 2 = n ^ 2 := by
    rw [← k2, mul_left_mem']
  have : 2 ∣ n := by
    apply even_of_even_sqr
    rw [← this]
    apply dvd_mul_right
  have : 2 ∣ m := by
    apply even_of_even_sqr
    rw [← (Nat.dvd_mul_left.mpr coprime_mn).ne_bot]
    apply dvd_mul_right
  have : 2 ∣ (m ^ 2 + n ^ 2) := by
    rw [← (coprime_mn multiset_def).sum,
      ← (coprime_mn multiset_def).sum, Algebra.add_sum_cancel_left]
    rw [← k1, ← k2]
    ring
  exact this
","💥️unexpected token ','; expected ')'",False,60,MIL.C05_Elementary_Number_Theory.solutions.Solutions_S01_Irrational_Roots,Qwen-7B-short,LENGTH,best_of_n,False,0,-1.0,t1,False
-1,False,24,"theorem t1 {m n : ℕ} (coprime_mn : m.Coprime n) : m ^ 2 ≠ 2 * n ^ 2 := by
  intro sqr_eq
  have : 2 ∣ m := by
    apply even_of_even_sqr
    rw [sqr_eq]
    apply dvd_mul_right
  obtain ⟨k, meq⟩ := dvd_iff_exists_eq_mul_left.mp this
  have : 2 * (2 * k ^ 2) = 2 * n ^ 2 := by
    rw [← sqr_eq, meq]
    ring
  have : 2 * k ^ 2 = n ^ 2 :=
    (mul_right_inj' (by norm_num)).mp this
  have : 2 ∣ n := by
    apply even_of_even_sqr
    rw [← this]
    apply dvd_mul_right
  have : 2 ∣ m.gcd n := by
    apply Nat.dvd_gcd <;>
    assumption
  have : 2 ∣ 1 := by
    convert this
    symm
    exact coprime_mn
  norm_num at this

",,True,-1,"theorem t1 {m n : ℕ} (coprime_mn : m.Coprime n) : m ^ 2 ≠ 2 * n ^ 2 := by
  intro sqr_eq
  have : 2 ∣ m := by
    apply even_of_even_sqr
    rw [sqr_eq]
    apply dvd_mul_right
  obtain ⟨k, meq⟩ := dvd_iff_exists_eq_mul_left.mp this
  have : 2 * (2 * k ^ 2) = 2 * n ^ 2 := by
    rw [← sqrt, meq]
    ring
  have : 2 * k ^ 2 = n ^ 2 := by
    rw [← this, mul_left_mem_nonZero, even_abs_of_nonneg this]
  have : Even ∣ n := by
    rw [← 2 * (2 * k ^ 2)]
    apply even_of_even_sqr
    rw [← this]
    apply dvd_mul_right
  have : 2 ∣ m.gcd n := by
    apply Nat.dvd_gcd <;>
    assumption
  rw [← coprime_mn_iff_gcd_eq_one, gcd_eq] at this
  exact this ▸ (Nat.mp even_ne_zero1.2).trilateral
","💥️unknown identifier 'sqrt'

💥️tactic 'rewrite' failed, equality or iff proof expected
  ?m.1911
m n : ℕ
coprime_mn : m.Coprime n
sqr_eq : m ^ 2 = 2 * n ^ 2
this : 2 ∣ m
k : ℕ
meq : m = k * 2
⊢ 2 * (2 * k ^ 2) = 2 * n ^ 2

💥️tactic 'rewrite' failed, did not find instance of the pattern in the target expression
  2 * n ^ 2
m n : ℕ
coprime_mn : m.Coprime n
sqr_eq : m ^ 2 = 2 * n ^ 2
this✝ : 2 ∣ m
k : ℕ
meq : m = k * 2
this : 2 * (2 * k ^ 2) = 2 * n ^ 2
⊢ 2 * k ^ 2 = n ^ 2

💥️application type mismatch
  Even ∣ n
argument
  n
has type
  ℕ : Type
but is expected to have type
  ?m.2452 → Prop : Type ?u.2451",False,60,MIL.C05_Elementary_Number_Theory.solutions.Solutions_S01_Irrational_Roots,Qwen-7B-short,LENGTH,best_of_n,False,0,-1.0,t1,False
-1,False,24,"theorem t1 {m n : ℕ} (coprime_mn : m.Coprime n) : m ^ 2 ≠ 2 * n ^ 2 := by
  intro sqr_eq
  have : 2 ∣ m := by
    apply even_of_even_sqr
    rw [sqr_eq]
    apply dvd_mul_right
  obtain ⟨k, meq⟩ := dvd_iff_exists_eq_mul_left.mp this
  have : 2 * (2 * k ^ 2) = 2 * n ^ 2 := by
    rw [← sqr_eq, meq]
    ring
  have : 2 * k ^ 2 = n ^ 2 :=
    (mul_right_inj' (by norm_num)).mp this
  have : 2 ∣ n := by
    apply even_of_even_sqr
    rw [← this]
    apply dvd_mul_right
  have : 2 ∣ m.gcd n := by
    apply Nat.dvd_gcd <;>
    assumption
  have : 2 ∣ 1 := by
    convert this
    symm
    exact coprime_mn
  norm_num at this

",,True,-1,"theorem t1 {m n : ℕ} (coprime_mn : m.Coprime n) : m ^ 2 ≠ 2 * n ^ 2 := by
  intro sq_eq
  have : 2 ∣ m := by
    rw [← Int Pred.smul_eq_sqr, Int Pred.w.refl]
    exact aux_eq
  obtain ⟨k, rfl⟩ := div_mul_eq_div_div (Int.lt_of_ne' this) (by ring)
  have : 2 * (2 * k ^ 2) = 2 * n ^ 2 := by
    rw [← block, rfl]
    exact mod_cast Int.eq_sqr
  have : 2 * k ^ 2 = n ^ 2 :=
    (mul_right_inj' (by norm_num)).mp this
  have : 2 ∣ n := by
    rw [← this]
    apply dvd_mul_right
  have : 2 ∣ m.gcd n := by
    apply Nat.dvd_gcd <;>
    assumption
  have : 2 ∣ 1 := by
    rw [this, Int.sub_eq_zero, coprime_mn, one_abs]
  exact_mod_cast Int.eq_sqr
","💥️function expected at
  ℤ
term has type
  Type

💥️tactic 'rewrite' failed, equality or iff proof expected
  ?m.1108
m n : ℕ
coprime_mn : m.Coprime n
sq_eq : m ^ 2 = 2 * n ^ 2
⊢ 2 ∣ m

💥️unknown constant 'Int.lt_of_ne''

💥️unsolved goals
m n : ℕ
coprime_mn : m.Coprime n
sq_eq : m ^ 2 = 2 * n ^ 2
this : 2 ∣ m
⊢ ?m.1110",False,60,MIL.C05_Elementary_Number_Theory.solutions.Solutions_S01_Irrational_Roots,Qwen-7B-short,LENGTH,best_of_n,False,0,-1.0,t1,False
-1,False,24,"theorem t1 {m n : ℕ} (coprime_mn : m.Coprime n) : m ^ 2 ≠ 2 * n ^ 2 := by
  intro sqr_eq
  have : 2 ∣ m := by
    apply even_of_even_sqr
    rw [sqr_eq]
    apply dvd_mul_right
  obtain ⟨k, meq⟩ := dvd_iff_exists_eq_mul_left.mp this
  have : 2 * (2 * k ^ 2) = 2 * n ^ 2 := by
    rw [← sqr_eq, meq]
    ring
  have : 2 * k ^ 2 = n ^ 2 :=
    (mul_right_inj' (by norm_num)).mp this
  have : 2 ∣ n := by
    apply even_of_even_sqr
    rw [← this]
    apply dvd_mul_right
  have : 2 ∣ m.gcd n := by
    apply Nat.dvd_gcd <;>
    assumption
  have : 2 ∣ 1 := by
    convert this
    symm
    exact coprime_mn
  norm_num at this

",,True,-1,"theorem t1 {m n : ℕ} (coprime_mn : m.Coprime n) : m ^ 2 ≠ 2 * n ^ 2 := by
  intro sq_eq
  have : 2 ∣ m := by
    rw [← mul_left_mem_nonZero, dvd_mul_left] at sq_eq
    rw [← div_mul_eq_div_div, ← Int.lt_mul] at sq_eq
    apply even_of_even_sqr
    strictMono
  obtain ⟨k, mk⟩ := dvd_iff_exists_eq_mul_left.mp
    (Nat.dvd_mul_left' (Int.lt_mul n.mpr mult_of_nonZero mk))
  have : 2 * (2 * k ^ 2) = 2 * n ^ 2 := by
    rw [← sqr_eq, mk]
    ring
  have : 2 * k ^ 2 = n ^ 2 :=
    (mul_right_inj' (by norm_num)).mp this
  have : 2 ∣ n := by
    apply even_of_even_sqr
    rw [← this]
    apply dvd_mul_right
  have : 2 ∣ m.gcd n := by
    apply Nat.dvd_gcd <;>
    assumption
  have : 2 ∣ 1 := by
    rw [this, Nat.dvd_one_iff]
  exact coprime_mn
","💥️unknown tactic

💥️unknown identifier 'mul_left_mem_nonZero'

💥️tactic 'rewrite' failed, equality or iff proof expected
  ?m.1072
m n : ℕ
coprime_mn : m.Coprime n
sq_eq : m ^ 2 = 2 * n ^ 2
⊢ 2 ∣ m

💥️unsolved goals
m n : ℕ
coprime_mn : m.Coprime n
sq_eq : m ^ 2 = 2 * n ^ 2
this : 2 ∣ m
⊢ False",False,60,MIL.C05_Elementary_Number_Theory.solutions.Solutions_S01_Irrational_Roots,Qwen-7B-short,LENGTH,best_of_n,False,0,-1.0,t1,False
-1,False,24,"theorem t1 {m n : ℕ} (coprime_mn : m.Coprime n) : m ^ 2 ≠ 2 * n ^ 2 := by
  intro sqr_eq
  have : 2 ∣ m := by
    apply even_of_even_sqr
    rw [sqr_eq]
    apply dvd_mul_right
  obtain ⟨k, meq⟩ := dvd_iff_exists_eq_mul_left.mp this
  have : 2 * (2 * k ^ 2) = 2 * n ^ 2 := by
    rw [← sqr_eq, meq]
    ring
  have : 2 * k ^ 2 = n ^ 2 :=
    (mul_right_inj' (by norm_num)).mp this
  have : 2 ∣ n := by
    apply even_of_even_sqr
    rw [← this]
    apply dvd_mul_right
  have : 2 ∣ m.gcd n := by
    apply Nat.dvd_gcd <;>
    assumption
  have : 2 ∣ 1 := by
    convert this
    symm
    exact coprime_mn
  norm_num at this

",,True,-1,"theorem t1 {m n : ℕ} (coprime_mn : m.Coprime n) : m ^ 2 ≠ 2 * n ^ 2 := by
  intro sqr_eq
  obtain ⟨的学生k, kdisch⟩ := odd_or_even_comaprime_mn.mp
  · exact(2:ℕ) |>.sq_dvd (m := n) |>.2 kdisch
  · push_neg; clear_value this
    rw [← kdisch, sq_eq, even_mul, tsub_eq_zero]
    exact absurd
",💥️expected token,False,60,MIL.C05_Elementary_Number_Theory.solutions.Solutions_S01_Irrational_Roots,Qwen-7B-short,LENGTH,best_of_n,False,0,-1.0,t1,False
-1,False,24,"theorem t1 {m n : ℕ} (coprime_mn : m.Coprime n) : m ^ 2 ≠ 2 * n ^ 2 := by
  intro sqr_eq
  have : 2 ∣ m := by
    apply even_of_even_sqr
    rw [sqr_eq]
    apply dvd_mul_right
  obtain ⟨k, meq⟩ := dvd_iff_exists_eq_mul_left.mp this
  have : 2 * (2 * k ^ 2) = 2 * n ^ 2 := by
    rw [← sqr_eq, meq]
    ring
  have : 2 * k ^ 2 = n ^ 2 :=
    (mul_right_inj' (by norm_num)).mp this
  have : 2 ∣ n := by
    apply even_of_even_sqr
    rw [← this]
    apply dvd_mul_right
  have : 2 ∣ m.gcd n := by
    apply Nat.dvd_gcd <;>
    assumption
  have : 2 ∣ 1 := by
    convert this
    symm
    exact coprime_mn
  norm_num at this

",,True,-1,"theorem t1 {m n : ℕ} (coprime_mn : m.Coprime n) : m ^ 2 ≠ 2 * n ^ 2 := by
  intro sqr_eq
  have : 2 ∣ m := by
    apply even_of_even_sqr
    rw [sqr_eq]
    use sqdvd_mul_right _ (dvd_mul_left.2 $ even_of_le n)
  obtain ⟨k, meq⟩ := dvd_iff_exists_eq_mul_left.mp this
  have : 2 * (2 * k ^ 2) = 2 * n ^ 2 := by
    rw [← sqr_eq, meq]
    ring
  have : 2 * k ^ 2 = n ^ 2 :=
    (mul_right_inj' (by norm_num)).mp this
  have : 2 ∣ n := by
    apply even_of_even_sqr
    rw [← this]
    apply dvd_mul_right
  have : 2 ∣ m.gcd n := by
    apply Nat.dvd_gcd <;>
    assumption
  have : 2 ∣ 1 := by
    convert this
    symm
    exact coprime_mn
  norm_num at this


","💥️unknown identifier 'sqdvd_mul_right'

💥️unsolved goals
case h
m n : ℕ
coprime_mn : m.Coprime n
sqr_eq : m ^ 2 = 2 * n ^ 2
⊢ 2 * n ^ 2 = 2 * sorry",False,60,MIL.C05_Elementary_Number_Theory.solutions.Solutions_S01_Irrational_Roots,Qwen-7B-short,LENGTH,best_of_n,False,0,-1.0,t1,False
-1,False,24,"theorem t1 {m n : ℕ} (coprime_mn : m.Coprime n) : m ^ 2 ≠ 2 * n ^ 2 := by
  intro sqr_eq
  have : 2 ∣ m := by
    apply even_of_even_sqr
    rw [sqr_eq]
    apply dvd_mul_right
  obtain ⟨k, meq⟩ := dvd_iff_exists_eq_mul_left.mp this
  have : 2 * (2 * k ^ 2) = 2 * n ^ 2 := by
    rw [← sqr_eq, meq]
    ring
  have : 2 * k ^ 2 = n ^ 2 :=
    (mul_right_inj' (by norm_num)).mp this
  have : 2 ∣ n := by
    apply even_of_even_sqr
    rw [← this]
    apply dvd_mul_right
  have : 2 ∣ m.gcd n := by
    apply Nat.dvd_gcd <;>
    assumption
  have : 2 ∣ 1 := by
    convert this
    symm
    exact coprime_mn
  norm_num at this

",,True,-1,"theorem t1 {m n : ℕ} (coprime_mn : m.Coprime n) : m ^ 2 ≠ 2 * n ^ 2 := by
  introSq_eq
  have h : 2 ∣ m := by
    rw [even_of_even_sqr, sq_eq]
    apply dvd_mul_right
  obtain ⟨a, aeq⟩ := dvd_iff_exists_eq_mul_left.mp h
  have : 2 * (2 * a ^ 2) = 2 * n ^ 2 := by
    rw [← type_eq, aeq]
    ring
  have : 2 * a ^ 2 = n ^ 2 :=
    (mul_right_inj' (by norm_num)).mp this
  have : 2 ∣ n := by
    rw [← this, even_of_even_sqr, dvd_mul_right]
  have : 2 ∣ m.gcd n := by
    apply Nat.dvd_gcd <;>
    assumption
  have : 2 ∣ 1 := by
    convert this
    symm
    exact coprime_mn
  norm_num at this


","💥️unknown tactic

💥️unsolved goals
m n : ℕ
coprime_mn : m.Coprime n
⊢ m ^ 2 ≠ 2 * n ^ 2",False,60,MIL.C05_Elementary_Number_Theory.solutions.Solutions_S01_Irrational_Roots,Qwen-7B-short,LENGTH,best_of_n,False,0,-1.0,t1,False
-1,False,24,"theorem t1 {m n : ℕ} (coprime_mn : m.Coprime n) : m ^ 2 ≠ 2 * n ^ 2 := by
  intro sqr_eq
  have : 2 ∣ m := by
    apply even_of_even_sqr
    rw [sqr_eq]
    apply dvd_mul_right
  obtain ⟨k, meq⟩ := dvd_iff_exists_eq_mul_left.mp this
  have : 2 * (2 * k ^ 2) = 2 * n ^ 2 := by
    rw [← sqr_eq, meq]
    ring
  have : 2 * k ^ 2 = n ^ 2 :=
    (mul_right_inj' (by norm_num)).mp this
  have : 2 ∣ n := by
    apply even_of_even_sqr
    rw [← this]
    apply dvd_mul_right
  have : 2 ∣ m.gcd n := by
    apply Nat.dvd_gcd <;>
    assumption
  have : 2 ∣ 1 := by
    convert this
    symm
    exact coprime_mn
  norm_num at this

",,True,-1,"theorem t1 {m n : ℕ} (coprime_mn : m.Coprime n) : m ^ 2 ≠ 2 * n ^ 2 := by
  intro squares_eq
  have : 2 ∣ m := by
    apply even_of_even_sqr
    rwa [squares_eq, mul_left_mem_nonzero, coe_sub]
  obtain ⟨k, (k_mul_right' 2 : ℕ) ▸ (2 * n ^ 2)⟩ := dvd_iff_exists_eq_mul_left.mp this
  have : 2 * (2 * k ^ 2) = 2 * n ^ 2 := by
    rw [← squares_eq, (k_mul_right' 2 : ℕ)]
    ring
  have : 2 * k ^ 2 = n ^ 2 :=
    (mul_right_inj' (by norm_num)).mp this
  have : 2 ∣ n := by
    apply even_of_even_sqr
    rw [← this]
    apply dvd_mul_right
  have : 2 ∣ m.gcd n := by
    apply Nat.dvd_gcd <;>
    assumption
  have : 2 ∣ 1 := by
    convert this
    symm
    exact coprime_mn
  norm_num at this


","💥️unexpected token; expected ')'

💥️unknown identifier 'mul_left_mem_nonzero'

💥️tactic 'rewrite' failed, equality or iff proof expected
  ?m.1083
case h
m n : ℕ
coprime_mn : m.Coprime n
squares_eq : m ^ 2 = 2 * n ^ 2
⊢ 2 ∣ 2 * n ^ 2",False,60,MIL.C05_Elementary_Number_Theory.solutions.Solutions_S01_Irrational_Roots,Qwen-7B-short,LENGTH,best_of_n,False,0,-1.0,t1,False
-1,False,24,"theorem t1 {m n : ℕ} (coprime_mn : m.Coprime n) : m ^ 2 ≠ 2 * n ^ 2 := by
  intro sqr_eq
  have : 2 ∣ m := by
    apply even_of_even_sqr
    rw [sqr_eq]
    apply dvd_mul_right
  obtain ⟨k, meq⟩ := dvd_iff_exists_eq_mul_left.mp this
  have : 2 * (2 * k ^ 2) = 2 * n ^ 2 := by
    rw [← sqr_eq, meq]
    ring
  have : 2 * k ^ 2 = n ^ 2 :=
    (mul_right_inj' (by norm_num)).mp this
  have : 2 ∣ n := by
    apply even_of_even_sqr
    rw [← this]
    apply dvd_mul_right
  have : 2 ∣ m.gcd n := by
    apply Nat.dvd_gcd <;>
    assumption
  have : 2 ∣ 1 := by
    convert this
    symm
    exact coprime_mn
  norm_num at this

",,True,-1,"theorem t1 {m n : ℕ} (coprime_mn : m.Coprime n) : m ^ 2 ≠ 2 * n ^ 2 := by
  intro rfl
  obtain ⟨k, rfl⟩ := div_mul_eq_left (Int.ofNat_dvd_mul_right.mpr (even_of_even_sqr (4 * k ^ 2)) )
  have : 2 * k ^ 2 = n ^ 2 := by congr; exact Int.forall.2 (Int.lt_of_ne' this)
  have : 2 ∣ n := by
    apply even_of_even_sqr
    rw [← this]
    apply dvd_mul_right
  have : 2 ∣ m := by
    apply even_of_even_sqr
    rw [← (Nat.dvd_gcd (2 * k ^ 2) n)]
    apply Nat.not_dvd
  exact coprime_mn
","💥️unknown identifier 'div_mul_eq_left'

💥️rcases tactic failed: x✝ : ?m.1048 is not an inductive datatype",False,60,MIL.C05_Elementary_Number_Theory.solutions.Solutions_S01_Irrational_Roots,Qwen-7B-short,LENGTH,best_of_n,False,0,-1.0,t1,False
-1,False,24,"theorem t1 {m n : ℕ} (coprime_mn : m.Coprime n) : m ^ 2 ≠ 2 * n ^ 2 := by
  intro sqr_eq
  have : 2 ∣ m := by
    apply even_of_even_sqr
    rw [sqr_eq]
    apply dvd_mul_right
  obtain ⟨k, meq⟩ := dvd_iff_exists_eq_mul_left.mp this
  have : 2 * (2 * k ^ 2) = 2 * n ^ 2 := by
    rw [← sqr_eq, meq]
    ring
  have : 2 * k ^ 2 = n ^ 2 :=
    (mul_right_inj' (by norm_num)).mp this
  have : 2 ∣ n := by
    apply even_of_even_sqr
    rw [← this]
    apply dvd_mul_right
  have : 2 ∣ m.gcd n := by
    apply Nat.dvd_gcd <;>
    assumption
  have : 2 ∣ 1 := by
    convert this
    symm
    exact coprime_mn
  norm_num at this

",,True,-1,"theorem t1 {m n : ℕ} (coprime_mn : m.Coprime n) : m ^ 2 ≠ 2 * n ^ 2 := by
  intro sqr_eq
  have : 2 ∣ m := by
    apply even_of_even_sqr
    rw [sqr_eq]
    apply dvd_mul_right
  obtain ⟨k, meq⟩ := dvd_iff_exists_eq_mul_left.mp this
  have : 2 * (2 * k ^ 2) = 2 * n ^ 2 := by
    rw [← sqr_eq, meq]
    ring
  have : 2 * k ^ 2 = n ^ 2 :=
    (mul_right_inj' (by norm_num)).mp this
  have : 2 ∣ n := by
    apply even_of_even_sqr
    rw [← this]
    apply dvd_mul_right
  have : 2 ∣ m.gcd n := by
    apply Nat.dvd_gcd <;>
    assumption
  exact coprime_mn ⟨k, this, coprime_iff_gcd_eq_one_iff_of_non_zero_iff₀⟩
","💥️function expected at
  coprime_mn
term has type
  m.Coprime n",False,60,MIL.C05_Elementary_Number_Theory.solutions.Solutions_S01_Irrational_Roots,Qwen-7B-short,LENGTH,best_of_n,False,0,-1.0,t1,False
-1,False,24,"theorem t1 {m n : ℕ} (coprime_mn : m.Coprime n) : m ^ 2 ≠ 2 * n ^ 2 := by
  intro sqr_eq
  have : 2 ∣ m := by
    apply even_of_even_sqr
    rw [sqr_eq]
    apply dvd_mul_right
  obtain ⟨k, meq⟩ := dvd_iff_exists_eq_mul_left.mp this
  have : 2 * (2 * k ^ 2) = 2 * n ^ 2 := by
    rw [← sqr_eq, meq]
    ring
  have : 2 * k ^ 2 = n ^ 2 :=
    (mul_right_inj' (by norm_num)).mp this
  have : 2 ∣ n := by
    apply even_of_even_sqr
    rw [← this]
    apply dvd_mul_right
  have : 2 ∣ m.gcd n := by
    apply Nat.dvd_gcd <;>
    assumption
  have : 2 ∣ 1 := by
    convert this
    symm
    exact coprime_mn
  norm_num at this

",,True,24,"theorem t1 {m n : ℕ} (coprime_mn : m.Coprime n) : m ^ 2 ≠ 2 * n ^ 2 := by
  intro sqr_eq
  have : 2 ∣ m := by
    apply even_of_even_sqr
    rw [sqr_eq]
    apply dvd_mul_right
  obtain ⟨k, meq⟩ := dvd_iff_exists_eq_mul_left.mp this
  have : 2 * (2 * k ^ 2) = 2 * n ^ 2 := by
    rw [← sqr_eq, meq]
    ring
  have : 2 * k ^ 2 = n ^ 2 :=
    (mul_right_inj' (by norm_num)).mp this
  have : 2 ∣ n := by
    apply even_of_even_sqr
    rw [← this]
    apply dvd_mul_right
  have : 2 ∣ m.gcd n := by
    apply Nat.dvd_gcd <;>
    assumption
  have : 2 ∣ 1 := by
    convert this
    symm
    exact coprime_mn
  norm_num at this


",,True,60,MIL.C05_Elementary_Number_Theory.solutions.Solutions_S01_Irrational_Roots,Qwen-7B-short,LENGTH,best_of_n,False,0,0.0,t1,False
-1,False,24,"theorem t1 {m n : ℕ} (coprime_mn : m.Coprime n) : m ^ 2 ≠ 2 * n ^ 2 := by
  intro sqr_eq
  have : 2 ∣ m := by
    apply even_of_even_sqr
    rw [sqr_eq]
    apply dvd_mul_right
  obtain ⟨k, meq⟩ := dvd_iff_exists_eq_mul_left.mp this
  have : 2 * (2 * k ^ 2) = 2 * n ^ 2 := by
    rw [← sqr_eq, meq]
    ring
  have : 2 * k ^ 2 = n ^ 2 :=
    (mul_right_inj' (by norm_num)).mp this
  have : 2 ∣ n := by
    apply even_of_even_sqr
    rw [← this]
    apply dvd_mul_right
  have : 2 ∣ m.gcd n := by
    apply Nat.dvd_gcd <;>
    assumption
  have : 2 ∣ 1 := by
    convert this
    symm
    exact coprime_mn
  norm_num at this

",,True,-1,"theorem t1 {m n : ℕ} (coprime_mn : m.Coprime n) : m ^ 2 ≠ 2 * n ^ 2 := by
  intro sq
  have : 2 ∣ m := by
    apply even_of_even_sqr
    rwa [sq, dvd_mul_right]
  obtain ⟨k, rfl⟩ := dvd_iff_exists_eq_mul_left.mp this
  have : 2 * (2 * k ^ 2) = 2 * n ^ 2 := by
    rw [← sq, rfl]
    ring
  have : 2 * k ^ 2 = n ^ 2 :=
    (mul_right_inj' (by norm_num)).mp this
  have : 2 ∣ n := by
    apply even_of_even_sqr
    rw [← this]
    apply dvd_mul_right
  have : 2 ∣ m.gcd n := by
    apply Nat.dvd_gcd <;>
    assumption
  have : 2 ∣ 1 := by
    rwa [this, coprime_mn, implies_true]
  norm_num
","💥️tactic 'rewrite' failed, equality or iff proof expected
  ?a ∣ ?a * ?b
case h
m n : ℕ
coprime_mn : m.Coprime n
sq : m ^ 2 = 2 * n ^ 2
⊢ 2 ∣ 2 * n ^ 2

💥️tactic 'rewrite' failed, pattern is a metavariable
  ?m.2143
from equation
  ?m.2143 = ?m.2143
n k : ℕ
coprime_mn : (k * 2).Coprime n
sq : (k * 2) ^ 2 = 2 * n ^ 2
this : 2 ∣ k * 2
⊢ 2 * (2 * k ^ 2) = (k * 2) ^ 2

💥️unknown identifier 'm.gcd'

💥️unsolved goals
case intro
n k : ℕ
coprime_mn : (k * 2).Coprime n
sq : (k * 2) ^ 2 = 2 * n ^ 2
this✝⁴ : 2 ∣ k * 2
this✝³ : 2 * (2 * k ^ 2) = 2 * n ^ 2
this✝² : 2 * k ^ 2 = n ^ 2
this✝¹ : 2 ∣ n
this✝ : 2 ∣ sorry
this : 2 ∣ 1
⊢ False",False,60,MIL.C05_Elementary_Number_Theory.solutions.Solutions_S01_Irrational_Roots,Qwen-7B-short,LENGTH,best_of_n,False,0,-1.0,t1,False
-1,False,24,"theorem t1 {m n : ℕ} (coprime_mn : m.Coprime n) : m ^ 2 ≠ 2 * n ^ 2 := by
  intro sqr_eq
  have : 2 ∣ m := by
    apply even_of_even_sqr
    rw [sqr_eq]
    apply dvd_mul_right
  obtain ⟨k, meq⟩ := dvd_iff_exists_eq_mul_left.mp this
  have : 2 * (2 * k ^ 2) = 2 * n ^ 2 := by
    rw [← sqr_eq, meq]
    ring
  have : 2 * k ^ 2 = n ^ 2 :=
    (mul_right_inj' (by norm_num)).mp this
  have : 2 ∣ n := by
    apply even_of_even_sqr
    rw [← this]
    apply dvd_mul_right
  have : 2 ∣ m.gcd n := by
    apply Nat.dvd_gcd <;>
    assumption
  have : 2 ∣ 1 := by
    convert this
    symm
    exact coprime_mn
  norm_num at this

",,True,24,"theorem t1 {m n : ℕ} (coprime_mn : m.Coprime n) : m ^ 2 ≠ 2 * n ^ 2 := by
  intro sq_eq
  have : 2 ∣ m := by
    apply even_of_even_sqr
    rw [sq_eq]
    apply dvd_mul_right
  obtain ⟨k, k1⟩ := dvd_iff_exists_eq_mul_left.mp this
  have : 2 * (2 * k ^ 2) = 2 * n ^ 2 := by
    rw [← sq_eq, k1]
    ring
  have : 2 * k ^ 2 = n ^ 2 :=
    (mul_right_inj' (by norm_num)).mp this
  have : 2 ∣ n := by
    apply even_of_even_sqr
    rw [← this]
    apply dvd_mul_right
  have : 2 ∣ m.gcd n := by
    apply Nat.dvd_gcd <;>
    assumption
  have : 2 ∣ 1 := by
    convert this
    symm
    exact coprime_mn
  norm_num at this


",,True,60,MIL.C05_Elementary_Number_Theory.solutions.Solutions_S01_Irrational_Roots,Qwen-7B-short,LENGTH,best_of_n,False,0,0.0,t1,False
-1,False,24,"theorem t1 {m n : ℕ} (coprime_mn : m.Coprime n) : m ^ 2 ≠ 2 * n ^ 2 := by
  intro sqr_eq
  have : 2 ∣ m := by
    apply even_of_even_sqr
    rw [sqr_eq]
    apply dvd_mul_right
  obtain ⟨k, meq⟩ := dvd_iff_exists_eq_mul_left.mp this
  have : 2 * (2 * k ^ 2) = 2 * n ^ 2 := by
    rw [← sqr_eq, meq]
    ring
  have : 2 * k ^ 2 = n ^ 2 :=
    (mul_right_inj' (by norm_num)).mp this
  have : 2 ∣ n := by
    apply even_of_even_sqr
    rw [← this]
    apply dvd_mul_right
  have : 2 ∣ m.gcd n := by
    apply Nat.dvd_gcd <;>
    assumption
  have : 2 ∣ 1 := by
    convert this
    symm
    exact coprime_mn
  norm_num at this

",,True,-1,"theorem t1 {m n : ℕ} (coprime_mn : m.Coprime n) : m ^ 2 ≠ 2 * n ^ 2 := by
  intro smul_eq
  have : 2 ∣ m := by
    rw [← div_mul_eq_smul, smul_eq]
    exact_adjoin2_iff m.nat_dvd
  obtain ⟨k, k₁, k₂, k⟨₂, k⟩⟩ := mul_assoc_left.mpr this
  have : 2 * k ^ 2 = n ^ 2 := by omega
  have : 2 ∣ n := by
    rw [← k₂, j2symm]
    exactCoprimen k₁ n
  have : 2 ∣ m.gcd n := by
    apply Nat.dvd_gcd <;>
    assumption
  have : 2 ∣ 1 := by simpa this
  norm_num at this


","💥️unknown tactic

💥️unknown identifier 'div_mul_eq_smul'

💥️tactic 'rewrite' failed, equality or iff proof expected
  ?m.1072
m n : ℕ
coprime_mn : m.Coprime n
smul_eq : m ^ 2 = 2 * n ^ 2
⊢ 2 ∣ m

💥️unsolved goals
m n : ℕ
coprime_mn : m.Coprime n
smul_eq : m ^ 2 = 2 * n ^ 2
this : 2 ∣ m
⊢ False",False,60,MIL.C05_Elementary_Number_Theory.solutions.Solutions_S01_Irrational_Roots,Qwen-7B-short,LENGTH,best_of_n,False,0,-1.0,t1,False
-1,False,24,"theorem t1 {m n : ℕ} (coprime_mn : m.Coprime n) : m ^ 2 ≠ 2 * n ^ 2 := by
  intro sqr_eq
  have : 2 ∣ m := by
    apply even_of_even_sqr
    rw [sqr_eq]
    apply dvd_mul_right
  obtain ⟨k, meq⟩ := dvd_iff_exists_eq_mul_left.mp this
  have : 2 * (2 * k ^ 2) = 2 * n ^ 2 := by
    rw [← sqr_eq, meq]
    ring
  have : 2 * k ^ 2 = n ^ 2 :=
    (mul_right_inj' (by norm_num)).mp this
  have : 2 ∣ n := by
    apply even_of_even_sqr
    rw [← this]
    apply dvd_mul_right
  have : 2 ∣ m.gcd n := by
    apply Nat.dvd_gcd <;>
    assumption
  have : 2 ∣ 1 := by
    convert this
    symm
    exact coprime_mn
  norm_num at this

",,True,-1,"theorem t1 {m n : ℕ} (coprime_mn : m.Coprime n) : m ^ 2 ≠ 2 * n ^ 2 := by
  intro sqrt_eq
  have : 2 ∣ m := by
    apply even_of_even_sqr
    rw [sqrt_eq]
    apply dvd_mul_right
  obtain ⟨k, meq⟩ := dvd_iff_exists_eq_mul_left.mp this
  have : 2 * (2 * k ^ 2) = 2 * n ^ 2 := by
    rw [← sqrt_eq, meq, range]
  have : 2 * k ^ 2 = n ^ 2 :=
    (mul_right_inj' (by norm_num)).mp this
  have : 2 ∣ n := by
    apply even_of_even_sqr
    rw [← this]
    apply dvd_mul_right
  have : 2 ∣ m.gcd n := by
    apply Nat.dvd_gcd <;>
    assumption
  have : 2 ∣ 1 := by
    convert this
    symm
    exact coprime_mn
  norm_num at this


","💥️unknown identifier 'range'

💥️tactic 'rewrite' failed, equality or iff proof expected
  ?m.1935
m n : ℕ
coprime_mn : m.Coprime n
sqrt_eq : m ^ 2 = 2 * n ^ 2
this : 2 ∣ m
k : ℕ
meq : m = k * 2
⊢ 2 * (2 * k ^ 2) = (k * 2) ^ 2",False,60,MIL.C05_Elementary_Number_Theory.solutions.Solutions_S01_Irrational_Roots,Qwen-7B-short,LENGTH,best_of_n,False,0,-1.0,t1,False
-1,False,24,"theorem t1 {m n : ℕ} (coprime_mn : m.Coprime n) : m ^ 2 ≠ 2 * n ^ 2 := by
  intro sqr_eq
  have : 2 ∣ m := by
    apply even_of_even_sqr
    rw [sqr_eq]
    apply dvd_mul_right
  obtain ⟨k, meq⟩ := dvd_iff_exists_eq_mul_left.mp this
  have : 2 * (2 * k ^ 2) = 2 * n ^ 2 := by
    rw [← sqr_eq, meq]
    ring
  have : 2 * k ^ 2 = n ^ 2 :=
    (mul_right_inj' (by norm_num)).mp this
  have : 2 ∣ n := by
    apply even_of_even_sqr
    rw [← this]
    apply dvd_mul_right
  have : 2 ∣ m.gcd n := by
    apply Nat.dvd_gcd <;>
    assumption
  have : 2 ∣ 1 := by
    convert this
    symm
    exact coprime_mn
  norm_num at this

",,True,-1,"theorem t1 {m n : ℕ} (coprime_mn : m.Coprime n) : m ^ 2 ≠ 2 * n ^ 2 := by
  intro sqr_eq
  have : 2 ∣ m := by
    apply even_of_even_sqr
    rw [sqr_eq]
    apply dvd_mul_right
  obtain ⟨k, meq⟩ := dvd_iff_exists_eq_mul_left.mp this
  have : 2 * (2 * k ^ 2) = 2 * n ^ 2 := by
    rw [← sqr_eq, meq]
    ring
  have : 2 * k ^ 2 = n ^ 2 := Nat.dvd_grior' (by norm_num) this
  have : 2 ∣ n := by
    apply even_of_even_sqr
    rw [← this]
    apply dvd_mul_right
  have : 2 ∣ m.gcd n := by
    apply Nat.dvd_gcd <;>
    assumption
  have : 2 ∣ 1 := by
    convert this
    symm
    exact coprime_mn
  norm_num at this


",💥️unknown constant 'Nat.dvd_grior'',False,60,MIL.C05_Elementary_Number_Theory.solutions.Solutions_S01_Irrational_Roots,Qwen-7B-short,LENGTH,best_of_n,False,0,-1.0,t1,False
-1,False,24,"theorem t1 {m n : ℕ} (coprime_mn : m.Coprime n) : m ^ 2 ≠ 2 * n ^ 2 := by
  intro sqr_eq
  have : 2 ∣ m := by
    apply even_of_even_sqr
    rw [sqr_eq]
    apply dvd_mul_right
  obtain ⟨k, meq⟩ := dvd_iff_exists_eq_mul_left.mp this
  have : 2 * (2 * k ^ 2) = 2 * n ^ 2 := by
    rw [← sqr_eq, meq]
    ring
  have : 2 * k ^ 2 = n ^ 2 :=
    (mul_right_inj' (by norm_num)).mp this
  have : 2 ∣ n := by
    apply even_of_even_sqr
    rw [← this]
    apply dvd_mul_right
  have : 2 ∣ m.gcd n := by
    apply Nat.dvd_gcd <;>
    assumption
  have : 2 ∣ 1 := by
    convert this
    symm
    exact coprime_mn
  norm_num at this

",,True,-1,"theorem t1 {m n : ℕ} (coprime_mn : m.Coprime n) : m ^ 2 ≠ 2 * n ^ 2 := by
  intro sqr_eq
  obtain ⟨k, (meq : 2 * (2 * k ^ 2) = 2 * n ^ 2)⟩ := by
    rw [← mul_left_mem_range] at this
    exact ⟨_, by simpa [Ideal.mul_left_mem_range] using this⟩
  have : 2 * k ^ 2 = n ^ 2 := by ring [meq]
  have : 2 ∣ n := by
    rw [← Ideal even_iff_eq_two]
    exact Ideal.mul_even_iff' (Ideal.surjective <| fa := Ideal.mgc n) f g <|
      Ideal.mul_left_mem_range _ (coprime_mn <| not_coprime_iff even_neOdd.mpr <| }
  have : 2 ∣ m := by
    rw [← Ideal even_iff_eq_two]
    exact Ideal.mul_even_iff' (Ideal.surjective <| fa := Ideal.mgc n) f g <|
      Ideal.mul_left_mem_range _ (coprime_mn <| not_coprime_iff even_neOdd.mpr <| }
  exact (Nat.dvd_gcd (by norm_num)).mp (Ideal.mul_left_mem_range _ (coprime_mn even_neOdd)).symm
","💥️unknown identifier 'this'

💥️rcases tactic failed: x✝ : ?m.1048 is not an inductive datatype",False,60,MIL.C05_Elementary_Number_Theory.solutions.Solutions_S01_Irrational_Roots,Qwen-7B-short,LENGTH,best_of_n,False,0,-1.0,t1,False
-1,False,24,"theorem t1 {m n : ℕ} (coprime_mn : m.Coprime n) : m ^ 2 ≠ 2 * n ^ 2 := by
  intro sqr_eq
  have : 2 ∣ m := by
    apply even_of_even_sqr
    rw [sqr_eq]
    apply dvd_mul_right
  obtain ⟨k, meq⟩ := dvd_iff_exists_eq_mul_left.mp this
  have : 2 * (2 * k ^ 2) = 2 * n ^ 2 := by
    rw [← sqr_eq, meq]
    ring
  have : 2 * k ^ 2 = n ^ 2 :=
    (mul_right_inj' (by norm_num)).mp this
  have : 2 ∣ n := by
    apply even_of_even_sqr
    rw [← this]
    apply dvd_mul_right
  have : 2 ∣ m.gcd n := by
    apply Nat.dvd_gcd <;>
    assumption
  have : 2 ∣ 1 := by
    convert this
    symm
    exact coprime_mn
  norm_num at this

",,True,-1,"theorem t1 {m n : ℕ} (coprime_mn : m.Coprime n) : m ^ 2 ≠ 2 * n ^ 2 := by
  intro sqr_eq
  have : 2 ∣ m := by
    apply even_of_even_sqr
    rw [sqr_eq]
    apply dvd_mul_right
  obtain ⟨k,Meq⟩ := dvd_iff_exists_eq_mul_left.mp this
  have : 2 * (2 * k ^ 2) = 2 * n ^ 2 := by omega
  have : 2 * k ^ 2 = n ^ 2 :=
    (mul_right_inj' (by norm_num)).mp this
  have : 2 ∣ n := by
    apply even_of_even_sqr
    rw [← this]
    apply dvd_mul_right
  have : 2 ∣ m.gcd n := by
    apply Nat.dvd_gcd <;>
    assumption
  have : 2 ∣ 1 := by
    convert this
    symm
    exact coprime_mn
  norm_num at this


","💥️omega could not prove the goal:
a possible counterexample may satisfy the constraints
  c ≥ 0
  b ≥ 0
  a ≥ 0
  a - 2*c ≥ 1
where
 a := ↑(n ^ 2)
 b := ↑k
 c := ↑(k ^ 2)",False,60,MIL.C05_Elementary_Number_Theory.solutions.Solutions_S01_Irrational_Roots,Qwen-7B-short,LENGTH,best_of_n,False,0,-1.0,t1,False
-1,False,24,"theorem t1 {m n : ℕ} (coprime_mn : m.Coprime n) : m ^ 2 ≠ 2 * n ^ 2 := by
  intro sqr_eq
  have : 2 ∣ m := by
    apply even_of_even_sqr
    rw [sqr_eq]
    apply dvd_mul_right
  obtain ⟨k, meq⟩ := dvd_iff_exists_eq_mul_left.mp this
  have : 2 * (2 * k ^ 2) = 2 * n ^ 2 := by
    rw [← sqr_eq, meq]
    ring
  have : 2 * k ^ 2 = n ^ 2 :=
    (mul_right_inj' (by norm_num)).mp this
  have : 2 ∣ n := by
    apply even_of_even_sqr
    rw [← this]
    apply dvd_mul_right
  have : 2 ∣ m.gcd n := by
    apply Nat.dvd_gcd <;>
    assumption
  have : 2 ∣ 1 := by
    convert this
    symm
    exact coprime_mn
  norm_num at this

",,True,-1,"theorem t1 {m n : ℕ} (coprime_mn : m.Coprime n) : m ^ 2 ≠ 2 * n ^ 2 := by
  intro sqrt_eq
  have : 2 ∣ m := by
    apply even_of_even_sqr
    rw [sqrt_eq]
    apply dvd_mul_right
  obtain ⟨k, ksq⟩ := dvd_iff_exists_eq_mul_left.mp this
  have : 2 * (2 * k ^ 2) = 2 * n ^ 2 := by
    rw [← sqrt_eq, ksq]
    ring
  have : 2 * k ^ 2 = n ^ 2 :=
    (mul_right_inj' (by norm_num)).mp this
  have : 2 ∣ n := by
    apply even_of_even_sqr
    rw [← this]
    apply dvd_mul_right
  have : 2 ∣ m.gcd n := by
    apply Nat.dvd_gcd <;>
    assumption
  have : 2 ∣ 1 := by
    rw [this, coprime_mn]
  norm_num at this


","💥️tactic 'rewrite' failed, equality or iff proof expected
  2 ∣ m.gcd n
m n : ℕ
coprime_mn : m.Coprime n
sqrt_eq : m ^ 2 = 2 * n ^ 2
this✝³ : 2 ∣ m
k : ℕ
ksq : m = k * 2
this✝² : 2 * (2 * k ^ 2) = 2 * n ^ 2
this✝¹ : 2 * k ^ 2 = n ^ 2
this✝ : 2 ∣ n
this : 2 ∣ m.gcd n
⊢ 2 ∣ 1",False,60,MIL.C05_Elementary_Number_Theory.solutions.Solutions_S01_Irrational_Roots,Qwen-7B-short,LENGTH,best_of_n,False,0,-1.0,t1,False
-1,False,24,"theorem t1 {m n : ℕ} (coprime_mn : m.Coprime n) : m ^ 2 ≠ 2 * n ^ 2 := by
  intro sqr_eq
  have : 2 ∣ m := by
    apply even_of_even_sqr
    rw [sqr_eq]
    apply dvd_mul_right
  obtain ⟨k, meq⟩ := dvd_iff_exists_eq_mul_left.mp this
  have : 2 * (2 * k ^ 2) = 2 * n ^ 2 := by
    rw [← sqr_eq, meq]
    ring
  have : 2 * k ^ 2 = n ^ 2 :=
    (mul_right_inj' (by norm_num)).mp this
  have : 2 ∣ n := by
    apply even_of_even_sqr
    rw [← this]
    apply dvd_mul_right
  have : 2 ∣ m.gcd n := by
    apply Nat.dvd_gcd <;>
    assumption
  have : 2 ∣ 1 := by
    convert this
    symm
    exact coprime_mn
  norm_num at this

",,True,-1,"theorem t1 {m n : ℕ} (coprime_mn : m.Coprime n) : m ^ 2 ≠ 2 * n ^ 2 := by
  intro rfl
  exact even_of_even_sqr (dvd_mul_right (Nat.dvd_ofNat_le.two_ne_zero.mpr mult_pos).eq_left <| show 2 ∣ 3 * 5 * 41 by decide)
","💥️unknown constant 'Nat.dvd_ofNat_le.two_ne_zero.mpr'

💥️tactic 'decide' proved that the proposition
  2 ∣ 3 * 5 * 41
is false",False,60,MIL.C05_Elementary_Number_Theory.solutions.Solutions_S01_Irrational_Roots,Qwen-7B-short,LENGTH,best_of_n,False,0,-1.0,t1,False
-1,False,24,"theorem t1 {m n : ℕ} (coprime_mn : m.Coprime n) : m ^ 2 ≠ 2 * n ^ 2 := by
  intro sqr_eq
  have : 2 ∣ m := by
    apply even_of_even_sqr
    rw [sqr_eq]
    apply dvd_mul_right
  obtain ⟨k, meq⟩ := dvd_iff_exists_eq_mul_left.mp this
  have : 2 * (2 * k ^ 2) = 2 * n ^ 2 := by
    rw [← sqr_eq, meq]
    ring
  have : 2 * k ^ 2 = n ^ 2 :=
    (mul_right_inj' (by norm_num)).mp this
  have : 2 ∣ n := by
    apply even_of_even_sqr
    rw [← this]
    apply dvd_mul_right
  have : 2 ∣ m.gcd n := by
    apply Nat.dvd_gcd <;>
    assumption
  have : 2 ∣ 1 := by
    convert this
    symm
    exact coprime_mn
  norm_num at this

",,True,-1,"theorem t1 {m n : ℕ} (coprime_mn : m.Coprime n) : m ^ 2 ≠ 2 * n ^ 2 := by
  intro sqr_eq
  obtain ⟨k, meq⟩ := dvd_iff_exists_eq_mul_left.mp (even_of_even_sqr m ^ 2)
  have : 2 * (2 * k ^ 2) = 2 * n ^ 2 := by
    rw [← ediciónPoly_image, coprime_mn.ne_zero, ← mul_assoc]
  have : 2 * k ^ 2 = n ^ 2 :=
    (mul_right_inj' (by norm_num)).mp this
  have : 2 ∣ n := by
    apply even_of_even_sqr
    rw [← this]
    apply dvd_mul_right
  have : 2 ∣ m.gcd n := by
    apply Nat.dvd_gcd <;>
    assumption
  have : 2 ∣ 1 := by
    convert this
    symm
    exact coprime_mn
  norm_num at this


",💥️expected token,False,60,MIL.C05_Elementary_Number_Theory.solutions.Solutions_S01_Irrational_Roots,Qwen-7B-short,LENGTH,best_of_n,False,0,-1.0,t1,False
-1,False,24,"theorem t1 {m n : ℕ} (coprime_mn : m.Coprime n) : m ^ 2 ≠ 2 * n ^ 2 := by
  intro sqr_eq
  have : 2 ∣ m := by
    apply even_of_even_sqr
    rw [sqr_eq]
    apply dvd_mul_right
  obtain ⟨k, meq⟩ := dvd_iff_exists_eq_mul_left.mp this
  have : 2 * (2 * k ^ 2) = 2 * n ^ 2 := by
    rw [← sqr_eq, meq]
    ring
  have : 2 * k ^ 2 = n ^ 2 :=
    (mul_right_inj' (by norm_num)).mp this
  have : 2 ∣ n := by
    apply even_of_even_sqr
    rw [← this]
    apply dvd_mul_right
  have : 2 ∣ m.gcd n := by
    apply Nat.dvd_gcd <;>
    assumption
  have : 2 ∣ 1 := by
    convert this
    symm
    exact coprime_mn
  norm_num at this

",,True,-1,"theorem t1 {m n : ℕ} (coprime_mn : m.Coprime n) : m ^ 2 ≠ 2 * n ^ 2 := by
  intro sqr_eq
  have : 2 ∣ m := by
    apply even_of_even_sqr
    rw [sqr_eq]
    apply dvd_mul_right
  obtain ⟨k, meq⟩ := dvd_iff_exists_eq_mul_left.mp this
  have : 2 * (2 * k ^ 2) = 2 * n ^ 2 := by
    rw [← sqrt_eq, meq]
    ring
  have : 2 * k ^ 2 = n ^ 2 :=
    (mul_right_inj' (by norm_num)).mp this
  have : 2 ∣ n := by
    apply even_of_even_sqr
    rw [← this]
    apply dvd_mul_right
  have : 2 ∣ m.gcd n := by
    apply Nat.dvd_gcd <;>
    assumption
  have : 2 ∣ 1 := by
    convert this
    symm
    exact coprime_mn
  norm_num at this


","💥️unknown identifier 'sqrt_eq'

💥️tactic 'rewrite' failed, equality or iff proof expected
  ?m.1911
m n : ℕ
coprime_mn : m.Coprime n
sqr_eq : m ^ 2 = 2 * n ^ 2
this : 2 ∣ m
k : ℕ
meq : m = k * 2
⊢ 2 * (2 * k ^ 2) = 2 * n ^ 2",False,60,MIL.C05_Elementary_Number_Theory.solutions.Solutions_S01_Irrational_Roots,Qwen-7B-short,LENGTH,best_of_n,False,0,-1.0,t1,False
-1,False,24,"theorem t1 {m n : ℕ} (coprime_mn : m.Coprime n) : m ^ 2 ≠ 2 * n ^ 2 := by
  intro sqr_eq
  have : 2 ∣ m := by
    apply even_of_even_sqr
    rw [sqr_eq]
    apply dvd_mul_right
  obtain ⟨k, meq⟩ := dvd_iff_exists_eq_mul_left.mp this
  have : 2 * (2 * k ^ 2) = 2 * n ^ 2 := by
    rw [← sqr_eq, meq]
    ring
  have : 2 * k ^ 2 = n ^ 2 :=
    (mul_right_inj' (by norm_num)).mp this
  have : 2 ∣ n := by
    apply even_of_even_sqr
    rw [← this]
    apply dvd_mul_right
  have : 2 ∣ m.gcd n := by
    apply Nat.dvd_gcd <;>
    assumption
  have : 2 ∣ 1 := by
    convert this
    symm
    exact coprime_mn
  norm_num at this

",,True,-1,"theorem t1 {m n : ℕ} (coprime_mn : m.Coprime n) : m ^ 2 ≠ 2 * n ^ 2 := by
  intro sqrt_eq
  rw [← mul_left_mem_nonZeroDivisors_eq_zero_iff] at this
  rw [← divisors_prime_pow] at this
  exact congrArg _ <| mul_left_mem_nonZeroDivisors_eq_zero_iff.2 this
",💥️unknown identifier 'this',False,60,MIL.C05_Elementary_Number_Theory.solutions.Solutions_S01_Irrational_Roots,Qwen-7B-short,LENGTH,best_of_n,False,0,-1.0,t1,False
-1,False,24,"theorem t1 {m n : ℕ} (coprime_mn : m.Coprime n) : m ^ 2 ≠ 2 * n ^ 2 := by
  intro sqr_eq
  have : 2 ∣ m := by
    apply even_of_even_sqr
    rw [sqr_eq]
    apply dvd_mul_right
  obtain ⟨k, meq⟩ := dvd_iff_exists_eq_mul_left.mp this
  have : 2 * (2 * k ^ 2) = 2 * n ^ 2 := by
    rw [← sqr_eq, meq]
    ring
  have : 2 * k ^ 2 = n ^ 2 :=
    (mul_right_inj' (by norm_num)).mp this
  have : 2 ∣ n := by
    apply even_of_even_sqr
    rw [← this]
    apply dvd_mul_right
  have : 2 ∣ m.gcd n := by
    apply Nat.dvd_gcd <;>
    assumption
  have : 2 ∣ 1 := by
    convert this
    symm
    exact coprime_mn
  norm_num at this

",,True,-1,"theorem t1 {m n : ℕ} (coprime_mn : m.Coprime n) : m ^ 2 ≠ 2 * n ^ 2 := by
  intro qr
  have : 2 ∣ m := by
    apply even_of_even_sqr
    rw [qr]
    apply dvd_mul_right
  obtain ⟨k, kqr⟩ := dvd_iff_exists_eq_mul_left.mp this
  have : 2 * (2 * k ^ 2) = 2 * n ^ 2 := by
    rw [←qr, kqr]
    ring
  have : 2 * k ^ 2 = n ^ 2 :=
    (mul_right_inj' (by norm_num)).mp this
  have : 2 ∣ n := by
    rw [← this]
    apply dvd_mul_right
  have : 2 ∣ m.gcd n := by
    apply Nat.dvd_gcd <;>
    assumption
  have : 2 ∣ 1 := by
    convert this
    symm
    exact coprime_mn
  norm_num at this


","💥️tactic 'rewrite' failed, did not find instance of the pattern in the target expression
  n ^ 2
m n : ℕ
coprime_mn : m.Coprime n
qr : m ^ 2 = 2 * n ^ 2
this✝¹ : 2 ∣ m
k : ℕ
kqr : m = k * 2
this✝ : 2 * (2 * k ^ 2) = 2 * n ^ 2
this : 2 * k ^ 2 = n ^ 2
⊢ 2 ∣ n",False,60,MIL.C05_Elementary_Number_Theory.solutions.Solutions_S01_Irrational_Roots,Qwen-7B-short,LENGTH,best_of_n,False,0,-1.0,t1,False
-1,False,24,"theorem t1 {m n : ℕ} (coprime_mn : m.Coprime n) : m ^ 2 ≠ 2 * n ^ 2 := by
  intro sqr_eq
  have : 2 ∣ m := by
    apply even_of_even_sqr
    rw [sqr_eq]
    apply dvd_mul_right
  obtain ⟨k, meq⟩ := dvd_iff_exists_eq_mul_left.mp this
  have : 2 * (2 * k ^ 2) = 2 * n ^ 2 := by
    rw [← sqr_eq, meq]
    ring
  have : 2 * k ^ 2 = n ^ 2 :=
    (mul_right_inj' (by norm_num)).mp this
  have : 2 ∣ n := by
    apply even_of_even_sqr
    rw [← this]
    apply dvd_mul_right
  have : 2 ∣ m.gcd n := by
    apply Nat.dvd_gcd <;>
    assumption
  have : 2 ∣ 1 := by
    convert this
    symm
    exact coprime_mn
  norm_num at this

",,True,-1,"theorem t1 {m n : ℕ} (coprime_mn : m.Coprime n) : m ^ 2 ≠ 2 * n ^ 2 := by
  intro sq_eq
  have : 2 ∣ m := by
    rw [← div_mul_eq_div_div, sq_eq]
    apply dvd_mul_right
  obtain ⟨k, ksqᵢ⟩ := dvd_iff_exists_eq_mul_left.mp this
  have : 2 * (2 * k ^ 2) = 2 * n ^ 2 := by
    rw [← sqr_eq, ksqᵢ]
    ring
  have : 2 * k ^ 2 = n ^ 2 :=
    (mul_right_inj' (by norm_num)).mp this
  have : 2 ∣ n := by
    rw [← this, apply even_of_even_sqr]
  have : 2 ∣ m.gcd n := by
    apply Nat.dvd_gcd <;>
    assumption
  exact congr_arg (2:ℕ) this
","💥️tactic 'rewrite' failed, did not find instance of the pattern in the target expression
  ?a / ?b / ?c
m n : ℕ
coprime_mn : m.Coprime n
sq_eq : m ^ 2 = 2 * n ^ 2
⊢ 2 ∣ m

💥️unknown identifier 'sqr_eq'

💥️tactic 'rewrite' failed, equality or iff proof expected
  ?m.1954
m n : ℕ
coprime_mn : m.Coprime n
sq_eq : m ^ 2 = 2 * n ^ 2
this : 2 ∣ m
k : ℕ
ksqᵢ : m = k * 2
⊢ 2 * (2 * k ^ 2) = 2 * n ^ 2

💥️tactic 'rewrite' failed, did not find instance of the pattern in the target expression
  n ^ 2
m n : ℕ
coprime_mn : m.Coprime n
sq_eq : m ^ 2 = 2 * n ^ 2
this✝¹ : 2 ∣ m
k : ℕ
ksqᵢ : m = k * 2
this✝ : 2 * (2 * k ^ 2) = 2 * n ^ 2
this : 2 * k ^ 2 = n ^ 2
⊢ 2 ∣ n

💥️application type mismatch
  congr_arg ?m.2857 this
argument
  this
has type
  2 ∣ m.gcd n : Prop
but is expected to have type
  ?m.2729 = ?m.2730 : Prop

💥️application type mismatch
  congr_arg 2
argument
  2
has type
  ℕ : Type
but is expected to have type
  ?m.2727 → ?m.2728 : Sort (imax ?u.2726 ?u.2725)",False,60,MIL.C05_Elementary_Number_Theory.solutions.Solutions_S01_Irrational_Roots,Qwen-7B-short,LENGTH,best_of_n,False,0,-1.0,t1,False
-1,False,24,"theorem t1 {m n : ℕ} (coprime_mn : m.Coprime n) : m ^ 2 ≠ 2 * n ^ 2 := by
  intro sqr_eq
  have : 2 ∣ m := by
    apply even_of_even_sqr
    rw [sqr_eq]
    apply dvd_mul_right
  obtain ⟨k, meq⟩ := dvd_iff_exists_eq_mul_left.mp this
  have : 2 * (2 * k ^ 2) = 2 * n ^ 2 := by
    rw [← sqr_eq, meq]
    ring
  have : 2 * k ^ 2 = n ^ 2 :=
    (mul_right_inj' (by norm_num)).mp this
  have : 2 ∣ n := by
    apply even_of_even_sqr
    rw [← this]
    apply dvd_mul_right
  have : 2 ∣ m.gcd n := by
    apply Nat.dvd_gcd <;>
    assumption
  have : 2 ∣ 1 := by
    convert this
    symm
    exact coprime_mn
  norm_num at this

",,True,-1,"theorem t1 {m n : ℕ} (coprime_mn : m.Coprime n) : m ^ 2 ≠ 2 * n ^ 2 := by
  intro sq
  have : 2 ∣ m := by
    apply even_of_even_sqr
    rw [sq]
    apply dvd_mul_right
  obtain ⟨k, m2k⟩ := dvd_iff_exists_eq_mul_left.mp this
  have : 2 * (2 * k ^ 2) = 2 * n ^ 2 := by
    rw [← sq, m2k]
    ring
  have : 2 * k ^ 2 = n ^ 2 := Nat.dvd_mul_left' this |>.symm
  have : 2 ∣ n := by
    apply even_of_even_sqr
    rw [← this]
    apply dvd_mul_right
  have : 2 ∣ m.gcd n := by
    apply Nat.dvd_gcd <;>
    assumption
  have : 2 ∣ 1 := by
    convert this
    symm
    exact coprime_mn
  norm_num at this


",💥️unknown constant 'Nat.dvd_mul_left'',False,60,MIL.C05_Elementary_Number_Theory.solutions.Solutions_S01_Irrational_Roots,Qwen-7B-short,LENGTH,best_of_n,False,0,-1.0,t1,False
-1,False,24,"theorem t1 {m n : ℕ} (coprime_mn : m.Coprime n) : m ^ 2 ≠ 2 * n ^ 2 := by
  intro sqr_eq
  have : 2 ∣ m := by
    apply even_of_even_sqr
    rw [sqr_eq]
    apply dvd_mul_right
  obtain ⟨k, meq⟩ := dvd_iff_exists_eq_mul_left.mp this
  have : 2 * (2 * k ^ 2) = 2 * n ^ 2 := by
    rw [← sqr_eq, meq]
    ring
  have : 2 * k ^ 2 = n ^ 2 :=
    (mul_right_inj' (by norm_num)).mp this
  have : 2 ∣ n := by
    apply even_of_even_sqr
    rw [← this]
    apply dvd_mul_right
  have : 2 ∣ m.gcd n := by
    apply Nat.dvd_gcd <;>
    assumption
  have : 2 ∣ 1 := by
    convert this
    symm
    exact coprime_mn
  norm_num at this

",,True,24,"theorem t1 {m n : ℕ} (coprime_mn : m.Coprime n) : m ^ 2 ≠ 2 * n ^ 2 := by
  intro sqr_eq
  have : 2 ∣ m := by
    apply even_of_even_sqr
    rw [sqr_eq]
    apply dvd_mul_right
  obtain ⟨k, meq⟩ := dvd_iff_exists_eq_mul_left.mp this
  have : 2 * (2 * k ^ 2) = 2 * n ^ 2 := by
    rw [← sqr_eq, meq]
    ring
  have : 2 * k ^ 2 = n ^ 2 :=
    (mul_right_inj' (by norm_num)).mp this
  have : 2 ∣ n := by
    apply even_of_even_sqr
    rw [← this]
    apply dvd_mul_right
  have : 2 ∣ m.gcd n := by
    apply Nat.dvd_gcd <;>
    assumption
  have : 2 ∣ 1 := by
    convert this
    symm
    exact coprime_mn
  norm_num at this


",,True,60,MIL.C05_Elementary_Number_Theory.solutions.Solutions_S01_Irrational_Roots,Qwen-7B-short,LENGTH,best_of_n,False,0,0.0,t1,False
-1,False,24,"theorem t1 {m n : ℕ} (coprime_mn : m.Coprime n) : m ^ 2 ≠ 2 * n ^ 2 := by
  intro sqr_eq
  have : 2 ∣ m := by
    apply even_of_even_sqr
    rw [sqr_eq]
    apply dvd_mul_right
  obtain ⟨k, meq⟩ := dvd_iff_exists_eq_mul_left.mp this
  have : 2 * (2 * k ^ 2) = 2 * n ^ 2 := by
    rw [← sqr_eq, meq]
    ring
  have : 2 * k ^ 2 = n ^ 2 :=
    (mul_right_inj' (by norm_num)).mp this
  have : 2 ∣ n := by
    apply even_of_even_sqr
    rw [← this]
    apply dvd_mul_right
  have : 2 ∣ m.gcd n := by
    apply Nat.dvd_gcd <;>
    assumption
  have : 2 ∣ 1 := by
    convert this
    symm
    exact coprime_mn
  norm_num at this

",,True,-1,"theorem t1 {m n : ℕ} (coprime_mn : m.Coprime n) : m ^ 2 ≠ 2 * n ^ 2 := by
  intro sqr_eq
  have : 2 ∣ m := by
    apply even_of_even_sqr
  obtain ⟨k, meq⟩ := dvd_iff_exists_eq_mul_left.mp this
  have : 2 * (2 * k ^ 2) = 2 * n ^ 2 := by
    rw [← sqr_eq, meq]
    ring
  have : 2 * k ^ 2 = n ^ 2 :=
    (mul_right_inj' (by norm_num)).mp this
  have : 2 ∣ n := by
    apply even_of_even_sqr
    rw [← this]
    apply dvd_mul_right
  have : 2 ∣ m.gcd n := by
    apply Nat.dvd_gcd <;>
    assumption
  have : 2 ∣ 1 := by
    convert this
    symm
    exact coprime_mn
  norm_num at this


","💥️unsolved goals
case h
m n : ℕ
coprime_mn : m.Coprime n
sqr_eq : m ^ 2 = 2 * n ^ 2
⊢ 2 ∣ m ^ 2",False,60,MIL.C05_Elementary_Number_Theory.solutions.Solutions_S01_Irrational_Roots,Qwen-7B-short,LENGTH,best_of_n,False,0,-1.0,t1,False
-1,False,24,"theorem t1 {m n : ℕ} (coprime_mn : m.Coprime n) : m ^ 2 ≠ 2 * n ^ 2 := by
  intro sqr_eq
  have : 2 ∣ m := by
    apply even_of_even_sqr
    rw [sqr_eq]
    apply dvd_mul_right
  obtain ⟨k, meq⟩ := dvd_iff_exists_eq_mul_left.mp this
  have : 2 * (2 * k ^ 2) = 2 * n ^ 2 := by
    rw [← sqr_eq, meq]
    ring
  have : 2 * k ^ 2 = n ^ 2 :=
    (mul_right_inj' (by norm_num)).mp this
  have : 2 ∣ n := by
    apply even_of_even_sqr
    rw [← this]
    apply dvd_mul_right
  have : 2 ∣ m.gcd n := by
    apply Nat.dvd_gcd <;>
    assumption
  have : 2 ∣ 1 := by
    convert this
    symm
    exact coprime_mn
  norm_num at this

",,True,-1,"theorem t1 {m n : ℕ} (coprime_mn : m.Coprime n) : m ^ 2 ≠ 2 * n ^ 2 := by
  intro sqrt
  rw [← sqrt_mul_self] at sqrt
  exact congr_arg _ _ $ (even_of_even_sqr sqrt)
","💥️unknown identifier 'sqrt_mul_self'

💥️tactic 'rewrite' failed, equality or iff proof expected
  ?m.1048
m n : ℕ
coprime_mn : m.Coprime n
sqrt : m ^ 2 = 2 * n ^ 2
⊢ False",False,60,MIL.C05_Elementary_Number_Theory.solutions.Solutions_S01_Irrational_Roots,Qwen-7B-short,LENGTH,best_of_n,False,0,-1.0,t1,False
-1,False,24,"theorem t1 {m n : ℕ} (coprime_mn : m.Coprime n) : m ^ 2 ≠ 2 * n ^ 2 := by
  intro sqr_eq
  have : 2 ∣ m := by
    apply even_of_even_sqr
    rw [sqr_eq]
    apply dvd_mul_right
  obtain ⟨k, meq⟩ := dvd_iff_exists_eq_mul_left.mp this
  have : 2 * (2 * k ^ 2) = 2 * n ^ 2 := by
    rw [← sqr_eq, meq]
    ring
  have : 2 * k ^ 2 = n ^ 2 :=
    (mul_right_inj' (by norm_num)).mp this
  have : 2 ∣ n := by
    apply even_of_even_sqr
    rw [← this]
    apply dvd_mul_right
  have : 2 ∣ m.gcd n := by
    apply Nat.dvd_gcd <;>
    assumption
  have : 2 ∣ 1 := by
    convert this
    symm
    exact coprime_mn
  norm_num at this

",,True,-1,"theorem t1 {m n : ℕ} (coprime_mn : m.Coprime n) : m ^ 2 ≠ 2 * n ^ 2 := by
  intro we
  rw [← divisors_of_mul_eq_self_eq_pow,
    divisors_of_pow_mul_eq_self]
  obtain ⟨d, divd⟩ := divisors_of.wordProdDivisors
  rw [← divd, add_comm_left]
  convert specialize cprime_mn (2 m)
  aesop
","💥️unknown identifier 'divisors_of_mul_eq_self_eq_pow'

💥️tactic 'rewrite' failed, equality or iff proof expected
  ?m.1048
m n : ℕ
coprime_mn : m.Coprime n
we : m ^ 2 = 2 * n ^ 2
⊢ False",False,60,MIL.C05_Elementary_Number_Theory.solutions.Solutions_S01_Irrational_Roots,Qwen-7B-short,LENGTH,best_of_n,False,0,-1.0,t1,False
-1,False,24,"theorem t1 {m n : ℕ} (coprime_mn : m.Coprime n) : m ^ 2 ≠ 2 * n ^ 2 := by
  intro sqr_eq
  have : 2 ∣ m := by
    apply even_of_even_sqr
    rw [sqr_eq]
    apply dvd_mul_right
  obtain ⟨k, meq⟩ := dvd_iff_exists_eq_mul_left.mp this
  have : 2 * (2 * k ^ 2) = 2 * n ^ 2 := by
    rw [← sqr_eq, meq]
    ring
  have : 2 * k ^ 2 = n ^ 2 :=
    (mul_right_inj' (by norm_num)).mp this
  have : 2 ∣ n := by
    apply even_of_even_sqr
    rw [← this]
    apply dvd_mul_right
  have : 2 ∣ m.gcd n := by
    apply Nat.dvd_gcd <;>
    assumption
  have : 2 ∣ 1 := by
    convert this
    symm
    exact coprime_mn
  norm_num at this

",,True,-1,"theorem t1 {m n : ℕ} (coprime_mn : m.Coprime n) : m ^ 2 ≠ 2 * n ^ 2 := by
  intro sqr_eq
  have : 2 ∣ m := by
    apply even_of_even_sqr
  obtain ⟨k, k2⟩ := aeq_mul_left' (.2 $ by rw [sqr_eq]) $ coprime_mn
  have : 2 * k ^ 2 = n ^ 2 :=
    (mul_right_inj' (by norm_num)).mp k2
  have : 2 ∣ n := by
    apply even_of_even_sqr
    rw [← this]
    apply dvd_mul_right
  have : 2 ∣ m.gcd n := by
    apply Nat.dvd_gcd <;>
    assumption
  have : 2 ∣ 1 := by
    convert this
    symm
    exact coprime_mn
  norm_num at this


","💥️unexpected token; expected ')', ',' or ':'

💥️unsolved goals
case h
m n : ℕ
coprime_mn : m.Coprime n
sqr_eq : m ^ 2 = 2 * n ^ 2
⊢ 2 ∣ m ^ 2

💥️unknown identifier 'aeq_mul_left''",False,60,MIL.C05_Elementary_Number_Theory.solutions.Solutions_S01_Irrational_Roots,Qwen-7B-short,LENGTH,best_of_n,False,0,-1.0,t1,False
-1,False,24,"theorem t1 {m n : ℕ} (coprime_mn : m.Coprime n) : m ^ 2 ≠ 2 * n ^ 2 := by
  intro sqr_eq
  have : 2 ∣ m := by
    apply even_of_even_sqr
    rw [sqr_eq]
    apply dvd_mul_right
  obtain ⟨k, meq⟩ := dvd_iff_exists_eq_mul_left.mp this
  have : 2 * (2 * k ^ 2) = 2 * n ^ 2 := by
    rw [← sqr_eq, meq]
    ring
  have : 2 * k ^ 2 = n ^ 2 :=
    (mul_right_inj' (by norm_num)).mp this
  have : 2 ∣ n := by
    apply even_of_even_sqr
    rw [← this]
    apply dvd_mul_right
  have : 2 ∣ m.gcd n := by
    apply Nat.dvd_gcd <;>
    assumption
  have : 2 ∣ 1 := by
    convert this
    symm
    exact coprime_mn
  norm_num at this

",,True,-1,"theorem t1 {m n : ℕ} (coprime_mn : m.Coprime n) : m ^ 2 ≠ 2 * n ^ 2 := by
  intro sqr_eq
  obtain ⟨k, ksq⟩ := div_mul_eq_div_div (Int.ofNat_dvd_mul_self _ _) (Int.ofNat_dvd_mul_self _ _) <;>
    try exact this ▸ (2 * pow_left _).symm
","💥️unknown constant 'Int.ofNat_dvd_mul_self'

💥️unknown constant 'Int.ofNat_dvd_mul_self'",False,60,MIL.C05_Elementary_Number_Theory.solutions.Solutions_S01_Irrational_Roots,Qwen-7B-short,LENGTH,best_of_n,False,0,-1.0,t1,False
-1,False,24,"theorem t1 {m n : ℕ} (coprime_mn : m.Coprime n) : m ^ 2 ≠ 2 * n ^ 2 := by
  intro sqr_eq
  have : 2 ∣ m := by
    apply even_of_even_sqr
    rw [sqr_eq]
    apply dvd_mul_right
  obtain ⟨k, meq⟩ := dvd_iff_exists_eq_mul_left.mp this
  have : 2 * (2 * k ^ 2) = 2 * n ^ 2 := by
    rw [← sqr_eq, meq]
    ring
  have : 2 * k ^ 2 = n ^ 2 :=
    (mul_right_inj' (by norm_num)).mp this
  have : 2 ∣ n := by
    apply even_of_even_sqr
    rw [← this]
    apply dvd_mul_right
  have : 2 ∣ m.gcd n := by
    apply Nat.dvd_gcd <;>
    assumption
  have : 2 ∣ 1 := by
    convert this
    symm
    exact coprime_mn
  norm_num at this

",,True,-1,"theorem t1 {m n : ℕ} (coprime_mn : m.Coprime n) : m ^ 2 ≠ 2 * n ^ 2 := by
  intro sqr_eq
  have : 2 ∣ m := by
    apply even_of_even_sqr
    rw [sqr_eq]
    apply dvd_mul_right
  obtain ⟨k, meq⟩ := dvd_iff_exists_eq_mul_left.mp this
  have : 2 * (2 * k ^ 2) = 2 * n ^ 2 := by
    rw [← sqr_eq, meq]
    ring
  have : 2 * k ^ 2 = n ^ 2 :=
    (mul_right_inj' (by norm_num)).mp this
  have : 2 ∣ n := by
    rw [← this]
    apply dvd_mul_right
  have : 2 ∣ m.gcd n := by
    apply Nat.dvd_gcd <;>
    assumption
  have : 2 ∣ 1 := by
    convert this
    symm
    exact coprime_mn
  norm_num at this


","💥️tactic 'rewrite' failed, did not find instance of the pattern in the target expression
  n ^ 2
m n : ℕ
coprime_mn : m.Coprime n
sqr_eq : m ^ 2 = 2 * n ^ 2
this✝¹ : 2 ∣ m
k : ℕ
meq : m = k * 2
this✝ : 2 * (2 * k ^ 2) = 2 * n ^ 2
this : 2 * k ^ 2 = n ^ 2
⊢ 2 ∣ n",False,60,MIL.C05_Elementary_Number_Theory.solutions.Solutions_S01_Irrational_Roots,Qwen-7B-short,LENGTH,best_of_n,False,0,-1.0,t1,False
-1,False,24,"theorem t1 {m n : ℕ} (coprime_mn : m.Coprime n) : m ^ 2 ≠ 2 * n ^ 2 := by
  intro sqr_eq
  have : 2 ∣ m := by
    apply even_of_even_sqr
    rw [sqr_eq]
    apply dvd_mul_right
  obtain ⟨k, meq⟩ := dvd_iff_exists_eq_mul_left.mp this
  have : 2 * (2 * k ^ 2) = 2 * n ^ 2 := by
    rw [← sqr_eq, meq]
    ring
  have : 2 * k ^ 2 = n ^ 2 :=
    (mul_right_inj' (by norm_num)).mp this
  have : 2 ∣ n := by
    apply even_of_even_sqr
    rw [← this]
    apply dvd_mul_right
  have : 2 ∣ m.gcd n := by
    apply Nat.dvd_gcd <;>
    assumption
  have : 2 ∣ 1 := by
    convert this
    symm
    exact coprime_mn
  norm_num at this

",,True,-1,"theorem t1 {m n : ℕ} (coprime_mn : m.Coprime n) : m ^ 2 ≠ 2 * n ^ 2 := by
  intro omega
  rw [← omega, omega] at omega
  have : 3 ∣ m := by omega
  have : 3 ∣ n := by omega
  exact not_divisors_dvd_mul_right (by simpa) hcoprime_mn <| omega
","💥️omega could not prove the goal:
a possible counterexample may satisfy the constraints
  b ≥ 0
  1 ≤ b - 3*c ≤ 2
  a ≥ 0
where
 a := ↑(m ^ 2)
 b := ↑m
 c := ↑m / 3

💥️omega could not prove the goal:
a possible counterexample may satisfy the constraints
  c ≥ 0
  1 ≤ c - 3*d ≤ 2
  b ≥ 0
  a ≥ 0
where
 a := ↑(m ^ 2)
 b := ↑m / 3
 c := ↑n
 d := ↑n / 3

💥️unknown identifier 'not_divisors_dvd_mul_right'",False,60,MIL.C05_Elementary_Number_Theory.solutions.Solutions_S01_Irrational_Roots,Qwen-7B-short,LENGTH,best_of_n,False,0,-1.0,t1,False
-1,False,24,"theorem t1 {m n : ℕ} (coprime_mn : m.Coprime n) : m ^ 2 ≠ 2 * n ^ 2 := by
  intro sqr_eq
  have : 2 ∣ m := by
    apply even_of_even_sqr
    rw [sqr_eq]
    apply dvd_mul_right
  obtain ⟨k, meq⟩ := dvd_iff_exists_eq_mul_left.mp this
  have : 2 * (2 * k ^ 2) = 2 * n ^ 2 := by
    rw [← sqr_eq, meq]
    ring
  have : 2 * k ^ 2 = n ^ 2 :=
    (mul_right_inj' (by norm_num)).mp this
  have : 2 ∣ n := by
    apply even_of_even_sqr
    rw [← this]
    apply dvd_mul_right
  have : 2 ∣ m.gcd n := by
    apply Nat.dvd_gcd <;>
    assumption
  have : 2 ∣ 1 := by
    convert this
    symm
    exact coprime_mn
  norm_num at this

",,True,24,"theorem t1 {m n : ℕ} (coprime_mn : m.Coprime n) : m ^ 2 ≠ 2 * n ^ 2 := by
  intro sqr_eq
  have : 2 ∣ m := by
    apply even_of_even_sqr
    rw [sqr_eq]
    apply dvd_mul_right
  obtain ⟨k, meq⟩ := dvd_iff_exists_eq_mul_left.mp this
  have : 2 * (2 * k ^ 2) = 2 * n ^ 2 := by
    rw [← sqr_eq, meq]
    ring
  have : 2 * k ^ 2 = n ^ 2 :=
    (mul_right_inj' (by norm_num)).mp this
  have : 2 ∣ n := by
    apply even_of_even_sqr
    rw [← this]
    apply dvd_mul_right
  have : 2 ∣ m.gcd n := by
    apply Nat.dvd_gcd <;>
    assumption
  have : 2 ∣ 1 := by
    convert this
    symm
    exact coprime_mn
  norm_num at this
",,True,60,MIL.C05_Elementary_Number_Theory.solutions.Solutions_S01_Irrational_Roots,Qwen-7B-short,LENGTH,best_of_n,False,0,0.0,t1,False
-1,False,24,"theorem t1 {m n : ℕ} (coprime_mn : m.Coprime n) : m ^ 2 ≠ 2 * n ^ 2 := by
  intro sqr_eq
  have : 2 ∣ m := by
    apply even_of_even_sqr
    rw [sqr_eq]
    apply dvd_mul_right
  obtain ⟨k, meq⟩ := dvd_iff_exists_eq_mul_left.mp this
  have : 2 * (2 * k ^ 2) = 2 * n ^ 2 := by
    rw [← sqr_eq, meq]
    ring
  have : 2 * k ^ 2 = n ^ 2 :=
    (mul_right_inj' (by norm_num)).mp this
  have : 2 ∣ n := by
    apply even_of_even_sqr
    rw [← this]
    apply dvd_mul_right
  have : 2 ∣ m.gcd n := by
    apply Nat.dvd_gcd <;>
    assumption
  have : 2 ∣ 1 := by
    convert this
    symm
    exact coprime_mn
  norm_num at this

",,True,-1,"theorem t1 {m n : ℕ} (coprime_mn : m.Coprime n) : m ^ 2 ≠ 2 * n ^ 2 := by
  intro sqr_eq
  have : 2 ∣ m := by
    apply even_of_even_sqr
  obtain ⟨k, meq⟩ := dvd_iff_exists_eq_mul_left.mp (dvd_mul_right _)
  have : 2 * (2 * k ^ 2) = 2 * n ^ 2 := by
    rw [← sqr_eq, meq]
    ring
  have : 2 * k ^ 2 = n ^ 2 :=
    (mul_right_inj' (by norm_num)).mp this
  have : 2 ∣ n := by
    apply even_of_even_sqr
    rw [← this]
    apply dvd_mul_right
  have : 2 ∣ m.gcd n := by
    apply Nat.dvd_gcd <;>
    assumption
  have : 2 ∣ 1 := by
    convert this
    symm
    exact coprime_mn
  norm_num at this


","💥️unsolved goals
case h
m n : ℕ
coprime_mn : m.Coprime n
sqr_eq : m ^ 2 = 2 * n ^ 2
⊢ 2 ∣ m ^ 2

💥️application type mismatch
  dvd_iff_exists_eq_mul_left.mp (dvd_mul_right ?m.1125)
argument
  dvd_mul_right ?m.1125
has type
  ∀ (b : ?m.1123), ?m.1125 ∣ ?m.1125 * b : Prop
but is expected to have type
  ?m.1116 ∣ ?m.1117 : Prop

💥️tactic 'rewrite' failed, pattern is a metavariable
  ?m.1117
from equation
  ?m.1117 = k * ?m.1116
m n : ℕ
coprime_mn : m.Coprime n
sqr_eq : m ^ 2 = 2 * n ^ 2
this : 2 ∣ m
k : ℕ
meq : ?m.1117 = k * ?m.1116
⊢ 2 * (2 * k ^ 2) = m ^ 2",False,60,MIL.C05_Elementary_Number_Theory.solutions.Solutions_S01_Irrational_Roots,Qwen-7B-short,LENGTH,best_of_n,False,0,-1.0,t1,False
-1,False,24,"theorem t1 {m n : ℕ} (coprime_mn : m.Coprime n) : m ^ 2 ≠ 2 * n ^ 2 := by
  intro sqr_eq
  have : 2 ∣ m := by
    apply even_of_even_sqr
    rw [sqr_eq]
    apply dvd_mul_right
  obtain ⟨k, meq⟩ := dvd_iff_exists_eq_mul_left.mp this
  have : 2 * (2 * k ^ 2) = 2 * n ^ 2 := by
    rw [← sqr_eq, meq]
    ring
  have : 2 * k ^ 2 = n ^ 2 :=
    (mul_right_inj' (by norm_num)).mp this
  have : 2 ∣ n := by
    apply even_of_even_sqr
    rw [← this]
    apply dvd_mul_right
  have : 2 ∣ m.gcd n := by
    apply Nat.dvd_gcd <;>
    assumption
  have : 2 ∣ 1 := by
    convert this
    symm
    exact coprime_mn
  norm_num at this

",,True,-1,"theorem t1 {m n : ℕ} (coprime_mn : m.Coprime n) : m ^ 2 ≠ 2 * n ^ 2 := by
  intro sqr_eq
  have : 2 ∣ m := by
    apply even_of_even_sqr
    rw [sqr_eq]
    apply dvd_mul_right
  obtain ⟨k, meq⟩ := dvd_iff_exists_eq_mul_left.mp this
  have : 2 * (2 * k ^ 2) = 2 * n ^ 2 := by
    rw [← sqr_eq, meq]
    ring
  have : 2 * k ^ 2 = n ^ 2 :=
    (mul_right_inj' (by norm_num)).mp this
  have : 2 ∣ n := by
    apply even_of_even_sqr
    rw [← this]
    apply dvd_mul_right
  have : 2 ∣ m.gcd n := by
    apply Nat.dvd_gcd <;>
    assumption
  have : 2 ∣ 1 := by
    rw [this, Nat.dvd_zero]
  norm_num at this


","💥️tactic 'rewrite' failed, equality or iff proof expected
  2 ∣ m.gcd n
m n : ℕ
coprime_mn : m.Coprime n
sqr_eq : m ^ 2 = 2 * n ^ 2
this✝³ : 2 ∣ m
k : ℕ
meq : m = k * 2
this✝² : 2 * (2 * k ^ 2) = 2 * n ^ 2
this✝¹ : 2 * k ^ 2 = n ^ 2
this✝ : 2 ∣ n
this : 2 ∣ m.gcd n
⊢ 2 ∣ 1",False,60,MIL.C05_Elementary_Number_Theory.solutions.Solutions_S01_Irrational_Roots,Qwen-7B-short,LENGTH,best_of_n,False,0,-1.0,t1,False
-1,False,24,"theorem t1 {m n : ℕ} (coprime_mn : m.Coprime n) : m ^ 2 ≠ 2 * n ^ 2 := by
  intro sqr_eq
  have : 2 ∣ m := by
    apply even_of_even_sqr
    rw [sqr_eq]
    apply dvd_mul_right
  obtain ⟨k, meq⟩ := dvd_iff_exists_eq_mul_left.mp this
  have : 2 * (2 * k ^ 2) = 2 * n ^ 2 := by
    rw [← sqr_eq, meq]
    ring
  have : 2 * k ^ 2 = n ^ 2 :=
    (mul_right_inj' (by norm_num)).mp this
  have : 2 ∣ n := by
    apply even_of_even_sqr
    rw [← this]
    apply dvd_mul_right
  have : 2 ∣ m.gcd n := by
    apply Nat.dvd_gcd <;>
    assumption
  have : 2 ∣ 1 := by
    convert this
    symm
    exact coprime_mn
  norm_num at this

",,True,-1,"theorem t1 {m n : ℕ} (coprime_mn : m.Coprime n) : m ^ 2 ≠ 2 * n ^ 2 := by
  intro sqr_eq
  have : 2 ∣ m := by
    apply even_of_even_sqr
    rw [sqr_eq]
    apply dvd_mul_right
  obtain ⟨k, meq⟩ := dvd_iff_exists_eq_mul_left.mp this
  have : 2 * (2 * k ^ 2) = 2 * n ^ 2 := by
    rw [← sqr_eq, meq]
    ring
  have : 2 * k ^ 2 = n ^ 2 := (2:ℕ) ▸ this
  have : 2 ∣ n := by
    apply even_of_even_sqr
    rw [← this]
    apply dvd_mul_right
  have : 2 ∣ m.gcd n := by
    apply Nat.dvd_gcd <;>
    assumption
  have : 2 ∣ 1 := by
    convert this
    symm
    exact coprime_mn
  norm_num at this
","💥️invalid `▸` notation, argument
  2
has type
  ℕ
equality expected",False,60,MIL.C05_Elementary_Number_Theory.solutions.Solutions_S01_Irrational_Roots,Qwen-7B-short,LENGTH,best_of_n,False,0,-1.0,t1,False
-1,False,24,"theorem t1 {m n : ℕ} (coprime_mn : m.Coprime n) : m ^ 2 ≠ 2 * n ^ 2 := by
  intro sqr_eq
  have : 2 ∣ m := by
    apply even_of_even_sqr
    rw [sqr_eq]
    apply dvd_mul_right
  obtain ⟨k, meq⟩ := dvd_iff_exists_eq_mul_left.mp this
  have : 2 * (2 * k ^ 2) = 2 * n ^ 2 := by
    rw [← sqr_eq, meq]
    ring
  have : 2 * k ^ 2 = n ^ 2 :=
    (mul_right_inj' (by norm_num)).mp this
  have : 2 ∣ n := by
    apply even_of_even_sqr
    rw [← this]
    apply dvd_mul_right
  have : 2 ∣ m.gcd n := by
    apply Nat.dvd_gcd <;>
    assumption
  have : 2 ∣ 1 := by
    convert this
    symm
    exact coprime_mn
  norm_num at this

",,True,-1,"theorem t1 {m n : ℕ} (coprime_mn : m.Coprime n) : m ^ 2 ≠ 2 * n ^ 2 := by
  intro sqr_eq
  have : 2 ∣ m := by
    rw [← Int.eNat_dvd, even_of_even_sqr] at sq
    exactinject (Int.ofNat_dvd.mpr sq)
  obtain ⟨k, meq⟩ := dvd_iff_exists_eq_mul_left.mp this
  have : 2 * (2 * k ^ 2) = 2 * n ^ 2 := by
    rw [← sqr_eq, meq]
    ring
  have : 2 * k ^ 2 = n ^ 2 :=
    (mul_right_inj' (by norm_num)).mp this
  have : 2 ∣ n := by
    rw [← this]
    apply dvd_mul_right
  have : 2 ∣ m.gcd n := by
    apply Nat.dvd_gcd <;>
    assumption
  have : 2 ∣ 1 := by
    convert this
    symm
    exact coprime_mn
  norm_num at this


","💥️unknown tactic

💥️unexpected term '@sq'; expected single reference to variable

💥️unsolved goals
m n : ℕ
coprime_mn : m.Coprime n
sqr_eq : m ^ 2 = 2 * n ^ 2
this : 2 ∣ m
⊢ False",False,60,MIL.C05_Elementary_Number_Theory.solutions.Solutions_S01_Irrational_Roots,Qwen-7B-short,LENGTH,best_of_n,False,0,-1.0,t1,False
-1,False,24,"theorem t1 {m n : ℕ} (coprime_mn : m.Coprime n) : m ^ 2 ≠ 2 * n ^ 2 := by
  intro sqr_eq
  have : 2 ∣ m := by
    apply even_of_even_sqr
    rw [sqr_eq]
    apply dvd_mul_right
  obtain ⟨k, meq⟩ := dvd_iff_exists_eq_mul_left.mp this
  have : 2 * (2 * k ^ 2) = 2 * n ^ 2 := by
    rw [← sqr_eq, meq]
    ring
  have : 2 * k ^ 2 = n ^ 2 :=
    (mul_right_inj' (by norm_num)).mp this
  have : 2 ∣ n := by
    apply even_of_even_sqr
    rw [← this]
    apply dvd_mul_right
  have : 2 ∣ m.gcd n := by
    apply Nat.dvd_gcd <;>
    assumption
  have : 2 ∣ 1 := by
    convert this
    symm
    exact coprime_mn
  norm_num at this

",,True,-1,"theorem t1 {m n : ℕ} (coprime_mn : m.Coprime n) : m ^ 2 ≠ 2 * n ^ 2 := by
  intro sqr_eq
  obtain ⟨k, k'⟩ := mul_left_mem_right.mp (even_of_even_sqr m n)
  have : 2 * (2 * k ^ 2) = 2 * n ^ 2 := by
    rw [← sqr_eq, k']
  have : 2 * k ^ 2 = n ^ 2 :=
    (mul_right_inj' (by norm_num)).mp this
  have : 2 ∣ n := by
    apply even_of_even_sqr
    rw [← this]
    apply dvd_mul_right
  have : 2 ∣ m.gcd n := by
    apply Nat.dvd_gcd <;>
    assumption
  have : 2 ∣ 1 := by
    convert this
    symm
    exact coprime_mn
  norm_num at this


","💥️unknown identifier 'mul_left_mem_right.mp'

💥️rcases tactic failed: x✝ : ?m.1048 is not an inductive datatype",False,60,MIL.C05_Elementary_Number_Theory.solutions.Solutions_S01_Irrational_Roots,Qwen-7B-short,LENGTH,best_of_n,False,0,-1.0,t1,False
-1,False,24,"theorem t1 {m n : ℕ} (coprime_mn : m.Coprime n) : m ^ 2 ≠ 2 * n ^ 2 := by
  intro sqr_eq
  have : 2 ∣ m := by
    apply even_of_even_sqr
    rw [sqr_eq]
    apply dvd_mul_right
  obtain ⟨k, meq⟩ := dvd_iff_exists_eq_mul_left.mp this
  have : 2 * (2 * k ^ 2) = 2 * n ^ 2 := by
    rw [← sqr_eq, meq]
    ring
  have : 2 * k ^ 2 = n ^ 2 :=
    (mul_right_inj' (by norm_num)).mp this
  have : 2 ∣ n := by
    apply even_of_even_sqr
    rw [← this]
    apply dvd_mul_right
  have : 2 ∣ m.gcd n := by
    apply Nat.dvd_gcd <;>
    assumption
  have : 2 ∣ 1 := by
    convert this
    symm
    exact coprime_mn
  norm_num at this

",,True,-1,"theorem t1 {m n : ℕ} (coprime_mn : m.Coprime n) : m ^ 2 ≠ 2 * n ^ 2 := by
  intro sqr_eq
  obtain ⟨k, meq⟩ := dvd_iff_exists_eq_mul_left.mp (even_of_even_sqr (sq := $sqr_eq _))
  have : 2 * (2 * k ^ 2) = 2 * n ^ 2 := by
    rw [← sq_eq, meq]
    ring
  have : 2 * k ^ 2 = n ^ 2 :=
    (mul_right_inj' (by norm_num)).mp this
  have : 2 ∣ n := by
    apply even_of_even_sqr
    rw [← this]
    apply dvd_mul_right
  have : 2 ∣ m.gcd n := by
    apply Nat.dvd_gcd <;>
    assumption
  have : 2 ∣ 1 := by
    convert this
    symm
    exact coprime_mn
  norm_num at this


","💥️invalid argument name 'sq' for function 'even_of_even_sqr'

💥️unknown identifier 'sq_eq'

💥️tactic 'rewrite' failed, equality or iff proof expected
  ?m.1995
m n : ℕ
coprime_mn : m.Coprime n
sqr_eq : m ^ 2 = 2 * n ^ 2
k : ℕ
meq : ?m.1085 = k * ?m.1084
⊢ 2 * (2 * k ^ 2) = 2 * n ^ 2

💥️tactic 'assumption' failed
case a
m n : ℕ
coprime_mn : m.Coprime n
sqr_eq : m ^ 2 = 2 * n ^ 2
k : ℕ
meq : ?m.1085 = k * ?m.1084
this✝¹ : 2 * (2 * k ^ 2) = 2 * n ^ 2
this✝ : 2 * k ^ 2 = n ^ 2
this : 2 ∣ n
⊢ 2 ∣ m",False,60,MIL.C05_Elementary_Number_Theory.solutions.Solutions_S01_Irrational_Roots,Qwen-7B-short,LENGTH,best_of_n,False,0,-1.0,t1,False
-1,False,28,"theorem t2 {m n p : ℕ} (coprime_mn : m.Coprime n) (prime_p : p.Prime) : m ^ 2 ≠ p * n ^ 2 := by
  intro sqr_eq
  have : p ∣ m := by
    apply prime_p.dvd_of_dvd_pow
    rw [sqr_eq]
    apply dvd_mul_right
  obtain ⟨k, meq⟩ := dvd_iff_exists_eq_mul_left.mp this
  have : p * (p * k ^ 2) = p * n ^ 2 := by
    rw [← sqr_eq, meq]
    ring
  have : p * k ^ 2 = n ^ 2 := by
    apply (mul_right_inj' _).mp this
    exact prime_p.ne_zero
  have : p ∣ n := by
    apply prime_p.dvd_of_dvd_pow
    rw [← this]
    apply dvd_mul_right
  have : p ∣ Nat.gcd m n := by apply Nat.dvd_gcd <;> assumption
  have : p ∣ 1 := by
    convert this
    symm
    exact coprime_mn
  have : 2 ≤ 1 := by
    apply prime_p.two_le.trans
    exact Nat.le_of_dvd zero_lt_one this
  norm_num at this

",,True,28,"theorem t2 {m n p : ℕ} (coprime_mn : m.Coprime n) (prime_p : p.Prime) : m ^ 2 ≠ p * n ^ 2 := by
  intro sqr_eq
  have : p ∣ m := by
    apply prime_p.dvd_of_dvd_pow
    rw [sqr_eq]
    apply dvd_mul_right
  obtain ⟨k, memq⟩ := dvd_iff_exists_eq_mul_left.mp this
  have : p * (p * k ^ 2) = p * n ^ 2 := by
    rw [← sqr_eq, memq]
    ring
  have : p * k ^ 2 = n ^ 2 := by
    apply (mul_right_inj' _).mp this
    exact prime_p.ne_zero
  have : p ∣ n := by
    apply prime_p.dvd_of_dvd_pow
    rw [← this]
    apply dvd_mul_right
  have : p ∣ Nat.gcd m n := by apply Nat.dvd_gcd <;> assumption
  have : p ∣ 1 := by
    convert this
    symm
    exact coprime_mn
  have : 2 ≤ 1 := by
    apply prime_p.two_le.trans
    exact Nat.le_of_dvd zero_lt_one this
  norm_num at this


",,True,60,MIL.C05_Elementary_Number_Theory.solutions.Solutions_S01_Irrational_Roots,Qwen-7B-short,LENGTH,best_of_n,False,0,0.0,t2,False
-1,False,28,"theorem t2 {m n p : ℕ} (coprime_mn : m.Coprime n) (prime_p : p.Prime) : m ^ 2 ≠ p * n ^ 2 := by
  intro sqr_eq
  have : p ∣ m := by
    apply prime_p.dvd_of_dvd_pow
    rw [sqr_eq]
    apply dvd_mul_right
  obtain ⟨k, meq⟩ := dvd_iff_exists_eq_mul_left.mp this
  have : p * (p * k ^ 2) = p * n ^ 2 := by
    rw [← sqr_eq, meq]
    ring
  have : p * k ^ 2 = n ^ 2 := by
    apply (mul_right_inj' _).mp this
    exact prime_p.ne_zero
  have : p ∣ n := by
    apply prime_p.dvd_of_dvd_pow
    rw [← this]
    apply dvd_mul_right
  have : p ∣ Nat.gcd m n := by apply Nat.dvd_gcd <;> assumption
  have : p ∣ 1 := by
    convert this
    symm
    exact coprime_mn
  have : 2 ≤ 1 := by
    apply prime_p.two_le.trans
    exact Nat.le_of_dvd zero_lt_one this
  norm_num at this

",,True,-1,"theorem t2 {m n p : ℕ} (coprime_mn : m.Coprime n) (prime_p : p.Prime) : m ^ 2 ≠ p * n ^ 2 := by
  intro squares_eq
  have : p ∣ m := by
    apply prime_p.dvd_of_dvd_pow
    rw [squares_eq]
    apply dvd_mul_right
  obtain ⟨k, eqk⟩ := dvd_iff_exists_eq_mul_left.mp this
  have : p * (p * k ^ 2) = p * n ^ 2 := by
    rw [← eqk, subset_antisymm]
  have : p * 4 * (√(p * k ^ 2) ^ 2) = p * n ^ 2 := by
    convert this
    module
    #align tauto tauto
    assumption
  have : (√(p * k ^ 2) ^ 2) = n ^ 2 := by
    rw [← this, subset_antisymm]
  have : p ∣ √(p * k ^ 2) := by
    rw [← eqk, (sqrt_dvd_iff_mul_eq)]
  have : p ∣ (2 * √(p * k ^ 2)) := by
    rw [mul_left_mem_nonZero_divisors (Nat.mul_lt_succ zero_lt_two) this]
  have : p ∣ 4 := by
    rw [mul_left_mem_nonZero_divisors (Nat.mul_lt_succ zero_lt_four) this,
      ← div_mul_eq_div_div, ← one_mul, ← div_self]
  have : p ∣ (√(p * k ^ 2) * 4) := by
    refine mul_left_mem_nonZero_divisors _ ?_
    convert (sqrt_dvd_iff_mul_eq).mp eqk
    module
    assumption
  have : p ∣ √(p * k ^ 2) := by
    rw [← multiset_dvd_cancel_left (coprime_mnATES_le_comm _ _)]
  have : 2 ≤ √(p * k ^ 2) := by
    rw [← multiset_dvd_cancel_left (coprime_mnATES_le_comm _ _)]
    exact whole_num_le_self _
  have : n = 2 * √(p * k ^ 2) := by
    rw [← this, subset_antisymm]
  have : m = √(p * k ^ 2) * 2 := by
    rw [mul_left_mem_nonZero_divisors (Nat.mul_lt_succ zero_lt_two) ?_,
      ← the_dvd_mul_eq_mul_dvd_of_dvd_injective (Nat.le_of_lt one_mul_two)]
  have : t2 m n p := by
    rw [← squares_eq, eqk]
    ring
","💥️tactic 'rewrite' failed, did not find instance of the pattern in the target expression
  k * p
m n p : ℕ
coprime_mn : m.Coprime n
prime_p : Nat.Prime p
squares_eq : m ^ 2 = p * n ^ 2
this : p ∣ m
k : ℕ
eqk : m = k * p
⊢ p * (p * k ^ 2) = p * n ^ 2

💥️goal ↑p * 4 * √(↑p * ↑k ^ 2) ^ 2 = ↑p * ↑n ^ 2 ↔ p * (p * k ^ 2) = p * n ^ 2 is not an equality

💥️unsolved goals
case intro
m n p : ℕ
coprime_mn : m.Coprime n
prime_p : Nat.Prime p
squares_eq : m ^ 2 = p * n ^ 2
this✝¹ : p ∣ m
k : ℕ
eqk : m = k * p
this✝ : p * (p * k ^ 2) = p * n ^ 2
this : ↑p * 4 * √(↑p * ↑k ^ 2) ^ 2 = ↑p * ↑n ^ 2
⊢ False",False,60,MIL.C05_Elementary_Number_Theory.solutions.Solutions_S01_Irrational_Roots,Qwen-7B-short,LENGTH,best_of_n,False,0,-1.0,t2,False
-1,False,28,"theorem t2 {m n p : ℕ} (coprime_mn : m.Coprime n) (prime_p : p.Prime) : m ^ 2 ≠ p * n ^ 2 := by
  intro sqr_eq
  have : p ∣ m := by
    apply prime_p.dvd_of_dvd_pow
    rw [sqr_eq]
    apply dvd_mul_right
  obtain ⟨k, meq⟩ := dvd_iff_exists_eq_mul_left.mp this
  have : p * (p * k ^ 2) = p * n ^ 2 := by
    rw [← sqr_eq, meq]
    ring
  have : p * k ^ 2 = n ^ 2 := by
    apply (mul_right_inj' _).mp this
    exact prime_p.ne_zero
  have : p ∣ n := by
    apply prime_p.dvd_of_dvd_pow
    rw [← this]
    apply dvd_mul_right
  have : p ∣ Nat.gcd m n := by apply Nat.dvd_gcd <;> assumption
  have : p ∣ 1 := by
    convert this
    symm
    exact coprime_mn
  have : 2 ≤ 1 := by
    apply prime_p.two_le.trans
    exact Nat.le_of_dvd zero_lt_one this
  norm_num at this

",,True,-1,"theorem t2 {m n p : ℕ} (coprime_mn : m.Coprime n) (prime_p : p.Prime) : m ^ 2 ≠ p * n ^ 2 := by
  intro sqr_eq
  have : p ∣ m := by
    rw [← primes_mul_left_eq_prime_pow, mul_left_mem_nonZero div_mul_eq_zero_iff]
  obtain ⟨k, meq⟩ := dvd_iff_exists_eq_mul_left.mp this
  have : p * (p * k ^ 2) = p * n ^ 2 := by
    rw [← sqr_eq, meq]
    ring
  have : p * k ^ 2 = n ^ 2 := by
    apply (mul_right_inj' _).mp this
    exact prime_p.ne_zero
  have : p ∣ n := by
    apply prime_p.dvd_of_dvd_pow
    rw [← this]
    apply dvd_mul_right
  have : p ∣ Nat.gcd m n := by apply Nat.dvd_gcd <;> assumption
  have : p ∣ 1 := by
    convert this
    symm
    exact coprime_mn
  have : 2 ≤ 1 := by
    apply prime_p.two_le.trans
    exact Nat.le_of_dvd zero_lt_one this
  norm_num at this


","💥️unknown identifier 'primes_mul_left_eq_prime_pow'

💥️tactic 'rewrite' failed, equality or iff proof expected
  ?m.4617
m n p : ℕ
coprime_mn : m.Coprime n
prime_p : Nat.Prime p
sqr_eq : m ^ 2 = p * n ^ 2
⊢ p ∣ m",False,60,MIL.C05_Elementary_Number_Theory.solutions.Solutions_S01_Irrational_Roots,Qwen-7B-short,LENGTH,best_of_n,False,0,-1.0,t2,False
-1,False,28,"theorem t2 {m n p : ℕ} (coprime_mn : m.Coprime n) (prime_p : p.Prime) : m ^ 2 ≠ p * n ^ 2 := by
  intro sqr_eq
  have : p ∣ m := by
    apply prime_p.dvd_of_dvd_pow
    rw [sqr_eq]
    apply dvd_mul_right
  obtain ⟨k, meq⟩ := dvd_iff_exists_eq_mul_left.mp this
  have : p * (p * k ^ 2) = p * n ^ 2 := by
    rw [← sqr_eq, meq]
    ring
  have : p * k ^ 2 = n ^ 2 := by
    apply (mul_right_inj' _).mp this
    exact prime_p.ne_zero
  have : p ∣ n := by
    apply prime_p.dvd_of_dvd_pow
    rw [← this]
    apply dvd_mul_right
  have : p ∣ Nat.gcd m n := by apply Nat.dvd_gcd <;> assumption
  have : p ∣ 1 := by
    convert this
    symm
    exact coprime_mn
  have : 2 ≤ 1 := by
    apply prime_p.two_le.trans
    exact Nat.le_of_dvd zero_lt_one this
  norm_num at this

",,True,28,"theorem t2 {m n p : ℕ} (coprime_mn : m.Coprime n) (prime_p : p.Prime) : m ^ 2 ≠ p * n ^ 2 := by
  intro sqr_eq
  have : p ∣ m := by
    apply prime_p.dvd_of_dvd_pow
    rw [sqr_eq]
    apply dvd_mul_right
  obtain ⟨k, meq⟩ := dvd_iff_exists_eq_mul_left.mp this
  have : p * (p * k ^ 2) = p * n ^ 2 := by
    rw [← sqr_eq, meq]
    ring
  have : p * k ^ 2 = n ^ 2 := by
    apply (mul_right_inj' _).mp this
    exact prime_p.ne_zero
  have : p ∣ n := by
    apply prime_p.dvd_of_dvd_pow
    rw [← this]
    apply dvd_mul_right
  have : p ∣ Nat.gcd m n := by apply Nat.dvd_gcd <;> assumption
  have : p ∣ 1 := by
    convert this
    symm
    exact coprime_mn
  have : 2 ≤ 1 := by
    apply prime_p.two_le.trans
    exact Nat.le_of_dvd zero_lt_one this
  norm_num at this


",,True,60,MIL.C05_Elementary_Number_Theory.solutions.Solutions_S01_Irrational_Roots,Qwen-7B-short,LENGTH,best_of_n,False,0,0.0,t2,False
-1,False,28,"theorem t2 {m n p : ℕ} (coprime_mn : m.Coprime n) (prime_p : p.Prime) : m ^ 2 ≠ p * n ^ 2 := by
  intro sqr_eq
  have : p ∣ m := by
    apply prime_p.dvd_of_dvd_pow
    rw [sqr_eq]
    apply dvd_mul_right
  obtain ⟨k, meq⟩ := dvd_iff_exists_eq_mul_left.mp this
  have : p * (p * k ^ 2) = p * n ^ 2 := by
    rw [← sqr_eq, meq]
    ring
  have : p * k ^ 2 = n ^ 2 := by
    apply (mul_right_inj' _).mp this
    exact prime_p.ne_zero
  have : p ∣ n := by
    apply prime_p.dvd_of_dvd_pow
    rw [← this]
    apply dvd_mul_right
  have : p ∣ Nat.gcd m n := by apply Nat.dvd_gcd <;> assumption
  have : p ∣ 1 := by
    convert this
    symm
    exact coprime_mn
  have : 2 ≤ 1 := by
    apply prime_p.two_le.trans
    exact Nat.le_of_dvd zero_lt_one this
  norm_num at this

",,True,-1,"theorem t2 {m n p : ℕ} (coprime_mn : m.Coprime n) (prime_p : p.Prime) : m ^ 2 ≠ p * n ^ 2 := by
  intro sqr_eq
  obtain ⟨k, meq⟩ := 𝕜.mpr (relation p ∣ m using (pow_div_mul _ e.g. , e.g. $ by rwa [sqr_eq]))
  have : p * (p * k ^ 2) = p * n ^ 2 := by
    rw [← sqr_eq, meq]
    ring
  have : p * k ^ 2 = n ^ 2 := by
    apply (mul_right_inj' _).mp this
    exact prime_p.ne_zero
  have : p ∣ n := by
    apply prime_p.dvd_of_dvd_pow
    rw [← this]
    apply dvd_mul_right
  have : p ∣ Nat.gcd m n := by apply Nat.dvd_gcd <;> assumption
  have : p ∣ 1 := by
    convert this
    symm
    exact coprime_mn
  have : 2 ≤ 1 := by
    apply prime_p.two_le.trans
    exact Nat.le_of_dvd zero_lt_one this
  norm_num at this


","💥️unexpected token 'using'; expected ')', ',' or ':'

💥️unknown identifier '𝕜.mpr'",False,60,MIL.C05_Elementary_Number_Theory.solutions.Solutions_S01_Irrational_Roots,Qwen-7B-short,LENGTH,best_of_n,False,0,-1.0,t2,False
-1,False,28,"theorem t2 {m n p : ℕ} (coprime_mn : m.Coprime n) (prime_p : p.Prime) : m ^ 2 ≠ p * n ^ 2 := by
  intro sqr_eq
  have : p ∣ m := by
    apply prime_p.dvd_of_dvd_pow
    rw [sqr_eq]
    apply dvd_mul_right
  obtain ⟨k, meq⟩ := dvd_iff_exists_eq_mul_left.mp this
  have : p * (p * k ^ 2) = p * n ^ 2 := by
    rw [← sqr_eq, meq]
    ring
  have : p * k ^ 2 = n ^ 2 := by
    apply (mul_right_inj' _).mp this
    exact prime_p.ne_zero
  have : p ∣ n := by
    apply prime_p.dvd_of_dvd_pow
    rw [← this]
    apply dvd_mul_right
  have : p ∣ Nat.gcd m n := by apply Nat.dvd_gcd <;> assumption
  have : p ∣ 1 := by
    convert this
    symm
    exact coprime_mn
  have : 2 ≤ 1 := by
    apply prime_p.two_le.trans
    exact Nat.le_of_dvd zero_lt_one this
  norm_num at this

",,True,-1,"theorem t2 {m n p : ℕ} (coprime_mn : m.Coprime n) (prime_p : p.Prime) : m ^ 2 ≠ p * n ^ 2 := by
  intro sqr_eq
  obtain ⟨k, (kmp : p ∣ (m * n))⟩ := by
    simpa using prime_p.dvd_of_dvd_pow (dvd_mul_right _ _) (coprime_mn.mp kmp)
  have : p * (p * k ^ 2) = p * n ^ 2 := by
    rw [← sqr_eq, kmp]
    ring
  have : p * k ^ 2 = n ^ 2 := by
    apply (mul_right_inj' _).mp this
    exact prime_p.ne_zero
  have : p ∣ n := by
    apply prime_p.dvd_of_dvd_pow
    rw [← this]
    apply dvd_mul_right
  have : p ∣ Nat.gcd m n := by assumption
  have : p ∣ 1 := by
    rwa [this, Nat.le_of_dvd (Nat.lt_one_iff_ne_zero.2 this)]
  norm_num at this


","💥️function expected at
  Nat.Prime.dvd_of_dvd_pow prime_p ?m.4802
term has type
  p ∣ ?m.4623

💥️application type mismatch
  Nat.Prime.dvd_of_dvd_pow prime_p (dvd_mul_right ?m.4629 ?m.4630)
argument
  dvd_mul_right ?m.4629 ?m.4630
has type
  ?m.4629 ∣ ?m.4629 * ?m.4630 : Prop
but is expected to have type
  p ∣ ?m.4623 ^ ?m.4624 : Prop

💥️rcases tactic failed: x✝ : ?m.4905 is not an inductive datatype",False,60,MIL.C05_Elementary_Number_Theory.solutions.Solutions_S01_Irrational_Roots,Qwen-7B-short,LENGTH,best_of_n,False,0,-1.0,t2,False
-1,False,28,"theorem t2 {m n p : ℕ} (coprime_mn : m.Coprime n) (prime_p : p.Prime) : m ^ 2 ≠ p * n ^ 2 := by
  intro sqr_eq
  have : p ∣ m := by
    apply prime_p.dvd_of_dvd_pow
    rw [sqr_eq]
    apply dvd_mul_right
  obtain ⟨k, meq⟩ := dvd_iff_exists_eq_mul_left.mp this
  have : p * (p * k ^ 2) = p * n ^ 2 := by
    rw [← sqr_eq, meq]
    ring
  have : p * k ^ 2 = n ^ 2 := by
    apply (mul_right_inj' _).mp this
    exact prime_p.ne_zero
  have : p ∣ n := by
    apply prime_p.dvd_of_dvd_pow
    rw [← this]
    apply dvd_mul_right
  have : p ∣ Nat.gcd m n := by apply Nat.dvd_gcd <;> assumption
  have : p ∣ 1 := by
    convert this
    symm
    exact coprime_mn
  have : 2 ≤ 1 := by
    apply prime_p.two_le.trans
    exact Nat.le_of_dvd zero_lt_one this
  norm_num at this

",,True,28,"theorem t2 {m n p : ℕ} (coprime_mn : m.Coprime n) (prime_p : p.Prime) : m ^ 2 ≠ p * n ^ 2 := by
  intro sqr_eq
  have : p ∣ m := by
    apply prime_p.dvd_of_dvd_pow
    rw [sqr_eq]
    apply dvd_mul_right
  obtain ⟨k, meq⟩ := dvd_iff_exists_eq_mul_left.mp this
  have : p * (p * k ^ 2) = p * n ^ 2 := by
    rw [← sqr_eq, meq]
    ring
  have : p * k ^ 2 = n ^ 2 := by
    apply (mul_right_inj' _).mp this
    exact prime_p.ne_zero
  have : p ∣ n := by
    apply prime_p.dvd_of_dvd_pow
    rw [← this]
    apply dvd_mul_right
  have : p ∣ Nat.gcd m n := by apply Nat.dvd_gcd <;> assumption
  have : p ∣ 1 := by
    convert this
    symm
    exact coprime_mn
  have : 2 ≤ 1 := by
    apply prime_p.two_le.trans
    exact Nat.le_of_dvd zero_lt_one this
  norm_num at this


",,True,60,MIL.C05_Elementary_Number_Theory.solutions.Solutions_S01_Irrational_Roots,Qwen-7B-short,LENGTH,best_of_n,False,0,0.0,t2,False
-1,False,28,"theorem t2 {m n p : ℕ} (coprime_mn : m.Coprime n) (prime_p : p.Prime) : m ^ 2 ≠ p * n ^ 2 := by
  intro sqr_eq
  have : p ∣ m := by
    apply prime_p.dvd_of_dvd_pow
    rw [sqr_eq]
    apply dvd_mul_right
  obtain ⟨k, meq⟩ := dvd_iff_exists_eq_mul_left.mp this
  have : p * (p * k ^ 2) = p * n ^ 2 := by
    rw [← sqr_eq, meq]
    ring
  have : p * k ^ 2 = n ^ 2 := by
    apply (mul_right_inj' _).mp this
    exact prime_p.ne_zero
  have : p ∣ n := by
    apply prime_p.dvd_of_dvd_pow
    rw [← this]
    apply dvd_mul_right
  have : p ∣ Nat.gcd m n := by apply Nat.dvd_gcd <;> assumption
  have : p ∣ 1 := by
    convert this
    symm
    exact coprime_mn
  have : 2 ≤ 1 := by
    apply prime_p.two_le.trans
    exact Nat.le_of_dvd zero_lt_one this
  norm_num at this

",,True,-1,"theorem t2 {m n p : ℕ} (coprime_mn : m.Coprime n) (prime_p : p.Prime) : m ^ 2 ≠ p * n ^ 2 := by
  intro sqr_eq
  have : p ∣ m := by
    apply prime_p.dvd_of_dvd_pow
    rw [sqr_eq]
    apply dvd_mul_right
  obtain ⟨k, meq⟩ := dvd_iff_exists_eq_mul_left.mp this
  have : p * (p * k ^ 2) = p * n ^ 2 := by
    rw [← sqr_eq, meq]
    ring
  have : p * k ^ 2 = n ^ 2 := by
    rw [Nat.dvd_inj' (mul_right_inj' _)]
    exact (prime_p.ne_zero : p ≠ 0)
  obtain ⟨m, rfl⟩ := m.not_le_of_lt this
  have : Set.SUnion smul (p ^ ·) in range m := smul_range_injective <| Multiplicative ⊥m
  have : Set.SUnion t2 (range n) := union_nat_sq
  have : Set.SUnion sub_union (range m \ range n) := sub_union_range
  have : Set.SUnion sub_union (range m) := by
    simpa [range m] using sub_union_range (range n)
  exact congr_t2 <| not_mem_union_of_mem _ sub_union

","💥️unexpected identifier; expected command

💥️unknown constant 'Nat.dvd_inj''

💥️tactic 'rewrite' failed, equality or iff proof expected
  ?m.6089
m n p : ℕ
coprime_mn : m.Coprime n
prime_p : Nat.Prime p
sqr_eq : m ^ 2 = p * n ^ 2
this✝ : p ∣ m
k : ℕ
meq : m = k * p
this : p * (p * k ^ 2) = p * n ^ 2
⊢ p * k ^ 2 = n ^ 2

💥️application type mismatch
  Nat.not_le_of_lt this
argument
  this
has type
  p * k ^ 2 = n ^ 2 : Prop
but is expected to have type
  m < ?m.6093 : Prop",False,60,MIL.C05_Elementary_Number_Theory.solutions.Solutions_S01_Irrational_Roots,Qwen-7B-short,LENGTH,best_of_n,False,0,-1.0,t2,False
-1,False,28,"theorem t2 {m n p : ℕ} (coprime_mn : m.Coprime n) (prime_p : p.Prime) : m ^ 2 ≠ p * n ^ 2 := by
  intro sqr_eq
  have : p ∣ m := by
    apply prime_p.dvd_of_dvd_pow
    rw [sqr_eq]
    apply dvd_mul_right
  obtain ⟨k, meq⟩ := dvd_iff_exists_eq_mul_left.mp this
  have : p * (p * k ^ 2) = p * n ^ 2 := by
    rw [← sqr_eq, meq]
    ring
  have : p * k ^ 2 = n ^ 2 := by
    apply (mul_right_inj' _).mp this
    exact prime_p.ne_zero
  have : p ∣ n := by
    apply prime_p.dvd_of_dvd_pow
    rw [← this]
    apply dvd_mul_right
  have : p ∣ Nat.gcd m n := by apply Nat.dvd_gcd <;> assumption
  have : p ∣ 1 := by
    convert this
    symm
    exact coprime_mn
  have : 2 ≤ 1 := by
    apply prime_p.two_le.trans
    exact Nat.le_of_dvd zero_lt_one this
  norm_num at this

",,True,-1,"theorem t2 {m n p : ℕ} (coprime_mn : m.Coprime n) (prime_p : p.Prime) : m ^ 2 ≠ p * n ^ 2 := by
  intro sq_eq
  have : p ∣ m := by
    apply prime_p.dvd_of_dvd_pow
    rw [sqr_eq]
    apply dvd_mul_right
  obtain ⟨k, meq⟩ := dvd_iff_exists_eq_mul_left.mp this
  have : p * (p * k ^ 2) = p * n ^ 2 := by
    rw [← sqr_eq, meq]
    ring
  have : p * k ^ 2 = n ^ 2 := by
    apply (mul_right_inj' _).mp this
    exact prime_p.ne_zero
  have : p ∣ n := by
    apply prime_p.dvd_of_dvd_pow
    rw [← this]
    apply dvd_mul_right
  have : p ∣ Nat.gcd m n := by apply Nat.dvd_gcd <;> assumption
  have : p ∣ 1 := by
    convert this
    symm
    exact coprime_mn
  have : 2 ≤ 1 := by
    apply prime_p.two_le.trans
    exact Nat.le_of_dvd zero_lt_one this
  norm_num at this


","💥️unknown identifier 'sqr_eq'

💥️tactic 'rewrite' failed, equality or iff proof expected
  ?m.4633
m n p : ℕ
coprime_mn : m.Coprime n
prime_p : Nat.Prime p
sq_eq : m ^ 2 = p * n ^ 2
⊢ p ∣ m ^ ?m.4623

💥️unknown identifier 'sqr_eq'

💥️tactic 'rewrite' failed, equality or iff proof expected
  ?m.5289
m n p : ℕ
coprime_mn : m.Coprime n
prime_p : Nat.Prime p
sq_eq : m ^ 2 = p * n ^ 2
this : p ∣ m
k : ℕ
meq : m = k * p
⊢ p * (p * k ^ 2) = p * n ^ 2",False,60,MIL.C05_Elementary_Number_Theory.solutions.Solutions_S01_Irrational_Roots,Qwen-7B-short,LENGTH,best_of_n,False,0,-1.0,t2,False
-1,False,28,"theorem t2 {m n p : ℕ} (coprime_mn : m.Coprime n) (prime_p : p.Prime) : m ^ 2 ≠ p * n ^ 2 := by
  intro sqr_eq
  have : p ∣ m := by
    apply prime_p.dvd_of_dvd_pow
    rw [sqr_eq]
    apply dvd_mul_right
  obtain ⟨k, meq⟩ := dvd_iff_exists_eq_mul_left.mp this
  have : p * (p * k ^ 2) = p * n ^ 2 := by
    rw [← sqr_eq, meq]
    ring
  have : p * k ^ 2 = n ^ 2 := by
    apply (mul_right_inj' _).mp this
    exact prime_p.ne_zero
  have : p ∣ n := by
    apply prime_p.dvd_of_dvd_pow
    rw [← this]
    apply dvd_mul_right
  have : p ∣ Nat.gcd m n := by apply Nat.dvd_gcd <;> assumption
  have : p ∣ 1 := by
    convert this
    symm
    exact coprime_mn
  have : 2 ≤ 1 := by
    apply prime_p.two_le.trans
    exact Nat.le_of_dvd zero_lt_one this
  norm_num at this

",,True,-1,"theorem t2 {m n p : ℕ} (coprime_mn : m.Coprime n) (prime_p : p.Prime) : m ^ 2 ≠ p * n ^ 2 := by
  intro sqr_eq
  obtain ⟨m', n', p', coprime_mn'⟩ := (coprime_mn.pow_left'.eq_iff'.mul_right _ _).simple
  have : p ∣ m' := by
    rw [← (Nat.permutations_mul_pow_left.mpr <| Nat.pow_left m _ n _)]
    exact prime_p.dvd_of_dvd_pow m'为什么
  have : m' = l * (p * q ^ 2) := by
    rw [← (Nat.permutations_mul_pow_left.mpr <| Nat.pow_left m _ n _)]
    exact (algebra_injective _).mul_left fun x hx ↦ (prime_p.ne_zero_dvd ?_ hx)
  obtain ⟨l, l'⟩ := (Int.ofNat_dvd m').exists
  have : l ^ 2 = p * (q ^ 2) := by
    rw [← (Nat.permutations_mul_pow_left.mpr <| Nat.pow_left m _ n _)]
    exact (Int.mul_left_pos l).eq_self_prime_p
  have : l = i * p := (Int.ofNat_dvd _).exists
  rw [mul_left] at this
  have : i ^ 2 = q ^ 2 := by omega
  obtain ⟨i, i'⟩ := (Int.ofNat_dvd _).exists
  have : i = j * p := (Int.ofNat_dvd _).exists
  rw [mul_left] at this
  have : j ^ 2 = i' ^ 2 := by omega
  obtain ⟨j, j'⟩ := (Int.ofNat_dvd _).exists
  have : j' = i'' * p := (Int.ofNat_dvd _).exists
  rw [mul_left] at this
  have : i'' ^ 2 = j' ^ 2 := by omega
  obtain ⟨i'', i''_⟩ := (Int.ofNat_dvd _).exists
  have : i''_ = i'' * q := (Int.mul_left_pos i'').symm
  rotate 2 right
  rw [← this, mul_left, i'_, j', a, b]
  exact coprime_mn
","💥️invalid field 'pow_left'', the environment does not contain 'Nat.Coprime.pow_left''
  coprime_mn
has type
  m.Coprime n

💥️invalid field 'pow_left'', the environment does not contain 'Eq.pow_left''
  coprime_mn
has type
  m.gcd n = 1

💥️rcases tactic failed: x✝ : ?m.4605 is not an inductive datatype",False,60,MIL.C05_Elementary_Number_Theory.solutions.Solutions_S01_Irrational_Roots,Qwen-7B-short,LENGTH,best_of_n,False,0,-1.0,t2,False
-1,False,28,"theorem t2 {m n p : ℕ} (coprime_mn : m.Coprime n) (prime_p : p.Prime) : m ^ 2 ≠ p * n ^ 2 := by
  intro sqr_eq
  have : p ∣ m := by
    apply prime_p.dvd_of_dvd_pow
    rw [sqr_eq]
    apply dvd_mul_right
  obtain ⟨k, meq⟩ := dvd_iff_exists_eq_mul_left.mp this
  have : p * (p * k ^ 2) = p * n ^ 2 := by
    rw [← sqr_eq, meq]
    ring
  have : p * k ^ 2 = n ^ 2 := by
    apply (mul_right_inj' _).mp this
    exact prime_p.ne_zero
  have : p ∣ n := by
    apply prime_p.dvd_of_dvd_pow
    rw [← this]
    apply dvd_mul_right
  have : p ∣ Nat.gcd m n := by apply Nat.dvd_gcd <;> assumption
  have : p ∣ 1 := by
    convert this
    symm
    exact coprime_mn
  have : 2 ≤ 1 := by
    apply prime_p.two_le.trans
    exact Nat.le_of_dvd zero_lt_one this
  norm_num at this

",,True,-1,"theorem t2 {m n p : ℕ} (coprime_mn : m.Coprime n) (prime_p : p.Prime) : m ^ 2 ≠ p * n ^ 2 := by
  intro sqr_eq
  have : p ∣ m := by
    apply prime_p.dvd_of_dvd_pow
    rw [sqr_eq]
    apply dvd_mul_right
  obtain ⟨k, meq⟩ := dvd_iff_exists_eq_mul_left.mp this
  have : p * (p * k ^ 2) = p * n ^ 2 := by
    rw [← sqr_eq, meq]
    ring
  have : p * k ^ 2 = n ^ 2 := by
    apply (mul_right_inj' _).mp this
    exact prime_p.ne_zero
  have : p ∣ n := by
    rw [← this]
    apply dvd_mul_right
  have : p ∣ Nat.gcd m n := by apply Nat.dvd_gcd <;> assumption
  have : p ∣ 1 := by
    convert this
    symm
    exact coprime_mn
  have : 2 ≤ 1 := by
    apply prime_p.two_le.trans
    exact Nat.le_of_dvd zero_lt_one this
  norm_num at this
","💥️tactic 'rewrite' failed, did not find instance of the pattern in the target expression
  n ^ 2
m n p : ℕ
coprime_mn : m.Coprime n
prime_p : Nat.Prime p
sqr_eq : m ^ 2 = p * n ^ 2
this✝¹ : p ∣ m
k : ℕ
meq : m = k * p
this✝ : p * (p * k ^ 2) = p * n ^ 2
this : p * k ^ 2 = n ^ 2
⊢ p ∣ n",False,60,MIL.C05_Elementary_Number_Theory.solutions.Solutions_S01_Irrational_Roots,Qwen-7B-short,LENGTH,best_of_n,False,0,-1.0,t2,False
-1,False,28,"theorem t2 {m n p : ℕ} (coprime_mn : m.Coprime n) (prime_p : p.Prime) : m ^ 2 ≠ p * n ^ 2 := by
  intro sqr_eq
  have : p ∣ m := by
    apply prime_p.dvd_of_dvd_pow
    rw [sqr_eq]
    apply dvd_mul_right
  obtain ⟨k, meq⟩ := dvd_iff_exists_eq_mul_left.mp this
  have : p * (p * k ^ 2) = p * n ^ 2 := by
    rw [← sqr_eq, meq]
    ring
  have : p * k ^ 2 = n ^ 2 := by
    apply (mul_right_inj' _).mp this
    exact prime_p.ne_zero
  have : p ∣ n := by
    apply prime_p.dvd_of_dvd_pow
    rw [← this]
    apply dvd_mul_right
  have : p ∣ Nat.gcd m n := by apply Nat.dvd_gcd <;> assumption
  have : p ∣ 1 := by
    convert this
    symm
    exact coprime_mn
  have : 2 ≤ 1 := by
    apply prime_p.two_le.trans
    exact Nat.le_of_dvd zero_lt_one this
  norm_num at this

",,True,-1,"theorem t2 {m n p : ℕ} (coprime_mn : m.Coprime n) (prime_p : p.Prime) : m ^ 2 ≠ p * n ^ 2 := by
  intro sqr_eq
  obtain ⟨k, (k_eq _ : m ^ 2 = p * (p * k ^ 2))⟩ := div_mul_eq_div_div
  rw [this, mul_assoc] at k_eq
  have : mul_left(1) ≤ div_mul_eq_div_div k_eq
    := mul_assoc.le (mul_one_left) k_eq
  have : _ ≤ mul_left(2) := by omega
  have : _ ≤ mul_left(3) := by omega
  have : _ ≤ mul_left(4) := by omega
  have : _ ≤ mul_left(5) := by omega
  have : _ ≤ div_mul_eq_div_div k_eq := by omega
  rw [this, ← Nat.dvd_mul_iff, mul_modu_lt, (Nat.mul_le_div_iff _).1 this] at k_eq
  rw [← k_eq, ← sub_eq_zero, ← sub_eq_zero] at k_eq
  exact coprime_mn.sub_dvd_pow_left _ _ this
",💥️unexpected token '_'; expected ')',False,60,MIL.C05_Elementary_Number_Theory.solutions.Solutions_S01_Irrational_Roots,Qwen-7B-short,LENGTH,best_of_n,False,0,-1.0,t2,False
-1,False,28,"theorem t2 {m n p : ℕ} (coprime_mn : m.Coprime n) (prime_p : p.Prime) : m ^ 2 ≠ p * n ^ 2 := by
  intro sqr_eq
  have : p ∣ m := by
    apply prime_p.dvd_of_dvd_pow
    rw [sqr_eq]
    apply dvd_mul_right
  obtain ⟨k, meq⟩ := dvd_iff_exists_eq_mul_left.mp this
  have : p * (p * k ^ 2) = p * n ^ 2 := by
    rw [← sqr_eq, meq]
    ring
  have : p * k ^ 2 = n ^ 2 := by
    apply (mul_right_inj' _).mp this
    exact prime_p.ne_zero
  have : p ∣ n := by
    apply prime_p.dvd_of_dvd_pow
    rw [← this]
    apply dvd_mul_right
  have : p ∣ Nat.gcd m n := by apply Nat.dvd_gcd <;> assumption
  have : p ∣ 1 := by
    convert this
    symm
    exact coprime_mn
  have : 2 ≤ 1 := by
    apply prime_p.two_le.trans
    exact Nat.le_of_dvd zero_lt_one this
  norm_num at this

",,True,-1,"theorem t2 {m n p : ℕ} (coprime_mn : m.Coprime n) (prime_p : p.Prime) : m ^ 2 ≠ p * n ^ 2 := by
  intro sq_eq
  have : p ∣ m := by
    rw [← isP_iff, prime_p.dvd_mul_left]
    rw [← or_assoc, ← congr_arg pow, ge_iff_le]
    exact (coprime_mn.ne_pow p).dvd_mul_left
  obtain ⟨k,meq⟩ := dvd_iff_exists_eq_mul_left.mp this
  have : p * (p * k ^ 2) = p * n ^ 2 := by
    rw [← sq_eq, meq]
    ring
  have : p * k ^ 2 = n ^ 2 := by
    apply (mul_right_inj' _).mp this
    exact prime_p.ne_zero
  have : p ∣ n := by
    apply prime_p.dvd_of_dvd_pow
    rw [← this]
    apply dvd_mul_right
  have : p ∣ Nat.gcd m n := by apply Nat.dvd_gcd <;> assumption
  have : p ∣ 1 := by
    convert this
    symm
    exact coprime_mn
  have : 2 ≤ 1 := by
    exact (Nat.one_lt_iff_ne_zero.mp this).2
  norm_num at this


","💥️unknown identifier 'isP_iff'

💥️tactic 'rewrite' failed, equality or iff proof expected
  ?m.4617
m n p : ℕ
coprime_mn : m.Coprime n
prime_p : Nat.Prime p
sq_eq : m ^ 2 = p * n ^ 2
⊢ p ∣ m

💥️unknown constant 'Nat.one_lt_iff_ne_zero.mp'",False,60,MIL.C05_Elementary_Number_Theory.solutions.Solutions_S01_Irrational_Roots,Qwen-7B-short,LENGTH,best_of_n,False,0,-1.0,t2,False
-1,False,28,"theorem t2 {m n p : ℕ} (coprime_mn : m.Coprime n) (prime_p : p.Prime) : m ^ 2 ≠ p * n ^ 2 := by
  intro sqr_eq
  have : p ∣ m := by
    apply prime_p.dvd_of_dvd_pow
    rw [sqr_eq]
    apply dvd_mul_right
  obtain ⟨k, meq⟩ := dvd_iff_exists_eq_mul_left.mp this
  have : p * (p * k ^ 2) = p * n ^ 2 := by
    rw [← sqr_eq, meq]
    ring
  have : p * k ^ 2 = n ^ 2 := by
    apply (mul_right_inj' _).mp this
    exact prime_p.ne_zero
  have : p ∣ n := by
    apply prime_p.dvd_of_dvd_pow
    rw [← this]
    apply dvd_mul_right
  have : p ∣ Nat.gcd m n := by apply Nat.dvd_gcd <;> assumption
  have : p ∣ 1 := by
    convert this
    symm
    exact coprime_mn
  have : 2 ≤ 1 := by
    apply prime_p.two_le.trans
    exact Nat.le_of_dvd zero_lt_one this
  norm_num at this

",,True,-1,"theorem t2 {m n p : ℕ} (coprime_mn : m.Coprime n) (prime_p : p.Prime) : m ^ 2 ≠ p * n ^ 2 := by
  intro sqr_eq
  obtain ⟨k, k_eq⟩ := div_mul_eq_self' (m ^ 2) (p * n ^ 2)
  have : p ∣ m := by
    rw [← k_eq, multiplicity_dvd_iff]
    exact prime_p.dvd_of_dvd_pow _ k_eq
  rw [this, mul_left_mem_nonZeroDivisors_eq_zero_iff]
  exact not_isZeroDivisors_of_isCoprimem n p (m := k)
","💥️unknown identifier 'div_mul_eq_self''

💥️rcases tactic failed: x✝ : ?m.4603 is not an inductive datatype",False,60,MIL.C05_Elementary_Number_Theory.solutions.Solutions_S01_Irrational_Roots,Qwen-7B-short,LENGTH,best_of_n,False,0,-1.0,t2,False
-1,False,28,"theorem t2 {m n p : ℕ} (coprime_mn : m.Coprime n) (prime_p : p.Prime) : m ^ 2 ≠ p * n ^ 2 := by
  intro sqr_eq
  have : p ∣ m := by
    apply prime_p.dvd_of_dvd_pow
    rw [sqr_eq]
    apply dvd_mul_right
  obtain ⟨k, meq⟩ := dvd_iff_exists_eq_mul_left.mp this
  have : p * (p * k ^ 2) = p * n ^ 2 := by
    rw [← sqr_eq, meq]
    ring
  have : p * k ^ 2 = n ^ 2 := by
    apply (mul_right_inj' _).mp this
    exact prime_p.ne_zero
  have : p ∣ n := by
    apply prime_p.dvd_of_dvd_pow
    rw [← this]
    apply dvd_mul_right
  have : p ∣ Nat.gcd m n := by apply Nat.dvd_gcd <;> assumption
  have : p ∣ 1 := by
    convert this
    symm
    exact coprime_mn
  have : 2 ≤ 1 := by
    apply prime_p.two_le.trans
    exact Nat.le_of_dvd zero_lt_one this
  norm_num at this

",,True,-1,"theorem t2 {m n p : ℕ} (coprime_mn : m.Coprime n) (prime_p : p.Prime) : m ^ 2 ≠ p * n ^ 2 := by
  intro sqr_eq
  have : p ∣ m := by
    apply prime_p.dvd_of_dvd_pow
    rw [sqr_eq]
    apply dvd_mul_right
  obtain ⟨k, meq⟩ := dvd_iff_exists_eq_mul_left.mp this
  have : p * (p * k ^ 2) = p * n ^ 2 := by omega
  have : p * k ^ 2 = n ^ 2 := by
    apply (mul_right_inj' _).mp this
    exact prime_p.ne_zero
  have : p ∣ n := by
    apply prime_p.dvd_of_dvd_pow
    rw [← this]
    apply dvd_mul_right
  have : p ∣ Nat.gcd m n := by apply Nat.dvd_gcd <;> assumption
  have : p ∣ 1 := by
    rw [this]
    exact coprime_mn
  have : 2 ≤ 1 := by
    omega
  norm_num at this


","💥️omega could not prove the goal:
a possible counterexample may satisfy the constraints
  c ≥ 0
  b ≥ 0
  a ≥ 0
  a - c ≥ 1
where
 a := ↑p * ↑(n ^ 2)
 b := ↑k * ↑p
 c := ↑p * ↑(p * k ^ 2)

💥️tactic 'rewrite' failed, equality or iff proof expected
  p ∣ m.gcd n
m n p : ℕ
coprime_mn : m.Coprime n
prime_p : Nat.Prime p
sqr_eq : m ^ 2 = p * n ^ 2
this✝³ : p ∣ m
k : ℕ
meq : m = k * p
this✝² : p * (p * k ^ 2) = p * n ^ 2
this✝¹ : p * k ^ 2 = n ^ 2
this✝ : p ∣ n
this : p ∣ m.gcd n
⊢ p ∣ 1

💥️omega could not prove the goal:
a possible counterexample may satisfy the constraints
  c ≥ 0
  b ≥ 0
  a ≥ 0
where
 a := ↑k * ↑p
 b := ↑p * ↑(p * k ^ 2)
 c := ↑(n ^ 2)",False,60,MIL.C05_Elementary_Number_Theory.solutions.Solutions_S01_Irrational_Roots,Qwen-7B-short,LENGTH,best_of_n,False,0,-1.0,t2,False
-1,False,28,"theorem t2 {m n p : ℕ} (coprime_mn : m.Coprime n) (prime_p : p.Prime) : m ^ 2 ≠ p * n ^ 2 := by
  intro sqr_eq
  have : p ∣ m := by
    apply prime_p.dvd_of_dvd_pow
    rw [sqr_eq]
    apply dvd_mul_right
  obtain ⟨k, meq⟩ := dvd_iff_exists_eq_mul_left.mp this
  have : p * (p * k ^ 2) = p * n ^ 2 := by
    rw [← sqr_eq, meq]
    ring
  have : p * k ^ 2 = n ^ 2 := by
    apply (mul_right_inj' _).mp this
    exact prime_p.ne_zero
  have : p ∣ n := by
    apply prime_p.dvd_of_dvd_pow
    rw [← this]
    apply dvd_mul_right
  have : p ∣ Nat.gcd m n := by apply Nat.dvd_gcd <;> assumption
  have : p ∣ 1 := by
    convert this
    symm
    exact coprime_mn
  have : 2 ≤ 1 := by
    apply prime_p.two_le.trans
    exact Nat.le_of_dvd zero_lt_one this
  norm_num at this

",,True,-1,"theorem t2 {m n p : ℕ} (coprime_mn : m.Coprime n) (prime_p : p.Prime) : m ^ 2 ≠ p * n ^ 2 := by
  intro sqr_eq
  have : p ∣ m := by
    apply prime_p.dvd_of_dvd_pow
    rw [sqr_eq]
    apply dvd_mul_right
  obtain ⟨k, meq⟩ := dvd_iff_exists_eq_mul_left.mp this
  have : p * (p * k ^ 2) = p * n ^ 2 := by
    rw [← sqr_eq, meq]
    ring
  have : p * k ^ 2 = n ^ 2 := by
    apply (mul_right_inj' _).mp this
    exact prime_p.ne_zero
  have : p ∣ n := by
    apply prime_p.dvd_of_dvd_pow
    rw [← this]
    apply dvd_mul_right
  have : p ∣ Nat.gcd m n := by apply Nat.dvd_gcd <;> assumption
  have : p ∣ 1 := by
    rw [this, Nat.one_mul, ← Nat.image_mul_prod]
    exact coprime_mn
  norm_num at this


","💥️tactic 'rewrite' failed, equality or iff proof expected
  p ∣ m.gcd n
m n p : ℕ
coprime_mn : m.Coprime n
prime_p : Nat.Prime p
sqr_eq : m ^ 2 = p * n ^ 2
this✝³ : p ∣ m
k : ℕ
meq : m = k * p
this✝² : p * (p * k ^ 2) = p * n ^ 2
this✝¹ : p * k ^ 2 = n ^ 2
this✝ : p ∣ n
this : p ∣ m.gcd n
⊢ p ∣ 1

💥️unsolved goals
case intro
m n p : ℕ
coprime_mn : m.Coprime n
prime_p : Nat.Prime p
sqr_eq : m ^ 2 = p * n ^ 2
this✝⁴ : p ∣ m
k : ℕ
meq : m = k * p
this✝³ : p * (p * k ^ 2) = p * n ^ 2
this✝² : p * k ^ 2 = n ^ 2
this✝¹ : p ∣ n
this✝ : p ∣ m.gcd n
this : p = 1
⊢ False",False,60,MIL.C05_Elementary_Number_Theory.solutions.Solutions_S01_Irrational_Roots,Qwen-7B-short,LENGTH,best_of_n,False,0,-1.0,t2,False
-1,False,28,"theorem t2 {m n p : ℕ} (coprime_mn : m.Coprime n) (prime_p : p.Prime) : m ^ 2 ≠ p * n ^ 2 := by
  intro sqr_eq
  have : p ∣ m := by
    apply prime_p.dvd_of_dvd_pow
    rw [sqr_eq]
    apply dvd_mul_right
  obtain ⟨k, meq⟩ := dvd_iff_exists_eq_mul_left.mp this
  have : p * (p * k ^ 2) = p * n ^ 2 := by
    rw [← sqr_eq, meq]
    ring
  have : p * k ^ 2 = n ^ 2 := by
    apply (mul_right_inj' _).mp this
    exact prime_p.ne_zero
  have : p ∣ n := by
    apply prime_p.dvd_of_dvd_pow
    rw [← this]
    apply dvd_mul_right
  have : p ∣ Nat.gcd m n := by apply Nat.dvd_gcd <;> assumption
  have : p ∣ 1 := by
    convert this
    symm
    exact coprime_mn
  have : 2 ≤ 1 := by
    apply prime_p.two_le.trans
    exact Nat.le_of_dvd zero_lt_one this
  norm_num at this

",,True,-1,"theorem t2 {m n p : ℕ} (coprime_mn : m.Coprime n) (prime_p : p.Prime) : m ^ 2 ≠ p * n ^ 2 := by
  intro sqr_eq
  have : p ∣ m := by
    rw [sqr_eq, mul_left_eq_zero_iff] at this
    exact (Nat.dvd_mul_left' zero_lt_one this).elim
  obtain ⟨k, meq⟩ := dvd_iff_exists_eq_mul_left.mp this
  have : p * (p * k ^ 2) = p * n ^ 2 := by
    rw [← sqr_eq, meq]
    ring
  have : p * k ^ 2 = n ^ 2 := by
    apply (mul_right_inj' _).mp this
    exact prime_p.ne_zero
  have : p ∣ n := by
    apply prime_p.dvd_of_dvd_pow
    rw [← this]
    apply dvd_mul_right
  have : p ∣ Nat.gcd m n := by apply Nat.dvd_gcd <;> assumption
  have : p ∣ 1 := by
    convert this
    symm
    exact coprime_mn
  have : 2 ≤ 1 := by
    apply prime_p.two_le.trans
    exact Nat.le_of_dvd zero_lt_one this
  norm_num at this


",💥️unknown identifier 'this',False,60,MIL.C05_Elementary_Number_Theory.solutions.Solutions_S01_Irrational_Roots,Qwen-7B-short,LENGTH,best_of_n,False,0,-1.0,t2,False
-1,False,28,"theorem t2 {m n p : ℕ} (coprime_mn : m.Coprime n) (prime_p : p.Prime) : m ^ 2 ≠ p * n ^ 2 := by
  intro sqr_eq
  have : p ∣ m := by
    apply prime_p.dvd_of_dvd_pow
    rw [sqr_eq]
    apply dvd_mul_right
  obtain ⟨k, meq⟩ := dvd_iff_exists_eq_mul_left.mp this
  have : p * (p * k ^ 2) = p * n ^ 2 := by
    rw [← sqr_eq, meq]
    ring
  have : p * k ^ 2 = n ^ 2 := by
    apply (mul_right_inj' _).mp this
    exact prime_p.ne_zero
  have : p ∣ n := by
    apply prime_p.dvd_of_dvd_pow
    rw [← this]
    apply dvd_mul_right
  have : p ∣ Nat.gcd m n := by apply Nat.dvd_gcd <;> assumption
  have : p ∣ 1 := by
    convert this
    symm
    exact coprime_mn
  have : 2 ≤ 1 := by
    apply prime_p.two_le.trans
    exact Nat.le_of_dvd zero_lt_one this
  norm_num at this

",,True,-1,"theorem t2 {m n p : ℕ} (coprime_mn : m.Coprime n) (prime_p : p.Prime) : m ^ 2 ≠ p * n ^ 2 := by
  intro sqr_eq
  obtain ⟨k, (dvd_mul_right.2 k).1⟩ := (coprime_mn.trans <| (meq :=_total_add_pow_right) .1)
  have : p * (p * k ^ 2) = p * n ^ 2 := by
    rw [←oghds_mul_left_mul, mul_assoc_set]
  have : p * k ^ 2 = n ^ 2 := by omega
  have : p ∣ n := by
    apply prime_p.dvd_of_dvd_pow
    rw [← this]
    apply dvd_mul_right
  have : p ∣ Nat.gcd m n := by apply Nat.dvd_gcd <;> assumption
  have : p ∣ 1 := by
    rwa [this, Nat.gcd_eq_zero_iff] at_eq' $ by positivity
  have : 2 ≤ 1 := by
    apply prime_p.two_le.trans
    exact Nat.le_of_dvd zero_lt_one this
  norm_num at this


",💥️unexpected token '.'; expected ')',False,60,MIL.C05_Elementary_Number_Theory.solutions.Solutions_S01_Irrational_Roots,Qwen-7B-short,LENGTH,best_of_n,False,0,-1.0,t2,False
-1,False,28,"theorem t2 {m n p : ℕ} (coprime_mn : m.Coprime n) (prime_p : p.Prime) : m ^ 2 ≠ p * n ^ 2 := by
  intro sqr_eq
  have : p ∣ m := by
    apply prime_p.dvd_of_dvd_pow
    rw [sqr_eq]
    apply dvd_mul_right
  obtain ⟨k, meq⟩ := dvd_iff_exists_eq_mul_left.mp this
  have : p * (p * k ^ 2) = p * n ^ 2 := by
    rw [← sqr_eq, meq]
    ring
  have : p * k ^ 2 = n ^ 2 := by
    apply (mul_right_inj' _).mp this
    exact prime_p.ne_zero
  have : p ∣ n := by
    apply prime_p.dvd_of_dvd_pow
    rw [← this]
    apply dvd_mul_right
  have : p ∣ Nat.gcd m n := by apply Nat.dvd_gcd <;> assumption
  have : p ∣ 1 := by
    convert this
    symm
    exact coprime_mn
  have : 2 ≤ 1 := by
    apply prime_p.two_le.trans
    exact Nat.le_of_dvd zero_lt_one this
  norm_num at this

",,True,28,"theorem t2 {m n p : ℕ} (coprime_mn : m.Coprime n) (prime_p : p.Prime) : m ^ 2 ≠ p * n ^ 2 := by
  intro sq_eq
  have : p ∣ m := by
    apply prime_p.dvd_of_dvd_pow
    rw [sq_eq]
    apply dvd_mul_right
  obtain ⟨k, meq⟩ := dvd_iff_exists_eq_mul_left.mp this
  have : p * (p * k ^ 2) = p * n ^ 2 := by
    rw [← sq_eq, meq]
    ring
  have : p * k ^ 2 = n ^ 2 := by
    apply (mul_right_inj' _).mp this
    exact prime_p.ne_zero
  have : p ∣ n := by
    apply prime_p.dvd_of_dvd_pow
    rw [← this]
    apply dvd_mul_right
  have : p ∣ Nat.gcd m n := by apply Nat.dvd_gcd <;> assumption
  have : p ∣ 1 := by
    convert this
    symm
    exact coprime_mn
  have : 2 ≤ 1 := by
    apply prime_p.two_le.trans
    exact Nat.le_of_dvd zero_lt_one this
  norm_num at this


",,True,60,MIL.C05_Elementary_Number_Theory.solutions.Solutions_S01_Irrational_Roots,Qwen-7B-short,LENGTH,best_of_n,False,0,0.0,t2,False
-1,False,28,"theorem t2 {m n p : ℕ} (coprime_mn : m.Coprime n) (prime_p : p.Prime) : m ^ 2 ≠ p * n ^ 2 := by
  intro sqr_eq
  have : p ∣ m := by
    apply prime_p.dvd_of_dvd_pow
    rw [sqr_eq]
    apply dvd_mul_right
  obtain ⟨k, meq⟩ := dvd_iff_exists_eq_mul_left.mp this
  have : p * (p * k ^ 2) = p * n ^ 2 := by
    rw [← sqr_eq, meq]
    ring
  have : p * k ^ 2 = n ^ 2 := by
    apply (mul_right_inj' _).mp this
    exact prime_p.ne_zero
  have : p ∣ n := by
    apply prime_p.dvd_of_dvd_pow
    rw [← this]
    apply dvd_mul_right
  have : p ∣ Nat.gcd m n := by apply Nat.dvd_gcd <;> assumption
  have : p ∣ 1 := by
    convert this
    symm
    exact coprime_mn
  have : 2 ≤ 1 := by
    apply prime_p.two_le.trans
    exact Nat.le_of_dvd zero_lt_one this
  norm_num at this

",,True,28,"theorem t2 {m n p : ℕ} (coprime_mn : m.Coprime n) (prime_p : p.Prime) : m ^ 2 ≠ p * n ^ 2 := by
  intro sqr_eq
  have : p ∣ m := by
    apply prime_p.dvd_of_dvd_pow
    rw [sqr_eq]
    apply dvd_mul_right
  obtain ⟨k, meq⟩ := dvd_iff_exists_eq_mul_left.mp this
  have : p * (p * k ^ 2) = p * n ^ 2 := by
    rw [← sqr_eq, meq]
    ring
  have : p * k ^ 2 = n ^ 2 := by
    apply (mul_right_inj' _).mp this
    exact prime_p.ne_zero
  have : p ∣ n := by
    apply prime_p.dvd_of_dvd_pow
    rw [← this]
    apply dvd_mul_right
  have : p ∣ Nat.gcd m n := by apply Nat.dvd_gcd <;> assumption
  have : p ∣ 1 := by
    convert this
    symm
    exact coprime_mn
  have : 2 ≤ 1 := by
    apply prime_p.two_le.trans
    exact Nat.le_of_dvd zero_lt_one this
  norm_num at this


",,True,60,MIL.C05_Elementary_Number_Theory.solutions.Solutions_S01_Irrational_Roots,Qwen-7B-short,LENGTH,best_of_n,False,0,0.0,t2,False
-1,False,28,"theorem t2 {m n p : ℕ} (coprime_mn : m.Coprime n) (prime_p : p.Prime) : m ^ 2 ≠ p * n ^ 2 := by
  intro sqr_eq
  have : p ∣ m := by
    apply prime_p.dvd_of_dvd_pow
    rw [sqr_eq]
    apply dvd_mul_right
  obtain ⟨k, meq⟩ := dvd_iff_exists_eq_mul_left.mp this
  have : p * (p * k ^ 2) = p * n ^ 2 := by
    rw [← sqr_eq, meq]
    ring
  have : p * k ^ 2 = n ^ 2 := by
    apply (mul_right_inj' _).mp this
    exact prime_p.ne_zero
  have : p ∣ n := by
    apply prime_p.dvd_of_dvd_pow
    rw [← this]
    apply dvd_mul_right
  have : p ∣ Nat.gcd m n := by apply Nat.dvd_gcd <;> assumption
  have : p ∣ 1 := by
    convert this
    symm
    exact coprime_mn
  have : 2 ≤ 1 := by
    apply prime_p.two_le.trans
    exact Nat.le_of_dvd zero_lt_one this
  norm_num at this

",,True,28,"theorem t2 {m n p : ℕ} (coprime_mn : m.Coprime n) (prime_p : p.Prime) : m ^ 2 ≠ p * n ^ 2 := by
  intro sqr_eq
  have : p ∣ m := by
    apply prime_p.dvd_of_dvd_pow
    rw [sqr_eq]
    apply dvd_mul_right
  obtain ⟨k, meq⟩ := dvd_iff_exists_eq_mul_left.mp this
  have : p * (p * k ^ 2) = p * n ^ 2 := by
    rw [← sqr_eq, meq]
    ring
  have : p * k ^ 2 = n ^ 2 := by
    apply (mul_right_inj' _).mp this
    exact prime_p.ne_zero
  have : p ∣ n := by
    apply prime_p.dvd_of_dvd_pow
    rw [← this]
    apply dvd_mul_right
  have : p ∣ Nat.gcd m n := by apply Nat.dvd_gcd <;> assumption
  have : p ∣ 1 := by
    convert this
    symm
    exact coprime_mn
  have : 2 ≤ 1 := by
    apply prime_p.two_le.trans
    exact Nat.le_of_dvd zero_lt_one this
  norm_num at this


",,True,60,MIL.C05_Elementary_Number_Theory.solutions.Solutions_S01_Irrational_Roots,Qwen-7B-short,LENGTH,best_of_n,False,0,0.0,t2,False
-1,False,28,"theorem t2 {m n p : ℕ} (coprime_mn : m.Coprime n) (prime_p : p.Prime) : m ^ 2 ≠ p * n ^ 2 := by
  intro sqr_eq
  have : p ∣ m := by
    apply prime_p.dvd_of_dvd_pow
    rw [sqr_eq]
    apply dvd_mul_right
  obtain ⟨k, meq⟩ := dvd_iff_exists_eq_mul_left.mp this
  have : p * (p * k ^ 2) = p * n ^ 2 := by
    rw [← sqr_eq, meq]
    ring
  have : p * k ^ 2 = n ^ 2 := by
    apply (mul_right_inj' _).mp this
    exact prime_p.ne_zero
  have : p ∣ n := by
    apply prime_p.dvd_of_dvd_pow
    rw [← this]
    apply dvd_mul_right
  have : p ∣ Nat.gcd m n := by apply Nat.dvd_gcd <;> assumption
  have : p ∣ 1 := by
    convert this
    symm
    exact coprime_mn
  have : 2 ≤ 1 := by
    apply prime_p.two_le.trans
    exact Nat.le_of_dvd zero_lt_one this
  norm_num at this

",,True,-1,"theorem t2 {m n p : ℕ} (coprime_mn : m.Coprime n) (prime_p : p.Prime) : m ^ 2 ≠ p * n ^ 2 := by
  intro sqrt_eq
  obtain ⟨a, rfl⟩ := with coefficients (by field_simp) mult_right _ _ (Pick_pow_prime'
    (m := m)) mult_left _ _ (Pick_pow_prime p ^ 2 _)
  have H := congr_arg _ (Nat.gcd (m := m) (n := n)).symm
  have H := congr_arg _ H (dvd_pow_left' _ _) (dvd_pow_left _ _)
  simp_all only [mul_assoc, mul_pow, pow_mul, pow_assoc, pow_mul, coeffRing]
  exact H
",💥️unexpected token 'with'; expected term,False,60,MIL.C05_Elementary_Number_Theory.solutions.Solutions_S01_Irrational_Roots,Qwen-7B-short,LENGTH,best_of_n,False,0,-1.0,t2,False
-1,False,28,"theorem t2 {m n p : ℕ} (coprime_mn : m.Coprime n) (prime_p : p.Prime) : m ^ 2 ≠ p * n ^ 2 := by
  intro sqr_eq
  have : p ∣ m := by
    apply prime_p.dvd_of_dvd_pow
    rw [sqr_eq]
    apply dvd_mul_right
  obtain ⟨k, meq⟩ := dvd_iff_exists_eq_mul_left.mp this
  have : p * (p * k ^ 2) = p * n ^ 2 := by
    rw [← sqr_eq, meq]
    ring
  have : p * k ^ 2 = n ^ 2 := by
    apply (mul_right_inj' _).mp this
    exact prime_p.ne_zero
  have : p ∣ n := by
    apply prime_p.dvd_of_dvd_pow
    rw [← this]
    apply dvd_mul_right
  have : p ∣ Nat.gcd m n := by apply Nat.dvd_gcd <;> assumption
  have : p ∣ 1 := by
    convert this
    symm
    exact coprime_mn
  have : 2 ≤ 1 := by
    apply prime_p.two_le.trans
    exact Nat.le_of_dvd zero_lt_one this
  norm_num at this

",,True,28,"theorem t2 {m n p : ℕ} (coprime_mn : m.Coprime n) (prime_p : p.Prime) : m ^ 2 ≠ p * n ^ 2 := by
  intro sqr_eq
  have : p ∣ m := by
    apply prime_p.dvd_of_dvd_pow
    rw [sqr_eq]
    apply dvd_mul_right
  obtain ⟨k, meq⟩ := dvd_iff_exists_eq_mul_left.mp this
  have : p * (p * k ^ 2) = p * n ^ 2 := by
    rw [← sqr_eq, meq]
    ring
  have : p * k ^ 2 = n ^ 2 := by
    apply (mul_right_inj' _).mp this
    exact prime_p.ne_zero
  have : p ∣ n := by
    apply prime_p.dvd_of_dvd_pow
    rw [← this]
    apply dvd_mul_right
  have : p ∣ Nat.gcd m n := by apply Nat.dvd_gcd <;> assumption
  have : p ∣ 1 := by
    convert this
    symm
    exact coprime_mn
  have : 2 ≤ 1 := by
    apply prime_p.two_le.trans
    exact Nat.le_of_dvd zero_lt_one this
  norm_num at this


",,True,60,MIL.C05_Elementary_Number_Theory.solutions.Solutions_S01_Irrational_Roots,Qwen-7B-short,LENGTH,best_of_n,False,0,0.0,t2,False
-1,False,28,"theorem t2 {m n p : ℕ} (coprime_mn : m.Coprime n) (prime_p : p.Prime) : m ^ 2 ≠ p * n ^ 2 := by
  intro sqr_eq
  have : p ∣ m := by
    apply prime_p.dvd_of_dvd_pow
    rw [sqr_eq]
    apply dvd_mul_right
  obtain ⟨k, meq⟩ := dvd_iff_exists_eq_mul_left.mp this
  have : p * (p * k ^ 2) = p * n ^ 2 := by
    rw [← sqr_eq, meq]
    ring
  have : p * k ^ 2 = n ^ 2 := by
    apply (mul_right_inj' _).mp this
    exact prime_p.ne_zero
  have : p ∣ n := by
    apply prime_p.dvd_of_dvd_pow
    rw [← this]
    apply dvd_mul_right
  have : p ∣ Nat.gcd m n := by apply Nat.dvd_gcd <;> assumption
  have : p ∣ 1 := by
    convert this
    symm
    exact coprime_mn
  have : 2 ≤ 1 := by
    apply prime_p.two_le.trans
    exact Nat.le_of_dvd zero_lt_one this
  norm_num at this

",,True,28,"theorem t2 {m n p : ℕ} (coprime_mn : m.Coprime n) (prime_p : p.Prime) : m ^ 2 ≠ p * n ^ 2 := by
  intro sqr_eq
  have : p ∣ m := by
    apply prime_p.dvd_of_dvd_pow
    rw [sqr_eq]
    apply dvd_mul_right
  obtain ⟨k, meq⟩ := dvd_iff_exists_eq_mul_left.mp this
  have : p * (p * k ^ 2) = p * n ^ 2 := by
    rw [← sqr_eq, meq]
    ring
  have : p * k ^ 2 = n ^ 2 := by
    apply (mul_right_inj' _).mp this
    exact prime_p.ne_zero
  have : p ∣ n := by
    apply prime_p.dvd_of_dvd_pow
    rw [← this]
    apply dvd_mul_right
  have : p ∣ Nat.gcd m n := by apply Nat.dvd_gcd <;> assumption
  have : p ∣ 1 := by
    convert this
    symm
    exact coprime_mn
  have : 2 ≤ 1 := by
    apply prime_p.two_le.trans
    exact Nat.le_of_dvd zero_lt_one this
  norm_num at this


",,True,60,MIL.C05_Elementary_Number_Theory.solutions.Solutions_S01_Irrational_Roots,Qwen-7B-short,LENGTH,best_of_n,False,0,0.0,t2,False
-1,False,28,"theorem t2 {m n p : ℕ} (coprime_mn : m.Coprime n) (prime_p : p.Prime) : m ^ 2 ≠ p * n ^ 2 := by
  intro sqr_eq
  have : p ∣ m := by
    apply prime_p.dvd_of_dvd_pow
    rw [sqr_eq]
    apply dvd_mul_right
  obtain ⟨k, meq⟩ := dvd_iff_exists_eq_mul_left.mp this
  have : p * (p * k ^ 2) = p * n ^ 2 := by
    rw [← sqr_eq, meq]
    ring
  have : p * k ^ 2 = n ^ 2 := by
    apply (mul_right_inj' _).mp this
    exact prime_p.ne_zero
  have : p ∣ n := by
    apply prime_p.dvd_of_dvd_pow
    rw [← this]
    apply dvd_mul_right
  have : p ∣ Nat.gcd m n := by apply Nat.dvd_gcd <;> assumption
  have : p ∣ 1 := by
    convert this
    symm
    exact coprime_mn
  have : 2 ≤ 1 := by
    apply prime_p.two_le.trans
    exact Nat.le_of_dvd zero_lt_one this
  norm_num at this

",,True,28,"theorem t2 {m n p : ℕ} (coprime_mn : m.Coprime n) (prime_p : p.Prime) : m ^ 2 ≠ p * n ^ 2 := by
  intro sqr_eq
  have : p ∣ m := by
    apply prime_p.dvd_of_dvd_pow
    rw [sqr_eq]
    apply dvd_mul_right
  obtain ⟨k, meq⟩ := dvd_iff_exists_eq_mul_left.mp this
  have : p * (p * k ^ 2) = p * n ^ 2 := by
    rw [← sqr_eq, meq]
    ring
  have : p * k ^ 2 = n ^ 2 := by
    apply (mul_right_inj' _).mp this
    exact prime_p.ne_zero
  have : p ∣ n := by
    apply prime_p.dvd_of_dvd_pow
    rw [← this]
    apply dvd_mul_right
  have : p ∣ Nat.gcd m n := by apply Nat.dvd_gcd <;> assumption
  have : p ∣ 1 := by
    convert this
    symm
    exact coprime_mn
  have : 2 ≤ 1 := by
    apply prime_p.two_le.trans
    exact Nat.le_of_dvd zero_lt_one this
  norm_num at this


",,True,60,MIL.C05_Elementary_Number_Theory.solutions.Solutions_S01_Irrational_Roots,Qwen-7B-short,LENGTH,best_of_n,False,0,0.0,t2,False
-1,False,28,"theorem t2 {m n p : ℕ} (coprime_mn : m.Coprime n) (prime_p : p.Prime) : m ^ 2 ≠ p * n ^ 2 := by
  intro sqr_eq
  have : p ∣ m := by
    apply prime_p.dvd_of_dvd_pow
    rw [sqr_eq]
    apply dvd_mul_right
  obtain ⟨k, meq⟩ := dvd_iff_exists_eq_mul_left.mp this
  have : p * (p * k ^ 2) = p * n ^ 2 := by
    rw [← sqr_eq, meq]
    ring
  have : p * k ^ 2 = n ^ 2 := by
    apply (mul_right_inj' _).mp this
    exact prime_p.ne_zero
  have : p ∣ n := by
    apply prime_p.dvd_of_dvd_pow
    rw [← this]
    apply dvd_mul_right
  have : p ∣ Nat.gcd m n := by apply Nat.dvd_gcd <;> assumption
  have : p ∣ 1 := by
    convert this
    symm
    exact coprime_mn
  have : 2 ≤ 1 := by
    apply prime_p.two_le.trans
    exact Nat.le_of_dvd zero_lt_one this
  norm_num at this

",,True,-1,"theorem t2 {m n p : ℕ} (coprime_mn : m.Coprime n) (prime_p : p.Prime) : m ^ 2 ≠ p * n ^ 2 := by
  intro sqr_eq
  have : p ∣ m := by
    apply prime_p.dvd_of_dvd_pow
    rw [sqr_eq]
    apply dvd_mul_right
  obtain ⟨k, meq⟩ := dvd_iff_exists_eq_mul_left.mp this
  have : p * (p * k ^ 2) = p * n ^ 2 := by
    rw [← sqr_eq, meq]
    ring
  have : p * k ^ 2 = n ^ 2 := by
    apply (mul_right_inj' _).mp this
    exact prime_p.ne_zero
  have : p ∣ n := by
    apply prime_p.dvd_of_dvd_pow
    rw [← this]
    apply dvd_mul_right
  have : p ∣ Nat.gcd m n := by apply Nat.dvd_gcd <;> assumption
  have : p ∣ 1 := by simpa [Nat.zero_lt_one] using this
  have : 2 ≤ 1 := by
    exact (Nat.one_le_iff_ne_zero.trans <| Nat.le_of_dvd zero_lt_one this).2
  does this mean p ∣ 2? If not, then we have a contradiction.

","💥️unknown tactic

💥️type mismatch, term
  this
after simplification has type
  p ∣ m.gcd n : Prop
but is expected to have type
  p = 1 : Prop

💥️application type mismatch
  Iff.trans Nat.one_le_iff_ne_zero (Nat.le_of_dvd zero_lt_one this)
argument
  Nat.le_of_dvd zero_lt_one this
has type
  p ≤ 1 : Prop
but is expected to have type
  ?m.7836 ≠ 0 ↔ ?m.7844 : Prop

💥️unsolved goals
case intro
m n p : ℕ
coprime_mn : m.Coprime n
prime_p : Nat.Prime p
sqr_eq : m ^ 2 = p * n ^ 2
this✝⁵ : p ∣ m
k : ℕ
meq : m = k * p
this✝⁴ : p * (p * k ^ 2) = p * n ^ 2
this✝³ : p * k ^ 2 = n ^ 2
this✝² : p ∣ n
this✝¹ : p ∣ m.gcd n
this✝ : p ∣ 1
this : 2 ≤ 1
⊢ False",False,60,MIL.C05_Elementary_Number_Theory.solutions.Solutions_S01_Irrational_Roots,Qwen-7B-short,LENGTH,best_of_n,False,0,-1.0,t2,False
-1,False,28,"theorem t2 {m n p : ℕ} (coprime_mn : m.Coprime n) (prime_p : p.Prime) : m ^ 2 ≠ p * n ^ 2 := by
  intro sqr_eq
  have : p ∣ m := by
    apply prime_p.dvd_of_dvd_pow
    rw [sqr_eq]
    apply dvd_mul_right
  obtain ⟨k, meq⟩ := dvd_iff_exists_eq_mul_left.mp this
  have : p * (p * k ^ 2) = p * n ^ 2 := by
    rw [← sqr_eq, meq]
    ring
  have : p * k ^ 2 = n ^ 2 := by
    apply (mul_right_inj' _).mp this
    exact prime_p.ne_zero
  have : p ∣ n := by
    apply prime_p.dvd_of_dvd_pow
    rw [← this]
    apply dvd_mul_right
  have : p ∣ Nat.gcd m n := by apply Nat.dvd_gcd <;> assumption
  have : p ∣ 1 := by
    convert this
    symm
    exact coprime_mn
  have : 2 ≤ 1 := by
    apply prime_p.two_le.trans
    exact Nat.le_of_dvd zero_lt_one this
  norm_num at this

",,True,-1,"theorem t2 {m n p : ℕ} (coprime_mn : m.Coprime n) (prime_p : p.Prime) : m ^ 2 ≠ p * n ^ 2 := by
  intro rfl
  have : p ∣ m := by
    rw [← int_mul_left, comp_mul_eq_zero_iff] at this
    rw [← sq, ← div_mul_eq_zero_iff] at this
    exact (CharP.map_zero _).symm
  obtain ⟨k, h1⟩ :=jnvd_mul_left' this
  have : p * (p * k ^ 2) = p * n ^ 2 := by
    rw [← sq, h1, star_id ℝ, LeftComm, mult_comm]
  have : p * k ^ 2 = n ^ 2 := by
    rw [← this, (Nat_pos_iff_ne_zero.mp hk).2]
  have : p ∣ n := by
    rw [← this, apply_prime_p]
  have : 2 ≤ 1 := by
    apply prime_p.two_le.trans
    exact Nat.le_of_dvd zero_lt_one this
  norm_num at this


","💥️unknown identifier 'this'

💥️unknown identifier 'jnvd_mul_left''

💥️rcases tactic failed: x✝ : ?m.4617 is not an inductive datatype",False,60,MIL.C05_Elementary_Number_Theory.solutions.Solutions_S01_Irrational_Roots,Qwen-7B-short,LENGTH,best_of_n,False,0,-1.0,t2,False
-1,False,28,"theorem t2 {m n p : ℕ} (coprime_mn : m.Coprime n) (prime_p : p.Prime) : m ^ 2 ≠ p * n ^ 2 := by
  intro sqr_eq
  have : p ∣ m := by
    apply prime_p.dvd_of_dvd_pow
    rw [sqr_eq]
    apply dvd_mul_right
  obtain ⟨k, meq⟩ := dvd_iff_exists_eq_mul_left.mp this
  have : p * (p * k ^ 2) = p * n ^ 2 := by
    rw [← sqr_eq, meq]
    ring
  have : p * k ^ 2 = n ^ 2 := by
    apply (mul_right_inj' _).mp this
    exact prime_p.ne_zero
  have : p ∣ n := by
    apply prime_p.dvd_of_dvd_pow
    rw [← this]
    apply dvd_mul_right
  have : p ∣ Nat.gcd m n := by apply Nat.dvd_gcd <;> assumption
  have : p ∣ 1 := by
    convert this
    symm
    exact coprime_mn
  have : 2 ≤ 1 := by
    apply prime_p.two_le.trans
    exact Nat.le_of_dvd zero_lt_one this
  norm_num at this

",,True,-1,"theorem t2 {m n p : ℕ} (coprime_mn : m.Coprime n) (prime_p : p.Prime) : m ^ 2 ≠ p * n ^ 2 := by
  intro sq_eq
  obtain ⟨k, (k2 : m ^ 2 = p * (n ^ 2) := by
    rw [← sq_eq, (dvd_mul_left' _).mp (dvd_of_pow_dvd_mul_right _ _)]
  have : p ∣ m := by
    apply prime_p.dvd_of_dvd_pow
    rw [← k2, hp]
  obtain ⟨k', (k'2 : m ^ 2 = p * n ^ 2) := by
    rw [← k2, (dvd_mul_left' _).mp (dvd_of_pow_dvd_mul_right _ _)]
  have : p ∣ k' := by
    apply prime_p.dvd_of_dvd_pow
    rw [← k'2, hp]
  have : p ∣ Nat.gcd m n := by apply Nat.dvd_gcd <;> assumption
  have : p ∣ 1 := by
    convert this
    symm
    exact coprime_mn
  have : 2 ≤ 1 := by
    apply prime_p.two_le.trans
    exact Nat.le_of_dvd zero_lt_one this
  norm_num at this


",💥️unexpected token ':='; expected ')',False,60,MIL.C05_Elementary_Number_Theory.solutions.Solutions_S01_Irrational_Roots,Qwen-7B-short,LENGTH,best_of_n,False,0,-1.0,t2,False
-1,False,28,"theorem t2 {m n p : ℕ} (coprime_mn : m.Coprime n) (prime_p : p.Prime) : m ^ 2 ≠ p * n ^ 2 := by
  intro sqr_eq
  have : p ∣ m := by
    apply prime_p.dvd_of_dvd_pow
    rw [sqr_eq]
    apply dvd_mul_right
  obtain ⟨k, meq⟩ := dvd_iff_exists_eq_mul_left.mp this
  have : p * (p * k ^ 2) = p * n ^ 2 := by
    rw [← sqr_eq, meq]
    ring
  have : p * k ^ 2 = n ^ 2 := by
    apply (mul_right_inj' _).mp this
    exact prime_p.ne_zero
  have : p ∣ n := by
    apply prime_p.dvd_of_dvd_pow
    rw [← this]
    apply dvd_mul_right
  have : p ∣ Nat.gcd m n := by apply Nat.dvd_gcd <;> assumption
  have : p ∣ 1 := by
    convert this
    symm
    exact coprime_mn
  have : 2 ≤ 1 := by
    apply prime_p.two_le.trans
    exact Nat.le_of_dvd zero_lt_one this
  norm_num at this

",,True,28,"theorem t2 {m n p : ℕ} (coprime_mn : m.Coprime n) (prime_p : p.Prime) : m ^ 2 ≠ p * n ^ 2 := by
  intro sqr_eq
  have : p ∣ m := by
    apply prime_p.dvd_of_dvd_pow
    rw [sqr_eq]
    apply dvd_mul_right
  obtain ⟨k, meq⟩ := dvd_iff_exists_eq_mul_left.mp this
  have : p * (p * k ^ 2) = p * n ^ 2 := by
    rw [← sqr_eq, meq]
    ring
  have : p * k ^ 2 = n ^ 2 := by
    apply (mul_right_inj' _).mp this
    exact prime_p.ne_zero
  have : p ∣ n := by
    apply prime_p.dvd_of_dvd_pow
    rw [← this]
    apply dvd_mul_right
  have : p ∣ Nat.gcd m n := by apply Nat.dvd_gcd <;> assumption
  have : p ∣ 1 := by
    convert this
    symm
    exact coprime_mn
  have : 2 ≤ 1 := by
    apply prime_p.two_le.trans
    exact Nat.le_of_dvd zero_lt_one this
  norm_num at this


",,True,60,MIL.C05_Elementary_Number_Theory.solutions.Solutions_S01_Irrational_Roots,Qwen-7B-short,LENGTH,best_of_n,False,0,0.0,t2,False
-1,False,28,"theorem t2 {m n p : ℕ} (coprime_mn : m.Coprime n) (prime_p : p.Prime) : m ^ 2 ≠ p * n ^ 2 := by
  intro sqr_eq
  have : p ∣ m := by
    apply prime_p.dvd_of_dvd_pow
    rw [sqr_eq]
    apply dvd_mul_right
  obtain ⟨k, meq⟩ := dvd_iff_exists_eq_mul_left.mp this
  have : p * (p * k ^ 2) = p * n ^ 2 := by
    rw [← sqr_eq, meq]
    ring
  have : p * k ^ 2 = n ^ 2 := by
    apply (mul_right_inj' _).mp this
    exact prime_p.ne_zero
  have : p ∣ n := by
    apply prime_p.dvd_of_dvd_pow
    rw [← this]
    apply dvd_mul_right
  have : p ∣ Nat.gcd m n := by apply Nat.dvd_gcd <;> assumption
  have : p ∣ 1 := by
    convert this
    symm
    exact coprime_mn
  have : 2 ≤ 1 := by
    apply prime_p.two_le.trans
    exact Nat.le_of_dvd zero_lt_one this
  norm_num at this

",,True,28,"theorem t2 {m n p : ℕ} (coprime_mn : m.Coprime n) (prime_p : p.Prime) : m ^ 2 ≠ p * n ^ 2 := by
  intro sq_eq
  have : p ∣ m := by
    apply prime_p.dvd_of_dvd_pow
    rw [sq_eq]
    apply dvd_mul_right
  obtain ⟨k, meq⟩ := dvd_iff_exists_eq_mul_left.mp this
  have : p * (p * k ^ 2) = p * n ^ 2 := by
    rw [← sq_eq, meq]
    ring
  have : p * k ^ 2 = n ^ 2 := by
    apply (mul_right_inj' _).mp this
    exact prime_p.ne_zero
  have : p ∣ n := by
    apply prime_p.dvd_of_dvd_pow
    rw [← this]
    apply dvd_mul_right
  have : p ∣ Nat.gcd m n := by apply Nat.dvd_gcd <;> assumption
  have : p ∣ 1 := by
    convert this
    symm
    exact coprime_mn
  have : 2 ≤ 1 := by
    apply prime_p.two_le.trans
    exact Nat.le_of_dvd zero_lt_one this
  norm_num at this


",,True,60,MIL.C05_Elementary_Number_Theory.solutions.Solutions_S01_Irrational_Roots,Qwen-7B-short,LENGTH,best_of_n,False,0,0.0,t2,False
-1,False,28,"theorem t2 {m n p : ℕ} (coprime_mn : m.Coprime n) (prime_p : p.Prime) : m ^ 2 ≠ p * n ^ 2 := by
  intro sqr_eq
  have : p ∣ m := by
    apply prime_p.dvd_of_dvd_pow
    rw [sqr_eq]
    apply dvd_mul_right
  obtain ⟨k, meq⟩ := dvd_iff_exists_eq_mul_left.mp this
  have : p * (p * k ^ 2) = p * n ^ 2 := by
    rw [← sqr_eq, meq]
    ring
  have : p * k ^ 2 = n ^ 2 := by
    apply (mul_right_inj' _).mp this
    exact prime_p.ne_zero
  have : p ∣ n := by
    apply prime_p.dvd_of_dvd_pow
    rw [← this]
    apply dvd_mul_right
  have : p ∣ Nat.gcd m n := by apply Nat.dvd_gcd <;> assumption
  have : p ∣ 1 := by
    convert this
    symm
    exact coprime_mn
  have : 2 ≤ 1 := by
    apply prime_p.two_le.trans
    exact Nat.le_of_dvd zero_lt_one this
  norm_num at this

",,True,28,"theorem t2 {m n p : ℕ} (coprime_mn : m.Coprime n) (prime_p : p.Prime) : m ^ 2 ≠ p * n ^ 2 := by
  intro sqr_eq
  have : p ∣ m := by
    apply prime_p.dvd_of_dvd_pow
    rw [sqr_eq]
    apply dvd_mul_right
  obtain ⟨k, meq⟩ := dvd_iff_exists_eq_mul_left.mp this
  have : p * (p * k ^ 2) = p * n ^ 2 := by
    rw [← sqr_eq, meq]
    ring
  have : p * k ^ 2 = n ^ 2 := by
    apply (mul_right_inj' _).mp this
    exact prime_p.ne_zero
  have : p ∣ n := by
    apply prime_p.dvd_of_dvd_pow
    rw [← this]
    apply dvd_mul_right
  have : p ∣ Nat.gcd m n := by apply Nat.dvd_gcd <;> assumption
  have : p ∣ 1 := by
    convert this
    symm
    exact coprime_mn
  have : 2 ≤ 1 := by
    apply prime_p.two_le.trans
    exact Nat.le_of_dvd zero_lt_one this
  norm_num at this


",,True,60,MIL.C05_Elementary_Number_Theory.solutions.Solutions_S01_Irrational_Roots,Qwen-7B-short,LENGTH,best_of_n,False,0,0.0,t2,False
-1,False,28,"theorem t2 {m n p : ℕ} (coprime_mn : m.Coprime n) (prime_p : p.Prime) : m ^ 2 ≠ p * n ^ 2 := by
  intro sqr_eq
  have : p ∣ m := by
    apply prime_p.dvd_of_dvd_pow
    rw [sqr_eq]
    apply dvd_mul_right
  obtain ⟨k, meq⟩ := dvd_iff_exists_eq_mul_left.mp this
  have : p * (p * k ^ 2) = p * n ^ 2 := by
    rw [← sqr_eq, meq]
    ring
  have : p * k ^ 2 = n ^ 2 := by
    apply (mul_right_inj' _).mp this
    exact prime_p.ne_zero
  have : p ∣ n := by
    apply prime_p.dvd_of_dvd_pow
    rw [← this]
    apply dvd_mul_right
  have : p ∣ Nat.gcd m n := by apply Nat.dvd_gcd <;> assumption
  have : p ∣ 1 := by
    convert this
    symm
    exact coprime_mn
  have : 2 ≤ 1 := by
    apply prime_p.two_le.trans
    exact Nat.le_of_dvd zero_lt_one this
  norm_num at this

",,True,-1,"theorem t2 {m n p : ℕ} (coprime_mn : m.Coprime n) (prime_p : p.Prime) : m ^ 2 ≠ p * n ^ 2 := by
  intro sqr_eq
  have : p ∣ m := by
    apply prime_p.dvd_of_dvd_pow
    rw [sqr_eq]
    apply dvd_mul_right
  obtain ⟨k, meq⟩ := dvd_iff_exists_eq_mul_left.mp this
  have : p * (p * k ^ 2) = p * n ^ 2 := by
    rw [← sqr_eq, meq]
    module
  have : p * k ^ 2 = n ^ 2 := by
    rw [← this, Nat.dvd_sq]
  have : p ∣ n := by
    apply prime_p.dvd_of_dvd_pow
    rw [← this]
    apply dvd_mul_right
  have : p ∣ Nat.gcd m n := by apply Nat.dvd_gcd <;> assumption
  have : p ∣ 1 := by
    convert this
    symm
    exact coprime_mn
  norm_num at this
","💥️ring failed, ring expressions not equal
m n p : ℕ
coprime_mn : m.Coprime n
prime_p : Nat.Prime p
sqr_eq : m ^ 2 = p * n ^ 2
this : p ∣ m
k : ℕ
meq : m = k * p
⊢ 1 = 0

💥️tactic 'rewrite' failed, did not find instance of the pattern in the target expression
  p * n ^ 2
m n p : ℕ
coprime_mn : m.Coprime n
prime_p : Nat.Prime p
sqr_eq : m ^ 2 = p * n ^ 2
this✝ : p ∣ m
k : ℕ
meq : m = k * p
this : p * (p * k ^ 2) = p * n ^ 2
⊢ p * k ^ 2 = n ^ 2

💥️unsolved goals
case intro
m n p : ℕ
coprime_mn : m.Coprime n
prime_p : Nat.Prime p
sqr_eq : m ^ 2 = p * n ^ 2
this✝⁴ : p ∣ m
k : ℕ
meq : m = k * p
this✝³ : p * (p * k ^ 2) = p * n ^ 2
this✝² : p * k ^ 2 = n ^ 2
this✝¹ : p ∣ n
this✝ : p ∣ m.gcd n
this : p = 1
⊢ False",False,60,MIL.C05_Elementary_Number_Theory.solutions.Solutions_S01_Irrational_Roots,Qwen-7B-short,LENGTH,best_of_n,False,0,-1.0,t2,False
-1,False,28,"theorem t2 {m n p : ℕ} (coprime_mn : m.Coprime n) (prime_p : p.Prime) : m ^ 2 ≠ p * n ^ 2 := by
  intro sqr_eq
  have : p ∣ m := by
    apply prime_p.dvd_of_dvd_pow
    rw [sqr_eq]
    apply dvd_mul_right
  obtain ⟨k, meq⟩ := dvd_iff_exists_eq_mul_left.mp this
  have : p * (p * k ^ 2) = p * n ^ 2 := by
    rw [← sqr_eq, meq]
    ring
  have : p * k ^ 2 = n ^ 2 := by
    apply (mul_right_inj' _).mp this
    exact prime_p.ne_zero
  have : p ∣ n := by
    apply prime_p.dvd_of_dvd_pow
    rw [← this]
    apply dvd_mul_right
  have : p ∣ Nat.gcd m n := by apply Nat.dvd_gcd <;> assumption
  have : p ∣ 1 := by
    convert this
    symm
    exact coprime_mn
  have : 2 ≤ 1 := by
    apply prime_p.two_le.trans
    exact Nat.le_of_dvd zero_lt_one this
  norm_num at this

",,True,-1,"theorem t2 {m n p : ℕ} (coprime_mn : m.Coprime n) (prime_p : p.Prime) : m ^ 2 ≠ p * n ^ 2 := by
  intro sqr_eq
  obtain ⟨k, (k_eq : p ∣ m)⟩ := prime_p.dvd_of_dvd_pow w (square_eq _)
  have : p * (p * k ^ 2) = p * n ^ 2 := by
    rw [← k_eq, mul_assoc]
  have : p * k ^ 2 = n ^ 2 := by
    apply (mul_right_inj' _).mp this
    exact not_mul_self
  have : p ∣ n := by
    apply prime_p.dvd_of_dvd_pow
    rwa [← this]
    apply dvd_mul_right
  have : p ∣ Nat.gcd m n := by apply Nat.dvd_gcd <;> assumption
  have : p ∣ 1 := by
    convert this
    symm
    exact coprime_mn
  have : 2 ≤ 1 := by
    apply prime_p.two_le.trans
    exact Nat.le_of_dvd zero_lt_one this
  norm_num at this


","💥️unknown identifier 'w'

💥️rcases tactic failed: x✝ : ?m.4648 is not an inductive datatype",False,60,MIL.C05_Elementary_Number_Theory.solutions.Solutions_S01_Irrational_Roots,Qwen-7B-short,LENGTH,best_of_n,False,0,-1.0,t2,False
-1,False,28,"theorem t2 {m n p : ℕ} (coprime_mn : m.Coprime n) (prime_p : p.Prime) : m ^ 2 ≠ p * n ^ 2 := by
  intro sqr_eq
  have : p ∣ m := by
    apply prime_p.dvd_of_dvd_pow
    rw [sqr_eq]
    apply dvd_mul_right
  obtain ⟨k, meq⟩ := dvd_iff_exists_eq_mul_left.mp this
  have : p * (p * k ^ 2) = p * n ^ 2 := by
    rw [← sqr_eq, meq]
    ring
  have : p * k ^ 2 = n ^ 2 := by
    apply (mul_right_inj' _).mp this
    exact prime_p.ne_zero
  have : p ∣ n := by
    apply prime_p.dvd_of_dvd_pow
    rw [← this]
    apply dvd_mul_right
  have : p ∣ Nat.gcd m n := by apply Nat.dvd_gcd <;> assumption
  have : p ∣ 1 := by
    convert this
    symm
    exact coprime_mn
  have : 2 ≤ 1 := by
    apply prime_p.two_le.trans
    exact Nat.le_of_dvd zero_lt_one this
  norm_num at this

",,True,-1,"theorem t2 {m n p : ℕ} (coprime_mn : m.Coprime n) (prime_p : p.Prime) : m ^ 2 ≠ p * n ^ 2 := by
  intro sqr_eq
  have : p ∣ m := by
    apply prime_p.dvd_of_dvd_pow
    rw [sqr_eq]
    apply dvd_mul_right
  obtain ⟨k, meq⟩ := dvd_iff_exists_eq_mul_left.mp this
  have : p * (p * k ^ 2) = p * n ^ 2 := by
    rw [← sqr_eq, meq]
    ring
  have : p * k ^ 2 = n ^ 2 := by
    apply (mul_right_inj' _).mp this
    exact prime_p.ne_zero
  have : p ∣ n := by
    apply prime_p.dvd_of_dvd_pow
    rw [← this]
    apply dvd_mul_right
  have : p ∣ Nat.gcd m n := by apply Nat.dvd_gcd <;> assumption
  have : p ∣ 1 := by
    convert this
    symm
    exact coprime_mn
  ← Nat.le_of_dvd zero_lt_one this
  norm_num at this


","💥️unsolved goals
case intro
m n p : ℕ
coprime_mn : m.Coprime n
prime_p : Nat.Prime p
sqr_eq : m ^ 2 = p * n ^ 2
this✝⁴ : p ∣ m
k : ℕ
meq : m = k * p
this✝³ : p * (p * k ^ 2) = p * n ^ 2
this✝² : p * k ^ 2 = n ^ 2
this✝¹ : p ∣ n
this✝ : p ∣ m.gcd n
this : p ∣ 1
⊢ False",False,60,MIL.C05_Elementary_Number_Theory.solutions.Solutions_S01_Irrational_Roots,Qwen-7B-short,LENGTH,best_of_n,False,0,-1.0,t2,False
-1,False,28,"theorem t2 {m n p : ℕ} (coprime_mn : m.Coprime n) (prime_p : p.Prime) : m ^ 2 ≠ p * n ^ 2 := by
  intro sqr_eq
  have : p ∣ m := by
    apply prime_p.dvd_of_dvd_pow
    rw [sqr_eq]
    apply dvd_mul_right
  obtain ⟨k, meq⟩ := dvd_iff_exists_eq_mul_left.mp this
  have : p * (p * k ^ 2) = p * n ^ 2 := by
    rw [← sqr_eq, meq]
    ring
  have : p * k ^ 2 = n ^ 2 := by
    apply (mul_right_inj' _).mp this
    exact prime_p.ne_zero
  have : p ∣ n := by
    apply prime_p.dvd_of_dvd_pow
    rw [← this]
    apply dvd_mul_right
  have : p ∣ Nat.gcd m n := by apply Nat.dvd_gcd <;> assumption
  have : p ∣ 1 := by
    convert this
    symm
    exact coprime_mn
  have : 2 ≤ 1 := by
    apply prime_p.two_le.trans
    exact Nat.le_of_dvd zero_lt_one this
  norm_num at this

",,True,-1,"theorem t2 {m n p : ℕ} (coprime_mn : m.Coprime n) (prime_p : p.Prime) : m ^ 2 ≠ p * n ^ 2 := by
  intro sq_eq
  obtain ⟨k, ⟨h1, h2⟩⟩ := congr_arg (Int.ofNat_dvd_mul_left' ?_) sq_eq
  have : p ∣ m := by
    rw [← h2, prime_p.dvd_of_dvd_pow, Int.ofNat_dvd_mul_left' (Nat.pos_of_ne_zero h1)]
  · exact (sq_eq_of_multiples_iff_mul_eq int_mul_left _ _ h1).symm
",💥️unknown constant 'Int.ofNat_dvd_mul_left'',False,60,MIL.C05_Elementary_Number_Theory.solutions.Solutions_S01_Irrational_Roots,Qwen-7B-short,LENGTH,best_of_n,False,0,-1.0,t2,False
-1,False,28,"theorem t2 {m n p : ℕ} (coprime_mn : m.Coprime n) (prime_p : p.Prime) : m ^ 2 ≠ p * n ^ 2 := by
  intro sqr_eq
  have : p ∣ m := by
    apply prime_p.dvd_of_dvd_pow
    rw [sqr_eq]
    apply dvd_mul_right
  obtain ⟨k, meq⟩ := dvd_iff_exists_eq_mul_left.mp this
  have : p * (p * k ^ 2) = p * n ^ 2 := by
    rw [← sqr_eq, meq]
    ring
  have : p * k ^ 2 = n ^ 2 := by
    apply (mul_right_inj' _).mp this
    exact prime_p.ne_zero
  have : p ∣ n := by
    apply prime_p.dvd_of_dvd_pow
    rw [← this]
    apply dvd_mul_right
  have : p ∣ Nat.gcd m n := by apply Nat.dvd_gcd <;> assumption
  have : p ∣ 1 := by
    convert this
    symm
    exact coprime_mn
  have : 2 ≤ 1 := by
    apply prime_p.two_le.trans
    exact Nat.le_of_dvd zero_lt_one this
  norm_num at this

",,True,-1,"theorem t2 {m n p : ℕ} (coprime_mn : m.Coprime n) (prime_p : p.Prime) : m ^ 2 ≠ p * n ^ 2 := by
  intro sqr_eq
  obtain ⟨k, (k_gt : p ^ 3 ∣ (m ^ 2 * n ^ 4)) := by
    apply (Nat.dvd_pow_right _ _).mp (dvd_mul_left (Units.mk0 m) $ Units.mk0 n)
  have : p * (p * k ^ 2) = p * n ^ 2 := by
    rw [← sqr_eq, (k_gt.1 : p ^ 3 ≤ m ^ 2 * n ^ 4)]
    exact ( Units.mk0 m).toNat_dvd_mul (Units.mk0 n)
  have : p * k ^ 2 = n ^ 2 := by
    rw [mul_left_eq_self, Units.mk0_.toNat_dvd_mul_mk0 n]
    exact ( Units.mk0 m).toNat_dvdMul
  have : p ∣ n := by
    rw [← this, Units.mk0_ne_zero n]
    exact coprime_mn
  have : p ∣ Nat.gcd m n := by simpa [Units.mk0.mHasDerivAt_mul_mk0 n] using this
  have : p ∣ 1 := by
    convert this
    symm
    exact coprime_mn
  have : 2 ≤ 1 := by
    apply prime_p.two_le.trans
    exact Nat.le_of_dvd zero_lt_one this
  norm_num at this


",💥️unexpected token ':='; expected '⟩',False,60,MIL.C05_Elementary_Number_Theory.solutions.Solutions_S01_Irrational_Roots,Qwen-7B-short,LENGTH,best_of_n,False,0,-1.0,t2,False
-1,False,28,"theorem t2 {m n p : ℕ} (coprime_mn : m.Coprime n) (prime_p : p.Prime) : m ^ 2 ≠ p * n ^ 2 := by
  intro sqr_eq
  have : p ∣ m := by
    apply prime_p.dvd_of_dvd_pow
    rw [sqr_eq]
    apply dvd_mul_right
  obtain ⟨k, meq⟩ := dvd_iff_exists_eq_mul_left.mp this
  have : p * (p * k ^ 2) = p * n ^ 2 := by
    rw [← sqr_eq, meq]
    ring
  have : p * k ^ 2 = n ^ 2 := by
    apply (mul_right_inj' _).mp this
    exact prime_p.ne_zero
  have : p ∣ n := by
    apply prime_p.dvd_of_dvd_pow
    rw [← this]
    apply dvd_mul_right
  have : p ∣ Nat.gcd m n := by apply Nat.dvd_gcd <;> assumption
  have : p ∣ 1 := by
    convert this
    symm
    exact coprime_mn
  have : 2 ≤ 1 := by
    apply prime_p.two_le.trans
    exact Nat.le_of_dvd zero_lt_one this
  norm_num at this

",,True,-1,"theorem t2 {m n p : ℕ} (coprime_mn : m.Coprime n) (prime_p : p.Prime) : m ^ 2 ≠ p * n ^ 2 := by
  intro.Utility
  rw [← 2 * p ^ 3, tsub_eq_zero_iff]
  have : p ∣ m := by
    obtain ⟨mp, m'p⟩ := (Int.ofNat_dvd.mpr <| by positivity).exists
    exact ⟨_, mp, m'p,身穿⟩
  · exact (powers_le_iff.2 $ by positivity).mpr <| Int.lt_of_ne' $ by omega_tauto
   · push_neg at 2
     exact (abs_of_nonneg $ by positivity).symm <| by omega_tauto
","💥️unknown tactic

💥️unsolved goals
m n p : ℕ
coprime_mn : m.Coprime n
prime_p : Nat.Prime p
⊢ m ^ 2 ≠ p * n ^ 2",False,60,MIL.C05_Elementary_Number_Theory.solutions.Solutions_S01_Irrational_Roots,Qwen-7B-short,LENGTH,best_of_n,False,0,-1.0,t2,False
-1,False,28,"theorem t2 {m n p : ℕ} (coprime_mn : m.Coprime n) (prime_p : p.Prime) : m ^ 2 ≠ p * n ^ 2 := by
  intro sqr_eq
  have : p ∣ m := by
    apply prime_p.dvd_of_dvd_pow
    rw [sqr_eq]
    apply dvd_mul_right
  obtain ⟨k, meq⟩ := dvd_iff_exists_eq_mul_left.mp this
  have : p * (p * k ^ 2) = p * n ^ 2 := by
    rw [← sqr_eq, meq]
    ring
  have : p * k ^ 2 = n ^ 2 := by
    apply (mul_right_inj' _).mp this
    exact prime_p.ne_zero
  have : p ∣ n := by
    apply prime_p.dvd_of_dvd_pow
    rw [← this]
    apply dvd_mul_right
  have : p ∣ Nat.gcd m n := by apply Nat.dvd_gcd <;> assumption
  have : p ∣ 1 := by
    convert this
    symm
    exact coprime_mn
  have : 2 ≤ 1 := by
    apply prime_p.two_le.trans
    exact Nat.le_of_dvd zero_lt_one this
  norm_num at this

",,True,28,"theorem t2 {m n p : ℕ} (coprime_mn : m.Coprime n) (prime_p : p.Prime) : m ^ 2 ≠ p * n ^ 2 := by
  intro sqr_eq
  have : p ∣ m := by
    apply prime_p.dvd_of_dvd_pow
    rw [sqr_eq]
    apply dvd_mul_right
  obtain ⟨k, meq⟩ := dvd_iff_exists_eq_mul_left.mp this
  have : p * (p * k ^ 2) = p * n ^ 2 := by
    rw [← sqr_eq, meq]
    ring
  have : p * k ^ 2 = n ^ 2 := by
    apply (mul_right_inj' _).mp this
    exact prime_p.ne_zero
  have : p ∣ n := by
    apply prime_p.dvd_of_dvd_pow
    rw [← this]
    apply dvd_mul_right
  have : p ∣ Nat.gcd m n := by apply Nat.dvd_gcd <;> assumption
  have : p ∣ 1 := by
    convert this
    symm
    exact coprime_mn
  have : 2 ≤ 1 := by
    apply prime_p.two_le.trans
    exact Nat.le_of_dvd zero_lt_one this
  norm_num at this


",,True,60,MIL.C05_Elementary_Number_Theory.solutions.Solutions_S01_Irrational_Roots,Qwen-7B-short,LENGTH,best_of_n,False,0,0.0,t2,False
-1,False,28,"theorem t2 {m n p : ℕ} (coprime_mn : m.Coprime n) (prime_p : p.Prime) : m ^ 2 ≠ p * n ^ 2 := by
  intro sqr_eq
  have : p ∣ m := by
    apply prime_p.dvd_of_dvd_pow
    rw [sqr_eq]
    apply dvd_mul_right
  obtain ⟨k, meq⟩ := dvd_iff_exists_eq_mul_left.mp this
  have : p * (p * k ^ 2) = p * n ^ 2 := by
    rw [← sqr_eq, meq]
    ring
  have : p * k ^ 2 = n ^ 2 := by
    apply (mul_right_inj' _).mp this
    exact prime_p.ne_zero
  have : p ∣ n := by
    apply prime_p.dvd_of_dvd_pow
    rw [← this]
    apply dvd_mul_right
  have : p ∣ Nat.gcd m n := by apply Nat.dvd_gcd <;> assumption
  have : p ∣ 1 := by
    convert this
    symm
    exact coprime_mn
  have : 2 ≤ 1 := by
    apply prime_p.two_le.trans
    exact Nat.le_of_dvd zero_lt_one this
  norm_num at this

",,True,-1,"theorem t2 {m n p : ℕ} (coprime_mn : m.Coprime n) (prime_p : p.Prime) : m ^ 2 ≠ p * n ^ 2 := by
  intro sq_eq
  have : p ∣ m := by
    apply prime_p.dvd_of_dvd_pow
    rw [sq_eq]
    apply dvd_mul_right
  obtain ⟨k, (k_dvd_left : p * k ^ 2 = q)⟩ := exists_eq_mul_left.mp this
  have : p * (p * k ^ 2) = p * n ^ 2 := by
    rw [← sq_eq, (k_dvd_left ▸ p * k ^ 2)]
    ring
  have : p * k ^ 2 = n ^ 2 := by
    apply (mult_right_inj' _).mp this
    exact prime_p.ne_zero
  have : p ∣ n := by
    apply prime_p.dvd_of_dvd_pow
    rw [← this]
    apply dvd_mul_right
  have : p ∣ Nat.gcd m n := by apply Nat.dvd_gcd <;> assumption
  have : p ∣ 1 := by
    convert this
    symm
    exact coprime_mn
  have : 2 ≤ 1 := by
    apply prime_p.two_le.trans
    exact Nat.le_of_dvd zero_lt_one this
  norm_num at this


","💥️unknown identifier 'exists_eq_mul_left.mp'

💥️rcases tactic failed: x✝ : ?m.4692 is not an inductive datatype",False,60,MIL.C05_Elementary_Number_Theory.solutions.Solutions_S01_Irrational_Roots,Qwen-7B-short,LENGTH,best_of_n,False,0,-1.0,t2,False
-1,False,28,"theorem t2 {m n p : ℕ} (coprime_mn : m.Coprime n) (prime_p : p.Prime) : m ^ 2 ≠ p * n ^ 2 := by
  intro sqr_eq
  have : p ∣ m := by
    apply prime_p.dvd_of_dvd_pow
    rw [sqr_eq]
    apply dvd_mul_right
  obtain ⟨k, meq⟩ := dvd_iff_exists_eq_mul_left.mp this
  have : p * (p * k ^ 2) = p * n ^ 2 := by
    rw [← sqr_eq, meq]
    ring
  have : p * k ^ 2 = n ^ 2 := by
    apply (mul_right_inj' _).mp this
    exact prime_p.ne_zero
  have : p ∣ n := by
    apply prime_p.dvd_of_dvd_pow
    rw [← this]
    apply dvd_mul_right
  have : p ∣ Nat.gcd m n := by apply Nat.dvd_gcd <;> assumption
  have : p ∣ 1 := by
    convert this
    symm
    exact coprime_mn
  have : 2 ≤ 1 := by
    apply prime_p.two_le.trans
    exact Nat.le_of_dvd zero_lt_one this
  norm_num at this

",,True,28,"theorem t2 {m n p : ℕ} (coprime_mn : m.Coprime n) (prime_p : p.Prime) : m ^ 2 ≠ p * n ^ 2 := by
  intro sqr_eq
  have : p ∣ m := by
    apply prime_p.dvd_of_dvd_pow
    rw [sqr_eq]
    apply dvd_mul_right
  obtain ⟨k, meq⟩ := dvd_iff_exists_eq_mul_left.mp this
  have : p * (p * k ^ 2) = p * n ^ 2 := by
    rw [← sqr_eq, meq]
    ring
  have : p * k ^ 2 = n ^ 2 := by
    apply (mul_right_inj' _).mp this
    exact prime_p.ne_zero
  have : p ∣ n := by
    apply prime_p.dvd_of_dvd_pow
    rw [← this]
    apply dvd_mul_right
  have : p ∣ Nat.gcd m n := by apply Nat.dvd_gcd <;> assumption
  have : p ∣ 1 := by
    convert this
    symm
    exact coprime_mn
  have : 2 ≤ 1 := by
    apply prime_p.two_le.trans
    exact Nat.le_of_dvd zero_lt_one this
  norm_num at this


",,True,60,MIL.C05_Elementary_Number_Theory.solutions.Solutions_S01_Irrational_Roots,Qwen-7B-short,LENGTH,best_of_n,False,0,0.0,t2,False
-1,False,28,"theorem t2 {m n p : ℕ} (coprime_mn : m.Coprime n) (prime_p : p.Prime) : m ^ 2 ≠ p * n ^ 2 := by
  intro sqr_eq
  have : p ∣ m := by
    apply prime_p.dvd_of_dvd_pow
    rw [sqr_eq]
    apply dvd_mul_right
  obtain ⟨k, meq⟩ := dvd_iff_exists_eq_mul_left.mp this
  have : p * (p * k ^ 2) = p * n ^ 2 := by
    rw [← sqr_eq, meq]
    ring
  have : p * k ^ 2 = n ^ 2 := by
    apply (mul_right_inj' _).mp this
    exact prime_p.ne_zero
  have : p ∣ n := by
    apply prime_p.dvd_of_dvd_pow
    rw [← this]
    apply dvd_mul_right
  have : p ∣ Nat.gcd m n := by apply Nat.dvd_gcd <;> assumption
  have : p ∣ 1 := by
    convert this
    symm
    exact coprime_mn
  have : 2 ≤ 1 := by
    apply prime_p.two_le.trans
    exact Nat.le_of_dvd zero_lt_one this
  norm_num at this

",,True,-1,"theorem t2 {m n p : ℕ} (coprime_mn : m.Coprime n) (prime_p : p.Prime) : m ^ 2 ≠ p * n ^ 2 := by
  intro.square_eq
  obtain ⟨k, ⟨hk, hp⟩⟩ := exists_dvd_mul_left' (by simpa) hs
  have : p ∣ (k ^ 2) := by
    rw [← mem_dvd, (Nat.perm_factors hp).dvd_iff_eqmul]
    exact mem_dvd_mul_right' (dvd_pow_right_iff hp) (dvd_mul_left k hk)
  have : p ∣ k := by
    apply prime_p.dvd_of_dvd_pow
    rw [← (Nat.perm_factors hp).dvd_iff_eqmul]
    exact hdvd_mul_right' (dvd_pow_right_iff hp) (dvd_mul_left k hk)
  have : p ∣ (4 * k ^ 2) := by
    unfold t2, rw [← (Nat.perm_factors (4:ℕ)).dvd_iff_eqmul, mul_assoc,
      hs.sub <| toNat_dvd_mul_right' (dvd_pow_right_iff hp) (dvd_mul_left k hk)]
  have : product m n = 2 * k := by
    rw [← (Nat.perm_factors omega_mn).dvd_iff_eqmul, mul_assoc, mul_eq_zero_iff]
    exact fun{f := "" intros; simpa [dvd_lt] using congr_arg _$ coprime_mn }
  have : omega_mn = p := by
    rw [← toNat_eq, omega_mn.toNat_dvd_eq_self] at this
    exact (((this / (p * (Nat.perm_factors hp)) <;>
      (Nat.perm_factors (coprime_mn := f5) vs <| Nat.dvd_mul_left' _ _
      (apply exists_dvd_mul_left' <;> assumption)) ?_)
  simp only [coprime_mn, mul_assoc, mul_eq_zero_iff, omega_mn, toNat_eq] at this
  exact t2 m n p
","💥️unknown tactic

💥️unsolved goals
m n p : ℕ
coprime_mn : m.Coprime n
prime_p : Nat.Prime p
⊢ m ^ 2 ≠ p * n ^ 2",False,60,MIL.C05_Elementary_Number_Theory.solutions.Solutions_S01_Irrational_Roots,Qwen-7B-short,LENGTH,best_of_n,False,0,-1.0,t2,False
-1,False,28,"theorem t2 {m n p : ℕ} (coprime_mn : m.Coprime n) (prime_p : p.Prime) : m ^ 2 ≠ p * n ^ 2 := by
  intro sqr_eq
  have : p ∣ m := by
    apply prime_p.dvd_of_dvd_pow
    rw [sqr_eq]
    apply dvd_mul_right
  obtain ⟨k, meq⟩ := dvd_iff_exists_eq_mul_left.mp this
  have : p * (p * k ^ 2) = p * n ^ 2 := by
    rw [← sqr_eq, meq]
    ring
  have : p * k ^ 2 = n ^ 2 := by
    apply (mul_right_inj' _).mp this
    exact prime_p.ne_zero
  have : p ∣ n := by
    apply prime_p.dvd_of_dvd_pow
    rw [← this]
    apply dvd_mul_right
  have : p ∣ Nat.gcd m n := by apply Nat.dvd_gcd <;> assumption
  have : p ∣ 1 := by
    convert this
    symm
    exact coprime_mn
  have : 2 ≤ 1 := by
    apply prime_p.two_le.trans
    exact Nat.le_of_dvd zero_lt_one this
  norm_num at this

",,True,-1,"theorem t2 {m n p : ℕ} (coprime_mn : m.Coprime n) (prime_p : p.Prime) : m ^ 2 ≠ p * n ^ 2 := by
  intro sqr_eq
  have : p ∣ m := by
    rw [coprime_mn, square_eq, finset.mem_coe] at this
    exact (coprime_mn.nat_dvd_mul_self _).coe
  obtain ⟨k, meq⟩ := dvd_iff_exists_eq_mul_left.mp this
  have : p * (p * k ^ 2) = p * n ^ 2 := by
    rw [← sqrt_eq, meq]
    ring
  have : p * k ^ 2 = n ^ 2 := by
    apply (mul_right_inj' _).mp this
    exact prime_p.ne_zero
  have : p ∣ n := by
    apply prime_p.dvd_of_dvd_pow
    rw [← this]
    apply dvd_mul_right
  have : p ∣ Nat.gcd m n := by apply Nat.dvd_gcd <;> assumption
  have : p ∣ 1 := by
    convert this
    symm
    exact coprime_mn
  have : 2 ≤ 1 := by omega
  norm_num at this
","💥️unknown identifier 'this'

💥️unknown identifier 'sqrt_eq'

💥️tactic 'rewrite' failed, equality or iff proof expected
  ?m.5271
m n p : ℕ
coprime_mn : m.Coprime n
prime_p : Nat.Prime p
sqr_eq : m ^ 2 = p * n ^ 2
this : p ∣ m
k : ℕ
meq : m = k * p
⊢ p * (p * k ^ 2) = p * n ^ 2

💥️omega could not prove the goal:
a possible counterexample may satisfy the constraints
  c ≥ 0
  b ≥ 0
  a ≥ 0
where
 a := ↑k * ↑p
 b := ↑p * ↑(p * k ^ 2)
 c := ↑(n ^ 2)",False,60,MIL.C05_Elementary_Number_Theory.solutions.Solutions_S01_Irrational_Roots,Qwen-7B-short,LENGTH,best_of_n,False,0,-1.0,t2,False
-1,False,28,"theorem t2 {m n p : ℕ} (coprime_mn : m.Coprime n) (prime_p : p.Prime) : m ^ 2 ≠ p * n ^ 2 := by
  intro sqr_eq
  have : p ∣ m := by
    apply prime_p.dvd_of_dvd_pow
    rw [sqr_eq]
    apply dvd_mul_right
  obtain ⟨k, meq⟩ := dvd_iff_exists_eq_mul_left.mp this
  have : p * (p * k ^ 2) = p * n ^ 2 := by
    rw [← sqr_eq, meq]
    ring
  have : p * k ^ 2 = n ^ 2 := by
    apply (mul_right_inj' _).mp this
    exact prime_p.ne_zero
  have : p ∣ n := by
    apply prime_p.dvd_of_dvd_pow
    rw [← this]
    apply dvd_mul_right
  have : p ∣ Nat.gcd m n := by apply Nat.dvd_gcd <;> assumption
  have : p ∣ 1 := by
    convert this
    symm
    exact coprime_mn
  have : 2 ≤ 1 := by
    apply prime_p.two_le.trans
    exact Nat.le_of_dvd zero_lt_one this
  norm_num at this

",,True,28,"theorem t2 {m n p : ℕ} (coprime_mn : m.Coprime n) (prime_p : p.Prime) : m ^ 2 ≠ p * n ^ 2 := by
  intro sqr_eq
  have : p ∣ m := by
    apply prime_p.dvd_of_dvd_pow
    rw [sqr_eq]
    apply dvd_mul_right
  obtain ⟨k, meq⟩ := dvd_iff_exists_eq_mul_left.mp this
  have : p * (p * k ^ 2) = p * n ^ 2 := by
    rw [← sqr_eq, meq]
    ring
  have : p * k ^ 2 = n ^ 2 := by
    apply (mul_right_inj' _).mp this
    exact prime_p.ne_zero
  have : p ∣ n := by
    apply prime_p.dvd_of_dvd_pow
    rw [← this]
    apply dvd_mul_right
  have : p ∣ Nat.gcd m n := by apply Nat.dvd_gcd <;> assumption
  have : p ∣ 1 := by
    convert this
    symm
    exact coprime_mn
  have : 2 ≤ 1 := by
    apply prime_p.two_le.trans
    exact Nat.le_of_dvd zero_lt_one this
  norm_num at this
",,True,60,MIL.C05_Elementary_Number_Theory.solutions.Solutions_S01_Irrational_Roots,Qwen-7B-short,LENGTH,best_of_n,False,0,0.0,t2,False
-1,False,28,"theorem t2 {m n p : ℕ} (coprime_mn : m.Coprime n) (prime_p : p.Prime) : m ^ 2 ≠ p * n ^ 2 := by
  intro sqr_eq
  have : p ∣ m := by
    apply prime_p.dvd_of_dvd_pow
    rw [sqr_eq]
    apply dvd_mul_right
  obtain ⟨k, meq⟩ := dvd_iff_exists_eq_mul_left.mp this
  have : p * (p * k ^ 2) = p * n ^ 2 := by
    rw [← sqr_eq, meq]
    ring
  have : p * k ^ 2 = n ^ 2 := by
    apply (mul_right_inj' _).mp this
    exact prime_p.ne_zero
  have : p ∣ n := by
    apply prime_p.dvd_of_dvd_pow
    rw [← this]
    apply dvd_mul_right
  have : p ∣ Nat.gcd m n := by apply Nat.dvd_gcd <;> assumption
  have : p ∣ 1 := by
    convert this
    symm
    exact coprime_mn
  have : 2 ≤ 1 := by
    apply prime_p.two_le.trans
    exact Nat.le_of_dvd zero_lt_one this
  norm_num at this

",,True,-1,"theorem t2 {m n p : ℕ} (coprime_mn : m.Coprime n) (prime_p : p.Prime) : m ^ 2 ≠ p * n ^ 2 := by
  intro sqr_eq
  have : p ∣ m := by
    apply prime_p.dvd_of_dvd_pow
    rw [sqr_eq]
    apply dvd_mul_right
  obtain ⟨k, meq⟩ := dvd_iff_exists_eq_mul_left.mp this
  have : p * (p * k ^ 2) = p * n ^ 2 := by
    rw [← sqr_eq, meq]
    ring
  have : p * k ^ 2 = n ^ 2 := by omega
  have : p ∣ n := by
    apply prime_p.dvd_of_dvd_pow
    rw [← this]
    apply dvd_mul_right
  have : p ∣ Nat.gcd m n := by apply Nat.dvd_gcd <;> assumption
  have : p ∣ 1 := by
    convert this
    symm
    exact coprime_mn
  have : 2 ≤ 1 := by
    apply prime_p.two_le.trans
    exact Nat.le_of_dvd zero_lt_one this
  norm_num at this


","💥️omega could not prove the goal:
a possible counterexample may satisfy the constraints
  d ≥ 0
  c ≥ 0
  c - d ≥ 1
  b ≥ 0
  a ≥ 0
where
 a := ↑k * ↑p
 b := ↑p * ↑(p * k ^ 2)
 c := ↑(n ^ 2)
 d := ↑p * ↑(k ^ 2)",False,60,MIL.C05_Elementary_Number_Theory.solutions.Solutions_S01_Irrational_Roots,Qwen-7B-short,LENGTH,best_of_n,False,0,-1.0,t2,False
-1,False,28,"theorem t2 {m n p : ℕ} (coprime_mn : m.Coprime n) (prime_p : p.Prime) : m ^ 2 ≠ p * n ^ 2 := by
  intro sqr_eq
  have : p ∣ m := by
    apply prime_p.dvd_of_dvd_pow
    rw [sqr_eq]
    apply dvd_mul_right
  obtain ⟨k, meq⟩ := dvd_iff_exists_eq_mul_left.mp this
  have : p * (p * k ^ 2) = p * n ^ 2 := by
    rw [← sqr_eq, meq]
    ring
  have : p * k ^ 2 = n ^ 2 := by
    apply (mul_right_inj' _).mp this
    exact prime_p.ne_zero
  have : p ∣ n := by
    apply prime_p.dvd_of_dvd_pow
    rw [← this]
    apply dvd_mul_right
  have : p ∣ Nat.gcd m n := by apply Nat.dvd_gcd <;> assumption
  have : p ∣ 1 := by
    convert this
    symm
    exact coprime_mn
  have : 2 ≤ 1 := by
    apply prime_p.two_le.trans
    exact Nat.le_of_dvd zero_lt_one this
  norm_num at this

",,True,-1,"theorem t2 {m n p : ℕ} (coprime_mn : m.Coprime n) (prime_p : p.Prime) : m ^ 2 ≠ p * n ^ 2 := by
  intro sqr_eq
  have : p ∣ m := by
    simpa only using prime_p.dvd_of_dvd_pow (p := p) (dvd_mul_right _ _)
  obtain ⟨k, meq⟩ := dvd_iff_exists_eq_mul_left.mp this
  have : p * (p * k ^ 2) = p * n ^ 2 := by
    rw [← sqr_eq, meq]
    ring
  have : p * k ^ 2 = n ^ 2 := by
    apply (mul_right_inj' _).mp this
    exact prime_p.ne_zero
  have : p ∣ n := by
    apply prime_p.dvd_of_dvd_pow
    rw [← this]
    apply dvd_mul_right
  have : p ∣ Nat.gcd m n := by apply Nat.dvd_gcd <;> assumption
  have : p ∣ 1 := by
    convert this
    symm
    exact coprime_mn
  have : 2 ≤ 1 := by
    apply prime_p.two_le.trans
    exact Nat.le_of_dvd zero_lt_one this
  norm_num at this


","💥️application type mismatch
  Nat.Prime.dvd_of_dvd_pow prime_p (dvd_mul_right ?m.4645 ?m.4646)
argument
  dvd_mul_right ?m.4645 ?m.4646
has type
  ?m.4645 ∣ ?m.4645 * ?m.4646 : Prop
but is expected to have type
  p ∣ m ^ ?m.4641 : Prop",False,60,MIL.C05_Elementary_Number_Theory.solutions.Solutions_S01_Irrational_Roots,Qwen-7B-short,LENGTH,best_of_n,False,0,-1.0,t2,False
-1,False,28,"theorem t2 {m n p : ℕ} (coprime_mn : m.Coprime n) (prime_p : p.Prime) : m ^ 2 ≠ p * n ^ 2 := by
  intro sqr_eq
  have : p ∣ m := by
    apply prime_p.dvd_of_dvd_pow
    rw [sqr_eq]
    apply dvd_mul_right
  obtain ⟨k, meq⟩ := dvd_iff_exists_eq_mul_left.mp this
  have : p * (p * k ^ 2) = p * n ^ 2 := by
    rw [← sqr_eq, meq]
    ring
  have : p * k ^ 2 = n ^ 2 := by
    apply (mul_right_inj' _).mp this
    exact prime_p.ne_zero
  have : p ∣ n := by
    apply prime_p.dvd_of_dvd_pow
    rw [← this]
    apply dvd_mul_right
  have : p ∣ Nat.gcd m n := by apply Nat.dvd_gcd <;> assumption
  have : p ∣ 1 := by
    convert this
    symm
    exact coprime_mn
  have : 2 ≤ 1 := by
    apply prime_p.two_le.trans
    exact Nat.le_of_dvd zero_lt_one this
  norm_num at this

",,True,28,"theorem t2 {m n p : ℕ} (coprime_mn : m.Coprime n) (prime_p : p.Prime) : m ^ 2 ≠ p * n ^ 2 := by
  intro sq_eq
  have : p ∣ m := by
    apply prime_p.dvd_of_dvd_pow
    rw [sq_eq]
    apply dvd_mul_right
  obtain ⟨k, mul_k⟩ := dvd_iff_exists_eq_mul_left.mp this
  have : p * (p * k ^ 2) = p * n ^ 2 := by
    rw [← sq_eq, mul_k]
    ring
  have : p * k ^ 2 = n ^ 2 := by
    apply (mul_right_inj' _).mp this
    exact prime_p.ne_zero
  have : p ∣ n := by
    apply prime_p.dvd_of_dvd_pow
    rw [← this]
    apply dvd_mul_right
  have : p ∣ Nat.gcd m n := by apply Nat.dvd_gcd <;> assumption
  have : p ∣ 1 := by
    convert this
    symm
    exact coprime_mn
  have : 2 ≤ 1 := by
    apply prime_p.two_le.trans
    exact Nat.le_of_dvd zero_lt_one this
  norm_num at this


",,True,60,MIL.C05_Elementary_Number_Theory.solutions.Solutions_S01_Irrational_Roots,Qwen-7B-short,LENGTH,best_of_n,False,0,0.0,t2,False
-1,False,28,"theorem t2 {m n p : ℕ} (coprime_mn : m.Coprime n) (prime_p : p.Prime) : m ^ 2 ≠ p * n ^ 2 := by
  intro sqr_eq
  have : p ∣ m := by
    apply prime_p.dvd_of_dvd_pow
    rw [sqr_eq]
    apply dvd_mul_right
  obtain ⟨k, meq⟩ := dvd_iff_exists_eq_mul_left.mp this
  have : p * (p * k ^ 2) = p * n ^ 2 := by
    rw [← sqr_eq, meq]
    ring
  have : p * k ^ 2 = n ^ 2 := by
    apply (mul_right_inj' _).mp this
    exact prime_p.ne_zero
  have : p ∣ n := by
    apply prime_p.dvd_of_dvd_pow
    rw [← this]
    apply dvd_mul_right
  have : p ∣ Nat.gcd m n := by apply Nat.dvd_gcd <;> assumption
  have : p ∣ 1 := by
    convert this
    symm
    exact coprime_mn
  have : 2 ≤ 1 := by
    apply prime_p.two_le.trans
    exact Nat.le_of_dvd zero_lt_one this
  norm_num at this

",,True,28,"theorem t2 {m n p : ℕ} (coprime_mn : m.Coprime n) (prime_p : p.Prime) : m ^ 2 ≠ p * n ^ 2 := by
  intro sqrt_eq
  have : p ∣ m := by
    apply prime_p.dvd_of_dvd_pow
    rw [sqrt_eq]
    apply dvd_mul_right
  obtain ⟨k, meq⟩ := dvd_iff_exists_eq_mul_left.mp this
  have : p * (p * k ^ 2) = p * n ^ 2 := by
    rw [← sqrt_eq, meq]
    ring
  have : p * k ^ 2 = n ^ 2 := by
    apply (mul_right_inj' _).mp this
    exact prime_p.ne_zero
  have : p ∣ n := by
    apply prime_p.dvd_of_dvd_pow
    rw [← this]
    apply dvd_mul_right
  have : p ∣ Nat.gcd m n := by apply Nat.dvd_gcd <;> assumption
  have : p ∣ 1 := by
    convert this
    symm
    exact coprime_mn
  have : 2 ≤ 1 := by
    apply prime_p.two_le.trans
    exact Nat.le_of_dvd zero_lt_one this
  norm_num at this


",,True,60,MIL.C05_Elementary_Number_Theory.solutions.Solutions_S01_Irrational_Roots,Qwen-7B-short,LENGTH,best_of_n,False,0,0.0,t2,False
-1,False,28,"theorem t2 {m n p : ℕ} (coprime_mn : m.Coprime n) (prime_p : p.Prime) : m ^ 2 ≠ p * n ^ 2 := by
  intro sqr_eq
  have : p ∣ m := by
    apply prime_p.dvd_of_dvd_pow
    rw [sqr_eq]
    apply dvd_mul_right
  obtain ⟨k, meq⟩ := dvd_iff_exists_eq_mul_left.mp this
  have : p * (p * k ^ 2) = p * n ^ 2 := by
    rw [← sqr_eq, meq]
    ring
  have : p * k ^ 2 = n ^ 2 := by
    apply (mul_right_inj' _).mp this
    exact prime_p.ne_zero
  have : p ∣ n := by
    apply prime_p.dvd_of_dvd_pow
    rw [← this]
    apply dvd_mul_right
  have : p ∣ Nat.gcd m n := by apply Nat.dvd_gcd <;> assumption
  have : p ∣ 1 := by
    convert this
    symm
    exact coprime_mn
  have : 2 ≤ 1 := by
    apply prime_p.two_le.trans
    exact Nat.le_of_dvd zero_lt_one this
  norm_num at this

",,True,-1,"theorem t2 {m n p : ℕ} (coprime_mn : m.Coprime n) (prime_p : p.Prime) : m ^ 2 ≠ p * n ^ 2 := by
  intro sqr_eq
  have : p ∣ m := by
    apply prime_p.dvd_of_dvd_pow
    rw [sqr_eq]
    apply dvd_mul_right
  obtain ⟨k, meq⟩ := dvd_iff_exists_eq_mul_left.mp this
  have : p * (p * k ^ 2) = p * n ^ 2 := by
    rw [← sqr_eq, meq]
    ring
  have : p * k ^ 2 = n ^ 2 := by
    apply (mul_right_inj' _).mp this
    exact prime_p.ne_zero
  have : p ∣ n := by
    rw [← (Nat.dvd_gcd _ _) (coprime_mn _)]
    exact_prime_p.dvd_of_dvd_pow (Nat.sum_mono_left zero_lt_one) (dvd_mul_right _)
  have : p ∣ Nat.gcd m n := by apply Nat.dvd_gcd <;> assumption
  have : p ∣ 1 := by
    convert this
    symm
    exact coprime_mn
  have : 2 ≤ 1 := by
    apply prime_p.two_le.trans
    exact Nat.le_of_dvd zero_lt_one this
  norm_num at this


","💥️unknown tactic

💥️function expected at
  Nat.dvd_gcd ?m.6278 ?m.6279
term has type
  ?m.6275 ∣ Nat.gcd ?m.6276 ?m.6277

💥️tactic 'rewrite' failed, equality or iff proof expected
  ?m.6317
m n p : ℕ
coprime_mn : m.Coprime n
prime_p : Nat.Prime p
sqr_eq : m ^ 2 = p * n ^ 2
this✝¹ : p ∣ m
k : ℕ
meq : m = k * p
this✝ : p * (p * k ^ 2) = p * n ^ 2
this : p * k ^ 2 = n ^ 2
⊢ p ∣ n

💥️unsolved goals
case intro
m n p : ℕ
coprime_mn : m.Coprime n
prime_p : Nat.Prime p
sqr_eq : m ^ 2 = p * n ^ 2
this✝² : p ∣ m
k : ℕ
meq : m = k * p
this✝¹ : p * (p * k ^ 2) = p * n ^ 2
this✝ : p * k ^ 2 = n ^ 2
this : p ∣ n
⊢ False",False,60,MIL.C05_Elementary_Number_Theory.solutions.Solutions_S01_Irrational_Roots,Qwen-7B-short,LENGTH,best_of_n,False,0,-1.0,t2,False
-1,False,28,"theorem t2 {m n p : ℕ} (coprime_mn : m.Coprime n) (prime_p : p.Prime) : m ^ 2 ≠ p * n ^ 2 := by
  intro sqr_eq
  have : p ∣ m := by
    apply prime_p.dvd_of_dvd_pow
    rw [sqr_eq]
    apply dvd_mul_right
  obtain ⟨k, meq⟩ := dvd_iff_exists_eq_mul_left.mp this
  have : p * (p * k ^ 2) = p * n ^ 2 := by
    rw [← sqr_eq, meq]
    ring
  have : p * k ^ 2 = n ^ 2 := by
    apply (mul_right_inj' _).mp this
    exact prime_p.ne_zero
  have : p ∣ n := by
    apply prime_p.dvd_of_dvd_pow
    rw [← this]
    apply dvd_mul_right
  have : p ∣ Nat.gcd m n := by apply Nat.dvd_gcd <;> assumption
  have : p ∣ 1 := by
    convert this
    symm
    exact coprime_mn
  have : 2 ≤ 1 := by
    apply prime_p.two_le.trans
    exact Nat.le_of_dvd zero_lt_one this
  norm_num at this

",,True,-1,"theorem t2 {m n p : ℕ} (coprime_mn : m.Coprime n) (prime_p : p.Prime) : m ^ 2 ≠ p * n ^ 2 := by
  intro sqr_eq
  have : p ∣ m := by
    apply prime_p.dvd_of_dvd_pow
    rw [sqr_eq]
    apply dvd_mul_right
  obtain ⟨k, meq⟩ := dvd_iff_exists_eq_mul_left.mp this
  have : p * (p * k ^ 2) = p * n ^ 2 := by
    rw [← sqr_eq, meq]
    ring
  have : p * k ^ 2 = n ^ 2 := by
    apply (mul_right_inj' _).mp this
    exact prime_p.ne_zero
  have : p ∣ n := by
    apply prime_p.dvd_of_dvd_pow
    rw [← this]
    apply dvd_mul_right
  have : p ∣ Nat.gcd m n := by apply Nat.dvd_gcd <;> assumption
  have : p ∣ 1 := by
    rw [this, Nat.le_of_dvd zero_lt_one]
    exact coprime_mn
  unfold t2
  rw [← this, mul_left_mem, mem_nonZero, and_or_left, not_imp, and_assoc, not_or_assoc, and_comm]
  exact not_imp.2 ⟨zero_lt_left, not.imp_self⟩
","💥️tactic 'rewrite' failed, equality or iff proof expected
  p ∣ m.gcd n
m n p : ℕ
coprime_mn : m.Coprime n
prime_p : Nat.Prime p
sqr_eq : m ^ 2 = p * n ^ 2
this✝³ : p ∣ m
k : ℕ
meq : m = k * p
this✝² : p * (p * k ^ 2) = p * n ^ 2
this✝¹ : p * k ^ 2 = n ^ 2
this✝ : p ∣ n
this : p ∣ m.gcd n
⊢ p ∣ 1

💥️tactic 'unfold' failed, local variable 't2' has no definition",False,60,MIL.C05_Elementary_Number_Theory.solutions.Solutions_S01_Irrational_Roots,Qwen-7B-short,LENGTH,best_of_n,False,0,-1.0,t2,False
-1,False,28,"theorem t2 {m n p : ℕ} (coprime_mn : m.Coprime n) (prime_p : p.Prime) : m ^ 2 ≠ p * n ^ 2 := by
  intro sqr_eq
  have : p ∣ m := by
    apply prime_p.dvd_of_dvd_pow
    rw [sqr_eq]
    apply dvd_mul_right
  obtain ⟨k, meq⟩ := dvd_iff_exists_eq_mul_left.mp this
  have : p * (p * k ^ 2) = p * n ^ 2 := by
    rw [← sqr_eq, meq]
    ring
  have : p * k ^ 2 = n ^ 2 := by
    apply (mul_right_inj' _).mp this
    exact prime_p.ne_zero
  have : p ∣ n := by
    apply prime_p.dvd_of_dvd_pow
    rw [← this]
    apply dvd_mul_right
  have : p ∣ Nat.gcd m n := by apply Nat.dvd_gcd <;> assumption
  have : p ∣ 1 := by
    convert this
    symm
    exact coprime_mn
  have : 2 ≤ 1 := by
    apply prime_p.two_le.trans
    exact Nat.le_of_dvd zero_lt_one this
  norm_num at this

",,True,-1,"theorem t2 {m n p : ℕ} (coprime_mn : m.Coprime n) (prime_p : p.Prime) : m ^ 2 ≠ p * n ^ 2 := by
  intro sqr_eq
  have : p ∣ m := by
    apply prime_p.dvd_of_dvd_pow
    rw [sqr_eq]
    apply dvd_mul_right
  obtain ⟨k, k₀⟩ := exists_mul_eq_of_even p (m ^ 2) (n ^ 2) (Prime_dvd_mul_pow_left' _)
  have : p * (p * k ^ 2) = p * n ^ 2 := by
    rw [← sqr_eq, k₀]
    ring
  have : p * k ^ 2 = n ^ 2 := by
    apply (mul_right_inj' _).mp this
    exact prime_p.ne_zero
  have : p ∣ n := by
    apply prime_p.dvd_of_dvd_pow
    rw [← this]
    apply dvd_mul_right
  have : p ∣ Nat.gcd m n := by apply Nat.dvd_gcd <;> assumption
  have : p ∣ 1 := by
    convert this
    symm
    exact coprime_mn
  have : 2 ≤ 1 := by
    apply prime_p.two_le.trans
    exact Nat.le_of_dvd zero_lt_one this
  norm_num at this


","💥️unknown identifier 'exists_mul_eq_of_even'

💥️rcases tactic failed: x✝ : ?m.4692 is not an inductive datatype",False,60,MIL.C05_Elementary_Number_Theory.solutions.Solutions_S01_Irrational_Roots,Qwen-7B-short,LENGTH,best_of_n,False,0,-1.0,t2,False
-1,False,28,"theorem t2 {m n p : ℕ} (coprime_mn : m.Coprime n) (prime_p : p.Prime) : m ^ 2 ≠ p * n ^ 2 := by
  intro sqr_eq
  have : p ∣ m := by
    apply prime_p.dvd_of_dvd_pow
    rw [sqr_eq]
    apply dvd_mul_right
  obtain ⟨k, meq⟩ := dvd_iff_exists_eq_mul_left.mp this
  have : p * (p * k ^ 2) = p * n ^ 2 := by
    rw [← sqr_eq, meq]
    ring
  have : p * k ^ 2 = n ^ 2 := by
    apply (mul_right_inj' _).mp this
    exact prime_p.ne_zero
  have : p ∣ n := by
    apply prime_p.dvd_of_dvd_pow
    rw [← this]
    apply dvd_mul_right
  have : p ∣ Nat.gcd m n := by apply Nat.dvd_gcd <;> assumption
  have : p ∣ 1 := by
    convert this
    symm
    exact coprime_mn
  have : 2 ≤ 1 := by
    apply prime_p.two_le.trans
    exact Nat.le_of_dvd zero_lt_one this
  norm_num at this

",,True,-1,"theorem t2 {m n p : ℕ} (coprime_mn : m.Coprime n) (prime_p : p.Prime) : m ^ 2 ≠ p * n ^ 2 := by
  intro sqr_eq
  have : p ∣ m := by
    rw [← Nat factors, Nat.Prime.dvd_iff]
    exact prime_p.dvd_of_dvd_pow
  obtain ⟨k, meq⟩ := dvd_iff_exists_eq_mul_left.mp this
  have : p * (p * k ^ 2) = p * n ^ 2 := by
    rw [← sqr_eq, meq]
    ring
  have : p * k ^ 2 = n ^ 2 := by
    apply (mul_right_inj' _).mp this
    exact prime_p.ne_zero
  have : p ∣ n := by
    apply prime_p.dvd_of_dvd_pow
    rw [← this]
    apply dvd_mul_right
  have : p ∣ Nat.gcd m n := by apply Nat.dvd_gcd <;> assumption
  have : p ∣ 1 := by
    convert this
    symm
    exact coprime_mn
  have : 2 ≤ 1 := by
    apply prime_p.two_le.trans
    exact Nat.le_of_dvd zero_lt_one this
  norm_num at this


","💥️function expected at
  ℕ
term has type
  Type

💥️tactic 'rewrite' failed, equality or iff proof expected
  ?m.4653
m n p : ℕ
coprime_mn : m.Coprime n
prime_p : Nat.Prime p
sqr_eq : m ^ 2 = p * n ^ 2
⊢ p ∣ m",False,60,MIL.C05_Elementary_Number_Theory.solutions.Solutions_S01_Irrational_Roots,Qwen-7B-short,LENGTH,best_of_n,False,0,-1.0,t2,False
-1,False,28,"theorem t2 {m n p : ℕ} (coprime_mn : m.Coprime n) (prime_p : p.Prime) : m ^ 2 ≠ p * n ^ 2 := by
  intro sqr_eq
  have : p ∣ m := by
    apply prime_p.dvd_of_dvd_pow
    rw [sqr_eq]
    apply dvd_mul_right
  obtain ⟨k, meq⟩ := dvd_iff_exists_eq_mul_left.mp this
  have : p * (p * k ^ 2) = p * n ^ 2 := by
    rw [← sqr_eq, meq]
    ring
  have : p * k ^ 2 = n ^ 2 := by
    apply (mul_right_inj' _).mp this
    exact prime_p.ne_zero
  have : p ∣ n := by
    apply prime_p.dvd_of_dvd_pow
    rw [← this]
    apply dvd_mul_right
  have : p ∣ Nat.gcd m n := by apply Nat.dvd_gcd <;> assumption
  have : p ∣ 1 := by
    convert this
    symm
    exact coprime_mn
  have : 2 ≤ 1 := by
    apply prime_p.two_le.trans
    exact Nat.le_of_dvd zero_lt_one this
  norm_num at this

",,True,-1,"theorem t2 {m n p : ℕ} (coprime_mn : m.Coprime n) (prime_p : p.Prime) : m ^ 2 ≠ p * n ^ 2 := by
  intro sqr_eq
  obtain ⟨m, rfl⟩ := Is two_ne_zero m _
  push_neg at this
  rw [this, map_pow, mul_assoc, SCHOOL.Mul_comm _ (Nat.forall_mul_quotient']


","💥️unexpected token ']'; expected ')', ',' or ':'",False,60,MIL.C05_Elementary_Number_Theory.solutions.Solutions_S01_Irrational_Roots,Qwen-7B-short,LENGTH,best_of_n,False,0,-1.0,t2,False
-1,False,28,"theorem t2 {m n p : ℕ} (coprime_mn : m.Coprime n) (prime_p : p.Prime) : m ^ 2 ≠ p * n ^ 2 := by
  intro sqr_eq
  have : p ∣ m := by
    apply prime_p.dvd_of_dvd_pow
    rw [sqr_eq]
    apply dvd_mul_right
  obtain ⟨k, meq⟩ := dvd_iff_exists_eq_mul_left.mp this
  have : p * (p * k ^ 2) = p * n ^ 2 := by
    rw [← sqr_eq, meq]
    ring
  have : p * k ^ 2 = n ^ 2 := by
    apply (mul_right_inj' _).mp this
    exact prime_p.ne_zero
  have : p ∣ n := by
    apply prime_p.dvd_of_dvd_pow
    rw [← this]
    apply dvd_mul_right
  have : p ∣ Nat.gcd m n := by apply Nat.dvd_gcd <;> assumption
  have : p ∣ 1 := by
    convert this
    symm
    exact coprime_mn
  have : 2 ≤ 1 := by
    apply prime_p.two_le.trans
    exact Nat.le_of_dvd zero_lt_one this
  norm_num at this

",,True,-1,"theorem t2 {m n p : ℕ} (coprime_mn : m.Coprime n) (prime_p : p.Prime) : m ^ 2 ≠ p * n ^ 2 := by
  intro sq_eq
  obtain ⟨k, eqk⟩ := sqrt_mul_self_eq_ne_zero.mp sq_eq
  have : p * (p * k ^ 2) = p * n ^ 2 := by
    rw [← eqk, mul_left_mem_nonZeroDivisors_eq_zero_iff]
    exactvdvd_mul_left_subset_dvd (hc := coprime_mn (m := p * k)) (zero_lt p)
  have : p * k ^ 2 = n ^ 2 := by
    apply (mul_right_inj' _).mp this
    exact prime_p.ne_zero
  have : p ∣ n := by
    apply prime_p.dvd_of_dvd_pow
    rw [← this]
    apply dvd_mul_right
  have : p ∣ Nat.gcd m n := by apply Nat.dvd_gcd <;> assumption
  have : p ∣ 1 := by
    rw [← this, coprime_mn]
  have : 2 ≤ 1 := by
    exact zero_lt_one ▸ 2 ≤ trans ?_ <| Nat.le_of_dvd zero_lt_one this
  norm_num at this


",💥️unknown tactic,False,60,MIL.C05_Elementary_Number_Theory.solutions.Solutions_S01_Irrational_Roots,Qwen-7B-short,LENGTH,best_of_n,False,0,-1.0,t2,False
-1,False,28,"theorem t2 {m n p : ℕ} (coprime_mn : m.Coprime n) (prime_p : p.Prime) : m ^ 2 ≠ p * n ^ 2 := by
  intro sqr_eq
  have : p ∣ m := by
    apply prime_p.dvd_of_dvd_pow
    rw [sqr_eq]
    apply dvd_mul_right
  obtain ⟨k, meq⟩ := dvd_iff_exists_eq_mul_left.mp this
  have : p * (p * k ^ 2) = p * n ^ 2 := by
    rw [← sqr_eq, meq]
    ring
  have : p * k ^ 2 = n ^ 2 := by
    apply (mul_right_inj' _).mp this
    exact prime_p.ne_zero
  have : p ∣ n := by
    apply prime_p.dvd_of_dvd_pow
    rw [← this]
    apply dvd_mul_right
  have : p ∣ Nat.gcd m n := by apply Nat.dvd_gcd <;> assumption
  have : p ∣ 1 := by
    convert this
    symm
    exact coprime_mn
  have : 2 ≤ 1 := by
    apply prime_p.two_le.trans
    exact Nat.le_of_dvd zero_lt_one this
  norm_num at this

",,True,-1,"theorem t2 {m n p : ℕ} (coprime_mn : m.Coprime n) (prime_p : p.Prime) : m ^ 2 ≠ p * n ^ 2 := by
  intro sqr_eq
  have : p ∣ m := by
    apply prime_p.dvd_of_dvd_pow
    rw [sqr_eq]
    apply dvd_mul_right
  obtain ⟨k, meq⟩ := dvd_iff_exists_eq_mul_left.mp this
  have : p * (p * k ^ 2) = p * n ^ 2 := by
    rw [← sqr_eq, meq]
    ring
  have : p * k ^ 2 = n ^ 2 := by
    apply (mul_right_inj' _).mp this
    exact prime_p.ne_zero
  have : p ∣ n := by
    apply prime_p.dvd_of_dvd_pow
    rw [← this]
    apply dvd_mul_right
  have : p ∣ Nat.gcd m n := by apply Nat.dvd_gcd <;> assumption
  have : p ∣ 1 := by
    rw [this, Nat.forall_left_iff, and_imp, true_and]
    exact coprime_mn
  have : 2 ≤ 1 := by
    simpa [Nat.zero_lt_one] using prime_p.two_le.trans (Nat.le_of_dvd zero_lt_one this)
  norm_num at this


","💥️tactic 'rewrite' failed, equality or iff proof expected
  p ∣ m.gcd n
m n p : ℕ
coprime_mn : m.Coprime n
prime_p : Nat.Prime p
sqr_eq : m ^ 2 = p * n ^ 2
this✝³ : p ∣ m
k : ℕ
meq : m = k * p
this✝² : p * (p * k ^ 2) = p * n ^ 2
this✝¹ : p * k ^ 2 = n ^ 2
this✝ : p ∣ n
this : p ∣ m.gcd n
⊢ p ∣ 1",False,60,MIL.C05_Elementary_Number_Theory.solutions.Solutions_S01_Irrational_Roots,Qwen-7B-short,LENGTH,best_of_n,False,0,-1.0,t2,False
-1,False,28,"theorem t2 {m n p : ℕ} (coprime_mn : m.Coprime n) (prime_p : p.Prime) : m ^ 2 ≠ p * n ^ 2 := by
  intro sqr_eq
  have : p ∣ m := by
    apply prime_p.dvd_of_dvd_pow
    rw [sqr_eq]
    apply dvd_mul_right
  obtain ⟨k, meq⟩ := dvd_iff_exists_eq_mul_left.mp this
  have : p * (p * k ^ 2) = p * n ^ 2 := by
    rw [← sqr_eq, meq]
    ring
  have : p * k ^ 2 = n ^ 2 := by
    apply (mul_right_inj' _).mp this
    exact prime_p.ne_zero
  have : p ∣ n := by
    apply prime_p.dvd_of_dvd_pow
    rw [← this]
    apply dvd_mul_right
  have : p ∣ Nat.gcd m n := by apply Nat.dvd_gcd <;> assumption
  have : p ∣ 1 := by
    convert this
    symm
    exact coprime_mn
  have : 2 ≤ 1 := by
    apply prime_p.two_le.trans
    exact Nat.le_of_dvd zero_lt_one this
  norm_num at this

",,True,-1,"theorem t2 {m n p : ℕ} (coprime_mn : m.Coprime n) (prime_p : p.Prime) : m ^ 2 ≠ p * n ^ 2 := by
  intro sqr_eq
  have : p ∣ m := by
    apply prime_p.dvd_of_dvd_pow
    rw [sqr_eq]
    apply dvd_mul_right
  obtain ⟨k, meq⟩ := dvd_iff_exists_eq_mul_left.mp this
  have : p * (p * k ^ 2) = p * n ^ 2 := by
    rw [← sqr_eq, meq]
    ring
  have : p * k ^ 2 = n ^ 2 := by
    apply (mul_right_inj' _).mp this
    exact prime_p.ne_zero
  have : p ∣ n := by
    apply prime_p.dvd_of_dvd_pow
    rw [← this]
    apply dvd_mul_right
  have : p ∣ Nat.gcd m n := by apply Nat.dvd_gcd <;> assumption
  have : p ∣ 1 := by
    convert this
    symm
    exact coprime_mn
  have : 2 ≤ 1 := by
    exact (Nat.le_of_dvd zero_lt_one this).trans p.two_le
  norm_num at this
","💥️invalid field 'two_le', the environment does not contain 'Nat.two_le'
  p
has type
  ℕ",False,60,MIL.C05_Elementary_Number_Theory.solutions.Solutions_S01_Irrational_Roots,Qwen-7B-short,LENGTH,best_of_n,False,0,-1.0,t2,False
-1,False,28,"theorem t2 {m n p : ℕ} (coprime_mn : m.Coprime n) (prime_p : p.Prime) : m ^ 2 ≠ p * n ^ 2 := by
  intro sqr_eq
  have : p ∣ m := by
    apply prime_p.dvd_of_dvd_pow
    rw [sqr_eq]
    apply dvd_mul_right
  obtain ⟨k, meq⟩ := dvd_iff_exists_eq_mul_left.mp this
  have : p * (p * k ^ 2) = p * n ^ 2 := by
    rw [← sqr_eq, meq]
    ring
  have : p * k ^ 2 = n ^ 2 := by
    apply (mul_right_inj' _).mp this
    exact prime_p.ne_zero
  have : p ∣ n := by
    apply prime_p.dvd_of_dvd_pow
    rw [← this]
    apply dvd_mul_right
  have : p ∣ Nat.gcd m n := by apply Nat.dvd_gcd <;> assumption
  have : p ∣ 1 := by
    convert this
    symm
    exact coprime_mn
  have : 2 ≤ 1 := by
    apply prime_p.two_le.trans
    exact Nat.le_of_dvd zero_lt_one this
  norm_num at this

",,True,-1,"theorem t2 {m n p : ℕ} (coprime_mn : m.Coprime n) (prime_p : p.Prime) : m ^ 2 ≠ p * n ^ 2 := by
  intro sqr_eq
  have : p ∣ m := by
    rw [← mul_left_mem_prime] at this
  obtain ⟨k, mul_left_add_pow_mul_left, mul_left_modp⟩ := (Int.ofNat_dvd.mpr Multiplicative.mul.left <| by simpa)
  have : p * (p * k ^ 2) = p * n ^ 2 := by
    rw [← sqr_eq, mul_left_add_pow_mul_left]
    ring
  have : p * k ^ 2 = n ^ 2 := by
    apply (mul_right_inj' _).mp this
    exact prime_p.ne_zero
  have : p ∣ n := by
    apply prime_p.dvd_of_dvd_pow
    rw [← this]
    apply dvd_mul_right
  have : p ∣ Nat.gcd m n := by apply Nat.dvd_gcd <;> assumption
  have : p ∣ 1 := by
    convert this
    symm
    exact coprime_mn
  have : 2 ≤ 1 := by
    apply prime_p.two_le.trans
    exact Nat.le_of_dvd zero_lt_one this
  norm_num at this


","💥️unknown identifier 'this'

💥️invalid field 'left', the environment does not contain 'Mul.left'
  Multiplicative.mul
has type
  Mul (Multiplicative ?m.4623)

💥️rcases tactic failed: x✝ : ?m.4952 is not an inductive datatype",False,60,MIL.C05_Elementary_Number_Theory.solutions.Solutions_S01_Irrational_Roots,Qwen-7B-short,LENGTH,best_of_n,False,0,-1.0,t2,False
-1,False,28,"theorem t2 {m n p : ℕ} (coprime_mn : m.Coprime n) (prime_p : p.Prime) : m ^ 2 ≠ p * n ^ 2 := by
  intro sqr_eq
  have : p ∣ m := by
    apply prime_p.dvd_of_dvd_pow
    rw [sqr_eq]
    apply dvd_mul_right
  obtain ⟨k, meq⟩ := dvd_iff_exists_eq_mul_left.mp this
  have : p * (p * k ^ 2) = p * n ^ 2 := by
    rw [← sqr_eq, meq]
    ring
  have : p * k ^ 2 = n ^ 2 := by
    apply (mul_right_inj' _).mp this
    exact prime_p.ne_zero
  have : p ∣ n := by
    apply prime_p.dvd_of_dvd_pow
    rw [← this]
    apply dvd_mul_right
  have : p ∣ Nat.gcd m n := by apply Nat.dvd_gcd <;> assumption
  have : p ∣ 1 := by
    convert this
    symm
    exact coprime_mn
  have : 2 ≤ 1 := by
    apply prime_p.two_le.trans
    exact Nat.le_of_dvd zero_lt_one this
  norm_num at this

",,True,-1,"theorem t2 {m n p : ℕ} (coprime_mn : m.Coprime n) (prime_p : p.Prime) : m ^ 2 ≠ p * n ^ 2 := by
  intro val
  have (h) := val
  rw [← h, 0 = (p * ((m / g) ^ 2) - (n / g) ^ 2) * ((toNat_gcd m n := g).ne_zero)]
  exact h
","💥️unexpected token ':='; expected ')', ',' or ':'

💥️failed to infer binder type

💥️unsolved goals
m n p : ℕ
coprime_mn : m.Coprime n
prime_p : Nat.Prime p
val : m ^ 2 = p * n ^ 2
⊢ False",False,60,MIL.C05_Elementary_Number_Theory.solutions.Solutions_S01_Irrational_Roots,Qwen-7B-short,LENGTH,best_of_n,False,0,-1.0,t2,False
-1,False,28,"theorem t2 {m n p : ℕ} (coprime_mn : m.Coprime n) (prime_p : p.Prime) : m ^ 2 ≠ p * n ^ 2 := by
  intro sqr_eq
  have : p ∣ m := by
    apply prime_p.dvd_of_dvd_pow
    rw [sqr_eq]
    apply dvd_mul_right
  obtain ⟨k, meq⟩ := dvd_iff_exists_eq_mul_left.mp this
  have : p * (p * k ^ 2) = p * n ^ 2 := by
    rw [← sqr_eq, meq]
    ring
  have : p * k ^ 2 = n ^ 2 := by
    apply (mul_right_inj' _).mp this
    exact prime_p.ne_zero
  have : p ∣ n := by
    apply prime_p.dvd_of_dvd_pow
    rw [← this]
    apply dvd_mul_right
  have : p ∣ Nat.gcd m n := by apply Nat.dvd_gcd <;> assumption
  have : p ∣ 1 := by
    convert this
    symm
    exact coprime_mn
  have : 2 ≤ 1 := by
    apply prime_p.two_le.trans
    exact Nat.le_of_dvd zero_lt_one this
  norm_num at this

",,True,-1,"theorem t2 {m n p : ℕ} (coprime_mn : m.Coprime n) (prime_p : p.Prime) : m ^ 2 ≠ p * n ^ 2 := by
  intro sq_eq
  have : p ∣ m := by
    apply prime_p.dvd_of_dvd_pow
    rw [sq_eq]
    apply dvd_mul_right
  obtain ⟨k, meq⟩ := dvd_iff_exists_eq_mul_left.mp this
  have : p * (p * k ^ 2) = p * n ^ 2 := by
    rw [← sq_eq, meq]
    ring
  have : p * k ^ 2 = n ^ 2 := by
    apply (mul_right_inj' _).mp this
    exact prime_p.ne_zero
  have : p ∣ n := by
    apply prime_p.dvd_of_dvd_pow
    rw [← this]
    apply dvd_mul_right
  have : p ∣ Nat.gcd m n := by apply Nat.dvd_gcd <;> assumption
  have : p ∣ 1 := by
    convert this
    symm
    exact coprime_mn
  have : 2 ≤ 1 := by
    rw [Nat.lt_of_dvd zero_lt_one this]
  norm_num at this


","💥️unknown constant 'Nat.lt_of_dvd'

💥️tactic 'rewrite' failed, equality or iff proof expected
  ?m.7769
m n p : ℕ
coprime_mn : m.Coprime n
prime_p : Nat.Prime p
sq_eq : m ^ 2 = p * n ^ 2
this✝⁴ : p ∣ m
k : ℕ
meq : m = k * p
this✝³ : p * (p * k ^ 2) = p * n ^ 2
this✝² : p * k ^ 2 = n ^ 2
this✝¹ : p ∣ n
this✝ : p ∣ m.gcd n
this : p ∣ 1
⊢ 2 ≤ 1",False,60,MIL.C05_Elementary_Number_Theory.solutions.Solutions_S01_Irrational_Roots,Qwen-7B-short,LENGTH,best_of_n,False,0,-1.0,t2,False
-1,False,28,"theorem t2 {m n p : ℕ} (coprime_mn : m.Coprime n) (prime_p : p.Prime) : m ^ 2 ≠ p * n ^ 2 := by
  intro sqr_eq
  have : p ∣ m := by
    apply prime_p.dvd_of_dvd_pow
    rw [sqr_eq]
    apply dvd_mul_right
  obtain ⟨k, meq⟩ := dvd_iff_exists_eq_mul_left.mp this
  have : p * (p * k ^ 2) = p * n ^ 2 := by
    rw [← sqr_eq, meq]
    ring
  have : p * k ^ 2 = n ^ 2 := by
    apply (mul_right_inj' _).mp this
    exact prime_p.ne_zero
  have : p ∣ n := by
    apply prime_p.dvd_of_dvd_pow
    rw [← this]
    apply dvd_mul_right
  have : p ∣ Nat.gcd m n := by apply Nat.dvd_gcd <;> assumption
  have : p ∣ 1 := by
    convert this
    symm
    exact coprime_mn
  have : 2 ≤ 1 := by
    apply prime_p.two_le.trans
    exact Nat.le_of_dvd zero_lt_one this
  norm_num at this

",,True,28,"theorem t2 {m n p : ℕ} (coprime_mn : m.Coprime n) (prime_p : p.Prime) : m ^ 2 ≠ p * n ^ 2 := by
  intro sqr_eq
  have : p ∣ m := by
    apply prime_p.dvd_of_dvd_pow
    rw [sqr_eq]
    apply dvd_mul_right
  obtain ⟨k, meq⟩ := dvd_iff_exists_eq_mul_left.mp this
  have : p * (p * k ^ 2) = p * n ^ 2 := by
    rw [← sqr_eq, meq]
    ring
  have : p * k ^ 2 = n ^ 2 := by
    apply (mul_right_inj' _).mp this
    exact prime_p.ne_zero
  have : p ∣ n := by
    apply prime_p.dvd_of_dvd_pow
    rw [← this]
    apply dvd_mul_right
  have : p ∣ Nat.gcd m n := by apply Nat.dvd_gcd <;> assumption
  have : p ∣ 1 := by
    convert this
    symm
    exact coprime_mn
  have : 2 ≤ 1 := by
    apply prime_p.two_le.trans
    exact Nat.le_of_dvd zero_lt_one this
  norm_num at this


",,True,60,MIL.C05_Elementary_Number_Theory.solutions.Solutions_S01_Irrational_Roots,Qwen-7B-short,LENGTH,best_of_n,False,0,0.0,t2,False
-1,False,28,"theorem t2 {m n p : ℕ} (coprime_mn : m.Coprime n) (prime_p : p.Prime) : m ^ 2 ≠ p * n ^ 2 := by
  intro sqr_eq
  have : p ∣ m := by
    apply prime_p.dvd_of_dvd_pow
    rw [sqr_eq]
    apply dvd_mul_right
  obtain ⟨k, meq⟩ := dvd_iff_exists_eq_mul_left.mp this
  have : p * (p * k ^ 2) = p * n ^ 2 := by
    rw [← sqr_eq, meq]
    ring
  have : p * k ^ 2 = n ^ 2 := by
    apply (mul_right_inj' _).mp this
    exact prime_p.ne_zero
  have : p ∣ n := by
    apply prime_p.dvd_of_dvd_pow
    rw [← this]
    apply dvd_mul_right
  have : p ∣ Nat.gcd m n := by apply Nat.dvd_gcd <;> assumption
  have : p ∣ 1 := by
    convert this
    symm
    exact coprime_mn
  have : 2 ≤ 1 := by
    apply prime_p.two_le.trans
    exact Nat.le_of_dvd zero_lt_one this
  norm_num at this

",,True,-1,"theorem t2 {m n p : ℕ} (coprime_mn : m.Coprime n) (prime_p : p.Prime) : m ^ 2 ≠ p * n ^ 2 := by
  intro rfl
  have : p ∣ m := by
    rw [← mul_left_mem_prime, NeZero.mul_left]
    apply coprime_mn.lt_of_dvd_pow
  have : 1 = m / p := (Int.ofNat_dvd.mpr <| NeZero.dvd_mul_left (Nat ≤ other 0)) <|
    Int.ofNat_dvd.mpr <| NeZero.dvd_mul_left (Nat ≤ coprime_mn)
  have : √(p * n ^ 2) = √(m ^ 2) := by
    rw [← aeval_X (α := p) _ (NeZero.mul_left _ (Nat≤ n)), ← aeval_X (α := m)]
    apply sqrt_mul_self
  have : p * n ^ 2 = m ^ 2 := this ▸ (Int.ofNat_dvd.mpr <| NeZero.dvd_mul_left (Nat ≤ n))
  have : √(p * n ^ 2) = p * √(n ^ 2) := by rw [← aeval_X (α := p _ (Nat ≤ k)) <|
   鿏 leaps simp_rw [NeZero.mul_left (Nat ≤ _ _)]
  have : √(m ^ 2) = m := by simp [Int.ofNat_dvd.mpr <| NeZero.dvd_mul_left (Nat ≤ coprime_mn)]
  have : p * √(n ^ 2) = m := this ▸ (Int.ofNat_dvd.mpr <| NeZero.dvd_mul_left (Nat ≤ n))
  rw [← Int.upperBounds_mul_left, upperBounds_int] at this
  exact absurd this <| coprime_mn
","💥️expected token

💥️unknown identifier 'mul_left_mem_prime'

💥️tactic 'rewrite' failed, equality or iff proof expected
  ?m.4617
m n p : ℕ
coprime_mn : m.Coprime n
prime_p : Nat.Prime p
rfl : m ^ 2 = p * n ^ 2
⊢ p ∣ m

💥️invalid field notation, type is not of the form (C ...) where C is a constant
  NeZero
has type
  ?m.4697 → Prop

💥️unknown identifier 'aeval_X'

💥️tactic 'rewrite' failed, equality or iff proof expected
  ?m.6429
m n p : ℕ
coprime_mn : m.Coprime n
prime_p : Nat.Prime p
rfl : m ^ 2 = p * n ^ 2
this✝ : p ∣ m
this : 1 = m / p
⊢ √(↑p * ↑n ^ 2) = √(↑m ^ 2)

💥️invalid `▸` notation, expected result type of cast is 
  p * n ^ 2 = m ^ 2
however, the equality 
  this
of type 
  √(↑p * ↑n ^ 2) = √(↑m ^ 2)
does not contain the expected result type on either the left or the right hand side

💥️unknown identifier 'aeval_X'

💥️tactic 'rewrite' failed, equality or iff proof expected
  ?m.7495
m n p : ℕ
coprime_mn : m.Coprime n
prime_p : Nat.Prime p
rfl : m ^ 2 = p * n ^ 2
this✝² : p ∣ m
this✝¹ : 1 = m / p
this✝ : √(↑p * ↑n ^ 2) = √(↑m ^ 2)
this : p * n ^ 2 = m ^ 2
⊢ √(↑p * ↑n ^ 2) = ↑p * √(↑n ^ 2)

💥️unsolved goals
m n p : ℕ
coprime_mn : m.Coprime n
prime_p : Nat.Prime p
rfl : m ^ 2 = p * n ^ 2
this✝³ : p ∣ m
this✝² : 1 = m / p
this✝¹ : √(↑p * ↑n ^ 2) = √(↑m ^ 2)
this✝ : p * n ^ 2 = m ^ 2
this : √(↑p * ↑n ^ 2) = ↑p * √(↑n ^ 2)
⊢ False",False,60,MIL.C05_Elementary_Number_Theory.solutions.Solutions_S01_Irrational_Roots,Qwen-7B-short,LENGTH,best_of_n,False,0,-1.0,t2,False
-1,False,2,"theorem factorization_mul' {m n : ℕ} (mnez : m ≠ 0) (nnez : n ≠ 0) (p : ℕ) :
    (m * n).factorization p = m.factorization p + n.factorization p := by
  rw [Nat.factorization_mul mnez nnez]
  rfl

",,True,2,"theorem factorization_mul' {m n : ℕ} (mAR : m ≠ 0) (nAR : n ≠ 0) (p : ℕ) :
    (m * n).factorization p = m.factorization p + n.factorization p := by
  rw [Nat.factorization_mul mAR nAR]
  rfl


",,True,60,MIL.C05_Elementary_Number_Theory.solutions.Solutions_S01_Irrational_Roots,Qwen-7B-short,LENGTH,best_of_n,False,0,0.0,factorization_mul',False
-1,False,2,"theorem factorization_mul' {m n : ℕ} (mnez : m ≠ 0) (nnez : n ≠ 0) (p : ℕ) :
    (m * n).factorization p = m.factorization p + n.factorization p := by
  rw [Nat.factorization_mul mnez nnez]
  rfl

",,True,-1,"theorem factorization_mul' {m n : ℕ} (m ≠ 0) (n ≠ 0) (p : ℕ) :
    (m * n).factorization p = m.factorization p + n.factorization p := by
  rw [Nat.factorization_mul m n]
  rfl


",💥️unexpected token '≠'; expected ')',False,60,MIL.C05_Elementary_Number_Theory.solutions.Solutions_S01_Irrational_Roots,Qwen-7B-short,LENGTH,best_of_n,False,0,-1.0,factorization_mul',False
-1,False,2,"theorem factorization_mul' {m n : ℕ} (mnez : m ≠ 0) (nnez : n ≠ 0) (p : ℕ) :
    (m * n).factorization p = m.factorization p + n.factorization p := by
  rw [Nat.factorization_mul mnez nnez]
  rfl

",,True,-1,"theorem factorization_mul' {m n : ℕ} (m ≠ 0) (n ≠ 0) (p : ℕ) :
    (m * n).factorization p = m.factorization p + n.factorization p :=
  rfl
",💥️unexpected token '≠'; expected ')',False,60,MIL.C05_Elementary_Number_Theory.solutions.Solutions_S01_Irrational_Roots,Qwen-7B-short,LENGTH,best_of_n,False,0,-1.0,factorization_mul',False
-1,False,2,"theorem factorization_mul' {m n : ℕ} (mnez : m ≠ 0) (nnez : n ≠ 0) (p : ℕ) :
    (m * n).factorization p = m.factorization p + n.factorization p := by
  rw [Nat.factorization_mul mnez nnez]
  rfl

",,True,-1,"theorem factorization_mul' {m n : ℕ} (mne : m ≠ 0) (nne : n ≠ 0) (p : ℕ) :
    (m * n).factorization p = m.factorization p + n.factorization p :=
  Nat.factorization_mul mne nne p
","💥️function expected at
  Nat.factorization_mul mne nne
term has type
  (m * n).factorization = m.factorization + n.factorization",False,60,MIL.C05_Elementary_Number_Theory.solutions.Solutions_S01_Irrational_Roots,Qwen-7B-short,LENGTH,best_of_n,False,0,-1.0,factorization_mul',False
-1,False,2,"theorem factorization_mul' {m n : ℕ} (mnez : m ≠ 0) (nnez : n ≠ 0) (p : ℕ) :
    (m * n).factorization p = m.factorization p + n.factorization p := by
  rw [Nat.factorization_mul mnez nnez]
  rfl

",,True,-1,"theorem factorization_mul' {m n : ℕ} (m ≠ 0) (n ≠ 0) (p : ℕ) :
    (m * n).factorization p = m.factorization p + n.factorization p := by
  linear_combination (factored_mul m n).symm + (mul_factored _ _).symm


",💥️unexpected token '≠'; expected ')',False,60,MIL.C05_Elementary_Number_Theory.solutions.Solutions_S01_Irrational_Roots,Qwen-7B-short,LENGTH,best_of_n,False,0,-1.0,factorization_mul',False
-1,False,2,"theorem factorization_mul' {m n : ℕ} (mnez : m ≠ 0) (nnez : n ≠ 0) (p : ℕ) :
    (m * n).factorization p = m.factorization p + n.factorization p := by
  rw [Nat.factorization_mul mnez nnez]
  rfl

",,True,-1,"theorem factorization_mul' {m n : ℕ} (m ≠ 0) (n ≠ 0) (p : ℕ) :
    (m * n).factorization p = m.factorization p + n.factorization p := by
  rw [Nat.factorization_mul m n]
  rfl


",💥️unexpected token '≠'; expected ')',False,60,MIL.C05_Elementary_Number_Theory.solutions.Solutions_S01_Irrational_Roots,Qwen-7B-short,LENGTH,best_of_n,False,0,-1.0,factorization_mul',False
-1,False,2,"theorem factorization_mul' {m n : ℕ} (mnez : m ≠ 0) (nnez : n ≠ 0) (p : ℕ) :
    (m * n).factorization p = m.factorization p + n.factorization p := by
  rw [Nat.factorization_mul mnez nnez]
  rfl

",,True,-1,"theorem factorization_mul' {m n : ℕ} (mne : m ≠ 0) (nne : n ≠ 0) (p : ℕ) :
    (m * n).factorization p = m.factorization p + n.factorization p := by
  rw [← Nat.factorization_mul mne nne]
  rfl
","💥️tactic 'rewrite' failed, did not find instance of the pattern in the target expression
  m.factorization + n.factorization
m n : ℕ
mne : m ≠ 0
nne : n ≠ 0
p : ℕ
⊢ (m * n).factorization p = m.factorization p + n.factorization p",False,60,MIL.C05_Elementary_Number_Theory.solutions.Solutions_S01_Irrational_Roots,Qwen-7B-short,LENGTH,best_of_n,False,0,-1.0,factorization_mul',False
-1,False,2,"theorem factorization_mul' {m n : ℕ} (mnez : m ≠ 0) (nnez : n ≠ 0) (p : ℕ) :
    (m * n).factorization p = m.factorization p + n.factorization p := by
  rw [Nat.factorization_mul mnez nnez]
  rfl

",,True,-1,"theorem factorization_mul' {m n : ℕ} (m ≠ 0) (n ≠ 0) (p : ℕ) :
    (m * n).factorization p = m.factorization p + n.factorization p := by
  rw [Nat.factorization_mul m n]
  rfl
",💥️unexpected token '≠'; expected ')',False,60,MIL.C05_Elementary_Number_Theory.solutions.Solutions_S01_Irrational_Roots,Qwen-7B-short,LENGTH,best_of_n,False,0,-1.0,factorization_mul',False
-1,False,2,"theorem factorization_mul' {m n : ℕ} (mnez : m ≠ 0) (nnez : n ≠ 0) (p : ℕ) :
    (m * n).factorization p = m.factorization p + n.factorization p := by
  rw [Nat.factorization_mul mnez nnez]
  rfl

",,True,-1,"theorem factorization_mul' {m n : ℕ} (m ≠ 0) (n ≠ 0) (p : ℕ) :
    (m * n).factorization p = m.factorization p + n.factorization p :=
  rfl
",💥️unexpected token '≠'; expected ')',False,60,MIL.C05_Elementary_Number_Theory.solutions.Solutions_S01_Irrational_Roots,Qwen-7B-short,LENGTH,best_of_n,False,0,-1.0,factorization_mul',False
-1,False,2,"theorem factorization_mul' {m n : ℕ} (mnez : m ≠ 0) (nnez : n ≠ 0) (p : ℕ) :
    (m * n).factorization p = m.factorization p + n.factorization p := by
  rw [Nat.factorization_mul mnez nnez]
  rfl

",,True,2,"theorem factorization_mul' {m n : ℕ} (mne : m ≠ 0) (nne : n ≠ 0) (p : ℕ) :
    (m * n).factorization p = m.factorization p + n.factorization p := by
  rw [Nat.factorization_mul mne nne]
  rfl


",,True,60,MIL.C05_Elementary_Number_Theory.solutions.Solutions_S01_Irrational_Roots,Qwen-7B-short,LENGTH,best_of_n,False,0,0.0,factorization_mul',False
-1,False,2,"theorem factorization_mul' {m n : ℕ} (mnez : m ≠ 0) (nnez : n ≠ 0) (p : ℕ) :
    (m * n).factorization p = m.factorization p + n.factorization p := by
  rw [Nat.factorization_mul mnez nnez]
  rfl

",,True,2,"theorem factorization_mul' {m n : ℕ} (mne : m ≠ 0) (nne : n ≠ 0) (p : ℕ) :
    (m * n).factorization p = m.factorization p + n.factorization p := by
  rw [Nat.factorization_mul mne nne]
  rfl


",,True,60,MIL.C05_Elementary_Number_Theory.solutions.Solutions_S01_Irrational_Roots,Qwen-7B-short,LENGTH,best_of_n,False,0,0.0,factorization_mul',False
-1,False,2,"theorem factorization_mul' {m n : ℕ} (mnez : m ≠ 0) (nnez : n ≠ 0) (p : ℕ) :
    (m * n).factorization p = m.factorization p + n.factorization p := by
  rw [Nat.factorization_mul mnez nnez]
  rfl

",,True,2,"theorem factorization_mul' {m n : ℕ} (mne : m ≠ 0) (nne : n ≠ 0) (p : ℕ) :
    (m * n).factorization p = m.factorization p + n.factorization p := by
  rw [Nat.factorization_mul mne nne]
  rfl
",,True,60,MIL.C05_Elementary_Number_Theory.solutions.Solutions_S01_Irrational_Roots,Qwen-7B-short,LENGTH,best_of_n,False,0,0.0,factorization_mul',False
-1,False,2,"theorem factorization_mul' {m n : ℕ} (mnez : m ≠ 0) (nnez : n ≠ 0) (p : ℕ) :
    (m * n).factorization p = m.factorization p + n.factorization p := by
  rw [Nat.factorization_mul mnez nnez]
  rfl

",,True,-1,"theorem factorization_mul' {m n : ℕ} (m ≠ 0) (n ≠ 0) (p : ℕ) :
    (m * n).factorization p = m.factorization p + n.factorization p := by
  rw [Nat.factorization_mul m n]
  rfl


",💥️unexpected token '≠'; expected ')',False,60,MIL.C05_Elementary_Number_Theory.solutions.Solutions_S01_Irrational_Roots,Qwen-7B-short,LENGTH,best_of_n,False,0,-1.0,factorization_mul',False
-1,False,2,"theorem factorization_mul' {m n : ℕ} (mnez : m ≠ 0) (nnez : n ≠ 0) (p : ℕ) :
    (m * n).factorization p = m.factorization p + n.factorization p := by
  rw [Nat.factorization_mul mnez nnez]
  rfl

",,True,-1,"theorem factorization_mul' {m n : ℕ} (m ≠ 0) (n ≠ 0) (p : ℕ) :
    (m * n).factorization p = m.factorization p + n.factorization p := by
  rw [Nat.factorization_mul m n]
  rfl
",💥️unexpected token '≠'; expected ')',False,60,MIL.C05_Elementary_Number_Theory.solutions.Solutions_S01_Irrational_Roots,Qwen-7B-short,LENGTH,best_of_n,False,0,-1.0,factorization_mul',False
-1,False,2,"theorem factorization_mul' {m n : ℕ} (mnez : m ≠ 0) (nnez : n ≠ 0) (p : ℕ) :
    (m * n).factorization p = m.factorization p + n.factorization p := by
  rw [Nat.factorization_mul mnez nnez]
  rfl

",,True,-1,"theorem factorization_mul' {m n : ℕ} (m ≠ 0) (n ≠ 0) (p : ℕ) :
    (m * n).factorization p = m.factorization p + n.factorization p := by
  rw [Nat.factorization_mul m n]
  rfl
",💥️unexpected token '≠'; expected ')',False,60,MIL.C05_Elementary_Number_Theory.solutions.Solutions_S01_Irrational_Roots,Qwen-7B-short,LENGTH,best_of_n,False,0,-1.0,factorization_mul',False
-1,False,2,"theorem factorization_mul' {m n : ℕ} (mnez : m ≠ 0) (nnez : n ≠ 0) (p : ℕ) :
    (m * n).factorization p = m.factorization p + n.factorization p := by
  rw [Nat.factorization_mul mnez nnez]
  rfl

",,True,-1,"theorem factorization_mul' {m n : ℕ} (m ≠ 0) (n ≠ 0) (p : ℕ) :
    (m * n).factorization p = m.factorization p + n.factorization p := by
  rw [Nat.factorization_mul m.n_ne_zero n.ne_zero, Nat.factorization_mul _ _]
  rfl


",💥️unexpected token '≠'; expected ')',False,60,MIL.C05_Elementary_Number_Theory.solutions.Solutions_S01_Irrational_Roots,Qwen-7B-short,LENGTH,best_of_n,False,0,-1.0,factorization_mul',False
-1,False,2,"theorem factorization_mul' {m n : ℕ} (mnez : m ≠ 0) (nnez : n ≠ 0) (p : ℕ) :
    (m * n).factorization p = m.factorization p + n.factorization p := by
  rw [Nat.factorization_mul mnez nnez]
  rfl

",,True,-1,"theorem factorization_mul' {m n : ℕ} (mnz : m ≠ 0) (nne : n ≠ 0) (p : ℕ) :
    (m * n).factorization p = m.factorization p + n.factorization p :=
  Nat.factorization_mul m(connectionString ntcik rfl


","💥️application type mismatch
  Nat.factorization_mul m
argument
  m
has type
  ℕ : Type
but is expected to have type
  ?m.8718 ≠ 0 : Prop",False,60,MIL.C05_Elementary_Number_Theory.solutions.Solutions_S01_Irrational_Roots,Qwen-7B-short,LENGTH,best_of_n,False,0,-1.0,factorization_mul',False
-1,False,2,"theorem factorization_mul' {m n : ℕ} (mnez : m ≠ 0) (nnez : n ≠ 0) (p : ℕ) :
    (m * n).factorization p = m.factorization p + n.factorization p := by
  rw [Nat.factorization_mul mnez nnez]
  rfl

",,True,2,"theorem factorization_mul' {m n : ℕ} (mne : m ≠ 0) (nne : n ≠ 0) (p : ℕ) :
    (m * n).factorization p = m.factorization p + n.factorization p := by
  rw [Nat.factorization_mul mne nne]
  rfl


",,True,60,MIL.C05_Elementary_Number_Theory.solutions.Solutions_S01_Irrational_Roots,Qwen-7B-short,LENGTH,best_of_n,False,0,0.0,factorization_mul',False
-1,False,2,"theorem factorization_mul' {m n : ℕ} (mnez : m ≠ 0) (nnez : n ≠ 0) (p : ℕ) :
    (m * n).factorization p = m.factorization p + n.factorization p := by
  rw [Nat.factorization_mul mnez nnez]
  rfl

",,True,-1,"theorem factorization_mul' {m n : ℕ} (mne : m ≠ 0) (nne : n ≠ 0) (p : ℕ) :
    (m * n).factorization p = m.factorization p + n.factorization p := by
  simp_all [NeZero.factorization_mul, Finset.factorization_mul]
","💥️invalid field notation, type is not of the form (C ...) where C is a constant
  NeZero
has type
  ?m.8722 → Prop

💥️unknown constant 'Finset.factorization_mul'",False,60,MIL.C05_Elementary_Number_Theory.solutions.Solutions_S01_Irrational_Roots,Qwen-7B-short,LENGTH,best_of_n,False,0,-1.0,factorization_mul',False
-1,False,2,"theorem factorization_mul' {m n : ℕ} (mnez : m ≠ 0) (nnez : n ≠ 0) (p : ℕ) :
    (m * n).factorization p = m.factorization p + n.factorization p := by
  rw [Nat.factorization_mul mnez nnez]
  rfl

",,True,-1,"theorem factorization_mul' {m n : ℕ} (m ≠ 0) (n ≠ 0) (p : ℕ) :
    (m * n).factorization p = m.factorization p + n.factorization p := by
  rw [← +star_id, Nat.factorization_mul m n]
  rfl


",💥️unexpected token '≠'; expected ')',False,60,MIL.C05_Elementary_Number_Theory.solutions.Solutions_S01_Irrational_Roots,Qwen-7B-short,LENGTH,best_of_n,False,0,-1.0,factorization_mul',False
-1,False,2,"theorem factorization_mul' {m n : ℕ} (mnez : m ≠ 0) (nnez : n ≠ 0) (p : ℕ) :
    (m * n).factorization p = m.factorization p + n.factorization p := by
  rw [Nat.factorization_mul mnez nnez]
  rfl

",,True,-1,"theorem factorization_mul' {m n : ℕ} (m ≠ 0) (n ≠ 0) (p : ℕ) :
    (m * n).factorization p = m.factorization p + n.factorization p := by
  rw [Nat.factorization_mul m n]
  rfl
",💥️unexpected token '≠'; expected ')',False,60,MIL.C05_Elementary_Number_Theory.solutions.Solutions_S01_Irrational_Roots,Qwen-7B-short,LENGTH,best_of_n,False,0,-1.0,factorization_mul',False
-1,False,2,"theorem factorization_mul' {m n : ℕ} (mnez : m ≠ 0) (nnez : n ≠ 0) (p : ℕ) :
    (m * n).factorization p = m.factorization p + n.factorization p := by
  rw [Nat.factorization_mul mnez nnez]
  rfl

",,True,2,"theorem factorization_mul' {m n : ℕ} (mne : m ≠ 0) (nne : n ≠ 0) (p : ℕ) :
    (m * n).factorization p = m.factorization p + n.factorization p := by
  rw [Nat.factorization_mul mne nne]
  rfl


",,True,60,MIL.C05_Elementary_Number_Theory.solutions.Solutions_S01_Irrational_Roots,Qwen-7B-short,LENGTH,best_of_n,False,0,0.0,factorization_mul',False
-1,False,2,"theorem factorization_mul' {m n : ℕ} (mnez : m ≠ 0) (nnez : n ≠ 0) (p : ℕ) :
    (m * n).factorization p = m.factorization p + n.factorization p := by
  rw [Nat.factorization_mul mnez nnez]
  rfl

",,True,-1,"theorem factorization_mul' {m n : ℕ} (mne : m ≠ 0) (nne : n ≠ 0) (p : ℕ) :
    (m * n).factorization p = m.factorization p + n.factorization p := by
  rw [Nat.factorization_mul mne nne p]
  rfl


","💥️function expected at
  Nat.factorization_mul mne nne
term has type
  (m * n).factorization = m.factorization + n.factorization

💥️tactic 'rewrite' failed, equality or iff proof expected
  ?m.8763
m n : ℕ
mne : m ≠ 0
nne : n ≠ 0
p : ℕ
⊢ (m * n).factorization p = m.factorization p + n.factorization p",False,60,MIL.C05_Elementary_Number_Theory.solutions.Solutions_S01_Irrational_Roots,Qwen-7B-short,LENGTH,best_of_n,False,0,-1.0,factorization_mul',False
-1,False,2,"theorem factorization_mul' {m n : ℕ} (mnez : m ≠ 0) (nnez : n ≠ 0) (p : ℕ) :
    (m * n).factorization p = m.factorization p + n.factorization p := by
  rw [Nat.factorization_mul mnez nnez]
  rfl

",,True,-1,"theorem factorization_mul' {m n : ℕ} (mne : m ≠ 0) (nne : n ≠ 0) (p : ℕ) :
    (m * n).factorization p = m.factorization p + n.factorization p :=
  rfl


","💥️type mismatch
  rfl
has type
  ?m.8720 = ?m.8720 : Prop
but is expected to have type
  (m * n).factorization p = m.factorization p + n.factorization p : Prop",False,60,MIL.C05_Elementary_Number_Theory.solutions.Solutions_S01_Irrational_Roots,Qwen-7B-short,LENGTH,best_of_n,False,0,-1.0,factorization_mul',False
-1,False,2,"theorem factorization_mul' {m n : ℕ} (mnez : m ≠ 0) (nnez : n ≠ 0) (p : ℕ) :
    (m * n).factorization p = m.factorization p + n.factorization p := by
  rw [Nat.factorization_mul mnez nnez]
  rfl

",,True,-1,"theorem factorization_mul' {m n : ℕ} (m ≠ 0) (n ≠ 0) (p : ℕ) :
    (m * n).factorization p = m.factorization p + n.factorization p :=
  factorization_mul m.ne_zero n.ne_zero p
",💥️unexpected token '≠'; expected ')',False,60,MIL.C05_Elementary_Number_Theory.solutions.Solutions_S01_Irrational_Roots,Qwen-7B-short,LENGTH,best_of_n,False,0,-1.0,factorization_mul',False
-1,False,2,"theorem factorization_mul' {m n : ℕ} (mnez : m ≠ 0) (nnez : n ≠ 0) (p : ℕ) :
    (m * n).factorization p = m.factorization p + n.factorization p := by
  rw [Nat.factorization_mul mnez nnez]
  rfl

",,True,2,"theorem factorization_mul' {m n : ℕ} (mne : m ≠ 0) (nne : n ≠ 0) (p : ℕ) :
    (m * n).factorization p = m.factorization p + n.factorization p := by
  rw [Nat.factorization_mul mne nne]
  rfl
",,True,60,MIL.C05_Elementary_Number_Theory.solutions.Solutions_S01_Irrational_Roots,Qwen-7B-short,LENGTH,best_of_n,False,0,0.0,factorization_mul',False
-1,False,2,"theorem factorization_mul' {m n : ℕ} (mnez : m ≠ 0) (nnez : n ≠ 0) (p : ℕ) :
    (m * n).factorization p = m.factorization p + n.factorization p := by
  rw [Nat.factorization_mul mnez nnez]
  rfl

",,True,1,"theorem factorization_mul' {m n : ℕ} (mneZero : m ≠ 0) (nneZero : n ≠ 0) (p : ℕ) :
    (m * n).factorization p = m.factorization p + n.factorization p := by
  simp [Nat.factorization_mul mneZero nneZero]

",,True,60,MIL.C05_Elementary_Number_Theory.solutions.Solutions_S01_Irrational_Roots,Qwen-7B-short,LENGTH,best_of_n,False,0,0.5,factorization_mul',False
-1,False,2,"theorem factorization_mul' {m n : ℕ} (mnez : m ≠ 0) (nnez : n ≠ 0) (p : ℕ) :
    (m * n).factorization p = m.factorization p + n.factorization p := by
  rw [Nat.factorization_mul mnez nnez]
  rfl

",,True,2,"theorem factorization_mul' {m n : ℕ} (mne : m ≠ 0) (nse : n ≠ 0) (p : ℕ) :
    (m * n).factorization p = m.factorization p + n.factorization p := by
  rw [Nat.factorization_mul mne nse]
  rfl
",,True,60,MIL.C05_Elementary_Number_Theory.solutions.Solutions_S01_Irrational_Roots,Qwen-7B-short,LENGTH,best_of_n,False,0,0.0,factorization_mul',False
-1,False,2,"theorem factorization_mul' {m n : ℕ} (mnez : m ≠ 0) (nnez : n ≠ 0) (p : ℕ) :
    (m * n).factorization p = m.factorization p + n.factorization p := by
  rw [Nat.factorization_mul mnez nnez]
  rfl

",,True,-1,"theorem factorization_mul' {m n : ℕ} (m ≠ 0) (n ≠ 0) (p : ℕ) :
    (m * n).factorization p = m.factorization p + n.factorization p := by
  rw [Nat.factorization_mul, Finset.mul_eval' _ _]
  rfl


",💥️unexpected token '≠'; expected ')',False,60,MIL.C05_Elementary_Number_Theory.solutions.Solutions_S01_Irrational_Roots,Qwen-7B-short,LENGTH,best_of_n,False,0,-1.0,factorization_mul',False
-1,False,2,"theorem factorization_mul' {m n : ℕ} (mnez : m ≠ 0) (nnez : n ≠ 0) (p : ℕ) :
    (m * n).factorization p = m.factorization p + n.factorization p := by
  rw [Nat.factorization_mul mnez nnez]
  rfl

",,True,-1,"theorem factorization_mul' {m n : ℕ} (m ≠ 0) (n ≠ 0) (p : ℕ) :
    (m * n).factorization p = m.factorization p + n.factorization p := by
  rw [Nat.factorization_mul m n]
  rfl
",💥️unexpected token '≠'; expected ')',False,60,MIL.C05_Elementary_Number_Theory.solutions.Solutions_S01_Irrational_Roots,Qwen-7B-short,LENGTH,best_of_n,False,0,-1.0,factorization_mul',False
-1,False,2,"theorem factorization_mul' {m n : ℕ} (mnez : m ≠ 0) (nnez : n ≠ 0) (p : ℕ) :
    (m * n).factorization p = m.factorization p + n.factorization p := by
  rw [Nat.factorization_mul mnez nnez]
  rfl

",,True,-1,"theorem factorization_mul' {m n : ℕ} (m ≠ 0) (n ≠ 0) (p : ℕ) :
    (m * n).factorization p = m.factorization p + n.factorization p :=
  rfl


",💥️unexpected token '≠'; expected ')',False,60,MIL.C05_Elementary_Number_Theory.solutions.Solutions_S01_Irrational_Roots,Qwen-7B-short,LENGTH,best_of_n,False,0,-1.0,factorization_mul',False
-1,False,2,"theorem factorization_mul' {m n : ℕ} (mnez : m ≠ 0) (nnez : n ≠ 0) (p : ℕ) :
    (m * n).factorization p = m.factorization p + n.factorization p := by
  rw [Nat.factorization_mul mnez nnez]
  rfl

",,True,-1,"@[simp]
theorem factorization_mul' {m n : ℕ} (m ≠ 0) (n ≠ 0) (p : ℕ) :
    (m * n).factorization p = m.factorization p + n.factorization p := by
  rw [Nat.factorization_mul, Finset.factorization_mul _ _]
  rfl
",💥️unexpected token '≠'; expected ')',False,60,MIL.C05_Elementary_Number_Theory.solutions.Solutions_S01_Irrational_Roots,Qwen-7B-short,LENGTH,best_of_n,False,0,-1.0,factorization_mul',False
-1,False,2,"theorem factorization_mul' {m n : ℕ} (mnez : m ≠ 0) (nnez : n ≠ 0) (p : ℕ) :
    (m * n).factorization p = m.factorization p + n.factorization p := by
  rw [Nat.factorization_mul mnez nnez]
  rfl

",,True,-1,"theorem factorization_mul' {m n : ℕ} (m ≠ 0) (n ≠ 0) (p : ℕ) :
    (m * n).factorization p = m.factorization p + n.factorization p :=
  rfl
",💥️unexpected token '≠'; expected ')',False,60,MIL.C05_Elementary_Number_Theory.solutions.Solutions_S01_Irrational_Roots,Qwen-7B-short,LENGTH,best_of_n,False,0,-1.0,factorization_mul',False
-1,False,2,"theorem factorization_mul' {m n : ℕ} (mnez : m ≠ 0) (nnez : n ≠ 0) (p : ℕ) :
    (m * n).factorization p = m.factorization p + n.factorization p := by
  rw [Nat.factorization_mul mnez nnez]
  rfl

",,True,2,"theorem factorization_mul' {m n : ℕ} (mne : m ≠ 0) (nne : n ≠ 0) (p : ℕ) :
    (m * n).factorization p = m.factorization p + n.factorization p := by
  rw [Nat.factorization_mul mne nne]
  rfl
",,True,60,MIL.C05_Elementary_Number_Theory.solutions.Solutions_S01_Irrational_Roots,Qwen-7B-short,LENGTH,best_of_n,False,0,0.0,factorization_mul',False
-1,False,2,"theorem factorization_mul' {m n : ℕ} (mnez : m ≠ 0) (nnez : n ≠ 0) (p : ℕ) :
    (m * n).factorization p = m.factorization p + n.factorization p := by
  rw [Nat.factorization_mul mnez nnez]
  rfl

",,True,2,"theorem factorization_mul' {m n : ℕ} (mne : m ≠ 0) (nne : n ≠ 0) (p : ℕ) :
    (m * n).factorization p = m.factorization p + n.factorization p := by
  rw [Nat.factorization_mul mne nne]
  rfl


",,True,60,MIL.C05_Elementary_Number_Theory.solutions.Solutions_S01_Irrational_Roots,Qwen-7B-short,LENGTH,best_of_n,False,0,0.0,factorization_mul',False
-1,False,2,"theorem factorization_mul' {m n : ℕ} (mnez : m ≠ 0) (nnez : n ≠ 0) (p : ℕ) :
    (m * n).factorization p = m.factorization p + n.factorization p := by
  rw [Nat.factorization_mul mnez nnez]
  rfl

",,True,-1,"theorem factorization_mul' {m n : ℕ} (m ≠ 0) (n ≠ 0) (p : ℕ) :
    (m * n).factorization p = m.factorization p + n.factorization p :=
  ENat.mpr factored_mul' _ _


",💥️unexpected token '≠'; expected ')',False,60,MIL.C05_Elementary_Number_Theory.solutions.Solutions_S01_Irrational_Roots,Qwen-7B-short,LENGTH,best_of_n,False,0,-1.0,factorization_mul',False
-1,False,2,"theorem factorization_mul' {m n : ℕ} (mnez : m ≠ 0) (nnez : n ≠ 0) (p : ℕ) :
    (m * n).factorization p = m.factorization p + n.factorization p := by
  rw [Nat.factorization_mul mnez nnez]
  rfl

",,True,-1,"theorem factorization_mul' {m n : ℕ} (m ≠ 0) (n ≠ 0) (p : ℕ) :
    (m * n).factorization p = m.factorization p + n.factorization p := by
  rw [Nat.factorization_mul m n]
  rfl
",💥️unexpected token '≠'; expected ')',False,60,MIL.C05_Elementary_Number_Theory.solutions.Solutions_S01_Irrational_Roots,Qwen-7B-short,LENGTH,best_of_n,False,0,-1.0,factorization_mul',False
-1,False,2,"theorem factorization_mul' {m n : ℕ} (mnez : m ≠ 0) (nnez : n ≠ 0) (p : ℕ) :
    (m * n).factorization p = m.factorization p + n.factorization p := by
  rw [Nat.factorization_mul mnez nnez]
  rfl

",,True,-1,"theorem factorization_mul' {m n : ℕ} (m ≠ 0) (n ≠ 0) (p : ℕ) :
    (m * n).factorization p = m.factorization p + n.factorization p :=
  rfl
",💥️unexpected token '≠'; expected ')',False,60,MIL.C05_Elementary_Number_Theory.solutions.Solutions_S01_Irrational_Roots,Qwen-7B-short,LENGTH,best_of_n,False,0,-1.0,factorization_mul',False
-1,False,2,"theorem factorization_mul' {m n : ℕ} (mnez : m ≠ 0) (nnez : n ≠ 0) (p : ℕ) :
    (m * n).factorization p = m.factorization p + n.factorization p := by
  rw [Nat.factorization_mul mnez nnez]
  rfl

",,True,2,"theorem factorization_mul' {m n : ℕ} (mne : m ≠ 0) (nne : n ≠ 0) (p : ℕ) :
    (m * n).factorization p = m.factorization p + n.factorization p := by
  rw [Nat.factorization_mul mne nne]
  rfl
",,True,60,MIL.C05_Elementary_Number_Theory.solutions.Solutions_S01_Irrational_Roots,Qwen-7B-short,LENGTH,best_of_n,False,0,0.0,factorization_mul',False
-1,False,2,"theorem factorization_mul' {m n : ℕ} (mnez : m ≠ 0) (nnez : n ≠ 0) (p : ℕ) :
    (m * n).factorization p = m.factorization p + n.factorization p := by
  rw [Nat.factorization_mul mnez nnez]
  rfl

",,True,-1,"theorem factorization_mul' {m n : ℕ} (mne : m ≠ 0) (nne : n ≠ 0) (p : ℕ) :
    (m * n).factorization p = m.factorization p + n.factorization p := by
  have : m = ∏ l ∈ m's factors, l ^ k := mul_left $ (Nat.factorization_mul mne nne)
  have : n = ∏ l ∈ n's factors, l ^ l := mul_right $ (Nat.factorization_mul mne nne)
  simp only [Nat.factorization_mul, Finset.sum_add_index, Set.ext_iff, mem_set_iff, in_and]
  exact Eq.symm(Left := (∏ lt, l ^ t), t ∈ Finset.range (m * n))
      (Right := (∏ lt, l ^ t), t ∈ Finset.range m) <;> intro; rwa [Nat.lt_sum_left


","💥️unknown identifier 'm's'

💥️unknown identifier 'k'

💥️unknown identifier 'mul_left'

💥️unknown identifier 'n's'

💥️unknown identifier 'mul_right'

💥️unknown constant 'Finset.sum_add_index'

💥️unknown identifier 'mem_set_iff'

💥️unknown identifier 'in_and'

💥️simp made no progress",False,60,MIL.C05_Elementary_Number_Theory.solutions.Solutions_S01_Irrational_Roots,Qwen-7B-short,LENGTH,best_of_n,False,0,-1.0,factorization_mul',False
-1,False,2,"theorem factorization_mul' {m n : ℕ} (mnez : m ≠ 0) (nnez : n ≠ 0) (p : ℕ) :
    (m * n).factorization p = m.factorization p + n.factorization p := by
  rw [Nat.factorization_mul mnez nnez]
  rfl

",,True,-1,"theorem factorization_mul' {m n : ℕ} (m ≠ 0) (n ≠ 0) (p : ℕ) :
    (m * n).factorization p = m.factorization p + n.factorization p := by
  rw [Nat.factorization_mul m n]
  rfl


",💥️unexpected token '≠'; expected ')',False,60,MIL.C05_Elementary_Number_Theory.solutions.Solutions_S01_Irrational_Roots,Qwen-7B-short,LENGTH,best_of_n,False,0,-1.0,factorization_mul',False
-1,False,2,"theorem factorization_mul' {m n : ℕ} (mnez : m ≠ 0) (nnez : n ≠ 0) (p : ℕ) :
    (m * n).factorization p = m.factorization p + n.factorization p := by
  rw [Nat.factorization_mul mnez nnez]
  rfl

",,True,-1,"theorem factorization_mul' {m n : ℕ} (m ≠ 0) (n ≠ 0) (p : ℕ) :
    (m * n).factorization p = m.factorization p + n.factorization p :=
  rfl
",💥️unexpected token '≠'; expected ')',False,60,MIL.C05_Elementary_Number_Theory.solutions.Solutions_S01_Irrational_Roots,Qwen-7B-short,LENGTH,best_of_n,False,0,-1.0,factorization_mul',False
-1,False,2,"theorem factorization_mul' {m n : ℕ} (mnez : m ≠ 0) (nnez : n ≠ 0) (p : ℕ) :
    (m * n).factorization p = m.factorization p + n.factorization p := by
  rw [Nat.factorization_mul mnez nnez]
  rfl

",,True,2,"theorem factorization_mul' {m n : ℕ} (mne : m ≠ 0) (nse : n ≠ 0) (p : ℕ) :
    (m * n).factorization p = m.factorization p + n.factorization p := by
  rw [Nat.factorization_mul mne nse]
  rfl


",,True,60,MIL.C05_Elementary_Number_Theory.solutions.Solutions_S01_Irrational_Roots,Qwen-7B-short,LENGTH,best_of_n,False,0,0.0,factorization_mul',False
-1,False,2,"theorem factorization_mul' {m n : ℕ} (mnez : m ≠ 0) (nnez : n ≠ 0) (p : ℕ) :
    (m * n).factorization p = m.factorization p + n.factorization p := by
  rw [Nat.factorization_mul mnez nnez]
  rfl

",,True,-1,"theorem factorization_mul' {m n : ℕ} (m.ne : m ≠ 0) (n.ne : n ≠ 0) (p : ℕ) :
    (m * n).factorization p = m.factorization p + n.factorization p :=
  rfl
","💥️invalid binder name 'm.ne', it must be atomic",False,60,MIL.C05_Elementary_Number_Theory.solutions.Solutions_S01_Irrational_Roots,Qwen-7B-short,LENGTH,best_of_n,False,0,-1.0,factorization_mul',False
-1,False,2,"theorem factorization_mul' {m n : ℕ} (mnez : m ≠ 0) (nnez : n ≠ 0) (p : ℕ) :
    (m * n).factorization p = m.factorization p + n.factorization p := by
  rw [Nat.factorization_mul mnez nnez]
  rfl

",,True,-1,"theorem factorization_mul' {m n : ℕ} (m ≠ 0) (n ≠ 0) (p : ℕ) :
    (m * n).factorization p = m.factorization p + n.factorization p :=
  rfl
",💥️unexpected token '≠'; expected ')',False,60,MIL.C05_Elementary_Number_Theory.solutions.Solutions_S01_Irrational_Roots,Qwen-7B-short,LENGTH,best_of_n,False,0,-1.0,factorization_mul',False
-1,False,2,"theorem factorization_mul' {m n : ℕ} (mnez : m ≠ 0) (nnez : n ≠ 0) (p : ℕ) :
    (m * n).factorization p = m.factorization p + n.factorization p := by
  rw [Nat.factorization_mul mnez nnez]
  rfl

",,True,-1,"theorem factorization_mul' {m n : ℕ} (mne : m ≠ 0) (nne : n ≠ 0) (p : ℕ) :
    (m * n).factorization p = m.factorization p + n.factorization p :=
  Nat.factorization_mul mne nne
","💥️type mismatch
  Nat.factorization_mul mne nne
has type
  (m * n).factorization = m.factorization + n.factorization : Prop
but is expected to have type
  (m * n).factorization p = m.factorization p + n.factorization p : Prop",False,60,MIL.C05_Elementary_Number_Theory.solutions.Solutions_S01_Irrational_Roots,Qwen-7B-short,LENGTH,best_of_n,False,0,-1.0,factorization_mul',False
-1,False,2,"theorem factorization_mul' {m n : ℕ} (mnez : m ≠ 0) (nnez : n ≠ 0) (p : ℕ) :
    (m * n).factorization p = m.factorization p + n.factorization p := by
  rw [Nat.factorization_mul mnez nnez]
  rfl

",,True,-1,"theorem factorization_mul' {m n : ℕ} (m ≠ 0) (n ≠ 0) (p : ℕ) :
    (m * n).factorization p = m.factorization p + n.factorization p := by
  rw [Nat.factorization_mul m n]
  rfl
",💥️unexpected token '≠'; expected ')',False,60,MIL.C05_Elementary_Number_Theory.solutions.Solutions_S01_Irrational_Roots,Qwen-7B-short,LENGTH,best_of_n,False,0,-1.0,factorization_mul',False
-1,False,2,"theorem factorization_mul' {m n : ℕ} (mnez : m ≠ 0) (nnez : n ≠ 0) (p : ℕ) :
    (m * n).factorization p = m.factorization p + n.factorization p := by
  rw [Nat.factorization_mul mnez nnez]
  rfl

",,True,2,"theorem factorization_mul' {m n : ℕ} (mne : m ≠ 0) (nne : n ≠ 0) (p : ℕ) :
    (m * n).factorization p = m.factorization p + n.factorization p := by
  rw [Nat.factorization_mul mne nne]
  rfl
",,True,60,MIL.C05_Elementary_Number_Theory.solutions.Solutions_S01_Irrational_Roots,Qwen-7B-short,LENGTH,best_of_n,False,0,0.0,factorization_mul',False
-1,False,2,"theorem factorization_mul' {m n : ℕ} (mnez : m ≠ 0) (nnez : n ≠ 0) (p : ℕ) :
    (m * n).factorization p = m.factorization p + n.factorization p := by
  rw [Nat.factorization_mul mnez nnez]
  rfl

",,True,-1,"theorem factorization_mul' {m n : ℕ} (m ≠ 0) (n ≠ 0) (p : ℕ) :
    (m * n).factorization p = m.factorization p + n.factorization p := by
  simp only [factorization_mul, eq_comm, eq_sub]
",💥️unexpected token '≠'; expected ')',False,60,MIL.C05_Elementary_Number_Theory.solutions.Solutions_S01_Irrational_Roots,Qwen-7B-short,LENGTH,best_of_n,False,0,-1.0,factorization_mul',False
-1,False,2,"theorem factorization_mul' {m n : ℕ} (mnez : m ≠ 0) (nnez : n ≠ 0) (p : ℕ) :
    (m * n).factorization p = m.factorization p + n.factorization p := by
  rw [Nat.factorization_mul mnez nnez]
  rfl

",,True,-1,"theorem factorization_mul' {m n : ℕ} (m ≠ 0) (n ≠ 0) (p : ℕ) :
    (m * n).factorization p = m.factorization p + n.factorization p := by
  simp [factorization_mul, Finset.ext_iff, forall_iff_cast]
",💥️unexpected token '≠'; expected ')',False,60,MIL.C05_Elementary_Number_Theory.solutions.Solutions_S01_Irrational_Roots,Qwen-7B-short,LENGTH,best_of_n,False,0,-1.0,factorization_mul',False
-1,False,2,"theorem factorization_mul' {m n : ℕ} (mnez : m ≠ 0) (nnez : n ≠ 0) (p : ℕ) :
    (m * n).factorization p = m.factorization p + n.factorization p := by
  rw [Nat.factorization_mul mnez nnez]
  rfl

",,True,2,"theorem factorization_mul' {m n : ℕ} (mne : m ≠ 0) (nne : n ≠ 0) (p : ℕ) :
    (m * n).factorization p = m.factorization p + n.factorization p := by
  rw [Nat.factorization_mul mne nne]
  rfl
",,True,60,MIL.C05_Elementary_Number_Theory.solutions.Solutions_S01_Irrational_Roots,Qwen-7B-short,LENGTH,best_of_n,False,0,0.0,factorization_mul',False
-1,False,2,"theorem factorization_mul' {m n : ℕ} (mnez : m ≠ 0) (nnez : n ≠ 0) (p : ℕ) :
    (m * n).factorization p = m.factorization p + n.factorization p := by
  rw [Nat.factorization_mul mnez nnez]
  rfl

",,True,-1,"theorem factorization_mul' {m n : ℕ} (mfighter : m ≠ 0) (nEnough : n ≠ 0) (p : ℕ) :
    (m * n).factorization p = m.factorization p + n.factorization p :=
  Nat.factorization_mul mne' nne' (NeZero.pos_right nne')
","💥️unknown identifier 'mne''

💥️unknown identifier 'nne''",False,60,MIL.C05_Elementary_Number_Theory.solutions.Solutions_S01_Irrational_Roots,Qwen-7B-short,LENGTH,best_of_n,False,0,-1.0,factorization_mul',False
-1,False,2,"theorem factorization_mul' {m n : ℕ} (mnez : m ≠ 0) (nnez : n ≠ 0) (p : ℕ) :
    (m * n).factorization p = m.factorization p + n.factorization p := by
  rw [Nat.factorization_mul mnez nnez]
  rfl

",,True,2,"theorem factorization_mul' {m n : ℕ} (mne : m ≠ 0) (nne : n ≠ 0) (p : ℕ) :
    (m * n).factorization p = m.factorization p + n.factorization p := by
  rw [Nat.factorization_mul mne nne]
  rfl


",,True,60,MIL.C05_Elementary_Number_Theory.solutions.Solutions_S01_Irrational_Roots,Qwen-7B-short,LENGTH,best_of_n,False,0,0.0,factorization_mul',False
-1,False,2,"theorem factorization_mul' {m n : ℕ} (mnez : m ≠ 0) (nnez : n ≠ 0) (p : ℕ) :
    (m * n).factorization p = m.factorization p + n.factorization p := by
  rw [Nat.factorization_mul mnez nnez]
  rfl

",,True,2,"theorem factorization_mul' {m n : ℕ} (mne : m ≠ 0) (nne : n ≠ 0) (p : ℕ) :
    (m * n).factorization p = m.factorization p + n.factorization p := by
  rw [Nat.factorization_mul mne nne]
  rfl


",,True,60,MIL.C05_Elementary_Number_Theory.solutions.Solutions_S01_Irrational_Roots,Qwen-7B-short,LENGTH,best_of_n,False,0,0.0,factorization_mul',False
-1,False,2,"theorem factorization_mul' {m n : ℕ} (mnez : m ≠ 0) (nnez : n ≠ 0) (p : ℕ) :
    (m * n).factorization p = m.factorization p + n.factorization p := by
  rw [Nat.factorization_mul mnez nnez]
  rfl

",,True,-1,"theorem factorization_mul' {m n : ℕ} (mne : m ≠ 0) (nne : n ≠ 0) (p : ℕ) :
    (m * n).factorization p = m.factorization p + n.factorization p :=
  Nat.factorization_mul mne nne
","💥️type mismatch
  Nat.factorization_mul mne nne
has type
  (m * n).factorization = m.factorization + n.factorization : Prop
but is expected to have type
  (m * n).factorization p = m.factorization p + n.factorization p : Prop",False,60,MIL.C05_Elementary_Number_Theory.solutions.Solutions_S01_Irrational_Roots,Qwen-7B-short,LENGTH,best_of_n,False,0,-1.0,factorization_mul',False
-1,False,2,"theorem factorization_mul' {m n : ℕ} (mnez : m ≠ 0) (nnez : n ≠ 0) (p : ℕ) :
    (m * n).factorization p = m.factorization p + n.factorization p := by
  rw [Nat.factorization_mul mnez nnez]
  rfl

",,True,-1,"theorem factorization_mul' {m n : ℕ} (m ≠ 0) (n ≠ 0) (p : ℕ) :
    (m * n).factorization p = m.factorization p + n.factorization p := by
  rw [Nat.factorization_mul']
  rfl
",💥️unexpected token '≠'; expected ')',False,60,MIL.C05_Elementary_Number_Theory.solutions.Solutions_S01_Irrational_Roots,Qwen-7B-short,LENGTH,best_of_n,False,0,-1.0,factorization_mul',False
-1,False,2,"theorem factorization_mul' {m n : ℕ} (mnez : m ≠ 0) (nnez : n ≠ 0) (p : ℕ) :
    (m * n).factorization p = m.factorization p + n.factorization p := by
  rw [Nat.factorization_mul mnez nnez]
  rfl

",,True,2,"theorem factorization_mul' {m n : ℕ} (mne : m ≠ 0) (nne : n ≠ 0) (p : ℕ) :
    (m * n).factorization p = m.factorization p + n.factorization p := by
  rw [Nat.factorization_mul mne nne]
  rfl


",,True,60,MIL.C05_Elementary_Number_Theory.solutions.Solutions_S01_Irrational_Roots,Qwen-7B-short,LENGTH,best_of_n,False,0,0.0,factorization_mul',False
-1,False,2,"theorem factorization_mul' {m n : ℕ} (mnez : m ≠ 0) (nnez : n ≠ 0) (p : ℕ) :
    (m * n).factorization p = m.factorization p + n.factorization p := by
  rw [Nat.factorization_mul mnez nnez]
  rfl

",,True,-1,"theorem factorization_mul' {m n : ℕ} (m ≠ 0) (n ≠ 0) (p : ℕ) :
    (m * n).factorization p = m.factorization p + n.factorization p :=
  rfl
",💥️unexpected token '≠'; expected ')',False,60,MIL.C05_Elementary_Number_Theory.solutions.Solutions_S01_Irrational_Roots,Qwen-7B-short,LENGTH,best_of_n,False,0,-1.0,factorization_mul',False
-1,False,2,"theorem factorization_mul' {m n : ℕ} (mnez : m ≠ 0) (nnez : n ≠ 0) (p : ℕ) :
    (m * n).factorization p = m.factorization p + n.factorization p := by
  rw [Nat.factorization_mul mnez nnez]
  rfl

",,True,2,"theorem factorization_mul' {m n : ℕ} (mne : m ≠ 0) (nne : n ≠ 0) (p : ℕ) :
    (m * n).factorization p = m.factorization p + n.factorization p := by
  rw [Nat.factorization_mul mne nne]
  rfl
",,True,60,MIL.C05_Elementary_Number_Theory.solutions.Solutions_S01_Irrational_Roots,Qwen-7B-short,LENGTH,best_of_n,False,0,0.0,factorization_mul',False
-1,False,2,"theorem factorization_mul' {m n : ℕ} (mnez : m ≠ 0) (nnez : n ≠ 0) (p : ℕ) :
    (m * n).factorization p = m.factorization p + n.factorization p := by
  rw [Nat.factorization_mul mnez nnez]
  rfl

",,True,-1,"theorem factorization_mul' {m n : ℕ} (m ≠ 0) (n ≠ 0) (p : ℕ) :
    (m * n).factorization p = m.factorization p + n.factorization p := by
  rw [Nat.factorization_mul m n]
  rfl


",💥️unexpected token '≠'; expected ')',False,60,MIL.C05_Elementary_Number_Theory.solutions.Solutions_S01_Irrational_Roots,Qwen-7B-short,LENGTH,best_of_n,False,0,-1.0,factorization_mul',False
-1,False,2,"theorem factorization_pow' (n k p : ℕ) :
    (n ^ k).factorization p = k * n.factorization p := by
  rw [Nat.factorization_pow]
  rfl

",,True,-1,"theorem factorization_pow' (n k p : ℕ) :
    (n ^ k).factorization p = k * n.factorization p :=
  Nat.factorization_pow
","💥️type mismatch
  Nat.factorization_pow
has type
  ∀ (n k : ℕ), (n ^ k).factorization = k • n.factorization : Prop
but is expected to have type
  (n ^ k).factorization p = k * n.factorization p : Prop",False,60,MIL.C05_Elementary_Number_Theory.solutions.Solutions_S01_Irrational_Roots,Qwen-7B-short,LENGTH,best_of_n,False,0,-1.0,factorization_pow',False
-1,False,2,"theorem factorization_pow' (n k p : ℕ) :
    (n ^ k).factorization p = k * n.factorization p := by
  rw [Nat.factorization_pow]
  rfl

",,True,2,"theorem factorization_pow' (n k p : ℕ) :
    (n ^ k).factorization p = k * n.factorization p := by
  rw [Nat.factorization_pow]
  rfl
",,True,60,MIL.C05_Elementary_Number_Theory.solutions.Solutions_S01_Irrational_Roots,Qwen-7B-short,LENGTH,best_of_n,False,0,0.0,factorization_pow',False
-1,False,2,"theorem factorization_pow' (n k p : ℕ) :
    (n ^ k).factorization p = k * n.factorization p := by
  rw [Nat.factorization_pow]
  rfl

",,True,2,"theorem factorization_pow' (n k p : ℕ) :
    (n ^ k).factorization p = k * n.factorization p := by
  rw [Nat.factorization_pow]
  rfl
",,True,60,MIL.C05_Elementary_Number_Theory.solutions.Solutions_S01_Irrational_Roots,Qwen-7B-short,LENGTH,best_of_n,False,0,0.0,factorization_pow',False
-1,False,2,"theorem factorization_pow' (n k p : ℕ) :
    (n ^ k).factorization p = k * n.factorization p := by
  rw [Nat.factorization_pow]
  rfl

",,True,-1,"theorem factorization_pow' (n k p : ℕ) :
    (n ^ k).factorization p = k * n.factorization p :=
  rfl
","💥️type mismatch
  rfl
has type
  ?m.8962 = ?m.8962 : Prop
but is expected to have type
  (n ^ k).factorization p = k * n.factorization p : Prop",False,60,MIL.C05_Elementary_Number_Theory.solutions.Solutions_S01_Irrational_Roots,Qwen-7B-short,LENGTH,best_of_n,False,0,-1.0,factorization_pow',False
-1,False,2,"theorem factorization_pow' (n k p : ℕ) :
    (n ^ k).factorization p = k * n.factorization p := by
  rw [Nat.factorization_pow]
  rfl

",,True,2,"theorem factorization_pow' (n k p : ℕ) :
    (n ^ k).factorization p = k * n.factorization p := by
  rw [Nat.factorization_pow]
  rfl
",,True,60,MIL.C05_Elementary_Number_Theory.solutions.Solutions_S01_Irrational_Roots,Qwen-7B-short,LENGTH,best_of_n,False,0,0.0,factorization_pow',False
-1,False,2,"theorem factorization_pow' (n k p : ℕ) :
    (n ^ k).factorization p = k * n.factorization p := by
  rw [Nat.factorization_pow]
  rfl

",,True,2,"theorem factorization_pow' (n k p : ℕ) :
    (n ^ k).factorization p = k * n.factorization p := by
  rw [Nat.factorization_pow]
  rfl
",,True,60,MIL.C05_Elementary_Number_Theory.solutions.Solutions_S01_Irrational_Roots,Qwen-7B-short,LENGTH,best_of_n,False,0,0.0,factorization_pow',False
-1,False,2,"theorem factorization_pow' (n k p : ℕ) :
    (n ^ k).factorization p = k * n.factorization p := by
  rw [Nat.factorization_pow]
  rfl

",,True,-1,"theorem factorization_pow' (n k p : ℕ) :
    (n ^ k).factorization p = k * n.factorization p := by
  rw [Nat.factorization_pow, Finset.factorization_pow eq_mul]
","💥️unknown constant 'Finset.factorization_pow'

💥️tactic 'rewrite' failed, equality or iff proof expected
  ?m.8978
n k p : ℕ
⊢ (k • n.factorization) p = k * n.factorization p",False,60,MIL.C05_Elementary_Number_Theory.solutions.Solutions_S01_Irrational_Roots,Qwen-7B-short,LENGTH,best_of_n,False,0,-1.0,factorization_pow',False
-1,False,2,"theorem factorization_pow' (n k p : ℕ) :
    (n ^ k).factorization p = k * n.factorization p := by
  rw [Nat.factorization_pow]
  rfl

",,True,2,"theorem factorization_pow' (n k p : ℕ) :
    (n ^ k).factorization p = k * n.factorization p := by
  rw [Nat.factorization_pow]
  rfl
",,True,60,MIL.C05_Elementary_Number_Theory.solutions.Solutions_S01_Irrational_Roots,Qwen-7B-short,LENGTH,best_of_n,False,0,0.0,factorization_pow',False
-1,False,2,"theorem factorization_pow' (n k p : ℕ) :
    (n ^ k).factorization p = k * n.factorization p := by
  rw [Nat.factorization_pow]
  rfl

",,True,2,"theorem factorization_pow' (n k p : ℕ) :
    (n ^ k).factorization p = k * n.factorization p := by
  rw [Nat.factorization_pow]
  rfl


",,True,60,MIL.C05_Elementary_Number_Theory.solutions.Solutions_S01_Irrational_Roots,Qwen-7B-short,LENGTH,best_of_n,False,0,0.0,factorization_pow',False
-1,False,2,"theorem factorization_pow' (n k p : ℕ) :
    (n ^ k).factorization p = k * n.factorization p := by
  rw [Nat.factorization_pow]
  rfl

",,True,-1,"theorem factorization_pow' (n k p : ℕ) :
    (n ^ k).factorization p = k * n.factorization p := by
  rw [Nat.factorization_pow]
","💥️unsolved goals
n k p : ℕ
⊢ (k • n.factorization) p = k * n.factorization p",False,60,MIL.C05_Elementary_Number_Theory.solutions.Solutions_S01_Irrational_Roots,Qwen-7B-short,LENGTH,best_of_n,False,0,-1.0,factorization_pow',False
-1,False,2,"theorem factorization_pow' (n k p : ℕ) :
    (n ^ k).factorization p = k * n.factorization p := by
  rw [Nat.factorization_pow]
  rfl

",,True,-1,"theorem factorization_pow' (n k p : ℕ) :
    (n ^ k).factorization p = k * n.factorization p := by
  simp only [factorization_pow, rfl]

","💥️unknown identifier 'factorization_pow'

💥️invalid `simp` theorem, equation is equivalent to
  a = a

💥️simp made no progress",False,60,MIL.C05_Elementary_Number_Theory.solutions.Solutions_S01_Irrational_Roots,Qwen-7B-short,LENGTH,best_of_n,False,0,-1.0,factorization_pow',False
-1,False,2,"theorem factorization_pow' (n k p : ℕ) :
    (n ^ k).factorization p = k * n.factorization p := by
  rw [Nat.factorization_pow]
  rfl

",,True,2,"theorem factorization_pow' (n k p : ℕ) :
    (n ^ k).factorization p = k * n.factorization p := by
  rw [Nat.factorization_pow]
  rfl
",,True,60,MIL.C05_Elementary_Number_Theory.solutions.Solutions_S01_Irrational_Roots,Qwen-7B-short,LENGTH,best_of_n,False,0,0.0,factorization_pow',False
-1,False,2,"theorem factorization_pow' (n k p : ℕ) :
    (n ^ k).factorization p = k * n.factorization p := by
  rw [Nat.factorization_pow]
  rfl

",,True,-1,"theorem factorization_pow' (n k p : ℕ) :
    (n ^ k).factorization p = k * n.factorization p :=
  Nat.factorization_pow _ _


","💥️type mismatch
  Nat.factorization_pow ?m.8960 ?m.8961
has type
  (?m.8960 ^ ?m.8961).factorization = ?m.8961 • Nat.factorization ?m.8960 : Prop
but is expected to have type
  (n ^ k).factorization p = k * n.factorization p : Prop",False,60,MIL.C05_Elementary_Number_Theory.solutions.Solutions_S01_Irrational_Roots,Qwen-7B-short,LENGTH,best_of_n,False,0,-1.0,factorization_pow',False
-1,False,2,"theorem factorization_pow' (n k p : ℕ) :
    (n ^ k).factorization p = k * n.factorization p := by
  rw [Nat.factorization_pow]
  rfl

",,True,2,"theorem factorization_pow' (n k p : ℕ) :
    (n ^ k).factorization p = k * n.factorization p := by
  rw [Nat.factorization_pow]
  rfl
",,True,60,MIL.C05_Elementary_Number_Theory.solutions.Solutions_S01_Irrational_Roots,Qwen-7B-short,LENGTH,best_of_n,False,0,0.0,factorization_pow',False
-1,False,2,"theorem factorization_pow' (n k p : ℕ) :
    (n ^ k).factorization p = k * n.factorization p := by
  rw [Nat.factorization_pow]
  rfl

",,True,-1,"theorem factorization_pow' (n k p : ℕ) :
    (n ^ k).factorization p = k * n.factorization p :=
  rfl
","💥️type mismatch
  rfl
has type
  ?m.8962 = ?m.8962 : Prop
but is expected to have type
  (n ^ k).factorization p = k * n.factorization p : Prop",False,60,MIL.C05_Elementary_Number_Theory.solutions.Solutions_S01_Irrational_Roots,Qwen-7B-short,LENGTH,best_of_n,False,0,-1.0,factorization_pow',False
-1,False,2,"theorem factorization_pow' (n k p : ℕ) :
    (n ^ k).factorization p = k * n.factorization p := by
  rw [Nat.factorization_pow]
  rfl

",,True,2,"theorem factorization_pow' (n k p : ℕ) :
    (n ^ k).factorization p = k * n.factorization p := by
  rw [Nat.factorization_pow]
  rfl
",,True,60,MIL.C05_Elementary_Number_Theory.solutions.Solutions_S01_Irrational_Roots,Qwen-7B-short,LENGTH,best_of_n,False,0,0.0,factorization_pow',False
-1,False,2,"theorem factorization_pow' (n k p : ℕ) :
    (n ^ k).factorization p = k * n.factorization p := by
  rw [Nat.factorization_pow]
  rfl

",,True,-1,"theorem factorization_pow' (n k p : ℕ) :
    (n ^ k).factorization p = k * n.factorization p :=
  rfl
","💥️type mismatch
  rfl
has type
  ?m.8962 = ?m.8962 : Prop
but is expected to have type
  (n ^ k).factorization p = k * n.factorization p : Prop",False,60,MIL.C05_Elementary_Number_Theory.solutions.Solutions_S01_Irrational_Roots,Qwen-7B-short,LENGTH,best_of_n,False,0,-1.0,factorization_pow',False
-1,False,2,"theorem factorization_pow' (n k p : ℕ) :
    (n ^ k).factorization p = k * n.factorization p := by
  rw [Nat.factorization_pow]
  rfl

",,True,-1,"theorem factorization_pow' (n k p : ℕ) :
    (n ^ k).factorization p = k * n.factorization p :=
  rfl
","💥️type mismatch
  rfl
has type
  ?m.8962 = ?m.8962 : Prop
but is expected to have type
  (n ^ k).factorization p = k * n.factorization p : Prop",False,60,MIL.C05_Elementary_Number_Theory.solutions.Solutions_S01_Irrational_Roots,Qwen-7B-short,LENGTH,best_of_n,False,0,-1.0,factorization_pow',False
-1,False,2,"theorem factorization_pow' (n k p : ℕ) :
    (n ^ k).factorization p = k * n.factorization p := by
  rw [Nat.factorization_pow]
  rfl

",,True,-1,"theorem factorization_pow' : (n ^ k).factorization p = k * n.factorization p := by
  rw [Nat.factorization_pow]
  rfl
","💥️invalid field notation, type is not of the form (C ...) where C is a constant
  n ^ k
has type
  ?m.9671

💥️invalid field notation, type is not of the form (C ...) where C is a constant
  n
has type
  ?m.9673

💥️tactic 'rewrite' failed, did not find instance of the pattern in the target expression
  (?n ^ ?k).factorization
x✝ : Type u_1
n : x✝
α✝ : Type u_2
k : α✝
⊢ sorry = k * sorry",False,60,MIL.C05_Elementary_Number_Theory.solutions.Solutions_S01_Irrational_Roots,Qwen-7B-short,LENGTH,best_of_n,False,0,-1.0,factorization_pow',False
-1,False,2,"theorem factorization_pow' (n k p : ℕ) :
    (n ^ k).factorization p = k * n.factorization p := by
  rw [Nat.factorization_pow]
  rfl

",,True,-1,"theorem factorization_pow' (n k p : ℕ) :
    (n ^ k).factorization p = k * n.factorization p :=
  rfl
","💥️type mismatch
  rfl
has type
  ?m.8962 = ?m.8962 : Prop
but is expected to have type
  (n ^ k).factorization p = k * n.factorization p : Prop",False,60,MIL.C05_Elementary_Number_Theory.solutions.Solutions_S01_Irrational_Roots,Qwen-7B-short,LENGTH,best_of_n,False,0,-1.0,factorization_pow',False
-1,False,2,"theorem factorization_pow' (n k p : ℕ) :
    (n ^ k).factorization p = k * n.factorization p := by
  rw [Nat.factorization_pow]
  rfl

",,True,2,"theorem factorization_pow' (n k p : ℕ) :
    (n ^ k).factorization p = k * n.factorization p :=
  by rw [Nat.factorization_pow]; rfl
",,True,60,MIL.C05_Elementary_Number_Theory.solutions.Solutions_S01_Irrational_Roots,Qwen-7B-short,LENGTH,best_of_n,False,0,0.0,factorization_pow',False
-1,False,2,"theorem factorization_pow' (n k p : ℕ) :
    (n ^ k).factorization p = k * n.factorization p := by
  rw [Nat.factorization_pow]
  rfl

",,True,-1,"theorem factorization_pow' (n k p : ℕ) :
    (n ^ k).factorization p = k * n.factorization p := by
  rw [Nat.factorization_pow, Finset.mul𝕍]
","💥️unknown constant 'Finset.mul𝕍'

💥️tactic 'rewrite' failed, equality or iff proof expected
  ?m.8980
n k p : ℕ
⊢ (k • n.factorization) p = k * n.factorization p",False,60,MIL.C05_Elementary_Number_Theory.solutions.Solutions_S01_Irrational_Roots,Qwen-7B-short,LENGTH,best_of_n,False,0,-1.0,factorization_pow',False
-1,False,2,"theorem factorization_pow' (n k p : ℕ) :
    (n ^ k).factorization p = k * n.factorization p := by
  rw [Nat.factorization_pow]
  rfl

",,True,-1,"theorem factorization_pow' (n k p : ℕ) :
    (n ^ k).factorization p = k * n.factorization p := by
  rw [Nat.factorization_pow, factorization_k* _]
","💥️unknown identifier 'factorization_k'

💥️tactic 'rewrite' failed, equality or iff proof expected
  ?m.8986
n k p : ℕ
⊢ (k • n.factorization) p = k * n.factorization p",False,60,MIL.C05_Elementary_Number_Theory.solutions.Solutions_S01_Irrational_Roots,Qwen-7B-short,LENGTH,best_of_n,False,0,-1.0,factorization_pow',False
-1,False,2,"theorem factorization_pow' (n k p : ℕ) :
    (n ^ k).factorization p = k * n.factorization p := by
  rw [Nat.factorization_pow]
  rfl

",,True,2,"theorem factorization_pow' (n k p : ℕ) :
    (n ^ k).factorization p = k * n.factorization p := by
  rw [Nat.factorization_pow]
  rfl
",,True,60,MIL.C05_Elementary_Number_Theory.solutions.Solutions_S01_Irrational_Roots,Qwen-7B-short,LENGTH,best_of_n,False,0,0.0,factorization_pow',False
-1,False,2,"theorem factorization_pow' (n k p : ℕ) :
    (n ^ k).factorization p = k * n.factorization p := by
  rw [Nat.factorization_pow]
  rfl

",,True,-1,"theorem factorization_pow' (n k p : ℕ) :
    (n ^ k).factorization p = k * n.factorization p :=
  rfl
","💥️type mismatch
  rfl
has type
  ?m.8962 = ?m.8962 : Prop
but is expected to have type
  (n ^ k).factorization p = k * n.factorization p : Prop",False,60,MIL.C05_Elementary_Number_Theory.solutions.Solutions_S01_Irrational_Roots,Qwen-7B-short,LENGTH,best_of_n,False,0,-1.0,factorization_pow',False
-1,False,2,"theorem factorization_pow' (n k p : ℕ) :
    (n ^ k).factorization p = k * n.factorization p := by
  rw [Nat.factorization_pow]
  rfl

",,True,2,"theorem factorization_pow' (n k p : ℕ) :
    (n ^ k).factorization p = k * n.factorization p := by
  rw [Nat.factorization_pow]
  rfl
",,True,60,MIL.C05_Elementary_Number_Theory.solutions.Solutions_S01_Irrational_Roots,Qwen-7B-short,LENGTH,best_of_n,False,0,0.0,factorization_pow',False
-1,False,2,"theorem factorization_pow' (n k p : ℕ) :
    (n ^ k).factorization p = k * n.factorization p := by
  rw [Nat.factorization_pow]
  rfl

",,True,-1,"lemma factorization_pow' (n k p : ℕ) :
    (n ^ k).factorization p = k * n.factorization p := by
  rw [Nat.factorization_pow, Finset.ext_iff, Finset.forall_iff_cast]
  rfl
","💥️tactic 'rewrite' failed, did not find instance of the pattern in the target expression
  ?m.8979 = ?m.8980
n k p : ℕ
⊢ (k • n.factorization) p = k * n.factorization p",False,60,MIL.C05_Elementary_Number_Theory.solutions.Solutions_S01_Irrational_Roots,Qwen-7B-short,LENGTH,best_of_n,False,0,-1.0,factorization_pow',False
-1,False,2,"theorem factorization_pow' (n k p : ℕ) :
    (n ^ k).factorization p = k * n.factorization p := by
  rw [Nat.factorization_pow]
  rfl

",,True,2,"theorem factorization_pow' (n k p : ℕ) :
    (n ^ k).factorization p = k * n.factorization p := by
  rw [Nat.factorization_pow]
  rfl
",,True,60,MIL.C05_Elementary_Number_Theory.solutions.Solutions_S01_Irrational_Roots,Qwen-7B-short,LENGTH,best_of_n,False,0,0.0,factorization_pow',False
-1,False,2,"theorem factorization_pow' (n k p : ℕ) :
    (n ^ k).factorization p = k * n.factorization p := by
  rw [Nat.factorization_pow]
  rfl

",,True,2,"theorem factorization_pow' (n k p : ℕ) :
    (n ^ k).factorization p = k * n.factorization p := by
  rw [Nat.factorization_pow]
  rfl


",,True,60,MIL.C05_Elementary_Number_Theory.solutions.Solutions_S01_Irrational_Roots,Qwen-7B-short,LENGTH,best_of_n,False,0,0.0,factorization_pow',False
-1,False,2,"theorem factorization_pow' (n k p : ℕ) :
    (n ^ k).factorization p = k * n.factorization p := by
  rw [Nat.factorization_pow]
  rfl

",,True,-1,"theorem factorization_pow' (n k p : ℕ)
    ( (n ^ k).factorization p) = k * (n.factorization p) := by rfl


",💥️unexpected token '('; expected '_' or identifier,False,60,MIL.C05_Elementary_Number_Theory.solutions.Solutions_S01_Irrational_Roots,Qwen-7B-short,LENGTH,best_of_n,False,0,-1.0,factorization_pow',False
-1,False,2,"theorem factorization_pow' (n k p : ℕ) :
    (n ^ k).factorization p = k * n.factorization p := by
  rw [Nat.factorization_pow]
  rfl

",,True,2,"theorem factorization_pow' (n k p : ℕ) :
    (n ^ k).factorization p = k * n.factorization p := by
  rw [Nat.factorization_pow]
  rfl
",,True,60,MIL.C05_Elementary_Number_Theory.solutions.Solutions_S01_Irrational_Roots,Qwen-7B-short,LENGTH,best_of_n,False,0,0.0,factorization_pow',False
-1,False,2,"theorem factorization_pow' (n k p : ℕ) :
    (n ^ k).factorization p = k * n.factorization p := by
  rw [Nat.factorization_pow]
  rfl

",,True,-1,"theorem factorization_pow' (n k p : ℕ) :
    (n ^ k).factorization p = k * n.factorization p :=
  rfl
","💥️type mismatch
  rfl
has type
  ?m.8962 = ?m.8962 : Prop
but is expected to have type
  (n ^ k).factorization p = k * n.factorization p : Prop",False,60,MIL.C05_Elementary_Number_Theory.solutions.Solutions_S01_Irrational_Roots,Qwen-7B-short,LENGTH,best_of_n,False,0,-1.0,factorization_pow',False
-1,False,2,"theorem factorization_pow' (n k p : ℕ) :
    (n ^ k).factorization p = k * n.factorization p := by
  rw [Nat.factorization_pow]
  rfl

",,True,2,"theorem factorization_pow' (n k p : ℕ) :
    (n ^ k).factorization p = k * n.factorization p := by
  rw [Nat.factorization_pow]
  rfl


",,True,60,MIL.C05_Elementary_Number_Theory.solutions.Solutions_S01_Irrational_Roots,Qwen-7B-short,LENGTH,best_of_n,False,0,0.0,factorization_pow',False
-1,False,2,"theorem factorization_pow' (n k p : ℕ) :
    (n ^ k).factorization p = k * n.factorization p := by
  rw [Nat.factorization_pow]
  rfl

",,True,-1,"theorem factorization_pow' (n k p : ℕ) :
    (n ^ k).factorization p = k * n.factorization p :=
  rfl


","💥️type mismatch
  rfl
has type
  ?m.8962 = ?m.8962 : Prop
but is expected to have type
  (n ^ k).factorization p = k * n.factorization p : Prop",False,60,MIL.C05_Elementary_Number_Theory.solutions.Solutions_S01_Irrational_Roots,Qwen-7B-short,LENGTH,best_of_n,False,0,-1.0,factorization_pow',False
-1,False,2,"theorem factorization_pow' (n k p : ℕ) :
    (n ^ k).factorization p = k * n.factorization p := by
  rw [Nat.factorization_pow]
  rfl

",,True,2,"theorem factorization_pow' (n k p : ℕ) :
    (n ^ k).factorization p = k * n.factorization p := by
  rw [Nat.factorization_pow]
  rfl
",,True,60,MIL.C05_Elementary_Number_Theory.solutions.Solutions_S01_Irrational_Roots,Qwen-7B-short,LENGTH,best_of_n,False,0,0.0,factorization_pow',False
-1,False,2,"theorem factorization_pow' (n k p : ℕ) :
    (n ^ k).factorization p = k * n.factorization p := by
  rw [Nat.factorization_pow]
  rfl

",,True,2,"theorem factorization_pow' (n k p : ℕ) :
    (n ^ k).factorization p = k * n.factorization p := by
  rw [Nat.factorization_pow]
  rfl


",,True,60,MIL.C05_Elementary_Number_Theory.solutions.Solutions_S01_Irrational_Roots,Qwen-7B-short,LENGTH,best_of_n,False,0,0.0,factorization_pow',False
-1,False,2,"theorem factorization_pow' (n k p : ℕ) :
    (n ^ k).factorization p = k * n.factorization p := by
  rw [Nat.factorization_pow]
  rfl

",,True,2,"theorem factorization_pow' (n k p : ℕ) :
    (n ^ k).factorization p = k * n.factorization p := by
  rw [Nat.factorization_pow]
  rfl
",,True,60,MIL.C05_Elementary_Number_Theory.solutions.Solutions_S01_Irrational_Roots,Qwen-7B-short,LENGTH,best_of_n,False,0,0.0,factorization_pow',False
-1,False,2,"theorem factorization_pow' (n k p : ℕ) :
    (n ^ k).factorization p = k * n.factorization p := by
  rw [Nat.factorization_pow]
  rfl

",,True,2,"theorem factorization_pow' (n k p : ℕ) :
    (n ^ k).factorization p = k * n.factorization p := by
  rw [Nat.factorization_pow]
  rfl
",,True,60,MIL.C05_Elementary_Number_Theory.solutions.Solutions_S01_Irrational_Roots,Qwen-7B-short,LENGTH,best_of_n,False,0,0.0,factorization_pow',False
-1,False,2,"theorem factorization_pow' (n k p : ℕ) :
    (n ^ k).factorization p = k * n.factorization p := by
  rw [Nat.factorization_pow]
  rfl

",,True,2,"theorem factorization_pow' (n k p : ℕ) :
    (n ^ k).factorization p = k * n.factorization p := by
  rw [Nat.factorization_pow]
  rfl
",,True,60,MIL.C05_Elementary_Number_Theory.solutions.Solutions_S01_Irrational_Roots,Qwen-7B-short,LENGTH,best_of_n,False,0,0.0,factorization_pow',False
-1,False,2,"theorem factorization_pow' (n k p : ℕ) :
    (n ^ k).factorization p = k * n.factorization p := by
  rw [Nat.factorization_pow]
  rfl

",,True,2,"theorem factorization_pow' (n k p : ℕ) :
    (n ^ k).factorization p = k * n.factorization p := by
  rw [Nat.factorization_pow]
  rfl


",,True,60,MIL.C05_Elementary_Number_Theory.solutions.Solutions_S01_Irrational_Roots,Qwen-7B-short,LENGTH,best_of_n,False,0,0.0,factorization_pow',False
-1,False,2,"theorem factorization_pow' (n k p : ℕ) :
    (n ^ k).factorization p = k * n.factorization p := by
  rw [Nat.factorization_pow]
  rfl

",,True,2,"theorem factorization_pow' (n k p : ℕ) :
    (n ^ k).factorization p = k * n.factorization p := by
  rw [Nat.factorization_pow]
  rfl

",,True,60,MIL.C05_Elementary_Number_Theory.solutions.Solutions_S01_Irrational_Roots,Qwen-7B-short,LENGTH,best_of_n,False,0,0.0,factorization_pow',False
-1,False,2,"theorem factorization_pow' (n k p : ℕ) :
    (n ^ k).factorization p = k * n.factorization p := by
  rw [Nat.factorization_pow]
  rfl

",,True,2,"theorem factorization_pow' (n k p : ℕ) :
    (n ^ k).factorization p = k * n.factorization p := by
  rw [Nat.factorization_pow]
  rfl
",,True,60,MIL.C05_Elementary_Number_Theory.solutions.Solutions_S01_Irrational_Roots,Qwen-7B-short,LENGTH,best_of_n,False,0,0.0,factorization_pow',False
-1,False,2,"theorem factorization_pow' (n k p : ℕ) :
    (n ^ k).factorization p = k * n.factorization p := by
  rw [Nat.factorization_pow]
  rfl

",,True,1,"theorem factorization_pow' (n k p : ℕ) :
    (n ^ k).factorization p = k * n.factorization p := by
  simp [Nat.factorization_pow]
",,True,60,MIL.C05_Elementary_Number_Theory.solutions.Solutions_S01_Irrational_Roots,Qwen-7B-short,LENGTH,best_of_n,False,0,0.5,factorization_pow',False
-1,False,2,"theorem factorization_pow' (n k p : ℕ) :
    (n ^ k).factorization p = k * n.factorization p := by
  rw [Nat.factorization_pow]
  rfl

",,True,2,"theorem factorization_pow' (n k p : ℕ) :
    (n ^ k).factorization p = k * n.factorization p := by
  rw [Nat.factorization_pow]
  rfl


",,True,60,MIL.C05_Elementary_Number_Theory.solutions.Solutions_S01_Irrational_Roots,Qwen-7B-short,LENGTH,best_of_n,False,0,0.0,factorization_pow',False
-1,False,2,"theorem factorization_pow' (n k p : ℕ) :
    (n ^ k).factorization p = k * n.factorization p := by
  rw [Nat.factorization_pow]
  rfl

",,True,2,"theorem factorization_pow' (n k p : ℕ) :
    (n ^ k).factorization p = k * n.factorization p := by
  rw [Nat.factorization_pow]
  rfl
",,True,60,MIL.C05_Elementary_Number_Theory.solutions.Solutions_S01_Irrational_Roots,Qwen-7B-short,LENGTH,best_of_n,False,0,0.0,factorization_pow',False
-1,False,2,"theorem factorization_pow' (n k p : ℕ) :
    (n ^ k).factorization p = k * n.factorization p := by
  rw [Nat.factorization_pow]
  rfl

",,True,2,"theorem factorization_pow' (n k p : ℕ) :
    (n ^ k).factorization p = k * n.factorization p := by
  rw [Nat.factorization_pow]
  rfl
",,True,60,MIL.C05_Elementary_Number_Theory.solutions.Solutions_S01_Irrational_Roots,Qwen-7B-short,LENGTH,best_of_n,False,0,0.0,factorization_pow',False
-1,False,2,"theorem factorization_pow' (n k p : ℕ) :
    (n ^ k).factorization p = k * n.factorization p := by
  rw [Nat.factorization_pow]
  rfl

",,True,2,"theorem factorization_pow' (n k p : ℕ) :
    (n ^ k).factorization p = k * n.factorization p := by
  rw [Nat.factorization_pow]
  rfl


",,True,60,MIL.C05_Elementary_Number_Theory.solutions.Solutions_S01_Irrational_Roots,Qwen-7B-short,LENGTH,best_of_n,False,0,0.0,factorization_pow',False
-1,False,2,"theorem factorization_pow' (n k p : ℕ) :
    (n ^ k).factorization p = k * n.factorization p := by
  rw [Nat.factorization_pow]
  rfl

",,True,2,"theorem factorization_pow' (n k p : ℕ) :
    (n ^ k).factorization p = k * n.factorization p := by
  rw [Nat.factorization_pow]
  rfl
",,True,60,MIL.C05_Elementary_Number_Theory.solutions.Solutions_S01_Irrational_Roots,Qwen-7B-short,LENGTH,best_of_n,False,0,0.0,factorization_pow',False
-1,False,2,"theorem factorization_pow' (n k p : ℕ) :
    (n ^ k).factorization p = k * n.factorization p := by
  rw [Nat.factorization_pow]
  rfl

",,True,-1,"theorem factorization_pow' (n k p : ℕ) :
    (n ^ k).factorization p = k * n.factorization p :=
  rfl
","💥️type mismatch
  rfl
has type
  ?m.8962 = ?m.8962 : Prop
but is expected to have type
  (n ^ k).factorization p = k * n.factorization p : Prop",False,60,MIL.C05_Elementary_Number_Theory.solutions.Solutions_S01_Irrational_Roots,Qwen-7B-short,LENGTH,best_of_n,False,0,-1.0,factorization_pow',False
-1,False,2,"theorem factorization_pow' (n k p : ℕ) :
    (n ^ k).factorization p = k * n.factorization p := by
  rw [Nat.factorization_pow]
  rfl

",,True,2,"theorem factorization_pow' (n k p : ℕ) :
    (n ^ k).factorization p = k * n.factorization p := by
  rw [Nat.factorization_pow]
  rfl
",,True,60,MIL.C05_Elementary_Number_Theory.solutions.Solutions_S01_Irrational_Roots,Qwen-7B-short,LENGTH,best_of_n,False,0,0.0,factorization_pow',False
-1,False,2,"theorem factorization_pow' (n k p : ℕ) :
    (n ^ k).factorization p = k * n.factorization p := by
  rw [Nat.factorization_pow]
  rfl

",,True,-1,"theorem factorization_pow' (n k p : ℕ) :
    (n ^ k).factorization p = k * n.factorization p := by
  rw [Nat.factorization_pow]
","💥️unsolved goals
n k p : ℕ
⊢ (k • n.factorization) p = k * n.factorization p",False,60,MIL.C05_Elementary_Number_Theory.solutions.Solutions_S01_Irrational_Roots,Qwen-7B-short,LENGTH,best_of_n,False,0,-1.0,factorization_pow',False
-1,False,2,"theorem factorization_pow' (n k p : ℕ) :
    (n ^ k).factorization p = k * n.factorization p := by
  rw [Nat.factorization_pow]
  rfl

",,True,-1,"theorem factorization_pow' (n k p : ℕ) :
    (n ^ k).factorization p = k * n.factorization p :=
  rfl
","💥️type mismatch
  rfl
has type
  ?m.8962 = ?m.8962 : Prop
but is expected to have type
  (n ^ k).factorization p = k * n.factorization p : Prop",False,60,MIL.C05_Elementary_Number_Theory.solutions.Solutions_S01_Irrational_Roots,Qwen-7B-short,LENGTH,best_of_n,False,0,-1.0,factorization_pow',False
-1,False,2,"theorem factorization_pow' (n k p : ℕ) :
    (n ^ k).factorization p = k * n.factorization p := by
  rw [Nat.factorization_pow]
  rfl

",,True,2,"theorem factorization_pow' (n k p : ℕ) :
    (n ^ k).factorization p = k * n.factorization p := by
  rw [Nat.factorization_pow]
  rfl
",,True,60,MIL.C05_Elementary_Number_Theory.solutions.Solutions_S01_Irrational_Roots,Qwen-7B-short,LENGTH,best_of_n,False,0,0.0,factorization_pow',False
-1,False,2,"theorem factorization_pow' (n k p : ℕ) :
    (n ^ k).factorization p = k * n.factorization p := by
  rw [Nat.factorization_pow]
  rfl

",,True,-1,"theorem factorization_pow' (n k p : ℕ) :
    (n ^ k).factorization p = k * n.factorization p := by
  rw [Nat.factorization_pow]
","💥️unsolved goals
n k p : ℕ
⊢ (k • n.factorization) p = k * n.factorization p",False,60,MIL.C05_Elementary_Number_Theory.solutions.Solutions_S01_Irrational_Roots,Qwen-7B-short,LENGTH,best_of_n,False,0,-1.0,factorization_pow',False
-1,False,2,"theorem factorization_pow' (n k p : ℕ) :
    (n ^ k).factorization p = k * n.factorization p := by
  rw [Nat.factorization_pow]
  rfl

",,True,2,"theorem factorization_pow' (n k p : ℕ) :
    (n ^ k).factorization p = k * n.factorization p := by
  rw [Nat.factorization_pow]
  rfl
",,True,60,MIL.C05_Elementary_Number_Theory.solutions.Solutions_S01_Irrational_Roots,Qwen-7B-short,LENGTH,best_of_n,False,0,0.0,factorization_pow',False
-1,False,2,"theorem factorization_pow' (n k p : ℕ) :
    (n ^ k).factorization p = k * n.factorization p := by
  rw [Nat.factorization_pow]
  rfl

",,True,-1,"theorem factorization_pow' (n k p : ℕ) :
    (n ^ k).factorization p = k * n.factorization p := by
  rw [Nat.factorization_pow, rfl


",💥️unexpected end of input; expected ']',False,60,MIL.C05_Elementary_Number_Theory.solutions.Solutions_S01_Irrational_Roots,Qwen-7B-short,LENGTH,best_of_n,False,0,-1.0,factorization_pow',False
-1,False,2,"theorem factorization_pow' (n k p : ℕ) :
    (n ^ k).factorization p = k * n.factorization p := by
  rw [Nat.factorization_pow]
  rfl

",,True,2,"theorem factorization_pow' (n k p : ℕ) :
    (n ^ k).factorization p = k * n.factorization p := by
  rw [Nat.factorization_pow]
  rfl
",,True,60,MIL.C05_Elementary_Number_Theory.solutions.Solutions_S01_Irrational_Roots,Qwen-7B-short,LENGTH,best_of_n,False,0,0.0,factorization_pow',False
-1,False,2,"theorem factorization_pow' (n k p : ℕ) :
    (n ^ k).factorization p = k * n.factorization p := by
  rw [Nat.factorization_pow]
  rfl

",,True,2,"theorem factorization_pow' (n k p : ℕ) :
    (n ^ k).factorization p = k * n.factorization p := by
  rw [Nat.factorization_pow]
  rfl
",,True,60,MIL.C05_Elementary_Number_Theory.solutions.Solutions_S01_Irrational_Roots,Qwen-7B-short,LENGTH,best_of_n,False,0,0.0,factorization_pow',False
-1,False,2,"theorem factorization_pow' (n k p : ℕ) :
    (n ^ k).factorization p = k * n.factorization p := by
  rw [Nat.factorization_pow]
  rfl

",,True,2,"theorem factorization_pow' (n k p : ℕ) :
    (n ^ k).factorization p = k * n.factorization p := by
  rw [Nat.factorization_pow]
  rfl


",,True,60,MIL.C05_Elementary_Number_Theory.solutions.Solutions_S01_Irrational_Roots,Qwen-7B-short,LENGTH,best_of_n,False,0,0.0,factorization_pow',False
-1,False,2,"theorem factorization_pow' (n k p : ℕ) :
    (n ^ k).factorization p = k * n.factorization p := by
  rw [Nat.factorization_pow]
  rfl

",,True,2,"theorem factorization_pow' (n k p : ℕ) :
    (n ^ k).factorization p = k * n.factorization p := by
  rw [Nat.factorization_pow]
  rfl


",,True,60,MIL.C05_Elementary_Number_Theory.solutions.Solutions_S01_Irrational_Roots,Qwen-7B-short,LENGTH,best_of_n,False,0,0.0,factorization_pow',False
-1,False,11,"theorem t3 {m n p : ℕ} (nnz : n ≠ 0) (prime_p : p.Prime) : m ^ 2 ≠ p * n ^ 2 := by
  intro sqr_eq
  have nsqr_nez : n ^ 2 ≠ 0 := by simpa
  have eq1 : Nat.factorization (m ^ 2) p = 2 * m.factorization p := by
    rw [factorization_pow']
  have eq2 : (p * n ^ 2).factorization p = 2 * n.factorization p + 1 := by
    rw [factorization_mul' prime_p.ne_zero nsqr_nez, prime_p.factorization', factorization_pow',
      add_comm]
  have : 2 * m.factorization p % 2 = (2 * n.factorization p + 1) % 2 := by
    rw [← eq1, sqr_eq, eq2]
  rw [add_comm, Nat.add_mul_mod_self_left, Nat.mul_mod_right] at this
  norm_num at this

",,True,-1,"theorem t3 {m n p : ℕ} (nnz : n ≠ 0) (prime_p : p.Prime) : m ^ 2 ≠ p * n ^ 2 := by
  intro sqr_eq
  rw [← 2 * n.factorization p, mul_assoc, mul_assoc, mul_comm n.factorization p]
  simpa using Nat.factorization_dvd_mul_left _ _ _

","💥️tactic 'rewrite' failed, equality or iff proof expected
  ℕ
m n p : ℕ
nnz : n ≠ 0
prime_p : Nat.Prime p
sqr_eq : m ^ 2 = p * n ^ 2
⊢ False",False,60,MIL.C05_Elementary_Number_Theory.solutions.Solutions_S01_Irrational_Roots,Qwen-7B-short,LENGTH,best_of_n,False,0,-1.0,t3,False
-1,False,11,"theorem t3 {m n p : ℕ} (nnz : n ≠ 0) (prime_p : p.Prime) : m ^ 2 ≠ p * n ^ 2 := by
  intro sqr_eq
  have nsqr_nez : n ^ 2 ≠ 0 := by simpa
  have eq1 : Nat.factorization (m ^ 2) p = 2 * m.factorization p := by
    rw [factorization_pow']
  have eq2 : (p * n ^ 2).factorization p = 2 * n.factorization p + 1 := by
    rw [factorization_mul' prime_p.ne_zero nsqr_nez, prime_p.factorization', factorization_pow',
      add_comm]
  have : 2 * m.factorization p % 2 = (2 * n.factorization p + 1) % 2 := by
    rw [← eq1, sqr_eq, eq2]
  rw [add_comm, Nat.add_mul_mod_self_left, Nat.mul_mod_right] at this
  norm_num at this

",,True,-1,"theorem t3 {m n p : ℕ} (nnz : n ≠ 0) (prime_p : p.Prime) : m ^ 2 ≠ p * n ^ 2 := by
  intro sqr_eq
  rw [← Nat.factorization (p * n ^ 2) prime_p.ne_zero (by simpa), Nat.pow_dvd_mul_iff_of_non_zero_left,
    Ne.def, Int.pow_eq_zero_right_iff]
","💥️application type mismatch
  (p * n ^ 2).factorization ⋯
argument
  Nat.Prime.ne_zero prime_p
has type
  p ≠ 0 : Prop
but is expected to have type
  ℕ : Type

💥️tactic 'rewrite' failed, equality or iff proof expected
  ?m.10622
m n p : ℕ
nnz : n ≠ 0
prime_p : Nat.Prime p
sqr_eq : m ^ 2 = p * n ^ 2
⊢ False",False,60,MIL.C05_Elementary_Number_Theory.solutions.Solutions_S01_Irrational_Roots,Qwen-7B-short,LENGTH,best_of_n,False,0,-1.0,t3,False
-1,False,11,"theorem t3 {m n p : ℕ} (nnz : n ≠ 0) (prime_p : p.Prime) : m ^ 2 ≠ p * n ^ 2 := by
  intro sqr_eq
  have nsqr_nez : n ^ 2 ≠ 0 := by simpa
  have eq1 : Nat.factorization (m ^ 2) p = 2 * m.factorization p := by
    rw [factorization_pow']
  have eq2 : (p * n ^ 2).factorization p = 2 * n.factorization p + 1 := by
    rw [factorization_mul' prime_p.ne_zero nsqr_nez, prime_p.factorization', factorization_pow',
      add_comm]
  have : 2 * m.factorization p % 2 = (2 * n.factorization p + 1) % 2 := by
    rw [← eq1, sqr_eq, eq2]
  rw [add_comm, Nat.add_mul_mod_self_left, Nat.mul_mod_right] at this
  norm_num at this

",,True,11,"theorem t3 {m n p : ℕ} (nnz : n ≠ 0) (prime_p : p.Prime) : m ^ 2 ≠ p * n ^ 2 := by
  intro sqr_eq
  have nsqr_nez : n ^ 2 ≠ 0 := by simpa
  have eq1 : Nat.factorization (m ^ 2) p = 2 * m.factorization p := by
    rw [factorization_pow']
  have eq2 : (p * n ^ 2).factorization p = 2 * n.factorization p + 1 := by
    rw [factorization_mul' prime_p.ne_zero nsqr_nez, prime_p.factorization', factorization_pow',
      add_comm]
  have : 2 * m.factorization p % 2 = (2 * n.factorization p + 1) % 2 := by
    rw [← eq1, sqr_eq, eq2]
  rw [add_comm, Nat.add_mul_mod_self_left, Nat.mul_mod_right] at this
  norm_num at this


",,True,60,MIL.C05_Elementary_Number_Theory.solutions.Solutions_S01_Irrational_Roots,Qwen-7B-short,LENGTH,best_of_n,False,0,0.0,t3,False
-1,False,11,"theorem t3 {m n p : ℕ} (nnz : n ≠ 0) (prime_p : p.Prime) : m ^ 2 ≠ p * n ^ 2 := by
  intro sqr_eq
  have nsqr_nez : n ^ 2 ≠ 0 := by simpa
  have eq1 : Nat.factorization (m ^ 2) p = 2 * m.factorization p := by
    rw [factorization_pow']
  have eq2 : (p * n ^ 2).factorization p = 2 * n.factorization p + 1 := by
    rw [factorization_mul' prime_p.ne_zero nsqr_nez, prime_p.factorization', factorization_pow',
      add_comm]
  have : 2 * m.factorization p % 2 = (2 * n.factorization p + 1) % 2 := by
    rw [← eq1, sqr_eq, eq2]
  rw [add_comm, Nat.add_mul_mod_self_left, Nat.mul_mod_right] at this
  norm_num at this

",,True,-1,"theorem t3 {m n p : ℕ} (nnz : n ≠ 0) (prime_p : p.Prime) : m ^ 2 ≠ p * n ^ 2 := by
  intro outlook
  rw [factorization_pow', prime_p.factorization', and_ne_left, Nat.pow_ne_zero,
    ← Nat.mul_pow_left_comm]
  have : 2 * m.factorization p % 2 = (2 * n.factorization p + 1) % 2 := by
    rw [← eq1, sqrt_eq, eq2]
  omega
","💥️tactic 'rewrite' failed, did not find instance of the pattern in the target expression
  (?n ^ ?k).factorization ?p
m n p : ℕ
nnz : n ≠ 0
prime_p : Nat.Prime p
outlook : m ^ 2 = p * n ^ 2
⊢ False",False,60,MIL.C05_Elementary_Number_Theory.solutions.Solutions_S01_Irrational_Roots,Qwen-7B-short,LENGTH,best_of_n,False,0,-1.0,t3,False
-1,False,11,"theorem t3 {m n p : ℕ} (nnz : n ≠ 0) (prime_p : p.Prime) : m ^ 2 ≠ p * n ^ 2 := by
  intro sqr_eq
  have nsqr_nez : n ^ 2 ≠ 0 := by simpa
  have eq1 : Nat.factorization (m ^ 2) p = 2 * m.factorization p := by
    rw [factorization_pow']
  have eq2 : (p * n ^ 2).factorization p = 2 * n.factorization p + 1 := by
    rw [factorization_mul' prime_p.ne_zero nsqr_nez, prime_p.factorization', factorization_pow',
      add_comm]
  have : 2 * m.factorization p % 2 = (2 * n.factorization p + 1) % 2 := by
    rw [← eq1, sqr_eq, eq2]
  rw [add_comm, Nat.add_mul_mod_self_left, Nat.mul_mod_right] at this
  norm_num at this

",,True,-1,"theorem t3 {m n p : ℕ} (nnz : n ≠ 0) (prime_p : p.Prime) : m ^ 2 ≠ p * n ^ 2 := by
  intro sqr_eq
  have nsqr_nez : n ^ 2 ≠ 0 := by simpa
  have eq1 : Nat.factorization (m ^ 2) p = 2 * m.factorization p := by
    rw [factorization_pow']
  have eq2 : (p * n ^ 2).factorization p = 2 * n.factorization p + 1 := by
    rw [factorization_mul' prime_p.ne_zero nsqr_nez, prime_p.factorization', factorization_pow',
      add_comm]
  have : 2 * m.factorization p % 2 = (2 * n.factorization p + 1) % 2 := by
    rw [← eq1, sqre_eq, eq2]
  rw [add_comm, Nat.add_mul_mod_self_left, Nat.mul_mod_right] at this
  norm_num at this


","💥️unknown identifier 'sqre_eq'

💥️tactic 'rewrite' failed, equality or iff proof expected
  ?m.11718
m n p : ℕ
nnz : n ≠ 0
prime_p : Nat.Prime p
sqr_eq : m ^ 2 = p * n ^ 2
nsqr_nez : n ^ 2 ≠ 0
eq1 : (m ^ 2).factorization p = 2 * m.factorization p
eq2 : (p * n ^ 2).factorization p = 2 * n.factorization p + 1
⊢ (m ^ 2).factorization p % 2 = (2 * n.factorization p + 1) % 2",False,60,MIL.C05_Elementary_Number_Theory.solutions.Solutions_S01_Irrational_Roots,Qwen-7B-short,LENGTH,best_of_n,False,0,-1.0,t3,False
-1,False,11,"theorem t3 {m n p : ℕ} (nnz : n ≠ 0) (prime_p : p.Prime) : m ^ 2 ≠ p * n ^ 2 := by
  intro sqr_eq
  have nsqr_nez : n ^ 2 ≠ 0 := by simpa
  have eq1 : Nat.factorization (m ^ 2) p = 2 * m.factorization p := by
    rw [factorization_pow']
  have eq2 : (p * n ^ 2).factorization p = 2 * n.factorization p + 1 := by
    rw [factorization_mul' prime_p.ne_zero nsqr_nez, prime_p.factorization', factorization_pow',
      add_comm]
  have : 2 * m.factorization p % 2 = (2 * n.factorization p + 1) % 2 := by
    rw [← eq1, sqr_eq, eq2]
  rw [add_comm, Nat.add_mul_mod_self_left, Nat.mul_mod_right] at this
  norm_num at this

",,True,-1,"theorem t3 {m n p : ℕ} (nnz : n ≠ 0) (prime_p : p.Prime) : m ^ 2 ≠ p * n ^ 2 := by
  intro_sq_eq
  rw [← sub_eq_zero, ← sub_mul_cancel_left, sub_neg]
  convert (m ^ 2) using 2
  linear_combination (2 * n.factorization p) % 2


","💥️unknown tactic

💥️unsolved goals
m n p : ℕ
nnz : n ≠ 0
prime_p : Nat.Prime p
⊢ m ^ 2 ≠ p * n ^ 2",False,60,MIL.C05_Elementary_Number_Theory.solutions.Solutions_S01_Irrational_Roots,Qwen-7B-short,LENGTH,best_of_n,False,0,-1.0,t3,False
-1,False,11,"theorem t3 {m n p : ℕ} (nnz : n ≠ 0) (prime_p : p.Prime) : m ^ 2 ≠ p * n ^ 2 := by
  intro sqr_eq
  have nsqr_nez : n ^ 2 ≠ 0 := by simpa
  have eq1 : Nat.factorization (m ^ 2) p = 2 * m.factorization p := by
    rw [factorization_pow']
  have eq2 : (p * n ^ 2).factorization p = 2 * n.factorization p + 1 := by
    rw [factorization_mul' prime_p.ne_zero nsqr_nez, prime_p.factorization', factorization_pow',
      add_comm]
  have : 2 * m.factorization p % 2 = (2 * n.factorization p + 1) % 2 := by
    rw [← eq1, sqr_eq, eq2]
  rw [add_comm, Nat.add_mul_mod_self_left, Nat.mul_mod_right] at this
  norm_num at this

",,True,-1,"theorem t3 {m n p : ℕ} (nnz : n ≠ 0) (prime_p : p.Prime) : m ^ 2 ≠ p * n ^ 2 := by
  intro squared_eq
  have n_sq : n ^ 2 ≠ 0 := by simpa
  have m factored : m ^ 2 = (m * n) ^ 2 := by simp [square_eq_mul_self]
  specialize squared_eq (m * n) ^ 2
  rw [← is Square.tendsto sq, tendsto_const_nhds, is square_iff] at squared_eq
  simp [sqrt]
","💥️failed to infer binder type

💥️unsolved goals
m n p : ℕ
nnz : n ≠ 0
prime_p : Nat.Prime p
squared_eq : m ^ 2 = p * n ^ 2
n_sq : n ^ 2 ≠ 0
⊢ False",False,60,MIL.C05_Elementary_Number_Theory.solutions.Solutions_S01_Irrational_Roots,Qwen-7B-short,LENGTH,best_of_n,False,0,-1.0,t3,False
-1,False,11,"theorem t3 {m n p : ℕ} (nnz : n ≠ 0) (prime_p : p.Prime) : m ^ 2 ≠ p * n ^ 2 := by
  intro sqr_eq
  have nsqr_nez : n ^ 2 ≠ 0 := by simpa
  have eq1 : Nat.factorization (m ^ 2) p = 2 * m.factorization p := by
    rw [factorization_pow']
  have eq2 : (p * n ^ 2).factorization p = 2 * n.factorization p + 1 := by
    rw [factorization_mul' prime_p.ne_zero nsqr_nez, prime_p.factorization', factorization_pow',
      add_comm]
  have : 2 * m.factorization p % 2 = (2 * n.factorization p + 1) % 2 := by
    rw [← eq1, sqr_eq, eq2]
  rw [add_comm, Nat.add_mul_mod_self_left, Nat.mul_mod_right] at this
  norm_num at this

",,True,-1,"theorem t3 {m n p : ℕ} (nnz : n ≠ 0) (prime_p : p.Prime) : m ^ 2 ≠ p * n ^ 2 := by
  intro sqr_eq
  have nsqr_nez : n ^ 2 ≠ 0 := by simpa
  have eq1 : Nat.factorization (m ^ 2) p = 2 * m.factorization p := by
    rw [factorization_pow']
  have eq2 : (p * n ^ 2).factorization p = 2 * n.factorization p + 1 := by
    rw [factorization_mul' prime_p.ne_zero nsqr_nez, prime_p.factorization', factorization_pow',
      add_comm]
  have : 2 * m.factorization p % 2 = (2 * n.factorization p + 1) % 2 := by
    rw [← eq1, square_eq, eq2]
  add this to congrnodiv
","💥️unknown tactic

💥️unknown identifier 'square_eq'

💥️tactic 'rewrite' failed, equality or iff proof expected
  ?m.11718
m n p : ℕ
nnz : n ≠ 0
prime_p : Nat.Prime p
sqr_eq : m ^ 2 = p * n ^ 2
nsqr_nez : n ^ 2 ≠ 0
eq1 : (m ^ 2).factorization p = 2 * m.factorization p
eq2 : (p * n ^ 2).factorization p = 2 * n.factorization p + 1
⊢ (m ^ 2).factorization p % 2 = (2 * n.factorization p + 1) % 2

💥️unsolved goals
m n p : ℕ
nnz : n ≠ 0
prime_p : Nat.Prime p
sqr_eq : m ^ 2 = p * n ^ 2
nsqr_nez : n ^ 2 ≠ 0
eq1 : (m ^ 2).factorization p = 2 * m.factorization p
eq2 : (p * n ^ 2).factorization p = 2 * n.factorization p + 1
this : 2 * m.factorization p % 2 = (2 * n.factorization p + 1) % 2
⊢ False",False,60,MIL.C05_Elementary_Number_Theory.solutions.Solutions_S01_Irrational_Roots,Qwen-7B-short,LENGTH,best_of_n,False,0,-1.0,t3,False
-1,False,11,"theorem t3 {m n p : ℕ} (nnz : n ≠ 0) (prime_p : p.Prime) : m ^ 2 ≠ p * n ^ 2 := by
  intro sqr_eq
  have nsqr_nez : n ^ 2 ≠ 0 := by simpa
  have eq1 : Nat.factorization (m ^ 2) p = 2 * m.factorization p := by
    rw [factorization_pow']
  have eq2 : (p * n ^ 2).factorization p = 2 * n.factorization p + 1 := by
    rw [factorization_mul' prime_p.ne_zero nsqr_nez, prime_p.factorization', factorization_pow',
      add_comm]
  have : 2 * m.factorization p % 2 = (2 * n.factorization p + 1) % 2 := by
    rw [← eq1, sqr_eq, eq2]
  rw [add_comm, Nat.add_mul_mod_self_left, Nat.mul_mod_right] at this
  norm_num at this

",,True,-1,"theorem t3 {m n p : ℕ} (nnz : n ≠ 0) (prime_p : p.Prime) : m ^ 2 ≠ p * n ^ 2 := by
  intro sqr_eq
  have nsqr_nez : n ^ 2 ≠ 0 := by simpa
  have eq1 : Nat.factorization (m ^ 2) p = 2 * m.factorization p := by
    rw [factorization_pow']
  have eq2 : (p * n ^ 2).factorization p = 2 * n.factorization p + 1 := by
    rw [factorization_mul' prime_p.ne_zero csq_eq_zero, prime_p.factorization', factorization_pow',
      add_comm]
  have : 2 * m.factorization p % 2 = (2 * n.factorization p + 1) % 2 := by
    rw [← eq1, sqrt_eq, eq2]
  rw [add_comm, Nat.add_mul_mod_self_left, Nat.mul_mod_right] at this
  norm_num at this


","💥️unknown identifier 'csq_eq_zero'

💥️unknown identifier 'sqrt_eq'

💥️tactic 'rewrite' failed, equality or iff proof expected
  ?m.11717
m n p : ℕ
nnz : n ≠ 0
prime_p : Nat.Prime p
sqr_eq : m ^ 2 = p * n ^ 2
nsqr_nez : n ^ 2 ≠ 0
eq1 : (m ^ 2).factorization p = 2 * m.factorization p
eq2 : (p * n ^ 2).factorization p = 2 * n.factorization p + 1
⊢ (m ^ 2).factorization p % 2 = (2 * n.factorization p + 1) % 2",False,60,MIL.C05_Elementary_Number_Theory.solutions.Solutions_S01_Irrational_Roots,Qwen-7B-short,LENGTH,best_of_n,False,0,-1.0,t3,False
-1,False,11,"theorem t3 {m n p : ℕ} (nnz : n ≠ 0) (prime_p : p.Prime) : m ^ 2 ≠ p * n ^ 2 := by
  intro sqr_eq
  have nsqr_nez : n ^ 2 ≠ 0 := by simpa
  have eq1 : Nat.factorization (m ^ 2) p = 2 * m.factorization p := by
    rw [factorization_pow']
  have eq2 : (p * n ^ 2).factorization p = 2 * n.factorization p + 1 := by
    rw [factorization_mul' prime_p.ne_zero nsqr_nez, prime_p.factorization', factorization_pow',
      add_comm]
  have : 2 * m.factorization p % 2 = (2 * n.factorization p + 1) % 2 := by
    rw [← eq1, sqr_eq, eq2]
  rw [add_comm, Nat.add_mul_mod_self_left, Nat.mul_mod_right] at this
  norm_num at this

",,True,-1,"theorem t3 {m n p : ℕ} (nnz : n ≠ 0) (prime_p : p.Prime) : m ^ 2 ≠ p * n ^ 2 := by
  intro sqr_eq
  rw [factorization_mul' prime_p.ne_zero (by simp), prime_p.factorization', factorization_pow',
    Nat.mul_mod_left]
","💥️tactic 'rewrite' failed, did not find instance of the pattern in the target expression
  (p * ?m.9841).factorization ?p
m n p : ℕ
nnz : n ≠ 0
prime_p : Nat.Prime p
sqr_eq : m ^ 2 = p * n ^ 2
⊢ False",False,60,MIL.C05_Elementary_Number_Theory.solutions.Solutions_S01_Irrational_Roots,Qwen-7B-short,LENGTH,best_of_n,False,0,-1.0,t3,False
-1,False,11,"theorem t3 {m n p : ℕ} (nnz : n ≠ 0) (prime_p : p.Prime) : m ^ 2 ≠ p * n ^ 2 := by
  intro sqr_eq
  have nsqr_nez : n ^ 2 ≠ 0 := by simpa
  have eq1 : Nat.factorization (m ^ 2) p = 2 * m.factorization p := by
    rw [factorization_pow']
  have eq2 : (p * n ^ 2).factorization p = 2 * n.factorization p + 1 := by
    rw [factorization_mul' prime_p.ne_zero nsqr_nez, prime_p.factorization', factorization_pow',
      add_comm]
  have : 2 * m.factorization p % 2 = (2 * n.factorization p + 1) % 2 := by
    rw [← eq1, sqr_eq, eq2]
  rw [add_comm, Nat.add_mul_mod_self_left, Nat.mul_mod_right] at this
  norm_num at this

",,True,-1,"theorem t3 {m n p : ℕ} (nnz : n ≠ 0) (prime_p : p.Prime) : m ^ 2 ≠ p * n ^ 2 := by
  intro sqr_eq
  rw [Factorization.eq_iff] at this
  norm_num
",💥️unknown identifier 'this',False,60,MIL.C05_Elementary_Number_Theory.solutions.Solutions_S01_Irrational_Roots,Qwen-7B-short,LENGTH,best_of_n,False,0,-1.0,t3,False
-1,False,11,"theorem t3 {m n p : ℕ} (nnz : n ≠ 0) (prime_p : p.Prime) : m ^ 2 ≠ p * n ^ 2 := by
  intro sqr_eq
  have nsqr_nez : n ^ 2 ≠ 0 := by simpa
  have eq1 : Nat.factorization (m ^ 2) p = 2 * m.factorization p := by
    rw [factorization_pow']
  have eq2 : (p * n ^ 2).factorization p = 2 * n.factorization p + 1 := by
    rw [factorization_mul' prime_p.ne_zero nsqr_nez, prime_p.factorization', factorization_pow',
      add_comm]
  have : 2 * m.factorization p % 2 = (2 * n.factorization p + 1) % 2 := by
    rw [← eq1, sqr_eq, eq2]
  rw [add_comm, Nat.add_mul_mod_self_left, Nat.mul_mod_right] at this
  norm_num at this

",,True,-1,"theorem t3 {m n p : ℕ} (nnz : n ≠ 0) (prime_p : p.Prime) : m ^ 2 ≠ p * n ^ 2 := by
  intro sqr_eq
  rw [← 2 * (m.factorization p).odd_or]
  aesop.mpr fun h ↦ h ▸ m ^ 2 = p * n ^ 2
","💥️unknown tactic

💥️invalid field 'odd_or', the environment does not contain 'Nat.odd_or'
  m.factorization p
has type
  ℕ",False,60,MIL.C05_Elementary_Number_Theory.solutions.Solutions_S01_Irrational_Roots,Qwen-7B-short,LENGTH,best_of_n,False,0,-1.0,t3,False
-1,False,11,"theorem t3 {m n p : ℕ} (nnz : n ≠ 0) (prime_p : p.Prime) : m ^ 2 ≠ p * n ^ 2 := by
  intro sqr_eq
  have nsqr_nez : n ^ 2 ≠ 0 := by simpa
  have eq1 : Nat.factorization (m ^ 2) p = 2 * m.factorization p := by
    rw [factorization_pow']
  have eq2 : (p * n ^ 2).factorization p = 2 * n.factorization p + 1 := by
    rw [factorization_mul' prime_p.ne_zero nsqr_nez, prime_p.factorization', factorization_pow',
      add_comm]
  have : 2 * m.factorization p % 2 = (2 * n.factorization p + 1) % 2 := by
    rw [← eq1, sqr_eq, eq2]
  rw [add_comm, Nat.add_mul_mod_self_left, Nat.mul_mod_right] at this
  norm_num at this

",,True,-1,"theorem t3 {m n p : ℕ} (nnz : n ≠ 0) (prime_p : p.Prime) : m ^ 2 ≠ p * n ^ 2 := by
  intro sqr_eq
  have n2 : n ^ 2 ≠ 0 := by simpa
  have : 2 * m.factorization p % 2 = (2 * n.factorization p + 1) % 2 := by
    rw [← eq1, sqrt_eq, eq2]
  exact this
","💥️unknown identifier 'eq1'

💥️tactic 'rewrite' failed, equality or iff proof expected
  ?m.10627
m n p : ℕ
nnz : n ≠ 0
prime_p : Nat.Prime p
sqr_eq : m ^ 2 = p * n ^ 2
n2 : n ^ 2 ≠ 0
⊢ 2 * m.factorization p % 2 = (2 * n.factorization p + 1) % 2

💥️type mismatch
  this
has type
  2 * m.factorization p % 2 = (2 * n.factorization p + 1) % 2 : Prop
but is expected to have type
  False : Prop",False,60,MIL.C05_Elementary_Number_Theory.solutions.Solutions_S01_Irrational_Roots,Qwen-7B-short,LENGTH,best_of_n,False,0,-1.0,t3,False
-1,False,11,"theorem t3 {m n p : ℕ} (nnz : n ≠ 0) (prime_p : p.Prime) : m ^ 2 ≠ p * n ^ 2 := by
  intro sqr_eq
  have nsqr_nez : n ^ 2 ≠ 0 := by simpa
  have eq1 : Nat.factorization (m ^ 2) p = 2 * m.factorization p := by
    rw [factorization_pow']
  have eq2 : (p * n ^ 2).factorization p = 2 * n.factorization p + 1 := by
    rw [factorization_mul' prime_p.ne_zero nsqr_nez, prime_p.factorization', factorization_pow',
      add_comm]
  have : 2 * m.factorization p % 2 = (2 * n.factorization p + 1) % 2 := by
    rw [← eq1, sqr_eq, eq2]
  rw [add_comm, Nat.add_mul_mod_self_left, Nat.mul_mod_right] at this
  norm_num at this

",,True,-1,"theorem t3 {m n p : ℕ} (nnz : n ≠ 0) (prime_p : p.Prime) : m ^ 2 ≠ p * n ^ 2 := by
  intro sqr_eq
  rw [← eq1,hq_eq,eq2]
  rw [add_comm, Nat.add_mul_mod_self_left, Nat.mul_mod_right] at this
  norm_num at this
","💥️unknown identifier 'eq1'

💥️tactic 'rewrite' failed, equality or iff proof expected
  ?m.9841
m n p : ℕ
nnz : n ≠ 0
prime_p : Nat.Prime p
sqr_eq : m ^ 2 = p * n ^ 2
⊢ False",False,60,MIL.C05_Elementary_Number_Theory.solutions.Solutions_S01_Irrational_Roots,Qwen-7B-short,LENGTH,best_of_n,False,0,-1.0,t3,False
-1,False,11,"theorem t3 {m n p : ℕ} (nnz : n ≠ 0) (prime_p : p.Prime) : m ^ 2 ≠ p * n ^ 2 := by
  intro sqr_eq
  have nsqr_nez : n ^ 2 ≠ 0 := by simpa
  have eq1 : Nat.factorization (m ^ 2) p = 2 * m.factorization p := by
    rw [factorization_pow']
  have eq2 : (p * n ^ 2).factorization p = 2 * n.factorization p + 1 := by
    rw [factorization_mul' prime_p.ne_zero nsqr_nez, prime_p.factorization', factorization_pow',
      add_comm]
  have : 2 * m.factorization p % 2 = (2 * n.factorization p + 1) % 2 := by
    rw [← eq1, sqr_eq, eq2]
  rw [add_comm, Nat.add_mul_mod_self_left, Nat.mul_mod_right] at this
  norm_num at this

",,True,11,"theorem t3 {m n p : ℕ} (nnz : n ≠ 0) (prime_p : p.Prime) : m ^ 2 ≠ p * n ^ 2 := by
  intro sqr_eq
  have nsqr_nez : n ^ 2 ≠ 0 := by simpa
  have eq1 : Nat.factorization (m ^ 2) p = 2 * m.factorization p := by
    rw [factorization_pow']
  have eq2 : (p * n ^ 2).factorization p = 2 * n.factorization p + 1 := by
    rw [factorization_mul' prime_p.ne_zero nsqr_nez, prime_p.factorization', factorization_pow',
      add_comm]
  have : 2 * m.factorization p % 2 = (2 * n.factorization p + 1) % 2 := by
    rw [← eq1, sqr_eq, eq2]
  rw [add_comm, Nat.add_mul_mod_self_left, Nat.mul_mod_right] at this
  norm_num at this


",,True,60,MIL.C05_Elementary_Number_Theory.solutions.Solutions_S01_Irrational_Roots,Qwen-7B-short,LENGTH,best_of_n,False,0,0.0,t3,False
-1,False,11,"theorem t3 {m n p : ℕ} (nnz : n ≠ 0) (prime_p : p.Prime) : m ^ 2 ≠ p * n ^ 2 := by
  intro sqr_eq
  have nsqr_nez : n ^ 2 ≠ 0 := by simpa
  have eq1 : Nat.factorization (m ^ 2) p = 2 * m.factorization p := by
    rw [factorization_pow']
  have eq2 : (p * n ^ 2).factorization p = 2 * n.factorization p + 1 := by
    rw [factorization_mul' prime_p.ne_zero nsqr_nez, prime_p.factorization', factorization_pow',
      add_comm]
  have : 2 * m.factorization p % 2 = (2 * n.factorization p + 1) % 2 := by
    rw [← eq1, sqr_eq, eq2]
  rw [add_comm, Nat.add_mul_mod_self_left, Nat.mul_mod_right] at this
  norm_num at this

",,True,11,"theorem t3 {m n p : ℕ} (nnz : n ≠ 0) (prime_p : p.Prime) : m ^ 2 ≠ p * n ^ 2 := by
  intro sq_eq
  have nsqr_nez : n ^ 2 ≠ 0 := by simpa
  have eq1 : Nat.factorization (m ^ 2) p = 2 * m.factorization p := by
    rw [factorization_pow']
  have eq2 : (p * n ^ 2).factorization p = 2 * n.factorization p + 1 := by
    rw [factorization_mul' prime_p.ne_zero nsqr_nez, prime_p.factorization', factorization_pow',
      add_comm]
  have : 2 * m.factorization p % 2 = (2 * n.factorization p + 1) % 2 := by
    rw [← eq1, sq_eq, eq2]
  rw [add_comm, Nat.add_mul_mod_self_left, Nat.mul_mod_right] at this
  norm_num at this


",,True,60,MIL.C05_Elementary_Number_Theory.solutions.Solutions_S01_Irrational_Roots,Qwen-7B-short,LENGTH,best_of_n,False,0,0.0,t3,False
-1,False,11,"theorem t3 {m n p : ℕ} (nnz : n ≠ 0) (prime_p : p.Prime) : m ^ 2 ≠ p * n ^ 2 := by
  intro sqr_eq
  have nsqr_nez : n ^ 2 ≠ 0 := by simpa
  have eq1 : Nat.factorization (m ^ 2) p = 2 * m.factorization p := by
    rw [factorization_pow']
  have eq2 : (p * n ^ 2).factorization p = 2 * n.factorization p + 1 := by
    rw [factorization_mul' prime_p.ne_zero nsqr_nez, prime_p.factorization', factorization_pow',
      add_comm]
  have : 2 * m.factorization p % 2 = (2 * n.factorization p + 1) % 2 := by
    rw [← eq1, sqr_eq, eq2]
  rw [add_comm, Nat.add_mul_mod_self_left, Nat.mul_mod_right] at this
  norm_num at this

",,True,11,"theorem t3 {m n p : ℕ} (nnz : n ≠ 0) (prime_p : p.Prime) : m ^ 2 ≠ p * n ^ 2 := by
  intro sqr_eq
  have nsqr_nez : n ^ 2 ≠ 0 := by simpa
  have eq1 : Nat.factorization (m ^ 2) p = 2 * m.factorization p := by
    rw [factorization_pow']
  have eq2 : (p * n ^ 2).factorization p = 2 * n.factorization p + 1 := by
    rw [factorization_mul' prime_p.ne_zero nsqr_nez, prime_p.factorization', factorization_pow',
      add_comm]
  have : 2 * m.factorization p % 2 = (2 * n.factorization p + 1) % 2 := by
    rw [← eq1, sqr_eq, eq2]
  rw [add_comm, Nat.add_mul_mod_self_left, Nat.mul_mod_right] at this
  norm_num at this


",,True,60,MIL.C05_Elementary_Number_Theory.solutions.Solutions_S01_Irrational_Roots,Qwen-7B-short,LENGTH,best_of_n,False,0,0.0,t3,False
-1,False,11,"theorem t3 {m n p : ℕ} (nnz : n ≠ 0) (prime_p : p.Prime) : m ^ 2 ≠ p * n ^ 2 := by
  intro sqr_eq
  have nsqr_nez : n ^ 2 ≠ 0 := by simpa
  have eq1 : Nat.factorization (m ^ 2) p = 2 * m.factorization p := by
    rw [factorization_pow']
  have eq2 : (p * n ^ 2).factorization p = 2 * n.factorization p + 1 := by
    rw [factorization_mul' prime_p.ne_zero nsqr_nez, prime_p.factorization', factorization_pow',
      add_comm]
  have : 2 * m.factorization p % 2 = (2 * n.factorization p + 1) % 2 := by
    rw [← eq1, sqr_eq, eq2]
  rw [add_comm, Nat.add_mul_mod_self_left, Nat.mul_mod_right] at this
  norm_num at this

",,True,-1,"theorem t3 {m n p : ℕ} (nnz : n ≠ 0) (prime_p : p.Prime) : m ^ 2 ≠ p * n ^ 2 := by
  by_contra! t
  have t := Nat.factorization (m ^ 2) p
  have t' := (p * n ^ 2).factorization p
  rw [rafl, t, t'] at t
  exact congrArg (fun _ ↦ Nat.sub_ne_zero) t
","💥️unknown identifier 'rafl'

💥️tactic 'rewrite' failed, equality or iff proof expected
  ?m.10362
m n p : ℕ
nnz : n ≠ 0
prime_p : Nat.Prime p
t✝ : m ^ 2 = p * n ^ 2
t t' : ℕ
⊢ False",False,60,MIL.C05_Elementary_Number_Theory.solutions.Solutions_S01_Irrational_Roots,Qwen-7B-short,LENGTH,best_of_n,False,0,-1.0,t3,False
-1,False,11,"theorem t3 {m n p : ℕ} (nnz : n ≠ 0) (prime_p : p.Prime) : m ^ 2 ≠ p * n ^ 2 := by
  intro sqr_eq
  have nsqr_nez : n ^ 2 ≠ 0 := by simpa
  have eq1 : Nat.factorization (m ^ 2) p = 2 * m.factorization p := by
    rw [factorization_pow']
  have eq2 : (p * n ^ 2).factorization p = 2 * n.factorization p + 1 := by
    rw [factorization_mul' prime_p.ne_zero nsqr_nez, prime_p.factorization', factorization_pow',
      add_comm]
  have : 2 * m.factorization p % 2 = (2 * n.factorization p + 1) % 2 := by
    rw [← eq1, sqr_eq, eq2]
  rw [add_comm, Nat.add_mul_mod_self_left, Nat.mul_mod_right] at this
  norm_num at this

",,True,-1,"theorem t3 {m n p : ℕ} (nnz : n ≠ 0) (prime_p : p.Prime) : m ^ 2 ≠ p * n ^ 2 := by
  intro square_eq
  rw [factorization_mul' prime_p.ne_zero (NeZero.pos_iff_ne_zero n), Prime.factorization',.out]
  exact congr_arg _ _


","💥️invalid field notation, type is not of the form (C ...) where C is a constant
  NeZero
has type
  ?m.9851 → Prop

💥️tactic 'rewrite' failed, did not find instance of the pattern in the target expression
  (p * ?m.9841).factorization ?p
m n p : ℕ
nnz : n ≠ 0
prime_p : Nat.Prime p
square_eq : m ^ 2 = p * n ^ 2
⊢ False",False,60,MIL.C05_Elementary_Number_Theory.solutions.Solutions_S01_Irrational_Roots,Qwen-7B-short,LENGTH,best_of_n,False,0,-1.0,t3,False
-1,False,11,"theorem t3 {m n p : ℕ} (nnz : n ≠ 0) (prime_p : p.Prime) : m ^ 2 ≠ p * n ^ 2 := by
  intro sqr_eq
  have nsqr_nez : n ^ 2 ≠ 0 := by simpa
  have eq1 : Nat.factorization (m ^ 2) p = 2 * m.factorization p := by
    rw [factorization_pow']
  have eq2 : (p * n ^ 2).factorization p = 2 * n.factorization p + 1 := by
    rw [factorization_mul' prime_p.ne_zero nsqr_nez, prime_p.factorization', factorization_pow',
      add_comm]
  have : 2 * m.factorization p % 2 = (2 * n.factorization p + 1) % 2 := by
    rw [← eq1, sqr_eq, eq2]
  rw [add_comm, Nat.add_mul_mod_self_left, Nat.mul_mod_right] at this
  norm_num at this

",,True,-1,"theorem t3 {m n p : ℕ} (nnz : n ≠ 0) (prime_p : p.Prime) : m ^ 2 ≠ p * n ^ 2 := by
  intro sqr_eq
  have neq : n ^ 2 ≠ 0 := by simpa
  have eq1 : Nat.factorization (m ^ 2) p = 2 * m.factorization p := by
    rw [factorization_pow']
  have eq2 : (p * n ^ 2).factorization p = 2 * n.factorization p + 1 := by
    rw [factorization_mul' prime_p.ne_zero neq, prime_p.factorization', factorization_pow',
      add_comm]
  have : 2 * m.factorization p % 2 = (2 * n.factorization p + 1) % 2 := by
    rw [← eq1, get_ofNat_right_eq, eq2]
  rw [add_comm, Nat.add_mul_mod_self_left, Nat.mul_mod_right] at this
  norm_num at this


","💥️unknown identifier 'get_ofNat_right_eq'

💥️tactic 'rewrite' failed, equality or iff proof expected
  ?m.11718
m n p : ℕ
nnz : n ≠ 0
prime_p : Nat.Prime p
sqr_eq : m ^ 2 = p * n ^ 2
neq : n ^ 2 ≠ 0
eq1 : (m ^ 2).factorization p = 2 * m.factorization p
eq2 : (p * n ^ 2).factorization p = 2 * n.factorization p + 1
⊢ (m ^ 2).factorization p % 2 = (2 * n.factorization p + 1) % 2",False,60,MIL.C05_Elementary_Number_Theory.solutions.Solutions_S01_Irrational_Roots,Qwen-7B-short,LENGTH,best_of_n,False,0,-1.0,t3,False
-1,False,11,"theorem t3 {m n p : ℕ} (nnz : n ≠ 0) (prime_p : p.Prime) : m ^ 2 ≠ p * n ^ 2 := by
  intro sqr_eq
  have nsqr_nez : n ^ 2 ≠ 0 := by simpa
  have eq1 : Nat.factorization (m ^ 2) p = 2 * m.factorization p := by
    rw [factorization_pow']
  have eq2 : (p * n ^ 2).factorization p = 2 * n.factorization p + 1 := by
    rw [factorization_mul' prime_p.ne_zero nsqr_nez, prime_p.factorization', factorization_pow',
      add_comm]
  have : 2 * m.factorization p % 2 = (2 * n.factorization p + 1) % 2 := by
    rw [← eq1, sqr_eq, eq2]
  rw [add_comm, Nat.add_mul_mod_self_left, Nat.mul_mod_right] at this
  norm_num at this

",,True,-1,"theorem t3 {m n p : ℕ} (hn : n ≠ 0) (hpr : p.Prime) : m ^ 2 ≠ p * n ^ 2 := by
  intro sqr_eq
  rw [← p.factorization_ne_zero, pow_self] at hn
  exact Contrapose (2 * (m.factorization p)) (2 * (n.factorization p))
","💥️invalid field 'factorization_ne_zero', the environment does not contain 'Nat.factorization_ne_zero'
  p
has type
  ℕ

💥️tactic 'rewrite' failed, equality or iff proof expected
  ?m.9841
m n p : ℕ
hn : n ≠ 0
hpr : Nat.Prime p
sqr_eq : m ^ 2 = p * n ^ 2
⊢ False",False,60,MIL.C05_Elementary_Number_Theory.solutions.Solutions_S01_Irrational_Roots,Qwen-7B-short,LENGTH,best_of_n,False,0,-1.0,t3,False
-1,False,11,"theorem t3 {m n p : ℕ} (nnz : n ≠ 0) (prime_p : p.Prime) : m ^ 2 ≠ p * n ^ 2 := by
  intro sqr_eq
  have nsqr_nez : n ^ 2 ≠ 0 := by simpa
  have eq1 : Nat.factorization (m ^ 2) p = 2 * m.factorization p := by
    rw [factorization_pow']
  have eq2 : (p * n ^ 2).factorization p = 2 * n.factorization p + 1 := by
    rw [factorization_mul' prime_p.ne_zero nsqr_nez, prime_p.factorization', factorization_pow',
      add_comm]
  have : 2 * m.factorization p % 2 = (2 * n.factorization p + 1) % 2 := by
    rw [← eq1, sqr_eq, eq2]
  rw [add_comm, Nat.add_mul_mod_self_left, Nat.mul_mod_right] at this
  norm_num at this

",,True,-1,"theorem t3 {m n p : ℕ} (nnz : n ≠ 0) (prime_p : p.Prime) : m ^ 2 ≠ p * n ^ 2 := by
  intro square_eq
  rw [← Nat.factorization (m ^ 2) p, Nat.factorization (p * n ^ 2) p, Finset.mem_prime_iff,
    Not.elim (NHdsWithin three_pos) (show Prime p | _ = 0 → _ = p * 0 ^ 2 by simp), Nat.mem.eq]
",💥️unexpected token '|'; expected 'by' or 'from',False,60,MIL.C05_Elementary_Number_Theory.solutions.Solutions_S01_Irrational_Roots,Qwen-7B-short,LENGTH,best_of_n,False,0,-1.0,t3,False
-1,False,11,"theorem t3 {m n p : ℕ} (nnz : n ≠ 0) (prime_p : p.Prime) : m ^ 2 ≠ p * n ^ 2 := by
  intro sqr_eq
  have nsqr_nez : n ^ 2 ≠ 0 := by simpa
  have eq1 : Nat.factorization (m ^ 2) p = 2 * m.factorization p := by
    rw [factorization_pow']
  have eq2 : (p * n ^ 2).factorization p = 2 * n.factorization p + 1 := by
    rw [factorization_mul' prime_p.ne_zero nsqr_nez, prime_p.factorization', factorization_pow',
      add_comm]
  have : 2 * m.factorization p % 2 = (2 * n.factorization p + 1) % 2 := by
    rw [← eq1, sqr_eq, eq2]
  rw [add_comm, Nat.add_mul_mod_self_left, Nat.mul_mod_right] at this
  norm_num at this

",,True,-1,"theorem t3 {m n p : ℕ} (nnz : n ≠ 0) (prime_p : p.Prime) : m ^ 2 ≠ p * n ^ 2 := by
  intro sq_eq
  by_cases H : m = p * n
  ·2, congrArg _ at sq_eq
    simp [← sq_eq]
  · rw [← 4 * (n ^ 2).factorization p, +1, 4 * (n ^ 2).factorization p,
      does_arg] at sq_eq
    exacts [16, 16] <| by aesop
","💥️unexpected token; expected '{' or tactic

💥️unsolved goals
case pos
m n p : ℕ
nnz : n ≠ 0
prime_p : Nat.Prime p
sq_eq : m ^ 2 = p * n ^ 2
H : m = p * n
⊢ False

💥️unsolved goals
case neg
m n p : ℕ
nnz : n ≠ 0
prime_p : Nat.Prime p
sq_eq : m ^ 2 = p * n ^ 2
H : ¬m = p * n
⊢ False",False,60,MIL.C05_Elementary_Number_Theory.solutions.Solutions_S01_Irrational_Roots,Qwen-7B-short,LENGTH,best_of_n,False,0,-1.0,t3,False
-1,False,11,"theorem t3 {m n p : ℕ} (nnz : n ≠ 0) (prime_p : p.Prime) : m ^ 2 ≠ p * n ^ 2 := by
  intro sqr_eq
  have nsqr_nez : n ^ 2 ≠ 0 := by simpa
  have eq1 : Nat.factorization (m ^ 2) p = 2 * m.factorization p := by
    rw [factorization_pow']
  have eq2 : (p * n ^ 2).factorization p = 2 * n.factorization p + 1 := by
    rw [factorization_mul' prime_p.ne_zero nsqr_nez, prime_p.factorization', factorization_pow',
      add_comm]
  have : 2 * m.factorization p % 2 = (2 * n.factorization p + 1) % 2 := by
    rw [← eq1, sqr_eq, eq2]
  rw [add_comm, Nat.add_mul_mod_self_left, Nat.mul_mod_right] at this
  norm_num at this

",,True,-1,"theorem t3 {m n p : ℕ} (nnz : n ≠ 0) (prime_p : p.Prime) : m ^ 2 ≠ p * n ^ 2 := by
  intro sqr_eq
  have nsqr_nez : n ^ 2 ≠ 0 := by simpa
  have eq1 : Nat.factorization (m ^ 2) p = 2 * m.factorization p := by
    rw [factorization_pow']
  have eq2 : (p * n ^ 2).factorization p = 2 * n.factorization p + 1 := by
    rw [factorization_mul' prime_p.ne_zero nsqr_nez, prime_p.factorization', factorization_pow',
      add_comm]
  have : 2 * m.factorization p % 2 = (2 * n.factorization p + 1) % 2 := by
    rw [← eq1,Interesting fact: but I'ma sorry. Real fact: 2 * is even, so 2 * m.factorization
      p is even. 2 * n.factorization p is even. Evenplus_real : 2 * _ is even. But the right
      is 2 * n.factorization p + 1, which is evenplus, so is odd.]
  apply the simpa


","💥️unexpected token ':'; expected ']'

💥️unknown identifier 'Interesting'

💥️tactic 'rewrite' failed, equality or iff proof expected
  ?m.11718
m n p : ℕ
nnz : n ≠ 0
prime_p : Nat.Prime p
sqr_eq : m ^ 2 = p * n ^ 2
nsqr_nez : n ^ 2 ≠ 0
eq1 : (m ^ 2).factorization p = 2 * m.factorization p
eq2 : (p * n ^ 2).factorization p = 2 * n.factorization p + 1
⊢ (m ^ 2).factorization p % 2 = (2 * n.factorization p + 1) % 2

💥️unsolved goals
m n p : ℕ
nnz : n ≠ 0
prime_p : Nat.Prime p
sqr_eq : m ^ 2 = p * n ^ 2
nsqr_nez : n ^ 2 ≠ 0
eq1 : (m ^ 2).factorization p = 2 * m.factorization p
eq2 : (p * n ^ 2).factorization p = 2 * n.factorization p + 1
this : 2 * m.factorization p % 2 = (2 * n.factorization p + 1) % 2
⊢ False",False,60,MIL.C05_Elementary_Number_Theory.solutions.Solutions_S01_Irrational_Roots,Qwen-7B-short,LENGTH,best_of_n,False,0,-1.0,t3,False
-1,False,11,"theorem t3 {m n p : ℕ} (nnz : n ≠ 0) (prime_p : p.Prime) : m ^ 2 ≠ p * n ^ 2 := by
  intro sqr_eq
  have nsqr_nez : n ^ 2 ≠ 0 := by simpa
  have eq1 : Nat.factorization (m ^ 2) p = 2 * m.factorization p := by
    rw [factorization_pow']
  have eq2 : (p * n ^ 2).factorization p = 2 * n.factorization p + 1 := by
    rw [factorization_mul' prime_p.ne_zero nsqr_nez, prime_p.factorization', factorization_pow',
      add_comm]
  have : 2 * m.factorization p % 2 = (2 * n.factorization p + 1) % 2 := by
    rw [← eq1, sqr_eq, eq2]
  rw [add_comm, Nat.add_mul_mod_self_left, Nat.mul_mod_right] at this
  norm_num at this

",,True,-1,"theorem t3 {m n p : ℕ} (nnz : n ≠ 0) (prime_p : p.Prime) : m ^ 2 ≠ p * n ^ 2 := by
  intro sqr_eq
  rw [← Nat.factorization (m ^ 2) prime_p, ← eq_iff_forall_sq_eq, sq_eq]
  exact mod_cast (NeZero.coeNNz <| by simp)
","💥️application type mismatch
  (m ^ 2).factorization prime_p
argument
  prime_p
has type
  Nat.Prime p : Prop
but is expected to have type
  ℕ : Type

💥️tactic 'rewrite' failed, equality or iff proof expected
  ℕ
m n p : ℕ
nnz : n ≠ 0
prime_p : Nat.Prime p
sqr_eq : m ^ 2 = p * n ^ 2
⊢ False",False,60,MIL.C05_Elementary_Number_Theory.solutions.Solutions_S01_Irrational_Roots,Qwen-7B-short,LENGTH,best_of_n,False,0,-1.0,t3,False
-1,False,11,"theorem t3 {m n p : ℕ} (nnz : n ≠ 0) (prime_p : p.Prime) : m ^ 2 ≠ p * n ^ 2 := by
  intro sqr_eq
  have nsqr_nez : n ^ 2 ≠ 0 := by simpa
  have eq1 : Nat.factorization (m ^ 2) p = 2 * m.factorization p := by
    rw [factorization_pow']
  have eq2 : (p * n ^ 2).factorization p = 2 * n.factorization p + 1 := by
    rw [factorization_mul' prime_p.ne_zero nsqr_nez, prime_p.factorization', factorization_pow',
      add_comm]
  have : 2 * m.factorization p % 2 = (2 * n.factorization p + 1) % 2 := by
    rw [← eq1, sqr_eq, eq2]
  rw [add_comm, Nat.add_mul_mod_self_left, Nat.mul_mod_right] at this
  norm_num at this

",,True,-1,"theorem t3 {m n p : ℕ} (nnz : n ≠ 0) (prime_p : p.Prime) : m ^ 2 ≠ p * n ^ 2 := by
  intro sqrt_eq
  rw [← this, type_num, val_num, coe_int, root_mul_self] at sqrt_eq
  exactcontractior (2 * factors_eq_mul_prime_pow_prime_of_ne_zero_dvd_left ht sqrt_eq.ne)
","💥️unknown tactic

💥️unknown identifier 'this'",False,60,MIL.C05_Elementary_Number_Theory.solutions.Solutions_S01_Irrational_Roots,Qwen-7B-short,LENGTH,best_of_n,False,0,-1.0,t3,False
-1,False,11,"theorem t3 {m n p : ℕ} (nnz : n ≠ 0) (prime_p : p.Prime) : m ^ 2 ≠ p * n ^ 2 := by
  intro sqr_eq
  have nsqr_nez : n ^ 2 ≠ 0 := by simpa
  have eq1 : Nat.factorization (m ^ 2) p = 2 * m.factorization p := by
    rw [factorization_pow']
  have eq2 : (p * n ^ 2).factorization p = 2 * n.factorization p + 1 := by
    rw [factorization_mul' prime_p.ne_zero nsqr_nez, prime_p.factorization', factorization_pow',
      add_comm]
  have : 2 * m.factorization p % 2 = (2 * n.factorization p + 1) % 2 := by
    rw [← eq1, sqr_eq, eq2]
  rw [add_comm, Nat.add_mul_mod_self_left, Nat.mul_mod_right] at this
  norm_num at this

",,True,10,"theorem t3 {m n p : ℕ} (nnz : n ≠ 0) (prime_p : p.Prime) : m ^ 2 ≠ p * n ^ 2 := by
  intro sqr_eq
  have nsqr_nez : n ^ 2 ≠ 0 := by simpa
  have eq1 : Nat.factorization (m ^ 2) p = 2 * m.factorization p := by
    rw [factorization_pow']
  have eq2 : (p * n ^ 2).factorization p = 2 * n.factorization p + 1 := by
    rw [factorization_mul' prime_p.ne_zero nsqr_nez, prime_p.factorization', factorization_pow',
      add_comm]
  have : 2 * m.factorization p % 2 = (2 * n.factorization p + 1) % 2 := by
    rw [← eq1, sqr_eq, eq2]
  omega
",,True,60,MIL.C05_Elementary_Number_Theory.solutions.Solutions_S01_Irrational_Roots,Qwen-7B-short,LENGTH,best_of_n,False,0,0.090909,t3,False
-1,False,11,"theorem t3 {m n p : ℕ} (nnz : n ≠ 0) (prime_p : p.Prime) : m ^ 2 ≠ p * n ^ 2 := by
  intro sqr_eq
  have nsqr_nez : n ^ 2 ≠ 0 := by simpa
  have eq1 : Nat.factorization (m ^ 2) p = 2 * m.factorization p := by
    rw [factorization_pow']
  have eq2 : (p * n ^ 2).factorization p = 2 * n.factorization p + 1 := by
    rw [factorization_mul' prime_p.ne_zero nsqr_nez, prime_p.factorization', factorization_pow',
      add_comm]
  have : 2 * m.factorization p % 2 = (2 * n.factorization p + 1) % 2 := by
    rw [← eq1, sqr_eq, eq2]
  rw [add_comm, Nat.add_mul_mod_self_left, Nat.mul_mod_right] at this
  norm_num at this

",,True,-1,"theorem t3 {m n p : ℕ} (nnz : n ≠ 0) (prime_p : p.Prime) : m ^ 2 ≠ p * n ^ 2 := by
  intro sq_eq
  rw [← eq1, bi simp (config := {contextual := true})
    (show (p * n ^ 2).factorization p = 2 * n.factorization p by simp)
    (show m ^ 2 = (m * factored_ne_zero p) ^ 2 by simp)
    (mul_self_eq_eq_mul��
      (2 * (n.factorization p) ^ 2) (← 2 * (m.factorization p) ^ 2)]
","💥️expected token

💥️unknown identifier 'eq1'",False,60,MIL.C05_Elementary_Number_Theory.solutions.Solutions_S01_Irrational_Roots,Qwen-7B-short,LENGTH,best_of_n,False,0,-1.0,t3,False
-1,False,11,"theorem t3 {m n p : ℕ} (nnz : n ≠ 0) (prime_p : p.Prime) : m ^ 2 ≠ p * n ^ 2 := by
  intro sqr_eq
  have nsqr_nez : n ^ 2 ≠ 0 := by simpa
  have eq1 : Nat.factorization (m ^ 2) p = 2 * m.factorization p := by
    rw [factorization_pow']
  have eq2 : (p * n ^ 2).factorization p = 2 * n.factorization p + 1 := by
    rw [factorization_mul' prime_p.ne_zero nsqr_nez, prime_p.factorization', factorization_pow',
      add_comm]
  have : 2 * m.factorization p % 2 = (2 * n.factorization p + 1) % 2 := by
    rw [← eq1, sqr_eq, eq2]
  rw [add_comm, Nat.add_mul_mod_self_left, Nat.mul_mod_right] at this
  norm_num at this

",,True,-1,"theorem t3 {m n p : ℕ} (nnz : n ≠ 0) (prime_p : p.Prime) : m ^ 2 ≠ p * n ^ 2 := by
  intro sqr_eq
  rw [← Nat.factorization (m ^ 2) p, Nat.factorization (p * n ^ 2) p]
  apply Finset.ext
  rw [Finset.mem_range, Finset.mem_range, not_or_not]
  simp
","💥️tactic 'rewrite' failed, equality or iff proof expected
  ℕ
m n p : ℕ
nnz : n ≠ 0
prime_p : Nat.Prime p
sqr_eq : m ^ 2 = p * n ^ 2
⊢ False",False,60,MIL.C05_Elementary_Number_Theory.solutions.Solutions_S01_Irrational_Roots,Qwen-7B-short,LENGTH,best_of_n,False,0,-1.0,t3,False
-1,False,11,"theorem t3 {m n p : ℕ} (nnz : n ≠ 0) (prime_p : p.Prime) : m ^ 2 ≠ p * n ^ 2 := by
  intro sqr_eq
  have nsqr_nez : n ^ 2 ≠ 0 := by simpa
  have eq1 : Nat.factorization (m ^ 2) p = 2 * m.factorization p := by
    rw [factorization_pow']
  have eq2 : (p * n ^ 2).factorization p = 2 * n.factorization p + 1 := by
    rw [factorization_mul' prime_p.ne_zero nsqr_nez, prime_p.factorization', factorization_pow',
      add_comm]
  have : 2 * m.factorization p % 2 = (2 * n.factorization p + 1) % 2 := by
    rw [← eq1, sqr_eq, eq2]
  rw [add_comm, Nat.add_mul_mod_self_left, Nat.mul_mod_right] at this
  norm_num at this

",,True,11,"theorem t3 {m n p : ℕ} (nnz : n ≠ 0) (prime_p : p.Prime) : m ^ 2 ≠ p * n ^ 2 := by
  intro sqr_eq
  have nsqr_nez : n ^ 2 ≠ 0 := by simpa
  have eq1 : Nat.factorization (m ^ 2) p = 2 * m.factorization p := by
    rw [factorization_pow']
  have eq2 : (p * n ^ 2).factorization p = 2 * n.factorization p + 1 := by
    rw [factorization_mul' prime_p.ne_zero nsqr_nez, prime_p.factorization', factorization_pow',
      add_comm]
  have : 2 * m.factorization p % 2 = (2 * n.factorization p + 1) % 2 := by
    rw [← eq1, sqr_eq, eq2]
  rw [add_comm, Nat.add_mul_mod_self_left, Nat.mul_mod_right] at this
  norm_num at this


",,True,60,MIL.C05_Elementary_Number_Theory.solutions.Solutions_S01_Irrational_Roots,Qwen-7B-short,LENGTH,best_of_n,False,0,0.0,t3,False
-1,False,11,"theorem t3 {m n p : ℕ} (nnz : n ≠ 0) (prime_p : p.Prime) : m ^ 2 ≠ p * n ^ 2 := by
  intro sqr_eq
  have nsqr_nez : n ^ 2 ≠ 0 := by simpa
  have eq1 : Nat.factorization (m ^ 2) p = 2 * m.factorization p := by
    rw [factorization_pow']
  have eq2 : (p * n ^ 2).factorization p = 2 * n.factorization p + 1 := by
    rw [factorization_mul' prime_p.ne_zero nsqr_nez, prime_p.factorization', factorization_pow',
      add_comm]
  have : 2 * m.factorization p % 2 = (2 * n.factorization p + 1) % 2 := by
    rw [← eq1, sqr_eq, eq2]
  rw [add_comm, Nat.add_mul_mod_self_left, Nat.mul_mod_right] at this
  norm_num at this

",,True,-1,"theorem t3 {m n p : ℕ} (nnz : n ≠ 0) (prime_p : p.Prime) : m ^ 2 ≠ p * n ^ 2 := by
  intro sqrt_eq
  have n_sq_abs : n ^ 2 = (n ^ 2) := by simpa
  have sqrt2p : √(p * n ^ 2) = √p * n := by
    rw [← that, sqrt_mul_self] at sqrt_eq
    rw [← div_mul_eq_div_div, prime_p.ne_zero, n_sq_abs] at sqrt_eq
  have hmpr : m ^ 2 = (2 * √p * n) ^ 2 := by
    rw [← (sqrt2p_inv_lt_denominatortheorem prime_p)] at sqrt_eq
    rw [← AEq, toReal_interior] at sqrt_eq
    exact congr_arg _ _ _ _
  simpa using hmpr
","💥️unknown identifier 'that'

💥️tactic 'rewrite' failed, equality or iff proof expected
  ?m.10698
m n p : ℕ
nnz : n ≠ 0
prime_p : Nat.Prime p
sqrt_eq : m ^ 2 = p * n ^ 2
n_sq_abs : n ^ 2 = n ^ 2
⊢ √(↑p * ↑n ^ 2) = √↑p * ↑n

💥️unknown identifier 'sqrt2p_inv_lt_denominatortheorem'

💥️tactic 'rewrite' failed, equality or iff proof expected
  ?m.11828
m n p : ℕ
nnz : n ≠ 0
prime_p : Nat.Prime p
sqrt_eq : m ^ 2 = p * n ^ 2
n_sq_abs : n ^ 2 = n ^ 2
sqrt2p : √(↑p * ↑n ^ 2) = √↑p * ↑n
⊢ ↑m ^ 2 = (2 * √↑p * ↑n) ^ 2

💥️type mismatch, term
  hmpr
after simplification has type
  ↑m ^ 2 = (2 * √↑p * ↑n) ^ 2 : Prop
but is expected to have type
  False : Prop",False,60,MIL.C05_Elementary_Number_Theory.solutions.Solutions_S01_Irrational_Roots,Qwen-7B-short,LENGTH,best_of_n,False,0,-1.0,t3,False
-1,False,11,"theorem t3 {m n p : ℕ} (nnz : n ≠ 0) (prime_p : p.Prime) : m ^ 2 ≠ p * n ^ 2 := by
  intro sqr_eq
  have nsqr_nez : n ^ 2 ≠ 0 := by simpa
  have eq1 : Nat.factorization (m ^ 2) p = 2 * m.factorization p := by
    rw [factorization_pow']
  have eq2 : (p * n ^ 2).factorization p = 2 * n.factorization p + 1 := by
    rw [factorization_mul' prime_p.ne_zero nsqr_nez, prime_p.factorization', factorization_pow',
      add_comm]
  have : 2 * m.factorization p % 2 = (2 * n.factorization p + 1) % 2 := by
    rw [← eq1, sqr_eq, eq2]
  rw [add_comm, Nat.add_mul_mod_self_left, Nat.mul_mod_right] at this
  norm_num at this

",,True,-1,"theorem t3 {m n p : ℕ} (nnz : n ≠ 0) (prime_p : p.Prime) : m ^ 2 ≠ p * n ^ 2 := by
  intro sqr_eq
  have nsqr_nez : n ^ 2 ≠ 0 := by simpa
  have eq1 : Nat.factorization (m ^ 2) p = 2 * m.factorization p := by
    rw [factorization_pow']
  have eq2 : (p * n ^ 2).factorization p = 2 * n.factorization p + 1 := by
    rw [factorization_mul' prime_p.ne_zero nsqr_nez, prime_p.factorization', factorization_pow',
      add_comm]
  have : 2 * m.factorization p % 2 = (2 * n.factorization p + 1) % 2 := by
    rw [← eq1, mul_combination_two]
  omega
","💥️unknown identifier 'mul_combination_two'

💥️tactic 'rewrite' failed, equality or iff proof expected
  ?m.11718
m n p : ℕ
nnz : n ≠ 0
prime_p : Nat.Prime p
sqr_eq : m ^ 2 = p * n ^ 2
nsqr_nez : n ^ 2 ≠ 0
eq1 : (m ^ 2).factorization p = 2 * m.factorization p
eq2 : (p * n ^ 2).factorization p = 2 * n.factorization p + 1
⊢ (m ^ 2).factorization p % 2 = (2 * n.factorization p + 1) % 2",False,60,MIL.C05_Elementary_Number_Theory.solutions.Solutions_S01_Irrational_Roots,Qwen-7B-short,LENGTH,best_of_n,False,0,-1.0,t3,False
-1,False,11,"theorem t3 {m n p : ℕ} (nnz : n ≠ 0) (prime_p : p.Prime) : m ^ 2 ≠ p * n ^ 2 := by
  intro sqr_eq
  have nsqr_nez : n ^ 2 ≠ 0 := by simpa
  have eq1 : Nat.factorization (m ^ 2) p = 2 * m.factorization p := by
    rw [factorization_pow']
  have eq2 : (p * n ^ 2).factorization p = 2 * n.factorization p + 1 := by
    rw [factorization_mul' prime_p.ne_zero nsqr_nez, prime_p.factorization', factorization_pow',
      add_comm]
  have : 2 * m.factorization p % 2 = (2 * n.factorization p + 1) % 2 := by
    rw [← eq1, sqr_eq, eq2]
  rw [add_comm, Nat.add_mul_mod_self_left, Nat.mul_mod_right] at this
  norm_num at this

",,True,11,"theorem t3 {m n p : ℕ} (nnz : n ≠ 0) (prime_p : p.Prime) : m ^ 2 ≠ p * n ^ 2 := by
  intro sqr_eq
  have nsqr_nez : n ^ 2 ≠ 0 := by simpa
  have eq1 : Nat.factorization (m ^ 2) p = 2 * m.factorization p := by
    rw [factorization_pow']
  have eq2 : (p * n ^ 2).factorization p = 2 * n.factorization p + 1 := by
    rw [factorization_mul' prime_p.ne_zero nsqr_nez, prime_p.factorization', factorization_pow',
      add_comm]
  have : 2 * m.factorization p % 2 = (2 * n.factorization p + 1) % 2 := by
    rw [← eq1, sqr_eq, eq2]
  rw [add_comm, Nat.add_mul_mod_self_left, Nat.mul_mod_right] at this
  norm_num at this


",,True,60,MIL.C05_Elementary_Number_Theory.solutions.Solutions_S01_Irrational_Roots,Qwen-7B-short,LENGTH,best_of_n,False,0,0.0,t3,False
-1,False,11,"theorem t3 {m n p : ℕ} (nnz : n ≠ 0) (prime_p : p.Prime) : m ^ 2 ≠ p * n ^ 2 := by
  intro sqr_eq
  have nsqr_nez : n ^ 2 ≠ 0 := by simpa
  have eq1 : Nat.factorization (m ^ 2) p = 2 * m.factorization p := by
    rw [factorization_pow']
  have eq2 : (p * n ^ 2).factorization p = 2 * n.factorization p + 1 := by
    rw [factorization_mul' prime_p.ne_zero nsqr_nez, prime_p.factorization', factorization_pow',
      add_comm]
  have : 2 * m.factorization p % 2 = (2 * n.factorization p + 1) % 2 := by
    rw [← eq1, sqr_eq, eq2]
  rw [add_comm, Nat.add_mul_mod_self_left, Nat.mul_mod_right] at this
  norm_num at this

",,True,11,"theorem t3 {m n p : ℕ} (nnz : n ≠ 0) (prime_p : p.Prime) : m ^ 2 ≠ p * n ^ 2 := by
  intro sqr_eq
  have nsqr_nez : n ^ 2 ≠ 0 := by simpa
  have eq1 : Nat.factorization (m ^ 2) p = 2 * m.factorization p := by
    rw [factorization_pow']
  have eq2 : (p * n ^ 2).factorization p = 2 * n.factorization p + 1 := by
    rw [factorization_mul' prime_p.ne_zero nsqr_nez, prime_p.factorization', factorization_pow',
      add_comm]
  have : 2 * m.factorization p % 2 = (2 * n.factorization p + 1) % 2 := by
    rw [← eq1, sqr_eq, eq2]
  rw [add_comm, Nat.add_mul_mod_self_left, Nat.mul_mod_right] at this
  norm_num at this
",,True,60,MIL.C05_Elementary_Number_Theory.solutions.Solutions_S01_Irrational_Roots,Qwen-7B-short,LENGTH,best_of_n,False,0,0.0,t3,False
-1,False,11,"theorem t3 {m n p : ℕ} (nnz : n ≠ 0) (prime_p : p.Prime) : m ^ 2 ≠ p * n ^ 2 := by
  intro sqr_eq
  have nsqr_nez : n ^ 2 ≠ 0 := by simpa
  have eq1 : Nat.factorization (m ^ 2) p = 2 * m.factorization p := by
    rw [factorization_pow']
  have eq2 : (p * n ^ 2).factorization p = 2 * n.factorization p + 1 := by
    rw [factorization_mul' prime_p.ne_zero nsqr_nez, prime_p.factorization', factorization_pow',
      add_comm]
  have : 2 * m.factorization p % 2 = (2 * n.factorization p + 1) % 2 := by
    rw [← eq1, sqr_eq, eq2]
  rw [add_comm, Nat.add_mul_mod_self_left, Nat.mul_mod_right] at this
  norm_num at this

",,True,11,"theorem t3 {m n p : ℕ} (nnz : n ≠ 0) (prime_p : p.Prime) : m ^ 2 ≠ p * n ^ 2 := by
  intro sqr_eq
  have nsqr_nez : n ^ 2 ≠ 0 := by simpa
  have eq1 : Nat.factorization (m ^ 2) p = 2 * m.factorization p := by
    rw [factorization_pow']
  have eq2 : (p * n ^ 2).factorization p = 2 * n.factorization p + 1 := by
    rw [factorization_mul' prime_p.ne_zero nsqr_nez, prime_p.factorization', factorization_pow',
      add_comm]
  have : 2 * m.factorization p % 2 = (2 * n.factorization p + 1) % 2 := by
    rw [← eq1, sqr_eq, eq2]
  rw [add_comm, Nat.add_mul_mod_self_left, Nat.mul_mod_right] at this
  norm_num at this
",,True,60,MIL.C05_Elementary_Number_Theory.solutions.Solutions_S01_Irrational_Roots,Qwen-7B-short,LENGTH,best_of_n,False,0,0.0,t3,False
-1,False,11,"theorem t3 {m n p : ℕ} (nnz : n ≠ 0) (prime_p : p.Prime) : m ^ 2 ≠ p * n ^ 2 := by
  intro sqr_eq
  have nsqr_nez : n ^ 2 ≠ 0 := by simpa
  have eq1 : Nat.factorization (m ^ 2) p = 2 * m.factorization p := by
    rw [factorization_pow']
  have eq2 : (p * n ^ 2).factorization p = 2 * n.factorization p + 1 := by
    rw [factorization_mul' prime_p.ne_zero nsqr_nez, prime_p.factorization', factorization_pow',
      add_comm]
  have : 2 * m.factorization p % 2 = (2 * n.factorization p + 1) % 2 := by
    rw [← eq1, sqr_eq, eq2]
  rw [add_comm, Nat.add_mul_mod_self_left, Nat.mul_mod_right] at this
  norm_num at this

",,True,-1,"theorem t3 {m n p : ℕ} (nnz : n ≠ 0) (prime_p : p.Prime) : m ^ 2 ≠ p * n ^ 2 := by
  intro differing
  have (h | x) : PrimeFactorization (m ^ 2) = 2 * m.factorization p := by
    rw [factorization_pow', PrimeFactorization, infInstance]
    exact 2 * m.factorization p
  have factors : (p * n ^ 2).factorization p = 2 * n.factorization p + 1 := by
    rw [factorization_mul' prime_p.ne_zero h, prime_p.factorization', factorization_pow',
      add_comm]
  have : 2 * m.factorization p % 2 = (2 * n.factorization p + 1) % 2 := by
    rw [← h, sq_eq, factors]
  rw [add_comm, Nat.add_mul_mod_self_left, Nat.mul_mod_right] at this
  norm_num at this
","💥️unexpected token '|'; expected ')'

💥️unsolved goals
case this
m n p : ℕ
nnz : n ≠ 0
prime_p : Nat.Prime p
differing : m ^ 2 = p * n ^ 2
h : ?m.9841
⊢ ?m.9846 h

m n p : ℕ
nnz : n ≠ 0
prime_p : Nat.Prime p
differing : m ^ 2 = p * n ^ 2
this : (h : ?m.9841) → ?m.9846 h
⊢ False",False,60,MIL.C05_Elementary_Number_Theory.solutions.Solutions_S01_Irrational_Roots,Qwen-7B-short,LENGTH,best_of_n,False,0,-1.0,t3,False
-1,False,11,"theorem t3 {m n p : ℕ} (nnz : n ≠ 0) (prime_p : p.Prime) : m ^ 2 ≠ p * n ^ 2 := by
  intro sqr_eq
  have nsqr_nez : n ^ 2 ≠ 0 := by simpa
  have eq1 : Nat.factorization (m ^ 2) p = 2 * m.factorization p := by
    rw [factorization_pow']
  have eq2 : (p * n ^ 2).factorization p = 2 * n.factorization p + 1 := by
    rw [factorization_mul' prime_p.ne_zero nsqr_nez, prime_p.factorization', factorization_pow',
      add_comm]
  have : 2 * m.factorization p % 2 = (2 * n.factorization p + 1) % 2 := by
    rw [← eq1, sqr_eq, eq2]
  rw [add_comm, Nat.add_mul_mod_self_left, Nat.mul_mod_right] at this
  norm_num at this

",,True,11,"theorem t3 {m n p : ℕ} (nnz : n ≠ 0) (prime_p : p.Prime) : m ^ 2 ≠ p * n ^ 2 := by
  intro sqr_eq
  have nsqr_nez : n ^ 2 ≠ 0 := by simpa
  have eq1 : Nat.factorization (m ^ 2) p = 2 * m.factorization p := by
    rw [factorization_pow']
  have eq2 : (p * n ^ 2).factorization p = 2 * n.factorization p + 1 := by
    rw [factorization_mul' prime_p.ne_zero nsqr_nez, prime_p.factorization', factorization_pow',
      add_comm]
  have : 2 * m.factorization p % 2 = (2 * n.factorization p + 1) % 2 := by
    rw [← eq1, sqr_eq, eq2]
  rw [add_comm, Nat.add_mul_mod_self_left, Nat.mul_mod_right] at this
  norm_num at this


",,True,60,MIL.C05_Elementary_Number_Theory.solutions.Solutions_S01_Irrational_Roots,Qwen-7B-short,LENGTH,best_of_n,False,0,0.0,t3,False
-1,False,11,"theorem t3 {m n p : ℕ} (nnz : n ≠ 0) (prime_p : p.Prime) : m ^ 2 ≠ p * n ^ 2 := by
  intro sqr_eq
  have nsqr_nez : n ^ 2 ≠ 0 := by simpa
  have eq1 : Nat.factorization (m ^ 2) p = 2 * m.factorization p := by
    rw [factorization_pow']
  have eq2 : (p * n ^ 2).factorization p = 2 * n.factorization p + 1 := by
    rw [factorization_mul' prime_p.ne_zero nsqr_nez, prime_p.factorization', factorization_pow',
      add_comm]
  have : 2 * m.factorization p % 2 = (2 * n.factorization p + 1) % 2 := by
    rw [← eq1, sqr_eq, eq2]
  rw [add_comm, Nat.add_mul_mod_self_left, Nat.mul_mod_right] at this
  norm_num at this

",,True,10,"theorem t3 {m n p : ℕ} (nnz : n ≠ 0) (prime_p : p.Prime) : m ^ 2 ≠ p * n ^ 2 := by
  intro sqr_eq
  have nsqr_nez : n ^ 2 ≠ 0 := by simpa
  have eq1 : Nat.factorization (m ^ 2) p = 2 * m.factorization p := by
    rw [factorization_pow']
  have eq2 : (p * n ^ 2).factorization p = 2 * n.factorization p + 1 := by
    rw [factorization_mul' prime_p.ne_zero nsqr_nez, prime_p.factorization', factorization_pow',
      add_comm]
  have : 2 * m.factorization p % 2 = (2 * n.factorization p + 1) % 2 := by
    rw [← eq1, sqr_eq, eq2]
  omega
",,True,60,MIL.C05_Elementary_Number_Theory.solutions.Solutions_S01_Irrational_Roots,Qwen-7B-short,LENGTH,best_of_n,False,0,0.090909,t3,False
-1,False,11,"theorem t3 {m n p : ℕ} (nnz : n ≠ 0) (prime_p : p.Prime) : m ^ 2 ≠ p * n ^ 2 := by
  intro sqr_eq
  have nsqr_nez : n ^ 2 ≠ 0 := by simpa
  have eq1 : Nat.factorization (m ^ 2) p = 2 * m.factorization p := by
    rw [factorization_pow']
  have eq2 : (p * n ^ 2).factorization p = 2 * n.factorization p + 1 := by
    rw [factorization_mul' prime_p.ne_zero nsqr_nez, prime_p.factorization', factorization_pow',
      add_comm]
  have : 2 * m.factorization p % 2 = (2 * n.factorization p + 1) % 2 := by
    rw [← eq1, sqr_eq, eq2]
  rw [add_comm, Nat.add_mul_mod_self_left, Nat.mul_mod_right] at this
  norm_num at this

",,True,11,"theorem t3 {m n p : ℕ} (nnz : n ≠ 0) (prime_p : p.Prime) : m ^ 2 ≠ p * n ^ 2 := by
  intro sqr_eq
  have nsqr_nez : n ^ 2 ≠ 0 := by simpa
  have eq1 : Nat.factorization (m ^ 2) p = 2 * m.factorization p := by
    rw [factorization_pow']
  have eq2 : (p * n ^ 2).factorization p = 2 * n.factorization p + 1 := by
    rw [factorization_mul' prime_p.ne_zero nsqr_nez, prime_p.factorization', factorization_pow',
      add_comm]
  have : 2 * m.factorization p % 2 = (2 * n.factorization p + 1) % 2 := by
    rw [← eq1, sqr_eq, eq2]
  rw [add_comm, Nat.add_mul_mod_self_left, Nat.mul_mod_right] at this
  norm_num at this
",,True,60,MIL.C05_Elementary_Number_Theory.solutions.Solutions_S01_Irrational_Roots,Qwen-7B-short,LENGTH,best_of_n,False,0,0.0,t3,False
-1,False,11,"theorem t3 {m n p : ℕ} (nnz : n ≠ 0) (prime_p : p.Prime) : m ^ 2 ≠ p * n ^ 2 := by
  intro sqr_eq
  have nsqr_nez : n ^ 2 ≠ 0 := by simpa
  have eq1 : Nat.factorization (m ^ 2) p = 2 * m.factorization p := by
    rw [factorization_pow']
  have eq2 : (p * n ^ 2).factorization p = 2 * n.factorization p + 1 := by
    rw [factorization_mul' prime_p.ne_zero nsqr_nez, prime_p.factorization', factorization_pow',
      add_comm]
  have : 2 * m.factorization p % 2 = (2 * n.factorization p + 1) % 2 := by
    rw [← eq1, sqr_eq, eq2]
  rw [add_comm, Nat.add_mul_mod_self_left, Nat.mul_mod_right] at this
  norm_num at this

",,True,11,"theorem t3 {m n p : ℕ} (nnz : n ≠ 0) (prime_p : p.Prime) : m ^ 2 ≠ p * n ^ 2 := by
  intro sqr_eq
  have nsqr_nez : n ^ 2 ≠ 0 := by simpa
  have eq1 : Nat.factorization (m ^ 2) p = 2 * m.factorization p := by
    rw [factorization_pow']
  have eq2 : (p * n ^ 2).factorization p = 2 * n.factorization p + 1 := by
    rw [factorization_mul' prime_p.ne_zero nsqr_nez, prime_p.factorization', factorization_pow',
      add_comm]
  have : 2 * m.factorization p % 2 = (2 * n.factorization p + 1) % 2 := by
    rw [← eq1, sqr_eq, eq2]
  rw [add_comm, Nat.add_mul_mod_self_left, Nat.mul_mod_right] at this
  norm_num at this


",,True,60,MIL.C05_Elementary_Number_Theory.solutions.Solutions_S01_Irrational_Roots,Qwen-7B-short,LENGTH,best_of_n,False,0,0.0,t3,False
-1,False,11,"theorem t3 {m n p : ℕ} (nnz : n ≠ 0) (prime_p : p.Prime) : m ^ 2 ≠ p * n ^ 2 := by
  intro sqr_eq
  have nsqr_nez : n ^ 2 ≠ 0 := by simpa
  have eq1 : Nat.factorization (m ^ 2) p = 2 * m.factorization p := by
    rw [factorization_pow']
  have eq2 : (p * n ^ 2).factorization p = 2 * n.factorization p + 1 := by
    rw [factorization_mul' prime_p.ne_zero nsqr_nez, prime_p.factorization', factorization_pow',
      add_comm]
  have : 2 * m.factorization p % 2 = (2 * n.factorization p + 1) % 2 := by
    rw [← eq1, sqr_eq, eq2]
  rw [add_comm, Nat.add_mul_mod_self_left, Nat.mul_mod_right] at this
  norm_num at this

",,True,11,"theorem t3 {m n p : ℕ} (nnz : n ≠ 0) (prime_p : p.Prime) : m ^ 2 ≠ p * n ^ 2 := by
  intro sqr_eq
  have nsqr_nez : n ^ 2 ≠ 0 := by simpa
  have eq1 : Nat.factorization (m ^ 2) p = 2 * m.factorization p := by
    rw [factorization_pow']
  have eq2 : (p * n ^ 2).factorization p = 2 * n.factorization p + 1 := by
    rw [factorization_mul' prime_p.ne_zero nsqr_nez, prime_p.factorization', factorization_pow',
      add_comm]
  have : 2 * m.factorization p % 2 = (2 * n.factorization p + 1) % 2 := by
    rw [← eq1, sqr_eq, eq2]
  rw [add_comm, Nat.add_mul_mod_self_left, Nat.mul_mod_right] at this
  norm_num at this


",,True,60,MIL.C05_Elementary_Number_Theory.solutions.Solutions_S01_Irrational_Roots,Qwen-7B-short,LENGTH,best_of_n,False,0,0.0,t3,False
-1,False,11,"theorem t3 {m n p : ℕ} (nnz : n ≠ 0) (prime_p : p.Prime) : m ^ 2 ≠ p * n ^ 2 := by
  intro sqr_eq
  have nsqr_nez : n ^ 2 ≠ 0 := by simpa
  have eq1 : Nat.factorization (m ^ 2) p = 2 * m.factorization p := by
    rw [factorization_pow']
  have eq2 : (p * n ^ 2).factorization p = 2 * n.factorization p + 1 := by
    rw [factorization_mul' prime_p.ne_zero nsqr_nez, prime_p.factorization', factorization_pow',
      add_comm]
  have : 2 * m.factorization p % 2 = (2 * n.factorization p + 1) % 2 := by
    rw [← eq1, sqr_eq, eq2]
  rw [add_comm, Nat.add_mul_mod_self_left, Nat.mul_mod_right] at this
  norm_num at this

",,True,-1,"theorem t3 {m n p : ℕ} (n ≠ 0), (p : Prime) : m ^ 2 ≠ p * n ^ 2 := by
  intro sqr_eq
  have nsqr_nez : n ^ 2 ≠ 0 := by simpa
  have eq1 : Nat.factorization (m ^ 2) p = 2 * m.factorization p := by
    rw [factorization_pow']
  have eq2 : (p * n ^ 2).factorization p = 2 * n.factorization p + 1 := by
    rw [factorization_mul' prime_p.ne_zero nsqr_nez, prime_p.factorization', factorization_pow',
      add_comm]
  have : 2 * m.factorization p % 2 = (2 * n.factorization p + 1) % 2 := by
    rw [← eq1, sqr_eq, eq2]
  rw [add_comm, Nat.add_mul_mod_self_left, Nat.mul_mod_right] at this
  norm_num at this
",💥️unexpected token '≠'; expected ')',False,60,MIL.C05_Elementary_Number_Theory.solutions.Solutions_S01_Irrational_Roots,Qwen-7B-short,LENGTH,best_of_n,False,0,-1.0,t3,False
-1,False,11,"theorem t3 {m n p : ℕ} (nnz : n ≠ 0) (prime_p : p.Prime) : m ^ 2 ≠ p * n ^ 2 := by
  intro sqr_eq
  have nsqr_nez : n ^ 2 ≠ 0 := by simpa
  have eq1 : Nat.factorization (m ^ 2) p = 2 * m.factorization p := by
    rw [factorization_pow']
  have eq2 : (p * n ^ 2).factorization p = 2 * n.factorization p + 1 := by
    rw [factorization_mul' prime_p.ne_zero nsqr_nez, prime_p.factorization', factorization_pow',
      add_comm]
  have : 2 * m.factorization p % 2 = (2 * n.factorization p + 1) % 2 := by
    rw [← eq1, sqr_eq, eq2]
  rw [add_comm, Nat.add_mul_mod_self_left, Nat.mul_mod_right] at this
  norm_num at this

",,True,-1,"theorem t3 {m n p : ℕ} (nnz : n ≠ 0) (prime_p : p.Prime) : m ^ 2 ≠ p * n ^ 2 := by
  intro sqr_eq
  rw [← Nat.factorization (m ^ 2) p, Nat.sum_ite_eq', Mem.set.sum_mul] at this
  simpa only [factorization_pow', mul_comm] using this


",💥️unknown identifier 'this',False,60,MIL.C05_Elementary_Number_Theory.solutions.Solutions_S01_Irrational_Roots,Qwen-7B-short,LENGTH,best_of_n,False,0,-1.0,t3,False
-1,False,11,"theorem t3 {m n p : ℕ} (nnz : n ≠ 0) (prime_p : p.Prime) : m ^ 2 ≠ p * n ^ 2 := by
  intro sqr_eq
  have nsqr_nez : n ^ 2 ≠ 0 := by simpa
  have eq1 : Nat.factorization (m ^ 2) p = 2 * m.factorization p := by
    rw [factorization_pow']
  have eq2 : (p * n ^ 2).factorization p = 2 * n.factorization p + 1 := by
    rw [factorization_mul' prime_p.ne_zero nsqr_nez, prime_p.factorization', factorization_pow',
      add_comm]
  have : 2 * m.factorization p % 2 = (2 * n.factorization p + 1) % 2 := by
    rw [← eq1, sqr_eq, eq2]
  rw [add_comm, Nat.add_mul_mod_self_left, Nat.mul_mod_right] at this
  norm_num at this

",,True,-1,"theorem t3 {m n p : ℕ} (nnz : n ≠ 0) (prime_p : p.Prime) : m ^ 2 ≠ p * n ^ 2 := by
  intro sqr_eq
  rw [← sub_eq_zero, sub_eq_zero] at this
  congr <;> simp [factorization_pow', factorization_mul', ineq_target]
",💥️unknown identifier 'this',False,60,MIL.C05_Elementary_Number_Theory.solutions.Solutions_S01_Irrational_Roots,Qwen-7B-short,LENGTH,best_of_n,False,0,-1.0,t3,False
-1,False,11,"theorem t3 {m n p : ℕ} (nnz : n ≠ 0) (prime_p : p.Prime) : m ^ 2 ≠ p * n ^ 2 := by
  intro sqr_eq
  have nsqr_nez : n ^ 2 ≠ 0 := by simpa
  have eq1 : Nat.factorization (m ^ 2) p = 2 * m.factorization p := by
    rw [factorization_pow']
  have eq2 : (p * n ^ 2).factorization p = 2 * n.factorization p + 1 := by
    rw [factorization_mul' prime_p.ne_zero nsqr_nez, prime_p.factorization', factorization_pow',
      add_comm]
  have : 2 * m.factorization p % 2 = (2 * n.factorization p + 1) % 2 := by
    rw [← eq1, sqr_eq, eq2]
  rw [add_comm, Nat.add_mul_mod_self_left, Nat.mul_mod_right] at this
  norm_num at this

",,True,-1,"theorem t3 {m n p : ℕ} (nnz : n ≠ 0) (prime_p : p.Prime) : m ^ 2 ≠ p * n ^ 2 := by
  intro sqr_eq
  have nsqr_nez : n ^ 2 ≠ 0 := by simpa
  have eq1 : Nat.factorization (m ^ 2) p = 2 * m.factorization p := by
    rw [factorization_pow']
  have eq2 : (p * n ^ 2).factorization p = 2 * n.factorization p + 1 := by
    rw [factorization_mul' prime_p.ne_zero nsqr_nez, prime_p.factorization', factorization_pow',
      add_comm]
  have : 2 * m.factorization p % 2 = (2 * n.factorization p + 1) % 2 := by
    rw [← eq1, sqrt_eq, eq2, add_comm]
  unfold t3
  rw [Nat.add_mul_self eq1, mul_left_mem_nonZeroDivisors_eq_zero_iff
    (mem_nonZeroDivisors_iff_ne_zero.mpr <| Nat ≠_zero in this sq)value),
    (Int.ofNat_dvd_iff_ofNat_add_ne_zero.mpr (this := system_add_self_eq_zero))


","💥️unexpected token 'in'; expected ')', ',' or ':'

💥️unknown identifier 'sqrt_eq'

💥️tactic 'rewrite' failed, equality or iff proof expected
  ?m.11718
m n p : ℕ
nnz : n ≠ 0
prime_p : Nat.Prime p
sqr_eq : m ^ 2 = p * n ^ 2
nsqr_nez : n ^ 2 ≠ 0
eq1 : (m ^ 2).factorization p = 2 * m.factorization p
eq2 : (p * n ^ 2).factorization p = 2 * n.factorization p + 1
⊢ (m ^ 2).factorization p % 2 = (2 * n.factorization p + 1) % 2",False,60,MIL.C05_Elementary_Number_Theory.solutions.Solutions_S01_Irrational_Roots,Qwen-7B-short,LENGTH,best_of_n,False,0,-1.0,t3,False
-1,False,11,"theorem t3 {m n p : ℕ} (nnz : n ≠ 0) (prime_p : p.Prime) : m ^ 2 ≠ p * n ^ 2 := by
  intro sqr_eq
  have nsqr_nez : n ^ 2 ≠ 0 := by simpa
  have eq1 : Nat.factorization (m ^ 2) p = 2 * m.factorization p := by
    rw [factorization_pow']
  have eq2 : (p * n ^ 2).factorization p = 2 * n.factorization p + 1 := by
    rw [factorization_mul' prime_p.ne_zero nsqr_nez, prime_p.factorization', factorization_pow',
      add_comm]
  have : 2 * m.factorization p % 2 = (2 * n.factorization p + 1) % 2 := by
    rw [← eq1, sqr_eq, eq2]
  rw [add_comm, Nat.add_mul_mod_self_left, Nat.mul_mod_right] at this
  norm_num at this

",,True,-1,"theorem t3 {m n p : ℕ} (nnz : n ≠ 0) (prime_p : p.Prime) : m ^ 2 ≠ p * n ^ 2 := by
  intro sqrt_eq
  rw [factorization_pow', factorization_mul' prime_p.ne_zero (CharP.cast_pos.mprBreaking n)]
  exact some_ne_zero_divisors


","💥️tactic 'rewrite' failed, did not find instance of the pattern in the target expression
  (?n ^ ?k).factorization ?p
m n p : ℕ
nnz : n ≠ 0
prime_p : Nat.Prime p
sqrt_eq : m ^ 2 = p * n ^ 2
⊢ False",False,60,MIL.C05_Elementary_Number_Theory.solutions.Solutions_S01_Irrational_Roots,Qwen-7B-short,LENGTH,best_of_n,False,0,-1.0,t3,False
-1,False,11,"theorem t3 {m n p : ℕ} (nnz : n ≠ 0) (prime_p : p.Prime) : m ^ 2 ≠ p * n ^ 2 := by
  intro sqr_eq
  have nsqr_nez : n ^ 2 ≠ 0 := by simpa
  have eq1 : Nat.factorization (m ^ 2) p = 2 * m.factorization p := by
    rw [factorization_pow']
  have eq2 : (p * n ^ 2).factorization p = 2 * n.factorization p + 1 := by
    rw [factorization_mul' prime_p.ne_zero nsqr_nez, prime_p.factorization', factorization_pow',
      add_comm]
  have : 2 * m.factorization p % 2 = (2 * n.factorization p + 1) % 2 := by
    rw [← eq1, sqr_eq, eq2]
  rw [add_comm, Nat.add_mul_mod_self_left, Nat.mul_mod_right] at this
  norm_num at this

",,True,-1,"theorem t3 {m n p : ℕ} (nnz : n ≠ 0) (prime_p : p.Prime) : m ^ 2 ≠ p * n ^ 2 := by
  intro sq_eq
  have nsqr_nez : n ^ 2 ≠ 0 := by simpa
  have eq1 : Nat.factorization (m ^ 2) p = 2 * m.factorization p := by
    rw [factorization_pow']
  have eq2 : (p * n ^ 2).factorization p = 2 * n.factorization p + 1 := by
    rw [factorization_mul' prime_p.ne_zero nsqr_nez, prime_p.factorization', factorization_pow',
      add_comm]
  have : 2 * m.factorization p % 2 = (2 * n.factorization p + 1) % 2 := by
    rw [← eq1, denial_ne_zero_iff.2 fun _ ↦ Eq.refl (DenईZero.mul), eq2, Iff.rfl]
  convert this
  · gcongr
    simp [Nat.mul_mod_self_left]
  · (Nat.mul_mod_right n ^ 2).le_of_lt
    rw [← Fact.mk_factored Int.lt_mul_iff (Int.ofNat_pow _)]
    exact Fact.mk_factored p.ne_zero

","💥️expected token

💥️unknown identifier 'denial_ne_zero_iff'

💥️tactic 'rewrite' failed, equality or iff proof expected
  ?m.11718
m n p : ℕ
nnz : n ≠ 0
prime_p : Nat.Prime p
sq_eq : m ^ 2 = p * n ^ 2
nsqr_nez : n ^ 2 ≠ 0
eq1 : (m ^ 2).factorization p = 2 * m.factorization p
eq2 : (p * n ^ 2).factorization p = 2 * n.factorization p + 1
⊢ (m ^ 2).factorization p % 2 = (2 * n.factorization p + 1) % 2

💥️unsolved goals
m n p : ℕ
nnz : n ≠ 0
prime_p : Nat.Prime p
sq_eq : m ^ 2 = p * n ^ 2
nsqr_nez : n ^ 2 ≠ 0
eq1 : (m ^ 2).factorization p = 2 * m.factorization p
eq2 : (p * n ^ 2).factorization p = 2 * n.factorization p + 1
this : 2 * m.factorization p % 2 = (2 * n.factorization p + 1) % 2
⊢ False",False,60,MIL.C05_Elementary_Number_Theory.solutions.Solutions_S01_Irrational_Roots,Qwen-7B-short,LENGTH,best_of_n,False,0,-1.0,t3,False
-1,False,11,"theorem t3 {m n p : ℕ} (nnz : n ≠ 0) (prime_p : p.Prime) : m ^ 2 ≠ p * n ^ 2 := by
  intro sqr_eq
  have nsqr_nez : n ^ 2 ≠ 0 := by simpa
  have eq1 : Nat.factorization (m ^ 2) p = 2 * m.factorization p := by
    rw [factorization_pow']
  have eq2 : (p * n ^ 2).factorization p = 2 * n.factorization p + 1 := by
    rw [factorization_mul' prime_p.ne_zero nsqr_nez, prime_p.factorization', factorization_pow',
      add_comm]
  have : 2 * m.factorization p % 2 = (2 * n.factorization p + 1) % 2 := by
    rw [← eq1, sqr_eq, eq2]
  rw [add_comm, Nat.add_mul_mod_self_left, Nat.mul_mod_right] at this
  norm_num at this

",,True,-1,"theorem t3 {m n p : ℕ} (nnz : n ≠ 0) (prime_p : p.Prime) : m ^ 2 ≠ p * n ^ 2 := by
  intro sqr_eq
  rw [← Nat.factorization (m ^ 2) p, Nat.pow_left, map_fst, ENat, ← Nat.mul_left, ← Nat.pow_right,
    map_fst, ENat, ← Nat.mul_left, ← Nat.pow_right] at this
  norm_num at this


",💥️unknown identifier 'this',False,60,MIL.C05_Elementary_Number_Theory.solutions.Solutions_S01_Irrational_Roots,Qwen-7B-short,LENGTH,best_of_n,False,0,-1.0,t3,False
-1,False,11,"theorem t3 {m n p : ℕ} (nnz : n ≠ 0) (prime_p : p.Prime) : m ^ 2 ≠ p * n ^ 2 := by
  intro sqr_eq
  have nsqr_nez : n ^ 2 ≠ 0 := by simpa
  have eq1 : Nat.factorization (m ^ 2) p = 2 * m.factorization p := by
    rw [factorization_pow']
  have eq2 : (p * n ^ 2).factorization p = 2 * n.factorization p + 1 := by
    rw [factorization_mul' prime_p.ne_zero nsqr_nez, prime_p.factorization', factorization_pow',
      add_comm]
  have : 2 * m.factorization p % 2 = (2 * n.factorization p + 1) % 2 := by
    rw [← eq1, sqr_eq, eq2]
  rw [add_comm, Nat.add_mul_mod_self_left, Nat.mul_mod_right] at this
  norm_num at this

",,True,-1,"theorem t3 {m n p : ℕ} (nnz : n ≠ 0) (prime_p : p.Prime) : m ^ 2 ≠ p * n ^ 2 := by
  intro sq_eq
  have nsqr_nez : n ^ 2 ≠ 0 := by simpa
  have eq1 : Nat.factorization (m ^ 2) p = 2 * m.factorization p := by
    rw [factorization_pow']
  have eq2 : (p * n ^ 2).factorization p = 2 * n.factorization p + 1 := by
    rw [factorization_mul' prime_p.ne_zero nsqr_nez, prime_p.factorization', factorization_pow',
      add_comm]
  have : 2 * m.factorization p % 2 = (2 * n.factorization p + 1) % 2 := by
    rw [← eq1, sqr_eq, eq2]
  rw [add_comm, Nat.add_mul_mod_self_left, Nat.mul_mod_right] at this
  norm_num at this


","💥️unknown identifier 'sqr_eq'

💥️tactic 'rewrite' failed, equality or iff proof expected
  ?m.11718
m n p : ℕ
nnz : n ≠ 0
prime_p : Nat.Prime p
sq_eq : m ^ 2 = p * n ^ 2
nsqr_nez : n ^ 2 ≠ 0
eq1 : (m ^ 2).factorization p = 2 * m.factorization p
eq2 : (p * n ^ 2).factorization p = 2 * n.factorization p + 1
⊢ (m ^ 2).factorization p % 2 = (2 * n.factorization p + 1) % 2",False,60,MIL.C05_Elementary_Number_Theory.solutions.Solutions_S01_Irrational_Roots,Qwen-7B-short,LENGTH,best_of_n,False,0,-1.0,t3,False
-1,False,11,"theorem t3 {m n p : ℕ} (nnz : n ≠ 0) (prime_p : p.Prime) : m ^ 2 ≠ p * n ^ 2 := by
  intro sqr_eq
  have nsqr_nez : n ^ 2 ≠ 0 := by simpa
  have eq1 : Nat.factorization (m ^ 2) p = 2 * m.factorization p := by
    rw [factorization_pow']
  have eq2 : (p * n ^ 2).factorization p = 2 * n.factorization p + 1 := by
    rw [factorization_mul' prime_p.ne_zero nsqr_nez, prime_p.factorization', factorization_pow',
      add_comm]
  have : 2 * m.factorization p % 2 = (2 * n.factorization p + 1) % 2 := by
    rw [← eq1, sqr_eq, eq2]
  rw [add_comm, Nat.add_mul_mod_self_left, Nat.mul_mod_right] at this
  norm_num at this

",,True,11,"theorem t3 {m n p : ℕ} (nnz : n ≠ 0) (prime_p : p.Prime) : m ^ 2 ≠ p * n ^ 2 := by
  intro sqr_eq
  have nsqr_nez : n ^ 2 ≠ 0 := by simpa
  have eq1 : Nat.factorization (m ^ 2) p = 2 * m.factorization p := by
    rw [factorization_pow']
  have eq2 : (p * n ^ 2).factorization p = 2 * n.factorization p + 1 := by
    rw [factorization_mul' prime_p.ne_zero nsqr_nez, prime_p.factorization', factorization_pow',
      add_comm]
  have : 2 * m.factorization p % 2 = (2 * n.factorization p + 1) % 2 := by
    rw [← eq1, sqr_eq, eq2]
  rw [add_comm, Nat.add_mul_mod_self_left, Nat.mul_mod_right] at this
  norm_num at this


",,True,60,MIL.C05_Elementary_Number_Theory.solutions.Solutions_S01_Irrational_Roots,Qwen-7B-short,LENGTH,best_of_n,False,0,0.0,t3,False
-1,False,11,"theorem t3 {m n p : ℕ} (nnz : n ≠ 0) (prime_p : p.Prime) : m ^ 2 ≠ p * n ^ 2 := by
  intro sqr_eq
  have nsqr_nez : n ^ 2 ≠ 0 := by simpa
  have eq1 : Nat.factorization (m ^ 2) p = 2 * m.factorization p := by
    rw [factorization_pow']
  have eq2 : (p * n ^ 2).factorization p = 2 * n.factorization p + 1 := by
    rw [factorization_mul' prime_p.ne_zero nsqr_nez, prime_p.factorization', factorization_pow',
      add_comm]
  have : 2 * m.factorization p % 2 = (2 * n.factorization p + 1) % 2 := by
    rw [← eq1, sqr_eq, eq2]
  rw [add_comm, Nat.add_mul_mod_self_left, Nat.mul_mod_right] at this
  norm_num at this

",,True,-1,"theorem t3 {m n p : ℕ} (nnz : n ≠ 0) (prime_p : p.Prime) : m ^ 2 ≠ p * n ^ 2 := by
  intro sq_eq
  have : n ^ 2 ≠ 0 := by simpa
  have: (p * n ^ 2).factorization p = 2 * n.factorization p + 1 := by
    rw [factorization_mul' prime_p.ne_zero₀ this, prime_p.factorization', factorization_pow',
      add_comm]
  have : 2 * m.factorization p % 2 = (2 * n.factorization p + 1) % 2 := by
    rw [← eq1, sqrt_eq, eq2]
  rw [add_comm, Nat.add_mul_mod_self_left, Nat.mul_mod_right] at this
  norm_num at this


","💥️invalid field 'ne_zero₀', the environment does not contain 'Nat.Prime.ne_zero₀'
  prime_p
has type
  Nat.Prime p

💥️invalid field 'ne_zero₀', the environment does not contain 'Irreducible.ne_zero₀'
  prime_p
has type
  Irreducible p

💥️unknown identifier 'eq1'

💥️tactic 'rewrite' failed, equality or iff proof expected
  ?m.11334
m n p : ℕ
nnz : n ≠ 0
prime_p : Nat.Prime p
sq_eq : m ^ 2 = p * n ^ 2
this✝ : n ^ 2 ≠ 0
this : (p * n ^ 2).factorization p = 2 * n.factorization p + 1
⊢ 2 * m.factorization p % 2 = (2 * n.factorization p + 1) % 2",False,60,MIL.C05_Elementary_Number_Theory.solutions.Solutions_S01_Irrational_Roots,Qwen-7B-short,LENGTH,best_of_n,False,0,-1.0,t3,False
-1,False,11,"theorem t3 {m n p : ℕ} (nnz : n ≠ 0) (prime_p : p.Prime) : m ^ 2 ≠ p * n ^ 2 := by
  intro sqr_eq
  have nsqr_nez : n ^ 2 ≠ 0 := by simpa
  have eq1 : Nat.factorization (m ^ 2) p = 2 * m.factorization p := by
    rw [factorization_pow']
  have eq2 : (p * n ^ 2).factorization p = 2 * n.factorization p + 1 := by
    rw [factorization_mul' prime_p.ne_zero nsqr_nez, prime_p.factorization', factorization_pow',
      add_comm]
  have : 2 * m.factorization p % 2 = (2 * n.factorization p + 1) % 2 := by
    rw [← eq1, sqr_eq, eq2]
  rw [add_comm, Nat.add_mul_mod_self_left, Nat.mul_mod_right] at this
  norm_num at this

",,True,-1,"theorem t3 {m n p : ℕ} (n ≠ 0) (p : Prime) : m ^ 2 ≠ p * n ^ 2 := by
  intro sqr_eq
  rw [factorization.pow', ntheorem t1, t2, mul_assoc, mul_comm, mul_pow'.5]
",💥️unexpected token '≠'; expected ')',False,60,MIL.C05_Elementary_Number_Theory.solutions.Solutions_S01_Irrational_Roots,Qwen-7B-short,LENGTH,best_of_n,False,0,-1.0,t3,False
-1,False,11,"theorem t3 {m n p : ℕ} (nnz : n ≠ 0) (prime_p : p.Prime) : m ^ 2 ≠ p * n ^ 2 := by
  intro sqr_eq
  have nsqr_nez : n ^ 2 ≠ 0 := by simpa
  have eq1 : Nat.factorization (m ^ 2) p = 2 * m.factorization p := by
    rw [factorization_pow']
  have eq2 : (p * n ^ 2).factorization p = 2 * n.factorization p + 1 := by
    rw [factorization_mul' prime_p.ne_zero nsqr_nez, prime_p.factorization', factorization_pow',
      add_comm]
  have : 2 * m.factorization p % 2 = (2 * n.factorization p + 1) % 2 := by
    rw [← eq1, sqr_eq, eq2]
  rw [add_comm, Nat.add_mul_mod_self_left, Nat.mul_mod_right] at this
  norm_num at this

",,True,11,"theorem t3 {m n p : ℕ} (nnz : n ≠ 0) (prime_p : p.Prime) : m ^ 2 ≠ p * n ^ 2 := by
  intro sqr_eq
  have nsqr_nez : n ^ 2 ≠ 0 := by simpa
  have eq1 : Nat.factorization (m ^ 2) p = 2 * m.factorization p := by
    rw [factorization_pow']
  have eq2 : (p * n ^ 2).factorization p = 2 * n.factorization p + 1 := by
    rw [factorization_mul' prime_p.ne_zero nsqr_nez, prime_p.factorization', factorization_pow',
      add_comm]
  have : 2 * m.factorization p % 2 = (2 * n.factorization p + 1) % 2 := by
    rw [← eq1, sqr_eq, eq2]
  rw [add_comm, Nat.add_mul_mod_self_left, Nat.mul_mod_right] at this
  norm_num at this


",,True,60,MIL.C05_Elementary_Number_Theory.solutions.Solutions_S01_Irrational_Roots,Qwen-7B-short,LENGTH,best_of_n,False,0,0.0,t3,False
-1,False,11,"theorem t3 {m n p : ℕ} (nnz : n ≠ 0) (prime_p : p.Prime) : m ^ 2 ≠ p * n ^ 2 := by
  intro sqr_eq
  have nsqr_nez : n ^ 2 ≠ 0 := by simpa
  have eq1 : Nat.factorization (m ^ 2) p = 2 * m.factorization p := by
    rw [factorization_pow']
  have eq2 : (p * n ^ 2).factorization p = 2 * n.factorization p + 1 := by
    rw [factorization_mul' prime_p.ne_zero nsqr_nez, prime_p.factorization', factorization_pow',
      add_comm]
  have : 2 * m.factorization p % 2 = (2 * n.factorization p + 1) % 2 := by
    rw [← eq1, sqr_eq, eq2]
  rw [add_comm, Nat.add_mul_mod_self_left, Nat.mul_mod_right] at this
  norm_num at this

",,True,-1,"theorem t3 {m n p : ℕ} (nnz : n ≠ 0) (prime_p : p.Prime) : m ^ 2 ≠ p * n ^ 2 := by
  intro sqr_eq
  rw [factorization_pow', factorization_mul' (ne_zero n)]
  have pow2_ne3 : n ^ 2 ≠ 3 := by simpa
  have : 2 * m.factorization p % 2 = (2 * n.factorization p + 1) % 2 := by
    rw [← eq1, sqr_eq, eq2]
  rw [add_comm, Nat.add_mul_mod_self_left, Nat.mul_mod_right] at this
  norm_num at this


","💥️tactic 'rewrite' failed, did not find instance of the pattern in the target expression
  (?n ^ ?k).factorization ?p
m n p : ℕ
nnz : n ≠ 0
prime_p : Nat.Prime p
sqr_eq : m ^ 2 = p * n ^ 2
⊢ False",False,60,MIL.C05_Elementary_Number_Theory.solutions.Solutions_S01_Irrational_Roots,Qwen-7B-short,LENGTH,best_of_n,False,0,-1.0,t3,False
-1,False,11,"theorem t3 {m n p : ℕ} (nnz : n ≠ 0) (prime_p : p.Prime) : m ^ 2 ≠ p * n ^ 2 := by
  intro sqr_eq
  have nsqr_nez : n ^ 2 ≠ 0 := by simpa
  have eq1 : Nat.factorization (m ^ 2) p = 2 * m.factorization p := by
    rw [factorization_pow']
  have eq2 : (p * n ^ 2).factorization p = 2 * n.factorization p + 1 := by
    rw [factorization_mul' prime_p.ne_zero nsqr_nez, prime_p.factorization', factorization_pow',
      add_comm]
  have : 2 * m.factorization p % 2 = (2 * n.factorization p + 1) % 2 := by
    rw [← eq1, sqr_eq, eq2]
  rw [add_comm, Nat.add_mul_mod_self_left, Nat.mul_mod_right] at this
  norm_num at this

",,True,-1,"theorem t3 {m n p : ℕ} (nnz : n ≠ 0) (prime_p : p.Prime) : m ^ 2 ≠ p * n ^ 2 := by
  intro sqr_eq
  rw [eq_iff,← singleton_right, prime_p.ne_zero, zero_mul] at this
  convert this.pow_eq_mul p
  aesop
",💥️unknown identifier 'this',False,60,MIL.C05_Elementary_Number_Theory.solutions.Solutions_S01_Irrational_Roots,Qwen-7B-short,LENGTH,best_of_n,False,0,-1.0,t3,False
-1,False,11,"theorem t3 {m n p : ℕ} (nnz : n ≠ 0) (prime_p : p.Prime) : m ^ 2 ≠ p * n ^ 2 := by
  intro sqr_eq
  have nsqr_nez : n ^ 2 ≠ 0 := by simpa
  have eq1 : Nat.factorization (m ^ 2) p = 2 * m.factorization p := by
    rw [factorization_pow']
  have eq2 : (p * n ^ 2).factorization p = 2 * n.factorization p + 1 := by
    rw [factorization_mul' prime_p.ne_zero nsqr_nez, prime_p.factorization', factorization_pow',
      add_comm]
  have : 2 * m.factorization p % 2 = (2 * n.factorization p + 1) % 2 := by
    rw [← eq1, sqr_eq, eq2]
  rw [add_comm, Nat.add_mul_mod_self_left, Nat.mul_mod_right] at this
  norm_num at this

",,True,11,"theorem t3 {m n p : ℕ} (nnz : n ≠ 0) (prime_p : p.Prime) : m ^ 2 ≠ p * n ^ 2 := by
  intro sqr_eq
  have nsqr_nez : n ^ 2 ≠ 0 := by simpa
  have eq1 : Nat.factorization (m ^ 2) p = 2 * m.factorization p := by
    rw [factorization_pow']
  have eq2 : (p * n ^ 2).factorization p = 2 * n.factorization p + 1 := by
    rw [factorization_mul' prime_p.ne_zero nsqr_nez, prime_p.factorization', factorization_pow',
      add_comm]
  have : 2 * m.factorization p % 2 = (2 * n.factorization p + 1) % 2 := by
    rw [← eq1, sqr_eq, eq2]
  rw [add_comm, Nat.add_mul_mod_self_left, Nat.mul_mod_right] at this
  norm_num at this


",,True,60,MIL.C05_Elementary_Number_Theory.solutions.Solutions_S01_Irrational_Roots,Qwen-7B-short,LENGTH,best_of_n,False,0,0.0,t3,False
-1,False,11,"theorem t3 {m n p : ℕ} (nnz : n ≠ 0) (prime_p : p.Prime) : m ^ 2 ≠ p * n ^ 2 := by
  intro sqr_eq
  have nsqr_nez : n ^ 2 ≠ 0 := by simpa
  have eq1 : Nat.factorization (m ^ 2) p = 2 * m.factorization p := by
    rw [factorization_pow']
  have eq2 : (p * n ^ 2).factorization p = 2 * n.factorization p + 1 := by
    rw [factorization_mul' prime_p.ne_zero nsqr_nez, prime_p.factorization', factorization_pow',
      add_comm]
  have : 2 * m.factorization p % 2 = (2 * n.factorization p + 1) % 2 := by
    rw [← eq1, sqr_eq, eq2]
  rw [add_comm, Nat.add_mul_mod_self_left, Nat.mul_mod_right] at this
  norm_num at this

",,True,11,"theorem t3 {m n p : ℕ} (nnz : n ≠ 0) (prime_p : p.Prime) : m ^ 2 ≠ p * n ^ 2 := by
  intro sqr_eq
  have nsqr_nez : n ^ 2 ≠ 0 := by simpa
  have eq1 : Nat.factorization (m ^ 2) p = 2 * m.factorization p := by
    rw [factorization_pow']
  have eq2 : (p * n ^ 2).factorization p = 2 * n.factorization p + 1 := by
    rw [factorization_mul' prime_p.ne_zero nsqr_nez, prime_p.factorization', factorization_pow',
      add_comm]
  have : 2 * m.factorization p % 2 = (2 * n.factorization p + 1) % 2 := by
    rw [← eq1, sqr_eq, eq2]
  rw [add_comm, Nat.add_mul_mod_self_left, Nat.mul_mod_right] at this
  norm_num at this


",,True,60,MIL.C05_Elementary_Number_Theory.solutions.Solutions_S01_Irrational_Roots,Qwen-7B-short,LENGTH,best_of_n,False,0,0.0,t3,False
-1,False,11,"theorem t3 {m n p : ℕ} (nnz : n ≠ 0) (prime_p : p.Prime) : m ^ 2 ≠ p * n ^ 2 := by
  intro sqr_eq
  have nsqr_nez : n ^ 2 ≠ 0 := by simpa
  have eq1 : Nat.factorization (m ^ 2) p = 2 * m.factorization p := by
    rw [factorization_pow']
  have eq2 : (p * n ^ 2).factorization p = 2 * n.factorization p + 1 := by
    rw [factorization_mul' prime_p.ne_zero nsqr_nez, prime_p.factorization', factorization_pow',
      add_comm]
  have : 2 * m.factorization p % 2 = (2 * n.factorization p + 1) % 2 := by
    rw [← eq1, sqr_eq, eq2]
  rw [add_comm, Nat.add_mul_mod_self_left, Nat.mul_mod_right] at this
  norm_num at this

",,True,-1,"theorem t3 {m n p : ℕ} (nnz : n ≠ 0) (prime_p : p.Prime) : m ^ 2 ≠ p * n ^ 2 := by
  intro sqr_eq
  have exact (not_false_eq_true.mpr two_ne_zero).1 $ by simpa
  exact (Nat.factorization_mul_prime_ne_zero _ _).imp fun
    _ ↦ two_ne_zero.mpr <| congr_arg _ (two_ne_zero form_at_left)
","💥️invalid 'by' tactic, expected type has not been provided",False,60,MIL.C05_Elementary_Number_Theory.solutions.Solutions_S01_Irrational_Roots,Qwen-7B-short,LENGTH,best_of_n,False,0,-1.0,t3,False
-1,False,11,"theorem t3 {m n p : ℕ} (nnz : n ≠ 0) (prime_p : p.Prime) : m ^ 2 ≠ p * n ^ 2 := by
  intro sqr_eq
  have nsqr_nez : n ^ 2 ≠ 0 := by simpa
  have eq1 : Nat.factorization (m ^ 2) p = 2 * m.factorization p := by
    rw [factorization_pow']
  have eq2 : (p * n ^ 2).factorization p = 2 * n.factorization p + 1 := by
    rw [factorization_mul' prime_p.ne_zero nsqr_nez, prime_p.factorization', factorization_pow',
      add_comm]
  have : 2 * m.factorization p % 2 = (2 * n.factorization p + 1) % 2 := by
    rw [← eq1, sqr_eq, eq2]
  rw [add_comm, Nat.add_mul_mod_self_left, Nat.mul_mod_right] at this
  norm_num at this

",,True,11,"theorem t3 {m n p : ℕ} (nnz : n ≠ 0) (prime_p : p.Prime) : m ^ 2 ≠ p * n ^ 2 := by
  intro sqr_eq
  have nsqr_nez : n ^ 2 ≠ 0 := by simpa
  have eq1 : Nat.factorization (m ^ 2) p = 2 * m.factorization p := by
    rw [factorization_pow']
  have eq2 : (p * n ^ 2).factorization p = 2 * n.factorization p + 1 := by
    rw [factorization_mul' prime_p.ne_zero nsqr_nez, prime_p.factorization', factorization_pow',
      add_comm]
  have : 2 * m.factorization p % 2 = (2 * n.factorization p + 1) % 2 := by
    rw [← eq1, sqr_eq, eq2]
  rw [add_comm, Nat.add_mul_mod_self_left, Nat.mul_mod_right] at this
  norm_num at this


",,True,60,MIL.C05_Elementary_Number_Theory.solutions.Solutions_S01_Irrational_Roots,Qwen-7B-short,LENGTH,best_of_n,False,0,0.0,t3,False
-1,False,11,"theorem t3 {m n p : ℕ} (nnz : n ≠ 0) (prime_p : p.Prime) : m ^ 2 ≠ p * n ^ 2 := by
  intro sqr_eq
  have nsqr_nez : n ^ 2 ≠ 0 := by simpa
  have eq1 : Nat.factorization (m ^ 2) p = 2 * m.factorization p := by
    rw [factorization_pow']
  have eq2 : (p * n ^ 2).factorization p = 2 * n.factorization p + 1 := by
    rw [factorization_mul' prime_p.ne_zero nsqr_nez, prime_p.factorization', factorization_pow',
      add_comm]
  have : 2 * m.factorization p % 2 = (2 * n.factorization p + 1) % 2 := by
    rw [← eq1, sqr_eq, eq2]
  rw [add_comm, Nat.add_mul_mod_self_left, Nat.mul_mod_right] at this
  norm_num at this

",,True,-1,"theorem t3 {m n p : ℕ} (nnz : n ≠ 0) (prime_p : p.Prime) : m ^ 2 ≠ p * n ^ 2 := by
  intro sq_eq
  rw [← (m * n ^ 2), equation_of_mul_eq_mul_left (Nat.mul_sqr n_squared_ne_zero) sq_eq,
    calc
      _ = (m * n). ^ 2 := by rw [mul_pow];.mul_right n_prod
      _ = _ := by rw [← mul_pow];mul_right m_prod
      _ = _ := by rw [mul_assoc, mul_assoc, mul_comm m_prod n_prod]
      _ = _ := by rw [← mul_assoc];mul_right mult_prod]
      _ = _ := by simp (RingHom.mem_ker (mult_prod = 0))]
      _ = _ := by rw [eq_comm_left n_prod]
      _ = CharP (Rfl : n ^ 2 = (n * 1). ^ 2) := by simp [CharP, RelIso,ι.Quotient,
        ← trans_mulmul_prime_divisors_eq_eq_divisors, div_mul_eq_div_iff,
        ← trans_mul_mul_prime_divisors_eq_eq_divisors, RelIso,ι.Quotient,
        (Nat.factorization_units m_prod).symm]
      _ = _ := by rw [← div_mul_eq_div_iff];mul_right mult_prod]
      _ = _ := by simp [Multiset.map_sdiff _]
      _ = _ := by ext2; simp [Multiset.mem_sdiff] <;> intro <;> simp
      _ = _ := by rw [← ext_iff, mem_sdiff] <;> simp
      _ = _ := by rw [ext_iff, mem_sdiff] <;> simp
      _ = _ := by simpa [Multiset.ext_iff] using Nat.mem_sdiff
",💥️unknown tactic,False,60,MIL.C05_Elementary_Number_Theory.solutions.Solutions_S01_Irrational_Roots,Qwen-7B-short,LENGTH,best_of_n,False,0,-1.0,t3,False
-1,False,13,"theorem t4 {m n k r : ℕ} (nnz : n ≠ 0) (pow_eq : m ^ k = r * n ^ k) {p : ℕ} :
    k ∣ r.factorization p := by
  rcases r with _ | r
  · simp
  have npow_nz : n ^ k ≠ 0 := fun npowz ↦ nnz (pow_eq_zero npowz)
  have eq1 : (m ^ k).factorization p = k * m.factorization p := by
    rw [factorization_pow']
  have eq2 : ((r + 1) * n ^ k).factorization p =
      k * n.factorization p + (r + 1).factorization p := by
    rw [factorization_mul' r.succ_ne_zero npow_nz, factorization_pow', add_comm]
  have : r.succ.factorization p = k * m.factorization p - k * n.factorization p := by
    rw [← eq1, pow_eq, eq2, add_comm, Nat.add_sub_cancel]
  rw [this]
  apply Nat.dvd_sub' <;>
  apply Nat.dvd_mul_right

",,True,-1,"theorem t4 {m n k r : ℕ} (nnz : n ≠ 0) (pow_eq : m ^ k = r * n ^ k) {p : ℕ} :
    k ∣ r.factorization p := by
  rcases r with _ | r
  · simp
  havenp := is_dvd_mul_right' n
  have : r.succ.factorization p = k * m.factorization p - (k * n.factorization p + (r + 1).factorization p) := by
    rw [← eq1, pow_eq, eq2, add_comm, Nat.add_sub_cancel]
  rw [this, Nat.dvd_sub', Nat.dvd_mul_right]
","💥️unknown tactic

💥️unsolved goals
case succ
m n k : ℕ
nnz : n ≠ 0
p r : ℕ
pow_eq : m ^ k = (r + 1) * n ^ k
⊢ k ∣ (r + 1).factorization p",False,60,MIL.C05_Elementary_Number_Theory.solutions.Solutions_S01_Irrational_Roots,Qwen-7B-short,LENGTH,best_of_n,False,0,-1.0,t4,False
-1,False,13,"theorem t4 {m n k r : ℕ} (nnz : n ≠ 0) (pow_eq : m ^ k = r * n ^ k) {p : ℕ} :
    k ∣ r.factorization p := by
  rcases r with _ | r
  · simp
  have npow_nz : n ^ k ≠ 0 := fun npowz ↦ nnz (pow_eq_zero npowz)
  have eq1 : (m ^ k).factorization p = k * m.factorization p := by
    rw [factorization_pow']
  have eq2 : ((r + 1) * n ^ k).factorization p =
      k * n.factorization p + (r + 1).factorization p := by
    rw [factorization_mul' r.succ_ne_zero npow_nz, factorization_pow', add_comm]
  have : r.succ.factorization p = k * m.factorization p - k * n.factorization p := by
    rw [← eq1, pow_eq, eq2, add_comm, Nat.add_sub_cancel]
  rw [this]
  apply Nat.dvd_sub' <;>
  apply Nat.dvd_mul_right

",,True,-1,"theorem t4 {m n k r : ℕ} (nnz : n ≠ 0) (pow_eq : m ^ k = r * n ^ k) {p : ℕ} :
    k ∣ r.factorization p := by
  rcases r with _ | r
  · simp
  have eq1 : (m ^ k).factorization p = k * m.factorization p := by
    rw [factorization_pow']
  have eq2 : ((r + 1) * n ^ k).factorization p =
      k * n.factorization p + (r + 1).factorization p := by
    rw [factorization_mul' r.succ_ne_zero (by tauto), factorization_pow', add_comm]
  have : r.succ.factorization p = k * m.factorization p - k * n.factorization p := by
    rw [← eq1, pow_eq, eq2, add_comm, Nat.add_sub_cancel]
  rw [this]
  apply Nat.dvd_sub' <;>
  apply Nat.dvd_mul_right


","💥️tauto failed to solve some goals.


💥️unsolved goals
m n k : ℕ
nnz : n ≠ 0
p r : ℕ
pow_eq : m ^ k = (r + 1) * n ^ k
eq1 : (m ^ k).factorization p = k * m.factorization p
a✝ : n ^ k = 0
⊢ False",False,60,MIL.C05_Elementary_Number_Theory.solutions.Solutions_S01_Irrational_Roots,Qwen-7B-short,LENGTH,best_of_n,False,0,-1.0,t4,False
-1,False,13,"theorem t4 {m n k r : ℕ} (nnz : n ≠ 0) (pow_eq : m ^ k = r * n ^ k) {p : ℕ} :
    k ∣ r.factorization p := by
  rcases r with _ | r
  · simp
  have npow_nz : n ^ k ≠ 0 := fun npowz ↦ nnz (pow_eq_zero npowz)
  have eq1 : (m ^ k).factorization p = k * m.factorization p := by
    rw [factorization_pow']
  have eq2 : ((r + 1) * n ^ k).factorization p =
      k * n.factorization p + (r + 1).factorization p := by
    rw [factorization_mul' r.succ_ne_zero npow_nz, factorization_pow', add_comm]
  have : r.succ.factorization p = k * m.factorization p - k * n.factorization p := by
    rw [← eq1, pow_eq, eq2, add_comm, Nat.add_sub_cancel]
  rw [this]
  apply Nat.dvd_sub' <;>
  apply Nat.dvd_mul_right

",,True,-1,"theorem t4 {m n k r : ℕ} (ne_zero n) (pow_eq : m ^ k = r * n ^ k) {p : ℕ} :
    k ∣ r.factorization p := by
  rcases r with _ | r
  · simp
  have eq1 : (m ^ k).factorization p = k * m.factorization p := by
    rw [factorization_pow']
  have eq2 : ((r + 1) * n ^ k).factorization p =
      k * n.factorization p + (r + 1).factorization p := by
    rw [factorization_mul' r.succ_ne_zero (NeZero.pos n), factorization_pow', add_comm]
  have : r.succ.factorization p = k * m.factorization p - k * n.factorization p := by
    rw [← eq1, pow_eq, eq2, add_comm, Nat.add_sub_cancel]
  rw [this]
  apply Nat.dvd_sub' <;>
  apply Nat.dvd_mul_right


","💥️failed to infer binder type
when the resulting type of a declaration is explicitly provided, all holes (e.g., `_`) in the header are resolved before the declaration body is processed

💥️failed to synthesize
  NeZero n
Additional diagnostic information may be available using the `set_option diagnostics true` command.",False,60,MIL.C05_Elementary_Number_Theory.solutions.Solutions_S01_Irrational_Roots,Qwen-7B-short,LENGTH,best_of_n,False,0,-1.0,t4,False
-1,False,13,"theorem t4 {m n k r : ℕ} (nnz : n ≠ 0) (pow_eq : m ^ k = r * n ^ k) {p : ℕ} :
    k ∣ r.factorization p := by
  rcases r with _ | r
  · simp
  have npow_nz : n ^ k ≠ 0 := fun npowz ↦ nnz (pow_eq_zero npowz)
  have eq1 : (m ^ k).factorization p = k * m.factorization p := by
    rw [factorization_pow']
  have eq2 : ((r + 1) * n ^ k).factorization p =
      k * n.factorization p + (r + 1).factorization p := by
    rw [factorization_mul' r.succ_ne_zero npow_nz, factorization_pow', add_comm]
  have : r.succ.factorization p = k * m.factorization p - k * n.factorization p := by
    rw [← eq1, pow_eq, eq2, add_comm, Nat.add_sub_cancel]
  rw [this]
  apply Nat.dvd_sub' <;>
  apply Nat.dvd_mul_right

",,True,-1,"theorem t4 {m n k r : ℕ} (nnz : n ≠ 0) (pow_eq : m ^ k = r * n ^ k) {p : ℕ} :
    k ∣ r.factorization p := by
  rw [factorization_pow', mul_assoc, mul_mul_cancel_left]
  exact Nat.dvd_mul_right _ _

","💥️tactic 'rewrite' failed, did not find instance of the pattern in the target expression
  (?n ^ ?k).factorization ?p
m n k r : ℕ
nnz : n ≠ 0
pow_eq : m ^ k = r * n ^ k
p : ℕ
⊢ k ∣ r.factorization p",False,60,MIL.C05_Elementary_Number_Theory.solutions.Solutions_S01_Irrational_Roots,Qwen-7B-short,LENGTH,best_of_n,False,0,-1.0,t4,False
-1,False,13,"theorem t4 {m n k r : ℕ} (nnz : n ≠ 0) (pow_eq : m ^ k = r * n ^ k) {p : ℕ} :
    k ∣ r.factorization p := by
  rcases r with _ | r
  · simp
  have npow_nz : n ^ k ≠ 0 := fun npowz ↦ nnz (pow_eq_zero npowz)
  have eq1 : (m ^ k).factorization p = k * m.factorization p := by
    rw [factorization_pow']
  have eq2 : ((r + 1) * n ^ k).factorization p =
      k * n.factorization p + (r + 1).factorization p := by
    rw [factorization_mul' r.succ_ne_zero npow_nz, factorization_pow', add_comm]
  have : r.succ.factorization p = k * m.factorization p - k * n.factorization p := by
    rw [← eq1, pow_eq, eq2, add_comm, Nat.add_sub_cancel]
  rw [this]
  apply Nat.dvd_sub' <;>
  apply Nat.dvd_mul_right

",,True,-1,"theorem t4 {m n k r : ℕ} (nnz : n ≠ 0) (pow_eq : m ^ k = r * n ^ k) {p : ℕ} :
    k ∣ r.factorization p := by
  rcases r with _ | r
  · simp
  have eq1 : (m ^ k).factorization p = k * m.factorization p := by
    rw [factorization_pow']
  have eq2 : ((r + 1) * n ^ k).factorization p =
      k * n.factorization p + (r + 1).factorization p := by
    rw [factorization_mul' r.succ_ne_zero nnz, factorization_pow', add_comm]
  have : r.succ.factorization p = k * m.factorization p - k * n.factorization p := by
    rw [← eq1, pow_eq, eq2, add_comm, Nat.add_sub_cancel]
  rw [this, Nat.dvd_sub', Nat.dvd_mul_right]
","💥️tactic 'rewrite' failed, did not find instance of the pattern in the target expression
  (r.succ * n).factorization ?p
m n k : ℕ
nnz : n ≠ 0
p r : ℕ
pow_eq : m ^ k = (r + 1) * n ^ k
eq1 : (m ^ k).factorization p = k * m.factorization p
⊢ ((r + 1) * n ^ k).factorization p = k * n.factorization p + (r + 1).factorization p

💥️tactic 'rewrite' failed, equality or iff proof expected
  ?m.13950 ∣ ?m.13948 - ?m.13949
case succ
m n k : ℕ
nnz : n ≠ 0
p r : ℕ
pow_eq : m ^ k = (r + 1) * n ^ k
eq1 : (m ^ k).factorization p = k * m.factorization p
eq2 : ((r + 1) * n ^ k).factorization p = k * n.factorization p + (r + 1).factorization p
this : r.succ.factorization p = k * m.factorization p - k * n.factorization p
⊢ k ∣ k * m.factorization p - k * n.factorization p",False,60,MIL.C05_Elementary_Number_Theory.solutions.Solutions_S01_Irrational_Roots,Qwen-7B-short,LENGTH,best_of_n,False,0,-1.0,t4,False
-1,False,13,"theorem t4 {m n k r : ℕ} (nnz : n ≠ 0) (pow_eq : m ^ k = r * n ^ k) {p : ℕ} :
    k ∣ r.factorization p := by
  rcases r with _ | r
  · simp
  have npow_nz : n ^ k ≠ 0 := fun npowz ↦ nnz (pow_eq_zero npowz)
  have eq1 : (m ^ k).factorization p = k * m.factorization p := by
    rw [factorization_pow']
  have eq2 : ((r + 1) * n ^ k).factorization p =
      k * n.factorization p + (r + 1).factorization p := by
    rw [factorization_mul' r.succ_ne_zero npow_nz, factorization_pow', add_comm]
  have : r.succ.factorization p = k * m.factorization p - k * n.factorization p := by
    rw [← eq1, pow_eq, eq2, add_comm, Nat.add_sub_cancel]
  rw [this]
  apply Nat.dvd_sub' <;>
  apply Nat.dvd_mul_right

",,True,13,"theorem t4 {m n k r : ℕ} (nnz : n ≠ 0) (pow_eq : m ^ k = r * n ^ k) {p : ℕ} :
    k ∣ r.factorization p := by
  rcases r with _ | r
  · simp
  have : n ^ k ≠ 0 := fun npowz ↦ nnz (pow_eq_zero npowz)
  have eq1 : (m ^ k).factorization p = k * m.factorization p := by
    rw [factorization_pow']
  have eq2 : ((r + 1) * n ^ k).factorization p =
      k * n.factorization p + (r + 1).factorization p := by
    rw [factorization_mul' r.succ_ne_zero this, factorization_pow', add_comm]
  have : r.succ.factorization p = k * m.factorization p - k * n.factorization p := by
    rw [← eq1, pow_eq, eq2, add_comm, Nat.add_sub_cancel]
  rw [this]
  apply Nat.dvd_sub' <;>
  apply Nat.dvd_mul_right


",,True,60,MIL.C05_Elementary_Number_Theory.solutions.Solutions_S01_Irrational_Roots,Qwen-7B-short,LENGTH,best_of_n,False,0,0.0,t4,False
-1,False,13,"theorem t4 {m n k r : ℕ} (nnz : n ≠ 0) (pow_eq : m ^ k = r * n ^ k) {p : ℕ} :
    k ∣ r.factorization p := by
  rcases r with _ | r
  · simp
  have npow_nz : n ^ k ≠ 0 := fun npowz ↦ nnz (pow_eq_zero npowz)
  have eq1 : (m ^ k).factorization p = k * m.factorization p := by
    rw [factorization_pow']
  have eq2 : ((r + 1) * n ^ k).factorization p =
      k * n.factorization p + (r + 1).factorization p := by
    rw [factorization_mul' r.succ_ne_zero npow_nz, factorization_pow', add_comm]
  have : r.succ.factorization p = k * m.factorization p - k * n.factorization p := by
    rw [← eq1, pow_eq, eq2, add_comm, Nat.add_sub_cancel]
  rw [this]
  apply Nat.dvd_sub' <;>
  apply Nat.dvd_mul_right

",,True,-1,"theorem t4 {m n k r : ℕ} (nnz : n ≠ 0) (pow_eq : m ^ k = r * n ^ k) {p : ℕ} :
    k ∣ r.factorization p := by
  rcases r with _ | r
  · simp
  have eq1 : (m ^ k).factorization p = k * m.factorization p := by
    rw [factorization_pow']
  have eq2 : ((r + 1) * n ^ k).factorization p =
      k * n.factorization p + (r + 1).factorization p := by
    rw [factorization_mul' r.succ_ne_zero nnz, factorization_pow', add_comm]
  have : r.succ.factorization p = k * m.factorization p - k * n.factorization p := by
    rw [← eq1, pow_eq, eq2, add_comm, Nat.add_sub_cancel]
  rw [this]
  apply Nat.dvd_sub' <;>
  apply Nat.dvd_mul_right


","💥️tactic 'rewrite' failed, did not find instance of the pattern in the target expression
  (r.succ * n).factorization ?p
m n k : ℕ
nnz : n ≠ 0
p r : ℕ
pow_eq : m ^ k = (r + 1) * n ^ k
eq1 : (m ^ k).factorization p = k * m.factorization p
⊢ ((r + 1) * n ^ k).factorization p = k * n.factorization p + (r + 1).factorization p",False,60,MIL.C05_Elementary_Number_Theory.solutions.Solutions_S01_Irrational_Roots,Qwen-7B-short,LENGTH,best_of_n,False,0,-1.0,t4,False
-1,False,13,"theorem t4 {m n k r : ℕ} (nnz : n ≠ 0) (pow_eq : m ^ k = r * n ^ k) {p : ℕ} :
    k ∣ r.factorization p := by
  rcases r with _ | r
  · simp
  have npow_nz : n ^ k ≠ 0 := fun npowz ↦ nnz (pow_eq_zero npowz)
  have eq1 : (m ^ k).factorization p = k * m.factorization p := by
    rw [factorization_pow']
  have eq2 : ((r + 1) * n ^ k).factorization p =
      k * n.factorization p + (r + 1).factorization p := by
    rw [factorization_mul' r.succ_ne_zero npow_nz, factorization_pow', add_comm]
  have : r.succ.factorization p = k * m.factorization p - k * n.factorization p := by
    rw [← eq1, pow_eq, eq2, add_comm, Nat.add_sub_cancel]
  rw [this]
  apply Nat.dvd_sub' <;>
  apply Nat.dvd_mul_right

",,True,-1,"theorem t4 {m n k r : ℕ} (nnz : n ≠ 0) (pow_eq : m ^ k = r * n ^ k) {p : ℕ} :
    k ∣ r.factorization p := by
  rcases r with _ | r
  · simp
  have.eq (m ^ ·).factorization (· * r) (pick := r) : (m ^ ·).factorization
    (· * r) = · * m.factorization · := by
    simp_rw [factorization_pow', factorization_mul', eq_comm, pow_eq]
  have ( := r.succ.ne_zero) : r + 1 = mapFactorization p := eq ..
  rw [pow_eq, mapFactorization_apply]
  exact r.dvd_mul_of_pow_eq (m ^ ·).factorization p

","💥️unknown tactic

💥️unsolved goals
case succ
m n k : ℕ
nnz : n ≠ 0
p r : ℕ
pow_eq : m ^ k = (r + 1) * n ^ k
⊢ k ∣ (r + 1).factorization p",False,60,MIL.C05_Elementary_Number_Theory.solutions.Solutions_S01_Irrational_Roots,Qwen-7B-short,LENGTH,best_of_n,False,0,-1.0,t4,False
-1,False,13,"theorem t4 {m n k r : ℕ} (nnz : n ≠ 0) (pow_eq : m ^ k = r * n ^ k) {p : ℕ} :
    k ∣ r.factorization p := by
  rcases r with _ | r
  · simp
  have npow_nz : n ^ k ≠ 0 := fun npowz ↦ nnz (pow_eq_zero npowz)
  have eq1 : (m ^ k).factorization p = k * m.factorization p := by
    rw [factorization_pow']
  have eq2 : ((r + 1) * n ^ k).factorization p =
      k * n.factorization p + (r + 1).factorization p := by
    rw [factorization_mul' r.succ_ne_zero npow_nz, factorization_pow', add_comm]
  have : r.succ.factorization p = k * m.factorization p - k * n.factorization p := by
    rw [← eq1, pow_eq, eq2, add_comm, Nat.add_sub_cancel]
  rw [this]
  apply Nat.dvd_sub' <;>
  apply Nat.dvd_mul_right

",,True,-1,"theorem t4 {m n k r : ℕ} (nnz : n ≠ 0) (pow_eq : m ^ k = r * n ^ k) {p : ℕ} :
    k ∣ r.factorization p := by
  rcases r with _ | r
  · simp
  have : n ^ k ≠ 0 := fun npowz ↦ nnz (pow_eq_zero npowz)
  have eq1 : (m ^ k).factorization p = k * m.factorization p := by
    rw [factorization_pow']
  have eq2 : ((r + 1) * n ^ k).factorization p =
      k * n.factorization p + (r + 1).factorization p := by
    rw [factorization_mul' r.succ_ne_zero npow_nz, factorization_pow', add_comm]
  have : r.succ.factorization p = k * m.factorization p - k * n.factorization p := by
    rw [← eq1, pow_eq, eq2, add_comm, Nat.add_sub_cancel]
  rw [this]
  apply Nat.dvd_sub' <;>
  apply Nat.dvd_mul_right


",💥️unknown identifier 'npow_nz',False,60,MIL.C05_Elementary_Number_Theory.solutions.Solutions_S01_Irrational_Roots,Qwen-7B-short,LENGTH,best_of_n,False,0,-1.0,t4,False
-1,False,13,"theorem t4 {m n k r : ℕ} (nnz : n ≠ 0) (pow_eq : m ^ k = r * n ^ k) {p : ℕ} :
    k ∣ r.factorization p := by
  rcases r with _ | r
  · simp
  have npow_nz : n ^ k ≠ 0 := fun npowz ↦ nnz (pow_eq_zero npowz)
  have eq1 : (m ^ k).factorization p = k * m.factorization p := by
    rw [factorization_pow']
  have eq2 : ((r + 1) * n ^ k).factorization p =
      k * n.factorization p + (r + 1).factorization p := by
    rw [factorization_mul' r.succ_ne_zero npow_nz, factorization_pow', add_comm]
  have : r.succ.factorization p = k * m.factorization p - k * n.factorization p := by
    rw [← eq1, pow_eq, eq2, add_comm, Nat.add_sub_cancel]
  rw [this]
  apply Nat.dvd_sub' <;>
  apply Nat.dvd_mul_right

",,True,-1,"theorem t4 {m n k r : ℕ} (nnz : n ≠ 0) (pow_eq : m ^ k = r * n ^ k) {p : ℕ} :
    k ∣ r.factorization p := by
  rcases r with _ | r
  · simp
  have : n ^ k ≠ 0 := fun npowz ↦ nnz (pow_eq_zero npowz)
  have eq1 : (m ^ k).factorization p = k * m.factorization p := by
    rw [factorization_pow']
  have eq2 : ((r + 1) * n ^ k).factorization p =
      k * n.factorization p + (r + 1).factorization p := by
    rw [factorization_mul' r.succ_ne_zero npow_nz, factorization_pow', add_comm]
  have : r.succ.factorization p = k * m.factorization p - k * n.factorization p := by
    rw [← eq1, pow_eq, eq2, add_comm, Nat.add_sub_cancel]
  rw [this]
  apply Nat.dvd_sub' <;>
  apply Nat.dvd_mul_right


",💥️unknown identifier 'npow_nz',False,60,MIL.C05_Elementary_Number_Theory.solutions.Solutions_S01_Irrational_Roots,Qwen-7B-short,LENGTH,best_of_n,False,0,-1.0,t4,False
-1,False,13,"theorem t4 {m n k r : ℕ} (nnz : n ≠ 0) (pow_eq : m ^ k = r * n ^ k) {p : ℕ} :
    k ∣ r.factorization p := by
  rcases r with _ | r
  · simp
  have npow_nz : n ^ k ≠ 0 := fun npowz ↦ nnz (pow_eq_zero npowz)
  have eq1 : (m ^ k).factorization p = k * m.factorization p := by
    rw [factorization_pow']
  have eq2 : ((r + 1) * n ^ k).factorization p =
      k * n.factorization p + (r + 1).factorization p := by
    rw [factorization_mul' r.succ_ne_zero npow_nz, factorization_pow', add_comm]
  have : r.succ.factorization p = k * m.factorization p - k * n.factorization p := by
    rw [← eq1, pow_eq, eq2, add_comm, Nat.add_sub_cancel]
  rw [this]
  apply Nat.dvd_sub' <;>
  apply Nat.dvd_mul_right

",,True,-1,"theorem t4 {m n k r : ℕ} (nnz : n ≠ 0) (pow_eq : m ^ k = r * n ^ k) {p : ℕ} :
    k ∣ r.factorization p := by
  rcases r with _ | r
  · simp
  have : n ^ k ≠ 0 := fun npowz ↦ nnz (pow_eq_zero npowz)
  have eq1 : (m ^ k).factorization p = k * m.factorization p := by
    rw [factorization_pow']
  have eq2 : ((r + 1) * n ^ k).factorization p =
      k * n.factorization p + (r + 1).factorization p := by
    rw [factorization_mul' r.succ_ne_zerointros, factorization_pow', add_comm]
  have : r.succ.factorization p = k * m.factorization p - k * n.factorization p := by
    rw [← eq1, pow_eq, eq2, add_comm, Nat.add_sub_cancel]
  rw [this]
  apply Nat.dvd_sub' <;>
  apply Nat.dvd_mul_right


","💥️invalid field 'succ_ne_zerointros', the environment does not contain 'Nat.succ_ne_zerointros'
  r
has type
  ℕ

💥️unsolved goals
case nnez
m n k : ℕ
nnz : n ≠ 0
p r : ℕ
pow_eq : m ^ k = (r + 1) * n ^ k
this : n ^ k ≠ 0
eq1 : (m ^ k).factorization p = k * m.factorization p
⊢ n ^ k ≠ 0",False,60,MIL.C05_Elementary_Number_Theory.solutions.Solutions_S01_Irrational_Roots,Qwen-7B-short,LENGTH,best_of_n,False,0,-1.0,t4,False
-1,False,13,"theorem t4 {m n k r : ℕ} (nnz : n ≠ 0) (pow_eq : m ^ k = r * n ^ k) {p : ℕ} :
    k ∣ r.factorization p := by
  rcases r with _ | r
  · simp
  have npow_nz : n ^ k ≠ 0 := fun npowz ↦ nnz (pow_eq_zero npowz)
  have eq1 : (m ^ k).factorization p = k * m.factorization p := by
    rw [factorization_pow']
  have eq2 : ((r + 1) * n ^ k).factorization p =
      k * n.factorization p + (r + 1).factorization p := by
    rw [factorization_mul' r.succ_ne_zero npow_nz, factorization_pow', add_comm]
  have : r.succ.factorization p = k * m.factorization p - k * n.factorization p := by
    rw [← eq1, pow_eq, eq2, add_comm, Nat.add_sub_cancel]
  rw [this]
  apply Nat.dvd_sub' <;>
  apply Nat.dvd_mul_right

",,True,-1,"theorem t4 {m n k r : ℕ} (nnz : n ≠ 0) (pow_eq : m ^ k = r * n ^ k) {p : ℕ} :
    k ∣ r.factorization p := by
  rcases r with _ | r
  · simp
  have eq1 : (m ^ k).factorization p = k * m.factorization p := by
    rw [factorization_pow']
  have eq2 : ((r + 1) * n ^ k).factorization p =
      k * n.factorization p + (r + 1).factorization p := by
    rw [factorization_mul' r.succ_ne_zero nnz, factorization_pow', add_comm]
  have : r.succ.factorization p = k * m.factorization p - k * n.factorization p := by
    rw [← eq1, pow_eq, eq2, add_comm, Nat.add_sub_cancel]
  rw [this]
  apply Nat.dvd_sub' <;>
  apply Nat.dvd_mul_right


","💥️tactic 'rewrite' failed, did not find instance of the pattern in the target expression
  (r.succ * n).factorization ?p
m n k : ℕ
nnz : n ≠ 0
p r : ℕ
pow_eq : m ^ k = (r + 1) * n ^ k
eq1 : (m ^ k).factorization p = k * m.factorization p
⊢ ((r + 1) * n ^ k).factorization p = k * n.factorization p + (r + 1).factorization p",False,60,MIL.C05_Elementary_Number_Theory.solutions.Solutions_S01_Irrational_Roots,Qwen-7B-short,LENGTH,best_of_n,False,0,-1.0,t4,False
-1,False,13,"theorem t4 {m n k r : ℕ} (nnz : n ≠ 0) (pow_eq : m ^ k = r * n ^ k) {p : ℕ} :
    k ∣ r.factorization p := by
  rcases r with _ | r
  · simp
  have npow_nz : n ^ k ≠ 0 := fun npowz ↦ nnz (pow_eq_zero npowz)
  have eq1 : (m ^ k).factorization p = k * m.factorization p := by
    rw [factorization_pow']
  have eq2 : ((r + 1) * n ^ k).factorization p =
      k * n.factorization p + (r + 1).factorization p := by
    rw [factorization_mul' r.succ_ne_zero npow_nz, factorization_pow', add_comm]
  have : r.succ.factorization p = k * m.factorization p - k * n.factorization p := by
    rw [← eq1, pow_eq, eq2, add_comm, Nat.add_sub_cancel]
  rw [this]
  apply Nat.dvd_sub' <;>
  apply Nat.dvd_mul_right

",,True,13,"theorem t4 {m n k r : ℕ} (nnz : n ≠ 0) (pow_eq : m ^ k = r * n ^ k) {p : ℕ} :
    k ∣ r.factorization p := by
  rcases r with _ | r
  · simp
  have npow_nz : n ^ k ≠ 0 := fun npowz ↦ nnz (pow_eq_zero npowz)
  have eq1 : (m ^ k).factorization p = k * m.factorization p := by
    rw [factorization_pow']
  have eq2 : ((r + 1) * n ^ k).factorization p =
      k * n.factorization p + (r + 1).factorization p := by
    rw [factorization_mul' r.succ_ne_zero npow_nz, factorization_pow', add_comm]
  have : r.succ.factorization p = k * m.factorization p - k * n.factorization p := by
    rw [← eq1, pow_eq, eq2, add_comm, Nat.add_sub_cancel]
  rw [this]
  apply Nat.dvd_sub' <;>
  apply Nat.dvd_mul_right


",,True,60,MIL.C05_Elementary_Number_Theory.solutions.Solutions_S01_Irrational_Roots,Qwen-7B-short,LENGTH,best_of_n,False,0,0.0,t4,False
-1,False,13,"theorem t4 {m n k r : ℕ} (nnz : n ≠ 0) (pow_eq : m ^ k = r * n ^ k) {p : ℕ} :
    k ∣ r.factorization p := by
  rcases r with _ | r
  · simp
  have npow_nz : n ^ k ≠ 0 := fun npowz ↦ nnz (pow_eq_zero npowz)
  have eq1 : (m ^ k).factorization p = k * m.factorization p := by
    rw [factorization_pow']
  have eq2 : ((r + 1) * n ^ k).factorization p =
      k * n.factorization p + (r + 1).factorization p := by
    rw [factorization_mul' r.succ_ne_zero npow_nz, factorization_pow', add_comm]
  have : r.succ.factorization p = k * m.factorization p - k * n.factorization p := by
    rw [← eq1, pow_eq, eq2, add_comm, Nat.add_sub_cancel]
  rw [this]
  apply Nat.dvd_sub' <;>
  apply Nat.dvd_mul_right

",,True,-1,"theorem t4 {m n k r : ℕ} (nnz : n ≠ 0) (pow_eq : m ^ k = r * n ^ k) {p : ℕ} :
    k ∣ r.factorization p := by
  rcases r with _ | r
  · simp
  have npow_nz : n ^ k ≠ 0 := fun npowz ↦ nnz (pow_eq_zero npowz)
  have eq1 : (m ^ k).factorization p = k * m.factorization p := by
    rw [factorization_pow']
  have eq2 : ((r + 1) * n ^ k).factorization p =
      k * n.factorization p + (r + 1).factorization p := by
    rw [factorization_mul' r.succ_ne_zero npow_nz, factorization_pow', add_comm]
  have : r.succ.factorization p = k * m.factorization p - k * n.factorization p := by
    rw [← eq1, pow_eq, eq2, add_comm, Nat.add_sub_cancel]
  rw [this, Nat.dvd_sub', Nat.dvd_mul_right]
","💥️tactic 'rewrite' failed, equality or iff proof expected
  ?m.14207 ∣ ?m.14205 - ?m.14206
case succ
m n k : ℕ
nnz : n ≠ 0
p r : ℕ
pow_eq : m ^ k = (r + 1) * n ^ k
npow_nz : n ^ k ≠ 0
eq1 : (m ^ k).factorization p = k * m.factorization p
eq2 : ((r + 1) * n ^ k).factorization p = k * n.factorization p + (r + 1).factorization p
this : r.succ.factorization p = k * m.factorization p - k * n.factorization p
⊢ k ∣ k * m.factorization p - k * n.factorization p",False,60,MIL.C05_Elementary_Number_Theory.solutions.Solutions_S01_Irrational_Roots,Qwen-7B-short,LENGTH,best_of_n,False,0,-1.0,t4,False
-1,False,13,"theorem t4 {m n k r : ℕ} (nnz : n ≠ 0) (pow_eq : m ^ k = r * n ^ k) {p : ℕ} :
    k ∣ r.factorization p := by
  rcases r with _ | r
  · simp
  have npow_nz : n ^ k ≠ 0 := fun npowz ↦ nnz (pow_eq_zero npowz)
  have eq1 : (m ^ k).factorization p = k * m.factorization p := by
    rw [factorization_pow']
  have eq2 : ((r + 1) * n ^ k).factorization p =
      k * n.factorization p + (r + 1).factorization p := by
    rw [factorization_mul' r.succ_ne_zero npow_nz, factorization_pow', add_comm]
  have : r.succ.factorization p = k * m.factorization p - k * n.factorization p := by
    rw [← eq1, pow_eq, eq2, add_comm, Nat.add_sub_cancel]
  rw [this]
  apply Nat.dvd_sub' <;>
  apply Nat.dvd_mul_right

",,True,-1,"theorem t4 {m n k r : ℕ} (nnz : n ≠ 0) (pow_eq : m ^ k = r * n ^ k) {p : ℕ} :
    k ∣ r.factorization p := by
  rcases r with _ | r
  · simp
  have : r ^ k = (r + 1) * n ^ k := eq_square_ne_zero_iff.2

  have : (r: ℕ) ∣ c := by
    simp [← eq ← eq1, eq]
  have := factorization_cons r.succ_ne_zero

  exact (pow_eq.1 : r = (r + 1) * n ^ k / m ^ k) ▸ (eq := by simp) ▸ by tauto
","💥️unexpected token '←'; expected ']'

💥️unknown identifier 'eq_square_ne_zero_iff'

💥️unknown identifier 'c'

💥️unknown identifier 'eq'

💥️simp made no progress

💥️unsolved goals
case succ
m n k : ℕ
nnz : n ≠ 0
p r : ℕ
pow_eq : m ^ k = (r + 1) * n ^ k
this✝ : r ^ k = (r + 1) * n ^ k
this : r ∣ sorry
⊢ k ∣ (r + 1).factorization p",False,60,MIL.C05_Elementary_Number_Theory.solutions.Solutions_S01_Irrational_Roots,Qwen-7B-short,LENGTH,best_of_n,False,0,-1.0,t4,False
-1,False,13,"theorem t4 {m n k r : ℕ} (nnz : n ≠ 0) (pow_eq : m ^ k = r * n ^ k) {p : ℕ} :
    k ∣ r.factorization p := by
  rcases r with _ | r
  · simp
  have npow_nz : n ^ k ≠ 0 := fun npowz ↦ nnz (pow_eq_zero npowz)
  have eq1 : (m ^ k).factorization p = k * m.factorization p := by
    rw [factorization_pow']
  have eq2 : ((r + 1) * n ^ k).factorization p =
      k * n.factorization p + (r + 1).factorization p := by
    rw [factorization_mul' r.succ_ne_zero npow_nz, factorization_pow', add_comm]
  have : r.succ.factorization p = k * m.factorization p - k * n.factorization p := by
    rw [← eq1, pow_eq, eq2, add_comm, Nat.add_sub_cancel]
  rw [this]
  apply Nat.dvd_sub' <;>
  apply Nat.dvd_mul_right

",,True,-1,"theorem t4 {m n k r : ℕ} (nnz : n ≠ 0) (pow_eq : m ^ k = r * n ^ k) {p : ℕ} :
    k ∣ r.factorization p := by
  rcases r with _ | r
  · simp
  have h1 := m ^ k
  have h2 := r * n ^ k
  have h3 := (r + 1) * n ^ k
  have h4 := (m ^ (k + 1)) |>.factorization p
  have h5 := (r * n ^ (k + 1)).factorization p
  apply Nat.dvd_sub' <;> apply Nat.dvd_mul_right


","💥️tactic 'apply' failed, failed to unify
  ?k ∣ ?m - ?n
with
  k ∣ (r + 1).factorization p
case succ
m n k : ℕ
nnz : n ≠ 0
p r : ℕ
pow_eq : m ^ k = (r + 1) * n ^ k
h1 h2 h3 h4 h5 : ℕ
⊢ k ∣ (r + 1).factorization p",False,60,MIL.C05_Elementary_Number_Theory.solutions.Solutions_S01_Irrational_Roots,Qwen-7B-short,LENGTH,best_of_n,False,0,-1.0,t4,False
-1,False,13,"theorem t4 {m n k r : ℕ} (nnz : n ≠ 0) (pow_eq : m ^ k = r * n ^ k) {p : ℕ} :
    k ∣ r.factorization p := by
  rcases r with _ | r
  · simp
  have npow_nz : n ^ k ≠ 0 := fun npowz ↦ nnz (pow_eq_zero npowz)
  have eq1 : (m ^ k).factorization p = k * m.factorization p := by
    rw [factorization_pow']
  have eq2 : ((r + 1) * n ^ k).factorization p =
      k * n.factorization p + (r + 1).factorization p := by
    rw [factorization_mul' r.succ_ne_zero npow_nz, factorization_pow', add_comm]
  have : r.succ.factorization p = k * m.factorization p - k * n.factorization p := by
    rw [← eq1, pow_eq, eq2, add_comm, Nat.add_sub_cancel]
  rw [this]
  apply Nat.dvd_sub' <;>
  apply Nat.dvd_mul_right

",,True,-1,"theorem t4 {m n k r : ℕ} (nnz : n ≠ 0) (pow_eq : m ^ k = r * n ^ k) {p : ℕ} :
    k ∣ r.factorization p := by
  rcases r with _ | r
  · simp
  have eq1 : (m ^ k).factorization p = k * m.factorization p := by
    rw [factorization_pow']
  have eq2 : ((r + 1) * n ^ k).factorization p =
      k * n.factorization p + (r + 1).factorization p := by
    rw [factorization_mul' r.succ_ne_zero, factorization_pow', add_comm]
  have : r.succ.factorization p = k * m.factorization p - k * n.factorization p := by
    rw [← eq1, pow_eq, eq2, add_comm, Nat.add_sub_cancel]
  rw [this]
  apply Nat.dvd_sub' <;>
  apply Nat.dvd_mul_right


","💥️unsolved goals
case nnez
m n k : ℕ
nnz : n ≠ 0
p r : ℕ
pow_eq : m ^ k = (r + 1) * n ^ k
eq1 : (m ^ k).factorization p = k * m.factorization p
⊢ n ^ k ≠ 0",False,60,MIL.C05_Elementary_Number_Theory.solutions.Solutions_S01_Irrational_Roots,Qwen-7B-short,LENGTH,best_of_n,False,0,-1.0,t4,False
-1,False,13,"theorem t4 {m n k r : ℕ} (nnz : n ≠ 0) (pow_eq : m ^ k = r * n ^ k) {p : ℕ} :
    k ∣ r.factorization p := by
  rcases r with _ | r
  · simp
  have npow_nz : n ^ k ≠ 0 := fun npowz ↦ nnz (pow_eq_zero npowz)
  have eq1 : (m ^ k).factorization p = k * m.factorization p := by
    rw [factorization_pow']
  have eq2 : ((r + 1) * n ^ k).factorization p =
      k * n.factorization p + (r + 1).factorization p := by
    rw [factorization_mul' r.succ_ne_zero npow_nz, factorization_pow', add_comm]
  have : r.succ.factorization p = k * m.factorization p - k * n.factorization p := by
    rw [← eq1, pow_eq, eq2, add_comm, Nat.add_sub_cancel]
  rw [this]
  apply Nat.dvd_sub' <;>
  apply Nat.dvd_mul_right

",,True,-1,"theorem t4 {m n k r : ℕ} (nnz : n ≠ 0) (pow_eq : m ^ k = r * n ^ k) {p : ℕ} :
    k ∣ r.factorization p := by
  rcases r with _ | r
  · simp
  have eq1 : (m ^ k).factorization p = k * m.factorization p := by
    rw [factorization_pow', mul_comm]
  have eq2 : ((r + 1) * n ^ k).factorization p =
      k * n.factorization p + (r + 1).factorization p := by
    rw [factorization_mul' r.succ_ne_zero (by simp), factorization_pow', add_comm]
  have : r.succ.factorization p = k * m.factorization p - k * n.factorization p := by
    rw [← eq1, pow_eq, eq2, add_comm, Nat.add_sub_cancel]
  rw [this]
  apply Nat.dvd_sub' <;>
  apply Nat.dvd_mul_right


","💥️unsolved goals
m n k : ℕ
nnz : n ≠ 0
p r : ℕ
pow_eq : m ^ k = (r + 1) * n ^ k
eq1 : (m ^ k).factorization p = k * m.factorization p
⊢ n = 0 → k = 0",False,60,MIL.C05_Elementary_Number_Theory.solutions.Solutions_S01_Irrational_Roots,Qwen-7B-short,LENGTH,best_of_n,False,0,-1.0,t4,False
-1,False,13,"theorem t4 {m n k r : ℕ} (nnz : n ≠ 0) (pow_eq : m ^ k = r * n ^ k) {p : ℕ} :
    k ∣ r.factorization p := by
  rcases r with _ | r
  · simp
  have npow_nz : n ^ k ≠ 0 := fun npowz ↦ nnz (pow_eq_zero npowz)
  have eq1 : (m ^ k).factorization p = k * m.factorization p := by
    rw [factorization_pow']
  have eq2 : ((r + 1) * n ^ k).factorization p =
      k * n.factorization p + (r + 1).factorization p := by
    rw [factorization_mul' r.succ_ne_zero npow_nz, factorization_pow', add_comm]
  have : r.succ.factorization p = k * m.factorization p - k * n.factorization p := by
    rw [← eq1, pow_eq, eq2, add_comm, Nat.add_sub_cancel]
  rw [this]
  apply Nat.dvd_sub' <;>
  apply Nat.dvd_mul_right

",,True,-1,"theorem t4 {m n k r : ℕ} (nnz : n ≠ 0) (pow_eq : m ^ k = r * n ^ k) {p : ℕ} :
    k ∣ r.factorization p := by
  rcases r with _ | r
  · simp
  have_eq : (m ^ k).factorization p = k * m.factorization p := by
    rw [factorization_pow']
  have_eq : ((r + 1) * n ^ k).factorization p =
      k * n.factorization p + (r + 1).factorization p := by
    rw [factorization_mul' r.succ_ne_zero (by simp), factorization_pow', add_comm]
  have : r.succ.factorization p = k * m.factorization p - k * n.factorization p := by
    rw [← eq1, pow_eq, eq2, add_comm, Nat.add_sub_cancel]
  rw [this]
  apply Nat.dvd_sub' <;>
  apply Nat.dvd_mul_right


","💥️unknown tactic

💥️unsolved goals
case succ
m n k : ℕ
nnz : n ≠ 0
p r : ℕ
pow_eq : m ^ k = (r + 1) * n ^ k
⊢ k ∣ (r + 1).factorization p",False,60,MIL.C05_Elementary_Number_Theory.solutions.Solutions_S01_Irrational_Roots,Qwen-7B-short,LENGTH,best_of_n,False,0,-1.0,t4,False
-1,False,13,"theorem t4 {m n k r : ℕ} (nnz : n ≠ 0) (pow_eq : m ^ k = r * n ^ k) {p : ℕ} :
    k ∣ r.factorization p := by
  rcases r with _ | r
  · simp
  have npow_nz : n ^ k ≠ 0 := fun npowz ↦ nnz (pow_eq_zero npowz)
  have eq1 : (m ^ k).factorization p = k * m.factorization p := by
    rw [factorization_pow']
  have eq2 : ((r + 1) * n ^ k).factorization p =
      k * n.factorization p + (r + 1).factorization p := by
    rw [factorization_mul' r.succ_ne_zero npow_nz, factorization_pow', add_comm]
  have : r.succ.factorization p = k * m.factorization p - k * n.factorization p := by
    rw [← eq1, pow_eq, eq2, add_comm, Nat.add_sub_cancel]
  rw [this]
  apply Nat.dvd_sub' <;>
  apply Nat.dvd_mul_right

",,True,-1,"theorem t4 {m n k r : ℕ} (nnz : n ≠ 0) (pow_eq : m ^ k = r * n ^ k) {p : ℕ} :
    k ∣ r.factorization p := by
  rcases r with _ | r
  · simp
  havenpow_nz : n ^ k ≠ 0 := funnpowz ↦ nnz (pow_eq_zero npowz)
  have : (m ^ k).factorization p = k * m.factorization p := by
    rw [factorization_pow', eq_comm]
  have : ((r + 1) * n ^ k).factorization p =
      k * n.factorization p + (r + 1).factorization p := by
    rw [factorization_mul' r.succ_ne_zero, factorization_pow', add_comm]
  have : r.succ.factorization p = k * m.factorization p - k * n.factorization p := by
    rw [← eq_comm, pow_eq, eq2, add_comm, Nat.add_sub_cancel]
  rw [this]
  apply Nat.dvd_sub' <;>
  apply Nat.dvd_mul_right


","💥️unknown tactic

💥️unsolved goals
case succ
m n k : ℕ
nnz : n ≠ 0
p r : ℕ
pow_eq : m ^ k = (r + 1) * n ^ k
⊢ k ∣ (r + 1).factorization p",False,60,MIL.C05_Elementary_Number_Theory.solutions.Solutions_S01_Irrational_Roots,Qwen-7B-short,LENGTH,best_of_n,False,0,-1.0,t4,False
-1,False,13,"theorem t4 {m n k r : ℕ} (nnz : n ≠ 0) (pow_eq : m ^ k = r * n ^ k) {p : ℕ} :
    k ∣ r.factorization p := by
  rcases r with _ | r
  · simp
  have npow_nz : n ^ k ≠ 0 := fun npowz ↦ nnz (pow_eq_zero npowz)
  have eq1 : (m ^ k).factorization p = k * m.factorization p := by
    rw [factorization_pow']
  have eq2 : ((r + 1) * n ^ k).factorization p =
      k * n.factorization p + (r + 1).factorization p := by
    rw [factorization_mul' r.succ_ne_zero npow_nz, factorization_pow', add_comm]
  have : r.succ.factorization p = k * m.factorization p - k * n.factorization p := by
    rw [← eq1, pow_eq, eq2, add_comm, Nat.add_sub_cancel]
  rw [this]
  apply Nat.dvd_sub' <;>
  apply Nat.dvd_mul_right

",,True,-1,"theorem t4 {m n k r : ℕ} (n ≠ 0) (pow_eq : m ^ k = r * n ^ k) {p : ℕ} :
    k ∣ r.factorization p := by
  rcases r with _ | r
  · simp
  have eq1 : (m ^ k).factorization p = k * m.factorization p := by
    rw [factorization_pow', map_smul]
  have eq2 : ((r + 1) * n ^ k).factorization p =
      k * n.factorization p + (r + 1).factorization p := by
    rw [factorization_mul' r.succ_ne_zero n.pow_nz, factorization_pow', add_comm]
  have : r.succ.factorization p = k * m.factorization p - k * n.factorization p := by
    rw [← eq1, pow_eq, eq2, add_comm, Nat.add_sub_cancel]
  rw [this, Nat.dvd_sub', Nat.dvd_mul_right]
",💥️unexpected token '≠'; expected ')',False,60,MIL.C05_Elementary_Number_Theory.solutions.Solutions_S01_Irrational_Roots,Qwen-7B-short,LENGTH,best_of_n,False,0,-1.0,t4,False
-1,False,13,"theorem t4 {m n k r : ℕ} (nnz : n ≠ 0) (pow_eq : m ^ k = r * n ^ k) {p : ℕ} :
    k ∣ r.factorization p := by
  rcases r with _ | r
  · simp
  have npow_nz : n ^ k ≠ 0 := fun npowz ↦ nnz (pow_eq_zero npowz)
  have eq1 : (m ^ k).factorization p = k * m.factorization p := by
    rw [factorization_pow']
  have eq2 : ((r + 1) * n ^ k).factorization p =
      k * n.factorization p + (r + 1).factorization p := by
    rw [factorization_mul' r.succ_ne_zero npow_nz, factorization_pow', add_comm]
  have : r.succ.factorization p = k * m.factorization p - k * n.factorization p := by
    rw [← eq1, pow_eq, eq2, add_comm, Nat.add_sub_cancel]
  rw [this]
  apply Nat.dvd_sub' <;>
  apply Nat.dvd_mul_right

",,True,13,"theorem t4 {m n k r : ℕ} (nnz : n ≠ 0) (pow_eq : m ^ k = r * n ^ k) {p : ℕ} :
    k ∣ r.factorization p := by
  rcases r with _ | r
  · simp
  have npow_nz : n ^ k ≠ 0 := fun npowz ↦ nnz (pow_eq_zero npowz)
  have eq1 : (m ^ k).factorization p = k * m.factorization p := by
    rw [factorization_pow']
  have eq2 : ((r + 1) * n ^ k).factorization p =
      k * n.factorization p + (r + 1).factorization p := by
    rw [factorization_mul' r.succ_ne_zero npow_nz, factorization_pow', add_comm]
  have : r.succ.factorization p = k * m.factorization p - k * n.factorization p := by
    rw [← eq1, pow_eq, eq2, add_comm, Nat.add_sub_cancel]
  rw [this]
  apply Nat.dvd_sub' <;>
  apply Nat.dvd_mul_right


",,True,60,MIL.C05_Elementary_Number_Theory.solutions.Solutions_S01_Irrational_Roots,Qwen-7B-short,LENGTH,best_of_n,False,0,0.0,t4,False
-1,False,13,"theorem t4 {m n k r : ℕ} (nnz : n ≠ 0) (pow_eq : m ^ k = r * n ^ k) {p : ℕ} :
    k ∣ r.factorization p := by
  rcases r with _ | r
  · simp
  have npow_nz : n ^ k ≠ 0 := fun npowz ↦ nnz (pow_eq_zero npowz)
  have eq1 : (m ^ k).factorization p = k * m.factorization p := by
    rw [factorization_pow']
  have eq2 : ((r + 1) * n ^ k).factorization p =
      k * n.factorization p + (r + 1).factorization p := by
    rw [factorization_mul' r.succ_ne_zero npow_nz, factorization_pow', add_comm]
  have : r.succ.factorization p = k * m.factorization p - k * n.factorization p := by
    rw [← eq1, pow_eq, eq2, add_comm, Nat.add_sub_cancel]
  rw [this]
  apply Nat.dvd_sub' <;>
  apply Nat.dvd_mul_right

",,True,-1,"theorem t4 {m n k r : ℕ} (nnz : n ≠ 0) (pow_eq : m ^ k = r * n ^ k) {p : ℕ} :
    k ∣ r.factorization p := by
  rcases r with _ | r
  · simp
  have npow_nz : n ^ k ≠ 0 := fun npowz ↦ nnz (pow_eq_zero npowz)
  have eq1 : (m ^ k).factorization p = k * m.factorization p := by
    rw [factorization_pow', Nat.factorization_mul', eq2, sub_eq_zero]
  have eq2 : ((r + 1) * n ^ k).factorization p =
      k * n.factorization p + (r + 1).factorization p := by
    rw [factorization_mul' r.succ_ne_zero npow_nz, factorization_pow', add_comm]
  have : r.succ.factorization p = k * m.factorization p - k * n.factorization p := by
    rw [← eq1, pow_eq, eq2, add_comm, Nat.add_sub_cancel]
  omega
","💥️unknown constant 'Nat.factorization_mul''

💥️tactic 'rewrite' failed, equality or iff proof expected
  ?m.13418
m n k : ℕ
nnz : n ≠ 0
p r : ℕ
pow_eq : m ^ k = (r + 1) * n ^ k
npow_nz : n ^ k ≠ 0
⊢ k * m.factorization p = k * m.factorization p

💥️omega could not prove the goal:
a possible counterexample may satisfy the constraints
  g ≥ 1
  f ≥ 1
  e ≥ 1
  d ≥ 0
  c ≥ 0
  b ≥ 0
  b + d ≥ 0
  b + c ≥ 0
  a ≥ 0
where
 a := ↑(r + 1) * ↑(n ^ k)
 b := ↑k * ↑(n.factorization p)
 c := ↑((r + 1).factorization p)
 d := ↑(k * m.factorization p - k * n.factorization p)
 e := ↑((r + 1).factorization p) % ↑k
 f := ↑(n ^ k)
 g := ↑n",False,60,MIL.C05_Elementary_Number_Theory.solutions.Solutions_S01_Irrational_Roots,Qwen-7B-short,LENGTH,best_of_n,False,0,-1.0,t4,False
-1,False,13,"theorem t4 {m n k r : ℕ} (nnz : n ≠ 0) (pow_eq : m ^ k = r * n ^ k) {p : ℕ} :
    k ∣ r.factorization p := by
  rcases r with _ | r
  · simp
  have npow_nz : n ^ k ≠ 0 := fun npowz ↦ nnz (pow_eq_zero npowz)
  have eq1 : (m ^ k).factorization p = k * m.factorization p := by
    rw [factorization_pow']
  have eq2 : ((r + 1) * n ^ k).factorization p =
      k * n.factorization p + (r + 1).factorization p := by
    rw [factorization_mul' r.succ_ne_zero npow_nz, factorization_pow', add_comm]
  have : r.succ.factorization p = k * m.factorization p - k * n.factorization p := by
    rw [← eq1, pow_eq, eq2, add_comm, Nat.add_sub_cancel]
  rw [this]
  apply Nat.dvd_sub' <;>
  apply Nat.dvd_mul_right

",,True,-1,"theorem t4 {m n k r : ℕ} (nnz : n ≠ 0) (pow_eq : m ^ k = r * n ^ k) {p : ℕ} :
    k ∣ r.factorization p := by
  rcases r with _ | r
  · simp
  have npow_nz : n ^ k ≠ 0 := fun npowz ↦ nnz (pow_eq_zero npowz)
  have eq1 : (m ^ k).factorization p = k * m.factorization p := by
    rw [factorization_pow']
  have eq2 : ((r + 1) * n ^ k).factorization p =
      k * n.factorization p + (r + 1).factorization p := by
    rw [factorization_mul' r.succ_ne_zero npow_nz, factorization_pow', add_comm]
  have : r.succ.factorization p = k * m.factorization p - k * n.factorization p := by
    rw [← eq1, pow_eq, eq2, add_comm, Nat.add_sub_cancel]
  rw [this, Nat.dvd_sub', Nat.dvd_mul_right]
","💥️tactic 'rewrite' failed, equality or iff proof expected
  ?m.14207 ∣ ?m.14205 - ?m.14206
case succ
m n k : ℕ
nnz : n ≠ 0
p r : ℕ
pow_eq : m ^ k = (r + 1) * n ^ k
npow_nz : n ^ k ≠ 0
eq1 : (m ^ k).factorization p = k * m.factorization p
eq2 : ((r + 1) * n ^ k).factorization p = k * n.factorization p + (r + 1).factorization p
this : r.succ.factorization p = k * m.factorization p - k * n.factorization p
⊢ k ∣ k * m.factorization p - k * n.factorization p",False,60,MIL.C05_Elementary_Number_Theory.solutions.Solutions_S01_Irrational_Roots,Qwen-7B-short,LENGTH,best_of_n,False,0,-1.0,t4,False
-1,False,13,"theorem t4 {m n k r : ℕ} (nnz : n ≠ 0) (pow_eq : m ^ k = r * n ^ k) {p : ℕ} :
    k ∣ r.factorization p := by
  rcases r with _ | r
  · simp
  have npow_nz : n ^ k ≠ 0 := fun npowz ↦ nnz (pow_eq_zero npowz)
  have eq1 : (m ^ k).factorization p = k * m.factorization p := by
    rw [factorization_pow']
  have eq2 : ((r + 1) * n ^ k).factorization p =
      k * n.factorization p + (r + 1).factorization p := by
    rw [factorization_mul' r.succ_ne_zero npow_nz, factorization_pow', add_comm]
  have : r.succ.factorization p = k * m.factorization p - k * n.factorization p := by
    rw [← eq1, pow_eq, eq2, add_comm, Nat.add_sub_cancel]
  rw [this]
  apply Nat.dvd_sub' <;>
  apply Nat.dvd_mul_right

",,True,-1,"theorem t4 {m n k r : ℕ} (nnz : n ≠ 0) (pow_eq : m ^ k = r * n ^ k) {p : ℕ} :
    k ∣ r.factorization p := by
  have : r = (m ^ ·) := by simp [pow_eq]
  apply (r.factorization_eq k).dvd
  simp
","💥️unsolved goals
m n k r : ℕ
nnz : n ≠ 0
pow_eq : m ^ k = r * n ^ k
p : ℕ
⊢ (fun x => r) = fun x => m ^ x

💥️invalid field 'factorization_eq', the environment does not contain 'Nat.factorization_eq'
  r
has type
  ℕ

💥️no goals to be solved",False,60,MIL.C05_Elementary_Number_Theory.solutions.Solutions_S01_Irrational_Roots,Qwen-7B-short,LENGTH,best_of_n,False,0,-1.0,t4,False
-1,False,13,"theorem t4 {m n k r : ℕ} (nnz : n ≠ 0) (pow_eq : m ^ k = r * n ^ k) {p : ℕ} :
    k ∣ r.factorization p := by
  rcases r with _ | r
  · simp
  have npow_nz : n ^ k ≠ 0 := fun npowz ↦ nnz (pow_eq_zero npowz)
  have eq1 : (m ^ k).factorization p = k * m.factorization p := by
    rw [factorization_pow']
  have eq2 : ((r + 1) * n ^ k).factorization p =
      k * n.factorization p + (r + 1).factorization p := by
    rw [factorization_mul' r.succ_ne_zero npow_nz, factorization_pow', add_comm]
  have : r.succ.factorization p = k * m.factorization p - k * n.factorization p := by
    rw [← eq1, pow_eq, eq2, add_comm, Nat.add_sub_cancel]
  rw [this]
  apply Nat.dvd_sub' <;>
  apply Nat.dvd_mul_right

",,True,-1,"theorem t4 {m n k r : ℕ} (nnz : n ≠ 0) (pow_eq : m ^ k = r * n ^ k) {p : ℕ} :
    k ∣ r.factorization p := by
  rcases r with _ | r
  · simp
  have : (m ^ k).factorization p = k * m.factorization p := by
    rw [factorization_pow', mul_assoc, mul_assoc, mul_comm (k.mul _)]
  have : ((r + 1) * n ^ k).factorization p =
      k * n.factorization p + (r + 1).factorization p := by
    rw [factorization_mul' r.succ_ne_zero, factorization_pow', add_comm]
  have : r.succ.factorization p = k * m.factorization p - k * n.factorization p := by
    rw [← eq1, pow_eq, eq2, add_comm, Nat.add_sub_cancel]
  rw [this]
  apply Nat.dvd_sub' <;>
  apply Nat.dvd_mul_right


","💥️tactic 'rewrite' failed, did not find instance of the pattern in the target expression
  ?a * ?b * ?c
m n k : ℕ
nnz : n ≠ 0
p r : ℕ
pow_eq : m ^ k = (r + 1) * n ^ k
⊢ k * m.factorization p = k * m.factorization p

💥️unsolved goals
case nnez
m n k : ℕ
nnz : n ≠ 0
p r : ℕ
pow_eq : m ^ k = (r + 1) * n ^ k
this : (m ^ k).factorization p = k * m.factorization p
⊢ n ^ k ≠ 0

💥️unknown identifier 'eq1'

💥️tactic 'rewrite' failed, equality or iff proof expected
  ?m.14188
m n k : ℕ
nnz : n ≠ 0
p r : ℕ
pow_eq : m ^ k = (r + 1) * n ^ k
this✝ : (m ^ k).factorization p = k * m.factorization p
this : ((r + 1) * n ^ k).factorization p = k * n.factorization p + (r + 1).factorization p
⊢ r.succ.factorization p = k * m.factorization p - k * n.factorization p",False,60,MIL.C05_Elementary_Number_Theory.solutions.Solutions_S01_Irrational_Roots,Qwen-7B-short,LENGTH,best_of_n,False,0,-1.0,t4,False
-1,False,13,"theorem t4 {m n k r : ℕ} (nnz : n ≠ 0) (pow_eq : m ^ k = r * n ^ k) {p : ℕ} :
    k ∣ r.factorization p := by
  rcases r with _ | r
  · simp
  have npow_nz : n ^ k ≠ 0 := fun npowz ↦ nnz (pow_eq_zero npowz)
  have eq1 : (m ^ k).factorization p = k * m.factorization p := by
    rw [factorization_pow']
  have eq2 : ((r + 1) * n ^ k).factorization p =
      k * n.factorization p + (r + 1).factorization p := by
    rw [factorization_mul' r.succ_ne_zero npow_nz, factorization_pow', add_comm]
  have : r.succ.factorization p = k * m.factorization p - k * n.factorization p := by
    rw [← eq1, pow_eq, eq2, add_comm, Nat.add_sub_cancel]
  rw [this]
  apply Nat.dvd_sub' <;>
  apply Nat.dvd_mul_right

",,True,-1,"theorem t4 {m n k r : ℕ} (nnz : n ≠ 0) (pow_eq : m ^ k = r * n ^ k) {p : ℕ} :
    k ∣ r.factorization p := by
  rcases r with _ | r
  · simp
  have : n ^ k ≠ 0 := fun npowz ↦_nnz (pow_eq_zero npowz)
  have eq1 : (m ^ k).factorization p = k * m.factorization p := by
    rw [factorization_pow']
  have eq2 : ((r + 1) * n ^ k).factorization p =
      k * n.factorization p + (r + 1).factorization p := by
    rw [factorization_mul' r.succ_ne_zero , factorization_pow', add_comm]
  have : r.succ.factorization p = k * m.factorization p - k * n.factorization p := by
    rw [← eq1, pow_eq, eq2, add_comm, Nat.add_sub_cancel]
  rw [this]
  apply Nat.dvd_sub' <;>
  apply Nat.dvd_mul_right


","💥️unknown identifier '_nnz'

💥️unsolved goals
case nnez
m n k : ℕ
nnz : n ≠ 0
p r : ℕ
pow_eq : m ^ k = (r + 1) * n ^ k
this : n ^ k ≠ 0
eq1 : (m ^ k).factorization p = k * m.factorization p
⊢ n ^ k ≠ 0",False,60,MIL.C05_Elementary_Number_Theory.solutions.Solutions_S01_Irrational_Roots,Qwen-7B-short,LENGTH,best_of_n,False,0,-1.0,t4,False
-1,False,13,"theorem t4 {m n k r : ℕ} (nnz : n ≠ 0) (pow_eq : m ^ k = r * n ^ k) {p : ℕ} :
    k ∣ r.factorization p := by
  rcases r with _ | r
  · simp
  have npow_nz : n ^ k ≠ 0 := fun npowz ↦ nnz (pow_eq_zero npowz)
  have eq1 : (m ^ k).factorization p = k * m.factorization p := by
    rw [factorization_pow']
  have eq2 : ((r + 1) * n ^ k).factorization p =
      k * n.factorization p + (r + 1).factorization p := by
    rw [factorization_mul' r.succ_ne_zero npow_nz, factorization_pow', add_comm]
  have : r.succ.factorization p = k * m.factorization p - k * n.factorization p := by
    rw [← eq1, pow_eq, eq2, add_comm, Nat.add_sub_cancel]
  rw [this]
  apply Nat.dvd_sub' <;>
  apply Nat.dvd_mul_right

",,True,-1,"theorem t4 {m n k r : ℕ} (nnz : n ≠ 0) (pow_eq : m ^ k = r * n ^ k) {p : ℕ} :
    k ∣ r.factorization p := by
  rcases r with _ | r
  · simp
  have : n ^ k ≠ 0 := fun npowz ↦ nnz (pow_eq_zero npowz)
  have eq1 : (m ^ k).factorization p = k * m.factorization p := by
    rw [factorization_pow']
  have eq2 : ((r + 1) * n ^ k).factorization p =
      k * n.factorization p + (r + 1).factorization p := by
    rw [factorization_mul' r.succ_ne_zero npow_nz, factorization_pow', add_comm]
  have : r.succ.factorization p = k * m.factorization p - k * n.factorization p := by
    rw [← eq1, pow_eq, eq2, add_comm, Nat.add_sub_cancel]
  rw [this]
  apply Nat.dvd_sub' <;>
  apply Nat.dvd_mul_right


",💥️unknown identifier 'npow_nz',False,60,MIL.C05_Elementary_Number_Theory.solutions.Solutions_S01_Irrational_Roots,Qwen-7B-short,LENGTH,best_of_n,False,0,-1.0,t4,False
-1,False,13,"theorem t4 {m n k r : ℕ} (nnz : n ≠ 0) (pow_eq : m ^ k = r * n ^ k) {p : ℕ} :
    k ∣ r.factorization p := by
  rcases r with _ | r
  · simp
  have npow_nz : n ^ k ≠ 0 := fun npowz ↦ nnz (pow_eq_zero npowz)
  have eq1 : (m ^ k).factorization p = k * m.factorization p := by
    rw [factorization_pow']
  have eq2 : ((r + 1) * n ^ k).factorization p =
      k * n.factorization p + (r + 1).factorization p := by
    rw [factorization_mul' r.succ_ne_zero npow_nz, factorization_pow', add_comm]
  have : r.succ.factorization p = k * m.factorization p - k * n.factorization p := by
    rw [← eq1, pow_eq, eq2, add_comm, Nat.add_sub_cancel]
  rw [this]
  apply Nat.dvd_sub' <;>
  apply Nat.dvd_mul_right

",,True,-1,"lemma t4 {m n k r : ℕ} (nnz : n ≠ 0) (pow_eq : m ^ k = r * n ^ k) {p : ℕ} :
    k ∣ r.factorization p := by
  rcases r with _ | r
  · simp
  have : n ^ k ≠ 0 := by simp [pow_eq_zero]
  have eq1 : (m ^ k).factorization p = k * m.factorization p := by
    rw [factorization_pow']
  have eq2 : ((r + 1) * n ^ k).factorization p =
      k * n.factorization p + (r + 1).factorization p := by
    rw [factorization_mul' r.succ_ne_zero this, factorization_pow', add_comm]
  have : r.succ.factorization p = k * m.factorization p - k * n.factorization p := by
    rw [← eq1, pow_eq, eq2, add_comm, Nat.add_sub_cancel]
  rw [this]
  apply Nat.dvd_sub' <;>
  apply Nat.dvd_mul_right


","💥️tactic 'simp' failed, nested error:
(deterministic) timeout at `simp`, maximum number of heartbeats (200000) has been reached
Use `set_option maxHeartbeats <num>` to set the limit.
Additional diagnostic information may be available using the `set_option diagnostics true` command.

💥️(deterministic) timeout at `whnf`, maximum number of heartbeats (200000) has been reached
Use `set_option maxHeartbeats <num>` to set the limit.
Additional diagnostic information may be available using the `set_option diagnostics true` command.",False,60,MIL.C05_Elementary_Number_Theory.solutions.Solutions_S01_Irrational_Roots,Qwen-7B-short,LENGTH,best_of_n,False,0,-1.0,t4,False
-1,False,13,"theorem t4 {m n k r : ℕ} (nnz : n ≠ 0) (pow_eq : m ^ k = r * n ^ k) {p : ℕ} :
    k ∣ r.factorization p := by
  rcases r with _ | r
  · simp
  have npow_nz : n ^ k ≠ 0 := fun npowz ↦ nnz (pow_eq_zero npowz)
  have eq1 : (m ^ k).factorization p = k * m.factorization p := by
    rw [factorization_pow']
  have eq2 : ((r + 1) * n ^ k).factorization p =
      k * n.factorization p + (r + 1).factorization p := by
    rw [factorization_mul' r.succ_ne_zero npow_nz, factorization_pow', add_comm]
  have : r.succ.factorization p = k * m.factorization p - k * n.factorization p := by
    rw [← eq1, pow_eq, eq2, add_comm, Nat.add_sub_cancel]
  rw [this]
  apply Nat.dvd_sub' <;>
  apply Nat.dvd_mul_right

",,True,13,"theorem t4 {m n k r : ℕ} (nnz : n ≠ 0) (pow_eq : m ^ k = r * n ^ k) {p : ℕ} :
    k ∣ r.factorization p := by
  rcases r with _ | r
  · simp
  have npow_nz : n ^ k ≠ 0 := fun npowz ↦ nnz (pow_eq_zero npowz)
  have eq1 : (m ^ k).factorization p = k * m.factorization p := by
    rw [factorization_pow']
  have eq2 : ((r + 1) * n ^ k).factorization p =
      k * n.factorization p + (r + 1).factorization p := by
    rw [factorization_mul' r.succ_ne_zero npow_nz, factorization_pow', add_comm]
  have : r.succ.factorization p = k * m.factorization p - k * n.factorization p := by
    rw [← eq1, pow_eq, eq2, add_comm, Nat.add_sub_cancel]
  rw [this]
  apply Nat.dvd_sub' <;>
  apply Nat.dvd_mul_right


",,True,60,MIL.C05_Elementary_Number_Theory.solutions.Solutions_S01_Irrational_Roots,Qwen-7B-short,LENGTH,best_of_n,False,0,0.0,t4,False
-1,False,13,"theorem t4 {m n k r : ℕ} (nnz : n ≠ 0) (pow_eq : m ^ k = r * n ^ k) {p : ℕ} :
    k ∣ r.factorization p := by
  rcases r with _ | r
  · simp
  have npow_nz : n ^ k ≠ 0 := fun npowz ↦ nnz (pow_eq_zero npowz)
  have eq1 : (m ^ k).factorization p = k * m.factorization p := by
    rw [factorization_pow']
  have eq2 : ((r + 1) * n ^ k).factorization p =
      k * n.factorization p + (r + 1).factorization p := by
    rw [factorization_mul' r.succ_ne_zero npow_nz, factorization_pow', add_comm]
  have : r.succ.factorization p = k * m.factorization p - k * n.factorization p := by
    rw [← eq1, pow_eq, eq2, add_comm, Nat.add_sub_cancel]
  rw [this]
  apply Nat.dvd_sub' <;>
  apply Nat.dvd_mul_right

",,True,-1,"theorem t4 {m n k r : ℕ} (nnz : n ≠ 0) (pow_eq : m ^ k = r * n ^ k) {p : ℕ} :
    k ∣ r.factorization p := by
  rcases r with _ | r
  · simp
  have : n ^ k ≠ 0 := fun npowz ↦ nnz (pow_eq_zero npowz)
  have eq1 : (m ^ k).factorization p = k * m.factorization p := by
    rw [factorization_pow']
  have eq2 : ((r + 1) * n ^ k).factorization p =
      k * n.factorization p + (r + 1).factorization p := by
    rw [factorization_mul' r.succ_ne_zero npow_nz, factorization_pow', add_comm]
  have : r.succ.factorization p = k * m.factorization p - k * n.factorization p := by
    rw [← eq1, pow_eq, eq2, add_comm, Nat.add_sub_cancel]
  rw [this]
  apply Nat.dvd_sub' <;>
  apply Nat.dvd_mul_right


",💥️unknown identifier 'npow_nz',False,60,MIL.C05_Elementary_Number_Theory.solutions.Solutions_S01_Irrational_Roots,Qwen-7B-short,LENGTH,best_of_n,False,0,-1.0,t4,False
-1,False,13,"theorem t4 {m n k r : ℕ} (nnz : n ≠ 0) (pow_eq : m ^ k = r * n ^ k) {p : ℕ} :
    k ∣ r.factorization p := by
  rcases r with _ | r
  · simp
  have npow_nz : n ^ k ≠ 0 := fun npowz ↦ nnz (pow_eq_zero npowz)
  have eq1 : (m ^ k).factorization p = k * m.factorization p := by
    rw [factorization_pow']
  have eq2 : ((r + 1) * n ^ k).factorization p =
      k * n.factorization p + (r + 1).factorization p := by
    rw [factorization_mul' r.succ_ne_zero npow_nz, factorization_pow', add_comm]
  have : r.succ.factorization p = k * m.factorization p - k * n.factorization p := by
    rw [← eq1, pow_eq, eq2, add_comm, Nat.add_sub_cancel]
  rw [this]
  apply Nat.dvd_sub' <;>
  apply Nat.dvd_mul_right

",,True,-1,"theorem t4 {m n k r : ℕ} (nnz : n ≠ 0) (pow_eq : m ^ k = r * n ^ k) {p : ℕ} :
    k ∣ r.factorization p := by
  rcases r with _ | r
  · simp
  have eq1 : (m ^ k).factorization p = k * m.factorization p := by
    rw [factorization_pow']
  have eq2 : ((r + 1) * n ^ k).factorization p =
      k * n.factorization p + (r + 1).factorization p := by
    rw [factorization_mul' r.succ_ne_zero_nnz, factorization_pow', add_comm]
  have : r.succ.factorization p = k * m.factorization p - k * n.factorization p := by
    rw [← eq1, pow_eq, eq2, add_comm, Nat.add_sub_cancel]
  unfold t4
  rw [this, Nat.dvd_sub', Nat.dvd_mul_right]

","💥️invalid field 'succ_ne_zero_nnz', the environment does not contain 'Nat.succ_ne_zero_nnz'
  r
has type
  ℕ

💥️unsolved goals
case nnez
m n k : ℕ
nnz : n ≠ 0
p r : ℕ
pow_eq : m ^ k = (r + 1) * n ^ k
eq1 : (m ^ k).factorization p = k * m.factorization p
⊢ n ^ k ≠ 0

💥️tactic 'unfold' failed, local variable 't4' has no definition",False,60,MIL.C05_Elementary_Number_Theory.solutions.Solutions_S01_Irrational_Roots,Qwen-7B-short,LENGTH,best_of_n,False,0,-1.0,t4,False
-1,False,13,"theorem t4 {m n k r : ℕ} (nnz : n ≠ 0) (pow_eq : m ^ k = r * n ^ k) {p : ℕ} :
    k ∣ r.factorization p := by
  rcases r with _ | r
  · simp
  have npow_nz : n ^ k ≠ 0 := fun npowz ↦ nnz (pow_eq_zero npowz)
  have eq1 : (m ^ k).factorization p = k * m.factorization p := by
    rw [factorization_pow']
  have eq2 : ((r + 1) * n ^ k).factorization p =
      k * n.factorization p + (r + 1).factorization p := by
    rw [factorization_mul' r.succ_ne_zero npow_nz, factorization_pow', add_comm]
  have : r.succ.factorization p = k * m.factorization p - k * n.factorization p := by
    rw [← eq1, pow_eq, eq2, add_comm, Nat.add_sub_cancel]
  rw [this]
  apply Nat.dvd_sub' <;>
  apply Nat.dvd_mul_right

",,True,-1,"theorem t4 {m n k r : ℕ} (pow_eq : m ^ k = r * n ^ k) {p : ℕ} :
    k ∣ r.factorization p := by
  rcases r with _ | r
  · simp
  have npow_nz : n ^ k ≠ 0 := fun hpowz ↦ hd (pow_eq_zero hpowz)
  have eq1 : (m ^ k).factorization p = k * m.factorization p := by
    rw [factorization_pow']
  have eq2 : ((r + 1) * n ^ k).factorization p =
      k * n.factorization p + (r + 1).factorization p := by
    rw [factorization_mul' r.succ_ne_zero hpow_nz, factorization_pow', add_comm]
  have : r.succ.factorization p = k * m.factorization p - k * n.factorization p := by
    rw [← eq1, pow_eq, eq2, add_comm, Nat.add_sub_cancel]
  rw [this]
  apply Nat.dvd_sub' <;>
  apply Nat.dvd_mul_right


","💥️unknown identifier 'hd'

💥️unknown identifier 'hpow_nz'",False,60,MIL.C05_Elementary_Number_Theory.solutions.Solutions_S01_Irrational_Roots,Qwen-7B-short,LENGTH,best_of_n,False,0,-1.0,t4,False
-1,False,13,"theorem t4 {m n k r : ℕ} (nnz : n ≠ 0) (pow_eq : m ^ k = r * n ^ k) {p : ℕ} :
    k ∣ r.factorization p := by
  rcases r with _ | r
  · simp
  have npow_nz : n ^ k ≠ 0 := fun npowz ↦ nnz (pow_eq_zero npowz)
  have eq1 : (m ^ k).factorization p = k * m.factorization p := by
    rw [factorization_pow']
  have eq2 : ((r + 1) * n ^ k).factorization p =
      k * n.factorization p + (r + 1).factorization p := by
    rw [factorization_mul' r.succ_ne_zero npow_nz, factorization_pow', add_comm]
  have : r.succ.factorization p = k * m.factorization p - k * n.factorization p := by
    rw [← eq1, pow_eq, eq2, add_comm, Nat.add_sub_cancel]
  rw [this]
  apply Nat.dvd_sub' <;>
  apply Nat.dvd_mul_right

",,True,-1,"theorem t4 {m n k r : ℕ} (nnz : n ≠ 0) (pow_eq : m ^ k = r * n ^ k) {p : ℕ} :
    k ∣ r.factorization p := by
  rcases r with _ | r
  · simp
  have eq1 : (m ^ k).factorization p = k * m.factorization p := by
    rw [factorization_pow', Nat.mul_pow_eq_zero_iff]
  have eq2 : ((r + 1) * n ^ k).factorization p =
      k * n.factorization p + (r + 1).factorization p := by
    rw [factorization_mul', r.succ_ne_zero, eq1, add_comm]
  have : r.succ.factorization p = k * m.factorization p - k * n.factorization p := by
    rw [← eq1, pow_eq, eq2, add_comm, Nat.add_sub_cancel]
  rw [this, Nat.dvd_sub', Nat.dvd_mul_right]
","💥️unknown constant 'Nat.mul_pow_eq_zero_iff'

💥️tactic 'rewrite' failed, equality or iff proof expected
  ?m.13218
m n k : ℕ
nnz : n ≠ 0
p r : ℕ
pow_eq : m ^ k = (r + 1) * n ^ k
⊢ k * m.factorization p = k * m.factorization p

💥️tactic 'rewrite' failed, equality or iff proof expected
  False
m n k : ℕ
nnz : n ≠ 0
p r : ℕ
pow_eq : m ^ k = (r + 1) * n ^ k
eq1 : (m ^ k).factorization p = k * m.factorization p
⊢ (r + 1).factorization p + (n ^ k).factorization p = k * n.factorization p + (r + 1).factorization p

💥️tactic 'rewrite' failed, equality or iff proof expected
  ?m.13955 ∣ ?m.13953 - ?m.13954
case succ
m n k : ℕ
nnz : n ≠ 0
p r : ℕ
pow_eq : m ^ k = (r + 1) * n ^ k
eq1 : (m ^ k).factorization p = k * m.factorization p
eq2 : ((r + 1) * n ^ k).factorization p = k * n.factorization p + (r + 1).factorization p
this : r.succ.factorization p = k * m.factorization p - k * n.factorization p
⊢ k ∣ k * m.factorization p - k * n.factorization p",False,60,MIL.C05_Elementary_Number_Theory.solutions.Solutions_S01_Irrational_Roots,Qwen-7B-short,LENGTH,best_of_n,False,0,-1.0,t4,False
-1,False,13,"theorem t4 {m n k r : ℕ} (nnz : n ≠ 0) (pow_eq : m ^ k = r * n ^ k) {p : ℕ} :
    k ∣ r.factorization p := by
  rcases r with _ | r
  · simp
  have npow_nz : n ^ k ≠ 0 := fun npowz ↦ nnz (pow_eq_zero npowz)
  have eq1 : (m ^ k).factorization p = k * m.factorization p := by
    rw [factorization_pow']
  have eq2 : ((r + 1) * n ^ k).factorization p =
      k * n.factorization p + (r + 1).factorization p := by
    rw [factorization_mul' r.succ_ne_zero npow_nz, factorization_pow', add_comm]
  have : r.succ.factorization p = k * m.factorization p - k * n.factorization p := by
    rw [← eq1, pow_eq, eq2, add_comm, Nat.add_sub_cancel]
  rw [this]
  apply Nat.dvd_sub' <;>
  apply Nat.dvd_mul_right

",,True,-1,"theorem t4 {m n k r : ℕ} (nnz : n ≠ 0) (pow_eq : m ^ k = r * n ^ k) {p : ℕ} :
    k ∣ r.factorization p := by
  rcases r with _ | r
  · simp
  rw [pow_eq, n.factorization_div_sdiff, ← Nat.add.sub_cancel, Nat.mul_left_pow]
  exact Nat.dvd_mul_right


","💥️tactic 'rewrite' failed, did not find instance of the pattern in the target expression
  m ^ k
case succ
m n k : ℕ
nnz : n ≠ 0
p r : ℕ
pow_eq : m ^ k = (r + 1) * n ^ k
⊢ k ∣ (r + 1).factorization p",False,60,MIL.C05_Elementary_Number_Theory.solutions.Solutions_S01_Irrational_Roots,Qwen-7B-short,LENGTH,best_of_n,False,0,-1.0,t4,False
-1,False,13,"theorem t4 {m n k r : ℕ} (nnz : n ≠ 0) (pow_eq : m ^ k = r * n ^ k) {p : ℕ} :
    k ∣ r.factorization p := by
  rcases r with _ | r
  · simp
  have npow_nz : n ^ k ≠ 0 := fun npowz ↦ nnz (pow_eq_zero npowz)
  have eq1 : (m ^ k).factorization p = k * m.factorization p := by
    rw [factorization_pow']
  have eq2 : ((r + 1) * n ^ k).factorization p =
      k * n.factorization p + (r + 1).factorization p := by
    rw [factorization_mul' r.succ_ne_zero npow_nz, factorization_pow', add_comm]
  have : r.succ.factorization p = k * m.factorization p - k * n.factorization p := by
    rw [← eq1, pow_eq, eq2, add_comm, Nat.add_sub_cancel]
  rw [this]
  apply Nat.dvd_sub' <;>
  apply Nat.dvd_mul_right

",,True,13,"theorem t4 {m n k r : ℕ} (nnz : n ≠ 0) (pow_eq : m ^ k = r * n ^ k) {p : ℕ} :
    k ∣ r.factorization p := by
  rcases r with _ | r
  · simp
  have npow_nz : n ^ k ≠ 0 := fun npowz ↦ nnz (pow_eq_zero npowz)
  have eq1 : (m ^ k).factorization p = k * m.factorization p := by
    rw [factorization_pow']
  have eq2 : ((r + 1) * n ^ k).factorization p =
      k * n.factorization p + (r + 1).factorization p := by
    rw [factorization_mul' r.succ_ne_zero npow_nz, factorization_pow', add_comm]
  have : r.succ.factorization p = k * m.factorization p - k * n.factorization p := by
    rw [← eq1, pow_eq, eq2, add_comm, Nat.add_sub_cancel]
  rw [this]
  apply Nat.dvd_sub' <;>
  apply Nat.dvd_mul_right


",,True,60,MIL.C05_Elementary_Number_Theory.solutions.Solutions_S01_Irrational_Roots,Qwen-7B-short,LENGTH,best_of_n,False,0,0.0,t4,False
-1,False,13,"theorem t4 {m n k r : ℕ} (nnz : n ≠ 0) (pow_eq : m ^ k = r * n ^ k) {p : ℕ} :
    k ∣ r.factorization p := by
  rcases r with _ | r
  · simp
  have npow_nz : n ^ k ≠ 0 := fun npowz ↦ nnz (pow_eq_zero npowz)
  have eq1 : (m ^ k).factorization p = k * m.factorization p := by
    rw [factorization_pow']
  have eq2 : ((r + 1) * n ^ k).factorization p =
      k * n.factorization p + (r + 1).factorization p := by
    rw [factorization_mul' r.succ_ne_zero npow_nz, factorization_pow', add_comm]
  have : r.succ.factorization p = k * m.factorization p - k * n.factorization p := by
    rw [← eq1, pow_eq, eq2, add_comm, Nat.add_sub_cancel]
  rw [this]
  apply Nat.dvd_sub' <;>
  apply Nat.dvd_mul_right

",,True,-1,"theorem t4 {m n k r : ℕ} (nnz : n ≠ 0) (pow_eq : m ^ k = r * n ^ k) {p : ℕ} :
    k ∣ r.factorization p := by
  rcases r with _ | r
  · simp
  have npow_nz : n ^ k ≠ 0 := fun npowz ↦ nnz (pow_eq_zero npowz)
  have eq1 : (m ^ k).factorization p = k * m.factorization p := by
    rw [factorization_pow']
  have eq2 : ((r + 1) * n ^ k).factorization p =
      k * n.factorization p + (r + 1).factorization p := by
    rw [factorization_mul' r.succ_ne_zero npow_nz, factorization_pow', add_comm]
  have : r.succ.factorization p = k * m.factorization p - k * n.factorization p := by
    rw [← eq1, pow_eq, eq2, add_comm, Nat.add_sub_cancel]
  rw [this, Nat.dvd sub_left, Nat.dvd_mul_right]
","💥️unknown constant 'Nat.dvd'

💥️tactic 'rewrite' failed, equality or iff proof expected
  ?m.14206
case succ
m n k : ℕ
nnz : n ≠ 0
p r : ℕ
pow_eq : m ^ k = (r + 1) * n ^ k
npow_nz : n ^ k ≠ 0
eq1 : (m ^ k).factorization p = k * m.factorization p
eq2 : ((r + 1) * n ^ k).factorization p = k * n.factorization p + (r + 1).factorization p
this : r.succ.factorization p = k * m.factorization p - k * n.factorization p
⊢ k ∣ k * m.factorization p - k * n.factorization p",False,60,MIL.C05_Elementary_Number_Theory.solutions.Solutions_S01_Irrational_Roots,Qwen-7B-short,LENGTH,best_of_n,False,0,-1.0,t4,False
-1,False,13,"theorem t4 {m n k r : ℕ} (nnz : n ≠ 0) (pow_eq : m ^ k = r * n ^ k) {p : ℕ} :
    k ∣ r.factorization p := by
  rcases r with _ | r
  · simp
  have npow_nz : n ^ k ≠ 0 := fun npowz ↦ nnz (pow_eq_zero npowz)
  have eq1 : (m ^ k).factorization p = k * m.factorization p := by
    rw [factorization_pow']
  have eq2 : ((r + 1) * n ^ k).factorization p =
      k * n.factorization p + (r + 1).factorization p := by
    rw [factorization_mul' r.succ_ne_zero npow_nz, factorization_pow', add_comm]
  have : r.succ.factorization p = k * m.factorization p - k * n.factorization p := by
    rw [← eq1, pow_eq, eq2, add_comm, Nat.add_sub_cancel]
  rw [this]
  apply Nat.dvd_sub' <;>
  apply Nat.dvd_mul_right

",,True,-1,"theorem t4 {m n k r : ℕ} (nnz : n ≠ 0) (pow_eq : m ^ k = r * n ^ k) {p : ℕ} :
    k ∣ r.factorization p := by
  rcases r with _ | r
  · simp
  have : r ^ k = r * n ^ k := by
    rw [pow_eq_zero_iff]

  have : (r ^ k).factorization p = k * r.factorization p := by
    rw [factorization_pow', pow_eq_zero_iff]

  rw [this, Nat.dvd_sum_left]
  rw [← factorization_mul' (ne_zero r.succ_ne_zero _) _]
  dsimp
","💥️tactic 'rewrite' failed, did not find instance of the pattern in the target expression
  ?m.13135 ^ ?m.13136 = 0
m n k : ℕ
nnz : n ≠ 0
p r : ℕ
pow_eq : m ^ k = (r + 1) * n ^ k
⊢ r ^ k = r * n ^ k

💥️tactic 'rewrite' failed, did not find instance of the pattern in the target expression
  ?m.13835 ^ ?m.13836 = 0
m n k : ℕ
nnz : n ≠ 0
p r : ℕ
pow_eq : m ^ k = (r + 1) * n ^ k
this : r ^ k = r * n ^ k
⊢ k * r.factorization p = k * r.factorization p

💥️tactic 'rewrite' failed, did not find instance of the pattern in the target expression
  (r ^ k).factorization p
case succ
m n k : ℕ
nnz : n ≠ 0
p r : ℕ
pow_eq : m ^ k = (r + 1) * n ^ k
this✝ : r ^ k = r * n ^ k
this : (r ^ k).factorization p = k * r.factorization p
⊢ k ∣ (r + 1).factorization p",False,60,MIL.C05_Elementary_Number_Theory.solutions.Solutions_S01_Irrational_Roots,Qwen-7B-short,LENGTH,best_of_n,False,0,-1.0,t4,False
-1,False,13,"theorem t4 {m n k r : ℕ} (nnz : n ≠ 0) (pow_eq : m ^ k = r * n ^ k) {p : ℕ} :
    k ∣ r.factorization p := by
  rcases r with _ | r
  · simp
  have npow_nz : n ^ k ≠ 0 := fun npowz ↦ nnz (pow_eq_zero npowz)
  have eq1 : (m ^ k).factorization p = k * m.factorization p := by
    rw [factorization_pow']
  have eq2 : ((r + 1) * n ^ k).factorization p =
      k * n.factorization p + (r + 1).factorization p := by
    rw [factorization_mul' r.succ_ne_zero npow_nz, factorization_pow', add_comm]
  have : r.succ.factorization p = k * m.factorization p - k * n.factorization p := by
    rw [← eq1, pow_eq, eq2, add_comm, Nat.add_sub_cancel]
  rw [this]
  apply Nat.dvd_sub' <;>
  apply Nat.dvd_mul_right

",,True,-1,"theorem t4 {m n k r : ℕ} (nnz : n ≠ 0) (pow_eq : m ^ k = r * n ^ k) {p : ℕ} :
    k ∣ r.factorization p := by
  rcases r with _ | r
  · simp
  have : n ^ k ≠ 0 := by
    simp_rw [pow_eq_zero_iff] at pow_eq_zero
    exact (pow_eq_zero.mp pow_eq).ne' (by tauto)
  have eq1 : (m ^ k).factorization p = k * m.factorization p := by
    rw [factorization_pow']
  have eq2 : ((r + 1) * n ^ k).factorization p =
      k * n.factorization p + (r + 1).factorization p := by
    rw [factorization_mul' r.succ_ne_zero (by tauto), factorization_pow', add_comm]
  have : r.succ.factorization p = k * m.factorization p - k * n.factorization p := by
    rw [← eq1, pow_eq, eq2, add_comm, Nat.add_sub_cancel]
  rw [this]
  apply Nat.dvd_sub' <;>
  apply Nat.dvd_mul_right


",💥️unexpected term '@pow_eq_zero'; expected single reference to variable,False,60,MIL.C05_Elementary_Number_Theory.solutions.Solutions_S01_Irrational_Roots,Qwen-7B-short,LENGTH,best_of_n,False,0,-1.0,t4,False
-1,False,13,"theorem t4 {m n k r : ℕ} (nnz : n ≠ 0) (pow_eq : m ^ k = r * n ^ k) {p : ℕ} :
    k ∣ r.factorization p := by
  rcases r with _ | r
  · simp
  have npow_nz : n ^ k ≠ 0 := fun npowz ↦ nnz (pow_eq_zero npowz)
  have eq1 : (m ^ k).factorization p = k * m.factorization p := by
    rw [factorization_pow']
  have eq2 : ((r + 1) * n ^ k).factorization p =
      k * n.factorization p + (r + 1).factorization p := by
    rw [factorization_mul' r.succ_ne_zero npow_nz, factorization_pow', add_comm]
  have : r.succ.factorization p = k * m.factorization p - k * n.factorization p := by
    rw [← eq1, pow_eq, eq2, add_comm, Nat.add_sub_cancel]
  rw [this]
  apply Nat.dvd_sub' <;>
  apply Nat.dvd_mul_right

",,True,-1,"theorem t4 {m n k r : ℕ} (nnz : n ≠ 0) (pow_eq : m ^ k = r * n ^ k) {p : ℕ} :
    k ∣ r.factorization p := by
  rcases r with _ | r
  · simp
  have npow_nz : n ^ k ≠ 0 := fun npowz ↦ nnz (pow_eq_zero npowz)
  have eq1 : (m ^ k).factorization p = k * m.factorization p := by
    rw [factorization_pow', EqImp eq_sub]
  have eq2 : ((r + 1) * n ^ k).factorization p =
      k * n.factorization p + (r + 1).factorization p := by
    rw [factorization_mul' r.succ_ne_zero npow_nz, factorization_pow', add_comm]
  have : r.succ.factorization p = k * m.factorization p - k * n.factorization p := by
    rw [← eq1, pow_eq, eq2, add_comm, Nat.add_sub_cancel]
  rw [this, Nat.dvd_sub', Nat.dvd_mul_right, add_comm, add_sub_cancel_left]
","💥️unknown identifier 'EqImp'

💥️tactic 'rewrite' failed, equality or iff proof expected
  ?m.13418
m n k : ℕ
nnz : n ≠ 0
p r : ℕ
pow_eq : m ^ k = (r + 1) * n ^ k
npow_nz : n ^ k ≠ 0
⊢ k * m.factorization p = k * m.factorization p

💥️tactic 'rewrite' failed, equality or iff proof expected
  ?m.14205 ∣ ?m.14203 - ?m.14204
case succ
m n k : ℕ
nnz : n ≠ 0
p r : ℕ
pow_eq : m ^ k = (r + 1) * n ^ k
npow_nz : n ^ k ≠ 0
eq1 : (m ^ k).factorization p = k * m.factorization p
eq2 : ((r + 1) * n ^ k).factorization p = k * n.factorization p + (r + 1).factorization p
this : r.succ.factorization p = k * m.factorization p - k * n.factorization p
⊢ k ∣ k * m.factorization p - k * n.factorization p",False,60,MIL.C05_Elementary_Number_Theory.solutions.Solutions_S01_Irrational_Roots,Qwen-7B-short,LENGTH,best_of_n,False,0,-1.0,t4,False
-1,False,13,"theorem t4 {m n k r : ℕ} (nnz : n ≠ 0) (pow_eq : m ^ k = r * n ^ k) {p : ℕ} :
    k ∣ r.factorization p := by
  rcases r with _ | r
  · simp
  have npow_nz : n ^ k ≠ 0 := fun npowz ↦ nnz (pow_eq_zero npowz)
  have eq1 : (m ^ k).factorization p = k * m.factorization p := by
    rw [factorization_pow']
  have eq2 : ((r + 1) * n ^ k).factorization p =
      k * n.factorization p + (r + 1).factorization p := by
    rw [factorization_mul' r.succ_ne_zero npow_nz, factorization_pow', add_comm]
  have : r.succ.factorization p = k * m.factorization p - k * n.factorization p := by
    rw [← eq1, pow_eq, eq2, add_comm, Nat.add_sub_cancel]
  rw [this]
  apply Nat.dvd_sub' <;>
  apply Nat.dvd_mul_right

",,True,-1,"theorem t4 {m n k r : ℕ} (nnz : n ≠ 0) (pow_eq : m ^ k = r * n ^ k) {p : ℕ} :
    k ∣ r.factorization p := by
  have H : (m : ℕ) ^ k = r * (n : ℕ) ^ k := by simp [pow_eq]
  have : (r : ℕ) ^ k = (r + 1) * (m : ℕ) ^ (k : ℕ) := by
    rw [pow_eq, factorization_pow', H, sub_eq_zero, add_assoc]
  have : (r + 1) ∣ (r : ℕ) ^ k := by simpa [Nat.dvd_succ, add_comm] using this
  simpa [eq_comm] using this


","💥️tactic 'rewrite' failed, did not find instance of the pattern in the target expression
  (?n ^ ?k).factorization ?p
m n k r : ℕ
nnz : n ≠ 0
pow_eq : m ^ k = r * n ^ k
p : ℕ
H : m ^ k = r * n ^ k
⊢ r ^ k = (r + 1) * (r * n ^ k)

💥️unknown constant 'Nat.dvd_succ'

💥️type mismatch, term
  this
after simplification has type
  r ^ k = (r + 1) * m ^ k : Prop
but is expected to have type
  r + 1 ∣ r ^ k : Prop

💥️type mismatch, term
  this
after simplification has type
  r + 1 ∣ r ^ k : Prop
but is expected to have type
  k ∣ r.factorization p : Prop",False,60,MIL.C05_Elementary_Number_Theory.solutions.Solutions_S01_Irrational_Roots,Qwen-7B-short,LENGTH,best_of_n,False,0,-1.0,t4,False
-1,False,13,"theorem t4 {m n k r : ℕ} (nnz : n ≠ 0) (pow_eq : m ^ k = r * n ^ k) {p : ℕ} :
    k ∣ r.factorization p := by
  rcases r with _ | r
  · simp
  have npow_nz : n ^ k ≠ 0 := fun npowz ↦ nnz (pow_eq_zero npowz)
  have eq1 : (m ^ k).factorization p = k * m.factorization p := by
    rw [factorization_pow']
  have eq2 : ((r + 1) * n ^ k).factorization p =
      k * n.factorization p + (r + 1).factorization p := by
    rw [factorization_mul' r.succ_ne_zero npow_nz, factorization_pow', add_comm]
  have : r.succ.factorization p = k * m.factorization p - k * n.factorization p := by
    rw [← eq1, pow_eq, eq2, add_comm, Nat.add_sub_cancel]
  rw [this]
  apply Nat.dvd_sub' <;>
  apply Nat.dvd_mul_right

",,True,-1,"theorem t4 {m n k r : ℕ} (nnz : n ≠ 0) (pow_eq : m ^ k = r * n ^ k) {p : ℕ} :
    k ∣ r.factorization p := by
  rcases r with _ | r
  · simp
  have eq1 : (m ^ k).factorization p = k * m.factorization p := by
    rw [factorization_pow']
  have eq2 : ((r + 1) * n ^ k).factorization p =
      k * n.factorization p + (r + 1).factorization p := by
    rw [factorization_mul' r.succ_ne_zero nnz, factorization_pow', add_comm]
  have : r.succ.factorization p = k * m.factorization p - k * n.factorization p := by
    rw [← eq1, pow_eq, eq2, add_comm, Nat.add_sub_cancel]
  rw [this]
  apply Nat.dvd_sub' <;>
  apply Nat.dvd_mul_right


","💥️tactic 'rewrite' failed, did not find instance of the pattern in the target expression
  (r.succ * n).factorization ?p
m n k : ℕ
nnz : n ≠ 0
p r : ℕ
pow_eq : m ^ k = (r + 1) * n ^ k
eq1 : (m ^ k).factorization p = k * m.factorization p
⊢ ((r + 1) * n ^ k).factorization p = k * n.factorization p + (r + 1).factorization p",False,60,MIL.C05_Elementary_Number_Theory.solutions.Solutions_S01_Irrational_Roots,Qwen-7B-short,LENGTH,best_of_n,False,0,-1.0,t4,False
-1,False,13,"theorem t4 {m n k r : ℕ} (nnz : n ≠ 0) (pow_eq : m ^ k = r * n ^ k) {p : ℕ} :
    k ∣ r.factorization p := by
  rcases r with _ | r
  · simp
  have npow_nz : n ^ k ≠ 0 := fun npowz ↦ nnz (pow_eq_zero npowz)
  have eq1 : (m ^ k).factorization p = k * m.factorization p := by
    rw [factorization_pow']
  have eq2 : ((r + 1) * n ^ k).factorization p =
      k * n.factorization p + (r + 1).factorization p := by
    rw [factorization_mul' r.succ_ne_zero npow_nz, factorization_pow', add_comm]
  have : r.succ.factorization p = k * m.factorization p - k * n.factorization p := by
    rw [← eq1, pow_eq, eq2, add_comm, Nat.add_sub_cancel]
  rw [this]
  apply Nat.dvd_sub' <;>
  apply Nat.dvd_mul_right

",,True,-1,"theorem t4 {m n k r : ℕ} (nnz : n ≠ 0) (pow_eq : m ^ k = r * n ^ k) {p : ℕ} :
    k ∣ r.factorization p := by
  rcases r with _ | r
  · simp
  have eq1 : (m ^ k).factorization p = k * m.factorization p := by
    rw [factorization_pow', mul_comm, mul_congr]
  have eq2 : ((r + 1) * n ^ k).factorization p =
      k * n.factorization p + (r + 1).factorization p := by
    rw [factorization_mul' r.succ_ne_zero nnz (pow_eq_zero r), factorization_pow', add_comm]
  have : r.succ.factorization p = k * m.factorization p - k * n.factorization p := by
    rw [← eq1, pow_eq, eq2, add_comm, Nat.add_sub_cancel]
  rw [this]
  apply Nat.dvd_sub' <;>
  apply Nat.dvd_mul_right


","💥️unknown identifier 'mul_congr'

💥️tactic 'rewrite' failed, equality or iff proof expected
  ?m.13453
m n k : ℕ
nnz : n ≠ 0
p r : ℕ
pow_eq : m ^ k = (r + 1) * n ^ k
⊢ m.factorization p * k = m.factorization p * k

💥️application type mismatch
  pow_eq_zero r
argument
  r
has type
  ℕ : Type
but is expected to have type
  ?m.13839 ^ ?m.13841 = 0 : Prop",False,60,MIL.C05_Elementary_Number_Theory.solutions.Solutions_S01_Irrational_Roots,Qwen-7B-short,LENGTH,best_of_n,False,0,-1.0,t4,False
-1,False,13,"theorem t4 {m n k r : ℕ} (nnz : n ≠ 0) (pow_eq : m ^ k = r * n ^ k) {p : ℕ} :
    k ∣ r.factorization p := by
  rcases r with _ | r
  · simp
  have npow_nz : n ^ k ≠ 0 := fun npowz ↦ nnz (pow_eq_zero npowz)
  have eq1 : (m ^ k).factorization p = k * m.factorization p := by
    rw [factorization_pow']
  have eq2 : ((r + 1) * n ^ k).factorization p =
      k * n.factorization p + (r + 1).factorization p := by
    rw [factorization_mul' r.succ_ne_zero npow_nz, factorization_pow', add_comm]
  have : r.succ.factorization p = k * m.factorization p - k * n.factorization p := by
    rw [← eq1, pow_eq, eq2, add_comm, Nat.add_sub_cancel]
  rw [this]
  apply Nat.dvd_sub' <;>
  apply Nat.dvd_mul_right

",,True,-1,"theorem t4 {m n k r : ℕ} (nnz : n ≠ 0) (pow_eq : m ^ k = r * n ^ k) {p : ℕ} :
    k ∣ r.factorization p := by
  rcases r with _ | r
  · simp
  have : n ^ k ≠ 0 := fun npowz ↦ nnz (pow_eq_zero npowz)
  have : (m ^ k).factorization p = k * m.factorization p := by
    rw [factorization_pow']
  have : ((r + 1) * n ^ k).factorization p =
      k * n.factorization p + (r + 1).factorization p := by
    rw [factorization_mul' r.succ_ne_zero, factorization_pow', add_comm]
  have : r.succ.factorization p = k * m.factorization p - k * n.factorization p := by
    rw [← eq1, pow_eq, eq2, add_comm, Nat.add_sub_cancel]
  rw [this]
  apply Nat.dvd_sub' <;>
  apply Nat.dvd_mul_right


","💥️unsolved goals
case nnez
m n k : ℕ
nnz : n ≠ 0
p r : ℕ
pow_eq : m ^ k = (r + 1) * n ^ k
this✝ : n ^ k ≠ 0
this : (m ^ k).factorization p = k * m.factorization p
⊢ n ^ k ≠ 0

💥️unknown identifier 'eq1'

💥️tactic 'rewrite' failed, equality or iff proof expected
  ?m.14147
m n k : ℕ
nnz : n ≠ 0
p r : ℕ
pow_eq : m ^ k = (r + 1) * n ^ k
this✝¹ : n ^ k ≠ 0
this✝ : (m ^ k).factorization p = k * m.factorization p
this : ((r + 1) * n ^ k).factorization p = k * n.factorization p + (r + 1).factorization p
⊢ r.succ.factorization p = k * m.factorization p - k * n.factorization p",False,60,MIL.C05_Elementary_Number_Theory.solutions.Solutions_S01_Irrational_Roots,Qwen-7B-short,LENGTH,best_of_n,False,0,-1.0,t4,False
-1,False,13,"theorem t4 {m n k r : ℕ} (nnz : n ≠ 0) (pow_eq : m ^ k = r * n ^ k) {p : ℕ} :
    k ∣ r.factorization p := by
  rcases r with _ | r
  · simp
  have npow_nz : n ^ k ≠ 0 := fun npowz ↦ nnz (pow_eq_zero npowz)
  have eq1 : (m ^ k).factorization p = k * m.factorization p := by
    rw [factorization_pow']
  have eq2 : ((r + 1) * n ^ k).factorization p =
      k * n.factorization p + (r + 1).factorization p := by
    rw [factorization_mul' r.succ_ne_zero npow_nz, factorization_pow', add_comm]
  have : r.succ.factorization p = k * m.factorization p - k * n.factorization p := by
    rw [← eq1, pow_eq, eq2, add_comm, Nat.add_sub_cancel]
  rw [this]
  apply Nat.dvd_sub' <;>
  apply Nat.dvd_mul_right

",,True,13,"theorem t4 {m n k r : ℕ} (nnz : n ≠ 0) (pow_eq : m ^ k = r * n ^ k) {p : ℕ} :
    k ∣ r.factorization p := by
  rcases r with _ | r
  · simp
  have npow_nz : n ^ k ≠ 0 := fun npowz ↦ nnz (pow_eq_zero npowz)
  have eq1 : (m ^ k).factorization p = k * m.factorization p := by
    rw [factorization_pow']
  have eq2 : ((r + 1) * n ^ k).factorization p =
      k * n.factorization p + (r + 1).factorization p := by
    rw [factorization_mul' r.succ_ne_zero npow_nz, factorization_pow', add_comm]
  have : r.succ.factorization p = k * m.factorization p - k * n.factorization p := by
    rw [← eq1, pow_eq, eq2, add_comm, Nat.add_sub_cancel]
  rw [this]
  apply Nat.dvd_sub' <;>
  apply Nat.dvd_mul_right


",,True,60,MIL.C05_Elementary_Number_Theory.solutions.Solutions_S01_Irrational_Roots,Qwen-7B-short,LENGTH,best_of_n,False,0,0.0,t4,False
-1,False,13,"theorem t4 {m n k r : ℕ} (nnz : n ≠ 0) (pow_eq : m ^ k = r * n ^ k) {p : ℕ} :
    k ∣ r.factorization p := by
  rcases r with _ | r
  · simp
  have npow_nz : n ^ k ≠ 0 := fun npowz ↦ nnz (pow_eq_zero npowz)
  have eq1 : (m ^ k).factorization p = k * m.factorization p := by
    rw [factorization_pow']
  have eq2 : ((r + 1) * n ^ k).factorization p =
      k * n.factorization p + (r + 1).factorization p := by
    rw [factorization_mul' r.succ_ne_zero npow_nz, factorization_pow', add_comm]
  have : r.succ.factorization p = k * m.factorization p - k * n.factorization p := by
    rw [← eq1, pow_eq, eq2, add_comm, Nat.add_sub_cancel]
  rw [this]
  apply Nat.dvd_sub' <;>
  apply Nat.dvd_mul_right

",,True,-1,"theorem t4 {m n k r : ℕ} (nnz : n ≠ 0) (pow_eq : m ^ k = r * n ^ k) {p : ℕ} :
    k ∣ r.factorization p := by
  by_cases h : r = 0 → n = 0 → m = 0 → k = 0
  · exact (pow_eq_zero r).elim
  · push_neg at h
    simp [h]
","💥️application type mismatch
  pow_eq_zero r
argument
  r
has type
  ℕ : Type
but is expected to have type
  ?m.12403 ^ ?m.12405 = 0 : Prop",False,60,MIL.C05_Elementary_Number_Theory.solutions.Solutions_S01_Irrational_Roots,Qwen-7B-short,LENGTH,best_of_n,False,0,-1.0,t4,False
-1,False,13,"theorem t4 {m n k r : ℕ} (nnz : n ≠ 0) (pow_eq : m ^ k = r * n ^ k) {p : ℕ} :
    k ∣ r.factorization p := by
  rcases r with _ | r
  · simp
  have npow_nz : n ^ k ≠ 0 := fun npowz ↦ nnz (pow_eq_zero npowz)
  have eq1 : (m ^ k).factorization p = k * m.factorization p := by
    rw [factorization_pow']
  have eq2 : ((r + 1) * n ^ k).factorization p =
      k * n.factorization p + (r + 1).factorization p := by
    rw [factorization_mul' r.succ_ne_zero npow_nz, factorization_pow', add_comm]
  have : r.succ.factorization p = k * m.factorization p - k * n.factorization p := by
    rw [← eq1, pow_eq, eq2, add_comm, Nat.add_sub_cancel]
  rw [this]
  apply Nat.dvd_sub' <;>
  apply Nat.dvd_mul_right

",,True,-1,"theorem t4 {m n k r : ℕ} (nnz : n ≠ 0) (pow_eq : m ^ k = r * n ^ k) {p : ℕ} :
    k ∣ r.factorization p := by
  rcases r with _ | r
  · simp
  rw [← eq1, pow_eq, eq2, add_comm, Nat.add_sub_cancel]
  apply Nat.dvd_sub' <;> apply Nat.dvd_mul_right


","💥️unknown identifier 'eq1'

💥️tactic 'rewrite' failed, equality or iff proof expected
  ?m.13039
case succ
m n k : ℕ
nnz : n ≠ 0
p r : ℕ
pow_eq : m ^ k = (r + 1) * n ^ k
⊢ k ∣ (r + 1).factorization p",False,60,MIL.C05_Elementary_Number_Theory.solutions.Solutions_S01_Irrational_Roots,Qwen-7B-short,LENGTH,best_of_n,False,0,-1.0,t4,False
-1,False,13,"theorem t4 {m n k r : ℕ} (nnz : n ≠ 0) (pow_eq : m ^ k = r * n ^ k) {p : ℕ} :
    k ∣ r.factorization p := by
  rcases r with _ | r
  · simp
  have npow_nz : n ^ k ≠ 0 := fun npowz ↦ nnz (pow_eq_zero npowz)
  have eq1 : (m ^ k).factorization p = k * m.factorization p := by
    rw [factorization_pow']
  have eq2 : ((r + 1) * n ^ k).factorization p =
      k * n.factorization p + (r + 1).factorization p := by
    rw [factorization_mul' r.succ_ne_zero npow_nz, factorization_pow', add_comm]
  have : r.succ.factorization p = k * m.factorization p - k * n.factorization p := by
    rw [← eq1, pow_eq, eq2, add_comm, Nat.add_sub_cancel]
  rw [this]
  apply Nat.dvd_sub' <;>
  apply Nat.dvd_mul_right

",,True,-1,"theorem t4 {m n k r : ℕ} (nnz : n ≠ 0) (pow_eq : m ^ k = r * n ^ k) {p : ℕ} :
    k ∣ r.factorization p := by
  rcases r with _ | r
  · simp
  have cp : (r + 1) * n ^ k = m ^ k := eq_eq_of_pow_eq (by simp)
  have sp : ((r + 1) * n ^ k).factorization p =
      k * n.factorization p + (r + 1).factorization p := by
    rw [factorization_mul', factorization_pow', add_comm]
  have : r.succ.factorization p = k * m.factorization p - k * n.factorization p := by
    rw [← eq1, pow_eq, eq2, add_comm, Nat.add_sub_cancel]
  rw [this, Nat.dvd_sub', Nat.dvd_mul_right]
","💥️unknown identifier 'eq_eq_of_pow_eq'

💥️unsolved goals
case mnez
m n k : ℕ
nnz : n ≠ 0
p r : ℕ
pow_eq : m ^ k = (r + 1) * n ^ k
cp : (r + 1) * n ^ k = m ^ k
⊢ r + 1 ≠ 0

case nnez
m n k : ℕ
nnz : n ≠ 0
p r : ℕ
pow_eq : m ^ k = (r + 1) * n ^ k
cp : (r + 1) * n ^ k = m ^ k
⊢ n ^ k ≠ 0

💥️unknown identifier 'eq1'

💥️tactic 'rewrite' failed, equality or iff proof expected
  ?m.13908
m n k : ℕ
nnz : n ≠ 0
p r : ℕ
pow_eq : m ^ k = (r + 1) * n ^ k
cp : (r + 1) * n ^ k = m ^ k
sp : ((r + 1) * n ^ k).factorization p = k * n.factorization p + (r + 1).factorization p
⊢ r.succ.factorization p = k * m.factorization p - k * n.factorization p

💥️tactic 'rewrite' failed, equality or iff proof expected
  ?m.13914 ∣ ?m.13912 - ?m.13913
case succ
m n k : ℕ
nnz : n ≠ 0
p r : ℕ
pow_eq : m ^ k = (r + 1) * n ^ k
cp : (r + 1) * n ^ k = m ^ k
sp : ((r + 1) * n ^ k).factorization p = k * n.factorization p + (r + 1).factorization p
this : r.succ.factorization p = k * m.factorization p - k * n.factorization p
⊢ k ∣ k * m.factorization p - k * n.factorization p",False,60,MIL.C05_Elementary_Number_Theory.solutions.Solutions_S01_Irrational_Roots,Qwen-7B-short,LENGTH,best_of_n,False,0,-1.0,t4,False
-1,False,13,"theorem t4 {m n k r : ℕ} (nnz : n ≠ 0) (pow_eq : m ^ k = r * n ^ k) {p : ℕ} :
    k ∣ r.factorization p := by
  rcases r with _ | r
  · simp
  have npow_nz : n ^ k ≠ 0 := fun npowz ↦ nnz (pow_eq_zero npowz)
  have eq1 : (m ^ k).factorization p = k * m.factorization p := by
    rw [factorization_pow']
  have eq2 : ((r + 1) * n ^ k).factorization p =
      k * n.factorization p + (r + 1).factorization p := by
    rw [factorization_mul' r.succ_ne_zero npow_nz, factorization_pow', add_comm]
  have : r.succ.factorization p = k * m.factorization p - k * n.factorization p := by
    rw [← eq1, pow_eq, eq2, add_comm, Nat.add_sub_cancel]
  rw [this]
  apply Nat.dvd_sub' <;>
  apply Nat.dvd_mul_right

",,True,-1,"theorem t4 {m n k r : ℕ} (n ≠ 0) (m ^ k = r * n ^ k) {p : ℕ} :
    k ∣ r.factorization p := by
  rcases r with _ | r
  · simp
  have npow_nz : n ^ k ≠ 0 := fun npowz ↦ n ≠ 0 (pow_eq_zero hpowz)
  have eq1 : (m ^ k).factorization p = k * m.factorization p := by
    rw [factorization_pow']
  have eq2 : ((r + 1) * n ^ k).factorization p =
      k * n.factorization p + (r + 1).factorization p := by
    rw [factorization_mul' r.succ_ne_zero npow_nz, factorization_pow', add_comm]
  have : r.succ.factorization p = k * m.factorization p - k * n.factorization p := by
    rw [← eq1, pow_eq, eq2, add_comm, Nat.add_sub_cancel]
  rw [this]
  apply Nat.dvd_sub' <;>
  apply Nat.dvd_mul_right


",💥️unexpected token '≠'; expected ')',False,60,MIL.C05_Elementary_Number_Theory.solutions.Solutions_S01_Irrational_Roots,Qwen-7B-short,LENGTH,best_of_n,False,0,-1.0,t4,False
-1,False,13,"theorem t4 {m n k r : ℕ} (nnz : n ≠ 0) (pow_eq : m ^ k = r * n ^ k) {p : ℕ} :
    k ∣ r.factorization p := by
  rcases r with _ | r
  · simp
  have npow_nz : n ^ k ≠ 0 := fun npowz ↦ nnz (pow_eq_zero npowz)
  have eq1 : (m ^ k).factorization p = k * m.factorization p := by
    rw [factorization_pow']
  have eq2 : ((r + 1) * n ^ k).factorization p =
      k * n.factorization p + (r + 1).factorization p := by
    rw [factorization_mul' r.succ_ne_zero npow_nz, factorization_pow', add_comm]
  have : r.succ.factorization p = k * m.factorization p - k * n.factorization p := by
    rw [← eq1, pow_eq, eq2, add_comm, Nat.add_sub_cancel]
  rw [this]
  apply Nat.dvd_sub' <;>
  apply Nat.dvd_mul_right

",,True,-1,"theorem t4 {m n k r : ℕ} (h1 : n ≠ 0) (h2 : m ^ k = r * n ^ k) {p : ℕ} :
    k ∣ r.factorization p := by
  rcases r with _ | r
  · simp
  have hpow_nz : n ^ k ≠ 0 := fun hpowz ↦ h1 (pow_eq_zero hpowz)
  have eq1 : (m ^ k).factorization p = k * m.factorization p := by
    rw [factorization_pow']
  have eq2 : ((r + 1) * n ^ k).factorization p =
      k * n.factorization p + (r + 1).factorization p := by
    rw [factorization_mul' r.succ_ne_zero hpow_nz, factorization_pow', add_comm]
  have : r.succ.factorization p = k * m.factorization p - k * n.factorization p := by
    rw [← eq1, pow_eq, eq2, add_comm, Nat.add_sub_cancel]
  simp only [factorization_sub', this, Nat.dvd_mul_right, ← Nat.dvd_sub',
    Nat.sub_le_zero, factorization_nonneg, and_imp, implies_true]
","💥️unknown identifier 'pow_eq'

💥️tactic 'rewrite' failed, equality or iff proof expected
  ?m.14150
m n k : ℕ
h1 : n ≠ 0
p r : ℕ
h2 : m ^ k = (r + 1) * n ^ k
hpow_nz : n ^ k ≠ 0
eq1 : (m ^ k).factorization p = k * m.factorization p
eq2 : ((r + 1) * n ^ k).factorization p = k * n.factorization p + (r + 1).factorization p
⊢ r.succ.factorization p = (m ^ k).factorization p - k * n.factorization p

💥️unknown identifier 'factorization_sub''

💥️invalid '←' modifier in rewrite rule to 'True'

💥️unknown constant 'Nat.sub_le_zero'

💥️unknown identifier 'factorization_nonneg'

💥️unsolved goals
case succ
m n k : ℕ
h1 : n ≠ 0
p r : ℕ
h2 : m ^ k = (r + 1) * n ^ k
hpow_nz : n ^ k ≠ 0
eq1 : (m ^ k).factorization p = k * m.factorization p
eq2 : ((r + 1) * n ^ k).factorization p = k * n.factorization p + (r + 1).factorization p
this : r.succ.factorization p = k * m.factorization p - k * n.factorization p
⊢ k ∣ k * m.factorization p - k * n.factorization p",False,60,MIL.C05_Elementary_Number_Theory.solutions.Solutions_S01_Irrational_Roots,Qwen-7B-short,LENGTH,best_of_n,False,0,-1.0,t4,False
-1,False,13,"theorem t4 {m n k r : ℕ} (nnz : n ≠ 0) (pow_eq : m ^ k = r * n ^ k) {p : ℕ} :
    k ∣ r.factorization p := by
  rcases r with _ | r
  · simp
  have npow_nz : n ^ k ≠ 0 := fun npowz ↦ nnz (pow_eq_zero npowz)
  have eq1 : (m ^ k).factorization p = k * m.factorization p := by
    rw [factorization_pow']
  have eq2 : ((r + 1) * n ^ k).factorization p =
      k * n.factorization p + (r + 1).factorization p := by
    rw [factorization_mul' r.succ_ne_zero npow_nz, factorization_pow', add_comm]
  have : r.succ.factorization p = k * m.factorization p - k * n.factorization p := by
    rw [← eq1, pow_eq, eq2, add_comm, Nat.add_sub_cancel]
  rw [this]
  apply Nat.dvd_sub' <;>
  apply Nat.dvd_mul_right

",,True,-1,"theorem t4 {m n k r : ℕ} (nnz : n ≠ 0) (pow_eq : m ^ k = r * n ^ k) {p : ℕ} :
    k ∣ r.factorization p := by
  rcases r with _ | r
  · simp
  have : n ^ k ≠ 0 := fun npowz ↦ nnz (pow_eq_zero npowz)
  have eq1 : (m ^ k).factorization p = k * m.factorization p := by
    rw [factorization_pow']
  have eq2 : ((r + 1) * n ^ k).factorization p =
      k * n.factorization p + (r + 1).factorization p := by
    rw [factorization_mul' r.succ_ne_zero npow_nz, factorization_pow', add_comm]
  have : r.succ.factorization p = k * m.factorization p - k * n.factorization p := by
    rw [← eq1, pow_eq, eq2, add_comm, Nat.add_sub_cancel]
  rw [this]
  apply Nat.dvd_sub' <;>
  apply Nat.dvd_mul_right


",💥️unknown identifier 'npow_nz',False,60,MIL.C05_Elementary_Number_Theory.solutions.Solutions_S01_Irrational_Roots,Qwen-7B-short,LENGTH,best_of_n,False,0,-1.0,t4,False
-1,False,13,"theorem t4 {m n k r : ℕ} (nnz : n ≠ 0) (pow_eq : m ^ k = r * n ^ k) {p : ℕ} :
    k ∣ r.factorization p := by
  rcases r with _ | r
  · simp
  have npow_nz : n ^ k ≠ 0 := fun npowz ↦ nnz (pow_eq_zero npowz)
  have eq1 : (m ^ k).factorization p = k * m.factorization p := by
    rw [factorization_pow']
  have eq2 : ((r + 1) * n ^ k).factorization p =
      k * n.factorization p + (r + 1).factorization p := by
    rw [factorization_mul' r.succ_ne_zero npow_nz, factorization_pow', add_comm]
  have : r.succ.factorization p = k * m.factorization p - k * n.factorization p := by
    rw [← eq1, pow_eq, eq2, add_comm, Nat.add_sub_cancel]
  rw [this]
  apply Nat.dvd_sub' <;>
  apply Nat.dvd_mul_right

",,True,13,"theorem t4 {m n k r : ℕ} (nnz : n ≠ 0) (pow_eq : m ^ k = r * n ^ k) {p : ℕ} :
    k ∣ r.factorization p := by
  rcases r with _ | r
  · simp
  have npow_nz : n ^ k ≠ 0 := fun npowz ↦ nnz (pow_eq_zero npowz)
  have eq1 : (m ^ k).factorization p = k * m.factorization p := by
    rw [factorization_pow']
  have eq2 : ((r + 1) * n ^ k).factorization p =
      k * n.factorization p + (r + 1).factorization p := by
    rw [factorization_mul' r.succ_ne_zero npow_nz, factorization_pow', add_comm]
  have : r.succ.factorization p = k * m.factorization p - k * n.factorization p := by
    rw [← eq1, pow_eq, eq2, add_comm, Nat.add_sub_cancel]
  rw [this]
  apply Nat.dvd_sub' <;>
  apply Nat.dvd_mul_right


",,True,60,MIL.C05_Elementary_Number_Theory.solutions.Solutions_S01_Irrational_Roots,Qwen-7B-short,LENGTH,best_of_n,False,0,0.0,t4,False
-1,False,13,"theorem t4 {m n k r : ℕ} (nnz : n ≠ 0) (pow_eq : m ^ k = r * n ^ k) {p : ℕ} :
    k ∣ r.factorization p := by
  rcases r with _ | r
  · simp
  have npow_nz : n ^ k ≠ 0 := fun npowz ↦ nnz (pow_eq_zero npowz)
  have eq1 : (m ^ k).factorization p = k * m.factorization p := by
    rw [factorization_pow']
  have eq2 : ((r + 1) * n ^ k).factorization p =
      k * n.factorization p + (r + 1).factorization p := by
    rw [factorization_mul' r.succ_ne_zero npow_nz, factorization_pow', add_comm]
  have : r.succ.factorization p = k * m.factorization p - k * n.factorization p := by
    rw [← eq1, pow_eq, eq2, add_comm, Nat.add_sub_cancel]
  rw [this]
  apply Nat.dvd_sub' <;>
  apply Nat.dvd_mul_right

",,True,-1,"theorem t4 {m n k r : ℕ} (nnz : n ≠ 0) (pow_eq : m ^ k = r * n ^ k) {p : ℕ} :
    k ∣ r.factorization p := by
  rcases r with _ | r
  · simp
  have : n ^ k ≠ 0 := fun npowz ↦ nnz (pow_eq_zero npowz)
  have eq1 : (m ^ k).factorization p = k * m.factorization p := by
    rw [factorization_pow']
  have eq2 : ((r + 1) * n ^ k).factorization p =
      k * n.factorization p + (r + 1).factorization p := by
    rw [factorization_mul' r.succ_ne_zero npow_nz, factorization_pow', add_comm]
  have : r.succ.factorization p = k * m.factorization p - k * n.factorization p := by
    rw [← eq1, pow_eq, eq2, add_comm, Nat.add_sub_cancel]
  unfold t3
  rw [← Nat.dvd_sub' (Nat.dvd_mul_right.2 $ by simpa), Nat.dvd_mul_left, this, ← Nat.add_sub_cancel,
    Nat.dvd_add_left, le_self_iff_ne_zero, and_self, true_and]
","💥️unknown identifier 'npow_nz'

💥️tactic 'unfold' failed to unfold 't3' at
  k ∣ (r + 1).factorization p",False,60,MIL.C05_Elementary_Number_Theory.solutions.Solutions_S01_Irrational_Roots,Qwen-7B-short,LENGTH,best_of_n,False,0,-1.0,t4,False
-1,False,13,"theorem t4 {m n k r : ℕ} (nnz : n ≠ 0) (pow_eq : m ^ k = r * n ^ k) {p : ℕ} :
    k ∣ r.factorization p := by
  rcases r with _ | r
  · simp
  have npow_nz : n ^ k ≠ 0 := fun npowz ↦ nnz (pow_eq_zero npowz)
  have eq1 : (m ^ k).factorization p = k * m.factorization p := by
    rw [factorization_pow']
  have eq2 : ((r + 1) * n ^ k).factorization p =
      k * n.factorization p + (r + 1).factorization p := by
    rw [factorization_mul' r.succ_ne_zero npow_nz, factorization_pow', add_comm]
  have : r.succ.factorization p = k * m.factorization p - k * n.factorization p := by
    rw [← eq1, pow_eq, eq2, add_comm, Nat.add_sub_cancel]
  rw [this]
  apply Nat.dvd_sub' <;>
  apply Nat.dvd_mul_right

",,True,-1,"theorem t4 {m n k r : ℕ} (nnz : n ≠ 0) (pow_eq : m ^ k = r * n ^ k) {p : ℕ} :
    k ∣ r.factorization p := by
  rcases r with _ | r
  · simp
  have h : (r * n) ^ k = m ^ k := by
    rw [pow_eq, pow_eq, pow_eq_mul_mk]
  have : r.succ.factorization p = k * m.factorization p - k * n.factorization p := by
    rw [← eq1, pow_eq, eq2, add_comm, Nat.add_sub_cancel]
  rw [this, Nat.dvd_sub', Nat.dvd_mul_right]
  exact h
","💥️tactic 'rewrite' failed, did not find instance of the pattern in the target expression
  m ^ k
m n k : ℕ
nnz : n ≠ 0
p r : ℕ
pow_eq : m ^ k = (r + 1) * n ^ k
⊢ (r * n) ^ k = (r + 1) * n ^ k

💥️unknown identifier 'eq1'

💥️tactic 'rewrite' failed, equality or iff proof expected
  ?m.13389
m n k : ℕ
nnz : n ≠ 0
p r : ℕ
pow_eq : m ^ k = (r + 1) * n ^ k
h : (r * n) ^ k = m ^ k
⊢ r.succ.factorization p = k * m.factorization p - k * n.factorization p

💥️tactic 'rewrite' failed, equality or iff proof expected
  ?m.13395 ∣ ?m.13393 - ?m.13394
case succ
m n k : ℕ
nnz : n ≠ 0
p r : ℕ
pow_eq : m ^ k = (r + 1) * n ^ k
h : (r * n) ^ k = m ^ k
this : r.succ.factorization p = k * m.factorization p - k * n.factorization p
⊢ k ∣ k * m.factorization p - k * n.factorization p",False,60,MIL.C05_Elementary_Number_Theory.solutions.Solutions_S01_Irrational_Roots,Qwen-7B-short,LENGTH,best_of_n,False,0,-1.0,t4,False
-1,False,13,"theorem t4 {m n k r : ℕ} (nnz : n ≠ 0) (pow_eq : m ^ k = r * n ^ k) {p : ℕ} :
    k ∣ r.factorization p := by
  rcases r with _ | r
  · simp
  have npow_nz : n ^ k ≠ 0 := fun npowz ↦ nnz (pow_eq_zero npowz)
  have eq1 : (m ^ k).factorization p = k * m.factorization p := by
    rw [factorization_pow']
  have eq2 : ((r + 1) * n ^ k).factorization p =
      k * n.factorization p + (r + 1).factorization p := by
    rw [factorization_mul' r.succ_ne_zero npow_nz, factorization_pow', add_comm]
  have : r.succ.factorization p = k * m.factorization p - k * n.factorization p := by
    rw [← eq1, pow_eq, eq2, add_comm, Nat.add_sub_cancel]
  rw [this]
  apply Nat.dvd_sub' <;>
  apply Nat.dvd_mul_right

",,True,-1,"theorem t4 {m n k r : ℕ} (nnz : n ≠ 0) (pow_eq : m ^ k = r * n ^ k) {p : ℕ} :
    k ∣ r.factorization p := by
  rcases r with _ | r
  · simp
  have pow_nz : n ^ k ≠ 0 := by positivity
  have : (m ^ k).factorization p = k * m.factorization p := by
    rw [factorization_pow', mul_left _]
  have : ((r + 1) * n ^ k).factorization p =
      k * n.factorization p + (r + 1).factorization p := by
    rw [factorization_mul' r.succ_ne_zero pow_nz, factorization_pow', add_comm]
  have : r.succ.factorization p = k * m.factorization p - k * n.factorization p := by
    rw [← eq1, pow_eq, eq2, add_comm, Nat.add_sub_cancel]
  exact Nat.dvd_sub' (Nat.dvd_mul_right _ _)

","💥️unknown identifier 'mul_left'

💥️tactic 'rewrite' failed, equality or iff proof expected
  ?m.14325
m n k : ℕ
nnz : n ≠ 0
p r : ℕ
pow_eq : m ^ k = (r + 1) * n ^ k
pow_nz : n ^ k ≠ 0
⊢ k * m.factorization p = k * m.factorization p

💥️unknown identifier 'eq1'

💥️tactic 'rewrite' failed, equality or iff proof expected
  ?m.15051
m n k : ℕ
nnz : n ≠ 0
p r : ℕ
pow_eq : m ^ k = (r + 1) * n ^ k
pow_nz : n ^ k ≠ 0
this✝ : (m ^ k).factorization p = k * m.factorization p
this : ((r + 1) * n ^ k).factorization p = k * n.factorization p + (r + 1).factorization p
⊢ r.succ.factorization p = k * m.factorization p - k * n.factorization p

💥️type mismatch
  Nat.dvd_sub' (Nat.dvd_mul_right ?m.15056 ?m.15057)
has type
  ?m.15056 ∣ ?m.15053 → ?m.15056 ∣ ?m.15056 * ?m.15057 - ?m.15053 : Prop
but is expected to have type
  k ∣ (r + 1).factorization p : Prop",False,60,MIL.C05_Elementary_Number_Theory.solutions.Solutions_S01_Irrational_Roots,Qwen-7B-short,LENGTH,best_of_n,False,0,-1.0,t4,False
-1,False,13,"theorem t4 {m n k r : ℕ} (nnz : n ≠ 0) (pow_eq : m ^ k = r * n ^ k) {p : ℕ} :
    k ∣ r.factorization p := by
  rcases r with _ | r
  · simp
  have npow_nz : n ^ k ≠ 0 := fun npowz ↦ nnz (pow_eq_zero npowz)
  have eq1 : (m ^ k).factorization p = k * m.factorization p := by
    rw [factorization_pow']
  have eq2 : ((r + 1) * n ^ k).factorization p =
      k * n.factorization p + (r + 1).factorization p := by
    rw [factorization_mul' r.succ_ne_zero npow_nz, factorization_pow', add_comm]
  have : r.succ.factorization p = k * m.factorization p - k * n.factorization p := by
    rw [← eq1, pow_eq, eq2, add_comm, Nat.add_sub_cancel]
  rw [this]
  apply Nat.dvd_sub' <;>
  apply Nat.dvd_mul_right

",,True,-1,"theorem t4 {m n k r : ℕ} (nnz : n ≠ 0) (pow_eq : m ^ k = r * n ^ k) {p : ℕ} :
    k ∣ r.factorization p := by
  rcases r with _ | r
  · simp
  have : r ^ k = (r * n ^ k) := by simpa [pow_eq] using pow_eq_zero r
  have : (r: ℕ) ∣ k := by
    simpa [pow_eq, Language.Subtype.mk_eq_zero] using r ^ (k :=_pi) = (r * n ^ _)
  exact (k : ℕ) ∣ r


","💥️unexpected token ':='; expected ')', ',' or ':'

💥️application type mismatch
  pow_eq_zero r
argument
  r
has type
  ℕ : Type
but is expected to have type
  ?m.13246 ^ ?m.13248 = 0 : Prop

💥️unknown identifier 'Language.Subtype.mk_eq_zero'

💥️type mismatch, term
  r ^ k
after simplification has type
  ℕ : Type
but is expected to have type
  r ∣ k : Prop

💥️unsolved goals
case succ
m n k : ℕ
nnz : n ≠ 0
p r : ℕ
pow_eq : m ^ k = (r + 1) * n ^ k
this✝ : r ^ k = r * n ^ k
this : r ∣ k
⊢ k ∣ (r + 1).factorization p",False,60,MIL.C05_Elementary_Number_Theory.solutions.Solutions_S01_Irrational_Roots,Qwen-7B-short,LENGTH,best_of_n,False,0,-1.0,t4,False
-1,False,13,"theorem t4 {m n k r : ℕ} (nnz : n ≠ 0) (pow_eq : m ^ k = r * n ^ k) {p : ℕ} :
    k ∣ r.factorization p := by
  rcases r with _ | r
  · simp
  have npow_nz : n ^ k ≠ 0 := fun npowz ↦ nnz (pow_eq_zero npowz)
  have eq1 : (m ^ k).factorization p = k * m.factorization p := by
    rw [factorization_pow']
  have eq2 : ((r + 1) * n ^ k).factorization p =
      k * n.factorization p + (r + 1).factorization p := by
    rw [factorization_mul' r.succ_ne_zero npow_nz, factorization_pow', add_comm]
  have : r.succ.factorization p = k * m.factorization p - k * n.factorization p := by
    rw [← eq1, pow_eq, eq2, add_comm, Nat.add_sub_cancel]
  rw [this]
  apply Nat.dvd_sub' <;>
  apply Nat.dvd_mul_right

",,True,-1,"theorem t4 {m n k r : ℕ} (nnz : n ≠ 0) (pow_eq : m ^ k = r * n ^ k) {p : ℕ} :
    k ∣ r.factorization p := by
  rcases r with _ | r
  · simp
  have eq1 : (m ^ k).factorization p = k * m.factorization p := by
    simp only [factorization_pow', mpow_eq_mul, ht]
  have eq2 : ((r + 1) * n ^ k).factorization p =
      k * n.factorization p + (r + 1).factorization p := by
    simp only [factorization_mul', r.succ_ne_zero, ht, add_comm]
  have : r.succ.factorization p = k * (m.factorization p - n.factorization p) := by
    rw [← eq1, pow_eq, eq2, add_comm, Nat.add_sub_cancel]
  simpa only [this, Nat.dvd_sub', Nat.dvd_mul_right]
","💥️unknown identifier 'mpow_eq_mul'

💥️unknown identifier 'ht'

💥️unknown identifier 'ht'

💥️unsolved goals
m n k : ℕ
nnz : n ≠ 0
p r : ℕ
pow_eq : m ^ k = (r + 1) * n ^ k
eq1 : (m ^ k).factorization p = k * m.factorization p
⊢ ((r + 1) * n ^ k).factorization p = (r + 1).factorization p + k * n.factorization p

💥️tactic 'rewrite' failed, did not find instance of the pattern in the target expression
  k * m.factorization p
m n k : ℕ
nnz : n ≠ 0
p r : ℕ
pow_eq : m ^ k = (r + 1) * n ^ k
eq1 : (m ^ k).factorization p = k * m.factorization p
eq2 : ((r + 1) * n ^ k).factorization p = k * n.factorization p + (r + 1).factorization p
⊢ r.succ.factorization p = k * (m.factorization p - n.factorization p)",False,60,MIL.C05_Elementary_Number_Theory.solutions.Solutions_S01_Irrational_Roots,Qwen-7B-short,LENGTH,best_of_n,False,0,-1.0,t4,False
-1,False,13,"theorem t4 {m n k r : ℕ} (nnz : n ≠ 0) (pow_eq : m ^ k = r * n ^ k) {p : ℕ} :
    k ∣ r.factorization p := by
  rcases r with _ | r
  · simp
  have npow_nz : n ^ k ≠ 0 := fun npowz ↦ nnz (pow_eq_zero npowz)
  have eq1 : (m ^ k).factorization p = k * m.factorization p := by
    rw [factorization_pow']
  have eq2 : ((r + 1) * n ^ k).factorization p =
      k * n.factorization p + (r + 1).factorization p := by
    rw [factorization_mul' r.succ_ne_zero npow_nz, factorization_pow', add_comm]
  have : r.succ.factorization p = k * m.factorization p - k * n.factorization p := by
    rw [← eq1, pow_eq, eq2, add_comm, Nat.add_sub_cancel]
  rw [this]
  apply Nat.dvd_sub' <;>
  apply Nat.dvd_mul_right

",,True,13,"theorem t4 {m n k r : ℕ} (nnz : n ≠ 0) (pow_eq : m ^ k = r * n ^ k) {p : ℕ} :
    k ∣ r.factorization p := by
  rcases r with _ | r
  · simp
  have npow_nz : n ^ k ≠ 0 := fun npowz ↦ nnz (pow_eq_zero npowz)
  have eq1 : (m ^ k).factorization p = k * m.factorization p := by
    rw [factorization_pow']
  have eq2 : ((r + 1) * n ^ k).factorization p =
      k * n.factorization p + (r + 1).factorization p := by
    rw [factorization_mul' r.succ_ne_zero npow_nz, factorization_pow', add_comm]
  have : r.succ.factorization p = k * m.factorization p - k * n.factorization p := by
    rw [← eq1, pow_eq, eq2, add_comm, Nat.add_sub_cancel]
  rw [this]
  apply Nat.dvd_sub' <;>
  apply Nat.dvd_mul_right


",,True,60,MIL.C05_Elementary_Number_Theory.solutions.Solutions_S01_Irrational_Roots,Qwen-7B-short,LENGTH,best_of_n,False,0,0.0,t4,False
-1,False,13,"theorem t4 {m n k r : ℕ} (nnz : n ≠ 0) (pow_eq : m ^ k = r * n ^ k) {p : ℕ} :
    k ∣ r.factorization p := by
  rcases r with _ | r
  · simp
  have npow_nz : n ^ k ≠ 0 := fun npowz ↦ nnz (pow_eq_zero npowz)
  have eq1 : (m ^ k).factorization p = k * m.factorization p := by
    rw [factorization_pow']
  have eq2 : ((r + 1) * n ^ k).factorization p =
      k * n.factorization p + (r + 1).factorization p := by
    rw [factorization_mul' r.succ_ne_zero npow_nz, factorization_pow', add_comm]
  have : r.succ.factorization p = k * m.factorization p - k * n.factorization p := by
    rw [← eq1, pow_eq, eq2, add_comm, Nat.add_sub_cancel]
  rw [this]
  apply Nat.dvd_sub' <;>
  apply Nat.dvd_mul_right

",,True,-1,"theorem t4 {m n k r : ℕ} (nnz : n ≠ 0) (pow_eq : m ^ k = r * n ^ k) {p : ℕ} :
    k ∣ r.factorization p := by
  rcases r with _ | r
  · simp
  obtain k' : k * (m ^ ·) = r * (n ^ ·) := by
    rw [factorization_pow', mul_assoc, pow_iff_pow, okay_mul]
  obtain rfl : r + 1 = 0 → k' = (r + 1) * m ^ · := by omega
  · exact (pre := Int.lt_succ_iff f_nz_pos H _) (Int.mul_lt_iff' positivity : k' < 2 * (r + 1))
  ← k' - (r + 1) * n ^ · = (k := k') -- (a variant of t2, for mul_left instead of mul_right)
","💥️unexpected token ':='; expected ')', ',' or ':'",False,60,MIL.C05_Elementary_Number_Theory.solutions.Solutions_S01_Irrational_Roots,Qwen-7B-short,LENGTH,best_of_n,False,0,-1.0,t4,False
-1,False,13,"theorem t4 {m n k r : ℕ} (nnz : n ≠ 0) (pow_eq : m ^ k = r * n ^ k) {p : ℕ} :
    k ∣ r.factorization p := by
  rcases r with _ | r
  · simp
  have npow_nz : n ^ k ≠ 0 := fun npowz ↦ nnz (pow_eq_zero npowz)
  have eq1 : (m ^ k).factorization p = k * m.factorization p := by
    rw [factorization_pow']
  have eq2 : ((r + 1) * n ^ k).factorization p =
      k * n.factorization p + (r + 1).factorization p := by
    rw [factorization_mul' r.succ_ne_zero npow_nz, factorization_pow', add_comm]
  have : r.succ.factorization p = k * m.factorization p - k * n.factorization p := by
    rw [← eq1, pow_eq, eq2, add_comm, Nat.add_sub_cancel]
  rw [this]
  apply Nat.dvd_sub' <;>
  apply Nat.dvd_mul_right

",,True,-1,"theorem t4 {m n k r : ℕ} (nnz : n ≠ 0) (pow_eq : m ^ k = r * n ^ k) {p : ℕ} :
    k ∣ r.factorization p := by
  rcases r with _ | r
  · simp
  have cp := (r + 1) * n ^ k
  have c factorization : cp = k * n.factorization p + (r + 1).factorization p := by
    rw [factorization_mul', factorization_pow', add_comm]
  have : r.succ.factorization p = k * m.factorization p - k * n.factorization p := by
    rw [← eq1, pow_eq, eq2, add_comm, Nat.add_sub_cancel]
  rw [this, Nat.dvd_sub', Nat.dvd_mul_right]
","💥️failed to infer binder type

💥️unsolved goals
case succ
m n k : ℕ
nnz : n ≠ 0
p r : ℕ
pow_eq : m ^ k = (r + 1) * n ^ k
cp : ℕ
⊢ k ∣ (r + 1).factorization p",False,60,MIL.C05_Elementary_Number_Theory.solutions.Solutions_S01_Irrational_Roots,Qwen-7B-short,LENGTH,best_of_n,False,0,-1.0,t4,False
