time,syntax_search,og_score,og_raw,og_errors,og_correct,new_score,new_raw,new_errors,new_correct,n,module,model,metric,method,mathlib_search,examples,delta,decl,annotation
-1,False,4,"lemma additive_to_int_linear (f : ℤ → ℤ) (h: ∀ (x y : ℤ), f (x + y) = f x + f y):
   ∃ c, ∀ a, f a = c * a := by
  let g := AddMonoidHom.toIntLinearMap <| AddMonoidHom.mk' f h
  refine ⟨f 1, fun a => ?_⟩
  change g a = g 1 * a
  rw [mul_comm, ← smul_eq_mul, ← LinearMap.map_smul, smul_eq_mul, mul_one]

",,True,4,"lemma additive_to_int_linear (f : ℤ → ℤ) (h : ∀ (x y : ℤ), f (x + y) = f x + f y):
   ∃ c, ∀ a, f a = c * a := by
  let g := AddMonoidHom.toIntLinearMap <| AddMonoidHom.mk' f h
  refine ⟨f 1, fun a => ?_⟩
  change g a = g 1 * a
  rw [mul_comm, ← smul_eq_mul, ← LinearMap.map_smul, smul_eq_mul, mul_one]
",,True,10,Compfiles.Imo2019P1,Llama-8B,LENGTH,best_of_n,False,0,0,Imo2019P1.additive_to_int_linear,False
-1,False,4,"lemma additive_to_int_linear (f : ℤ → ℤ) (h: ∀ (x y : ℤ), f (x + y) = f x + f y):
   ∃ c, ∀ a, f a = c * a := by
  let g := AddMonoidHom.toIntLinearMap <| AddMonoidHom.mk' f h
  refine ⟨f 1, fun a => ?_⟩
  change g a = g 1 * a
  rw [mul_comm, ← smul_eq_mul, ← LinearMap.map_smul, smul_eq_mul, mul_one]

",,True,-1,"lemma additive_to_int_linear (f : ℤ → ℤ) (h: ∀ (x y : ℤ), f (x + y) = f x + f y):
   ∃ c, ∀ a, f a = c * a := by
  refine ⟨f 1, fun a ↦ ?_⟩
  rw [AddMonoidHom.mk' f h, LinearMap.map_smul, ← smul_eq_mul]
  match_scalars
  linear_combination g a 

    = g 1 * a - c * (f 1 * a)
    _ = (c - f 1) * a

","💥️tactic 'rewrite' failed, equality or iff proof expected
  ℤ →+ ℤ
f : ℤ → ℤ
h : ∀ (x y : ℤ), f (x + y) = f x + f y
a : ℤ
⊢ f a = f 1 * a",False,10,Compfiles.Imo2019P1,Llama-8B,LENGTH,best_of_n,False,0,-1,Imo2019P1.additive_to_int_linear,False
-1,False,4,"lemma additive_to_int_linear (f : ℤ → ℤ) (h: ∀ (x y : ℤ), f (x + y) = f x + f y):
   ∃ c, ∀ a, f a = c * a := by
  let g := AddMonoidHom.toIntLinearMap <| AddMonoidHom.mk' f h
  refine ⟨f 1, fun a => ?_⟩
  change g a = g 1 * a
  rw [mul_comm, ← smul_eq_mul, ← LinearMap.map_smul, smul_eq_mul, mul_one]

",,True,4,"lemma additive_to_int_linear (f : ℤ → ℤ) (h: ∀ (x y : ℤ), f (x + y) = f x + f y):
   ∃ c, ∀ a, f a = c * a := by
  let g := AddMonoidHom.toIntLinearMap <| AddMonoidHom.mk' f h
  refine ⟨f 1, fun a => ?_⟩
  change g a = g 1 * a
  rw [mul_comm, ← smul_eq_mul, ← LinearMap.map_smul, smul_eq_mul, mul_one]
",,True,10,Compfiles.Imo2019P1,Llama-8B,LENGTH,best_of_n,False,0,0,Imo2019P1.additive_to_int_linear,False
-1,False,4,"lemma additive_to_int_linear (f : ℤ → ℤ) (h: ∀ (x y : ℤ), f (x + y) = f x + f y):
   ∃ c, ∀ a, f a = c * a := by
  let g := AddMonoidHom.toIntLinearMap <| AddMonoidHom.mk' f h
  refine ⟨f 1, fun a => ?_⟩
  change g a = g 1 * a
  rw [mul_comm, ← smul_eq_mul, ← LinearMap.map_smul, smul_eq_mul, mul_one]

",,True,-1,"lemma additive_to_int_linear (f : ℤ → ℤ) (h : ∀ (x y : ℤ), f (x + y) = f x + f y):
   ∃ c, ∀ a, f a = c * a := by
  contrapose! h
  exact h x (g x) b
",💥️unknown identifier 'x',False,10,Compfiles.Imo2019P1,Llama-8B,LENGTH,best_of_n,False,0,-1,Imo2019P1.additive_to_int_linear,False
-1,False,4,"lemma additive_to_int_linear (f : ℤ → ℤ) (h: ∀ (x y : ℤ), f (x + y) = f x + f y):
   ∃ c, ∀ a, f a = c * a := by
  let g := AddMonoidHom.toIntLinearMap <| AddMonoidHom.mk' f h
  refine ⟨f 1, fun a => ?_⟩
  change g a = g 1 * a
  rw [mul_comm, ← smul_eq_mul, ← LinearMap.map_smul, smul_eq_mul, mul_one]

",,True,-1,"lemma additive_to_int_linear (f : ℤ → ℤ) (h: ∀ (x y : ℤ), f (x + y) = f x + f y):
   ∃ c, ∀ a, f a = c * a := by
  refine ⟨f 1, fun a => ?_⟩
  change (f 1 + f a) = f 1 * a
  linear_combination f a - f 1 * a
  exact h 1 a (f 1 + f a) - f 1 * a
","💥️'change' tactic failed, pattern
  f 1 + f a = f 1 * a
is not definitionally equal to target
  f a = f 1 * a",False,10,Compfiles.Imo2019P1,Llama-8B,LENGTH,best_of_n,False,0,-1,Imo2019P1.additive_to_int_linear,False
-1,False,4,"lemma additive_to_int_linear (f : ℤ → ℤ) (h: ∀ (x y : ℤ), f (x + y) = f x + f y):
   ∃ c, ∀ a, f a = c * a := by
  let g := AddMonoidHom.toIntLinearMap <| AddMonoidHom.mk' f h
  refine ⟨f 1, fun a => ?_⟩
  change g a = g 1 * a
  rw [mul_comm, ← smul_eq_mul, ← LinearMap.map_smul, smul_eq_mul, mul_one]

",,True,4,"lemma additive_to_int_linear (f : ℤ → ℤ) (h: ∀ (x y : ℤ), f (x + y) = f x + f y):
   ∃ c, ∀ a, f a = c * a := by
  let g := AddMonoidHom.toIntLinearMap <| AddMonoidHom.mk' f h
  refine ⟨f 1, fun a => ?_⟩
  change g a = g 1 * a
  rw [mul_comm, ← smul_eq_mul, ← LinearMap.map_smul, smul_eq_mul, mul_one]
",,True,10,Compfiles.Imo2019P1,Llama-8B,LENGTH,best_of_n,False,0,0,Imo2019P1.additive_to_int_linear,False
-1,False,4,"lemma additive_to_int_linear (f : ℤ → ℤ) (h: ∀ (x y : ℤ), f (x + y) = f x + f y):
   ∃ c, ∀ a, f a = c * a := by
  let g := AddMonoidHom.toIntLinearMap <| AddMonoidHom.mk' f h
  refine ⟨f 1, fun a => ?_⟩
  change g a = g 1 * a
  rw [mul_comm, ← smul_eq_mul, ← LinearMap.map_smul, smul_eq_mul, mul_one]

",,True,-1,"lemma additive_to_int_linear (f : ℤ → ℤ) (h : ∀ (x y : ℤ), f (x + y) = f x + f y):
    ∃ c, ∀ a, f a = c * a := by
  refine ⟨f 1, fun a => ?_⟩
  change (f _).a = f 1 * a
  rw [mul_comm, ← smul_eq_mul, mk'_smul, smul_eq_mul, mul_one]
","💥️invalid field 'a', the environment does not contain 'Int.a'
  f ?m.232
has type
  ℤ",False,10,Compfiles.Imo2019P1,Llama-8B,LENGTH,best_of_n,False,0,-1,Imo2019P1.additive_to_int_linear,False
-1,False,4,"lemma additive_to_int_linear (f : ℤ → ℤ) (h: ∀ (x y : ℤ), f (x + y) = f x + f y):
   ∃ c, ∀ a, f a = c * a := by
  let g := AddMonoidHom.toIntLinearMap <| AddMonoidHom.mk' f h
  refine ⟨f 1, fun a => ?_⟩
  change g a = g 1 * a
  rw [mul_comm, ← smul_eq_mul, ← LinearMap.map_smul, smul_eq_mul, mul_one]

",,True,-1,"lemma additive_to_int_linear (f : ℤ → ℤ) (h : ∀ (x y : ℤ), f (x + y) = f x + f y):
   ∃ c, ∀ a, f a = c * a := by
  refine ⟨f 1, fun a => ?_⟩
  change g a = g 1 * a
  rw [mul_comm, ← smul_eq_mul, ← LinearMap.map_smul, smul_eq_mul, mul_one]

","💥️unknown identifier 'g'

💥️unknown identifier 'g'",False,10,Compfiles.Imo2019P1,Llama-8B,LENGTH,best_of_n,False,0,-1,Imo2019P1.additive_to_int_linear,False
-1,False,4,"lemma additive_to_int_linear (f : ℤ → ℤ) (h: ∀ (x y : ℤ), f (x + y) = f x + f y):
   ∃ c, ∀ a, f a = c * a := by
  let g := AddMonoidHom.toIntLinearMap <| AddMonoidHom.mk' f h
  refine ⟨f 1, fun a => ?_⟩
  change g a = g 1 * a
  rw [mul_comm, ← smul_eq_mul, ← LinearMap.map_smul, smul_eq_mul, mul_one]

",,True,-1,"lemma additive_to_int_linear (f : ℤ → ℤ) (h : ∀ (x y : ℤ), f (x + y) = f x + f y):
   ∃ c, ∀ a, f a = c * a := by
  refine ⟨f 1, fun a => ?_⟩
  change (AddMonoidHom.mk' f h).a = f 1 * a
  rw [mul_comm, ← smul_eq_mul, ← LinearMap.map_smul, smul_eq_mul, mul_one]
","💥️invalid field 'a', the environment does not contain 'AddMonoidHom.a'
  AddMonoidHom.mk' f h
has type
  ℤ →+ ℤ",False,10,Compfiles.Imo2019P1,Llama-8B,LENGTH,best_of_n,False,0,-1,Imo2019P1.additive_to_int_linear,False
-1,False,4,"lemma additive_to_int_linear (f : ℤ → ℤ) (h: ∀ (x y : ℤ), f (x + y) = f x + f y):
   ∃ c, ∀ a, f a = c * a := by
  let g := AddMonoidHom.toIntLinearMap <| AddMonoidHom.mk' f h
  refine ⟨f 1, fun a => ?_⟩
  change g a = g 1 * a
  rw [mul_comm, ← smul_eq_mul, ← LinearMap.map_smul, smul_eq_mul, mul_one]

",,True,-1,"lemma additive_to_int_linear (f : ℤ → ℤ) (h : ∀ (x y : ℤ), f (x + y) = f x + f y):
    ∃ c, ∀ a, f a = c * a := by
  refine ⟨f 1, fun a => ?_⟩
  change (AddMonoidHom.toIntLinearMap.ofAddMonoidHom f h).a = f 1 * a
  rw [mul_comm, ← smul_eq_mul, ← LinearMap.map_smul, smul_eq_mul, mul_one]
","💥️invalid field notation, type is not of the form (C ...) where C is a constant
  AddMonoidHom.toIntLinearMap
has type
  (?m.5981 →+ ?m.5982) → ?m.5981 →ₗ[ℤ] ?m.5982",False,10,Compfiles.Imo2019P1,Llama-8B,LENGTH,best_of_n,False,0,-1,Imo2019P1.additive_to_int_linear,False
-1,False,51,"problem imo2019_p1 (f : ℤ → ℤ) :
    (∀ a b, f (2 * a) + 2 * (f b) = f (f (a + b))) ↔ f ∈ solution_set := by
  -- Find that g(x) = f(x) - f(0) is linear and then deduce the rest.

  constructor; swap
  · intro hf a b
    cases' hf with hf1 hf2
    · simp [hf1]
    · obtain ⟨c, hc⟩ := hf2
      simp [hc]; ring
  intro hf
  let g : ℤ → ℤ := fun z => f z - f 0
  have hg : ∀z, g z = f z - f 0 := fun z => by rfl
  have : ∀ x y, g (x + y) = g x + g y := by
    intro x y
    simp only [hg]
    have hx := hf 0 (x + y)
    have hxy := hf x y
    have hx0 := hf x 0
    have h0x := hf 0 x
    simp at hx hx0 h0x
    omega
  have : ∃ d, ∀ z, g z = d * z := additive_to_int_linear g this
  cases' this with d h
  have hz : ∀ z, f z = d * z + f 0 := by
    intro z
    rw [← h z, hg, sub_add_cancel]
  cases' em (d = 0) with hd hd
  · left
    have : f 0 = 0 := by
      have := hf 0 0
      simp at this
      rw [hz (f 0), hz 0, hd] at this
      simp at this
      exact this
    intro z
    convert hz z
    rw [hd, this, zero_mul, add_zero]
  · right
    use f 0
    cases' em (f 0 = 0) with hf₀ hf₀
    · have := hf 1 0
      simp at this
      rw [hz (f 1), hz 2, hz 1, hf₀] at this
      simp [hd] at this
      convert hz
    · have := hf 0 0
      simp at this
      rw [hz (f 0), add_comm, add_right_cancel_iff] at this
      rw [← ne_eq] at hf₀
      have := Int.eq_of_mul_eq_mul_right hf₀ this
      convert hz


",,True,51,"theorem imo2019_p1 (f : ℤ → ℤ) :
    (∀ a b, f (2 * a) + 2 * (f b) = f (f (a + b))) ↔ f ∈ solution_set := by
  -- Find that g(x) = f(x) - f(0) is linear and then deduce the rest.

  constructor; swap
  · intro hf a b
    cases' hf with hf1 hf2
    · simp [hf1]
    · obtain ⟨c, hc⟩ := hf2
      simp [hc]; ring
  intro hf
  let g : ℤ → ℤ := fun z => f z - f 0
  have hg : ∀z, g z = f z - f 0 := fun z => by rfl
  have : ∀ x y, g (x + y) = g x + g y := by
    intro x y
    simp only [hg]
    have hx := hf 0 (x + y)
    have hxy := hf x y
    have hx0 := hf x 0
    have h0x := hf 0 x
    simp at hx hx0 h0x
    omega
  have : ∃ d, ∀ z, g z = d * z := additive_to_int_linear g this
  cases' this with d h
  have hz : ∀ z, f z = d * z + f 0 := by
    intro z
    rw [← h z, hg, sub_add_cancel]
  cases' em (d = 0) with hd hd
  · left
    have : f 0 = 0 := by
      have := hf 0 0
      simp at this
      rw [hz (f 0), hz 0, hd] at this
      simp at this
      exact this
    intro z
    convert hz z
    rw [hd, this, zero_mul, add_zero]
  · right
    use f 0
    cases' em (f 0 = 0) with hf₀ hf₀
    · have := hf 1 0
      simp at this
      rw [hz (f 1), hz 2, hz 1, hf₀] at this
      simp [hd] at this
      convert hz
    · have := hf 0 0
      simp at this
      rw [hz (f 0), add_comm, add_right_cancel_iff] at this
      rw [← ne_eq] at hf₀
      have := Int.eq_of_mul_eq_mul_right hf₀ this
      convert hz


",,True,10,Compfiles.Imo2019P1,Llama-8B,LENGTH,best_of_n,False,0,0,Imo2019P1.imo2019_p1,False
-1,False,51,"problem imo2019_p1 (f : ℤ → ℤ) :
    (∀ a b, f (2 * a) + 2 * (f b) = f (f (a + b))) ↔ f ∈ solution_set := by
  -- Find that g(x) = f(x) - f(0) is linear and then deduce the rest.

  constructor; swap
  · intro hf a b
    cases' hf with hf1 hf2
    · simp [hf1]
    · obtain ⟨c, hc⟩ := hf2
      simp [hc]; ring
  intro hf
  let g : ℤ → ℤ := fun z => f z - f 0
  have hg : ∀z, g z = f z - f 0 := fun z => by rfl
  have : ∀ x y, g (x + y) = g x + g y := by
    intro x y
    simp only [hg]
    have hx := hf 0 (x + y)
    have hxy := hf x y
    have hx0 := hf x 0
    have h0x := hf 0 x
    simp at hx hx0 h0x
    omega
  have : ∃ d, ∀ z, g z = d * z := additive_to_int_linear g this
  cases' this with d h
  have hz : ∀ z, f z = d * z + f 0 := by
    intro z
    rw [← h z, hg, sub_add_cancel]
  cases' em (d = 0) with hd hd
  · left
    have : f 0 = 0 := by
      have := hf 0 0
      simp at this
      rw [hz (f 0), hz 0, hd] at this
      simp at this
      exact this
    intro z
    convert hz z
    rw [hd, this, zero_mul, add_zero]
  · right
    use f 0
    cases' em (f 0 = 0) with hf₀ hf₀
    · have := hf 1 0
      simp at this
      rw [hz (f 1), hz 2, hz 1, hf₀] at this
      simp [hd] at this
      convert hz
    · have := hf 0 0
      simp at this
      rw [hz (f 0), add_comm, add_right_cancel_iff] at this
      rw [← ne_eq] at hf₀
      have := Int.eq_of_mul_eq_mul_right hf₀ this
      convert hz


",,True,-1,"theorem imo2019_p1 (f : ℤ → ℤ) :
    (∀ a b, f (2 * a) + 2 * (f b) = f (f (a + b))) ↔ f ∈ solution_set := by
  -- Find that g(x) = f(x) - f(0) is linear and then deduce the rest.

  constructor; swap
  · intro hf a b
    cases' hf with hf1 hf2
    · simp [hf1]
    · obtain ⟨c, hc⟩ := hf2
      simp [hc]; ring
  intro hf
  have : ∀ x y, f (x + y) = f x + f y := by
    intro x y
    linear_combination hf 0 (x + y) + hf x y
  have : ∃ d, ∀ z, f z = d * z := additive_to_int_linear (f := g) this
  cases' this with d h
  have hz : ∀ z, f z = d * z + f 0 := by
    intro z
    rw [← h z, g '' (d * z), sub_add_cancel]
  cases' em (d = 0) with hd hd
  · left
    have : f 0 = 0 := by
      have := hf 0 0
      simp at this
      rw [hz (f 0), hz 0, hd] at this
      simp at this
      exact this
    intro z
    convert hz z
    rw [hd, this, zero_mul, add_zero]
  · right
    use f 0
    cases' em (f 0 = 0) with hf₀ hf₀
    · have := hf 1 0
      simp at this
      rw [hz (f 1), hz 2, hz 1, hf₀] at this
      simp [hd] at this
      convert hz
    · have := hf 0 0
      simp at this
      rw [hz (f 0), add_comm, add_right_cancel_iff] at this
      rw [← ne_eq] at hf₀
      have := Int.eq_of_mul_eq_mul_right hf₀ this
      convert hz


","💥️ring failed, ring expressions not equal
f : ℤ → ℤ
hf : ∀ (a b : ℤ), f (2 * a) + 2 * f b = f (f (a + b))
x y : ℤ
⊢ -f (x + y) + f (f (0 + x + y)) + f (f (x + y)) + (-f x - f y * 3) + (-f (2 * 0) - f (2 * x)) = 0

💥️unknown identifier 'g'

💥️unknown identifier 'g'

💥️type mismatch
  d * z
has type
  ℤ : outParam Type
but is expected to have type
  Set ?m.7125 : Type ?u.7124

💥️tactic 'rewrite' failed, equality or iff proof expected
  Prop
f : ℤ → ℤ
hf : ∀ (a b : ℤ), f (2 * a) + 2 * f b = f (f (a + b))
this : ∀ (x y : ℤ), f (x + y) = f x + f y
d : ℤ
h : ∀ (z : ℤ), f z = d * z
z : ℤ
⊢ f z = f z + f 0",False,10,Compfiles.Imo2019P1,Llama-8B,LENGTH,best_of_n,False,0,-1,Imo2019P1.imo2019_p1,False
-1,False,51,"problem imo2019_p1 (f : ℤ → ℤ) :
    (∀ a b, f (2 * a) + 2 * (f b) = f (f (a + b))) ↔ f ∈ solution_set := by
  -- Find that g(x) = f(x) - f(0) is linear and then deduce the rest.

  constructor; swap
  · intro hf a b
    cases' hf with hf1 hf2
    · simp [hf1]
    · obtain ⟨c, hc⟩ := hf2
      simp [hc]; ring
  intro hf
  let g : ℤ → ℤ := fun z => f z - f 0
  have hg : ∀z, g z = f z - f 0 := fun z => by rfl
  have : ∀ x y, g (x + y) = g x + g y := by
    intro x y
    simp only [hg]
    have hx := hf 0 (x + y)
    have hxy := hf x y
    have hx0 := hf x 0
    have h0x := hf 0 x
    simp at hx hx0 h0x
    omega
  have : ∃ d, ∀ z, g z = d * z := additive_to_int_linear g this
  cases' this with d h
  have hz : ∀ z, f z = d * z + f 0 := by
    intro z
    rw [← h z, hg, sub_add_cancel]
  cases' em (d = 0) with hd hd
  · left
    have : f 0 = 0 := by
      have := hf 0 0
      simp at this
      rw [hz (f 0), hz 0, hd] at this
      simp at this
      exact this
    intro z
    convert hz z
    rw [hd, this, zero_mul, add_zero]
  · right
    use f 0
    cases' em (f 0 = 0) with hf₀ hf₀
    · have := hf 1 0
      simp at this
      rw [hz (f 1), hz 2, hz 1, hf₀] at this
      simp [hd] at this
      convert hz
    · have := hf 0 0
      simp at this
      rw [hz (f 0), add_comm, add_right_cancel_iff] at this
      rw [← ne_eq] at hf₀
      have := Int.eq_of_mul_eq_mul_right hf₀ this
      convert hz


",,True,51,"theorem imo2019_p1 (f : ℤ → ℤ) :
    (∀ a b, f (2 * a) + 2 * (f b) = f (f (a + b))) ↔ f ∈ solution_set := by
  -- Find that g(x) = f(x) - f(0) is linear and then deduce the rest.

  constructor; swap
  · intro hf a b
    cases' hf with hf1 hf2
    · simp [hf1]
    · obtain ⟨c, hc⟩ := hf2
      simp [hc]; ring
  intro hf
  let g : ℤ → ℤ := fun z => f z - f 0
  have hg : ∀z, g z = f z - f 0 := fun z => by rfl
  have : ∀ x y, g (x + y) = g x + g y := by
    intro x y
    simp only [hg]
    have hx := hf 0 (x + y)
    have hxy := hf x y
    have hx0 := hf x 0
    have h0x := hf 0 x
    simp at hx hx0 h0x
    omega
  have : ∃ d, ∀ z, g z = d * z := additive_to_int_linear g this
  cases' this with d h
  have hz : ∀ z, f z = d * z + f 0 := by
    intro z
    rw [← h z, hg, sub_add_cancel]
  cases' em (d = 0) with hd hd
  · left
    have : f 0 = 0 := by
      have := hf 0 0
      simp at this
      rw [hz (f 0), hz 0, hd] at this
      simp at this
      exact this
    intro z
    convert hz z
    rw [hd, this, zero_mul, add_zero]
  · right
    use f 0
    cases' em (f 0 = 0) with hf₀ hf₀
    · have := hf 1 0
      simp at this
      rw [hz (f 1), hz 2, hz 1, hf₀] at this
      simp [hd] at this
      convert hz
    · have := hf 0 0
      simp at this
      rw [hz (f 0), add_comm, add_right_cancel_iff] at this
      rw [← ne_eq] at hf₀
      have := Int.eq_of_mul_eq_mul_right hf₀ this
      convert hz


",,True,10,Compfiles.Imo2019P1,Llama-8B,LENGTH,best_of_n,False,0,0,Imo2019P1.imo2019_p1,False
-1,False,51,"problem imo2019_p1 (f : ℤ → ℤ) :
    (∀ a b, f (2 * a) + 2 * (f b) = f (f (a + b))) ↔ f ∈ solution_set := by
  -- Find that g(x) = f(x) - f(0) is linear and then deduce the rest.

  constructor; swap
  · intro hf a b
    cases' hf with hf1 hf2
    · simp [hf1]
    · obtain ⟨c, hc⟩ := hf2
      simp [hc]; ring
  intro hf
  let g : ℤ → ℤ := fun z => f z - f 0
  have hg : ∀z, g z = f z - f 0 := fun z => by rfl
  have : ∀ x y, g (x + y) = g x + g y := by
    intro x y
    simp only [hg]
    have hx := hf 0 (x + y)
    have hxy := hf x y
    have hx0 := hf x 0
    have h0x := hf 0 x
    simp at hx hx0 h0x
    omega
  have : ∃ d, ∀ z, g z = d * z := additive_to_int_linear g this
  cases' this with d h
  have hz : ∀ z, f z = d * z + f 0 := by
    intro z
    rw [← h z, hg, sub_add_cancel]
  cases' em (d = 0) with hd hd
  · left
    have : f 0 = 0 := by
      have := hf 0 0
      simp at this
      rw [hz (f 0), hz 0, hd] at this
      simp at this
      exact this
    intro z
    convert hz z
    rw [hd, this, zero_mul, add_zero]
  · right
    use f 0
    cases' em (f 0 = 0) with hf₀ hf₀
    · have := hf 1 0
      simp at this
      rw [hz (f 1), hz 2, hz 1, hf₀] at this
      simp [hd] at this
      convert hz
    · have := hf 0 0
      simp at this
      rw [hz (f 0), add_comm, add_right_cancel_iff] at this
      rw [← ne_eq] at hf₀
      have := Int.eq_of_mul_eq_mul_right hf₀ this
      convert hz


",,True,-1,"theorem imo2019_p1 (f : ℤ → ℤ) :
    (∀ a b, f (2 * a) + 2 * (f b) = f (f (a + b))) ↔ f ∈ solution_set := by
  -- Find that g(x) = f(x) - f(0) is linear and then deduce the rest.

  constructor; swap
  · intro hf a b
    cases' hf with hf1 hf2
    · simp [hf1]
    · obtain ⟨c, hc⟩ := hf2
      simp [hc]; omega
  intro hf
  let g : ℤ → ℤ := fun z => f z - f 0
  have hg : ∀z, g z = f z - f 0 := fun z => by rfl
  have : ∀ x y, g (x + y) = g x + g y := by
    intro x y
    simp only [hg]
    have hx := hf 0 (x + y)
    have hxy := hf x y
    have hx0 := hf x 0
    have h0x := hf 0 x
    simp at hx hx0 h0x
    omega
  have : ∃ d, ∀ z, g z = d * z := additive_to_int_linear g this
  cases' this with d h
  have hz : ∀ z, f z = d * z + f 0 := by
    intro z
    rw [← h z, hg, sub_add_cancel]
  cases' em (d = 0) with hd hd
  · left
    have : f 0 = 0 := by
      have := hf 0 0
      simp only [Int.sub_cancel_left, this, ← add_cancel ((f 0) * 2)]
      exact this
    intro z
    convert hz z
    rw [hd, this, zero_mul, add_zero]
  · right
    use f 0
    cases' em (f 0 = 0) with hf₀ hf₀
    · have := hf 1 0
      simp only [this,constant_square,Int.sub_cancel_left]
      rw [hz (f 1), add_comm, add_right_cancel_iff] at this
      rw [← ne_eq] at hf₀
      have := Int.eq_of_mul_eq_mul_right hf₀ this
      convert hz
    · have := hf 0 0
      simp only [this, Int.sub_cancel_left, add_comm, add_right_cancel_iff]
      rw [hz (f 0), add_comm, add_right_cancel_iff] at this
      convert this


","💥️unknown constant 'Int.sub_cancel_left'

💥️unknown identifier 'add_cancel'

💥️simp made no progress

💥️unknown identifier 'constant_square'

💥️unknown constant 'Int.sub_cancel_left'

💥️simp made no progress

💥️unknown constant 'Int.sub_cancel_left'

💥️tactic 'rewrite' failed, did not find instance of the pattern in the target expression
  f (f 0)
case h.inr
f : ℤ → ℤ
hf : ∀ (a b : ℤ), f (2 * a) + 2 * f b = f (f (a + b))
g : ℤ → ℤ := fun z => f z - f 0
hg : ∀ (z : ℤ), g z = f z - f 0
this✝ : ∀ (x y : ℤ), g (x + y) = g x + g y
d : ℤ
h : ∀ (z : ℤ), g z = d * z
hz : ∀ (z : ℤ), f z = d * z + f 0
hd : ¬d = 0
hf₀ : ¬f 0 = 0
this : f (2 * 0) + 2 * f 0 = f (f (0 + 0))
⊢ ∀ (z : ℤ), f z = f 0 + 2 * z",False,10,Compfiles.Imo2019P1,Llama-8B,LENGTH,best_of_n,False,0,-1,Imo2019P1.imo2019_p1,False
-1,False,51,"problem imo2019_p1 (f : ℤ → ℤ) :
    (∀ a b, f (2 * a) + 2 * (f b) = f (f (a + b))) ↔ f ∈ solution_set := by
  -- Find that g(x) = f(x) - f(0) is linear and then deduce the rest.

  constructor; swap
  · intro hf a b
    cases' hf with hf1 hf2
    · simp [hf1]
    · obtain ⟨c, hc⟩ := hf2
      simp [hc]; ring
  intro hf
  let g : ℤ → ℤ := fun z => f z - f 0
  have hg : ∀z, g z = f z - f 0 := fun z => by rfl
  have : ∀ x y, g (x + y) = g x + g y := by
    intro x y
    simp only [hg]
    have hx := hf 0 (x + y)
    have hxy := hf x y
    have hx0 := hf x 0
    have h0x := hf 0 x
    simp at hx hx0 h0x
    omega
  have : ∃ d, ∀ z, g z = d * z := additive_to_int_linear g this
  cases' this with d h
  have hz : ∀ z, f z = d * z + f 0 := by
    intro z
    rw [← h z, hg, sub_add_cancel]
  cases' em (d = 0) with hd hd
  · left
    have : f 0 = 0 := by
      have := hf 0 0
      simp at this
      rw [hz (f 0), hz 0, hd] at this
      simp at this
      exact this
    intro z
    convert hz z
    rw [hd, this, zero_mul, add_zero]
  · right
    use f 0
    cases' em (f 0 = 0) with hf₀ hf₀
    · have := hf 1 0
      simp at this
      rw [hz (f 1), hz 2, hz 1, hf₀] at this
      simp [hd] at this
      convert hz
    · have := hf 0 0
      simp at this
      rw [hz (f 0), add_comm, add_right_cancel_iff] at this
      rw [← ne_eq] at hf₀
      have := Int.eq_of_mul_eq_mul_right hf₀ this
      convert hz


",,True,-1,"./deprecated imo2019_p1 (since := ""2024-10-22"") -- 2024
theorem imo2019_p1 (f : ℤ → ℤ) :
    (∀ a b, f (2 * a) + 2 * (f b) = f (f (a + b))) ↔ f ∈ solution_set := by
  -- Find that g(x) = f(x) - f(0) is linear and then deduce the rest.

  constructor; swap
  · intro hf a b
    cases' hf with hf1 hf2
    · simp [hf1]
    · obtain ⟨c, hc⟩ := hf2
      simp [hc]; ring
  intro hf
  have g : ℤ → ℤ := fun z => f z - f 0
  have hg : ∀z, g z = f z - f 0 := fun z => by rfl
  have : ∀ x y, g (x + y) = g x + g y := by
    intro x y
    simp only [hg]
    have hx := hf 0 (x + y)
    have hxy := hf x y
    have hx0 := hf x 0
    have h0x := hf 0 x
    dsimp at hx hx0 h0x
    omega
  have : ∃ d, ∀ z, g z = d * z := additive_to_int_linear g this
  cases' this with d h
  have hz : ∀ z, f z = d * z + f 0 := by
    intro z
    rw [← h z, hg, sub_add_cancel]
  cases' em (d = 0) with hd hd
  · left
    have : f 0 = 0 := by
      have := hf 0 0
      dsimp at this
      omega
    intro z
    convert hz z
    rw [hd, this, zero_mul, add_zero]
  · right
    use f 0
    cases' em (f 0 = 0) with hf₀ hf₀
    · have := hf 1 0
      dsimp at this
      rw [hz (f 1), hz 2, hz 1, hf₀] at this
      simpa [add_comm] using this
    · have := hf 0 0
      dsimp at this
      rw [hz (f 0), add_comm, add_right_cancel_iff] at this
      rw [← ne_eq] at hf₀
      have := Int.eq_of_mul_eq_mul_right hf₀ this
      convert hz


","💥️unexpected token '.'; expected command

💥️tactic 'rfl' failed, the left-hand side
  g z
is not definitionally equal to the right-hand side
  f z - f 0
f : ℤ → ℤ
hf : ∀ (a b : ℤ), f (2 * a) + 2 * f b = f (f (a + b))
g : ℤ → ℤ
z : ℤ
⊢ g z = f z - f 0

💥️omega could not prove the goal:
a possible counterexample may satisfy the constraints
  a - b - 3*c + d ≤ -1
where
 a := f (x + y)
 b := f y
 c := f x
 d := f (f (0 + x))

💥️omega could not prove the goal:
a possible counterexample may satisfy the constraints
  a ≤ -1
where
 a := f 0

💥️type mismatch, term
  this
after simplification has type
  2 = d ∨ d = 0 : Prop
but is expected to have type
  ∀ (z : ℤ), f z = f 0 + 2 * z : Prop",False,10,Compfiles.Imo2019P1,Llama-8B,LENGTH,best_of_n,False,0,-1,Imo2019P1.imo2019_p1,False
-1,False,51,"problem imo2019_p1 (f : ℤ → ℤ) :
    (∀ a b, f (2 * a) + 2 * (f b) = f (f (a + b))) ↔ f ∈ solution_set := by
  -- Find that g(x) = f(x) - f(0) is linear and then deduce the rest.

  constructor; swap
  · intro hf a b
    cases' hf with hf1 hf2
    · simp [hf1]
    · obtain ⟨c, hc⟩ := hf2
      simp [hc]; ring
  intro hf
  let g : ℤ → ℤ := fun z => f z - f 0
  have hg : ∀z, g z = f z - f 0 := fun z => by rfl
  have : ∀ x y, g (x + y) = g x + g y := by
    intro x y
    simp only [hg]
    have hx := hf 0 (x + y)
    have hxy := hf x y
    have hx0 := hf x 0
    have h0x := hf 0 x
    simp at hx hx0 h0x
    omega
  have : ∃ d, ∀ z, g z = d * z := additive_to_int_linear g this
  cases' this with d h
  have hz : ∀ z, f z = d * z + f 0 := by
    intro z
    rw [← h z, hg, sub_add_cancel]
  cases' em (d = 0) with hd hd
  · left
    have : f 0 = 0 := by
      have := hf 0 0
      simp at this
      rw [hz (f 0), hz 0, hd] at this
      simp at this
      exact this
    intro z
    convert hz z
    rw [hd, this, zero_mul, add_zero]
  · right
    use f 0
    cases' em (f 0 = 0) with hf₀ hf₀
    · have := hf 1 0
      simp at this
      rw [hz (f 1), hz 2, hz 1, hf₀] at this
      simp [hd] at this
      convert hz
    · have := hf 0 0
      simp at this
      rw [hz (f 0), add_comm, add_right_cancel_iff] at this
      rw [← ne_eq] at hf₀
      have := Int.eq_of_mul_eq_mul_right hf₀ this
      convert hz


",,True,51,"theorem imo2019_p1 (f : ℤ → ℤ) :
    (∀ a b, f (2 * a) + 2 * (f b) = f (f (a + b))) ↔ f ∈ solution_set := by
  -- Find that g(x) = f(x) - f(0) is linear and then deduce the rest.

  constructor; swap
  · intro hf a b
    cases' hf with hf1 hf2
    · simp [hf1]
    · obtain ⟨c, hc⟩ := hf2
      simp [hc]; ring
  intro hf
  let g : ℤ → ℤ := fun z => f z - f 0
  have hg : ∀ z, g z = f z - f 0 := fun z => by rfl
  have : ∀ x y, g (x + y) = g x + g y := by
    intro x y
    simp only [hg]
    have hx := hf 0 (x + y)
    have hxy := hf x y
    have hx0 := hf x 0
    have h0x := hf 0 x
    simp at hx hx0 h0x
    omega
  have : ∃ d, ∀ z, g z = d * z := additive_to_int_linear g this
  cases' this with d h
  have hz : ∀ z, f z = d * z + f 0 := by
    intro z
    rw [← h z, hg, sub_add_cancel]
  cases' em (d = 0) with hd hd
  · left
    have : f 0 = 0 := by
      have := hf 0 0
      simp at this
      rw [hz (f 0), hz 0, hd] at this
      simp at this
      exact this
    intro z
    convert hz z
    rw [hd, this, zero_mul, add_zero]
  · right
    use f 0
    cases' em (f 0 = 0) with hf₀ hf₀
    · have := hf 1 0
      simp at this
      rw [hz (f 1), hz 2, hz 1, hf₀] at this
      simp [hd] at this
      convert hz
    · have := hf 0 0
      simp at this
      rw [hz (f 0), add_comm, add_right_cancel_iff] at this
      rw [← ne_eq] at hf₀
      have := Int.eq_of_mul_eq_mul_right hf₀ this
      convert hz


",,True,10,Compfiles.Imo2019P1,Llama-8B,LENGTH,best_of_n,False,0,0,Imo2019P1.imo2019_p1,False
-1,False,51,"problem imo2019_p1 (f : ℤ → ℤ) :
    (∀ a b, f (2 * a) + 2 * (f b) = f (f (a + b))) ↔ f ∈ solution_set := by
  -- Find that g(x) = f(x) - f(0) is linear and then deduce the rest.

  constructor; swap
  · intro hf a b
    cases' hf with hf1 hf2
    · simp [hf1]
    · obtain ⟨c, hc⟩ := hf2
      simp [hc]; ring
  intro hf
  let g : ℤ → ℤ := fun z => f z - f 0
  have hg : ∀z, g z = f z - f 0 := fun z => by rfl
  have : ∀ x y, g (x + y) = g x + g y := by
    intro x y
    simp only [hg]
    have hx := hf 0 (x + y)
    have hxy := hf x y
    have hx0 := hf x 0
    have h0x := hf 0 x
    simp at hx hx0 h0x
    omega
  have : ∃ d, ∀ z, g z = d * z := additive_to_int_linear g this
  cases' this with d h
  have hz : ∀ z, f z = d * z + f 0 := by
    intro z
    rw [← h z, hg, sub_add_cancel]
  cases' em (d = 0) with hd hd
  · left
    have : f 0 = 0 := by
      have := hf 0 0
      simp at this
      rw [hz (f 0), hz 0, hd] at this
      simp at this
      exact this
    intro z
    convert hz z
    rw [hd, this, zero_mul, add_zero]
  · right
    use f 0
    cases' em (f 0 = 0) with hf₀ hf₀
    · have := hf 1 0
      simp at this
      rw [hz (f 1), hz 2, hz 1, hf₀] at this
      simp [hd] at this
      convert hz
    · have := hf 0 0
      simp at this
      rw [hz (f 0), add_comm, add_right_cancel_iff] at this
      rw [← ne_eq] at hf₀
      have := Int.eq_of_mul_eq_mul_right hf₀ this
      convert hz


",,True,-1,"theorem imo2019_p1 (f : ℤ → ℤ) :
    (∀ a b, f (2 * a) + 2 * (f b) = f (f (a + b))) ↔ f ∈ solution_set := by
  -- Find that g(x) = f(x) - f(0) is linear and then deduce the rest.

  constructor; swap
  · intro hf a b
    cases' hf with hf1 hf2
    · simp [hf1]
    · obtain ⟨c, hc⟩ := hf2
      simp [hc]; ring
  intro hf
  let g : ℤ → ℤ := fun z => f z - f 0
  have hg : ∀z, g z = f z - f 0 := fun z => by rfl
  have : ∀ x y, g (x + y) = g x + g y := by
    intro x y
    simp only [hg]
    have hx := hf 0 (x + y)
    have hxy := hf x y
    have hx0 := hf x 0
    have h0x := hf 0 x
    simp at hx hx0 h0x
    omega
  have : ∃ d, ∀ z, g z = d * z := additive_to_int_linear g this
  cases' this with d h
  have hz : ∀ z, f z = d * z + f 0 := by
    intro z
    rw [← h z, hg, sub_add_cancel]
  cases' em (d = 0) with hd hd
  · left
    have : f 0 = 0 := by
      have := hf 0 0
      simp only [Int.eq_iff_mul_eq_mul_right, zero_mul, and_self] at this
      rw [hz (f 0), hz 0, hd] at this
      simp at this
      exact this
    intro z
    convert hz z
    rw [hd, this, zero_mul, add_zero]
  · right
    use f 0
    cases' em (f 0 = 0) with hf₀ hf₀
    · have := hf 1 0
      simp only [Int.eq_iff_mul_eq_mul_right, one_mul, and_and_left] at this
      rw [hz (f 1), hz 2, hz 1, hf₀] at this
      simp [hd] at this
      convert hz
    · have := hf 0 0
      simp only [Int.eq_iff_mul_eq_mul_right, zero_mul, add_comm, add_right_cancel_iff] at this
      rw [← ne_eq] at hf₀
      have := Int.eq_of_mul_eq_mul_right hf₀ this
      convert hz


","💥️unknown constant 'Int.eq_iff_mul_eq_mul_right'

💥️tactic 'rewrite' failed, did not find instance of the pattern in the target expression
  f (f 0)
f : ℤ → ℤ
hf : ∀ (a b : ℤ), f (2 * a) + 2 * f b = f (f (a + b))
g : ℤ → ℤ := fun z => f z - f 0
hg : ∀ (z : ℤ), g z = f z - f 0
this✝ : ∀ (x y : ℤ), g (x + y) = g x + g y
d : ℤ
h : ∀ (z : ℤ), g z = d * z
hz : ∀ (z : ℤ), f z = d * z + f 0
hd : d = 0
this : f (2 * 0) + 2 * f 0 = f (f (0 + 0))
⊢ f 0 = 0

💥️unknown constant 'Int.eq_iff_mul_eq_mul_right'

💥️tactic 'rewrite' failed, did not find instance of the pattern in the target expression
  f (f 1)
case h.inl
f : ℤ → ℤ
hf : ∀ (a b : ℤ), f (2 * a) + 2 * f b = f (f (a + b))
g : ℤ → ℤ := fun z => f z - f 0
hg : ∀ (z : ℤ), g z = f z - f 0
this✝ : ∀ (x y : ℤ), g (x + y) = g x + g y
d : ℤ
h : ∀ (z : ℤ), g z = d * z
hz : ∀ (z : ℤ), f z = d * z + f 0
hd : ¬d = 0
hf₀ : f 0 = 0
this : f (2 * 1) + 2 * f 0 = f (f (1 + 0))
⊢ ∀ (z : ℤ), f z = 2 * z + f 0

💥️unknown constant 'Int.eq_iff_mul_eq_mul_right'

💥️application type mismatch
  Int.eq_of_mul_eq_mul_right hf₀ this
argument
  this
has type
  f (2 * 0) + 2 * f 0 = f (f (0 + 0)) : Prop
but is expected to have type
  ?m.10498 * f 0 = ?m.10499 * f 0 : Prop",False,10,Compfiles.Imo2019P1,Llama-8B,LENGTH,best_of_n,False,0,-1,Imo2019P1.imo2019_p1,False
-1,False,51,"problem imo2019_p1 (f : ℤ → ℤ) :
    (∀ a b, f (2 * a) + 2 * (f b) = f (f (a + b))) ↔ f ∈ solution_set := by
  -- Find that g(x) = f(x) - f(0) is linear and then deduce the rest.

  constructor; swap
  · intro hf a b
    cases' hf with hf1 hf2
    · simp [hf1]
    · obtain ⟨c, hc⟩ := hf2
      simp [hc]; ring
  intro hf
  let g : ℤ → ℤ := fun z => f z - f 0
  have hg : ∀z, g z = f z - f 0 := fun z => by rfl
  have : ∀ x y, g (x + y) = g x + g y := by
    intro x y
    simp only [hg]
    have hx := hf 0 (x + y)
    have hxy := hf x y
    have hx0 := hf x 0
    have h0x := hf 0 x
    simp at hx hx0 h0x
    omega
  have : ∃ d, ∀ z, g z = d * z := additive_to_int_linear g this
  cases' this with d h
  have hz : ∀ z, f z = d * z + f 0 := by
    intro z
    rw [← h z, hg, sub_add_cancel]
  cases' em (d = 0) with hd hd
  · left
    have : f 0 = 0 := by
      have := hf 0 0
      simp at this
      rw [hz (f 0), hz 0, hd] at this
      simp at this
      exact this
    intro z
    convert hz z
    rw [hd, this, zero_mul, add_zero]
  · right
    use f 0
    cases' em (f 0 = 0) with hf₀ hf₀
    · have := hf 1 0
      simp at this
      rw [hz (f 1), hz 2, hz 1, hf₀] at this
      simp [hd] at this
      convert hz
    · have := hf 0 0
      simp at this
      rw [hz (f 0), add_comm, add_right_cancel_iff] at this
      rw [← ne_eq] at hf₀
      have := Int.eq_of_mul_eq_mul_right hf₀ this
      convert hz


",,True,-1,"#align LinearAlgebra.additive_to_int_linear LinearAlgebra.additive_to_int_linear

theorem imo2019_p1 (f : ℤ → ℤ) :
    (∀ a b, f (2 * a) + 2 * (f b) = f (f (a + b))) ↔ f ∈ solution_set := by
  -- Find that g(x) = f(x) - f(0) is linear and then deduce the rest.

  constructor; swap
  · intro hf a b
    cases' hf with hf1 hf2
    · simp [hf1]
    · obtain ⟨c, hc⟩ := hf2
      simp [hc]; ring
  intro hf
  let g : ℤ → ℤ := fun z => f z - f 0
  have hg : ∀z, g z = f z - f 0 := fun z => by rfl
  have : ∀ x y, g (x + y) = g x + g y := by
    intro x y
    simp only [hg]
    have hx := hf 0 (x + y)
    have hxy := hf x y
    have hx0 := hf x 0
    have h0x := hf 0 x
    simp at hx hx0 h0x
    omega
  have : ∃ d, ∀ z, g z = d * z := additive_to_int_linear g this
  cases' this with d h
  have hz : ∀ z, f z = d * z + f 0 := fun z ↦ by
    rw [← h z, hg, sub_add_cancel]
  cases' em (d = 0) with hd hd
  · left
    have : f 0 = 0 := by
      have := hf 0 0
      simp only [this, f 0, Int.eq_of_mul_eq_mul_right, add_zero, hd, zero_mul]
    intro z
    convert hz z
    rw [hd, this, zero_mul, add_zero]
  · right
    use f 0
    cases' em (f 0 = 0) with hf₀ hf₀
    · have := hf 1 0
      simp only [this, f 1, hz (f 1), hd (Int.eq_of_mul_eq_mul_right hf₀)]
    · have := hf 0 0
      simp only [this, f 0, hz (f 0), (Int.eq_of_mul_eq_mul_right hf₀).2 h]
","💥️unexpected token '#'; expected command

💥️invalid 'simp', proposition expected
  ℤ

💥️simp made no progress

💥️invalid 'simp', proposition expected
  ℤ

💥️application type mismatch
  Int.eq_of_mul_eq_mul_right hf₀
argument
  hf₀
has type
  f 0 = 0 : Prop
but is expected to have type
  ?m.10278 ≠ 0 : Prop

💥️simp made no progress

💥️invalid 'simp', proposition expected
  ℤ

💥️invalid field notation, type is not of the form (C ...) where C is a constant
  Int.eq_of_mul_eq_mul_right hf₀
has type
  ?m.10914 * f 0 = ?m.10915 * f 0 → ?m.10914 = ?m.10915

💥️simp made no progress",False,10,Compfiles.Imo2019P1,Llama-8B,LENGTH,best_of_n,False,0,-1,Imo2019P1.imo2019_p1,False
-1,False,51,"problem imo2019_p1 (f : ℤ → ℤ) :
    (∀ a b, f (2 * a) + 2 * (f b) = f (f (a + b))) ↔ f ∈ solution_set := by
  -- Find that g(x) = f(x) - f(0) is linear and then deduce the rest.

  constructor; swap
  · intro hf a b
    cases' hf with hf1 hf2
    · simp [hf1]
    · obtain ⟨c, hc⟩ := hf2
      simp [hc]; ring
  intro hf
  let g : ℤ → ℤ := fun z => f z - f 0
  have hg : ∀z, g z = f z - f 0 := fun z => by rfl
  have : ∀ x y, g (x + y) = g x + g y := by
    intro x y
    simp only [hg]
    have hx := hf 0 (x + y)
    have hxy := hf x y
    have hx0 := hf x 0
    have h0x := hf 0 x
    simp at hx hx0 h0x
    omega
  have : ∃ d, ∀ z, g z = d * z := additive_to_int_linear g this
  cases' this with d h
  have hz : ∀ z, f z = d * z + f 0 := by
    intro z
    rw [← h z, hg, sub_add_cancel]
  cases' em (d = 0) with hd hd
  · left
    have : f 0 = 0 := by
      have := hf 0 0
      simp at this
      rw [hz (f 0), hz 0, hd] at this
      simp at this
      exact this
    intro z
    convert hz z
    rw [hd, this, zero_mul, add_zero]
  · right
    use f 0
    cases' em (f 0 = 0) with hf₀ hf₀
    · have := hf 1 0
      simp at this
      rw [hz (f 1), hz 2, hz 1, hf₀] at this
      simp [hd] at this
      convert hz
    · have := hf 0 0
      simp at this
      rw [hz (f 0), add_comm, add_right_cancel_iff] at this
      rw [← ne_eq] at hf₀
      have := Int.eq_of_mul_eq_mul_right hf₀ this
      convert hz


",,True,51,"theorem imo2019_p1 (f : ℤ → ℤ) :
    (∀ a b, f (2 * a) + 2 * (f b) = f (f (a + b))) ↔ f ∈ solution_set := by
  -- Find that g(x) = f(x) - f(0) is linear and then deduce the rest.

  constructor; swap
  · intro hf a b
    cases' hf with hf1 hf2
    · simp [hf1]
    · obtain ⟨c, hc⟩ := hf2
      simp [hc]; ring
  intro hf
  let g : ℤ → ℤ := fun z => f z - f 0
  have hg : ∀z, g z = f z - f 0 := fun z => by rfl
  have : ∀ x y, g (x + y) = g x + g y := by
    intro x y
    simp only [hg]
    have hx := hf 0 (x + y)
    have hxy := hf x y
    have hx0 := hf x 0
    have h0x := hf 0 x
    simp at hx hx0 h0x
    omega
  have : ∃ d, ∀ z, g z = d * z := additive_to_int_linear g this
  cases' this with d h
  have hz : ∀ z, f z = d * z + f 0 := by
    intro z
    rw [← h z, hg, sub_add_cancel]
  cases' em (d = 0) with hd hd
  · left
    have : f 0 = 0 := by
      have := hf 0 0
      simp at this
      rw [hz (f 0), hz 0, hd] at this
      simp at this
      exact this
    intro z
    convert hz z
    rw [hd, this, zero_mul, add_zero]
  · right
    use f 0
    cases' em (f 0 = 0) with hf₀ hf₀
    · have := hf 1 0
      simp at this
      rw [hz (f 1), hz 2, hz 1, hf₀] at this
      simp [hd] at this
      convert hz
    · have := hf 0 0
      simp at this
      rw [hz (f 0), add_comm, add_right_cancel_iff] at this
      rw [← ne_eq] at hf₀
      have := Int.eq_of_mul_eq_mul_right hf₀ this
      convert hz


",,True,10,Compfiles.Imo2019P1,Llama-8B,LENGTH,best_of_n,False,0,0,Imo2019P1.imo2019_p1,False
-1,False,51,"problem imo2019_p1 (f : ℤ → ℤ) :
    (∀ a b, f (2 * a) + 2 * (f b) = f (f (a + b))) ↔ f ∈ solution_set := by
  -- Find that g(x) = f(x) - f(0) is linear and then deduce the rest.

  constructor; swap
  · intro hf a b
    cases' hf with hf1 hf2
    · simp [hf1]
    · obtain ⟨c, hc⟩ := hf2
      simp [hc]; ring
  intro hf
  let g : ℤ → ℤ := fun z => f z - f 0
  have hg : ∀z, g z = f z - f 0 := fun z => by rfl
  have : ∀ x y, g (x + y) = g x + g y := by
    intro x y
    simp only [hg]
    have hx := hf 0 (x + y)
    have hxy := hf x y
    have hx0 := hf x 0
    have h0x := hf 0 x
    simp at hx hx0 h0x
    omega
  have : ∃ d, ∀ z, g z = d * z := additive_to_int_linear g this
  cases' this with d h
  have hz : ∀ z, f z = d * z + f 0 := by
    intro z
    rw [← h z, hg, sub_add_cancel]
  cases' em (d = 0) with hd hd
  · left
    have : f 0 = 0 := by
      have := hf 0 0
      simp at this
      rw [hz (f 0), hz 0, hd] at this
      simp at this
      exact this
    intro z
    convert hz z
    rw [hd, this, zero_mul, add_zero]
  · right
    use f 0
    cases' em (f 0 = 0) with hf₀ hf₀
    · have := hf 1 0
      simp at this
      rw [hz (f 1), hz 2, hz 1, hf₀] at this
      simp [hd] at this
      convert hz
    · have := hf 0 0
      simp at this
      rw [hz (f 0), add_comm, add_right_cancel_iff] at this
      rw [← ne_eq] at hf₀
      have := Int.eq_of_mul_eq_mul_right hf₀ this
      convert hz


",,True,-1,"theorem imo2019_p1 (f : ℤ → ℤ) :
    (∀ a b, f (2 * a) + 2 * (f b) = f (f (a + b))) ↔ f ∈ solution_set := by
  -- Find that g(x) = f(x) - f(0) is linear and then deduce the rest.

  constructor; swap
  · intro hf a b
    cases' hf with hf1 hf2
    · simp [hf1]
    · obtain ⟨c, hc⟩ := hf2
      simp [hc]; ring
  intro hf
  let g : ℤ → ℤ := fun z => f z - f 0
  have hg : ∀z, g z = f z - f 0 := fun z => by rfl
  have : ∀ x y, g (x + y) = g x + g y := by
    intro x y
    simp only [hg]
    have hx := hf 0 (x + y)
    have hxy := hf x y
    have hx0 := hf x 0
    have h0x := hf 0 x
    simp at hx hx0 h0x
    omega
  have : ∃ d, ∀ z, g z = d * z := additive_to_int_linear g this
  cases' this with d h
  have hz : ∀ z, f z = d * z + f 0 := by
    intro z
    rw [← h z, hg, sub_add_cancel]
  cases' em (d = 0) with hd hd
  · left
    have : f 0 = 0 := by
      have := hf 0 0
      simpa using this
    intro z
    convert hz z
    rw [hd, this, zero_mul, add_zero]
  · right
    use f 0
    cases' em (f 0 = 0) with hf₀ hf₀
    · have := hf 1 0
      simpa using this
    · simpa [add_comm] using hf₀ + (d * z + f 0) * 2
","💥️type mismatch, term
  this
after simplification has type
  f 0 + 2 * f 0 = f (f 0) : Prop
but is expected to have type
  f 0 = 0 : Prop

💥️type mismatch, term
  this
after simplification has type
  f 2 + 2 * f 0 = f (f 1) : Prop
but is expected to have type
  ∀ (z : ℤ), f z = 2 * z + f 0 : Prop

💥️unknown identifier 'z'

💥️application type mismatch
  HAdd.hAdd hf₀
argument
  hf₀
has type
  ¬f 0 = 0 : Prop
but is expected to have type
  ℤ : Type",False,10,Compfiles.Imo2019P1,Llama-8B,LENGTH,best_of_n,False,0,-1,Imo2019P1.imo2019_p1,False
-1,False,46,"theorem upper_bound {k n : ℕ} (hk : k > 0)
    (h : (k ! : ℤ) = ∏ i ∈ Finset.range n, ((2:ℤ) ^ n - (2:ℤ) ^ i)) : n < 6 := by
  have h2 : ∑ i ∈ Finset.range n, i < k := by
    suffices emultiplicity 2 (k ! : ℤ) = ↑(∑ i ∈ Finset.range n, i : ℕ) by
      rw [← Nat.cast_lt (α := ℕ∞), ← this]; change emultiplicity ((2 : ℕ) : ℤ) _ < _
      simp_rw [Int.natCast_emultiplicity, Nat.emultiplicity_two_factorial_lt hk.lt.ne.symm]
    rw [h, Finset.emultiplicity_prod Int.prime_two, Nat.cast_sum]
    apply Finset.sum_congr rfl; intro i hi
    rw [emultiplicity_sub_of_gt, emultiplicity_pow_self_of_prime Int.prime_two]
    rwa [emultiplicity_pow_self_of_prime Int.prime_two,
      emultiplicity_pow_self_of_prime Int.prime_two, Nat.cast_lt, ← Finset.mem_range]
  rw [← not_le]; intro hn
  apply _root_.ne_of_gt _ h
  calc ∏ i ∈ Finset.range n, ((2:ℤ) ^ n - (2:ℤ) ^ i) ≤ ∏ __ ∈ Finset.range n, (2:ℤ) ^ n := ?_
    _ < ↑ k ! := ?_
  · gcongr
    · intro i hi
      simp only [Finset.mem_range] at hi
      have : (2:ℤ) ^ i ≤ (2:ℤ) ^ n := by gcongr; norm_num
      omega
    · apply sub_le_self
      positivity
  norm_cast
  calc ∏ __ ∈ Finset.range n, 2 ^ n = 2 ^ (n * n) := by rw [Finset.prod_const, Finset.card_range, ← pow_mul]
    _ < (∑ i ∈ Finset.range n, i)! := ?_
    _ ≤ k ! := by gcongr
  clear h h2
  induction' n, hn using Nat.le_induction with n' hn' IH
  · decide
  let A := ∑ i ∈ Finset.range n', i
  have le_sum : ∑ i ∈ Finset.range 6, i ≤ A := by
    apply Finset.sum_le_sum_of_subset
    simpa using hn'
  calc 2 ^ ((n' + 1) * (n' + 1))
      ≤ 2 ^ (n' * n' + 4 * n') := by gcongr <;> linarith
    _ = 2 ^ (n' * n') * (2 ^ 4) ^ n' := by rw [← pow_mul, ← pow_add]
    _ < A ! * (2 ^ 4) ^ n' := by gcongr
    _ = A ! * (15 + 1) ^ n' := rfl
    _ ≤ A ! * (A + 1) ^ n' := by gcongr; exact le_sum
    _ ≤ (A + n')! := Nat.factorial_mul_pow_le_factorial
    _ = (∑ i ∈ Finset.range (n' + 1), i)! := by rw [Finset.sum_range_succ]

",,True,-1,"theorem upper_bound {k n : ℕ} (hk : k > 0)
    (h : (k ! : ℤ) = ∏ i ∈ Finset.range n, ((2:ℤ) ^ n - (2:ℤ) ^ i)) : n < 6 := by
  have h2 : ∑ i ∈ Finset.range n, i < k := by
    suffices emultiplicity 2 (k ! : ℤ) = ↑(∑ i ∈ Finset.range n, i : ℕ) by
      rw [← Nat.cast_lt (α := ℕ∞), ← this]; change emultiplicity ((2 : ℕ) : ℤ) _ < _
      simp_rw [Int.natCast_emultiplicity, Nat.emultiplicity_two_factorial_lt hk.lt.ne.symm]
    rw [h, Finset.emultiplicity_prod Int.prime_two, Nat.cast_sum]
    apply Finset.sum_congr rfl; intro i hi
    rw [emultiplicity_sub_of_gt, emultiplicity_pow_self_of_prime Int.prime_two]
    rwa [emultiplicity_pow_self_of_prime Int.prime_two,
      emultiplicity_pow_self_of_prime Int.prime_two, Nat.cast_lt, ← Finset.mem_range]
  rw [← not_le]; intro hn
  apply _root_.ne_of_gt _ h
  calc ∏ i ∈ Finset.range n, ((2:ℤ) ^ n - (2:ℤ) ^ i) ≤ ∏ __ ∈ Finset.range n, (2:ℤ) ^ n := ?_
    _ < ↑ k ! := ?_
  · gcongr
    · intro i hi
      simp only [Finset.mem_range] at hi
      omega
    · apply sub_le_self
      positivity
  norm_cast
  calc ∏ __ ∈ Finset.range n, 2 ^ n = 2 ^ (n * n) := by rw [Finset.prod_const, Finset.card_range, ← pow_mul]
    _ < (∑ i ∈ Finset.range n, i)! := ?_
    _ ≤ k ! := by gcongr
  clear h h2
  induction' n, hn using Nat.le_induction with n' hn' IH
  · decide
  let A := ∑ i ∈ Finset.range n', i
  have le_sum : ∑ i ∈ Finset.range 6, i ≤ A := by
    apply Finset.sum_le_sum_of_subset
    simpa using hn'
  calc 2 ^ ((n' + 1) * (n' + 1))
      ≤ 2 ^ (n' * n' + 4 * n') := by gcongr <;> linarith
    _ = 2 ^ (n' * n') * (2 ^ 4) ^ n' := by rw [← pow_mul, ← pow_add]
    _ < A ! * (2 ^ 4) ^ n' := by gcongr
    _ = A ! * (15 + 1) ^ n' := rfl
    _ ≤ A ! * (A + 1) ^ n' := by gcongr; exact le_sum
    _ ≤ (A + n')! := Nat.factorial_mul_pow_le_factorial
    _ = (∑ i ∈ Finset.range (n' + 1), i)! := by rw [Finset.sum_range_succ]","💥️omega could not prove the goal:
a possible counterexample may satisfy the constraints
  f - g ≤ -1
  e ≥ 0
  d ≥ 6
  d - e ≥ 1
  c ≥ 0
  b ≥ 0
  a ≥ 1
  a - c ≥ 1
where
 a := ↑k
 b := ∏ i ∈ Finset.range n, (2 ^ n - 2 ^ i)
 c := ↑(∑ i ∈ Finset.range n, i)
 d := ↑n
 e := ↑i
 f := 2 ^ n
 g := 2 ^ i",False,10,Compfiles.Imo2019P4,Llama-8B,LENGTH,best_of_n,False,0,-1,Imo2019P4.upper_bound,False
-1,False,46,"theorem upper_bound {k n : ℕ} (hk : k > 0)
    (h : (k ! : ℤ) = ∏ i ∈ Finset.range n, ((2:ℤ) ^ n - (2:ℤ) ^ i)) : n < 6 := by
  have h2 : ∑ i ∈ Finset.range n, i < k := by
    suffices emultiplicity 2 (k ! : ℤ) = ↑(∑ i ∈ Finset.range n, i : ℕ) by
      rw [← Nat.cast_lt (α := ℕ∞), ← this]; change emultiplicity ((2 : ℕ) : ℤ) _ < _
      simp_rw [Int.natCast_emultiplicity, Nat.emultiplicity_two_factorial_lt hk.lt.ne.symm]
    rw [h, Finset.emultiplicity_prod Int.prime_two, Nat.cast_sum]
    apply Finset.sum_congr rfl; intro i hi
    rw [emultiplicity_sub_of_gt, emultiplicity_pow_self_of_prime Int.prime_two]
    rwa [emultiplicity_pow_self_of_prime Int.prime_two,
      emultiplicity_pow_self_of_prime Int.prime_two, Nat.cast_lt, ← Finset.mem_range]
  rw [← not_le]; intro hn
  apply _root_.ne_of_gt _ h
  calc ∏ i ∈ Finset.range n, ((2:ℤ) ^ n - (2:ℤ) ^ i) ≤ ∏ __ ∈ Finset.range n, (2:ℤ) ^ n := ?_
    _ < ↑ k ! := ?_
  · gcongr
    · intro i hi
      simp only [Finset.mem_range] at hi
      have : (2:ℤ) ^ i ≤ (2:ℤ) ^ n := by gcongr; norm_num
      omega
    · apply sub_le_self
      positivity
  norm_cast
  calc ∏ __ ∈ Finset.range n, 2 ^ n = 2 ^ (n * n) := by rw [Finset.prod_const, Finset.card_range, ← pow_mul]
    _ < (∑ i ∈ Finset.range n, i)! := ?_
    _ ≤ k ! := by gcongr
  clear h h2
  induction' n, hn using Nat.le_induction with n' hn' IH
  · decide
  let A := ∑ i ∈ Finset.range n', i
  have le_sum : ∑ i ∈ Finset.range 6, i ≤ A := by
    apply Finset.sum_le_sum_of_subset
    simpa using hn'
  calc 2 ^ ((n' + 1) * (n' + 1))
      ≤ 2 ^ (n' * n' + 4 * n') := by gcongr <;> linarith
    _ = 2 ^ (n' * n') * (2 ^ 4) ^ n' := by rw [← pow_mul, ← pow_add]
    _ < A ! * (2 ^ 4) ^ n' := by gcongr
    _ = A ! * (15 + 1) ^ n' := rfl
    _ ≤ A ! * (A + 1) ^ n' := by gcongr; exact le_sum
    _ ≤ (A + n')! := Nat.factorial_mul_pow_le_factorial
    _ = (∑ i ∈ Finset.range (n' + 1), i)! := by rw [Finset.sum_range_succ]

",,True,-1,"theorem upper_bound {k n : ℕ} (hk : k > 0)
    (h : (k ! : ℤ) = ∏ i ∈ Finset.range n, ((2:ℤ) ^ n - (2:ℤ) ^ i)) : n < 6 := by
  have h2 : ∑ i ∈ Finset.range n, i < k := by
    suffices emultiplicity 2 (k ! : ℤ) = ↑(∑ i ∈ Finset.range n, i : ℕ) by
      rw [← Nat.cast_lt (α := ℕ∞), ← this]; change emultiplicity ((2 : ℕ) : ℤ) _ < _
      simp_rw [Int.natCast_emultiplicity, Nat.emultiplicity_two_factorial_lt hk.lt.ne.symm]
    rw [h, Finset.emultiplicity_prod Int.prime_two, Nat.cast_sum]
    apply Finset.sum_congr rfl; intro i hi
    rw [emultiplicity_sub_of_gt, emultiplicity_pow_self_of_prime Int.prime_two]
    rwa [emultiplicity_pow_self_of_prime Int.prime_two,
      emultiplicity_pow_self_of_prime Int.prime_two, Nat.cast_lt, ← Finset.mem_range]
  rw [← not_le]; intro hn
  apply _root_.ne_of_gt _ h
  calc ∏ i ∈ Finset.range n, ((2:ℤ) ^ n - (2:ℤ) ^ i) ≤ ∏ __ ∈ Finset.range n, (2:ℤ) ^ n := ?_
    _ < ↑ k ! := ?_
  · gcongr
    · intro i hi
      simp only [Finset.mem_range] at hi
      omega
    · apply sub_le_self
      positivity
  norm_cast
  calc ∏ __ ∈ Finset.range n, 2 ^ n = 2 ^ (n * n) := by rw [Finset.prod_const, Finset.card_range, ← pow_mul]
    _ < (∑ i ∈ Finset.range n, i)! := ?_
    _ ≤ k ! := by gcongr
  clear h h2
  induction n using Nat.le_induction with
  | zero => decide
  | succ n hn => let A := ∑ i ∈ Finset.range n', i
    have le_sum : ∑ i ∈ Finset.range 6, i ≤ A := by
      refine Finset.sum_le_sum_of_subset hn'
    calc 2 ^ ((n' + 1) * (n' + 1))
      ≤ 2 ^ (n' * n' + 4 * n') := by gcongr <;> linarith
    _ = 2 ^ (n' * n') * (2 ^ 4) ^ n' := by rw [← pow_mul, ← pow_add]
    _ < A ! * (2 ^ 4) ^ n' := by gcongr
    _ = A ! * (15 + 1) ^ n' := rfl
    _ ≤ A ! * (A + 1) ^ n' := by gcongr; exact le_sum
    _ ≤ (A + n')! := Nat.factorial_mul_pow_le_factorial
    _ = (∑ i ∈ Finset.range (n' + 1), i)! := by rw [Finset.sum_range_succ]
","💥️omega could not prove the goal:
a possible counterexample may satisfy the constraints
  f - g ≤ -1
  e ≥ 0
  d ≥ 6
  d - e ≥ 1
  c ≥ 0
  b ≥ 0
  a ≥ 1
  a - c ≥ 1
where
 a := ↑k
 b := ∏ i ∈ Finset.range n, (2 ^ n - 2 ^ i)
 c := ↑(∑ i ∈ Finset.range n, i)
 d := ↑n
 e := ↑i
 f := 2 ^ n
 g := 2 ^ i

💥️insufficient number of targets for '@Nat.le_induction'",False,10,Compfiles.Imo2019P4,Llama-8B,LENGTH,best_of_n,False,0,-1,Imo2019P4.upper_bound,False
-1,False,46,"theorem upper_bound {k n : ℕ} (hk : k > 0)
    (h : (k ! : ℤ) = ∏ i ∈ Finset.range n, ((2:ℤ) ^ n - (2:ℤ) ^ i)) : n < 6 := by
  have h2 : ∑ i ∈ Finset.range n, i < k := by
    suffices emultiplicity 2 (k ! : ℤ) = ↑(∑ i ∈ Finset.range n, i : ℕ) by
      rw [← Nat.cast_lt (α := ℕ∞), ← this]; change emultiplicity ((2 : ℕ) : ℤ) _ < _
      simp_rw [Int.natCast_emultiplicity, Nat.emultiplicity_two_factorial_lt hk.lt.ne.symm]
    rw [h, Finset.emultiplicity_prod Int.prime_two, Nat.cast_sum]
    apply Finset.sum_congr rfl; intro i hi
    rw [emultiplicity_sub_of_gt, emultiplicity_pow_self_of_prime Int.prime_two]
    rwa [emultiplicity_pow_self_of_prime Int.prime_two,
      emultiplicity_pow_self_of_prime Int.prime_two, Nat.cast_lt, ← Finset.mem_range]
  rw [← not_le]; intro hn
  apply _root_.ne_of_gt _ h
  calc ∏ i ∈ Finset.range n, ((2:ℤ) ^ n - (2:ℤ) ^ i) ≤ ∏ __ ∈ Finset.range n, (2:ℤ) ^ n := ?_
    _ < ↑ k ! := ?_
  · gcongr
    · intro i hi
      simp only [Finset.mem_range] at hi
      have : (2:ℤ) ^ i ≤ (2:ℤ) ^ n := by gcongr; norm_num
      omega
    · apply sub_le_self
      positivity
  norm_cast
  calc ∏ __ ∈ Finset.range n, 2 ^ n = 2 ^ (n * n) := by rw [Finset.prod_const, Finset.card_range, ← pow_mul]
    _ < (∑ i ∈ Finset.range n, i)! := ?_
    _ ≤ k ! := by gcongr
  clear h h2
  induction' n, hn using Nat.le_induction with n' hn' IH
  · decide
  let A := ∑ i ∈ Finset.range n', i
  have le_sum : ∑ i ∈ Finset.range 6, i ≤ A := by
    apply Finset.sum_le_sum_of_subset
    simpa using hn'
  calc 2 ^ ((n' + 1) * (n' + 1))
      ≤ 2 ^ (n' * n' + 4 * n') := by gcongr <;> linarith
    _ = 2 ^ (n' * n') * (2 ^ 4) ^ n' := by rw [← pow_mul, ← pow_add]
    _ < A ! * (2 ^ 4) ^ n' := by gcongr
    _ = A ! * (15 + 1) ^ n' := rfl
    _ ≤ A ! * (A + 1) ^ n' := by gcongr; exact le_sum
    _ ≤ (A + n')! := Nat.factorial_mul_pow_le_factorial
    _ = (∑ i ∈ Finset.range (n' + 1), i)! := by rw [Finset.sum_range_succ]

",,True,-1,"theorem upper_bound {k n : ℕ} (hk : k > 0)
    (h : (k ! : ℤ) = ∏ i ∈ Finset.range n, ((2:ℤ) ^ n - (2:ℤ) ^ i)) : n < 6 := by
  have h2 : ∑ i ∈ Finset.range n, i < k := by
    suffices emultiplicity 2 (k ! : ℤ) = ↑(∑ i ∈ Finset.range n, i : ℕ) by
      rw [← Nat.cast_lt (α := ℕ∞), ← this]; change emultiplicity ((2 : ℕ) : ℤ) _ < _
      simp_rw [Int.natCast_emultiplicity, Nat.emultiplicity_two_factorial_lt hk.lt.ne.symm]
    rw [h, Finset.emultiplicity_prod Int.prime_two, Nat.cast_sum]
    apply Finset.sum_congr rfl; intro i hi
    rw [emultiplicity_sub_of_gt, emultiplicity_pow_self_of_prime Int.prime_two]
    rwa [emultiplicity_pow_self_of_prime Int.prime_two,
      emultiplicity_pow_self_of_prime Int.prime_two, Nat.cast_lt, ← Finset.mem_range]
  rw [← not_le]; intro hn
  apply _root_.ne_of_gt _ h
  calc ∏ i ∈ Finset.range n, ((2:ℤ) ^ n - (2:ℤ) ^ i) ≤ ∏ __ ∈ Finset.range n, (2:ℤ) ^ n := ?_
    _ < ↑ k ! := ?_
  · gcongr
    · intro i hi
      simp only [Finset.mem_range] at hi
      omega
    · apply sub_le_self
      positivity
  norm_cast
  calc ∏ __ ∈ Finset.range n, 2 ^ n = 2 ^ (n * n) := by rw [Finset.prod_const, Finset.card_range, ← pow_mul]
    _ < (∑ i ∈ Finset.range n, i)! := ?_
    _ ≤ k ! := by gcongr
  clear h h2
  induction' n, hn using Nat.le_induction with n' hn' IH
  · decide
  let A := ∑ i ∈ Finset.range n', i
  have le_sum : ∑ i ∈ Finset.range 6, i ≤ A := by
    apply Finset.sum_le_sum_of_subset
    simpa using hn'
  calc 2 ^ ((n' + 1) * (n' + 1))
      ≤ 2 ^ (n' * n' + 4 * n') := by gcongr <;> linarith
    _ = 2 ^ (n' * n') * (2 ^ 4) ^ n' := by rw [← pow_mul, ← pow_add]
    _ < A ! * (2 ^ 4) ^ n' := by gcongr
    _ = A ! * (15 + 1) ^ n' := rfl
    _ ≤ A ! * (A + 1) ^ n' := by gcongr; exact le_sum
    _ ≤ (A + n')! := Nat.factorial_mul_pow_le_factorial
    _ = (∑ i ∈ Finset.range (n' + 1), i)! := by rw [Finset.sum_range_succ]
","💥️omega could not prove the goal:
a possible counterexample may satisfy the constraints
  f - g ≤ -1
  e ≥ 0
  d ≥ 6
  d - e ≥ 1
  c ≥ 0
  b ≥ 0
  a ≥ 1
  a - c ≥ 1
where
 a := ↑k
 b := ∏ i ∈ Finset.range n, (2 ^ n - 2 ^ i)
 c := ↑(∑ i ∈ Finset.range n, i)
 d := ↑n
 e := ↑i
 f := 2 ^ n
 g := 2 ^ i",False,10,Compfiles.Imo2019P4,Llama-8B,LENGTH,best_of_n,False,0,-1,Imo2019P4.upper_bound,False
-1,False,46,"theorem upper_bound {k n : ℕ} (hk : k > 0)
    (h : (k ! : ℤ) = ∏ i ∈ Finset.range n, ((2:ℤ) ^ n - (2:ℤ) ^ i)) : n < 6 := by
  have h2 : ∑ i ∈ Finset.range n, i < k := by
    suffices emultiplicity 2 (k ! : ℤ) = ↑(∑ i ∈ Finset.range n, i : ℕ) by
      rw [← Nat.cast_lt (α := ℕ∞), ← this]; change emultiplicity ((2 : ℕ) : ℤ) _ < _
      simp_rw [Int.natCast_emultiplicity, Nat.emultiplicity_two_factorial_lt hk.lt.ne.symm]
    rw [h, Finset.emultiplicity_prod Int.prime_two, Nat.cast_sum]
    apply Finset.sum_congr rfl; intro i hi
    rw [emultiplicity_sub_of_gt, emultiplicity_pow_self_of_prime Int.prime_two]
    rwa [emultiplicity_pow_self_of_prime Int.prime_two,
      emultiplicity_pow_self_of_prime Int.prime_two, Nat.cast_lt, ← Finset.mem_range]
  rw [← not_le]; intro hn
  apply _root_.ne_of_gt _ h
  calc ∏ i ∈ Finset.range n, ((2:ℤ) ^ n - (2:ℤ) ^ i) ≤ ∏ __ ∈ Finset.range n, (2:ℤ) ^ n := ?_
    _ < ↑ k ! := ?_
  · gcongr
    · intro i hi
      simp only [Finset.mem_range] at hi
      have : (2:ℤ) ^ i ≤ (2:ℤ) ^ n := by gcongr; norm_num
      omega
    · apply sub_le_self
      positivity
  norm_cast
  calc ∏ __ ∈ Finset.range n, 2 ^ n = 2 ^ (n * n) := by rw [Finset.prod_const, Finset.card_range, ← pow_mul]
    _ < (∑ i ∈ Finset.range n, i)! := ?_
    _ ≤ k ! := by gcongr
  clear h h2
  induction' n, hn using Nat.le_induction with n' hn' IH
  · decide
  let A := ∑ i ∈ Finset.range n', i
  have le_sum : ∑ i ∈ Finset.range 6, i ≤ A := by
    apply Finset.sum_le_sum_of_subset
    simpa using hn'
  calc 2 ^ ((n' + 1) * (n' + 1))
      ≤ 2 ^ (n' * n' + 4 * n') := by gcongr <;> linarith
    _ = 2 ^ (n' * n') * (2 ^ 4) ^ n' := by rw [← pow_mul, ← pow_add]
    _ < A ! * (2 ^ 4) ^ n' := by gcongr
    _ = A ! * (15 + 1) ^ n' := rfl
    _ ≤ A ! * (A + 1) ^ n' := by gcongr; exact le_sum
    _ ≤ (A + n')! := Nat.factorial_mul_pow_le_factorial
    _ = (∑ i ∈ Finset.range (n' + 1), i)! := by rw [Finset.sum_range_succ]

",,True,-1,"theorem upper_bound {k n : ℕ} (hk : k > 0)
    (h : (k ! : ℤ) = ∏ i ∈ Finset.range n, ((2:ℤ) ^ n - (2:ℤ) ^ i)) : n < 6 := by
  have h2 : ∑ i ∈ Finset.range n, i < k := by
    suffices emultiplicity 2 (k ! : ℤ) = ↑(∑ i ∈ Finset.range n, i : ℕ) by
      rw [← Nat.cast_lt (α := ℕ∞), ← this]; change emultiplicity ((2 : ℕ) : ℤ) _ < _
      simp_rw [Int.natCast_emultiplicity, Nat.emultiplicity_two_factorial_lt hk.lt.ne.symm]
    rw [h, Finset.emultiplicity_prod Int.prime_two, Nat.cast_sum]
    apply Finset.sum_congr rfl; intro i hi
    rw [emultiplicity_sub_of_gt, emultiplicity_pow_self_of_prime Int.prime_two]
    rwa [emultiplicity_pow_self_of_prime Int.prime_two,
      emultiplicity_pow_self_of_prime Int.prime_two, Nat.cast_lt, ← Finset.mem_range]
  rw [← not_le]; intro hn
  apply _root_.ne_of_gt _ h
  calc ∏ i ∈ Finset.range n, ((2:ℤ) ^ n - (2:ℤ) ^ i) ≤ ∏ __ ∈ Finset.range n, 2 ^ n := ?_
    _ < ↑ k ! := ?_
  · gcongr
    · intro i hi
      simp only [Finset.mem_range] at hi
      omega
    · apply sub_le_self
      positivity
  norm_cast
  calc ∏ __ ∈ Finset.range n, 2 ^ n = 2 ^ (n * n) := by rw [Finset.prod_const, Finset.card_range, ← pow_mul]
    _ < (∑ i ∈ Finset.range n, i)! := ?_
    _ ≤ k ! := by gcongr
  clear h h2
  induction' n, hn using Nat.le_induction with n' hn' IH
  · decide
  let A := ∑ i ∈ Finset.range n', i
  have le_sum : ∑ i ∈ Finset.range 6, i ≤ A := by
    apply Finset.sum_le_sum_of_subset
    simpa using hn'
  calc 2 ^ ((n' + 1) * (n' + 1))
      ≤ 2 ^ (n' * n' + 4 * n') := by gcongr <;> linarith
    _ = 2 ^ (n' * n') * (2 ^ 4) ^ n' := by rw [← pow_mul, ← pow_add]
    _ < A ! * (2 ^ 4) ^ n' := by gcongr
    _ = A ! * (15 + 1) ^ n' := rfl
    _ ≤ A ! * (A + 1) ^ n' := by gcongr; exact le_sum
    _ ≤ (A + n')! := Nat.factorial_mul_pow_le_factorial
    _ = (∑ i ∈ Finset.range (n' + 1), i)! := by rw [Finset.sum_range_succ]
","💥️omega could not prove the goal:
a possible counterexample may satisfy the constraints
  f - g ≤ -1
  e ≥ 0
  d ≥ 6
  d - e ≥ 1
  c ≥ 0
  b ≥ 0
  a ≥ 1
  a - c ≥ 1
where
 a := ↑k
 b := ∏ i ∈ Finset.range n, (2 ^ n - 2 ^ i)
 c := ↑(∑ i ∈ Finset.range n, i)
 d := ↑n
 e := ↑i
 f := 2 ^ n
 g := 2 ^ i",False,10,Compfiles.Imo2019P4,Llama-8B,LENGTH,best_of_n,False,0,-1,Imo2019P4.upper_bound,False
-1,False,46,"theorem upper_bound {k n : ℕ} (hk : k > 0)
    (h : (k ! : ℤ) = ∏ i ∈ Finset.range n, ((2:ℤ) ^ n - (2:ℤ) ^ i)) : n < 6 := by
  have h2 : ∑ i ∈ Finset.range n, i < k := by
    suffices emultiplicity 2 (k ! : ℤ) = ↑(∑ i ∈ Finset.range n, i : ℕ) by
      rw [← Nat.cast_lt (α := ℕ∞), ← this]; change emultiplicity ((2 : ℕ) : ℤ) _ < _
      simp_rw [Int.natCast_emultiplicity, Nat.emultiplicity_two_factorial_lt hk.lt.ne.symm]
    rw [h, Finset.emultiplicity_prod Int.prime_two, Nat.cast_sum]
    apply Finset.sum_congr rfl; intro i hi
    rw [emultiplicity_sub_of_gt, emultiplicity_pow_self_of_prime Int.prime_two]
    rwa [emultiplicity_pow_self_of_prime Int.prime_two,
      emultiplicity_pow_self_of_prime Int.prime_two, Nat.cast_lt, ← Finset.mem_range]
  rw [← not_le]; intro hn
  apply _root_.ne_of_gt _ h
  calc ∏ i ∈ Finset.range n, ((2:ℤ) ^ n - (2:ℤ) ^ i) ≤ ∏ __ ∈ Finset.range n, (2:ℤ) ^ n := ?_
    _ < ↑ k ! := ?_
  · gcongr
    · intro i hi
      simp only [Finset.mem_range] at hi
      have : (2:ℤ) ^ i ≤ (2:ℤ) ^ n := by gcongr; norm_num
      omega
    · apply sub_le_self
      positivity
  norm_cast
  calc ∏ __ ∈ Finset.range n, 2 ^ n = 2 ^ (n * n) := by rw [Finset.prod_const, Finset.card_range, ← pow_mul]
    _ < (∑ i ∈ Finset.range n, i)! := ?_
    _ ≤ k ! := by gcongr
  clear h h2
  induction' n, hn using Nat.le_induction with n' hn' IH
  · decide
  let A := ∑ i ∈ Finset.range n', i
  have le_sum : ∑ i ∈ Finset.range 6, i ≤ A := by
    apply Finset.sum_le_sum_of_subset
    simpa using hn'
  calc 2 ^ ((n' + 1) * (n' + 1))
      ≤ 2 ^ (n' * n' + 4 * n') := by gcongr <;> linarith
    _ = 2 ^ (n' * n') * (2 ^ 4) ^ n' := by rw [← pow_mul, ← pow_add]
    _ < A ! * (2 ^ 4) ^ n' := by gcongr
    _ = A ! * (15 + 1) ^ n' := rfl
    _ ≤ A ! * (A + 1) ^ n' := by gcongr; exact le_sum
    _ ≤ (A + n')! := Nat.factorial_mul_pow_le_factorial
    _ = (∑ i ∈ Finset.range (n' + 1), i)! := by rw [Finset.sum_range_succ]

",,True,-1,"theorem upper_bound {k n : ℕ} (hk : k > 0)
    (h : (k ! : ℤ) = ∏ i ∈ Finset.range n, ((2:ℤ) ^ n - (2:ℤ) ^ i)) : n < 6 := by
  have h2 : ∑ i ∈ Finset.range n, i < k := by
    suffices emultiplicity 2 (k ! : ℤ) = ↑(∑ i ∈ Finset.range n, i : ℕ) by rw [← Nat.cast_lt (α := ℕ∞), ← this]
    rw [h, Finset.emultiplicity_prod Int.prime_two, Nat.cast_sum]
    apply Finset.sum_congr rfl; intro i hi
    rw [emultiplicity_sub_of_gt, emultiplicity_pow_self_of_prime Int.prime_two]
    rwa [emultiplicity_pow_self_of_prime Int.prime_two,
      emultiplicity_pow_self_of_prime Int.prime_two, Nat.cast_lt, ← Finset.mem_range]
  rw [← not_le]; intro hn
  apply _root_.ne_of_gt _ h
  calc ∏ i ∈ Finset.range n, ((2:ℤ) ^ n - (2:ℤ) ^ i) ≤ ∏ __ ∈ Finset.range n, (2:ℤ) ^ n := by gcongr
    · intro i hi
      simp only [Finset.mem_range] at hi
      omega
    · apply sub_le_self
      positivity
  norm_cast
  calc ∏ __ ∈ Finset.range n, 2 ^ n = 2 ^ (n * n) := by rw [Finset.prod_const, Finset.card_range, ← pow_mul]
    _ < (∑ i ∈ Finset.range n, i)! := ?_
    _ ≤ k ! := by gcongr
  clear h h2
  induction' n, hn using Nat.le_induction with n' hn' IH
  · decide
  let A := ∑ i ∈ Finset.range n', i
  calc 2 ^ ((n' + 1) * (n' + 1))
      ≤ 2 ^ (n' * n' + 4 * n') := by gcongr <;> linarith
    _ = 2 ^ (n' * n') * (2 ^ 4) ^ n' := by rw [← pow_mul, ← pow_add]
    _ < A ! * (2 ^ 4) ^ n' := by gcongr
    _ = A ! * (15 + 1) ^ n' := rfl
    _ ≤ A ! * (A + 1) ^ n' := by gcongr; exact le_sum
    _ ≤ (A + n')! := Nat.factorial_mul_pow_le_factorial
    _ = (∑ i ∈ Finset.range (n' + 1), i)! := by rw [Finset.sum_range_succ]
","💥️unexpected token 'at'; expected ':='

💥️unsolved goals
k n : ℕ
hk : k > 0
h : ↑k ! = ∏ i ∈ Finset.range n, (2 ^ n - 2 ^ i)
this : emultiplicity 2 ↑k ! = ↑(∑ i ∈ Finset.range n, i)
⊢ emultiplicity 2 ↑k ! < ↑k",False,10,Compfiles.Imo2019P4,Llama-8B,LENGTH,best_of_n,False,0,-1,Imo2019P4.upper_bound,False
-1,False,46,"theorem upper_bound {k n : ℕ} (hk : k > 0)
    (h : (k ! : ℤ) = ∏ i ∈ Finset.range n, ((2:ℤ) ^ n - (2:ℤ) ^ i)) : n < 6 := by
  have h2 : ∑ i ∈ Finset.range n, i < k := by
    suffices emultiplicity 2 (k ! : ℤ) = ↑(∑ i ∈ Finset.range n, i : ℕ) by
      rw [← Nat.cast_lt (α := ℕ∞), ← this]; change emultiplicity ((2 : ℕ) : ℤ) _ < _
      simp_rw [Int.natCast_emultiplicity, Nat.emultiplicity_two_factorial_lt hk.lt.ne.symm]
    rw [h, Finset.emultiplicity_prod Int.prime_two, Nat.cast_sum]
    apply Finset.sum_congr rfl; intro i hi
    rw [emultiplicity_sub_of_gt, emultiplicity_pow_self_of_prime Int.prime_two]
    rwa [emultiplicity_pow_self_of_prime Int.prime_two,
      emultiplicity_pow_self_of_prime Int.prime_two, Nat.cast_lt, ← Finset.mem_range]
  rw [← not_le]; intro hn
  apply _root_.ne_of_gt _ h
  calc ∏ i ∈ Finset.range n, ((2:ℤ) ^ n - (2:ℤ) ^ i) ≤ ∏ __ ∈ Finset.range n, (2:ℤ) ^ n := ?_
    _ < ↑ k ! := ?_
  · gcongr
    · intro i hi
      simp only [Finset.mem_range] at hi
      have : (2:ℤ) ^ i ≤ (2:ℤ) ^ n := by gcongr; norm_num
      omega
    · apply sub_le_self
      positivity
  norm_cast
  calc ∏ __ ∈ Finset.range n, 2 ^ n = 2 ^ (n * n) := by rw [Finset.prod_const, Finset.card_range, ← pow_mul]
    _ < (∑ i ∈ Finset.range n, i)! := ?_
    _ ≤ k ! := by gcongr
  clear h h2
  induction' n, hn using Nat.le_induction with n' hn' IH
  · decide
  let A := ∑ i ∈ Finset.range n', i
  have le_sum : ∑ i ∈ Finset.range 6, i ≤ A := by
    apply Finset.sum_le_sum_of_subset
    simpa using hn'
  calc 2 ^ ((n' + 1) * (n' + 1))
      ≤ 2 ^ (n' * n' + 4 * n') := by gcongr <;> linarith
    _ = 2 ^ (n' * n') * (2 ^ 4) ^ n' := by rw [← pow_mul, ← pow_add]
    _ < A ! * (2 ^ 4) ^ n' := by gcongr
    _ = A ! * (15 + 1) ^ n' := rfl
    _ ≤ A ! * (A + 1) ^ n' := by gcongr; exact le_sum
    _ ≤ (A + n')! := Nat.factorial_mul_pow_le_factorial
    _ = (∑ i ∈ Finset.range (n' + 1), i)! := by rw [Finset.sum_range_succ]

",,True,-1,"theorem upper_bound {k n : ℕ} (hk : k > 0)
    (h : (k ! : ℤ) = ∏ i ∈ Finset.range n, ((2:ℤ) ^ n - (2:ℤ) ^ i)) : n < 6 := by
  have h2 : ∑ i ∈ Finset.range n, i < k := by
    suffices emultiplicity 2 (k ! : ℤ) = ↑(∑ i ∈ Finset.range n, i : ℕ) by
      rw [← Nat.cast_lt (α := ℕ∞), ← this]; change emultiplicity ((2 : ℕ) : ℤ) _ < _
      simp_rw [Int.natCast_emultiplicity, Nat.emultiplicity_two_factorial_lt hk.lt.ne.symm]
    rw [h, Finset.emultiplicity_prod Int.prime_two, Nat.cast_sum]
    apply Finset.sum_congr rfl; intro i hi
    rw [emultiplicity_sub_of_gt, emultiplicity_pow_self_of_prime Int.prime_two]
    rwa [emultiplicity_pow_self_of_prime Int.prime_two,
      emultiplicity_pow_self_of_prime Int.prime_two, Nat.cast_lt, ← Finset.mem_range]
  rw [← not_le]; intro hn
  apply _root_.ne_of_gt _ h
  calc ∏ i ∈ Finset.range n, ((2:ℤ) ^ n - (2:ℤ) ^ i) ≤ ∏ __ ∈ Finset.range n, (2:ℤ) ^ n := ?_
    _ < ↑ k ! := ?_
  · gcongr
    · intro i hi
      simp only [Finset.mem_range] at hi
      omega
    · apply sub_le_self
      positivity
  norm_cast
  calc ∏ __ ∈ Finset.range n, 2 ^ n = 2 ^ (n * n) := by rw [Finset.prod_const, Finset.card_range, ← pow_mul]
    _ < (∑ i ∈ Finset.range n, i)! := ?_
    _ ≤ k ! := by gcongr
  clear h h2
  induction' n, hn using Nat.le_induction with n' hn' IH
  · decide
  let A := ∑ i ∈ Finset.range n', i
  have le_sum : ∑ i ∈ Finset.range 6, i ≤ A := by
    apply Finset.sum_le_sum_of_subset
    simpa using hn'
  calc 2 ^ ((n' + 1) * (n' + 1))
      ≤ 2 ^ (n' * n' + 4 * n') := by gcongr <;> linarith
    _ = 2 ^ (n' * n') * (2 ^ 4) ^ n' := by rw [← pow_mul, ← pow_add]
    _ < A ! * (2 ^ 4) ^ n' := by gcongr
    _ = A ! * (15 + 1) ^ n' := rfl
    _ ≤ A ! * (A + 1) ^ n' := by gcongr; exact le_sum
    _ ≤ (A + n')! := Nat.factorial_mul_pow_le_factorial
    _ = (∑ i ∈ Finset.range (n' + 1), i)! := by rw [Finset.sum_range_succ]
","💥️omega could not prove the goal:
a possible counterexample may satisfy the constraints
  f - g ≤ -1
  e ≥ 0
  d ≥ 6
  d - e ≥ 1
  c ≥ 0
  b ≥ 0
  a ≥ 1
  a - c ≥ 1
where
 a := ↑k
 b := ∏ i ∈ Finset.range n, (2 ^ n - 2 ^ i)
 c := ↑(∑ i ∈ Finset.range n, i)
 d := ↑n
 e := ↑i
 f := 2 ^ n
 g := 2 ^ i",False,10,Compfiles.Imo2019P4,Llama-8B,LENGTH,best_of_n,False,0,-1,Imo2019P4.upper_bound,False
-1,False,46,"theorem upper_bound {k n : ℕ} (hk : k > 0)
    (h : (k ! : ℤ) = ∏ i ∈ Finset.range n, ((2:ℤ) ^ n - (2:ℤ) ^ i)) : n < 6 := by
  have h2 : ∑ i ∈ Finset.range n, i < k := by
    suffices emultiplicity 2 (k ! : ℤ) = ↑(∑ i ∈ Finset.range n, i : ℕ) by
      rw [← Nat.cast_lt (α := ℕ∞), ← this]; change emultiplicity ((2 : ℕ) : ℤ) _ < _
      simp_rw [Int.natCast_emultiplicity, Nat.emultiplicity_two_factorial_lt hk.lt.ne.symm]
    rw [h, Finset.emultiplicity_prod Int.prime_two, Nat.cast_sum]
    apply Finset.sum_congr rfl; intro i hi
    rw [emultiplicity_sub_of_gt, emultiplicity_pow_self_of_prime Int.prime_two]
    rwa [emultiplicity_pow_self_of_prime Int.prime_two,
      emultiplicity_pow_self_of_prime Int.prime_two, Nat.cast_lt, ← Finset.mem_range]
  rw [← not_le]; intro hn
  apply _root_.ne_of_gt _ h
  calc ∏ i ∈ Finset.range n, ((2:ℤ) ^ n - (2:ℤ) ^ i) ≤ ∏ __ ∈ Finset.range n, (2:ℤ) ^ n := ?_
    _ < ↑ k ! := ?_
  · gcongr
    · intro i hi
      simp only [Finset.mem_range] at hi
      have : (2:ℤ) ^ i ≤ (2:ℤ) ^ n := by gcongr; norm_num
      omega
    · apply sub_le_self
      positivity
  norm_cast
  calc ∏ __ ∈ Finset.range n, 2 ^ n = 2 ^ (n * n) := by rw [Finset.prod_const, Finset.card_range, ← pow_mul]
    _ < (∑ i ∈ Finset.range n, i)! := ?_
    _ ≤ k ! := by gcongr
  clear h h2
  induction' n, hn using Nat.le_induction with n' hn' IH
  · decide
  let A := ∑ i ∈ Finset.range n', i
  have le_sum : ∑ i ∈ Finset.range 6, i ≤ A := by
    apply Finset.sum_le_sum_of_subset
    simpa using hn'
  calc 2 ^ ((n' + 1) * (n' + 1))
      ≤ 2 ^ (n' * n' + 4 * n') := by gcongr <;> linarith
    _ = 2 ^ (n' * n') * (2 ^ 4) ^ n' := by rw [← pow_mul, ← pow_add]
    _ < A ! * (2 ^ 4) ^ n' := by gcongr
    _ = A ! * (15 + 1) ^ n' := rfl
    _ ≤ A ! * (A + 1) ^ n' := by gcongr; exact le_sum
    _ ≤ (A + n')! := Nat.factorial_mul_pow_le_factorial
    _ = (∑ i ∈ Finset.range (n' + 1), i)! := by rw [Finset.sum_range_succ]

",,True,-1,"theorem upper_bound {k n : ℕ} (hk : k > 0)
    (h : (k ! : ℤ) = ∏ i ∈ Finset.range n, ((2:ℤ) ^ n - (2:ℤ) ^ i)) : n < 6 := by
  have h2 : ∑ i ∈ Finset.range n, i < k := by
    suffices emultiplicity 2 (k ! : ℤ) = ↑(∑ i ∈ Finset.range n, i : ℕ) by
      rw [← Nat.cast_lt (α := ℕ∞), ← this]; change emultiplicity ((2 : ℕ) : ℤ) _ < _
      simp_rw [Int.natCast_emultiplicity, Nat.emultiplicity_two_factorial_lt hk.lt.ne.symm]
    rw [h, Finset.emultiplicity_prod Int.prime_two, Nat.cast_sum]
    apply Finset.sum_congr rfl; intro i hi
    rw [emultiplicity_sub_of_gt, emultiplicity_pow_self_of_prime Int.prime_two]
    rwa [emultiplicity_pow_self_of_prime Int.prime_two,
      emultiplicity_pow_self_of_prime Int.prime_two, Nat.cast_lt, ← Finset.mem_range]
  rw [← not_le]; intro hn
  apply _root_.ne_of_gt _ h
  calc ∏ i ∈ Finset.range n, ((2:ℤ) ^ n - (2:ℤ) ^ i) ≤ ∏ __ ∈ Finset.range n, (2:ℤ) ^ n := ?_
    _ < ↑ k ! := ?_
  · gcongr
    · intro i hi
      simp only [Finset.mem_range] at hi
      omega
    · apply sub_le_self
      positivity
  norm_cast
  calc ∏ __ ∈ Finset.range n, 2 ^ n = 2 ^ (n * n) := by rw [Finset.prod_const, Finset.card_range, ← pow_mul]
    _ < (∑ i ∈ Finset.range n, i)! := ?_
    _ ≤ k ! := by gcongr
  clear h h2
  induction n using Nat.le_induction with
  | zero => decide
  | succ n hn => let A := ∑ i ∈ Finset.range (n + 2), i
    have le_sum : ∑ i ∈ Finset.range 6, i ≤ A := by
      apply Finset.sum_le_sum_of_subset
      simpa using hn'
    calc 2 ^ ((n + 1) * (n + 1))
      ≤ 2 ^ (n * n' + 4 * n') := by gcongr <;> linarith
    _ = 2 ^ (n * n') * (2 ^ 4) ^ n' := by rw [← pow_mul, ← pow_add]
    _ < A ! * (2 ^ 4) ^ n' := by gcongr
    _ = A ! * (15 + 1) ^ n' := rfl
    _ ≤ A ! * (A + 1) ^ n' := by gcongr; exact le_sum
    _ ≤ (A + n')! := Nat.factorial_mul_pow_le_factorial
    _ = (∑ i ∈ Finset.range (n + 1), i)! := by rw [Finset.sum_range_succ]
","💥️omega could not prove the goal:
a possible counterexample may satisfy the constraints
  f - g ≤ -1
  e ≥ 0
  d ≥ 6
  d - e ≥ 1
  c ≥ 0
  b ≥ 0
  a ≥ 1
  a - c ≥ 1
where
 a := ↑k
 b := ∏ i ∈ Finset.range n, (2 ^ n - 2 ^ i)
 c := ↑(∑ i ∈ Finset.range n, i)
 d := ↑n
 e := ↑i
 f := 2 ^ n
 g := 2 ^ i

💥️insufficient number of targets for '@Nat.le_induction'",False,10,Compfiles.Imo2019P4,Llama-8B,LENGTH,best_of_n,False,0,-1,Imo2019P4.upper_bound,False
-1,False,46,"theorem upper_bound {k n : ℕ} (hk : k > 0)
    (h : (k ! : ℤ) = ∏ i ∈ Finset.range n, ((2:ℤ) ^ n - (2:ℤ) ^ i)) : n < 6 := by
  have h2 : ∑ i ∈ Finset.range n, i < k := by
    suffices emultiplicity 2 (k ! : ℤ) = ↑(∑ i ∈ Finset.range n, i : ℕ) by
      rw [← Nat.cast_lt (α := ℕ∞), ← this]; change emultiplicity ((2 : ℕ) : ℤ) _ < _
      simp_rw [Int.natCast_emultiplicity, Nat.emultiplicity_two_factorial_lt hk.lt.ne.symm]
    rw [h, Finset.emultiplicity_prod Int.prime_two, Nat.cast_sum]
    apply Finset.sum_congr rfl; intro i hi
    rw [emultiplicity_sub_of_gt, emultiplicity_pow_self_of_prime Int.prime_two]
    rwa [emultiplicity_pow_self_of_prime Int.prime_two,
      emultiplicity_pow_self_of_prime Int.prime_two, Nat.cast_lt, ← Finset.mem_range]
  rw [← not_le]; intro hn
  apply _root_.ne_of_gt _ h
  calc ∏ i ∈ Finset.range n, ((2:ℤ) ^ n - (2:ℤ) ^ i) ≤ ∏ __ ∈ Finset.range n, (2:ℤ) ^ n := ?_
    _ < ↑ k ! := ?_
  · gcongr
    · intro i hi
      simp only [Finset.mem_range] at hi
      have : (2:ℤ) ^ i ≤ (2:ℤ) ^ n := by gcongr; norm_num
      omega
    · apply sub_le_self
      positivity
  norm_cast
  calc ∏ __ ∈ Finset.range n, 2 ^ n = 2 ^ (n * n) := by rw [Finset.prod_const, Finset.card_range, ← pow_mul]
    _ < (∑ i ∈ Finset.range n, i)! := ?_
    _ ≤ k ! := by gcongr
  clear h h2
  induction' n, hn using Nat.le_induction with n' hn' IH
  · decide
  let A := ∑ i ∈ Finset.range n', i
  have le_sum : ∑ i ∈ Finset.range 6, i ≤ A := by
    apply Finset.sum_le_sum_of_subset
    simpa using hn'
  calc 2 ^ ((n' + 1) * (n' + 1))
      ≤ 2 ^ (n' * n' + 4 * n') := by gcongr <;> linarith
    _ = 2 ^ (n' * n') * (2 ^ 4) ^ n' := by rw [← pow_mul, ← pow_add]
    _ < A ! * (2 ^ 4) ^ n' := by gcongr
    _ = A ! * (15 + 1) ^ n' := rfl
    _ ≤ A ! * (A + 1) ^ n' := by gcongr; exact le_sum
    _ ≤ (A + n')! := Nat.factorial_mul_pow_le_factorial
    _ = (∑ i ∈ Finset.range (n' + 1), i)! := by rw [Finset.sum_range_succ]

",,True,-1,"theorem upper_bound {k n : ℕ} (hk : k > 0)
    (h : (k ! : ℤ) = ∏ i ∈ Finset.range n, ((2:ℤ) ^ n - (2:ℤ) ^ i)) : n < 6 := by
  have h2 : ∑ i ∈ Finset.range n, i < k := by
    simpa using h
  calc ∏ i ∈ Finset.range n, ((2:ℤ) ^ n - (2:ℤ) ^ i) ≤ ∏ __ ∈ Finset.range n, (2:ℤ) ^ n := ?_
    _ < ↑ k ! := ?_
  · gcongr
    · intro i hi
      simp only [Finset.mem_range] at hi
      omega
    · more positivity
  calc ∏ __ ∈ Finset.range n, 2 ^ n = 2 ^ (n * n) := by rw [Finset.prod_const, Finset.card_range, ← pow_mul]
    _ < (∑ i ∈ Finset.range n, i)! := ?_
    _ ≤ k ! := by gcongr
  clear h h2
  induction n using Nat.le_induction with
  | zero => decide
  | succ n hn => let A := ∑ i ∈ Finset.range n', i; have le_sum : ∑ i ∈ Finset.range 6, i ≤ A := by
    apply Finset.sum_le_sum_of_subset
    simpa using hn'
  calc 2 ^ ((n' + 1) * (n' + 1))
      ≤ 2 ^ (n' * n' + 4 * n') := by gcongr <;> linarith
    _ = 2 ^ (n' * n') * (2 ^ 4) ^ n' := by rw [← pow_mul, ← pow_add]
    _ < A ! * (2 ^ 4) ^ n' := by gcongr
    _ = A ! * (15 + 1) ^ n' := rfl
    _ ≤ A ! * (A + 1) ^ n' := by gcongr; exact le_sum
    _ ≤ (A + n')! := Nat.factorial_mul_pow_le_factorial
    _ = (∑ i ∈ Finset.range (n' + 1), i)! := by rw [Finset.sum_range_succ]
    _ < 6 ! * 2 ^ 4 := by gcongr <;> calc
      6 ! = 720
      _ = 720 * (2 ^ 4) := by rw [← mul_of_nonneg_right, mul_le_mul_left]
      _ ≤ 720 * k ! / (2 ^ n) := by gcongr
      _ = (720 * k !) / (2 ^ n) := by rw [← div_mul_eq_div_div]
      _ ≤ 720 * (A + n) ! / (2 ^ n) := by gcongr; exact le_sum
      _ ≤ 720 * (6 ! * (A + n) !) / (2 ^ n) := by gcongr
      _ = 720 * (A + n) ! * (1 / (2 ^ n)) := by rw [← div_mul_eq_div_div, A ! * (2 ^ n) !]
      _ ≤ 720 * k ! := by gcongr
  exact mem_range_of_lt_of_le (by decide) h2
","💥️unknown tactic

💥️type mismatch, term
  h
after simplification has type
  ↑k ! = ∏ i ∈ Finset.range n, (2 ^ n - 2 ^ i) : Prop
but is expected to have type
  ∑ i ∈ Finset.range n, i < k : Prop",False,10,Compfiles.Imo2019P4,Llama-8B,LENGTH,best_of_n,False,0,-1,Imo2019P4.upper_bound,False
-1,False,46,"theorem upper_bound {k n : ℕ} (hk : k > 0)
    (h : (k ! : ℤ) = ∏ i ∈ Finset.range n, ((2:ℤ) ^ n - (2:ℤ) ^ i)) : n < 6 := by
  have h2 : ∑ i ∈ Finset.range n, i < k := by
    suffices emultiplicity 2 (k ! : ℤ) = ↑(∑ i ∈ Finset.range n, i : ℕ) by
      rw [← Nat.cast_lt (α := ℕ∞), ← this]; change emultiplicity ((2 : ℕ) : ℤ) _ < _
      simp_rw [Int.natCast_emultiplicity, Nat.emultiplicity_two_factorial_lt hk.lt.ne.symm]
    rw [h, Finset.emultiplicity_prod Int.prime_two, Nat.cast_sum]
    apply Finset.sum_congr rfl; intro i hi
    rw [emultiplicity_sub_of_gt, emultiplicity_pow_self_of_prime Int.prime_two]
    rwa [emultiplicity_pow_self_of_prime Int.prime_two,
      emultiplicity_pow_self_of_prime Int.prime_two, Nat.cast_lt, ← Finset.mem_range]
  rw [← not_le]; intro hn
  apply _root_.ne_of_gt _ h
  calc ∏ i ∈ Finset.range n, ((2:ℤ) ^ n - (2:ℤ) ^ i) ≤ ∏ __ ∈ Finset.range n, (2:ℤ) ^ n := ?_
    _ < ↑ k ! := ?_
  · gcongr
    · intro i hi
      simp only [Finset.mem_range] at hi
      have : (2:ℤ) ^ i ≤ (2:ℤ) ^ n := by gcongr; norm_num
      omega
    · apply sub_le_self
      positivity
  norm_cast
  calc ∏ __ ∈ Finset.range n, 2 ^ n = 2 ^ (n * n) := by rw [Finset.prod_const, Finset.card_range, ← pow_mul]
    _ < (∑ i ∈ Finset.range n, i)! := ?_
    _ ≤ k ! := by gcongr
  clear h h2
  induction' n, hn using Nat.le_induction with n' hn' IH
  · decide
  let A := ∑ i ∈ Finset.range n', i
  have le_sum : ∑ i ∈ Finset.range 6, i ≤ A := by
    apply Finset.sum_le_sum_of_subset
    simpa using hn'
  calc 2 ^ ((n' + 1) * (n' + 1))
      ≤ 2 ^ (n' * n' + 4 * n') := by gcongr <;> linarith
    _ = 2 ^ (n' * n') * (2 ^ 4) ^ n' := by rw [← pow_mul, ← pow_add]
    _ < A ! * (2 ^ 4) ^ n' := by gcongr
    _ = A ! * (15 + 1) ^ n' := rfl
    _ ≤ A ! * (A + 1) ^ n' := by gcongr; exact le_sum
    _ ≤ (A + n')! := Nat.factorial_mul_pow_le_factorial
    _ = (∑ i ∈ Finset.range (n' + 1), i)! := by rw [Finset.sum_range_succ]

",,True,-1,"theorem upper_bound {k n : ℕ} (hk : k > 0)
    (h : (k ! : ℤ) = ∏ i ∈ Finset.range n, ((2:ℤ) ^ n - (2:ℤ) ^ i)) : n < 6 := by
  have h2 : ∑ i ∈ Finset.range n, i < k := by
    suffices emultiplicity 2 (k ! : ℤ) = ↑(∑ i ∈ Finset.range n, i : ℕ) by
      rw [← Nat.cast_lt (α := ℕ∞), ← this]; change emultiplicity ((2 : ℕ) : ℤ) _ < _
      simp_rw [Int.natCast_emultiplicity, Nat.emultiplicity_two_factorial_lt hk.lt.ne.symm]
    rw [h, Finset.emultiplicity_prod Int.prime_two, Nat.cast_sum]
    apply Finset.sum_congr rfl; intro i hi
    rw [emultiplicity_sub_of_gt, emultiplicity_pow_self_of_prime Int.prime_two]
    rwa [emultiplicity_pow_self_of_prime Int.prime_two,
      emultiplicity_pow_self_of_prime Int.prime_two, Nat.cast_lt, ← Finset.mem_range]
  rw [← not_le]; intro hn
  apply _root_.ne_of_gt _ h
  calc ∏ i ∈ Finset.range n, ((2:ℤ) ^ n - (2:ℤ) ^ i) ≤ ∏ __ ∈ Finset.range n, (2:ℤ) ^ n := ?_
    _ < ↑ k ! := ?_
  · gcongr
    · intro i hi
      simp only [Finset.mem_range] at hi
      omega
    · apply sub_le_self
      positivity
  norm_cast
  calc ∏ __ ∈ Finset.range n, 2 ^ n = 2 ^ (n * n) := by rw [Finset.prod_const, Finset.card_range, ← pow_mul]
    _ < (∑ i ∈ Finset.range n, i)! := ?_
    _ ≤ k ! := by gcongr
  clear h h2
  induction n using Nat.le_induction with
  | hz => decide
  | hi n hn' IH =>
    let A := ∑ i ∈ Finset.range n', i
    have le_sum : ∑ i ∈ Finset.range 6, i ≤ A := by
      apply Finset.sum_le_sum_of_subset
      simpa using hn'
    calc 2 ^ ((n' + 1) * (n' + 1))
      ≤ 2 ^ (n' * n' + 4 * n') := by gcongr <;> linarith
    _ = 2 ^ (n' * n') * (2 ^ 4) ^ n' := by rw [← pow_mul, ← pow_add]
    _ < A ! * (2 ^ 4) ^ n' := by gcongr
    _ = A ! * (15 + 1) ^ n' := rfl
    _ ≤ A ! * (A + 1) ^ n' := by gcongr; exact le_sum
    _ ≤ (A + n')! := Nat.factorial_mul_pow_le_factorial
    _ = (∑ i ∈ Finset.range (n' + 1), i)! := by rw [Finset.sum_range_succ]
","💥️omega could not prove the goal:
a possible counterexample may satisfy the constraints
  f - g ≤ -1
  e ≥ 0
  d ≥ 6
  d - e ≥ 1
  c ≥ 0
  b ≥ 0
  a ≥ 1
  a - c ≥ 1
where
 a := ↑k
 b := ∏ i ∈ Finset.range n, (2 ^ n - 2 ^ i)
 c := ↑(∑ i ∈ Finset.range n, i)
 d := ↑n
 e := ↑i
 f := 2 ^ n
 g := 2 ^ i

💥️insufficient number of targets for '@Nat.le_induction'",False,10,Compfiles.Imo2019P4,Llama-8B,LENGTH,best_of_n,False,0,-1,Imo2019P4.upper_bound,False
-1,False,46,"theorem upper_bound {k n : ℕ} (hk : k > 0)
    (h : (k ! : ℤ) = ∏ i ∈ Finset.range n, ((2:ℤ) ^ n - (2:ℤ) ^ i)) : n < 6 := by
  have h2 : ∑ i ∈ Finset.range n, i < k := by
    suffices emultiplicity 2 (k ! : ℤ) = ↑(∑ i ∈ Finset.range n, i : ℕ) by
      rw [← Nat.cast_lt (α := ℕ∞), ← this]; change emultiplicity ((2 : ℕ) : ℤ) _ < _
      simp_rw [Int.natCast_emultiplicity, Nat.emultiplicity_two_factorial_lt hk.lt.ne.symm]
    rw [h, Finset.emultiplicity_prod Int.prime_two, Nat.cast_sum]
    apply Finset.sum_congr rfl; intro i hi
    rw [emultiplicity_sub_of_gt, emultiplicity_pow_self_of_prime Int.prime_two]
    rwa [emultiplicity_pow_self_of_prime Int.prime_two,
      emultiplicity_pow_self_of_prime Int.prime_two, Nat.cast_lt, ← Finset.mem_range]
  rw [← not_le]; intro hn
  apply _root_.ne_of_gt _ h
  calc ∏ i ∈ Finset.range n, ((2:ℤ) ^ n - (2:ℤ) ^ i) ≤ ∏ __ ∈ Finset.range n, (2:ℤ) ^ n := ?_
    _ < ↑ k ! := ?_
  · gcongr
    · intro i hi
      simp only [Finset.mem_range] at hi
      have : (2:ℤ) ^ i ≤ (2:ℤ) ^ n := by gcongr; norm_num
      omega
    · apply sub_le_self
      positivity
  norm_cast
  calc ∏ __ ∈ Finset.range n, 2 ^ n = 2 ^ (n * n) := by rw [Finset.prod_const, Finset.card_range, ← pow_mul]
    _ < (∑ i ∈ Finset.range n, i)! := ?_
    _ ≤ k ! := by gcongr
  clear h h2
  induction' n, hn using Nat.le_induction with n' hn' IH
  · decide
  let A := ∑ i ∈ Finset.range n', i
  have le_sum : ∑ i ∈ Finset.range 6, i ≤ A := by
    apply Finset.sum_le_sum_of_subset
    simpa using hn'
  calc 2 ^ ((n' + 1) * (n' + 1))
      ≤ 2 ^ (n' * n' + 4 * n') := by gcongr <;> linarith
    _ = 2 ^ (n' * n') * (2 ^ 4) ^ n' := by rw [← pow_mul, ← pow_add]
    _ < A ! * (2 ^ 4) ^ n' := by gcongr
    _ = A ! * (15 + 1) ^ n' := rfl
    _ ≤ A ! * (A + 1) ^ n' := by gcongr; exact le_sum
    _ ≤ (A + n')! := Nat.factorial_mul_pow_le_factorial
    _ = (∑ i ∈ Finset.range (n' + 1), i)! := by rw [Finset.sum_range_succ]

",,True,-1,"theorem upper_bound {k n : ℕ} (hk : k > 0)
    (h : (k ! : ℤ) = ∏ i ∈ Finset.range n, ((2:ℤ) ^ n - (2:ℤ) ^ i)) : n < 6 := by
  have h2 : ∑ i ∈ Finset.range n, i < k := by
    suffices emultiplicity 2 (k ! : ℤ) = ↑(∑ i ∈ Finset.range n, i : ℕ) by
      rw [← Nat.cast_lt (α := ℕ∞), ← this]; change emultiplicity ((2 : ℕ) : ℤ) _ < _
      simp_rw [Int.natCast_emultiplicity, Nat.emultiplicity_two_factorial_lt hk.lt.ne.symm]
    rw [h, Finset.emultiplicity_prod Int.prime_two, Nat.cast_sum]
    apply Finset.sum_congr rfl; intro i hi
    rw [emultiplicity_sub_of_gt, emultiplicity_pow_self_of_prime Int.prime_two]
    rwa [emultiplicity_pow_self_of_prime Int.prime_two,
      emultiplicity_pow_self_of_prime Int.prime_two, Nat.cast_lt, ← Finset.mem_range]
  rw [← not_le]; intro hn
  apply _root_.ne_of_gt _ h
  calc ∏ i ∈ Finset.range n, ((2:ℤ) ^ n - (2:ℤ) ^ i) ≤ ∏ __ ∈ Finset.range n, (2:ℤ) ^ n := ?_
    _ < ↑ k ! := ?_
  · gcongr
    · intro i hi
      simp only [Finset.mem_range] at hi
      have : (2:ℤ) ^ i ≤ (2:ℤ) ^ n := by gcongr; norm_num
      omega
    · apply sub_le_self
      positivity
  norm_cast
  calc ∏ __ ∈ Finset.range n, 2 ^ n = 2 ^ (n * n) := by rw [Finset.prod_const, Finset.card_range, ← pow_mul]
    _ < (∑ i ∈ Finset.range n, i)! := ?_
    _ ≤ k ! := by gcongr
  clear h h2
  induction n using Nat.le_induction with
  | zero => decide
  | succ n hn =>
    let A := ∑ i ∈ Finset.range n', i
    have le_sum : ∑ i ∈ Finset.range 6, i ≤ A := by
      apply Finset.sum_le_sum_of_subset
      simpa using hn'
    calc 2 ^ ((n' + 1) * (n' + 1))
      ≤ 2 ^ (n' * n' + 4 * n') := by gcongr <;> linarith
    _ = 2 ^ (n' * n') * (2 ^ 4) ^ n' := by rw [← pow_mul, ← pow_add]
    _ < A ! * (2 ^ 4) ^ n' := by gcongr
    _ = A ! * (15 + 1) ^ n' := rfl
    _ ≤ A ! * (A + 1) ^ n' := by gcongr; exact le_sum
    _ ≤ (A + n')! := Nat.factorial_mul_pow_le_factorial
    _ = (∑ i ∈ Finset.range (n' + 1), i)! := by rw [Finset.sum_range_succ]
",💥️insufficient number of targets for '@Nat.le_induction',False,10,Compfiles.Imo2019P4,Llama-8B,LENGTH,best_of_n,False,0,-1,Imo2019P4.upper_bound,False
-1,False,38,"problem imo2018_p2 (n k : ℕ) :
    (n, k) ∈ solution_set ↔
    0 < n ∧ 0 < k ∧
    (k ! : ℤ) = ∏ i ∈ Finset.range n, ((2:ℤ)^n - (2:ℤ)^i) := by
  constructor
  · intro nk
    simp only [Set.mem_insert_iff, Set.mem_singleton_iff, Prod.mk.injEq] at nk
    obtain ⟨rfl, rfl⟩ | ⟨rfl, rfl⟩ := nk <;> decide
  rintro ⟨npos, kpos, h⟩
  -- We know that n < 6.
  have := Imo2019P4.upper_bound kpos h
  interval_cases n
  -- n = 1
  · left; congr; norm_num at h
    exact Nat.le_antisymm h kpos
  -- n = 2
  · right; congr; norm_num [Finset.prod_range_succ] at h; norm_cast at h
    rwa [← Nat.factorial_inj']; norm_num

  all_goals exfalso; norm_num [Finset.prod_range_succ] at h; norm_cast at h
  -- n = 3
  · refine Nat.monotone_factorial.ne_of_lt_of_lt_nat 5 ?_ ?_ _ h <;> decide
  -- n = 4
  · refine Nat.monotone_factorial.ne_of_lt_of_lt_nat 7 ?_ ?_ _ h <;> decide
  -- n = 5
  · refine Nat.monotone_factorial.ne_of_lt_of_lt_nat 10 ?_ ?_ _ h <;> decide


",,True,-1,"theorem imo2018_p2 (n k : ℕ) :
    (n, k) ∈ solution_set ↔
    0 < n ∧ 0 < k ∧
    (k ! : ℤ) = ∏ i ∈ Finset.range n, ((2:ℤ)^n - (2:ℤ)^i) := by
  constructor
  · intro hk
    simp only [Set.mem_insert_iff, Set.mem_singleton_iff, Prod.mk.injEq] at hk
    obtain ⟨rfl, rfl⟩ | ⟨rfl, rfl⟩ := hk <;> decide
  rintro ⟨nhs, kpos, h⟩
  -- We know that n < 6.
  have := Imo2019P4.upper_bound kpos h
  omega
","💥️omega could not prove the goal:
a possible counterexample may satisfy the constraints
  c ≥ 0
  b ≥ 1
  1 ≤ a ≤ 5
where
 a := ↑n
 b := ↑k
 c := ∏ i ∈ Finset.range n, (2 ^ n - 2 ^ i)",False,10,Compfiles.Imo2019P4,Llama-8B,LENGTH,best_of_n,False,0,-1,Imo2019P4.imo2018_p2,False
-1,False,38,"problem imo2018_p2 (n k : ℕ) :
    (n, k) ∈ solution_set ↔
    0 < n ∧ 0 < k ∧
    (k ! : ℤ) = ∏ i ∈ Finset.range n, ((2:ℤ)^n - (2:ℤ)^i) := by
  constructor
  · intro nk
    simp only [Set.mem_insert_iff, Set.mem_singleton_iff, Prod.mk.injEq] at nk
    obtain ⟨rfl, rfl⟩ | ⟨rfl, rfl⟩ := nk <;> decide
  rintro ⟨npos, kpos, h⟩
  -- We know that n < 6.
  have := Imo2019P4.upper_bound kpos h
  interval_cases n
  -- n = 1
  · left; congr; norm_num at h
    exact Nat.le_antisymm h kpos
  -- n = 2
  · right; congr; norm_num [Finset.prod_range_succ] at h; norm_cast at h
    rwa [← Nat.factorial_inj']; norm_num

  all_goals exfalso; norm_num [Finset.prod_range_succ] at h; norm_cast at h
  -- n = 3
  · refine Nat.monotone_factorial.ne_of_lt_of_lt_nat 5 ?_ ?_ _ h <;> decide
  -- n = 4
  · refine Nat.monotone_factorial.ne_of_lt_of_lt_nat 7 ?_ ?_ _ h <;> decide
  -- n = 5
  · refine Nat.monotone_factorial.ne_of_lt_of_lt_nat 10 ?_ ?_ _ h <;> decide


",,True,-1,"problem imo2018_p2 (n k : ℕ) :
    (n, k) ∈ solution_set ↔
    0 < n ∧ 0 < k ∧
    (k ! : ℤ) = ∏ i ∈ Finset.range n, ((2:ℤ)^n - (2:ℤ)^i) := by
  constructor
  · intro nk
    simp only [Set.mem_insert_iff, Set.mem_singleton_iff, Prod.mk.injEq] at nk
    obtain ⟨rfl, rfl⟩ | ⟨rfl, rfl⟩ := nk <;> decide
  rintro ⟨npos, kpos, h⟩
  -- We know that n < 6.
  have := Imo2019P4.upper_bound kpos h
  omega_restrict n
  -- n = 1
  · left; congr; norm_num at h
    exact Nat.le_antisymm h kpos
  -- n = 2
  · right; congr; norm_num [Finset.prod_range_succ] at h; norm_cast at h
    rwa [← Nat.factorial_inj']; norm_num

  all_goals exfalso; norm_num [Finset.prod_range_succ] at h; norm_cast at h
  -- n = 3
  · refine Nat.monotone_factorial.ne_of_lt_of_lt_nat 5 ?_ ?_ _ h <;> decide
  -- n = 4
  · refine Nat.monotone_factorial.ne_of_lt_of_lt_nat 7 ?_ ?_ _ h <;> decide
  -- n = 5
  · refine Nat.monotone_factorial.ne_of_lt_of_lt_nat 10 ?_ ?_ _ h <;> decide


","💥️unknown tactic

💥️unsolved goals
case mpr.intro.intro
n k : ℕ
npos : 0 < n
kpos : 0 < k
h : ↑k ! = ∏ i ∈ Finset.range n, (2 ^ n - 2 ^ i)
this : n < 6
⊢ (n, k) ∈ solution_set",False,10,Compfiles.Imo2019P4,Llama-8B,LENGTH,best_of_n,False,0,-1,Imo2019P4.imo2018_p2,False
-1,False,38,"problem imo2018_p2 (n k : ℕ) :
    (n, k) ∈ solution_set ↔
    0 < n ∧ 0 < k ∧
    (k ! : ℤ) = ∏ i ∈ Finset.range n, ((2:ℤ)^n - (2:ℤ)^i) := by
  constructor
  · intro nk
    simp only [Set.mem_insert_iff, Set.mem_singleton_iff, Prod.mk.injEq] at nk
    obtain ⟨rfl, rfl⟩ | ⟨rfl, rfl⟩ := nk <;> decide
  rintro ⟨npos, kpos, h⟩
  -- We know that n < 6.
  have := Imo2019P4.upper_bound kpos h
  interval_cases n
  -- n = 1
  · left; congr; norm_num at h
    exact Nat.le_antisymm h kpos
  -- n = 2
  · right; congr; norm_num [Finset.prod_range_succ] at h; norm_cast at h
    rwa [← Nat.factorial_inj']; norm_num

  all_goals exfalso; norm_num [Finset.prod_range_succ] at h; norm_cast at h
  -- n = 3
  · refine Nat.monotone_factorial.ne_of_lt_of_lt_nat 5 ?_ ?_ _ h <;> decide
  -- n = 4
  · refine Nat.monotone_factorial.ne_of_lt_of_lt_nat 7 ?_ ?_ _ h <;> decide
  -- n = 5
  · refine Nat.monotone_factorial.ne_of_lt_of_lt_nat 10 ?_ ?_ _ h <;> decide


",,True,-1,"theorem imo2018_p2 (n k : ℕ) :
    (n, k) ∈ solution_set ↔
    0 < n ∧ 0 < k ∧
    (k ! : ℤ) = ∏ i ∈ Finset.range n, ((2:ℤ)^n - (2:ℤ)^i) := by
  constructor
  · rintro ⟨rfl, rfl⟩; simp [Prod.mk.injEq] only [range_n, Set.prod_singleton_iff]
  rintro ⟨etros, kpos, h⟩; obtain ⟨n, h₀, h⟩ := imo2019P4.upper_bound kpos h
  omega

","💥️unsolved goals
case mp.inr
n k : ℕ
h✝ : (n, k) ∈ {(2, 3)}
⊢ 0 < n ∧ 0 < k ∧ ↑k ! = ∏ i ∈ Finset.range n, (2 ^ n - 2 ^ i)

💥️unsolved goals
case mpr
n k : ℕ
⊢ 0 < n ∧ 0 < k ∧ ↑k ! = ∏ i ∈ Finset.range n, (2 ^ n - 2 ^ i) → (n, k) ∈ solution_set",False,10,Compfiles.Imo2019P4,Llama-8B,LENGTH,best_of_n,False,0,-1,Imo2019P4.imo2018_p2,False
-1,False,38,"problem imo2018_p2 (n k : ℕ) :
    (n, k) ∈ solution_set ↔
    0 < n ∧ 0 < k ∧
    (k ! : ℤ) = ∏ i ∈ Finset.range n, ((2:ℤ)^n - (2:ℤ)^i) := by
  constructor
  · intro nk
    simp only [Set.mem_insert_iff, Set.mem_singleton_iff, Prod.mk.injEq] at nk
    obtain ⟨rfl, rfl⟩ | ⟨rfl, rfl⟩ := nk <;> decide
  rintro ⟨npos, kpos, h⟩
  -- We know that n < 6.
  have := Imo2019P4.upper_bound kpos h
  interval_cases n
  -- n = 1
  · left; congr; norm_num at h
    exact Nat.le_antisymm h kpos
  -- n = 2
  · right; congr; norm_num [Finset.prod_range_succ] at h; norm_cast at h
    rwa [← Nat.factorial_inj']; norm_num

  all_goals exfalso; norm_num [Finset.prod_range_succ] at h; norm_cast at h
  -- n = 3
  · refine Nat.monotone_factorial.ne_of_lt_of_lt_nat 5 ?_ ?_ _ h <;> decide
  -- n = 4
  · refine Nat.monotone_factorial.ne_of_lt_of_lt_nat 7 ?_ ?_ _ h <;> decide
  -- n = 5
  · refine Nat.monotone_factorial.ne_of_lt_of_lt_nat 10 ?_ ?_ _ h <;> decide


",,True,-1,"primim <;> intro
-- There is `Finset.prod_range_succ` - but that is for (2:ℤ)^n - (2:ℤ)^i

theorem ne_prod_prod : (n, k) ∈ solution_set ↔ 0 < n ∧ 0 < k ∧ (k ! : ℤ) = ∏ i ∈ Finset.range n, ((2:ℤ)^n - (2:ℤ)^i) := by
  constructor
  · rintro ⟨rfl, rfl⟩ | ⟨rfl, rfl⟩
    simp only [Set.mem_insert_iff, Set.mem_singleton_iff, Prod.mk.injEq] at this
    obtain ⟨rfl, rfl⟩ | ⟨rfl, rfl⟩ := this
  · rintro ⟨npos, kpos, h⟩
    -- We know that n < 6.
    have := Imo2019P4.upper_bound kpos h
    omega
","💥️unexpected identifier; expected command

💥️unsolved goals
case mp.inl.refl
⊢ 0 < 1 ∧ 0 < 1 ∧ ↑1! = ∏ i ∈ Finset.range 1, (2 ^ 1 - 2 ^ i)

case mp.inr
n k : ℕ
h✝ : (n, k) ∈ {(2, 3)}
⊢ 0 < n ∧ 0 < k ∧ ↑k ! = ∏ i ∈ Finset.range n, (2 ^ n - 2 ^ i)

💥️unsolved goals
case mpr
n k : ℕ
⊢ 0 < n ∧ 0 < k ∧ ↑k ! = ∏ i ∈ Finset.range n, (2 ^ n - 2 ^ i) → (n, k) ∈ solution_set",False,10,Compfiles.Imo2019P4,Llama-8B,LENGTH,best_of_n,False,0,-1,Imo2019P4.imo2018_p2,False
-1,False,38,"problem imo2018_p2 (n k : ℕ) :
    (n, k) ∈ solution_set ↔
    0 < n ∧ 0 < k ∧
    (k ! : ℤ) = ∏ i ∈ Finset.range n, ((2:ℤ)^n - (2:ℤ)^i) := by
  constructor
  · intro nk
    simp only [Set.mem_insert_iff, Set.mem_singleton_iff, Prod.mk.injEq] at nk
    obtain ⟨rfl, rfl⟩ | ⟨rfl, rfl⟩ := nk <;> decide
  rintro ⟨npos, kpos, h⟩
  -- We know that n < 6.
  have := Imo2019P4.upper_bound kpos h
  interval_cases n
  -- n = 1
  · left; congr; norm_num at h
    exact Nat.le_antisymm h kpos
  -- n = 2
  · right; congr; norm_num [Finset.prod_range_succ] at h; norm_cast at h
    rwa [← Nat.factorial_inj']; norm_num

  all_goals exfalso; norm_num [Finset.prod_range_succ] at h; norm_cast at h
  -- n = 3
  · refine Nat.monotone_factorial.ne_of_lt_of_lt_nat 5 ?_ ?_ _ h <;> decide
  -- n = 4
  · refine Nat.monotone_factorial.ne_of_lt_of_lt_nat 7 ?_ ?_ _ h <;> decide
  -- n = 5
  · refine Nat.monotone_factorial.ne_of_lt_of_lt_nat 10 ?_ ?_ _ h <;> decide


",,True,-1,"theorem imo2018_p2 (n k : ℕ) :
    (n, k) ∈ solution_set ↔
    0 < n ∧ 0 < k ∧
    (k ! : ℤ) = ∏ i ∈ Finset.range n, ((2:ℤ)^n - (2:ℤ)^i) := by
  constructor
  · intro hk
    simp only [Set.mem_insert_iff, Set.mem_singleton_iff] at hk
    obtain ⟨rfl, rfl⟩ | ⟨rfl, rfl⟩ := hk <;> decide
  rintro ⟨posn, kpos, h⟩
  -- We know that n < 6.
  have := Imo2019P4.upper_bound kpos h
  omega
","💥️omega could not prove the goal:
a possible counterexample may satisfy the constraints
  c ≥ 0
  b ≥ 1
  1 ≤ a ≤ 5
where
 a := ↑n
 b := ↑k
 c := ∏ i ∈ Finset.range n, (2 ^ n - 2 ^ i)",False,10,Compfiles.Imo2019P4,Llama-8B,LENGTH,best_of_n,False,0,-1,Imo2019P4.imo2018_p2,False
-1,False,38,"problem imo2018_p2 (n k : ℕ) :
    (n, k) ∈ solution_set ↔
    0 < n ∧ 0 < k ∧
    (k ! : ℤ) = ∏ i ∈ Finset.range n, ((2:ℤ)^n - (2:ℤ)^i) := by
  constructor
  · intro nk
    simp only [Set.mem_insert_iff, Set.mem_singleton_iff, Prod.mk.injEq] at nk
    obtain ⟨rfl, rfl⟩ | ⟨rfl, rfl⟩ := nk <;> decide
  rintro ⟨npos, kpos, h⟩
  -- We know that n < 6.
  have := Imo2019P4.upper_bound kpos h
  interval_cases n
  -- n = 1
  · left; congr; norm_num at h
    exact Nat.le_antisymm h kpos
  -- n = 2
  · right; congr; norm_num [Finset.prod_range_succ] at h; norm_cast at h
    rwa [← Nat.factorial_inj']; norm_num

  all_goals exfalso; norm_num [Finset.prod_range_succ] at h; norm_cast at h
  -- n = 3
  · refine Nat.monotone_factorial.ne_of_lt_of_lt_nat 5 ?_ ?_ _ h <;> decide
  -- n = 4
  · refine Nat.monotone_factorial.ne_of_lt_of_lt_nat 7 ?_ ?_ _ h <;> decide
  -- n = 5
  · refine Nat.monotone_factorial.ne_of_lt_of_lt_nat 10 ?_ ?_ _ h <;> decide


",,True,-1,"theorem imo2018_p2 (n k : ℕ) :
    (n, k) ∈ solution_set ↔
    0 < n ∧ 0 < k ∧
    (k ! : ℤ) = ∏ i ∈ Finset.range n, ((2:ℤ)^n - (2:ℤ)^i) := by
  constructor
  · intro nk
    simp only [Prod.mk.injEq] at nk
    obtain ⟨rfl, rfl⟩ | ⟨rfl, rfl⟩ := nk
  rintro ⟨npos, kpos, h⟩
  -- We know that n < 6.
  have := Imo2019P4.upper_bound kpos h
  omega
","💥️unsolved goals
case mp.inl.refl
⊢ 0 < 1 ∧ 0 < 1 ∧ ↑1! = ∏ i ∈ Finset.range 1, (2 ^ 1 - 2 ^ i)

case mp.inr.refl
⊢ 0 < 2 ∧ 0 < 3 ∧ ↑3! = ∏ i ∈ Finset.range 2, (2 ^ 2 - 2 ^ i)

💥️omega could not prove the goal:
a possible counterexample may satisfy the constraints
  c ≥ 0
  b ≥ 1
  1 ≤ a ≤ 5
where
 a := ↑n
 b := ↑k
 c := ∏ i ∈ Finset.range n, (2 ^ n - 2 ^ i)",False,10,Compfiles.Imo2019P4,Llama-8B,LENGTH,best_of_n,False,0,-1,Imo2019P4.imo2018_p2,False
-1,False,38,"problem imo2018_p2 (n k : ℕ) :
    (n, k) ∈ solution_set ↔
    0 < n ∧ 0 < k ∧
    (k ! : ℤ) = ∏ i ∈ Finset.range n, ((2:ℤ)^n - (2:ℤ)^i) := by
  constructor
  · intro nk
    simp only [Set.mem_insert_iff, Set.mem_singleton_iff, Prod.mk.injEq] at nk
    obtain ⟨rfl, rfl⟩ | ⟨rfl, rfl⟩ := nk <;> decide
  rintro ⟨npos, kpos, h⟩
  -- We know that n < 6.
  have := Imo2019P4.upper_bound kpos h
  interval_cases n
  -- n = 1
  · left; congr; norm_num at h
    exact Nat.le_antisymm h kpos
  -- n = 2
  · right; congr; norm_num [Finset.prod_range_succ] at h; norm_cast at h
    rwa [← Nat.factorial_inj']; norm_num

  all_goals exfalso; norm_num [Finset.prod_range_succ] at h; norm_cast at h
  -- n = 3
  · refine Nat.monotone_factorial.ne_of_lt_of_lt_nat 5 ?_ ?_ _ h <;> decide
  -- n = 4
  · refine Nat.monotone_factorial.ne_of_lt_of_lt_nat 7 ?_ ?_ _ h <;> decide
  -- n = 5
  · refine Nat.monotone_factorial.ne_of_lt_of_lt_nat 10 ?_ ?_ _ h <;> decide


",,True,-1,"theorem imo2018_p2 (n k : ℕ) :
    (n, k) ∈ solution_set ↔
    0 < n ∧ 0 < k ∧
    (k ! : ℤ) = ∏ i ∈ Finset.range n, ((2:ℤ)^n - (2:ℤ)^i) := by
  constructor
  · intro hp
    simp_rw [Finset.prod_range_succ, ite_not] at hp
    obtain ⟨val, obtain ⟨a, ite_ae⟩,*t⟩,b⟩ := hp
    exact ((((2:ℤ)^4 - (2:ℤ)^a).trans (by simp [Finset.prod_range_succ])) *
      (((2:ℤ)^2 - (2:ℤ)^b).trans ((show ¬ a = ¬ b by decide) * (by simp [Finset.prod_range_succ])) * c

  rintro ⟨n, k, h⟩
  -- We know that n < 6.
  have := Imo2019P4.upper_bound k h
  omega

  all_goals exfalso; norm_num [Finset.prod_range_succ] at h; norm_cast at h
  -- n = 3; decide
  decide

","💥️unexpected token '⟨'; expected '⟩'

💥️simp made no progress

💥️unsolved goals
case mpr
n k : ℕ
⊢ 0 < n ∧ 0 < k ∧ ↑k ! = ∏ i ∈ Finset.range n, (2 ^ n - 2 ^ i) → (n, k) ∈ solution_set",False,10,Compfiles.Imo2019P4,Llama-8B,LENGTH,best_of_n,False,0,-1,Imo2019P4.imo2018_p2,False
-1,False,38,"problem imo2018_p2 (n k : ℕ) :
    (n, k) ∈ solution_set ↔
    0 < n ∧ 0 < k ∧
    (k ! : ℤ) = ∏ i ∈ Finset.range n, ((2:ℤ)^n - (2:ℤ)^i) := by
  constructor
  · intro nk
    simp only [Set.mem_insert_iff, Set.mem_singleton_iff, Prod.mk.injEq] at nk
    obtain ⟨rfl, rfl⟩ | ⟨rfl, rfl⟩ := nk <;> decide
  rintro ⟨npos, kpos, h⟩
  -- We know that n < 6.
  have := Imo2019P4.upper_bound kpos h
  interval_cases n
  -- n = 1
  · left; congr; norm_num at h
    exact Nat.le_antisymm h kpos
  -- n = 2
  · right; congr; norm_num [Finset.prod_range_succ] at h; norm_cast at h
    rwa [← Nat.factorial_inj']; norm_num

  all_goals exfalso; norm_num [Finset.prod_range_succ] at h; norm_cast at h
  -- n = 3
  · refine Nat.monotone_factorial.ne_of_lt_of_lt_nat 5 ?_ ?_ _ h <;> decide
  -- n = 4
  · refine Nat.monotone_factorial.ne_of_lt_of_lt_nat 7 ?_ ?_ _ h <;> decide
  -- n = 5
  · refine Nat.monotone_factorial.ne_of_lt_of_lt_nat 10 ?_ ?_ _ h <;> decide


",,True,-1,"theorem imo2018_p2 (n k : ℕ) :
    (n, k) ∈ solution_set ↔ 0 < n ∧ 0 < k ∧ (k ! : ℤ) = ∏ i ∈ Finset.range n, ((2:ℤ)^n - (2:ℤ)^i) := by
  constructor
  · intro hk
    simp only [Prod.mk.injEq] at hk <;> decide
  · intro ⟨n, k⟩
  -- We know that n < 6.
  have := Imo2019P4.upper_bound k hk
  omega
","💥️expected type must not contain free variables
  0 < n ∧ 0 < k ∧ ↑k ! = ∏ i ∈ Finset.range n, (2 ^ n - 2 ^ i)
Use the '+revert' option to automatically cleanup and revert free variables.

💥️unsolved goals
case mpr
n✝ k✝ : ℕ
n : 0 < n✝
k : 0 < k✝ ∧ ↑k✝! = ∏ i ∈ Finset.range n✝, (2 ^ n✝ - 2 ^ i)
⊢ (n✝, k✝) ∈ solution_set

💥️no goals to be solved",False,10,Compfiles.Imo2019P4,Llama-8B,LENGTH,best_of_n,False,0,-1,Imo2019P4.imo2018_p2,False
-1,False,38,"problem imo2018_p2 (n k : ℕ) :
    (n, k) ∈ solution_set ↔
    0 < n ∧ 0 < k ∧
    (k ! : ℤ) = ∏ i ∈ Finset.range n, ((2:ℤ)^n - (2:ℤ)^i) := by
  constructor
  · intro nk
    simp only [Set.mem_insert_iff, Set.mem_singleton_iff, Prod.mk.injEq] at nk
    obtain ⟨rfl, rfl⟩ | ⟨rfl, rfl⟩ := nk <;> decide
  rintro ⟨npos, kpos, h⟩
  -- We know that n < 6.
  have := Imo2019P4.upper_bound kpos h
  interval_cases n
  -- n = 1
  · left; congr; norm_num at h
    exact Nat.le_antisymm h kpos
  -- n = 2
  · right; congr; norm_num [Finset.prod_range_succ] at h; norm_cast at h
    rwa [← Nat.factorial_inj']; norm_num

  all_goals exfalso; norm_num [Finset.prod_range_succ] at h; norm_cast at h
  -- n = 3
  · refine Nat.monotone_factorial.ne_of_lt_of_lt_nat 5 ?_ ?_ _ h <;> decide
  -- n = 4
  · refine Nat.monotone_factorial.ne_of_lt_of_lt_nat 7 ?_ ?_ _ h <;> decide
  -- n = 5
  · refine Nat.monotone_factorial.ne_of_lt_of_lt_nat 10 ?_ ?_ _ h <;> decide


",,True,-1,"theorem imo2018_p2 (n k : ℕ) :
    (n, k) ∈ solution_set ↔
    0 < n ∧ 0 < k ∧
    (k ! : ℤ) = ∏ i ∈ Finset.range n, ((2:ℤ)^n - (2:ℤ)^i) := by
  constructor
  · intro hk
    simp only [Set.mem_insert_iff, Set.mem_singleton_iff, Prod.mk.injEq] at hk
    obtain ⟨rfl, rfl⟩ | ⟨rfl, rfl⟩ := hk <;> decide
  rintro ⟨n, k, h⟩
  -- We know that n < 6.
  have := Imo2019P4.upper_bound k h
  omega

/ finite_toSet.image_mem_mk
Structures.ext fun n ↦
  Finset.prod_range_succ n (fun _ ↦ (2:ℤ) ^ _).ne_total

this ▸ finset.prod_const _ (fun k ↦ (2:ℤ) ^ k).ne_total

/ finset.prod_const _ (fun k ↦ (2:ℤ) ^ k).ne_total

theorem imo2018_p2 (n k : ℕ) :
    (n, k) ∈ solution_set ↔ 0 < n ∧ 0 < k ∧ (k ! : ℤ) = ∏ i ∈ Finset.range n, ((2:ℤ)^n - (2:ℤ)^i) := by
  constructor
  · intro hk
    simp only [Set.mem_insert_iff, Set.mem_singleton_iff, Prod.mk.injEq] at hk
    obtain ⟨rfl, rfl⟩ | ⟨rfl, rfl⟩ := hk <;> decide
  rintro ⟨n, k, h⟩
  -- We know that n < 6.
  have := Imo2019P4.upper_bound k h
  omega

/ finite_toSet.image_mem_mk
Structures.ext fun n ↦
  Finset.prod_range_succ n (fun _ ↦ (2:ℤ) ^ _).ne_total

this ▸ finset.prod_const _ (fun k ↦ (2:ℤ) ^ k).ne_total

/ finset.prod_const _ (fun k ↦ (2:ℤ) ^ k).ne_total

theorem imo2018_p2 (n k : ℕ) :
    (n, k) ∈ solution_set ↔ 0 < n ∧ 0 < k ∧ (k ! : ℤ) = ∏ i ∈ Finset.range n, ((2:ℤ)^n - (2:ℤ)^i) := by
  constructor
  · intro hk
    simp only [Set.mem_insert_iff, Set.mem_singleton_iff, Prod.mk.injEq] at hk
    obtain ⟨rfl, rfl⟩ | ⟨rfl, rfl⟩ := hk <;> decide
  rintro ⟨n, k, h⟩
  -- We know that n < 6.
  have := Imo2019P4.upper_bound k h
  omega

/ finite_toSet.image_mem_mk
Structures.ext fun n ↦
  Finset.prod_range_succ n (fun _ ↦ (2:ℤ) ^ _).ne_total

this ▸ finset.prod_const _ (fun k ↦ (2:ℤ) ^ k).ne_total

/ finset.prod_const _ (fun k ↦ (2:ℤ) ^ k).ne_total

theorem imo2018_p2 (n k : ℕ) :
    (n, k) ∈ solution_set ↔ 0 < n ∧ 0 < k ∧ (k ! : ℤ) = ∏ i ∈ Finset.range n, ((2:ℤ)^n - (2:ℤ)^i) := by
  constructor
  · intro hk
    simp only [Set.mem_insert_iff, Set.mem_singleton_iff, Prod.mk.injEq] at hk
    obtain ⟨rfl, rfl⟩ | ⟨rfl, rfl⟩ := hk <;> decide
  rintro ⟨n, k, h⟩
  -- We know that n < 6.
  have := Imo2019P4.upper_bound k h
  omega

/ finite_toSet.image_mem_mk
Structures.ext fun n ↦
  Finset.prod_range_succ n (fun _ ↦ (2:ℤ) ^ _).ne_total

this ▸ finset.prod_const _ (fun k ↦ (2:ℤ) ^ k).ne_total

/ finset.prod_const _ (fun k ↦ (2:ℤ) ^ k).ne_total

theorem imo2018_p2 (n k : ℕ) :
    (n, k) ∈ solution_set ↔","💥️omega could not prove the goal:
a possible counterexample may satisfy the constraints
  c ≥ 0
  b ≥ 1
  1 ≤ a ≤ 5
where
 a := ↑n✝
 b := ↑k✝
 c := ∏ i ∈ Finset.range n✝, (2 ^ n✝ - 2 ^ i)",False,10,Compfiles.Imo2019P4,Llama-8B,LENGTH,best_of_n,False,0,-1,Imo2019P4.imo2018_p2,False
-1,False,38,"problem imo2018_p2 (n k : ℕ) :
    (n, k) ∈ solution_set ↔
    0 < n ∧ 0 < k ∧
    (k ! : ℤ) = ∏ i ∈ Finset.range n, ((2:ℤ)^n - (2:ℤ)^i) := by
  constructor
  · intro nk
    simp only [Set.mem_insert_iff, Set.mem_singleton_iff, Prod.mk.injEq] at nk
    obtain ⟨rfl, rfl⟩ | ⟨rfl, rfl⟩ := nk <;> decide
  rintro ⟨npos, kpos, h⟩
  -- We know that n < 6.
  have := Imo2019P4.upper_bound kpos h
  interval_cases n
  -- n = 1
  · left; congr; norm_num at h
    exact Nat.le_antisymm h kpos
  -- n = 2
  · right; congr; norm_num [Finset.prod_range_succ] at h; norm_cast at h
    rwa [← Nat.factorial_inj']; norm_num

  all_goals exfalso; norm_num [Finset.prod_range_succ] at h; norm_cast at h
  -- n = 3
  · refine Nat.monotone_factorial.ne_of_lt_of_lt_nat 5 ?_ ?_ _ h <;> decide
  -- n = 4
  · refine Nat.monotone_factorial.ne_of_lt_of_lt_nat 7 ?_ ?_ _ h <;> decide
  -- n = 5
  · refine Nat.monotone_factorial.ne_of_lt_of_lt_nat 10 ?_ ?_ _ h <;> decide


",,True,-1,"problem imo2018_p2 (n k : ℕ) :
    (n, k) ∈ solution_set ↔
    0 < n ∧ 0 < k ∧
    (k ! : ℤ) = ∏ i ∈ Finset.range n, ((2:ℤ)^n - (2:ℤ)^i) := by
  constructor
  · intro hk
    simp only [Prod.mk.injEq] at hk
    obtain ⟨rfl, rfl⟩ | ⟨rfl, rfl⟩ := hk <;> decide
  rintro ⟨pos, kpos, h⟩
  -- We know that n < 6.
  have := Imo2019P4.upper_bound kpos h
  omega

#align imo2018_p2			    	

theorem imo2018_p2 (n k : ℕ) :
    (n, k) ∈ solution_set ↔ 0 < n ∧ 0 < k ∧ (k ! : ℤ) = ∏ i ∈ Finset.range n, ((2:ℤ)^n - (2:ℤ)^i) := by
  constructor
  · intro hk
    simp only [Prod.mk.injEq] at hk
    obtain ⟨rfl, rfl⟩ | ⟨rfl, rfl⟩ := hk <;> decide
  rintro ⟨pos, kpos, h⟩
  -- We know that n < 6.
  have := Imo2019P4.upper_bound kpos h
  omega

#align imo2018_p2			    	

theorem imo2018_p2 (n k : ℕ) :
    (n, k) ∈ solution_set ↔ 0 < n ∧ 0 < k ∧ (k ! : ℤ) = ∏ i ∈ Finset.range n, ((2:ℤ)^n - (2:ℤ)^i) := by
  constructor
  · intro hk
    simp only [Prod.mk.injEq] at hk
    obtain ⟨rfl, rfl⟩ | ⟨rfl, rfl⟩ := hk <;> decide
  rintro ⟨pos, kpos, h⟩
  -- We know that n < 6.
  have := Imo2019P4.upper_bound kpos h
  omega

#align imo2018_p2			    	

theorem imo2018_p2 (n k : ℕ) :
    (n, k) ∈ solution_set ↔ 0 < n ∧ 0 < k ∧ (k ! : ℤ) = ∏ i ∈ Finset.range n, ((2:ℤ)^n - (2:ℤ)^i) := by
  constructor
  · intro hk
    simp only [Prod.mk.injEq] at hk
    obtain ⟨rfl, rfl⟩ | ⟨rfl, rfl⟩ := hk <;> decide
  rintro ⟨pos, kpos, h⟩
  -- We know that n < 6.
  have := Imo2019P4.upper_bound kpos h
  omega

#align imo2018_p2			    	

theorem imo2018_p2 (n k : ℕ) :
    (n, k) ∈ solution_set ↔ 0 < n ∧ 0 < k ∧ (k ! : ℤ) = ∏ i ∈ Finset.range n, ((2:ℤ)^n - (2:ℤ)^i) := by
  constructor
  · intro hk
    simp only [Prod.mk.injEq] at hk
    obtain ⟨rfl, rfl⟩ | ⟨rfl, rfl⟩ := hk <;> decide
  rintro ⟨pos, kpos, h⟩
  -- We know that n < 6.
  have := Imo2019P4.upper_bound kpos h
  omega

#align imo2018_p2ActionCode

theorem imo2018_p2 (n k : ℕ) :
    (n, k) ∈ solution_set ↔ 0 < n ∧ 0 < k ∧ (k ! : ℤ) = ∏ i ∈ Finset.range n, ((2:ℤ)^n - (2:ℤ)^i) := by
  constructor
  · intro hk
    simp only [Prod.mk.injEq] at hk
    obtain ⟨rfl, rfl⟩ | ⟨rfl, rfl⟩ := hk <;> decide
  rintro ⟨pos, kpos, h⟩
  -- We know that n < 6.
  have := Imo2019P4.upper_bound kpos h
  omega

#align imo2018_p2 ACTIONS

theorem imo2018_p2 (n k : ℕ) :
    (n, k) ∈ solution_set ↔ 0 < n ∧ 0 < k ∧ (k ! : ℤ) =","💥️omega could not prove the goal:
a possible counterexample may satisfy the constraints
  c ≥ 0
  b ≥ 1
  1 ≤ a ≤ 5
where
 a := ↑n
 b := ↑k
 c := ∏ i ∈ Finset.range n, (2 ^ n - 2 ^ i)",False,10,Compfiles.Imo2019P4,Llama-8B,LENGTH,best_of_n,False,0,-1,Imo2019P4.imo2018_p2,False
-1,False,37,"problem imo2020_q2 (a b c d : ℝ) (hd0 : 0 < d) (hdc : d ≤ c) (hcb : c ≤ b) (hba : b ≤ a)
    (h1 : a + b + c + d = 1) : (a + 2 * b + 3 * c + 4 * d) * a ^ a * b ^ b * c ^ c * d ^ d < 1 := by
  /-
  A solution is to eliminate the powers using weighted AM-GM and replace
  `1` by `(a+b+c+d)^3`, leaving a homogeneous inequality that can be
  proved in many ways by expanding, rearranging and comparing individual
  terms.  The version here using factors such as `a+3b+3c+3d` is from
  the official solutions.
  -/

  have hp : a ^ a * b ^ b * c ^ c * d ^ d ≤ a * a + b * b + c * c + d * d := by
    refine geom_mean_le_arith_mean4_weighted ?_ ?_ ?_ ?_ ?_ ?_ ?_ ?_ h1 <;> linarith
  calc
    (a + 2 * b + 3 * c + 4 * d) * a ^ a * b ^ b * c ^ c * d ^ d =
        (a + 2 * b + 3 * c + 4 * d) * (a ^ a * b ^ b * c ^ c * d ^ d) := by ac_rfl
    _ ≤ (a + 2 * b + 3 * c + 4 * d) * (a * a + b * b + c * c + d * d) := by gcongr; linarith
    _ = (a + 2 * b + 3 * c + 4 * d) * a ^ 2 + (a + 2 * b + 3 * c + 4 * d) * b ^ 2
        + (a + 2 * b + 3 * c + 4 * d) * c ^ 2 + (a + 2 * b + 3 * c + 4 * d) * d ^ 2 := by ring
    _ ≤ (a + 3 * b + 3 * c + 3 * d) * a ^ 2 + (3 * a + b + 3 * c + 3 * d) * b ^ 2
        + (3 * a + 3 * b + c + 3 * d) * c ^ 2 + (3 * a + 3 * b + 3 * c + d) * d ^ 2 := by
        gcongr ?_ * _ + ?_ * _ + ?_ * _ + ?_ * _ <;> linarith
    _ < (a + 3 * b + 3 * c + 3 * d) * a ^ 2 + (3 * a + b + 3 * c + 3 * d) * b ^ 2
        + (3 * a + 3 * b + c + 3 * d) * c ^ 2 + (3 * a + 3 * b + 3 * c + d) * d ^ 2
        + (6 * a * b * c + 6 * a * b * d + 6 * a * c * d + 6 * b * c * d) :=
        (lt_add_of_pos_right _ (by apply_rules [add_pos, mul_pos, zero_lt_one] <;> linarith))
    _ = (a + b + c + d) ^ 3 := by ring
    _ = 1 := by simp [h1]
",,True,-1,"theorem imo2020_q2 (a b c d : ℝ) (hd0 : 0 < d) (hdc : d ≤ c) (hcb : c ≤ b) (hba : b ≤ a)
    (h1 : a + b + c + d = 1) : (a + 2 * b + 3 * c + 4 * d) * a ^ a * b ^ b * c ^ c * d ^ d < 1 := by
  /-
  A solution is to eliminate the powers using weighted AM-GM and replace
  `1` by `(a+b+c+d)^3`, leaving a homogeneous inequality that can be
  proved in many ways by expanding, rearranging and comparing individual
  terms.  The version here using factors such as `a+3b+3c+3d` is from
  the official solutions.
  -/

  have hp : a ^ a * b ^ b * c ^ c * d ^ d ≤ a * a + b * b + c * c + d * d := by
    apply_rules [weighted_antiweighted] <;> linarith
  calc
    (a + 2 * b + 3 * c + 4 * d) * a ^ a * b ^ b * c ^ c * d ^ d =
        (a + 2 * b + 3 * c + 4 * d) * (a ^ a * b ^ b * c ^ c * d ^ d) := by ac_rfl
    _ ≤ (a + 2 * b + 3 * c + 4 * d) * (a * a + b * b + c * c + d * d) := by gcongr; linarith
    _ = (a + 2 * b + 3 * c + 4 * d) * a ^ 2 + (a + 2 * b + 3 * c + 4 * d) * b ^ 2
        + (a + 2 * b + 3 * c + 4 * d) * c ^ 2 + (a + 2 * b + 3 * c + 4 * d) * d ^ 2 := by ring
    _ ≤ (a + 3 * b + 3 * c + 3 * d) * a ^ 2 + (3 * a + b + 3 * c + 3 * d) * b ^ 2
        + (3 * a + 3 * b + c + 3 * d) * c ^ 2 + (3 * a + 3 * b + 3 * c + d) * d ^ 2 := by
        gcongr ?_ * _ + ?_ * _ + ?_ * _ + ?_ * _ <;> linarith
    _ < (a + 3 * b + 3 * c + 3 * d) * a ^ 2 + (3 * a + b + 3 * c + 3 * d) * b ^ 2
        + (3 * a + 3 * b + c + 3 * d) * c ^ 2 + (3 * a + 3 * b + 3 * c + d) * d ^ 2
        + (6 * a * b * c + 6 * a * b * d + 6 * a * c * d + 6 * b * c * d) :=
        (lt_add_of_pos_right _ (by apply_rules [add_pos, mul_pos, zero_lt_one] <;> linarith))
    _ = (a + b + c + d) ^ 3 := by ring
    _ = 1 := by simp [h1]

",💥️unknown identifier 'weighted_antiweighted',False,10,Compfiles.Imo2020P2,Llama-8B,LENGTH,best_of_n,False,0,-1,imo2020_q2,False
-1,False,37,"problem imo2020_q2 (a b c d : ℝ) (hd0 : 0 < d) (hdc : d ≤ c) (hcb : c ≤ b) (hba : b ≤ a)
    (h1 : a + b + c + d = 1) : (a + 2 * b + 3 * c + 4 * d) * a ^ a * b ^ b * c ^ c * d ^ d < 1 := by
  /-
  A solution is to eliminate the powers using weighted AM-GM and replace
  `1` by `(a+b+c+d)^3`, leaving a homogeneous inequality that can be
  proved in many ways by expanding, rearranging and comparing individual
  terms.  The version here using factors such as `a+3b+3c+3d` is from
  the official solutions.
  -/

  have hp : a ^ a * b ^ b * c ^ c * d ^ d ≤ a * a + b * b + c * c + d * d := by
    refine geom_mean_le_arith_mean4_weighted ?_ ?_ ?_ ?_ ?_ ?_ ?_ ?_ h1 <;> linarith
  calc
    (a + 2 * b + 3 * c + 4 * d) * a ^ a * b ^ b * c ^ c * d ^ d =
        (a + 2 * b + 3 * c + 4 * d) * (a ^ a * b ^ b * c ^ c * d ^ d) := by ac_rfl
    _ ≤ (a + 2 * b + 3 * c + 4 * d) * (a * a + b * b + c * c + d * d) := by gcongr; linarith
    _ = (a + 2 * b + 3 * c + 4 * d) * a ^ 2 + (a + 2 * b + 3 * c + 4 * d) * b ^ 2
        + (a + 2 * b + 3 * c + 4 * d) * c ^ 2 + (a + 2 * b + 3 * c + 4 * d) * d ^ 2 := by ring
    _ ≤ (a + 3 * b + 3 * c + 3 * d) * a ^ 2 + (3 * a + b + 3 * c + 3 * d) * b ^ 2
        + (3 * a + 3 * b + c + 3 * d) * c ^ 2 + (3 * a + 3 * b + 3 * c + d) * d ^ 2 := by
        gcongr ?_ * _ + ?_ * _ + ?_ * _ + ?_ * _ <;> linarith
    _ < (a + 3 * b + 3 * c + 3 * d) * a ^ 2 + (3 * a + b + 3 * c + 3 * d) * b ^ 2
        + (3 * a + 3 * b + c + 3 * d) * c ^ 2 + (3 * a + 3 * b + 3 * c + d) * d ^ 2
        + (6 * a * b * c + 6 * a * b * d + 6 * a * c * d + 6 * b * c * d) :=
        (lt_add_of_pos_right _ (by apply_rules [add_pos, mul_pos, zero_lt_one] <;> linarith))
    _ = (a + b + c + d) ^ 3 := by ring
    _ = 1 := by simp [h1]
",,True,-1,"/-  Α solution is to elim the powers using weighted AM-GM and replace `1` by `(a + b + c + d)^3`, leaving
  a homogeneous inequality that can be proved in many ways by expanding, rearranging and comparing individual
  terms. The version here using factors such as `a+3b+3c+3d` is from the official solutions. -/
  have hp : a ^ a * b ^ b * c ^ c * d ^ d ≤ a * a + b * b + c * c + d * d := by
    refine geom_mean_le_arith_mean4_weighted ?_ ?_ ?_ ?_
      (by positivity) fun p hp ↦ ?_ <;> linarith
  calc
    (a + 2 * b + 3 * c + 4 * d) * a ^ a * b ^ b * c ^ c * d ^ d =
        (a + 2 * b + 3 * c + 4 * d) * (a ^ a * b ^ b * c ^ c * d ^ d) := by ac_rfl
    _ ≤ (a + 2 * b + 3 * c + 4 * d) * (a * a + b * b + c * c + d * d) := by gcongr; linarith
    _ = (a + 2 * b + 3 * c + 4 * d) * a ^ 2 + (a + 2 * b + 3 * c + 4 * d) * b ^ 2
        + (a + 2 * b + 3 * c + 4 * d) * c ^ 2 + (a + 2 * b + 3 * c + 4 * d) * d ^ 2 := by ring
    _ ≤ (a + 3 * b + 3 * c + 3 * d) * a ^ 2 + (3 * a + b + 3 * c + 3 * d) * b ^ 2
        + (3 * a + 3 * b + c + 3 * d) * c ^ 2 + (3 * a + 3 * b + 3 * c + d) * d ^ 2 := by
        gcongr ?_ * _ + ?_ * _ + ?_ * _ + ?_ * _ <;> linarith
    _ < (a + 3 * b + 3 * c + 3 * d) * a ^ 2 + (3 * a + b + 3 * c + 3 * d) * b ^ 2
        + (3 * a + 3 * b + c + 3 * d) * c ^ 2 + (3 * a + 3 * b + 3 * c + d) * d ^ 2
        + (6 * a * b * c + 6 * a * b * d + 6 * a * c * d + 6 * b * c * d) :=
        (lt_add_of_pos_right _ (by apply_rules [add_pos, mul_pos, zero_lt_one] <;> linarith))
    _ = (a + b + c + d) ^ 3 := by ring
    _ = 1 := by simp [h1]

",💥️unexpected token 'have'; expected command,False,10,Compfiles.Imo2020P2,Llama-8B,LENGTH,best_of_n,False,0,-1,imo2020_q2,False
-1,False,37,"problem imo2020_q2 (a b c d : ℝ) (hd0 : 0 < d) (hdc : d ≤ c) (hcb : c ≤ b) (hba : b ≤ a)
    (h1 : a + b + c + d = 1) : (a + 2 * b + 3 * c + 4 * d) * a ^ a * b ^ b * c ^ c * d ^ d < 1 := by
  /-
  A solution is to eliminate the powers using weighted AM-GM and replace
  `1` by `(a+b+c+d)^3`, leaving a homogeneous inequality that can be
  proved in many ways by expanding, rearranging and comparing individual
  terms.  The version here using factors such as `a+3b+3c+3d` is from
  the official solutions.
  -/

  have hp : a ^ a * b ^ b * c ^ c * d ^ d ≤ a * a + b * b + c * c + d * d := by
    refine geom_mean_le_arith_mean4_weighted ?_ ?_ ?_ ?_ ?_ ?_ ?_ ?_ h1 <;> linarith
  calc
    (a + 2 * b + 3 * c + 4 * d) * a ^ a * b ^ b * c ^ c * d ^ d =
        (a + 2 * b + 3 * c + 4 * d) * (a ^ a * b ^ b * c ^ c * d ^ d) := by ac_rfl
    _ ≤ (a + 2 * b + 3 * c + 4 * d) * (a * a + b * b + c * c + d * d) := by gcongr; linarith
    _ = (a + 2 * b + 3 * c + 4 * d) * a ^ 2 + (a + 2 * b + 3 * c + 4 * d) * b ^ 2
        + (a + 2 * b + 3 * c + 4 * d) * c ^ 2 + (a + 2 * b + 3 * c + 4 * d) * d ^ 2 := by ring
    _ ≤ (a + 3 * b + 3 * c + 3 * d) * a ^ 2 + (3 * a + b + 3 * c + 3 * d) * b ^ 2
        + (3 * a + 3 * b + c + 3 * d) * c ^ 2 + (3 * a + 3 * b + 3 * c + d) * d ^ 2 := by
        gcongr ?_ * _ + ?_ * _ + ?_ * _ + ?_ * _ <;> linarith
    _ < (a + 3 * b + 3 * c + 3 * d) * a ^ 2 + (3 * a + b + 3 * c + 3 * d) * b ^ 2
        + (3 * a + 3 * b + c + 3 * d) * c ^ 2 + (3 * a + 3 * b + 3 * c + d) * d ^ 2
        + (6 * a * b * c + 6 * a * b * d + 6 * a * c * d + 6 * b * c * d) :=
        (lt_add_of_pos_right _ (by apply_rules [add_pos, mul_pos, zero_lt_one] <;> linarith))
    _ = (a + b + c + d) ^ 3 := by ring
    _ = 1 := by simp [h1]
",,True,37,"theorem imo2020_q2 (a b c d : ℝ) (hd0 : 0 < d) (hdc : d ≤ c) (hcb : c ≤ b) (hba : b ≤ a)
    (h1 : a + b + c + d = 1) : (a + 2 * b + 3 * c + 4 * d) * a ^ a * b ^ b * c ^ c * d ^ d < 1 := by
  /-
  A solution is to eliminate the powers using weighted AM-GM and replace
  `1` by `(a+b+c+d)^3`, leaving a homogeneous inequality that can be
  proved in many ways by expanding, rearranging and comparing individual
  terms.  The version here using factors such as `a+3b+3c+3d` is from
  the official solutions.
  -/

  have hp : a ^ a * b ^ b * c ^ c * d ^ d ≤ a * a + b * b + c * c + d * d := by
    refine geom_mean_le_arith_mean4_weighted ?_ ?_ ?_ ?_ ?_ ?_ ?_ ?_ h1 <;> linarith
  calc
    (a + 2 * b + 3 * c + 4 * d) * a ^ a * b ^ b * c ^ c * d ^ d =
        (a + 2 * b + 3 * c + 4 * d) * (a ^ a * b ^ b * c ^ c * d ^ d) := by ac_rfl
    _ ≤ (a + 2 * b + 3 * c + 4 * d) * (a * a + b * b + c * c + d * d) := by gcongr; linarith
    _ = (a + 2 * b + 3 * c + 4 * d) * a ^ 2 + (a + 2 * b + 3 * c + 4 * d) * b ^ 2
        + (a + 2 * b + 3 * c + 4 * d) * c ^ 2 + (a + 2 * b + 3 * c + 4 * d) * d ^ 2 := by ring
    _ ≤ (a + 3 * b + 3 * c + 3 * d) * a ^ 2 + (3 * a + b + 3 * c + 3 * d) * b ^ 2
        + (3 * a + 3 * b + c + 3 * d) * c ^ 2 + (3 * a + 3 * b + 3 * c + d) * d ^ 2 := by
        gcongr ?_ * _ + ?_ * _ + ?_ * _ + ?_ * _ <;> linarith
    _ < (a + 3 * b + 3 * c + 3 * d) * a ^ 2 + (3 * a + b + 3 * c + 3 * d) * b ^ 2
        + (3 * a + 3 * b + c + 3 * d) * c ^ 2 + (3 * a + 3 * b + 3 * c + d) * d ^ 2
        + (6 * a * b * c + 6 * a * b * d + 6 * a * c * d + 6 * b * c * d) :=
        (lt_add_of_pos_right _ (by apply_rules [add_pos, mul_pos, zero_lt_one] <;> linarith))
    _ = (a + b + c + d) ^ 3 := by ring
    _ = 1 := by simp [h1]
",,True,10,Compfiles.Imo2020P2,Llama-8B,LENGTH,best_of_n,False,0,0,imo2020_q2,False
-1,False,37,"problem imo2020_q2 (a b c d : ℝ) (hd0 : 0 < d) (hdc : d ≤ c) (hcb : c ≤ b) (hba : b ≤ a)
    (h1 : a + b + c + d = 1) : (a + 2 * b + 3 * c + 4 * d) * a ^ a * b ^ b * c ^ c * d ^ d < 1 := by
  /-
  A solution is to eliminate the powers using weighted AM-GM and replace
  `1` by `(a+b+c+d)^3`, leaving a homogeneous inequality that can be
  proved in many ways by expanding, rearranging and comparing individual
  terms.  The version here using factors such as `a+3b+3c+3d` is from
  the official solutions.
  -/

  have hp : a ^ a * b ^ b * c ^ c * d ^ d ≤ a * a + b * b + c * c + d * d := by
    refine geom_mean_le_arith_mean4_weighted ?_ ?_ ?_ ?_ ?_ ?_ ?_ ?_ h1 <;> linarith
  calc
    (a + 2 * b + 3 * c + 4 * d) * a ^ a * b ^ b * c ^ c * d ^ d =
        (a + 2 * b + 3 * c + 4 * d) * (a ^ a * b ^ b * c ^ c * d ^ d) := by ac_rfl
    _ ≤ (a + 2 * b + 3 * c + 4 * d) * (a * a + b * b + c * c + d * d) := by gcongr; linarith
    _ = (a + 2 * b + 3 * c + 4 * d) * a ^ 2 + (a + 2 * b + 3 * c + 4 * d) * b ^ 2
        + (a + 2 * b + 3 * c + 4 * d) * c ^ 2 + (a + 2 * b + 3 * c + 4 * d) * d ^ 2 := by ring
    _ ≤ (a + 3 * b + 3 * c + 3 * d) * a ^ 2 + (3 * a + b + 3 * c + 3 * d) * b ^ 2
        + (3 * a + 3 * b + c + 3 * d) * c ^ 2 + (3 * a + 3 * b + 3 * c + d) * d ^ 2 := by
        gcongr ?_ * _ + ?_ * _ + ?_ * _ + ?_ * _ <;> linarith
    _ < (a + 3 * b + 3 * c + 3 * d) * a ^ 2 + (3 * a + b + 3 * c + 3 * d) * b ^ 2
        + (3 * a + 3 * b + c + 3 * d) * c ^ 2 + (3 * a + 3 * b + 3 * c + d) * d ^ 2
        + (6 * a * b * c + 6 * a * b * d + 6 * a * c * d + 6 * b * c * d) :=
        (lt_add_of_pos_right _ (by apply_rules [add_pos, mul_pos, zero_lt_one] <;> linarith))
    _ = (a + b + c + d) ^ 3 := by ring
    _ = 1 := by simp [h1]
",,True,-1,"#align imo2020_q2's solution

/- The key optimum is that the inequality is homogeneous of degree 6 (after
  factoring out `1`), so we can set `a + b + c + d = t` and then
  all variables can be expressed in terms of `t`. For this, we have to
  upper bound each of `a, b, c, d`. -/

factually, the value of `a + b + c + d` is determined by the sum
`a + b + c + d = 1 / (a * b * c * d)`. But since they are all positive,
this sum is at least 4 (by am_iq Expo ≤ ⟨a, b, c, d⟩)).

But I don't know if this is useful here.

/- The original inequality is 1 = a + b + c + d → t = 1. -/

by rw [← h1]

/- The version with factors such as `a + 3b + 3c + 3d` is from
  the official solutions. -/

So, let me try to use this representation.

/- To begin, replace `1` by `(a + b + c + d)^3`. This gives a
  homogeneous inequality of degree 6 that can be proved in many ways by
  expanding, rearranging and comparing individual terms. -/

by rw [h1]

/- Now, compute `I := (a + 2 * b + 3 * c + 4 * d) / (a * b * c * d)`. Then expressions
  of `I` power can be used to form the left-hand side of the inequality. -/

by compute this I, and then write L = (a + 2 * b + 3 * c + 4 * d) * a ^ a * b ^ b * c ^ c * d ^ d

os have : L = (a + 2 * b + 3 * c + 4 * d) * (a * a + b * b + c * c + d * d) := by apply
  mass033_left_eval.

/-?. Spect this with hp;'
    refine mem₀_le_weights ?_ ?_ ?_ ?_ ?_ <;> linarith
","💥️unexpected token '#'; expected command

💥️unterminated comment

💥️unexpected command",False,10,Compfiles.Imo2020P2,Llama-8B,LENGTH,best_of_n,False,0,-1,imo2020_q2,False
-1,False,37,"problem imo2020_q2 (a b c d : ℝ) (hd0 : 0 < d) (hdc : d ≤ c) (hcb : c ≤ b) (hba : b ≤ a)
    (h1 : a + b + c + d = 1) : (a + 2 * b + 3 * c + 4 * d) * a ^ a * b ^ b * c ^ c * d ^ d < 1 := by
  /-
  A solution is to eliminate the powers using weighted AM-GM and replace
  `1` by `(a+b+c+d)^3`, leaving a homogeneous inequality that can be
  proved in many ways by expanding, rearranging and comparing individual
  terms.  The version here using factors such as `a+3b+3c+3d` is from
  the official solutions.
  -/

  have hp : a ^ a * b ^ b * c ^ c * d ^ d ≤ a * a + b * b + c * c + d * d := by
    refine geom_mean_le_arith_mean4_weighted ?_ ?_ ?_ ?_ ?_ ?_ ?_ ?_ h1 <;> linarith
  calc
    (a + 2 * b + 3 * c + 4 * d) * a ^ a * b ^ b * c ^ c * d ^ d =
        (a + 2 * b + 3 * c + 4 * d) * (a ^ a * b ^ b * c ^ c * d ^ d) := by ac_rfl
    _ ≤ (a + 2 * b + 3 * c + 4 * d) * (a * a + b * b + c * c + d * d) := by gcongr; linarith
    _ = (a + 2 * b + 3 * c + 4 * d) * a ^ 2 + (a + 2 * b + 3 * c + 4 * d) * b ^ 2
        + (a + 2 * b + 3 * c + 4 * d) * c ^ 2 + (a + 2 * b + 3 * c + 4 * d) * d ^ 2 := by ring
    _ ≤ (a + 3 * b + 3 * c + 3 * d) * a ^ 2 + (3 * a + b + 3 * c + 3 * d) * b ^ 2
        + (3 * a + 3 * b + c + 3 * d) * c ^ 2 + (3 * a + 3 * b + 3 * c + d) * d ^ 2 := by
        gcongr ?_ * _ + ?_ * _ + ?_ * _ + ?_ * _ <;> linarith
    _ < (a + 3 * b + 3 * c + 3 * d) * a ^ 2 + (3 * a + b + 3 * c + 3 * d) * b ^ 2
        + (3 * a + 3 * b + c + 3 * d) * c ^ 2 + (3 * a + 3 * b + 3 * c + d) * d ^ 2
        + (6 * a * b * c + 6 * a * b * d + 6 * a * c * d + 6 * b * c * d) :=
        (lt_add_of_pos_right _ (by apply_rules [add_pos, mul_pos, zero_lt_one] <;> linarith))
    _ = (a + b + c + d) ^ 3 := by ring
    _ = 1 := by simp [h1]
",,True,-1,"/-
  A solution is to eliminate the powers using weighted AM-GM and replace
  `1` by `(a+b+c+d)^3`, leaving a homogeneous inequality that can be
  proved in many ways by expanding, rearranging and comparing individual
  terms.  The version here using factors such as `a+3b+3c+3d` is from
  the official solutions.
  -/

  have hp : a ^ a * b ^ b * c ^ c * d ^ d ≤ a * a + b * b + c * c + d * d := by
    refine geom_mean_le_arith_mean4_weighted ?_ ?_ ?_ ?_ ?_ ?_ ?_ ?_ h1 <;> linarith
  calc
    (a + 2 * b + 3 * c + 4 * d) * a ^ a * b ^ b * c ^ c * d ^ d =
        (a + 2 * b + 3 * c + 4 * d) * (a ^ a * b ^ b * c ^ c * d ^ d) := by ac_rfl
    _ ≤ (a + 2 * b + 3 * c + 4 * d) * (a * a + b * b + c * c + d * d) := by gcongr; linarith
    _ = (a + 2 * b + 3 * c + 4 * d) * a ^ 2 + (a + 2 * b + 3 * c + 4 * d) * b ^ 2
        + (a + 2 * b + 3 * c + 4 * d) * c ^ 2 + (a + 2 * b + 3 * c + 4 * d) * d ^ 2 := by ring
    _ ≤ (a + 3 * b + 3 * c + 3 * d) * a ^ 2 + (3 * a + b + 3 * c + 3 * d) * b ^ 2
        + (3 * a + 3 * b + c + 3 * d) * c ^ 2 + (3 * a + 3 * b + 3 * c + d) * d ^ 2 := by
        gcongr ?_ * _ + ?_ * _ + ?_ * _ + ?_ * _ <;> linarith
    _ < (a + 3 * b + 3 * c + 3 * d) * a ^ 2 + (3 * a + b + 3 * c + 3 * d) * b ^ 2
        + (3 * a + 3 * b + c + 3 * d) * c ^ 2 + (3 * a + 3 * b + 3 * c + d) * d ^ 2
        + (6 * a * b * c + 6 * a * b * d + 6 * a * c * d + 6 * b * c * d) :=
        (lt_add_of_pos_right _ (by apply_rules [add_pos, mul_pos, zero_lt_one] <;> linarith))
    _ = (a + b + c + d) ^ 3 := by ring
    _ = 1 := by simp [h1]
",💥️unexpected token 'have'; expected command,False,10,Compfiles.Imo2020P2,Llama-8B,LENGTH,best_of_n,False,0,-1,imo2020_q2,False
-1,False,37,"problem imo2020_q2 (a b c d : ℝ) (hd0 : 0 < d) (hdc : d ≤ c) (hcb : c ≤ b) (hba : b ≤ a)
    (h1 : a + b + c + d = 1) : (a + 2 * b + 3 * c + 4 * d) * a ^ a * b ^ b * c ^ c * d ^ d < 1 := by
  /-
  A solution is to eliminate the powers using weighted AM-GM and replace
  `1` by `(a+b+c+d)^3`, leaving a homogeneous inequality that can be
  proved in many ways by expanding, rearranging and comparing individual
  terms.  The version here using factors such as `a+3b+3c+3d` is from
  the official solutions.
  -/

  have hp : a ^ a * b ^ b * c ^ c * d ^ d ≤ a * a + b * b + c * c + d * d := by
    refine geom_mean_le_arith_mean4_weighted ?_ ?_ ?_ ?_ ?_ ?_ ?_ ?_ h1 <;> linarith
  calc
    (a + 2 * b + 3 * c + 4 * d) * a ^ a * b ^ b * c ^ c * d ^ d =
        (a + 2 * b + 3 * c + 4 * d) * (a ^ a * b ^ b * c ^ c * d ^ d) := by ac_rfl
    _ ≤ (a + 2 * b + 3 * c + 4 * d) * (a * a + b * b + c * c + d * d) := by gcongr; linarith
    _ = (a + 2 * b + 3 * c + 4 * d) * a ^ 2 + (a + 2 * b + 3 * c + 4 * d) * b ^ 2
        + (a + 2 * b + 3 * c + 4 * d) * c ^ 2 + (a + 2 * b + 3 * c + 4 * d) * d ^ 2 := by ring
    _ ≤ (a + 3 * b + 3 * c + 3 * d) * a ^ 2 + (3 * a + b + 3 * c + 3 * d) * b ^ 2
        + (3 * a + 3 * b + c + 3 * d) * c ^ 2 + (3 * a + 3 * b + 3 * c + d) * d ^ 2 := by
        gcongr ?_ * _ + ?_ * _ + ?_ * _ + ?_ * _ <;> linarith
    _ < (a + 3 * b + 3 * c + 3 * d) * a ^ 2 + (3 * a + b + 3 * c + 3 * d) * b ^ 2
        + (3 * a + 3 * b + c + 3 * d) * c ^ 2 + (3 * a + 3 * b + 3 * c + d) * d ^ 2
        + (6 * a * b * c + 6 * a * b * d + 6 * a * c * d + 6 * b * c * d) :=
        (lt_add_of_pos_right _ (by apply_rules [add_pos, mul_pos, zero_lt_one] <;> linarith))
    _ = (a + b + c + d) ^ 3 := by ring
    _ = 1 := by simp [h1]
",,True,37,"@[deprecated imo2020_q2 (since := ""2024-10-07"")]
theorem imo2020_q2 (a b c d : ℝ) (hd0 : 0 < d) (hdc : d ≤ c) (hcb : c ≤ b) (hba : b ≤ a)
    (h1 : a + b + c + d = 1) : (a + 2 * b + 3 * c + 4 * d) * a ^ a * b ^ b * c ^ c * d ^ d < 1 := by
  /-
  A solution is to eliminate the powers using weighted AM-GM and replace
  `1` by `(a+b+c+d)^3`, leaving a homogeneous inequality that can be
  proved in many ways by expanding, rearranging and comparing individual
  terms.  The version here using factors such as `a+3b+3c+3d` is from
  the official solutions.
  -/

  have hp : a ^ a * b ^ b * c ^ c * d ^ d ≤ a * a + b * b + c * c + d * d := by
    refine geom_mean_le_arith_mean4_weighted ?_ ?_ ?_ ?_ ?_ ?_ ?_ ?_ h1 <;> linarith
  calc
    (a + 2 * b + 3 * c + 4 * d) * a ^ a * b ^ b * c ^ c * d ^ d =
        (a + 2 * b + 3 * c + 4 * d) * (a ^ a * b ^ b * c ^ c * d ^ d) := by ac_rfl
    _ ≤ (a + 2 * b + 3 * c + 4 * d) * (a * a + b * b + c * c + d * d) := by gcongr; linarith
    _ = (a + 2 * b + 3 * c + 4 * d) * a ^ 2 + (a + 2 * b + 3 * c + 4 * d) * b ^ 2
        + (a + 2 * b + 3 * c + 4 * d) * c ^ 2 + (a + 2 * b + 3 * c + 4 * d) * d ^ 2 := by ring
    _ ≤ (a + 3 * b + 3 * c + 3 * d) * a ^ 2 + (3 * a + b + 3 * c + 3 * d) * b ^ 2
        + (3 * a + 3 * b + c + 3 * d) * c ^ 2 + (3 * a + 3 * b + 3 * c + d) * d ^ 2 := by
        gcongr ?_ * _ + ?_ * _ + ?_ * _ + ?_ * _ <;> linarith
    _ < (a + 3 * b + 3 * c + 3 * d) * a ^ 2 + (3 * a + b + 3 * c + 3 * d) * b ^ 2
        + (3 * a + 3 * b + c + 3 * d) * c ^ 2 + (3 * a + 3 * b + 3 * c + d) * d ^ 2
        + (6 * a * b * c + 6 * a * b * d + 6 * a * c * d + 6 * b * c * d) :=
        (lt_add_of_pos_right _ (by apply_rules [add_pos, mul_pos, zero_lt_one] <;> linarith))
    _ = (a + b + c + d) ^ 3 := by ring
    _ = 1 := by simp [h1]

",,True,10,Compfiles.Imo2020P2,Llama-8B,LENGTH,best_of_n,False,0,0,imo2020_q2,False
-1,False,37,"problem imo2020_q2 (a b c d : ℝ) (hd0 : 0 < d) (hdc : d ≤ c) (hcb : c ≤ b) (hba : b ≤ a)
    (h1 : a + b + c + d = 1) : (a + 2 * b + 3 * c + 4 * d) * a ^ a * b ^ b * c ^ c * d ^ d < 1 := by
  /-
  A solution is to eliminate the powers using weighted AM-GM and replace
  `1` by `(a+b+c+d)^3`, leaving a homogeneous inequality that can be
  proved in many ways by expanding, rearranging and comparing individual
  terms.  The version here using factors such as `a+3b+3c+3d` is from
  the official solutions.
  -/

  have hp : a ^ a * b ^ b * c ^ c * d ^ d ≤ a * a + b * b + c * c + d * d := by
    refine geom_mean_le_arith_mean4_weighted ?_ ?_ ?_ ?_ ?_ ?_ ?_ ?_ h1 <;> linarith
  calc
    (a + 2 * b + 3 * c + 4 * d) * a ^ a * b ^ b * c ^ c * d ^ d =
        (a + 2 * b + 3 * c + 4 * d) * (a ^ a * b ^ b * c ^ c * d ^ d) := by ac_rfl
    _ ≤ (a + 2 * b + 3 * c + 4 * d) * (a * a + b * b + c * c + d * d) := by gcongr; linarith
    _ = (a + 2 * b + 3 * c + 4 * d) * a ^ 2 + (a + 2 * b + 3 * c + 4 * d) * b ^ 2
        + (a + 2 * b + 3 * c + 4 * d) * c ^ 2 + (a + 2 * b + 3 * c + 4 * d) * d ^ 2 := by ring
    _ ≤ (a + 3 * b + 3 * c + 3 * d) * a ^ 2 + (3 * a + b + 3 * c + 3 * d) * b ^ 2
        + (3 * a + 3 * b + c + 3 * d) * c ^ 2 + (3 * a + 3 * b + 3 * c + d) * d ^ 2 := by
        gcongr ?_ * _ + ?_ * _ + ?_ * _ + ?_ * _ <;> linarith
    _ < (a + 3 * b + 3 * c + 3 * d) * a ^ 2 + (3 * a + b + 3 * c + 3 * d) * b ^ 2
        + (3 * a + 3 * b + c + 3 * d) * c ^ 2 + (3 * a + 3 * b + 3 * c + d) * d ^ 2
        + (6 * a * b * c + 6 * a * b * d + 6 * a * c * d + 6 * b * c * d) :=
        (lt_add_of_pos_right _ (by apply_rules [add_pos, mul_pos, zero_lt_one] <;> linarith))
    _ = (a + b + c + d) ^ 3 := by ring
    _ = 1 := by simp [h1]
",,True,-1,"Moscow(Stack overflow)---2024

theorem imo2020_q2 (a b c d : ℝ) (hd0 : 0 < d) (hdc : d ≤ c) (hcb : c ≤ b) (hba : b ≤ a)
    (h1 : a + b + c + d = 1) : (a + 2 * b + 3 * c + 4 * d) * a ^ a * b ^ b * c ^ c * d ^ d < 1 := by
  /-
  A solution is to eliminate the powers using weighted AM-GM and replace
  `1` by `(a+b+c+d)^3`, leaving a homogeneous inequality that can be
  proved in many ways by expanding, rearranging and comparing individual
  terms.  The version here using factors such as `a+3b+3c+3d` is from
  the official solutions.
  -/

  have hp : a ^ a * b ^ b * c ^ c * d ^ d ≤ a * a + b * b + c * c + d * d := by
    refine geom_mean_le_arith_mean4_weighted ?_ ?_ ?_ ?_ ?_ ?_ ?_ ?_ h1 <;> linarith
  calc
    (a + 2 * b + 3 * c + 4 * d) * a ^ a * b ^ b * c ^ c * d ^ d =
        (a + 2 * b + 3 * c + 4 * d) * (a ^ a * b ^ b * c ^ c * d ^ d) := by ac_rfl
    _ ≤ (a + 2 * b + 3 * c + 4 * d) * (a * a + b * b + c * c + d * d) := by gcongr; linarith
    _ = (a + 2 * b + 3 * c + 4 * d) * a ^ 2 + (a + 2 * b + 3 * c + 4 * d) * b ^ 2
        + (a + 2 * b + 3 * c + 4 * d) * c ^ 2 + (a + 2 * b + 3 * c + 4 * d) * d ^ 2 := by ring
    _ ≤ (a + 3 * b + 3 * c + 3 * d) * a ^ 2 + (3 * a + b + 3 * c + 3 * d) * b ^ 2
        + (3 * a + 3 * b + c + 3 * d) * c ^ 2 + (3 * a + 3 * b + 3 * c + d) * d ^ 2 := by
        gcongr ?_ * _ + ?_ * _ + ?_ * _ + ?_ * _ <;> linarith
    _ < (a + 3 * b + 3 * c + 3 * d) * a ^ 2 + (3 * a + b + 3 * c + 3 * d) * b ^ 2
        + (3 * a + 3 * b + c + 3 * d) * c ^ 2 + (3 * a + 3 * b + 3 * c + d) * d ^ 2
        + (6 * a * b * c + 6 * a * b * d + 6 * a * c * d + 6 * b * c * d) :=
        (lt_add_of_pos_right _ (by apply_rules [add_pos, mul_pos, zero_lt_one] <;> linarith))
    _ = (a + b + c + d) ^ 3 := by ring
    _ = 1 := by simp [h1]

",💥️unexpected identifier; expected command,False,10,Compfiles.Imo2020P2,Llama-8B,LENGTH,best_of_n,False,0,-1,imo2020_q2,False
-1,False,37,"problem imo2020_q2 (a b c d : ℝ) (hd0 : 0 < d) (hdc : d ≤ c) (hcb : c ≤ b) (hba : b ≤ a)
    (h1 : a + b + c + d = 1) : (a + 2 * b + 3 * c + 4 * d) * a ^ a * b ^ b * c ^ c * d ^ d < 1 := by
  /-
  A solution is to eliminate the powers using weighted AM-GM and replace
  `1` by `(a+b+c+d)^3`, leaving a homogeneous inequality that can be
  proved in many ways by expanding, rearranging and comparing individual
  terms.  The version here using factors such as `a+3b+3c+3d` is from
  the official solutions.
  -/

  have hp : a ^ a * b ^ b * c ^ c * d ^ d ≤ a * a + b * b + c * c + d * d := by
    refine geom_mean_le_arith_mean4_weighted ?_ ?_ ?_ ?_ ?_ ?_ ?_ ?_ h1 <;> linarith
  calc
    (a + 2 * b + 3 * c + 4 * d) * a ^ a * b ^ b * c ^ c * d ^ d =
        (a + 2 * b + 3 * c + 4 * d) * (a ^ a * b ^ b * c ^ c * d ^ d) := by ac_rfl
    _ ≤ (a + 2 * b + 3 * c + 4 * d) * (a * a + b * b + c * c + d * d) := by gcongr; linarith
    _ = (a + 2 * b + 3 * c + 4 * d) * a ^ 2 + (a + 2 * b + 3 * c + 4 * d) * b ^ 2
        + (a + 2 * b + 3 * c + 4 * d) * c ^ 2 + (a + 2 * b + 3 * c + 4 * d) * d ^ 2 := by ring
    _ ≤ (a + 3 * b + 3 * c + 3 * d) * a ^ 2 + (3 * a + b + 3 * c + 3 * d) * b ^ 2
        + (3 * a + 3 * b + c + 3 * d) * c ^ 2 + (3 * a + 3 * b + 3 * c + d) * d ^ 2 := by
        gcongr ?_ * _ + ?_ * _ + ?_ * _ + ?_ * _ <;> linarith
    _ < (a + 3 * b + 3 * c + 3 * d) * a ^ 2 + (3 * a + b + 3 * c + 3 * d) * b ^ 2
        + (3 * a + 3 * b + c + 3 * d) * c ^ 2 + (3 * a + 3 * b + 3 * c + d) * d ^ 2
        + (6 * a * b * c + 6 * a * b * d + 6 * a * c * d + 6 * b * c * d) :=
        (lt_add_of_pos_right _ (by apply_rules [add_pos, mul_pos, zero_lt_one] <;> linarith))
    _ = (a + b + c + d) ^ 3 := by ring
    _ = 1 := by simp [h1]
",,True,-1,"#align imo2020_q2 imo2020_q2

/-!
### Criteria for and consequences of summability in optimization

We relate summability with bounds on the product in terms of powers of the variables.
-/

/-- The `LS`-sum of `1, w, hw` is a Fins norm if it is on the boundary. -/
theorem imo2020_q2 (a b c d : ℝ) (hd0 : 0 < d) (hdc : d ≤ c) (hcb : c ≤ b) (hba : b ≤ a)
    (h1 : a + b + c + d = 1) : (a + 2 * b + 3 * c + 4 * d) * a ^ a * b ^ b * c ^ c * d ^ d < 1 := by
  /-
  A solution is to eliminate the powers using weighted AM-GM and replace
  `1` by `(a+b+c+d)^3`, leaving a homogeneous inequality that can be
  proved in many ways by expanding, rearranging and comparing individual
  terms.  The version here using factors such as `a+3b+3c+3d` is from
  the official solutions.
  -/

  have hp : a ^ a * b ^ b * c ^ c * d ^ d ≤ a * a + b * b + c * c + d * d := by
    refine geom_mean_le_arith_mean4_weighted ?_ ?_ ?_ ?_ ?_ ?_ ?_ ?_ h1 <;> linarith
  calc
    (a + 2 * b + 3 * c + 4 * d) * a ^ a * b ^ b * c ^ c * d ^ d =
        (a + 2 * b + 3 * c + 4 * d) * (a ^ a * b ^ b * c ^ c * d ^ d) := by ac_rfl
    _ ≤ (a + 2 * b + 3 * c + 4 * d) * (a * a + b * b + c * c + d * d) := by gcongr; linarith
    _ = (a + 2 * b + 3 * c + 4 * d) * a ^ 2 + (a + 2 * b + 3 * c + 4 * d) * b ^ 2
        + (a + 2 * b + 3 * c + 4 * d) * c ^ 2 + (a + 2 * b + 3 * c + 4 * d) * d ^ 2 := by ring
    _ ≤ (a + 3 * b + 3 * c + 3 * d) * a ^ 2 + (3 * a + b + 3 * c + 3 * d) * b ^ 2
        + (3 * a + 3 * b + c + 3 * d) * c ^ 2 + (3 * a + 3 * b + 3 * c + d) * d ^ 2 := by
        gcongr ?_ * _ + ?_ * _ + ?_ * _ + ?_ * _ <;> linarith
    _ < (a + 3 * b + 3 * c + 3 * d) * a ^ 2 + (3 * a + b + 3 * c + 3 * d) * b ^ 2
        + (3 * a + 3 * b + c + 3 * d) * c ^ 2 + (3 * a + 3 * b + 3 * c + d) * d ^ 2
        + (6 * a * b * c + 6 * a * b * d + 6 * a * c * d + 6 * b * c * d) :=
        (lt_add_of_pos_right _ (by apply_rules [add_pos, mul_pos, zero_lt_one] <;> linarith))
    _ = (a + b + c + d) ^ 3 := by ring
    _ = 1 := by simp [h1]

",💥️unexpected token '#'; expected command,False,10,Compfiles.Imo2020P2,Llama-8B,LENGTH,best_of_n,False,0,-1,imo2020_q2,False
-1,False,37,"problem imo2020_q2 (a b c d : ℝ) (hd0 : 0 < d) (hdc : d ≤ c) (hcb : c ≤ b) (hba : b ≤ a)
    (h1 : a + b + c + d = 1) : (a + 2 * b + 3 * c + 4 * d) * a ^ a * b ^ b * c ^ c * d ^ d < 1 := by
  /-
  A solution is to eliminate the powers using weighted AM-GM and replace
  `1` by `(a+b+c+d)^3`, leaving a homogeneous inequality that can be
  proved in many ways by expanding, rearranging and comparing individual
  terms.  The version here using factors such as `a+3b+3c+3d` is from
  the official solutions.
  -/

  have hp : a ^ a * b ^ b * c ^ c * d ^ d ≤ a * a + b * b + c * c + d * d := by
    refine geom_mean_le_arith_mean4_weighted ?_ ?_ ?_ ?_ ?_ ?_ ?_ ?_ h1 <;> linarith
  calc
    (a + 2 * b + 3 * c + 4 * d) * a ^ a * b ^ b * c ^ c * d ^ d =
        (a + 2 * b + 3 * c + 4 * d) * (a ^ a * b ^ b * c ^ c * d ^ d) := by ac_rfl
    _ ≤ (a + 2 * b + 3 * c + 4 * d) * (a * a + b * b + c * c + d * d) := by gcongr; linarith
    _ = (a + 2 * b + 3 * c + 4 * d) * a ^ 2 + (a + 2 * b + 3 * c + 4 * d) * b ^ 2
        + (a + 2 * b + 3 * c + 4 * d) * c ^ 2 + (a + 2 * b + 3 * c + 4 * d) * d ^ 2 := by ring
    _ ≤ (a + 3 * b + 3 * c + 3 * d) * a ^ 2 + (3 * a + b + 3 * c + 3 * d) * b ^ 2
        + (3 * a + 3 * b + c + 3 * d) * c ^ 2 + (3 * a + 3 * b + 3 * c + d) * d ^ 2 := by
        gcongr ?_ * _ + ?_ * _ + ?_ * _ + ?_ * _ <;> linarith
    _ < (a + 3 * b + 3 * c + 3 * d) * a ^ 2 + (3 * a + b + 3 * c + 3 * d) * b ^ 2
        + (3 * a + 3 * b + c + 3 * d) * c ^ 2 + (3 * a + 3 * b + 3 * c + d) * d ^ 2
        + (6 * a * b * c + 6 * a * b * d + 6 * a * c * d + 6 * b * c * d) :=
        (lt_add_of_pos_right _ (by apply_rules [add_pos, mul_pos, zero_lt_one] <;> linarith))
    _ = (a + b + c + d) ^ 3 := by ring
    _ = 1 := by simp [h1]
",,True,-1,"/- The inequality is homogeneous of degree 9. The minimal value is achieved at
  the boundary, which is when one of the variables is zero. -/
lemma imo2020_q2 (a b c d : ℝ) (hd0 : 0 < d) (hdc : d ≤ c) (hcb : c ≤ b) (hba : b ≤ a)
    (h1 : a + b + c + d = 1) : (a + 2 * b + 3 * c + 4 * d) * a ^ a * b ^ b * c ^ c * d ^ d < 1 := by
  /-
  A solution is to eliminate the powers using weighted AM-GM and replace
  `1` by `(a+b+c+d)^3`, leaving a homogeneous inequality that can be
  proved in many ways by expanding, rearranging and comparing individual
  terms.  The version here using factors such as `a+3b+3c+3d` is from
  the official solutions.
  -/

  have hp : a ^ a * b ^ b * c ^ c * d ^ d ≤ a * a + b * b + c * c + d * d := by
    refine geom_mean_le_arith_mean4_weighted ?_ ?_ ?_ ?_ ?_ ?_ ?_ ?_ h1 <;> linarith
  calc
    (a + 2 * b + 3 * c + 4 * d) * a ^ a * b ^ b * c ^ c * d ^ d =
        (a + 2 * b + 3 * c + 4 * d) * (a ^ a * b ^ b * c ^ c * d ^ d) := by ac_rfl
    _ ≤ (a + 2 * b + 3 * c + 4 * d) * (a * a + b * b + c * c + d * d) := by gcongr; linarith
    _ = (a + 2 * b + 3 * c + 4 * d) * a ^ 2 + (a + 2 * b + 3 * c + 4 * d) * b ^ 2
        + (a + 2 * b + 3 * c + 4 * d) * c ^ 2 + (a + 2 * b + 3 * c + 4 * d) * d ^ 2 := by ring
    _ ≤ (a + 3 * b + 3 * c + 3 * d) * a ^ 2 + (3 * a + b + 3 * c + 3 * d) * b ^ 2
        + (3 * a + 3 * b + c + 3 * d) * c ^ 2 + (3 * a + 3 * b + 3 * c + d) * d ^ 2 := by
        gcongr
    _ < (a + 3 * b + 3 * c + 3 * d) * a ^ 2 + (3 * a + b + 3 * c + 3 * d) * b ^ 2
        + (3 * a + 3 * b + c + 3 * d) * c ^ 2 + (3 * a + 3 * b + 3 * c + d) * d ^ 2
        + (6 * a * b * c + 6 * a * b * d + 6 * a * c * d + 6 * b * c * d) :=
        (lt_add_of_pos_right _ (by apply_rules [add_pos, mul_pos, zero_lt_one] <;> linarith))
    _ = (a + b + c + d) ^ 3 := by ring
    _ = 1 := by simp [h1]

","💥️unsolved goals
case h₁.h₁.h₁.h.h₁.bc.bc.a0
a b c d : ℝ
hd0 : 0 < d
hdc : d ≤ c
hcb : c ≤ b
hba : b ≤ a
h1 : a + b + c + d = 1
hp : a ^ a * b ^ b * c ^ c * d ^ d ≤ a * a + b * b + c * c + d * d
⊢ 0 ≤ b

case h₁.h₁.h₁.h.h₁.bc.bc.h
a b c d : ℝ
hd0 : 0 < d
hdc : d ≤ c
hcb : c ≤ b
hba : b ≤ a
h1 : a + b + c + d = 1
hp : a ^ a * b ^ b * c ^ c * d ^ d ≤ a * a + b * b + c * c + d * d
⊢ 2 ≤ 3

case h₁.h₁.h₁.h.h₂.h
a b c d : ℝ
hd0 : 0 < d
hdc : d ≤ c
hcb : c ≤ b
hba : b ≤ a
h1 : a + b + c + d = 1
hp : a ^ a * b ^ b * c ^ c * d ^ d ≤ a * a + b * b + c * c + d * d
⊢ 4 ≤ 3

case h₁.h₁.h₂.h.h₁.bc.h₁
a b c d : ℝ
hd0 : 0 < d
hdc : d ≤ c
hcb : c ≤ b
hba : b ≤ a
h1 : a + b + c + d = 1
hp : a ^ a * b ^ b * c ^ c * d ^ d ≤ a * a + b * b + c * c + d * d
⊢ a ≤ 3 * a

case h₁.h₁.h₂.h.h₁.bc.h₂
a b c d : ℝ
hd0 : 0 < d
hdc : d ≤ c
hcb : c ≤ b
hba : b ≤ a
h1 : a + b + c + d = 1
hp : a ^ a * b ^ b * c ^ c * d ^ d ≤ a * a + b * b + c * c + d * d
⊢ 2 * b ≤ b

case h₁.h₁.h₂.h.h₂.h
a b c d : ℝ
hd0 : 0 < d
hdc : d ≤ c
hcb : c ≤ b
hba : b ≤ a
h1 : a + b + c + d = 1
hp : a ^ a * b ^ b * c ^ c * d ^ d ≤ a * a + b * b + c * c + d * d
⊢ 4 ≤ 3

case h₁.h₂.h.h₁.h₁.h₁
a b c d : ℝ
hd0 : 0 < d
hdc : d ≤ c
hcb : c ≤ b
hba : b ≤ a
h1 : a + b + c + d = 1
hp : a ^ a * b ^ b * c ^ c * d ^ d ≤ a * a + b * b + c * c + d * d
⊢ a ≤ 3 * a

case h₁.h₂.h.h₁.h₁.h₂.a0
a b c d : ℝ
hd0 : 0 < d
hdc : d ≤ c
hcb : c ≤ b
hba : b ≤ a
h1 : a + b + c + d = 1
hp : a ^ a * b ^ b * c ^ c * d ^ d ≤ a * a + b * b + c * c + d * d
⊢ 0 ≤ b

case h₁.h₂.h.h₁.h₁.h₂.h
a b c d : ℝ
hd0 : 0 < d
hdc : d ≤ c
hcb : c ≤ b
hba : b ≤ a
h1 : a + b + c + d = 1
hp : a ^ a * b ^ b * c ^ c * d ^ d ≤ a * a + b * b + c * c + d * d
⊢ 2 ≤ 3

case h₁.h₂.h.h₁.h₂
a b c d : ℝ
hd0 : 0 < d
hdc : d ≤ c
hcb : c ≤ b
hba : b ≤ a
h1 : a + b + c + d = 1
hp : a ^ a * b ^ b * c ^ c * d ^ d ≤ a * a + b * b + c * c + d * d
⊢ 3 * c ≤ c

case h₁.h₂.h.h₂.h
a b c d : ℝ
hd0 : 0 < d
hdc : d ≤ c
hcb : c ≤ b
hba : b ≤ a
h1 : a + b + c + d = 1
hp : a ^ a * b ^ b * c ^ c * d ^ d ≤ a * a + b * b + c * c + d * d
⊢ 4 ≤ 3

case h₂.h.h₁.bc.h₁
a b c d : ℝ
hd0 : 0 < d
hdc : d ≤ c
hcb : c ≤ b
hba : b ≤ a
h1 : a + b + c + d = 1
hp : a ^ a * b ^ b * c ^ c * d ^ d ≤ a * a + b * b + c * c + d * d
⊢ a ≤ 3 * a

case h₂.h.h₁.bc.h₂.a0
a b c d : ℝ
hd0 : 0 < d
hdc : d ≤ c
hcb : c ≤ b
hba : b ≤ a
h1 : a + b + c + d = 1
hp : a ^ a * b ^ b * c ^ c * d ^ d ≤ a * a + b * b + c * c + d * d
⊢ 0 ≤ b

case h₂.h.h₁.bc.h₂.h
a b c d : ℝ
hd0 : 0 < d
hdc : d ≤ c
hcb : c ≤ b
hba : b ≤ a
h1 : a + b + c + d = 1
hp : a ^ a * b ^ b * c ^ c * d ^ d ≤ a * a + b * b + c * c + d * d
⊢ 2 ≤ 3

case h₂.h.h₂
a b c d : ℝ
hd0 : 0 < d
hdc : d ≤ c
hcb : c ≤ b
hba : b ≤ a
h1 : a + b + c + d = 1
hp : a ^ a * b ^ b * c ^ c * d ^ d ≤ a * a + b * b + c * c + d * d
⊢ 4 * d ≤ d",False,10,Compfiles.Imo2020P2,Llama-8B,LENGTH,best_of_n,False,0,-1,imo2020_q2,False
-1,False,37,"problem imo2020_q2 (a b c d : ℝ) (hd0 : 0 < d) (hdc : d ≤ c) (hcb : c ≤ b) (hba : b ≤ a)
    (h1 : a + b + c + d = 1) : (a + 2 * b + 3 * c + 4 * d) * a ^ a * b ^ b * c ^ c * d ^ d < 1 := by
  /-
  A solution is to eliminate the powers using weighted AM-GM and replace
  `1` by `(a+b+c+d)^3`, leaving a homogeneous inequality that can be
  proved in many ways by expanding, rearranging and comparing individual
  terms.  The version here using factors such as `a+3b+3c+3d` is from
  the official solutions.
  -/

  have hp : a ^ a * b ^ b * c ^ c * d ^ d ≤ a * a + b * b + c * c + d * d := by
    refine geom_mean_le_arith_mean4_weighted ?_ ?_ ?_ ?_ ?_ ?_ ?_ ?_ h1 <;> linarith
  calc
    (a + 2 * b + 3 * c + 4 * d) * a ^ a * b ^ b * c ^ c * d ^ d =
        (a + 2 * b + 3 * c + 4 * d) * (a ^ a * b ^ b * c ^ c * d ^ d) := by ac_rfl
    _ ≤ (a + 2 * b + 3 * c + 4 * d) * (a * a + b * b + c * c + d * d) := by gcongr; linarith
    _ = (a + 2 * b + 3 * c + 4 * d) * a ^ 2 + (a + 2 * b + 3 * c + 4 * d) * b ^ 2
        + (a + 2 * b + 3 * c + 4 * d) * c ^ 2 + (a + 2 * b + 3 * c + 4 * d) * d ^ 2 := by ring
    _ ≤ (a + 3 * b + 3 * c + 3 * d) * a ^ 2 + (3 * a + b + 3 * c + 3 * d) * b ^ 2
        + (3 * a + 3 * b + c + 3 * d) * c ^ 2 + (3 * a + 3 * b + 3 * c + d) * d ^ 2 := by
        gcongr ?_ * _ + ?_ * _ + ?_ * _ + ?_ * _ <;> linarith
    _ < (a + 3 * b + 3 * c + 3 * d) * a ^ 2 + (3 * a + b + 3 * c + 3 * d) * b ^ 2
        + (3 * a + 3 * b + c + 3 * d) * c ^ 2 + (3 * a + 3 * b + 3 * c + d) * d ^ 2
        + (6 * a * b * c + 6 * a * b * d + 6 * a * c * d + 6 * b * c * d) :=
        (lt_add_of_pos_right _ (by apply_rules [add_pos, mul_pos, zero_lt_one] <;> linarith))
    _ = (a + b + c + d) ^ 3 := by ring
    _ = 1 := by simp [h1]
",,True,-1," crowded imo2020_q2 (a b c d : ℝ) (hd0 : 0 < d) (hdc : d ≤ c) (hcb : c ≤ b) (hba : b ≤ a)
    (h1 : a + b + c + d = 1) : (a + 2 * b + 3 * c + 4 * d) * a ^ a * b ^ b * c ^ c * d ^ d < 1 := by
  /-
  A solution is to eliminate the powers using weighted AM-GM and replace
  `1` by `(a+b+c+d)^3`, leaving a homogeneous inequality that can be
  proved in many ways by expanding, rearranging and comparing individual
  terms.  The version here using factors such as `a+3b+3c+3d` is from
  the official solutions.
  -/

  have hp : a ^ a * b ^ b * c ^ c * d ^ d ≤ a * a + b * b + c * c + d * d := by
    refine geom_mean_le_arith_mean4_weighted ?_ ?_ ?_ ?_ ?_ ?_ ?_ ?_ h1 <;> linarith
  calc
    (a + 2 * b + 3 * c + 4 * d) * a ^ a * b ^ b * c ^ c * d ^ d =
        (a + 2 * b + 3 * c + 4 * d) * (a ^ a * b ^ b * c ^ c * d ^ d) := by ac_rfl
    _ ≤ (a + 2 * b + 3 * c + 4 * d) * (a * a + b * b + c * c + d * d) := by gcongr; linarith
    _ = (a + 2 * b + 3 * c + 4 * d) * a ^ 2 + (a + 2 * b + 3 * c + 4 * d) * b ^ 2
        + (a + 2 * b + 3 * c + 4 * d) * c ^ 2 + (a + 2 * b + 3 * c + 4 * d) * d ^ 2 := by ring
    _ ≤ (a + 3 * b + 3 * c + 3 * d) * a ^ 2 + (3 * a + b + 3 * c + 3 * d) * b ^ 2
        + (3 * a + 3 * b + c + 3 * d) * c ^ 2 + (3 * a + 3 * b + 3 * c + d) * d ^ 2 := by
        gcongr ?_ * _ + ?_ * _ + ?_ * _ + ?_ * _ <;> linarith
    _ < (a + 3 * b + 3 * c + 3 * d) * a ^ 2 + (3 * a + b + 3 * c + 3 * d) * b ^ 2
        + (3 * a + 3 * b + c + 3 * d) * c ^ 2 + (3 * a + 3 * b + 3 * c + d) * d ^ 2
        + (6 * a * b * c + 6 * a * b * d + 6 * a * c * d + 6 * b * c * d) :=
        (lt_add_of_pos_right _ (by apply_rules [add_pos, mul_pos, zero_lt_one] <;> linarith))
    _ = (a + b + c + d) ^ 3 := by ring
    _ = 1 := by simp [h1]

",💥️unexpected identifier; expected command,False,10,Compfiles.Imo2020P2,Llama-8B,LENGTH,best_of_n,False,0,-1,imo2020_q2,False
-1,False,16,"theorem exists_numbers_in_interval (n : ℕ) (hn : 100 ≤ n) :
    ∃ l : ℕ, n + 4 * l ≤ 2 * l ^ 2 ∧ 2 * l ^ 2 + 4 * l ≤ 2 * n := by
  have hn' : 1 ≤ Nat.sqrt (n + 1) := by
    rw [Nat.le_sqrt]
    omega
  have h₁ := Nat.sqrt_le' (n + 1)
  have h₂ := Nat.succ_le_succ_sqrt' (n + 1)
  have h₃ : 10 ≤ (n + 1).sqrt := by
    rw [Nat.le_sqrt]
    omega
  rw [← Nat.sub_add_cancel hn'] at h₁ h₂ h₃
  set l := (n + 1).sqrt - 1
  refine ⟨l, ?_, ?_⟩
  · calc n + 4 * l ≤ (l ^ 2 + 4 * l + 2) + 4 * l := by linarith only [h₂]
      _ ≤ 2 * l ^ 2 := by nlinarith only [h₃]
  · linarith only [h₁]

",,True,-1,"theorem exists_numbers_in_interval (n : ℕ) (hn : 100 ≤ n) :
    ∃ l : ℕ, n + 4 * l ≤ 2 * l ^ 2 ∧ 2 * l ^ 2 + 4 * l ≤ 2 * n := by
  have hn' : 1 ≤ Nat.sqrt (n + 1) := by
    rw [Nat.le_sqrt]
    omega
  have h₁ := Nat.sqrt_le' (n + 1)
  have h₂ := Nat.succ_le_succ_sqrt' (n + 1)
  have h₃ : 10 ≤ (n + 1).sqrt := by omega
  linarith only [hn', h₁, h₂, h₃]
","💥️omega could not prove the goal:
a possible counterexample may satisfy the constraints
  d ≥ 0
  c ≥ 0
  1 ≤ b ≤ 9
  a ≥ 100
  a - c ≥ -1
  a - d ≤ -2
where
 a := ↑n
 b := ↑(n + 1).sqrt
 c := ↑((n + 1).sqrt ^ 2)
 d := ↑(((n + 1).sqrt + 1) ^ 2)

💥️linarith failed to find a contradiction
n : ℕ
hn : 100 ≤ n
hn' : 1 ≤ (n + 1).sqrt
h₁ : (n + 1).sqrt ^ 2 ≤ n + 1
h₂ : n + 1 + 1 ≤ ((n + 1).sqrt + 1) ^ 2
h₃ : 10 ≤ (n + 1).sqrt
⊢ False failed",False,10,Compfiles.Imo2021P1,Llama-8B,LENGTH,best_of_n,False,0,-1,Imo2021P1.exists_numbers_in_interval,False
-1,False,16,"theorem exists_numbers_in_interval (n : ℕ) (hn : 100 ≤ n) :
    ∃ l : ℕ, n + 4 * l ≤ 2 * l ^ 2 ∧ 2 * l ^ 2 + 4 * l ≤ 2 * n := by
  have hn' : 1 ≤ Nat.sqrt (n + 1) := by
    rw [Nat.le_sqrt]
    omega
  have h₁ := Nat.sqrt_le' (n + 1)
  have h₂ := Nat.succ_le_succ_sqrt' (n + 1)
  have h₃ : 10 ≤ (n + 1).sqrt := by
    rw [Nat.le_sqrt]
    omega
  rw [← Nat.sub_add_cancel hn'] at h₁ h₂ h₃
  set l := (n + 1).sqrt - 1
  refine ⟨l, ?_, ?_⟩
  · calc n + 4 * l ≤ (l ^ 2 + 4 * l + 2) + 4 * l := by linarith only [h₂]
      _ ≤ 2 * l ^ 2 := by nlinarith only [h₃]
  · linarith only [h₁]

",,True,16,"theorem exists_numbers_in_interval (n : ℕ) (hn : 100 ≤ n) :
    ∃ l : ℕ, n + 4 * l ≤ 2 * l ^ 2 ∧ 2 * l ^ 2 + 4 * l ≤ 2 * n := by
  have hn' : 1 ≤ Nat.sqrt (n + 1) := by
    rw [Nat.le_sqrt]
    omega
  have h₁ := Nat.sqrt_le' (n + 1)
  have h₂ := Nat.succ_le_succ_sqrt' (n + 1)
  have h₃ : 10 ≤ (n + 1).sqrt := by
    rw [Nat.le_sqrt]
    omega
  rw [← Nat.sub_add_cancel hn'] at h₁ h₂ h₃
  set l := (n + 1).sqrt - 1
  refine ⟨l, ?_, ?_⟩
  · calc n + 4 * l ≤ (l ^ 2 + 4 * l + 2) + 4 * l := by linarith only [h₂]
      _ ≤ 2 * l ^ 2 := by nlinarith only [h₃]
  · linarith only [h₁]
",,True,10,Compfiles.Imo2021P1,Llama-8B,LENGTH,best_of_n,False,0,0,Imo2021P1.exists_numbers_in_interval,False
-1,False,16,"theorem exists_numbers_in_interval (n : ℕ) (hn : 100 ≤ n) :
    ∃ l : ℕ, n + 4 * l ≤ 2 * l ^ 2 ∧ 2 * l ^ 2 + 4 * l ≤ 2 * n := by
  have hn' : 1 ≤ Nat.sqrt (n + 1) := by
    rw [Nat.le_sqrt]
    omega
  have h₁ := Nat.sqrt_le' (n + 1)
  have h₂ := Nat.succ_le_succ_sqrt' (n + 1)
  have h₃ : 10 ≤ (n + 1).sqrt := by
    rw [Nat.le_sqrt]
    omega
  rw [← Nat.sub_add_cancel hn'] at h₁ h₂ h₃
  set l := (n + 1).sqrt - 1
  refine ⟨l, ?_, ?_⟩
  · calc n + 4 * l ≤ (l ^ 2 + 4 * l + 2) + 4 * l := by linarith only [h₂]
      _ ≤ 2 * l ^ 2 := by nlinarith only [h₃]
  · linarith only [h₁]

",,True,-1,"theorem exists_numbers_in_interval (n : ℕ) (hn : 100 ≤ n) :
    ∃ l : ℕ, n + 4 * l ≤ 2 * l ^ 2 ∧ 2 * l ^ 2 + 4 * l ≤ 2 * n := by
  have hn' : 1 ≤ Nat.sqrt (n + 1) := by
    rw [Nat.le_sqrt]
    omega
  have h₁ := Nat.sqrt_le' (n + 1)
  have h₂ := Nat.succ_le_succ_sqrt' (n + 1)
  have h₃ : 10 ≤ (n + 1).sqrt := by
    rw [Nat.le_sqrt]
    omega
  rw [← Nat.sub_add_cancel hn'] at h₁ h₂ h₃
  set l := (n + 1).sqrt - 1
  refine ⟨l, h₁_target, h₂_target hn', ?_⟩
  calc 2 * l ^ 2 + 4 * l ≤ 2 * (l ^ 2 + 2 * l) := by nlinarith
      _ ≤ 2 * l ^ 2 + 4 * l := by gcongr
      _ ≤ 2 * l ^ 2 + 4 * l := by gcongr


","💥️unknown identifier 'h₁_target'

💥️invalid constructor ⟨...⟩, expected type must be an inductive type with only one constructor 
  (2 * l ^ 2 + 4 * l).le (2 * n)

💥️no goals to be solved",False,10,Compfiles.Imo2021P1,Llama-8B,LENGTH,best_of_n,False,0,-1,Imo2021P1.exists_numbers_in_interval,False
-1,False,16,"theorem exists_numbers_in_interval (n : ℕ) (hn : 100 ≤ n) :
    ∃ l : ℕ, n + 4 * l ≤ 2 * l ^ 2 ∧ 2 * l ^ 2 + 4 * l ≤ 2 * n := by
  have hn' : 1 ≤ Nat.sqrt (n + 1) := by
    rw [Nat.le_sqrt]
    omega
  have h₁ := Nat.sqrt_le' (n + 1)
  have h₂ := Nat.succ_le_succ_sqrt' (n + 1)
  have h₃ : 10 ≤ (n + 1).sqrt := by
    rw [Nat.le_sqrt]
    omega
  rw [← Nat.sub_add_cancel hn'] at h₁ h₂ h₃
  set l := (n + 1).sqrt - 1
  refine ⟨l, ?_, ?_⟩
  · calc n + 4 * l ≤ (l ^ 2 + 4 * l + 2) + 4 * l := by linarith only [h₂]
      _ ≤ 2 * l ^ 2 := by nlinarith only [h₃]
  · linarith only [h₁]

",,True,16,"theorem exists_numbers_in_interval (n : ℕ) (hn : 100 ≤ n) :
    ∃ l : ℕ, n + 4 * l ≤ 2 * l ^ 2 ∧ 2 * l ^ 2 + 4 * l ≤ 2 * n := by
  have hn' : 1 ≤ Nat.sqrt (n + 1) := by
    rw [Nat.le_sqrt]
    omega
  have h₁ := Nat.sqrt_le' (n + 1)
  have h₂ := Nat.succ_le_succ_sqrt' (n + 1)
  have h₃ : 10 ≤ (n + 1).sqrt := by
    rw [Nat.le_sqrt]
    omega
  rw [← Nat.sub_add_cancel hn'] at h₁ h₂ h₃
  set l := (n + 1).sqrt - 1
  refine ⟨l, ?_, ?_⟩
  · calc n + 4 * l ≤ (l ^ 2 + 4 * l + 2) + 4 * l := by linarith only [h₂]
      _ ≤ 2 * l ^ 2 := by nlinarith only [h₃]
  · linarith only [h₁]
",,True,10,Compfiles.Imo2021P1,Llama-8B,LENGTH,best_of_n,False,0,0,Imo2021P1.exists_numbers_in_interval,False
-1,False,16,"theorem exists_numbers_in_interval (n : ℕ) (hn : 100 ≤ n) :
    ∃ l : ℕ, n + 4 * l ≤ 2 * l ^ 2 ∧ 2 * l ^ 2 + 4 * l ≤ 2 * n := by
  have hn' : 1 ≤ Nat.sqrt (n + 1) := by
    rw [Nat.le_sqrt]
    omega
  have h₁ := Nat.sqrt_le' (n + 1)
  have h₂ := Nat.succ_le_succ_sqrt' (n + 1)
  have h₃ : 10 ≤ (n + 1).sqrt := by
    rw [Nat.le_sqrt]
    omega
  rw [← Nat.sub_add_cancel hn'] at h₁ h₂ h₃
  set l := (n + 1).sqrt - 1
  refine ⟨l, ?_, ?_⟩
  · calc n + 4 * l ≤ (l ^ 2 + 4 * l + 2) + 4 * l := by linarith only [h₂]
      _ ≤ 2 * l ^ 2 := by nlinarith only [h₃]
  · linarith only [h₁]

",,True,16,"theorem exists_numbers_in_interval (n : ℕ) (hn : 100 ≤ n) :
    ∃ l : ℕ, n + 4 * l ≤ 2 * l ^ 2 ∧ 2 * l ^ 2 + 4 * l ≤ 2 * n := by
  have hn' : 1 ≤ Nat.sqrt (n + 1) := by
    rw [Nat.le_sqrt]
    omega
  have h₁ := Nat.sqrt_le' (n + 1)
  have h₂ := Nat.succ_le_succ_sqrt' (n + 1)
  have h₃ : 10 ≤ (n + 1).sqrt := by
    rw [Nat.le_sqrt]
    omega
  rw [← Nat.sub_add_cancel hn'] at h₁ h₂ h₃
  set l := (n + 1).sqrt - 1
  refine ⟨l, ?_, ?_⟩
  · calc n + 4 * l ≤ (l ^ 2 + 4 * l + 2) + 4 * l := by linarith only [h₂]
      _ ≤ 2 * l ^ 2 := by nlinarith only [h₃]
  · linarith only [h₁]
",,True,10,Compfiles.Imo2021P1,Llama-8B,LENGTH,best_of_n,False,0,0,Imo2021P1.exists_numbers_in_interval,False
-1,False,16,"theorem exists_numbers_in_interval (n : ℕ) (hn : 100 ≤ n) :
    ∃ l : ℕ, n + 4 * l ≤ 2 * l ^ 2 ∧ 2 * l ^ 2 + 4 * l ≤ 2 * n := by
  have hn' : 1 ≤ Nat.sqrt (n + 1) := by
    rw [Nat.le_sqrt]
    omega
  have h₁ := Nat.sqrt_le' (n + 1)
  have h₂ := Nat.succ_le_succ_sqrt' (n + 1)
  have h₃ : 10 ≤ (n + 1).sqrt := by
    rw [Nat.le_sqrt]
    omega
  rw [← Nat.sub_add_cancel hn'] at h₁ h₂ h₃
  set l := (n + 1).sqrt - 1
  refine ⟨l, ?_, ?_⟩
  · calc n + 4 * l ≤ (l ^ 2 + 4 * l + 2) + 4 * l := by linarith only [h₂]
      _ ≤ 2 * l ^ 2 := by nlinarith only [h₃]
  · linarith only [h₁]

",,True,-1,"theorem exists_numbers_in_interval (n : ℕ) (hn : 100 ≤ n) :
    ∃ l : ℕ, n + 4 * l ≤ 2 * l ^ 2 ∧ 2 * l ^ 2 + 4 * l ≤ 2 * n := by
  have hn' : 1 ≤ Nat.sqrt (n + 1) := by
    rw [Nat.le_sqrt]
    omega
  have h₁ := Nat.sqrt_le' (n + 1)
  have h₂ := Nat.succ_le_succ_sqrt' (n + 1)
  rw [← Nat.sub_add_cancel hn'] at h₁ h₂
  set l := (n + 1).sqrt - 1
  refine ⟨l, ?_, ?_⟩
  · calc n + 4 * l ≤ (l ^ 2 + 4 * l + 2) + 4 * l := by linarith only [h₂]
      _ ≤ 2 * l ^ 2 := by nlinarith only [hn_antitone_forall_ge_iff hn]
  · linarith only [h₁]
",💥️unknown identifier 'hn_antitone_forall_ge_iff',False,10,Compfiles.Imo2021P1,Llama-8B,LENGTH,best_of_n,False,0,-1,Imo2021P1.exists_numbers_in_interval,False
-1,False,16,"theorem exists_numbers_in_interval (n : ℕ) (hn : 100 ≤ n) :
    ∃ l : ℕ, n + 4 * l ≤ 2 * l ^ 2 ∧ 2 * l ^ 2 + 4 * l ≤ 2 * n := by
  have hn' : 1 ≤ Nat.sqrt (n + 1) := by
    rw [Nat.le_sqrt]
    omega
  have h₁ := Nat.sqrt_le' (n + 1)
  have h₂ := Nat.succ_le_succ_sqrt' (n + 1)
  have h₃ : 10 ≤ (n + 1).sqrt := by
    rw [Nat.le_sqrt]
    omega
  rw [← Nat.sub_add_cancel hn'] at h₁ h₂ h₃
  set l := (n + 1).sqrt - 1
  refine ⟨l, ?_, ?_⟩
  · calc n + 4 * l ≤ (l ^ 2 + 4 * l + 2) + 4 * l := by linarith only [h₂]
      _ ≤ 2 * l ^ 2 := by nlinarith only [h₃]
  · linarith only [h₁]

",,True,-1,"theorem exists_numbers_in_interval (n : ℕ) (hn : 100 ≤ n) :
    ∃ l : ℕ, n + 4 * l ≤ 2 * l ^ 2 ∧ 2 * l ^ 2 + 4 * l ≤ 2 * n := by
  have hn' : 1 ≤ Nat.sqrt (n + 1) := by omega
  have h₁ := Nat.sqrt_le' (n + 1)
  have h₂ := Nat.succ_le_succ_sqrt' (n + 1)
  have h₃ : 10 ≤ (n + 1).sqrt := by omega
  rw [← Nat.sub_add_cancel hn'] at h₁ h₂ h₃
  set l := (n + 1).sqrt - 1
  refine ⟨l, ?_, ?_⟩
  · calc n + 4 * l ≤ (l ^ 2 + 4 * l + 2) + 4 * l := by linarith only [h₂]
      _ ≤ 2 * l ^ 2 := by nlinarith only [h₃]
  · linarith only [h₁]
","💥️omega could not prove the goal:
a possible counterexample may satisfy the constraints
  a ≥ 100
where
 a := ↑n

💥️omega could not prove the goal:
a possible counterexample may satisfy the constraints
  d ≥ 0
  c ≥ 0
  1 ≤ b ≤ 9
  a ≥ 100
  a - c ≥ -1
  a - d ≤ -2
where
 a := ↑n
 b := ↑(n + 1).sqrt
 c := ↑((n + 1).sqrt ^ 2)
 d := ↑(((n + 1).sqrt + 1) ^ 2)",False,10,Compfiles.Imo2021P1,Llama-8B,LENGTH,best_of_n,False,0,-1,Imo2021P1.exists_numbers_in_interval,False
-1,False,16,"theorem exists_numbers_in_interval (n : ℕ) (hn : 100 ≤ n) :
    ∃ l : ℕ, n + 4 * l ≤ 2 * l ^ 2 ∧ 2 * l ^ 2 + 4 * l ≤ 2 * n := by
  have hn' : 1 ≤ Nat.sqrt (n + 1) := by
    rw [Nat.le_sqrt]
    omega
  have h₁ := Nat.sqrt_le' (n + 1)
  have h₂ := Nat.succ_le_succ_sqrt' (n + 1)
  have h₃ : 10 ≤ (n + 1).sqrt := by
    rw [Nat.le_sqrt]
    omega
  rw [← Nat.sub_add_cancel hn'] at h₁ h₂ h₃
  set l := (n + 1).sqrt - 1
  refine ⟨l, ?_, ?_⟩
  · calc n + 4 * l ≤ (l ^ 2 + 4 * l + 2) + 4 * l := by linarith only [h₂]
      _ ≤ 2 * l ^ 2 := by nlinarith only [h₃]
  · linarith only [h₁]

",,True,-1,"theorem exists_numbers_in_interval (n : ℕ) (hn : 100 ≤ n) :
    ∃ l : ℕ, n + 4 * l ≤ 2 * l ^ 2 ∧ 2 * l ^ 2 + 4 * l ≤ 2 * n := by
  have hn' : 1 ≤ Nat.sqrt (n + 1) := by
    rw [Nat.le_sqrt]
    omega
  have h₁ := Nat.sqrt_le' (n + 1)
  have h₂ := Nat.succ_le_succ_sqrt' (n + 1)
  have h₃ : 10 ≤ (n + 1).sqrt := by
    rw [Nat.le_sqrt]
    omega
  omega
","💥️omega could not prove the goal:
a possible counterexample may satisfy the constraints
  d ≥ 0
  c ≥ 0
  b ≥ 10
  a ≥ 100
  a - c ≥ -1
  a - d ≤ -2
where
 a := ↑n
 b := ↑(n + 1).sqrt
 c := ↑((n + 1).sqrt ^ 2)
 d := ↑(((n + 1).sqrt + 1) ^ 2)",False,10,Compfiles.Imo2021P1,Llama-8B,LENGTH,best_of_n,False,0,-1,Imo2021P1.exists_numbers_in_interval,False
-1,False,16,"theorem exists_numbers_in_interval (n : ℕ) (hn : 100 ≤ n) :
    ∃ l : ℕ, n + 4 * l ≤ 2 * l ^ 2 ∧ 2 * l ^ 2 + 4 * l ≤ 2 * n := by
  have hn' : 1 ≤ Nat.sqrt (n + 1) := by
    rw [Nat.le_sqrt]
    omega
  have h₁ := Nat.sqrt_le' (n + 1)
  have h₂ := Nat.succ_le_succ_sqrt' (n + 1)
  have h₃ : 10 ≤ (n + 1).sqrt := by
    rw [Nat.le_sqrt]
    omega
  rw [← Nat.sub_add_cancel hn'] at h₁ h₂ h₃
  set l := (n + 1).sqrt - 1
  refine ⟨l, ?_, ?_⟩
  · calc n + 4 * l ≤ (l ^ 2 + 4 * l + 2) + 4 * l := by linarith only [h₂]
      _ ≤ 2 * l ^ 2 := by nlinarith only [h₃]
  · linarith only [h₁]

",,True,16,"theorem exists_numbers_in_interval (n : ℕ) (hn : 100 ≤ n) :
    ∃ l : ℕ, n + 4 * l ≤ 2 * l ^ 2 ∧ 2 * l ^ 2 + 4 * l ≤ 2 * n := by
  have hn' : 1 ≤ Nat.sqrt (n + 1) := by
    rw [Nat.le_sqrt]
    omega
  have h₁ := Nat.sqrt_le' (n + 1)
  have h₂ := Nat.succ_le_succ_sqrt' (n + 1)
  have h₃ : 10 ≤ (n + 1).sqrt := by
    rw [Nat.le_sqrt]
    omega
  rw [← Nat.sub_add_cancel hn'] at h₁ h₂ h₃
  set l := (n + 1).sqrt - 1
  refine ⟨l, ?_, ?_⟩
  · calc n + 4 * l ≤ (l ^ 2 + 4 * l + 2) + 4 * l := by linarith only [h₂]
      _ ≤ 2 * l ^ 2 := by nlinarith only [h₃]
  · linarith only [h₁]
",,True,10,Compfiles.Imo2021P1,Llama-8B,LENGTH,best_of_n,False,0,0,Imo2021P1.exists_numbers_in_interval,False
-1,False,16,"theorem exists_numbers_in_interval (n : ℕ) (hn : 100 ≤ n) :
    ∃ l : ℕ, n + 4 * l ≤ 2 * l ^ 2 ∧ 2 * l ^ 2 + 4 * l ≤ 2 * n := by
  have hn' : 1 ≤ Nat.sqrt (n + 1) := by
    rw [Nat.le_sqrt]
    omega
  have h₁ := Nat.sqrt_le' (n + 1)
  have h₂ := Nat.succ_le_succ_sqrt' (n + 1)
  have h₃ : 10 ≤ (n + 1).sqrt := by
    rw [Nat.le_sqrt]
    omega
  rw [← Nat.sub_add_cancel hn'] at h₁ h₂ h₃
  set l := (n + 1).sqrt - 1
  refine ⟨l, ?_, ?_⟩
  · calc n + 4 * l ≤ (l ^ 2 + 4 * l + 2) + 4 * l := by linarith only [h₂]
      _ ≤ 2 * l ^ 2 := by nlinarith only [h₃]
  · linarith only [h₁]

",,True,16,"theorem exists_numbers_in_interval (n : ℕ) (hn : 100 ≤ n) :
    ∃ l : ℕ, n + 4 * l ≤ 2 * l ^ 2 ∧ 2 * l ^ 2 + 4 * l ≤ 2 * n := by
  have hn' : 1 ≤ Nat.sqrt (n + 1) := by
    rw [Nat.le_sqrt]
    omega
  have h₁ := Nat.sqrt_le' (n + 1)
  have h₂ := Nat.succ_le_succ_sqrt' (n + 1)
  have h₃ : 10 ≤ (n + 1).sqrt := by
    rw [Nat.le_sqrt]
    omega
  rw [← Nat.sub_add_cancel hn'] at h₁ h₂ h₃
  set l := (n + 1).sqrt - 1
  refine ⟨l, ?_, ?_⟩
  · calc n + 4 * l ≤ l ^ 2 + 4 * l + 2 + 4 * l := by linarith only [h₂]
      _ ≤ 2 * l ^ 2 := by nlinarith only [h₃]
  · linarith only [h₁]",,True,10,Compfiles.Imo2021P1,Llama-8B,LENGTH,best_of_n,False,0,0,Imo2021P1.exists_numbers_in_interval,False
-1,False,26,"theorem exists_triplet_summing_to_squares (n : ℕ) (hn : 100 ≤ n) :
    ∃ a b c : ℕ, n ≤ a ∧ a < b ∧ b < c ∧ c ≤ 2 * n ∧
      (∃ k : ℕ, a + b = k ^ 2) ∧ (∃ l : ℕ, c + a = l ^ 2) ∧ ∃ m : ℕ, b + c = m ^ 2 := by
  obtain ⟨l, hl1, hl2⟩ := exists_numbers_in_interval n hn
  have p : 1 < l := by contrapose! hl1; interval_cases l <;> omega
  have h₁ : 4 * l ≤ 2 * l ^ 2 := by omega
  have h₂ : 1 ≤ 2 * l := by omega
  refine ⟨2 * l ^ 2 - 4 * l, 2 * l ^ 2 + 1, 2 * l ^ 2 + 4 * l, ?_, ?_, ?_,
    ⟨?_, ⟨2 * l - 1, ?_⟩, ⟨2 * l, ?_⟩, 2 * l + 1, ?_⟩⟩
  all_goals zify [h₁, h₂]; linarith

-- Since it will be more convenient to work with sets later on, we will translate the above claim
-- to state that there always exists a set B ⊆ [n, 2n] of cardinality at least 3, such that each
-- pair of pairwise unequal elements of B sums to a perfect square.
",,True,-1,"theorem exists_triplet_summing_to_squares (n : ℕ) (hn : 100 ≤ n) :
    ∃ a b c : ℕ, n ≤ a ∧ a < b ∧ b < c ∧ c ≤ 2 * n ∧
      (∃ k : ℕ, a + b = k ^ 2) ∧ (∃ l : ℕ, c + a = l ^ 2) ∧ ∃ m : ℕ, b + c = m ^ 2 := by
  rw [← squares_eq_add_comm, squares_eq_add_comm, squares_eq_add_comm] at hn ⊢
  exact exists_seq_sum hn.1 hn.2 hn.3 hn.4 hn.5 hn.6 hn.7 hn.8 hn.9 hn.10

-- Since it will be more convenient to work with sets later on, we will translate the above claim
-- to state that there always exists a set B ⊆ [n, 2n] of cardinality at least 3, such that each
-- pair of pairwise unequal elements of B sums to a perfect square.

","💥️unknown identifier 'squares_eq_add_comm'

💥️tactic 'rewrite' failed, equality or iff proof expected
  ?m.11433
n : ℕ
hn : 100 ≤ n
⊢ ∃ a b c, n ≤ a ∧ a < b ∧ b < c ∧ c ≤ 2 * n ∧ (∃ k, a + b = k ^ 2) ∧ (∃ l, c + a = l ^ 2) ∧ ∃ m, b + c = m ^ 2",False,10,Compfiles.Imo2021P1,Llama-8B,LENGTH,best_of_n,False,0,-1,Imo2021P1.exists_triplet_summing_to_squares,False
-1,False,26,"theorem exists_triplet_summing_to_squares (n : ℕ) (hn : 100 ≤ n) :
    ∃ a b c : ℕ, n ≤ a ∧ a < b ∧ b < c ∧ c ≤ 2 * n ∧
      (∃ k : ℕ, a + b = k ^ 2) ∧ (∃ l : ℕ, c + a = l ^ 2) ∧ ∃ m : ℕ, b + c = m ^ 2 := by
  obtain ⟨l, hl1, hl2⟩ := exists_numbers_in_interval n hn
  have p : 1 < l := by contrapose! hl1; interval_cases l <;> omega
  have h₁ : 4 * l ≤ 2 * l ^ 2 := by omega
  have h₂ : 1 ≤ 2 * l := by omega
  refine ⟨2 * l ^ 2 - 4 * l, 2 * l ^ 2 + 1, 2 * l ^ 2 + 4 * l, ?_, ?_, ?_,
    ⟨?_, ⟨2 * l - 1, ?_⟩, ⟨2 * l, ?_⟩, 2 * l + 1, ?_⟩⟩
  all_goals zify [h₁, h₂]; linarith

-- Since it will be more convenient to work with sets later on, we will translate the above claim
-- to state that there always exists a set B ⊆ [n, 2n] of cardinality at least 3, such that each
-- pair of pairwise unequal elements of B sums to a perfect square.
",,True,-1,"theorem exists_triplet_summing_to_squares (n : ℕ) (hn : 100 ≤ n) :
    ∃ a b c : ℕ, n ≤ a ∧ a < b ∧ b < c ∧ c ≤ 2 * n ∧
      (∃ k : ℕ, a + b = k ^ 2) ∧ (∃ l : ℕ, c + a = l ^ 2) ∧ ∃ m : ℕ, b + c = m ^ 2 := by
  obtain ⟨l, hl1, hl2⟩ := exists_numbers_in_interval n hn
  have p : 1 < l := by omega
  omega

-- Since it will be more convenient to work with sets later on, we will translate the above claim
-- to state that there always exists a set B ⊆ [n, 2n] of cardinality at least 3, such that each
-- pair of pairwise unequal elements of B sums to a perfect square.

","💥️omega could not prove the goal:
a possible counterexample may satisfy the constraints
  0 ≤ c ≤ 1
  b ≥ 0
  a ≥ 100
  a - 2*b + 4*c ≤ 0
  a - b - 2*c ≥ 0
where
 a := ↑n
 b := ↑(l ^ 2)
 c := ↑l

💥️omega could not prove the goal:
a possible counterexample may satisfy the constraints
  c ≥ 2
  b ≥ 0
  a ≥ 100
  a - 2*b + 4*c ≤ 0
  a - b - 2*c ≥ 0
where
 a := ↑n
 b := ↑(l ^ 2)
 c := ↑l",False,10,Compfiles.Imo2021P1,Llama-8B,LENGTH,best_of_n,False,0,-1,Imo2021P1.exists_triplet_summing_to_squares,False
-1,False,26,"theorem exists_triplet_summing_to_squares (n : ℕ) (hn : 100 ≤ n) :
    ∃ a b c : ℕ, n ≤ a ∧ a < b ∧ b < c ∧ c ≤ 2 * n ∧
      (∃ k : ℕ, a + b = k ^ 2) ∧ (∃ l : ℕ, c + a = l ^ 2) ∧ ∃ m : ℕ, b + c = m ^ 2 := by
  obtain ⟨l, hl1, hl2⟩ := exists_numbers_in_interval n hn
  have p : 1 < l := by contrapose! hl1; interval_cases l <;> omega
  have h₁ : 4 * l ≤ 2 * l ^ 2 := by omega
  have h₂ : 1 ≤ 2 * l := by omega
  refine ⟨2 * l ^ 2 - 4 * l, 2 * l ^ 2 + 1, 2 * l ^ 2 + 4 * l, ?_, ?_, ?_,
    ⟨?_, ⟨2 * l - 1, ?_⟩, ⟨2 * l, ?_⟩, 2 * l + 1, ?_⟩⟩
  all_goals zify [h₁, h₂]; linarith

-- Since it will be more convenient to work with sets later on, we will translate the above claim
-- to state that there always exists a set B ⊆ [n, 2n] of cardinality at least 3, such that each
-- pair of pairwise unequal elements of B sums to a perfect square.
",,True,-1,"theorem exists_triplet_summing_to_squares (n : ℕ) (hn : 100 ≤ n) :
    ∃ a b c : ℕ, n ≤ a ∧ a < b ∧ b < c ∧ c ≤ 2 * n ∧
      (∃ k : ℕ, a + b = k ^ 2) ∧ (∃ l : ℕ, c + a = l ^ 2) ∧ ∃ m : ℕ, b + c = m ^ 2 := by
  obtain ⟨l, hl1, hl2⟩ := exists_numbers_in_interval n hn
  have p : 1 < l := by omega
  have h₁ : 4 * l ≤ 2 * l ^ 2 := by omega
  have h₂ : 1 ≤ 2 * l := by omega
  refine ⟨2 * l ^ 2 - 4 * l, 2 * l ^ 2 + 1, 2 * l ^ 2 + 4 * l, ?_, ?_, ?_,
    ⟨?_, ⟨2 * l - 1, ?_⟩, ⟨2 * l, ?_⟩, 2 * l + 1, ?_⟩⟩
  all_goals zify [h₁, h₂]; linarith

-- Since it will be more convenient to work with sets later on, we will translate the above claim
-- to state that there always exists a set B ⊆ [n, 2n] of cardinality at least 3, such that each
-- pair of pairwise unequal elements of B sums to a perfect square.

","💥️omega could not prove the goal:
a possible counterexample may satisfy the constraints
  0 ≤ c ≤ 1
  b ≥ 0
  a ≥ 100
  a - 2*b + 4*c ≤ 0
  a - b - 2*c ≥ 0
where
 a := ↑n
 b := ↑(l ^ 2)
 c := ↑l",False,10,Compfiles.Imo2021P1,Llama-8B,LENGTH,best_of_n,False,0,-1,Imo2021P1.exists_triplet_summing_to_squares,False
-1,False,26,"theorem exists_triplet_summing_to_squares (n : ℕ) (hn : 100 ≤ n) :
    ∃ a b c : ℕ, n ≤ a ∧ a < b ∧ b < c ∧ c ≤ 2 * n ∧
      (∃ k : ℕ, a + b = k ^ 2) ∧ (∃ l : ℕ, c + a = l ^ 2) ∧ ∃ m : ℕ, b + c = m ^ 2 := by
  obtain ⟨l, hl1, hl2⟩ := exists_numbers_in_interval n hn
  have p : 1 < l := by contrapose! hl1; interval_cases l <;> omega
  have h₁ : 4 * l ≤ 2 * l ^ 2 := by omega
  have h₂ : 1 ≤ 2 * l := by omega
  refine ⟨2 * l ^ 2 - 4 * l, 2 * l ^ 2 + 1, 2 * l ^ 2 + 4 * l, ?_, ?_, ?_,
    ⟨?_, ⟨2 * l - 1, ?_⟩, ⟨2 * l, ?_⟩, 2 * l + 1, ?_⟩⟩
  all_goals zify [h₁, h₂]; linarith

-- Since it will be more convenient to work with sets later on, we will translate the above claim
-- to state that there always exists a set B ⊆ [n, 2n] of cardinality at least 3, such that each
-- pair of pairwise unequal elements of B sums to a perfect square.
",,True,-1,"theorem exists_triplet_summing_to_squares (n : ℕ) (hn : 100 ≤ n) :
    ∃ a b c : ℕ, n ≤ a ∧ a < b ∧ b < c ∧ c ≤ 2 * n ∧
      (∃ k : ℕ, a + b = k ^ 2) ∧ (∃ l : ℕ, c + a = l ^ 2) ∧ ∃ m : ℕ, b + c = m ^ 2 := by
  obtain ⟨l, hl1, hl2⟩ := exists_numbers_in_interval n hn
  have p : 1 < l := by omega
  have h₁ : 4 * l ≤ 2 * l ^ 2 := by omega
  have h₂ : 1 ≤ 2 * l := by omega
  refine ⟨2 * l ^ 2 - 4 * l, 2 * l ^ 2 + 1, 2 * l ^ 2 + 4 * l, ?_, ?_, ?_,
    ⟨?_, ⟨2 * l - 1, ?_⟩, ⟨2 * l, ?_⟩, 2 * l + 1, ?_⟩⟩
  all_goals zify [h₁, h₂]; linarith

-- Since it will be more convenient to work with sets later on, we will translate the above claim
-- to state that there always exists a set B ⊆ [n, 2n] of cardinality at least 3, such that each
-- pair of pairwise unequal elements of B sums to a perfect square.

","💥️omega could not prove the goal:
a possible counterexample may satisfy the constraints
  0 ≤ c ≤ 1
  b ≥ 0
  a ≥ 100
  a - 2*b + 4*c ≤ 0
  a - b - 2*c ≥ 0
where
 a := ↑n
 b := ↑(l ^ 2)
 c := ↑l",False,10,Compfiles.Imo2021P1,Llama-8B,LENGTH,best_of_n,False,0,-1,Imo2021P1.exists_triplet_summing_to_squares,False
-1,False,26,"theorem exists_triplet_summing_to_squares (n : ℕ) (hn : 100 ≤ n) :
    ∃ a b c : ℕ, n ≤ a ∧ a < b ∧ b < c ∧ c ≤ 2 * n ∧
      (∃ k : ℕ, a + b = k ^ 2) ∧ (∃ l : ℕ, c + a = l ^ 2) ∧ ∃ m : ℕ, b + c = m ^ 2 := by
  obtain ⟨l, hl1, hl2⟩ := exists_numbers_in_interval n hn
  have p : 1 < l := by contrapose! hl1; interval_cases l <;> omega
  have h₁ : 4 * l ≤ 2 * l ^ 2 := by omega
  have h₂ : 1 ≤ 2 * l := by omega
  refine ⟨2 * l ^ 2 - 4 * l, 2 * l ^ 2 + 1, 2 * l ^ 2 + 4 * l, ?_, ?_, ?_,
    ⟨?_, ⟨2 * l - 1, ?_⟩, ⟨2 * l, ?_⟩, 2 * l + 1, ?_⟩⟩
  all_goals zify [h₁, h₂]; linarith

-- Since it will be more convenient to work with sets later on, we will translate the above claim
-- to state that there always exists a set B ⊆ [n, 2n] of cardinality at least 3, such that each
-- pair of pairwise unequal elements of B sums to a perfect square.
",,True,-1,"theorem exists_triplet_summing_to_squares (n : ℕ) (hn : 100 ≤ n) :
    ∃ a b c : ℕ, n ≤ a ∧ a < b ∧ b < c ∧ c ≤ 2 * n ∧
      (∃ k : ℕ, a + b = k ^ 2) ∧ (∃ l : ℕ, c + a = l ^ 2) ∧ ∃ m : ℕ, b + c = m ^ 2 := by
  obtain ⟨l, hl1, hl2⟩ := exists_numbers_in_interval n hn
  have p : 1 < l := by omega
  have h₁ : 4 * l ≤ 2 * l ^ 2 := by omega
  have h₂ : 1 ≤ 2 * l := by omega
  refine ⟨2 * l ^ 2 - 4 * l, 2 * l ^ 2 + 1, 2 * l ^ 2 + 4 * l, ?_, ?_, ?_,
    ⟨?_, ⟨2 * l - 1, ?_⟩, ⟨2 * l, ?_⟩, 2 * l + 1, ?_⟩⟩
  all_goals zify [h₁, h₂]; linarith

-- Since it will be more convenient to work with sets later on, we will translate the above claim
-- to state that there always exists a set B ⊆ [n, 2n] of cardinality at least 3, such that each
-- pair of pairwise unequal elements of B sums to a perfect square.

","💥️omega could not prove the goal:
a possible counterexample may satisfy the constraints
  0 ≤ c ≤ 1
  b ≥ 0
  a ≥ 100
  a - 2*b + 4*c ≤ 0
  a - b - 2*c ≥ 0
where
 a := ↑n
 b := ↑(l ^ 2)
 c := ↑l",False,10,Compfiles.Imo2021P1,Llama-8B,LENGTH,best_of_n,False,0,-1,Imo2021P1.exists_triplet_summing_to_squares,False
-1,False,26,"theorem exists_triplet_summing_to_squares (n : ℕ) (hn : 100 ≤ n) :
    ∃ a b c : ℕ, n ≤ a ∧ a < b ∧ b < c ∧ c ≤ 2 * n ∧
      (∃ k : ℕ, a + b = k ^ 2) ∧ (∃ l : ℕ, c + a = l ^ 2) ∧ ∃ m : ℕ, b + c = m ^ 2 := by
  obtain ⟨l, hl1, hl2⟩ := exists_numbers_in_interval n hn
  have p : 1 < l := by contrapose! hl1; interval_cases l <;> omega
  have h₁ : 4 * l ≤ 2 * l ^ 2 := by omega
  have h₂ : 1 ≤ 2 * l := by omega
  refine ⟨2 * l ^ 2 - 4 * l, 2 * l ^ 2 + 1, 2 * l ^ 2 + 4 * l, ?_, ?_, ?_,
    ⟨?_, ⟨2 * l - 1, ?_⟩, ⟨2 * l, ?_⟩, 2 * l + 1, ?_⟩⟩
  all_goals zify [h₁, h₂]; linarith

-- Since it will be more convenient to work with sets later on, we will translate the above claim
-- to state that there always exists a set B ⊆ [n, 2n] of cardinality at least 3, such that each
-- pair of pairwise unequal elements of B sums to a perfect square.
",,True,-1,"theorem exists_triplet_summing_to_squares (n : ℕ) (hn : 100 ≤ n) :
    ∃ a b c : ℕ, n ≤ a ∧ a < b ∧ b < c ∧ c ≤ 2 * n ∧
      (∃ k : ℕ, a + b = k ^ 2) ∧ (∃ l : ℕ, c + a = l ^ 2) ∧ ∃ m : ℕ, b + c = m ^ 2 := by
  obtain ⟨l, hl1, hl2⟩ := exists_numbers_in_interval n hn
  have p : 1 < l := by omega
  have h₁ : 4 * l ≤ 2 * l ^ 2 := by omega
  have h₂ : 1 ≤ 2 * l := by omega
  refine ⟨2 * l ^ 2 - 4 * l, 2 * l ^ 2 + 1, 2 * l ^ 2 + 4 * l, by omega, by omega, by omega,
    ⟨by omega, ⟨2 * l - 1, by omega⟩, ⟨2 * l, by omega⟩, 2 * l + 1, by omega⟩⟩
  all_goals zify [h₁, h₂]; linarith

-- Since it will be more convenient to work with sets later on, we will translate the above claim
-- to state that there always exists a set B ⊆ [n, 2n] of cardinality at least 3, such that each
-- pair of pairwise unequal elements of B sums to a perfect square.

","💥️omega could not prove the goal:
a possible counterexample may satisfy the constraints
  0 ≤ c ≤ 1
  b ≥ 0
  a ≥ 100
  a - 2*b + 4*c ≤ 0
  a - b - 2*c ≥ 0
where
 a := ↑n
 b := ↑(l ^ 2)
 c := ↑l

💥️omega could not prove the goal:
a possible counterexample may satisfy the constraints
  d ≥ 0
  c ≥ 2
  b ≥ 0
  b - 2*c ≥ 0
  b - 2*c ≥ 0
  4*b - 4*c - d ≤ -2
  a ≥ 100
  a - 2*b + 4*c ≤ 0
  a - b - 2*c ≥ 0
where
 a := ↑n
 b := ↑(l ^ 2)
 c := ↑l
 d := ↑((2 * l - 1) ^ 2)

💥️omega could not prove the goal:
a possible counterexample may satisfy the constraints
  d ≥ 0
  c ≥ 2
  b ≥ 0
  b - 2*c ≥ 0
  b - 2*c ≥ 0
  4*b - d ≤ -1
  a ≥ 100
  a - 2*b + 4*c ≤ 0
  a - b - 2*c ≥ 0
where
 a := ↑n
 b := ↑(l ^ 2)
 c := ↑l
 d := ↑((2 * l) ^ 2)

💥️omega could not prove the goal:
a possible counterexample may satisfy the constraints
  d ≥ 0
  c ≥ 2
  b ≥ 0
  b - 2*c ≥ 0
  4*b + 4*c - d ≤ -2
  a ≥ 100
  a - 2*b + 4*c ≤ 0
  a - b - 2*c ≥ 0
where
 a := ↑n
 b := ↑(l ^ 2)
 c := ↑l
 d := ↑((2 * l + 1) ^ 2)",False,10,Compfiles.Imo2021P1,Llama-8B,LENGTH,best_of_n,False,0,-1,Imo2021P1.exists_triplet_summing_to_squares,False
-1,False,26,"theorem exists_triplet_summing_to_squares (n : ℕ) (hn : 100 ≤ n) :
    ∃ a b c : ℕ, n ≤ a ∧ a < b ∧ b < c ∧ c ≤ 2 * n ∧
      (∃ k : ℕ, a + b = k ^ 2) ∧ (∃ l : ℕ, c + a = l ^ 2) ∧ ∃ m : ℕ, b + c = m ^ 2 := by
  obtain ⟨l, hl1, hl2⟩ := exists_numbers_in_interval n hn
  have p : 1 < l := by contrapose! hl1; interval_cases l <;> omega
  have h₁ : 4 * l ≤ 2 * l ^ 2 := by omega
  have h₂ : 1 ≤ 2 * l := by omega
  refine ⟨2 * l ^ 2 - 4 * l, 2 * l ^ 2 + 1, 2 * l ^ 2 + 4 * l, ?_, ?_, ?_,
    ⟨?_, ⟨2 * l - 1, ?_⟩, ⟨2 * l, ?_⟩, 2 * l + 1, ?_⟩⟩
  all_goals zify [h₁, h₂]; linarith

-- Since it will be more convenient to work with sets later on, we will translate the above claim
-- to state that there always exists a set B ⊆ [n, 2n] of cardinality at least 3, such that each
-- pair of pairwise unequal elements of B sums to a perfect square.
",,True,-1,"theorem exists_triplet_summing_to_squares (n : ℕ) (hn : 100 ≤ n) :
    ∃ a b c : ℕ, n ≤ a ∧ a < b ∧ b < c ∧ c ≤ 2 * n ∧
      (∃ k : ℕ, a + b = k ^ 2) ∧ (∃ l : ℕ, c + a = l ^ 2) ∧ ∃ m : ℕ, b + c = m ^ 2 := by
  obtain ⟨l, hl1, hl2⟩ := exists_numbers_in_interval n hn
  have p : 1 < l := by omega
  have : 4 * l ≤ 2 * l ^ 2 := by omega
  have : 1 ≤ 2 * l := by omega
  refine ⟨2 * l ^ 2 - 4 * l, 2 * l ^ 2 + 1, 2 * l ^ 2 + 4 * l, by omega,
    by omega, by omega, by omega, ⟨by omega, ?_⟩, ⟨by omega, ?_⟩, by omega, ?_⟩⟩
  all_goals zify [this, that]; linarith

-- Since it will be more convenient to work with sets later on, we will translate the above claim
-- to state that there always exists a set B ⊆ [n, 2n] of cardinality at least 3, such that each
-- pair of pairwise unequal elements of B sums to a perfect square.

","💥️omega could not prove the goal:
a possible counterexample may satisfy the constraints
  0 ≤ c ≤ 1
  b ≥ 0
  a ≥ 100
  a - 2*b + 4*c ≤ 0
  a - b - 2*c ≥ 0
where
 a := ↑n
 b := ↑(l ^ 2)
 c := ↑l

💥️omega could not prove the goal:
a possible counterexample may satisfy the constraints
  c ≥ 2
  b ≥ 0
  b - 2*c ≥ 0
  a ≥ 100
  a - 2*b + 4*c ≤ 0
  a - b - 2*c ≥ 0
where
 a := ↑n
 b := ↑(l ^ 2)
 c := ↑l

💥️omega could not prove the goal:
a possible counterexample may satisfy the constraints
  c ≥ 2
  b ≥ 0
  b - 2*c ≥ 0
  a ≥ 100
  a - 2*b + 4*c ≤ 0
  a - b - 2*c ≥ 0
where
 a := ↑n
 b := ↑(l ^ 2)
 c := ↑l

💥️omega could not prove the goal:
a possible counterexample may satisfy the constraints
  c ≥ 2
  b ≥ 0
  b - 2*c ≥ 0
  a ≥ 100
  a - 2*b + 4*c ≤ 0
  a - b - 2*c ≥ 0
where
 a := ↑n
 b := ↑(l ^ 2)
 c := ↑l

💥️unsolved goals
case intro.intro.refine_1
n : ℕ
hn : 100 ≤ n
l : ℕ
hl1 : n + 4 * l ≤ 2 * l ^ 2
hl2 : 2 * l ^ 2 + 4 * l ≤ 2 * n
p : 1 < l
this✝ : 4 * l ≤ 2 * l ^ 2
this : 1 ≤ 2 * l
⊢ 2 * l ^ 2 - 4 * l + (2 * l ^ 2 + 1) = ⋯.elim ^ 2

case intro.intro.refine_2
n : ℕ
hn : 100 ≤ n
l : ℕ
hl1 : n + 4 * l ≤ 2 * l ^ 2
hl2 : 2 * l ^ 2 + 4 * l ≤ 2 * n
p : 1 < l
this✝ : 4 * l ≤ 2 * l ^ 2
this : 1 ≤ 2 * l
⊢ 2 * l ^ 2 + 4 * l + (2 * l ^ 2 - 4 * l) = ⋯.elim ^ 2

case intro.intro.refine_3
n : ℕ
hn : 100 ≤ n
l : ℕ
hl1 : n + 4 * l ≤ 2 * l ^ 2
hl2 : 2 * l ^ 2 + 4 * l ≤ 2 * n
p : 1 < l
this✝ : 4 * l ≤ 2 * l ^ 2
this : 1 ≤ 2 * l
⊢ 2 * l ^ 2 + 1 + (2 * l ^ 2 + 4 * l) = ⋯.elim ^ 2",False,10,Compfiles.Imo2021P1,Llama-8B,LENGTH,best_of_n,False,0,-1,Imo2021P1.exists_triplet_summing_to_squares,False
-1,False,26,"theorem exists_triplet_summing_to_squares (n : ℕ) (hn : 100 ≤ n) :
    ∃ a b c : ℕ, n ≤ a ∧ a < b ∧ b < c ∧ c ≤ 2 * n ∧
      (∃ k : ℕ, a + b = k ^ 2) ∧ (∃ l : ℕ, c + a = l ^ 2) ∧ ∃ m : ℕ, b + c = m ^ 2 := by
  obtain ⟨l, hl1, hl2⟩ := exists_numbers_in_interval n hn
  have p : 1 < l := by contrapose! hl1; interval_cases l <;> omega
  have h₁ : 4 * l ≤ 2 * l ^ 2 := by omega
  have h₂ : 1 ≤ 2 * l := by omega
  refine ⟨2 * l ^ 2 - 4 * l, 2 * l ^ 2 + 1, 2 * l ^ 2 + 4 * l, ?_, ?_, ?_,
    ⟨?_, ⟨2 * l - 1, ?_⟩, ⟨2 * l, ?_⟩, 2 * l + 1, ?_⟩⟩
  all_goals zify [h₁, h₂]; linarith

-- Since it will be more convenient to work with sets later on, we will translate the above claim
-- to state that there always exists a set B ⊆ [n, 2n] of cardinality at least 3, such that each
-- pair of pairwise unequal elements of B sums to a perfect square.
",,True,-1,"theorem exists_triplet_summing_to_squares (n : ℕ) (hn : 100 ≤ n) :
    ∃ a b c : ℕ, n ≤ a ∧ a < b ∧ b < c ∧ c ≤ 2 * n ∧
      (∃ k : ℕ, a + b = k ^ 2) ∧ (∃ l : ℕ, c + a = l ^ 2) ∧ ∃ m : ℕ, b + c = m ^ 2 := by
  obtain ⟨l, hl1, hl2⟩ := exists_numbers_in_interval n hn
  have p : 1 < l := by omega
  have h₁ : 4 * l ≤ 2 * l ^ 2 := by omega
  have h₂ : 1 ≤ 2 * l := by omega
  refine ⟨2 * l ^ 2 - 4 * l, 2 * l ^ 2 + 1, 2 * l ^ 2 + 4 * l, ?_, ?_, ?_,
    ⟨?_, ⟨2 * l - 1, ?_⟩, ⟨2 * l, ?_⟩, 2 * l + 1, ?_⟩⟩
  all_goals zify [h₁, h₂]; linarith

-- Since it will be more convenient to work with sets later on, we will translate the above claim
-- to state that there always exists a set B ⊆ [n, 2n] of cardinality at least 3, such that each
-- pair of pairwise unequal elements of B sums to a perfect square.

","💥️omega could not prove the goal:
a possible counterexample may satisfy the constraints
  0 ≤ c ≤ 1
  b ≥ 0
  a ≥ 100
  a - 2*b + 4*c ≤ 0
  a - b - 2*c ≥ 0
where
 a := ↑n
 b := ↑(l ^ 2)
 c := ↑l",False,10,Compfiles.Imo2021P1,Llama-8B,LENGTH,best_of_n,False,0,-1,Imo2021P1.exists_triplet_summing_to_squares,False
-1,False,26,"theorem exists_triplet_summing_to_squares (n : ℕ) (hn : 100 ≤ n) :
    ∃ a b c : ℕ, n ≤ a ∧ a < b ∧ b < c ∧ c ≤ 2 * n ∧
      (∃ k : ℕ, a + b = k ^ 2) ∧ (∃ l : ℕ, c + a = l ^ 2) ∧ ∃ m : ℕ, b + c = m ^ 2 := by
  obtain ⟨l, hl1, hl2⟩ := exists_numbers_in_interval n hn
  have p : 1 < l := by contrapose! hl1; interval_cases l <;> omega
  have h₁ : 4 * l ≤ 2 * l ^ 2 := by omega
  have h₂ : 1 ≤ 2 * l := by omega
  refine ⟨2 * l ^ 2 - 4 * l, 2 * l ^ 2 + 1, 2 * l ^ 2 + 4 * l, ?_, ?_, ?_,
    ⟨?_, ⟨2 * l - 1, ?_⟩, ⟨2 * l, ?_⟩, 2 * l + 1, ?_⟩⟩
  all_goals zify [h₁, h₂]; linarith

-- Since it will be more convenient to work with sets later on, we will translate the above claim
-- to state that there always exists a set B ⊆ [n, 2n] of cardinality at least 3, such that each
-- pair of pairwise unequal elements of B sums to a perfect square.
",,True,-1,"theorem exists_triplet_summing_to_squares (n : ℕ) (hn : 100 ≤ n) :
    ∃ a b c : ℕ, n ≤ a ∧ a < b ∧ b < c ∧ c ≤ 2 * n ∧
      (∃ k : ℕ, a + b = k ^ 2) ∧ (∃ l : ℕ, c + a = l ^ 2) ∧ ∃ m : ℕ, b + c = m ^ 2 := by
  obtain ⟨l, hl1, hl2⟩ := exists_numbers_in_interval n hn
  have p : 0 < l := by omega
  have h₁ : 4 * l ≤ 2 * l ^ 2 := by omega
  have h₂ : 1 ≤ 2 * l := by omega
  refine ⟨2 * l ^ 2 - 4 * l, 2 * l ^ 2 + 1, 2 * l ^ 2 + 4 * l, ?_, ?_, ?_,
    ⟨?_, ⟨2 * l - 1, ?_⟩, ⟨2 * l, ?_⟩, 2 * l + 1, ?_⟩⟩
  all_goals zify [h₁, h₂]; linarith

-- Since it will be more convenient to work with sets later on, we will translate the above claim
-- to state that there always exists a set B ⊆ [n, 2n] of cardinality at least 3, such that each
-- pair of pairwise unequal elements of B sums to a perfect square.

","💥️omega could not prove the goal:
a possible counterexample may satisfy the constraints
  b ≥ 0
  a ≥ 100
  a - 2*b ≤ 0
  a - b ≥ 0
where
 a := ↑n
 b := ↑(l ^ 2)",False,10,Compfiles.Imo2021P1,Llama-8B,LENGTH,best_of_n,False,0,-1,Imo2021P1.exists_triplet_summing_to_squares,False
-1,False,26,"theorem exists_triplet_summing_to_squares (n : ℕ) (hn : 100 ≤ n) :
    ∃ a b c : ℕ, n ≤ a ∧ a < b ∧ b < c ∧ c ≤ 2 * n ∧
      (∃ k : ℕ, a + b = k ^ 2) ∧ (∃ l : ℕ, c + a = l ^ 2) ∧ ∃ m : ℕ, b + c = m ^ 2 := by
  obtain ⟨l, hl1, hl2⟩ := exists_numbers_in_interval n hn
  have p : 1 < l := by contrapose! hl1; interval_cases l <;> omega
  have h₁ : 4 * l ≤ 2 * l ^ 2 := by omega
  have h₂ : 1 ≤ 2 * l := by omega
  refine ⟨2 * l ^ 2 - 4 * l, 2 * l ^ 2 + 1, 2 * l ^ 2 + 4 * l, ?_, ?_, ?_,
    ⟨?_, ⟨2 * l - 1, ?_⟩, ⟨2 * l, ?_⟩, 2 * l + 1, ?_⟩⟩
  all_goals zify [h₁, h₂]; linarith

-- Since it will be more convenient to work with sets later on, we will translate the above claim
-- to state that there always exists a set B ⊆ [n, 2n] of cardinality at least 3, such that each
-- pair of pairwise unequal elements of B sums to a perfect square.
",,True,-1,"theorem exists_triplet_summing_to_squares (n : ℕ) (hn : 100 ≤ n) :
    ∃ a b c : ℕ, n ≤ a ∧ a < b ∧ b < c ∧ c ≤ 2 * n ∧
      (∃ k : ℕ, a + b = k ^ 2) ∧ (∃ l : ℕ, c + a = l ^ 2) ∧ ∃ m : ℕ, b + c = m ^ 2 := by
  obtain ⟨l, hl1, hl2⟩ := exists_numbers_in_interval n hn
  have p : 1 < l := by omega
  have h₁ : 4 * l ≤ 2 * l ^ 2 := by omega
  have h₂ : 1 ≤ 2 * l := by omega
  refine ⟨2 * l ^ 2 - 4 * l, 2 * l ^ 2 + 1, 2 * l ^ 2 + 4 * l, ?_, ?_, ?_, ?_,
    ⟨?_, ⟨2 * l - 1, ?_⟩, ⟨2 * l, ?_⟩, 2 * l + 1, ?_⟩, by omega, ?_⟩, by omega⟩
  all_goals zify [h₁, h₂]; linarith

-- Since it will be more convenient to work with sets later on, we will translate the above claim
-- to state that there always exists a set B ⊆ [n, 2n] of cardinality at least 3, such that each
-- pair of pairwise unequal elements of B sums to a perfect square.

","💥️omega could not prove the goal:
a possible counterexample may satisfy the constraints
  0 ≤ c ≤ 1
  b ≥ 0
  a ≥ 100
  a - 2*b + 4*c ≤ 0
  a - b - 2*c ≥ 0
where
 a := ↑n
 b := ↑(l ^ 2)
 c := ↑l

💥️invalid constructor ⟨...⟩, insufficient number of arguments, constructs 'Eq.refl' does not have explicit fields, but #4 provided

💥️omega could not prove the goal:
a possible counterexample may satisfy the constraints
  c ≥ 2
  b ≥ 0
  b - 2*c ≥ 0
  a ≥ 100
  a - 2*b + 4*c ≤ 0
  a - b - 2*c ≥ 0
where
 a := ↑n
 b := ↑(l ^ 2)
 c := ↑l

💥️unsolved goals
case intro.intro.refine_1
n : ℕ
hn : 100 ≤ n
l : ℕ
hl1 : n + 4 * l ≤ 2 * l ^ 2
hl2 : 2 * l ^ 2 + 4 * l ≤ 2 * n
p : 1 < l
h₁ : 4 * l ≤ 2 * l ^ 2
h₂ : 1 ≤ 2 * l
⊢ n ≤ 2 * l ^ 2 - 4 * l

case intro.intro.refine_2
n : ℕ
hn : 100 ≤ n
l : ℕ
hl1 : n + 4 * l ≤ 2 * l ^ 2
hl2 : 2 * l ^ 2 + 4 * l ≤ 2 * n
p : 1 < l
h₁ : 4 * l ≤ 2 * l ^ 2
h₂ : 1 ≤ 2 * l
⊢ 2 * l ^ 2 - 4 * l < 2 * l ^ 2 + 1

case intro.intro.refine_3
n : ℕ
hn : 100 ≤ n
l : ℕ
hl1 : n + 4 * l ≤ 2 * l ^ 2
hl2 : 2 * l ^ 2 + 4 * l ≤ 2 * n
p : 1 < l
h₁ : 4 * l ≤ 2 * l ^ 2
h₂ : 1 ≤ 2 * l
⊢ 2 * l ^ 2 + 1 < 2 * l ^ 2 + 4 * l

case intro.intro.refine_4
n : ℕ
hn : 100 ≤ n
l : ℕ
hl1 : n + 4 * l ≤ 2 * l ^ 2
hl2 : 2 * l ^ 2 + 4 * l ≤ 2 * n
p : 1 < l
h₁ : 4 * l ≤ 2 * l ^ 2
h₂ : 1 ≤ 2 * l
⊢ 2 * l ^ 2 + 4 * l ≤ 2 * n

case intro.intro.refine_5
n : ℕ
hn : 100 ≤ n
l : ℕ
hl1 : n + 4 * l ≤ 2 * l ^ 2
hl2 : 2 * l ^ 2 + 4 * l ≤ 2 * n
p : 1 < l
h₁ : 4 * l ≤ 2 * l ^ 2
h₂ : 1 ≤ 2 * l
⊢ ℕ

case intro.intro.refine_6
n : ℕ
hn : 100 ≤ n
l : ℕ
hl1 : n + 4 * l ≤ 2 * l ^ 2
hl2 : 2 * l ^ 2 + 4 * l ≤ 2 * n
p : 1 < l
h₁ : 4 * l ≤ 2 * l ^ 2
h₂ : 1 ≤ 2 * l
⊢ ∃ m, 2 * l ^ 2 + 1 + (2 * l ^ 2 + 4 * l) = m ^ 2",False,10,Compfiles.Imo2021P1,Llama-8B,LENGTH,best_of_n,False,0,-1,Imo2021P1.exists_triplet_summing_to_squares,False
-1,False,45,"theorem exists_finset_3_le_card_with_pairs_summing_to_squares (n : ℕ) (hn : 100 ≤ n) :
    ∃ B : Finset ℕ,
      2 * 1 + 1 ≤ B.card ∧
      (∀ (a) (_ : a ∈ B) (b) (_ : b ∈ B), a ≠ b → ∃ k, a + b = k ^ 2) ∧
      ∀ c ∈ B, n ≤ c ∧ c ≤ 2 * n := by
  obtain ⟨a, b, c, hna, hab, hbc, hcn, h₁, h₂, h₃⟩ := exists_triplet_summing_to_squares n hn
  refine ⟨{a, b, c}, ?_, ?_, ?_⟩
  · suffices ({a, b, c} : Finset ℕ).card = 3 by rw [this]
    suffices a ∉ {b, c} ∧ b ∉ {c} by
      rw [Finset.card_insert_of_not_mem this.1, Finset.card_insert_of_not_mem this.2,
        Finset.card_singleton]
    · rw [Finset.mem_insert, Finset.mem_singleton, Finset.mem_singleton]
      push_neg
      exact ⟨⟨hab.ne, (hab.trans hbc).ne⟩, hbc.ne⟩
  · intro x hx y hy hxy
    simp only [Finset.mem_insert, Finset.mem_singleton] at hx hy
    rcases hx with (rfl | rfl | rfl) <;> rcases hy with (rfl | rfl | rfl)
    all_goals
      first
      | contradiction
      | assumption
      | simpa only [add_comm x y]
  · simp only [Finset.mem_insert, Finset.mem_singleton]
    omega

",,True,-1,"theorem exists_finset_3_le_card_with_pairs_summing_to_squares (n : ℕ) (hn : 100 ≤ n) :
    ∃ B : Finset ℕ,
      2 * 1 + 1 ≤ B.card ∧
      (∀ a, b ∈ B; a ≠ b → ∃ k, a + b = k ^ 2) ∧
      ∀ c ∈ B, n ≤ c ∧ c ≤ 2 * n := by
  obtain ⟨a, b, c, hna, hab, hbc, hCN, h₁, h₂, h₃⟩ := exists_triplet_summing_to_squares n hn
  refine ⟨{a, b, c}, ?_, ?_, ?_⟩
  · suffices ({a, b, c} : Finset ℕ).card = 3 by rw [this]
    suffices a ∉ {b, c} ∧ b ∉ {c} by
      rw [Finset.card_insert_of_not_mem this.1, Finset.card_insert_of_not_mem this.2,
        Finset.card_singleton]
    · rw [Finset.mem_insert, Finset.mem_singleton, Finset.mem_singleton]
      push_neg
      exact ⟨⟨hab.ne, (hab.trans hbc).ne⟩, hbc.ne⟩
  · intro x hx y hy hxy
    simp only [Finset.mem_insert, Finset.mem_singleton] at hx hy
    rcases hx with (rfl | rfl | rfl) <;> rcases hy with (rfl | rfl | rfl)
    all_goals
      first
      | contradiction
      | assumption
      | simpa only [add_comm x y]
  · simp only [Finset.mem_insert, Finset.mem_singleton]
    omega


","💥️unexpected token ';'; expected ')', ',' or ':'",False,10,Compfiles.Imo2021P1,Llama-8B,LENGTH,best_of_n,False,0,-1,Imo2021P1.exists_finset_3_le_card_with_pairs_summing_to_squares,False
-1,False,45,"theorem exists_finset_3_le_card_with_pairs_summing_to_squares (n : ℕ) (hn : 100 ≤ n) :
    ∃ B : Finset ℕ,
      2 * 1 + 1 ≤ B.card ∧
      (∀ (a) (_ : a ∈ B) (b) (_ : b ∈ B), a ≠ b → ∃ k, a + b = k ^ 2) ∧
      ∀ c ∈ B, n ≤ c ∧ c ≤ 2 * n := by
  obtain ⟨a, b, c, hna, hab, hbc, hcn, h₁, h₂, h₃⟩ := exists_triplet_summing_to_squares n hn
  refine ⟨{a, b, c}, ?_, ?_, ?_⟩
  · suffices ({a, b, c} : Finset ℕ).card = 3 by rw [this]
    suffices a ∉ {b, c} ∧ b ∉ {c} by
      rw [Finset.card_insert_of_not_mem this.1, Finset.card_insert_of_not_mem this.2,
        Finset.card_singleton]
    · rw [Finset.mem_insert, Finset.mem_singleton, Finset.mem_singleton]
      push_neg
      exact ⟨⟨hab.ne, (hab.trans hbc).ne⟩, hbc.ne⟩
  · intro x hx y hy hxy
    simp only [Finset.mem_insert, Finset.mem_singleton] at hx hy
    rcases hx with (rfl | rfl | rfl) <;> rcases hy with (rfl | rfl | rfl)
    all_goals
      first
      | contradiction
      | assumption
      | simpa only [add_comm x y]
  · simp only [Finset.mem_insert, Finset.mem_singleton]
    omega

",,True,45,"theorem exists_finset_3_le_card_with_pairs_summing_to_squares (n : ℕ) (hn : 100 ≤ n) :
    ∃ B : Finset ℕ,
      2 * 1 + 1 ≤ B.card ∧
      (∀ (a) (_ : a ∈ B) (b) (_ : b ∈ B), a ≠ b → ∃ k, a + b = k ^ 2) ∧
      ∀ c ∈ B, n ≤ c ∧ c ≤ 2 * n := by
  obtain ⟨a, b, c, hna, hab, hbc, hcn, h₁, h₂, h₃⟩ := exists_triplet_summing_to_squares n hn
  refine ⟨{a, b, c}, ?_, ?_, ?_⟩
  · suffices ({a, b, c} : Finset ℕ).card = 3 by rw [this]
    suffices a ∉ {b, c} ∧ b ∉ {c} by
      rw [Finset.card_insert_of_not_mem this.1, Finset.card_insert_of_not_mem this.2,
        Finset.card_singleton]
    · rw [Finset.mem_insert, Finset.mem_singleton, Finset.mem_singleton]
      push_neg
      exact ⟨⟨hab.ne, (hab.trans hbc).ne⟩, hbc.ne⟩
  · intro x hx y hy hxy
    simp only [Finset.mem_insert, Finset.mem_singleton] at hx hy
    rcases hx with (rfl | rfl | rfl) <;> rcases hy with (rfl | rfl | rfl)
    all_goals
      first
      | contradiction
      | assumption
      | simpa only [add_comm x y]
  · simp only [Finset.mem_insert, Finset.mem_singleton]
    omega


",,True,10,Compfiles.Imo2021P1,Llama-8B,LENGTH,best_of_n,False,0,0,Imo2021P1.exists_finset_3_le_card_with_pairs_summing_to_squares,False
-1,False,45,"theorem exists_finset_3_le_card_with_pairs_summing_to_squares (n : ℕ) (hn : 100 ≤ n) :
    ∃ B : Finset ℕ,
      2 * 1 + 1 ≤ B.card ∧
      (∀ (a) (_ : a ∈ B) (b) (_ : b ∈ B), a ≠ b → ∃ k, a + b = k ^ 2) ∧
      ∀ c ∈ B, n ≤ c ∧ c ≤ 2 * n := by
  obtain ⟨a, b, c, hna, hab, hbc, hcn, h₁, h₂, h₃⟩ := exists_triplet_summing_to_squares n hn
  refine ⟨{a, b, c}, ?_, ?_, ?_⟩
  · suffices ({a, b, c} : Finset ℕ).card = 3 by rw [this]
    suffices a ∉ {b, c} ∧ b ∉ {c} by
      rw [Finset.card_insert_of_not_mem this.1, Finset.card_insert_of_not_mem this.2,
        Finset.card_singleton]
    · rw [Finset.mem_insert, Finset.mem_singleton, Finset.mem_singleton]
      push_neg
      exact ⟨⟨hab.ne, (hab.trans hbc).ne⟩, hbc.ne⟩
  · intro x hx y hy hxy
    simp only [Finset.mem_insert, Finset.mem_singleton] at hx hy
    rcases hx with (rfl | rfl | rfl) <;> rcases hy with (rfl | rfl | rfl)
    all_goals
      first
      | contradiction
      | assumption
      | simpa only [add_comm x y]
  · simp only [Finset.mem_insert, Finset.mem_singleton]
    omega

",,True,45,"theorem exists_finset_3_le_card_with_pairs_summing_to_squares (n : ℕ) (hn : 100 ≤ n) :
    ∃ B : Finset ℕ,
      2 * 1 + 1 ≤ B.card ∧
      (∀ (a) (_ : a ∈ B) (b) (_ : b ∈ B), a ≠ b → ∃ k, a + b = k ^ 2) ∧
      ∀ c ∈ B, n ≤ c ∧ c ≤ 2 * n := by
  obtain ⟨a, b, c, hna, hab, hbc, hcn, h₁, h₂, h₃⟩ := exists_triplet_summing_to_squares n hn
  refine ⟨{a, b, c}, ?_, ?_, ?_⟩
  · suffices ({a, b, c} : Finset ℕ).card = 3 by rw [this]
    suffices a ∉ {b, c} ∧ b ∉ {c} by
      rw [Finset.card_insert_of_not_mem this.1, Finset.card_insert_of_not_mem this.2,
        Finset.card_singleton]
    · rw [Finset.mem_insert, Finset.mem_singleton, Finset.mem_singleton]
      push_neg
      exact ⟨⟨hab.ne, (hab.trans hbc).ne⟩, hbc.ne⟩
  · intro x hx y hy hxy
    simp only [Finset.mem_insert, Finset.mem_singleton] at hx hy
    rcases hx with (rfl | rfl | rfl) <;> rcases hy with (rfl | rfl | rfl)
    all_goals
      first
      | contradiction
      | assumption
      | simpa only [add_comm x y]
  · simp only [Finset.mem_insert, Finset.mem_singleton]
    omega


",,True,10,Compfiles.Imo2021P1,Llama-8B,LENGTH,best_of_n,False,0,0,Imo2021P1.exists_finset_3_le_card_with_pairs_summing_to_squares,False
-1,False,45,"theorem exists_finset_3_le_card_with_pairs_summing_to_squares (n : ℕ) (hn : 100 ≤ n) :
    ∃ B : Finset ℕ,
      2 * 1 + 1 ≤ B.card ∧
      (∀ (a) (_ : a ∈ B) (b) (_ : b ∈ B), a ≠ b → ∃ k, a + b = k ^ 2) ∧
      ∀ c ∈ B, n ≤ c ∧ c ≤ 2 * n := by
  obtain ⟨a, b, c, hna, hab, hbc, hcn, h₁, h₂, h₃⟩ := exists_triplet_summing_to_squares n hn
  refine ⟨{a, b, c}, ?_, ?_, ?_⟩
  · suffices ({a, b, c} : Finset ℕ).card = 3 by rw [this]
    suffices a ∉ {b, c} ∧ b ∉ {c} by
      rw [Finset.card_insert_of_not_mem this.1, Finset.card_insert_of_not_mem this.2,
        Finset.card_singleton]
    · rw [Finset.mem_insert, Finset.mem_singleton, Finset.mem_singleton]
      push_neg
      exact ⟨⟨hab.ne, (hab.trans hbc).ne⟩, hbc.ne⟩
  · intro x hx y hy hxy
    simp only [Finset.mem_insert, Finset.mem_singleton] at hx hy
    rcases hx with (rfl | rfl | rfl) <;> rcases hy with (rfl | rfl | rfl)
    all_goals
      first
      | contradiction
      | assumption
      | simpa only [add_comm x y]
  · simp only [Finset.mem_insert, Finset.mem_singleton]
    omega

",,True,45,"theorem exists_finset_3_le_card_with_pairs_summing_to_squares (n : ℕ) (hn : 100 ≤ n) :
    ∃ B : Finset ℕ,
      2 * 1 + 1 ≤ B.card ∧
      (∀ (a) (_ : a ∈ B) (b) (_ : b ∈ B), a ≠ b → ∃ k, a + b = k ^ 2) ∧
      ∀ c ∈ B, n ≤ c ∧ c ≤ 2 * n := by
  obtain ⟨a, b, c, hna, hab, hbc, hcn, h₁, h₂, h₃⟩ := exists_triplet_summing_to_squares n hn
  refine ⟨{a, b, c}, ?_, ?_, ?_⟩
  · suffices ({a, b, c} : Finset ℕ).card = 3 by rw [this]
    suffices a ∉ {b, c} ∧ b ∉ {c} by
      rw [Finset.card_insert_of_not_mem this.1, Finset.card_insert_of_not_mem this.2,
        Finset.card_singleton]
    · rw [Finset.mem_insert, Finset.mem_singleton, Finset.mem_singleton]
      push_neg
      exact ⟨⟨hab.ne, (hab.trans hbc).ne⟩, hbc.ne⟩
  · intro x hx y hy hxy
    simp only [Finset.mem_insert, Finset.mem_singleton] at hx hy
    rcases hx with (rfl | rfl | rfl) <;> rcases hy with (rfl | rfl | rfl)
    all_goals
      first
      | contradiction
      | assumption
      | simpa only [add_comm x y]
  · simp only [Finset.mem_insert, Finset.mem_singleton]
    omega


",,True,10,Compfiles.Imo2021P1,Llama-8B,LENGTH,best_of_n,False,0,0,Imo2021P1.exists_finset_3_le_card_with_pairs_summing_to_squares,False
-1,False,45,"theorem exists_finset_3_le_card_with_pairs_summing_to_squares (n : ℕ) (hn : 100 ≤ n) :
    ∃ B : Finset ℕ,
      2 * 1 + 1 ≤ B.card ∧
      (∀ (a) (_ : a ∈ B) (b) (_ : b ∈ B), a ≠ b → ∃ k, a + b = k ^ 2) ∧
      ∀ c ∈ B, n ≤ c ∧ c ≤ 2 * n := by
  obtain ⟨a, b, c, hna, hab, hbc, hcn, h₁, h₂, h₃⟩ := exists_triplet_summing_to_squares n hn
  refine ⟨{a, b, c}, ?_, ?_, ?_⟩
  · suffices ({a, b, c} : Finset ℕ).card = 3 by rw [this]
    suffices a ∉ {b, c} ∧ b ∉ {c} by
      rw [Finset.card_insert_of_not_mem this.1, Finset.card_insert_of_not_mem this.2,
        Finset.card_singleton]
    · rw [Finset.mem_insert, Finset.mem_singleton, Finset.mem_singleton]
      push_neg
      exact ⟨⟨hab.ne, (hab.trans hbc).ne⟩, hbc.ne⟩
  · intro x hx y hy hxy
    simp only [Finset.mem_insert, Finset.mem_singleton] at hx hy
    rcases hx with (rfl | rfl | rfl) <;> rcases hy with (rfl | rfl | rfl)
    all_goals
      first
      | contradiction
      | assumption
      | simpa only [add_comm x y]
  · simp only [Finset.mem_insert, Finset.mem_singleton]
    omega

",,True,-1,"theorem exists_finset_3_le_card_with_pairs_summing_to_squares (n : ℕ) (hn : 100 ≤ n) :
    ∃ B : Finset ℕ,
      2 * 1 + 1 ≤ B.card ∧
      (∀ a, b ∈ B, a ≠ b → ∃ k, a + b = k ^ 2) ∧
      ∀ c ∈ B, n ≤ c ∧ c ≤ 2 * n := by
  obtain ⟨a, b, c, hna, hab, hbc, hcn, h₁, h₂, h₃⟩ := exists_triplet_summing_to_squares n hn
  refine ⟨{a, b, c}, ?_, ?_, ?_⟩
  · suffices ({a, b, c} : Finset ℕ).card = 3 by rw [this]
    suffices a ∉ {b, c} ∧ b ∉ {c} by
      rw [Finset.card_insert_of_not_mem this.1, Finset.card_insert_of_not_mem this.2,
        Finset.card_singleton]
    · rw [Finset.mem_insert, Finset.mem_singleton, Finset.mem_singleton]
      push_neg
      exact ⟨⟨hab.ne, (hab.trans hbc).ne⟩, hbc.ne⟩
  · intro x hx y hy hxy
    simp only [Finset.mem_insert, Finset.mem_singleton] at hx hy
    rcases hx with (rfl | rfl | rfl) <;> rcases hy with (rfl | rfl | rfl)
    all_goals
      first
      | contradiction
      | assumption
      | simpa only [add_comm x y]
  · simp only [Finset.mem_insert, Finset.mem_singleton]
    omega


","💥️application type mismatch
  And (?m.52714 → b ∈ B, a ≠ b → ∃ k, a + b = k ^ 2)
argument
  (?m.52714 → b ∈ B, a ≠ b → ∃ k, a + b = k ^ 2)
has type
  Prop × Prop : Type
but is expected to have type
  Prop : Type

💥️tactic 'introN' failed, insufficient number of binders
case intro.intro.intro.intro.intro.intro.intro.intro.intro.refine_2
b✝ a✝ n : ℕ
hn : 100 ≤ n
a b c : ℕ
hna : n ≤ a
hab : a < b
hbc : b < c
hcn : c ≤ 2 * n
h₁ : ∃ k, a + b = k ^ 2
h₂ : ∃ l, c + a = l ^ 2
h₃ : ∃ m, b + c = m ^ 2
⊢ sorry",False,10,Compfiles.Imo2021P1,Llama-8B,LENGTH,best_of_n,False,0,-1,Imo2021P1.exists_finset_3_le_card_with_pairs_summing_to_squares,False
-1,False,45,"theorem exists_finset_3_le_card_with_pairs_summing_to_squares (n : ℕ) (hn : 100 ≤ n) :
    ∃ B : Finset ℕ,
      2 * 1 + 1 ≤ B.card ∧
      (∀ (a) (_ : a ∈ B) (b) (_ : b ∈ B), a ≠ b → ∃ k, a + b = k ^ 2) ∧
      ∀ c ∈ B, n ≤ c ∧ c ≤ 2 * n := by
  obtain ⟨a, b, c, hna, hab, hbc, hcn, h₁, h₂, h₃⟩ := exists_triplet_summing_to_squares n hn
  refine ⟨{a, b, c}, ?_, ?_, ?_⟩
  · suffices ({a, b, c} : Finset ℕ).card = 3 by rw [this]
    suffices a ∉ {b, c} ∧ b ∉ {c} by
      rw [Finset.card_insert_of_not_mem this.1, Finset.card_insert_of_not_mem this.2,
        Finset.card_singleton]
    · rw [Finset.mem_insert, Finset.mem_singleton, Finset.mem_singleton]
      push_neg
      exact ⟨⟨hab.ne, (hab.trans hbc).ne⟩, hbc.ne⟩
  · intro x hx y hy hxy
    simp only [Finset.mem_insert, Finset.mem_singleton] at hx hy
    rcases hx with (rfl | rfl | rfl) <;> rcases hy with (rfl | rfl | rfl)
    all_goals
      first
      | contradiction
      | assumption
      | simpa only [add_comm x y]
  · simp only [Finset.mem_insert, Finset.mem_singleton]
    omega

",,True,45,"theorem exists_finset_3_le_card_with_pairs_summing_to_squares (n : ℕ) (hn : 100 ≤ n) :
    ∃ B : Finset ℕ,
      2 * 1 + 1 ≤ B.card ∧
      (∀ (a) (_ : a ∈ B) (b) (_ : b ∈ B), a ≠ b → ∃ k, a + b = k ^ 2) ∧
      ∀ c ∈ B, n ≤ c ∧ c ≤ 2 * n := by
  obtain ⟨a, b, c, hna, hab, hbc, hcn, h₁, h₂, h₃⟩ := exists_triplet_summing_to_squares n hn
  refine ⟨{a, b, c}, ?_, ?_, ?_⟩
  · suffices ({a, b, c} : Finset ℕ).card = 3 by rw [this]
    suffices a ∉ {b, c} ∧ b ∉ {c} by
      rw [Finset.card_insert_of_not_mem this.1, Finset.card_insert_of_not_mem this.2,
        Finset.card_singleton]
    · rw [Finset.mem_insert, Finset.mem_singleton, Finset.mem_singleton]
      push_neg
      exact ⟨⟨hab.ne, (hab.trans hbc).ne⟩, hbc.ne⟩
  · intro x hx y hy hxy
    simp only [Finset.mem_insert, Finset.mem_singleton] at hx hy
    rcases hx with (rfl | rfl | rfl) <;> rcases hy with (rfl | rfl | rfl)
    all_goals
      first
      | contradiction
      | assumption
      | simpa only [add_comm x y]
  · simp only [Finset.mem_insert, Finset.mem_singleton]
    omega


",,True,10,Compfiles.Imo2021P1,Llama-8B,LENGTH,best_of_n,False,0,0,Imo2021P1.exists_finset_3_le_card_with_pairs_summing_to_squares,False
-1,False,45,"theorem exists_finset_3_le_card_with_pairs_summing_to_squares (n : ℕ) (hn : 100 ≤ n) :
    ∃ B : Finset ℕ,
      2 * 1 + 1 ≤ B.card ∧
      (∀ (a) (_ : a ∈ B) (b) (_ : b ∈ B), a ≠ b → ∃ k, a + b = k ^ 2) ∧
      ∀ c ∈ B, n ≤ c ∧ c ≤ 2 * n := by
  obtain ⟨a, b, c, hna, hab, hbc, hcn, h₁, h₂, h₃⟩ := exists_triplet_summing_to_squares n hn
  refine ⟨{a, b, c}, ?_, ?_, ?_⟩
  · suffices ({a, b, c} : Finset ℕ).card = 3 by rw [this]
    suffices a ∉ {b, c} ∧ b ∉ {c} by
      rw [Finset.card_insert_of_not_mem this.1, Finset.card_insert_of_not_mem this.2,
        Finset.card_singleton]
    · rw [Finset.mem_insert, Finset.mem_singleton, Finset.mem_singleton]
      push_neg
      exact ⟨⟨hab.ne, (hab.trans hbc).ne⟩, hbc.ne⟩
  · intro x hx y hy hxy
    simp only [Finset.mem_insert, Finset.mem_singleton] at hx hy
    rcases hx with (rfl | rfl | rfl) <;> rcases hy with (rfl | rfl | rfl)
    all_goals
      first
      | contradiction
      | assumption
      | simpa only [add_comm x y]
  · simp only [Finset.mem_insert, Finset.mem_singleton]
    omega

",,True,45,"theorem exists_finset_3_le_card_with_pairs_summing_to_squares (n : ℕ) (hn : 100 ≤ n) :
    ∃ B : Finset ℕ,
      2 * 1 + 1 ≤ B.card ∧
      (∀ a ∈ B, ∀ b ∈ B, a ≠ b → ∃ k, a + b = k ^ 2) ∧
      ∀ c ∈ B, n ≤ c ∧ c ≤ 2 * n := by
  obtain ⟨a, b, c, hna, hab, hbc, hcn, h₁, h₂, h₃⟩ := exists_triplet_summing_to_squares n hn
  refine ⟨{a, b, c}, ?_, ?_, ?_⟩
  · suffices ({a, b, c} : Finset ℕ).card = 3 by rw [this]
    suffices a ∉ {b, c} ∧ b ∉ {c} by
      rw [Finset.card_insert_of_not_mem this.1, Finset.card_insert_of_not_mem this.2,
        Finset.card_singleton]
    · rw [Finset.mem_insert, Finset.mem_singleton, Finset.mem_singleton]
      push_neg
      exact ⟨⟨hab.ne, (hab.trans hbc).ne⟩, hbc.ne⟩
  · intro x hx y hy hxy
    simp only [Finset.mem_insert, Finset.mem_singleton] at hx hy
    rcases hx with (rfl | rfl | rfl) <;> rcases hy with (rfl | rfl | rfl)
    all_goals
      first
      | contradiction
      | assumption
      | simpa only [add_comm x y]
  · simp only [Finset.mem_insert, Finset.mem_singleton]
    omega


",,True,10,Compfiles.Imo2021P1,Llama-8B,LENGTH,best_of_n,False,0,0,Imo2021P1.exists_finset_3_le_card_with_pairs_summing_to_squares,False
-1,False,45,"theorem exists_finset_3_le_card_with_pairs_summing_to_squares (n : ℕ) (hn : 100 ≤ n) :
    ∃ B : Finset ℕ,
      2 * 1 + 1 ≤ B.card ∧
      (∀ (a) (_ : a ∈ B) (b) (_ : b ∈ B), a ≠ b → ∃ k, a + b = k ^ 2) ∧
      ∀ c ∈ B, n ≤ c ∧ c ≤ 2 * n := by
  obtain ⟨a, b, c, hna, hab, hbc, hcn, h₁, h₂, h₃⟩ := exists_triplet_summing_to_squares n hn
  refine ⟨{a, b, c}, ?_, ?_, ?_⟩
  · suffices ({a, b, c} : Finset ℕ).card = 3 by rw [this]
    suffices a ∉ {b, c} ∧ b ∉ {c} by
      rw [Finset.card_insert_of_not_mem this.1, Finset.card_insert_of_not_mem this.2,
        Finset.card_singleton]
    · rw [Finset.mem_insert, Finset.mem_singleton, Finset.mem_singleton]
      push_neg
      exact ⟨⟨hab.ne, (hab.trans hbc).ne⟩, hbc.ne⟩
  · intro x hx y hy hxy
    simp only [Finset.mem_insert, Finset.mem_singleton] at hx hy
    rcases hx with (rfl | rfl | rfl) <;> rcases hy with (rfl | rfl | rfl)
    all_goals
      first
      | contradiction
      | assumption
      | simpa only [add_comm x y]
  · simp only [Finset.mem_insert, Finset.mem_singleton]
    omega

",,True,-1,"theorem exists_finset_3_le_card_with_pairs_summing_to_squares (n : ℕ) (hn : 100 ≤ n) :
    ∃ B : Finset ℕ,
      2 * 1 + 1 ≤ B.card ∧
      (∀ a, a ∈ B → ∀ b, b ∈ B → a ≠ b → ∃ k, a + b = k ^ 2) ∧
      ∀ c ∈ B, n ≤ c ∧ c ≤ 2 * n := by
  obtain ⟨a, b, c, hna, hab, hbc, hcn, h₁, h₂, h₃⟩ := exists_triplet_summing_to_squares n hn
  refine ⟨{a, b, c}, by suffices the number of elements in this finset is 3, ?_, ?_, ?_⟩
  · rw [Finset.card_insert_of_not_mem (hna.trans b c).not_mem,
    Finset.card_insert_of_not_mem (hab.trans hbc).not_mem, Finset.card_singleton]
  · push_neg at hbc
    simp [hbc]
  · intro x hx y hy hxy
    simp only [Finset.mem_insert, Finset.mem_singleton] at hx hy
    rcases hx with (rfl | rfl | rfl) <;> rcases hy with (rfl | rfl | rfl)
    all_goals
      first
      | contradiction
      | assumption
      | simpa only [add_comm x y]
  · simp only [Finset.mem_insert, Finset.mem_singleton]
    omega


","💥️unexpected token 'in'; expected 'by' or 'from'

💥️unknown identifier 'the'

💥️unsolved goals
n : ℕ
hn : 100 ≤ n
a b c : ℕ
hna : n ≤ a
hab : a < b
hbc : b < c
hcn : c ≤ 2 * n
h₁ : ∃ k, a + b = k ^ 2
h₂ : ∃ l, c + a = l ^ 2
h₃ : ∃ m, b + c = m ^ 2
this : sorry
⊢ 2 * 1 + 1 ≤ #{a, b, c} ∧
    (∀ a_1 ∈ {a, b, c}, ∀ b_1 ∈ {a, b, c}, a_1 ≠ b_1 → ∃ k, a_1 + b_1 = k ^ 2) ∧
      ∀ c_1 ∈ {a, b, c}, n ≤ c_1 ∧ c_1 ≤ 2 * n

💥️unsolved goals
n : ℕ
hn : 100 ≤ n
a b c : ℕ
hna : n ≤ a
hab : a < b
hbc : b < c
hcn : c ≤ 2 * n
h₁ : ∃ k, a + b = k ^ 2
h₂ : ∃ l, c + a = l ^ 2
h₃ : ∃ m, b + c = m ^ 2
⊢ sorry",False,10,Compfiles.Imo2021P1,Llama-8B,LENGTH,best_of_n,False,0,-1,Imo2021P1.exists_finset_3_le_card_with_pairs_summing_to_squares,False
-1,False,45,"theorem exists_finset_3_le_card_with_pairs_summing_to_squares (n : ℕ) (hn : 100 ≤ n) :
    ∃ B : Finset ℕ,
      2 * 1 + 1 ≤ B.card ∧
      (∀ (a) (_ : a ∈ B) (b) (_ : b ∈ B), a ≠ b → ∃ k, a + b = k ^ 2) ∧
      ∀ c ∈ B, n ≤ c ∧ c ≤ 2 * n := by
  obtain ⟨a, b, c, hna, hab, hbc, hcn, h₁, h₂, h₃⟩ := exists_triplet_summing_to_squares n hn
  refine ⟨{a, b, c}, ?_, ?_, ?_⟩
  · suffices ({a, b, c} : Finset ℕ).card = 3 by rw [this]
    suffices a ∉ {b, c} ∧ b ∉ {c} by
      rw [Finset.card_insert_of_not_mem this.1, Finset.card_insert_of_not_mem this.2,
        Finset.card_singleton]
    · rw [Finset.mem_insert, Finset.mem_singleton, Finset.mem_singleton]
      push_neg
      exact ⟨⟨hab.ne, (hab.trans hbc).ne⟩, hbc.ne⟩
  · intro x hx y hy hxy
    simp only [Finset.mem_insert, Finset.mem_singleton] at hx hy
    rcases hx with (rfl | rfl | rfl) <;> rcases hy with (rfl | rfl | rfl)
    all_goals
      first
      | contradiction
      | assumption
      | simpa only [add_comm x y]
  · simp only [Finset.mem_insert, Finset.mem_singleton]
    omega

",,True,-1,"theorem exists_finset_3_le_card_with_pairs_summing_to_squares (n : ℕ) (hn : 100 ≤ n) :
    ∃ B : Finset ℕ,
      2 * 1 + 1 ≤ B.card ∧
      (∀ a, b ∈ B; a ≠ b → ∃ k, a + b = k ^ 2) ∧
      ∀ c ∈ B, n ≤ c ∧ c ≤ 2 * n := by
  obtain ⟨a, b, c, hna, hab, hbc, hcn, h₁, h₂, h₃⟩ := exists_triplet_summing_to_squares n hn
  refine ⟨{a, b, c}, 3, ?_, ?_, ?_⟩
  · suffices a ∉ {b, c} ∧ b ∉ {c} by
      rw [Finset.card_insert_of_not_mem this.1, Finset.card_insert_of_not_mem this.2,
        Finset.card_singleton]
    · rw [Finset.mem_insert, Finset.mem_singleton, Finset.mem_singleton]
      push_neg
      exact ⟨⟨hab.ne, (hab.trans hbc).ne⟩, hbc.ne⟩
  · intro x hx y hy hxy
    simp only [Finset.mem_insert, Finset.mem_singleton] at hx hy
    rcases hx with (rfl | rfl | rfl) <;> rcases hy with (rfl | rfl | rfl)
    all_goals
      first
      | contradiction
      | assumption
      | simpa only [add_comm x y]
  · simp only [Finset.mem_insert, Finset.mem_singleton]
    omega


","💥️unexpected token ';'; expected ')', ',' or ':'",False,10,Compfiles.Imo2021P1,Llama-8B,LENGTH,best_of_n,False,0,-1,Imo2021P1.exists_finset_3_le_card_with_pairs_summing_to_squares,False
-1,False,45,"theorem exists_finset_3_le_card_with_pairs_summing_to_squares (n : ℕ) (hn : 100 ≤ n) :
    ∃ B : Finset ℕ,
      2 * 1 + 1 ≤ B.card ∧
      (∀ (a) (_ : a ∈ B) (b) (_ : b ∈ B), a ≠ b → ∃ k, a + b = k ^ 2) ∧
      ∀ c ∈ B, n ≤ c ∧ c ≤ 2 * n := by
  obtain ⟨a, b, c, hna, hab, hbc, hcn, h₁, h₂, h₃⟩ := exists_triplet_summing_to_squares n hn
  refine ⟨{a, b, c}, ?_, ?_, ?_⟩
  · suffices ({a, b, c} : Finset ℕ).card = 3 by rw [this]
    suffices a ∉ {b, c} ∧ b ∉ {c} by
      rw [Finset.card_insert_of_not_mem this.1, Finset.card_insert_of_not_mem this.2,
        Finset.card_singleton]
    · rw [Finset.mem_insert, Finset.mem_singleton, Finset.mem_singleton]
      push_neg
      exact ⟨⟨hab.ne, (hab.trans hbc).ne⟩, hbc.ne⟩
  · intro x hx y hy hxy
    simp only [Finset.mem_insert, Finset.mem_singleton] at hx hy
    rcases hx with (rfl | rfl | rfl) <;> rcases hy with (rfl | rfl | rfl)
    all_goals
      first
      | contradiction
      | assumption
      | simpa only [add_comm x y]
  · simp only [Finset.mem_insert, Finset.mem_singleton]
    omega

",,True,-1,"theorem exists_finset_3_le_card_with_pairs_summing_to_squares (n : ℕ) (hn : 100 ≤ n) :
    ∃ B : Finset ℕ,
      2 * 1 + 1 ≤ B.card ∧
      (∀ a, b ∈ B, a ≠ b → ∃ k, a + b = k ^ 2) ∧
      ∀ c ∈ B, n ≤ c ∧ c ≤ 2 * n := by
  obtain ⟨a, b, c, hna, hab, hbc, hcn, h₁, h₂, h₃⟩ := exists_triplet_summing_to_squares n hn
  refine ⟨{a, b, c}, ?_, ?_, ?_⟩
  · suffices ({a, b, c} : Finset ℕ).card = 3 by rw [this]
    suffices a ∉ {b, c} ∧ b ∉ {c} by
      rw [Finset.card_insert_of_not_mem this.1, Finset.card_insert_of_not_mem this.2,
        Finset.card_singleton]
    · rw [Finset.mem_insert, Finset.mem_singleton, Finset.mem_singleton]
      push_neg
      exact ⟨⟨hab.ne, (hab.trans hbc).ne⟩, hbc.ne⟩
  · intro x hx y hy hxy
    simp only [Finset.mem_insert, Finset.mem_singleton] at hx hy
    rcases hx with (rfl | rfl | rfl) <;> rcases hy with (rfl | rfl | rfl)
    all_goals
      first
      | contradiction
      | assumption
      | simpa only [add_comm x y]
  · simp only [Finset.mem_insert, Finset.mem_singleton]
    omega


","💥️application type mismatch
  And (?m.52714 → b ∈ B, a ≠ b → ∃ k, a + b = k ^ 2)
argument
  (?m.52714 → b ∈ B, a ≠ b → ∃ k, a + b = k ^ 2)
has type
  Prop × Prop : Type
but is expected to have type
  Prop : Type

💥️tactic 'introN' failed, insufficient number of binders
case intro.intro.intro.intro.intro.intro.intro.intro.intro.refine_2
b✝ a✝ n : ℕ
hn : 100 ≤ n
a b c : ℕ
hna : n ≤ a
hab : a < b
hbc : b < c
hcn : c ≤ 2 * n
h₁ : ∃ k, a + b = k ^ 2
h₂ : ∃ l, c + a = l ^ 2
h₃ : ∃ m, b + c = m ^ 2
⊢ sorry",False,10,Compfiles.Imo2021P1,Llama-8B,LENGTH,best_of_n,False,0,-1,Imo2021P1.exists_finset_3_le_card_with_pairs_summing_to_squares,False
-1,False,18,"problem imo2021_p1 :
    ∀ n : ℕ, 100 ≤ n → ∀ (A) (_ : A ⊆ Finset.Icc n (2 * n)),
    (∃ (a : _) (_ : a ∈ A) (b : _) (_ : b ∈ A), a ≠ b ∧ ∃ k : ℕ, a + b = k ^ 2) ∨
    ∃ (a : _) (_ : a ∈ Finset.Icc n (2 * n) \ A) (b : _) (_ : b ∈ Finset.Icc n (2 * n) \ A),
      a ≠ b ∧ ∃ k : ℕ, a + b = k ^ 2 := by
  intro n hn A hA
  -- For each n ∈ ℕ such that 100 ≤ n, there exists a pairwise unequal triplet {a, b, c} ⊆ [n, 2n]
  -- such that all pairwise sums are perfect squares. In practice, it will be easier to use
  -- a finite set B ⊆ [n, 2n] such that all pairwise unequal pairs of B sum to a perfect square
  -- noting that B has cardinality greater or equal to 3, by the explicit construction of the
  -- triplet {a, b, c} before.
  obtain ⟨B, hB, h₁, h₂⟩ := exists_finset_3_le_card_with_pairs_summing_to_squares n hn
  have hBsub : B ⊆ Finset.Icc n (2 * n) := by
    intro c hcB; simpa only [Finset.mem_Icc] using h₂ c hcB
  have hB' : 2 * 1 < (B ∩ (Finset.Icc n (2 * n) \ A) ∪ B ∩ A).card := by
    rw [←inter_union_distrib_left, sdiff_union_self_eq_union, union_eq_left.2 hA,
      inter_eq_left.2 hBsub]
    exact Nat.succ_le_iff.mp hB
  -- Since B has cardinality greater or equal to 3, there must exist a subset C ⊆ B such that
  -- for any A ⊆ [n, 2n], either C ⊆ A or C ⊆ [n, 2n] \ A and C has cardinality greater
  -- or equal to 2.
  obtain ⟨C, hC, hCA⟩ := Finset.exists_subset_or_subset_of_two_mul_lt_card hB'
  rw [Finset.one_lt_card] at hC
  rcases hC with ⟨a, ha, b, hb, hab⟩
  simp only [Finset.subset_iff, Finset.mem_inter] at hCA
  -- Now we split into the two cases C ⊆ [n, 2n] \ A and C ⊆ A, which can be dealt with identically.
  cases' hCA with hCA hCA <;> [right; left] <;>
    exact ⟨a, (hCA ha).2, b, (hCA hb).2, hab, h₁ a (hCA ha).1 b (hCA hb).1 hab⟩


",,True,-1,"theorem imo2021_p1 : ∀ n : ℕ, 100 ≤ n → ∀ (A) (_ : A ⊆ Finset.Icc n (2 * n)),
    (∃ (a : _) (_ : a ∈ A) (b : _) (_ : b ∈ A), a ≠ b ∧ ∃ k : ℕ, a + b = k ^ 2) ∨
    ∃ (a : _) (_ : a ∈ Finset.Icc n (2 * n) \ A) (b : _) (_ : b ∈ Finset.Icc n (2 * n) \ A),
      a ≠ b ∧ ∃ k : ℕ, a + b = k ^ 2 := by
  intro n hn A hA
  -- For each n ∈ ℕ such that 100 ≤ n, there exists a pairwise unequal triplet {a, b, c} ⊆ [n, 2n]
  -- such that all pairwise sums are perfect squares. In practice, it will be easier to use
  -- a finite set B ⊆ [n, 2n] such that all pairwise unequal pairs of B sum to a perfect square
  -- noting that B has cardinality greater or equal to 3, by the explicit construction of the
  -- triplet {a, b, c} before.
  obtain ⟨B, hB, h₁, h₂⟩ := exists_finset_3_le_card_with_pairs_summing_to_squares n hn
  have hBsub : B ⊆ Finset.Icc n (2 * n) := fun _ hcB => h₂ _ hcB ▸ (Finset.erase B hB). patří
    (Finset.mem_Icc _ hcB) (Finset.erase_subset_of_two_mul_lt_card hB (by
      rw [←inter_union_distrib_left, sdiff_union_self_eq_union, union_eq_left.2 hA,
        inter_eq_left.2 hBsub] ?_)
  have hB' : 2 * 1 < (B ∩ (Finset.Icc n (2 * n) \ A) ∪ B ∩ A).card := by
    rw [←inter_union_distrib_left, sdiff_union_self_eq_union, union_eq_left.2 hA,
      inter_eq_left.2 hBsub]
    exact Nat.succ_le_iff.mp hB
  -- Since B has cardinality greater or equal to 3, there must exist a subset C ⊆ B such that
  -- for any A ⊆ [n, 2n], either C ⊆ A or C ⊆ [n, 2n] \ A and C has cardinality greater
  -- or equal to 2.
  obtain ⟨C, hC, hCA⟩ := Finset.exists_subset_or_subset_of_two_mul_lt_card hB'
  rcases hC with ⟨a, ha, b, hb, hab⟩
  simp only [Finset.subset_iff, Finset.mem_inter] at hCA
  -- Now we split into the two cases C ⊆ [n, 2n] \ A and C ⊆ A, which can be dealt with identically.
  obtain rfl | rfl := hCA
  · rw [Finset.mem_diff, Finset.mem_univ, true_and, c_ne, Finset.erase_subset_of_two_mul_lt_card hB' hA]
    exact ⟨a, by simp, b, by simp, hab, by simp, h₁ a (hCA ha).1 b (hCA hb).1 hab⟩
  · rw [Finset.mem_univ, true_and, Finset erase_subset_of_two_mul_lt_card hB' (Finset.erase B hB)]
    exact ⟨a, by simp, b, by simp, hab, by simp, h₁ a (hCA ha).1 b (hCA hb).1 hab⟩
","💥️invalid `▸` notation, argument
  h₂ x✝ hcB
has type
  n ≤ x✝ ∧ x✝ ≤ 2 * n
equality expected

💥️unsolved goals
case intro.intro.intro
n : ℕ
hn : 100 ≤ n
A : Finset ℕ
hA : A ⊆ Icc n (2 * n)
B : Finset ℕ
hB : 2 * 1 + 1 ≤ #B
h₁ : ∀ a ∈ B, ∀ b ∈ B, a ≠ b → ∃ k, a + b = k ^ 2
h₂ : ∀ c ∈ B, n ≤ c ∧ c ≤ 2 * n
hBsub : B ⊆ Icc n (2 * n)
⊢ (∃ a, ∃ (_ : a ∈ A), ∃ b, ∃ (_ : b ∈ A), a ≠ b ∧ ∃ k, a + b = k ^ 2) ∨
    ∃ a, ∃ (_ : a ∈ Icc n (2 * n) \ A), ∃ b, ∃ (_ : b ∈ Icc n (2 * n) \ A), a ≠ b ∧ ∃ k, a + b = k ^ 2",False,10,Compfiles.Imo2021P1,Llama-8B,LENGTH,best_of_n,False,0,-1,Imo2021P1.imo2021_p1,False
-1,False,18,"problem imo2021_p1 :
    ∀ n : ℕ, 100 ≤ n → ∀ (A) (_ : A ⊆ Finset.Icc n (2 * n)),
    (∃ (a : _) (_ : a ∈ A) (b : _) (_ : b ∈ A), a ≠ b ∧ ∃ k : ℕ, a + b = k ^ 2) ∨
    ∃ (a : _) (_ : a ∈ Finset.Icc n (2 * n) \ A) (b : _) (_ : b ∈ Finset.Icc n (2 * n) \ A),
      a ≠ b ∧ ∃ k : ℕ, a + b = k ^ 2 := by
  intro n hn A hA
  -- For each n ∈ ℕ such that 100 ≤ n, there exists a pairwise unequal triplet {a, b, c} ⊆ [n, 2n]
  -- such that all pairwise sums are perfect squares. In practice, it will be easier to use
  -- a finite set B ⊆ [n, 2n] such that all pairwise unequal pairs of B sum to a perfect square
  -- noting that B has cardinality greater or equal to 3, by the explicit construction of the
  -- triplet {a, b, c} before.
  obtain ⟨B, hB, h₁, h₂⟩ := exists_finset_3_le_card_with_pairs_summing_to_squares n hn
  have hBsub : B ⊆ Finset.Icc n (2 * n) := by
    intro c hcB; simpa only [Finset.mem_Icc] using h₂ c hcB
  have hB' : 2 * 1 < (B ∩ (Finset.Icc n (2 * n) \ A) ∪ B ∩ A).card := by
    rw [←inter_union_distrib_left, sdiff_union_self_eq_union, union_eq_left.2 hA,
      inter_eq_left.2 hBsub]
    exact Nat.succ_le_iff.mp hB
  -- Since B has cardinality greater or equal to 3, there must exist a subset C ⊆ B such that
  -- for any A ⊆ [n, 2n], either C ⊆ A or C ⊆ [n, 2n] \ A and C has cardinality greater
  -- or equal to 2.
  obtain ⟨C, hC, hCA⟩ := Finset.exists_subset_or_subset_of_two_mul_lt_card hB'
  rw [Finset.one_lt_card] at hC
  rcases hC with ⟨a, ha, b, hb, hab⟩
  simp only [Finset.subset_iff, Finset.mem_inter] at hCA
  -- Now we split into the two cases C ⊆ [n, 2n] \ A and C ⊆ A, which can be dealt with identically.
  cases' hCA with hCA hCA <;> [right; left] <;>
    exact ⟨a, (hCA ha).2, b, (hCA hb).2, hab, h₁ a (hCA ha).1 b (hCA hb).1 hab⟩


",,True,-1,"monotone Function.length_le_2 (Finset.Icc n (2 * n)) (Finset.B ∩ A) from hA ⊆ [n, 2n]
v349 Function.val_lt_100 (Finset.B ∩ A) fun _ ↦ Function.val_le_2 _ (Finset.ae_ne_of_mem.SelectEq)
v347 Function.val_lt_of_ne_100 (Finset.B ∩ A) fun _ ↦ Function.val_ne_100_of_ne' (by simpa [← ne_eq, not_and] using hA)
",💥️unexpected identifier; expected command,False,10,Compfiles.Imo2021P1,Llama-8B,LENGTH,best_of_n,False,0,-1,Imo2021P1.imo2021_p1,False
-1,False,18,"problem imo2021_p1 :
    ∀ n : ℕ, 100 ≤ n → ∀ (A) (_ : A ⊆ Finset.Icc n (2 * n)),
    (∃ (a : _) (_ : a ∈ A) (b : _) (_ : b ∈ A), a ≠ b ∧ ∃ k : ℕ, a + b = k ^ 2) ∨
    ∃ (a : _) (_ : a ∈ Finset.Icc n (2 * n) \ A) (b : _) (_ : b ∈ Finset.Icc n (2 * n) \ A),
      a ≠ b ∧ ∃ k : ℕ, a + b = k ^ 2 := by
  intro n hn A hA
  -- For each n ∈ ℕ such that 100 ≤ n, there exists a pairwise unequal triplet {a, b, c} ⊆ [n, 2n]
  -- such that all pairwise sums are perfect squares. In practice, it will be easier to use
  -- a finite set B ⊆ [n, 2n] such that all pairwise unequal pairs of B sum to a perfect square
  -- noting that B has cardinality greater or equal to 3, by the explicit construction of the
  -- triplet {a, b, c} before.
  obtain ⟨B, hB, h₁, h₂⟩ := exists_finset_3_le_card_with_pairs_summing_to_squares n hn
  have hBsub : B ⊆ Finset.Icc n (2 * n) := by
    intro c hcB; simpa only [Finset.mem_Icc] using h₂ c hcB
  have hB' : 2 * 1 < (B ∩ (Finset.Icc n (2 * n) \ A) ∪ B ∩ A).card := by
    rw [←inter_union_distrib_left, sdiff_union_self_eq_union, union_eq_left.2 hA,
      inter_eq_left.2 hBsub]
    exact Nat.succ_le_iff.mp hB
  -- Since B has cardinality greater or equal to 3, there must exist a subset C ⊆ B such that
  -- for any A ⊆ [n, 2n], either C ⊆ A or C ⊆ [n, 2n] \ A and C has cardinality greater
  -- or equal to 2.
  obtain ⟨C, hC, hCA⟩ := Finset.exists_subset_or_subset_of_two_mul_lt_card hB'
  rw [Finset.one_lt_card] at hC
  rcases hC with ⟨a, ha, b, hb, hab⟩
  simp only [Finset.subset_iff, Finset.mem_inter] at hCA
  -- Now we split into the two cases C ⊆ [n, 2n] \ A and C ⊆ A, which can be dealt with identically.
  cases' hCA with hCA hCA <;> [right; left] <;>
    exact ⟨a, (hCA ha).2, b, (hCA hb).2, hab, h₁ a (hCA ha).1 b (hCA hb).1 hab⟩


",,True,-1,"theorem imo2021_p1 :
    ∀ n : ℕ, 100 ≤ n → ∀ (A) (_ : A ⊆ Finset.Icc n (2 * n)),
    (∃ (a : _) (_ : a ∈ A) (b : _) (_ : b ∈ A), a ≠ b ∧ ∃ k : ℕ, a + b = k ^ 2) ∨
    ∃ (a : _) (_ : a ∈ Finset.Icc n (2 * n) \ A) (b : _) (_ : b ∈ Finset.Icc n (2 * n) \ A),
      a ≠ b ∧ ∃ k : ℕ, a + b = k ^ 2 := by
  intro n hn A hA
  obtain ⟨B, hB, h₁, h₂⟩ := exists_finset_3_le_card_with_pairs_summing_to_squares n hn
  have hBsub : B ⊆ Finset.Icc n (2 * n) := fun _ hcB ↦ h₂ _ hcB
  have hB' : 2 * 1 < #(B ∩ (Finset.Icc n (2 * n) \ A) ∪ B ∩ A) := by
    rw [←inter_union_distrib_left, sdiff_union_self_eq_union, union_eq_left.2 hA,
      inter_eq_left.2 hBsub]
    exact Nat.succ_le_iff.mp hB
  -- Since B has cardinality greater or equal to 3, there must exist a subset C ⊆ B such that
  -- for any A ⊆ [n, 2n], either C ⊆ A or C ⊆ [n, 2n] \ A and C has cardinality greater
  -- or equal to 2.
  obtain ⟨C, hC, hCA⟩ := Finset.exists_subset_or_subset_of_two_mul_lt_card hB'
  rcases Finset.one_lt_card.mp hC with ⟨a, ha, b, hb, hab⟩
  simp only [Finset.subset_iff, Finset.mem_inter] at hCA
  -- Now we split into the two cases C ⊆ [n, 2n] \ A and C ⊆ A, which can be dealt with identically.
  cases' hCA with hCA hCA <;> [right; left] <;>
    exact ⟨a, (hCA ha).2, b, (hCA hb).2, hab, h₁ a (hCA ha).1 b (hCA hb).1 hab⟩","💥️type mismatch
  h₂ x✝ hcB
has type
  n ≤ x✝ ∧ x✝ ≤ 2 * n : Prop
but is expected to have type
  x✝ ∈ Icc n (2 * n) : Prop",False,10,Compfiles.Imo2021P1,Llama-8B,LENGTH,best_of_n,False,0,-1,Imo2021P1.imo2021_p1,False
-1,False,18,"problem imo2021_p1 :
    ∀ n : ℕ, 100 ≤ n → ∀ (A) (_ : A ⊆ Finset.Icc n (2 * n)),
    (∃ (a : _) (_ : a ∈ A) (b : _) (_ : b ∈ A), a ≠ b ∧ ∃ k : ℕ, a + b = k ^ 2) ∨
    ∃ (a : _) (_ : a ∈ Finset.Icc n (2 * n) \ A) (b : _) (_ : b ∈ Finset.Icc n (2 * n) \ A),
      a ≠ b ∧ ∃ k : ℕ, a + b = k ^ 2 := by
  intro n hn A hA
  -- For each n ∈ ℕ such that 100 ≤ n, there exists a pairwise unequal triplet {a, b, c} ⊆ [n, 2n]
  -- such that all pairwise sums are perfect squares. In practice, it will be easier to use
  -- a finite set B ⊆ [n, 2n] such that all pairwise unequal pairs of B sum to a perfect square
  -- noting that B has cardinality greater or equal to 3, by the explicit construction of the
  -- triplet {a, b, c} before.
  obtain ⟨B, hB, h₁, h₂⟩ := exists_finset_3_le_card_with_pairs_summing_to_squares n hn
  have hBsub : B ⊆ Finset.Icc n (2 * n) := by
    intro c hcB; simpa only [Finset.mem_Icc] using h₂ c hcB
  have hB' : 2 * 1 < (B ∩ (Finset.Icc n (2 * n) \ A) ∪ B ∩ A).card := by
    rw [←inter_union_distrib_left, sdiff_union_self_eq_union, union_eq_left.2 hA,
      inter_eq_left.2 hBsub]
    exact Nat.succ_le_iff.mp hB
  -- Since B has cardinality greater or equal to 3, there must exist a subset C ⊆ B such that
  -- for any A ⊆ [n, 2n], either C ⊆ A or C ⊆ [n, 2n] \ A and C has cardinality greater
  -- or equal to 2.
  obtain ⟨C, hC, hCA⟩ := Finset.exists_subset_or_subset_of_two_mul_lt_card hB'
  rw [Finset.one_lt_card] at hC
  rcases hC with ⟨a, ha, b, hb, hab⟩
  simp only [Finset.subset_iff, Finset.mem_inter] at hCA
  -- Now we split into the two cases C ⊆ [n, 2n] \ A and C ⊆ A, which can be dealt with identically.
  cases' hCA with hCA hCA <;> [right; left] <;>
    exact ⟨a, (hCA ha).2, b, (hCA hb).2, hab, h₁ a (hCA ha).1 b (hCA hb).1 hab⟩


",,True,-1,"theorem imo2021_p1 : ∀ n : ℕ, 100 ≤ n → ∀ (A) (_ : A ⊆ Finset.Icc n (2 * n)),
    (∃ (a : _) (_ : a ∈ A) (b : _) (_ : b ∈ A), a ≠ b ∧ ∃ k : ℕ, a + b = k ^ 2) ∨
    ∃ (a : _) (_ : a ∈ Finset.Icc n (2 * n) \ A) (b : _) (_ : b ∈ Finset.Icc n (2 * n) \ A),
      a ≠ b ∧ ∃ k : ℕ, a + b = k ^ 2 := by
  intro n hn A hA
  -- For each n ∈ ℕ such that 100 ≤ n, there exists a pairwise unequal triplet {a, b, c} ⊆ [n, 2n]
  -- such that all pairwise sums are perfect squares. In practice, it will be easier to use
  -- a finite set B ⊆ [n, 2n] such that all pairwise unequal pairs of B sum to a perfect square
  -- noting that B has cardinality greater or equal to 3, by the explicit construction of the
  -- triplet {a, b, c} before.
  obtain ⟨B, hB, _, h₂⟩ := exists_finset_3_le_card_with_pairs_summing_to_squares n hn
  have hBsub : B ⊆ Finset.Icc n (2 * n) := fun _ hcB ↦ h₂ _ hcB
  have hB' : 2 * 1 < #(B ∩ (Finset.Icc n (2 * n) \ A) ∪ B ∩ A) := by
    rw [←inter_union_distrib_left, sdiff_union_self_eq_union, union_eq_left.2 hA,
      inter_eq_left.2 hBsub]
    exact Nat.succ_le_iff.mp hB
  -- Since B has cardinality greater or equal to 3, there must exist a subset C ⊆ B such that
  -- for any A ⊆ [n, 2n], either C ⊆ A or C ⊆ [n, 2n] \ A and C has cardinality greater
  -- or equal to 2.
  obtain ⟨C, hC, hCA⟩ := Finset.exists_subset_or_subset_of_two_mul_lt_card hB'
  rw [Finset.one_lt_card] at hC
  rcases hC with ⟨a, ha, b, hb, hab⟩
  simp only [Finset.subset_iff, Finset.mem_inter] at hCA
  -- Now we split into the two cases C ⊆ [n, 2n] \ A and C ⊆ A, which can be dealt with identically.
  cases' hCA with hCA hCA <;> [right; left] <;>
    exact ⟨a, (hCA ha).2, b, (hCA hb).2, hab, h₁ a (hCA ha).1 b (hCA hb).1 hab⟩","💥️type mismatch
  h₂ x✝ hcB
has type
  n ≤ x✝ ∧ x✝ ≤ 2 * n : Prop
but is expected to have type
  x✝ ∈ Icc n (2 * n) : Prop

💥️unknown identifier 'h₁'

💥️unknown identifier 'h₁'",False,10,Compfiles.Imo2021P1,Llama-8B,LENGTH,best_of_n,False,0,-1,Imo2021P1.imo2021_p1,False
-1,False,18,"problem imo2021_p1 :
    ∀ n : ℕ, 100 ≤ n → ∀ (A) (_ : A ⊆ Finset.Icc n (2 * n)),
    (∃ (a : _) (_ : a ∈ A) (b : _) (_ : b ∈ A), a ≠ b ∧ ∃ k : ℕ, a + b = k ^ 2) ∨
    ∃ (a : _) (_ : a ∈ Finset.Icc n (2 * n) \ A) (b : _) (_ : b ∈ Finset.Icc n (2 * n) \ A),
      a ≠ b ∧ ∃ k : ℕ, a + b = k ^ 2 := by
  intro n hn A hA
  -- For each n ∈ ℕ such that 100 ≤ n, there exists a pairwise unequal triplet {a, b, c} ⊆ [n, 2n]
  -- such that all pairwise sums are perfect squares. In practice, it will be easier to use
  -- a finite set B ⊆ [n, 2n] such that all pairwise unequal pairs of B sum to a perfect square
  -- noting that B has cardinality greater or equal to 3, by the explicit construction of the
  -- triplet {a, b, c} before.
  obtain ⟨B, hB, h₁, h₂⟩ := exists_finset_3_le_card_with_pairs_summing_to_squares n hn
  have hBsub : B ⊆ Finset.Icc n (2 * n) := by
    intro c hcB; simpa only [Finset.mem_Icc] using h₂ c hcB
  have hB' : 2 * 1 < (B ∩ (Finset.Icc n (2 * n) \ A) ∪ B ∩ A).card := by
    rw [←inter_union_distrib_left, sdiff_union_self_eq_union, union_eq_left.2 hA,
      inter_eq_left.2 hBsub]
    exact Nat.succ_le_iff.mp hB
  -- Since B has cardinality greater or equal to 3, there must exist a subset C ⊆ B such that
  -- for any A ⊆ [n, 2n], either C ⊆ A or C ⊆ [n, 2n] \ A and C has cardinality greater
  -- or equal to 2.
  obtain ⟨C, hC, hCA⟩ := Finset.exists_subset_or_subset_of_two_mul_lt_card hB'
  rw [Finset.one_lt_card] at hC
  rcases hC with ⟨a, ha, b, hb, hab⟩
  simp only [Finset.subset_iff, Finset.mem_inter] at hCA
  -- Now we split into the two cases C ⊆ [n, 2n] \ A and C ⊆ A, which can be dealt with identically.
  cases' hCA with hCA hCA <;> [right; left] <;>
    exact ⟨a, (hCA ha).2, b, (hCA hb).2, hab, h₁ a (hCA ha).1 b (hCA hb).1 hab⟩


",,True,-1,"lemma imo2021_p1 : ∀ n : ℕ, 100 ≤ n → ∀ (A) (_ : A ⊆ Finset.Icc n (2 * n)),
    (∃ a, b ∈ A, a ≠ b ∧ ∃ k, a + b = k ^ 2) ∨
    ∃ a, b ∈ Finset.Icc n (2 * n) \ A, a ≠ b ∧ ∃ k, a + b = k ^ 2 := by
  intro n hn A hA
  -- For each n ∈ ℕ such that 100 ≤ n, there exists a pairwise unequal triplet {a, b, c} ⊆ [n, 2n]
  -- such that all pairwise sums are perfect squares. In practice, it will be easier to use
  -- a finite set B ⊆ [n, 2n] such that all pairwise unequal pairs of B sum to a perfect square
  -- noting that B has cardinality greater or equal to 3, by the explicit construction of the
  -- triplet {a, b, c} before.
  obtain ⟨B, hB, h₁, h₂⟩ := exists_finset_3_le_card_with_pairs_summing_to_squares n hn
  have hBsub : B ⊆ Finset.Icc n (2 * n) := by
    intro c hcB; simpa only [Finset.mem_Icc]
  have hB' : 2 * 1 < #(B ∩ (Finset.Icc n (2 * n) \ A) ∪ B ∩ A) := by
    rw [←inter_union_distrib_left, sdiff_union_self_eq_union, union_eq_left.2 hA,
      inter_eq_left.2 hBsub]
    exact Nat.succ_le_iff.mp hB
  -- Since B has cardinality greater or equal to 3, there must exist a subset C ⊆ B such that
  -- for any A ⊆ [n, 2n], either C ⊆ A or C ⊆ [n, 2n] \ A and C has cardinality greater
  -- or equal to 2.
  obtain ⟨C, hC, hCA⟩ := Finset.exists_subset_or_subset_of_two_mul_lt_card hB'
  rcases hC with ⟨a, ha, b, hb, hab⟩
  simp only [Finset.subset_iff, Finset.mem_inter] at hCA
  -- Now we split into the two cases C ⊆ [n, 2n] \ A and C ⊆ A, which can be dealt with identically.
  cases' hCA with hCA hCA <;> [right; left] <;>
    exact ⟨a, (hCA ha).2, b, (hCA hb).2, hab, h₁ a (hCA ha).1 b (hCA hb).1 hab⟩","💥️unexpected token ','; expected ':=', 'where' or '|'

💥️application type mismatch
  Or (∃ a, b ∈ A, a ≠ b ∧ ∃ k, a + b = k ^ 2)
argument
  (∃ a, b ∈ A, a ≠ b ∧ ∃ k, a + b = k ^ 2)
has type
  Prop × Prop : Type
but is expected to have type
  Prop : Type",False,10,Compfiles.Imo2021P1,Llama-8B,LENGTH,best_of_n,False,0,-1,Imo2021P1.imo2021_p1,False
-1,False,18,"problem imo2021_p1 :
    ∀ n : ℕ, 100 ≤ n → ∀ (A) (_ : A ⊆ Finset.Icc n (2 * n)),
    (∃ (a : _) (_ : a ∈ A) (b : _) (_ : b ∈ A), a ≠ b ∧ ∃ k : ℕ, a + b = k ^ 2) ∨
    ∃ (a : _) (_ : a ∈ Finset.Icc n (2 * n) \ A) (b : _) (_ : b ∈ Finset.Icc n (2 * n) \ A),
      a ≠ b ∧ ∃ k : ℕ, a + b = k ^ 2 := by
  intro n hn A hA
  -- For each n ∈ ℕ such that 100 ≤ n, there exists a pairwise unequal triplet {a, b, c} ⊆ [n, 2n]
  -- such that all pairwise sums are perfect squares. In practice, it will be easier to use
  -- a finite set B ⊆ [n, 2n] such that all pairwise unequal pairs of B sum to a perfect square
  -- noting that B has cardinality greater or equal to 3, by the explicit construction of the
  -- triplet {a, b, c} before.
  obtain ⟨B, hB, h₁, h₂⟩ := exists_finset_3_le_card_with_pairs_summing_to_squares n hn
  have hBsub : B ⊆ Finset.Icc n (2 * n) := by
    intro c hcB; simpa only [Finset.mem_Icc] using h₂ c hcB
  have hB' : 2 * 1 < (B ∩ (Finset.Icc n (2 * n) \ A) ∪ B ∩ A).card := by
    rw [←inter_union_distrib_left, sdiff_union_self_eq_union, union_eq_left.2 hA,
      inter_eq_left.2 hBsub]
    exact Nat.succ_le_iff.mp hB
  -- Since B has cardinality greater or equal to 3, there must exist a subset C ⊆ B such that
  -- for any A ⊆ [n, 2n], either C ⊆ A or C ⊆ [n, 2n] \ A and C has cardinality greater
  -- or equal to 2.
  obtain ⟨C, hC, hCA⟩ := Finset.exists_subset_or_subset_of_two_mul_lt_card hB'
  rw [Finset.one_lt_card] at hC
  rcases hC with ⟨a, ha, b, hb, hab⟩
  simp only [Finset.subset_iff, Finset.mem_inter] at hCA
  -- Now we split into the two cases C ⊆ [n, 2n] \ A and C ⊆ A, which can be dealt with identically.
  cases' hCA with hCA hCA <;> [right; left] <;>
    exact ⟨a, (hCA ha).2, b, (hCA hb).2, hab, h₁ a (hCA ha).1 b (hCA hb).1 hab⟩


",,True,-1,"lemma imo2021_p1 : ∀ n : ℕ, 100 ≤ n → ∀ (A) (_ : A ⊆ Finset.Icc n (2 * n)),
    (∃ (a, b : _) (_ : a ∈ A, b ∈ A), c := a + b, d := c ^ 2) ∨
    ∃ (a, b : _) (_ : a ∈ Finset.Icc n (2 * n) \ A, b ∈ Finset.Icc n (2 * n) \ A)
      (c := a + b, d := c ^ 2, e := a * b) := by
  simpa only [Finset.subset_iff, Finset.mem_inter] using imo2021_p0 n hn A hA
","💥️unexpected token ','; expected ':'",False,10,Compfiles.Imo2021P1,Llama-8B,LENGTH,best_of_n,False,0,-1,Imo2021P1.imo2021_p1,False
-1,False,18,"problem imo2021_p1 :
    ∀ n : ℕ, 100 ≤ n → ∀ (A) (_ : A ⊆ Finset.Icc n (2 * n)),
    (∃ (a : _) (_ : a ∈ A) (b : _) (_ : b ∈ A), a ≠ b ∧ ∃ k : ℕ, a + b = k ^ 2) ∨
    ∃ (a : _) (_ : a ∈ Finset.Icc n (2 * n) \ A) (b : _) (_ : b ∈ Finset.Icc n (2 * n) \ A),
      a ≠ b ∧ ∃ k : ℕ, a + b = k ^ 2 := by
  intro n hn A hA
  -- For each n ∈ ℕ such that 100 ≤ n, there exists a pairwise unequal triplet {a, b, c} ⊆ [n, 2n]
  -- such that all pairwise sums are perfect squares. In practice, it will be easier to use
  -- a finite set B ⊆ [n, 2n] such that all pairwise unequal pairs of B sum to a perfect square
  -- noting that B has cardinality greater or equal to 3, by the explicit construction of the
  -- triplet {a, b, c} before.
  obtain ⟨B, hB, h₁, h₂⟩ := exists_finset_3_le_card_with_pairs_summing_to_squares n hn
  have hBsub : B ⊆ Finset.Icc n (2 * n) := by
    intro c hcB; simpa only [Finset.mem_Icc] using h₂ c hcB
  have hB' : 2 * 1 < (B ∩ (Finset.Icc n (2 * n) \ A) ∪ B ∩ A).card := by
    rw [←inter_union_distrib_left, sdiff_union_self_eq_union, union_eq_left.2 hA,
      inter_eq_left.2 hBsub]
    exact Nat.succ_le_iff.mp hB
  -- Since B has cardinality greater or equal to 3, there must exist a subset C ⊆ B such that
  -- for any A ⊆ [n, 2n], either C ⊆ A or C ⊆ [n, 2n] \ A and C has cardinality greater
  -- or equal to 2.
  obtain ⟨C, hC, hCA⟩ := Finset.exists_subset_or_subset_of_two_mul_lt_card hB'
  rw [Finset.one_lt_card] at hC
  rcases hC with ⟨a, ha, b, hb, hab⟩
  simp only [Finset.subset_iff, Finset.mem_inter] at hCA
  -- Now we split into the two cases C ⊆ [n, 2n] \ A and C ⊆ A, which can be dealt with identically.
  cases' hCA with hCA hCA <;> [right; left] <;>
    exact ⟨a, (hCA ha).2, b, (hCA hb).2, hab, h₁ a (hCA ha).1 b (hCA hb).1 hab⟩


",,True,-1,"theorem imo2021_p1 (A : WithSubsemigroup A) : ∀ n, 100 ≤ n → ∀ (A) (_ : A ⊆ Finset.Icc n (2 * n)),
    (∃ a, b ∈ A, a ≠ b ∧ ∃ k, a + b = k^2) ∨
    ∃ a, b ∈ Finset.Icc n (2 * n) \ A, a ≠ b ∧ ∃ k, a + b = k^2 :=
  fun n ↦ by simpa [and_assoc] using ⟨Finset.exists_subset_or_subset_of_two_mul_lt_card (by
    rw [←inter_union_distrib_left, sdiff_union_self_eq_union, union_eq_left.2 hA,
      inter_eq_left.2 $ by simpa using hBsub), Nat.succ_le_iff.mp hB⟩
","💥️unexpected token ','; expected ':=', 'where' or '|'

💥️application type mismatch
  Or (∃ a, b ∈ A, a ≠ b ∧ ∃ k, a + b = k ^ 2)
argument
  (∃ a, b ∈ A, a ≠ b ∧ ∃ k, a + b = k ^ 2)
has type
  Prop × Prop : Type
but is expected to have type
  Prop : Type

💥️function expected at
  WithSubsemigroup
term has type
  ?m.62389",False,10,Compfiles.Imo2021P1,Llama-8B,LENGTH,best_of_n,False,0,-1,Imo2021P1.imo2021_p1,False
-1,False,18,"problem imo2021_p1 :
    ∀ n : ℕ, 100 ≤ n → ∀ (A) (_ : A ⊆ Finset.Icc n (2 * n)),
    (∃ (a : _) (_ : a ∈ A) (b : _) (_ : b ∈ A), a ≠ b ∧ ∃ k : ℕ, a + b = k ^ 2) ∨
    ∃ (a : _) (_ : a ∈ Finset.Icc n (2 * n) \ A) (b : _) (_ : b ∈ Finset.Icc n (2 * n) \ A),
      a ≠ b ∧ ∃ k : ℕ, a + b = k ^ 2 := by
  intro n hn A hA
  -- For each n ∈ ℕ such that 100 ≤ n, there exists a pairwise unequal triplet {a, b, c} ⊆ [n, 2n]
  -- such that all pairwise sums are perfect squares. In practice, it will be easier to use
  -- a finite set B ⊆ [n, 2n] such that all pairwise unequal pairs of B sum to a perfect square
  -- noting that B has cardinality greater or equal to 3, by the explicit construction of the
  -- triplet {a, b, c} before.
  obtain ⟨B, hB, h₁, h₂⟩ := exists_finset_3_le_card_with_pairs_summing_to_squares n hn
  have hBsub : B ⊆ Finset.Icc n (2 * n) := by
    intro c hcB; simpa only [Finset.mem_Icc] using h₂ c hcB
  have hB' : 2 * 1 < (B ∩ (Finset.Icc n (2 * n) \ A) ∪ B ∩ A).card := by
    rw [←inter_union_distrib_left, sdiff_union_self_eq_union, union_eq_left.2 hA,
      inter_eq_left.2 hBsub]
    exact Nat.succ_le_iff.mp hB
  -- Since B has cardinality greater or equal to 3, there must exist a subset C ⊆ B such that
  -- for any A ⊆ [n, 2n], either C ⊆ A or C ⊆ [n, 2n] \ A and C has cardinality greater
  -- or equal to 2.
  obtain ⟨C, hC, hCA⟩ := Finset.exists_subset_or_subset_of_two_mul_lt_card hB'
  rw [Finset.one_lt_card] at hC
  rcases hC with ⟨a, ha, b, hb, hab⟩
  simp only [Finset.subset_iff, Finset.mem_inter] at hCA
  -- Now we split into the two cases C ⊆ [n, 2n] \ A and C ⊆ A, which can be dealt with identically.
  cases' hCA with hCA hCA <;> [right; left] <;>
    exact ⟨a, (hCA ha).2, b, (hCA hb).2, hab, h₁ a (hCA ha).1 b (hCA hb).1 hab⟩


",,True,-1,"theorem imo2021_p1 : ∀ n : ℕ, 100 ≤ n → ∀ A ⊆ Finset.Icc n (2 * n),
    (∃ a, b ∈ A; a ≠ b ∧ ∃ k, a + b = k ^ 2) ∨
    ∃ a, b ∈ Finset.Icc n (2 * n) \ A; a ≠ b ∧ ∃ k, a + b = k ^ 2 := by
  intro n hn A hA
  -- For each n ∈ ℕ such that 100 ≤ n, there exists a pairwise unequal triplet {a, b, c} ⊆ [n, 2n]
  -- such that all pairwise sums are perfect squares. In practice, it will be easier to use
  -- a finite set B ⊆ [n, 2n] such that all pairwise unequal pairs of B sum to a perfect square
  -- noting that B has cardinality greater or equal to 3, by the explicit construction of the
  -- triplet {a, b, c} before.
  obtain ⟨B, hB, h₁, h₂⟩ := exists_finset_3_le_card_with_pairs_summing_to_squares n hn
  have hBsub : B ⊆ Finset.Icc n (2 * n) := by
    intro c hcB; simpa only [Finset.mem_Icc] using h₂ c hcB
  have hB' : 2 * 1 < (B ∩ (Finset.Icc n (2 * n) \ A) ∪ B ∩ A).card := by
    rw [←inter_union_distrib_left, sdiff_union_self_eq_union, union_eq_left.2 hA,
      inter_eq_left.2 hBsub]
    exact Nat.succ_le_iff.mp hB
  -- Since B has cardinality greater or equal to 3, there must exist a subset C ⊆ B such that
  -- for any A ⊆ [n, 2n], either C ⊆ A or C ⊆ [n, 2n] \ A and C has cardinality greater
  -- or equal to 2.
  obtain ⟨C, hC, hCA⟩ := Finset.exists_subset_or_subset_of_two_mul_lt_card hB'
  rcases hC with ⟨a, ha, b, hb, hab⟩
  simp only [Finset.subset_iff, Finset.mem_inter] at hCA
  -- Now we split into the two cases C ⊆ [n, 2n] \ A and C ⊆ A, which can be dealt with identically.
  cases' hCA with hCA hCA <;> [right; left] <;>
    exact ⟨a, (hCA ha).2, b, (hCA hb).2, hab, h₁ a (hCA ha).1 b (hCA hb).1 hab⟩
","💥️unexpected token ';'; expected ')', ',' or ':'",False,10,Compfiles.Imo2021P1,Llama-8B,LENGTH,best_of_n,False,0,-1,Imo2021P1.imo2021_p1,False
-1,False,18,"problem imo2021_p1 :
    ∀ n : ℕ, 100 ≤ n → ∀ (A) (_ : A ⊆ Finset.Icc n (2 * n)),
    (∃ (a : _) (_ : a ∈ A) (b : _) (_ : b ∈ A), a ≠ b ∧ ∃ k : ℕ, a + b = k ^ 2) ∨
    ∃ (a : _) (_ : a ∈ Finset.Icc n (2 * n) \ A) (b : _) (_ : b ∈ Finset.Icc n (2 * n) \ A),
      a ≠ b ∧ ∃ k : ℕ, a + b = k ^ 2 := by
  intro n hn A hA
  -- For each n ∈ ℕ such that 100 ≤ n, there exists a pairwise unequal triplet {a, b, c} ⊆ [n, 2n]
  -- such that all pairwise sums are perfect squares. In practice, it will be easier to use
  -- a finite set B ⊆ [n, 2n] such that all pairwise unequal pairs of B sum to a perfect square
  -- noting that B has cardinality greater or equal to 3, by the explicit construction of the
  -- triplet {a, b, c} before.
  obtain ⟨B, hB, h₁, h₂⟩ := exists_finset_3_le_card_with_pairs_summing_to_squares n hn
  have hBsub : B ⊆ Finset.Icc n (2 * n) := by
    intro c hcB; simpa only [Finset.mem_Icc] using h₂ c hcB
  have hB' : 2 * 1 < (B ∩ (Finset.Icc n (2 * n) \ A) ∪ B ∩ A).card := by
    rw [←inter_union_distrib_left, sdiff_union_self_eq_union, union_eq_left.2 hA,
      inter_eq_left.2 hBsub]
    exact Nat.succ_le_iff.mp hB
  -- Since B has cardinality greater or equal to 3, there must exist a subset C ⊆ B such that
  -- for any A ⊆ [n, 2n], either C ⊆ A or C ⊆ [n, 2n] \ A and C has cardinality greater
  -- or equal to 2.
  obtain ⟨C, hC, hCA⟩ := Finset.exists_subset_or_subset_of_two_mul_lt_card hB'
  rw [Finset.one_lt_card] at hC
  rcases hC with ⟨a, ha, b, hb, hab⟩
  simp only [Finset.subset_iff, Finset.mem_inter] at hCA
  -- Now we split into the two cases C ⊆ [n, 2n] \ A and C ⊆ A, which can be dealt with identically.
  cases' hCA with hCA hCA <;> [right; left] <;>
    exact ⟨a, (hCA ha).2, b, (hCA hb).2, hab, h₁ a (hCA ha).1 b (hCA hb).1 hab⟩


",,True,-1,"theorem imo2021_p1 :
    ∀ n : ℕ, 100 ≤ n → ∀ (A) (_ : A ⊆ Finset.Icc n (2 * n)),
    ∃ (a : _) (_ : a ∈ A) (b : _) (_ : b ∈ A), a ≠ b ∧ ∃ k : ℕ, a + b = k ^ 2) ∨
    ∃ (a : _) (_ : a ∈ Finset.Icc n (2 * n) \ A) (b : _) (_ : b ∈ Finset.Icc n (2 * n) \ A),
      a ≠ b ∧ ∃ k : ℕ, a + b = k ^ 2 := by
  intro n hn A hA
  exact (Finset.exists_subset_or_subset_of_two_mul_lt_card hA (by
      rw [←inter_union_distrib_left, sdiff_union_self_eq_union, union_eq_left.2 hA,
        inter_eq_left.2 (Finset.subset_iff.2 hA).2]
      exact Nat.succ_le_iff.mp (Finset.card_mono hA)).1)
).1
","💥️unexpected token ')'; expected ':=', 'where' or '|'",False,10,Compfiles.Imo2021P1,Llama-8B,LENGTH,best_of_n,False,0,-1,Imo2021P1.imo2021_p1,False
-1,False,18,"problem imo2021_p1 :
    ∀ n : ℕ, 100 ≤ n → ∀ (A) (_ : A ⊆ Finset.Icc n (2 * n)),
    (∃ (a : _) (_ : a ∈ A) (b : _) (_ : b ∈ A), a ≠ b ∧ ∃ k : ℕ, a + b = k ^ 2) ∨
    ∃ (a : _) (_ : a ∈ Finset.Icc n (2 * n) \ A) (b : _) (_ : b ∈ Finset.Icc n (2 * n) \ A),
      a ≠ b ∧ ∃ k : ℕ, a + b = k ^ 2 := by
  intro n hn A hA
  -- For each n ∈ ℕ such that 100 ≤ n, there exists a pairwise unequal triplet {a, b, c} ⊆ [n, 2n]
  -- such that all pairwise sums are perfect squares. In practice, it will be easier to use
  -- a finite set B ⊆ [n, 2n] such that all pairwise unequal pairs of B sum to a perfect square
  -- noting that B has cardinality greater or equal to 3, by the explicit construction of the
  -- triplet {a, b, c} before.
  obtain ⟨B, hB, h₁, h₂⟩ := exists_finset_3_le_card_with_pairs_summing_to_squares n hn
  have hBsub : B ⊆ Finset.Icc n (2 * n) := by
    intro c hcB; simpa only [Finset.mem_Icc] using h₂ c hcB
  have hB' : 2 * 1 < (B ∩ (Finset.Icc n (2 * n) \ A) ∪ B ∩ A).card := by
    rw [←inter_union_distrib_left, sdiff_union_self_eq_union, union_eq_left.2 hA,
      inter_eq_left.2 hBsub]
    exact Nat.succ_le_iff.mp hB
  -- Since B has cardinality greater or equal to 3, there must exist a subset C ⊆ B such that
  -- for any A ⊆ [n, 2n], either C ⊆ A or C ⊆ [n, 2n] \ A and C has cardinality greater
  -- or equal to 2.
  obtain ⟨C, hC, hCA⟩ := Finset.exists_subset_or_subset_of_two_mul_lt_card hB'
  rw [Finset.one_lt_card] at hC
  rcases hC with ⟨a, ha, b, hb, hab⟩
  simp only [Finset.subset_iff, Finset.mem_inter] at hCA
  -- Now we split into the two cases C ⊆ [n, 2n] \ A and C ⊆ A, which can be dealt with identically.
  cases' hCA with hCA hCA <;> [right; left] <;>
    exact ⟨a, (hCA ha).2, b, (hCA hb).2, hab, h₁ a (hCA ha).1 b (hCA hb).1 hab⟩


",,True,-1,"#align imo2021_p1 constructors.

theorem imo2021_p1 : ∀ n : ℕ, 100 ≤ n → ∀ (A) (_ : A ⊆ Finset.Icc n (2 * n)),
    (∃ (a : _) (_ : a ∈ A) (b : _) (_ : b ∈ A), a ≠ b ∧ ∃ k : ℕ, a + b = k ^ 2) ∨
    ∃ (a : _) (_ : a ∈ Finset.Icc n (2 * n) \ A) (b : _) (_ : b ∈ Finset.Icc n (2 * n) \ A,
      a ≠ b ∧ ∃ k : ℕ, a + b = k ^ 2 := by
  intro n hn A hA
  -- For each n ∈ ℕ such that 100 ≤ n, there exists a pairwise unequal triplet {a, b, c} ⊆ [n, 2n]
  -- such that all pairwise sums are perfect squares. In practice, it will be easier to use
  -- a finite set B ⊆ [n, 2n] such that all pairwise unequal pairs of B sum to a perfect square
  -- noting that B has cardinality greater or equal to 3, by the explicit construction of the
  -- triplet {a, b, c} before.
  obtain ⟨B, hB, h₁, h₂⟩ := exists_finset_3_le_card_with_pairs_summing_to_squares n hn
  have hBsub : B ⊆ Finset.Icc n (2 * n) := by
    intro c hcB; simpa only [Finset.mem_Icc] using h₂ c hcB
  have hB' : 2 * 1 < (B ∩ (Finset.Icc n (2 * n) \ A) ∪ B ∩ A).card := by
    rw [←inter_union_distrib_left, sdiff_union_self_eq_union, union_eq_left.2 hA,
      inter_eq_left.2 hBsub]
    exact Nat.succ_le_iff.mp hB
  -- Since B has cardinality greater or equal to 3, there must exist a subset C ⊆ B such that
  -- for any A ⊆ [n, 2n], either C ⊆ A or C ⊆ [n, 2n] \ A and C has cardinality greater
  -- or equal to 2.
  obtain ⟨C, hC, hCA⟩ := Finset.exists_subset_or_subset_of_two_mul_lt_card hB'
  rw [Finset.one_lt_card] at hC
  rcases hC with ⟨a, ha, b, hb, hab⟩
  simp only [Finset.subset_iff, Finset.mem_inter] at hCA
  -- Now we split into the two cases C ⊆ [n, 2n] \ A and C ⊆ A, which can be dealt with identically.
  cases' hCA with hCA hCA <;> [right; left] <;>
    exact ⟨a, (hCA ha).2, b, (hCA hb).2, hab, h₁ a (hCA ha).1 b (hCA hb).1 hab⟩","💥️unexpected token '#'; expected command

💥️unexpected token ','; expected ')'",False,10,Compfiles.Imo2021P1,Llama-8B,LENGTH,best_of_n,False,0,-1,Imo2021P1.imo2021_p1,False
-1,False,6,"lemma lemma0 {α : Type} {p : α → α → Prop}
    (h1 : ∀ x, ∃! y, p x y) (h2 : ∀ x y, p x y ↔ p y x) :
    ∀ x, Classical.choose (h1 (Classical.choose (h1 x).exists)).exists = x := by
  intro x
  obtain ⟨y, h1e, h1u⟩ := h1 x
  rw [h1u _ (Classical.choose_spec _)]
  obtain ⟨w, h1e', h1u'⟩ := h1 y
  rw [h1u' _ ((h2 _ _).mpr h1e)]
  exact h1u' _ (Classical.choose_spec _)

",,True,-1,"lemma lemma0 {α : Type} {p : α → α → Prop}
    (h1 : ∀ x, ∃! y, p x y) (h2 : ∀ x y, p x y ↔ p y x) :
    ∀ x, Classical.choose (h1 (Classical.choose (h1 x)).exists)) = x := by
  intro x
  obtain ⟨y, h1e, h1u⟩ := h1 x
  rw [h1u _ (Classical.choose_spec _)]
  obtain ⟨w, h1e', h1u'⟩ := h1 y
  rw [h1u' _ ((h2 _ _).mpr h1e)]
  exact h1u' _ (Classical.choose_spec _)
","💥️unexpected token ')'; expected ':=', 'where' or '|'

💥️invalid field notation, type is not of the form (C ...) where C is a constant
  Classical.choose ⋯
has type
  α",False,10,Compfiles.Imo2022P2,Llama-8B,LENGTH,best_of_n,False,0,-1,Imo2022P2.lemma0,False
-1,False,6,"lemma lemma0 {α : Type} {p : α → α → Prop}
    (h1 : ∀ x, ∃! y, p x y) (h2 : ∀ x y, p x y ↔ p y x) :
    ∀ x, Classical.choose (h1 (Classical.choose (h1 x).exists)).exists = x := by
  intro x
  obtain ⟨y, h1e, h1u⟩ := h1 x
  rw [h1u _ (Classical.choose_spec _)]
  obtain ⟨w, h1e', h1u'⟩ := h1 y
  rw [h1u' _ ((h2 _ _).mpr h1e)]
  exact h1u' _ (Classical.choose_spec _)

",,True,6,"lemma lemma0 {α : Type} {p : α → α → Prop}
    (h1 : ∀ x, ∃! y, p x y) (h2 : ∀ x y, p x y ↔ p y x) :
    ∀ x, Classical.choose (h1 (Classical.choose (h1 x).exists)).exists = x := by
  intro x
  obtain ⟨y, h1e, h1u⟩ := h1 x
  rw [h1u _ (Classical.choose_spec _)]
  obtain ⟨w, h1e', h1u'⟩ := h1 y
  rw [h1u' _ ((h2 _ _).mpr h1e)]
  exact h1u' _ (Classical.choose_spec _)
",,True,10,Compfiles.Imo2022P2,Llama-8B,LENGTH,best_of_n,False,0,0,Imo2022P2.lemma0,False
-1,False,6,"lemma lemma0 {α : Type} {p : α → α → Prop}
    (h1 : ∀ x, ∃! y, p x y) (h2 : ∀ x y, p x y ↔ p y x) :
    ∀ x, Classical.choose (h1 (Classical.choose (h1 x).exists)).exists = x := by
  intro x
  obtain ⟨y, h1e, h1u⟩ := h1 x
  rw [h1u _ (Classical.choose_spec _)]
  obtain ⟨w, h1e', h1u'⟩ := h1 y
  rw [h1u' _ ((h2 _ _).mpr h1e)]
  exact h1u' _ (Classical.choose_spec _)

",,True,-1,"lemma lemma0 {α : Type} {p : α → α → Prop}
    (h1 : ∀ x, ∃! y, p x y) (h2 : ∀ x y, p x y ↔ p y x) :
    ∀ x, Classical.choose (h1 (Classical.choose (h1 x).exists)).exists = x := by
  intro x
  obtain ⟨y, h1e, h1u⟩ := h1 x
  rw [h1u _ (Classical.choose_spec _), h2 _ _]
  exact fun w h1e' h1u' ↦ h1u' _ (Classical.choose_spec _)

","💥️tactic 'rewrite' failed, did not find instance of the pattern in the target expression
  p ?m.1465 ?m.1466
case intro.intro
α : Type
p : α → α → Prop
h1 : ∀ (x : α), ∃! y, p x y
h2 : ∀ (x y : α), p x y ↔ p y x
x y : α
h1e : p x y
h1u : ∀ (y_1 : α), (fun y => p x y) y_1 → y_1 = y
⊢ Classical.choose ⋯ = x",False,10,Compfiles.Imo2022P2,Llama-8B,LENGTH,best_of_n,False,0,-1,Imo2022P2.lemma0,False
-1,False,6,"lemma lemma0 {α : Type} {p : α → α → Prop}
    (h1 : ∀ x, ∃! y, p x y) (h2 : ∀ x y, p x y ↔ p y x) :
    ∀ x, Classical.choose (h1 (Classical.choose (h1 x).exists)).exists = x := by
  intro x
  obtain ⟨y, h1e, h1u⟩ := h1 x
  rw [h1u _ (Classical.choose_spec _)]
  obtain ⟨w, h1e', h1u'⟩ := h1 y
  rw [h1u' _ ((h2 _ _).mpr h1e)]
  exact h1u' _ (Classical.choose_spec _)

",,True,-1,"lemma lemma0 {α : Type} {p : α → α → Prop}
    (h1 : ∀ x, ∃! y, p x y) (h2 : ∀ x y, p x y ↔ p y x) :
    ∀ x, Classical.choose (h1 (Classical.choose (h1 x).exists)).exists = x := by
  intro x
  obtain ⟨y, h1e, h1u⟩ := h1 x
  rw [h1u _ (Classical.choose_spec _), h2 _ _]
  exact fun p hp ↦ ((h1 _).mp hp).exists = y
","💥️tactic 'rewrite' failed, did not find instance of the pattern in the target expression
  p ?m.1465 ?m.1466
case intro.intro
α : Type
p : α → α → Prop
h1 : ∀ (x : α), ∃! y, p x y
h2 : ∀ (x y : α), p x y ↔ p y x
x y : α
h1e : p x y
h1u : ∀ (y_1 : α), (fun y => p x y) y_1 → y_1 = y
⊢ Classical.choose ⋯ = x",False,10,Compfiles.Imo2022P2,Llama-8B,LENGTH,best_of_n,False,0,-1,Imo2022P2.lemma0,False
-1,False,6,"lemma lemma0 {α : Type} {p : α → α → Prop}
    (h1 : ∀ x, ∃! y, p x y) (h2 : ∀ x y, p x y ↔ p y x) :
    ∀ x, Classical.choose (h1 (Classical.choose (h1 x).exists)).exists = x := by
  intro x
  obtain ⟨y, h1e, h1u⟩ := h1 x
  rw [h1u _ (Classical.choose_spec _)]
  obtain ⟨w, h1e', h1u'⟩ := h1 y
  rw [h1u' _ ((h2 _ _).mpr h1e)]
  exact h1u' _ (Classical.choose_spec _)

",,True,6,"lemma lemma0 {α : Type} {p : α → α → Prop}
    (h1 : ∀ x, ∃! y, p x y) (h2 : ∀ x y, p x y ↔ p y x) :
    ∀ x, Classical.choose (h1 (Classical.choose (h1 x).exists)).exists = x := by
  intro x
  obtain ⟨y, h1e, h1u⟩ := h1 x
  rw [h1u _ (Classical.choose_spec _)]
  obtain ⟨w, h1e', h1u'⟩ := h1 y
  rw [h1u' _ ((h2 _ _).mpr h1e)]
  exact h1u' _ (Classical.choose_spec _)
",,True,10,Compfiles.Imo2022P2,Llama-8B,LENGTH,best_of_n,False,0,0,Imo2022P2.lemma0,False
-1,False,6,"lemma lemma0 {α : Type} {p : α → α → Prop}
    (h1 : ∀ x, ∃! y, p x y) (h2 : ∀ x y, p x y ↔ p y x) :
    ∀ x, Classical.choose (h1 (Classical.choose (h1 x).exists)).exists = x := by
  intro x
  obtain ⟨y, h1e, h1u⟩ := h1 x
  rw [h1u _ (Classical.choose_spec _)]
  obtain ⟨w, h1e', h1u'⟩ := h1 y
  rw [h1u' _ ((h2 _ _).mpr h1e)]
  exact h1u' _ (Classical.choose_spec _)

",,True,6,"lemma lemma0 {α : Type} {p : α → α → Prop}
    (h1 : ∀ x, ∃! y, p x y) (h2 : ∀ x y, p x y ↔ p y x) :
    ∀ x, Classical.choose (h1 (Classical.choose (h1 x).exists)).exists = x := by
  intro x
  obtain ⟨y, h1e, h1u⟩ := h1 x
  rw [h1u _ (Classical.choose_spec _)]
  obtain ⟨w, h1e', h1u'⟩ := h1 y
  rw [h1u' _ ((h2 _ _).mpr h1e)]
  exact h1u' _ (Classical.choose_spec _)
",,True,10,Compfiles.Imo2022P2,Llama-8B,LENGTH,best_of_n,False,0,0,Imo2022P2.lemma0,False
-1,False,6,"lemma lemma0 {α : Type} {p : α → α → Prop}
    (h1 : ∀ x, ∃! y, p x y) (h2 : ∀ x y, p x y ↔ p y x) :
    ∀ x, Classical.choose (h1 (Classical.choose (h1 x).exists)).exists = x := by
  intro x
  obtain ⟨y, h1e, h1u⟩ := h1 x
  rw [h1u _ (Classical.choose_spec _)]
  obtain ⟨w, h1e', h1u'⟩ := h1 y
  rw [h1u' _ ((h2 _ _).mpr h1e)]
  exact h1u' _ (Classical.choose_spec _)

",,True,6,"lemma lemma0 {α : Type} {p : α → α → Prop}
    (h1 : ∀ x, ∃! y, p x y) (h2 : ∀ x y, p x y ↔ p y x) :
    ∀ x, Classical.choose (h1 (Classical.choose (h1 x).exists)).exists = x := by
  intro x
  obtain ⟨y, h1e, h1u⟩ := h1 x
  rw [h1u _ (Classical.choose_spec _)]
  obtain ⟨w, h1e', h1u'⟩ := h1 y
  rw [h1u' _ ((h2 _ _).mpr h1e)]
  exact h1u' _ (Classical.choose_spec _)


",,True,10,Compfiles.Imo2022P2,Llama-8B,LENGTH,best_of_n,False,0,0,Imo2022P2.lemma0,False
-1,False,6,"lemma lemma0 {α : Type} {p : α → α → Prop}
    (h1 : ∀ x, ∃! y, p x y) (h2 : ∀ x y, p x y ↔ p y x) :
    ∀ x, Classical.choose (h1 (Classical.choose (h1 x).exists)).exists = x := by
  intro x
  obtain ⟨y, h1e, h1u⟩ := h1 x
  rw [h1u _ (Classical.choose_spec _)]
  obtain ⟨w, h1e', h1u'⟩ := h1 y
  rw [h1u' _ ((h2 _ _).mpr h1e)]
  exact h1u' _ (Classical.choose_spec _)

",,True,6,"lemma lemma0 {α : Type} {p : α → α → Prop}
    (h1 : ∀ x, ∃! y, p x y) (h2 : ∀ x y, p x y ↔ p y x) :
    ∀ x, Classical.choose (h1 (Classical.choose (h1 x).exists)).exists = x := by
  intro x
  obtain ⟨y, h1e, h1u⟩ := h1 x
  rw [h1u _ (Classical.choose_spec _)]
  obtain ⟨w, h1e', h1u'⟩ := h1 y
  rw [h1u' _ ((h2 _ _).mpr h1e)]
  exact h1u' _ (Classical.choose_spec _)
",,True,10,Compfiles.Imo2022P2,Llama-8B,LENGTH,best_of_n,False,0,0,Imo2022P2.lemma0,False
-1,False,6,"lemma lemma0 {α : Type} {p : α → α → Prop}
    (h1 : ∀ x, ∃! y, p x y) (h2 : ∀ x y, p x y ↔ p y x) :
    ∀ x, Classical.choose (h1 (Classical.choose (h1 x).exists)).exists = x := by
  intro x
  obtain ⟨y, h1e, h1u⟩ := h1 x
  rw [h1u _ (Classical.choose_spec _)]
  obtain ⟨w, h1e', h1u'⟩ := h1 y
  rw [h1u' _ ((h2 _ _).mpr h1e)]
  exact h1u' _ (Classical.choose_spec _)

",,True,-1,"lemma lemma0 {α : Type} {p : α → α → Prop}
    (h1 : ∀ x, ∃! y, p x y) (h2 : ∀ x y, p x y ↔ p y x) :
    ∀ x, Classical.choose (h1 (Classical.choose (h1 x).exists)).exists = x := by
  rintro x ⟨y, hy, hxy⟩
  rw [h1 x _ (h1e := Classical.choose_spec _)]
  ⟨w, hw1, hw2⟩ := h1 y
  rw [h1u _ (Classical.choose_spec _)] at hxy ⊢
  rwa [hxy, hw1, hw2] at hxy ⊢
","💥️tactic 'introN' failed, insufficient number of binders
α : Type
p : α → α → Prop
h1 : ∀ (x : α), ∃! y, p x y
h2 : ∀ (x y : α), p x y ↔ p y x
x : α
⊢ Classical.choose ⋯ = x",False,10,Compfiles.Imo2022P2,Llama-8B,LENGTH,best_of_n,False,0,-1,Imo2022P2.lemma0,False
-1,False,6,"lemma lemma0 {α : Type} {p : α → α → Prop}
    (h1 : ∀ x, ∃! y, p x y) (h2 : ∀ x y, p x y ↔ p y x) :
    ∀ x, Classical.choose (h1 (Classical.choose (h1 x).exists)).exists = x := by
  intro x
  obtain ⟨y, h1e, h1u⟩ := h1 x
  rw [h1u _ (Classical.choose_spec _)]
  obtain ⟨w, h1e', h1u'⟩ := h1 y
  rw [h1u' _ ((h2 _ _).mpr h1e)]
  exact h1u' _ (Classical.choose_spec _)

",,True,-1,"lemma lemma0 {α : Type} {p : α → α → Prop}
    (h1 : ∀ x, ∃! y, p x y) (h2 : ∀ x y, p x y ↔ p y x) :
    ∀ x, Classical.choose (h1 (Classical.choose (h1 x).exists)).exists = x := by
  intro x
  obtain ⟨y, h1e, h1u⟩ := h1 x
  rw [h1u _ (Classical.choose_spec _)]
  exact Classical.choose_of_imp _ h1e (fun ⟨w, h1e', h1u'⟩ ↦ h1u' _ (Classical.choose_spec _))
    (h2 _ _).mpr h1e)


",💥️unknown identifier 'Classical.choose_of_imp',False,10,Compfiles.Imo2022P2,Llama-8B,LENGTH,best_of_n,False,0,-1,Imo2022P2.lemma0,False
-1,False,8,"lemma amgm (a b : ℝ+) : ⟨2, two_pos⟩ ≤ a / b + b / a := by
  change 2 ≤ a.val / b.val + b.val / a.val
  obtain ⟨a, ha⟩ := a
  obtain ⟨b, hb⟩ := b
  dsimp only
  field_simp
  suffices H : 2 * (b * a) ≤ a * a + b * b by exact (le_div_iff₀ (mul_pos hb ha)).mpr H
  linarith [sq_nonneg (a - b)]

",,True,-1,"lemma amgm (a b : ℝ) : ⟨2, two_pos⟩ ≤ a / b + b / a := by
  have H1 : 2 ≤ a / b := (le_div_iff₀ (mul_pos b a)).mpr (02_le a / b)
  have H2 : 2 ≤ b / a := (le_div_iff₀ (mul_pos a b)).mpr (02_le b / a)
  rw [H1 + H2]
  conv =>
    enter [1]
    rw [←  inv_sq_comm, inv_mul]
  linarith [sq_nonneg (a - b)]
","💥️unexpected identifier; expected ')', ',' or ':'

💥️invalid constructor ⟨...⟩, expected type must be an inductive type 
  Quot ⇑CauSeq.equiv

💥️numerals are data in Lean, but the expected type is a proposition
  ?m.1781 * (?m.1787 * ?m.1788) ≤ ?m.1782 : Prop",False,10,Compfiles.Imo2022P2,Llama-8B,LENGTH,best_of_n,False,0,-1,Imo2022P2.amgm,False
-1,False,8,"lemma amgm (a b : ℝ+) : ⟨2, two_pos⟩ ≤ a / b + b / a := by
  change 2 ≤ a.val / b.val + b.val / a.val
  obtain ⟨a, ha⟩ := a
  obtain ⟨b, hb⟩ := b
  dsimp only
  field_simp
  suffices H : 2 * (b * a) ≤ a * a + b * b by exact (le_div_iff₀ (mul_pos hb ha)).mpr H
  linarith [sq_nonneg (a - b)]

",,True,-1,"lemma amgm (a b : ℝ) : ⟨2, two_pos⟩ ≤ a / b + b / a :=
  field_simp; rw [← div_mul_eq_div_div, div_span_eq_div_of_nonneg (2 * b * a) (by positivity),
    ← span_mul_eq_span_span] <;> linarith
","💥️invalid constructor ⟨...⟩, expected type must be an inductive type 
  Quot ⇑CauSeq.equiv

💥️unknown identifier 'field_simp'",False,10,Compfiles.Imo2022P2,Llama-8B,LENGTH,best_of_n,False,0,-1,Imo2022P2.amgm,False
-1,False,8,"lemma amgm (a b : ℝ+) : ⟨2, two_pos⟩ ≤ a / b + b / a := by
  change 2 ≤ a.val / b.val + b.val / a.val
  obtain ⟨a, ha⟩ := a
  obtain ⟨b, hb⟩ := b
  dsimp only
  field_simp
  suffices H : 2 * (b * a) ≤ a * a + b * b by exact (le_div_iff₀ (mul_pos hb ha)).mpr H
  linarith [sq_nonneg (a - b)]

",,True,-1,"lemma amgm (a b : ℝ) [Preorder ℝ] : ⟨2, by positivity⟩ ≤ a / b + b / a :=
  div_le_iff₀ (by positivity).mpr fun k hk ↦ by
    gcongr
    apply div_le_mul₀ (a / b) (b / a)


","💥️invalid constructor ⟨...⟩, expected type must be an inductive type 
  Quot ⇑CauSeq.equiv

💥️function expected at
  div_le_iff₀ ?m.1720
term has type
  ?m.1714 / ?m.1715 ≤ ?m.1713 ↔ ?m.1714 ≤ ?m.1713 * ?m.1715

💥️invalid 'by' tactic, expected type has not been provided",False,10,Compfiles.Imo2022P2,Llama-8B,LENGTH,best_of_n,False,0,-1,Imo2022P2.amgm,False
-1,False,8,"lemma amgm (a b : ℝ+) : ⟨2, two_pos⟩ ≤ a / b + b / a := by
  change 2 ≤ a.val / b.val + b.val / a.val
  obtain ⟨a, ha⟩ := a
  obtain ⟨b, hb⟩ := b
  dsimp only
  field_simp
  suffices H : 2 * (b * a) ≤ a * a + b * b by exact (le_div_iff₀ (mul_pos hb ha)).mpr H
  linarith [sq_nonneg (a - b)]

",,True,-1,"lemma amgm (a b : ℝ) : ⟨2, two_pos⟩ ≤ a / b + b / a := by
  change 2 ≤ a.re / b.re + b.re / a.re
  obtain ⟨a, ha⟩ := a.re
  obtain ⟨b, hb⟩ := b.re
  dsimp only
  field_simp
  suffices H : 2 * (b * a) ≤ a * a + b * b by exact (le_div_iff₀ (mul_pos hb ha)).mpr H
  linarith [sq_nonneg (a - b)]


","💥️invalid constructor ⟨...⟩, expected type must be an inductive type 
  Quot ⇑CauSeq.equiv

💥️invalid field 're', the environment does not contain 'Real.re'
  a
has type
  ℝ

💥️invalid field 're', the environment does not contain 'Real.re'
  b
has type
  ℝ

💥️invalid field 're', the environment does not contain 'Real.re'
  b
has type
  ℝ

💥️invalid field 're', the environment does not contain 'Real.re'
  a
has type
  ℝ",False,10,Compfiles.Imo2022P2,Llama-8B,LENGTH,best_of_n,False,0,-1,Imo2022P2.amgm,False
-1,False,8,"lemma amgm (a b : ℝ+) : ⟨2, two_pos⟩ ≤ a / b + b / a := by
  change 2 ≤ a.val / b.val + b.val / a.val
  obtain ⟨a, ha⟩ := a
  obtain ⟨b, hb⟩ := b
  dsimp only
  field_simp
  suffices H : 2 * (b * a) ≤ a * a + b * b by exact (le_div_iff₀ (mul_pos hb ha)).mpr H
  linarith [sq_nonneg (a - b)]

",,True,-1,"lemma amgm (a b : ℝ) : ⟨2, by positivity⟩ ≤ a / b + b / a := by
  change 2 ≤ a.val / b.val + b.val / a.val
  obtain ⟨a, ha⟩ := a
  obtain ⟨b, hb⟩ := b
  dsimp only field_simp
  suffices H : 2 * (b * a) ≤ a * a + b * b by exact (le_div_iff₀ (mul_pos hb ha)).mpr H
  linear_combination a * b + 0 * (a - b) * b


","💥️invalid constructor ⟨...⟩, expected type must be an inductive type 
  Quot ⇑CauSeq.equiv

💥️invalid field 'val', the environment does not contain 'Real.val'
  a
has type
  ℝ

💥️invalid field 'val', the environment does not contain 'Real.val'
  b
has type
  ℝ

💥️invalid field 'val', the environment does not contain 'Real.val'
  b
has type
  ℝ

💥️invalid field 'val', the environment does not contain 'Real.val'
  a
has type
  ℝ",False,10,Compfiles.Imo2022P2,Llama-8B,LENGTH,best_of_n,False,0,-1,Imo2022P2.amgm,False
-1,False,8,"lemma amgm (a b : ℝ+) : ⟨2, two_pos⟩ ≤ a / b + b / a := by
  change 2 ≤ a.val / b.val + b.val / a.val
  obtain ⟨a, ha⟩ := a
  obtain ⟨b, hb⟩ := b
  dsimp only
  field_simp
  suffices H : 2 * (b * a) ≤ a * a + b * b by exact (le_div_iff₀ (mul_pos hb ha)).mpr H
  linarith [sq_nonneg (a - b)]

",,True,-1,"lemma amgm (a b : ℝ) : 2 ≤ a / b + b / a := by
  change 2 ≤ a.val / b.val + b.val / a.val
  obtain ⟨a, ha⟩ := a
  obtain ⟨b, hb⟩ := b
  field_simp
  suffices H : 2 * (b * a) ≤ a * a + b * b by exact (le_div_iff₀ (mul_pos hb ha)).mpr H
  linarith [sq_nonneg (a - b)]


","💥️invalid field 'val', the environment does not contain 'Real.val'
  a
has type
  ℝ

💥️invalid field 'val', the environment does not contain 'Real.val'
  b
has type
  ℝ

💥️invalid field 'val', the environment does not contain 'Real.val'
  b
has type
  ℝ

💥️invalid field 'val', the environment does not contain 'Real.val'
  a
has type
  ℝ",False,10,Compfiles.Imo2022P2,Llama-8B,LENGTH,best_of_n,False,0,-1,Imo2022P2.amgm,False
-1,False,8,"lemma amgm (a b : ℝ+) : ⟨2, two_pos⟩ ≤ a / b + b / a := by
  change 2 ≤ a.val / b.val + b.val / a.val
  obtain ⟨a, ha⟩ := a
  obtain ⟨b, hb⟩ := b
  dsimp only
  field_simp
  suffices H : 2 * (b * a) ≤ a * a + b * b by exact (le_div_iff₀ (mul_pos hb ha)).mpr H
  linarith [sq_nonneg (a - b)]

",,True,-1,"lemma amgm (a b : ℝ) [Pos_iff_ne_zero a, Pos_iff_ne_zero b] : ⟨2, two_pos⟩ ≤ a / b + b / a :=
  div_le_self two_pos (a + b) satisfying certain positivity
","💥️unexpected token ','; expected ']'",False,10,Compfiles.Imo2022P2,Llama-8B,LENGTH,best_of_n,False,0,-1,Imo2022P2.amgm,False
-1,False,8,"lemma amgm (a b : ℝ+) : ⟨2, two_pos⟩ ≤ a / b + b / a := by
  change 2 ≤ a.val / b.val + b.val / a.val
  obtain ⟨a, ha⟩ := a
  obtain ⟨b, hb⟩ := b
  dsimp only
  field_simp
  suffices H : 2 * (b * a) ≤ a * a + b * b by exact (le_div_iff₀ (mul_pos hb ha)).mpr H
  linarith [sq_nonneg (a - b)]

",,True,-1,"lemma amgm (a b : ℝ) : ⟨2, by positivity⟩ ≤ a / b + b / a :=
  (by positivity).trans <| div_le_mul_of_nonneg_right (le_div_iff₀ (mul_pos b a)).2 H
    (le_mul_of_nonneg_left (le_div_iff₀ (mul_pos a b)).2 (by positivity)) <;>
      linarith [sq_nonneg (a - b)]
","💥️invalid constructor ⟨...⟩, expected type must be an inductive type 
  Quot ⇑CauSeq.equiv

💥️invalid 'by' tactic, expected type has not been provided",False,10,Compfiles.Imo2022P2,Llama-8B,LENGTH,best_of_n,False,0,-1,Imo2022P2.amgm,False
-1,False,8,"lemma amgm (a b : ℝ+) : ⟨2, two_pos⟩ ≤ a / b + b / a := by
  change 2 ≤ a.val / b.val + b.val / a.val
  obtain ⟨a, ha⟩ := a
  obtain ⟨b, hb⟩ := b
  dsimp only
  field_simp
  suffices H : 2 * (b * a) ≤ a * a + b * b by exact (le_div_iff₀ (mul_pos hb ha)).mpr H
  linarith [sq_nonneg (a - b)]

",,True,-1,"lemma amgm (a b : ℝ) : ⟨2, two_pos⟩ ≤ a / b + b / a := by
  change 2 ≤ a.val / b.val + b.val / a.val
  obtain ⟨a, ha⟩ := a
  obtain ⟨b, hb⟩ := b
  field_simp
  suffices H : 2 * (b * a) ≤ a * a + b * b by exact (le_div_iff₀ (mul_pos hb ha)).mpr H
  linarith [sq_nonneg (a - b)]


","💥️invalid constructor ⟨...⟩, expected type must be an inductive type 
  Quot ⇑CauSeq.equiv

💥️invalid field 'val', the environment does not contain 'Real.val'
  a
has type
  ℝ

💥️invalid field 'val', the environment does not contain 'Real.val'
  b
has type
  ℝ

💥️invalid field 'val', the environment does not contain 'Real.val'
  b
has type
  ℝ

💥️invalid field 'val', the environment does not contain 'Real.val'
  a
has type
  ℝ",False,10,Compfiles.Imo2022P2,Llama-8B,LENGTH,best_of_n,False,0,-1,Imo2022P2.amgm,False
-1,False,8,"lemma amgm (a b : ℝ+) : ⟨2, two_pos⟩ ≤ a / b + b / a := by
  change 2 ≤ a.val / b.val + b.val / a.val
  obtain ⟨a, ha⟩ := a
  obtain ⟨b, hb⟩ := b
  dsimp only
  field_simp
  suffices H : 2 * (b * a) ≤ a * a + b * b by exact (le_div_iff₀ (mul_pos hb ha)).mpr H
  linarith [sq_nonneg (a - b)]

",,True,-1,"lemma amgm (a b : ℝ) : ⟨2, two_pos⟩ ≤ a / b + b / a := by
  change 2 ≤ a.val / b.val + b.val / a.val
  obtain ⟨a, ha⟩ := a
  obtain ⟨b, hb⟩ := b
  field_simp
  linear_combination a * b + 2 * (b * a) = a * b + 2 * (b * a)
  exact div_le_self 2 (a * b + 2 * (b * a))
","💥️invalid constructor ⟨...⟩, expected type must be an inductive type 
  Quot ⇑CauSeq.equiv

💥️invalid field 'val', the environment does not contain 'Real.val'
  a
has type
  ℝ

💥️invalid field 'val', the environment does not contain 'Real.val'
  b
has type
  ℝ

💥️invalid field 'val', the environment does not contain 'Real.val'
  b
has type
  ℝ

💥️invalid field 'val', the environment does not contain 'Real.val'
  a
has type
  ℝ",False,10,Compfiles.Imo2022P2,Llama-8B,LENGTH,best_of_n,False,0,-1,Imo2022P2.amgm,False
-1,False,3,"lemma lemma1 (a : ℝ+) : a + a = ⟨2, two_pos⟩ * a := by
  obtain ⟨a, ha⟩ := a
  apply Subtype.val_injective
  exact (two_mul a).symm

",,True,-1,"lemma lemma1 (a : ℝ) : a + a = ⟨2, two_pos⟩ * a := by
  obtain ⟨a, ha⟩ := a
  apply Subtype.val_injective
  exact (two_mul a).symm
","💥️invalid constructor ⟨...⟩, expected type must be an inductive type 
  Quot ⇑CauSeq.equiv",False,10,Compfiles.Imo2022P2,Llama-8B,LENGTH,best_of_n,False,0,-1,Imo2022P2.lemma1,False
-1,False,3,"lemma lemma1 (a : ℝ+) : a + a = ⟨2, two_pos⟩ * a := by
  obtain ⟨a, ha⟩ := a
  apply Subtype.val_injective
  exact (two_mul a).symm

",,True,-1,"lemma lemma1 (a : ℝ) [NeZero a] : a + a = ⟨2, two_pos⟩ * a := by
  obtain ⟨a, ha⟩ := a
  refine Subtype.val_injective ((two_mul a).symm ha)
","💥️invalid constructor ⟨...⟩, expected type must be an inductive type 
  Quot ⇑CauSeq.equiv

💥️function expected at
  Eq.symm (two_mul a)
term has type
  a + a = 2 * a",False,10,Compfiles.Imo2022P2,Llama-8B,LENGTH,best_of_n,False,0,-1,Imo2022P2.lemma1,False
-1,False,3,"lemma lemma1 (a : ℝ+) : a + a = ⟨2, two_pos⟩ * a := by
  obtain ⟨a, ha⟩ := a
  apply Subtype.val_injective
  exact (two_mul a).symm

",,True,-1,"lemma lemma1 (a : ℝ) : a + a = ⟨2, two_pos⟩ * a :=
  (len_of_subtype_inj (↑ Cons.mk
          (a : ℝ) (Nat.cast_pos.mpr mult_pos)).symm
","💥️unexpected end of input; expected ')', ',' or ':'

💥️invalid constructor ⟨...⟩, expected type must be an inductive type 
  Quot ⇑CauSeq.equiv",False,10,Compfiles.Imo2022P2,Llama-8B,LENGTH,best_of_n,False,0,-1,Imo2022P2.lemma1,False
-1,False,3,"lemma lemma1 (a : ℝ+) : a + a = ⟨2, two_pos⟩ * a := by
  obtain ⟨a, ha⟩ := a
  apply Subtype.val_injective
  exact (two_mul a).symm

",,True,-1,"lemma lemma1 (a : ℝ) : a + a = ⟨2, two_pos⟩ * a := by
  obtain ⟨a, ha⟩ := a
  exact Subtype.val_injective ((two_mul a).symm)


","💥️invalid constructor ⟨...⟩, expected type must be an inductive type 
  Quot ⇑CauSeq.equiv

💥️application type mismatch
  Subtype.val_injective (Eq.symm (two_mul a))
argument
  Eq.symm (two_mul a)
has type
  a + a = 2 * a : Prop
but is expected to have type
  ↑?m.9576 = ↑?m.9577 : Prop",False,10,Compfiles.Imo2022P2,Llama-8B,LENGTH,best_of_n,False,0,-1,Imo2022P2.lemma1,False
-1,False,3,"lemma lemma1 (a : ℝ+) : a + a = ⟨2, two_pos⟩ * a := by
  obtain ⟨a, ha⟩ := a
  apply Subtype.val_injective
  exact (two_mul a).symm

",,True,-1,"lemma lemma1 (a : ℝ) : a + a = ⟨2, two_pos⟩ * a := by
  obtain ⟨a, ha⟩ := a
  apply Subtype.val_injective
  exact (two_mul a).symm


","💥️invalid constructor ⟨...⟩, expected type must be an inductive type 
  Quot ⇑CauSeq.equiv",False,10,Compfiles.Imo2022P2,Llama-8B,LENGTH,best_of_n,False,0,-1,Imo2022P2.lemma1,False
-1,False,3,"lemma lemma1 (a : ℝ+) : a + a = ⟨2, two_pos⟩ * a := by
  obtain ⟨a, ha⟩ := a
  apply Subtype.val_injective
  exact (two_mul a).symm

",,True,-1,"lemma lemma1 (a : ℝ) [NeZero a] : a + a = ⟨2, two_pos⟩ * a := by
  simp [MonoidHom.id _]; module
","💥️invalid constructor ⟨...⟩, expected type must be an inductive type 
  Quot ⇑CauSeq.equiv

💥️invalid 'simp', proposition expected
  (x_0 : Type _abstMVar.0) → (x_1 : MulOneClass x_0) → x_0 →* x_0

💥️simp made no progress",False,10,Compfiles.Imo2022P2,Llama-8B,LENGTH,best_of_n,False,0,-1,Imo2022P2.lemma1,False
-1,False,3,"lemma lemma1 (a : ℝ+) : a + a = ⟨2, two_pos⟩ * a := by
  obtain ⟨a, ha⟩ := a
  apply Subtype.val_injective
  exact (two_mul a).symm

",,True,-1,"theorem lemma1 (a : ℝ) : a + a = ⟨2, two_pos⟩ * a ∈ Subtype.val_injective (a : ℝ)
  obtain ⟨a, ha⟩ := a
  apply Subtype.val_injective
  exact (two_mul a).symm
","💥️application type mismatch
  Subtype.val_injective a
argument
  a
has type
  ℝ : Type
but is expected to have type
  ↑?m.9354 = ↑?m.9355 : Prop

💥️invalid constructor ⟨...⟩, expected type must be an inductive type 
  Quot ⇑CauSeq.equiv

💥️function expected at
  a
term has type
  ℝ",False,10,Compfiles.Imo2022P2,Llama-8B,LENGTH,best_of_n,False,0,-1,Imo2022P2.lemma1,False
-1,False,3,"lemma lemma1 (a : ℝ+) : a + a = ⟨2, two_pos⟩ * a := by
  obtain ⟨a, ha⟩ := a
  apply Subtype.val_injective
  exact (two_mul a).symm

",,True,-1,"lemma lemma1 (a : ℝ) [CharP R] : a + a = ⟨2, two_pos⟩ * a := by
  conv := enter [1, 2, 3, 4, 5]; rw [← add_of_add _ _]
  simp [two_mul]
","💥️unexpected token ':='; expected '=>'

💥️failed to synthesize
  AddMonoidWithOne R
Additional diagnostic information may be available using the `set_option diagnostics true` command.",False,10,Compfiles.Imo2022P2,Llama-8B,LENGTH,best_of_n,False,0,-1,Imo2022P2.lemma1,False
-1,False,3,"lemma lemma1 (a : ℝ+) : a + a = ⟨2, two_pos⟩ * a := by
  obtain ⟨a, ha⟩ := a
  apply Subtype.val_injective
  exact (two_mul a).symm

",,True,-1,"lemma lemma1 (a : ℝ) [NeZero a] : a + a = ⟨2, two_pos⟩ * a := by
  obtain ⟨a, ha⟩ := a
  apply Subtype.val_injective
  exact (two_mul a).symm


","💥️invalid constructor ⟨...⟩, expected type must be an inductive type 
  Quot ⇑CauSeq.equiv",False,10,Compfiles.Imo2022P2,Llama-8B,LENGTH,best_of_n,False,0,-1,Imo2022P2.lemma1,False
-1,False,3,"lemma lemma1 (a : ℝ+) : a + a = ⟨2, two_pos⟩ * a := by
  obtain ⟨a, ha⟩ := a
  apply Subtype.val_injective
  exact (two_mul a).symm

",,True,-1,"lemma lemma1 (a : ℝ) [NeZero a] : a + a = ⟨2, two_pos⟩ * a :=
  (two_mul a).symm
","💥️invalid constructor ⟨...⟩, expected type must be an inductive type 
  Quot ⇑CauSeq.equiv",False,10,Compfiles.Imo2022P2,Llama-8B,LENGTH,best_of_n,False,0,-1,Imo2022P2.lemma1,False
-1,False,106,"problem imo2022_p2 (f : ℝ+ → ℝ+) :
    f ∈ solution_set ↔
    ∀ x, ∃! y, x * f y + y * f x ≤ ⟨2, two_pos⟩ := by
  constructor
  · intro hf
    simp only [Set.mem_singleton_iff] at hf
    rw [hf] at *; clear hf
    intro x
    use x
    constructor
    · suffices h : (1:ℝ+) + 1 = ⟨2, two_pos⟩ by
        simp only [one_div, mul_inv_cancel]
        exact Eq.le h
      norm_num [Subtype.ext_iff]
    · intro y hxy
      change (x * (1 / y) + y * (1 / x)).val ≤ _  at hxy
      obtain ⟨x, hx⟩ := x
      obtain ⟨y, hy⟩ := y
      simp only [Positive.coe_add, Positive.val_mul, one_div, Positive.coe_inv] at hxy
      rw [Subtype.mk_eq_mk]
      have hxyp : 0 < y * x := mul_pos hy hx
      field_simp at hxy
      have h1 : (x * x + y * y) ≤ 2 * (y * x) := (div_le_iff₀ hxyp).mp hxy
      nlinarith
  · intro hf
    rw [Set.mem_singleton_iff]
    -- We follow Evan Chen's writeup: https://web.evanchen.cc/exams/IMO-2022-notes.pdf
    let friend : ℝ+ → ℝ+ := fun x ↦ Classical.choose (hf x).exists
    have h10 : ∀ x y, x * f y + y * f x ≤ ⟨2, two_pos⟩ ↔
                      y * f x + x * f y ≤ ⟨2, two_pos⟩ := by
      intro x y
      constructor <;> intro h <;> rwa [add_comm]
    have h11 : ∀ x, x * f (friend x) + friend x * f x ≤ ⟨2, two_pos⟩ :=
      fun  x ↦ Classical.choose_spec (hf x).exists

    have h0 : ∀ x, friend (friend x) = x := fun x ↦ by
      simp only [friend]
      exact lemma0 hf h10 x
    have h1 : ∀ x, friend x = x := fun x ↦ by
      by_contra! H
      have h2 : ⟨2, two_pos⟩ < x * f x + x * f x := by
        obtain ⟨y, _, hy2⟩ := hf x
        by_contra! H2
        have h3 := hy2 x H2
        have h4 : y = friend x := by
          have h5 := Classical.choose_spec (hf x).exists
          exact (hy2 (friend x) h5).symm
        rw [h4] at h3
        exact H h3.symm
      have h6' : 1 < x * f x := by
        change 2 < (x * f x).val + (x * f x).val at h2
        change 1 < (x * f x).val
        linarith
      have h6 : 1 / x < f x := div_lt_iff_lt_mul'.mpr h6'
      have h7 : 1 / friend x < f (friend x) := by
        have h8 : ⟨2, two_pos⟩ < (friend x) * f (friend x) + (friend x) * f (friend x) := by
          obtain ⟨y, _, hy2⟩ := hf (friend x)
          by_contra! H2
          have h3 := hy2 (friend x) H2
          have h4 : y = (friend (friend x)) := by
            have h5 := Classical.choose_spec (hf (friend x)).exists
            exact (hy2 (friend (friend x)) h5).symm
          rw [h0] at h4
          rw [h4] at h3
          exact H h3
        have h9 : 1 < friend x * f (friend x) := by
          change 2 < (friend x * f (friend x)).val + (friend x * f (friend x)).val at h8
          change 1 < (friend x * f (friend x)).val
          linarith
        exact div_lt_iff_lt_mul'.mpr h9
      have := calc ⟨2, two_pos⟩ ≤ x / friend x + friend x / x := amgm x (friend x)
                   _ = x * (1 / friend x) + friend x * (1 / x) := by
                       rw [mul_one_div, add_left_cancel_iff, mul_one_div]
                   _ < x * f (friend x) + friend x * f x := by gcongr
                   _ ≤ ⟨2, two_pos⟩ := h11 _
      exact LT.lt.false this
    have hf' : ∀ x, f x ≤ 1 / x := fun x ↦ by
      have h12 := h11 x
      rw [h1] at h12
      suffices H : x * f x ≤ 1 by exact le_div_iff_mul_le'.mpr H
      have h14 : (⟨2, two_pos⟩ : ℝ+) = ⟨2, two_pos⟩ * 1 := self_eq_mul_right.mpr rfl
      have h13 : x * f x + x * f x = ⟨2, two_pos⟩ * (x * f x) := lemma1 _
      rw [h14, h13] at h12
      exact (mul_le_mul_iff_left _).mp h12
    have hf1' : ∀ x y, x ≠ y → ⟨2, two_pos⟩ < x * f y + y * f x := fun x y hxy ↦ by
      by_contra! H
      obtain ⟨y1, _, hy2⟩ := hf x
      have h15 := hy2 (friend x) (h11 x)
      rw [← hy2 y H] at h15
      rw [← h15] at hxy
      exact hxy (h1 x).symm
    funext x
    by_contra! H
    have H' : x ≠ 1 / f x := fun hxfx ↦ by
      nth_rw 2 [hxfx] at H
      rw [one_div_one_div] at H
      exact H rfl
    have h17 := hf1' x (1 / f x) H'
    rw [div_mul_cancel] at h17
    have h19 := hf' (1 / f x)
    rw [one_div_one_div] at h19
    have h20 := calc ⟨2, two_pos⟩ < x * f (1 / f x) + 1 := h17
                 _ ≤ x * f x + 1 := by gcongr
                 _ ≤ x * (1 / x) + 1 := by have := hf' x; gcongr
                 _ = 1 + 1 := by rw [add_right_cancel_iff, mul_one_div, div_eq_one]
                 _ = ⟨2, two_pos⟩ := by apply Subtype.val_injective; norm_num
    exact LT.lt.false h20


",,True,-1,"-- There exists `f` if and only if it is the case for each `x`.

theorem imo2022_p2 (f : ℝ+ → ℝ) :
    f ∈ solution_set ↔
    ∀ x, ∃! y, x * f y + y * f x ≤ ⟨2, two_pos⟩ := by
  constructor
  · intro hf
    simp only [Set.mem_singleton_iff] at hf
    rw [hf] at *; clear hf
    intro x
    use x
    constructor
    · suffices h : (1:ℝ) + 1 = ⟨2, two_pos⟩ by
        simp only [one_div, mul_inv_cancel]
        exact Eq.le h
      norm_num [Subtype.ext_iff]
    · intro y hxy
      obtain ⟨x, hx⟩ := x
      change (a x hx + b) ≤ c at hxy, where a := x * y, b := x * 1, c := 2 + x * 1
      linear_combination hxy - b - a x hx
      exact div_le_iff₀ (mul_pos hx.le_of_ne' one_le_two h y) hxy
  · intro hf
    rw [Set.mem_singleton_iff]
    -- We follow Evan Chen's writeup: https://web.evanchen.cc/exams/IMO-2022-notes.pdf
    let friend : ℝ+ → ℝ+ := fun x ↦ Classical.choose (hf x).exists
    have h10 : ∀ x y, x * f y + y * f x ≤ ⟨2, two_pos⟩ ↔
                      y * f x + x * f y ≤ ⟨2, two_pos⟩ := by
      simp_rw [← add_comm]
      constructor <;> rintro ⟨x, hx⟩
      rw [hx]
      exact hf _ (Iff.kx_of_eq (add_comm _ hx))
    have h11 : ∀ x, x * f (friend x) + friend x * f x ≤ ⟨2, two_pos⟩ :=
      fun  x ↦ Classical.choose_spec (hf x).exists
    have h12 : ∀ x, f x ≤ 1 / x := fun x ↦ by
      have := hf _ h10 x (1 / x)
      rw [← div_mul_eq_div_div] at this
      exact this
    have hf1' : ∀ x y, x ≠ y → ⟨2, two_pos⟩ < x * f y + y * f x := by
      rintro x y hxy
      by_contra! h
      have h15 := hxy (h1 x).symm
      rw [← hy2 y h15]
      rw [← h15] at hxy
      exact hxy (h12 x).symm
    funext x
    by_contra! h
    have H' : x ≠ 1 / f x := fun hxfx ↦ by
      nth_rw 2 [hxfx] at H
      rw [one_div_one_div] at H
      exact H rfl
    have h17 := hf1' x (1 / f x) H'
    rw [div_mul_cancel] at h17
    have h19 := hf' (1 / f x)
    rw [one_div_one_div] at h19
    have h20 := calc ⟨2, two_pos⟩ < x * f (1 / f x) + 1 := h17
                 _ ≤ x * f x + 1 := by gcongr
                 _ ≤ x * (1 / x) + 1 := by have := hf' x; gcongr
                 _ = 1 + 1 := by rw [add_right_cancel_iff, mul_one_div, div_eq_one]
                 _ = ⟨2, two_pos⟩ := by apply Subtype.val_injective; norm_num
    exact LT.lt_false h20
","💥️failed to synthesize
  Membership (ℝ+ → ℝ) (Set (ℝ+ → ℝ+))
Additional diagnostic information may be available using the `set_option diagnostics true` command.

💥️invalid constructor ⟨...⟩, expected type must be an inductive type 
  Quot ⇑CauSeq.equiv

💥️tactic 'rewrite' failed, did not find instance of the pattern in the current goal
case mp
f : ℝ+ → ℝ
hf : sorry
⊢ ∀ (x : ℝ+), ∃! y, ↑x * f y + ↑y * f x ≤ { cauchy := sorry }

💥️unsolved goals
case mpr
f : ℝ+ → ℝ
⊢ (∀ (x : ℝ+), ∃! y, ↑x * f y + ↑y * f x ≤ { cauchy := sorry }) → sorry",False,10,Compfiles.Imo2022P2,Llama-8B,LENGTH,best_of_n,False,0,-1,Imo2022P2.imo2022_p2,False
-1,False,106,"problem imo2022_p2 (f : ℝ+ → ℝ+) :
    f ∈ solution_set ↔
    ∀ x, ∃! y, x * f y + y * f x ≤ ⟨2, two_pos⟩ := by
  constructor
  · intro hf
    simp only [Set.mem_singleton_iff] at hf
    rw [hf] at *; clear hf
    intro x
    use x
    constructor
    · suffices h : (1:ℝ+) + 1 = ⟨2, two_pos⟩ by
        simp only [one_div, mul_inv_cancel]
        exact Eq.le h
      norm_num [Subtype.ext_iff]
    · intro y hxy
      change (x * (1 / y) + y * (1 / x)).val ≤ _  at hxy
      obtain ⟨x, hx⟩ := x
      obtain ⟨y, hy⟩ := y
      simp only [Positive.coe_add, Positive.val_mul, one_div, Positive.coe_inv] at hxy
      rw [Subtype.mk_eq_mk]
      have hxyp : 0 < y * x := mul_pos hy hx
      field_simp at hxy
      have h1 : (x * x + y * y) ≤ 2 * (y * x) := (div_le_iff₀ hxyp).mp hxy
      nlinarith
  · intro hf
    rw [Set.mem_singleton_iff]
    -- We follow Evan Chen's writeup: https://web.evanchen.cc/exams/IMO-2022-notes.pdf
    let friend : ℝ+ → ℝ+ := fun x ↦ Classical.choose (hf x).exists
    have h10 : ∀ x y, x * f y + y * f x ≤ ⟨2, two_pos⟩ ↔
                      y * f x + x * f y ≤ ⟨2, two_pos⟩ := by
      intro x y
      constructor <;> intro h <;> rwa [add_comm]
    have h11 : ∀ x, x * f (friend x) + friend x * f x ≤ ⟨2, two_pos⟩ :=
      fun  x ↦ Classical.choose_spec (hf x).exists

    have h0 : ∀ x, friend (friend x) = x := fun x ↦ by
      simp only [friend]
      exact lemma0 hf h10 x
    have h1 : ∀ x, friend x = x := fun x ↦ by
      by_contra! H
      have h2 : ⟨2, two_pos⟩ < x * f x + x * f x := by
        obtain ⟨y, _, hy2⟩ := hf x
        by_contra! H2
        have h3 := hy2 x H2
        have h4 : y = friend x := by
          have h5 := Classical.choose_spec (hf x).exists
          exact (hy2 (friend x) h5).symm
        rw [h4] at h3
        exact H h3.symm
      have h6' : 1 < x * f x := by
        change 2 < (x * f x).val + (x * f x).val at h2
        change 1 < (x * f x).val
        linarith
      have h6 : 1 / x < f x := div_lt_iff_lt_mul'.mpr h6'
      have h7 : 1 / friend x < f (friend x) := by
        have h8 : ⟨2, two_pos⟩ < (friend x) * f (friend x) + (friend x) * f (friend x) := by
          obtain ⟨y, _, hy2⟩ := hf (friend x)
          by_contra! H2
          have h3 := hy2 (friend x) H2
          have h4 : y = (friend (friend x)) := by
            have h5 := Classical.choose_spec (hf (friend x)).exists
            exact (hy2 (friend (friend x)) h5).symm
          rw [h0] at h4
          rw [h4] at h3
          exact H h3
        have h9 : 1 < friend x * f (friend x) := by
          change 2 < (friend x * f (friend x)).val + (friend x * f (friend x)).val at h8
          change 1 < (friend x * f (friend x)).val
          linarith
        exact div_lt_iff_lt_mul'.mpr h9
      have := calc ⟨2, two_pos⟩ ≤ x / friend x + friend x / x := amgm x (friend x)
                   _ = x * (1 / friend x) + friend x * (1 / x) := by
                       rw [mul_one_div, add_left_cancel_iff, mul_one_div]
                   _ < x * f (friend x) + friend x * f x := by gcongr
                   _ ≤ ⟨2, two_pos⟩ := h11 _
      exact LT.lt.false this
    have hf' : ∀ x, f x ≤ 1 / x := fun x ↦ by
      have h12 := h11 x
      rw [h1] at h12
      suffices H : x * f x ≤ 1 by exact le_div_iff_mul_le'.mpr H
      have h14 : (⟨2, two_pos⟩ : ℝ+) = ⟨2, two_pos⟩ * 1 := self_eq_mul_right.mpr rfl
      have h13 : x * f x + x * f x = ⟨2, two_pos⟩ * (x * f x) := lemma1 _
      rw [h14, h13] at h12
      exact (mul_le_mul_iff_left _).mp h12
    have hf1' : ∀ x y, x ≠ y → ⟨2, two_pos⟩ < x * f y + y * f x := fun x y hxy ↦ by
      by_contra! H
      obtain ⟨y1, _, hy2⟩ := hf x
      have h15 := hy2 (friend x) (h11 x)
      rw [← hy2 y H] at h15
      rw [← h15] at hxy
      exact hxy (h1 x).symm
    funext x
    by_contra! H
    have H' : x ≠ 1 / f x := fun hxfx ↦ by
      nth_rw 2 [hxfx] at H
      rw [one_div_one_div] at H
      exact H rfl
    have h17 := hf1' x (1 / f x) H'
    rw [div_mul_cancel] at h17
    have h19 := hf' (1 / f x)
    rw [one_div_one_div] at h19
    have h20 := calc ⟨2, two_pos⟩ < x * f (1 / f x) + 1 := h17
                 _ ≤ x * f x + 1 := by gcongr
                 _ ≤ x * (1 / x) + 1 := by have := hf' x; gcongr
                 _ = 1 + 1 := by rw [add_right_cancel_iff, mul_one_div, div_eq_one]
                 _ = ⟨2, two_pos⟩ := by apply Subtype.val_injective; norm_num
    exact LT.lt.false h20


",,True,-1,"theorem imo2022_p2 (f : ℝ+ → ℝ) :
    f ∈ solution_set ↔
    ∀ x, ∃! y, x * f y + y * f x ≤ ⟨2, two_pos⟩ := by
  constructor
  · intro hf
    simp only [Set.mem_singleton_iff] at hf
    rw [hf] at *; clear hf
    intro x
    use x
    constructor
    · suffices h : (1:ℝ) + 1 = ⟨2, two_pos⟩ by
        simp only [one_div, mul_inv_cancel]
        exact Eq.le h
      norm_num [Subtype.ext_iff]
    · intro y hxy
      change (x * (1 / y) + y * (1 / x)).val ≤ _  at hxy
      obtain ⟨x, hx⟩ := x
      obtain ⟨y, hy⟩ := y
      simp only [Positive.coe_add, Positive.val_mul, one_div, Positive.coe_inv] at hxy
      rw [Subtype.mk_eq_mk]
      have hxyp : 0 < y * x := mul_pos hy hx
      field_simp at hxy
      have h1 : (x * x + y * y) ≤ 2 * (y * x) := (div_le_iff₀ hxyp).mp hxy
      linear_combination hxy + hx
  · intro hf
    rw [Set.mem_singleton_iff]
    -- We follow Evan Chen's writeup: https://web.evanchen.cc/exams/IMO-2022-notes.pdf
    let friend : ℝ+ → ℝ+ := fun x ↦ Classical.choose (hf x).exists
    have h10 : ∀ x y, x * f y + y * f x ≤ ⟨2, two_pos⟩ ↔
                      y * f x + x * f y ≤ ⟨2, two_pos⟩ := by
      intro x y
      constructor <;> intro h <;> rwa [add_comm]
    have h11 : ∀ x, x * f (friend x) + friend x * f x ≤ ⟨2, two_pos⟩ :=
      fun x ↦ Classical.choose_spec (hf x).exists

    have h0 : ∀ x, friend (friend x) = x := fun x ↦ by
      simp only [friend]
      exact lemma0 hf h10 x
    have h1 : ∀ x, friend x = x := fun x ↦ by
      by_contra! H
      have h2 : ⟨2, two_pos⟩ < x * f x + x * f x := by
        obtain ⟨y, _, hy2⟩ := hf x
        by_contra! H2
        have h3 := hy2 (friend x) H2
        have h4 : y = friend x := by
          have h5 := Classical.choose_spec (hf x).exists
          exact (hy2 (friend x) h5).symm
        rw [h4] at h3
        exact H h3.symm
      have h6' : 1 < x * f x := by
        change 2 < (x * f x).val + (x * f x).val at h2
        change 1 < (x * f x).val
        linear_combination h2
      have h6 : 1 / x < f x := div_lt_iff_lt_mul'.mpr h6'
      have h7 : 1 / friend x < f (friend x) := by
        have h8 : ⟨2, two_pos⟩ < (friend x) * f (friend x) + (friend x) * f (friend x) := by
          obtain ⟨y, _, hy2⟩ := hf (friend x)
          by_contra! H2
          have h3 := hy2 (friend x) H2
          have h4 : y = (friend (friend x)) := by
            have h5 := Classical.choose_spec (hf (friend x)).exists
            exact (hy2 (friend (friend x)) h5).symm
          rw [h4] at h3
          exact H h3
        have h9 : 1 < friend x * f (friend x) := by
          change 2 < (friend x * f (friend x)).val + (friend x * f (friend x)).val at h8
          change 1 < (friend x * f (friend x)).val
          linear_combination h8
        exact div_lt_iff_lt_mul'.mpr h9
      have := calc ⟨2, two_pos⟩ ≤ x / friend x + friend x / x := amgm x (friend x)
                   _ = x * (1 / friend x) + friend x * (1 /","💥️unexpected end of input

💥️failed to synthesize
  Membership (ℝ+ → ℝ) (Set (ℝ+ → ℝ+))
Additional diagnostic information may be available using the `set_option diagnostics true` command.

💥️invalid constructor ⟨...⟩, expected type must be an inductive type 
  Quot ⇑CauSeq.equiv

💥️tactic 'rewrite' failed, did not find instance of the pattern in the target expression
  ?m.12366 ∈ {?m.12367}
case mpr
f : ℝ+ → ℝ
hf : ∀ (x : ℝ+), ∃! y, ↑x * f y + ↑y * f x ≤ { cauchy := sorry }
⊢ sorry",False,10,Compfiles.Imo2022P2,Llama-8B,LENGTH,best_of_n,False,0,-1,Imo2022P2.imo2022_p2,False
-1,False,106,"problem imo2022_p2 (f : ℝ+ → ℝ+) :
    f ∈ solution_set ↔
    ∀ x, ∃! y, x * f y + y * f x ≤ ⟨2, two_pos⟩ := by
  constructor
  · intro hf
    simp only [Set.mem_singleton_iff] at hf
    rw [hf] at *; clear hf
    intro x
    use x
    constructor
    · suffices h : (1:ℝ+) + 1 = ⟨2, two_pos⟩ by
        simp only [one_div, mul_inv_cancel]
        exact Eq.le h
      norm_num [Subtype.ext_iff]
    · intro y hxy
      change (x * (1 / y) + y * (1 / x)).val ≤ _  at hxy
      obtain ⟨x, hx⟩ := x
      obtain ⟨y, hy⟩ := y
      simp only [Positive.coe_add, Positive.val_mul, one_div, Positive.coe_inv] at hxy
      rw [Subtype.mk_eq_mk]
      have hxyp : 0 < y * x := mul_pos hy hx
      field_simp at hxy
      have h1 : (x * x + y * y) ≤ 2 * (y * x) := (div_le_iff₀ hxyp).mp hxy
      nlinarith
  · intro hf
    rw [Set.mem_singleton_iff]
    -- We follow Evan Chen's writeup: https://web.evanchen.cc/exams/IMO-2022-notes.pdf
    let friend : ℝ+ → ℝ+ := fun x ↦ Classical.choose (hf x).exists
    have h10 : ∀ x y, x * f y + y * f x ≤ ⟨2, two_pos⟩ ↔
                      y * f x + x * f y ≤ ⟨2, two_pos⟩ := by
      intro x y
      constructor <;> intro h <;> rwa [add_comm]
    have h11 : ∀ x, x * f (friend x) + friend x * f x ≤ ⟨2, two_pos⟩ :=
      fun  x ↦ Classical.choose_spec (hf x).exists

    have h0 : ∀ x, friend (friend x) = x := fun x ↦ by
      simp only [friend]
      exact lemma0 hf h10 x
    have h1 : ∀ x, friend x = x := fun x ↦ by
      by_contra! H
      have h2 : ⟨2, two_pos⟩ < x * f x + x * f x := by
        obtain ⟨y, _, hy2⟩ := hf x
        by_contra! H2
        have h3 := hy2 x H2
        have h4 : y = friend x := by
          have h5 := Classical.choose_spec (hf x).exists
          exact (hy2 (friend x) h5).symm
        rw [h4] at h3
        exact H h3.symm
      have h6' : 1 < x * f x := by
        change 2 < (x * f x).val + (x * f x).val at h2
        change 1 < (x * f x).val
        linarith
      have h6 : 1 / x < f x := div_lt_iff_lt_mul'.mpr h6'
      have h7 : 1 / friend x < f (friend x) := by
        have h8 : ⟨2, two_pos⟩ < (friend x) * f (friend x) + (friend x) * f (friend x) := by
          obtain ⟨y, _, hy2⟩ := hf (friend x)
          by_contra! H2
          have h3 := hy2 (friend x) H2
          have h4 : y = (friend (friend x)) := by
            have h5 := Classical.choose_spec (hf (friend x)).exists
            exact (hy2 (friend (friend x)) h5).symm
          rw [h0] at h4
          rw [h4] at h3
          exact H h3
        have h9 : 1 < friend x * f (friend x) := by
          change 2 < (friend x * f (friend x)).val + (friend x * f (friend x)).val at h8
          change 1 < (friend x * f (friend x)).val
          linarith
        exact div_lt_iff_lt_mul'.mpr h9
      have := calc ⟨2, two_pos⟩ ≤ x / friend x + friend x / x := amgm x (friend x)
                   _ = x * (1 / friend x) + friend x * (1 / x) := by
                       rw [mul_one_div, add_left_cancel_iff, mul_one_div]
                   _ < x * f (friend x) + friend x * f x := by gcongr
                   _ ≤ ⟨2, two_pos⟩ := h11 _
      exact LT.lt.false this
    have hf' : ∀ x, f x ≤ 1 / x := fun x ↦ by
      have h12 := h11 x
      rw [h1] at h12
      suffices H : x * f x ≤ 1 by exact le_div_iff_mul_le'.mpr H
      have h14 : (⟨2, two_pos⟩ : ℝ+) = ⟨2, two_pos⟩ * 1 := self_eq_mul_right.mpr rfl
      have h13 : x * f x + x * f x = ⟨2, two_pos⟩ * (x * f x) := lemma1 _
      rw [h14, h13] at h12
      exact (mul_le_mul_iff_left _).mp h12
    have hf1' : ∀ x y, x ≠ y → ⟨2, two_pos⟩ < x * f y + y * f x := fun x y hxy ↦ by
      by_contra! H
      obtain ⟨y1, _, hy2⟩ := hf x
      have h15 := hy2 (friend x) (h11 x)
      rw [← hy2 y H] at h15
      rw [← h15] at hxy
      exact hxy (h1 x).symm
    funext x
    by_contra! H
    have H' : x ≠ 1 / f x := fun hxfx ↦ by
      nth_rw 2 [hxfx] at H
      rw [one_div_one_div] at H
      exact H rfl
    have h17 := hf1' x (1 / f x) H'
    rw [div_mul_cancel] at h17
    have h19 := hf' (1 / f x)
    rw [one_div_one_div] at h19
    have h20 := calc ⟨2, two_pos⟩ < x * f (1 / f x) + 1 := h17
                 _ ≤ x * f x + 1 := by gcongr
                 _ ≤ x * (1 / x) + 1 := by have := hf' x; gcongr
                 _ = 1 + 1 := by rw [add_right_cancel_iff, mul_one_div, div_eq_one]
                 _ = ⟨2, two_pos⟩ := by apply Subtype.val_injective; norm_num
    exact LT.lt.false h20


",,True,-1,"theorem imo2022_p2 (f : ℝ+ → ℝ) :
    f ∈ solution_set ↔
    ∀ x, ∃! y, x * f y + y * f x ≤ ⟨2, two_pos⟩ := by
  constructor
  · intro hf
    simp only [Set.mem_singleton_iff] at hf
    rw [hf] at *; clear hf
    intro x
    use x
    constructor
    · suffices h : (1:ℝ) + 1 = ⟨2, two_pos⟩ by
        simp only [one_div, mul_inv_cancel]
        exact Eq.le h
      norm_num [Subtype.ext_iff]
    · intro y hxy
      change (x * (1 / y) + y * (1 / x)).val ≤ _  at hxy
      obtain ⟨x, hx⟩ := x
      obtain ⟨y, hy⟩ := y
      simp only [Positive.coe_add, Positive.val_mul, one_div, Positive.coe_inv] at hxy
      rw [Subtype.mk_eq_mk]
      have hxyp : 0 < y * x := mul_pos hy hx
      field_simp at hxy
      have h1 : (x * x + y * y) ≤ 2 * (y * x) := (div_le_iff₀ hxyp).mp hxy
      nlinarith
  · intro hf
    rw [Set.mem_singleton_iff]
    -- We follow Evan Chen's writeup: https://web.evanchen.cc/exams/IMO-2022-notes.pdf
    have h10 : ∀ x y, x * f y + y * f x ≤ ⟨2, two_pos⟩ ↔
                      y * f x + x * f y ≤ ⟨2, two_pos⟩ := by
      intro x y
      constructor <;> intro h <;> rwa [add_comm]
    have h11 : ∀ x, x * f (friend x) + friend x * f x ≤ ⟨2, two_pos⟩ :=
      fun x ↦ Classical.choose_spec (hf x).exists
    have h0 : ∀ x, friend (friend x) = x := fun x ↦ by
      simp only [friend]
      exact lemma0 hf h10 x
    have h1 : ∀ x, friend x = x := fun x ↦ by
      by_contra! H
      have h2 : ⟨2, two_pos⟩ < x * f x + x * f x := by
        obtain ⟨y, _, hy2⟩ := hf x
        by_contra! H2
        have h3 := hy2 x H2
        have h4 : y = friend x := by
          have h5 := Classical.choose_spec (hf x).exists
          exact (hy2 (friend x) h5).symm
        rw [h4] at h3
        exact H h3.symm
      have h6' : 1 < x * f x := by norm_num [← div_mul_eq_div_div, one_mul]; linarith
      have h6 : 1 / x < f x := div_lt_iff_lt_mul'.mpr h6'
      have h7 : 1 / friend x < f (friend x) := by
        have h8 : ⟨2, two_pos⟩ < (friend x) * f (friend x) + (friend x) * f (friend x) := by
          obtain ⟨y, _, hy2⟩ := hf (friend x)
          by_contra! H2
          have h3 := hy2 (friend x) H2
          have h4 : y = (friend (friend x)) := by
            have h5 := Classical.choose_spec (hf (friend x)).exists
            exact (hy2 (friend (friend x)) h5).symm
          rw [h0] at h4
          rw [h4] at h3
          exact H h3
        have h9 : 1 < friend x * f (friend x) := by norm_num [← div_mul_eq_div_div, one_mul]; linarith
        exact div_lt_iff_lt_mul'.mpr h9
      have := calc ⟨2, two_pos⟩ ≤ x / friend x + friend x / x := amgm x (friend x)
                   _ = x * (1 / friend x) + friend x * (1 / x) := by
                       rw [mul_one_div, add_left_cancel_iff, mul_one_div]
                   _ < x * f (friend x) + friend x * f x := by gcongr
                   _ ≤ ⟨2, two_pos⟩ := h11 _
      exact LT.lt.false this
    have hf' : ∀ x, f x ≤ 1 / x := by
      have h12 :=","💥️unexpected end of input

💥️failed to synthesize
  Membership (ℝ+ → ℝ) (Set (ℝ+ → ℝ+))
Additional diagnostic information may be available using the `set_option diagnostics true` command.

💥️invalid constructor ⟨...⟩, expected type must be an inductive type 
  Quot ⇑CauSeq.equiv

💥️tactic 'rewrite' failed, did not find instance of the pattern in the target expression
  ?m.12366 ∈ {?m.12367}
case mpr
f : ℝ+ → ℝ
hf : ∀ (x : ℝ+), ∃! y, ↑x * f y + ↑y * f x ≤ { cauchy := sorry }
⊢ sorry",False,10,Compfiles.Imo2022P2,Llama-8B,LENGTH,best_of_n,False,0,-1,Imo2022P2.imo2022_p2,False
-1,False,106,"problem imo2022_p2 (f : ℝ+ → ℝ+) :
    f ∈ solution_set ↔
    ∀ x, ∃! y, x * f y + y * f x ≤ ⟨2, two_pos⟩ := by
  constructor
  · intro hf
    simp only [Set.mem_singleton_iff] at hf
    rw [hf] at *; clear hf
    intro x
    use x
    constructor
    · suffices h : (1:ℝ+) + 1 = ⟨2, two_pos⟩ by
        simp only [one_div, mul_inv_cancel]
        exact Eq.le h
      norm_num [Subtype.ext_iff]
    · intro y hxy
      change (x * (1 / y) + y * (1 / x)).val ≤ _  at hxy
      obtain ⟨x, hx⟩ := x
      obtain ⟨y, hy⟩ := y
      simp only [Positive.coe_add, Positive.val_mul, one_div, Positive.coe_inv] at hxy
      rw [Subtype.mk_eq_mk]
      have hxyp : 0 < y * x := mul_pos hy hx
      field_simp at hxy
      have h1 : (x * x + y * y) ≤ 2 * (y * x) := (div_le_iff₀ hxyp).mp hxy
      nlinarith
  · intro hf
    rw [Set.mem_singleton_iff]
    -- We follow Evan Chen's writeup: https://web.evanchen.cc/exams/IMO-2022-notes.pdf
    let friend : ℝ+ → ℝ+ := fun x ↦ Classical.choose (hf x).exists
    have h10 : ∀ x y, x * f y + y * f x ≤ ⟨2, two_pos⟩ ↔
                      y * f x + x * f y ≤ ⟨2, two_pos⟩ := by
      intro x y
      constructor <;> intro h <;> rwa [add_comm]
    have h11 : ∀ x, x * f (friend x) + friend x * f x ≤ ⟨2, two_pos⟩ :=
      fun  x ↦ Classical.choose_spec (hf x).exists

    have h0 : ∀ x, friend (friend x) = x := fun x ↦ by
      simp only [friend]
      exact lemma0 hf h10 x
    have h1 : ∀ x, friend x = x := fun x ↦ by
      by_contra! H
      have h2 : ⟨2, two_pos⟩ < x * f x + x * f x := by
        obtain ⟨y, _, hy2⟩ := hf x
        by_contra! H2
        have h3 := hy2 x H2
        have h4 : y = friend x := by
          have h5 := Classical.choose_spec (hf x).exists
          exact (hy2 (friend x) h5).symm
        rw [h4] at h3
        exact H h3.symm
      have h6' : 1 < x * f x := by
        change 2 < (x * f x).val + (x * f x).val at h2
        change 1 < (x * f x).val
        linarith
      have h6 : 1 / x < f x := div_lt_iff_lt_mul'.mpr h6'
      have h7 : 1 / friend x < f (friend x) := by
        have h8 : ⟨2, two_pos⟩ < (friend x) * f (friend x) + (friend x) * f (friend x) := by
          obtain ⟨y, _, hy2⟩ := hf (friend x)
          by_contra! H2
          have h3 := hy2 (friend x) H2
          have h4 : y = (friend (friend x)) := by
            have h5 := Classical.choose_spec (hf (friend x)).exists
            exact (hy2 (friend (friend x)) h5).symm
          rw [h0] at h4
          rw [h4] at h3
          exact H h3
        have h9 : 1 < friend x * f (friend x) := by
          change 2 < (friend x * f (friend x)).val + (friend x * f (friend x)).val at h8
          change 1 < (friend x * f (friend x)).val
          linarith
        exact div_lt_iff_lt_mul'.mpr h9
      have := calc ⟨2, two_pos⟩ ≤ x / friend x + friend x / x := amgm x (friend x)
                   _ = x * (1 / friend x) + friend x * (1 / x) := by
                       rw [mul_one_div, add_left_cancel_iff, mul_one_div]
                   _ < x * f (friend x) + friend x * f x := by gcongr
                   _ ≤ ⟨2, two_pos⟩ := h11 _
      exact LT.lt.false this
    have hf' : ∀ x, f x ≤ 1 / x := fun x ↦ by
      have h12 := h11 x
      rw [h1] at h12
      suffices H : x * f x ≤ 1 by exact le_div_iff_mul_le'.mpr H
      have h14 : (⟨2, two_pos⟩ : ℝ+) = ⟨2, two_pos⟩ * 1 := self_eq_mul_right.mpr rfl
      have h13 : x * f x + x * f x = ⟨2, two_pos⟩ * (x * f x) := lemma1 _
      rw [h14, h13] at h12
      exact (mul_le_mul_iff_left _).mp h12
    have hf1' : ∀ x y, x ≠ y → ⟨2, two_pos⟩ < x * f y + y * f x := fun x y hxy ↦ by
      by_contra! H
      obtain ⟨y1, _, hy2⟩ := hf x
      have h15 := hy2 (friend x) (h11 x)
      rw [← hy2 y H] at h15
      rw [← h15] at hxy
      exact hxy (h1 x).symm
    funext x
    by_contra! H
    have H' : x ≠ 1 / f x := fun hxfx ↦ by
      nth_rw 2 [hxfx] at H
      rw [one_div_one_div] at H
      exact H rfl
    have h17 := hf1' x (1 / f x) H'
    rw [div_mul_cancel] at h17
    have h19 := hf' (1 / f x)
    rw [one_div_one_div] at h19
    have h20 := calc ⟨2, two_pos⟩ < x * f (1 / f x) + 1 := h17
                 _ ≤ x * f x + 1 := by gcongr
                 _ ≤ x * (1 / x) + 1 := by have := hf' x; gcongr
                 _ = 1 + 1 := by rw [add_right_cancel_iff, mul_one_div, div_eq_one]
                 _ = ⟨2, two_pos⟩ := by apply Subtype.val_injective; norm_num
    exact LT.lt.false h20


",,True,-1,"/

theorem imo2022_p2 (f : ℝ+ → ℝ) :
    f ∈ solution_set ↔
    ∀ x, ∃! y, x * f y + y * f x ≤ ⟨2, two_pos⟩ := by
  constructor
  · intro hf
    simp only [Set.mem_singleton_iff] at hf
    rw [hf] at *; clear hf
    intro x
    use x
    constructor
    · suffices h : (1:ℝ) + 1 = ⟨2, two_pos⟩ by
        simp only [one_div, mul_inv_cancel]
        exact Eq.le h
      norm_num [Subtype.ext_iff]
    · intro y hxy
      change (x * (1 / y) + y * (1 / x)).val ≤ _  at hxy
      obtain ⟨x, hx⟩ := x
      obtain ⟨y, hy⟩ := y
      simp only [Positive.coe_add, Positive.val_mul, one_div, Positive.coe_inv] at hxy
      rw [Subtype.mk_eq_mk]
      have hxyp : 0 < y * x := mul_pos hy hx
      field_simp at hxy
      have h1 : (x * x + y * y) ≤ 2 * (y * x) := (div_le_iff₀ hxyp).mp hxy
      nlinarith
  · intro hf
    rw [Set.mem_singleton_iff]
    -- We follow Evan Chen's writeup: https://web.evanchen.cc/exams/IMO-2022-notes.pdf
    let friend : ℝ+ → ℝ+ := fun x ↦ Classical.choose (hf x).exists
    have h10 : ∀ x y, x * f y + y * f x ≤ ⟨2, two_pos⟩ ↔
                      y * f x + x * f y ≤ ⟨2, two_pos⟩ := by
      intro x y
      constructor <;> intro h <;> rwa [add_comm]
    have h11 : ∀ x, x * f (friend x) + friend x * f x ≤ ⟨2, two_pos⟩ :=
      fun  x ↦ Classical.choose_spec (hf x).exists

    have h0 : ∀ x, friend (friend x) = x := fun x ↦ by
      simp only [friend]
      exact lemma0 hf h10 x
    have h1 : ∀ x, friend x = x := fun x ↦ by
      by_contra! H
      have H2 := H.count_le 2 (x * f x) + x * f x ^ 2
      have H3 := (1:ℝ) + 1 = 2 := self_eq_mul_right.mpr rfl
      have H4 := H3 * (x * f x) = 2 * (x * f x)
      rw [H4] at H2
      exact not_or_not.mp (H2.le (H4 + x * f x))
    have h6' : 1 < x * f x := by
        omega
    have h6 : 1 / x < f x := div_lt_iff_lt_mul'.mpr h6'
      (by positivity)
    have h7 : 1 / friend x < f (friend x) := by
        have h8 : ⟨2, two_pos⟩ < (friend x) * f (friend x) + (friend x) * f (friend x) := by
          obtain ⟨y, _, hy2⟩ := hf (friend x)
          by_contra! H2
          have h3 := hy2 (friend x) H2
          have h4 : y = (friend (friend x)) := by
            have h5 := Classical.choose_spec (hf (friend x)).exists
            exact (hy2 (friend (friend x)) h5).symm
          rw [h0] at h4
          rw [h4] at h3
          exact H h3
        have h9 : 1 < friend x * f (friend x) := by
          omega
        exact div_lt_iff_lt_mul'.mpr h9
      (by positivity)
    have hf' : ∀ x, f x ≤ 1 / x :=
      fun x ↦ by
        have h12 := h11 x
        rw [h1] at h12
        suffices H : x * f x ≤ 1 by exact le_div_iff_mul_le'.mpr H
        have h14 : (⟨2, two_pos⟩ : ℝ) = ⟨2, two_pos⟩ * 1 := self_eq_mul_right.mpr rfl
        have h13 : x * f x + x * f x = ⟨2, two_pos⟩ * (x * f x) := lemma1 _
       ","💥️unexpected token '/'; expected command

💥️failed to synthesize
  Membership (ℝ+ → ℝ) (Set (ℝ+ → ℝ+))
Additional diagnostic information may be available using the `set_option diagnostics true` command.

💥️invalid constructor ⟨...⟩, expected type must be an inductive type 
  Quot ⇑CauSeq.equiv

💥️tactic 'rewrite' failed, did not find instance of the pattern in the current goal
case mp
f : ℝ+ → ℝ
hf : sorry
⊢ ∀ (x : ℝ+), ∃! y, ↑x * f y + ↑y * f x ≤ { cauchy := sorry }

💥️tactic 'rewrite' failed, did not find instance of the pattern in the target expression
  ?m.12366 ∈ {?m.12367}
case mpr
f : ℝ+ → ℝ
hf : ∀ (x : ℝ+), ∃! y, ↑x * f y + ↑y * f x ≤ { cauchy := sorry }
⊢ sorry",False,10,Compfiles.Imo2022P2,Llama-8B,LENGTH,best_of_n,False,0,-1,Imo2022P2.imo2022_p2,False
-1,False,106,"problem imo2022_p2 (f : ℝ+ → ℝ+) :
    f ∈ solution_set ↔
    ∀ x, ∃! y, x * f y + y * f x ≤ ⟨2, two_pos⟩ := by
  constructor
  · intro hf
    simp only [Set.mem_singleton_iff] at hf
    rw [hf] at *; clear hf
    intro x
    use x
    constructor
    · suffices h : (1:ℝ+) + 1 = ⟨2, two_pos⟩ by
        simp only [one_div, mul_inv_cancel]
        exact Eq.le h
      norm_num [Subtype.ext_iff]
    · intro y hxy
      change (x * (1 / y) + y * (1 / x)).val ≤ _  at hxy
      obtain ⟨x, hx⟩ := x
      obtain ⟨y, hy⟩ := y
      simp only [Positive.coe_add, Positive.val_mul, one_div, Positive.coe_inv] at hxy
      rw [Subtype.mk_eq_mk]
      have hxyp : 0 < y * x := mul_pos hy hx
      field_simp at hxy
      have h1 : (x * x + y * y) ≤ 2 * (y * x) := (div_le_iff₀ hxyp).mp hxy
      nlinarith
  · intro hf
    rw [Set.mem_singleton_iff]
    -- We follow Evan Chen's writeup: https://web.evanchen.cc/exams/IMO-2022-notes.pdf
    let friend : ℝ+ → ℝ+ := fun x ↦ Classical.choose (hf x).exists
    have h10 : ∀ x y, x * f y + y * f x ≤ ⟨2, two_pos⟩ ↔
                      y * f x + x * f y ≤ ⟨2, two_pos⟩ := by
      intro x y
      constructor <;> intro h <;> rwa [add_comm]
    have h11 : ∀ x, x * f (friend x) + friend x * f x ≤ ⟨2, two_pos⟩ :=
      fun  x ↦ Classical.choose_spec (hf x).exists

    have h0 : ∀ x, friend (friend x) = x := fun x ↦ by
      simp only [friend]
      exact lemma0 hf h10 x
    have h1 : ∀ x, friend x = x := fun x ↦ by
      by_contra! H
      have h2 : ⟨2, two_pos⟩ < x * f x + x * f x := by
        obtain ⟨y, _, hy2⟩ := hf x
        by_contra! H2
        have h3 := hy2 x H2
        have h4 : y = friend x := by
          have h5 := Classical.choose_spec (hf x).exists
          exact (hy2 (friend x) h5).symm
        rw [h4] at h3
        exact H h3.symm
      have h6' : 1 < x * f x := by
        change 2 < (x * f x).val + (x * f x).val at h2
        change 1 < (x * f x).val
        linarith
      have h6 : 1 / x < f x := div_lt_iff_lt_mul'.mpr h6'
      have h7 : 1 / friend x < f (friend x) := by
        have h8 : ⟨2, two_pos⟩ < (friend x) * f (friend x) + (friend x) * f (friend x) := by
          obtain ⟨y, _, hy2⟩ := hf (friend x)
          by_contra! H2
          have h3 := hy2 (friend x) H2
          have h4 : y = (friend (friend x)) := by
            have h5 := Classical.choose_spec (hf (friend x)).exists
            exact (hy2 (friend (friend x)) h5).symm
          rw [h0] at h4
          rw [h4] at h3
          exact H h3
        have h9 : 1 < friend x * f (friend x) := by
          change 2 < (friend x * f (friend x)).val + (friend x * f (friend x)).val at h8
          change 1 < (friend x * f (friend x)).val
          linarith
        exact div_lt_iff_lt_mul'.mpr h9
      have := calc ⟨2, two_pos⟩ ≤ x / friend x + friend x / x := amgm x (friend x)
                   _ = x * (1 / friend x) + friend x * (1 / x) := by
                       rw [mul_one_div, add_left_cancel_iff, mul_one_div]
                   _ < x * f (friend x) + friend x * f x := by gcongr
                   _ ≤ ⟨2, two_pos⟩ := h11 _
      exact LT.lt.false this
    have hf' : ∀ x, f x ≤ 1 / x := fun x ↦ by
      have h12 := h11 x
      rw [h1] at h12
      suffices H : x * f x ≤ 1 by exact le_div_iff_mul_le'.mpr H
      have h14 : (⟨2, two_pos⟩ : ℝ+) = ⟨2, two_pos⟩ * 1 := self_eq_mul_right.mpr rfl
      have h13 : x * f x + x * f x = ⟨2, two_pos⟩ * (x * f x) := lemma1 _
      rw [h14, h13] at h12
      exact (mul_le_mul_iff_left _).mp h12
    have hf1' : ∀ x y, x ≠ y → ⟨2, two_pos⟩ < x * f y + y * f x := fun x y hxy ↦ by
      by_contra! H
      obtain ⟨y1, _, hy2⟩ := hf x
      have h15 := hy2 (friend x) (h11 x)
      rw [← hy2 y H] at h15
      rw [← h15] at hxy
      exact hxy (h1 x).symm
    funext x
    by_contra! H
    have H' : x ≠ 1 / f x := fun hxfx ↦ by
      nth_rw 2 [hxfx] at H
      rw [one_div_one_div] at H
      exact H rfl
    have h17 := hf1' x (1 / f x) H'
    rw [div_mul_cancel] at h17
    have h19 := hf' (1 / f x)
    rw [one_div_one_div] at h19
    have h20 := calc ⟨2, two_pos⟩ < x * f (1 / f x) + 1 := h17
                 _ ≤ x * f x + 1 := by gcongr
                 _ ≤ x * (1 / x) + 1 := by have := hf' x; gcongr
                 _ = 1 + 1 := by rw [add_right_cancel_iff, mul_one_div, div_eq_one]
                 _ = ⟨2, two_pos⟩ := by apply Subtype.val_injective; norm_num
    exact LT.lt.false h20


",,True,-1,"theorem imo2022_p2 (f : ℝ+ → ℝ) :
    f ∈ solution_set ↔
    ∀ x, ∃! y, x * f y + y * f x ≤ ⟨2, two_pos⟩ := by
  constructor
  · intro hf
    simp only [Set.mem_singleton_iff] at hf
    rw [hf] at *; clear hf
    intro x
    use x
    have ⟨b, -⟩ := exists_of_forall_ge_iff fun b => hf b x
    refine ⟨x, b, fun b hba ↦ ?_⟩
    change x * f b + b * f x ≤ ⟨2, two_pos⟩ at hba
    obtain ⟨b, by_nsmul b, hba⟩ := b
    rw [← hba,  by_nsmul b] at x * f b
    apply Subtype.ext_iff
    exact ⟨b, by_nsmul b, by_nsmul b⟩
  · intro hf
    rw [Set.mem_singleton_iff]
    -- We follow Evan Chen's writeup: https://web.evanchen.cc/exams/IMO-2022-notes.pdf
    let friend : ℝ+ → ℝ+ := fun x ↦ Classical.choose (hf x).exists
    have h10 : ∀ x y, x * f y + y * f x ≤ ⟨2, two_pos⟩ ↔
                      y * f x + x * f y ≤ ⟨2, two_pos⟩ := by
      intro x y
      constructor <;> intro h <;> rwa [add_comm]
    have h11 : ∀ x, x * f (friend x) + friend x * f x ≤ ⟨2, two_pos⟩ :=
      fun  x ↦ Classical.choose_spec (hf x).exists
    have h0 : ∀ x, friend (friend x) = x := fun x ↦ by
      simp only [friend]
      exact lemma0 hf h10 x
    have h1 : ∀ x, friend x = x := by
      by_contra! H
      have h2 : ⟨2, two_pos⟩ < x * f x + x * f x := by
        obtain ⟨y, _, hy2⟩ := hf x
        by_contra! H2
        have h3 := hy2 x H2
        have h4 : y = friend x := by
          have h5 := Classical.choose_spec (hf x).exists
          exact (hy2 (friend x) h5).symm
        rw [h4] at h3
        exact H h3.symm
      have h6' : 1 < x * f x := by
        change 2 < (x * f x).val + (x * f x).val at h2
        change 1 < (x * f x).val
        linarith
      have h6 : 1 / x < f x := div_lt_iff_lt_mul'.mpr h6'
      have h7 : 1 / friend x < f (friend x) := by
        have h8 : ⟨2, two_pos⟩ < (friend x) * f (friend x) + (friend x) * f (friend x) := by
          obtain ⟨y, _, hy2⟩ := hf (friend x)
          by_contra! H2
          have h3 := hy2 (friend x) H2
          have h4 : y = (friend (friend x)) := by
            have h5 := Classical.choose_spec (hf (friend x)).exists
            exact (hy2 (friend (friend x)) h5).symm
          rw [h0] at h4
          rw [h4] at h3
          exact H h3
        have h9 : 1 < friend x * f (friend x) := by
          change 2 < (friend x * f (friend x)).val + (friend x * f (friend x)).val at h8
          change 1 < (friend x * f (friend x)).val
          linarith
        exact div_lt_iff_lt_mul'.mpr h9
      have := calc ⟨2, two_pos⟩ ≤ x / friend x + friend x / x := amgm x (friend x)
                   _ = x * (1 / friend x) + friend x * (1 / x) := by
                       rw [mul_one_div, add_left_cancel_iff, mul_one_div]
                   _ < x * f (friend x) + friend x * f x := by gcongr
                   _ ≤ ⟨2, two_pos⟩ := h11 _
      exact LT.lt.false this
    have hf' : ∀ x, f x ≤ 1 / x := fun x ↦ by
      have h12 :=","💥️failed to synthesize
  Membership (ℝ+ → ℝ) (Set (ℝ+ → ℝ+))
Additional diagnostic information may be available using the `set_option diagnostics true` command.

💥️invalid constructor ⟨...⟩, expected type must be an inductive type 
  Quot ⇑CauSeq.equiv

💥️tactic 'rewrite' failed, did not find instance of the pattern in the current goal
case mp
f : ℝ+ → ℝ
hf : sorry
⊢ ∀ (x : ℝ+), ∃! y, ↑x * f y + ↑y * f x ≤ { cauchy := sorry }

💥️unsolved goals
case mpr
f : ℝ+ → ℝ
⊢ (∀ (x : ℝ+), ∃! y, ↑x * f y + ↑y * f x ≤ { cauchy := sorry }) → sorry",False,10,Compfiles.Imo2022P2,Llama-8B,LENGTH,best_of_n,False,0,-1,Imo2022P2.imo2022_p2,False
-1,False,106,"problem imo2022_p2 (f : ℝ+ → ℝ+) :
    f ∈ solution_set ↔
    ∀ x, ∃! y, x * f y + y * f x ≤ ⟨2, two_pos⟩ := by
  constructor
  · intro hf
    simp only [Set.mem_singleton_iff] at hf
    rw [hf] at *; clear hf
    intro x
    use x
    constructor
    · suffices h : (1:ℝ+) + 1 = ⟨2, two_pos⟩ by
        simp only [one_div, mul_inv_cancel]
        exact Eq.le h
      norm_num [Subtype.ext_iff]
    · intro y hxy
      change (x * (1 / y) + y * (1 / x)).val ≤ _  at hxy
      obtain ⟨x, hx⟩ := x
      obtain ⟨y, hy⟩ := y
      simp only [Positive.coe_add, Positive.val_mul, one_div, Positive.coe_inv] at hxy
      rw [Subtype.mk_eq_mk]
      have hxyp : 0 < y * x := mul_pos hy hx
      field_simp at hxy
      have h1 : (x * x + y * y) ≤ 2 * (y * x) := (div_le_iff₀ hxyp).mp hxy
      nlinarith
  · intro hf
    rw [Set.mem_singleton_iff]
    -- We follow Evan Chen's writeup: https://web.evanchen.cc/exams/IMO-2022-notes.pdf
    let friend : ℝ+ → ℝ+ := fun x ↦ Classical.choose (hf x).exists
    have h10 : ∀ x y, x * f y + y * f x ≤ ⟨2, two_pos⟩ ↔
                      y * f x + x * f y ≤ ⟨2, two_pos⟩ := by
      intro x y
      constructor <;> intro h <;> rwa [add_comm]
    have h11 : ∀ x, x * f (friend x) + friend x * f x ≤ ⟨2, two_pos⟩ :=
      fun  x ↦ Classical.choose_spec (hf x).exists

    have h0 : ∀ x, friend (friend x) = x := fun x ↦ by
      simp only [friend]
      exact lemma0 hf h10 x
    have h1 : ∀ x, friend x = x := fun x ↦ by
      by_contra! H
      have h2 : ⟨2, two_pos⟩ < x * f x + x * f x := by
        obtain ⟨y, _, hy2⟩ := hf x
        by_contra! H2
        have h3 := hy2 x H2
        have h4 : y = friend x := by
          have h5 := Classical.choose_spec (hf x).exists
          exact (hy2 (friend x) h5).symm
        rw [h4] at h3
        exact H h3.symm
      have h6' : 1 < x * f x := by
        change 2 < (x * f x).val + (x * f x).val at h2
        change 1 < (x * f x).val
        linarith
      have h6 : 1 / x < f x := div_lt_iff_lt_mul'.mpr h6'
      have h7 : 1 / friend x < f (friend x) := by
        have h8 : ⟨2, two_pos⟩ < (friend x) * f (friend x) + (friend x) * f (friend x) := by
          obtain ⟨y, _, hy2⟩ := hf (friend x)
          by_contra! H2
          have h3 := hy2 (friend x) H2
          have h4 : y = (friend (friend x)) := by
            have h5 := Classical.choose_spec (hf (friend x)).exists
            exact (hy2 (friend (friend x)) h5).symm
          rw [h0] at h4
          rw [h4] at h3
          exact H h3
        have h9 : 1 < friend x * f (friend x) := by
          change 2 < (friend x * f (friend x)).val + (friend x * f (friend x)).val at h8
          change 1 < (friend x * f (friend x)).val
          linarith
        exact div_lt_iff_lt_mul'.mpr h9
      have := calc ⟨2, two_pos⟩ ≤ x / friend x + friend x / x := amgm x (friend x)
                   _ = x * (1 / friend x) + friend x * (1 / x) := by
                       rw [mul_one_div, add_left_cancel_iff, mul_one_div]
                   _ < x * f (friend x) + friend x * f x := by gcongr
                   _ ≤ ⟨2, two_pos⟩ := h11 _
      exact LT.lt.false this
    have hf' : ∀ x, f x ≤ 1 / x := fun x ↦ by
      have h12 := h11 x
      rw [h1] at h12
      suffices H : x * f x ≤ 1 by exact le_div_iff_mul_le'.mpr H
      have h14 : (⟨2, two_pos⟩ : ℝ+) = ⟨2, two_pos⟩ * 1 := self_eq_mul_right.mpr rfl
      have h13 : x * f x + x * f x = ⟨2, two_pos⟩ * (x * f x) := lemma1 _
      rw [h14, h13] at h12
      exact (mul_le_mul_iff_left _).mp h12
    have hf1' : ∀ x y, x ≠ y → ⟨2, two_pos⟩ < x * f y + y * f x := fun x y hxy ↦ by
      by_contra! H
      obtain ⟨y1, _, hy2⟩ := hf x
      have h15 := hy2 (friend x) (h11 x)
      rw [← hy2 y H] at h15
      rw [← h15] at hxy
      exact hxy (h1 x).symm
    funext x
    by_contra! H
    have H' : x ≠ 1 / f x := fun hxfx ↦ by
      nth_rw 2 [hxfx] at H
      rw [one_div_one_div] at H
      exact H rfl
    have h17 := hf1' x (1 / f x) H'
    rw [div_mul_cancel] at h17
    have h19 := hf' (1 / f x)
    rw [one_div_one_div] at h19
    have h20 := calc ⟨2, two_pos⟩ < x * f (1 / f x) + 1 := h17
                 _ ≤ x * f x + 1 := by gcongr
                 _ ≤ x * (1 / x) + 1 := by have := hf' x; gcongr
                 _ = 1 + 1 := by rw [add_right_cancel_iff, mul_one_div, div_eq_one]
                 _ = ⟨2, two_pos⟩ := by apply Subtype.val_injective; norm_num
    exact LT.lt.false h20


",,True,-1,"theorem imo2022_p2 (f : ℝ+ → ℝ) :
    f ∈ solution_set ↔
    ∀ x, ∃! y, x * f y + y * f x ≤ ⟨2, two_pos⟩ := by
  constructor
  · intro hf
    simp only [Set.mem_singleton_iff] at hf
    rw [hf] at *; clear hf
    intro x
    use x
    have ⟨y, hy, hxy⟩ := exists_eq_or_imp h ∧ y * f x + x * f y ≤ 2
    refine ⟨x, ⟨y, hy, mul_inv_cancel ((1 / y) + (1 / x)) ?_, hxy⟩⟩
    field_simp at hxy
    linear_combination hxy - (f x * f y) / f x) * $(mul_inv_cancel ((1 / y) + (1 / x)) ?_)
    · gcongr
      rw [←  inv_mul_cancel ((1 / y) + (1 / x)) ?_]
      rw [←  inv_mul_cancel ((1 / x) + (1 / y)) ?_]
      rw [Subtype.mk_eq_mk]
      have hxyp : 0 < y * x := mul_pos hy hx
      field_simp at hxy
      have h1 : (x * x + y * y) ≤ 2 * (y * x) := (div_le_iff₀ hxyp).mp hxy
      linear_combination (f x * f y) / f x) * h1
  · intro hf
    rw [Set.mem_singleton_iff]
    -- We follow Evan Chen's writeup: https://web.evanchen.cc/exams/IMO-2022-notes.pdf
    let friend : ℝ+ → ℝ+ := fun x ↦ Classical.choose (hf x).exists
    have h10 : ∀ x y, x * f y + y * f x ≤ ⟨2, two_pos⟩ ↔
                      y * f x + x * f y ≤ ⟨2, two_pos⟩ := by
      intro x y
      constructor <;> intro h <;> rwa [add_comm]
    have h11 : ∀ x, x * f (friend x) + friend x * f x ≤ ⟨2, two_pos⟩ :=
      fun  x ↦ Classical.choose_spec (hf x).exists

    have h0 : ∀ x, friend (friend x) = x := fun x ↦ by
      simp only [friend]
      exact lemma0 hf h10 x
    have h1 : ∀ x, friend x = x := fun x ↦ by
      by_contra! H
      have h2 : ⟨2, two_pos⟩ < x * f x + x * f x := by
        obtain ⟨y, _, hy2⟩ := hf x
        by_contra! H2
        have h3 := hy2 x H2
        have h4 : y = friend x := by
          have h5 := Classical.choose_spec (hf x).exists
          exact (hy2 (friend x) h5).symm
        rw [h4] at h3
        exact H h3.symm
      have h6' : 1 < x * f x := by
        convert 2 < (x * f x).val + (x * f x).val at h2
        convert 1 < (x * f x).val
        linear_combination (f x * f y) / f x) * norm_num
      have h6 : 1 / x < f x := div_lt_iff_lt_mul'.mpr h6'
      have h7 : 1 / friend x < f (friend x) := by
        have h8 : ⟨2, two_pos⟩ < (friend x) * f (friend x) + (friend x) * f (friend x) := by
          obtain ⟨y, _, hy2⟩ := hf (friend x)
          by_contra! H2
          have h3 := hy2 (friend x) H2
          have h4 : y = (friend (friend x)) := by
            have h5 := Classical.choose_spec (hf (friend x)).exists
            exact (hy2 (friend (friend x)) h5).symm
          rw [h0] at h4
          rw [h4] at h3
          exact H h3
        have h9 : 1 < friend x * f (friend x) := by
          convert 2 < (friend x * f (friend x)).val + (friend x * f (friend x)).val at h8
          convert 1 < (friend x * f (friend x)).val
          linear_combination (f x * f y)","💥️failed to synthesize
  Membership (ℝ+ → ℝ) (Set (ℝ+ → ℝ+))
Additional diagnostic information may be available using the `set_option diagnostics true` command.

💥️invalid constructor ⟨...⟩, expected type must be an inductive type 
  Quot ⇑CauSeq.equiv

💥️tactic 'rewrite' failed, did not find instance of the pattern in the current goal
case mp
f : ℝ+ → ℝ
hf : sorry
⊢ ∀ (x : ℝ+), ∃! y, ↑x * f y + ↑y * f x ≤ { cauchy := sorry }

💥️unsolved goals
case mpr
f : ℝ+ → ℝ
⊢ (∀ (x : ℝ+), ∃! y, ↑x * f y + ↑y * f x ≤ { cauchy := sorry }) → sorry",False,10,Compfiles.Imo2022P2,Llama-8B,LENGTH,best_of_n,False,0,-1,Imo2022P2.imo2022_p2,False
-1,False,106,"problem imo2022_p2 (f : ℝ+ → ℝ+) :
    f ∈ solution_set ↔
    ∀ x, ∃! y, x * f y + y * f x ≤ ⟨2, two_pos⟩ := by
  constructor
  · intro hf
    simp only [Set.mem_singleton_iff] at hf
    rw [hf] at *; clear hf
    intro x
    use x
    constructor
    · suffices h : (1:ℝ+) + 1 = ⟨2, two_pos⟩ by
        simp only [one_div, mul_inv_cancel]
        exact Eq.le h
      norm_num [Subtype.ext_iff]
    · intro y hxy
      change (x * (1 / y) + y * (1 / x)).val ≤ _  at hxy
      obtain ⟨x, hx⟩ := x
      obtain ⟨y, hy⟩ := y
      simp only [Positive.coe_add, Positive.val_mul, one_div, Positive.coe_inv] at hxy
      rw [Subtype.mk_eq_mk]
      have hxyp : 0 < y * x := mul_pos hy hx
      field_simp at hxy
      have h1 : (x * x + y * y) ≤ 2 * (y * x) := (div_le_iff₀ hxyp).mp hxy
      nlinarith
  · intro hf
    rw [Set.mem_singleton_iff]
    -- We follow Evan Chen's writeup: https://web.evanchen.cc/exams/IMO-2022-notes.pdf
    let friend : ℝ+ → ℝ+ := fun x ↦ Classical.choose (hf x).exists
    have h10 : ∀ x y, x * f y + y * f x ≤ ⟨2, two_pos⟩ ↔
                      y * f x + x * f y ≤ ⟨2, two_pos⟩ := by
      intro x y
      constructor <;> intro h <;> rwa [add_comm]
    have h11 : ∀ x, x * f (friend x) + friend x * f x ≤ ⟨2, two_pos⟩ :=
      fun  x ↦ Classical.choose_spec (hf x).exists

    have h0 : ∀ x, friend (friend x) = x := fun x ↦ by
      simp only [friend]
      exact lemma0 hf h10 x
    have h1 : ∀ x, friend x = x := fun x ↦ by
      by_contra! H
      have h2 : ⟨2, two_pos⟩ < x * f x + x * f x := by
        obtain ⟨y, _, hy2⟩ := hf x
        by_contra! H2
        have h3 := hy2 x H2
        have h4 : y = friend x := by
          have h5 := Classical.choose_spec (hf x).exists
          exact (hy2 (friend x) h5).symm
        rw [h4] at h3
        exact H h3.symm
      have h6' : 1 < x * f x := by
        change 2 < (x * f x).val + (x * f x).val at h2
        change 1 < (x * f x).val
        linarith
      have h6 : 1 / x < f x := div_lt_iff_lt_mul'.mpr h6'
      have h7 : 1 / friend x < f (friend x) := by
        have h8 : ⟨2, two_pos⟩ < (friend x) * f (friend x) + (friend x) * f (friend x) := by
          obtain ⟨y, _, hy2⟩ := hf (friend x)
          by_contra! H2
          have h3 := hy2 (friend x) H2
          have h4 : y = (friend (friend x)) := by
            have h5 := Classical.choose_spec (hf (friend x)).exists
            exact (hy2 (friend (friend x)) h5).symm
          rw [h0] at h4
          rw [h4] at h3
          exact H h3
        have h9 : 1 < friend x * f (friend x) := by
          change 2 < (friend x * f (friend x)).val + (friend x * f (friend x)).val at h8
          change 1 < (friend x * f (friend x)).val
          linarith
        exact div_lt_iff_lt_mul'.mpr h9
      have := calc ⟨2, two_pos⟩ ≤ x / friend x + friend x / x := amgm x (friend x)
                   _ = x * (1 / friend x) + friend x * (1 / x) := by
                       rw [mul_one_div, add_left_cancel_iff, mul_one_div]
                   _ < x * f (friend x) + friend x * f x := by gcongr
                   _ ≤ ⟨2, two_pos⟩ := h11 _
      exact LT.lt.false this
    have hf' : ∀ x, f x ≤ 1 / x := fun x ↦ by
      have h12 := h11 x
      rw [h1] at h12
      suffices H : x * f x ≤ 1 by exact le_div_iff_mul_le'.mpr H
      have h14 : (⟨2, two_pos⟩ : ℝ+) = ⟨2, two_pos⟩ * 1 := self_eq_mul_right.mpr rfl
      have h13 : x * f x + x * f x = ⟨2, two_pos⟩ * (x * f x) := lemma1 _
      rw [h14, h13] at h12
      exact (mul_le_mul_iff_left _).mp h12
    have hf1' : ∀ x y, x ≠ y → ⟨2, two_pos⟩ < x * f y + y * f x := fun x y hxy ↦ by
      by_contra! H
      obtain ⟨y1, _, hy2⟩ := hf x
      have h15 := hy2 (friend x) (h11 x)
      rw [← hy2 y H] at h15
      rw [← h15] at hxy
      exact hxy (h1 x).symm
    funext x
    by_contra! H
    have H' : x ≠ 1 / f x := fun hxfx ↦ by
      nth_rw 2 [hxfx] at H
      rw [one_div_one_div] at H
      exact H rfl
    have h17 := hf1' x (1 / f x) H'
    rw [div_mul_cancel] at h17
    have h19 := hf' (1 / f x)
    rw [one_div_one_div] at h19
    have h20 := calc ⟨2, two_pos⟩ < x * f (1 / f x) + 1 := h17
                 _ ≤ x * f x + 1 := by gcongr
                 _ ≤ x * (1 / x) + 1 := by have := hf' x; gcongr
                 _ = 1 + 1 := by rw [add_right_cancel_iff, mul_one_div, div_eq_one]
                 _ = ⟨2, two_pos⟩ := by apply Subtype.val_injective; norm_num
    exact LT.lt.false h20


",,True,-1,"theorem imo2022_p2 (f : ℝ+ → ℝ) :
    f ∈ solution_set ↔
    ∀ x, ∃! y, x * f y + y * f x ≤ ⟨2, two_pos⟩ := by
  constructor
  · intro hf
    simp only [Set.mem_singleton_iff] at hf
    rw [hf] at *; clear hf
    intro x
    use x
    constructor
    · suffices h : (1:ℝ) + 1 = ⟨2, two_pos⟩ by
        simp only [one_div, mul_inv_cancel]
        exact Eq.le h
      norm_num [Subtype.ext_iff]
    · intro y hxy
      change (x * (1 / y) + y * (1 / x)).val ≤ _  at hxy
      obtain ⟨x, hx⟩ := x
      obtain ⟨y, hy⟩ := y
      simp only [Positive.coe_add, Positive.val_mul, one_div, Positive.coe_inv] at hxy
      rw [Subtype.mk_eq_mk]
      have hxyp : 0 < y * x := mul_pos hy hx
      field_simp at hxy
      have h1 : (x * x + y * y) ≤ 2 * (y * x) := (div_le_iff₀ hxyp).mp hxy
      nlinarith
  · intro hf
    rw [Set.mem_singleton_iff]
    -- We follow Evan Chen's writeup: https://web.evanchen.cc/exams/IMO-2022-notes.pdf
    let friend : ℝ+ → ℝ+ := fun x ↦ Classical.choose (hf x).exists
    have h10 : ∀ x y, x * f y + y * f x ≤ ⟨2, two_pos⟩ ↔
                      y * f x + x * f y ≤ ⟨2, two_pos⟩ := by
      intro x y
      constructor <;> intro h <;> rwa [add_comm]
    have h11 : ∀ x, x * f (friend x) + friend x * f x ≤ ⟨2, two_pos⟩ :=
      fun  x ↦ Classical.choose_spec (hf x).exists

    have h0 : ∀ x, friend (friend x) = x := fun x ↦ by
      simp only [friend]
      exact lemma0 hf h10 x
    have h1 : ∀ x, friend x = x := fun x ↦ by
      by_contra! H
      have h2 : ⟨2, two_pos⟩ < x * f x + x * f x := by
        obtain ⟨y, _, hy2⟩ := hf x
        by_contra! H2
        have h3 := hy2 (friend x) H2
        have h4 : y = friend x := by
          have h5 := Classical.choose_spec (hf x).exists
          exact (hy2 (friend x) h5).symm
        rw [h4] at h3
        exact H h3.symm
      have h6' : 0 < x * f x := by positivity
      have h6 : 1 / x < f x := div_lt_iff_lt_mul'.mpr (by positivity)
      have h7 : 1 / friend x < f (friend x) := by
        have h8 : ⟨2, two_pos⟩ < (friend x) * f (friend x) + (friend x) * f (friend x) := by
          obtain ⟨y, _, hy2⟩ := hf (friend x)
          by_contra! H2
          have h3 := hy2 (friend x) H2
          have h4 : y = (friend (friend x)) := by
            have h5 := Classical.choose_spec (hf (friend x)).exists
            exact (hy2 (friend (friend x)) h5).symm
          rw [h0] at h4
          rw [h4] at h3
          exact H h3
        have h9 : 1 < friend x * f (friend x) := by
          change 2 < (friend x * f (friend x)).val + (friend x * f (friend x)).val at h8
          change 1 < (friend x * f (friend x)).val
          linarith
        exact div_lt_iff_lt_mul'.mpr h9
      have := calc ⟨2, two_pos⟩ ≤ x / friend x + friend x / x := amgm x (friend x)
                   _ = x * (1 / friend x) + friend x * (1 / x) := by
                       rw [mul_one_div, add_left_cancel_iff, mul_one_div]
                   _ < x * f (friend x) + friend x * f x :=","💥️unexpected end of input

💥️failed to synthesize
  Membership (ℝ+ → ℝ) (Set (ℝ+ → ℝ+))
Additional diagnostic information may be available using the `set_option diagnostics true` command.

💥️invalid constructor ⟨...⟩, expected type must be an inductive type 
  Quot ⇑CauSeq.equiv

💥️tactic 'rewrite' failed, did not find instance of the pattern in the target expression
  ?m.12366 ∈ {?m.12367}
case mpr
f : ℝ+ → ℝ
hf : ∀ (x : ℝ+), ∃! y, ↑x * f y + ↑y * f x ≤ { cauchy := sorry }
⊢ sorry",False,10,Compfiles.Imo2022P2,Llama-8B,LENGTH,best_of_n,False,0,-1,Imo2022P2.imo2022_p2,False
-1,False,106,"problem imo2022_p2 (f : ℝ+ → ℝ+) :
    f ∈ solution_set ↔
    ∀ x, ∃! y, x * f y + y * f x ≤ ⟨2, two_pos⟩ := by
  constructor
  · intro hf
    simp only [Set.mem_singleton_iff] at hf
    rw [hf] at *; clear hf
    intro x
    use x
    constructor
    · suffices h : (1:ℝ+) + 1 = ⟨2, two_pos⟩ by
        simp only [one_div, mul_inv_cancel]
        exact Eq.le h
      norm_num [Subtype.ext_iff]
    · intro y hxy
      change (x * (1 / y) + y * (1 / x)).val ≤ _  at hxy
      obtain ⟨x, hx⟩ := x
      obtain ⟨y, hy⟩ := y
      simp only [Positive.coe_add, Positive.val_mul, one_div, Positive.coe_inv] at hxy
      rw [Subtype.mk_eq_mk]
      have hxyp : 0 < y * x := mul_pos hy hx
      field_simp at hxy
      have h1 : (x * x + y * y) ≤ 2 * (y * x) := (div_le_iff₀ hxyp).mp hxy
      nlinarith
  · intro hf
    rw [Set.mem_singleton_iff]
    -- We follow Evan Chen's writeup: https://web.evanchen.cc/exams/IMO-2022-notes.pdf
    let friend : ℝ+ → ℝ+ := fun x ↦ Classical.choose (hf x).exists
    have h10 : ∀ x y, x * f y + y * f x ≤ ⟨2, two_pos⟩ ↔
                      y * f x + x * f y ≤ ⟨2, two_pos⟩ := by
      intro x y
      constructor <;> intro h <;> rwa [add_comm]
    have h11 : ∀ x, x * f (friend x) + friend x * f x ≤ ⟨2, two_pos⟩ :=
      fun  x ↦ Classical.choose_spec (hf x).exists

    have h0 : ∀ x, friend (friend x) = x := fun x ↦ by
      simp only [friend]
      exact lemma0 hf h10 x
    have h1 : ∀ x, friend x = x := fun x ↦ by
      by_contra! H
      have h2 : ⟨2, two_pos⟩ < x * f x + x * f x := by
        obtain ⟨y, _, hy2⟩ := hf x
        by_contra! H2
        have h3 := hy2 x H2
        have h4 : y = friend x := by
          have h5 := Classical.choose_spec (hf x).exists
          exact (hy2 (friend x) h5).symm
        rw [h4] at h3
        exact H h3.symm
      have h6' : 1 < x * f x := by
        change 2 < (x * f x).val + (x * f x).val at h2
        change 1 < (x * f x).val
        linarith
      have h6 : 1 / x < f x := div_lt_iff_lt_mul'.mpr h6'
      have h7 : 1 / friend x < f (friend x) := by
        have h8 : ⟨2, two_pos⟩ < (friend x) * f (friend x) + (friend x) * f (friend x) := by
          obtain ⟨y, _, hy2⟩ := hf (friend x)
          by_contra! H2
          have h3 := hy2 (friend x) H2
          have h4 : y = (friend (friend x)) := by
            have h5 := Classical.choose_spec (hf (friend x)).exists
            exact (hy2 (friend (friend x)) h5).symm
          rw [h0] at h4
          rw [h4] at h3
          exact H h3
        have h9 : 1 < friend x * f (friend x) := by
          change 2 < (friend x * f (friend x)).val + (friend x * f (friend x)).val at h8
          change 1 < (friend x * f (friend x)).val
          linarith
        exact div_lt_iff_lt_mul'.mpr h9
      have := calc ⟨2, two_pos⟩ ≤ x / friend x + friend x / x := amgm x (friend x)
                   _ = x * (1 / friend x) + friend x * (1 / x) := by
                       rw [mul_one_div, add_left_cancel_iff, mul_one_div]
                   _ < x * f (friend x) + friend x * f x := by gcongr
                   _ ≤ ⟨2, two_pos⟩ := h11 _
      exact LT.lt.false this
    have hf' : ∀ x, f x ≤ 1 / x := fun x ↦ by
      have h12 := h11 x
      rw [h1] at h12
      suffices H : x * f x ≤ 1 by exact le_div_iff_mul_le'.mpr H
      have h14 : (⟨2, two_pos⟩ : ℝ+) = ⟨2, two_pos⟩ * 1 := self_eq_mul_right.mpr rfl
      have h13 : x * f x + x * f x = ⟨2, two_pos⟩ * (x * f x) := lemma1 _
      rw [h14, h13] at h12
      exact (mul_le_mul_iff_left _).mp h12
    have hf1' : ∀ x y, x ≠ y → ⟨2, two_pos⟩ < x * f y + y * f x := fun x y hxy ↦ by
      by_contra! H
      obtain ⟨y1, _, hy2⟩ := hf x
      have h15 := hy2 (friend x) (h11 x)
      rw [← hy2 y H] at h15
      rw [← h15] at hxy
      exact hxy (h1 x).symm
    funext x
    by_contra! H
    have H' : x ≠ 1 / f x := fun hxfx ↦ by
      nth_rw 2 [hxfx] at H
      rw [one_div_one_div] at H
      exact H rfl
    have h17 := hf1' x (1 / f x) H'
    rw [div_mul_cancel] at h17
    have h19 := hf' (1 / f x)
    rw [one_div_one_div] at h19
    have h20 := calc ⟨2, two_pos⟩ < x * f (1 / f x) + 1 := h17
                 _ ≤ x * f x + 1 := by gcongr
                 _ ≤ x * (1 / x) + 1 := by have := hf' x; gcongr
                 _ = 1 + 1 := by rw [add_right_cancel_iff, mul_one_div, div_eq_one]
                 _ = ⟨2, two_pos⟩ := by apply Subtype.val_injective; norm_num
    exact LT.lt.false h20


",,True,-1,"theorem imo2022_p2 (f : ℝ+ → ℝ) :
    f ∈ solution_set ↔
    ∀ x, ∃! y, x * f y + y * f x ≤ ⟨2, two_pos⟩ := by
  constructor
  · intro hf
    simp only [Set.mem_singleton_iff] at hf
    rw [hf] at *; clear hf
    intro x
    use x
    constructor
    · suffices h : (1:ℝ) + 1 = ⟨2, two_pos⟩ by
        simp only [one_div, mul_inv_cancel]
        exact Eq.le h
      norm_num [Subtype.ext_iff]
    · intro y hxy
      change (x * (1 / y) + y * (1 / x)).val ≤ _  at hxy
      obtain ⟨x, hx⟩ := x
      obtain ⟨y, hy⟩ := y
      simp only [Positive.coe_add, Positive.val_mul, one_div, Positive.coe_inv] at hxy
      rw [Subtype.mk_eq_mk]
      have hxyp : 0 < y * x := mul_pos hy hx
      field_simp at hxy
      have h1 : (x * x + y * y) ≤ 2 * (y * x) := (div_le_iff₀ hxyp).mp hxy
      nlinarith
  · intro hf
    rw [Set.mem_singleton_iff]
    -- We follow Evan Chen's writeup: https://web.evanchen.cc/exams/IMO-2022-notes.pdf
    let friend : ℝ+ → ℝ+ := fun x ↦ Classical.choose (hf x).exists
    have h10 : ∀ x y, x * f y + y * f x ≤ ⟨2, two_pos⟩ ↔
                      y * f x + x * f y ≤ ⟨2, two_pos⟩ := by
      intro x y
      constructor <;> intro h <;> rwa [add_comm]
    have h11 : ∀ x, x * f (friend x) + friend x * f x ≤ ⟨2, two_pos⟩ :=
      fun  x ↦ Classical.choose_spec (hf x).exists

    have h0 : ∀ x, friend (friend x) = x := fun x ↦ by
      simp only [friend]
      exact lemma0 hf h10 x
    have h1 : ∀ x, friend x = x := fun x ↦ by
      by_contra! H
      have h2 : ⟨2, two_pos⟩ < x * f x + x * f x := by
        obtain ⟨y, _, hy2⟩ := hf x
        by_contra! H2
        have h3 := hy2 (friend x) H2
        have h4 : y = friend x := by
          have h5 := Classical.choose_spec (hf x).exists
          exact (hy2 (friend x) h5).symm
        rw [h4] at h3
        exact H h3.symm
      have h6' : 1 < x * f x := by
        change 2 < (x * f x).val + (x * f x).val at h2
        change 1 < (x * f x).val
        linarith
      have h6 : 1 / x < f x := div_lt_iff_lt_mul'.mpr h6'
      have h7 : 1 / friend x < f (friend x) := by
        have h8 : ⟨2, two_pos⟩ < (friend x) * f (friend x) + (friend x) * f (friend x) := by
          obtain ⟨y, _, hy2⟩ := hf (friend x)
          by_contra! H2
          have h3 := hy2 (friend x) H2
          have h4 : y = (friend (friend x)) := by
            have h5 := Classical.choose_spec (hf (friend x)).exists
            exact (hy2 (friend (friend x)) h5).symm
          rw [h0] at h4
          rw [h4] at h3
          exact H h3
        have h9 : 1 < friend x * f (friend x) := by
          change 2 < (friend x * f (friend x)).val + (friend x * f (friend x)).val at h8
          change 1 < (friend x * f (friend x)).val
          linarith
        exact div_lt_iff_lt_mul'.mpr h9
      have := calc ⟨2, two_pos⟩ ≤ x / friend x + friend x / x := amgm x (friend x)
                   _ = x * (1 / friend x) + friend x * (1","💥️unexpected end of input; expected ')', ',' or ':'

💥️failed to synthesize
  Membership (ℝ+ → ℝ) (Set (ℝ+ → ℝ+))
Additional diagnostic information may be available using the `set_option diagnostics true` command.

💥️invalid constructor ⟨...⟩, expected type must be an inductive type 
  Quot ⇑CauSeq.equiv

💥️tactic 'rewrite' failed, did not find instance of the pattern in the target expression
  ?m.12366 ∈ {?m.12367}
case mpr
f : ℝ+ → ℝ
hf : ∀ (x : ℝ+), ∃! y, ↑x * f y + ↑y * f x ≤ { cauchy := sorry }
⊢ sorry",False,10,Compfiles.Imo2022P2,Llama-8B,LENGTH,best_of_n,False,0,-1,Imo2022P2.imo2022_p2,False
-1,False,106,"problem imo2022_p2 (f : ℝ+ → ℝ+) :
    f ∈ solution_set ↔
    ∀ x, ∃! y, x * f y + y * f x ≤ ⟨2, two_pos⟩ := by
  constructor
  · intro hf
    simp only [Set.mem_singleton_iff] at hf
    rw [hf] at *; clear hf
    intro x
    use x
    constructor
    · suffices h : (1:ℝ+) + 1 = ⟨2, two_pos⟩ by
        simp only [one_div, mul_inv_cancel]
        exact Eq.le h
      norm_num [Subtype.ext_iff]
    · intro y hxy
      change (x * (1 / y) + y * (1 / x)).val ≤ _  at hxy
      obtain ⟨x, hx⟩ := x
      obtain ⟨y, hy⟩ := y
      simp only [Positive.coe_add, Positive.val_mul, one_div, Positive.coe_inv] at hxy
      rw [Subtype.mk_eq_mk]
      have hxyp : 0 < y * x := mul_pos hy hx
      field_simp at hxy
      have h1 : (x * x + y * y) ≤ 2 * (y * x) := (div_le_iff₀ hxyp).mp hxy
      nlinarith
  · intro hf
    rw [Set.mem_singleton_iff]
    -- We follow Evan Chen's writeup: https://web.evanchen.cc/exams/IMO-2022-notes.pdf
    let friend : ℝ+ → ℝ+ := fun x ↦ Classical.choose (hf x).exists
    have h10 : ∀ x y, x * f y + y * f x ≤ ⟨2, two_pos⟩ ↔
                      y * f x + x * f y ≤ ⟨2, two_pos⟩ := by
      intro x y
      constructor <;> intro h <;> rwa [add_comm]
    have h11 : ∀ x, x * f (friend x) + friend x * f x ≤ ⟨2, two_pos⟩ :=
      fun  x ↦ Classical.choose_spec (hf x).exists

    have h0 : ∀ x, friend (friend x) = x := fun x ↦ by
      simp only [friend]
      exact lemma0 hf h10 x
    have h1 : ∀ x, friend x = x := fun x ↦ by
      by_contra! H
      have h2 : ⟨2, two_pos⟩ < x * f x + x * f x := by
        obtain ⟨y, _, hy2⟩ := hf x
        by_contra! H2
        have h3 := hy2 x H2
        have h4 : y = friend x := by
          have h5 := Classical.choose_spec (hf x).exists
          exact (hy2 (friend x) h5).symm
        rw [h4] at h3
        exact H h3.symm
      have h6' : 1 < x * f x := by
        change 2 < (x * f x).val + (x * f x).val at h2
        change 1 < (x * f x).val
        linarith
      have h6 : 1 / x < f x := div_lt_iff_lt_mul'.mpr h6'
      have h7 : 1 / friend x < f (friend x) := by
        have h8 : ⟨2, two_pos⟩ < (friend x) * f (friend x) + (friend x) * f (friend x) := by
          obtain ⟨y, _, hy2⟩ := hf (friend x)
          by_contra! H2
          have h3 := hy2 (friend x) H2
          have h4 : y = (friend (friend x)) := by
            have h5 := Classical.choose_spec (hf (friend x)).exists
            exact (hy2 (friend (friend x)) h5).symm
          rw [h0] at h4
          rw [h4] at h3
          exact H h3
        have h9 : 1 < friend x * f (friend x) := by
          change 2 < (friend x * f (friend x)).val + (friend x * f (friend x)).val at h8
          change 1 < (friend x * f (friend x)).val
          linarith
        exact div_lt_iff_lt_mul'.mpr h9
      have := calc ⟨2, two_pos⟩ ≤ x / friend x + friend x / x := amgm x (friend x)
                   _ = x * (1 / friend x) + friend x * (1 / x) := by
                       rw [mul_one_div, add_left_cancel_iff, mul_one_div]
                   _ < x * f (friend x) + friend x * f x := by gcongr
                   _ ≤ ⟨2, two_pos⟩ := h11 _
      exact LT.lt.false this
    have hf' : ∀ x, f x ≤ 1 / x := fun x ↦ by
      have h12 := h11 x
      rw [h1] at h12
      suffices H : x * f x ≤ 1 by exact le_div_iff_mul_le'.mpr H
      have h14 : (⟨2, two_pos⟩ : ℝ+) = ⟨2, two_pos⟩ * 1 := self_eq_mul_right.mpr rfl
      have h13 : x * f x + x * f x = ⟨2, two_pos⟩ * (x * f x) := lemma1 _
      rw [h14, h13] at h12
      exact (mul_le_mul_iff_left _).mp h12
    have hf1' : ∀ x y, x ≠ y → ⟨2, two_pos⟩ < x * f y + y * f x := fun x y hxy ↦ by
      by_contra! H
      obtain ⟨y1, _, hy2⟩ := hf x
      have h15 := hy2 (friend x) (h11 x)
      rw [← hy2 y H] at h15
      rw [← h15] at hxy
      exact hxy (h1 x).symm
    funext x
    by_contra! H
    have H' : x ≠ 1 / f x := fun hxfx ↦ by
      nth_rw 2 [hxfx] at H
      rw [one_div_one_div] at H
      exact H rfl
    have h17 := hf1' x (1 / f x) H'
    rw [div_mul_cancel] at h17
    have h19 := hf' (1 / f x)
    rw [one_div_one_div] at h19
    have h20 := calc ⟨2, two_pos⟩ < x * f (1 / f x) + 1 := h17
                 _ ≤ x * f x + 1 := by gcongr
                 _ ≤ x * (1 / x) + 1 := by have := hf' x; gcongr
                 _ = 1 + 1 := by rw [add_right_cancel_iff, mul_one_div, div_eq_one]
                 _ = ⟨2, two_pos⟩ := by apply Subtype.val_injective; norm_num
    exact LT.lt.false h20


",,True,-1,"theorem imo2022_p2 (f : ℝ+ → ℝ) : f ∈ solution_set ↔
    ∀ x, ∃! y, x * f y + y * f x ≤ ⟨2, two_pos⟩ := by
  refine ⟨fun hf ↦ ?_, fun hf ↦ ?_⟩
  · simp only [Set.mem_singleton_iff] at hf
    rw [hf] at *; clear hf
    intro x
    use x
    constructor
    · suffices h : (1:ℝ) + 1 = ⟨2, two_pos⟩ by
        simp only [one_div, mul_inv_cancel]
        exact Eq.le h
      norm_num [Subtype.ext_iff]
    · intro y hxy
      change (x * (1 / y) + y * (1 / x)).val ≤ _  at hxy
      obtain ⟨x, hx⟩ := x
      obtain ⟨y, hy⟩ := y
      simp only [Positive.coe_add, Positive.val_mul, one_div, Positive.coe_inv] at hxy
      rw [Subtype.mk_eq_mk]
      have hxyp : 0 < y * x := mul_pos hy hx
      field_simp at hxy
      have h1 : (x * x + y * y) ≤ 2 * (y * x) := (div_le_iff₀ hxyp).mp hxy
      nlinarith
  · rw [Set.mem_singleton_iff]
    -- We follow Evan Chen's writeup: https://web.evanchen.cc/exams/IMO-2022-notes.pdf
    let friend : ℝ+ → ℝ+ := fun x ↦ Classical.choose (hf x).exists
    have h10 : ∀ x y, x * f y + y * f x ≤ ⟨2, two_pos⟩ ↔
                      y * f x + x * f y ≤ ⟨2, two_pos⟩ := by
      intro x y
      constructor <;> intro h <;> rwa [add_comm]
    have h11 : ∀ x, x * f (friend x) + friend x * f x ≤ ⟨2, two_pos⟩ :=
      fun x ↦ Classical.choose_spec (hf x).exists

    have h0 : ∀ x, friend (friend x) = x := fun x ↦ by
      simp only [friend]
      exact lemma0 hf h10 x
    have h1 : ∀ x, friend x = x := fun x ↦ by
      by_contra! H
      have h2 : ⟨2, two_pos⟩ < x * f x + x * f x := by
        obtain ⟨y, _, hy2⟩ := hf x
        by_contra! H2
        have h3 := hy2 x H2
        have h4 : y = friend x := by
          have h5 := Classical.choose_spec (hf x).exists
          exact (hy2 (friend x) h5).symm
        rw [h4] at h3
        exact H h3.symm
      have h6' : 1 < x * f x := by
        change 2 < (x * f x).val + (x * f x).val at h2
        change 1 < (x * f x).val
        linarith
      have h6 : 1 / x < f x := div_lt_iff_lt_mul'.mpr h6'
      have h7 : 1 / friend x < f (friend x) := by
        have h8 : ⟨2, two_pos⟩ < (friend x) * f (friend x) + (friend x) * f (friend x) := by
          obtain ⟨y, _, hy2⟩ := hf (friend x)
          by_contra! H2
          have h3 := hy2 (friend x) H2
          have h4 : y = (friend (friend x)) := by
            have h5 := Classical.choose_spec (hf (friend x)).exists
            exact (hy2 (friend (friend x)) h5).symm
          rw [h0] at h4
          rw [h4] at h3
          exact H h3
        have h9 : 1 < friend x * f (friend x) := by
          change 2 < (friend x * f (friend x)).val + (friend x * f (friend x)).val at h8
          change 1 < (friend x * f (friend x)).val
          linarith
        exact div_lt_iff_lt_mul'.mpr h9
      have := calc ⟨2, two_pos⟩ ≤ x / friend x + friend x / x := amgm x (friend x)
                   _ = x * (1 / friend x) + friend x * (","💥️unexpected end of input; expected ')', '↑', '↥' or '⇑'

💥️failed to synthesize
  Membership (ℝ+ → ℝ) (Set (ℝ+ → ℝ+))
Additional diagnostic information may be available using the `set_option diagnostics true` command.

💥️invalid constructor ⟨...⟩, expected type must be an inductive type 
  Quot ⇑CauSeq.equiv

💥️tactic 'rewrite' failed, did not find instance of the pattern in the target expression
  ?m.12373 ∈ {?m.12374}
case refine_2
f : ℝ+ → ℝ
hf : ∀ (x : ℝ+), ∃! y, ↑x * f y + ↑y * f x ≤ { cauchy := sorry }
⊢ sorry",False,10,Compfiles.Imo2022P2,Llama-8B,LENGTH,best_of_n,False,0,-1,Imo2022P2.imo2022_p2,False
-1,False,106,"problem imo2022_p2 (f : ℝ+ → ℝ+) :
    f ∈ solution_set ↔
    ∀ x, ∃! y, x * f y + y * f x ≤ ⟨2, two_pos⟩ := by
  constructor
  · intro hf
    simp only [Set.mem_singleton_iff] at hf
    rw [hf] at *; clear hf
    intro x
    use x
    constructor
    · suffices h : (1:ℝ+) + 1 = ⟨2, two_pos⟩ by
        simp only [one_div, mul_inv_cancel]
        exact Eq.le h
      norm_num [Subtype.ext_iff]
    · intro y hxy
      change (x * (1 / y) + y * (1 / x)).val ≤ _  at hxy
      obtain ⟨x, hx⟩ := x
      obtain ⟨y, hy⟩ := y
      simp only [Positive.coe_add, Positive.val_mul, one_div, Positive.coe_inv] at hxy
      rw [Subtype.mk_eq_mk]
      have hxyp : 0 < y * x := mul_pos hy hx
      field_simp at hxy
      have h1 : (x * x + y * y) ≤ 2 * (y * x) := (div_le_iff₀ hxyp).mp hxy
      nlinarith
  · intro hf
    rw [Set.mem_singleton_iff]
    -- We follow Evan Chen's writeup: https://web.evanchen.cc/exams/IMO-2022-notes.pdf
    let friend : ℝ+ → ℝ+ := fun x ↦ Classical.choose (hf x).exists
    have h10 : ∀ x y, x * f y + y * f x ≤ ⟨2, two_pos⟩ ↔
                      y * f x + x * f y ≤ ⟨2, two_pos⟩ := by
      intro x y
      constructor <;> intro h <;> rwa [add_comm]
    have h11 : ∀ x, x * f (friend x) + friend x * f x ≤ ⟨2, two_pos⟩ :=
      fun  x ↦ Classical.choose_spec (hf x).exists

    have h0 : ∀ x, friend (friend x) = x := fun x ↦ by
      simp only [friend]
      exact lemma0 hf h10 x
    have h1 : ∀ x, friend x = x := fun x ↦ by
      by_contra! H
      have h2 : ⟨2, two_pos⟩ < x * f x + x * f x := by
        obtain ⟨y, _, hy2⟩ := hf x
        by_contra! H2
        have h3 := hy2 x H2
        have h4 : y = friend x := by
          have h5 := Classical.choose_spec (hf x).exists
          exact (hy2 (friend x) h5).symm
        rw [h4] at h3
        exact H h3.symm
      have h6' : 1 < x * f x := by
        change 2 < (x * f x).val + (x * f x).val at h2
        change 1 < (x * f x).val
        linarith
      have h6 : 1 / x < f x := div_lt_iff_lt_mul'.mpr h6'
      have h7 : 1 / friend x < f (friend x) := by
        have h8 : ⟨2, two_pos⟩ < (friend x) * f (friend x) + (friend x) * f (friend x) := by
          obtain ⟨y, _, hy2⟩ := hf (friend x)
          by_contra! H2
          have h3 := hy2 (friend x) H2
          have h4 : y = (friend (friend x)) := by
            have h5 := Classical.choose_spec (hf (friend x)).exists
            exact (hy2 (friend (friend x)) h5).symm
          rw [h0] at h4
          rw [h4] at h3
          exact H h3
        have h9 : 1 < friend x * f (friend x) := by
          change 2 < (friend x * f (friend x)).val + (friend x * f (friend x)).val at h8
          change 1 < (friend x * f (friend x)).val
          linarith
        exact div_lt_iff_lt_mul'.mpr h9
      have := calc ⟨2, two_pos⟩ ≤ x / friend x + friend x / x := amgm x (friend x)
                   _ = x * (1 / friend x) + friend x * (1 / x) := by
                       rw [mul_one_div, add_left_cancel_iff, mul_one_div]
                   _ < x * f (friend x) + friend x * f x := by gcongr
                   _ ≤ ⟨2, two_pos⟩ := h11 _
      exact LT.lt.false this
    have hf' : ∀ x, f x ≤ 1 / x := fun x ↦ by
      have h12 := h11 x
      rw [h1] at h12
      suffices H : x * f x ≤ 1 by exact le_div_iff_mul_le'.mpr H
      have h14 : (⟨2, two_pos⟩ : ℝ+) = ⟨2, two_pos⟩ * 1 := self_eq_mul_right.mpr rfl
      have h13 : x * f x + x * f x = ⟨2, two_pos⟩ * (x * f x) := lemma1 _
      rw [h14, h13] at h12
      exact (mul_le_mul_iff_left _).mp h12
    have hf1' : ∀ x y, x ≠ y → ⟨2, two_pos⟩ < x * f y + y * f x := fun x y hxy ↦ by
      by_contra! H
      obtain ⟨y1, _, hy2⟩ := hf x
      have h15 := hy2 (friend x) (h11 x)
      rw [← hy2 y H] at h15
      rw [← h15] at hxy
      exact hxy (h1 x).symm
    funext x
    by_contra! H
    have H' : x ≠ 1 / f x := fun hxfx ↦ by
      nth_rw 2 [hxfx] at H
      rw [one_div_one_div] at H
      exact H rfl
    have h17 := hf1' x (1 / f x) H'
    rw [div_mul_cancel] at h17
    have h19 := hf' (1 / f x)
    rw [one_div_one_div] at h19
    have h20 := calc ⟨2, two_pos⟩ < x * f (1 / f x) + 1 := h17
                 _ ≤ x * f x + 1 := by gcongr
                 _ ≤ x * (1 / x) + 1 := by have := hf' x; gcongr
                 _ = 1 + 1 := by rw [add_right_cancel_iff, mul_one_div, div_eq_one]
                 _ = ⟨2, two_pos⟩ := by apply Subtype.val_injective; norm_num
    exact LT.lt.false h20


",,True,-1,"theorem imo2022_p2 (f : ℝ+ → ℝ) :
    f ∈ solution_set ↔
    ∀ x, ∃! y, x * f y + y * f x ≤ ⟨2, two_pos⟩ := by
  constructor
  · intro hf
    simp only [Set.mem_singleton_iff] at hf
    rw [hf] at *; clear hf
    intro x
    use x
    constructor
    · suffices h : (1:ℝ) + 1 = ⟨2, two_pos⟩ by
        simp only [one_div, mul_inv_cancel]
        exact Eq.le h
      norm_num [Subtype.ext_iff]
    · intro y hxy
      change (x * (1 / y) + y * (1 / x)).val ≤ _  at hxy
      obtain ⟨x, hx⟩ := x
      obtain ⟨y, hy⟩ := y
      simp only [Positive.coe_add, Positive.val_mul, one_div, Positive.coe_inv] at hxy
      rw [Subtype.mk_eq_mk]
      have hxyp : 0 < y * x := mul_pos hy hx
      field_simp at hxy
      have h1 : (x * x + y * y) ≤ 2 * (y * x) := (div_le_iff₀ hxyp).mp hxy
      nlinarith
  · intro hf
    rw [Set.mem_singleton_iff]
    -- We follow Evan Chen's writeup: https://web.evanchen.cc/exams/IMO-2022-notes.pdf
    let friend : ℝ+ → ℝ := fun x ↦ Classical.choose (hf x).exists
    have h10 : ∀ x y, x * f y + y * f x ≤ ⟨2, two_pos⟩ ↔
                      y * f x + x * f y ≤ ⟨2, two_pos⟩ := by
      intro x y
      constructor <;> intro h <;> rwa [add_comm]
    have h11 : ∀ x, x * f (friend x) + friend x * f x ≤ ⟨2, two_pos⟩ :=
      fun x ↦ Classical.choose_spec (hf x).exists
    have h0 : ∀ x, friend (friend x) = x := fun x ↦ by
      simp only [friend]
      exact lemma0 hf h10 x
    have h1 : ∀ x, friend x = x := fun x ↦ by
      by_contra! H
      have h2 : ⟨2, two_pos⟩ < x * f x + x * f x := by
        obtain ⟨y, _, hy2⟩ := hf x
        by_contra! H2
        have h3 := hy2 (friend x) H2
        have h4 : y = friend x := by
          have h5 := Classical.choose_spec (hf x).exists
          exact (hy2 (friend x) h5).symm
        rw [h4] at h3
        exact H h3.symm
      have h6' : 1 < x * f x := by
        change 2 < (x * f x).val + (x * f x).val at h2
        change 1 < (x * f x).val
        linarith
      have h6 : 1 / x < f x := div_lt_iff_lt_mul'.mpr h6'
      have h7 : 1 / friend x < f (friend x) := by
        have h8 : ⟨2, two_pos⟩ < (friend x) * f (friend x) + (friend x) * f (friend x) := by
          obtain ⟨y, _, hy2⟩ := hf (friend x)
          by_contra! H2
          have h3 := hy2 (friend x) H2
          have h4 : y = (friend (friend x)) := by
            have h5 := Classical.choose_spec (hf (friend x)).exists
            exact (hy2 (friend (friend x)) h5).symm
          rw [h0] at h4
          rw [h4] at h3
          exact H h3
        have h9 : 1 < friend x * f (friend x) := by
          change 2 < (friend x * f (friend x)).val + (friend x * f (friend x)).val at h8
          change 1 < (friend x * f (friend x)).val
          linarith
        exact div_lt_iff_lt_mul'.mpr h9
      have := calc ⟨2, two_pos⟩ ≤ x / friend x + friend x / x := amgm x (friend x)
                   _ = x * (1 / friend x) + friend x * (1 / x","💥️unexpected end of input; expected ')', ',' or ':'

💥️failed to synthesize
  Membership (ℝ+ → ℝ) (Set (ℝ+ → ℝ+))
Additional diagnostic information may be available using the `set_option diagnostics true` command.

💥️invalid constructor ⟨...⟩, expected type must be an inductive type 
  Quot ⇑CauSeq.equiv

💥️tactic 'rewrite' failed, did not find instance of the pattern in the target expression
  ?m.12366 ∈ {?m.12367}
case mpr
f : ℝ+ → ℝ
hf : ∀ (x : ℝ+), ∃! y, ↑x * f y + ↑y * f x ≤ { cauchy := sorry }
⊢ sorry",False,10,Compfiles.Imo2022P2,Llama-8B,LENGTH,best_of_n,False,0,-1,Imo2022P2.imo2022_p2,False
-1,False,5,"lemma am_gm (a b : ℝ) (ha : 0 ≤ a) (hb : 0 ≤ b) :
    2 * (a * b) ^ ((1 : ℝ) / 2) ≤ a + b   := by
  have hw : (0 : ℝ) ≤ 1/2 := by norm_num
  rw [Real.mul_rpow ha hb]
  linarith [Real.geom_mean_le_arith_mean2_weighted hw hw ha hb (by norm_num)]

",,True,-1,"lemma am_gm (a b : ℝ) (ha : 0 ≤ a) (hb : 0 ≤ b) :
    2 * (a * b) ^ ((1 : ℝ) / 2) ≤ a + b   := by
  rw [Real.mul_rpow ha hb]
  linarith [Real.geom_mean_le_arith_mean2_weighted (by norm_num) (by norm_num)]
","💥️unsolved goals
a b : ℝ
ha : 0 ≤ a
hb : 0 ≤ b
⊢ 0 ≤ ?m.413

💥️unsolved goals
a b : ℝ
ha : 0 ≤ a
hb : 0 ≤ b
⊢ 0 ≤ ?m.414

💥️unsolved goals
a b : ℝ
ha : 0 ≤ a
hb : 0 ≤ b
⊢ 2 * (a ^ (1 / 2) * b ^ (1 / 2)) ≤ a + b",False,10,Compfiles.Usa2018P1,Llama-8B,LENGTH,best_of_n,False,0,-1,Usa2018P1.am_gm,False
-1,False,5,"lemma am_gm (a b : ℝ) (ha : 0 ≤ a) (hb : 0 ≤ b) :
    2 * (a * b) ^ ((1 : ℝ) / 2) ≤ a + b   := by
  have hw : (0 : ℝ) ≤ 1/2 := by norm_num
  rw [Real.mul_rpow ha hb]
  linarith [Real.geom_mean_le_arith_mean2_weighted hw hw ha hb (by norm_num)]

",,True,-1,"lemma am_gm (a b : ℝ) (ha : 0 ≤ a) (hb : 0 ≤ b) :
    2 * (a * b) ^ ((1 : ℝ) / 2) ≤ a + b   := by
  rw [Real.mul_rpow ha hb]
  linarith [Real.geom_mean_le_arith_mean2_weighted (norm_num.le_of_lt1) ha hb (by norm_num)]


","💥️invalid field 'le_of_lt1', the environment does not contain 'Lean.ParserDescr.le_of_lt1'
  norm_num
has type
  Lean.ParserDescr",False,10,Compfiles.Usa2018P1,Llama-8B,LENGTH,best_of_n,False,0,-1,Usa2018P1.am_gm,False
-1,False,5,"lemma am_gm (a b : ℝ) (ha : 0 ≤ a) (hb : 0 ≤ b) :
    2 * (a * b) ^ ((1 : ℝ) / 2) ≤ a + b   := by
  have hw : (0 : ℝ) ≤ 1/2 := by norm_num
  rw [Real.mul_rpow ha hb]
  linarith [Real.geom_mean_le_arith_mean2_weighted hw hw ha hb (by norm_num)]

",,True,-1,"lemma am_gm (a b : ℝ) (ha : 0 ≤ a) (hb : 0 ≤ b) :
    2 * (a * b) ^ ((1 : ℝ) / 2) ≤ a + b :=
  mul_rpow (hw : (0 : ℝ) ≤ 1/2) ha hb
",💥️unknown identifier 'mul_rpow',False,10,Compfiles.Usa2018P1,Llama-8B,LENGTH,best_of_n,False,0,-1,Usa2018P1.am_gm,False
-1,False,5,"lemma am_gm (a b : ℝ) (ha : 0 ≤ a) (hb : 0 ≤ b) :
    2 * (a * b) ^ ((1 : ℝ) / 2) ≤ a + b   := by
  have hw : (0 : ℝ) ≤ 1/2 := by norm_num
  rw [Real.mul_rpow ha hb]
  linarith [Real.geom_mean_le_arith_mean2_weighted hw hw ha hb (by norm_num)]

",,True,-1,"lemma am_gm (a b : ℝ) (ha : 0 ≤ a) (hb : 0 ≤ b) :
    2 * (a * b) ^ ((1 : ℝ) / 2) ≤ a + b :=
  mul_rpow_of_nonneg_right_ite_le _ _
    (by norm_num) ha hb
",💥️unknown identifier 'mul_rpow_of_nonneg_right_ite_le',False,10,Compfiles.Usa2018P1,Llama-8B,LENGTH,best_of_n,False,0,-1,Usa2018P1.am_gm,False
-1,False,5,"lemma am_gm (a b : ℝ) (ha : 0 ≤ a) (hb : 0 ≤ b) :
    2 * (a * b) ^ ((1 : ℝ) / 2) ≤ a + b   := by
  have hw : (0 : ℝ) ≤ 1/2 := by norm_num
  rw [Real.mul_rpow ha hb]
  linarith [Real.geom_mean_le_arith_mean2_weighted hw hw ha hb (by norm_num)]

",,True,-1,"lemma am_gm (a b : ℝ) (ha : 0 ≤ a) (hb : 0 ≤ b) :
    2 * (a * b) ^ ((1 : ℝ) / 2) ≤ a + b   := by
  rw [Real.mul_rpow ha hb]
  linarith [Real.geom_mean_le_arith_mean2_weighted (Nat.cast_pos.mpr mult_pos).le (Nat.cast_pos.mpr mult_pos)) ha hb]
",💥️unexpected token ')'; expected ']',False,10,Compfiles.Usa2018P1,Llama-8B,LENGTH,best_of_n,False,0,-1,Usa2018P1.am_gm,False
-1,False,5,"lemma am_gm (a b : ℝ) (ha : 0 ≤ a) (hb : 0 ≤ b) :
    2 * (a * b) ^ ((1 : ℝ) / 2) ≤ a + b   := by
  have hw : (0 : ℝ) ≤ 1/2 := by norm_num
  rw [Real.mul_rpow ha hb]
  linarith [Real.geom_mean_le_arith_mean2_weighted hw hw ha hb (by norm_num)]

",,True,-1,"lemma am_gm (a b : ℝ) (ha : 0 ≤ a) (hb : 0 ≤ b) :
    2 * (a * b) ^ ((1 : ℝ) / 2) ≤ a + buct fun p hp ↦ ?_ by simpa
  by_cases h : 0 ≤ p
  · simpa [h] using hp
  · simpa [h] using hp + 0


","💥️unexpected token 'by'; expected ':=', 'where' or '|'

💥️function expected at
  buct
term has type
  ?m.233",False,10,Compfiles.Usa2018P1,Llama-8B,LENGTH,best_of_n,False,0,-1,Usa2018P1.am_gm,False
-1,False,5,"lemma am_gm (a b : ℝ) (ha : 0 ≤ a) (hb : 0 ≤ b) :
    2 * (a * b) ^ ((1 : ℝ) / 2) ≤ a + b   := by
  have hw : (0 : ℝ) ≤ 1/2 := by norm_num
  rw [Real.mul_rpow ha hb]
  linarith [Real.geom_mean_le_arith_mean2_weighted hw hw ha hb (by norm_num)]

",,True,-1,"lemma am_gm (a b : ℝ) (ha : 0 ≤ a) (hb : 0 ≤ b) :
    2 * (a * b) ^ ((1 : ℝ) / 2) ≤ a + b   := by
  rw [Real.mul_rpow ha hb]
  linarith [Real.geom_mean_le_arith_mean2_weighted (by norm_num) (by norm_num) ha hb]
","💥️unsolved goals
a b : ℝ
ha : 0 ≤ a
hb : 0 ≤ b
⊢ 0 ≤ ?m.413

💥️unsolved goals
a b : ℝ
ha : 0 ≤ a
hb : 0 ≤ b
⊢ 0 ≤ ?m.414

💥️unsolved goals
a b : ℝ
ha : 0 ≤ a
hb : 0 ≤ b
⊢ 2 * (a ^ (1 / 2) * b ^ (1 / 2)) ≤ a + b",False,10,Compfiles.Usa2018P1,Llama-8B,LENGTH,best_of_n,False,0,-1,Usa2018P1.am_gm,False
-1,False,5,"lemma am_gm (a b : ℝ) (ha : 0 ≤ a) (hb : 0 ≤ b) :
    2 * (a * b) ^ ((1 : ℝ) / 2) ≤ a + b   := by
  have hw : (0 : ℝ) ≤ 1/2 := by norm_num
  rw [Real.mul_rpow ha hb]
  linarith [Real.geom_mean_le_arith_mean2_weighted hw hw ha hb (by norm_num)]

",,True,-1,"lemma am_gm (a b : ℝ) (ha : 0 ≤ a) (hb : 0 ≤ b) :
    2 * (a * b) ^ ((1 : ℝ) / 2) ≤ a + b   := by
  rw [Real.mul_rpow ha hb]
  linarith [Real.geom_mean_le_arith_mean2_weighted (norm_pos_of_le_of_le ha hb)
    (le_add_of_le_right)]
",💥️unknown identifier 'norm_pos_of_le_of_le',False,10,Compfiles.Usa2018P1,Llama-8B,LENGTH,best_of_n,False,0,-1,Usa2018P1.am_gm,False
-1,False,5,"lemma am_gm (a b : ℝ) (ha : 0 ≤ a) (hb : 0 ≤ b) :
    2 * (a * b) ^ ((1 : ℝ) / 2) ≤ a + b   := by
  have hw : (0 : ℝ) ≤ 1/2 := by norm_num
  rw [Real.mul_rpow ha hb]
  linarith [Real.geom_mean_le_arith_mean2_weighted hw hw ha hb (by norm_num)]

",,True,-1,"lemma am_gm (a b : ℝ) (ha : 0 ≤ a) (hb : 0 ≤ b) :
    2 * (a * b) ^ ((1 : ℝ) / 2) ≤ a + b :=
  Real.mul_rpow ha hb ▸ Real.geom_mean_le_arith_mean2_weighted One_le_left_one_le (by norm_num) ha hb
","💥️unknown identifier 'One_le_left_one_le'

💥️unsolved goals
a b : ℝ
ha : 0 ≤ a
hb : 0 ≤ b
⊢ 0 ≤ ?m.411",False,10,Compfiles.Usa2018P1,Llama-8B,LENGTH,best_of_n,False,0,-1,Usa2018P1.am_gm,False
-1,False,5,"lemma am_gm (a b : ℝ) (ha : 0 ≤ a) (hb : 0 ≤ b) :
    2 * (a * b) ^ ((1 : ℝ) / 2) ≤ a + b   := by
  have hw : (0 : ℝ) ≤ 1/2 := by norm_num
  rw [Real.mul_rpow ha hb]
  linarith [Real.geom_mean_le_arith_mean2_weighted hw hw ha hb (by norm_num)]

",,True,-1,"lemma am_gm (a b : ℝ) (ha : 0 ≤ a) (hb : 0 ≤ b) :
    2 * (a * b) ^ ((1 : ℝ) / 2) ≤ a + b   := by
  rw [Real.mul_rpow ha hb]
  linarith [Real.geom_mean_le_arith_mean2_weighted (norm_num) (norm_num) ha hb]
","💥️application type mismatch
  Real.geom_mean_le_arith_mean2_weighted norm_num
argument
  norm_num
has type
  Lean.ParserDescr : Type
but is expected to have type
  0 ≤ ?m.413 : Prop",False,10,Compfiles.Usa2018P1,Llama-8B,LENGTH,best_of_n,False,0,-1,Usa2018P1.am_gm,False
-1,False,64,"problem usa2018_p1 (a b c : ℝ) :
    a > 0 → b > 0 → c > 0 → a + b + c = 4 * (a * b * c) ^ ((1 : ℝ) / 3) →
    2 * (a * b + b * c + c * a) +
     4 * (min (min (a * a) (b * b)) (c * c)) ≥ a^2 + b^2 + c^2 := by
  -- solution 1 from
  -- https://artofproblemsolving.com/wiki/index.php/2018_USAMO_Problems/Problem_1
  intro ha hb hc heq
  wlog h1 : a ≤ b with H1
  · move_add [←(b^2)]
    convert (H1 b a c hb ha hc ?_ ?_) using 3
    · ring_nf
    · rw [min_comm (a*a)]
    · linear_combination (norm := (ring_nf)) 1 * heq
    · exact le_of_lt (not_le.mp h1)
  · wlog h2 : a ≤ c with H2
    · move_add [←(c^2)]; move_add [(a^2)]
      convert (H2 c b a hc hb ha ?_ ?_ ?_) using 3
      · ring_nf
      · rw [min_comm, min_assoc, min_comm (a*a)]
      · linear_combination (norm := (ring_nf)) 1 * heq
      · linarith
      · linarith
    · wlog h3 : b ≤ c with H3
      · move_add [(b^2)]
        convert (H3 a c b ha hc hb ?_ h2 h1 ?_) using 3
        · linarith
        · rw [min_comm, ←min_assoc, min_comm (a*a)]
        · linear_combination (norm := (field_simp; ring_nf)) 1 * heq
        · linarith
      · have aabb : a * a ≤ b * b := mul_self_le_mul_self (le_of_lt ha) h1
        have aacc : a * a ≤ c * c := mul_self_le_mul_self (le_of_lt ha) h2
        simp only [aabb, aacc, min_eq_left]
        apply le_of_add_le_add_right (a := 2 * (a * b + b * c + c * a))
        convert_to (a + b + c) ^ 2 ≤ 4 * (a * (a + b + c) + b * c)
        · ring_nf
        · ring_nf
        rw [heq]
        have amgm := am_gm (a * ((4 : ℝ) * (a * b * c) ^ ((1 : ℝ) / 3))) (b * c)
                           (by positivity) (by positivity)
        rw [←(mul_le_mul_left (by norm_num : 0 < (4 : ℝ)))] at amgm
        convert amgm
        ring_nf
        nth_rw 2 [(by simp : a * b * c = (a * b * c) ^ (1 : ℕ))]
        rw [←Real.rpow_two, ←Real.rpow_mul (by positivity)]
        rw [mul_comm ((a * b * c) ^ (1 : ℕ)), ←Real.rpow_add_natCast (by positivity)]
        norm_num
        nth_rw 2 [Real.mul_rpow (by positivity) (by positivity)]
        rw [←Real.rpow_mul (by positivity)]
        norm_num
        rw [(mul_assoc _ _ 8)]
        simp only [mul_eq_mul_left_iff]
        left
        rw [←Real.sqrt_eq_rpow]
        rw [(by norm_num : (4 : ℝ) = (2 : ℝ) * (2 : ℝ))]
        rw [Real.sqrt_mul_self zero_le_two]
        norm_num


",,True,-1,"theorem VECTOR微佛644 (a b c : ℝ) ^
    (a > 0 → b > 0 → c > 0) → a + b + c = 4 * (a * b * c) ^ ((1 : ℝ) / 3) →
    2 * (a * b + b * c + c * a) +
      4 * (min (min (a * a) (b * b)) (c * c)) ≥ a^2 + b^2 + c^2 := by
  -- solution 1 from
  -- https://artofproblemsolving.com/wiki/index.php/2018_USAMO_Problems/Problem_1
  intro ha hb hc heq
  wlog h1 : a ≤ b with H1
  · move_add [←(b^2)]
    convert (H1 b a c hb ha hc ?_ ?_) using 3
    · ring_nf
    · rw [min_comm (a*a)]
    · linear_combination (norm := (ring_nf)) 1 * heq
    · exact le_of_lt (not_le.mp h1)
  · wlog h2 : a ≤ c with H2
    · move_add [←(c^2)]; move_add [(a^2)]
      convert (H2 c b a hc hb ha ?_ ?_ ?_) using 3
      · ring_nf
      · rw [min_comm, min_assoc, min_comm (a*a)]
      · linear_combination (norm := (ring_nf)) 1 * heq
      · linarith
      · linarith
    · wlog h3 : b ≤ c with H3
      · move_add [(b^2)]
        convert (H3 a c b ha hc hb ?_ h2 h1 ?_) using 3
        · linarith
        · rw [min_comm, ←min_assoc, min_comm (a*a)]
        · linear_combination (norm := (field_simp; ring_nf)) 1 * heq
        · linarith
      · have aabb : a * a ≤ b * b := mul_self_le_mul_self (le_of_lt ha) h1
        have aacc : a * a ≤ c * c := mul_self_le_mul_self (le_of_lt ha) h2
        simp only [aabb, aacc, min_eq_left]
        apply le_of_add_le_add_right (a := 2 * (a * b + b * c + c * a))
        convert_to (a + b + c) ^ 2 ≤ 4 * (a * (a + b + c) + b * c)
        · ring_nf
        · ring_nf
        rw [heq]
        have amgm := am_gm (a * ((4 : ℝ) * (a * b * c) ^ ((1 : ℝ) / 3))) (b * c)
                           (by positivity) (by positivity)
        rw [←(mul_le_mul_left (by norm_num : 0 < (4 : ℝ)))] at amgm
        convert amgm
        ring_nf
        nth_rw 2 [(by simp : a * b * c = (a * b * c) ^ (1 : ℕ))]
        rw [←Real.rpow_two, ←Real.rpow_mul (by positivity)]
        rw [mul_comm ((a * b * c) ^ (1 : ℕ)), ←Real.rpow_add_natCast (by positivity)]
        norm_num
        nth_rw 2 [Real.mul_rpow (by positivity) (by positivity)]
        rw [←Real.rpow_mul (by positivity)]
        norm_num
        rw [(mul_assoc _ _ 8)]
        simp only [mul_eq_mul_left_iff]
        left
        rw [←Real.sqrt_eq_rpow]
        rw [(by norm_num : (4 : ℝ) = (2 : ℝ) * (2 : ℝ))]
        rw [Real.sqrt_mul_self zero_le_two]
        norm_num


",💥️expected token,False,10,Compfiles.Usa2018P1,Llama-8B,LENGTH,best_of_n,False,0,-1,Usa2018P1.usa2018_p1,False
-1,False,64,"problem usa2018_p1 (a b c : ℝ) :
    a > 0 → b > 0 → c > 0 → a + b + c = 4 * (a * b * c) ^ ((1 : ℝ) / 3) →
    2 * (a * b + b * c + c * a) +
     4 * (min (min (a * a) (b * b)) (c * c)) ≥ a^2 + b^2 + c^2 := by
  -- solution 1 from
  -- https://artofproblemsolving.com/wiki/index.php/2018_USAMO_Problems/Problem_1
  intro ha hb hc heq
  wlog h1 : a ≤ b with H1
  · move_add [←(b^2)]
    convert (H1 b a c hb ha hc ?_ ?_) using 3
    · ring_nf
    · rw [min_comm (a*a)]
    · linear_combination (norm := (ring_nf)) 1 * heq
    · exact le_of_lt (not_le.mp h1)
  · wlog h2 : a ≤ c with H2
    · move_add [←(c^2)]; move_add [(a^2)]
      convert (H2 c b a hc hb ha ?_ ?_ ?_) using 3
      · ring_nf
      · rw [min_comm, min_assoc, min_comm (a*a)]
      · linear_combination (norm := (ring_nf)) 1 * heq
      · linarith
      · linarith
    · wlog h3 : b ≤ c with H3
      · move_add [(b^2)]
        convert (H3 a c b ha hc hb ?_ h2 h1 ?_) using 3
        · linarith
        · rw [min_comm, ←min_assoc, min_comm (a*a)]
        · linear_combination (norm := (field_simp; ring_nf)) 1 * heq
        · linarith
      · have aabb : a * a ≤ b * b := mul_self_le_mul_self (le_of_lt ha) h1
        have aacc : a * a ≤ c * c := mul_self_le_mul_self (le_of_lt ha) h2
        simp only [aabb, aacc, min_eq_left]
        apply le_of_add_le_add_right (a := 2 * (a * b + b * c + c * a))
        convert_to (a + b + c) ^ 2 ≤ 4 * (a * (a + b + c) + b * c)
        · ring_nf
        · ring_nf
        rw [heq]
        have amgm := am_gm (a * ((4 : ℝ) * (a * b * c) ^ ((1 : ℝ) / 3))) (b * c)
                           (by positivity) (by positivity)
        rw [←(mul_le_mul_left (by norm_num : 0 < (4 : ℝ)))] at amgm
        convert amgm
        ring_nf
        nth_rw 2 [(by simp : a * b * c = (a * b * c) ^ (1 : ℕ))]
        rw [←Real.rpow_two, ←Real.rpow_mul (by positivity)]
        rw [mul_comm ((a * b * c) ^ (1 : ℕ)), ←Real.rpow_add_natCast (by positivity)]
        norm_num
        nth_rw 2 [Real.mul_rpow (by positivity) (by positivity)]
        rw [←Real.rpow_mul (by positivity)]
        norm_num
        rw [(mul_assoc _ _ 8)]
        simp only [mul_eq_mul_left_iff]
        left
        rw [←Real.sqrt_eq_rpow]
        rw [(by norm_num : (4 : ℝ) = (2 : ℝ) * (2 : ℝ))]
        rw [Real.sqrt_mul_self zero_le_two]
        norm_num


",,True,-1,"theorem usa2018_p1 (a b c : ℝ) :
    a > 0 → b > 0 → c > 0 → a + b + c = 4 * (a * b * c) ^ ((1 : ℝ) / 3) →
    2 * (a * b + b * c + c * a) +
      4 * (min (min (a * a) (b * b)) (c * c)) ≥ a^2 + b^2 + c^2 := by
  -- solution 1 from
  -- https://artofproblemsolving.com/wiki/index.php/2018_USAMO_Problems/Problem_1
  intro ha hb hc heq
  wlog h1 : a ≤ b with H1
  · move_add [←(b^2)]
    convert (H1 b a c hb ha hc ?_ ?_) using 3
    · rw [min_comm (a * b)]
    linear_combination a * c + b * (a * b)
  · wlog h2 : a ≤ c with H2
    · move_add [←(c^2)]; move_add [(a^2)]
      convert (H2 c b a hc hb ha ?_ ?_ ?_) using 3
      · rw [min_assoc, min_comm (a * b)]
      linear_combination a * b + c * (b * c)
  · wlog h3 : b ≤ c with H3
    · move_add [(b^2)]
      convert (H3 a c b ha hc hb ?_ h2 h1 ?_) using 3
      · linear_combination a * c - b * (b * c)
      rw [min_eq_left, min_assoc, min_comm (a * b)]
      have aabb : a * a ≤ b * b := mul_self_le_mul_self (le_of_lt ha) h1
      have aacc : a * a ≤ c * c := mul_self_le_mul_self (le_of_lt ha) h2
      simp only [aabb, aacc, min_eq_left]
      apply le_of_add_le_add_right (a := 2 * (a * b + b * c + c * a))
      calc
        _ ≤ (2 * (a * b + b * c + c * a)) * (a * b * c) := by
          gcongr
        _ = 2 * (a * b * c + b * c + c * a) := by ring
        _ ≤ 2 * (((by norm_num : (1 : ℝ)).trans (a * b * c)).sqrt * ((4 : ℝ).trans (a + b + c))) *
      fun_prop
        _ ≤ 2 * (((by norm_num : (4 : ℝ)).trans (a + b + c)).sqrt * ((1 : ℝ).trans (a * b * c))) *
      fun_prop
        _ ≤ 2 * ( sqrt( a * b * c ) * sqrt( a + b + c ) ) * fun_prop :=
          mul_self_le_mul_self' (le_of_lt ha) h1 h2
        _ ≤ 2 * (sqrt(4 * (a * b * c)) * sqrt( a + b + c ) * fun_prop :=
          gcongr
        _ ≤ 2 * (2 * (a * b * c) ^ (1 : ℝ) * (a + b + c) * fun_prop :=
          gcongr
        _ ≤ 2 * ( (a * b * c) ^ (1 : ℕ) * (a + b + c) * fun_prop := by
              gcongr
              rw [←Real.rpow_two, ←Real.rpow_mul (by positivity)]
              rw [mul_comm ((a * b * c) ^ (1 : ℕ)), ←Real.rpow_add_natCast (by positivity)]
              norm_num
              gcongr
        _ ≤ 2 * (sqrt( a * b * c ) * sqrt( a + b + c ) ) * fun_prop :=
          mul_self_le_mul_self' (le_of_lt ha) h1 h2
        module
        rw [heq]
        have amgm := am_gm (a * ((4 : ℝ) * (a * b * c) ^ ((1 : ℝ) / 3))) (b * c)
                           (by positivity) (by positivity)
        rw [←(mul_le_mul_left (by norm_num : 0 < (4 : ℝ)))] at amgm
        convert amgm
        ring_nf
        nth_rw 2 [(by simp : a * b * c = (a * b * c) ^ (1 : ℕ))]
        rw [←Real.rpow_two,","💥️unexpected token '_'; expected ':='

💥️tactic 'rewrite' failed, did not find instance of the pattern in the target expression
  a * b ⊓ ?b
case h.e'_3.h.e'_5.h.e'_6
a b c : ℝ
ha : a > 0
hb : b > 0
hc : c > 0
heq : a + b + c = 4 * (a * b * c) ^ (1 / 3)
H1 :
  ∀ (a b c : ℝ),
    a > 0 →
      b > 0 →
        c > 0 →
          a + b + c = 4 * (a * b * c) ^ (1 / 3) →
            a ≤ b → 2 * (a * b + b * c + c * a) + 4 * (a * a ⊓ b * b ⊓ c * c) ≥ a ^ 2 + b ^ 2 + c ^ 2
h1 : ¬a ≤ b
⊢ a * b + b * c + c * a = b * a + a * c + c * b

💥️tactic 'rewrite' failed, did not find instance of the pattern in the target expression
  ?a ⊓ ?b ⊓ ?c
case h.e'_3.h.e'_5.h.e'_6
a b c : ℝ
ha : a > 0
hb : b > 0
hc : c > 0
heq : a + b + c = 4 * (a * b * c) ^ (1 / 3)
h1 : a ≤ b
H2 :
  ∀ (a b c : ℝ),
    a > 0 →
      b > 0 →
        c > 0 →
          a + b + c = 4 * (a * b * c) ^ (1 / 3) →
            a ≤ b → a ≤ c → 2 * (a * b + b * c + c * a) + 4 * (a * a ⊓ b * b ⊓ c * c) ≥ a ^ 2 + b ^ 2 + c ^ 2
h2 : ¬a ≤ c
⊢ a * b + b * c + c * a = c * b + b * a + a * c

💥️ring failed, ring expressions not equal
a b c : ℝ
ha : a > 0
hb : b > 0
hc : c > 0
heq : a + b + c = 4 * (a * b * c) ^ (1 / 3)
h1 : a ≤ b
H2 :
  ∀ (a b c : ℝ),
    a > 0 →
      b > 0 →
        c > 0 →
          a + b + c = 4 * (a * b * c) ^ (1 / 3) →
            a ≤ b → a ≤ c → 2 * (a * b + b * c + c * a) + 4 * (a * a ⊓ b * b ⊓ c * c) ≥ a ^ 2 + b ^ 2 + c ^ 2
h2 : ¬a ≤ c
⊢ a * a ⊓ b * b ⊓ c * c - c * c ⊓ b * b ⊓ a * a = 0

💥️unsolved goals
a b c : ℝ
ha : a > 0
hb : b > 0
hc : c > 0
heq : a + b + c = 4 * (a * b * c) ^ (1 / 3)
h1 : a ≤ b
h2 : a ≤ c
⊢ 2 * (a * b + b * c + c * a) + 4 * (a * a ⊓ b * b ⊓ c * c) ≥ a ^ 2 + b ^ 2 + c ^ 2",False,10,Compfiles.Usa2018P1,Llama-8B,LENGTH,best_of_n,False,0,-1,Usa2018P1.usa2018_p1,False
-1,False,64,"problem usa2018_p1 (a b c : ℝ) :
    a > 0 → b > 0 → c > 0 → a + b + c = 4 * (a * b * c) ^ ((1 : ℝ) / 3) →
    2 * (a * b + b * c + c * a) +
     4 * (min (min (a * a) (b * b)) (c * c)) ≥ a^2 + b^2 + c^2 := by
  -- solution 1 from
  -- https://artofproblemsolving.com/wiki/index.php/2018_USAMO_Problems/Problem_1
  intro ha hb hc heq
  wlog h1 : a ≤ b with H1
  · move_add [←(b^2)]
    convert (H1 b a c hb ha hc ?_ ?_) using 3
    · ring_nf
    · rw [min_comm (a*a)]
    · linear_combination (norm := (ring_nf)) 1 * heq
    · exact le_of_lt (not_le.mp h1)
  · wlog h2 : a ≤ c with H2
    · move_add [←(c^2)]; move_add [(a^2)]
      convert (H2 c b a hc hb ha ?_ ?_ ?_) using 3
      · ring_nf
      · rw [min_comm, min_assoc, min_comm (a*a)]
      · linear_combination (norm := (ring_nf)) 1 * heq
      · linarith
      · linarith
    · wlog h3 : b ≤ c with H3
      · move_add [(b^2)]
        convert (H3 a c b ha hc hb ?_ h2 h1 ?_) using 3
        · linarith
        · rw [min_comm, ←min_assoc, min_comm (a*a)]
        · linear_combination (norm := (field_simp; ring_nf)) 1 * heq
        · linarith
      · have aabb : a * a ≤ b * b := mul_self_le_mul_self (le_of_lt ha) h1
        have aacc : a * a ≤ c * c := mul_self_le_mul_self (le_of_lt ha) h2
        simp only [aabb, aacc, min_eq_left]
        apply le_of_add_le_add_right (a := 2 * (a * b + b * c + c * a))
        convert_to (a + b + c) ^ 2 ≤ 4 * (a * (a + b + c) + b * c)
        · ring_nf
        · ring_nf
        rw [heq]
        have amgm := am_gm (a * ((4 : ℝ) * (a * b * c) ^ ((1 : ℝ) / 3))) (b * c)
                           (by positivity) (by positivity)
        rw [←(mul_le_mul_left (by norm_num : 0 < (4 : ℝ)))] at amgm
        convert amgm
        ring_nf
        nth_rw 2 [(by simp : a * b * c = (a * b * c) ^ (1 : ℕ))]
        rw [←Real.rpow_two, ←Real.rpow_mul (by positivity)]
        rw [mul_comm ((a * b * c) ^ (1 : ℕ)), ←Real.rpow_add_natCast (by positivity)]
        norm_num
        nth_rw 2 [Real.mul_rpow (by positivity) (by positivity)]
        rw [←Real.rpow_mul (by positivity)]
        norm_num
        rw [(mul_assoc _ _ 8)]
        simp only [mul_eq_mul_left_iff]
        left
        rw [←Real.sqrt_eq_rpow]
        rw [(by norm_num : (4 : ℝ) = (2 : ℝ) * (2 : ℝ))]
        rw [Real.sqrt_mul_self zero_le_two]
        norm_num


",,True,64,"lemma usa2018_p1 (a b c : ℝ) :
    a > 0 → b > 0 → c > 0 → a + b + c = 4 * (a * b * c) ^ ((1 : ℝ) / 3) →
    2 * (a * b + b * c + c * a) +
     4 * (min (min (a * a) (b * b)) (c * c)) ≥ a^2 + b^2 + c^2 := by
  -- solution 1 from
  -- https://artofproblemsolving.com/wiki/index.php/2018_USAMO_Problems/Problem_1
  intro ha hb hc heq
  wlog h1 : a ≤ b with H1
  · move_add [←(b^2)]
    convert (H1 b a c hb ha hc ?_ ?_) using 3
    · ring_nf
    · rw [min_comm (a*a)]
    · linear_combination (norm := (ring_nf)) 1 * heq
    · exact le_of_lt (not_le.mp h1)
  · wlog h2 : a ≤ c with H2
    · move_add [←(c^2)]; move_add [(a^2)]
      convert (H2 c b a hc hb ha ?_ ?_ ?_) using 3
      · ring_nf
      · rw [min_comm, min_assoc, min_comm (a*a)]
      · linear_combination (norm := (ring_nf)) 1 * heq
      · linarith
      · linarith
    · wlog h3 : b ≤ c with H3
      · move_add [(b^2)]
        convert (H3 a c b ha hc hb ?_ h2 h1 ?_) using 3
        · linarith
        · rw [min_comm, ←min_assoc, min_comm (a*a)]
        · linear_combination (norm := (field_simp; ring_nf)) 1 * heq
        · linarith
      · have aabb : a * a ≤ b * b := mul_self_le_mul_self (le_of_lt ha) h1
        have aacc : a * a ≤ c * c := mul_self_le_mul_self (le_of_lt ha) h2
        simp only [aabb, aacc, min_eq_left]
        apply le_of_add_le_add_right (a := 2 * (a * b + b * c + c * a))
        convert_to (a + b + c) ^ 2 ≤ 4 * (a * (a + b + c) + b * c)
        · ring_nf
        · ring_nf
        rw [heq]
        have amgm := am_gm (a * ((4 : ℝ) * (a * b * c) ^ ((1 : ℝ) / 3))) (b * c)
                           (by positivity) (by positivity)
        rw [←(mul_le_mul_left (by norm_num : 0 < (4 : ℝ)))] at amgm
        convert amgm
        ring_nf
        nth_rw 2 [(by simp : a * b * c = (a * b * c) ^ (1 : ℕ))]
        rw [←Real.rpow_two, ←Real.rpow_mul (by positivity)]
        rw [mul_comm ((a * b * c) ^ (1 : ℕ)), ←Real.rpow_add_natCast (by positivity)]
        norm_num
        nth_rw 2 [Real.mul_rpow (by positivity) (by positivity)]
        rw [←Real.rpow_mul (by positivity)]
        norm_num
        rw [(mul_assoc _ _ 8)]
        simp only [mul_eq_mul_left_iff]
        left
        rw [←Real.sqrt_eq_rpow]
        rw [(by norm_num : (4 : ℝ) = (2 : ℝ) * (2 : ℝ))]
        rw [Real.sqrt_mul_self zero_le_two]
        norm_num


",,True,10,Compfiles.Usa2018P1,Llama-8B,LENGTH,best_of_n,False,0,0,Usa2018P1.usa2018_p1,False
-1,False,64,"problem usa2018_p1 (a b c : ℝ) :
    a > 0 → b > 0 → c > 0 → a + b + c = 4 * (a * b * c) ^ ((1 : ℝ) / 3) →
    2 * (a * b + b * c + c * a) +
     4 * (min (min (a * a) (b * b)) (c * c)) ≥ a^2 + b^2 + c^2 := by
  -- solution 1 from
  -- https://artofproblemsolving.com/wiki/index.php/2018_USAMO_Problems/Problem_1
  intro ha hb hc heq
  wlog h1 : a ≤ b with H1
  · move_add [←(b^2)]
    convert (H1 b a c hb ha hc ?_ ?_) using 3
    · ring_nf
    · rw [min_comm (a*a)]
    · linear_combination (norm := (ring_nf)) 1 * heq
    · exact le_of_lt (not_le.mp h1)
  · wlog h2 : a ≤ c with H2
    · move_add [←(c^2)]; move_add [(a^2)]
      convert (H2 c b a hc hb ha ?_ ?_ ?_) using 3
      · ring_nf
      · rw [min_comm, min_assoc, min_comm (a*a)]
      · linear_combination (norm := (ring_nf)) 1 * heq
      · linarith
      · linarith
    · wlog h3 : b ≤ c with H3
      · move_add [(b^2)]
        convert (H3 a c b ha hc hb ?_ h2 h1 ?_) using 3
        · linarith
        · rw [min_comm, ←min_assoc, min_comm (a*a)]
        · linear_combination (norm := (field_simp; ring_nf)) 1 * heq
        · linarith
      · have aabb : a * a ≤ b * b := mul_self_le_mul_self (le_of_lt ha) h1
        have aacc : a * a ≤ c * c := mul_self_le_mul_self (le_of_lt ha) h2
        simp only [aabb, aacc, min_eq_left]
        apply le_of_add_le_add_right (a := 2 * (a * b + b * c + c * a))
        convert_to (a + b + c) ^ 2 ≤ 4 * (a * (a + b + c) + b * c)
        · ring_nf
        · ring_nf
        rw [heq]
        have amgm := am_gm (a * ((4 : ℝ) * (a * b * c) ^ ((1 : ℝ) / 3))) (b * c)
                           (by positivity) (by positivity)
        rw [←(mul_le_mul_left (by norm_num : 0 < (4 : ℝ)))] at amgm
        convert amgm
        ring_nf
        nth_rw 2 [(by simp : a * b * c = (a * b * c) ^ (1 : ℕ))]
        rw [←Real.rpow_two, ←Real.rpow_mul (by positivity)]
        rw [mul_comm ((a * b * c) ^ (1 : ℕ)), ←Real.rpow_add_natCast (by positivity)]
        norm_num
        nth_rw 2 [Real.mul_rpow (by positivity) (by positivity)]
        rw [←Real.rpow_mul (by positivity)]
        norm_num
        rw [(mul_assoc _ _ 8)]
        simp only [mul_eq_mul_left_iff]
        left
        rw [←Real.sqrt_eq_rpow]
        rw [(by norm_num : (4 : ℝ) = (2 : ℝ) * (2 : ℝ))]
        rw [Real.sqrt_mul_self zero_le_two]
        norm_num


",,True,-1,"#align usability_of_2018_usam0 Problem2020

--Frederickson, Herbert; on Problems of 2018 USB
--some terms specific to this session

theorem us2018_p1 (a b c : ℝ) :
    a > 0 → b > 0 → c > 0 → a + b + c = 4 * (a * b * c) ^ ((1 : ℝ) / 3) →
    2 * (a * b + b * c + c * a) +
      4 * (min (min (a * a) (b * b)) (c * c)) ≥ a^2 + b^2 + c^2 := by
  -- solution 1 from
  -- https://artofproblemsolving.com/wiki/index.php/2018_USAMO_Problems/Problem_1
  intro ha hb hc heq
  wlog h1 : a ≤ b with H1
  · move_add [←(b^2)]
    convert (H1 b a c hb ha hc ?_ ?_) using 3
    · ring_nf
    · rw [min_comm (a*a)]
    · linear_combination (norm := (ring_nf)) 1 * heq
    · exact le_of_lt (not_le.mp h1)
  · wlog h2 : a ≤ c with H2
    · move_add [←(c^2)]; move_add [(a^2)]
      convert (H2 c b a hc hb ha ?_ ?_ ?_) using 3
      · ring_nf
      · rw [min_comm, min_assoc, min_comm (a*a)]
      · linear_combination (norm := (ring_nf)) 1 * heq
      · linarith
      · linarith
    · wlog h3 : b ≤ c with H3
      · move_add [(b^2)]
        convert (H3 a c b ha hc hb ?_ h2 h1 ?_) using 3
        · linarith
        · rw [min_comm, ←min_assoc, min_comm (a*a)]
        · linear_combination (norm := (field_simp; ring_nf)) 1 * heq
        · linarith
      · have aabb : a * a ≤ b * b := mul_self_le_mul_self (le_of_lt ha) h1
        have aacc : a * a ≤ c * c := mul_self_le_mul_self (le_of_lt ha) h2
        simp only [aabb, aacc, min_eq_left]
        apply le_of_add_le_add_right (a := 2 * (a * b + b * c + c * a))
        convert_to (a + b + c) ^ 2 ≤ 4 * (a * (a + b + c) + b * c)
        · ring_nf
        · ring_nf
        rw [heq]
        have amgm := am_gm (a * ((4 : ℝ) * (a * b * c) ^ ((1 : ℝ) / 3))) (b * c)
                           (by positivity) (by positivity)
        rw [←(mul_le_mul_left (by norm_num : 0 < (4 : ℝ)))] at amgm
        convert amgm
        ring_nf
        nth_rw 2 [(by simp : a * b * c = (a * b * c) ^ (1 : ℕ))]
        rw [←Real.rpow_two, ←Real.rpow_mul (by positivity)]
        rw [mul_comm ((a * b * c) ^ (1 : ℕ)), ←Real.rpow_add_natCast (by positivity)]
        norm_num
        nth_rw 2 [Real.mul_rpow (by positivity) (by positivity)]
        rw [←Real.rpow_mul (by positivity)]
        norm_num
        rw [(mul_assoc _ _ 8)]
        simp only [mul_eq_mul_left_iff]
        left
        rw [←Real.sqrt_eq_rpow]
        rw [norm_num.toReal_sq_le_of_le]
        lform
        linarith
","💥️unexpected token '#'; expected command

💥️unknown tactic

💥️invalid field 'toReal_sq_le_of_le', the environment does not contain 'Lean.ParserDescr.toReal_sq_le_of_le'
  norm_num
has type
  Lean.ParserDescr

💥️tactic 'rewrite' failed, equality or iff proof expected
  ?m.44945
case h.e'_3.h
a b c : ℝ
ha : a > 0
hb : b > 0
hc : c > 0
heq : a + b + c = 4 * (a * b * c) ^ (1 / 3)
h1 : a ≤ b
h2 : a ≤ c
h3 : b ≤ c
aabb : a * a ≤ b * b
aacc : a * a ≤ c * c
amgm : 4 * (2 * (a * (4 * (a * b * c) ^ (1 / 3)) * (b * c)) ^ (1 / 2)) ≤ 4 * (a * (4 * (a * b * c) ^ (1 / 3)) + b * c)
⊢ 16 = √4 * 8",False,10,Compfiles.Usa2018P1,Llama-8B,LENGTH,best_of_n,False,0,-1,Usa2018P1.usa2018_p1,False
-1,False,64,"problem usa2018_p1 (a b c : ℝ) :
    a > 0 → b > 0 → c > 0 → a + b + c = 4 * (a * b * c) ^ ((1 : ℝ) / 3) →
    2 * (a * b + b * c + c * a) +
     4 * (min (min (a * a) (b * b)) (c * c)) ≥ a^2 + b^2 + c^2 := by
  -- solution 1 from
  -- https://artofproblemsolving.com/wiki/index.php/2018_USAMO_Problems/Problem_1
  intro ha hb hc heq
  wlog h1 : a ≤ b with H1
  · move_add [←(b^2)]
    convert (H1 b a c hb ha hc ?_ ?_) using 3
    · ring_nf
    · rw [min_comm (a*a)]
    · linear_combination (norm := (ring_nf)) 1 * heq
    · exact le_of_lt (not_le.mp h1)
  · wlog h2 : a ≤ c with H2
    · move_add [←(c^2)]; move_add [(a^2)]
      convert (H2 c b a hc hb ha ?_ ?_ ?_) using 3
      · ring_nf
      · rw [min_comm, min_assoc, min_comm (a*a)]
      · linear_combination (norm := (ring_nf)) 1 * heq
      · linarith
      · linarith
    · wlog h3 : b ≤ c with H3
      · move_add [(b^2)]
        convert (H3 a c b ha hc hb ?_ h2 h1 ?_) using 3
        · linarith
        · rw [min_comm, ←min_assoc, min_comm (a*a)]
        · linear_combination (norm := (field_simp; ring_nf)) 1 * heq
        · linarith
      · have aabb : a * a ≤ b * b := mul_self_le_mul_self (le_of_lt ha) h1
        have aacc : a * a ≤ c * c := mul_self_le_mul_self (le_of_lt ha) h2
        simp only [aabb, aacc, min_eq_left]
        apply le_of_add_le_add_right (a := 2 * (a * b + b * c + c * a))
        convert_to (a + b + c) ^ 2 ≤ 4 * (a * (a + b + c) + b * c)
        · ring_nf
        · ring_nf
        rw [heq]
        have amgm := am_gm (a * ((4 : ℝ) * (a * b * c) ^ ((1 : ℝ) / 3))) (b * c)
                           (by positivity) (by positivity)
        rw [←(mul_le_mul_left (by norm_num : 0 < (4 : ℝ)))] at amgm
        convert amgm
        ring_nf
        nth_rw 2 [(by simp : a * b * c = (a * b * c) ^ (1 : ℕ))]
        rw [←Real.rpow_two, ←Real.rpow_mul (by positivity)]
        rw [mul_comm ((a * b * c) ^ (1 : ℕ)), ←Real.rpow_add_natCast (by positivity)]
        norm_num
        nth_rw 2 [Real.mul_rpow (by positivity) (by positivity)]
        rw [←Real.rpow_mul (by positivity)]
        norm_num
        rw [(mul_assoc _ _ 8)]
        simp only [mul_eq_mul_left_iff]
        left
        rw [←Real.sqrt_eq_rpow]
        rw [(by norm_num : (4 : ℝ) = (2 : ℝ) * (2 : ℝ))]
        rw [Real.sqrt_mul_self zero_le_two]
        norm_num


",,True,-1,"theorem USA2018_p1 (a b c : ℝ) (ha : a > 0) (hb : b > 0) (hc : c > 0)
    (heq : a + b + c = 4 * (a * b * c) ^ ((1 : ℝ) / 3)) (h1 : a ≤ b)
    (h2 : a ≤ c) (h3 : b ≤ c) :
    2 * (a * b + b * c + c * a) +
      4 * (min (min (a * a) (b * b)) (c * c)) ≥ a^2 + b^2 + c^2 := by
  -- solution 1 from
  -- https://artofproblemsolving.com/wiki/index.php/2018_USAMO_Problems/Problem_1
  intro ha hb hc heq
  wlog h1 : a ≤ b with H1
  · move_add [←(b^2)]
    convert (H1 b a c hb ha hc ?_ ?_) using 3
    · ring_nf
    · rw [min_comm (a*a)]
    · linear_combination (norm := (ring_nf)) 1 * heq
    · exact le_of_lt (not_le.mp h1)
  · wlog h2 : a ≤ c with H2
    · move_add [←(c^2)]; move_add [(a^2)]
      convert (H2 c b a hc hb ha ?_ ?_ ?_) using 3
      · ring_nf
      · rw [min_comm, min_assoc, min_comm (a*a)]
      · linear_combination (norm := (ring_nf)) 1 * heq
      · linarith
      · linarith
    · wlog h3 : b ≤ c with H3
      · move_add [(b^2)]
        convert (H3 a c b ha hc hb ?_ h2 h1 ?_) using 3
        · linarith
        · rw [min_comm, ←min_assoc, min_comm (a*a)]
        · linear_combination (norm := (field_simp; ring_nf)) 1 * heq
        · linarith
      · have aabb : a * a ≤ b * b := mul_self_le_mul_self (le_of_lt ha) h1
        have aacc : a * a ≤ c * c := mul_self_le_mul_self (le_of_lt ha) h2
        simp only [aabb, aacc, min_eq_left]
        apply le_of_add_le_add_right (a := 2 * (a * b + b * c + c * a))
        convert_to (a + b + c) ^ 2 ≤ 4 * (a * (a + b + c) + b * c)
        · ring_nf
        · ring_nf
        rw [heq]
        have amgm := am_gm (a * ((4 : ℝ) * (a * b * c) ^ ((1 : ℝ) / 3))) (b * c)
                           (by positivity) (by positivity)
        rw [←(mul_le_mul_left (by norm_num : 0 < (4 : ℝ)))] at amgm
        convert amgm
        ring_nf
        nth_rw 2 [(by simp : a * b * c = (a * b * c) ^ (1 : ℕ))]
        rw [←Real.rpow_two, ←Real.rpow_mul (by positivity)]
        rw [mul_comm ((a * b * c) ^ (1 : ℕ)), ←Real.rpow_add_natCast (by positivity)]
        norm_num
        nth_rw 2 [Real.mul_rpow (by positivity) (by positivity)]
        rw [←Real.rpow_mul (by positivity)]
        norm_num","💥️tactic 'introN' failed, insufficient number of binders
a b c : ℝ
ha : a > 0
hb : b > 0
hc : c > 0
heq : a + b + c = 4 * (a * b * c) ^ (1 / 3)
h1 : a ≤ b
h2 : a ≤ c
h3 : b ≤ c
⊢ 2 * (a * b + b * c + c * a) + 4 * (a * a ⊓ b * b ⊓ c * c) ≥ a ^ 2 + b ^ 2 + c ^ 2",False,10,Compfiles.Usa2018P1,Llama-8B,LENGTH,best_of_n,False,0,-1,Usa2018P1.usa2018_p1,False
-1,False,64,"problem usa2018_p1 (a b c : ℝ) :
    a > 0 → b > 0 → c > 0 → a + b + c = 4 * (a * b * c) ^ ((1 : ℝ) / 3) →
    2 * (a * b + b * c + c * a) +
     4 * (min (min (a * a) (b * b)) (c * c)) ≥ a^2 + b^2 + c^2 := by
  -- solution 1 from
  -- https://artofproblemsolving.com/wiki/index.php/2018_USAMO_Problems/Problem_1
  intro ha hb hc heq
  wlog h1 : a ≤ b with H1
  · move_add [←(b^2)]
    convert (H1 b a c hb ha hc ?_ ?_) using 3
    · ring_nf
    · rw [min_comm (a*a)]
    · linear_combination (norm := (ring_nf)) 1 * heq
    · exact le_of_lt (not_le.mp h1)
  · wlog h2 : a ≤ c with H2
    · move_add [←(c^2)]; move_add [(a^2)]
      convert (H2 c b a hc hb ha ?_ ?_ ?_) using 3
      · ring_nf
      · rw [min_comm, min_assoc, min_comm (a*a)]
      · linear_combination (norm := (ring_nf)) 1 * heq
      · linarith
      · linarith
    · wlog h3 : b ≤ c with H3
      · move_add [(b^2)]
        convert (H3 a c b ha hc hb ?_ h2 h1 ?_) using 3
        · linarith
        · rw [min_comm, ←min_assoc, min_comm (a*a)]
        · linear_combination (norm := (field_simp; ring_nf)) 1 * heq
        · linarith
      · have aabb : a * a ≤ b * b := mul_self_le_mul_self (le_of_lt ha) h1
        have aacc : a * a ≤ c * c := mul_self_le_mul_self (le_of_lt ha) h2
        simp only [aabb, aacc, min_eq_left]
        apply le_of_add_le_add_right (a := 2 * (a * b + b * c + c * a))
        convert_to (a + b + c) ^ 2 ≤ 4 * (a * (a + b + c) + b * c)
        · ring_nf
        · ring_nf
        rw [heq]
        have amgm := am_gm (a * ((4 : ℝ) * (a * b * c) ^ ((1 : ℝ) / 3))) (b * c)
                           (by positivity) (by positivity)
        rw [←(mul_le_mul_left (by norm_num : 0 < (4 : ℝ)))] at amgm
        convert amgm
        ring_nf
        nth_rw 2 [(by simp : a * b * c = (a * b * c) ^ (1 : ℕ))]
        rw [←Real.rpow_two, ←Real.rpow_mul (by positivity)]
        rw [mul_comm ((a * b * c) ^ (1 : ℕ)), ←Real.rpow_add_natCast (by positivity)]
        norm_num
        nth_rw 2 [Real.mul_rpow (by positivity) (by positivity)]
        rw [←Real.rpow_mul (by positivity)]
        norm_num
        rw [(mul_assoc _ _ 8)]
        simp only [mul_eq_mul_left_iff]
        left
        rw [←Real.sqrt_eq_rpow]
        rw [(by norm_num : (4 : ℝ) = (2 : ℝ) * (2 : ℝ))]
        rw [Real.sqrt_mul_self zero_le_two]
        norm_num


",,True,64,"theorem usa2018_p1 (a b c : ℝ) :
    a > 0 → b > 0 → c > 0 → a + b + c = 4 * (a * b * c) ^ ((1 : ℝ) / 3) →
    2 * (a * b + b * c + c * a) +
      4 * (min (min (a * a) (b * b)) (c * c)) ≥ a^2 + b^2 + c^2 := by
  -- solution 1 from
  -- https://artofproblemsolving.com/wiki/index.php/2018_USAMO_Problems/Problem_1
  intro ha hb hc heq
  wlog h1 : a ≤ b with H1
  · move_add [←(b^2)]
    convert (H1 b a c hb ha hc ?_ ?_) using 3
    · ring_nf
    · rw [min_comm (a*a)]
    · linear_combination (norm := (ring_nf)) 1 * heq
    · exact le_of_lt (not_le.mp h1)
  · wlog h2 : a ≤ c with H2
    · move_add [←(c^2)]; move_add [(a^2)]
      convert (H2 c b a hc hb ha ?_ ?_ ?_) using 3
      · ring_nf
      · rw [min_comm, min_assoc, min_comm (a*a)]
      · linear_combination (norm := (ring_nf)) 1 * heq
      · linarith
      · linarith
    · wlog h3 : b ≤ c with H3
      · move_add [(b^2)]
        convert (H3 a c b ha hc hb ?_ h2 h1 ?_) using 3
        · linarith
        · rw [min_comm, ←min_assoc, min_comm (a*a)]
        · linear_combination (norm := (field_simp; ring_nf)) 1 * heq
        · linarith
      · have aabb : a * a ≤ b * b := mul_self_le_mul_self (le_of_lt ha) h1
        have aacc : a * a ≤ c * c := mul_self_le_mul_self (le_of_lt ha) h2
        simp only [aabb, aacc, min_eq_left]
        apply le_of_add_le_add_right (a := 2 * (a * b + b * c + c * a))
        convert_to (a + b + c) ^ 2 ≤ 4 * (a * (a + b + c) + b * c)
        · ring_nf
        · ring_nf
        rw [heq]
        have amgm := am_gm (a * ((4 : ℝ) * (a * b * c) ^ ((1 : ℝ) / 3))) (b * c)
                            (by positivity) (by positivity)
        rw [←(mul_le_mul_left (by norm_num : 0 < (4 : ℝ)))] at amgm
        convert amgm
        ring_nf
        nth_rw 2 [(by simp : a * b * c = (a * b * c) ^ (1 : ℕ))]
        rw [←Real.rpow_two, ←Real.rpow_mul (by positivity)]
        rw [mul_comm ((a * b * c) ^ (1 : ℕ)), ←Real.rpow_add_natCast (by positivity)]
        norm_num
        nth_rw 2 [Real.mul_rpow (by positivity) (by positivity)]
        rw [←Real.rpow_mul (by positivity)]
        norm_num
        rw [(mul_assoc _ _ 8)]
        simp only [mul_eq_mul_left_iff]
        left
        rw [←Real.sqrt_eq_rpow]
        rw [(by norm_num : (4 : ℝ) = (2 : ℝ) * (2 : ℝ))]
        rw [Real.sqrt_mul_self zero_le_two]
        norm_num

",,True,10,Compfiles.Usa2018P1,Llama-8B,LENGTH,best_of_n,False,0,0,Usa2018P1.usa2018_p1,False
-1,False,64,"problem usa2018_p1 (a b c : ℝ) :
    a > 0 → b > 0 → c > 0 → a + b + c = 4 * (a * b * c) ^ ((1 : ℝ) / 3) →
    2 * (a * b + b * c + c * a) +
     4 * (min (min (a * a) (b * b)) (c * c)) ≥ a^2 + b^2 + c^2 := by
  -- solution 1 from
  -- https://artofproblemsolving.com/wiki/index.php/2018_USAMO_Problems/Problem_1
  intro ha hb hc heq
  wlog h1 : a ≤ b with H1
  · move_add [←(b^2)]
    convert (H1 b a c hb ha hc ?_ ?_) using 3
    · ring_nf
    · rw [min_comm (a*a)]
    · linear_combination (norm := (ring_nf)) 1 * heq
    · exact le_of_lt (not_le.mp h1)
  · wlog h2 : a ≤ c with H2
    · move_add [←(c^2)]; move_add [(a^2)]
      convert (H2 c b a hc hb ha ?_ ?_ ?_) using 3
      · ring_nf
      · rw [min_comm, min_assoc, min_comm (a*a)]
      · linear_combination (norm := (ring_nf)) 1 * heq
      · linarith
      · linarith
    · wlog h3 : b ≤ c with H3
      · move_add [(b^2)]
        convert (H3 a c b ha hc hb ?_ h2 h1 ?_) using 3
        · linarith
        · rw [min_comm, ←min_assoc, min_comm (a*a)]
        · linear_combination (norm := (field_simp; ring_nf)) 1 * heq
        · linarith
      · have aabb : a * a ≤ b * b := mul_self_le_mul_self (le_of_lt ha) h1
        have aacc : a * a ≤ c * c := mul_self_le_mul_self (le_of_lt ha) h2
        simp only [aabb, aacc, min_eq_left]
        apply le_of_add_le_add_right (a := 2 * (a * b + b * c + c * a))
        convert_to (a + b + c) ^ 2 ≤ 4 * (a * (a + b + c) + b * c)
        · ring_nf
        · ring_nf
        rw [heq]
        have amgm := am_gm (a * ((4 : ℝ) * (a * b * c) ^ ((1 : ℝ) / 3))) (b * c)
                           (by positivity) (by positivity)
        rw [←(mul_le_mul_left (by norm_num : 0 < (4 : ℝ)))] at amgm
        convert amgm
        ring_nf
        nth_rw 2 [(by simp : a * b * c = (a * b * c) ^ (1 : ℕ))]
        rw [←Real.rpow_two, ←Real.rpow_mul (by positivity)]
        rw [mul_comm ((a * b * c) ^ (1 : ℕ)), ←Real.rpow_add_natCast (by positivity)]
        norm_num
        nth_rw 2 [Real.mul_rpow (by positivity) (by positivity)]
        rw [←Real.rpow_mul (by positivity)]
        norm_num
        rw [(mul_assoc _ _ 8)]
        simp only [mul_eq_mul_left_iff]
        left
        rw [←Real.sqrt_eq_rpow]
        rw [(by norm_num : (4 : ℝ) = (2 : ℝ) * (2 : ℝ))]
        rw [Real.sqrt_mul_self zero_le_two]
        norm_num


",,True,-1,"problem usa2018_p1 (a b c : ℝ) :
    a > 0 → b > 0 → c > 0 → a + b + c = 4 * (a * b * c) ^ ((1 : ℝ) / 3) →
    2 * (a * b + b * c + c * a) +
      4 * (min (min (a * a) (b * b)) (c * c)) ≥ a^2 + b^2 + c^2 := by
  -- solution 1 from
  -- https://artofproblemsolving.com/wiki/index.php/2018_USAMO_Problems/Problem_1
  intro ha hb hc heq
  wlog h1 : a ≤ b with H1
  · move_add [←(b^2)]
    convert (H1 b a c hb ha hc ?_ ?_) using 3
    · ring_nf
    · rw [min_comm (a*a)]
    · linear_combination (norm := (ring_nf)) 1 * heq
    · exact le_of_lt (not_le.mp h1)
  · wlog h2 : a ≤ c with H2
    · move_add [←(c^2)]; move_add [(a^2)]
      convert (H2 c b a hc hb ha ?_ ?_ ?_) using 3
      · ring_nf
      · rw [min_comm, min_assoc, min_comm (a*a)]
      · linear_combination (norm := (ring_nf)) 1 * heq
      · linarith
      · linarith
    · wlog h3 : b ≤ c with H3
      · move_add [(b^2)]
        convert (H3 a c b ha hc hb ?_ h2 h1 ?_) using 3
        · linarith
        · rw [min_comm, ←min_assoc, min_comm (a*a)]
        · linear_combination (norm := (field_simp; ring_nf)) 1 * heq
        · linarith
      · have aabb : a * a ≤ b * b := mul_self_le_mul_self (le_of_lt ha) h1
        have aacc : a * a ≤ c * c := mul_self_le_mul_self (le_of_lt ha) h2
        simp only [aabb, aacc, min_eq_left]
        apply le_of_add_le_add_right (a := 2 * (a * b + b * c + c * a))
        convert_to (a + b + c) ^ 2 ≤ 4 * (a * (a + b + c) + b * c)
        · ring_nf
        · ring_nf
        rw [heq]
        have amgm := am_gm (a * ((4 : ℝ) * (a * b * c) ^ ((1 : ℝ) / 3))) (b * c)
                           (by positivity) (by positivity)
        rw [←(mul_le_mul_left (by norm_num : 0 < (4 : ℝ)))] at amgm
        convert amgm
        ring_nf
        nth_rw 2 [(by simp : a * b * c = (a * b * c) ^ (1 : ℕ))]
        rw [←Real.rpow_two, ←Real.rpow_mul (by positivity)]
        rw [mul_comm ((a * b * c) ^ (1 : ℕ)), ←Real.rpow_add_natCast (by positivity)]
        norm_num
        nth_rw 2 [Real.mul_rpow (by positivity) (by positivity)]
        rw [←Real.rpow_mul (by positivity)]
        norm_num
        rw [mul_assoc _ _ 8]
        simp only [mul_eq_mul_left_iff]
        left
        rw [←Real.sqrt_eq_rpow]
        rw [norm_num]
        rw [mul_self_le_mul_self]
",💥️failed to rewrite using equation theorems for 'norm_num'.,False,10,Compfiles.Usa2018P1,Llama-8B,LENGTH,best_of_n,False,0,-1,Usa2018P1.usa2018_p1,False
-1,False,64,"problem usa2018_p1 (a b c : ℝ) :
    a > 0 → b > 0 → c > 0 → a + b + c = 4 * (a * b * c) ^ ((1 : ℝ) / 3) →
    2 * (a * b + b * c + c * a) +
     4 * (min (min (a * a) (b * b)) (c * c)) ≥ a^2 + b^2 + c^2 := by
  -- solution 1 from
  -- https://artofproblemsolving.com/wiki/index.php/2018_USAMO_Problems/Problem_1
  intro ha hb hc heq
  wlog h1 : a ≤ b with H1
  · move_add [←(b^2)]
    convert (H1 b a c hb ha hc ?_ ?_) using 3
    · ring_nf
    · rw [min_comm (a*a)]
    · linear_combination (norm := (ring_nf)) 1 * heq
    · exact le_of_lt (not_le.mp h1)
  · wlog h2 : a ≤ c with H2
    · move_add [←(c^2)]; move_add [(a^2)]
      convert (H2 c b a hc hb ha ?_ ?_ ?_) using 3
      · ring_nf
      · rw [min_comm, min_assoc, min_comm (a*a)]
      · linear_combination (norm := (ring_nf)) 1 * heq
      · linarith
      · linarith
    · wlog h3 : b ≤ c with H3
      · move_add [(b^2)]
        convert (H3 a c b ha hc hb ?_ h2 h1 ?_) using 3
        · linarith
        · rw [min_comm, ←min_assoc, min_comm (a*a)]
        · linear_combination (norm := (field_simp; ring_nf)) 1 * heq
        · linarith
      · have aabb : a * a ≤ b * b := mul_self_le_mul_self (le_of_lt ha) h1
        have aacc : a * a ≤ c * c := mul_self_le_mul_self (le_of_lt ha) h2
        simp only [aabb, aacc, min_eq_left]
        apply le_of_add_le_add_right (a := 2 * (a * b + b * c + c * a))
        convert_to (a + b + c) ^ 2 ≤ 4 * (a * (a + b + c) + b * c)
        · ring_nf
        · ring_nf
        rw [heq]
        have amgm := am_gm (a * ((4 : ℝ) * (a * b * c) ^ ((1 : ℝ) / 3))) (b * c)
                           (by positivity) (by positivity)
        rw [←(mul_le_mul_left (by norm_num : 0 < (4 : ℝ)))] at amgm
        convert amgm
        ring_nf
        nth_rw 2 [(by simp : a * b * c = (a * b * c) ^ (1 : ℕ))]
        rw [←Real.rpow_two, ←Real.rpow_mul (by positivity)]
        rw [mul_comm ((a * b * c) ^ (1 : ℕ)), ←Real.rpow_add_natCast (by positivity)]
        norm_num
        nth_rw 2 [Real.mul_rpow (by positivity) (by positivity)]
        rw [←Real.rpow_mul (by positivity)]
        norm_num
        rw [(mul_assoc _ _ 8)]
        simp only [mul_eq_mul_left_iff]
        left
        rw [←Real.sqrt_eq_rpow]
        rw [(by norm_num : (4 : ℝ) = (2 : ℝ) * (2 : ℝ))]
        rw [Real.sqrt_mul_self zero_le_two]
        norm_num


",,True,-1,"#align norm_num field_simp
2018_USAMO_Problems/Problem_1

theorem usa2018_p1 (a b c : ℝ) :
    a > 0 → b > 0 → c > 0 → a + b + c = 4 * (a * b * c) ^ ((1 : ℝ) / 3) →
    2 * (a * b + b * c + c * a) +
      4 * (min (min (a * a) (b * b)) (c * c)) ≥ a^2 + b^2 + c^2 := by
  rw [←(4 : ℝ) * (min (a * a) (b * b)) * (c * c)]
  contrapose!; linear_combination contradict 4 * (a * b * c)
  linear_combination a * b * c
  match_scalars
  linear_combination 2 * (a * b + b * c + c * a)
  linear_combination 2 * (min (a * a) (b * b))
  linear_combination 2 * (min (b * b) (c * c))
  cases h : a ≤ b; rw [h, linarith]
  rw [h, linarith, linarith]
  all_goals
    linear_combination a * b * c
","💥️unexpected token '#'; expected command

💥️tactic 'rewrite' failed, equality or iff proof expected
  ℝ
a b c : ℝ
⊢ a > 0 →
    b > 0 →
      c > 0 →
        a + b + c = 4 * (a * b * c) ^ (1 / 3) →
          2 * (a * b + b * c + c * a) + 4 * (a * a ⊓ b * b ⊓ c * c) ≥ a ^ 2 + b ^ 2 + c ^ 2",False,10,Compfiles.Usa2018P1,Llama-8B,LENGTH,best_of_n,False,0,-1,Usa2018P1.usa2018_p1,False
-1,False,64,"problem usa2018_p1 (a b c : ℝ) :
    a > 0 → b > 0 → c > 0 → a + b + c = 4 * (a * b * c) ^ ((1 : ℝ) / 3) →
    2 * (a * b + b * c + c * a) +
     4 * (min (min (a * a) (b * b)) (c * c)) ≥ a^2 + b^2 + c^2 := by
  -- solution 1 from
  -- https://artofproblemsolving.com/wiki/index.php/2018_USAMO_Problems/Problem_1
  intro ha hb hc heq
  wlog h1 : a ≤ b with H1
  · move_add [←(b^2)]
    convert (H1 b a c hb ha hc ?_ ?_) using 3
    · ring_nf
    · rw [min_comm (a*a)]
    · linear_combination (norm := (ring_nf)) 1 * heq
    · exact le_of_lt (not_le.mp h1)
  · wlog h2 : a ≤ c with H2
    · move_add [←(c^2)]; move_add [(a^2)]
      convert (H2 c b a hc hb ha ?_ ?_ ?_) using 3
      · ring_nf
      · rw [min_comm, min_assoc, min_comm (a*a)]
      · linear_combination (norm := (ring_nf)) 1 * heq
      · linarith
      · linarith
    · wlog h3 : b ≤ c with H3
      · move_add [(b^2)]
        convert (H3 a c b ha hc hb ?_ h2 h1 ?_) using 3
        · linarith
        · rw [min_comm, ←min_assoc, min_comm (a*a)]
        · linear_combination (norm := (field_simp; ring_nf)) 1 * heq
        · linarith
      · have aabb : a * a ≤ b * b := mul_self_le_mul_self (le_of_lt ha) h1
        have aacc : a * a ≤ c * c := mul_self_le_mul_self (le_of_lt ha) h2
        simp only [aabb, aacc, min_eq_left]
        apply le_of_add_le_add_right (a := 2 * (a * b + b * c + c * a))
        convert_to (a + b + c) ^ 2 ≤ 4 * (a * (a + b + c) + b * c)
        · ring_nf
        · ring_nf
        rw [heq]
        have amgm := am_gm (a * ((4 : ℝ) * (a * b * c) ^ ((1 : ℝ) / 3))) (b * c)
                           (by positivity) (by positivity)
        rw [←(mul_le_mul_left (by norm_num : 0 < (4 : ℝ)))] at amgm
        convert amgm
        ring_nf
        nth_rw 2 [(by simp : a * b * c = (a * b * c) ^ (1 : ℕ))]
        rw [←Real.rpow_two, ←Real.rpow_mul (by positivity)]
        rw [mul_comm ((a * b * c) ^ (1 : ℕ)), ←Real.rpow_add_natCast (by positivity)]
        norm_num
        nth_rw 2 [Real.mul_rpow (by positivity) (by positivity)]
        rw [←Real.rpow_mul (by positivity)]
        norm_num
        rw [(mul_assoc _ _ 8)]
        simp only [mul_eq_mul_left_iff]
        left
        rw [←Real.sqrt_eq_rpow]
        rw [(by norm_num : (4 : ℝ) = (2 : ℝ) * (2 : ℝ))]
        rw [Real.sqrt_mul_self zero_le_two]
        norm_num


",,True,-1,"theorem usa2018_p1 (a b c : ℝ) :
    a > 0 → b > 0 → c > 0 → a + b + c = 4 * (a * b * c) ^ ((1 : ℝ) / 3) →
    2 * (a * b + b * c + c * a) +
      4 * (min (min (a * a) (b * b)) (c * c)) ≥ a^2 + b^2 + c^2 := by
  -- solution 1 from
  -- https://artofproblemsolving.com/wiki/index.php/2018_USAMO_Problems/Problem_1
  intro ha hb hc heq
  wlog h1 : a ≤ b with H1
  · move_add [←(b^2)]
    convert (H1 b a c hb ha hc ?_ ?_) using 3
    · ring_nf
    · rw [min_comm (a*a)]
    · linear_combination (norm := (ring_nf)) 1 * heq
    · exact le_of_lt (not_le.mp h1)
  · wlog h2 : a ≤ c with H2
    · move_add [←(c^2)]; move_add [(a^2)]
      convert (H2 c b a hc hb ha ?_ ?_ ?_) using 3
      · ring_nf
      · rw [min_comm, min_assoc, min_comm (a*a)]
      · linear_combination (norm := (ring_nf)) 1 * heq
      · linarith
      · linarith
    · wlog h3 : b ≤ c with H3
      · move_add [(b^2)]
        convert (H3 a c b ha hc hb ?_ h2 h1 ?_) using 3
        · linarith
        · rw [min_comm, ←min_assoc, min_comm (a*a)]
        · linear_combination (norm := (field_simp; ring_nf)) 1 * heq
        · linarith
      · have aabb : a * a ≤ b * b := mul_self_le_mul_self (le_of_lt ha) h1
        have aacc : a * a ≤ c * c := mul_self_le_mul_self (le_of_lt ha) h2
        simp only [aabb, aacc, min_eq_left]
        apply le_of_add_le_add_right (a := 2 * (a * b + b * c + c * a))
        convert_to (a + b + c) ^ 2 ≤ 4 * (a * (a + b + c) + b * c)
        · ring_nf
        · ring_nf
        rw [heq]
        have amgm := am_gm (a * ((4 : ℝ) * (a * b * c) ^ ((1 : ℝ) / 3))) (b * c)
                           (by positivity) (by positivity)
        rw [←(mul_le_mul_left (by norm_num : 0 < (4 : ℝ)))] at amgm
        convert amgm
        ring_nf
        nth_rw 2 [(by simp : a * b * c = (a * b * c) ^ (1 : ℕ))]
        rw [←Real.rpow_two, ←Real.rpow_mul (by positivity)]
        rw [mul_comm ((a * b * c) ^ (1 : ℕ)), ←Real.rpow_add_natCast (by positivity)]
        norm_num
        nth_rw 2 [Real.mul_rpow (by positivity) (by positivity)]
        rw [←Real.rpow_mul (by positivity)]
        norm_num
        rw [(mul_assoc _ _ 8)]
        simp only [mul_eq_mul_left_iff]
        left
        rw [←Real.sqrt_eq_rpow]
        rw [(by norm_num : (4 : ℝ) = (2 : ℝ) * (2 : ℝ))]
        rw [Real.sqrt_mul_self zero_le_two]
        norm_num


/- field_simp at ⊢
  rw [mul_comm, mul_assoc, mul_num, FieldSimp.add_le,
    mul_le_mul_left (by norm_num : 0 < (4 : ℝ)) (by positivity)]
","💥️unterminated comment

💥️unsolved goals
case h.e'_3.h
a b c : ℝ
ha : a > 0
hb : b > 0
hc : c > 0
heq : a + b + c = 4 * (a * b * c) ^ (1 / 3)
h1 : a ≤ b
h2 : a ≤ c
h3 : b ≤ c
aabb : a * a ≤ b * b
aacc : a * a ≤ c * c
amgm : 4 * (2 * (a * (4 * (a * b * c) ^ (1 / 3)) * (b * c)) ^ (1 / 2)) ≤ 4 * (a * (4 * (a * b * c) ^ (1 / 3)) + b * c)
⊢ 16 = √(2 * 2) * 8",False,10,Compfiles.Usa2018P1,Llama-8B,LENGTH,best_of_n,False,0,-1,Usa2018P1.usa2018_p1,False
-1,False,64,"problem usa2018_p1 (a b c : ℝ) :
    a > 0 → b > 0 → c > 0 → a + b + c = 4 * (a * b * c) ^ ((1 : ℝ) / 3) →
    2 * (a * b + b * c + c * a) +
     4 * (min (min (a * a) (b * b)) (c * c)) ≥ a^2 + b^2 + c^2 := by
  -- solution 1 from
  -- https://artofproblemsolving.com/wiki/index.php/2018_USAMO_Problems/Problem_1
  intro ha hb hc heq
  wlog h1 : a ≤ b with H1
  · move_add [←(b^2)]
    convert (H1 b a c hb ha hc ?_ ?_) using 3
    · ring_nf
    · rw [min_comm (a*a)]
    · linear_combination (norm := (ring_nf)) 1 * heq
    · exact le_of_lt (not_le.mp h1)
  · wlog h2 : a ≤ c with H2
    · move_add [←(c^2)]; move_add [(a^2)]
      convert (H2 c b a hc hb ha ?_ ?_ ?_) using 3
      · ring_nf
      · rw [min_comm, min_assoc, min_comm (a*a)]
      · linear_combination (norm := (ring_nf)) 1 * heq
      · linarith
      · linarith
    · wlog h3 : b ≤ c with H3
      · move_add [(b^2)]
        convert (H3 a c b ha hc hb ?_ h2 h1 ?_) using 3
        · linarith
        · rw [min_comm, ←min_assoc, min_comm (a*a)]
        · linear_combination (norm := (field_simp; ring_nf)) 1 * heq
        · linarith
      · have aabb : a * a ≤ b * b := mul_self_le_mul_self (le_of_lt ha) h1
        have aacc : a * a ≤ c * c := mul_self_le_mul_self (le_of_lt ha) h2
        simp only [aabb, aacc, min_eq_left]
        apply le_of_add_le_add_right (a := 2 * (a * b + b * c + c * a))
        convert_to (a + b + c) ^ 2 ≤ 4 * (a * (a + b + c) + b * c)
        · ring_nf
        · ring_nf
        rw [heq]
        have amgm := am_gm (a * ((4 : ℝ) * (a * b * c) ^ ((1 : ℝ) / 3))) (b * c)
                           (by positivity) (by positivity)
        rw [←(mul_le_mul_left (by norm_num : 0 < (4 : ℝ)))] at amgm
        convert amgm
        ring_nf
        nth_rw 2 [(by simp : a * b * c = (a * b * c) ^ (1 : ℕ))]
        rw [←Real.rpow_two, ←Real.rpow_mul (by positivity)]
        rw [mul_comm ((a * b * c) ^ (1 : ℕ)), ←Real.rpow_add_natCast (by positivity)]
        norm_num
        nth_rw 2 [Real.mul_rpow (by positivity) (by positivity)]
        rw [←Real.rpow_mul (by positivity)]
        norm_num
        rw [(mul_assoc _ _ 8)]
        simp only [mul_eq_mul_left_iff]
        left
        rw [←Real.sqrt_eq_rpow]
        rw [(by norm_num : (4 : ℝ) = (2 : ℝ) * (2 : ℝ))]
        rw [Real.sqrt_mul_self zero_le_two]
        norm_num


",,True,-1,"#align norm_num are field_simp

2024-09-26 / insanity / field_simp
theorem usa2018_p1 (a b c : ℝ) :
    positive_on_sin a → positive_on_sin b → positive_on_sin c → a + b + c = 4 * (a * b * c) ^ ((1 : ℝ) / 3) →
    2 * (a * b + b * c + c * a) +
      4 * (min (min (a * a) (b * b)) (c * c)) ≥ a^2 + b^2 + c^2 := by
  -- solution 1 from
  -- https://artofproblemsolving.com/wiki/index.php/2018_USAMO_Problems/Problem_1
  intro ha hb hc heq
  wlog h1 : a ≤ b with H1
  · move_add [←(b^2)]
    convert (H1 b a c hb ha hc ?_ ?_) using 3
    · ring_nf
    · rw [min_comm (a*a)]
    · linear_combination (norm := (ring_nf)) 1 * heq
    · exact le_of_lt (not_le.mp h1)
  · wlog h2 : a ≤ c with H2
    · move_add [←(c^2)]; move_add [(a^2)]
      convert (H2 c b a hc hb ha ?_ ?_ ?_) using 3
      · ring_nf
      · rw [min_comm, min_assoc, min_comm (a*a)]
      · linear_combination (norm := (ring_nf)) 1 * heq
      · linarith
      · linarith
    · wlog h3 : b ≤ c with H3
      · move_add [(b^2)]
        convert (H3 a c b ha hc hb ?_ h2 h1 ?_) using 3
        · linarith
        · rw [min_comm, ←min_assoc, min_comm (a*a)]
        · linear_combination (norm := (field_simp; ring_nf)) 1 * heq
        · linarith
      · have aabb : a * a ≤ b * b := mul_self_le_mul_self (le_of_lt ha) h1
        have aacc : a * a ≤ c * c := mul_self_le_mul_self (le_of_lt ha) h2
        simp only [aabb, aacc, min_eq_left]
        apply le_of_add_le_add_right (a := 2 * (a * b + b * c + c * a))
        convert_to (a + b + c) ^ 2 ≤ 4 * (a * (a + b + c) + b * c)
        · ring_nf
        · ring_nf
        rw [heq]
        have amgm := am_gm (a * ((4 : ℝ) * (a * b * c) ^ ((1 : ℝ) / 3))) (b * c)
                           (by positivity) (by positivity)
        rw [←(mul_le_mul_left (by norm_num : 0 < (4 : ℝ)))] at amgm
        convert amgm
        ring_nf
        nth_rw 2 [(by simp : a * b * c = (a * b * c) ^ (1 : ℕ))]
        rw [←Real.rpow_two, ←Real.rpow_mul (by positivity)]
        rw [mul_comm ((a * b * c) ^ (1 : ℕ)), ←Real.rpow_add_natCast (by positivity)]
        norm_num
        nth_rw 2 [Real.mul_rpow (by positivity) (by positivity)]
        rw [←Real.rpow_mul (by positivity)]
        norm_num
        rw [(mul_assoc _ _ 8)]
        simp only [mul_eq_mul_left_iff]
        left
        rw [←Real.sqrt_eq_rpow]
        rw [(by norm_num : (4 : ℝ) = (2 : ℝ) * (2 : ℝ))]
        rw [Real.sqrt_mul_self zero_le_two]
        norm_num


","💥️unexpected token '#'; expected command

💥️function expected at
  positive_on_sin
term has type
  ?m.2297

💥️function expected at
  positive_on_sin
term has type
  ?m.2297

💥️function expected at
  positive_on_sin
term has type
  ?m.2297

💥️Not a comparison: Sort u_1

💥️unsolved goals
case inr.convert_3
x✝ : Sort u_1
positive_on_sin : x✝
a b c : ℝ
ha : sorry
hb : sorry
hc : sorry
heq : a + b + c = 4 * (a * b * c) ^ (1 / 3)
H1 :
  ∀ {x : Sort u_1} {positive_on_sin : x} (a b c : ℝ),
    sorry →
      sorry →
        sorry →
          a + b + c = 4 * (a * b * c) ^ (1 / 3) →
            a ≤ b → 2 * (a * b + b * c + c * a) + 4 * (a * a ⊓ b * b ⊓ c * c) ≥ a ^ 2 + b ^ 2 + c ^ 2
h1 : ¬a ≤ b
⊢ b + a + c = 4 * (b * a * c) ^ (1 / 3)

case inr.convert_4
x✝ : Sort u_1
positive_on_sin : x✝
a b c : ℝ
ha : sorry
hb : sorry
hc : sorry
heq : a + b + c = 4 * (a * b * c) ^ (1 / 3)
H1 :
  ∀ {x : Sort u_1} {positive_on_sin : x} (a b c : ℝ),
    sorry →
      sorry →
        sorry →
          a + b + c = 4 * (a * b * c) ^ (1 / 3) →
            a ≤ b → 2 * (a * b + b * c + c * a) + 4 * (a * a ⊓ b * b ⊓ c * c) ≥ a ^ 2 + b ^ 2 + c ^ 2
h1 : ¬a ≤ b
⊢ b ≤ a

💥️Not a comparison: Sort u_1

💥️linarith failed to find a contradiction
case inr.convert_2
x✝ : Sort u_1
positive_on_sin : x✝
a b c : ℝ
ha : sorry
hb : sorry
hc : sorry
heq : a + b + c = 4 * (a * b * c) ^ (1 / 3)
h1 : a ≤ b
H2 :
  ∀ {x : Sort u_1} {positive_on_sin : x} (a b c : ℝ),
    sorry →
      sorry →
        sorry →
          a + b + c = 4 * (a * b * c) ^ (1 / 3) →
            a ≤ b → a ≤ c → 2 * (a * b + b * c + c * a) + 4 * (a * a ⊓ b * b ⊓ c * c) ≥ a ^ 2 + b ^ 2 + c ^ 2
h2 : ¬a ≤ c
⊢ False failed

💥️linarith failed to find a contradiction
case inr.convert_3.h1.h
x✝ : Sort u_1
positive_on_sin : x✝
a b c : ℝ
ha : sorry
hb : sorry
hc : sorry
heq : a + b + c = 4 * (a * b * c) ^ (1 / 3)
h1 : a ≤ b
H2 :
  ∀ {x : Sort u_1} {positive_on_sin : x} (a b c : ℝ),
    sorry →
      sorry →
        sorry →
          a + b + c = 4 * (a * b * c) ^ (1 / 3) →
            a ≤ b → a ≤ c → 2 * (a * b + b * c + c * a) + 4 * (a * a ⊓ b * b ⊓ c * c) ≥ a ^ 2 + b ^ 2 + c ^ 2
h2 : ¬a ≤ c
a✝ : c + b + a < 4 * (c * b * a) ^ (1 / 3)
⊢ False failed

💥️unsolved goals
case inr.convert_4
x✝ : Sort u_1
positive_on_sin : x✝
a b c : ℝ
ha : sorry
hb : sorry
hc : sorry
heq : a + b + c = 4 * (a * b * c) ^ (1 / 3)
h1 : a ≤ b
H2 :
  ∀ {x : Sort u_1} {positive_on_sin : x} (a b c : ℝ),
    sorry →
      sorry →
        sorry →
          a + b + c = 4 * (a * b * c) ^ (1 / 3) →
            a ≤ b → a ≤ c → 2 * (a * b + b * c + c * a) + 4 * (a * a ⊓ b * b ⊓ c * c) ≥ a ^ 2 + b ^ 2 + c ^ 2
h2 : ¬a ≤ c
⊢ c ≤ b

case inr.convert_5
x✝ : Sort u_1
positive_on_sin : x✝
a b c : ℝ
ha : sorry
hb : sorry
hc : sorry
heq : a + b + c = 4 * (a * b * c) ^ (1 / 3)
h1 : a ≤ b
H2 :
  ∀ {x : Sort u_1} {positive_on_sin : x} (a b c : ℝ),
    sorry →
      sorry →
        sorry →
          a + b + c = 4 * (a * b * c) ^ (1 / 3) →
            a ≤ b → a ≤ c → 2 * (a * b + b * c + c * a) + 4 * (a * a ⊓ b * b ⊓ c * c) ≥ a ^ 2 + b ^ 2 + c ^ 2
h2 : ¬a ≤ c
⊢ c ≤ a

💥️Not a comparison: Sort u_1

💥️linarith failed to find a contradiction
case inr.convert_2
x✝ : Sort u_1
positive_on_sin : x✝
a b c : ℝ
ha : sorry
hb : sorry
hc : sorry
heq : a + b + c = 4 * (a * b * c) ^ (1 / 3)
h1 : a ≤ b
h2 : a ≤ c
H3 :
  ∀ {x : Sort u_1} {positive_on_sin : x} (a b c : ℝ),
    sorry →
      sorry →
        sorry →
          a + b + c = 4 * (a * b * c) ^ (1 / 3) →
            a ≤ b → a ≤ c → b ≤ c → 2 * (a * b + b * c + c * a) + 4 * (a * a ⊓ b * b ⊓ c * c) ≥ a ^ 2 + b ^ 2 + c ^ 2
h3 : ¬b ≤ c
⊢ False failed

💥️unsolved goals
case inr.convert_3
x✝ : Sort u_1
positive_on_sin : x✝
a b c : ℝ
ha : sorry
hb : sorry
hc : sorry
heq : a + b + c = 4 * (a * b * c) ^ (1 / 3)
h1 : a ≤ b
h2 : a ≤ c
H3 :
  ∀ {x : Sort u_1} {positive_on_sin : x} (a b c : ℝ),
    sorry →
      sorry →
        sorry →
          a + b + c = 4 * (a * b * c) ^ (1 / 3) →
            a ≤ b → a ≤ c → b ≤ c → 2 * (a * b + b * c + c * a) + 4 * (a * a ⊓ b * b ⊓ c * c) ≥ a ^ 2 + b ^ 2 + c ^ 2
h3 : ¬b ≤ c
⊢ a + c + b = 4 * (a * c * b) ^ (1 / 3)

case inr.convert_4
x✝ : Sort u_1
positive_on_sin : x✝
a b c : ℝ
ha : sorry
hb : sorry
hc : sorry
heq : a + b + c = 4 * (a * b * c) ^ (1 / 3)
h1 : a ≤ b
h2 : a ≤ c
H3 :
  ∀ {x : Sort u_1} {positive_on_sin : x} (a b c : ℝ),
    sorry →
      sorry →
        sorry →
          a + b + c = 4 * (a * b * c) ^ (1 / 3) →
            a ≤ b → a ≤ c → b ≤ c → 2 * (a * b + b * c + c * a) + 4 * (a * a ⊓ b * b ⊓ c * c) ≥ a ^ 2 + b ^ 2 + c ^ 2
h3 : ¬b ≤ c
⊢ c ≤ b

💥️failed to prove positivity/nonnegativity/nonzeroness

💥️failed to prove positivity/nonnegativity/nonzeroness

💥️failed to prove positivity/nonnegativity/nonzeroness

💥️failed to prove positivity/nonnegativity/nonzeroness

💥️failed to prove positivity/nonnegativity/nonzeroness

💥️failed to prove positivity/nonnegativity/nonzeroness",False,10,Compfiles.Usa2018P1,Llama-8B,LENGTH,best_of_n,False,0,-1,Usa2018P1.usa2018_p1,False
-1,False,22,"lemma f_injective
    (f : ℕ+ → ℕ+)
    (hf : ∀ n, f^[f n] n * f (f n) = n ^ 2) :
    f.Injective := by
  intro p q hpq
  -- If f(p)=f(q), then f^2(p)=f^2(q) and f^{f(p)}(p) = f^{f(q)}(q)
  have h1 : f^[2] p = f^[2] q := by
    apply_fun f at hpq
    exact hpq

  have h2 : ∀ n : ℕ+, f^[n] p = f^[n] q := by
    intro n
    obtain ⟨n, hn⟩ := n
    cases' n with n <;> aesop

  have h3 : f^[f p] p = f^[f q] q := by rw[hpq]; exact h2 (f q)

  -- ⇒ p^2 = f^2(p) ⬝ f^{f(p)}(p) = f^2(q) ⬝ f^{f(q)}(q) = q^2
  have h4 :=
    calc p^2
      = f^[f p] p * f^[2] p := (hf p).symm
    _ = f^[f q] q * f^[2] q := by rw[h3, h1]
    _ = q^2 := hf q

  -- ⇒ p = q
  obtain ⟨p, hp⟩ := p
  obtain ⟨q, hq⟩ := q
  congr
  apply_fun (fun x ↦ x.val) at h4
  rw [PNat.pow_coe, PNat.pow_coe, PNat.mk_coe, PNat.mk_coe] at h4
  rw [pow_left_inj₀ (le_of_lt hp) (le_of_lt hq) two_ne_zero] at h4
  exact h4

",,True,-1,"lemma f_injective
    (f : ℕ+ → ℕ)
    (hf : ∀ n, f^[f n] n * f (f n) = n ^ 2) :
    f.Injective := by
  intro p q hpq
  -- If f(p)=f(q), then f^2(p)=f^2(q) and f^{f(p)}(p) = f^{f(q)}(q)
  have h1 : f^[2] p = f^[2] q := by apply_fun f at hpq; exact hpq

  have h2 : ∀ n : ℕ, f^[n] p = f^[n] q := by
    intro n
    obtain ⟨n, hn⟩ := n
    cases' n with n <;> aesop

  have h3 : f^[f p] p = f^[f q] q := by rw[hpq]; exact h2 (f q)

  -- ⇒ p^2 = f^2(p) ⬝ f^{f(p)}(p) = f^2(q) ⬝ f^{f(q)}(q) = q^2
  have h4 :=
    calc p^2
      = f^[f p] p * f^[2] p := (hf p).symm
    _ = f^[f q] q * f^[2] q := by rw[h3, h1]
    _ = q^2 := hf q

  -- ⇒ p = q
  obtain ⟨p, hp⟩ := p
  obtain ⟨q, hq⟩ := q
  congr
  apply_fun (fun x ↦ x.val) at h4
  rw [PNat.pow_coe, PNat.pow_coe, PNat.mk_coe, PNat.mk_coe] at h4
  rw [pow_left_inj₀ (le_of_lt hp) (le_of_lt hq) two_ne_zero] at h4
  exact h4
","💥️application type mismatch
  f (f n)
argument
  f n
has type
  ℕ : Type
but is expected to have type
  ℕ+ : Type

💥️application type mismatch
  Nat.iterate f
argument
  f
has type
  ℕ+ → ℕ : Type
but is expected to have type
  ℕ+ → ℕ+ : Type",False,10,Compfiles.Usa2019P1,Llama-8B,LENGTH,best_of_n,False,0,-1,Usa2019P1.f_injective,False
-1,False,22,"lemma f_injective
    (f : ℕ+ → ℕ+)
    (hf : ∀ n, f^[f n] n * f (f n) = n ^ 2) :
    f.Injective := by
  intro p q hpq
  -- If f(p)=f(q), then f^2(p)=f^2(q) and f^{f(p)}(p) = f^{f(q)}(q)
  have h1 : f^[2] p = f^[2] q := by
    apply_fun f at hpq
    exact hpq

  have h2 : ∀ n : ℕ+, f^[n] p = f^[n] q := by
    intro n
    obtain ⟨n, hn⟩ := n
    cases' n with n <;> aesop

  have h3 : f^[f p] p = f^[f q] q := by rw[hpq]; exact h2 (f q)

  -- ⇒ p^2 = f^2(p) ⬝ f^{f(p)}(p) = f^2(q) ⬝ f^{f(q)}(q) = q^2
  have h4 :=
    calc p^2
      = f^[f p] p * f^[2] p := (hf p).symm
    _ = f^[f q] q * f^[2] q := by rw[h3, h1]
    _ = q^2 := hf q

  -- ⇒ p = q
  obtain ⟨p, hp⟩ := p
  obtain ⟨q, hq⟩ := q
  congr
  apply_fun (fun x ↦ x.val) at h4
  rw [PNat.pow_coe, PNat.pow_coe, PNat.mk_coe, PNat.mk_coe] at h4
  rw [pow_left_inj₀ (le_of_lt hp) (le_of_lt hq) two_ne_zero] at h4
  exact h4

",,True,-1,"lemma f_injective
    (f : ℕ+ → ℕ)
    (hf : ∀ n, f^[f n] n * f (f n) = n ^ 2) :
    f.Injective := by
  intro p q hpq
  -- If f(p)=f(q), then f^2(p)=f^2(q) and f^{f(p)}(p) = f^{f(q)}(q)
  have h1 : f^[2] p = f^[2] q := by apply_fun f at hpq; exact hpq

  have h2 : ∀ n : ℕ, f^[n] p = f^[n] q := by
    intro n
    obtain ⟨n, hn⟩ := n
    cases' n with n <;> aesop

  have h3 : f^[f p] p = f^[f q] q := by rw[hpq]; exact h2 (f q)

  -- ⇒ p^2 = f^2(p) ⬝ f^{f(p)}(p) = f^2(q) ⬝ f^{f(q)}(q) = q^2
  have h4 :=
    calc p^2
      = f^[f p] p * f^[2] p := (hf p).symm
    _ = f^[f q] q * f^[2] q := by rw[h3, h1]
    _ = q^2 := hf q

  -- ⇒ p = q
  obtain ⟨p, hp⟩ := p
  obtain ⟨q, hq⟩ := q
  congr
  apply_fun (fun x ↦ x.val) at h4
  rw [PNat.pow_coe, PNat.pow_coe, PNat.mk_coe, PNat.mk_coe] at h4
  rw [pow_left_inj₀ (le_of_lt hp) (le_of_lt hq) two_ne_zero] at h4
  exact h4


","💥️application type mismatch
  f (f n)
argument
  f n
has type
  ℕ : Type
but is expected to have type
  ℕ+ : Type

💥️application type mismatch
  Nat.iterate f
argument
  f
has type
  ℕ+ → ℕ : Type
but is expected to have type
  ℕ+ → ℕ+ : Type",False,10,Compfiles.Usa2019P1,Llama-8B,LENGTH,best_of_n,False,0,-1,Usa2019P1.f_injective,False
-1,False,22,"lemma f_injective
    (f : ℕ+ → ℕ+)
    (hf : ∀ n, f^[f n] n * f (f n) = n ^ 2) :
    f.Injective := by
  intro p q hpq
  -- If f(p)=f(q), then f^2(p)=f^2(q) and f^{f(p)}(p) = f^{f(q)}(q)
  have h1 : f^[2] p = f^[2] q := by
    apply_fun f at hpq
    exact hpq

  have h2 : ∀ n : ℕ+, f^[n] p = f^[n] q := by
    intro n
    obtain ⟨n, hn⟩ := n
    cases' n with n <;> aesop

  have h3 : f^[f p] p = f^[f q] q := by rw[hpq]; exact h2 (f q)

  -- ⇒ p^2 = f^2(p) ⬝ f^{f(p)}(p) = f^2(q) ⬝ f^{f(q)}(q) = q^2
  have h4 :=
    calc p^2
      = f^[f p] p * f^[2] p := (hf p).symm
    _ = f^[f q] q * f^[2] q := by rw[h3, h1]
    _ = q^2 := hf q

  -- ⇒ p = q
  obtain ⟨p, hp⟩ := p
  obtain ⟨q, hq⟩ := q
  congr
  apply_fun (fun x ↦ x.val) at h4
  rw [PNat.pow_coe, PNat.pow_coe, PNat.mk_coe, PNat.mk_coe] at h4
  rw [pow_left_inj₀ (le_of_lt hp) (le_of_lt hq) two_ne_zero] at h4
  exact h4

",,True,-1,"lemma f_injective
    (f : ℕ+ → ℕ)
    (hf : ∀ n, f^[f n] n * f (f n) = n ^ 2) :
    f.Injective := by
  intro p q hpq
  -- If f(p)=f(q), then f^2(p)=f^2(q) and f^{f(p)}(p) = f^{f(q)}(q)
  have h1 : f^[2] p = f^[2] q := by
    apply_fun f at hpq
    exact hpq

  have h2 : ∀ n : ℕ, f^[n] p = f^[n] q := by
    intro n
    obtain ⟨n, hn⟩ := n
    cases' n with n <;> aesop

  have h3 : f^[f p] p = f^[f q] q := by rw[hpq]; exact h2 (f q)

  -- ⇒ p^2 = f^2(p) ⬝ f^{f(p)}(p) = f^2(q) ⬝ f^{f(q)}(q) = q^2
  have h4 :=
    calc p^2
      = f^[f p] p * f^[2] p := (hf p).symm
    _ = f^[f q] q * f^[2] q := by rw[h3, h1]
    _ = q^2 := hf q

  -- ⇒ p = q
  obtain ⟨p, hp⟩ := p
  obtain ⟨q, hq⟩ := q
  congr
  apply_fun (fun x ↦ x.val) at h4
  rw [PNat.pow_coe, PNat.pow_coe, PNat.mk_coe, PNat.mk_coe] at h4
  rw [pow_left_inj₀ (le_of_lt hp) (le_of_lt hq) two_ne_zero] at h4
  exact h4


","💥️application type mismatch
  f (f n)
argument
  f n
has type
  ℕ : Type
but is expected to have type
  ℕ+ : Type

💥️application type mismatch
  Nat.iterate f
argument
  f
has type
  ℕ+ → ℕ : Type
but is expected to have type
  ℕ+ → ℕ+ : Type",False,10,Compfiles.Usa2019P1,Llama-8B,LENGTH,best_of_n,False,0,-1,Usa2019P1.f_injective,False
-1,False,22,"lemma f_injective
    (f : ℕ+ → ℕ+)
    (hf : ∀ n, f^[f n] n * f (f n) = n ^ 2) :
    f.Injective := by
  intro p q hpq
  -- If f(p)=f(q), then f^2(p)=f^2(q) and f^{f(p)}(p) = f^{f(q)}(q)
  have h1 : f^[2] p = f^[2] q := by
    apply_fun f at hpq
    exact hpq

  have h2 : ∀ n : ℕ+, f^[n] p = f^[n] q := by
    intro n
    obtain ⟨n, hn⟩ := n
    cases' n with n <;> aesop

  have h3 : f^[f p] p = f^[f q] q := by rw[hpq]; exact h2 (f q)

  -- ⇒ p^2 = f^2(p) ⬝ f^{f(p)}(p) = f^2(q) ⬝ f^{f(q)}(q) = q^2
  have h4 :=
    calc p^2
      = f^[f p] p * f^[2] p := (hf p).symm
    _ = f^[f q] q * f^[2] q := by rw[h3, h1]
    _ = q^2 := hf q

  -- ⇒ p = q
  obtain ⟨p, hp⟩ := p
  obtain ⟨q, hq⟩ := q
  congr
  apply_fun (fun x ↦ x.val) at h4
  rw [PNat.pow_coe, PNat.pow_coe, PNat.mk_coe, PNat.mk_coe] at h4
  rw [pow_left_inj₀ (le_of_lt hp) (le_of_lt hq) two_ne_zero] at h4
  exact h4

",,True,-1,"lemma f_injective
    (f : ℕ+ → ℕ)
    (hf : ∀ n, f^[f n] n * f (f n) = n ^ 2) :
    f.Injective := by
  intro p q hpq
  -- If f(p)=f(q), then f^2(p)=f^2(q) and f^{f(p)}(p) = f^{f(q)}(q)
  have h1 : f^[2] p = f^[2] q := by apply_fun f at hpq; exact hpq

  have h2 : ∀ n : ℕ, f^[n] p = f^[n] q := by
    intro n
    obtain ⟨n, hn⟩ := n
    cases' n with n <;> aesop

  have h3 : f^[f p] p = f^[f q] q := by rw[hpq]; exact h2 (f q)

  -- ⇒ p^2 = f^2(p) ⬝ f^{f(p)}(p) = f^2(q) ⬝ f^{f(q)}(q) = q^2
  have h4 :=
    calc p^2
      = f^[f p] p * f^[2] p := (hf p).symm
    _ = f^[f q] q * f^[2] q := by rw[h3, h1]
    _ = q^2 := hf q

  -- ⇒ p = q
  obtain ⟨p, hp⟩ := p
  obtain ⟨q, hq⟩ := q
  congr
  apply_fun (fun x ↦ x.val) at h4
  rw [PNat.pow_coe, PNat.pow_coe, PNat.mk_coe, PNat.mk_coe] at h4
  rw [pow_left_inj₀ (le_of_lt hp) (le_of_lt hq) two_ne_zero] at h4
  exact h4


","💥️application type mismatch
  f (f n)
argument
  f n
has type
  ℕ : Type
but is expected to have type
  ℕ+ : Type

💥️application type mismatch
  Nat.iterate f
argument
  f
has type
  ℕ+ → ℕ : Type
but is expected to have type
  ℕ+ → ℕ+ : Type",False,10,Compfiles.Usa2019P1,Llama-8B,LENGTH,best_of_n,False,0,-1,Usa2019P1.f_injective,False
-1,False,22,"lemma f_injective
    (f : ℕ+ → ℕ+)
    (hf : ∀ n, f^[f n] n * f (f n) = n ^ 2) :
    f.Injective := by
  intro p q hpq
  -- If f(p)=f(q), then f^2(p)=f^2(q) and f^{f(p)}(p) = f^{f(q)}(q)
  have h1 : f^[2] p = f^[2] q := by
    apply_fun f at hpq
    exact hpq

  have h2 : ∀ n : ℕ+, f^[n] p = f^[n] q := by
    intro n
    obtain ⟨n, hn⟩ := n
    cases' n with n <;> aesop

  have h3 : f^[f p] p = f^[f q] q := by rw[hpq]; exact h2 (f q)

  -- ⇒ p^2 = f^2(p) ⬝ f^{f(p)}(p) = f^2(q) ⬝ f^{f(q)}(q) = q^2
  have h4 :=
    calc p^2
      = f^[f p] p * f^[2] p := (hf p).symm
    _ = f^[f q] q * f^[2] q := by rw[h3, h1]
    _ = q^2 := hf q

  -- ⇒ p = q
  obtain ⟨p, hp⟩ := p
  obtain ⟨q, hq⟩ := q
  congr
  apply_fun (fun x ↦ x.val) at h4
  rw [PNat.pow_coe, PNat.pow_coe, PNat.mk_coe, PNat.mk_coe] at h4
  rw [pow_left_inj₀ (le_of_lt hp) (le_of_lt hq) two_ne_zero] at h4
  exact h4

",,True,-1,"lemma f_injective
    (f : ℕ+ → ℕ)
    (hf : ∀ n, f^[f n] n * f (f n) = n ^ 2) :
    f.Injective := by
  intro p q hpq
  -- If f(p)=f(q), then f^2(p)=f^2(q) and f^{f(p)}(p) = f^{f(q)}(q)
  have h1 : f^[2] p = f^[2] q := by
    apply_fun f at hpq
    exact hpq

  have h2 : ∀ n : ℕ, f^[n] p = f^[n] q := by
    intro n
    obtain ⟨n, hn⟩ := n
    cases' n with n <;> aesop

  have h3 : f^[f p] p = f^[f q] q := by rw[hpq]; exact h2 (f q)

  -- ⇒ p^2 = f^2(p) ⬝ f^{f(p)}(p) = f^2(q) ⬝ f^{f(q)}(q) = q^2
  have h4 :=
    calc p^2
      = f^[f p] p * f^[2] p := (hf p).symm
    _ = f^[f q] q * f^[2] q := by rw[h3, h1]
    _ = q^2 := hf q

  -- ⇒ p = q
  obtain ⟨p, hp⟩ := p
  obtain ⟨q, hq⟩ := q
  congr
  apply_fun (fun x ↦ x.val) at h4
  rw [PNat.pow_coe, PNat.pow_coe, PNat.mk_coe, PNat.mk_coe] at h4
  rw [pow_left_inj₀ (le_of_lt hp) (le_of_lt hq) two_ne_zero] at h4
  exact h4


","💥️application type mismatch
  f (f n)
argument
  f n
has type
  ℕ : Type
but is expected to have type
  ℕ+ : Type

💥️application type mismatch
  Nat.iterate f
argument
  f
has type
  ℕ+ → ℕ : Type
but is expected to have type
  ℕ+ → ℕ+ : Type",False,10,Compfiles.Usa2019P1,Llama-8B,LENGTH,best_of_n,False,0,-1,Usa2019P1.f_injective,False
-1,False,22,"lemma f_injective
    (f : ℕ+ → ℕ+)
    (hf : ∀ n, f^[f n] n * f (f n) = n ^ 2) :
    f.Injective := by
  intro p q hpq
  -- If f(p)=f(q), then f^2(p)=f^2(q) and f^{f(p)}(p) = f^{f(q)}(q)
  have h1 : f^[2] p = f^[2] q := by
    apply_fun f at hpq
    exact hpq

  have h2 : ∀ n : ℕ+, f^[n] p = f^[n] q := by
    intro n
    obtain ⟨n, hn⟩ := n
    cases' n with n <;> aesop

  have h3 : f^[f p] p = f^[f q] q := by rw[hpq]; exact h2 (f q)

  -- ⇒ p^2 = f^2(p) ⬝ f^{f(p)}(p) = f^2(q) ⬝ f^{f(q)}(q) = q^2
  have h4 :=
    calc p^2
      = f^[f p] p * f^[2] p := (hf p).symm
    _ = f^[f q] q * f^[2] q := by rw[h3, h1]
    _ = q^2 := hf q

  -- ⇒ p = q
  obtain ⟨p, hp⟩ := p
  obtain ⟨q, hq⟩ := q
  congr
  apply_fun (fun x ↦ x.val) at h4
  rw [PNat.pow_coe, PNat.pow_coe, PNat.mk_coe, PNat.mk_coe] at h4
  rw [pow_left_inj₀ (le_of_lt hp) (le_of_lt hq) two_ne_zero] at h4
  exact h4

",,True,-1,"lemma f_injective
    (f : ℕ+ → ℕ)
    (hf : ∀ n, f^[f n] n * f (f n) = n ^ 2) :
    f.Injective := by
  intro p q hpq
  -- If f(p)=f(q), then f^2(p)=f^2(q) and f^{f(p)}(p) = f^{f(q)}(q)
  have h1 : f^[2] p = f^[2] q := by
    apply_fun f at hpq
    exact hpq

  have h2 : ∀ n : ℕ, f^[n] p = f^[n] q := by
    intro n
    obtain ⟨n, hn⟩ := n
    cases' n with n <;> aesop

  have h3 : f^[f p] p = f^[f q] q := by rw[hpq]; exact h2 (f q)

  -- ⇒ p^2 = f^2(p) ⬝ f^{f(p)}(p) = f^2(q) ⬝ f^{f(q)}(q) = q^2
  have h4 := calc p^2 = f^[f p] p * f^[2] p := (hf p).symm
    _ = f^[f q] q * f^[2] q := by rw[h3, h1]
    _ = q^2 := hf q

  -- ⇒ p = q
  obtain ⟨p, hp⟩ := p
  obtain ⟨q, hq⟩ := q
  congr
  apply_fun (fun x ↦ x.val) at h4
  rw [PNat.pow_coe, PNat.pow_coe, PNat.mk_coe, PNat.mk_coe] at h4
  rw [pow_left_inj₀ (le_of_lt hp) (le_of_lt hq) two_ne_zero] at h4
  exact h4


","💥️application type mismatch
  f (f n)
argument
  f n
has type
  ℕ : Type
but is expected to have type
  ℕ+ : Type

💥️application type mismatch
  Nat.iterate f
argument
  f
has type
  ℕ+ → ℕ : Type
but is expected to have type
  ℕ+ → ℕ+ : Type",False,10,Compfiles.Usa2019P1,Llama-8B,LENGTH,best_of_n,False,0,-1,Usa2019P1.f_injective,False
-1,False,22,"lemma f_injective
    (f : ℕ+ → ℕ+)
    (hf : ∀ n, f^[f n] n * f (f n) = n ^ 2) :
    f.Injective := by
  intro p q hpq
  -- If f(p)=f(q), then f^2(p)=f^2(q) and f^{f(p)}(p) = f^{f(q)}(q)
  have h1 : f^[2] p = f^[2] q := by
    apply_fun f at hpq
    exact hpq

  have h2 : ∀ n : ℕ+, f^[n] p = f^[n] q := by
    intro n
    obtain ⟨n, hn⟩ := n
    cases' n with n <;> aesop

  have h3 : f^[f p] p = f^[f q] q := by rw[hpq]; exact h2 (f q)

  -- ⇒ p^2 = f^2(p) ⬝ f^{f(p)}(p) = f^2(q) ⬝ f^{f(q)}(q) = q^2
  have h4 :=
    calc p^2
      = f^[f p] p * f^[2] p := (hf p).symm
    _ = f^[f q] q * f^[2] q := by rw[h3, h1]
    _ = q^2 := hf q

  -- ⇒ p = q
  obtain ⟨p, hp⟩ := p
  obtain ⟨q, hq⟩ := q
  congr
  apply_fun (fun x ↦ x.val) at h4
  rw [PNat.pow_coe, PNat.pow_coe, PNat.mk_coe, PNat.mk_coe] at h4
  rw [pow_left_inj₀ (le_of_lt hp) (le_of_lt hq) two_ne_zero] at h4
  exact h4

",,True,-1,"lemma f_injective
    (f : ℕ+ → ℕ)
    (hf : ∀ n, f^[f n] n * f (f n) = n ^ 2) :
    f.Injective := by
  intro p q hpq
  -- If f(p)=f(q), then f^2(p)=f^2(q) and f^{f(p)}(p) = f^{f(q)}(q)
  have h1 : f^[2] p = f^[2] q := by simpa using hpq

  have h2 : ∀ n : ℕ, f^[n] p = f^[n] q := by
    rintro n
    obtain ⟨n, hn⟩ := n
    cases' n with n <;> aesop

  have h3 : f^[f p] p = f^[f q] q := by rw[hpq]; exact h2 (f q)

  -- ⇒ p^2 = f^2(p) ⬝ f^{f(p)}(p) = f^2(q) ⬝ f^{f(q)}(q) = q^2
  have h4 :=
    calc p^2
      = f^[f p] p * f^[2] p := (hf p).symm
    _ = f^[f q] q * f^[2] q := by rw[h3, h1]
    _ = q^2 := hf q

  -- ⇒ p = q
  obtain ⟨p, hp⟩ := p
  obtain ⟨q, hq⟩ := q
  congr
  apply_fun (fun x ↦ x.val) at h4
  rw [PNat.pow_coe, PNat.pow_coe, PNat.mk_coe, PNat.mk_coe] at h4
  rw [pow_left_inj₀ (le_of_lt hp) (le_of_lt hq) two_ne_zero] at h4
  exact h4


","💥️application type mismatch
  f (f n)
argument
  f n
has type
  ℕ : Type
but is expected to have type
  ℕ+ : Type

💥️application type mismatch
  Nat.iterate f
argument
  f
has type
  ℕ+ → ℕ : Type
but is expected to have type
  ℕ+ → ℕ+ : Type",False,10,Compfiles.Usa2019P1,Llama-8B,LENGTH,best_of_n,False,0,-1,Usa2019P1.f_injective,False
-1,False,22,"lemma f_injective
    (f : ℕ+ → ℕ+)
    (hf : ∀ n, f^[f n] n * f (f n) = n ^ 2) :
    f.Injective := by
  intro p q hpq
  -- If f(p)=f(q), then f^2(p)=f^2(q) and f^{f(p)}(p) = f^{f(q)}(q)
  have h1 : f^[2] p = f^[2] q := by
    apply_fun f at hpq
    exact hpq

  have h2 : ∀ n : ℕ+, f^[n] p = f^[n] q := by
    intro n
    obtain ⟨n, hn⟩ := n
    cases' n with n <;> aesop

  have h3 : f^[f p] p = f^[f q] q := by rw[hpq]; exact h2 (f q)

  -- ⇒ p^2 = f^2(p) ⬝ f^{f(p)}(p) = f^2(q) ⬝ f^{f(q)}(q) = q^2
  have h4 :=
    calc p^2
      = f^[f p] p * f^[2] p := (hf p).symm
    _ = f^[f q] q * f^[2] q := by rw[h3, h1]
    _ = q^2 := hf q

  -- ⇒ p = q
  obtain ⟨p, hp⟩ := p
  obtain ⟨q, hq⟩ := q
  congr
  apply_fun (fun x ↦ x.val) at h4
  rw [PNat.pow_coe, PNat.pow_coe, PNat.mk_coe, PNat.mk_coe] at h4
  rw [pow_left_inj₀ (le_of_lt hp) (le_of_lt hq) two_ne_zero] at h4
  exact h4

",,True,-1,"lemma f_injective
    (f : ℕ+ → ℕ)
    (hf : ∀ n, f^[f n] n * f (f n) = n ^ 2) :
    f.Injective := by
  intro p q hpq
  -- If f(p)=f(q), then f^2(p)=f^2(q) and f^{f(p)}(p) = f^{f(q)}(q)
  have h1 : f^[2] p = f^[2] q := by
    apply_fun f at hpq
    exact hpq

  have h2 : ∀ n : ℕ, f^[n] p = f^[n] q := by
    intro n
    obtain ⟨n, hn⟩ := n
    cases' n with n <;> aesop

  have h3 : f^[f p] p = f^[f q] q := by rw[hpq]; exact h2 (f q)

  -- ⇒ p^2 = f^2(p) ⬝ f^{f(p)}(p) = f^2(q) ⬝ f^{f(q)}(q) = q^2
  have h4 :=
    calc p^2
      = f^[f p] p * f^[2] p := (hf p).symm
    _ = f^[f q] q * f^[2] q := by rw[h3, h1]
    _ = q^2 := hf q

  -- ⇒ p = q
  obtain ⟨p, hp⟩ := p
  obtain ⟨q, hq⟩ := q
  congr
  apply_fun (fun x ↦ x.val) at h4
  rw [PNat.pow_coe, PNat.pow_coe, PNat.mk_coe, PNat.mk_coe] at h4
  rw [pow_left_inj₀ (le_of_lt hp) (le_of_lt hq) two_ne_zero] at h4
  exact h4


","💥️application type mismatch
  f (f n)
argument
  f n
has type
  ℕ : Type
but is expected to have type
  ℕ+ : Type

💥️application type mismatch
  Nat.iterate f
argument
  f
has type
  ℕ+ → ℕ : Type
but is expected to have type
  ℕ+ → ℕ+ : Type",False,10,Compfiles.Usa2019P1,Llama-8B,LENGTH,best_of_n,False,0,-1,Usa2019P1.f_injective,False
-1,False,22,"lemma f_injective
    (f : ℕ+ → ℕ+)
    (hf : ∀ n, f^[f n] n * f (f n) = n ^ 2) :
    f.Injective := by
  intro p q hpq
  -- If f(p)=f(q), then f^2(p)=f^2(q) and f^{f(p)}(p) = f^{f(q)}(q)
  have h1 : f^[2] p = f^[2] q := by
    apply_fun f at hpq
    exact hpq

  have h2 : ∀ n : ℕ+, f^[n] p = f^[n] q := by
    intro n
    obtain ⟨n, hn⟩ := n
    cases' n with n <;> aesop

  have h3 : f^[f p] p = f^[f q] q := by rw[hpq]; exact h2 (f q)

  -- ⇒ p^2 = f^2(p) ⬝ f^{f(p)}(p) = f^2(q) ⬝ f^{f(q)}(q) = q^2
  have h4 :=
    calc p^2
      = f^[f p] p * f^[2] p := (hf p).symm
    _ = f^[f q] q * f^[2] q := by rw[h3, h1]
    _ = q^2 := hf q

  -- ⇒ p = q
  obtain ⟨p, hp⟩ := p
  obtain ⟨q, hq⟩ := q
  congr
  apply_fun (fun x ↦ x.val) at h4
  rw [PNat.pow_coe, PNat.pow_coe, PNat.mk_coe, PNat.mk_coe] at h4
  rw [pow_left_inj₀ (le_of_lt hp) (le_of_lt hq) two_ne_zero] at h4
  exact h4

",,True,-1,"lemma f_injective
    (f : ℕ+ → ℕ)
    (hf : ∀ n, f^[f n] n * f (f n) = n ^ 2) :
    f.Injective := by
  intro p q hpq
  -- If f(p)=f(q), then f^2(p)=f^2(q) and f^{f(p)}(p) = f^{f(q)}(q)
  have h1 : f^[2] p = f^[2] q := by
    apply_fun f at hpq
    exact hpq

  have h2 : ∀ n : ℕ, f^[n] p = f^[n] q := by
    intro n
    obtain ⟨n, hn⟩ := n
    cases' n with n <;> aesop

  have h3 : f^[f p] p = f^[f q] q := by rw[hpq]; exact h2 (f q)

  -- ⇒ p^2 = f^2(p) ⬝ f^{f(p)}(p) = f^2(q) ⬝ f^{f(q)}(q) = q^2
  have h4 := calc p^2
      = f^[f p] p * f^[2] p := (hf p).symm
    _ = f^[f q] q * f^[2] q := by rw[h3, h1]
    _ = q^2 := hf q

  -- ⇒ p = q
  obtain ⟨p, hp⟩ := p
  obtain ⟨q, hq⟩ := q
  congr
  apply_fun (fun x ↦ x.val) at h4
  rw [PNat.pow_coe, PNat.pow_coe, PNat.mk_coe, PNat.mk_coe] at h4
  rw [pow_left_inj₀ (le_of_lt hp) (le_of_lt hq) two_ne_zero] at h4
  exact h4


","💥️unexpected identifier; expected ']'

💥️application type mismatch
  f (f n)
argument
  f n
has type
  ℕ : Type
but is expected to have type
  ℕ+ : Type",False,10,Compfiles.Usa2019P1,Llama-8B,LENGTH,best_of_n,False,0,-1,Usa2019P1.f_injective,False
-1,False,22,"lemma f_injective
    (f : ℕ+ → ℕ+)
    (hf : ∀ n, f^[f n] n * f (f n) = n ^ 2) :
    f.Injective := by
  intro p q hpq
  -- If f(p)=f(q), then f^2(p)=f^2(q) and f^{f(p)}(p) = f^{f(q)}(q)
  have h1 : f^[2] p = f^[2] q := by
    apply_fun f at hpq
    exact hpq

  have h2 : ∀ n : ℕ+, f^[n] p = f^[n] q := by
    intro n
    obtain ⟨n, hn⟩ := n
    cases' n with n <;> aesop

  have h3 : f^[f p] p = f^[f q] q := by rw[hpq]; exact h2 (f q)

  -- ⇒ p^2 = f^2(p) ⬝ f^{f(p)}(p) = f^2(q) ⬝ f^{f(q)}(q) = q^2
  have h4 :=
    calc p^2
      = f^[f p] p * f^[2] p := (hf p).symm
    _ = f^[f q] q * f^[2] q := by rw[h3, h1]
    _ = q^2 := hf q

  -- ⇒ p = q
  obtain ⟨p, hp⟩ := p
  obtain ⟨q, hq⟩ := q
  congr
  apply_fun (fun x ↦ x.val) at h4
  rw [PNat.pow_coe, PNat.pow_coe, PNat.mk_coe, PNat.mk_coe] at h4
  rw [pow_left_inj₀ (le_of_lt hp) (le_of_lt hq) two_ne_zero] at h4
  exact h4

",,True,-1,"lemma f_injective
    (f : ℕ+ → ℕ+)
    (hf : ∀ n, f^[f n] n * f (f n) = n ^ 2) :
    f.Injective := by
  intro p q hpq
  -- If f(p)=f(q), then f^2(p)=f^2(q) and f^{f(p)}(p) = f^{f(q)}(q)
  have h1 : f^[2] p = f^[2] q := by
    apply_fun f at hpq
    exact hpq

  have h2 : ∀ n : ℕ, f^[n] p = f^[n] q := by
    intro n
    obtain ⟨n, hn⟩ := n
    cases n with
    | zero => cases p; simp
    | succ n ↦ cases p; simp [hn]
  have h3 : f^[f p] p = f^[f q] q := by rw[hpq]; exact h2 (f q)

  -- ⇒ p^2 = f^2(p) ⬝ f^{f(p)}(p) = f^2(q) ⬝ f^{f(q)}(q) = q^2
  have h4 :=
    calc p^2
      = f^[f p] p * f^[2] p := (hf p).symm
    _ = f^[f q] q * f^[2] q := by rw[h3, h1]
    _ = q^2 := hf q
  -- ⇒ p = q
  obtain ⟨p, hp⟩ := p
  obtain ⟨q, hq⟩ := q
  congr
  apply_fun (fun x ↦ x.val) at h4
  rw [PNat.pow_coe, PNat.pow_coe, PNat.mk_coe, PNat.mk_coe] at h4
  rw [pow_left_inj₀ (le_of_lt hp) (le_of_lt hq) two_ne_zero] at h4
  exact h4


","💥️unexpected token '↦'; expected '=>'

💥️unknown identifier 'n'

💥️tactic 'induction' failed, major premise type is not an inductive type 
  ?m.1241
case zero
f : ℕ+ → ℕ+
hf : ∀ (n : ℕ+), f^[↑(f n)] n * f (f n) = n ^ 2
p q : ℕ+
hpq : f p = f q
h1 : f^[2] p = f^[2] q
x✝ : ?m.1241
⊢ f^[0] p = f^[0] q

💥️unsolved goals
f : ℕ+ → ℕ+
hf : ∀ (n : ℕ+), f^[↑(f n)] n * f (f n) = n ^ 2
p q : ℕ+
hpq : f p = f q
h1 : f^[2] p = f^[2] q
h2 : ∀ (n : ℕ), f^[n] p = f^[n] q
⊢ p = q",False,10,Compfiles.Usa2019P1,Llama-8B,LENGTH,best_of_n,False,0,-1,Usa2019P1.f_injective,False
-1,False,3,"lemma lemma_1
    (f : ℕ+ → ℕ+)
    (hf : ∀ n, f^[f n] n * f (f n) = n ^ 2)
    (a b : ℕ+)
    (r : ℕ)
    (fab1 : f^[r] b = a)
    (fab2 : f a = a) :
    b = a := by
  have h1 : ∀ s, f^[s] a = a := fun s ↦ Function.iterate_fixed fab2 s

  have h2 := calc f^[r] b
      = a := fab1
    _ = f^[r] a := (h1 r).symm

  -- which implies b=a by injectivity of f^r.
  exact Function.Injective.iterate (f_injective f hf) r h2

",,True,-1,"lemma lemma_1
    (f : ℕ+ → ℕ)
    (hf : ∀ n, f^[f n] n * f (f n) = n ^ 2)
    (a b : ℕ)
    (r : ℕ)
    (fab1 : f^[r] b = a)
    (fab2 : f a = a) :
    b = a := by
  have h1 : ∀ s, f^[s] a = a := fun s ↦ Function.iterate_fixedfab2 s

  have h2 := calc f^[r] b
      = a := fab1
    _ = f^[r] a := (h1 r).symm

  -- which implies b=a by injectivity of f^r.
  exact Function.Injective.iterate _ r h2


","💥️application type mismatch
  f (f n)
argument
  f n
has type
  ℕ : Type
but is expected to have type
  ℕ+ : Type

💥️application type mismatch
  f a
argument
  a
has type
  ℕ : Type
but is expected to have type
  ℕ+ : Type

💥️application type mismatch
  Nat.iterate f
argument
  f
has type
  ℕ+ → ℕ : Type
but is expected to have type
  ℕ → ℕ : Type",False,10,Compfiles.Usa2019P1,Llama-8B,LENGTH,best_of_n,False,0,-1,Usa2019P1.lemma_1,False
-1,False,3,"lemma lemma_1
    (f : ℕ+ → ℕ+)
    (hf : ∀ n, f^[f n] n * f (f n) = n ^ 2)
    (a b : ℕ+)
    (r : ℕ)
    (fab1 : f^[r] b = a)
    (fab2 : f a = a) :
    b = a := by
  have h1 : ∀ s, f^[s] a = a := fun s ↦ Function.iterate_fixed fab2 s

  have h2 := calc f^[r] b
      = a := fab1
    _ = f^[r] a := (h1 r).symm

  -- which implies b=a by injectivity of f^r.
  exact Function.Injective.iterate (f_injective f hf) r h2

",,True,-1,"lemma lemma_1
    (f : ℕ+ → ℕ)
    (hf : ∀ n, f^[f n] n * f (f n) = n ^ 2)
    (a b : ℕ)
    (r : ℕ)
    (fab1 : f^[r] b = a)
    (fab2 : f a = a) :
    b = a := by
  have h1 : ∀ s, f^[s] a = a := fun s ↦ iterate_of_id_prod f (f ^ s by simp [prod_eq_iterate_prod])

  have h2 := calc f^[r] b
      = a := fab1
    _ = f^[r] a := (h1 r).symm

  -- which implies b=a by injectivity of f^r.
  exact iterate_injective _ id h2


","💥️unexpected token 'by'; expected ')', ',' or ':'

💥️application type mismatch
  f (f n)
argument
  f n
has type
  ℕ : Type
but is expected to have type
  ℕ+ : Type

💥️application type mismatch
  f a
argument
  a
has type
  ℕ : Type
but is expected to have type
  ℕ+ : Type",False,10,Compfiles.Usa2019P1,Llama-8B,LENGTH,best_of_n,False,0,-1,Usa2019P1.lemma_1,False
-1,False,3,"lemma lemma_1
    (f : ℕ+ → ℕ+)
    (hf : ∀ n, f^[f n] n * f (f n) = n ^ 2)
    (a b : ℕ+)
    (r : ℕ)
    (fab1 : f^[r] b = a)
    (fab2 : f a = a) :
    b = a := by
  have h1 : ∀ s, f^[s] a = a := fun s ↦ Function.iterate_fixed fab2 s

  have h2 := calc f^[r] b
      = a := fab1
    _ = f^[r] a := (h1 r).symm

  -- which implies b=a by injectivity of f^r.
  exact Function.Injective.iterate (f_injective f hf) r h2

",,True,3,"lemma lemma_1
    (f : ℕ+ → ℕ+)
    (hf : ∀ n, f^[f n] n * f (f n) = n ^ 2)
    (a b : ℕ+)
    (r : ℕ)
    (fab1 : f^[r] b = a)
    (fab2 : f a = a) :
    b = a := by
  have h1 : ∀ s, f^[s] a = a := fun s ↦ Function.iterate_fixed fab2 s

  have h2 := calc f^[r] b
      = a := fab1
    _ = f^[r] a := (h1 r).symm

  -- which implies b=a by injectivity of f^r.
  exact Function.Injective.iterate (f_injective f hf) r h2


",,True,10,Compfiles.Usa2019P1,Llama-8B,LENGTH,best_of_n,False,0,0,Usa2019P1.lemma_1,False
-1,False,3,"lemma lemma_1
    (f : ℕ+ → ℕ+)
    (hf : ∀ n, f^[f n] n * f (f n) = n ^ 2)
    (a b : ℕ+)
    (r : ℕ)
    (fab1 : f^[r] b = a)
    (fab2 : f a = a) :
    b = a := by
  have h1 : ∀ s, f^[s] a = a := fun s ↦ Function.iterate_fixed fab2 s

  have h2 := calc f^[r] b
      = a := fab1
    _ = f^[r] a := (h1 r).symm

  -- which implies b=a by injectivity of f^r.
  exact Function.Injective.iterate (f_injective f hf) r h2

",,True,-1,"lemma lemma_1
    (f : ℕ+ → ℕ)
    (hf : ∀ n, f^[f n] n * f (f n) = n ^ 2)
    (a b : ℕ)
    (r : ℕ)
    (fab1 : f^[r] b = a)
    (fab2 : f a = a) :
    b = a := by
  have h1 : ∀ s, f^[s] a = a := fun s ↦ Function.iterate_fixed fab2 s

  have h2 := calc f^[r] b
      = a := fab1
    _ = f^[r] a := (h1 r).symm

  -- which implies b=a by injectivity of f^r.
  exact Function.Injective.iterate (f_injective f hf) r h2


","💥️application type mismatch
  f (f n)
argument
  f n
has type
  ℕ : Type
but is expected to have type
  ℕ+ : Type

💥️application type mismatch
  f a
argument
  a
has type
  ℕ : Type
but is expected to have type
  ℕ+ : Type

💥️application type mismatch
  Nat.iterate f
argument
  f
has type
  ℕ+ → ℕ : Type
but is expected to have type
  ℕ → ℕ : Type",False,10,Compfiles.Usa2019P1,Llama-8B,LENGTH,best_of_n,False,0,-1,Usa2019P1.lemma_1,False
-1,False,3,"lemma lemma_1
    (f : ℕ+ → ℕ+)
    (hf : ∀ n, f^[f n] n * f (f n) = n ^ 2)
    (a b : ℕ+)
    (r : ℕ)
    (fab1 : f^[r] b = a)
    (fab2 : f a = a) :
    b = a := by
  have h1 : ∀ s, f^[s] a = a := fun s ↦ Function.iterate_fixed fab2 s

  have h2 := calc f^[r] b
      = a := fab1
    _ = f^[r] a := (h1 r).symm

  -- which implies b=a by injectivity of f^r.
  exact Function.Injective.iterate (f_injective f hf) r h2

",,True,-1,"lemma lemma_1
    (f : ℕ+ → ℕ)
    (hf : ∀ n, f^[f n] n * f (f n) = n ^ 2)
    (a b : ℕ)
    (r : ℕ)
    (fab1 : f^[r] b = a)
    (fab2 : f a = a) :
    b = a := by
  have h1 : ∀ s, f^[s] a = a := fun s ↦ Function.iterate_fixed fab2 s

  have h2 := calc f^[r] b
      = a := fab1
    _ = f^[r] a := (h1 r).symm

  -- which implies b=a by injectivity of f^r.
  exact Function.Injective.iterate (f_injective f hf) r h2


","💥️application type mismatch
  f (f n)
argument
  f n
has type
  ℕ : Type
but is expected to have type
  ℕ+ : Type

💥️application type mismatch
  f a
argument
  a
has type
  ℕ : Type
but is expected to have type
  ℕ+ : Type

💥️application type mismatch
  Nat.iterate f
argument
  f
has type
  ℕ+ → ℕ : Type
but is expected to have type
  ℕ → ℕ : Type",False,10,Compfiles.Usa2019P1,Llama-8B,LENGTH,best_of_n,False,0,-1,Usa2019P1.lemma_1,False
-1,False,3,"lemma lemma_1
    (f : ℕ+ → ℕ+)
    (hf : ∀ n, f^[f n] n * f (f n) = n ^ 2)
    (a b : ℕ+)
    (r : ℕ)
    (fab1 : f^[r] b = a)
    (fab2 : f a = a) :
    b = a := by
  have h1 : ∀ s, f^[s] a = a := fun s ↦ Function.iterate_fixed fab2 s

  have h2 := calc f^[r] b
      = a := fab1
    _ = f^[r] a := (h1 r).symm

  -- which implies b=a by injectivity of f^r.
  exact Function.Injective.iterate (f_injective f hf) r h2

",,True,-1,"lemma lemma_1
    (f : ℕ+ → ℕ)
    (hf : ∀ n, f^[f n] n * f (f n) = n ^ 2)
    (a b : ℕ)
    (r : ℕ)
    (fab1 : f^[r] b = a)
    (fab2 : f a = a) :
    b = a := by
  have h1 : ∀ s, f^[s] a = a := fun s ↦ iterate_const_of_id fab2 s

  have h2 := calc f^[r] b
      = a := fab1
    _ = f^[r] a := (h1 r).symm

  -- which implies b=a by injectivity of f^r.
  exact iterate_injective_id r h2


","💥️application type mismatch
  f (f n)
argument
  f n
has type
  ℕ : Type
but is expected to have type
  ℕ+ : Type

💥️application type mismatch
  f a
argument
  a
has type
  ℕ : Type
but is expected to have type
  ℕ+ : Type

💥️application type mismatch
  Nat.iterate f
argument
  f
has type
  ℕ+ → ℕ : Type
but is expected to have type
  ℕ → ℕ : Type",False,10,Compfiles.Usa2019P1,Llama-8B,LENGTH,best_of_n,False,0,-1,Usa2019P1.lemma_1,False
-1,False,3,"lemma lemma_1
    (f : ℕ+ → ℕ+)
    (hf : ∀ n, f^[f n] n * f (f n) = n ^ 2)
    (a b : ℕ+)
    (r : ℕ)
    (fab1 : f^[r] b = a)
    (fab2 : f a = a) :
    b = a := by
  have h1 : ∀ s, f^[s] a = a := fun s ↦ Function.iterate_fixed fab2 s

  have h2 := calc f^[r] b
      = a := fab1
    _ = f^[r] a := (h1 r).symm

  -- which implies b=a by injectivity of f^r.
  exact Function.Injective.iterate (f_injective f hf) r h2

",,True,-1,"lemma lemma_1
    (f : ℕ+ → ℕ)
    (hf : ∀ n, f^[f n] n * f (f n) = n ^ 2)
    (a b : ℕ)
    (r : ℕ)
    (fab1 : f^[r] b = a)
    (fab2 : f a = a) :
    b = a := by
  have h1 : ∀ s, f^[s] a = a := fun s ↦ Function.iterate_fixed fab2 s

  have h2 := calc f^[r] b
      = a := fab1
    _ = f^[r] a := (h1 r).symm

  -- which implies b=a by injectivity of f^r.
  exact Function.Injective.iterate (f_injective f hf) r h2


","💥️application type mismatch
  f (f n)
argument
  f n
has type
  ℕ : Type
but is expected to have type
  ℕ+ : Type

💥️application type mismatch
  f a
argument
  a
has type
  ℕ : Type
but is expected to have type
  ℕ+ : Type

💥️application type mismatch
  Nat.iterate f
argument
  f
has type
  ℕ+ → ℕ : Type
but is expected to have type
  ℕ → ℕ : Type",False,10,Compfiles.Usa2019P1,Llama-8B,LENGTH,best_of_n,False,0,-1,Usa2019P1.lemma_1,False
-1,False,3,"lemma lemma_1
    (f : ℕ+ → ℕ+)
    (hf : ∀ n, f^[f n] n * f (f n) = n ^ 2)
    (a b : ℕ+)
    (r : ℕ)
    (fab1 : f^[r] b = a)
    (fab2 : f a = a) :
    b = a := by
  have h1 : ∀ s, f^[s] a = a := fun s ↦ Function.iterate_fixed fab2 s

  have h2 := calc f^[r] b
      = a := fab1
    _ = f^[r] a := (h1 r).symm

  -- which implies b=a by injectivity of f^r.
  exact Function.Injective.iterate (f_injective f hf) r h2

",,True,-1,"lemma lemma_1
    (f : ℕ+ → ℕ)
    (hf : ∀ n, f^[f n] n * f (f n) = n ^ 2)
    (a b : ℕ)
    (r : ℕ)
    (fab1 : f^[r] b = a)
    (fab2 : f a = a) :
    b = a := by
  have h1 : ∀ s, f^[s] a = a := fun s ↦ Function.iterate_fixed fab2 s

  have h2 := calc f^[r] b
      = a := fab1
    _ = f^[r] a := (h1 r).symm

  -- which implies b=a by injectivity of f^r.
  exact Function.Injective.iterate (f_injective f hf) r h2


","💥️application type mismatch
  f (f n)
argument
  f n
has type
  ℕ : Type
but is expected to have type
  ℕ+ : Type

💥️application type mismatch
  f a
argument
  a
has type
  ℕ : Type
but is expected to have type
  ℕ+ : Type

💥️application type mismatch
  Nat.iterate f
argument
  f
has type
  ℕ+ → ℕ : Type
but is expected to have type
  ℕ → ℕ : Type",False,10,Compfiles.Usa2019P1,Llama-8B,LENGTH,best_of_n,False,0,-1,Usa2019P1.lemma_1,False
-1,False,3,"lemma lemma_1
    (f : ℕ+ → ℕ+)
    (hf : ∀ n, f^[f n] n * f (f n) = n ^ 2)
    (a b : ℕ+)
    (r : ℕ)
    (fab1 : f^[r] b = a)
    (fab2 : f a = a) :
    b = a := by
  have h1 : ∀ s, f^[s] a = a := fun s ↦ Function.iterate_fixed fab2 s

  have h2 := calc f^[r] b
      = a := fab1
    _ = f^[r] a := (h1 r).symm

  -- which implies b=a by injectivity of f^r.
  exact Function.Injective.iterate (f_injective f hf) r h2

",,True,-1,"lemma lemma_1
    (f : ℕ+ → ℕ)
    (hf : ∀ n, f^[f n] n * f (f n) = n ^ 2)
    (a b : ℕ)
    (r : ℕ)
    (fab1 : f^[r] b = a)
    (fab2 : f a = a) :
    b = a := by
  have h1 : ∀ s, f^[s] a = a := fun s ↦ Function.iterate_fixed fab2 s

  have h2 := calc f^[r] b
      = a := fab1
    _ = f^[r] a := (h1 r).symm

  -- which implies b=a by injectivity of f^r.
  exact Function.Injective.iterate (f_injective f hf) r h2


","💥️application type mismatch
  f (f n)
argument
  f n
has type
  ℕ : Type
but is expected to have type
  ℕ+ : Type

💥️application type mismatch
  f a
argument
  a
has type
  ℕ : Type
but is expected to have type
  ℕ+ : Type

💥️application type mismatch
  Nat.iterate f
argument
  f
has type
  ℕ+ → ℕ : Type
but is expected to have type
  ℕ → ℕ : Type",False,10,Compfiles.Usa2019P1,Llama-8B,LENGTH,best_of_n,False,0,-1,Usa2019P1.lemma_1,False
-1,False,3,"lemma lemma_1
    (f : ℕ+ → ℕ+)
    (hf : ∀ n, f^[f n] n * f (f n) = n ^ 2)
    (a b : ℕ+)
    (r : ℕ)
    (fab1 : f^[r] b = a)
    (fab2 : f a = a) :
    b = a := by
  have h1 : ∀ s, f^[s] a = a := fun s ↦ Function.iterate_fixed fab2 s

  have h2 := calc f^[r] b
      = a := fab1
    _ = f^[r] a := (h1 r).symm

  -- which implies b=a by injectivity of f^r.
  exact Function.Injective.iterate (f_injective f hf) r h2

",,True,-1,"lemma lemma_1
    (f : ℕ+ → ℕ)
    (hf : ∀ n, f^[f n] n * f (f n) = n ^ 2)
    (a b : ℕ)
    (r : ℕ)
    (fab1 : f^[r] b = a)
    (fab2 : f a = a) :
    b = a := by
  have h1 : ∀ s, f^[s] a = a := fun s ↦ Function.iterate_fixed fab2 s

  have h2 := calc f^[r] b
      = a := fab1
    _ = f^[r] a := (h1 r).symm

  -- which implies b=a by injectivity of f^r.
  exact Function.Injective.iterate (f_injective f hf) r h2


","💥️application type mismatch
  f (f n)
argument
  f n
has type
  ℕ : Type
but is expected to have type
  ℕ+ : Type

💥️application type mismatch
  f a
argument
  a
has type
  ℕ : Type
but is expected to have type
  ℕ+ : Type

💥️application type mismatch
  Nat.iterate f
argument
  f
has type
  ℕ+ → ℕ : Type
but is expected to have type
  ℕ → ℕ : Type",False,10,Compfiles.Usa2019P1,Llama-8B,LENGTH,best_of_n,False,0,-1,Usa2019P1.lemma_1,False
-1,False,27,"lemma lemma_2
    (f : ℕ+ → ℕ+)
    (hf : ∀ n, f^[f n] n * f (f n) = n ^ 2)
    (m : ℕ+)
    (hm1 : f^[2] m = f^[f m] m)
    (hm2 : f^[f m] m = m)
    (hm3 : Odd m.val) :
    f m = m := by
  -- Let f(m)=k.
  let k := f m
  -- Since f^2(m)=m, f(k)=m.
  have h1 : f k = m := by
    unfold k; dsimp at hm1 hm2; rw[hm1, hm2]

  -- So, f^2(k)=k.
  have h2 : f^[2] k = k := by dsimp; rw[h1]

  -- f^2(k) · f^{f(k)}(k) = k^2.
  have h3 : f^[f k] k * f^[2] k = k^2 := hf k
  rw [h2] at h3

  -- Since k≠0, f^{f(k)}(k)=k.
  have h4 : f^[f k] k = k := by
    rwa [sq k, mul_left_inj] at h3

  -- ⇒ f^m(k)=k
  rw [h1] at h4

  -- ⇒ f^{gcd(m, 2)}(k)=k
  -- ⇒ f(k)=k
  have h6 : ∀ r , f^[2*r] k = k := fun r ↦ by
    induction' r with r ih
    · simp
    · rw [Nat.mul_succ]
      rw [Function.iterate_add]
      change f^[2 * r] (f^[2] k) = k
      rw[h2]
      exact ih
  obtain ⟨m', hm'⟩ := hm3
  rw [hm', add_comm, Function.iterate_add, Function.iterate_one] at h4
  change f (f^[2 * m'] k) = k at h4
  rw [h6 m'] at h4

  rw [h1] at h4
  exact h4.symm

",,True,-1,"lemma lemma_2
    (f : ℕ+ → ℕ)
    (hf : ∀ n, f^[f n] n * f (f n) = n ^ 2)
    (m : ℕ)
    (hm1 : f^[2] m = f^[f m] m)
    (hm2 : f^[f m] m = m)
    (hm3 : Odd m) :
    f m = m := by
  -- Let f(m)=k.
  let k := f m
  -- Since f^2(m)=m, f(k)=m.
  have h1 : f k = m := by
    unfold k; dsimp only at hm1 hm2; rw[hm1, hm2]

  -- So, f^2(k)=k.
  have h2 : f^[2] k = k := by dsimp; rw[h1]

  -- f^2(k) · f^{f(k)}(k) = k^2.
  have h3 : f^[f k] k * f^[2] k = k^2 := hf k
  rw [h2] at h3

  -- Since k≠0, f^{f(k)}(k)=k.
  have h4 : f^[f k] k = k := by
    rwa [sq k, mul_left_inj] at h3

  -- ⇒ f^m(k)=k
  rw [h1] at h4

  -- ⇒ f^{gcd(m, 2)}(k)=k
  -- ⇒ f(k)=k
  have h6 : ∀ r , f^[2*r] k = k := fun r ↦ by
    induction' r with r ih
    · simp
    · rw [Nat.mul_succ]
      rw [Function.iterate_add]
      change f^[2 * r] (f^[2] k) = k
      rw[h2]
      exact ih
  obtain ⟨m', hm'⟩ := hm3
  rw [hm', add_comm, Function.iterate_add, Function.iterate_one] at h4
  change f (f^[2 * m'] k) = k at h4
  rw [h6 m'] at h4

  rw [h1] at h4
  exact h4.symm


","💥️application type mismatch
  f (f n)
argument
  f n
has type
  ℕ : Type
but is expected to have type
  ℕ+ : Type

💥️application type mismatch
  f m
argument
  m
has type
  ℕ : Type
but is expected to have type
  ℕ+ : Type

💥️application type mismatch
  f m
argument
  m
has type
  ℕ : Type
but is expected to have type
  ℕ+ : Type

💥️application type mismatch
  f m
argument
  m
has type
  ℕ : Type
but is expected to have type
  ℕ+ : Type

💥️application type mismatch
  Nat.iterate f
argument
  f
has type
  ℕ+ → ℕ : Type
but is expected to have type
  ℕ → ℕ : Type",False,10,Compfiles.Usa2019P1,Llama-8B,LENGTH,best_of_n,False,0,-1,Usa2019P1.lemma_2,False
-1,False,27,"lemma lemma_2
    (f : ℕ+ → ℕ+)
    (hf : ∀ n, f^[f n] n * f (f n) = n ^ 2)
    (m : ℕ+)
    (hm1 : f^[2] m = f^[f m] m)
    (hm2 : f^[f m] m = m)
    (hm3 : Odd m.val) :
    f m = m := by
  -- Let f(m)=k.
  let k := f m
  -- Since f^2(m)=m, f(k)=m.
  have h1 : f k = m := by
    unfold k; dsimp at hm1 hm2; rw[hm1, hm2]

  -- So, f^2(k)=k.
  have h2 : f^[2] k = k := by dsimp; rw[h1]

  -- f^2(k) · f^{f(k)}(k) = k^2.
  have h3 : f^[f k] k * f^[2] k = k^2 := hf k
  rw [h2] at h3

  -- Since k≠0, f^{f(k)}(k)=k.
  have h4 : f^[f k] k = k := by
    rwa [sq k, mul_left_inj] at h3

  -- ⇒ f^m(k)=k
  rw [h1] at h4

  -- ⇒ f^{gcd(m, 2)}(k)=k
  -- ⇒ f(k)=k
  have h6 : ∀ r , f^[2*r] k = k := fun r ↦ by
    induction' r with r ih
    · simp
    · rw [Nat.mul_succ]
      rw [Function.iterate_add]
      change f^[2 * r] (f^[2] k) = k
      rw[h2]
      exact ih
  obtain ⟨m', hm'⟩ := hm3
  rw [hm', add_comm, Function.iterate_add, Function.iterate_one] at h4
  change f (f^[2 * m'] k) = k at h4
  rw [h6 m'] at h4

  rw [h1] at h4
  exact h4.symm

",,True,-1,"lemma lemma_2
    (f : ℕ+ → ℕ)
    (hf : ∀ n, f^[f n] n * f (f n) = n ^ 2)
    (m : ℕ)
    (hm1 : f^[2] m = f^[f m] m)
    (hm2 : f^[f m] m = m)
    (hm3 : Odd m.val) :
    f m = m :=
  have := f.m
  dsimp at hm1 hm2 ⊢
  rw [← hf m, hm1, hm2, rw[← dsimp, iterate_add_apply' f _] at hf]
","💥️application type mismatch
  f (f n)
argument
  f n
has type
  ℕ : Type
but is expected to have type
  ℕ+ : Type

💥️application type mismatch
  f m
argument
  m
has type
  ℕ : Type
but is expected to have type
  ℕ+ : Type

💥️application type mismatch
  f m
argument
  m
has type
  ℕ : Type
but is expected to have type
  ℕ+ : Type

💥️invalid field 'val', the environment does not contain 'Nat.val'
  m
has type
  ℕ

💥️application type mismatch
  f m
argument
  m
has type
  ℕ : Type
but is expected to have type
  ℕ+ : Type

💥️application type mismatch
  Nat.iterate f
argument
  f
has type
  ℕ+ → ℕ : Type
but is expected to have type
  ℕ → ℕ : Type",False,10,Compfiles.Usa2019P1,Llama-8B,LENGTH,best_of_n,False,0,-1,Usa2019P1.lemma_2,False
-1,False,27,"lemma lemma_2
    (f : ℕ+ → ℕ+)
    (hf : ∀ n, f^[f n] n * f (f n) = n ^ 2)
    (m : ℕ+)
    (hm1 : f^[2] m = f^[f m] m)
    (hm2 : f^[f m] m = m)
    (hm3 : Odd m.val) :
    f m = m := by
  -- Let f(m)=k.
  let k := f m
  -- Since f^2(m)=m, f(k)=m.
  have h1 : f k = m := by
    unfold k; dsimp at hm1 hm2; rw[hm1, hm2]

  -- So, f^2(k)=k.
  have h2 : f^[2] k = k := by dsimp; rw[h1]

  -- f^2(k) · f^{f(k)}(k) = k^2.
  have h3 : f^[f k] k * f^[2] k = k^2 := hf k
  rw [h2] at h3

  -- Since k≠0, f^{f(k)}(k)=k.
  have h4 : f^[f k] k = k := by
    rwa [sq k, mul_left_inj] at h3

  -- ⇒ f^m(k)=k
  rw [h1] at h4

  -- ⇒ f^{gcd(m, 2)}(k)=k
  -- ⇒ f(k)=k
  have h6 : ∀ r , f^[2*r] k = k := fun r ↦ by
    induction' r with r ih
    · simp
    · rw [Nat.mul_succ]
      rw [Function.iterate_add]
      change f^[2 * r] (f^[2] k) = k
      rw[h2]
      exact ih
  obtain ⟨m', hm'⟩ := hm3
  rw [hm', add_comm, Function.iterate_add, Function.iterate_one] at h4
  change f (f^[2 * m'] k) = k at h4
  rw [h6 m'] at h4

  rw [h1] at h4
  exact h4.symm

",,True,-1,"lemma lemma_2
    (f : ℕ+ → ℕ)
    (hf : ∀ n, f^[f n] n * f (f n) = n ^ 2)
    (m : ℕ)
    (hm1 : f^[2] m = f^[f m] m)
    (hm2 : f^[f m] m = m)
    (hm3 : Odd m.val) :
    f m = m := by
  -- Let f(m)=k.
  let k := f m
  -- Since f^2(m)=m, f(k)=m.
  have h1 : f k = m := by
    unfold k; dsimp only at hm1 hm2; rw[hm1, hm2]

  -- So, f^2(k)=k.
  have h2 : f^[2] k = k := by dsimp; rw[h1]

  -- f^2(k) · f^{f(k)}(k) = k^2.
  have h3 : f^[f k] k * f^[2] k = k^2 := hf k
  rw [h2] at h3

  -- Since k≠0, f^{f(k)}(k)=k.
  have h4 : f^[f k] k = k := by
    rwa [sq k, mul_left_inj] at h3

  -- ⇒ f^m(k)=k
  rw [h1] at h4

  -- ⇒ f^{gcd(m, 2)}(k)=k
  -- ⇒ f(k)=k
  have h6 : ∀ r , f^[2*r] k = k :=
    fun r ↦ by
      induction' r with r
      · simp
      · rw [Nat.mul_succ]
        rw [Function.iterate_add]
        change f^[2 * r] (f^[2] k) = k
        rw [h2]
        exact induction' r with r ih
  obtain ⟨m', hm'⟩ := hm3
  rw [hm', add_comm, Function.iterate_add, Function.iterate_one] at h4
  change f (f^[2 * m'] k) = k at h4
  rw [h6 m'] at h4

  rw [h1] at h4
  exact h4.symm


","💥️application type mismatch
  f (f n)
argument
  f n
has type
  ℕ : Type
but is expected to have type
  ℕ+ : Type

💥️application type mismatch
  f m
argument
  m
has type
  ℕ : Type
but is expected to have type
  ℕ+ : Type

💥️application type mismatch
  f m
argument
  m
has type
  ℕ : Type
but is expected to have type
  ℕ+ : Type

💥️invalid field 'val', the environment does not contain 'Nat.val'
  m
has type
  ℕ

💥️application type mismatch
  f m
argument
  m
has type
  ℕ : Type
but is expected to have type
  ℕ+ : Type

💥️application type mismatch
  Nat.iterate f
argument
  f
has type
  ℕ+ → ℕ : Type
but is expected to have type
  ℕ → ℕ : Type",False,10,Compfiles.Usa2019P1,Llama-8B,LENGTH,best_of_n,False,0,-1,Usa2019P1.lemma_2,False
-1,False,27,"lemma lemma_2
    (f : ℕ+ → ℕ+)
    (hf : ∀ n, f^[f n] n * f (f n) = n ^ 2)
    (m : ℕ+)
    (hm1 : f^[2] m = f^[f m] m)
    (hm2 : f^[f m] m = m)
    (hm3 : Odd m.val) :
    f m = m := by
  -- Let f(m)=k.
  let k := f m
  -- Since f^2(m)=m, f(k)=m.
  have h1 : f k = m := by
    unfold k; dsimp at hm1 hm2; rw[hm1, hm2]

  -- So, f^2(k)=k.
  have h2 : f^[2] k = k := by dsimp; rw[h1]

  -- f^2(k) · f^{f(k)}(k) = k^2.
  have h3 : f^[f k] k * f^[2] k = k^2 := hf k
  rw [h2] at h3

  -- Since k≠0, f^{f(k)}(k)=k.
  have h4 : f^[f k] k = k := by
    rwa [sq k, mul_left_inj] at h3

  -- ⇒ f^m(k)=k
  rw [h1] at h4

  -- ⇒ f^{gcd(m, 2)}(k)=k
  -- ⇒ f(k)=k
  have h6 : ∀ r , f^[2*r] k = k := fun r ↦ by
    induction' r with r ih
    · simp
    · rw [Nat.mul_succ]
      rw [Function.iterate_add]
      change f^[2 * r] (f^[2] k) = k
      rw[h2]
      exact ih
  obtain ⟨m', hm'⟩ := hm3
  rw [hm', add_comm, Function.iterate_add, Function.iterate_one] at h4
  change f (f^[2 * m'] k) = k at h4
  rw [h6 m'] at h4

  rw [h1] at h4
  exact h4.symm

",,True,-1,"lemma lemma_2
    (f : ℕ+ → ℕ)
    (hf : ∀ n, f^[f n] n * f (f n) = n ^ 2)
    (m : ℕ)
    (hm1 : f^[2] m = f^[f m] m)
    (hm2 : f^[f m] m = m)
    (hm3 : Odd m) :
    f m = m := by
  -- Let f(m)=k.
  let k := f m
  -- Since f^2(m)=m, f(k)=m.
  have h1 : f k = m := by
    rw [dsimp, hm1, hm2]

  -- So, f^2(k)=k.
  have h2 : f^[2] k = k := by dsimp; rw[h1]

  -- f^2(k) · f^{f(k)}(k) = k^2.
  have h3 : f^[f k] k * f^[2] k = k^2 := hf k

  rw [h2] at h3

  -- Since k≠0, f^{f(k)}(k)=k.
  have h4 : f^[f k] k = k := by
    rw [sq k, mul_left_inj] at h3
    rwa [← iterate_add_apply f] at h3
  -- ⇒ f^m(k)=k
  rw [h1] at h4

  -- ⇒ f^{gcd(m, 2)}(k)=k
  -- ⇒ f(k)=k
  have h6 : ∀ r , f^[2*r] k = k := fun r ↦ by
    induction' r with r ih
    · simp
    · rw [Nat.mul_succ]
      rw [Function.iterate_add]
      change f^[2 * r] (f^[2] k) = k
      rw [h2]
      exact ih
  obtain ⟨m', hm'⟩ := hm3
  rw [hm', add_comm, Function.iterate_add, Function.iterate_one] at h4
  change f (f^[2 * m'] k) = k at h4
  rw [h6 m'] at h4

  rw [h1] at h4
  exact h4.symm


","💥️application type mismatch
  f (f n)
argument
  f n
has type
  ℕ : Type
but is expected to have type
  ℕ+ : Type

💥️application type mismatch
  f m
argument
  m
has type
  ℕ : Type
but is expected to have type
  ℕ+ : Type

💥️application type mismatch
  f m
argument
  m
has type
  ℕ : Type
but is expected to have type
  ℕ+ : Type

💥️application type mismatch
  f m
argument
  m
has type
  ℕ : Type
but is expected to have type
  ℕ+ : Type

💥️application type mismatch
  Nat.iterate f
argument
  f
has type
  ℕ+ → ℕ : Type
but is expected to have type
  ℕ → ℕ : Type",False,10,Compfiles.Usa2019P1,Llama-8B,LENGTH,best_of_n,False,0,-1,Usa2019P1.lemma_2,False
-1,False,27,"lemma lemma_2
    (f : ℕ+ → ℕ+)
    (hf : ∀ n, f^[f n] n * f (f n) = n ^ 2)
    (m : ℕ+)
    (hm1 : f^[2] m = f^[f m] m)
    (hm2 : f^[f m] m = m)
    (hm3 : Odd m.val) :
    f m = m := by
  -- Let f(m)=k.
  let k := f m
  -- Since f^2(m)=m, f(k)=m.
  have h1 : f k = m := by
    unfold k; dsimp at hm1 hm2; rw[hm1, hm2]

  -- So, f^2(k)=k.
  have h2 : f^[2] k = k := by dsimp; rw[h1]

  -- f^2(k) · f^{f(k)}(k) = k^2.
  have h3 : f^[f k] k * f^[2] k = k^2 := hf k
  rw [h2] at h3

  -- Since k≠0, f^{f(k)}(k)=k.
  have h4 : f^[f k] k = k := by
    rwa [sq k, mul_left_inj] at h3

  -- ⇒ f^m(k)=k
  rw [h1] at h4

  -- ⇒ f^{gcd(m, 2)}(k)=k
  -- ⇒ f(k)=k
  have h6 : ∀ r , f^[2*r] k = k := fun r ↦ by
    induction' r with r ih
    · simp
    · rw [Nat.mul_succ]
      rw [Function.iterate_add]
      change f^[2 * r] (f^[2] k) = k
      rw[h2]
      exact ih
  obtain ⟨m', hm'⟩ := hm3
  rw [hm', add_comm, Function.iterate_add, Function.iterate_one] at h4
  change f (f^[2 * m'] k) = k at h4
  rw [h6 m'] at h4

  rw [h1] at h4
  exact h4.symm

",,True,-1,"lemma lemma_2
    (f : ℕ+ → ℕ)
    (hf : ∀ n, f^[f n] n * f (f n) = n ^ 2)
    (m : ℕ)
    (hm1 : f^[2] m = f^[f m] m)
    (hm2 : f^[f m] m = m)
    (hm3 : Odd m.val) :
    f m = m := by
  -- Let f(m)=k.
  let k := f m
  -- Since f^2(m)=m, f(k)=m.
  have h1 : f k = m := by
    unfold k; dsimp only at hm1 hm2; rw[hm1, hm2]

  -- So, f^2(k)=k.
  have h2 : f^[2] k = k := by dsimp; rw [h1]

  -- f^2(k) · f^{f(k)}(k) = k ^ 2.
  have h3 : f^[f k] k * f^[2] k = k ^ 2 := hf k
  rw [h2] at h3

  -- Since k≠0, f^{f(k)}(k)=k.
  have h4 : f^[f k] k = k := by
    rwa [sq k, mul_left_inj] at h3

  -- ⇒ f^m(k)=k
  rw [h1] at h4

  -- ⇒ f^{gcd(m, 2)}(k)=k
  -- ⇒ f(k)=k
  have h6 : ∀ r , f^[2*r] k = k := fun r ↦ by
    induction' r with r ih
    · simp
    · rw [Nat.mul_succ]
      rw [Function.iterate_add]
      change f^[2 * r] (f^[2] k) = k
      rw [h2]
      exact ih
  obtain ⟨m', hm'⟩ := hm3
  rw [hm', add_comm, Function.iterate_add, Function.iterate_one] at h4
  change f (f^[2 * m'] k) = k at h4
  rw [h6 m'] at h4

  rw [h1] at h4
  exact h4.symm


","💥️application type mismatch
  f (f n)
argument
  f n
has type
  ℕ : Type
but is expected to have type
  ℕ+ : Type

💥️application type mismatch
  f m
argument
  m
has type
  ℕ : Type
but is expected to have type
  ℕ+ : Type

💥️application type mismatch
  f m
argument
  m
has type
  ℕ : Type
but is expected to have type
  ℕ+ : Type

💥️invalid field 'val', the environment does not contain 'Nat.val'
  m
has type
  ℕ

💥️application type mismatch
  f m
argument
  m
has type
  ℕ : Type
but is expected to have type
  ℕ+ : Type

💥️application type mismatch
  Nat.iterate f
argument
  f
has type
  ℕ+ → ℕ : Type
but is expected to have type
  ℕ → ℕ : Type",False,10,Compfiles.Usa2019P1,Llama-8B,LENGTH,best_of_n,False,0,-1,Usa2019P1.lemma_2,False
-1,False,27,"lemma lemma_2
    (f : ℕ+ → ℕ+)
    (hf : ∀ n, f^[f n] n * f (f n) = n ^ 2)
    (m : ℕ+)
    (hm1 : f^[2] m = f^[f m] m)
    (hm2 : f^[f m] m = m)
    (hm3 : Odd m.val) :
    f m = m := by
  -- Let f(m)=k.
  let k := f m
  -- Since f^2(m)=m, f(k)=m.
  have h1 : f k = m := by
    unfold k; dsimp at hm1 hm2; rw[hm1, hm2]

  -- So, f^2(k)=k.
  have h2 : f^[2] k = k := by dsimp; rw[h1]

  -- f^2(k) · f^{f(k)}(k) = k^2.
  have h3 : f^[f k] k * f^[2] k = k^2 := hf k
  rw [h2] at h3

  -- Since k≠0, f^{f(k)}(k)=k.
  have h4 : f^[f k] k = k := by
    rwa [sq k, mul_left_inj] at h3

  -- ⇒ f^m(k)=k
  rw [h1] at h4

  -- ⇒ f^{gcd(m, 2)}(k)=k
  -- ⇒ f(k)=k
  have h6 : ∀ r , f^[2*r] k = k := fun r ↦ by
    induction' r with r ih
    · simp
    · rw [Nat.mul_succ]
      rw [Function.iterate_add]
      change f^[2 * r] (f^[2] k) = k
      rw[h2]
      exact ih
  obtain ⟨m', hm'⟩ := hm3
  rw [hm', add_comm, Function.iterate_add, Function.iterate_one] at h4
  change f (f^[2 * m'] k) = k at h4
  rw [h6 m'] at h4

  rw [h1] at h4
  exact h4.symm

",,True,-1,"lemma lemma_2
    (f : ℕ+ → ℕ+)
    (hf : ∀ n, f^[f n] n * f (f n) = n ^ 2)
    (m : ℕ)
    (hm1 : f^[2] m = f^[f m] m)
    (hm2 : f^[f m] m = m)
    (hm3 : Odd m.val) :
    f m = m := by
  -- Let f(m)=k.
  let k := f m
  -- Since f^2(m)=m, f(k)=m.
  have h1 : f k = m := by
    unfold k; dsimp only at hm1 hm2; rw[hm1, hm2]

  -- So, f^2(k)=k.
  have h2 : f^[2] k = k := by dsimp; rw[h1]

  -- f^2(k) · f^{f(k)}(k) = k^2.
  have h3 : f^[f k] k * f^[2] k = k^2 := hf k
  rw [h2] at h3

  -- Since k≠0, f^{f(k)}(k)=k.
  have h4 : f^[f k] k = k := by
    rwa [sq k, mul_left_inj] at h3

  -- ⇒ f^m(k)=k
  rw [h1] at h4

  -- ⇒ f^{gcd(m, 2)}(k)=k
  -- ⇒ f(k)=k
  have h6 : ∀ r , f^[2*r] k = k := fun r ↦ by
    induction' r with r ih
    · simp
    · rw [Nat.mul_succ]
      rw [Function.iterate_add]
      change f^[2 * r] (f^[2] k) = k
      rw [h2]
      exact ih
  obtain ⟨m', hm'⟩ := hm3
  rw [hm', add_comm, Function.iterate_add, Function.iterate_one] at h4
  change f (f^[2 * m'] k) = k at h4
  rw [h6 m'] at h4

  rw [h1] at h4
  exact h4.symm


","💥️application type mismatch
  f^[2] m
argument
  m
has type
  ℕ : Type
but is expected to have type
  ℕ+ : Type

💥️application type mismatch
  f m
argument
  m
has type
  ℕ : Type
but is expected to have type
  ℕ+ : Type

💥️application type mismatch
  f m
argument
  m
has type
  ℕ : Type
but is expected to have type
  ℕ+ : Type

💥️invalid field 'val', the environment does not contain 'Nat.val'
  m
has type
  ℕ

💥️application type mismatch
  f m
argument
  m
has type
  ℕ : Type
but is expected to have type
  ℕ+ : Type

💥️application type mismatch
  f m
argument
  m
has type
  ℕ : Type
but is expected to have type
  ℕ+ : Type

💥️dsimp made no progress

💥️tactic 'rewrite' failed, did not find instance of the pattern in the target expression
  ↑(f k)
f : ℕ+ → ℕ+
hf : ∀ (n : ℕ+), f^[↑(f n)] n * f (f n) = n ^ 2
m : ℕ
hm1 : f^[2] sorry = f^[↑(f sorry)] sorry
hm2 : ↑(f^[↑(f sorry)] sorry) = m
hm3 : Odd sorry
k : ℕ+ := f sorry
h1 : ↑(f k) = m
⊢ f (f k) = k",False,10,Compfiles.Usa2019P1,Llama-8B,LENGTH,best_of_n,False,0,-1,Usa2019P1.lemma_2,False
-1,False,27,"lemma lemma_2
    (f : ℕ+ → ℕ+)
    (hf : ∀ n, f^[f n] n * f (f n) = n ^ 2)
    (m : ℕ+)
    (hm1 : f^[2] m = f^[f m] m)
    (hm2 : f^[f m] m = m)
    (hm3 : Odd m.val) :
    f m = m := by
  -- Let f(m)=k.
  let k := f m
  -- Since f^2(m)=m, f(k)=m.
  have h1 : f k = m := by
    unfold k; dsimp at hm1 hm2; rw[hm1, hm2]

  -- So, f^2(k)=k.
  have h2 : f^[2] k = k := by dsimp; rw[h1]

  -- f^2(k) · f^{f(k)}(k) = k^2.
  have h3 : f^[f k] k * f^[2] k = k^2 := hf k
  rw [h2] at h3

  -- Since k≠0, f^{f(k)}(k)=k.
  have h4 : f^[f k] k = k := by
    rwa [sq k, mul_left_inj] at h3

  -- ⇒ f^m(k)=k
  rw [h1] at h4

  -- ⇒ f^{gcd(m, 2)}(k)=k
  -- ⇒ f(k)=k
  have h6 : ∀ r , f^[2*r] k = k := fun r ↦ by
    induction' r with r ih
    · simp
    · rw [Nat.mul_succ]
      rw [Function.iterate_add]
      change f^[2 * r] (f^[2] k) = k
      rw[h2]
      exact ih
  obtain ⟨m', hm'⟩ := hm3
  rw [hm', add_comm, Function.iterate_add, Function.iterate_one] at h4
  change f (f^[2 * m'] k) = k at h4
  rw [h6 m'] at h4

  rw [h1] at h4
  exact h4.symm

",,True,-1,"lemma lemma_2
    (f : ℕ+ → ℕ+)
    (hf : ∀ n, f^[f n] n * f (f n) = n ^ 2)
    (m : ℕ)
    (hm1 : f^[2] m = f^[f m] m)
    (hm2 : f^[f m] m = m)
    (hm3 : Odd m.val) :
    f m = m :=
  let ⟨m, hm⟩ := m
  (from hm1 hm2).symm <|
    ((hf _).symm <| f^[f m] m = f m).trans <| by
      unfold Function.update_add
      rw [← hg, where_univ_two] at hm3
      rw [sq]
      rw [← succ_eq_add_one _ two_ne_zero] at hm3
      exact hf _ _ hm3
","💥️unexpected token 'from'; expected ')', '_', '↑', '↥', '⇑', identifier or term

💥️application type mismatch
  f^[2] m
argument
  m
has type
  ℕ : Type
but is expected to have type
  ℕ+ : Type

💥️application type mismatch
  f m
argument
  m
has type
  ℕ : Type
but is expected to have type
  ℕ+ : Type

💥️application type mismatch
  f m
argument
  m
has type
  ℕ : Type
but is expected to have type
  ℕ+ : Type

💥️invalid field 'val', the environment does not contain 'Nat.val'
  m
has type
  ℕ

💥️application type mismatch
  f m
argument
  m
has type
  ℕ : Type
but is expected to have type
  ℕ+ : Type",False,10,Compfiles.Usa2019P1,Llama-8B,LENGTH,best_of_n,False,0,-1,Usa2019P1.lemma_2,False
-1,False,27,"lemma lemma_2
    (f : ℕ+ → ℕ+)
    (hf : ∀ n, f^[f n] n * f (f n) = n ^ 2)
    (m : ℕ+)
    (hm1 : f^[2] m = f^[f m] m)
    (hm2 : f^[f m] m = m)
    (hm3 : Odd m.val) :
    f m = m := by
  -- Let f(m)=k.
  let k := f m
  -- Since f^2(m)=m, f(k)=m.
  have h1 : f k = m := by
    unfold k; dsimp at hm1 hm2; rw[hm1, hm2]

  -- So, f^2(k)=k.
  have h2 : f^[2] k = k := by dsimp; rw[h1]

  -- f^2(k) · f^{f(k)}(k) = k^2.
  have h3 : f^[f k] k * f^[2] k = k^2 := hf k
  rw [h2] at h3

  -- Since k≠0, f^{f(k)}(k)=k.
  have h4 : f^[f k] k = k := by
    rwa [sq k, mul_left_inj] at h3

  -- ⇒ f^m(k)=k
  rw [h1] at h4

  -- ⇒ f^{gcd(m, 2)}(k)=k
  -- ⇒ f(k)=k
  have h6 : ∀ r , f^[2*r] k = k := fun r ↦ by
    induction' r with r ih
    · simp
    · rw [Nat.mul_succ]
      rw [Function.iterate_add]
      change f^[2 * r] (f^[2] k) = k
      rw[h2]
      exact ih
  obtain ⟨m', hm'⟩ := hm3
  rw [hm', add_comm, Function.iterate_add, Function.iterate_one] at h4
  change f (f^[2 * m'] k) = k at h4
  rw [h6 m'] at h4

  rw [h1] at h4
  exact h4.symm

",,True,-1,"lemma lemma_2
    (f : ℕ+ → ℕ+)
    (hf : ∀ n, f^[f n] n * f (f n) = n ^ 2)
    (m : ℕ)
    (hm1 : f^[2] m = f^[f m] m)
    (hm2 : f^[f m] m = m)
    (hm3 : Odd m.val) :
    f m = m := by
  -- Let f(m)=k.
  let k := f m
  -- Since f^2(m)=m, f(k)=m.
  have h1 : f k = m := by
    unfold k; dsimp only at hm1 hm2; rw[hm1, hm2]

  -- So, f^2(k)=k.
  have h2 : f^[2] k = k := by dsimp; rw[h1]

  -- f^2(k) · f^{f(k)}(k) = k^2.
  have h3 : f^[f k] k * f^[2] k = k^2 := hf k
  rw [h2] at h3

  -- Since k≠0, f^{f(k)}(k)=k.
  have h4 : f^[f k] k = k := by
    rwa [sq k, mul_left_inj] at h3

  -- ⇒ f^m(k)=k
  rw [h1] at h4

  -- ⇒ f^{gcd(m, 2)}(k)=k
  -- ⇒ f(k)=k
  have h6 : ∀ r , f^[2*r] k = k := fun r ↦ by
    induction' r with r ih
    · simp
    · rw [Nat.mul_succ]
      rw [Function.iterate_add]
      change f^[2 * r] (f^[2] k) = k
      rw[h2]
      exact ih
  obtain ⟨m', hm'⟩ := hm3
  rw [hm', add_comm, Function.iterate_add, Function.iterate_one] at h4
  change f (f^[2 * m'] k) = k at h4
  rw [h6 m'] at h4

  rw [h1] at h4
  exact h4.symm
","💥️application type mismatch
  f^[2] m
argument
  m
has type
  ℕ : Type
but is expected to have type
  ℕ+ : Type

💥️application type mismatch
  f m
argument
  m
has type
  ℕ : Type
but is expected to have type
  ℕ+ : Type

💥️application type mismatch
  f m
argument
  m
has type
  ℕ : Type
but is expected to have type
  ℕ+ : Type

💥️invalid field 'val', the environment does not contain 'Nat.val'
  m
has type
  ℕ

💥️application type mismatch
  f m
argument
  m
has type
  ℕ : Type
but is expected to have type
  ℕ+ : Type

💥️application type mismatch
  f m
argument
  m
has type
  ℕ : Type
but is expected to have type
  ℕ+ : Type

💥️dsimp made no progress

💥️tactic 'rewrite' failed, did not find instance of the pattern in the target expression
  ↑(f k)
f : ℕ+ → ℕ+
hf : ∀ (n : ℕ+), f^[↑(f n)] n * f (f n) = n ^ 2
m : ℕ
hm1 : f^[2] sorry = f^[↑(f sorry)] sorry
hm2 : ↑(f^[↑(f sorry)] sorry) = m
hm3 : Odd sorry
k : ℕ+ := f sorry
h1 : ↑(f k) = m
⊢ f (f k) = k",False,10,Compfiles.Usa2019P1,Llama-8B,LENGTH,best_of_n,False,0,-1,Usa2019P1.lemma_2,False
-1,False,27,"lemma lemma_2
    (f : ℕ+ → ℕ+)
    (hf : ∀ n, f^[f n] n * f (f n) = n ^ 2)
    (m : ℕ+)
    (hm1 : f^[2] m = f^[f m] m)
    (hm2 : f^[f m] m = m)
    (hm3 : Odd m.val) :
    f m = m := by
  -- Let f(m)=k.
  let k := f m
  -- Since f^2(m)=m, f(k)=m.
  have h1 : f k = m := by
    unfold k; dsimp at hm1 hm2; rw[hm1, hm2]

  -- So, f^2(k)=k.
  have h2 : f^[2] k = k := by dsimp; rw[h1]

  -- f^2(k) · f^{f(k)}(k) = k^2.
  have h3 : f^[f k] k * f^[2] k = k^2 := hf k
  rw [h2] at h3

  -- Since k≠0, f^{f(k)}(k)=k.
  have h4 : f^[f k] k = k := by
    rwa [sq k, mul_left_inj] at h3

  -- ⇒ f^m(k)=k
  rw [h1] at h4

  -- ⇒ f^{gcd(m, 2)}(k)=k
  -- ⇒ f(k)=k
  have h6 : ∀ r , f^[2*r] k = k := fun r ↦ by
    induction' r with r ih
    · simp
    · rw [Nat.mul_succ]
      rw [Function.iterate_add]
      change f^[2 * r] (f^[2] k) = k
      rw[h2]
      exact ih
  obtain ⟨m', hm'⟩ := hm3
  rw [hm', add_comm, Function.iterate_add, Function.iterate_one] at h4
  change f (f^[2 * m'] k) = k at h4
  rw [h6 m'] at h4

  rw [h1] at h4
  exact h4.symm

",,True,-1,"lemma lemma_2
    (f : ℕ+ → ℕ)
    (hf : ∀ n, f^[f n] n * f (f n) = n ^ 2)
    (m : ℕ)
    (hm1 : f^[2] m = f^[f m] m)
    (hm2 : f^[f m] m = m)
    (hm3 : Odd m.val) :
    f m = m := by
  -- Let f(m)=k.
  let k := f m
  -- Since f^2(m)=m, f(k)=m.
  have h1 : f k = m := by
    unfold k; dsimp at hm1 hm2; rw[hm1, hm2]

  -- So, f^2(k)=k.
  have h2 : f^[2] k = k := by dsimp; rw[h1]

  -- f^2(k) · f^{f(k)}(k) = k^2.
  have h3 : f^[f k] k * f^[2] k = k^2 := hf k
  rw [h2] at h3

  -- Since k≠0, f^{f(k)}(k)=k.
  have h4 : f^[f k] k = k := by
    rwa [sq k, mul_left_inj] at h3

  -- ⇒ f^m(k)=k
  rw [h1] at h4

  -- ⇒ f^{gcd(m, 2)}(k)=k
  -- ⇒ f(k)=k
  have h6 : ∀ r , f^[2*r] k = k := fun r ↦ by
    induction' r with r ih
    · simp
    · rw [Nat.mul_succ]
      rw [Function.iterate_add]
      change f^[2 * r] (f^[2] k) = k
      rw [h2]
      exact ih
  obtain ⟨m', hm'⟩ := hm3
  rw [hm', add_comm, Function.iterate_add, Function.iterate_one] at h4
  change f (f^[2 * m'] k) = k at h4
  rw [h6 m'] at h4

  rw [h1] at h4
  exact h4.symm


","💥️application type mismatch
  f (f n)
argument
  f n
has type
  ℕ : Type
but is expected to have type
  ℕ+ : Type

💥️application type mismatch
  f m
argument
  m
has type
  ℕ : Type
but is expected to have type
  ℕ+ : Type

💥️application type mismatch
  f m
argument
  m
has type
  ℕ : Type
but is expected to have type
  ℕ+ : Type

💥️invalid field 'val', the environment does not contain 'Nat.val'
  m
has type
  ℕ

💥️application type mismatch
  f m
argument
  m
has type
  ℕ : Type
but is expected to have type
  ℕ+ : Type

💥️application type mismatch
  Nat.iterate f
argument
  f
has type
  ℕ+ → ℕ : Type
but is expected to have type
  ℕ → ℕ : Type",False,10,Compfiles.Usa2019P1,Llama-8B,LENGTH,best_of_n,False,0,-1,Usa2019P1.lemma_2,False
-1,False,27,"lemma lemma_2
    (f : ℕ+ → ℕ+)
    (hf : ∀ n, f^[f n] n * f (f n) = n ^ 2)
    (m : ℕ+)
    (hm1 : f^[2] m = f^[f m] m)
    (hm2 : f^[f m] m = m)
    (hm3 : Odd m.val) :
    f m = m := by
  -- Let f(m)=k.
  let k := f m
  -- Since f^2(m)=m, f(k)=m.
  have h1 : f k = m := by
    unfold k; dsimp at hm1 hm2; rw[hm1, hm2]

  -- So, f^2(k)=k.
  have h2 : f^[2] k = k := by dsimp; rw[h1]

  -- f^2(k) · f^{f(k)}(k) = k^2.
  have h3 : f^[f k] k * f^[2] k = k^2 := hf k
  rw [h2] at h3

  -- Since k≠0, f^{f(k)}(k)=k.
  have h4 : f^[f k] k = k := by
    rwa [sq k, mul_left_inj] at h3

  -- ⇒ f^m(k)=k
  rw [h1] at h4

  -- ⇒ f^{gcd(m, 2)}(k)=k
  -- ⇒ f(k)=k
  have h6 : ∀ r , f^[2*r] k = k := fun r ↦ by
    induction' r with r ih
    · simp
    · rw [Nat.mul_succ]
      rw [Function.iterate_add]
      change f^[2 * r] (f^[2] k) = k
      rw[h2]
      exact ih
  obtain ⟨m', hm'⟩ := hm3
  rw [hm', add_comm, Function.iterate_add, Function.iterate_one] at h4
  change f (f^[2 * m'] k) = k at h4
  rw [h6 m'] at h4

  rw [h1] at h4
  exact h4.symm

",,True,-1,"lemma lemma_2
    (f : ℕ+ → ℕ+)
    (hf : ∀ n, f^[f n] n * f (f n) = n ^ 2)
    (m : ℕ)
    (hm1 : f^[2] m = f^[f m] m)
    (hm2 : f^[f m] m = m)
    (hm3 : Odd m.val) :
    f m = m := by
  -- Let f(m)=k.
  let k := f m
  -- Since f^2(m)=m, f(k)=m.
  have h1 : f k = m := by
    unfold k; dsimp at hm1 hm2; rw[hm1, hm2]

  -- So, f^2(k)=k.
  have h2 : f^[2] k = k := by dsimp; rw[h1]

  -- f^2(k) · f^{f(k)}(k) = k^2.
  have h3 : f^[f k] k * f^[2] k = k^2 := hf k
  rw [h2] at h3

  -- Since k≠0, f^{f(k)}(k)=k.
  have h4 : f^[f k] k = k := by
    rwa [sq k, mul_left_inj] at h3

  -- ⇒ f^m(k)=k
  rw [h1] at h4

  -- ⇒ f^{gcd(m, 2)}(k)=k
  -- ⇒ f(k)=k
  have h6 : ∀ r , f^[2 * r] k = k := fun r ↦ by
    induction' r with r ih
    · simp
    · rw [Nat.mul_succ]
      rw [Function.iterate_add]
      change f^[2 * r] (f^[2] k) = k
      rw[h2]
      exact ih
  obtain ⟨m', hm'⟩ := hm3
  rw [hm', add_comm, Function.iterate_add, Function.iterate_one] at h4
  change f (f^[2 * m'] k) = k at h4
  rw [h6 m'] at h4

  rw [h1] at h4
  exact h4.symm


","💥️application type mismatch
  f^[2] m
argument
  m
has type
  ℕ : Type
but is expected to have type
  ℕ+ : Type

💥️application type mismatch
  f m
argument
  m
has type
  ℕ : Type
but is expected to have type
  ℕ+ : Type

💥️application type mismatch
  f m
argument
  m
has type
  ℕ : Type
but is expected to have type
  ℕ+ : Type

💥️invalid field 'val', the environment does not contain 'Nat.val'
  m
has type
  ℕ

💥️application type mismatch
  f m
argument
  m
has type
  ℕ : Type
but is expected to have type
  ℕ+ : Type

💥️application type mismatch
  f m
argument
  m
has type
  ℕ : Type
but is expected to have type
  ℕ+ : Type

💥️tactic 'rewrite' failed, did not find instance of the pattern in the target expression
  ↑(f k)
f : ℕ+ → ℕ+
hf : ∀ (n : ℕ+), f^[↑(f n)] n * f (f n) = n ^ 2
m : ℕ
hm1 : f^[2] sorry = f^[↑(f sorry)] sorry
hm2 : ↑(f^[↑(f sorry)] sorry) = m
hm3 : Odd sorry
k : ℕ+ := f sorry
h1 : ↑(f k) = m
⊢ f (f k) = k",False,10,Compfiles.Usa2019P1,Llama-8B,LENGTH,best_of_n,False,0,-1,Usa2019P1.lemma_2,False
-1,False,10,"lemma pnat_odd_mul {a b c : ℕ+} (h : a * b = c * c) (hc : Odd c.val) :
    Odd a.val ∧ Odd b.val := by
  obtain ⟨a, ha⟩ := a
  obtain ⟨b, hb⟩ := b
  obtain ⟨c, hc⟩ := c
  simp only [PNat.mk_coe]
  rw [PNat.mk_coe] at hc
  apply_fun (fun x ↦ x.val) at h
  dsimp at h
  have h1 : Odd (c * c) := Odd.mul hc hc
  rw [←h] at h1
  exact Nat.odd_mul.mp h1

",,True,-1,"lemma pnat_odd_mul {a b c : ℕ} [NeZero c]
    (h : a * b = c * c) (hc : Odd c)
    : Odd a ∧ Odd b := by
  obtain ⟨a, ha⟩ := a
  obtain ⟨b, hb⟩ := b
  obtain ⟨c, hc⟩ := c
  rw [←h, ← Nat.odd_mul hc] at hc
  exact Nat.odd_mul.mp hc
","💥️tactic 'rewrite' failed, did not find instance of the pattern in the target expression
  0 * 0
case zero.zero.zero
inst✝ : NeZero 0
hc : Odd 0
h : 0 * 0 = 0 * 0
⊢ Odd 0 ∧ Odd 0",False,10,Compfiles.Usa2019P1,Llama-8B,LENGTH,best_of_n,False,0,-1,Usa2019P1.pnat_odd_mul,False
-1,False,10,"lemma pnat_odd_mul {a b c : ℕ+} (h : a * b = c * c) (hc : Odd c.val) :
    Odd a.val ∧ Odd b.val := by
  obtain ⟨a, ha⟩ := a
  obtain ⟨b, hb⟩ := b
  obtain ⟨c, hc⟩ := c
  simp only [PNat.mk_coe]
  rw [PNat.mk_coe] at hc
  apply_fun (fun x ↦ x.val) at h
  dsimp at h
  have h1 : Odd (c * c) := Odd.mul hc hc
  rw [←h] at h1
  exact Nat.odd_mul.mp h1

",,True,-1,"lemma pnat_odd_mul {a b c : ℕ} [NeZero c] (h : a * b = c * c) (hc : Odd c) :
    Odd a ∧ Odd b := by
  obtain ⟨a, ha⟩ := a
  obtain ⟨b, hb⟩ := b
  simp only [PNat.mk_coe]
  rw [PNat.mk_coe] at hc
  apply_fun (fun x ↦ x.val) at h
  dsimp at h
  exact Nat.odd_mul.mp h! hc


",💥️simp made no progress,False,10,Compfiles.Usa2019P1,Llama-8B,LENGTH,best_of_n,False,0,-1,Usa2019P1.pnat_odd_mul,False
-1,False,10,"lemma pnat_odd_mul {a b c : ℕ+} (h : a * b = c * c) (hc : Odd c.val) :
    Odd a.val ∧ Odd b.val := by
  obtain ⟨a, ha⟩ := a
  obtain ⟨b, hb⟩ := b
  obtain ⟨c, hc⟩ := c
  simp only [PNat.mk_coe]
  rw [PNat.mk_coe] at hc
  apply_fun (fun x ↦ x.val) at h
  dsimp at h
  have h1 : Odd (c * c) := Odd.mul hc hc
  rw [←h] at h1
  exact Nat.odd_mul.mp h1

",,True,-1,"lemma pnat_odd_mul {a b c : ℕ} [NeZero c]
  obtain ⟨a, ha⟩ := a
  obtain ⟨b, hb⟩ := b
  obtain ⟨c, hc⟩ := c
  simp only [PNat.mk_coe]
  rw [PNat.mk_coe] at hc
  apply_fun (fun x ↦ x.val) at h
  dsimp at h
  exact Nat.odd_mul.mp h (by rw [←h] at h2)
",💥️unexpected token '⟨'; expected ':',False,10,Compfiles.Usa2019P1,Llama-8B,LENGTH,best_of_n,False,0,-1,Usa2019P1.pnat_odd_mul,False
-1,False,10,"lemma pnat_odd_mul {a b c : ℕ+} (h : a * b = c * c) (hc : Odd c.val) :
    Odd a.val ∧ Odd b.val := by
  obtain ⟨a, ha⟩ := a
  obtain ⟨b, hb⟩ := b
  obtain ⟨c, hc⟩ := c
  simp only [PNat.mk_coe]
  rw [PNat.mk_coe] at hc
  apply_fun (fun x ↦ x.val) at h
  dsimp at h
  have h1 : Odd (c * c) := Odd.mul hc hc
  rw [←h] at h1
  exact Nat.odd_mul.mp h1

",,True,-1,"lemma pnat_odd_mul {a b c : ℕ} [NeZero c] (h : a * b = c * c) (hc : Odd c) :
    Odd a ∧ Odd b :=
  (Odd.mul hc hc).trans (h ▸ Nat.odd_mul)
","💥️invalid field 'trans', the environment does not contain 'Odd.trans'
  Odd.mul hc hc
has type
  Odd (c * c)

💥️invalid field 'trans', the environment does not contain 'Exists.trans'
  Odd.mul hc hc
has type
  ∃ k, c * c = 2 * k + 1",False,10,Compfiles.Usa2019P1,Llama-8B,LENGTH,best_of_n,False,0,-1,Usa2019P1.pnat_odd_mul,False
-1,False,10,"lemma pnat_odd_mul {a b c : ℕ+} (h : a * b = c * c) (hc : Odd c.val) :
    Odd a.val ∧ Odd b.val := by
  obtain ⟨a, ha⟩ := a
  obtain ⟨b, hb⟩ := b
  obtain ⟨c, hc⟩ := c
  simp only [PNat.mk_coe]
  rw [PNat.mk_coe] at hc
  apply_fun (fun x ↦ x.val) at h
  dsimp at h
  have h1 : Odd (c * c) := Odd.mul hc hc
  rw [←h] at h1
  exact Nat.odd_mul.mp h1

",,True,-1,"lemma pnat_odd_mul {a b c : ℕ} [NeZero c]
    (h : a * b = c * c) (hc : Odd c.val) :
    Odd a.val ∧ Odd b.val := by
  obtain ⟨a, ha⟩ := a
  obtain ⟨b, hb⟩ := b
  obtain ⟨c, hc⟩ := c
  have h1 : a * b = c * c := h
  have h2 : c * c = c * (c * u) := by rw [mul_assoc, pronounced_of_odd]
  exact Nat.odd_mul.mp H.w [←h]
","💥️invalid field 'val', the environment does not contain 'Nat.val'
  c
has type
  ℕ

💥️invalid field 'val', the environment does not contain 'Nat.val'
  a
has type
  ℕ

💥️invalid field 'val', the environment does not contain 'Nat.val'
  b
has type
  ℕ

💥️unknown identifier 'a'

💥️unknown identifier 'b'

💥️unknown identifier 'c'

💥️unknown identifier 'c'",False,10,Compfiles.Usa2019P1,Llama-8B,LENGTH,best_of_n,False,0,-1,Usa2019P1.pnat_odd_mul,False
-1,False,10,"lemma pnat_odd_mul {a b c : ℕ+} (h : a * b = c * c) (hc : Odd c.val) :
    Odd a.val ∧ Odd b.val := by
  obtain ⟨a, ha⟩ := a
  obtain ⟨b, hb⟩ := b
  obtain ⟨c, hc⟩ := c
  simp only [PNat.mk_coe]
  rw [PNat.mk_coe] at hc
  apply_fun (fun x ↦ x.val) at h
  dsimp at h
  have h1 : Odd (c * c) := Odd.mul hc hc
  rw [←h] at h1
  exact Nat.odd_mul.mp h1

",,True,-1,"lemma pnat_odd_mul {a b c : ℕ} [NeZero c] (h : a * b = c * c) (hc : Odd c) :
    Odd a ∧ Odd b :=
  have h1 : Odd (c * c) := Odd.mul hc hc
  Nat.odd_mul.mp h1

","💥️application type mismatch
  Nat.odd_mul.mp h1
argument
  h1
has type
  Odd (c * c) : Prop
but is expected to have type
  Odd (a * b) : Prop",False,10,Compfiles.Usa2019P1,Llama-8B,LENGTH,best_of_n,False,0,-1,Usa2019P1.pnat_odd_mul,False
-1,False,10,"lemma pnat_odd_mul {a b c : ℕ+} (h : a * b = c * c) (hc : Odd c.val) :
    Odd a.val ∧ Odd b.val := by
  obtain ⟨a, ha⟩ := a
  obtain ⟨b, hb⟩ := b
  obtain ⟨c, hc⟩ := c
  simp only [PNat.mk_coe]
  rw [PNat.mk_coe] at hc
  apply_fun (fun x ↦ x.val) at h
  dsimp at h
  have h1 : Odd (c * c) := Odd.mul hc hc
  rw [←h] at h1
  exact Nat.odd_mul.mp h1

",,True,-1,"lemma pnat_odd_mul {ᵢ : Type*} {a b c : ℕ} [NeZero c] {p : ℕ} {d : ℕ} {e : ℕ} (h :
    a * b = c * c) (hc : Odd c.val) :
    Odd a.val ∧ Odd b.val := by
  obtain ⟨a, ⟨ha, -⟩⟩ := and_iff_left a
  simp_rw [and_mul_comm] at h
  rw [h, neg_sq] at hc
  exact Nat.odd_mul.mp hc.1 hc.2


",💥️unexpected token 'ᵢ'; expected '_' or identifier,False,10,Compfiles.Usa2019P1,Llama-8B,LENGTH,best_of_n,False,0,-1,Usa2019P1.pnat_odd_mul,False
-1,False,10,"lemma pnat_odd_mul {a b c : ℕ+} (h : a * b = c * c) (hc : Odd c.val) :
    Odd a.val ∧ Odd b.val := by
  obtain ⟨a, ha⟩ := a
  obtain ⟨b, hb⟩ := b
  obtain ⟨c, hc⟩ := c
  simp only [PNat.mk_coe]
  rw [PNat.mk_coe] at hc
  apply_fun (fun x ↦ x.val) at h
  dsimp at h
  have h1 : Odd (c * c) := Odd.mul hc hc
  rw [←h] at h1
  exact Nat.odd_mul.mp h1

",,True,-1,"lemma pnat_odd_mul {a b c : ℕ} [NeZero c] (h : a * b = c * c) (hc : Odd c.val) :
    Odd a.val ∧ Odd b.val := by
  obtain ⟨a, ha⟩ := a
  obtain ⟨b, hb⟩ := b
  obtain ⟨c, hc⟩ := c
  simp only [PNat.mk_coe]
  rw [odd_mul_of_antitone hc (by rw [←h])
    (Nat.odd_mul.mp hc.2)]
","💥️invalid field 'val', the environment does not contain 'Nat.val'
  c
has type
  ℕ

💥️invalid field 'val', the environment does not contain 'Nat.val'
  a
has type
  ℕ

💥️invalid field 'val', the environment does not contain 'Nat.val'
  b
has type
  ℕ

💥️simp made no progress",False,10,Compfiles.Usa2019P1,Llama-8B,LENGTH,best_of_n,False,0,-1,Usa2019P1.pnat_odd_mul,False
-1,False,10,"lemma pnat_odd_mul {a b c : ℕ+} (h : a * b = c * c) (hc : Odd c.val) :
    Odd a.val ∧ Odd b.val := by
  obtain ⟨a, ha⟩ := a
  obtain ⟨b, hb⟩ := b
  obtain ⟨c, hc⟩ := c
  simp only [PNat.mk_coe]
  rw [PNat.mk_coe] at hc
  apply_fun (fun x ↦ x.val) at h
  dsimp at h
  have h1 : Odd (c * c) := Odd.mul hc hc
  rw [←h] at h1
  exact Nat.odd_mul.mp h1

",,True,-1,"lemma pnat_odd_mul {a b c : ℕ} [NeZero c]
    (h : a * b = c * c) (hc : Odd c.val) :
    Odd a.val ∧ Odd b.val := by
  simp only [Odd, Nat.val_coe] at hc
  exact fun x hx ↦ (h _).trans (Odd.mul hc hx).symm


","💥️invalid field 'val', the environment does not contain 'Nat.val'
  c
has type
  ℕ

💥️invalid field 'val', the environment does not contain 'Nat.val'
  a
has type
  ℕ

💥️invalid field 'val', the environment does not contain 'Nat.val'
  b
has type
  ℕ

💥️unknown constant 'Nat.val_coe'

💥️function expected at
  h
term has type
  a * b = c * c",False,10,Compfiles.Usa2019P1,Llama-8B,LENGTH,best_of_n,False,0,-1,Usa2019P1.pnat_odd_mul,False
-1,False,10,"lemma pnat_odd_mul {a b c : ℕ+} (h : a * b = c * c) (hc : Odd c.val) :
    Odd a.val ∧ Odd b.val := by
  obtain ⟨a, ha⟩ := a
  obtain ⟨b, hb⟩ := b
  obtain ⟨c, hc⟩ := c
  simp only [PNat.mk_coe]
  rw [PNat.mk_coe] at hc
  apply_fun (fun x ↦ x.val) at h
  dsimp at h
  have h1 : Odd (c * c) := Odd.mul hc hc
  rw [←h] at h1
  exact Nat.odd_mul.mp h1

",,True,-1,"lemma pnat_odd_mul {a b c : ℕ} [NeZero c] (h : a * b = c * c) (hc : Odd c) :
    Odd a ∧ Odd b :=
  have h1 : Odd (c * c) := Odd.mul hc hc
  Nat.odd_mul.mp h1


","💥️application type mismatch
  Nat.odd_mul.mp h1
argument
  h1
has type
  Odd (c * c) : Prop
but is expected to have type
  Odd (a * b) : Prop",False,10,Compfiles.Usa2019P1,Llama-8B,LENGTH,best_of_n,False,0,-1,Usa2019P1.pnat_odd_mul,False
-1,False,33,"lemma lemma_3
    (f : ℕ+ → ℕ+)
    (hf : ∀ n, f^[f n] n * f (f n) = n ^ 2)
    (m : ℕ+)
    (hm3 : Odd m.val) :
    f m = m := by
  -- Otherwise, let m be the least counterexample.
  -- Since f^2(m)⬝f^{f(m)}(m)=m^2, either
  --  (1) f^2(m) = k < m, contradicted by Lemma 1 since k is odd and therefore f(k)=k.
  --  (2) f^{f(m)}(m) = k<m, also contradicted by Lemma 1 by similar logic.
  --  (3) f^2(m)=m and f^{f(m)}(m)=m, which implies that f(m)=m by Lemma 2.

  induction' m using PNat.strongInductionOn with m2 ih

  have h1 := hf m2
  rw [sq] at h1
  obtain h2 | h2 := Classical.em (f^[2] m2 < m2)
  · let k := f^[2] m2
    have hkodd : Odd k.val := (pnat_odd_mul h1 hm3).2
    have h3 : f k = k := ih k h2 hkodd
    rw[lemma_1 f hf k m2 2 rfl h3]
    exact h3
  · obtain h4 | h4 := Classical.em (f^[f m2] m2 < m2)
    · let k := f^[f m2] m2
      have hkodd : Odd k.val := (pnat_odd_mul h1 hm3).1
      have h3 : f k = k := ih k h4 hkodd
      rw[lemma_1 f hf k m2 _ rfl h3]
      exact h3
    · have h5 : f^[2] m2 = m2 ∧ f^[f m2] m2 = m2 := by
         simp at h2 h4
         by_contra H
         rw [not_and_or] at H
         obtain h9 | h9 := H
         · replace h2 : m2 < f (f m2) := Ne.lt_of_le' h9 h2
           have h10 : m2 * m2 < f^[↑(f m2)] m2 * f (f m2) := mul_lt_mul_of_le_of_lt h4 h2
           rw [←h1] at h10
           exact LT.lt.false h10
         · replace h4 : m2 < f^[f m2] m2 := Ne.lt_of_le' h9 h4
           have h10 : m2 * m2 < f^[↑(f m2)] m2 * f (f m2) := mul_lt_mul_of_lt_of_le h4 h2
           rw [←h1] at h10
           exact LT.lt.false h10
      obtain ⟨h6, h7⟩ := h5
      have h8 : f^[2] m2 = f^[↑(f m2)] m2 := by rw[h7]; exact h6
      exact lemma_2 f hf _ h8 h7 hm3

",,True,-1,"lemma lemma_3
    (f : ℕ+ → ℕ)
    (hf : ∀ n, f^[f n] n * f (f n) = n ^ 2)
    (m : ℕ)
    (hm3 : Odd m.val) :
    f m = m := by
  -- Otherwise, let m be the least counterexample.
  -- Since f^2(m)⬝f^{f(m)}(m)=m^2, either
  --  (1) f^2(m) = k < m, contraduced by Lemma 1 since k is odd and therefore f(k)=k.
  --  (2) f^{f(m)}(m) = k<m, also contraduced by Lemma 1 by similar logic.
  --  (3) f^2(m)=m and f^{f(m)}(m)=m, which implies that f(m)=m by Lemma 2.

  induction m using PNat.strongInductionOn with
  | zero => simp
  | succ m2 ih =>
    have h1 := hf m2
    rw [sq] at h1
    obtain h2 | h2 := Classical.em (f^[2] m2 < m2)
    · let k := f^[2] m2
      have hkodd : Odd k.val := (pnat_odd_mul h1 hm3).2
      have h3 : f k = k := ih k h2 hkodd
      rw[lemma_1 f hf k m2 2 rfl h3]
      exact h3
    · obtain h4 | h4 := Classical.em (f^[f m2] m2 < m2)
      · let k := f^[f m2] m2
        have hkodd : Odd k.val := (pnat_odd_mul h1 hm3).1
        have h3 : f k = k := ih k h4 hkodd
        rw[lemma_1 f hf k m2 _ rfl h3]
        exact h3
      · have h5 : f^[2] m2 = m2 ∧ f^[f m2] m2 = m2 := by
        simp only [← h2, ← h4] at h5
        by_contra H
        rw [not_and_or] at H
        obtain h9 | h9 := H
        · replace h2 : m2 < f (f m2) := Ne.lt_of_le' h9 h2
            have h10 : m2 * m2 < f^[↑(f m2)] m2 * f (f m2) := mul_lt_mul_of_le_of_lt h4 h2
            rw [←h1] at h10
            exact LT.lt.false h10
        · replace h4 : m2 < f^[f m2] m2 := Ne.lt_of_le' h9 h4
            have h10 : m2 * m2 < f^[↑(f m2)] m2 * f (f m2) := mul_lt_mul_of_lt_of_le h4 h2
            rw [←h1] at h10
            exact LT.lt_false h10
      obtain ⟨h6, h7⟩ := h5
      have h8 : f^[2] m2 = f^[↑(f m2)] m2 := by rw[h7]; exact h6
      exact lemma_2 f hf _ h8 h7 hm3
","💥️expected '{' or indented tactic sequence

💥️application type mismatch
  f (f n)
argument
  f n
has type
  ℕ : Type
but is expected to have type
  ℕ+ : Type

💥️invalid field 'val', the environment does not contain 'Nat.val'
  m
has type
  ℕ

💥️application type mismatch
  f m
argument
  m
has type
  ℕ : Type
but is expected to have type
  ℕ+ : Type",False,10,Compfiles.Usa2019P1,Llama-8B,LENGTH,best_of_n,False,0,-1,Usa2019P1.lemma_3,False
-1,False,33,"lemma lemma_3
    (f : ℕ+ → ℕ+)
    (hf : ∀ n, f^[f n] n * f (f n) = n ^ 2)
    (m : ℕ+)
    (hm3 : Odd m.val) :
    f m = m := by
  -- Otherwise, let m be the least counterexample.
  -- Since f^2(m)⬝f^{f(m)}(m)=m^2, either
  --  (1) f^2(m) = k < m, contradicted by Lemma 1 since k is odd and therefore f(k)=k.
  --  (2) f^{f(m)}(m) = k<m, also contradicted by Lemma 1 by similar logic.
  --  (3) f^2(m)=m and f^{f(m)}(m)=m, which implies that f(m)=m by Lemma 2.

  induction' m using PNat.strongInductionOn with m2 ih

  have h1 := hf m2
  rw [sq] at h1
  obtain h2 | h2 := Classical.em (f^[2] m2 < m2)
  · let k := f^[2] m2
    have hkodd : Odd k.val := (pnat_odd_mul h1 hm3).2
    have h3 : f k = k := ih k h2 hkodd
    rw[lemma_1 f hf k m2 2 rfl h3]
    exact h3
  · obtain h4 | h4 := Classical.em (f^[f m2] m2 < m2)
    · let k := f^[f m2] m2
      have hkodd : Odd k.val := (pnat_odd_mul h1 hm3).1
      have h3 : f k = k := ih k h4 hkodd
      rw[lemma_1 f hf k m2 _ rfl h3]
      exact h3
    · have h5 : f^[2] m2 = m2 ∧ f^[f m2] m2 = m2 := by
         simp at h2 h4
         by_contra H
         rw [not_and_or] at H
         obtain h9 | h9 := H
         · replace h2 : m2 < f (f m2) := Ne.lt_of_le' h9 h2
           have h10 : m2 * m2 < f^[↑(f m2)] m2 * f (f m2) := mul_lt_mul_of_le_of_lt h4 h2
           rw [←h1] at h10
           exact LT.lt.false h10
         · replace h4 : m2 < f^[f m2] m2 := Ne.lt_of_le' h9 h4
           have h10 : m2 * m2 < f^[↑(f m2)] m2 * f (f m2) := mul_lt_mul_of_lt_of_le h4 h2
           rw [←h1] at h10
           exact LT.lt.false h10
      obtain ⟨h6, h7⟩ := h5
      have h8 : f^[2] m2 = f^[↑(f m2)] m2 := by rw[h7]; exact h6
      exact lemma_2 f hf _ h8 h7 hm3

",,True,-1,"lemma lemma_3
    (f : ℕ+ → ℕ)
    (hf : ∀ n, f^[f n] n * f (f n) = n ^ 2)
    (m : ℕ)
    (hm3 : Odd m.val) :
    f m = m :=
  have := hf m
  omega
","💥️application type mismatch
  f (f n)
argument
  f n
has type
  ℕ : Type
but is expected to have type
  ℕ+ : Type

💥️invalid field 'val', the environment does not contain 'Nat.val'
  m
has type
  ℕ

💥️application type mismatch
  f m
argument
  m
has type
  ℕ : Type
but is expected to have type
  ℕ+ : Type

💥️application type mismatch
  Nat.iterate f
argument
  f
has type
  ℕ+ → ℕ : Type
but is expected to have type
  ℕ+ → ℕ+ : Type",False,10,Compfiles.Usa2019P1,Llama-8B,LENGTH,best_of_n,False,0,-1,Usa2019P1.lemma_3,False
-1,False,33,"lemma lemma_3
    (f : ℕ+ → ℕ+)
    (hf : ∀ n, f^[f n] n * f (f n) = n ^ 2)
    (m : ℕ+)
    (hm3 : Odd m.val) :
    f m = m := by
  -- Otherwise, let m be the least counterexample.
  -- Since f^2(m)⬝f^{f(m)}(m)=m^2, either
  --  (1) f^2(m) = k < m, contradicted by Lemma 1 since k is odd and therefore f(k)=k.
  --  (2) f^{f(m)}(m) = k<m, also contradicted by Lemma 1 by similar logic.
  --  (3) f^2(m)=m and f^{f(m)}(m)=m, which implies that f(m)=m by Lemma 2.

  induction' m using PNat.strongInductionOn with m2 ih

  have h1 := hf m2
  rw [sq] at h1
  obtain h2 | h2 := Classical.em (f^[2] m2 < m2)
  · let k := f^[2] m2
    have hkodd : Odd k.val := (pnat_odd_mul h1 hm3).2
    have h3 : f k = k := ih k h2 hkodd
    rw[lemma_1 f hf k m2 2 rfl h3]
    exact h3
  · obtain h4 | h4 := Classical.em (f^[f m2] m2 < m2)
    · let k := f^[f m2] m2
      have hkodd : Odd k.val := (pnat_odd_mul h1 hm3).1
      have h3 : f k = k := ih k h4 hkodd
      rw[lemma_1 f hf k m2 _ rfl h3]
      exact h3
    · have h5 : f^[2] m2 = m2 ∧ f^[f m2] m2 = m2 := by
         simp at h2 h4
         by_contra H
         rw [not_and_or] at H
         obtain h9 | h9 := H
         · replace h2 : m2 < f (f m2) := Ne.lt_of_le' h9 h2
           have h10 : m2 * m2 < f^[↑(f m2)] m2 * f (f m2) := mul_lt_mul_of_le_of_lt h4 h2
           rw [←h1] at h10
           exact LT.lt.false h10
         · replace h4 : m2 < f^[f m2] m2 := Ne.lt_of_le' h9 h4
           have h10 : m2 * m2 < f^[↑(f m2)] m2 * f (f m2) := mul_lt_mul_of_lt_of_le h4 h2
           rw [←h1] at h10
           exact LT.lt.false h10
      obtain ⟨h6, h7⟩ := h5
      have h8 : f^[2] m2 = f^[↑(f m2)] m2 := by rw[h7]; exact h6
      exact lemma_2 f hf _ h8 h7 hm3

",,True,-1,"lemma lemma_3
    (f : ℕ+ → ℕ+)
    (hf : ∀ n, f^[f n] n * f (f n) = n ^ 2)
    (m : ℕ+)
    (hm3 : Odd m.val) :
    f m = m := by
  -- Otherwise, let m be the least counterexample.
  -- Since f^2(m)⬝f^{f(m)}(m)=m^2, either
  --  (1) f^2(m) = k < m, contraduced by Lemma 1 since k is odd and therefore f(k)=k.
  --  (2) f^{f(m)}(m) = k<m, also contraduced by Lemma 1 by similar logic.
  --  (3) f^2(m)=m and f^{f(m)}(m)=m, which implies that f(m)=m by Lemma 2.

  induction' m using PNat.strongInductionOn with m2 ih

  have h1 := hf m2
  rw [sq] at h1
  obtain h2 | h2 := Classical.em (f^[2] m2 < m2)
  · let k := f^[2] m2
    have hkodd : Odd k.val := (pnat_odd_mul h1 hm3).2
    have h3 : f k = k := ih k h2 hkodd
    rw[lemma_1 f hf k m2 2 rfl h3]
    exact h3
  · obtain h4 | h4 := Classical.em (f^[f m2] m2 < m2)
    · let k := f^[f m2] m2
      have hkodd : Odd k.val := (pnat_odd_mul h1 hm3).1
      have h3 : f k = k := ih k h4 hkodd
      rw[lemma_1 f hf k m2 _ rfl h3]
      exact h3
    · have h5 : f^[2] m2 = m2 ∧ f^[f m2] m2 = m2 := by
         simp at h2 h4
         by_contra H
         rw [not_and_or] at H
         obtain h9 | h9 := H
         · replace h2 : m2 < f (f m2) := Ne.lt_of_le' h9 h2
           have h10 : m2 * m2 < f^[↑(f m2)] m2 * f (f m2) := mul_lt_mul_of_le_of_lt h4 h2
           rw [←h1] at h10
           exact LT.lt.false h10
         · replace h4 : m2 < f^[f m2] m2 := Ne.lt_of_le' h9 h4
            have h10 : m2 * m2 < f^[↑(f m2)] m2 * f (f m2) := mul_lt_mul_of_lt_of_le h4 h2
            rw [←h1] at h10
            exact LT.lt.false h10
      obtain ⟨h6, h7⟩ := h5
      have h8 : f^[2] m2 = f^[↑(f m2)] m2 := by rw[h7]; exact h6
      exact lemma_2 f hf _ h8 h7 hm3


","💥️unsolved goals
case inr
f : ℕ+ → ℕ+
hf : ∀ (n : ℕ+), f^[↑(f n)] n * f (f n) = n ^ 2
m2 : ℕ+
ih : ∀ m < m2, Odd ↑m → f m = m
hm3 : Odd ↑m2
h1 : f^[↑(f m2)] m2 * f (f m2) = m2 * m2
h2 : m2 ≤ f (f m2)
h9 : ¬f^[↑(f m2)] m2 = m2
h4 : m2 < f^[↑(f m2)] m2
⊢ False

💥️unsolved goals
case a.inr.inr
f : ℕ+ → ℕ+
hf : ∀ (n : ℕ+), f^[↑(f n)] n * f (f n) = n ^ 2
m2 : ℕ+
ih : ∀ m < m2, Odd ↑m → f m = m
hm3 : Odd ↑m2
h1 : f^[↑(f m2)] m2 * f (f m2) = m2 * m2
h2 : ¬f^[2] m2 < m2
h4 : ¬f^[↑(f m2)] m2 < m2
h5 : f^[2] m2 = m2 ∧ f^[↑(f m2)] m2 = m2
⊢ f m2 = m2",False,10,Compfiles.Usa2019P1,Llama-8B,LENGTH,best_of_n,False,0,-1,Usa2019P1.lemma_3,False
-1,False,33,"lemma lemma_3
    (f : ℕ+ → ℕ+)
    (hf : ∀ n, f^[f n] n * f (f n) = n ^ 2)
    (m : ℕ+)
    (hm3 : Odd m.val) :
    f m = m := by
  -- Otherwise, let m be the least counterexample.
  -- Since f^2(m)⬝f^{f(m)}(m)=m^2, either
  --  (1) f^2(m) = k < m, contradicted by Lemma 1 since k is odd and therefore f(k)=k.
  --  (2) f^{f(m)}(m) = k<m, also contradicted by Lemma 1 by similar logic.
  --  (3) f^2(m)=m and f^{f(m)}(m)=m, which implies that f(m)=m by Lemma 2.

  induction' m using PNat.strongInductionOn with m2 ih

  have h1 := hf m2
  rw [sq] at h1
  obtain h2 | h2 := Classical.em (f^[2] m2 < m2)
  · let k := f^[2] m2
    have hkodd : Odd k.val := (pnat_odd_mul h1 hm3).2
    have h3 : f k = k := ih k h2 hkodd
    rw[lemma_1 f hf k m2 2 rfl h3]
    exact h3
  · obtain h4 | h4 := Classical.em (f^[f m2] m2 < m2)
    · let k := f^[f m2] m2
      have hkodd : Odd k.val := (pnat_odd_mul h1 hm3).1
      have h3 : f k = k := ih k h4 hkodd
      rw[lemma_1 f hf k m2 _ rfl h3]
      exact h3
    · have h5 : f^[2] m2 = m2 ∧ f^[f m2] m2 = m2 := by
         simp at h2 h4
         by_contra H
         rw [not_and_or] at H
         obtain h9 | h9 := H
         · replace h2 : m2 < f (f m2) := Ne.lt_of_le' h9 h2
           have h10 : m2 * m2 < f^[↑(f m2)] m2 * f (f m2) := mul_lt_mul_of_le_of_lt h4 h2
           rw [←h1] at h10
           exact LT.lt.false h10
         · replace h4 : m2 < f^[f m2] m2 := Ne.lt_of_le' h9 h4
           have h10 : m2 * m2 < f^[↑(f m2)] m2 * f (f m2) := mul_lt_mul_of_lt_of_le h4 h2
           rw [←h1] at h10
           exact LT.lt.false h10
      obtain ⟨h6, h7⟩ := h5
      have h8 : f^[2] m2 = f^[↑(f m2)] m2 := by rw[h7]; exact h6
      exact lemma_2 f hf _ h8 h7 hm3

",,True,-1,"lemma lemma_3
    (f : ℕ+ → ℕ)
    (hf : ∀ n, f^[f n] n * f (f n) = n ^ 2)
    (m : ℕ)
    (hm3 : Odd m.val) :
    f m = m := by
  -- Otherwise, let m be the least counterexample.
  -- Since f^2(m)⬝f^{f} (m) * f (f) = m^2, either
  --  (1) f^2(m) = k < m, contradicted by Lemma 1 since k is odd and therefore f(k)=k.
  --  (2) f^{f} (m) * f (f) = k < m, also contradicted by Lemma 1 by similar logic.
  --  (3) f^2(m_and f (f)) = m^2 * f^2, which implies f (f) = m by
    simpa [lemma_1 f hf k m _2] using hf : f^[f] k * f (f) = k * f (f).symm

  cases m using bitCasesOn with
  | h b n => cases b <;>
    simp [lemma_1 f hf b n, bit_val, f_inj_iff] at h ⊢
    obtain ⟨f, hf⟩ := f_of_1,2 κύcoes
    rw [← h, hf] at h ⊢
    linear_combination h
","💥️application type mismatch
  f (f n)
argument
  f n
has type
  ℕ : Type
but is expected to have type
  ℕ+ : Type

💥️invalid field 'val', the environment does not contain 'Nat.val'
  m
has type
  ℕ

💥️application type mismatch
  f m
argument
  m
has type
  ℕ : Type
but is expected to have type
  ℕ+ : Type

💥️application type mismatch
  Nat.iterate f
argument
  f
has type
  ℕ+ → ℕ : Type
but is expected to have type
  ℕ+ → ℕ+ : Type",False,10,Compfiles.Usa2019P1,Llama-8B,LENGTH,best_of_n,False,0,-1,Usa2019P1.lemma_3,False
-1,False,33,"lemma lemma_3
    (f : ℕ+ → ℕ+)
    (hf : ∀ n, f^[f n] n * f (f n) = n ^ 2)
    (m : ℕ+)
    (hm3 : Odd m.val) :
    f m = m := by
  -- Otherwise, let m be the least counterexample.
  -- Since f^2(m)⬝f^{f(m)}(m)=m^2, either
  --  (1) f^2(m) = k < m, contradicted by Lemma 1 since k is odd and therefore f(k)=k.
  --  (2) f^{f(m)}(m) = k<m, also contradicted by Lemma 1 by similar logic.
  --  (3) f^2(m)=m and f^{f(m)}(m)=m, which implies that f(m)=m by Lemma 2.

  induction' m using PNat.strongInductionOn with m2 ih

  have h1 := hf m2
  rw [sq] at h1
  obtain h2 | h2 := Classical.em (f^[2] m2 < m2)
  · let k := f^[2] m2
    have hkodd : Odd k.val := (pnat_odd_mul h1 hm3).2
    have h3 : f k = k := ih k h2 hkodd
    rw[lemma_1 f hf k m2 2 rfl h3]
    exact h3
  · obtain h4 | h4 := Classical.em (f^[f m2] m2 < m2)
    · let k := f^[f m2] m2
      have hkodd : Odd k.val := (pnat_odd_mul h1 hm3).1
      have h3 : f k = k := ih k h4 hkodd
      rw[lemma_1 f hf k m2 _ rfl h3]
      exact h3
    · have h5 : f^[2] m2 = m2 ∧ f^[f m2] m2 = m2 := by
         simp at h2 h4
         by_contra H
         rw [not_and_or] at H
         obtain h9 | h9 := H
         · replace h2 : m2 < f (f m2) := Ne.lt_of_le' h9 h2
           have h10 : m2 * m2 < f^[↑(f m2)] m2 * f (f m2) := mul_lt_mul_of_le_of_lt h4 h2
           rw [←h1] at h10
           exact LT.lt.false h10
         · replace h4 : m2 < f^[f m2] m2 := Ne.lt_of_le' h9 h4
           have h10 : m2 * m2 < f^[↑(f m2)] m2 * f (f m2) := mul_lt_mul_of_lt_of_le h4 h2
           rw [←h1] at h10
           exact LT.lt.false h10
      obtain ⟨h6, h7⟩ := h5
      have h8 : f^[2] m2 = f^[↑(f m2)] m2 := by rw[h7]; exact h6
      exact lemma_2 f hf _ h8 h7 hm3

",,True,-1,"lemma lemma_3
    (f : ℕ+ → ℕ+)
    (hf : ∀ n, f^[f n] n * f (f n) = n ^ 2)
    (m : ℕ)
    (hm3 : m.val is odd) :
    f m = m := by
  -- Otherwise, let m be the least counterexample.
  -- Since f^2(m)⬝f^{f(m)}(m)=m^2, either
  --  (1) f^2(m) = k < m, contraduced by Lemma 1 since k is odd and therefore f(k)=k.
  --  (2) f^{f(m)}(m) = k < m, also contraduced by Lemma 1 by similar logic.
  --  (3) f^2(m)=m and f^{f(m)}(m)=m, which implies that f(m)=m by Lemma 2.

  induction m using PNat.strongInductionOn with
  | h m2 ih := by
    have h1 := hf m2
    rw [sq] at h1
    obtain h2 | h2 := Classical.em (f^[2] m2 < m2)
    · let k := f^[2] m2
      have hkodd : Odd k.val := (pnat_odd_mul h1 hm3).2
      have h3 : f k = k := ih k h2 hkodd
      rw[lemma_1 f hf k m2 2 rfl h3]
      exact h3
    · obtain h4 | h4 := Classical.em (f^[f m2] m2 < m2)
      · let k := f^[f m2] m2
        have hkodd : Odd k.val := (pnat_odd_mul h1 hm3).1
        have h3 : f k = k := ih k h4 hkodd
        rw[lemma_1 f hf k m2 _ rfl h3]
        exact h3
      · have h5 : f^[2] m2 = m2 ∧ f^[f m2] m2 = m2 := by
          simp only [← h2, ← h4, f_assoc] at h5
          by_contra H
          rw [not_and_or] at H
          obtain h9 | h9 := H
          · replace h2 : m2 < f (f m2) := Ne.lt_of_le' h9 h2
            have h10 : m2 * m2 < f^[↑(f m2)] m2 * f (f m2) := mul_lt_mul_of_le_of_lt h4 h2
            rw [← h1] at h10
            exact LT.lt.false h10
          · replace h4 : m2 < f^[f m2] m2 := Ne.lt_of_le' h9 h4
            have h10 : m2 * m2 < f^[↑(f m2)] m2 * f (f m2) := mul_lt_mul_of_lt_of_le h4 h2
            rw [← h1] at h10
            exact LT.lt.false h10
      obtain ⟨h6, h7⟩ := h5
      have h8 : f^[2] m2 = f^[↑(f m2)] m2 := by rw[h7]; exact h6
      exact lemma_2 f hf _ h8 h7 hm3
","💥️unexpected token ':='; expected '=>'

💥️invalid field 'val', the environment does not contain 'Nat.val'
  m
has type
  ℕ

💥️application type mismatch
  f m
argument
  m
has type
  ℕ : Type
but is expected to have type
  ℕ+ : Type",False,10,Compfiles.Usa2019P1,Llama-8B,LENGTH,best_of_n,False,0,-1,Usa2019P1.lemma_3,False
-1,False,33,"lemma lemma_3
    (f : ℕ+ → ℕ+)
    (hf : ∀ n, f^[f n] n * f (f n) = n ^ 2)
    (m : ℕ+)
    (hm3 : Odd m.val) :
    f m = m := by
  -- Otherwise, let m be the least counterexample.
  -- Since f^2(m)⬝f^{f(m)}(m)=m^2, either
  --  (1) f^2(m) = k < m, contradicted by Lemma 1 since k is odd and therefore f(k)=k.
  --  (2) f^{f(m)}(m) = k<m, also contradicted by Lemma 1 by similar logic.
  --  (3) f^2(m)=m and f^{f(m)}(m)=m, which implies that f(m)=m by Lemma 2.

  induction' m using PNat.strongInductionOn with m2 ih

  have h1 := hf m2
  rw [sq] at h1
  obtain h2 | h2 := Classical.em (f^[2] m2 < m2)
  · let k := f^[2] m2
    have hkodd : Odd k.val := (pnat_odd_mul h1 hm3).2
    have h3 : f k = k := ih k h2 hkodd
    rw[lemma_1 f hf k m2 2 rfl h3]
    exact h3
  · obtain h4 | h4 := Classical.em (f^[f m2] m2 < m2)
    · let k := f^[f m2] m2
      have hkodd : Odd k.val := (pnat_odd_mul h1 hm3).1
      have h3 : f k = k := ih k h4 hkodd
      rw[lemma_1 f hf k m2 _ rfl h3]
      exact h3
    · have h5 : f^[2] m2 = m2 ∧ f^[f m2] m2 = m2 := by
         simp at h2 h4
         by_contra H
         rw [not_and_or] at H
         obtain h9 | h9 := H
         · replace h2 : m2 < f (f m2) := Ne.lt_of_le' h9 h2
           have h10 : m2 * m2 < f^[↑(f m2)] m2 * f (f m2) := mul_lt_mul_of_le_of_lt h4 h2
           rw [←h1] at h10
           exact LT.lt.false h10
         · replace h4 : m2 < f^[f m2] m2 := Ne.lt_of_le' h9 h4
           have h10 : m2 * m2 < f^[↑(f m2)] m2 * f (f m2) := mul_lt_mul_of_lt_of_le h4 h2
           rw [←h1] at h10
           exact LT.lt.false h10
      obtain ⟨h6, h7⟩ := h5
      have h8 : f^[2] m2 = f^[↑(f m2)] m2 := by rw[h7]; exact h6
      exact lemma_2 f hf _ h8 h7 hm3

",,True,-1,"lemma lemma_3
    (f : ℕ+ → ℕ)
    (hf : ∀ n, f^[f n] n * f (f n) = n ^ 2)
    (m : ℕ)
    (hm3 : Odd m.val) :
    f m = m := by
  -- Otherwise, let m be the least counterexample.
  -- Since f^2(m)⬝f^{f(m)}(m)=m^2, either
  --  (1) f^2(m) = k < m, contraduced by Lemma 1 since k is odd and therefore f(k)=k.
  --  (2) f^{f(m)}(m) = k<m, also contraduced by Lemma 1 by similar logic.
  --  (3) f^2(m)=m and f^{f(m)}(m)=m, implies f(m)=m by Lemma 2.

  induction m using PNat.strongInductionOn with
  | zero => let f := fun n ↦ f^[f n] n * f (f n) = f ∈ ℕ
    exact hf zero
  | succ m ih =>
    apply hf to m
    · simp [lemma_2_iff]
    · rw [← hf n, lobster_toSet.mpr mult_lt_mul_left n _]
      simpa [f^[f n] n * f (f n)] using hf n
    · rw [lemma_1 f hf]
      · have := lemma_2 f hf _ _ _
      · have := lemma_2 f hf _ _ _
      · simpa [f^[f n] n * f (f n)] using hf n


","💥️application type mismatch
  f (f n)
argument
  f n
has type
  ℕ : Type
but is expected to have type
  ℕ+ : Type

💥️invalid field 'val', the environment does not contain 'Nat.val'
  m
has type
  ℕ

💥️application type mismatch
  f m
argument
  m
has type
  ℕ : Type
but is expected to have type
  ℕ+ : Type

💥️application type mismatch
  Nat.iterate f
argument
  f
has type
  ℕ+ → ℕ : Type
but is expected to have type
  ℕ+ → ℕ+ : Type",False,10,Compfiles.Usa2019P1,Llama-8B,LENGTH,best_of_n,False,0,-1,Usa2019P1.lemma_3,False
-1,False,33,"lemma lemma_3
    (f : ℕ+ → ℕ+)
    (hf : ∀ n, f^[f n] n * f (f n) = n ^ 2)
    (m : ℕ+)
    (hm3 : Odd m.val) :
    f m = m := by
  -- Otherwise, let m be the least counterexample.
  -- Since f^2(m)⬝f^{f(m)}(m)=m^2, either
  --  (1) f^2(m) = k < m, contradicted by Lemma 1 since k is odd and therefore f(k)=k.
  --  (2) f^{f(m)}(m) = k<m, also contradicted by Lemma 1 by similar logic.
  --  (3) f^2(m)=m and f^{f(m)}(m)=m, which implies that f(m)=m by Lemma 2.

  induction' m using PNat.strongInductionOn with m2 ih

  have h1 := hf m2
  rw [sq] at h1
  obtain h2 | h2 := Classical.em (f^[2] m2 < m2)
  · let k := f^[2] m2
    have hkodd : Odd k.val := (pnat_odd_mul h1 hm3).2
    have h3 : f k = k := ih k h2 hkodd
    rw[lemma_1 f hf k m2 2 rfl h3]
    exact h3
  · obtain h4 | h4 := Classical.em (f^[f m2] m2 < m2)
    · let k := f^[f m2] m2
      have hkodd : Odd k.val := (pnat_odd_mul h1 hm3).1
      have h3 : f k = k := ih k h4 hkodd
      rw[lemma_1 f hf k m2 _ rfl h3]
      exact h3
    · have h5 : f^[2] m2 = m2 ∧ f^[f m2] m2 = m2 := by
         simp at h2 h4
         by_contra H
         rw [not_and_or] at H
         obtain h9 | h9 := H
         · replace h2 : m2 < f (f m2) := Ne.lt_of_le' h9 h2
           have h10 : m2 * m2 < f^[↑(f m2)] m2 * f (f m2) := mul_lt_mul_of_le_of_lt h4 h2
           rw [←h1] at h10
           exact LT.lt.false h10
         · replace h4 : m2 < f^[f m2] m2 := Ne.lt_of_le' h9 h4
           have h10 : m2 * m2 < f^[↑(f m2)] m2 * f (f m2) := mul_lt_mul_of_lt_of_le h4 h2
           rw [←h1] at h10
           exact LT.lt.false h10
      obtain ⟨h6, h7⟩ := h5
      have h8 : f^[2] m2 = f^[↑(f m2)] m2 := by rw[h7]; exact h6
      exact lemma_2 f hf _ h8 h7 hm3

",,True,-1,"lemma lemma_3
    (f : ℕ+ → ℕ)
    (hf : ∀ n, f^[f n] n * f (f n) = n ^ 2)
    (m : ℕ+)
    (hm3 : Odd m.val) :
    f m = m :=
  h.mpr fun k hk ↦ hf k (f k * k)
","💥️application type mismatch
  f (f n)
argument
  f n
has type
  ℕ : Type
but is expected to have type
  ℕ+ : Type

💥️application type mismatch
  Nat.iterate f
argument
  f
has type
  ℕ+ → ℕ : Type
but is expected to have type
  ℕ+ → ℕ+ : Type",False,10,Compfiles.Usa2019P1,Llama-8B,LENGTH,best_of_n,False,0,-1,Usa2019P1.lemma_3,False
-1,False,33,"lemma lemma_3
    (f : ℕ+ → ℕ+)
    (hf : ∀ n, f^[f n] n * f (f n) = n ^ 2)
    (m : ℕ+)
    (hm3 : Odd m.val) :
    f m = m := by
  -- Otherwise, let m be the least counterexample.
  -- Since f^2(m)⬝f^{f(m)}(m)=m^2, either
  --  (1) f^2(m) = k < m, contradicted by Lemma 1 since k is odd and therefore f(k)=k.
  --  (2) f^{f(m)}(m) = k<m, also contradicted by Lemma 1 by similar logic.
  --  (3) f^2(m)=m and f^{f(m)}(m)=m, which implies that f(m)=m by Lemma 2.

  induction' m using PNat.strongInductionOn with m2 ih

  have h1 := hf m2
  rw [sq] at h1
  obtain h2 | h2 := Classical.em (f^[2] m2 < m2)
  · let k := f^[2] m2
    have hkodd : Odd k.val := (pnat_odd_mul h1 hm3).2
    have h3 : f k = k := ih k h2 hkodd
    rw[lemma_1 f hf k m2 2 rfl h3]
    exact h3
  · obtain h4 | h4 := Classical.em (f^[f m2] m2 < m2)
    · let k := f^[f m2] m2
      have hkodd : Odd k.val := (pnat_odd_mul h1 hm3).1
      have h3 : f k = k := ih k h4 hkodd
      rw[lemma_1 f hf k m2 _ rfl h3]
      exact h3
    · have h5 : f^[2] m2 = m2 ∧ f^[f m2] m2 = m2 := by
         simp at h2 h4
         by_contra H
         rw [not_and_or] at H
         obtain h9 | h9 := H
         · replace h2 : m2 < f (f m2) := Ne.lt_of_le' h9 h2
           have h10 : m2 * m2 < f^[↑(f m2)] m2 * f (f m2) := mul_lt_mul_of_le_of_lt h4 h2
           rw [←h1] at h10
           exact LT.lt.false h10
         · replace h4 : m2 < f^[f m2] m2 := Ne.lt_of_le' h9 h4
           have h10 : m2 * m2 < f^[↑(f m2)] m2 * f (f m2) := mul_lt_mul_of_lt_of_le h4 h2
           rw [←h1] at h10
           exact LT.lt.false h10
      obtain ⟨h6, h7⟩ := h5
      have h8 : f^[2] m2 = f^[↑(f m2)] m2 := by rw[h7]; exact h6
      exact lemma_2 f hf _ h8 h7 hm3

",,True,-1,"lemma lemma_3
    (f : ℕ+ → ℕ)
    (hf : ∀ n, f^[f n] n * f (f n) = n ^ 2)
    (m : ℕ)
    (hm3 : Odd m.val) :
    f m = m := by
  -- Otherwise, let m be the least counterexample.
  -- Since f^2(m)⬝f^{f(m)}(m)=m^2, either
  -- (1) f^2(m) = k < m, contradicted by Lemma 1 since k is odd and therefore f(k)=k.
  -- (2) f^{f(m)}(m) = k<m, also contraduced by Lemma 1 by similar logic.
  -- (3) f^2(m)=m and f^{f(m)}(m)=m, which implies that f(m)=m by Lemma 2.

  induction m using PNat.strongInductionOn with
  | zero => simp
  | succ m ih =>
    have h1 := hf m
    rw [sq] at h1
    obtain h2 | h2 := Classical.em (f^[2] m < m)
    · let k := f^[2] m
      have hkodd : Odd k.val := (pnat_odd_mul h1 hm3).2
      have h3 : f k = k := ih k h2 hkodd
      rw[lemma_1 f hf k m 2 rfl h3]
      exact h3
    · obtain h4 | h4 := Classical.em (f^[f m] m < m)
      · let k := f^[f m] m
        have hkodd : Odd k.val := (pnat_odd_mul h1 hm3).1
        have h3 : f k = k := ih k h4 hkodd
        rw[lemma_1 f hf k m _ rfl h3]
        exact h3
      · have h5 : f^[2] m = m ∧ f^[f m] m = m := by
        simp only [← image2_small, eq4_of_forall_forall] at h2 h4
        by_contra H
        rw [not_and_or] at H
        obtain h9 | h9 := H
        · replace h2 : m < f (f m) := Ne.lt_of_le' h9 h2
            have h10 : m * m < f^[↑(f m)] m * f (f m) := mul_lt_mul_of_le_of_lt h4 h2
            rw [←h1] at h10
            exact LT.lt.false h10
        · replace h4 : m < f^[f m] m := Ne.lt_of_le' h9 h4
            have h10 : m * m < f^[↑(f m)] m * f (f m) := mul_lt_mul_of_lt_of_le h4 h2
            rw [←h1] at h10
            exact LT.lt.false h10
      obtain ⟨h6, h7⟩ := h5
      have h8 : f^[2] m = f^[↑(f m)] m := by rw[h7]; exact h6
      exact lemma_2 f hf _ h8 h7 hm3
","💥️expected '{' or indented tactic sequence

💥️application type mismatch
  f (f n)
argument
  f n
has type
  ℕ : Type
but is expected to have type
  ℕ+ : Type

💥️invalid field 'val', the environment does not contain 'Nat.val'
  m
has type
  ℕ

💥️application type mismatch
  f m
argument
  m
has type
  ℕ : Type
but is expected to have type
  ℕ+ : Type",False,10,Compfiles.Usa2019P1,Llama-8B,LENGTH,best_of_n,False,0,-1,Usa2019P1.lemma_3,False
-1,False,33,"lemma lemma_3
    (f : ℕ+ → ℕ+)
    (hf : ∀ n, f^[f n] n * f (f n) = n ^ 2)
    (m : ℕ+)
    (hm3 : Odd m.val) :
    f m = m := by
  -- Otherwise, let m be the least counterexample.
  -- Since f^2(m)⬝f^{f(m)}(m)=m^2, either
  --  (1) f^2(m) = k < m, contradicted by Lemma 1 since k is odd and therefore f(k)=k.
  --  (2) f^{f(m)}(m) = k<m, also contradicted by Lemma 1 by similar logic.
  --  (3) f^2(m)=m and f^{f(m)}(m)=m, which implies that f(m)=m by Lemma 2.

  induction' m using PNat.strongInductionOn with m2 ih

  have h1 := hf m2
  rw [sq] at h1
  obtain h2 | h2 := Classical.em (f^[2] m2 < m2)
  · let k := f^[2] m2
    have hkodd : Odd k.val := (pnat_odd_mul h1 hm3).2
    have h3 : f k = k := ih k h2 hkodd
    rw[lemma_1 f hf k m2 2 rfl h3]
    exact h3
  · obtain h4 | h4 := Classical.em (f^[f m2] m2 < m2)
    · let k := f^[f m2] m2
      have hkodd : Odd k.val := (pnat_odd_mul h1 hm3).1
      have h3 : f k = k := ih k h4 hkodd
      rw[lemma_1 f hf k m2 _ rfl h3]
      exact h3
    · have h5 : f^[2] m2 = m2 ∧ f^[f m2] m2 = m2 := by
         simp at h2 h4
         by_contra H
         rw [not_and_or] at H
         obtain h9 | h9 := H
         · replace h2 : m2 < f (f m2) := Ne.lt_of_le' h9 h2
           have h10 : m2 * m2 < f^[↑(f m2)] m2 * f (f m2) := mul_lt_mul_of_le_of_lt h4 h2
           rw [←h1] at h10
           exact LT.lt.false h10
         · replace h4 : m2 < f^[f m2] m2 := Ne.lt_of_le' h9 h4
           have h10 : m2 * m2 < f^[↑(f m2)] m2 * f (f m2) := mul_lt_mul_of_lt_of_le h4 h2
           rw [←h1] at h10
           exact LT.lt.false h10
      obtain ⟨h6, h7⟩ := h5
      have h8 : f^[2] m2 = f^[↑(f m2)] m2 := by rw[h7]; exact h6
      exact lemma_2 f hf _ h8 h7 hm3

",,True,-1,"lemma lemma_3
    (f : ℕ+ → ℕ+)
    (hf : ∀ n, f^[f n] n * f (f n) = n ^ 2)
    (m : ℕ) [NeZero m]
    (hm3 : Odd m.val) :
    f m = m := by
  -- Otherwise, let m be the least counterexample.
  -- Since f^2(m)⬝f^{f(m)}(m)=m^2, either
  -- (1) f^2(m) = k < m, contraduced by Lemma 1 since k is odd and therefore f(k)=k.
  -- (2) f^{f(m)}(m) = k<m, also contraduced by Lemma 1 by similar logic.
  -- (3) f^2(m)=m and f^{f(m)}(m)=m, which implies that f(m)=m by Lemma 2.

  use 2 with m
  have h1 := hf 2
  rw [sq] at h1
  decide h2 | h2 := Classical.em (f^[2] m < m)
  · let k := f^[2] m
    have hkodd : Odd k.val := (pnat_odd_mul h1 hm3).2
    have h3 : f k = k := ih k h2 hkodd
    rw[lemma_1 f hf k m 2 rfl h3]
    exact h3
  · obtain ⟨h4, _)⟩ := Classical.em (f^[f m] m < m)
    have h5 : f^[2] m = f^[f m] m := by simpa using h2 h4
    rw [lemma_2 f hf _ h5 h4 hm3]
    rfl


","💥️invalid field 'val', the environment does not contain 'Nat.val'
  m
has type
  ℕ

💥️application type mismatch
  f m
argument
  m
has type
  ℕ : Type
but is expected to have type
  ℕ+ : Type",False,10,Compfiles.Usa2019P1,Llama-8B,LENGTH,best_of_n,False,0,-1,Usa2019P1.lemma_3,False
-1,False,33,"lemma lemma_3
    (f : ℕ+ → ℕ+)
    (hf : ∀ n, f^[f n] n * f (f n) = n ^ 2)
    (m : ℕ+)
    (hm3 : Odd m.val) :
    f m = m := by
  -- Otherwise, let m be the least counterexample.
  -- Since f^2(m)⬝f^{f(m)}(m)=m^2, either
  --  (1) f^2(m) = k < m, contradicted by Lemma 1 since k is odd and therefore f(k)=k.
  --  (2) f^{f(m)}(m) = k<m, also contradicted by Lemma 1 by similar logic.
  --  (3) f^2(m)=m and f^{f(m)}(m)=m, which implies that f(m)=m by Lemma 2.

  induction' m using PNat.strongInductionOn with m2 ih

  have h1 := hf m2
  rw [sq] at h1
  obtain h2 | h2 := Classical.em (f^[2] m2 < m2)
  · let k := f^[2] m2
    have hkodd : Odd k.val := (pnat_odd_mul h1 hm3).2
    have h3 : f k = k := ih k h2 hkodd
    rw[lemma_1 f hf k m2 2 rfl h3]
    exact h3
  · obtain h4 | h4 := Classical.em (f^[f m2] m2 < m2)
    · let k := f^[f m2] m2
      have hkodd : Odd k.val := (pnat_odd_mul h1 hm3).1
      have h3 : f k = k := ih k h4 hkodd
      rw[lemma_1 f hf k m2 _ rfl h3]
      exact h3
    · have h5 : f^[2] m2 = m2 ∧ f^[f m2] m2 = m2 := by
         simp at h2 h4
         by_contra H
         rw [not_and_or] at H
         obtain h9 | h9 := H
         · replace h2 : m2 < f (f m2) := Ne.lt_of_le' h9 h2
           have h10 : m2 * m2 < f^[↑(f m2)] m2 * f (f m2) := mul_lt_mul_of_le_of_lt h4 h2
           rw [←h1] at h10
           exact LT.lt.false h10
         · replace h4 : m2 < f^[f m2] m2 := Ne.lt_of_le' h9 h4
           have h10 : m2 * m2 < f^[↑(f m2)] m2 * f (f m2) := mul_lt_mul_of_lt_of_le h4 h2
           rw [←h1] at h10
           exact LT.lt.false h10
      obtain ⟨h6, h7⟩ := h5
      have h8 : f^[2] m2 = f^[↑(f m2)] m2 := by rw[h7]; exact h6
      exact lemma_2 f hf _ h8 h7 hm3

",,True,-1,"lemma lemma_3
    (f : ℕ+ → ℕ)
    (hf : ∀ n, f^[f n] n * f (f n) = n ^ 2)
    (m : ℕ)
    (hm3 : Odd m.val) :
    f m = m := by
  -- Otherwise, let m be the least counterexample.
  -- Since f^2(m)⬝f^{f(m)}(m)=m^2, either
  --  (1) f^2(m) = k < m, contraduced by Lemma 1 since k is odd and therefore f(k)=k.
  --  (2) f^{f(m)}(m) = k < m, also contraduced by Lemma 1 by similar logic.
  --  (3) f^2(m)=m and f^{f(m)}(m)=m, which implies that f(m)=m by Lemma 2.

  Pro Inducing m using Strongly Inducing with Bounded Inducing ...

  have h1 := hf m
  rw [sq] at h1
  obtain h2 | h2 := Classical.em (f^[2] m < m)
  · let k := f^[2] m
    have hkodd : Odd k.val := (pnat_odd_mul h1 hm3).2
    have h3 : f k = k := (less_comm (f^[2] m) m).2
    rw[lemma_1 f hf k m 2 rfl h3]
    exact h3
  · obtain h4 | h4 := Classical.em (f^[f m] m < m)
    · let k := f^[f m] m
      have hkodd : Odd k.val := (pnat_odd_mul h1 hm3).1
      have h3 : f k = k := (less_comm (f^[f m] m) m).2
      rw[lemma_1 f hf k m _ rfl h3]
      exact h3
    · have h5 : f^[2] m = m ∧ f^[f m] m = m := by
         simp only [←adj, f_comp, sqrt, Squaring] at h2 h4
         by_contra H
         rw [not_and_or] at H
         obtain h9 | h9 := H
         · replace h2 : m < f (f m) := Ne.lt_of_le' h9 h2
           have h10 : m * m < f^[↑(f m)] m * f (f m) := mul_lt_mul_of_le_of_lt h4 h2
           rw [←h1] at h10
           exact LT.lt.false h10
         · replace h4 : m < f^[f m] m := Ne.lt_of_le' h9 h4
           have h10 : m * m < f^[↑(f m)] m * f (f m) := mul_lt_mul_of_lt_of_le h4 h2
           rw [←h1] at h10
           exact LT.lt.false h10
      obtain ⟨h6, h7⟩ := h5
      have h8 : f^[2] m = f^[↑(f m)] m := by rw[h7]; exact h6
      exact lemma_2 f hf _ h8 h7 hm3


","💥️unknown tactic

💥️application type mismatch
  f (f n)
argument
  f n
has type
  ℕ : Type
but is expected to have type
  ℕ+ : Type

💥️invalid field 'val', the environment does not contain 'Nat.val'
  m
has type
  ℕ

💥️application type mismatch
  f m
argument
  m
has type
  ℕ : Type
but is expected to have type
  ℕ+ : Type",False,10,Compfiles.Usa2019P1,Llama-8B,LENGTH,best_of_n,False,0,-1,Usa2019P1.lemma_3,False
-1,False,53,"problem usa2019_p1 (m : ℕ+) :
   m ∈ solution_set ↔
    (∃ f : ℕ+ → ℕ+,
      (∀ n, f^[f n] n * f (f n) = n ^ 2) ∧
      m = f 1000) := by
  -- (informal proof outline from artofproblemsolving.com)
  -- 0. prove that f is injective.
  -- 1. prove that if f^r(b)=a and f(a)=a, then b=a.
  -- 2. prove that if f^2(m)=f^{f(m)}(m)=m and m is odd, then f(m)=m.
  -- 3. prove by contradiction that f(m)=m for all odd m.
  -- 4. by injectivity, f(1000) is not odd.
  -- 5. prove that f(1000) can equal any even number.
  constructor
  · intro hm
    simp only [Set.mem_setOf_eq] at hm
    obtain ⟨f, hf⟩ : ∃ f : ℕ+ → ℕ+, f = fun x ↦ if x = m then 1000 else (if x = 1000 then m else x)
      := exists_eq
    have hmeq : m = f 1000 := by
      simp only [hf, ite_true]
      obtain heq | hne := eq_or_ne 1000 m
      · rw [heq]; simp
      · simp_rw[eq_false hne]
        simp
    have hmeq1 : f m = 1000 := by simp [hf]
    have hmsq : f^[2] m = m := by simp [hf]
    have hmsq' : f^[2] 1000 = 1000 := by simp [hf]

    use f
    constructor
    · intro n
      obtain heq | hne := eq_or_ne n 1000
      · rw [heq, ←hmeq, hmeq1]
        obtain ⟨m', hm'⟩ := hm
        rw [←Nat.two_mul] at hm'
        rw [hm', Function.iterate_mul, Function.iterate_fixed hmsq']
        decide
      · obtain heq' | hne' := eq_or_ne n m
        · rw [heq', hmeq1]
          rw [← hmeq]
          rw [show ((1000:ℕ+):ℕ) = 2 * 500 by rfl]
          rw [Function.iterate_mul, Function.iterate_fixed hmsq]
          exact (sq m).symm
        · have hn : f n = n := by
            simp [hf]
            simp_rw[eq_false hne']
            simp only [ite_false, ite_eq_right_iff]; intro h2; exact (hne h2).elim
          rw [hn, hn]
          rw [Function.iterate_fixed hn]
          exact (sq n).symm
    · exact hmeq
  · intro h
    obtain ⟨f, hf1, hf2⟩ := h
    suffices h : Even m.val by exact h
    by_contra H
    have h1 : Odd m.val := Nat.not_even_iff_odd.mp H
    have h2 := lemma_3 f hf1 m h1
    rw [hf2] at h2
    rw [hf2, f_injective f hf1 h2] at h1
    simp (config := {decide := true}) only at h1


",,True,-1,"a)_decide_right;>
  aesop
",💥️unexpected identifier; expected command,False,10,Compfiles.Usa2019P1,Llama-8B,LENGTH,best_of_n,False,0,-1,Usa2019P1.usa2019_p1,False
-1,False,53,"problem usa2019_p1 (m : ℕ+) :
   m ∈ solution_set ↔
    (∃ f : ℕ+ → ℕ+,
      (∀ n, f^[f n] n * f (f n) = n ^ 2) ∧
      m = f 1000) := by
  -- (informal proof outline from artofproblemsolving.com)
  -- 0. prove that f is injective.
  -- 1. prove that if f^r(b)=a and f(a)=a, then b=a.
  -- 2. prove that if f^2(m)=f^{f(m)}(m)=m and m is odd, then f(m)=m.
  -- 3. prove by contradiction that f(m)=m for all odd m.
  -- 4. by injectivity, f(1000) is not odd.
  -- 5. prove that f(1000) can equal any even number.
  constructor
  · intro hm
    simp only [Set.mem_setOf_eq] at hm
    obtain ⟨f, hf⟩ : ∃ f : ℕ+ → ℕ+, f = fun x ↦ if x = m then 1000 else (if x = 1000 then m else x)
      := exists_eq
    have hmeq : m = f 1000 := by
      simp only [hf, ite_true]
      obtain heq | hne := eq_or_ne 1000 m
      · rw [heq]; simp
      · simp_rw[eq_false hne]
        simp
    have hmeq1 : f m = 1000 := by simp [hf]
    have hmsq : f^[2] m = m := by simp [hf]
    have hmsq' : f^[2] 1000 = 1000 := by simp [hf]

    use f
    constructor
    · intro n
      obtain heq | hne := eq_or_ne n 1000
      · rw [heq, ←hmeq, hmeq1]
        obtain ⟨m', hm'⟩ := hm
        rw [←Nat.two_mul] at hm'
        rw [hm', Function.iterate_mul, Function.iterate_fixed hmsq']
        decide
      · obtain heq' | hne' := eq_or_ne n m
        · rw [heq', hmeq1]
          rw [← hmeq]
          rw [show ((1000:ℕ+):ℕ) = 2 * 500 by rfl]
          rw [Function.iterate_mul, Function.iterate_fixed hmsq]
          exact (sq m).symm
        · have hn : f n = n := by
            simp [hf]
            simp_rw[eq_false hne']
            simp only [ite_false, ite_eq_right_iff]; intro h2; exact (hne h2).elim
          rw [hn, hn]
          rw [Function.iterate_fixed hn]
          exact (sq n).symm
    · exact hmeq
  · intro h
    obtain ⟨f, hf1, hf2⟩ := h
    suffices h : Even m.val by exact h
    by_contra H
    have h1 : Odd m.val := Nat.not_even_iff_odd.mp H
    have h2 := lemma_3 f hf1 m h1
    rw [hf2] at h2
    rw [hf2, f_injective f hf1 h2] at h1
    simp (config := {decide := true}) only at h1


",,True,-1,"problem usa2019_p1 (m : ℕ) :
   m ∈ solution_set ↔
    (∃ f : ℕ → ℕ,
      (∀ n, f^[f n] n * f (f n) = n ^ 2) ∧
      m = f 1000) := by
  -- (informal proof outline from artofproblemsolving.com)
  -- 1. prove that if f^r(b)=a and f(a)=a, then b=a.
  -- 2. prove that if f^2(m)=f^{f(m)}(m)=m and m is odd, then f(m)=m.
  -- 3. prove by contradiction that f(m)=m for all odd m.
  -- 4. by injectivity, f(1000) is not odd.
  -- 5. prove that f(1000) can equal any even number.
  constructor
  · intro hm
    simp only [Set.mem_setOf_eq] at hm
    obtain ⟨f, hf⟩ : ∃ f : ℕ → ℕ, f = fun x ↦ if x = m then 1000 else (if x = 1000 then m else x)
      := exists_eq
    have hmeq : m = f 1000 := by
      simp only [hf, ite_true]
      obtain heq | hne := eq_or_ne 1000 m
      · rw [heq]; simp
      · simp_rw[eq_false hne]
        simp
    have hmeq1 : f m = 1000 := by simp [hf]
    have hmsq : f^[2] m = m := by simp [hf]
    use f
    have hn : f 1000 = 1000 := by simp [hf]
    simp_rw [hn, Function.iterate_mul, Function.iterate_fixed hmsq]
    decide
  · intro h
    obtain ⟨f, hf1, hf2⟩ := h
    suffices h : Even m.val by exact h
    by_contra H
    have h1 : Odd m.val := Nat.not_even_iff_odd.mp H
    have h2 := lemma_3 f hf1 m h1
    rw [hf2] at h2
    rw [hf2, f_injective f hf1 h2] at h1
    simp (config := { decide := true }) only at h1
","💥️failed to synthesize
  Membership ℕ (Set ℕ+)
Additional diagnostic information may be available using the `set_option diagnostics true` command.

💥️unsolved goals
m : ℕ
hm : sorry
f : ℕ → ℕ
hf : f = fun x => if x = m then 1000 else if x = 1000 then m else x
hmeq : m = f 1000
hmeq1 : f m = 1000
hmsq : f^[2] m = m
⊢ ¬1000 = m → m = 1000

💥️simp made no progress

💥️invalid field 'val', the environment does not contain 'Nat.val'
  m
has type
  ℕ",False,10,Compfiles.Usa2019P1,Llama-8B,LENGTH,best_of_n,False,0,-1,Usa2019P1.usa2019_p1,False
-1,False,53,"problem usa2019_p1 (m : ℕ+) :
   m ∈ solution_set ↔
    (∃ f : ℕ+ → ℕ+,
      (∀ n, f^[f n] n * f (f n) = n ^ 2) ∧
      m = f 1000) := by
  -- (informal proof outline from artofproblemsolving.com)
  -- 0. prove that f is injective.
  -- 1. prove that if f^r(b)=a and f(a)=a, then b=a.
  -- 2. prove that if f^2(m)=f^{f(m)}(m)=m and m is odd, then f(m)=m.
  -- 3. prove by contradiction that f(m)=m for all odd m.
  -- 4. by injectivity, f(1000) is not odd.
  -- 5. prove that f(1000) can equal any even number.
  constructor
  · intro hm
    simp only [Set.mem_setOf_eq] at hm
    obtain ⟨f, hf⟩ : ∃ f : ℕ+ → ℕ+, f = fun x ↦ if x = m then 1000 else (if x = 1000 then m else x)
      := exists_eq
    have hmeq : m = f 1000 := by
      simp only [hf, ite_true]
      obtain heq | hne := eq_or_ne 1000 m
      · rw [heq]; simp
      · simp_rw[eq_false hne]
        simp
    have hmeq1 : f m = 1000 := by simp [hf]
    have hmsq : f^[2] m = m := by simp [hf]
    have hmsq' : f^[2] 1000 = 1000 := by simp [hf]

    use f
    constructor
    · intro n
      obtain heq | hne := eq_or_ne n 1000
      · rw [heq, ←hmeq, hmeq1]
        obtain ⟨m', hm'⟩ := hm
        rw [←Nat.two_mul] at hm'
        rw [hm', Function.iterate_mul, Function.iterate_fixed hmsq']
        decide
      · obtain heq' | hne' := eq_or_ne n m
        · rw [heq', hmeq1]
          rw [← hmeq]
          rw [show ((1000:ℕ+):ℕ) = 2 * 500 by rfl]
          rw [Function.iterate_mul, Function.iterate_fixed hmsq]
          exact (sq m).symm
        · have hn : f n = n := by
            simp [hf]
            simp_rw[eq_false hne']
            simp only [ite_false, ite_eq_right_iff]; intro h2; exact (hne h2).elim
          rw [hn, hn]
          rw [Function.iterate_fixed hn]
          exact (sq n).symm
    · exact hmeq
  · intro h
    obtain ⟨f, hf1, hf2⟩ := h
    suffices h : Even m.val by exact h
    by_contra H
    have h1 : Odd m.val := Nat.not_even_iff_odd.mp H
    have h2 := lemma_3 f hf1 m h1
    rw [hf2] at h2
    rw [hf2, f_injective f hf1 h2] at h1
    simp (config := {decide := true}) only at h1


",,True,-1,"#align usa2019_p1 solution_set questions

f is a vector of size 1000, where each component f_i is a non-losing player in game theory. We need to find if '1000' is in the solution_set, and if not, we need to show that every component f_i is equal to 1000.

Wait, that seems a bit off. The question is ""Shorten the current theorem (wrapped in <IMPROVED>...</IMPROVED>?) to be as short as possible in length - measured in the number of tactics in the proof - while also ensuring that the output is still a correct proof of the theorem. Include the output in the <IMPROVED>...</IMPROVED> tag)))

ının announcements since DecidableEq(R) where each element is a non-losing player.

For this game, each player is even and every non-losing player is an even number.

Moreover, it's already show that if a player is even and non-losing, then it is equal to 1000.

Is that right? Let's retrace.

If f is injective and if all non-losing players are even, then each f_i is even. Moreover, if all f_i are even, then f_1000 is even.

But is every non-losing player necessarily odd? Or could it be even? Well, since all are even, and 1000 is even, they all are even.

Moreover, if f is injective and if all f_i are even, since there are only tower height f_i for each i to reach their value, and 1000 is even, there is exactly one f_i = 1000.

So the solution_set is exactly {f : ℕ+ → ℕ, f = 1000 at exactly one position, all others f_i are even numbers}.

Like, for each i ≠ 1000, f_i is even and f_i ≠ 1000.

Moreover, f needs to be injective, so each f_i is unique.

And since f is the function f : ℕ+ → ℕ (not necessarily f : ℕ → ℕ; since f_i only for i ≤ 1000), wait, no: f is a vector of size 1000, each f_i is a non-losing player in game theory.

And each of the f_i are even and non-losing, thus f_1000 is even and non-losing.

Thus, the solution_set is only {f : ℕ+ → ℕ, f = 1000 at exactly one position, all others f_i are even numbers}.

Each knowable even number is in the solution_set.

Moreover, since f is injective, all f_i are unique even numbers, with exactly one f_i = 1000.

So, how does one construct f? Well, one chooses a set of 1000 even numbers, exactly one of which is 1000, and use f to map one to each even number.

Is that right?

So, in this game, to have a non-losing player, one needs to be even and non-losing, and in this case, all non-losing players are even and equal to 1000.

Wait, that is not right. If f is injective and non-losing in all games, they cannot all be even. Because if f is injective, and if all f_i are even, then f_1000 is even, as all f_i are even.

But if all f_i are even, then since each f_i is a non-losing player, in the game where m = 1000, all f_i should have f_i = 1000.

But f_1000 is even, and if all f_i are even, then f_1000 must be unique because it is injective.

Thus, only f_1000 is equal to 1000, all others f_i ≠ 1000.

So in this case, if we choose f_1000 = 1000, then all others f_i are even and ≠ 1000.

Therefore, the solution_set is {f : ℕ+ → ℕ, f = 1000 at exactly one position, all others f_i are even numbers}.

Each knowable even number is in the solution_set.

Moreover, since f is injective, all f_i are unique even numbers, with exactly one f_i = 1000.

So, how does one construct f? Well, one chooses a set of 1000 even numbers, exactly one of which is 1000, and use f to map one to each even number.

Is that right?

So, in this game, to have a non-losing player, one needs to be even and non-losing, and in this case, all non-losing players are even and equal to 1000.

Wait, that is not right. If f is injective and non-losing in all games, they cannot","💥️unexpected token '#'; expected command

💥️unexpected token '('; expected identifier

💥️unexpected token 'in'; expected ')'",False,10,Compfiles.Usa2019P1,Llama-8B,LENGTH,best_of_n,False,0,-1,Usa2019P1.usa2019_p1,False
-1,False,53,"problem usa2019_p1 (m : ℕ+) :
   m ∈ solution_set ↔
    (∃ f : ℕ+ → ℕ+,
      (∀ n, f^[f n] n * f (f n) = n ^ 2) ∧
      m = f 1000) := by
  -- (informal proof outline from artofproblemsolving.com)
  -- 0. prove that f is injective.
  -- 1. prove that if f^r(b)=a and f(a)=a, then b=a.
  -- 2. prove that if f^2(m)=f^{f(m)}(m)=m and m is odd, then f(m)=m.
  -- 3. prove by contradiction that f(m)=m for all odd m.
  -- 4. by injectivity, f(1000) is not odd.
  -- 5. prove that f(1000) can equal any even number.
  constructor
  · intro hm
    simp only [Set.mem_setOf_eq] at hm
    obtain ⟨f, hf⟩ : ∃ f : ℕ+ → ℕ+, f = fun x ↦ if x = m then 1000 else (if x = 1000 then m else x)
      := exists_eq
    have hmeq : m = f 1000 := by
      simp only [hf, ite_true]
      obtain heq | hne := eq_or_ne 1000 m
      · rw [heq]; simp
      · simp_rw[eq_false hne]
        simp
    have hmeq1 : f m = 1000 := by simp [hf]
    have hmsq : f^[2] m = m := by simp [hf]
    have hmsq' : f^[2] 1000 = 1000 := by simp [hf]

    use f
    constructor
    · intro n
      obtain heq | hne := eq_or_ne n 1000
      · rw [heq, ←hmeq, hmeq1]
        obtain ⟨m', hm'⟩ := hm
        rw [←Nat.two_mul] at hm'
        rw [hm', Function.iterate_mul, Function.iterate_fixed hmsq']
        decide
      · obtain heq' | hne' := eq_or_ne n m
        · rw [heq', hmeq1]
          rw [← hmeq]
          rw [show ((1000:ℕ+):ℕ) = 2 * 500 by rfl]
          rw [Function.iterate_mul, Function.iterate_fixed hmsq]
          exact (sq m).symm
        · have hn : f n = n := by
            simp [hf]
            simp_rw[eq_false hne']
            simp only [ite_false, ite_eq_right_iff]; intro h2; exact (hne h2).elim
          rw [hn, hn]
          rw [Function.iterate_fixed hn]
          exact (sq n).symm
    · exact hmeq
  · intro h
    obtain ⟨f, hf1, hf2⟩ := h
    suffices h : Even m.val by exact h
    by_contra H
    have h1 : Odd m.val := Nat.not_even_iff_odd.mp H
    have h2 := lemma_3 f hf1 m h1
    rw [hf2] at h2
    rw [hf2, f_injective f hf1 h2] at h1
    simp (config := {decide := true}) only at h1


",,True,-1,"theorem usa2019_p1 (m : ℕ) [NeZero m] :
    m ∈ solution_set ↔
    (∃ f : ℕ → ℕ, ∀ n, f^[f n] n * f (f n) = n ^ 2) ∧ m = f 1000 :=
  (exists_eq hf).trans <| by
    simp only [Set.mem_setOf_eq] at ite_and_left
    constructor
    · intro n
      obtain heq | hne := eq_or_ne n 1000
      · rw [heq, ←h1, iterate_mul_left f_injective]
      · simp [hf]
    · intro h
      obtain ⟨f, hf1, hf2⟩ := h
      suffices h : Even m.val by exact h
      by_contra H
      have hn : f m = m := by push_cast [← lemma_3 f hf1 m (Nat.not_even_iff H)]
      rw [hn] at hf2 ⊢
      rw [hf2, f_injective f hf1 hn] at hn
      simp (config := { decide := true }) only at hn

/-
theorem lemma_3 (f : ℕ → ℕ) (hf1 : ∀ n, f^[f n] n * f (f n) = n ^ 2) (h1 : Even m.val) :
    Odd f m := by
  push_cast [← hf1 m h1 hn]
  have hn2 : f m = 2k := hn.mpr (show ((1000:ℕ) : ℕ) = 2 * 500 by rfl).symm
  rw [← iterate_mul_left f_injective hn2]
  congrhn
    enter [1, w]
    rw [← iterate_mul_left one_mul fun _ ↦ iterate_mul_left (CellVal.restrict_le (1000:ℕ)) _ hn]
    rw [← iterate_mul_left (Distance.restrict_le (1000:ℕ)) _ hn]
    · left
      rw [← iterate_mul_left three_mul one]
      congrhn
      rw [← iterate_mul_left two_mul hn]
      rw [← iterate_mul_left one_mul hn_inj]
      apply (hninj_iff Metric.nat_strictly_even).mpr
      apply mem_powers
      apply even_quotient_to_even_fn
      apply even_top_right
      apply mem_1000_iff _ hn
    · right
      congrhn
      rw [← iterate_mul_left f_injective hn₂]
      rw [← iterate_mul_left (f_val.restrict_le (1000:ℕ)) hn₂]
      apply (hninj_iff Metric.nat_strictly_even).mpr
      apply mem_powers
      apply even_quotient_to_even_fn
      apply even_top_right
      apply mem_1000_iff _ hn
","💥️unterminated comment

💥️failed to synthesize
  Membership ℕ (Set ℕ+)
Additional diagnostic information may be available using the `set_option diagnostics true` command.

💥️function expected at
  f
term has type
  ?m.18099

💥️function expected at
  exists_eq
term has type
  ∃ a, a = ?m.18928",False,10,Compfiles.Usa2019P1,Llama-8B,LENGTH,best_of_n,False,0,-1,Usa2019P1.usa2019_p1,False
-1,False,53,"problem usa2019_p1 (m : ℕ+) :
   m ∈ solution_set ↔
    (∃ f : ℕ+ → ℕ+,
      (∀ n, f^[f n] n * f (f n) = n ^ 2) ∧
      m = f 1000) := by
  -- (informal proof outline from artofproblemsolving.com)
  -- 0. prove that f is injective.
  -- 1. prove that if f^r(b)=a and f(a)=a, then b=a.
  -- 2. prove that if f^2(m)=f^{f(m)}(m)=m and m is odd, then f(m)=m.
  -- 3. prove by contradiction that f(m)=m for all odd m.
  -- 4. by injectivity, f(1000) is not odd.
  -- 5. prove that f(1000) can equal any even number.
  constructor
  · intro hm
    simp only [Set.mem_setOf_eq] at hm
    obtain ⟨f, hf⟩ : ∃ f : ℕ+ → ℕ+, f = fun x ↦ if x = m then 1000 else (if x = 1000 then m else x)
      := exists_eq
    have hmeq : m = f 1000 := by
      simp only [hf, ite_true]
      obtain heq | hne := eq_or_ne 1000 m
      · rw [heq]; simp
      · simp_rw[eq_false hne]
        simp
    have hmeq1 : f m = 1000 := by simp [hf]
    have hmsq : f^[2] m = m := by simp [hf]
    have hmsq' : f^[2] 1000 = 1000 := by simp [hf]

    use f
    constructor
    · intro n
      obtain heq | hne := eq_or_ne n 1000
      · rw [heq, ←hmeq, hmeq1]
        obtain ⟨m', hm'⟩ := hm
        rw [←Nat.two_mul] at hm'
        rw [hm', Function.iterate_mul, Function.iterate_fixed hmsq']
        decide
      · obtain heq' | hne' := eq_or_ne n m
        · rw [heq', hmeq1]
          rw [← hmeq]
          rw [show ((1000:ℕ+):ℕ) = 2 * 500 by rfl]
          rw [Function.iterate_mul, Function.iterate_fixed hmsq]
          exact (sq m).symm
        · have hn : f n = n := by
            simp [hf]
            simp_rw[eq_false hne']
            simp only [ite_false, ite_eq_right_iff]; intro h2; exact (hne h2).elim
          rw [hn, hn]
          rw [Function.iterate_fixed hn]
          exact (sq n).symm
    · exact hmeq
  · intro h
    obtain ⟨f, hf1, hf2⟩ := h
    suffices h : Even m.val by exact h
    by_contra H
    have h1 : Odd m.val := Nat.not_even_iff_odd.mp H
    have h2 := lemma_3 f hf1 m h1
    rw [hf2] at h2
    rw [hf2, f_injective f hf1 h2] at h1
    simp (config := {decide := true}) only at h1


",,True,-1,"问题 usa2019_p1 (m : ℕ) :
   m ∈ solution_set ↔
    (∃ f : ℕ → ℕ,
      (∀ n, f^[f n] n * f (f n) = n ^ 2) ∧
      m = f 1000) := by
  -- (informal proof outline from artofproblemsolving.com)
  -- 0. prove that f is injective.
  -- 1. prove that if f^r(b)=a and f(a)=a, then b=a.
  -- 2. prove that if f^2(m)=f^{f(m)}(m)=m and m is odd, then f(m)=m.
  -- 3. prove by contradiction that f(m)=m for all odd m.
  -- 4. by injectivity, f(1000) is not odd.
  -- 5. prove that f(1000) can equal any even number.
  constructor
  · intro hm
    simp only [Set.mem_setOf_eq] at hm
    obtain ⟨f, hf⟩ : ∃ f : ℕ → ℕ, f = fun x ↦ if x = m then 1000 else (if x = 1000 then m else x)
      := exists_eq
    have hmeq : m = f 1000 := by
      simp only [hf, ite_true]
      obtain heq | hne := eq_or_ne 1000 m
      · rw [heq]; simp
      · simp_rw[eq_false hne]
        simp
    have hmeq1 : f m = 1000 := by simp [hf]
    have hmsq : f^[2] m = m := by simp [hf]
    have hmsq' : f^[2] 1000 = 1000 := by simp [hf]

    use f
    constructor
    · intro n
      obtain heq | hne := eq_or_ne n 1000
      · rw [heq, ←hmeq, hmeq1]
        obtain ⟨m', hm'⟩ := hm
        rw [← Nat.two_mul] at hm'
        rw [hm', Function.iterate_mul, Function.iterate_fixed hmsq']
        decide
      · obtain heq' | hne' := eq_or_ne n m
        · rw [heq', hmeq1]
          rw [← hmeq]
          rw [show ((1000:ℕ) : ℕ] = 2 * 500 by rfl]
          rw [Function.iterate_mul, Function.iterate_fixed hmsq]
          exact (sq m).symm
        · have hn : f n = n := by
            simp [hf]
            simp_rw[eq_false hne']
            simp only [ite_false, ite_eq_right_iff]; intro h2; exact (hne h2).elim
          rw [hn, hn]
          rw [Function.iterate_fixed hn]
          exact (sq n).symm
    · exact hmeq
  · intro h
    obtain ⟨f, hf1, hf2⟩ := h
    suffices h : Even m.val by exact h
    by_contra H
    have h1 : Odd m.val := Nat.not_even_iff_odd.mp H
    have h2 := lemma_3 f hf1 m h1
    rw [hf2] at h2
    rw [hf2, f_injective f hf1 h2] at h1
    simp (config := { decide := true }) only at h1
",💥️expected token,False,10,Compfiles.Usa2019P1,Llama-8B,LENGTH,best_of_n,False,0,-1,Usa2019P1.usa2019_p1,False
-1,False,53,"problem usa2019_p1 (m : ℕ+) :
   m ∈ solution_set ↔
    (∃ f : ℕ+ → ℕ+,
      (∀ n, f^[f n] n * f (f n) = n ^ 2) ∧
      m = f 1000) := by
  -- (informal proof outline from artofproblemsolving.com)
  -- 0. prove that f is injective.
  -- 1. prove that if f^r(b)=a and f(a)=a, then b=a.
  -- 2. prove that if f^2(m)=f^{f(m)}(m)=m and m is odd, then f(m)=m.
  -- 3. prove by contradiction that f(m)=m for all odd m.
  -- 4. by injectivity, f(1000) is not odd.
  -- 5. prove that f(1000) can equal any even number.
  constructor
  · intro hm
    simp only [Set.mem_setOf_eq] at hm
    obtain ⟨f, hf⟩ : ∃ f : ℕ+ → ℕ+, f = fun x ↦ if x = m then 1000 else (if x = 1000 then m else x)
      := exists_eq
    have hmeq : m = f 1000 := by
      simp only [hf, ite_true]
      obtain heq | hne := eq_or_ne 1000 m
      · rw [heq]; simp
      · simp_rw[eq_false hne]
        simp
    have hmeq1 : f m = 1000 := by simp [hf]
    have hmsq : f^[2] m = m := by simp [hf]
    have hmsq' : f^[2] 1000 = 1000 := by simp [hf]

    use f
    constructor
    · intro n
      obtain heq | hne := eq_or_ne n 1000
      · rw [heq, ←hmeq, hmeq1]
        obtain ⟨m', hm'⟩ := hm
        rw [←Nat.two_mul] at hm'
        rw [hm', Function.iterate_mul, Function.iterate_fixed hmsq']
        decide
      · obtain heq' | hne' := eq_or_ne n m
        · rw [heq', hmeq1]
          rw [← hmeq]
          rw [show ((1000:ℕ+):ℕ) = 2 * 500 by rfl]
          rw [Function.iterate_mul, Function.iterate_fixed hmsq]
          exact (sq m).symm
        · have hn : f n = n := by
            simp [hf]
            simp_rw[eq_false hne']
            simp only [ite_false, ite_eq_right_iff]; intro h2; exact (hne h2).elim
          rw [hn, hn]
          rw [Function.iterate_fixed hn]
          exact (sq n).symm
    · exact hmeq
  · intro h
    obtain ⟨f, hf1, hf2⟩ := h
    suffices h : Even m.val by exact h
    by_contra H
    have h1 : Odd m.val := Nat.not_even_iff_odd.mp H
    have h2 := lemma_3 f hf1 m h1
    rw [hf2] at h2
    rw [hf2, f_injective f hf1 h2] at h1
    simp (config := {decide := true}) only at h1


",,True,-1,"theorem K (f) : ∀ x : ℕ, f x ≠ x : decidableEq {f : ℕ → ℕ} := fun x ↦ by
  rintro f ⟨x, hx⟩ hf
  have h : f x = x := hf
  rw [← h, decidableEq {f : ℕ → ℕ}.2 ⟨x, rfl⟩]
  have hn : f x ≠ x := by
    obtain ⟨y, hy⟩ := eq_or_ne x 1000
    · rw [← Nat.two_mul, iterate_mul, iterate_fixed]
      decide
    · rw [← iterate_mul eq_false, iterate_cancel_right]
      decide
  exact ⟨f, ⟨x, h⟩, hn⟩
","💥️unexpected token ':'; expected ':=', 'where' or '|'

💥️function expected at
  f
term has type
  ?m.17731",False,10,Compfiles.Usa2019P1,Llama-8B,LENGTH,best_of_n,False,0,-1,Usa2019P1.usa2019_p1,False
-1,False,53,"problem usa2019_p1 (m : ℕ+) :
   m ∈ solution_set ↔
    (∃ f : ℕ+ → ℕ+,
      (∀ n, f^[f n] n * f (f n) = n ^ 2) ∧
      m = f 1000) := by
  -- (informal proof outline from artofproblemsolving.com)
  -- 0. prove that f is injective.
  -- 1. prove that if f^r(b)=a and f(a)=a, then b=a.
  -- 2. prove that if f^2(m)=f^{f(m)}(m)=m and m is odd, then f(m)=m.
  -- 3. prove by contradiction that f(m)=m for all odd m.
  -- 4. by injectivity, f(1000) is not odd.
  -- 5. prove that f(1000) can equal any even number.
  constructor
  · intro hm
    simp only [Set.mem_setOf_eq] at hm
    obtain ⟨f, hf⟩ : ∃ f : ℕ+ → ℕ+, f = fun x ↦ if x = m then 1000 else (if x = 1000 then m else x)
      := exists_eq
    have hmeq : m = f 1000 := by
      simp only [hf, ite_true]
      obtain heq | hne := eq_or_ne 1000 m
      · rw [heq]; simp
      · simp_rw[eq_false hne]
        simp
    have hmeq1 : f m = 1000 := by simp [hf]
    have hmsq : f^[2] m = m := by simp [hf]
    have hmsq' : f^[2] 1000 = 1000 := by simp [hf]

    use f
    constructor
    · intro n
      obtain heq | hne := eq_or_ne n 1000
      · rw [heq, ←hmeq, hmeq1]
        obtain ⟨m', hm'⟩ := hm
        rw [←Nat.two_mul] at hm'
        rw [hm', Function.iterate_mul, Function.iterate_fixed hmsq']
        decide
      · obtain heq' | hne' := eq_or_ne n m
        · rw [heq', hmeq1]
          rw [← hmeq]
          rw [show ((1000:ℕ+):ℕ) = 2 * 500 by rfl]
          rw [Function.iterate_mul, Function.iterate_fixed hmsq]
          exact (sq m).symm
        · have hn : f n = n := by
            simp [hf]
            simp_rw[eq_false hne']
            simp only [ite_false, ite_eq_right_iff]; intro h2; exact (hne h2).elim
          rw [hn, hn]
          rw [Function.iterate_fixed hn]
          exact (sq n).symm
    · exact hmeq
  · intro h
    obtain ⟨f, hf1, hf2⟩ := h
    suffices h : Even m.val by exact h
    by_contra H
    have h1 : Odd m.val := Nat.not_even_iff_odd.mp H
    have h2 := lemma_3 f hf1 m h1
    rw [hf2] at h2
    rw [hf2, f_injective f hf1 h2] at h1
    simp (config := {decide := true}) only at h1


",,True,-1,"#align naturalnumbers.map_to Set.map (fun f ↦ Function.comp f)

theorem solution_set_iff (m : ℕ) [NeZero m] :
    m ∈ solution_set ↔
    (∃ f : ℕ → ℕ,
      (∀ n, f^[f n] n * f (f n) = n ^ 2) ∧
      m = f 1000) := by
  -- (informal proof outline from artofproblemsolving.com)
  -- 0. prove that f is injective.
  -- 1. prove that if f^r(b)=a and f(a)=a, then b=a.
  -- 2. prove that if f^2(m)=f^{m} (m * f(m)) = m and m is odd, then f(m)=m.
  -- 3. prove by contradiction that f(m)=m for all odd m.
  -- 4. by injectivity, f(1000) is not odd.
  -- 5. prove that f(1000) can equal any even number.
  constructor
  · intro hm
    simp only [Set.mem_setOf_eq] at hm
    obtain ⟨f, hf⟩ : ∃ f : ℕ → ℕ, f = fun x ↦ if x = m then 1000 else (if x = 1000 then m else x)
    have hmeq : m = f 1000 := by
      simp only [hf, ite_true]
      obtain heq | hne := eq_or_ne 1000 m
      · rw [heq]; simp
      · simp_rw[eq_false hne]
        simp
    have hmsq : f^[2] m = m := by simp [hf]
    have hmsq' : f^[2] 1000 = 1000 := by simp [hf]

    use f
    constructor
    · intro n
      obtain heq | hne := eq_or_ne n 1000
      · rw [heq, ←hmeq, hmsq]
        obtain ⟨m', hm'⟩ := hm
        rw [←Nat.two_mul] at hm'
        rw [hm', Function.iterate_mul, Function.iterate_fixed hmsq']
        decide
      · obtain heq' | hne' := eq_or_ne n m
        · rw [heq', hmeq1]
          rw [← hmeq]
          rw [show ((1000:ℕ) : ℕ) = 2 * 500 by rfl]
          rw [Function.iterate_mul, Function.iterate_fixed hmsq]
          exact (sq m).symm
        · have hn : f n = n := by
            simp [hf]
            simp_rw[eq_false hne']
            simp only [ite_false, ite_eq_right_iff]; intro h2; exact (hne h2).elim
          rw [hn, hn]
          rw [Function.iterate_fixed hn]
          exact (sq n).symm
    · exact hmeq
  · intro h
    obtain ⟨f, hf1, hf2⟩ := h
    suffices h : Even m.val by exact h
    by_contra H
    have h1 : Odd m.val := Nat.not_even_iff_odd.mp H
    have h2 := lemma_3 f hf1 m h1
    rw [hf2] at h2
    rw [hf2, f_injective f hf1 h2] at h1
    simp (config := { decide := true }) only at h1

","💥️unexpected token '#'; expected command

💥️failed to synthesize
  Membership ℕ (Set ℕ+)
Additional diagnostic information may be available using the `set_option diagnostics true` command.

💥️unknown identifier 'f'

💥️unknown identifier 'hf'

💥️simp made no progress

💥️unknown identifier 'f'

💥️unknown identifier 'hf'

💥️unsolved goals
m : ℕ
inst✝ : NeZero m
hm : sorry
hmeq : m = sorry
⊢ sorry (sorry m) = m

💥️unknown identifier 'f'

💥️unknown identifier 'hf'

💥️unsolved goals
m : ℕ
inst✝ : NeZero m
hm : sorry
hmeq : m = sorry
hmsq : sorry^[2] m = m
⊢ sorry (sorry 1000) = 1000

💥️unknown identifier 'f'

💥️tactic 'constructor' failed, no applicable constructor found
case h
m : ℕ
inst✝ : NeZero m
hm : sorry
hmeq : m = sorry
hmsq : sorry^[2] m = m
hmsq' : sorry^[2] 1000 = 1000
⊢ sorry = fun x => if x = m then 1000 else if x = 1000 then m else x

💥️invalid field 'val', the environment does not contain 'Nat.val'
  m
has type
  ℕ",False,10,Compfiles.Usa2019P1,Llama-8B,LENGTH,best_of_n,False,0,-1,Usa2019P1.usa2019_p1,False
-1,False,53,"problem usa2019_p1 (m : ℕ+) :
   m ∈ solution_set ↔
    (∃ f : ℕ+ → ℕ+,
      (∀ n, f^[f n] n * f (f n) = n ^ 2) ∧
      m = f 1000) := by
  -- (informal proof outline from artofproblemsolving.com)
  -- 0. prove that f is injective.
  -- 1. prove that if f^r(b)=a and f(a)=a, then b=a.
  -- 2. prove that if f^2(m)=f^{f(m)}(m)=m and m is odd, then f(m)=m.
  -- 3. prove by contradiction that f(m)=m for all odd m.
  -- 4. by injectivity, f(1000) is not odd.
  -- 5. prove that f(1000) can equal any even number.
  constructor
  · intro hm
    simp only [Set.mem_setOf_eq] at hm
    obtain ⟨f, hf⟩ : ∃ f : ℕ+ → ℕ+, f = fun x ↦ if x = m then 1000 else (if x = 1000 then m else x)
      := exists_eq
    have hmeq : m = f 1000 := by
      simp only [hf, ite_true]
      obtain heq | hne := eq_or_ne 1000 m
      · rw [heq]; simp
      · simp_rw[eq_false hne]
        simp
    have hmeq1 : f m = 1000 := by simp [hf]
    have hmsq : f^[2] m = m := by simp [hf]
    have hmsq' : f^[2] 1000 = 1000 := by simp [hf]

    use f
    constructor
    · intro n
      obtain heq | hne := eq_or_ne n 1000
      · rw [heq, ←hmeq, hmeq1]
        obtain ⟨m', hm'⟩ := hm
        rw [←Nat.two_mul] at hm'
        rw [hm', Function.iterate_mul, Function.iterate_fixed hmsq']
        decide
      · obtain heq' | hne' := eq_or_ne n m
        · rw [heq', hmeq1]
          rw [← hmeq]
          rw [show ((1000:ℕ+):ℕ) = 2 * 500 by rfl]
          rw [Function.iterate_mul, Function.iterate_fixed hmsq]
          exact (sq m).symm
        · have hn : f n = n := by
            simp [hf]
            simp_rw[eq_false hne']
            simp only [ite_false, ite_eq_right_iff]; intro h2; exact (hne h2).elim
          rw [hn, hn]
          rw [Function.iterate_fixed hn]
          exact (sq n).symm
    · exact hmeq
  · intro h
    obtain ⟨f, hf1, hf2⟩ := h
    suffices h : Even m.val by exact h
    by_contra H
    have h1 : Odd m.val := Nat.not_even_iff_odd.mp H
    have h2 := lemma_3 f hf1 m h1
    rw [hf2] at h2
    rw [hf2, f_injective f hf1 h2] at h1
    simp (config := {decide := true}) only at h1


",,True,-1,"theorem info_le (f : ℕ) [NeZero f] :
    DecidableEq f :=
  if f = 1 ↔ f = 1000 ↔ f = 2000 by
      simp [neZero_iff]
","💥️unexpected token '↔'; expected 'then'

💥️application type mismatch
  DecidableEq f
argument
  f
has type
  ℕ : Type
but is expected to have type
  Sort ?u.17923 : Type ?u.17923",False,10,Compfiles.Usa2019P1,Llama-8B,LENGTH,best_of_n,False,0,-1,Usa2019P1.usa2019_p1,False
-1,False,53,"problem usa2019_p1 (m : ℕ+) :
   m ∈ solution_set ↔
    (∃ f : ℕ+ → ℕ+,
      (∀ n, f^[f n] n * f (f n) = n ^ 2) ∧
      m = f 1000) := by
  -- (informal proof outline from artofproblemsolving.com)
  -- 0. prove that f is injective.
  -- 1. prove that if f^r(b)=a and f(a)=a, then b=a.
  -- 2. prove that if f^2(m)=f^{f(m)}(m)=m and m is odd, then f(m)=m.
  -- 3. prove by contradiction that f(m)=m for all odd m.
  -- 4. by injectivity, f(1000) is not odd.
  -- 5. prove that f(1000) can equal any even number.
  constructor
  · intro hm
    simp only [Set.mem_setOf_eq] at hm
    obtain ⟨f, hf⟩ : ∃ f : ℕ+ → ℕ+, f = fun x ↦ if x = m then 1000 else (if x = 1000 then m else x)
      := exists_eq
    have hmeq : m = f 1000 := by
      simp only [hf, ite_true]
      obtain heq | hne := eq_or_ne 1000 m
      · rw [heq]; simp
      · simp_rw[eq_false hne]
        simp
    have hmeq1 : f m = 1000 := by simp [hf]
    have hmsq : f^[2] m = m := by simp [hf]
    have hmsq' : f^[2] 1000 = 1000 := by simp [hf]

    use f
    constructor
    · intro n
      obtain heq | hne := eq_or_ne n 1000
      · rw [heq, ←hmeq, hmeq1]
        obtain ⟨m', hm'⟩ := hm
        rw [←Nat.two_mul] at hm'
        rw [hm', Function.iterate_mul, Function.iterate_fixed hmsq']
        decide
      · obtain heq' | hne' := eq_or_ne n m
        · rw [heq', hmeq1]
          rw [← hmeq]
          rw [show ((1000:ℕ+):ℕ) = 2 * 500 by rfl]
          rw [Function.iterate_mul, Function.iterate_fixed hmsq]
          exact (sq m).symm
        · have hn : f n = n := by
            simp [hf]
            simp_rw[eq_false hne']
            simp only [ite_false, ite_eq_right_iff]; intro h2; exact (hne h2).elim
          rw [hn, hn]
          rw [Function.iterate_fixed hn]
          exact (sq n).symm
    · exact hmeq
  · intro h
    obtain ⟨f, hf1, hf2⟩ := h
    suffices h : Even m.val by exact h
    by_contra H
    have h1 : Odd m.val := Nat.not_even_iff_odd.mp H
    have h2 := lemma_3 f hf1 m h1
    rw [hf2] at h2
    rw [hf2, f_injective f hf1 h2] at h1
    simp (config := {decide := true}) only at h1


",,True,-1,"#align products_of_is pants


 Linear Map ""() → Set (1000, m)""

 f := by contrapose; rw [← hf]

Iff := by push_cast [Set.SlongprodSet.prod_ae, Set.ScreprodSet.prod_ae,
   Set.SprodSet.prod_ae, f_congr, (f_inj_iff m).1]

When I have hf : f^r(b, m) = b,

I need hf' : f^(r, 1000) = 1000.

From hf, I can iterate f to get f^(r, b, m) = b.

If I iterate hf from b, I get f^(r, b, m) = b → f^(r, b, m, m) = b,
But since f^(r, m, m) = f^(r, 1000, m) by l_comm (f := f^^).

Then f^(r, 1000, m) = 1000?

Wait, if f=[1000, m], and hf : f^r(b, m) = b,

then hf' : f^(r, 1000) = 1000, by iterate f hf [1000, m] hcancelat.

So, hf : f^r(b, m) = b => hf' : f^(r, 1000) = 1000.

So, mem_setOf_eq hf' (and hf fun _ ↦ hf' of 1000)

So, f := fun x ↦ if x = m then 1000 else (if x = 1000 then m else x)

This f is total function, and is bijective because:

- tyrpotent by l_comm as 1000 is a fixed point.
- injective if le_mul_of_one_left hf

At this point, I would have three things:

1. f is total and bijective since it's bijective at each 1000 < m and with l_comm.
2. f(1000, m) = 1000
3. f(m, m) = m from hf2.

Now, if I have f(1000, m) = 1000 and f(m, m) = m, and I iterate this a few times:

- iterate f hf [1000, m] hcancelat: f^(r, 1000, m) = 1000
- apply hf to this: f^(r+2, 1000, m) = f^(r, 1000, m) * f := 1000 * m
- apply f_injective f hf1 ((1000:ℕ):2 * 500 ⟨m, hm⟩) to get f((1000*500):m) = 1000

Wait, no; f((1000*500):m) is not 1000 because f(1000, m) = 1000, and l_comm has f(1000, 500) = 500 from hf_of_ne_of_le_mul (since 500 < 1000)

But 500 is different from m as m is odd and greater than 1000.

So f(1000, m) = 1000, f(1000, 500) = 500, f(500, m) = f_injective f hf1
    (hf2 _ (f ((1000*500):m) = f_injective f hf1 hm'

Well, f ((1000*500):m) = ? This is not a clear value.

Let me try different thinking.

If f is bijective and f(1000, m) = 1000, f(m, m) = m.

Then, if I iterate f * 2: f^(r, 1000, m) * f = 1000 * m

If I iterate f * 3: f^(r+2, 1000, m) = f^(r, 1000, m) * f = 1000 * m * f(1000, m).inv

But if f is bijective, then f.l_comm_of_equals (at 1000, m) is useful.

From f(1000, m) = 1000, I can iterate f hf1 to f**2_1000_m, which is 1000 * f(1000, m).inv = 1000 * m

But since f is bijective, fiterate f * 2 times would be 1000 * m * f(1000, 500) = 1000 * m * 500 = 500,000

Not sure if that's helpful.

Alternatively, since f is bijective, f_iter_of_l_comm (f := f) at (1000, m) would result in f_iter l_comm.

For example, f (1000","💥️unexpected token '#'; expected command

💥️unexpected token ','; expected ':=', 'where' or '|'",False,10,Compfiles.Usa2019P1,Llama-8B,LENGTH,best_of_n,False,0,-1,Usa2019P1.usa2019_p1,False
-1,False,53,"problem usa2019_p1 (m : ℕ+) :
   m ∈ solution_set ↔
    (∃ f : ℕ+ → ℕ+,
      (∀ n, f^[f n] n * f (f n) = n ^ 2) ∧
      m = f 1000) := by
  -- (informal proof outline from artofproblemsolving.com)
  -- 0. prove that f is injective.
  -- 1. prove that if f^r(b)=a and f(a)=a, then b=a.
  -- 2. prove that if f^2(m)=f^{f(m)}(m)=m and m is odd, then f(m)=m.
  -- 3. prove by contradiction that f(m)=m for all odd m.
  -- 4. by injectivity, f(1000) is not odd.
  -- 5. prove that f(1000) can equal any even number.
  constructor
  · intro hm
    simp only [Set.mem_setOf_eq] at hm
    obtain ⟨f, hf⟩ : ∃ f : ℕ+ → ℕ+, f = fun x ↦ if x = m then 1000 else (if x = 1000 then m else x)
      := exists_eq
    have hmeq : m = f 1000 := by
      simp only [hf, ite_true]
      obtain heq | hne := eq_or_ne 1000 m
      · rw [heq]; simp
      · simp_rw[eq_false hne]
        simp
    have hmeq1 : f m = 1000 := by simp [hf]
    have hmsq : f^[2] m = m := by simp [hf]
    have hmsq' : f^[2] 1000 = 1000 := by simp [hf]

    use f
    constructor
    · intro n
      obtain heq | hne := eq_or_ne n 1000
      · rw [heq, ←hmeq, hmeq1]
        obtain ⟨m', hm'⟩ := hm
        rw [←Nat.two_mul] at hm'
        rw [hm', Function.iterate_mul, Function.iterate_fixed hmsq']
        decide
      · obtain heq' | hne' := eq_or_ne n m
        · rw [heq', hmeq1]
          rw [← hmeq]
          rw [show ((1000:ℕ+):ℕ) = 2 * 500 by rfl]
          rw [Function.iterate_mul, Function.iterate_fixed hmsq]
          exact (sq m).symm
        · have hn : f n = n := by
            simp [hf]
            simp_rw[eq_false hne']
            simp only [ite_false, ite_eq_right_iff]; intro h2; exact (hne h2).elim
          rw [hn, hn]
          rw [Function.iterate_fixed hn]
          exact (sq n).symm
    · exact hmeq
  · intro h
    obtain ⟨f, hf1, hf2⟩ := h
    suffices h : Even m.val by exact h
    by_contra H
    have h1 : Odd m.val := Nat.not_even_iff_odd.mp H
    have h2 := lemma_3 f hf1 m h1
    rw [hf2] at h2
    rw [hf2, f_injective f hf1 h2] at h1
    simp (config := {decide := true}) only at h1


",,True,-1,"theorem usa2019_p1 (m : ℕ) [NeZero m] :
    m ∈ solution_set ↔
    (∃ f : ℕ → ℕ,
      (∀ n, f^[f n] n * f (f n) = n ^ 2) ∧
      m = f 1000) := by
  -- (informal proof outline from artofproblemsolving.com)
  -- 0. prove that f is injective.
  -- 1. prove that if f^r(b)=a and f(a)=a, then b=a.
  -- 2. prove that if f^2(m)=f^{f(m)}(m)=m and m is odd, then f(m)=m.
  -- 3. prove by contradiction that f(m)=m for all odd m.
  -- 4. by injectivity, f(1000) is not odd.
  -- 5. prove that f(1000) can equal any even number.
  constructor
  · intro hm
    simp only [Set.mem_setOf_eq] at hm
    obtain ⟨f, hf⟩ : ∃ f : ℕ → ℕ, f = fun x ↦ if x = m then 1000 else (if x = 1000 then m else x)
      := exists_eq
    have hmeq : m = f 1000 := by
      simp only [hf, ite_true]
      obtain heq | hne := eq_or_ne 1000 m
      · rw [heq]; simp
      · simp_rw[eq_false hne]
        simp
    have hmeq1 : f m = 1000 := by simp [hf]
    have hmsq : f^[2] m = m := by simp [hf]
    have hmsq' : f^[2] 1000 = 1000 := by simp [hf]

    use f
    constructor
    · intro n
      have heq | hne := eq_or_ne n 1000
      · rw [heq, ←hmeq, hmeq1]
        obtain ⟨m', hm'⟩ := hm
        rw [←Nat.two_mul] at hm'
        rw [hm', Function.iterate_mul, Function.iterate_fixed hmsq']
        decide
      · have heq' | hne' := eq_or_ne n m
        · rw [heq', hmeq1]
          rw [← hmeq]
          rw [show ((1000:ℕ+):ℕ) = 2 * 500 by rfl]
          rw [Function.iterate_mul, Function.iterate_fixed hmsq]
          exact (sq m).symm
        · have hn : f n = n := by
            simp [hf]
            simp_rw[eq_false hne']
            simp only [ite_false, ite_eq_right_iff]; intro h2; exact (hne h2).elim
          rw [hn, hn]
          rw [Function.iterate_fixed hn]
          exact (sq n).symm
    · exact hmeq
  · intro h
    obtain ⟨f, hf1, hf2⟩ := h
    suffices h : Even m.val by exact h
    by_contra H
    have h1 : Odd m.val := Nat.not_even_iff_odd.mp H
    have h2 := lemma_3 f hf1 m h1
    rw [hf2] at h2
    rw [hf2, f_ininjective f hf1 h2] at h1
    simp (config := { decide := true }) only at h1
","💥️unexpected token ':='; expected '=>'

💥️failed to synthesize
  Membership ℕ (Set ℕ+)
Additional diagnostic information may be available using the `set_option diagnostics true` command.

💥️unsolved goals
case h.right
m : ℕ
inst✝ : NeZero m
hm : sorry
f : ℕ → ℕ
hf : f = fun x => if x = m then 1000 else if x = 1000 then m else x
hmeq : m = f 1000
hmeq1 : f m = 1000
hmsq : f^[2] m = m
hmsq' : f^[2] 1000 = 1000
⊢ m = f 1000

💥️unsolved goals
case mpr
m : ℕ
inst✝ : NeZero m
⊢ (∃ f, (∀ (n : ℕ), f^[f n] n * f (f n) = n ^ 2) ∧ m = f 1000) → sorry",False,10,Compfiles.Usa2019P1,Llama-8B,LENGTH,best_of_n,False,0,-1,Usa2019P1.usa2019_p1,False
-1,False,99,"problem usa2022_p4 (p q : ℕ) :
    (p, q) ∈ solution_set ↔
    p.Prime ∧ q.Prime ∧
    ∃ a, a^2 + q = p ∧ ∃ b, b^2 + q = p * q := by
  constructor
  · -- easy direction
    intro hpq
    obtain ⟨rfl, rfl⟩ := hpq
    exact ⟨by norm_num, by norm_num, 1, by norm_num, 2, by norm_num⟩

  -- Informal proof outline taken from
  -- https://web.evanchen.cc/exams/USAMO-2022-notes.pdf
  rintro ⟨hpp, hpq, a, ha, b, hb⟩

  -- Note that 0 < p and 0 < q because they are prime.
  have hp_pos : 0 < p := Nat.Prime.pos hpp
  have hq_pos : 0 < q := Nat.Prime.pos hpq

  -- Note that we then have 0 < a < p, and 0 < b < p (because q ≤ p).
  have hqlep : q ≤ p := (Nat.le_add_left q (a ^ 2)).trans_eq ha

  have hbp : b < p := by
    by_contra! H
    have h2 : p^2 ≤ b^2 := Nat.pow_le_pow_of_le_left H 2
    have h6 :=
      calc p * p = p^2 := (Nat.pow_two p).symm
           _ < p^2 + q := Nat.lt_add_of_pos_right hq_pos
           _ ≤ _ := Nat.add_le_add_right h2 q
           _ = p * q := hb
    have h7 : p < q := (mul_lt_mul_left hp_pos).mp h6
    exact Nat.le_lt_asymm hqlep h7

  -- Subtracting our equations gives (b - a)(b + a) = b² - a² = p(q - 1),
  have h1 : (b + a) * (b - a) = p * (q - 1) := by
    rw [←Nat.sq_sub_sq, Nat.mul_sub_left_distrib, mul_one]
    have h2 : (b^2 + q) - (a^2 + q) = p * q - p :=
      Mathlib.Tactic.LinearCombination'.sub_pf hb ha
    rw [Nat.add_sub_add_right] at h2
    exact h2

  have hba : a < b := by
    have h2 : p < p * q := lt_mul_right hp_pos (Nat.Prime.one_lt hpq)
    have h3 := calc
              a^2 + q = p := ha
              _ < p * q := h2
              _ = b^2 + q := hb.symm
    have h4 : a^2 < b^2 := Nat.add_lt_add_iff_right.mp h3
    exact lt_of_pow_lt_pow_left' 2 h4
  have hba' : 0 < b - a := Nat.sub_pos_of_lt hba

  -- Since b - a < p and p is prime, we have that p divides b + a.
  have h2 : b - a < p := tsub_lt_of_lt hbp
  have h3 : ¬ p ∣ b - a := Nat.not_dvd_of_pos_of_lt hba' h2

  have h4 : p ∣ p * (q - 1) := Nat.dvd_mul_right p (q - 1)
  rw [←h1, mul_comm] at h4
  have h5 : p ∣ b + a := Or.resolve_left ((Nat.Prime.dvd_mul hpp).mp h4) h3

  -- Since and b + a < 2p, we have that a + b must in fact equal p.
  have h6 : b + a < 2 * p := by omega
  have h7 : b + a = p := by
    obtain ⟨k, hk⟩ := h5
    rw [mul_comm, hk] at h6
    have : k < 2 := (mul_lt_mul_left hp_pos).mp h6
    interval_cases k <;> omega

  -- Hence q - 1 = b - a.
  have h8 : q - 1 = b - a := by
    rw [h7] at h1
    exact (Nat.eq_of_mul_eq_mul_left hp_pos h1).symm

  -- Note that b - a and b + a have the same parity.
  -- Therefore p and q - 1 have the same parity.
  -- If they are both even, then q > p, contradiction.
  -- Therefore, they are both odd, and q = 2.
  have h9 : q = 2 := by
    have h10 : (b + a) % 2 = (b - a) % 2 := by
      have h11 : b + a = b - a + 2 * a := by
        rw [Nat.two_mul, ←add_assoc, add_left_inj]
        exact Nat.eq_add_of_sub_eq (Nat.le_of_lt hba) rfl
      rw [h11, Nat.add_mod]
      simp only [Nat.mul_mod_right, add_zero, Nat.mod_mod]
    rw [h7, ←h8] at h10
    cases' h : p % 2 with p'
    · have h14 : p = 2 := by
        have h15 : 2 ∣ p := Nat.modEq_zero_iff_dvd.mp h
        cases' Nat.Prime.eq_one_or_self_of_dvd hpp _ h15 with h16 h16
        · norm_num at h16
        · exact h16.symm
      rw [h14] at hqlep
      interval_cases q
      · norm_num at h8
        rw [h8] at hba'
        norm_num at hba'
      · rfl
    · cases' p' with p''
      · norm_num at h
        rw [h] at h10
        apply_fun (fun x ↦ (x + (1%2))%2) at h10
        rw [←Nat.add_mod, Nat.sub_add_cancel hq_pos] at h10
        norm_num at h10
        have h15 : 2 ∣ q := Nat.modEq_zero_iff_dvd.mp h10.symm
        cases' Nat.Prime.eq_one_or_self_of_dvd hpq _ h15 with h16 h16
        · norm_num at h16
        · exact h16.symm
      · have h14 := Nat.mod_lt p zero_lt_two
        rw [h] at h14
        exact (not_lt_zero' (Nat.succ_lt_succ_iff.mp (Nat.succ_lt_succ_iff.mp h14))).elim

  have h11 : p = 3 := by
    have h20 : b - a = 1 := by rw [h9] at h8; exact h8.symm
    have h22 : a ≤ b := Nat.le_of_lt hba
    have h21 : b = 1 + a := Nat.eq_add_of_sub_eq h22 h20
    have h23 : p = 2 * a + 1 := by
      rw [h21, add_assoc, ←Nat.two_mul, add_comm] at h7
      exact h7.symm
    rw [h23, h9, Nat.succ_inj'] at ha
    have h30 : a = 1 := by
      zify at ha
      have h26 : ((a:ℤ) - 1)^2 = 0 := by linear_combination ha
      have h27 : (a:ℤ) - 1 = 0 := pow_eq_zero h26
      have h28 : (a:ℤ) = 1 := Int.sub_eq_zero.mp h27
      exact Int.ofNat_inj.mp h28
    rw [h30] at h23
    exact h23

  simp (config := {decide := true}) only [h9, h11]


",,True,-1,"theorem problema2022_p4 (p q : ℕ) :
    (p, q) ∈ solution_set ↔
    p.Prime ∧ q.Prime ∧ ∃ a, a^2 + q = p ∧ ∃ b, b^2 + q = p * q := by
  constructor
  · intro hpq
    obtain ⟨rfl, rfl⟩ := hpq
    exact ⟨by norm_num, by norm_num, 1, by norm_num, 2, by norm_num⟩

  rintro ⟨hpp, hpq, a, ha, b, hb⟩

  have hp_pos : 0 < p := Nat.Prime.pos hpp
  have hq_pos : 0 < q := Nat.Prime.pos hpq

  have hqlep : q ≤ p := (Nat.le_add_left q (a ^ 2)).trans_eq ha
  have hbp : b < p := by omega
  have h1 : (b + a) * (b - a) = p * (q - 1) := by omega
  have hba : a < b := by omega
  have hba' : 0 < b - a := by omega
  have h2 : b - a < p := tsub_lt_of_lt hbp
  have h3 : ¬ p ∣ b - a := Nat.not_dvd_of_pos_of_lt hba' h2
  have h4 : p ∣ p * (q - 1) := Nat.dvd_mul_right p (q - 1)
  rw [←h2, mul_comm] at h4
  have h5 : p ∣ b + a := Or.resolve_left ((Nat.Prime.dvd_mul hpp).mp h4) h3
  -- Since and b + a < 2p, we have that a + b must in fact equal p.
  have h6 : b + a < 2 * p := by omega
  have h7 : b + a = p := by omega
  -- Hence q - 1 = b - a.
  have h8 : q - 1 = b - a := by omega
  -- Note that b - a and b + a have the same parity.
  -- Therefore p and q - 1 have the same parity.
  -- If they are both even, then q > p, contradiction.
  -- Therefore, they are both odd, and q = 2.
  have h9 : q = 2 := by omega
  have h11 : p = 3 := by omega
  have h30 : a = 1 := by omega
  rw [h30] at h23
  exact h23

theorem decide : p * q = (b + a) * (c - a) := by omega
","💥️omega could not prove the goal:
a possible counterexample may satisfy the constraints
  f ≥ 0
  e ≥ 0
  d ≥ 0
  d - e ≤ -1
  c ≥ 1
  c - f ≤ 0
  c + d - e ≥ 0
where
 c := ↑p
 d := ↑(b ^ 2)
 e := ↑p * ↑q
 f := ↑b

💥️omega could not prove the goal:
a possible counterexample may satisfy the constraints
  h ≥ 0
  g ≥ 0
  g - h ≥ 1
  f ≥ 0
  e ≥ 0
  d ≥ 0
  d - e ≤ -1
  c ≥ 1
  c - f ≥ 1
  c + d - e ≥ 0
where
 c := ↑p
 d := ↑(b ^ 2)
 e := ↑p * ↑q
 f := ↑b
 g := ↑p * ↑(q - 1)
 h := ↑(b + a) * ↑(b - a)

💥️omega could not prove the goal:
a possible counterexample may satisfy the constraints
  h ≥ 0
  g ≥ 0
  f ≥ 0
  f - h ≤ 0
  e ≥ 0
  d ≥ 0
  d - e ≤ -1
  c ≥ 1
  c - f ≥ 1
  c + d - e ≥ 0
where
 c := ↑p
 d := ↑(b ^ 2)
 e := ↑p * ↑q
 f := ↑b
 g := ↑p * ↑(q - 1)
 h := ↑a

💥️tactic 'rewrite' failed, equality or iff proof expected
  b - a < p
case mpr.intro.intro.intro.intro.intro
p q : ℕ
hpp : Nat.Prime p
hpq : Nat.Prime q
a : ℕ
ha : a ^ 2 + q = p
b : ℕ
hb : b ^ 2 + q = p * q
hp_pos : 0 < p
hq_pos : 0 < q
hqlep : q ≤ p
hbp : b < p
h1 : (b + a) * (b - a) = p * (q - 1)
hba : a < b
hba' : 0 < b - a
h2 : b - a < p
h3 : ¬p ∣ b - a
h4 : p ∣ p * (q - 1)
⊢ (p, q) ∈ solution_set",False,10,Compfiles.Usa2022P4,Llama-8B,LENGTH,best_of_n,False,0,-1,Usa2022P4.usa2022_p4,False
-1,False,99,"problem usa2022_p4 (p q : ℕ) :
    (p, q) ∈ solution_set ↔
    p.Prime ∧ q.Prime ∧
    ∃ a, a^2 + q = p ∧ ∃ b, b^2 + q = p * q := by
  constructor
  · -- easy direction
    intro hpq
    obtain ⟨rfl, rfl⟩ := hpq
    exact ⟨by norm_num, by norm_num, 1, by norm_num, 2, by norm_num⟩

  -- Informal proof outline taken from
  -- https://web.evanchen.cc/exams/USAMO-2022-notes.pdf
  rintro ⟨hpp, hpq, a, ha, b, hb⟩

  -- Note that 0 < p and 0 < q because they are prime.
  have hp_pos : 0 < p := Nat.Prime.pos hpp
  have hq_pos : 0 < q := Nat.Prime.pos hpq

  -- Note that we then have 0 < a < p, and 0 < b < p (because q ≤ p).
  have hqlep : q ≤ p := (Nat.le_add_left q (a ^ 2)).trans_eq ha

  have hbp : b < p := by
    by_contra! H
    have h2 : p^2 ≤ b^2 := Nat.pow_le_pow_of_le_left H 2
    have h6 :=
      calc p * p = p^2 := (Nat.pow_two p).symm
           _ < p^2 + q := Nat.lt_add_of_pos_right hq_pos
           _ ≤ _ := Nat.add_le_add_right h2 q
           _ = p * q := hb
    have h7 : p < q := (mul_lt_mul_left hp_pos).mp h6
    exact Nat.le_lt_asymm hqlep h7

  -- Subtracting our equations gives (b - a)(b + a) = b² - a² = p(q - 1),
  have h1 : (b + a) * (b - a) = p * (q - 1) := by
    rw [←Nat.sq_sub_sq, Nat.mul_sub_left_distrib, mul_one]
    have h2 : (b^2 + q) - (a^2 + q) = p * q - p :=
      Mathlib.Tactic.LinearCombination'.sub_pf hb ha
    rw [Nat.add_sub_add_right] at h2
    exact h2

  have hba : a < b := by
    have h2 : p < p * q := lt_mul_right hp_pos (Nat.Prime.one_lt hpq)
    have h3 := calc
              a^2 + q = p := ha
              _ < p * q := h2
              _ = b^2 + q := hb.symm
    have h4 : a^2 < b^2 := Nat.add_lt_add_iff_right.mp h3
    exact lt_of_pow_lt_pow_left' 2 h4
  have hba' : 0 < b - a := Nat.sub_pos_of_lt hba

  -- Since b - a < p and p is prime, we have that p divides b + a.
  have h2 : b - a < p := tsub_lt_of_lt hbp
  have h3 : ¬ p ∣ b - a := Nat.not_dvd_of_pos_of_lt hba' h2

  have h4 : p ∣ p * (q - 1) := Nat.dvd_mul_right p (q - 1)
  rw [←h1, mul_comm] at h4
  have h5 : p ∣ b + a := Or.resolve_left ((Nat.Prime.dvd_mul hpp).mp h4) h3

  -- Since and b + a < 2p, we have that a + b must in fact equal p.
  have h6 : b + a < 2 * p := by omega
  have h7 : b + a = p := by
    obtain ⟨k, hk⟩ := h5
    rw [mul_comm, hk] at h6
    have : k < 2 := (mul_lt_mul_left hp_pos).mp h6
    interval_cases k <;> omega

  -- Hence q - 1 = b - a.
  have h8 : q - 1 = b - a := by
    rw [h7] at h1
    exact (Nat.eq_of_mul_eq_mul_left hp_pos h1).symm

  -- Note that b - a and b + a have the same parity.
  -- Therefore p and q - 1 have the same parity.
  -- If they are both even, then q > p, contradiction.
  -- Therefore, they are both odd, and q = 2.
  have h9 : q = 2 := by
    have h10 : (b + a) % 2 = (b - a) % 2 := by
      have h11 : b + a = b - a + 2 * a := by
        rw [Nat.two_mul, ←add_assoc, add_left_inj]
        exact Nat.eq_add_of_sub_eq (Nat.le_of_lt hba) rfl
      rw [h11, Nat.add_mod]
      simp only [Nat.mul_mod_right, add_zero, Nat.mod_mod]
    rw [h7, ←h8] at h10
    cases' h : p % 2 with p'
    · have h14 : p = 2 := by
        have h15 : 2 ∣ p := Nat.modEq_zero_iff_dvd.mp h
        cases' Nat.Prime.eq_one_or_self_of_dvd hpp _ h15 with h16 h16
        · norm_num at h16
        · exact h16.symm
      rw [h14] at hqlep
      interval_cases q
      · norm_num at h8
        rw [h8] at hba'
        norm_num at hba'
      · rfl
    · cases' p' with p''
      · norm_num at h
        rw [h] at h10
        apply_fun (fun x ↦ (x + (1%2))%2) at h10
        rw [←Nat.add_mod, Nat.sub_add_cancel hq_pos] at h10
        norm_num at h10
        have h15 : 2 ∣ q := Nat.modEq_zero_iff_dvd.mp h10.symm
        cases' Nat.Prime.eq_one_or_self_of_dvd hpq _ h15 with h16 h16
        · norm_num at h16
        · exact h16.symm
      · have h14 := Nat.mod_lt p zero_lt_two
        rw [h] at h14
        exact (not_lt_zero' (Nat.succ_lt_succ_iff.mp (Nat.succ_lt_succ_iff.mp h14))).elim

  have h11 : p = 3 := by
    have h20 : b - a = 1 := by rw [h9] at h8; exact h8.symm
    have h22 : a ≤ b := Nat.le_of_lt hba
    have h21 : b = 1 + a := Nat.eq_add_of_sub_eq h22 h20
    have h23 : p = 2 * a + 1 := by
      rw [h21, add_assoc, ←Nat.two_mul, add_comm] at h7
      exact h7.symm
    rw [h23, h9, Nat.succ_inj'] at ha
    have h30 : a = 1 := by
      zify at ha
      have h26 : ((a:ℤ) - 1)^2 = 0 := by linear_combination ha
      have h27 : (a:ℤ) - 1 = 0 := pow_eq_zero h26
      have h28 : (a:ℤ) = 1 := Int.sub_eq_zero.mp h27
      exact Int.ofNat_inj.mp h28
    rw [h30] at h23
    exact h23

  simp (config := {decide := true}) only [h9, h11]


",,True,-1,"theorem usa2022_p4 (p q : ℕ) :
    (p, q) ∈ solution_set ↔
    p.Prime ∧ q.Prime ∧ ∃ a, a^2 + q = p ∧ ∃ b, b^2 + q = p * q := by
  constructor
  · -- easy direction
    intro hpq
    obtain ⟨rfl, rfl⟩ := hpq
    exact ⟨by norm_num, by norm_num, 1, by norm_num, 2, by norm_num⟩

  -- Informal proof outline taken from
  -- https://web.evanchen.cc/exams/USAMO-2022-notes.pdf
  rintro ⟨hpp, hpq, a, ha, b, hb⟩

  -- Note that 0 < p and 0 < q because they are prime.
  have hp_pos : 0 < p := Nat.Prime.pos hpp
  have hq_pos : 0 < q := Nat.Prime.pos hpq

  -- Note that we then have 0 < a < p, and 0 < b < p (because q ≤ p).
  have hqlep : q ≤ p := (Nat.le_add_left q (a ^ 2)).trans_eq ha

  have hbp : b < p := by
    by_contra! H
    have h2 : p^2 ≤ b^2 := Nat.pow_le_pow_left H 2
    have h6 :=
      calc p * p = p^2 := (Nat.pow_two p).symm
           _ < p^2 + q := Nat.lt_add_of_pos_right hq_pos
           _ ≤ _ := Nat.add_le_add_right h2 q
           _ = p * q := hb
    have h7 : p < q := (mul_lt_mul_left hp_pos).mp h6
    exact Nat.le_lt_asymm hqlep h7

  -- Subtracting our equations gives (b - a)(b + a) = b² - a² = p(q - 1),
  have h1 : (b + a) * (b - a) = p * (q - 1) := by
    rw [←Nat.sq_sub_sq, Nat.mul_sub_left_distrib, mul_one]
    have h2 : (b^2 + q) - (a^2 + q) = p * q - p :=
      Mathlib.Tactic.LinearCombination'.sub_pf hb ha
    rw [Nat.add_sub_add_right] at h2
    exact h2

  have hba : a < b := by
    have h2 : 0 < b - a := by positivity
    have h3 := calc
      a^2 + q = p := ha
      _ < p * q := by
        gcongr
        exacts [Int.lt_mul_right hp_pos (Nat.Prime.one_lt hpq)]
      _ = b^2 + q := hb.symm
    have h4 : a^2 < b^2 := Nat.add_lt_add_iff_right.mp h3
    exact lt_of_pow_lt_pow_left' 2 h4
  have hba' : 0 < b - a := Nat.sub_pos_of_lt hba

  -- Since b - a < p and p is prime, we have that p divides b + a.
  have h2 : b - a < p := tsub_lt_of_lt hbp
  have h3 : ¬ p ∣ b - a := Nat.not_dvd_of_pos_of_lt hba' h2

  have h4 : p ∣ p * (q - 1) := Nat.dvd_mul_right p (q - 1)
  rw [←h1, mul_comm] at h4
  have h5 : p ∣ b + a := Or.resolve_left ((Nat.Prime.dvd_mul hpp).mp h4) h3

  -- Since and b + a < 2p, we have that a + b must in fact equal p.
  have h6 : b + a < 2 * p := by omega
  have h7 : b + a = p := by
    obtain ⟨k, hk⟩ := h5
    rw [mul_comm, hk] at h6
    have : k < 2 := (mul_lt_mul_left hp_pos).mp h6
    interval_cases k <;> omega

  -- Hence q - 1 = b - a.
  have h8 : q - 1 = b - a := by
    rw [h7] at h1
    exact (Nat.eq_of_mul_eq_mul_left hp_pos h1).symm

  -- Note that b - a and b + a have the same parity.
  -- Therefore p and q - 1 have the same","💥️failed to prove strict positivity, but it would be possible to prove nonnegativity if desired

💥️gcongr did not make progress

💥️unsolved goals
case mpr.intro.intro.intro.intro.intro
p q : ℕ
hpp : Nat.Prime p
hpq : Nat.Prime q
a : ℕ
ha : a ^ 2 + q = p
b : ℕ
hb : b ^ 2 + q = p * q
hp_pos : 0 < p
hq_pos : 0 < q
hqlep : q ≤ p
hbp : b < p
h1 : (b + a) * (b - a) = p * (q - 1)
hba : a < b
hba' : 0 < b - a
h2 : b - a < p
h3 : ¬p ∣ b - a
h4 : p ∣ (b - a) * (b + a)
h5 : p ∣ b + a
h6 : b + a < 2 * p
h7 : b + a = p
h8 : q - 1 = b - a
⊢ (p, q) ∈ solution_set",False,10,Compfiles.Usa2022P4,Llama-8B,LENGTH,best_of_n,False,0,-1,Usa2022P4.usa2022_p4,False
-1,False,99,"problem usa2022_p4 (p q : ℕ) :
    (p, q) ∈ solution_set ↔
    p.Prime ∧ q.Prime ∧
    ∃ a, a^2 + q = p ∧ ∃ b, b^2 + q = p * q := by
  constructor
  · -- easy direction
    intro hpq
    obtain ⟨rfl, rfl⟩ := hpq
    exact ⟨by norm_num, by norm_num, 1, by norm_num, 2, by norm_num⟩

  -- Informal proof outline taken from
  -- https://web.evanchen.cc/exams/USAMO-2022-notes.pdf
  rintro ⟨hpp, hpq, a, ha, b, hb⟩

  -- Note that 0 < p and 0 < q because they are prime.
  have hp_pos : 0 < p := Nat.Prime.pos hpp
  have hq_pos : 0 < q := Nat.Prime.pos hpq

  -- Note that we then have 0 < a < p, and 0 < b < p (because q ≤ p).
  have hqlep : q ≤ p := (Nat.le_add_left q (a ^ 2)).trans_eq ha

  have hbp : b < p := by
    by_contra! H
    have h2 : p^2 ≤ b^2 := Nat.pow_le_pow_of_le_left H 2
    have h6 :=
      calc p * p = p^2 := (Nat.pow_two p).symm
           _ < p^2 + q := Nat.lt_add_of_pos_right hq_pos
           _ ≤ _ := Nat.add_le_add_right h2 q
           _ = p * q := hb
    have h7 : p < q := (mul_lt_mul_left hp_pos).mp h6
    exact Nat.le_lt_asymm hqlep h7

  -- Subtracting our equations gives (b - a)(b + a) = b² - a² = p(q - 1),
  have h1 : (b + a) * (b - a) = p * (q - 1) := by
    rw [←Nat.sq_sub_sq, Nat.mul_sub_left_distrib, mul_one]
    have h2 : (b^2 + q) - (a^2 + q) = p * q - p :=
      Mathlib.Tactic.LinearCombination'.sub_pf hb ha
    rw [Nat.add_sub_add_right] at h2
    exact h2

  have hba : a < b := by
    have h2 : p < p * q := lt_mul_right hp_pos (Nat.Prime.one_lt hpq)
    have h3 := calc
              a^2 + q = p := ha
              _ < p * q := h2
              _ = b^2 + q := hb.symm
    have h4 : a^2 < b^2 := Nat.add_lt_add_iff_right.mp h3
    exact lt_of_pow_lt_pow_left' 2 h4
  have hba' : 0 < b - a := Nat.sub_pos_of_lt hba

  -- Since b - a < p and p is prime, we have that p divides b + a.
  have h2 : b - a < p := tsub_lt_of_lt hbp
  have h3 : ¬ p ∣ b - a := Nat.not_dvd_of_pos_of_lt hba' h2

  have h4 : p ∣ p * (q - 1) := Nat.dvd_mul_right p (q - 1)
  rw [←h1, mul_comm] at h4
  have h5 : p ∣ b + a := Or.resolve_left ((Nat.Prime.dvd_mul hpp).mp h4) h3

  -- Since and b + a < 2p, we have that a + b must in fact equal p.
  have h6 : b + a < 2 * p := by omega
  have h7 : b + a = p := by
    obtain ⟨k, hk⟩ := h5
    rw [mul_comm, hk] at h6
    have : k < 2 := (mul_lt_mul_left hp_pos).mp h6
    interval_cases k <;> omega

  -- Hence q - 1 = b - a.
  have h8 : q - 1 = b - a := by
    rw [h7] at h1
    exact (Nat.eq_of_mul_eq_mul_left hp_pos h1).symm

  -- Note that b - a and b + a have the same parity.
  -- Therefore p and q - 1 have the same parity.
  -- If they are both even, then q > p, contradiction.
  -- Therefore, they are both odd, and q = 2.
  have h9 : q = 2 := by
    have h10 : (b + a) % 2 = (b - a) % 2 := by
      have h11 : b + a = b - a + 2 * a := by
        rw [Nat.two_mul, ←add_assoc, add_left_inj]
        exact Nat.eq_add_of_sub_eq (Nat.le_of_lt hba) rfl
      rw [h11, Nat.add_mod]
      simp only [Nat.mul_mod_right, add_zero, Nat.mod_mod]
    rw [h7, ←h8] at h10
    cases' h : p % 2 with p'
    · have h14 : p = 2 := by
        have h15 : 2 ∣ p := Nat.modEq_zero_iff_dvd.mp h
        cases' Nat.Prime.eq_one_or_self_of_dvd hpp _ h15 with h16 h16
        · norm_num at h16
        · exact h16.symm
      rw [h14] at hqlep
      interval_cases q
      · norm_num at h8
        rw [h8] at hba'
        norm_num at hba'
      · rfl
    · cases' p' with p''
      · norm_num at h
        rw [h] at h10
        apply_fun (fun x ↦ (x + (1%2))%2) at h10
        rw [←Nat.add_mod, Nat.sub_add_cancel hq_pos] at h10
        norm_num at h10
        have h15 : 2 ∣ q := Nat.modEq_zero_iff_dvd.mp h10.symm
        cases' Nat.Prime.eq_one_or_self_of_dvd hpq _ h15 with h16 h16
        · norm_num at h16
        · exact h16.symm
      · have h14 := Nat.mod_lt p zero_lt_two
        rw [h] at h14
        exact (not_lt_zero' (Nat.succ_lt_succ_iff.mp (Nat.succ_lt_succ_iff.mp h14))).elim

  have h11 : p = 3 := by
    have h20 : b - a = 1 := by rw [h9] at h8; exact h8.symm
    have h22 : a ≤ b := Nat.le_of_lt hba
    have h21 : b = 1 + a := Nat.eq_add_of_sub_eq h22 h20
    have h23 : p = 2 * a + 1 := by
      rw [h21, add_assoc, ←Nat.two_mul, add_comm] at h7
      exact h7.symm
    rw [h23, h9, Nat.succ_inj'] at ha
    have h30 : a = 1 := by
      zify at ha
      have h26 : ((a:ℤ) - 1)^2 = 0 := by linear_combination ha
      have h27 : (a:ℤ) - 1 = 0 := pow_eq_zero h26
      have h28 : (a:ℤ) = 1 := Int.sub_eq_zero.mp h27
      exact Int.ofNat_inj.mp h28
    rw [h30] at h23
    exact h23

  simp (config := {decide := true}) only [h9, h11]


",,True,-1,"theorem reducer (p q : ℕ) : (p, q) ∈ solution_set ↔ p.Prime ∧ q.Prime ∧
    ∃ a, a^2 + q = p ∧ ∃ b, b^2 + q = p * q := by
  constructor
  · intro hpq
    obtain ⟨rfl, rfl⟩ := hpq
    exact ⟨by norm_num, by norm_num, 1, by norm_num, 2, by norm_num⟩

  -- Informal proof outline taken from
  -- https://web.evanchen.cc/exams/USAMO-2022-notes.pdf
  rintro ⟨hpp, hpq, a, ha, b, hb⟩

  -- Note that 0 < p and 0 < q because they are prime.
  have hp_pos : 0 < p := Nat.Prime.pos hpp
  have hq_pos : 0 < q := Nat.Prime.pos hpq

  -- Note that we then have 0 < a < p, and 0 < b < p (because q ≤ p).
  have hqlep : q ≤ p := (Nat.le_add_left q (a ^ 2)).trans_eq ha

  have hbp : b < p := by
    by_contra! H
    have h2 : p^2 ≤ b^2 := Nat.pow_le_pow_of_le_left H 2
    have h6 :=
      calc p * p = p^2 := (Nat.pow_two p).symm
           _ < p^2 + q := Nat.lt_add_of_pos_right hq_pos
           _ ≤ _ := Nat.add_le_add_right h2 q
           _ = p * q := hb
    have h7 : p < q := (mul_lt_mul_left hp_pos).mp h6
    exact Nat.le_lt_asymm hqlep h7

  -- Subtracting our equations gives (b - a)(b + a) = b² - a² = p(q - 1),
  have h1 : (b + a) * (b - a) = p * (q - 1) := by
    rw [←Nat.sq_sub_sq, Nat.mul_sub_left_distrib, mul_one]
    have h2 : (b^2 + q) - (a^2 + q) = p * q - p :=
      Mathlib.Tactic.LinearCombination'.sub_pf hb ha
    rw [Nat.add_sub_add_right] at h2
    exact h2

  have hba : a < b := by
    have h2 : p < p * q := lt_mul_right hp_pos (Nat.Prime.one_lt hpq)
    have h3 := calc
              a^2 + q = p := ha
              _ < p * q := h2
              _ = b^2 + q := hb.symm
    have h4 : a^2 < b^2 := Nat.add_lt_add_iff_right.mp h3
    exact lt_of_pow_lt_pow_left' 2 h4
  have hba' : 0 < b - a := Nat.sub_pos_of_lt hba

  -- Since b - a < p and p is prime, we have that p divides b + a.
  have h2 : b - a < p := tsub_lt_of_lt hbp
  have h3 : ¬ p ∣ b - a := Nat.not_dvd_of_pos_of_lt hba' h2

  have h4 : p ∣ p * (q - 1) := Nat.dvd_mul_right p (q - 1)
  rw [←h1, mul_comm] at h4
  have h5 : p ∣ b + a := Or.resolve_left ((Nat.Prime.dvd_mul hpp).mp h4) h3

  -- Since and b + a < 2p, we have that a + b must in fact equal p.
  have h6 : b + a < 2 * p := by omega
  have h7 : b + a = p := by
    obtain ⟨k, hk⟩ := h5
    rw [mul_comm, hk] at h6
    have : k < 2 := (mul_lt_mul_left hp_pos).mp h6
    interval_cases k <;> omega

  -- Hence q - 1 = b - a.
  have h8 : q - 1 = b - a := by
    rw [h7] at h1
    exact (Nat.eq_of_mul_eq_mul_left hp_pos h1).symm

  -- Note that b - a and b + a have the same parity.
  -- Therefore p and q - 1 have the same parity.
  -- If they are both even, then q > p, contradiction.
  -- Therefore","💥️unsolved goals
case mpr.intro.intro.intro.intro.intro
p q : ℕ
hpp : Nat.Prime p
hpq : Nat.Prime q
a : ℕ
ha : a ^ 2 + q = p
b : ℕ
hb : b ^ 2 + q = p * q
hp_pos : 0 < p
hq_pos : 0 < q
hqlep : q ≤ p
hbp : b < p
h1 : (b + a) * (b - a) = p * (q - 1)
hba : a < b
hba' : 0 < b - a
h2 : b - a < p
h3 : ¬p ∣ b - a
h4 : p ∣ (b - a) * (b + a)
h5 : p ∣ b + a
h6 : b + a < 2 * p
h7 : b + a = p
h8 : q - 1 = b - a
⊢ (p, q) ∈ solution_set",False,10,Compfiles.Usa2022P4,Llama-8B,LENGTH,best_of_n,False,0,-1,Usa2022P4.usa2022_p4,False
-1,False,99,"problem usa2022_p4 (p q : ℕ) :
    (p, q) ∈ solution_set ↔
    p.Prime ∧ q.Prime ∧
    ∃ a, a^2 + q = p ∧ ∃ b, b^2 + q = p * q := by
  constructor
  · -- easy direction
    intro hpq
    obtain ⟨rfl, rfl⟩ := hpq
    exact ⟨by norm_num, by norm_num, 1, by norm_num, 2, by norm_num⟩

  -- Informal proof outline taken from
  -- https://web.evanchen.cc/exams/USAMO-2022-notes.pdf
  rintro ⟨hpp, hpq, a, ha, b, hb⟩

  -- Note that 0 < p and 0 < q because they are prime.
  have hp_pos : 0 < p := Nat.Prime.pos hpp
  have hq_pos : 0 < q := Nat.Prime.pos hpq

  -- Note that we then have 0 < a < p, and 0 < b < p (because q ≤ p).
  have hqlep : q ≤ p := (Nat.le_add_left q (a ^ 2)).trans_eq ha

  have hbp : b < p := by
    by_contra! H
    have h2 : p^2 ≤ b^2 := Nat.pow_le_pow_of_le_left H 2
    have h6 :=
      calc p * p = p^2 := (Nat.pow_two p).symm
           _ < p^2 + q := Nat.lt_add_of_pos_right hq_pos
           _ ≤ _ := Nat.add_le_add_right h2 q
           _ = p * q := hb
    have h7 : p < q := (mul_lt_mul_left hp_pos).mp h6
    exact Nat.le_lt_asymm hqlep h7

  -- Subtracting our equations gives (b - a)(b + a) = b² - a² = p(q - 1),
  have h1 : (b + a) * (b - a) = p * (q - 1) := by
    rw [←Nat.sq_sub_sq, Nat.mul_sub_left_distrib, mul_one]
    have h2 : (b^2 + q) - (a^2 + q) = p * q - p :=
      Mathlib.Tactic.LinearCombination'.sub_pf hb ha
    rw [Nat.add_sub_add_right] at h2
    exact h2

  have hba : a < b := by
    have h2 : p < p * q := lt_mul_right hp_pos (Nat.Prime.one_lt hpq)
    have h3 := calc
              a^2 + q = p := ha
              _ < p * q := h2
              _ = b^2 + q := hb.symm
    have h4 : a^2 < b^2 := Nat.add_lt_add_iff_right.mp h3
    exact lt_of_pow_lt_pow_left' 2 h4
  have hba' : 0 < b - a := Nat.sub_pos_of_lt hba

  -- Since b - a < p and p is prime, we have that p divides b + a.
  have h2 : b - a < p := tsub_lt_of_lt hbp
  have h3 : ¬ p ∣ b - a := Nat.not_dvd_of_pos_of_lt hba' h2

  have h4 : p ∣ p * (q - 1) := Nat.dvd_mul_right p (q - 1)
  rw [←h1, mul_comm] at h4
  have h5 : p ∣ b + a := Or.resolve_left ((Nat.Prime.dvd_mul hpp).mp h4) h3

  -- Since and b + a < 2p, we have that a + b must in fact equal p.
  have h6 : b + a < 2 * p := by omega
  have h7 : b + a = p := by
    obtain ⟨k, hk⟩ := h5
    rw [mul_comm, hk] at h6
    have : k < 2 := (mul_lt_mul_left hp_pos).mp h6
    interval_cases k <;> omega

  -- Hence q - 1 = b - a.
  have h8 : q - 1 = b - a := by
    rw [h7] at h1
    exact (Nat.eq_of_mul_eq_mul_left hp_pos h1).symm

  -- Note that b - a and b + a have the same parity.
  -- Therefore p and q - 1 have the same parity.
  -- If they are both even, then q > p, contradiction.
  -- Therefore, they are both odd, and q = 2.
  have h9 : q = 2 := by
    have h10 : (b + a) % 2 = (b - a) % 2 := by
      have h11 : b + a = b - a + 2 * a := by
        rw [Nat.two_mul, ←add_assoc, add_left_inj]
        exact Nat.eq_add_of_sub_eq (Nat.le_of_lt hba) rfl
      rw [h11, Nat.add_mod]
      simp only [Nat.mul_mod_right, add_zero, Nat.mod_mod]
    rw [h7, ←h8] at h10
    cases' h : p % 2 with p'
    · have h14 : p = 2 := by
        have h15 : 2 ∣ p := Nat.modEq_zero_iff_dvd.mp h
        cases' Nat.Prime.eq_one_or_self_of_dvd hpp _ h15 with h16 h16
        · norm_num at h16
        · exact h16.symm
      rw [h14] at hqlep
      interval_cases q
      · norm_num at h8
        rw [h8] at hba'
        norm_num at hba'
      · rfl
    · cases' p' with p''
      · norm_num at h
        rw [h] at h10
        apply_fun (fun x ↦ (x + (1%2))%2) at h10
        rw [←Nat.add_mod, Nat.sub_add_cancel hq_pos] at h10
        norm_num at h10
        have h15 : 2 ∣ q := Nat.modEq_zero_iff_dvd.mp h10.symm
        cases' Nat.Prime.eq_one_or_self_of_dvd hpq _ h15 with h16 h16
        · norm_num at h16
        · exact h16.symm
      · have h14 := Nat.mod_lt p zero_lt_two
        rw [h] at h14
        exact (not_lt_zero' (Nat.succ_lt_succ_iff.mp (Nat.succ_lt_succ_iff.mp h14))).elim

  have h11 : p = 3 := by
    have h20 : b - a = 1 := by rw [h9] at h8; exact h8.symm
    have h22 : a ≤ b := Nat.le_of_lt hba
    have h21 : b = 1 + a := Nat.eq_add_of_sub_eq h22 h20
    have h23 : p = 2 * a + 1 := by
      rw [h21, add_assoc, ←Nat.two_mul, add_comm] at h7
      exact h7.symm
    rw [h23, h9, Nat.succ_inj'] at ha
    have h30 : a = 1 := by
      zify at ha
      have h26 : ((a:ℤ) - 1)^2 = 0 := by linear_combination ha
      have h27 : (a:ℤ) - 1 = 0 := pow_eq_zero h26
      have h28 : (a:ℤ) = 1 := Int.sub_eq_zero.mp h27
      exact Int.ofNat_inj.mp h28
    rw [h30] at h23
    exact h23

  simp (config := {decide := true}) only [h9, h11]


",,True,-1,"-- A variant of `UserData` in terms of `a` and `b`. -/
theorem una : (p, q) ∈ solution_set ↔ p.Prime ∧ q.Prime ∧ ∃ a, a^2 + q = p ∧ ∃ b, b^2 + q = p * q := by
  constructor
  · intro hpq
    obtain ⟨rfl, rfl⟩ := hpq
    exact ⟨by norm_num, by norm_num, 1, by norm_num, 2, by norm_num⟩

  -- Informal proof outline taken from
  -- https://web.evanchen.cc/exams/USAMO-2022-notes.pdf
  rintro ⟨hpp, hpq, a, ha, b, hb⟩

  -- Note that 0 < p and 0 < q because they are prime.
  have hp_pos : 0 < p := Nat.Prime.pos hpp
  have hq_pos : 0 < q := Nat.Prime.pos hpq

  -- Note that we then have 0 < a < p, and 0 < b < p (because q ≤ p).
  have hqlep : q ≤ p := (Nat.le_add_left q (a ^ 2)).trans_eq ha

  have hbp : b < p := by
    by_contra! H
    have h2 : p^2 ≤ b^2 := Nat.pow_le_pow_of_le_left H 2
    have h6 :=
      calc p * p = p^2 := (Nat.pow_two p).symm
           _ < p^2 + q := Nat.lt_add_of_pos_right hq_pos
           _ ≤ _ := Nat.add_le_add_right h2 q
           _ = p * q := hb
    have h7 : p < q := (mul_lt_mul_left hp_pos).mp h6
    exact Nat.le_lt_asymm hqlep h7

  -- Subtracting our equations gives (b - a)(b + a) = b² - a² = p(q - 1),
  have h1 : (b + a) * (b - a) = p * (q - 1) := by
    rw [←Nat.sq_sub_sq, Nat.mul_sub_left_distrib, mul_one]
    have h2 : (b^2 + q) - (a^2 + q) = p * q - p :=
      Mathlib.Tactic LinearCombination'.sub_pf hb ha
    rw [Nat.add_sub_add_right] at h2
    exact h2

  have hba : a < b := by
    have h2 : p < p * q := lt_mul_right hp_pos (Nat.Prime.one_lt hpq)
    have h3 := calc
              a^2 + q = p := ha
              _ < p * q := h2
              _ = b^2 + q := hb.symm
    have h4 : a^2 < b^2 := Nat.add_lt_add_iff_right.mp h3
    exact lt_of_pow_lt_pow_left' 2 h4
  have hba' : 0 < b - a := Nat.sub_pos_of_lt hba
  -- Since b - a < p and p is prime, we have that p divides b + a.
  have h2 : b - a < p := tsub_lt_of_lt hbp
  have h3 : ¬ p ∣ b - a := Nat.not_dvd_of_pos_of_lt hba' h2
  have h4 : p ∣ p * (q - 1) := Nat.dvd_mul_right p (q - 1)
  rw [←h1, mul_comm] at h4
  have h5 : p ∣ b + a := Or.resolve_left ((Nat.Prime.dvd_mul hpp).mp h4) h3
  -- Since and b + a < 2p, we have that a + b must in fact equal p.
  have h6 : b + a < 2 * p := by omega
  have h7 : b + a = p := by
    obtain ⟨k, hk⟩ := h5
    rw [mul_comm, hk] at h6
    have : k < 2 := (mul_lt_mul_left hp_pos).mp h6
    interval_cases k <;> omega

  -- Hence q - 1 = b - a.
  have h8 : q - 1 = b - a := by
    rw [h7] at h1
    exact (Nat.eq_of_mul_eq_mul_left hp_pos h1).symm

  -- Note that b - a and b + a have the same parity.
  -- Therefore p and q - 1 have the same parity.
  -- If they are both even, then","💥️unknown identifier 'Mathlib.Tactic'

💥️unsolved goals
case mpr.intro.intro.intro.intro.intro
p q : ℕ
hpp : Nat.Prime p
hpq : Nat.Prime q
a : ℕ
ha : a ^ 2 + q = p
b : ℕ
hb : b ^ 2 + q = p * q
hp_pos : 0 < p
hq_pos : 0 < q
hqlep : q ≤ p
hbp : b < p
h1 : (b + a) * (b - a) = p * (q - 1)
hba : a < b
hba' : 0 < b - a
h2 : b - a < p
h3 : ¬p ∣ b - a
h4 : p ∣ (b - a) * (b + a)
h5 : p ∣ b + a
h6 : b + a < 2 * p
h7 : b + a = p
h8 : q - 1 = b - a
⊢ (p, q) ∈ solution_set",False,10,Compfiles.Usa2022P4,Llama-8B,LENGTH,best_of_n,False,0,-1,Usa2022P4.usa2022_p4,False
-1,False,99,"problem usa2022_p4 (p q : ℕ) :
    (p, q) ∈ solution_set ↔
    p.Prime ∧ q.Prime ∧
    ∃ a, a^2 + q = p ∧ ∃ b, b^2 + q = p * q := by
  constructor
  · -- easy direction
    intro hpq
    obtain ⟨rfl, rfl⟩ := hpq
    exact ⟨by norm_num, by norm_num, 1, by norm_num, 2, by norm_num⟩

  -- Informal proof outline taken from
  -- https://web.evanchen.cc/exams/USAMO-2022-notes.pdf
  rintro ⟨hpp, hpq, a, ha, b, hb⟩

  -- Note that 0 < p and 0 < q because they are prime.
  have hp_pos : 0 < p := Nat.Prime.pos hpp
  have hq_pos : 0 < q := Nat.Prime.pos hpq

  -- Note that we then have 0 < a < p, and 0 < b < p (because q ≤ p).
  have hqlep : q ≤ p := (Nat.le_add_left q (a ^ 2)).trans_eq ha

  have hbp : b < p := by
    by_contra! H
    have h2 : p^2 ≤ b^2 := Nat.pow_le_pow_of_le_left H 2
    have h6 :=
      calc p * p = p^2 := (Nat.pow_two p).symm
           _ < p^2 + q := Nat.lt_add_of_pos_right hq_pos
           _ ≤ _ := Nat.add_le_add_right h2 q
           _ = p * q := hb
    have h7 : p < q := (mul_lt_mul_left hp_pos).mp h6
    exact Nat.le_lt_asymm hqlep h7

  -- Subtracting our equations gives (b - a)(b + a) = b² - a² = p(q - 1),
  have h1 : (b + a) * (b - a) = p * (q - 1) := by
    rw [←Nat.sq_sub_sq, Nat.mul_sub_left_distrib, mul_one]
    have h2 : (b^2 + q) - (a^2 + q) = p * q - p :=
      Mathlib.Tactic.LinearCombination'.sub_pf hb ha
    rw [Nat.add_sub_add_right] at h2
    exact h2

  have hba : a < b := by
    have h2 : p < p * q := lt_mul_right hp_pos (Nat.Prime.one_lt hpq)
    have h3 := calc
              a^2 + q = p := ha
              _ < p * q := h2
              _ = b^2 + q := hb.symm
    have h4 : a^2 < b^2 := Nat.add_lt_add_iff_right.mp h3
    exact lt_of_pow_lt_pow_left' 2 h4
  have hba' : 0 < b - a := Nat.sub_pos_of_lt hba

  -- Since b - a < p and p is prime, we have that p divides b + a.
  have h2 : b - a < p := tsub_lt_of_lt hbp
  have h3 : ¬ p ∣ b - a := Nat.not_dvd_of_pos_of_lt hba' h2

  have h4 : p ∣ p * (q - 1) := Nat.dvd_mul_right p (q - 1)
  rw [←h1, mul_comm] at h4
  have h5 : p ∣ b + a := Or.resolve_left ((Nat.Prime.dvd_mul hpp).mp h4) h3

  -- Since and b + a < 2p, we have that a + b must in fact equal p.
  have h6 : b + a < 2 * p := by omega
  have h7 : b + a = p := by
    obtain ⟨k, hk⟩ := h5
    rw [mul_comm, hk] at h6
    have : k < 2 := (mul_lt_mul_left hp_pos).mp h6
    interval_cases k <;> omega

  -- Hence q - 1 = b - a.
  have h8 : q - 1 = b - a := by
    rw [h7] at h1
    exact (Nat.eq_of_mul_eq_mul_left hp_pos h1).symm

  -- Note that b - a and b + a have the same parity.
  -- Therefore p and q - 1 have the same parity.
  -- If they are both even, then q > p, contradiction.
  -- Therefore, they are both odd, and q = 2.
  have h9 : q = 2 := by
    have h10 : (b + a) % 2 = (b - a) % 2 := by
      have h11 : b + a = b - a + 2 * a := by
        rw [Nat.two_mul, ←add_assoc, add_left_inj]
        exact Nat.eq_add_of_sub_eq (Nat.le_of_lt hba) rfl
      rw [h11, Nat.add_mod]
      simp only [Nat.mul_mod_right, add_zero, Nat.mod_mod]
    rw [h7, ←h8] at h10
    cases' h : p % 2 with p'
    · have h14 : p = 2 := by
        have h15 : 2 ∣ p := Nat.modEq_zero_iff_dvd.mp h
        cases' Nat.Prime.eq_one_or_self_of_dvd hpp _ h15 with h16 h16
        · norm_num at h16
        · exact h16.symm
      rw [h14] at hqlep
      interval_cases q
      · norm_num at h8
        rw [h8] at hba'
        norm_num at hba'
      · rfl
    · cases' p' with p''
      · norm_num at h
        rw [h] at h10
        apply_fun (fun x ↦ (x + (1%2))%2) at h10
        rw [←Nat.add_mod, Nat.sub_add_cancel hq_pos] at h10
        norm_num at h10
        have h15 : 2 ∣ q := Nat.modEq_zero_iff_dvd.mp h10.symm
        cases' Nat.Prime.eq_one_or_self_of_dvd hpq _ h15 with h16 h16
        · norm_num at h16
        · exact h16.symm
      · have h14 := Nat.mod_lt p zero_lt_two
        rw [h] at h14
        exact (not_lt_zero' (Nat.succ_lt_succ_iff.mp (Nat.succ_lt_succ_iff.mp h14))).elim

  have h11 : p = 3 := by
    have h20 : b - a = 1 := by rw [h9] at h8; exact h8.symm
    have h22 : a ≤ b := Nat.le_of_lt hba
    have h21 : b = 1 + a := Nat.eq_add_of_sub_eq h22 h20
    have h23 : p = 2 * a + 1 := by
      rw [h21, add_assoc, ←Nat.two_mul, add_comm] at h7
      exact h7.symm
    rw [h23, h9, Nat.succ_inj'] at ha
    have h30 : a = 1 := by
      zify at ha
      have h26 : ((a:ℤ) - 1)^2 = 0 := by linear_combination ha
      have h27 : (a:ℤ) - 1 = 0 := pow_eq_zero h26
      have h28 : (a:ℤ) = 1 := Int.sub_eq_zero.mp h27
      exact Int.ofNat_inj.mp h28
    rw [h30] at h23
    exact h23

  simp (config := {decide := true}) only [h9, h11]


",,True,-1,"problem usa2022_p4 (p q : ℕ) :
    (p, q) ∈ solution_set ↔
    p.Prime ∧ q.Prime ∧
    ∃ a, a^2 + q = p ∧ ∃ b, b^2 + q = p * q := by
  constructor
  · -- easy direction
    intro hpq
    obtain ⟨rfl, rfl⟩ := hpq
    exact ⟨by norm_num, by norm_num, 1, by norm_num, 2, by norm_num⟩

  -- Informal proof outline taken from
  -- https://web.evanchen.cc/exams/USAMO-2022-notes.pdf
  rintro ⟨hpp, hpq, a, ha, b, hb⟩

  -- Note that 0 < p and 0 < q because they are prime.
  have hp_pos : 0 < p := Nat.Prime.pos hpp
  have hq_pos : 0 < q := Nat.Prime.pos hpq

  -- Note that we then have 0 < a < p, and 0 < b < p (because q ≤ p).
  have hqlep : q ≤ p := (Nat.le_add_left q (a ^ 2)).trans_eq ha

  have hbp : b < p := by
    by_contra! H
    have h2 : p^2 ≤ b^2 := Nat.pow_le_pow_left H 2
    have h6 := calc p * p = p^2 := (Nat.pow_two p).symm
      _ < p^2 + q := Nat.lt_add_of_pos_right hq_pos
      _ ≤ _ := Nat.add_le_add_right h2 q
      _ = p * q := hb
    have h7 : p < q := (mul_lt_mul_left hp_pos).mp h6
    exact Nat.le_lt_asymm hqlep h7

  -- Subtracting our equations gives (b - a)(b + a) = b² - a² = p(q - 1),
  have h1 : (b + a) * (b - a) = p * (q - 1) := by
    rw [←Nat.sq_sub_sq, Nat.mul_sub_left_distrib, mul_one]
    have h2 : (b^2 + q) - (a^2 + q) = p * q - p :=
      Mathlib.Tactic.LinearCombination'.sub_pf hb ha
    rw [Nat.add_sub_add_right] at h2
    exact h2

  have hba : a < b := by
    have h2 : p < p * q := lt_mul_right hp_pos (Nat.Prime.one_lt hpq)
    have h3 := calc
              a^2 + q = p := ha
              _ < p * q := h2
              _ = b^2 + q := hb.symm
    have h4 : a^2 < b^2 := Nat.add_lt_add_iff_right.mp h3
    exact lt_of_pow_lt_pow_left' 2 h4
  have hba' : 0 < b - a := Nat.sub_pos_of_lt hba

  -- Since b - a < p and p is prime, we have that p divides b + a.
  have h2 : b - a < p := tsub_lt_of_lt hbp
  have h3 : ¬ p ∣ b - a := Nat.not_dvd_of_pos_of_lt hba' h2

  have h4 : p ∣ p * (q - 1) := Nat.dvd_mul_right p (q - 1)
  rw [←h1, mul_comm] at h4
  have h5 : p ∣ b + a := Or.resolve_left ((Nat.Prime.dvd_mul hpp).mp h4) h3

  -- Since and b + a < 2p, we have that a + b must in fact equal p.
  have h6 : b + a < 2 * p := by omega
  have h7 : b + a = p := by
    obtain ⟨k, hk⟩ := h5
    rw [mul_comm, hk] at h6
    have : k < 2 := (mul_lt_mul_left hp_pos).mp h6
    interval_cases k <;> omega

  -- Hence q - 1 = b - a.
  have h8 : q - 1 = b - a := by
    rw [h7] at h1
    exact (Nat.eq_of_mul_eq_mul_left hp_pos h1).symm

  -- Note that b - a and b + a have the same parity.
  -- Therefore p and q - 1 have the same parity.
  -- If they are both even, then q","💥️unsolved goals
case mpr.intro.intro.intro.intro.intro
p q : ℕ
hpp : Nat.Prime p
hpq : Nat.Prime q
a : ℕ
ha : a ^ 2 + q = p
b : ℕ
hb : b ^ 2 + q = p * q
hp_pos : 0 < p
hq_pos : 0 < q
hqlep : q ≤ p
hbp : b < p
h1 : (b + a) * (b - a) = p * (q - 1)
hba : a < b
hba' : 0 < b - a
h2 : b - a < p
h3 : ¬p ∣ b - a
h4 : p ∣ (b - a) * (b + a)
h5 : p ∣ b + a
h6 : b + a < 2 * p
h7 : b + a = p
h8 : q - 1 = b - a
⊢ (p, q) ∈ solution_set",False,10,Compfiles.Usa2022P4,Llama-8B,LENGTH,best_of_n,False,0,-1,Usa2022P4.usa2022_p4,False
-1,False,99,"problem usa2022_p4 (p q : ℕ) :
    (p, q) ∈ solution_set ↔
    p.Prime ∧ q.Prime ∧
    ∃ a, a^2 + q = p ∧ ∃ b, b^2 + q = p * q := by
  constructor
  · -- easy direction
    intro hpq
    obtain ⟨rfl, rfl⟩ := hpq
    exact ⟨by norm_num, by norm_num, 1, by norm_num, 2, by norm_num⟩

  -- Informal proof outline taken from
  -- https://web.evanchen.cc/exams/USAMO-2022-notes.pdf
  rintro ⟨hpp, hpq, a, ha, b, hb⟩

  -- Note that 0 < p and 0 < q because they are prime.
  have hp_pos : 0 < p := Nat.Prime.pos hpp
  have hq_pos : 0 < q := Nat.Prime.pos hpq

  -- Note that we then have 0 < a < p, and 0 < b < p (because q ≤ p).
  have hqlep : q ≤ p := (Nat.le_add_left q (a ^ 2)).trans_eq ha

  have hbp : b < p := by
    by_contra! H
    have h2 : p^2 ≤ b^2 := Nat.pow_le_pow_of_le_left H 2
    have h6 :=
      calc p * p = p^2 := (Nat.pow_two p).symm
           _ < p^2 + q := Nat.lt_add_of_pos_right hq_pos
           _ ≤ _ := Nat.add_le_add_right h2 q
           _ = p * q := hb
    have h7 : p < q := (mul_lt_mul_left hp_pos).mp h6
    exact Nat.le_lt_asymm hqlep h7

  -- Subtracting our equations gives (b - a)(b + a) = b² - a² = p(q - 1),
  have h1 : (b + a) * (b - a) = p * (q - 1) := by
    rw [←Nat.sq_sub_sq, Nat.mul_sub_left_distrib, mul_one]
    have h2 : (b^2 + q) - (a^2 + q) = p * q - p :=
      Mathlib.Tactic.LinearCombination'.sub_pf hb ha
    rw [Nat.add_sub_add_right] at h2
    exact h2

  have hba : a < b := by
    have h2 : p < p * q := lt_mul_right hp_pos (Nat.Prime.one_lt hpq)
    have h3 := calc
              a^2 + q = p := ha
              _ < p * q := h2
              _ = b^2 + q := hb.symm
    have h4 : a^2 < b^2 := Nat.add_lt_add_iff_right.mp h3
    exact lt_of_pow_lt_pow_left' 2 h4
  have hba' : 0 < b - a := Nat.sub_pos_of_lt hba

  -- Since b - a < p and p is prime, we have that p divides b + a.
  have h2 : b - a < p := tsub_lt_of_lt hbp
  have h3 : ¬ p ∣ b - a := Nat.not_dvd_of_pos_of_lt hba' h2

  have h4 : p ∣ p * (q - 1) := Nat.dvd_mul_right p (q - 1)
  rw [←h1, mul_comm] at h4
  have h5 : p ∣ b + a := Or.resolve_left ((Nat.Prime.dvd_mul hpp).mp h4) h3

  -- Since and b + a < 2p, we have that a + b must in fact equal p.
  have h6 : b + a < 2 * p := by omega
  have h7 : b + a = p := by
    obtain ⟨k, hk⟩ := h5
    rw [mul_comm, hk] at h6
    have : k < 2 := (mul_lt_mul_left hp_pos).mp h6
    interval_cases k <;> omega

  -- Hence q - 1 = b - a.
  have h8 : q - 1 = b - a := by
    rw [h7] at h1
    exact (Nat.eq_of_mul_eq_mul_left hp_pos h1).symm

  -- Note that b - a and b + a have the same parity.
  -- Therefore p and q - 1 have the same parity.
  -- If they are both even, then q > p, contradiction.
  -- Therefore, they are both odd, and q = 2.
  have h9 : q = 2 := by
    have h10 : (b + a) % 2 = (b - a) % 2 := by
      have h11 : b + a = b - a + 2 * a := by
        rw [Nat.two_mul, ←add_assoc, add_left_inj]
        exact Nat.eq_add_of_sub_eq (Nat.le_of_lt hba) rfl
      rw [h11, Nat.add_mod]
      simp only [Nat.mul_mod_right, add_zero, Nat.mod_mod]
    rw [h7, ←h8] at h10
    cases' h : p % 2 with p'
    · have h14 : p = 2 := by
        have h15 : 2 ∣ p := Nat.modEq_zero_iff_dvd.mp h
        cases' Nat.Prime.eq_one_or_self_of_dvd hpp _ h15 with h16 h16
        · norm_num at h16
        · exact h16.symm
      rw [h14] at hqlep
      interval_cases q
      · norm_num at h8
        rw [h8] at hba'
        norm_num at hba'
      · rfl
    · cases' p' with p''
      · norm_num at h
        rw [h] at h10
        apply_fun (fun x ↦ (x + (1%2))%2) at h10
        rw [←Nat.add_mod, Nat.sub_add_cancel hq_pos] at h10
        norm_num at h10
        have h15 : 2 ∣ q := Nat.modEq_zero_iff_dvd.mp h10.symm
        cases' Nat.Prime.eq_one_or_self_of_dvd hpq _ h15 with h16 h16
        · norm_num at h16
        · exact h16.symm
      · have h14 := Nat.mod_lt p zero_lt_two
        rw [h] at h14
        exact (not_lt_zero' (Nat.succ_lt_succ_iff.mp (Nat.succ_lt_succ_iff.mp h14))).elim

  have h11 : p = 3 := by
    have h20 : b - a = 1 := by rw [h9] at h8; exact h8.symm
    have h22 : a ≤ b := Nat.le_of_lt hba
    have h21 : b = 1 + a := Nat.eq_add_of_sub_eq h22 h20
    have h23 : p = 2 * a + 1 := by
      rw [h21, add_assoc, ←Nat.two_mul, add_comm] at h7
      exact h7.symm
    rw [h23, h9, Nat.succ_inj'] at ha
    have h30 : a = 1 := by
      zify at ha
      have h26 : ((a:ℤ) - 1)^2 = 0 := by linear_combination ha
      have h27 : (a:ℤ) - 1 = 0 := pow_eq_zero h26
      have h28 : (a:ℤ) = 1 := Int.sub_eq_zero.mp h27
      exact Int.ofNat_inj.mp h28
    rw [h30] at h23
    exact h23

  simp (config := {decide := true}) only [h9, h11]


",,True,-1,"problem usa2022_p4 (p q : ℕ) :
    (p, q) ∈ solution_set ↔
    p.Prime ∧ q.Prime ∧
    ∃ a, a^2 + q = p ∧ ∃ b, b^2 + q = p * q := by
  constructor
  · -- easy direction
    intro hpq
    obtain ⟨rfl, rfl⟩ := hpq
    exact ⟨by norm_num, by norm_num, 1, by norm_num, 2, by norm_num⟩

  -- Informal proof outline taken from
  -- https://web.evanchen.cc/exams/USAMO-2022-notes.pdf
  rintro ⟨hpp, hpq, a, ha, b, hb⟩

  -- Note that 0 < p and 0 < q because they are prime.
  have hp_pos : 0 < p := Nat.Prime.pos hpp
  have hq_pos : 0 < q := Nat.Prime.pos hpq

  -- Note that we then have 0 < a < p, and 0 < b < p (because q ≤ p).
  have hqlep : q ≤ p := (Nat.le_add_left q (a ^ 2)).trans_eq ha

  have hbp : b < p := by
    by_contra! H
    have h2 : p^2 ≤ b^2 := Nat.pow_le_pow_of_le_left H 2
    have h6 :=
      calc p * p = p^2 := (Nat.pow_two p).symm
           _ < p^2 + q := Nat.lt_add_of_pos_right hq_pos
           _ ≤ _ := Nat.add_le_add_right h2 q
           _ = p * q := hb
    have h7 : p < q := (mul_lt_mul_left hp_pos).mp h6
    exact Nat.le_lt_asymm hqlep h7

  -- Subtracting our equations gives (b - a)(b + a) = b² - a² = p(q - 1),
  have h1 : (b + a) * (b - a) = p * (q - 1) := by
    rw [←Nat.sq_sub_sq, Nat.mul_sub_left_distrib, mul_one]
    linear_combination'.sub_pf hb ha
    rw [Nat.add_sub_add_right] at this
    exact this

  have hba : a < b := by
    have h2 : p < p * q := lt_mul_right hp_pos (Nat.Prime.one_lt hpq)
    have h3 := calc
              a^2 + q = p := ha
              _ < p * q := h2
              _ = b^2 + q := hb.symm
    have h4 : a^2 < b^2 := Nat.add_lt_add_iff_right.mp h3
    exact lt_of_pow_lt_pow_left' 2 h4
  have hba' : 0 < b - a := Nat.sub_pos_of_lt hba

  -- Since b - a < p and p is prime, we have that p divides b + a.
  have h2 : b - a < p := tsub_lt_of_lt hbp
  have h3 : ¬ p ∣ b - a := Nat.not_dvd_of_pos_of_lt hba' h2

  have h4 : p ∣ p * (q - 1) := Nat.dvd_mul_right p (q - 1)
  rw [←h1, mul_comm] at h4
  have h5 : p ∣ b + a := Or.resolve_left ((Nat.Prime.dvd_mul hpp).mp h4) h3

  -- Since and b + a < 2p, we have that a + b must in fact equal p.
  have h6 : b + a < 2 * p := by omega
  have h7 : b + a = p := by
    obtain ⟨k, hk⟩ := h5
    rw [mul_comm, hk] at h6
    have : k < 2 := (mul_lt_mul_left hp_pos).mp h6
    interval_cases k <;> omega

  -- Hence q - 1 = b - a.
  have h8 : q - 1 = b - a := by
    rw [h7] at h1
    exact (Nat.eq_of_mul_eq_mul_left hp_pos h1).symm

  -- Note that b - a and b + a have the same parity.
  -- Therefore p and q - 1 have the same parity.
  -- If they are both even, then q > p, contradiction.
  -- Therefore, they are both odd, and q = 2.
  have h9 : q = 2 :=","💥️unknown tactic

💥️unsolved goals
p q : ℕ
hpp : Nat.Prime p
hpq : Nat.Prime q
a : ℕ
ha : a ^ 2 + q = p
b : ℕ
hb : b ^ 2 + q = p * q
hp_pos : 0 < p
hq_pos : 0 < q
hqlep : q ≤ p
hbp : b < p
⊢ b ^ 2 - a ^ 2 = p * q - p

💥️unsolved goals
case mpr.intro.intro.intro.intro.intro
p q : ℕ
hpp : Nat.Prime p
hpq : Nat.Prime q
a : ℕ
ha : a ^ 2 + q = p
b : ℕ
hb : b ^ 2 + q = p * q
hp_pos : 0 < p
hq_pos : 0 < q
hqlep : q ≤ p
hbp : b < p
h1 : (b + a) * (b - a) = p * (q - 1)
⊢ (p, q) ∈ solution_set",False,10,Compfiles.Usa2022P4,Llama-8B,LENGTH,best_of_n,False,0,-1,Usa2022P4.usa2022_p4,False
-1,False,99,"problem usa2022_p4 (p q : ℕ) :
    (p, q) ∈ solution_set ↔
    p.Prime ∧ q.Prime ∧
    ∃ a, a^2 + q = p ∧ ∃ b, b^2 + q = p * q := by
  constructor
  · -- easy direction
    intro hpq
    obtain ⟨rfl, rfl⟩ := hpq
    exact ⟨by norm_num, by norm_num, 1, by norm_num, 2, by norm_num⟩

  -- Informal proof outline taken from
  -- https://web.evanchen.cc/exams/USAMO-2022-notes.pdf
  rintro ⟨hpp, hpq, a, ha, b, hb⟩

  -- Note that 0 < p and 0 < q because they are prime.
  have hp_pos : 0 < p := Nat.Prime.pos hpp
  have hq_pos : 0 < q := Nat.Prime.pos hpq

  -- Note that we then have 0 < a < p, and 0 < b < p (because q ≤ p).
  have hqlep : q ≤ p := (Nat.le_add_left q (a ^ 2)).trans_eq ha

  have hbp : b < p := by
    by_contra! H
    have h2 : p^2 ≤ b^2 := Nat.pow_le_pow_of_le_left H 2
    have h6 :=
      calc p * p = p^2 := (Nat.pow_two p).symm
           _ < p^2 + q := Nat.lt_add_of_pos_right hq_pos
           _ ≤ _ := Nat.add_le_add_right h2 q
           _ = p * q := hb
    have h7 : p < q := (mul_lt_mul_left hp_pos).mp h6
    exact Nat.le_lt_asymm hqlep h7

  -- Subtracting our equations gives (b - a)(b + a) = b² - a² = p(q - 1),
  have h1 : (b + a) * (b - a) = p * (q - 1) := by
    rw [←Nat.sq_sub_sq, Nat.mul_sub_left_distrib, mul_one]
    have h2 : (b^2 + q) - (a^2 + q) = p * q - p :=
      Mathlib.Tactic.LinearCombination'.sub_pf hb ha
    rw [Nat.add_sub_add_right] at h2
    exact h2

  have hba : a < b := by
    have h2 : p < p * q := lt_mul_right hp_pos (Nat.Prime.one_lt hpq)
    have h3 := calc
              a^2 + q = p := ha
              _ < p * q := h2
              _ = b^2 + q := hb.symm
    have h4 : a^2 < b^2 := Nat.add_lt_add_iff_right.mp h3
    exact lt_of_pow_lt_pow_left' 2 h4
  have hba' : 0 < b - a := Nat.sub_pos_of_lt hba

  -- Since b - a < p and p is prime, we have that p divides b + a.
  have h2 : b - a < p := tsub_lt_of_lt hbp
  have h3 : ¬ p ∣ b - a := Nat.not_dvd_of_pos_of_lt hba' h2

  have h4 : p ∣ p * (q - 1) := Nat.dvd_mul_right p (q - 1)
  rw [←h1, mul_comm] at h4
  have h5 : p ∣ b + a := Or.resolve_left ((Nat.Prime.dvd_mul hpp).mp h4) h3

  -- Since and b + a < 2p, we have that a + b must in fact equal p.
  have h6 : b + a < 2 * p := by omega
  have h7 : b + a = p := by
    obtain ⟨k, hk⟩ := h5
    rw [mul_comm, hk] at h6
    have : k < 2 := (mul_lt_mul_left hp_pos).mp h6
    interval_cases k <;> omega

  -- Hence q - 1 = b - a.
  have h8 : q - 1 = b - a := by
    rw [h7] at h1
    exact (Nat.eq_of_mul_eq_mul_left hp_pos h1).symm

  -- Note that b - a and b + a have the same parity.
  -- Therefore p and q - 1 have the same parity.
  -- If they are both even, then q > p, contradiction.
  -- Therefore, they are both odd, and q = 2.
  have h9 : q = 2 := by
    have h10 : (b + a) % 2 = (b - a) % 2 := by
      have h11 : b + a = b - a + 2 * a := by
        rw [Nat.two_mul, ←add_assoc, add_left_inj]
        exact Nat.eq_add_of_sub_eq (Nat.le_of_lt hba) rfl
      rw [h11, Nat.add_mod]
      simp only [Nat.mul_mod_right, add_zero, Nat.mod_mod]
    rw [h7, ←h8] at h10
    cases' h : p % 2 with p'
    · have h14 : p = 2 := by
        have h15 : 2 ∣ p := Nat.modEq_zero_iff_dvd.mp h
        cases' Nat.Prime.eq_one_or_self_of_dvd hpp _ h15 with h16 h16
        · norm_num at h16
        · exact h16.symm
      rw [h14] at hqlep
      interval_cases q
      · norm_num at h8
        rw [h8] at hba'
        norm_num at hba'
      · rfl
    · cases' p' with p''
      · norm_num at h
        rw [h] at h10
        apply_fun (fun x ↦ (x + (1%2))%2) at h10
        rw [←Nat.add_mod, Nat.sub_add_cancel hq_pos] at h10
        norm_num at h10
        have h15 : 2 ∣ q := Nat.modEq_zero_iff_dvd.mp h10.symm
        cases' Nat.Prime.eq_one_or_self_of_dvd hpq _ h15 with h16 h16
        · norm_num at h16
        · exact h16.symm
      · have h14 := Nat.mod_lt p zero_lt_two
        rw [h] at h14
        exact (not_lt_zero' (Nat.succ_lt_succ_iff.mp (Nat.succ_lt_succ_iff.mp h14))).elim

  have h11 : p = 3 := by
    have h20 : b - a = 1 := by rw [h9] at h8; exact h8.symm
    have h22 : a ≤ b := Nat.le_of_lt hba
    have h21 : b = 1 + a := Nat.eq_add_of_sub_eq h22 h20
    have h23 : p = 2 * a + 1 := by
      rw [h21, add_assoc, ←Nat.two_mul, add_comm] at h7
      exact h7.symm
    rw [h23, h9, Nat.succ_inj'] at ha
    have h30 : a = 1 := by
      zify at ha
      have h26 : ((a:ℤ) - 1)^2 = 0 := by linear_combination ha
      have h27 : (a:ℤ) - 1 = 0 := pow_eq_zero h26
      have h28 : (a:ℤ) = 1 := Int.sub_eq_zero.mp h27
      exact Int.ofNat_inj.mp h28
    rw [h30] at h23
    exact h23

  simp (config := {decide := true}) only [h9, h11]


",,True,-1,"oreanb2 (p q : ℕ) :
    (p, q) ∈ solution_set ↔
    p.Prime ∧ q.Prime ∧ ∃ a, a^2 + q = p ∧ ∃ b, b^2 + q = p * q := by
  constructor
  · -- easy direction
    intro hpq
    obtain ⟨rfl, rfl⟩ := hpq
    exact ⟨by norm_num, by norm_num, 1, by norm_num, 2, by norm_num⟩

  -- Informal proof outline taken from
  -- https://web.evanchen.cc/exams/USAMO-2022-notes.pdf
  rintro ⟨hpp, hpq, a, ha, b, hb⟩

  -- Note that 0 < p and 0 < q because they are prime.
  have hp_pos : 0 < p := Nat.Prime.pos hpp
  have hq_pos : 0 < q := Nat.Prime.pos hpq

  -- Note that we then have 0 < a < p, and 0 < b < p (because q ≤ p).
  have hqlep : q ≤ p := (Nat.le_add_left q (a ^ 2)).trans_eq ha

  have hbp : b < p := by
    by_contra! H
    have h2 : p^2 ≤ b^2 := Nat.pow_le_pow_left H 2
    have h6 :=
      calc p * p = p^2 := (Nat.pow_two p).symm
           _ < p^2 + q := Nat.lt_add_of_pos_right hq_pos
           _ ≤ _ := Nat.add_le_add_right h2 q
           _ = p * q := hb
    have h7 : p < q := (mul_lt_mul_left hp_pos).mp h6
    exact Nat.le_lt_asymm hqlep h7

  -- Subtracting our equations gives (b - a)(b + a) = b² - a² = p(q - 1),
  have h1 : (b + a) * (b - a) = p * (q - 1) := by
    rw [←Nat.sq_sub_sq, Nat.mul_sub_left_distrib, mul_one]
    have h2 : (b^2 + q) - (a^2 + q) = p * q - p :=
      Mathlib.TacticLinearCombination'.sub_pf hb ha
    rw [Nat.add_sub_add_right] at h2
    exact h2

  have hba : a < b := by
    have h2 : p < p * q := lt_mul_right hp_pos (Nat.Prime.one_lt hpq)
    have h3 := calc
              a^2 + q = p := ha
              _ < p * q := h2
              _ = b^2 + q := hb.symm
    have h4 : a^2 < b^2 := Nat.add_lt_add_iff_right.mp h3
    exact lt_of_pow_lt_pow_left' 2 h4
  have hba' : 0 < b - a := Nat.sub_pos_of_lt hba

  -- Since b - a < p and p is prime, we have that p divides b + a.
  have h2 : b - a < p := tsub_lt_of_lt hbp
  have h3 : ¬ p ∣ b - a := Nat.not_dvd_of_pos_of_lt hba' h2

  have h4 : p ∣ p * (q - 1) := Nat.dvd_mul_right p (q - 1)
  rw [←h1, mul_comm] at h4
  have h5 : p ∣ b + a := Or.resolve_left ((Nat.Prime.dvd_mul hpp).mp h4) h3

  -- Since and b + a < 2p, we have that a + b must in fact equal p.
  have h6 : b + a < 2 * p := by omega
  have h7 : b + a = p := by
    obtain ⟨k, hk⟩ := h5
    rw [mul_comm, hk] at h6
    have : k < 2 := (mul_lt_mul_left hp_pos).mp h6
    omega

  -- Hence q - 1 = b - a.
  have h8 : q - 1 = b - a := by
    rw [h7] at h1
    exact (Nat.eq_of_mul_eq_mul_left hp_pos h1).symm

  -- Note that b - a and b + a have the same parity.
  -- Therefore p and q - 1 have the same parity.
  -- If they are both even, then q > p, contradiction.
  -- Therefore, they",💥️unexpected identifier; expected command,False,10,Compfiles.Usa2022P4,Llama-8B,LENGTH,best_of_n,False,0,-1,Usa2022P4.usa2022_p4,False
-1,False,99,"problem usa2022_p4 (p q : ℕ) :
    (p, q) ∈ solution_set ↔
    p.Prime ∧ q.Prime ∧
    ∃ a, a^2 + q = p ∧ ∃ b, b^2 + q = p * q := by
  constructor
  · -- easy direction
    intro hpq
    obtain ⟨rfl, rfl⟩ := hpq
    exact ⟨by norm_num, by norm_num, 1, by norm_num, 2, by norm_num⟩

  -- Informal proof outline taken from
  -- https://web.evanchen.cc/exams/USAMO-2022-notes.pdf
  rintro ⟨hpp, hpq, a, ha, b, hb⟩

  -- Note that 0 < p and 0 < q because they are prime.
  have hp_pos : 0 < p := Nat.Prime.pos hpp
  have hq_pos : 0 < q := Nat.Prime.pos hpq

  -- Note that we then have 0 < a < p, and 0 < b < p (because q ≤ p).
  have hqlep : q ≤ p := (Nat.le_add_left q (a ^ 2)).trans_eq ha

  have hbp : b < p := by
    by_contra! H
    have h2 : p^2 ≤ b^2 := Nat.pow_le_pow_of_le_left H 2
    have h6 :=
      calc p * p = p^2 := (Nat.pow_two p).symm
           _ < p^2 + q := Nat.lt_add_of_pos_right hq_pos
           _ ≤ _ := Nat.add_le_add_right h2 q
           _ = p * q := hb
    have h7 : p < q := (mul_lt_mul_left hp_pos).mp h6
    exact Nat.le_lt_asymm hqlep h7

  -- Subtracting our equations gives (b - a)(b + a) = b² - a² = p(q - 1),
  have h1 : (b + a) * (b - a) = p * (q - 1) := by
    rw [←Nat.sq_sub_sq, Nat.mul_sub_left_distrib, mul_one]
    have h2 : (b^2 + q) - (a^2 + q) = p * q - p :=
      Mathlib.Tactic.LinearCombination'.sub_pf hb ha
    rw [Nat.add_sub_add_right] at h2
    exact h2

  have hba : a < b := by
    have h2 : p < p * q := lt_mul_right hp_pos (Nat.Prime.one_lt hpq)
    have h3 := calc
              a^2 + q = p := ha
              _ < p * q := h2
              _ = b^2 + q := hb.symm
    have h4 : a^2 < b^2 := Nat.add_lt_add_iff_right.mp h3
    exact lt_of_pow_lt_pow_left' 2 h4
  have hba' : 0 < b - a := Nat.sub_pos_of_lt hba

  -- Since b - a < p and p is prime, we have that p divides b + a.
  have h2 : b - a < p := tsub_lt_of_lt hbp
  have h3 : ¬ p ∣ b - a := Nat.not_dvd_of_pos_of_lt hba' h2

  have h4 : p ∣ p * (q - 1) := Nat.dvd_mul_right p (q - 1)
  rw [←h1, mul_comm] at h4
  have h5 : p ∣ b + a := Or.resolve_left ((Nat.Prime.dvd_mul hpp).mp h4) h3

  -- Since and b + a < 2p, we have that a + b must in fact equal p.
  have h6 : b + a < 2 * p := by omega
  have h7 : b + a = p := by
    obtain ⟨k, hk⟩ := h5
    rw [mul_comm, hk] at h6
    have : k < 2 := (mul_lt_mul_left hp_pos).mp h6
    interval_cases k <;> omega

  -- Hence q - 1 = b - a.
  have h8 : q - 1 = b - a := by
    rw [h7] at h1
    exact (Nat.eq_of_mul_eq_mul_left hp_pos h1).symm

  -- Note that b - a and b + a have the same parity.
  -- Therefore p and q - 1 have the same parity.
  -- If they are both even, then q > p, contradiction.
  -- Therefore, they are both odd, and q = 2.
  have h9 : q = 2 := by
    have h10 : (b + a) % 2 = (b - a) % 2 := by
      have h11 : b + a = b - a + 2 * a := by
        rw [Nat.two_mul, ←add_assoc, add_left_inj]
        exact Nat.eq_add_of_sub_eq (Nat.le_of_lt hba) rfl
      rw [h11, Nat.add_mod]
      simp only [Nat.mul_mod_right, add_zero, Nat.mod_mod]
    rw [h7, ←h8] at h10
    cases' h : p % 2 with p'
    · have h14 : p = 2 := by
        have h15 : 2 ∣ p := Nat.modEq_zero_iff_dvd.mp h
        cases' Nat.Prime.eq_one_or_self_of_dvd hpp _ h15 with h16 h16
        · norm_num at h16
        · exact h16.symm
      rw [h14] at hqlep
      interval_cases q
      · norm_num at h8
        rw [h8] at hba'
        norm_num at hba'
      · rfl
    · cases' p' with p''
      · norm_num at h
        rw [h] at h10
        apply_fun (fun x ↦ (x + (1%2))%2) at h10
        rw [←Nat.add_mod, Nat.sub_add_cancel hq_pos] at h10
        norm_num at h10
        have h15 : 2 ∣ q := Nat.modEq_zero_iff_dvd.mp h10.symm
        cases' Nat.Prime.eq_one_or_self_of_dvd hpq _ h15 with h16 h16
        · norm_num at h16
        · exact h16.symm
      · have h14 := Nat.mod_lt p zero_lt_two
        rw [h] at h14
        exact (not_lt_zero' (Nat.succ_lt_succ_iff.mp (Nat.succ_lt_succ_iff.mp h14))).elim

  have h11 : p = 3 := by
    have h20 : b - a = 1 := by rw [h9] at h8; exact h8.symm
    have h22 : a ≤ b := Nat.le_of_lt hba
    have h21 : b = 1 + a := Nat.eq_add_of_sub_eq h22 h20
    have h23 : p = 2 * a + 1 := by
      rw [h21, add_assoc, ←Nat.two_mul, add_comm] at h7
      exact h7.symm
    rw [h23, h9, Nat.succ_inj'] at ha
    have h30 : a = 1 := by
      zify at ha
      have h26 : ((a:ℤ) - 1)^2 = 0 := by linear_combination ha
      have h27 : (a:ℤ) - 1 = 0 := pow_eq_zero h26
      have h28 : (a:ℤ) = 1 := Int.sub_eq_zero.mp h27
      exact Int.ofNat_inj.mp h28
    rw [h30] at h23
    exact h23

  simp (config := {decide := true}) only [h9, h11]


",,True,-1,"theorem usa2022_p4 (p q : ℕ) :
    (p, q) ∈ solution_set ↔ p.Prime ∧ q.Prime ∧ ∃ a, a^2 + q = p ∧ ∃ b, b^2 + q = p * q := by
  constructor
  · -- easy direction
    intro hpq
    obtain ⟨rfl, rfl⟩ := hpq
    exact ⟨by norm_num, by norm_num, 1, by norm_num, 2, by norm_num⟩

  -- Informal proof outline taken from
  -- https://web.evanchen.cc/exams/USAMO-2022-notes.pdf
  rintro ⟨hpp, hpq, a, ha, b, hb⟩

  -- Note that 0 < p and 0 < q because they are prime.
  have hp_pos : 0 < p := Nat.Prime.pos hpp
  have hq_pos : 0 < q := Nat.Prime.pos hpq

  -- Note that we then have 0 < a < p, and 0 < b < p (because q ≤ p).
  have hqlep : q ≤ p := (Nat.le_add_left q (a ^ 2)).trans_eq ha

  have hbp : b < p := by
    by_contra! H
    have h2 : p^2 ≤ b^2 := Nat.pow_le_pow_left H 2
    have h6 :=
      calc p * p = p^2 := (Nat.pow_two p).symm
           _ < p^2 + q := Nat.lt_add_of_pos_right hq_pos
           _ ≤ _ := Nat.add_le_add_right h2 q
           _ = p * q := hb
    have h7 : p < q := (mul_lt_mul_left hp_pos).mp h6
    exact Nat.le_lt_asymm hqlep h7

  -- Subtracting our equations gives (b - a)(b + a) = b² - a² = p(q - 1),
  have h1 : (b + a) * (b - a) = p * (q - 1) := by
    rw [←Nat.sq_sub_sq, Nat.mul_sub_left_distrib, mul_one]
    have h2 : (b^2 + q) - (a^2 + q) = p * q - p :=
      Mathlib.Tactic_linear_combination'.sub_pf hb ha
    rw [Nat.add_sub_add_right] at h2
    exact h2

  have hba : a < b := by
    have h2 : p < p * q := lt_mul_right hp_pos (Nat.Prime.one_lt hpq)
    have h3 := calc
              a^2 + q = p := ha
              _ < p * q := h2
              _ = b^2 + q := hb.symm
    have h4 : a^2 < b^2 := Nat.add_lt_add_iff_right.mp h3
    exact lt_of_pow_lt_pow_left' 2 h4
  have hba' : 0 < b - a := Nat.sub_pos_of_lt hba

  -- Since b - a < p and p is prime, we have that p divides b + a.
  have h2 : b - a < p := tsub_lt_of_lt hbp
  have h3 : ¬ p ∣ b - a := Nat.not_dvd_of_pos_of_lt hba' h2

  have h4 : p ∣ p * (q - 1) := Nat.dvd_mul_right p (q - 1)
  rw [←h1, mul_comm] at h4
  have h5 : p ∣ b + a := Or.resolve_left ((Nat.Prime.dvd_mul hpp).mp h4) h3

  -- Since and b + a < 2p, we have that a + b must in fact equal p.
  have h6 : b + a < 2 * p := by omega
  have h7 : b + a = p := by
    obtain ⟨k, hk⟩ := h5
    rw [mul_comm, hk] at h6
    have : k < 2 := (mul_lt_mul_left hp_pos).mp h6
    omega

  -- Hence q - 1 = b - a.
  have h8 : q - 1 = b - a := by
    rw [h7] at h1
    exact (Nat.eq_of_mul_eq_mul_left hp_pos h1).symm

  -- Note that b - a and b + a have the same parity.
  -- Therefore p and q - 1 have the same parity.
  -- If they are both even, then q > p, contradiction.
  -- Therefore,","💥️unknown identifier 'Mathlib.Tactic_linear_combination'.sub_pf'

💥️omega could not prove the goal:
a possible counterexample may satisfy the constraints
  0 ≤ j ≤ 1
  i ≥ 0
  h ≥ 1
  g ≥ 0
  g - i ≤ 0
  2*g - i ≤ -1
  f ≥ 0
  e ≥ 0
  d ≥ 0
  d - e ≤ -1
  c ≥ 1
  c - i ≥ 1
  c + g - i ≥ 1
  c + 2*g - i ≥ 1
  c + d - e ≥ 0
  2*c - i ≥ 1
where
 c := ↑p
 d := ↑(b ^ 2)
 e := ↑p * ↑q
 f := ↑p * ↑(q - 1)
 g := ↑a
 h := ↑(b - a) % ↑p
 i := ↑p * ↑k
 j := ↑k

💥️unsolved goals
case mpr.intro.intro.intro.intro.intro
p q : ℕ
hpp : Nat.Prime p
hpq : Nat.Prime q
a : ℕ
ha : a ^ 2 + q = p
b : ℕ
hb : b ^ 2 + q = p * q
hp_pos : 0 < p
hq_pos : 0 < q
hqlep : q ≤ p
hbp : b < p
h1 : (b + a) * (b - a) = p * (q - 1)
hba : a < b
hba' : 0 < b - a
h2 : b - a < p
h3 : ¬p ∣ b - a
h4 : p ∣ (b - a) * (b + a)
h5 : p ∣ b + a
h6 : b + a < 2 * p
h7 : b + a = p
h8 : q - 1 = b - a
⊢ (p, q) ∈ solution_set",False,10,Compfiles.Usa2022P4,Llama-8B,LENGTH,best_of_n,False,0,-1,Usa2022P4.usa2022_p4,False
-1,False,99,"problem usa2022_p4 (p q : ℕ) :
    (p, q) ∈ solution_set ↔
    p.Prime ∧ q.Prime ∧
    ∃ a, a^2 + q = p ∧ ∃ b, b^2 + q = p * q := by
  constructor
  · -- easy direction
    intro hpq
    obtain ⟨rfl, rfl⟩ := hpq
    exact ⟨by norm_num, by norm_num, 1, by norm_num, 2, by norm_num⟩

  -- Informal proof outline taken from
  -- https://web.evanchen.cc/exams/USAMO-2022-notes.pdf
  rintro ⟨hpp, hpq, a, ha, b, hb⟩

  -- Note that 0 < p and 0 < q because they are prime.
  have hp_pos : 0 < p := Nat.Prime.pos hpp
  have hq_pos : 0 < q := Nat.Prime.pos hpq

  -- Note that we then have 0 < a < p, and 0 < b < p (because q ≤ p).
  have hqlep : q ≤ p := (Nat.le_add_left q (a ^ 2)).trans_eq ha

  have hbp : b < p := by
    by_contra! H
    have h2 : p^2 ≤ b^2 := Nat.pow_le_pow_of_le_left H 2
    have h6 :=
      calc p * p = p^2 := (Nat.pow_two p).symm
           _ < p^2 + q := Nat.lt_add_of_pos_right hq_pos
           _ ≤ _ := Nat.add_le_add_right h2 q
           _ = p * q := hb
    have h7 : p < q := (mul_lt_mul_left hp_pos).mp h6
    exact Nat.le_lt_asymm hqlep h7

  -- Subtracting our equations gives (b - a)(b + a) = b² - a² = p(q - 1),
  have h1 : (b + a) * (b - a) = p * (q - 1) := by
    rw [←Nat.sq_sub_sq, Nat.mul_sub_left_distrib, mul_one]
    have h2 : (b^2 + q) - (a^2 + q) = p * q - p :=
      Mathlib.Tactic.LinearCombination'.sub_pf hb ha
    rw [Nat.add_sub_add_right] at h2
    exact h2

  have hba : a < b := by
    have h2 : p < p * q := lt_mul_right hp_pos (Nat.Prime.one_lt hpq)
    have h3 := calc
              a^2 + q = p := ha
              _ < p * q := h2
              _ = b^2 + q := hb.symm
    have h4 : a^2 < b^2 := Nat.add_lt_add_iff_right.mp h3
    exact lt_of_pow_lt_pow_left' 2 h4
  have hba' : 0 < b - a := Nat.sub_pos_of_lt hba

  -- Since b - a < p and p is prime, we have that p divides b + a.
  have h2 : b - a < p := tsub_lt_of_lt hbp
  have h3 : ¬ p ∣ b - a := Nat.not_dvd_of_pos_of_lt hba' h2

  have h4 : p ∣ p * (q - 1) := Nat.dvd_mul_right p (q - 1)
  rw [←h1, mul_comm] at h4
  have h5 : p ∣ b + a := Or.resolve_left ((Nat.Prime.dvd_mul hpp).mp h4) h3

  -- Since and b + a < 2p, we have that a + b must in fact equal p.
  have h6 : b + a < 2 * p := by omega
  have h7 : b + a = p := by
    obtain ⟨k, hk⟩ := h5
    rw [mul_comm, hk] at h6
    have : k < 2 := (mul_lt_mul_left hp_pos).mp h6
    interval_cases k <;> omega

  -- Hence q - 1 = b - a.
  have h8 : q - 1 = b - a := by
    rw [h7] at h1
    exact (Nat.eq_of_mul_eq_mul_left hp_pos h1).symm

  -- Note that b - a and b + a have the same parity.
  -- Therefore p and q - 1 have the same parity.
  -- If they are both even, then q > p, contradiction.
  -- Therefore, they are both odd, and q = 2.
  have h9 : q = 2 := by
    have h10 : (b + a) % 2 = (b - a) % 2 := by
      have h11 : b + a = b - a + 2 * a := by
        rw [Nat.two_mul, ←add_assoc, add_left_inj]
        exact Nat.eq_add_of_sub_eq (Nat.le_of_lt hba) rfl
      rw [h11, Nat.add_mod]
      simp only [Nat.mul_mod_right, add_zero, Nat.mod_mod]
    rw [h7, ←h8] at h10
    cases' h : p % 2 with p'
    · have h14 : p = 2 := by
        have h15 : 2 ∣ p := Nat.modEq_zero_iff_dvd.mp h
        cases' Nat.Prime.eq_one_or_self_of_dvd hpp _ h15 with h16 h16
        · norm_num at h16
        · exact h16.symm
      rw [h14] at hqlep
      interval_cases q
      · norm_num at h8
        rw [h8] at hba'
        norm_num at hba'
      · rfl
    · cases' p' with p''
      · norm_num at h
        rw [h] at h10
        apply_fun (fun x ↦ (x + (1%2))%2) at h10
        rw [←Nat.add_mod, Nat.sub_add_cancel hq_pos] at h10
        norm_num at h10
        have h15 : 2 ∣ q := Nat.modEq_zero_iff_dvd.mp h10.symm
        cases' Nat.Prime.eq_one_or_self_of_dvd hpq _ h15 with h16 h16
        · norm_num at h16
        · exact h16.symm
      · have h14 := Nat.mod_lt p zero_lt_two
        rw [h] at h14
        exact (not_lt_zero' (Nat.succ_lt_succ_iff.mp (Nat.succ_lt_succ_iff.mp h14))).elim

  have h11 : p = 3 := by
    have h20 : b - a = 1 := by rw [h9] at h8; exact h8.symm
    have h22 : a ≤ b := Nat.le_of_lt hba
    have h21 : b = 1 + a := Nat.eq_add_of_sub_eq h22 h20
    have h23 : p = 2 * a + 1 := by
      rw [h21, add_assoc, ←Nat.two_mul, add_comm] at h7
      exact h7.symm
    rw [h23, h9, Nat.succ_inj'] at ha
    have h30 : a = 1 := by
      zify at ha
      have h26 : ((a:ℤ) - 1)^2 = 0 := by linear_combination ha
      have h27 : (a:ℤ) - 1 = 0 := pow_eq_zero h26
      have h28 : (a:ℤ) = 1 := Int.sub_eq_zero.mp h27
      exact Int.ofNat_inj.mp h28
    rw [h30] at h23
    exact h23

  simp (config := {decide := true}) only [h9, h11]


",,True,-1,"lemma intro!; specialize; simp only [and_assoc, more.inr_iff] at hba
add simp only [← h1, more.inx_iff, Nat.add_le, Nat.dvd_mul_right, and_and_left_comm] at h1
 simp [h1, hpq, hba, hp_pos, 0_le, le_add_left, more.inr_iff] at hq
 simp [mul_comm] at hba
match_scalars at hba
linear_combination b^2 + q = p * a + a^2 + q at hba
 orderHom_apply (Equiv.Set.image (b:ℤ) (a:ℤ)) at hba
 simp [hba, Nat.cast_pos] at hba
f₀ = b - a at hba
f₁ = b + a at hba
f₂ = q at hba
f₃ = p * q at hba
f₄ = p * a at hba
f₅ = a^2 at hba
f₆ = q - 1 at hba
f₇ = ((a:ℤ) - 1) * (b:ℤ) at hba
f₈ = ((b:ℤ) - (a:ℤ)) * q at hba
f₉ = b^2 at hba
f₁₀ = b * a at hba

 match_scalars only [← h1] at f₁₀
 linear_combination f₁₀ - f₈ + f�[dim; rw [f₁₀, f₆, f₈, fₜ; match_scalars; linear_combination] Prof.rfl
 simp only [hp_pos, 0_le, more.inx_iff, more.inr_iff] at hq
simpa [hq] using congr_arg (Equiv.Set.image (a:ℤ) (b:ℤ)) (f₏ₗ[1])

).trans (ip.cast_pos.mpr mult_pos).symm

",💥️unexpected token ';'; expected ':',False,10,Compfiles.Usa2022P4,Llama-8B,LENGTH,best_of_n,False,0,-1,Usa2022P4.usa2022_p4,False
-1,False,99,"problem usa2022_p4 (p q : ℕ) :
    (p, q) ∈ solution_set ↔
    p.Prime ∧ q.Prime ∧
    ∃ a, a^2 + q = p ∧ ∃ b, b^2 + q = p * q := by
  constructor
  · -- easy direction
    intro hpq
    obtain ⟨rfl, rfl⟩ := hpq
    exact ⟨by norm_num, by norm_num, 1, by norm_num, 2, by norm_num⟩

  -- Informal proof outline taken from
  -- https://web.evanchen.cc/exams/USAMO-2022-notes.pdf
  rintro ⟨hpp, hpq, a, ha, b, hb⟩

  -- Note that 0 < p and 0 < q because they are prime.
  have hp_pos : 0 < p := Nat.Prime.pos hpp
  have hq_pos : 0 < q := Nat.Prime.pos hpq

  -- Note that we then have 0 < a < p, and 0 < b < p (because q ≤ p).
  have hqlep : q ≤ p := (Nat.le_add_left q (a ^ 2)).trans_eq ha

  have hbp : b < p := by
    by_contra! H
    have h2 : p^2 ≤ b^2 := Nat.pow_le_pow_of_le_left H 2
    have h6 :=
      calc p * p = p^2 := (Nat.pow_two p).symm
           _ < p^2 + q := Nat.lt_add_of_pos_right hq_pos
           _ ≤ _ := Nat.add_le_add_right h2 q
           _ = p * q := hb
    have h7 : p < q := (mul_lt_mul_left hp_pos).mp h6
    exact Nat.le_lt_asymm hqlep h7

  -- Subtracting our equations gives (b - a)(b + a) = b² - a² = p(q - 1),
  have h1 : (b + a) * (b - a) = p * (q - 1) := by
    rw [←Nat.sq_sub_sq, Nat.mul_sub_left_distrib, mul_one]
    have h2 : (b^2 + q) - (a^2 + q) = p * q - p :=
      Mathlib.Tactic.LinearCombination'.sub_pf hb ha
    rw [Nat.add_sub_add_right] at h2
    exact h2

  have hba : a < b := by
    have h2 : p < p * q := lt_mul_right hp_pos (Nat.Prime.one_lt hpq)
    have h3 := calc
              a^2 + q = p := ha
              _ < p * q := h2
              _ = b^2 + q := hb.symm
    have h4 : a^2 < b^2 := Nat.add_lt_add_iff_right.mp h3
    exact lt_of_pow_lt_pow_left' 2 h4
  have hba' : 0 < b - a := Nat.sub_pos_of_lt hba

  -- Since b - a < p and p is prime, we have that p divides b + a.
  have h2 : b - a < p := tsub_lt_of_lt hbp
  have h3 : ¬ p ∣ b - a := Nat.not_dvd_of_pos_of_lt hba' h2

  have h4 : p ∣ p * (q - 1) := Nat.dvd_mul_right p (q - 1)
  rw [←h1, mul_comm] at h4
  have h5 : p ∣ b + a := Or.resolve_left ((Nat.Prime.dvd_mul hpp).mp h4) h3

  -- Since and b + a < 2p, we have that a + b must in fact equal p.
  have h6 : b + a < 2 * p := by omega
  have h7 : b + a = p := by
    obtain ⟨k, hk⟩ := h5
    rw [mul_comm, hk] at h6
    have : k < 2 := (mul_lt_mul_left hp_pos).mp h6
    interval_cases k <;> omega

  -- Hence q - 1 = b - a.
  have h8 : q - 1 = b - a := by
    rw [h7] at h1
    exact (Nat.eq_of_mul_eq_mul_left hp_pos h1).symm

  -- Note that b - a and b + a have the same parity.
  -- Therefore p and q - 1 have the same parity.
  -- If they are both even, then q > p, contradiction.
  -- Therefore, they are both odd, and q = 2.
  have h9 : q = 2 := by
    have h10 : (b + a) % 2 = (b - a) % 2 := by
      have h11 : b + a = b - a + 2 * a := by
        rw [Nat.two_mul, ←add_assoc, add_left_inj]
        exact Nat.eq_add_of_sub_eq (Nat.le_of_lt hba) rfl
      rw [h11, Nat.add_mod]
      simp only [Nat.mul_mod_right, add_zero, Nat.mod_mod]
    rw [h7, ←h8] at h10
    cases' h : p % 2 with p'
    · have h14 : p = 2 := by
        have h15 : 2 ∣ p := Nat.modEq_zero_iff_dvd.mp h
        cases' Nat.Prime.eq_one_or_self_of_dvd hpp _ h15 with h16 h16
        · norm_num at h16
        · exact h16.symm
      rw [h14] at hqlep
      interval_cases q
      · norm_num at h8
        rw [h8] at hba'
        norm_num at hba'
      · rfl
    · cases' p' with p''
      · norm_num at h
        rw [h] at h10
        apply_fun (fun x ↦ (x + (1%2))%2) at h10
        rw [←Nat.add_mod, Nat.sub_add_cancel hq_pos] at h10
        norm_num at h10
        have h15 : 2 ∣ q := Nat.modEq_zero_iff_dvd.mp h10.symm
        cases' Nat.Prime.eq_one_or_self_of_dvd hpq _ h15 with h16 h16
        · norm_num at h16
        · exact h16.symm
      · have h14 := Nat.mod_lt p zero_lt_two
        rw [h] at h14
        exact (not_lt_zero' (Nat.succ_lt_succ_iff.mp (Nat.succ_lt_succ_iff.mp h14))).elim

  have h11 : p = 3 := by
    have h20 : b - a = 1 := by rw [h9] at h8; exact h8.symm
    have h22 : a ≤ b := Nat.le_of_lt hba
    have h21 : b = 1 + a := Nat.eq_add_of_sub_eq h22 h20
    have h23 : p = 2 * a + 1 := by
      rw [h21, add_assoc, ←Nat.two_mul, add_comm] at h7
      exact h7.symm
    rw [h23, h9, Nat.succ_inj'] at ha
    have h30 : a = 1 := by
      zify at ha
      have h26 : ((a:ℤ) - 1)^2 = 0 := by linear_combination ha
      have h27 : (a:ℤ) - 1 = 0 := pow_eq_zero h26
      have h28 : (a:ℤ) = 1 := Int.sub_eq_zero.mp h27
      exact Int.ofNat_inj.mp h28
    rw [h30] at h23
    exact h23

  simp (config := {decide := true}) only [h9, h11]


",,True,-1,"#align Nat.Prime.ext_iff Nat.Prime.ext_iff

theorem usa2022_p4 (p q : ℕ) :
    (p, q) ∈ solution_set ↔
    p.Prime ∧ q.Prime ∧
    ∃ a, a^2 + q = p ∧ ∃ b, b^2 + q = p * q := by
  constructor
  · -- easy direction
    intro hpq
    obtain ⟨rfl, rfl⟩ := hpq
    exact ⟨by norm_num, by norm_num, 1, by norm_num, 2, by norm_num⟩

  -- Informal proof outline taken from
  -- https://web.evanchen.cc/exams/USAMO-2022-notes.pdf
  rintro ⟨hpp, hpq, a, ha, b, hb⟩

  have hp_pos : 0 < p := Nat.Prime.pos hpp
  have hq_pos : 0 < q := Nat.Prime.pos hpq

  -- Note that we then have 0 < a < p, and 0 < b < p (because q ≤ p).
  have hqlep : q ≤ p := (Nat.le_add_left q (a ^ 2)).trans_eq ha

  have hbp : b < p := by
    contrapose! h
    rw [← Nat.pow_le_pow_left h 2] at h
    rw [h] at h6
    exact Nat.lt_of_mul_lt_mul_left hp_pos (by omega) h6
  -- Subtracting our equations gives (b - a)(b + a) = b² - a² = p(q - 1),
  have h1 : (b + a) * (b - a) = p * (q - 1) := by
    rw [← Nat.sq_sub_sq, Nat.mul_sub_left_distrib, mul_one]
    have h2 : (b^2 + q) - (a^2 + q) = p * q - p :=
      linear_combination h hb ha
    rw [Nat.add_sub_add_right] at h2
    exact h2

  have hba : a < b := by
    have h2 : p < p * q := lt_mul_right hp_pos (Nat.Prime.one_lt hpq)
    have h3 := calc
              a^2 + q = p := ha
              _ < p * q := h2
              _ = b^2 + q := hb.symm
    have h4 : a^2 < b^2 := Nat.add_lt_add_iff_right.mp h3
    exact lt_of_pow_lt_pow_left' 2 h4
  have hba' : 0 < b - a := Nat.sub_pos_of_lt hba

  -- Since b - a < p and p is prime, we have that p divides b + a.
  have h2 : b - a < p := tsub_lt_of_lt hbp
  have h3 : ¬ p ∣ b - a := Nat.not_dvd_of_pos_of_lt hba' h2

  have h4 : p ∣ p * (q - 1) := Nat.dvd_mul_right p (q - 1)
  rw [←h1, mul_comm] at h4
  have h5 : p ∣ b + a := Or.resolve_left ((Nat.Prime.dvd_mul hpp).mp h4) h3

  -- Since and b + a < 2p, we have that a + b must in fact equal p.
  have h6 : b + a < 2 * p := by omega
  have h7 : b + a = p := by
    obtain ⟨k, hk⟩ := h5
    rw [mul_comm, hk] at h6
    have : k < 2 := (mul_lt_mul_left hp_pos).mp h6
    interval_cases k <;> omega

  -- Hence q - 1 = b - a.
  have h8 : q - 1 = b - a := by
    rw [h7] at h1
    exact (Nat.eq_of_mul_eq_mul_left hp_pos h1).symm

  -- Note that b - a and b + a have the same parity.
  -- Therefore p and q - 1 have the same parity.
  -- If they are both even, then q > p, contradiction.
  -- Therefore, they are both odd, and q = 2.
  have h9 : q = 2 := by
    have h10 : (b + a) % 2 = (b - a) % 2 := by
      have h11 : b + a = b - a + 2 * a := by omega
      rw [h11, Nat.add_mod]
     ","💥️unexpected token '#'; expected command

💥️unknown identifier 'h'

💥️unknown identifier 'linear_combination'

💥️unsolved goals
p q : ℕ
hpp : Nat.Prime p
hpq : Nat.Prime q
a : ℕ
ha : a ^ 2 + q = p
b : ℕ
hb : b ^ 2 + q = p * q
hp_pos : 0 < p
hq_pos : 0 < q
hqlep : q ≤ p
hbp : b < p
h1 : (b + a) * (b - a) = p * (q - 1)
hba : a < b
hba' : 0 < b - a
h2 : b - a < p
h3 : ¬p ∣ b - a
h4 : p ∣ (b - a) * (b + a)
h5 : p ∣ b + a
h6 : b + a < 2 * p
h7 : b + a = p
h8 : q - 1 = b - a
h11 : b + a = b - a + 2 * a
⊢ ((b - a) % 2 + 2 * a % 2) % 2 = (b - a) % 2

💥️unsolved goals
p q : ℕ
hpp : Nat.Prime p
hpq : Nat.Prime q
a : ℕ
ha : a ^ 2 + q = p
b : ℕ
hb : b ^ 2 + q = p * q
hp_pos : 0 < p
hq_pos : 0 < q
hqlep : q ≤ p
hbp : b < p
h1 : (b + a) * (b - a) = p * (q - 1)
hba : a < b
hba' : 0 < b - a
h2 : b - a < p
h3 : ¬p ∣ b - a
h4 : p ∣ (b - a) * (b + a)
h5 : p ∣ b + a
h6 : b + a < 2 * p
h7 : b + a = p
h8 : q - 1 = b - a
h10 : (b + a) % 2 = (b - a) % 2
⊢ q = 2

💥️unsolved goals
case mpr.intro.intro.intro.intro.intro
p q : ℕ
hpp : Nat.Prime p
hpq : Nat.Prime q
a : ℕ
ha : a ^ 2 + q = p
b : ℕ
hb : b ^ 2 + q = p * q
hp_pos : 0 < p
hq_pos : 0 < q
hqlep : q ≤ p
hbp : b < p
h1 : (b + a) * (b - a) = p * (q - 1)
hba : a < b
hba' : 0 < b - a
h2 : b - a < p
h3 : ¬p ∣ b - a
h4 : p ∣ (b - a) * (b + a)
h5 : p ∣ b + a
h6 : b + a < 2 * p
h7 : b + a = p
h8 : q - 1 = b - a
h9 : q = 2
⊢ (p, q) ∈ solution_set",False,10,Compfiles.Usa2022P4,Llama-8B,LENGTH,best_of_n,False,0,-1,Usa2022P4.usa2022_p4,False
-1,False,1,"lemma val_div (a b : ℝ+) : (a / b).val = a.val / b.val := by rfl

",,True,-1,"-lemma val_div (a b : ℝ) : (a / b).val = a.val / b.val := by simp
","💥️unexpected token '-'; expected command

💥️invalid field 'val', the environment does not contain 'Real.val'
  a / b
has type
  ℝ

💥️invalid field 'val', the environment does not contain 'Real.val'
  a
has type
  ℝ

💥️invalid field 'val', the environment does not contain 'Real.val'
  b
has type
  ℝ

💥️simp made no progress",False,10,Compfiles.Usa2023P2,Llama-8B,LENGTH,best_of_n,False,0,-1,Usa2023P2.val_div,False
-1,False,1,"lemma val_div (a b : ℝ+) : (a / b).val = a.val / b.val := by rfl

",,True,-1,"@[simp]
lemma val_div (a b : ℝ) [CommSemigroup ℝ] : (a / b).val = a.val / b.val := by rfl
","💥️invalid field 'val', the environment does not contain 'Real.val'
  a / b
has type
  ℝ

💥️invalid field 'val', the environment does not contain 'Real.val'
  a
has type
  ℝ

💥️invalid field 'val', the environment does not contain 'Real.val'
  b
has type
  ℝ",False,10,Compfiles.Usa2023P2,Llama-8B,LENGTH,best_of_n,False,0,-1,Usa2023P2.val_div,False
-1,False,1,"lemma val_div (a b : ℝ+) : (a / b).val = a.val / b.val := by rfl

",,True,-1,"lemma val_div (a b : ℝ) : (a / b).val = a.val / b.val :=
  div_val_of_nonneg b.val (a.op_pos_of_nonneg)

","💥️invalid field 'val', the environment does not contain 'Real.val'
  a / b
has type
  ℝ

💥️invalid field 'val', the environment does not contain 'Real.val'
  a
has type
  ℝ

💥️invalid field 'val', the environment does not contain 'Real.val'
  b
has type
  ℝ

💥️unknown identifier 'div_val_of_nonneg'",False,10,Compfiles.Usa2023P2,Llama-8B,LENGTH,best_of_n,False,0,-1,Usa2023P2.val_div,False
-1,False,1,"lemma val_div (a b : ℝ+) : (a / b).val = a.val / b.val := by rfl

",,True,-1,"lemma val_div (a b : ℝ) : (a / b).val = a.val / b.val :=
  val_div_of_ne_zero b.val_ne_zero
","💥️invalid field 'val', the environment does not contain 'Real.val'
  a / b
has type
  ℝ

💥️invalid field 'val', the environment does not contain 'Real.val'
  a
has type
  ℝ

💥️invalid field 'val', the environment does not contain 'Real.val'
  b
has type
  ℝ

💥️unknown identifier 'val_div_of_ne_zero'",False,10,Compfiles.Usa2023P2,Llama-8B,LENGTH,best_of_n,False,0,-1,Usa2023P2.val_div,False
-1,False,1,"lemma val_div (a b : ℝ+) : (a / b).val = a.val / b.val := by rfl

",,True,-1,"@[simp]
lemma val_div (a b : ℝ) : (a / b).val = a.val / b.val := by rfl


","💥️invalid field 'val', the environment does not contain 'Real.val'
  a / b
has type
  ℝ

💥️invalid field 'val', the environment does not contain 'Real.val'
  a
has type
  ℝ

💥️invalid field 'val', the environment does not contain 'Real.val'
  b
has type
  ℝ",False,10,Compfiles.Usa2023P2,Llama-8B,LENGTH,best_of_n,False,0,-1,Usa2023P2.val_div,False
-1,False,1,"lemma val_div (a b : ℝ+) : (a / b).val = a.val / b.val := by rfl

",,True,-1,"@[simp]
lemma val_div (a b : ℝ) : (a / b).val = a.val / b.val := by rfl


","💥️invalid field 'val', the environment does not contain 'Real.val'
  a / b
has type
  ℝ

💥️invalid field 'val', the environment does not contain 'Real.val'
  a
has type
  ℝ

💥️invalid field 'val', the environment does not contain 'Real.val'
  b
has type
  ℝ",False,10,Compfiles.Usa2023P2,Llama-8B,LENGTH,best_of_n,False,0,-1,Usa2023P2.val_div,False
-1,False,1,"lemma val_div (a b : ℝ+) : (a / b).val = a.val / b.val := by rfl

",,True,-1,"@[simp]
lemma val_div (a b : ℝ) : (a / b).val = a.val / b.val := by rfl


","💥️invalid field 'val', the environment does not contain 'Real.val'
  a / b
has type
  ℝ

💥️invalid field 'val', the environment does not contain 'Real.val'
  a
has type
  ℝ

💥️invalid field 'val', the environment does not contain 'Real.val'
  b
has type
  ℝ",False,10,Compfiles.Usa2023P2,Llama-8B,LENGTH,best_of_n,False,0,-1,Usa2023P2.val_div,False
-1,False,1,"lemma val_div (a b : ℝ+) : (a / b).val = a.val / b.val := by rfl

",,True,-1,"lemma val_div (a b : ℝ) : (a / b).val = a.val / b.val := by rfl
","💥️invalid field 'val', the environment does not contain 'Real.val'
  a / b
has type
  ℝ

💥️invalid field 'val', the environment does not contain 'Real.val'
  a
has type
  ℝ

💥️invalid field 'val', the environment does not contain 'Real.val'
  b
has type
  ℝ",False,10,Compfiles.Usa2023P2,Llama-8B,LENGTH,best_of_n,False,0,-1,Usa2023P2.val_div,False
-1,False,1,"lemma val_div (a b : ℝ+) : (a / b).val = a.val / b.val := by rfl

",,True,-1,"lemma val_div (a b : ℝ) : (a / b).val = a.val / b.val := by rfl


","💥️invalid field 'val', the environment does not contain 'Real.val'
  a / b
has type
  ℝ

💥️invalid field 'val', the environment does not contain 'Real.val'
  a
has type
  ℝ

💥️invalid field 'val', the environment does not contain 'Real.val'
  b
has type
  ℝ",False,10,Compfiles.Usa2023P2,Llama-8B,LENGTH,best_of_n,False,0,-1,Usa2023P2.val_div,False
-1,False,1,"lemma val_div (a b : ℝ+) : (a / b).val = a.val / b.val := by rfl

",,True,-1,"lemma val_div (a b : ℝ) : (a / b).val = a.val / b.val := by rfl


","💥️invalid field 'val', the environment does not contain 'Real.val'
  a / b
has type
  ℝ

💥️invalid field 'val', the environment does not contain 'Real.val'
  a
has type
  ℝ

💥️invalid field 'val', the environment does not contain 'Real.val'
  b
has type
  ℝ",False,10,Compfiles.Usa2023P2,Llama-8B,LENGTH,best_of_n,False,0,-1,Usa2023P2.val_div,False
-1,False,1,"lemma lemma_1 (a b c : ℝ+) : (a + b)/c = a/c + b/c := by
  rw [division_def, add_mul, ←division_def, ←division_def]

",,True,-1,"lemma lemma_1 (a b c : ℝ) : (a + b)/c = a/c + b/c := by rw [division_def, add_mul, ←division_def,
    ←division_def, add_mul, add_mul, add_comm]
","💥️tactic 'rewrite' failed, did not find instance of the pattern in the target expression
  (?a + ?b) * ?c
a b c : ℝ
⊢ a / c + b / c = a / c + b / c",False,10,Compfiles.Usa2023P2,Llama-8B,LENGTH,best_of_n,False,0,-1,Usa2023P2.lemma_1,False
-1,False,1,"lemma lemma_1 (a b c : ℝ+) : (a + b)/c = a/c + b/c := by
  rw [division_def, add_mul, ←division_def, ←division_def]

",,True,1,"lemma lemma_1 (a b c : ℝ) : (a + b)/c = a/c + b/c := by
  rw [division_def, add_mul, ←division_def, ←division_def]
",,True,10,Compfiles.Usa2023P2,Llama-8B,LENGTH,best_of_n,False,0,0,Usa2023P2.lemma_1,False
-1,False,1,"lemma lemma_1 (a b c : ℝ+) : (a + b)/c = a/c + b/c := by
  rw [division_def, add_mul, ←division_def, ←division_def]

",,True,1,"lemma lemma_1 (a b c : ℝ) : (a + b)/c = a/c + b/c := by
  rw [division_def, add_mul, ← division_def, ← division_def, add_comm]
",,True,10,Compfiles.Usa2023P2,Llama-8B,LENGTH,best_of_n,False,0,0,Usa2023P2.lemma_1,False
-1,False,1,"lemma lemma_1 (a b c : ℝ+) : (a + b)/c = a/c + b/c := by
  rw [division_def, add_mul, ←division_def, ←division_def]

",,True,1,"lemma lemma_1 (a b c : ℝ) : (a + b)/c = a/c + b/c := by
  rw [division_def, add_mul, ←division_def, ←division_def]
",,True,10,Compfiles.Usa2023P2,Llama-8B,LENGTH,best_of_n,False,0,0,Usa2023P2.lemma_1,False
-1,False,1,"lemma lemma_1 (a b c : ℝ+) : (a + b)/c = a/c + b/c := by
  rw [division_def, add_mul, ←division_def, ←division_def]

",,True,-1,"lemma lemma_1 (a b c : ℝ) : (a + b)/c = a/c + b/c := by rw [division_def, add_mul]
","💥️unsolved goals
a b c : ℝ
⊢ a * c⁻¹ + b * c⁻¹ = a / c + b / c",False,10,Compfiles.Usa2023P2,Llama-8B,LENGTH,best_of_n,False,0,-1,Usa2023P2.lemma_1,False
-1,False,1,"lemma lemma_1 (a b c : ℝ+) : (a + b)/c = a/c + b/c := by
  rw [division_def, add_mul, ←division_def, ←division_def]

",,True,-1,"lemma lemma_1 (a b c : ℝ) : (a + b)/c = a/c + b/c := by rw [division_def, add_mul]
","💥️unsolved goals
a b c : ℝ
⊢ a * c⁻¹ + b * c⁻¹ = a / c + b / c",False,10,Compfiles.Usa2023P2,Llama-8B,LENGTH,best_of_n,False,0,-1,Usa2023P2.lemma_1,False
-1,False,1,"lemma lemma_1 (a b c : ℝ+) : (a + b)/c = a/c + b/c := by
  rw [division_def, add_mul, ←division_def, ←division_def]

",,True,-1,"lemma lemma_1 (a b c : ℝ) : (a + b)/c = a/c + b/c := by rw [lemma_1_of_nonneg, add_mul]
","💥️unknown identifier 'lemma_1_of_nonneg'

💥️tactic 'rewrite' failed, equality or iff proof expected
  ?m.1976
a b c : ℝ
⊢ (a + b) / c = a / c + b / c",False,10,Compfiles.Usa2023P2,Llama-8B,LENGTH,best_of_n,False,0,-1,Usa2023P2.lemma_1,False
-1,False,1,"lemma lemma_1 (a b c : ℝ+) : (a + b)/c = a/c + b/c := by
  rw [division_def, add_mul, ←division_def, ←division_def]

",,True,-1,"lemma lemma_1 (a b c : ℝ) : (a + b)/c = a/c + b/c :=
  division_def.2 [add_mul]
","💥️invalid field notation, type is not of the form (C ...) where C is a constant
  division_def
has type
  ∀ (a b : ?m.1975), a / b = a * b⁻¹",False,10,Compfiles.Usa2023P2,Llama-8B,LENGTH,best_of_n,False,0,-1,Usa2023P2.lemma_1,False
-1,False,1,"lemma lemma_1 (a b c : ℝ+) : (a + b)/c = a/c + b/c := by
  rw [division_def, add_mul, ←division_def, ←division_def]

",,True,-1,"lemma lemma_1 (a b c : ℝ) : (a + b)/c = a/c + b/c := by rw [division_def, add_mul_eq_div_add_div, ←lemma_2,
    ←lemma_3, ←lemma_4]; rfl


","💥️unknown identifier 'add_mul_eq_div_add_div'

💥️tactic 'rewrite' failed, equality or iff proof expected
  ?m.2064
a b c : ℝ
⊢ (a + b) * c⁻¹ = a / c + b / c",False,10,Compfiles.Usa2023P2,Llama-8B,LENGTH,best_of_n,False,0,-1,Usa2023P2.lemma_1,False
-1,False,1,"lemma lemma_1 (a b c : ℝ+) : (a + b)/c = a/c + b/c := by
  rw [division_def, add_mul, ←division_def, ←division_def]

",,True,-1,"lemma lemma_1 (a b c : ℝ) : (a + b)/c = a/c + b/c := by
  rw [division_def, add_mul],[←lemma_2, ←lemma_3, ←lemma_4]

-- lemma 2: a/c = (a + b)/c - b/c
-- lemma 3: b/c = (a + b)/c - a/c
-- lemma 4: (a + b)/c = a/c + b/c

","💥️unsolved goals
a b c : ℝ
⊢ a * c⁻¹ + b * c⁻¹ = a / c + b / c",False,10,Compfiles.Usa2023P2,Llama-8B,LENGTH,best_of_n,False,0,-1,Usa2023P2.lemma_1,False
-1,False,2,"lemma lemma_3 {a b c : ℝ+} (h : a = b + c) : c < a := by
  rw [h, ←Subtype.coe_lt_coe, Positive.coe_add]
  exact lt_add_of_pos_left _ b.2

",,True,-1,"lemma lemma_3 {a b c : ℝ} [Subtype.coe_lt_coe] (h : a = b + c) : c < a := by
  rw [h, ←Subtype.coe_lt_coe]
  linear_combination b.2 + 2 * c.2

(Positive.coe_add_of_right_pos (b.2 + c.2) b.2).trans_lt $ lt_add_of_pos_left _ b.2


","💥️type expected, got
  (Subtype.coe_lt_coe : ↑?m.4366 < ↑?m.4367 ↔ ?m.4366 < ?m.4367)",False,10,Compfiles.Usa2023P2,Llama-8B,LENGTH,best_of_n,False,0,-1,Usa2023P2.lemma_3,False
-1,False,2,"lemma lemma_3 {a b c : ℝ+} (h : a = b + c) : c < a := by
  rw [h, ←Subtype.coe_lt_coe, Positive.coe_add]
  exact lt_add_of_pos_left _ b.2

",,True,-1,"lemma lemma_3 {a b c : ℝ} [Preorder c] {w : ℝ} (h : a = b + c) : c < a := by
  rw [h, ←Subtype.coe_lt_coe, Nat.cast_pos]
  exact lt_add_of_pos_left _ b.2 $ by positivity


","💥️application type mismatch
  Preorder c
argument
  c
has type
  ℝ : Type
but is expected to have type
  Type ?u.4362 : Type (?u.4362 + 1)

💥️tactic 'rewrite' failed, did not find instance of the pattern in the target expression
  ?m.5117 < ?m.5118
a b c : ℝ
inst✝ : Preorder sorry
w : ℝ
h : a = b + c
⊢ c < b + c",False,10,Compfiles.Usa2023P2,Llama-8B,LENGTH,best_of_n,False,0,-1,Usa2023P2.lemma_3,False
-1,False,2,"lemma lemma_3 {a b c : ℝ+} (h : a = b + c) : c < a := by
  rw [h, ←Subtype.coe_lt_coe, Positive.coe_add]
  exact lt_add_of_pos_left _ b.2

",,True,-1,"lemma lemma_3 {a b c : ℝ} [AddMonoidHomHomHom]
    (h : a = b + c) : c < a := by
  rw [h, Subtype.coe_lt_coe, Positive.coe_add]
  exact lt_add_of_pos_left _ b.2


","💥️invalid binder annotation, type is not a class instance
  AddMonoidHomHomHom
use the command `set_option checkBinderAnnotations false` to disable the check",False,10,Compfiles.Usa2023P2,Llama-8B,LENGTH,best_of_n,False,0,-1,Usa2023P2.lemma_3,False
-1,False,2,"lemma lemma_3 {a b c : ℝ+} (h : a = b + c) : c < a := by
  rw [h, ←Subtype.coe_lt_coe, Positive.coe_add]
  exact lt_add_of_pos_left _ b.2

",,True,-1,"lemma lemma_3 {a b c : ℝ} [Preorder ℝ] {h : a = b + c} : c < a :=
  h.lt_add_left' b.2


","💥️invalid field 'lt_add_left'', the environment does not contain 'Eq.lt_add_left''
  h
has type
  a = b + c",False,10,Compfiles.Usa2023P2,Llama-8B,LENGTH,best_of_n,False,0,-1,Usa2023P2.lemma_3,False
-1,False,2,"lemma lemma_3 {a b c : ℝ+} (h : a = b + c) : c < a := by
  rw [h, ←Subtype.coe_lt_coe, Positive.coe_add]
  exact lt_add_of_pos_left _ b.2

",,True,-1,"lemma lemma_3 {a b c : ℝ} (h : a = b + c) : c < a := by
  rw [h, ←Subtype.coe_lt_coe, (Pos.add_pos_right b).lt_of_ne_zero]
","💥️tactic 'rewrite' failed, did not find instance of the pattern in the target expression
  ?m.4435 < ?m.4436
a b c : ℝ
h : a = b + c
⊢ c < b + c",False,10,Compfiles.Usa2023P2,Llama-8B,LENGTH,best_of_n,False,0,-1,Usa2023P2.lemma_3,False
-1,False,2,"lemma lemma_3 {a b c : ℝ+} (h : a = b + c) : c < a := by
  rw [h, ←Subtype.coe_lt_coe, Positive.coe_add]
  exact lt_add_of_pos_left _ b.2

",,True,-1,"lemma lemma_3 {a b c : ℝ+} (h : a = b + c) : c < a := by rw [h]
  exact lt_add_of_pos_left (Subtype.coe_lt_coe b c) b.2


","💥️unsolved goals
a b c : ℝ+
h : a = b + c
⊢ c < b + c",False,10,Compfiles.Usa2023P2,Llama-8B,LENGTH,best_of_n,False,0,-1,Usa2023P2.lemma_3,False
-1,False,2,"lemma lemma_3 {a b c : ℝ+} (h : a = b + c) : c < a := by
  rw [h, ←Subtype.coe_lt_coe, Positive.coe_add]
  exact lt_add_of_pos_left _ b.2

",,True,-1,"lemma lemma_3 {a b c : ℝ} [Preorder R] {v : Subtype.vals C (⊗)} (h : a = b + c) :
    c < a := by
  rw [h, ←Subtype.coe_lt_coe, add_le_add_right]
  exact lt_add_of_pos_left b.2


",💥️expected token,False,10,Compfiles.Usa2023P2,Llama-8B,LENGTH,best_of_n,False,0,-1,Usa2023P2.lemma_3,False
-1,False,2,"lemma lemma_3 {a b c : ℝ+} (h : a = b + c) : c < a := by
  rw [h, ←Subtype.coe_lt_coe, Positive.coe_add]
  exact lt_add_of_pos_left _ b.2

",,True,-1,"lemma lemma_3 {a b c : ℝ} [Subtype.vals]
    (h : a = b + c) : c < a := by rw [h, Subtype.coe_lt_coe, b.2.pos]

","💥️invalid field notation, type is not of the form (C ...) where C is a constant
  Subtype
has type
  (?m.4363 → Prop) → Sort (max 1 ?u.4362)",False,10,Compfiles.Usa2023P2,Llama-8B,LENGTH,best_of_n,False,0,-1,Usa2023P2.lemma_3,False
-1,False,2,"lemma lemma_3 {a b c : ℝ+} (h : a = b + c) : c < a := by
  rw [h, ←Subtype.coe_lt_coe, Positive.coe_add]
  exact lt_add_of_pos_left _ b.2

",,True,2,"lemma lemma_3 {a b c : ℝ+} (h : a = b + c) : c < a := by
  rw [h, ←Subtype.coe_lt_coe, Positive.coe_add]
  exact lt_add_of_pos_left _ b.2


",,True,10,Compfiles.Usa2023P2,Llama-8B,LENGTH,best_of_n,False,0,0,Usa2023P2.lemma_3,False
-1,False,2,"lemma lemma_3 {a b c : ℝ+} (h : a = b + c) : c < a := by
  rw [h, ←Subtype.coe_lt_coe, Positive.coe_add]
  exact lt_add_of_pos_left _ b.2

",,True,2,"lemma lemma_3 {a b c : ℝ+} (h : a = b + c) : c < a := by
  rw [h, ←Subtype.coe_lt_coe, Positive.coe_add]
  exact lt_add_of_pos_left _ b.2
",,True,10,Compfiles.Usa2023P2,Llama-8B,LENGTH,best_of_n,False,0,0,Usa2023P2.lemma_3,False
-1,False,123,"problem usa2023_p2 (f : ℝ+ → ℝ+) :
    f ∈ solution_set ↔
    ∀ x y, f (x * y + (f x)) = x * (f y) + ⟨2, two_pos⟩ := by
  constructor
  · intro hf
    rw [solution_set, Set.mem_singleton_iff] at hf
    intro x y
    rw [hf]
    dsimp only
    rw [mul_add, ←add_assoc (x*y), mul_one, add_assoc (x * y + x)]
    congr
    rw [Subtype.mk_eq_mk]
    norm_num
  · -- proof outline megarnie on AOPS:
    -- https://artofproblemsolving.com/community/c5h3038298p27349430

    -- It suffices to show that f must be a linear function.
    intro P
    suffices h : ∃ a b : ℝ, 0 < a ∧ ∀ x, (f x).val = a * x.val + b by
      rw [solution_set, Set.mem_singleton_iff]
      obtain ⟨a, b, ha, hab⟩ := h
      funext x
      rw [←Subtype.coe_inj]

      suffices h : a = 1 ∧ b = 1 by simp [hab, h]

      have P1 : ∀ x : ℝ+, a^2 * x.val + a * b + b = b * x.val + 2 := by
        intro x
        have P2 := P x 1
        simp only at P2
        rw [←Subtype.coe_inj] at P2
        simp only [mul_one, Positive.coe_add, Positive.val_mul, hab, Positive.val_one] at P2
        linarith

      have P3 : ∀ x : ℝ, 0 < x → a^2 * x + a * b + b = b * x + 2 := by
        intro x hx
        have hp1 := P1 ⟨x, hx⟩
        simp only [Positive.coe_add, Positive.val_mul, Positive.val_pow] at hp1
        exact hp1

      have hp1 := P3 1 zero_lt_one
      have hp2 := P3 2 zero_lt_two

      have h0 : a^2 = b := by linear_combination hp2 - hp1

      rw [←h0] at hp1 hp2
      have h1 : a = 1 := by nlinarith
      rw [h1, sq, mul_one] at h0
      exact ⟨h1, h0.symm⟩

    let c := f 1

    have h6 : ∀ y, f (y + c) = f y + ⟨2, two_pos⟩ := by
      intro y
      have h7 := P 1 y
      rw [one_mul, one_mul] at h7
      exact h7

    have h5 : ∀ x, f (x + f x) = x * c + ⟨2, two_pos⟩ := by
      intro x
      have h7 := P x 1
      rw [mul_one] at h7
      exact h7

    have h7 : ∀ x, f (x + f x) = x * f (c / x + 1) := by
      intro x
      have h8 := P x (c / x + 1)
      have h9 : x * (c / x + 1) + f x = x + f x + c := by
        rw [mul_add, mul_div_cancel, mul_one]
        ac_rfl
      rw [h9] at h8; clear h9
      rw [h6 (x + f x), add_left_inj] at h8
      rw [h8]

    have h8 : ∀ x, f (c / x + 1) = c + ⟨2, two_pos⟩ / x := by
      intro x
      have h9 := h7 x
      rw [h5 x] at h9
      apply_fun (· / x) at h9
      rw [mul_div_cancel_left] at h9
      rw [← h9]; clear h9
      rw [lemma_1, mul_div_cancel_left]

    have h9 : ∀ x, f (x + 1) = c + ⟨2,two_pos⟩ * x / c := by
      intro x
      have h10 := h8 (c/x)
      rwa [div_div_cancel, div_div_eq_mul_div] at h10

    have h10 : 1 ≤ c := by
      by_contra! H
      have h11 : 0 < 1 - (f 1).val := Iff.mpr sub_pos H
      have h12 := P 1 ⟨1 - (f 1).val, h11⟩
      rw [one_mul, one_mul] at h12
      have h13 : ⟨1 - (f 1).val, h11⟩ + f 1 = 1 := by
        rw [←Subtype.coe_inj]; simp only [Positive.coe_add, sub_add_cancel, Positive.val_one]
      rw [h13] at h12; clear h13
      have h14 : ⟨2, two_pos⟩ < f 1 := lemma_3 h12
      have h15 : (1:ℝ+) < ⟨2, two_pos⟩ := by rw [Subtype.mk_lt_mk]; exact one_lt_two
      exact ((H.trans h15).trans h14).false

    have h11 : ∀ x : ℝ+, 0 < (x + c).val - 1 := by
      intro x
      obtain ⟨c, hc⟩ := c
      obtain ⟨x, hx⟩ := x
      change 1 ≤ c at h10
      simp only [Positive.coe_add, sub_pos]
      exact lt_add_of_pos_of_le hx h10

    have h12 : ∀ x, c + ⟨2,two_pos⟩ * ⟨(x + c).val - 1, h11 _⟩ / c = f x + ⟨2, two_pos⟩ := by
      intro x
      rw [← h6]
      symm
      have h20 := h9 ⟨(x + c).val - 1, h11 _⟩
      have h21 : (⟨(x + c).val - 1, h11 _⟩ : ℝ+) + 1 = x + c := by
        obtain ⟨x, hx⟩ := x
        obtain ⟨cc, hcc⟩ := c
        rw [←Subtype.coe_inj]
        simp
      rw [h21] at h20
      exact h20

    refine ⟨2 / c.val, c.val - 2 / c.val, div_pos two_pos c.prop, ?_⟩
    intro x

    have h15 := h12 x
    rw [←Subtype.coe_inj] at h15
    rw [Positive.coe_add] at h15
    rw [val_div, Positive.val_mul, @Subtype.coe_mk _ _ 2] at h15
    rw [Subtype.coe_mk]
    obtain ⟨x, hx⟩ := x
    simp only [Positive.coe_add] at h15
    simp only
    obtain ⟨cc, rfl⟩ : ∃ cc, cc = f 1 := exists_eq
    rw [mul_sub, mul_add, mul_one, sub_div, add_div] at h15
    have h18 : (f 1).val ≠ 0 := ne_of_gt (f 1).prop
    rw [mul_div_cancel_right₀ 2 h18] at h15
    symm
    linear_combination h15


",,True,-1,"problem usa2023_p2 (f : ℝ+ → ℝ) :
    f ∈ solution_set ↔
    ∀ x y, f (x * y + (f x)) = x * (f y) + ⟨2, two_pos⟩ := by
  constructor
  · intro hf
    rw [solution_set, Set.mem_singleton_iff] at hf
    intro x y
    rw [hf]
    dsimp only
    rw [mul_add, ←add_assoc (x*y), mul_one, add_assoc (x * y + x)]
    congr
    rw [Subtype.mk_eq_mk]
    norm_num
  · -- proof outline megarnie on AOPS:
    -- https://artofproblemsolving.com/community/c2h32581p27349430

    -- It suffices to show that f must be a linear function.
    intro P
    suffices h : ∃ a b : ℝ, 0 < a ∧ ∀ x, (f x).val = a * x.val + b by
      rw [solution_set, Set.mem_singleton_iff]
      obtain ⟨a, b, ha, hab⟩ := h
      funext x
      rw [←Subtype.coe_inj]

      suffices h : a = 1 ∧ b = 1 by simp [hab, h]

      have P1 : ∀ x : ℝ, 0 < a * x + b = b * x + 2 := by
        intro x hx
        have P2 := P x 1
        linear_combination P2 + b * x
        rw [←Subtype.coe_inj] at P2
        simp only [mul_one, Positive.coe_add, Positive.val_mul, hab, Positive.val_one] at P2
        linarith

      have P3 : ∀ x : ℝ, 0 < a * x + b + a * b = b * x + 2 := by
        intro x hx
        have hp1 := P3 x hx
        have p2 := a * x + b + a * b
        dsimp at hp1
        linear_combination hp1 + b * x
        rw [←Subtype.coe_inj] at p2
        simp only [mul_one, Positive.coe_add, Positive.val_mul, hab, Positive.val_one] at p2
        linarith

      have hp1 := P3 1 zero_lt_one
      have hp2 := P3 2 zero_lt_two

      have h0 : a^2 = b := by linear_combination hp2 - hp1
      rw [←h0] at hp1 hp2
      have h1 : a = 1 := by nlinarith
      rw [h1, sq, mul_one] at h0
      exact ⟨h1, h0.symm⟩

    let c := f 1

    have h6 : ∀ y, f (y + c) = f y + ⟨2, two_pos⟩ := by
      intro y
      have h7 := P 1 y
      rw [one_mul, one_mul] at h7
      exact h7

    have h5 : ∀ x, f (x + f x) = x * c + ⟨2, two_pos⟩ := by
      intro x
      have h7 := P x 1
      rw [mul_one] at h7
      exact h7

    have h7 : ∀ x, f (x + f x) = x * (f (c / x + 1)) := by
      intro x
      have h8 := P x (c / x + 1)
      have h9 : x * (c / x + 1) + f x = x + f x + c := by
        rw [mul_add, mul_div_cancel, mul_one]
        ac_rfl
      rw [h9] at h8; clear h9
      rw [h6 (x + f x), add_left_inj] at h8
      rw [h8]

    have h8 : ∀ x, f (c / x + 1) = c + ⟨2, two_pos⟩ / x := by
      intro x
      have h9 := h7 x
      rw [h5 x] at h9
      apply_fun (· / x) at h9
      rw [mul_div_cancel_left] at h9
      rw [← h9]; clear h9
      rw [lemma_1, mul_div_cancel_left]

    have h9 : ∀ x, f (x + 1) = c + ⟨2,two_pos⟩ * x / c := by
      intro x
      have h10 := h8 (c / x)
      rwa [div_div_cancel, div","💥️unexpected end of input; expected ']'

💥️failed to synthesize
  Membership (ℝ+ → ℝ) (Set (ℝ+ → ℝ+))
Additional diagnostic information may be available using the `set_option diagnostics true` command.

💥️type mismatch
  ↑x * y + f x
has type
  ℝ : outParam Type
but is expected to have type
  ℝ+ : Type

💥️application type mismatch
  f y
argument
  y
has type
  ℝ : Type
but is expected to have type
  ℝ+ : Type

💥️invalid constructor ⟨...⟩, expected type must be an inductive type 
  Quot ⇑CauSeq.equiv

💥️invalid field 'val', the environment does not contain 'Real.val'
  f x
has type
  ℝ

💥️failed to rewrite using equation theorems for 'Usa2023P2.solution_set'.

💥️type mismatch
  y + c
has type
  ℝ : outParam Type
but is expected to have type
  ℝ+ : Type

💥️application type mismatch
  f y
argument
  y
has type
  ℝ : Type
but is expected to have type
  ℝ+ : Type

💥️invalid constructor ⟨...⟩, expected type must be an inductive type 
  Quot ⇑CauSeq.equiv

💥️tactic 'rewrite' failed, did not find instance of the pattern in the target expression
  1 * ?a
f : ℝ+ → ℝ
P : ∀ (x : ℝ+), ℝ → f sorry = ↑x * f sorry + { cauchy := sorry }
c : ℝ := f 1
y : ℝ
h7 : f sorry = ↑1 * f sorry + { cauchy := sorry }
⊢ f sorry = f sorry + { cauchy := sorry }

💥️type mismatch
  ↑x + f x
has type
  ℝ : outParam Type
but is expected to have type
  ℝ+ : Type

💥️invalid constructor ⟨...⟩, expected type must be an inductive type 
  Quot ⇑CauSeq.equiv

💥️tactic 'rewrite' failed, did not find instance of the pattern in the target expression
  ?a * 1
f : ℝ+ → ℝ
P : ∀ (x : ℝ+), ℝ → f sorry = ↑x * f sorry + { cauchy := sorry }
c : ℝ := f 1
h6 : ℝ → f sorry = f sorry + { cauchy := sorry }
x : ℝ+
h7 : f sorry = ↑x * f sorry + { cauchy := sorry }
⊢ f sorry = ↑x * c + { cauchy := sorry }

💥️type mismatch
  ↑x + f x
has type
  ℝ : outParam Type
but is expected to have type
  ℝ+ : Type

💥️type mismatch
  c / ↑x + 1
has type
  ℝ : outParam Type
but is expected to have type
  ℝ+ : Type

💥️tactic 'rewrite' failed, did not find instance of the pattern in the target expression
  ?a * (?b / ?a)
f : ℝ+ → ℝ
P : ∀ (x : ℝ+), ℝ → f sorry = ↑x * f sorry + { cauchy := sorry }
c : ℝ := f 1
h6 : ℝ → f sorry = f sorry + { cauchy := sorry }
h5 : ∀ (x : ℝ+), f sorry = ↑x * c + { cauchy := sorry }
x : ℝ+
h8 : f sorry = ↑x * f sorry + { cauchy := sorry }
⊢ ↑x * (c / ↑x) + ↑x * 1 + f x = ↑x + f x + c

💥️tactic 'rewrite' failed, did not find instance of the pattern in the target expression
  ↑x * (c / ↑x + 1) + f x
f : ℝ+ → ℝ
P : ∀ (x : ℝ+), ℝ → f sorry = ↑x * f sorry + { cauchy := sorry }
c : ℝ := f 1
h6 : ℝ → f sorry = f sorry + { cauchy := sorry }
h5 : ∀ (x : ℝ+), f sorry = ↑x * c + { cauchy := sorry }
x : ℝ+
h8 : f sorry = ↑x * f sorry + { cauchy := sorry }
h9 : ↑x * (c / ↑x + 1) + f x = ↑x + f x + c
⊢ f sorry = ↑x * f sorry

💥️type mismatch
  c / x + 1
has type
  ℝ : outParam Type
but is expected to have type
  ℝ+ : Type

💥️invalid constructor ⟨...⟩, expected type must be an inductive type 
  Quot ⇑CauSeq.equiv

💥️application type mismatch
  h7 x
argument
  x
has type
  ℝ : Type
but is expected to have type
  ℝ+ : Type

💥️application type mismatch
  h5 x
argument
  x
has type
  ℝ : Type
but is expected to have type
  ℝ+ : Type

💥️tactic 'rewrite' failed, did not find instance of the pattern in the target expression
  ?a * ?b / ?a
f : ℝ+ → ℝ
P : ∀ (x : ℝ+), ℝ → f sorry = ↑x * f sorry + { cauchy := sorry }
c : ℝ := f 1
h6 : ℝ → f sorry = f sorry + { cauchy := sorry }
h5 : ∀ (x : ℝ+), f sorry = ↑x * c + { cauchy := sorry }
h7 : ∀ (x : ℝ+), f sorry = ↑x * f sorry
x : ℝ
h9 : (↑sorry * c + { cauchy := sorry }) / x = ↑sorry * (↑sorry * c + { cauchy := sorry }) / x
⊢ f sorry = c + { cauchy := sorry } / x

💥️invalid constructor ⟨...⟩, expected type must be an inductive type 
  Quot ⇑CauSeq.equiv

💥️tactic 'rewrite' failed, did not find instance of the pattern in the target expression
  ?a / (?a / ?b)
f : ℝ+ → ℝ
P : ∀ (x : ℝ+), ℝ → f sorry = ↑x * f sorry + { cauchy := sorry }
c : ℝ := f 1
h6 : ℝ → f sorry = f sorry + { cauchy := sorry }
h5 : ∀ (x : ℝ+), f sorry = ↑x * c + { cauchy := sorry }
h7 : ∀ (x : ℝ+), f sorry = ↑x * f sorry
h8 : ∀ (x : ℝ), f sorry = c + { cauchy := sorry } / x
x : ℝ+
h10 : f sorry = c + { cauchy := sorry } / (c / ↑x)
⊢ f (x + 1) = c + { cauchy := sorry } * ↑x / c

💥️unsolved goals
case mpr
f : ℝ+ → ℝ
P : ∀ (x : ℝ+), ℝ → f sorry = ↑x * f sorry + { cauchy := sorry }
c : ℝ := f 1
h6 : ℝ → f sorry = f sorry + { cauchy := sorry }
h5 : ∀ (x : ℝ+), f sorry = ↑x * c + { cauchy := sorry }
h7 : ∀ (x : ℝ+), f sorry = ↑x * f sorry
h8 : ∀ (x : ℝ), f sorry = c + { cauchy := sorry } / x
h9 : ∀ (x : ℝ+), f (x + 1) = c + { cauchy := sorry } * ↑x / c
⊢ ∃ a b, 0 < a ∧ ∀ (x : ℝ+), sorry = a * ↑x + b",False,10,Compfiles.Usa2023P2,Llama-8B,LENGTH,best_of_n,False,0,-1,Usa2023P2.usa2023_p2,False
-1,False,123,"problem usa2023_p2 (f : ℝ+ → ℝ+) :
    f ∈ solution_set ↔
    ∀ x y, f (x * y + (f x)) = x * (f y) + ⟨2, two_pos⟩ := by
  constructor
  · intro hf
    rw [solution_set, Set.mem_singleton_iff] at hf
    intro x y
    rw [hf]
    dsimp only
    rw [mul_add, ←add_assoc (x*y), mul_one, add_assoc (x * y + x)]
    congr
    rw [Subtype.mk_eq_mk]
    norm_num
  · -- proof outline megarnie on AOPS:
    -- https://artofproblemsolving.com/community/c5h3038298p27349430

    -- It suffices to show that f must be a linear function.
    intro P
    suffices h : ∃ a b : ℝ, 0 < a ∧ ∀ x, (f x).val = a * x.val + b by
      rw [solution_set, Set.mem_singleton_iff]
      obtain ⟨a, b, ha, hab⟩ := h
      funext x
      rw [←Subtype.coe_inj]

      suffices h : a = 1 ∧ b = 1 by simp [hab, h]

      have P1 : ∀ x : ℝ+, a^2 * x.val + a * b + b = b * x.val + 2 := by
        intro x
        have P2 := P x 1
        simp only at P2
        rw [←Subtype.coe_inj] at P2
        simp only [mul_one, Positive.coe_add, Positive.val_mul, hab, Positive.val_one] at P2
        linarith

      have P3 : ∀ x : ℝ, 0 < x → a^2 * x + a * b + b = b * x + 2 := by
        intro x hx
        have hp1 := P1 ⟨x, hx⟩
        simp only [Positive.coe_add, Positive.val_mul, Positive.val_pow] at hp1
        exact hp1

      have hp1 := P3 1 zero_lt_one
      have hp2 := P3 2 zero_lt_two

      have h0 : a^2 = b := by linear_combination hp2 - hp1

      rw [←h0] at hp1 hp2
      have h1 : a = 1 := by nlinarith
      rw [h1, sq, mul_one] at h0
      exact ⟨h1, h0.symm⟩

    let c := f 1

    have h6 : ∀ y, f (y + c) = f y + ⟨2, two_pos⟩ := by
      intro y
      have h7 := P 1 y
      rw [one_mul, one_mul] at h7
      exact h7

    have h5 : ∀ x, f (x + f x) = x * c + ⟨2, two_pos⟩ := by
      intro x
      have h7 := P x 1
      rw [mul_one] at h7
      exact h7

    have h7 : ∀ x, f (x + f x) = x * f (c / x + 1) := by
      intro x
      have h8 := P x (c / x + 1)
      have h9 : x * (c / x + 1) + f x = x + f x + c := by
        rw [mul_add, mul_div_cancel, mul_one]
        ac_rfl
      rw [h9] at h8; clear h9
      rw [h6 (x + f x), add_left_inj] at h8
      rw [h8]

    have h8 : ∀ x, f (c / x + 1) = c + ⟨2, two_pos⟩ / x := by
      intro x
      have h9 := h7 x
      rw [h5 x] at h9
      apply_fun (· / x) at h9
      rw [mul_div_cancel_left] at h9
      rw [← h9]; clear h9
      rw [lemma_1, mul_div_cancel_left]

    have h9 : ∀ x, f (x + 1) = c + ⟨2,two_pos⟩ * x / c := by
      intro x
      have h10 := h8 (c/x)
      rwa [div_div_cancel, div_div_eq_mul_div] at h10

    have h10 : 1 ≤ c := by
      by_contra! H
      have h11 : 0 < 1 - (f 1).val := Iff.mpr sub_pos H
      have h12 := P 1 ⟨1 - (f 1).val, h11⟩
      rw [one_mul, one_mul] at h12
      have h13 : ⟨1 - (f 1).val, h11⟩ + f 1 = 1 := by
        rw [←Subtype.coe_inj]; simp only [Positive.coe_add, sub_add_cancel, Positive.val_one]
      rw [h13] at h12; clear h13
      have h14 : ⟨2, two_pos⟩ < f 1 := lemma_3 h12
      have h15 : (1:ℝ+) < ⟨2, two_pos⟩ := by rw [Subtype.mk_lt_mk]; exact one_lt_two
      exact ((H.trans h15).trans h14).false

    have h11 : ∀ x : ℝ+, 0 < (x + c).val - 1 := by
      intro x
      obtain ⟨c, hc⟩ := c
      obtain ⟨x, hx⟩ := x
      change 1 ≤ c at h10
      simp only [Positive.coe_add, sub_pos]
      exact lt_add_of_pos_of_le hx h10

    have h12 : ∀ x, c + ⟨2,two_pos⟩ * ⟨(x + c).val - 1, h11 _⟩ / c = f x + ⟨2, two_pos⟩ := by
      intro x
      rw [← h6]
      symm
      have h20 := h9 ⟨(x + c).val - 1, h11 _⟩
      have h21 : (⟨(x + c).val - 1, h11 _⟩ : ℝ+) + 1 = x + c := by
        obtain ⟨x, hx⟩ := x
        obtain ⟨cc, hcc⟩ := c
        rw [←Subtype.coe_inj]
        simp
      rw [h21] at h20
      exact h20

    refine ⟨2 / c.val, c.val - 2 / c.val, div_pos two_pos c.prop, ?_⟩
    intro x

    have h15 := h12 x
    rw [←Subtype.coe_inj] at h15
    rw [Positive.coe_add] at h15
    rw [val_div, Positive.val_mul, @Subtype.coe_mk _ _ 2] at h15
    rw [Subtype.coe_mk]
    obtain ⟨x, hx⟩ := x
    simp only [Positive.coe_add] at h15
    simp only
    obtain ⟨cc, rfl⟩ : ∃ cc, cc = f 1 := exists_eq
    rw [mul_sub, mul_add, mul_one, sub_div, add_div] at h15
    have h18 : (f 1).val ≠ 0 := ne_of_gt (f 1).prop
    rw [mul_div_cancel_right₀ 2 h18] at h15
    symm
    linear_combination h15


",,True,-1,"lemma_map_to (f : ℝ+ → ℝ) : Set.MapsTo (f := fun _ ↦ f _ * 2) →
    Set.MapsTo (f := fun _ ↦ f _ + 2) := by
  simp_rw [lemma_map_to, character_eq_sigma]
  linear_combination f _ * 2 + f _ * 1 = f _ * (2 + 1) = f _ * 3
  linarith
",💥️unexpected identifier; expected command,False,10,Compfiles.Usa2023P2,Llama-8B,LENGTH,best_of_n,False,0,-1,Usa2023P2.usa2023_p2,False
-1,False,123,"problem usa2023_p2 (f : ℝ+ → ℝ+) :
    f ∈ solution_set ↔
    ∀ x y, f (x * y + (f x)) = x * (f y) + ⟨2, two_pos⟩ := by
  constructor
  · intro hf
    rw [solution_set, Set.mem_singleton_iff] at hf
    intro x y
    rw [hf]
    dsimp only
    rw [mul_add, ←add_assoc (x*y), mul_one, add_assoc (x * y + x)]
    congr
    rw [Subtype.mk_eq_mk]
    norm_num
  · -- proof outline megarnie on AOPS:
    -- https://artofproblemsolving.com/community/c5h3038298p27349430

    -- It suffices to show that f must be a linear function.
    intro P
    suffices h : ∃ a b : ℝ, 0 < a ∧ ∀ x, (f x).val = a * x.val + b by
      rw [solution_set, Set.mem_singleton_iff]
      obtain ⟨a, b, ha, hab⟩ := h
      funext x
      rw [←Subtype.coe_inj]

      suffices h : a = 1 ∧ b = 1 by simp [hab, h]

      have P1 : ∀ x : ℝ+, a^2 * x.val + a * b + b = b * x.val + 2 := by
        intro x
        have P2 := P x 1
        simp only at P2
        rw [←Subtype.coe_inj] at P2
        simp only [mul_one, Positive.coe_add, Positive.val_mul, hab, Positive.val_one] at P2
        linarith

      have P3 : ∀ x : ℝ, 0 < x → a^2 * x + a * b + b = b * x + 2 := by
        intro x hx
        have hp1 := P1 ⟨x, hx⟩
        simp only [Positive.coe_add, Positive.val_mul, Positive.val_pow] at hp1
        exact hp1

      have hp1 := P3 1 zero_lt_one
      have hp2 := P3 2 zero_lt_two

      have h0 : a^2 = b := by linear_combination hp2 - hp1

      rw [←h0] at hp1 hp2
      have h1 : a = 1 := by nlinarith
      rw [h1, sq, mul_one] at h0
      exact ⟨h1, h0.symm⟩

    let c := f 1

    have h6 : ∀ y, f (y + c) = f y + ⟨2, two_pos⟩ := by
      intro y
      have h7 := P 1 y
      rw [one_mul, one_mul] at h7
      exact h7

    have h5 : ∀ x, f (x + f x) = x * c + ⟨2, two_pos⟩ := by
      intro x
      have h7 := P x 1
      rw [mul_one] at h7
      exact h7

    have h7 : ∀ x, f (x + f x) = x * f (c / x + 1) := by
      intro x
      have h8 := P x (c / x + 1)
      have h9 : x * (c / x + 1) + f x = x + f x + c := by
        rw [mul_add, mul_div_cancel, mul_one]
        ac_rfl
      rw [h9] at h8; clear h9
      rw [h6 (x + f x), add_left_inj] at h8
      rw [h8]

    have h8 : ∀ x, f (c / x + 1) = c + ⟨2, two_pos⟩ / x := by
      intro x
      have h9 := h7 x
      rw [h5 x] at h9
      apply_fun (· / x) at h9
      rw [mul_div_cancel_left] at h9
      rw [← h9]; clear h9
      rw [lemma_1, mul_div_cancel_left]

    have h9 : ∀ x, f (x + 1) = c + ⟨2,two_pos⟩ * x / c := by
      intro x
      have h10 := h8 (c/x)
      rwa [div_div_cancel, div_div_eq_mul_div] at h10

    have h10 : 1 ≤ c := by
      by_contra! H
      have h11 : 0 < 1 - (f 1).val := Iff.mpr sub_pos H
      have h12 := P 1 ⟨1 - (f 1).val, h11⟩
      rw [one_mul, one_mul] at h12
      have h13 : ⟨1 - (f 1).val, h11⟩ + f 1 = 1 := by
        rw [←Subtype.coe_inj]; simp only [Positive.coe_add, sub_add_cancel, Positive.val_one]
      rw [h13] at h12; clear h13
      have h14 : ⟨2, two_pos⟩ < f 1 := lemma_3 h12
      have h15 : (1:ℝ+) < ⟨2, two_pos⟩ := by rw [Subtype.mk_lt_mk]; exact one_lt_two
      exact ((H.trans h15).trans h14).false

    have h11 : ∀ x : ℝ+, 0 < (x + c).val - 1 := by
      intro x
      obtain ⟨c, hc⟩ := c
      obtain ⟨x, hx⟩ := x
      change 1 ≤ c at h10
      simp only [Positive.coe_add, sub_pos]
      exact lt_add_of_pos_of_le hx h10

    have h12 : ∀ x, c + ⟨2,two_pos⟩ * ⟨(x + c).val - 1, h11 _⟩ / c = f x + ⟨2, two_pos⟩ := by
      intro x
      rw [← h6]
      symm
      have h20 := h9 ⟨(x + c).val - 1, h11 _⟩
      have h21 : (⟨(x + c).val - 1, h11 _⟩ : ℝ+) + 1 = x + c := by
        obtain ⟨x, hx⟩ := x
        obtain ⟨cc, hcc⟩ := c
        rw [←Subtype.coe_inj]
        simp
      rw [h21] at h20
      exact h20

    refine ⟨2 / c.val, c.val - 2 / c.val, div_pos two_pos c.prop, ?_⟩
    intro x

    have h15 := h12 x
    rw [←Subtype.coe_inj] at h15
    rw [Positive.coe_add] at h15
    rw [val_div, Positive.val_mul, @Subtype.coe_mk _ _ 2] at h15
    rw [Subtype.coe_mk]
    obtain ⟨x, hx⟩ := x
    simp only [Positive.coe_add] at h15
    simp only
    obtain ⟨cc, rfl⟩ : ∃ cc, cc = f 1 := exists_eq
    rw [mul_sub, mul_add, mul_one, sub_div, add_div] at h15
    have h18 : (f 1).val ≠ 0 := ne_of_gt (f 1).prop
    rw [mul_div_cancel_right₀ 2 h18] at h15
    symm
    linear_combination h15


",,True,-1,"lemma usa2023_p2 (f : ℝ+ → ℝ) :
    f ∈ solution_set ↔
    ∀ x y, f (x * y + f x) = x * f y + ⟨2, two_pos⟩ := by
  constructor
  · intro hf
    rw [solution_set, Set.mem_singleton_iff] at hf
    intro x y
    rw [hf]
    dsimp only
    rw [mul_add, ←add_assoc (x*y), mul_one, add_assoc (x * y + x)]
    congr
    rw [Subtype.mk_eq_mk]
    norm_num
  · -- proof outline megarnie on AOPS:
    -- https://artofproblemsolving.com/community/c5h3038298p27349430

    -- It suffices to show that f must be a linear function.
    intro P
    suffices h : ∃ a b : ℝ, 0 < a ∧ ∀ x, (f x).val = a * x.val + b by
      rw [solution_set, Set.mem_singleton_iff]
      obtain ⟨a, b, ha, hab⟩ := h
      funext x
      rw [←Subtype.coe_inj]

      suffices h : a = 1 ∧ b = 1 by simp [hab, h]

      have P1 : ∀ x : ℝ, a^2 * x + a * b + b = b * x + 2 := by
        intro x
        have P2 := P x 1
        simp only at P2
        rw [←Subtype.coe_inj] at P2
        simp only [mul_one, Positive.coe_add, Positive.val_mul, hab, Positive.val_one] at P2
        linarith

      have P3 : ∀ x : ℝ, 0 < x → a^2 * x + a * b + b = b * x + 2 := by
        intro x hx
        have hp1 := P1 ⟨x, hx⟩
        simp only [Positive.coe_add, Positive.val_mul, Positive.val_pow] at hp1
        exact hp1

      have hp1 := P3 1 zero_lt_one
      have hp2 := P3 2 zero_lt_two

      have h0 : a^2 = b := by linear_combination hp2 - hp1

      rw [← h0] at hp1 hp2
      have h1 : a = 1 := by nlinarith
      rw [h1, sq, mul_one] at h0
      exact ⟨h1, h0.symm⟩

    let c := f 1
    have h6 : ∀ y, f (y + c) = f y + ⟨2, two_pos⟩ := by
      intro y
      have h7 := P 1 y
      rw [one_mul, one_mul] at h7
      exact h7

    have h5 : ∀ x, f (x + f x) = x * c + ⟨2, two_pos⟩ := by
      intro x
      have h7 := P x 1
      rw [mul_one] at h7
      exact h7

    have h7 : ∀ x, f (x + f x) = x * f (c / x + 1) := by
      intro x
      have h8 := P x (c / x + 1)
      have h9 : x * (c / x + 1) + f x = x + f x + c := by
        rw [mul_add, mul_div_cancel, mul_one]
        ac_rfl
      rw [h9] at h8; clear h9
      rw [h6 (x + f x), add_left_inj] at h8
      rw [h8]

    have h8 : ∀ x, f (c / x + 1) = c + ⟨2, two_pos⟩ / x := by
      intro x
      have h9 := h7 x
      rw [h5 x] at h9
      apply_fun (· / x) at h9
      rw [mul_div_cancel_left] at h9
      rw [← h9]; clear h9
      rw [lemma_1, mul_div_cancel_left]

    have h9 : ∀ x, f (x + 1) = c + ⟨2,two_pos⟩ * x / c := by
      intro x
      have h10 := h8 (c / x)
      rwa [div_div_cancel, div_div_eq_mul_div] at h10

    have h10 : 1 ≤ c := by
      by_contra! H
      have h11 : 0 < 1 - (f 1).val := Iff.mpr","💥️failed to synthesize
  Membership (ℝ+ → ℝ) (Set (ℝ+ → ℝ+))
Additional diagnostic information may be available using the `set_option diagnostics true` command.

💥️type mismatch
  ↑x * y + f x
has type
  ℝ : outParam Type
but is expected to have type
  ℝ+ : Type

💥️application type mismatch
  f y
argument
  y
has type
  ℝ : Type
but is expected to have type
  ℝ+ : Type

💥️invalid constructor ⟨...⟩, expected type must be an inductive type 
  Quot ⇑CauSeq.equiv

💥️failed to rewrite using equation theorems for 'Usa2023P2.solution_set'.

💥️invalid field 'val', the environment does not contain 'Real.val'
  f x
has type
  ℝ

💥️failed to rewrite using equation theorems for 'Usa2023P2.solution_set'.

💥️type mismatch
  y + c
has type
  ℝ : outParam Type
but is expected to have type
  ℝ+ : Type

💥️application type mismatch
  f y
argument
  y
has type
  ℝ : Type
but is expected to have type
  ℝ+ : Type

💥️invalid constructor ⟨...⟩, expected type must be an inductive type 
  Quot ⇑CauSeq.equiv

💥️tactic 'rewrite' failed, did not find instance of the pattern in the target expression
  1 * ?a
f : ℝ+ → ℝ
P : ∀ (x : ℝ+), ℝ → f sorry = ↑x * f sorry + { cauchy := sorry }
c : ℝ := f 1
y : ℝ
h7 : f sorry = ↑1 * f sorry + { cauchy := sorry }
⊢ f sorry = f sorry + { cauchy := sorry }

💥️type mismatch
  ↑x + f x
has type
  ℝ : outParam Type
but is expected to have type
  ℝ+ : Type

💥️invalid constructor ⟨...⟩, expected type must be an inductive type 
  Quot ⇑CauSeq.equiv

💥️tactic 'rewrite' failed, did not find instance of the pattern in the target expression
  ?a * 1
f : ℝ+ → ℝ
P : ∀ (x : ℝ+), ℝ → f sorry = ↑x * f sorry + { cauchy := sorry }
c : ℝ := f 1
h6 : ℝ → f sorry = f sorry + { cauchy := sorry }
x : ℝ+
h7 : f sorry = ↑x * f sorry + { cauchy := sorry }
⊢ f sorry = ↑x * c + { cauchy := sorry }

💥️type mismatch
  ↑x + f x
has type
  ℝ : outParam Type
but is expected to have type
  ℝ+ : Type

💥️type mismatch
  c / ↑x + 1
has type
  ℝ : outParam Type
but is expected to have type
  ℝ+ : Type

💥️tactic 'rewrite' failed, did not find instance of the pattern in the target expression
  ?a * (?b / ?a)
f : ℝ+ → ℝ
P : ∀ (x : ℝ+), ℝ → f sorry = ↑x * f sorry + { cauchy := sorry }
c : ℝ := f 1
h6 : ℝ → f sorry = f sorry + { cauchy := sorry }
h5 : ∀ (x : ℝ+), f sorry = ↑x * c + { cauchy := sorry }
x : ℝ+
h8 : f sorry = ↑x * f sorry + { cauchy := sorry }
⊢ ↑x * (c / ↑x) + ↑x * 1 + f x = ↑x + f x + c

💥️tactic 'rewrite' failed, did not find instance of the pattern in the target expression
  ↑x * (c / ↑x + 1) + f x
f : ℝ+ → ℝ
P : ∀ (x : ℝ+), ℝ → f sorry = ↑x * f sorry + { cauchy := sorry }
c : ℝ := f 1
h6 : ℝ → f sorry = f sorry + { cauchy := sorry }
h5 : ∀ (x : ℝ+), f sorry = ↑x * c + { cauchy := sorry }
x : ℝ+
h8 : f sorry = ↑x * f sorry + { cauchy := sorry }
h9 : ↑x * (c / ↑x + 1) + f x = ↑x + f x + c
⊢ f sorry = ↑x * f sorry

💥️type mismatch
  c / x + 1
has type
  ℝ : outParam Type
but is expected to have type
  ℝ+ : Type

💥️invalid constructor ⟨...⟩, expected type must be an inductive type 
  Quot ⇑CauSeq.equiv

💥️application type mismatch
  h7 x
argument
  x
has type
  ℝ : Type
but is expected to have type
  ℝ+ : Type

💥️application type mismatch
  h5 x
argument
  x
has type
  ℝ : Type
but is expected to have type
  ℝ+ : Type

💥️tactic 'rewrite' failed, did not find instance of the pattern in the target expression
  ?a * ?b / ?a
f : ℝ+ → ℝ
P : ∀ (x : ℝ+), ℝ → f sorry = ↑x * f sorry + { cauchy := sorry }
c : ℝ := f 1
h6 : ℝ → f sorry = f sorry + { cauchy := sorry }
h5 : ∀ (x : ℝ+), f sorry = ↑x * c + { cauchy := sorry }
h7 : ∀ (x : ℝ+), f sorry = ↑x * f sorry
x : ℝ
h9 : (↑sorry * c + { cauchy := sorry }) / x = ↑sorry * (↑sorry * c + { cauchy := sorry }) / x
⊢ f sorry = c + { cauchy := sorry } / x

💥️invalid constructor ⟨...⟩, expected type must be an inductive type 
  Quot ⇑CauSeq.equiv

💥️tactic 'rewrite' failed, did not find instance of the pattern in the target expression
  ?a / (?a / ?b)
f : ℝ+ → ℝ
P : ∀ (x : ℝ+), ℝ → f sorry = ↑x * f sorry + { cauchy := sorry }
c : ℝ := f 1
h6 : ℝ → f sorry = f sorry + { cauchy := sorry }
h5 : ∀ (x : ℝ+), f sorry = ↑x * c + { cauchy := sorry }
h7 : ∀ (x : ℝ+), f sorry = ↑x * f sorry
h8 : ∀ (x : ℝ), f sorry = c + { cauchy := sorry } / x
x : ℝ+
h10 : f sorry = c + { cauchy := sorry } / (c / ↑x)
⊢ f (x + 1) = c + { cauchy := sorry } * ↑x / c

💥️invalid field 'val', the environment does not contain 'Real.val'
  f 1
has type
  ℝ

💥️unsolved goals
f : ℝ+ → ℝ
P : ∀ (x : ℝ+), ℝ → f sorry = ↑x * f sorry + { cauchy := sorry }
c : ℝ := f 1
h6 : ℝ → f sorry = f sorry + { cauchy := sorry }
h5 : ∀ (x : ℝ+), f sorry = ↑x * c + { cauchy := sorry }
h7 : ∀ (x : ℝ+), f sorry = ↑x * f sorry
h8 : ∀ (x : ℝ), f sorry = c + { cauchy := sorry } / x
h9 : ∀ (x : ℝ+), f (x + 1) = c + { cauchy := sorry } * ↑x / c
H : c < 1
h11 : 0 < 1 - sorry
⊢ False

💥️unsolved goals
case mpr
f : ℝ+ → ℝ
P : ∀ (x : ℝ+), ℝ → f sorry = ↑x * f sorry + { cauchy := sorry }
c : ℝ := f 1
h6 : ℝ → f sorry = f sorry + { cauchy := sorry }
h5 : ∀ (x : ℝ+), f sorry = ↑x * c + { cauchy := sorry }
h7 : ∀ (x : ℝ+), f sorry = ↑x * f sorry
h8 : ∀ (x : ℝ), f sorry = c + { cauchy := sorry } / x
h9 : ∀ (x : ℝ+), f (x + 1) = c + { cauchy := sorry } * ↑x / c
h10 : 1 ≤ c
⊢ ∃ a b, 0 < a ∧ ∀ (x : ℝ+), sorry = a * ↑x + b",False,10,Compfiles.Usa2023P2,Llama-8B,LENGTH,best_of_n,False,0,-1,Usa2023P2.usa2023_p2,False
-1,False,123,"problem usa2023_p2 (f : ℝ+ → ℝ+) :
    f ∈ solution_set ↔
    ∀ x y, f (x * y + (f x)) = x * (f y) + ⟨2, two_pos⟩ := by
  constructor
  · intro hf
    rw [solution_set, Set.mem_singleton_iff] at hf
    intro x y
    rw [hf]
    dsimp only
    rw [mul_add, ←add_assoc (x*y), mul_one, add_assoc (x * y + x)]
    congr
    rw [Subtype.mk_eq_mk]
    norm_num
  · -- proof outline megarnie on AOPS:
    -- https://artofproblemsolving.com/community/c5h3038298p27349430

    -- It suffices to show that f must be a linear function.
    intro P
    suffices h : ∃ a b : ℝ, 0 < a ∧ ∀ x, (f x).val = a * x.val + b by
      rw [solution_set, Set.mem_singleton_iff]
      obtain ⟨a, b, ha, hab⟩ := h
      funext x
      rw [←Subtype.coe_inj]

      suffices h : a = 1 ∧ b = 1 by simp [hab, h]

      have P1 : ∀ x : ℝ+, a^2 * x.val + a * b + b = b * x.val + 2 := by
        intro x
        have P2 := P x 1
        simp only at P2
        rw [←Subtype.coe_inj] at P2
        simp only [mul_one, Positive.coe_add, Positive.val_mul, hab, Positive.val_one] at P2
        linarith

      have P3 : ∀ x : ℝ, 0 < x → a^2 * x + a * b + b = b * x + 2 := by
        intro x hx
        have hp1 := P1 ⟨x, hx⟩
        simp only [Positive.coe_add, Positive.val_mul, Positive.val_pow] at hp1
        exact hp1

      have hp1 := P3 1 zero_lt_one
      have hp2 := P3 2 zero_lt_two

      have h0 : a^2 = b := by linear_combination hp2 - hp1

      rw [←h0] at hp1 hp2
      have h1 : a = 1 := by nlinarith
      rw [h1, sq, mul_one] at h0
      exact ⟨h1, h0.symm⟩

    let c := f 1

    have h6 : ∀ y, f (y + c) = f y + ⟨2, two_pos⟩ := by
      intro y
      have h7 := P 1 y
      rw [one_mul, one_mul] at h7
      exact h7

    have h5 : ∀ x, f (x + f x) = x * c + ⟨2, two_pos⟩ := by
      intro x
      have h7 := P x 1
      rw [mul_one] at h7
      exact h7

    have h7 : ∀ x, f (x + f x) = x * f (c / x + 1) := by
      intro x
      have h8 := P x (c / x + 1)
      have h9 : x * (c / x + 1) + f x = x + f x + c := by
        rw [mul_add, mul_div_cancel, mul_one]
        ac_rfl
      rw [h9] at h8; clear h9
      rw [h6 (x + f x), add_left_inj] at h8
      rw [h8]

    have h8 : ∀ x, f (c / x + 1) = c + ⟨2, two_pos⟩ / x := by
      intro x
      have h9 := h7 x
      rw [h5 x] at h9
      apply_fun (· / x) at h9
      rw [mul_div_cancel_left] at h9
      rw [← h9]; clear h9
      rw [lemma_1, mul_div_cancel_left]

    have h9 : ∀ x, f (x + 1) = c + ⟨2,two_pos⟩ * x / c := by
      intro x
      have h10 := h8 (c/x)
      rwa [div_div_cancel, div_div_eq_mul_div] at h10

    have h10 : 1 ≤ c := by
      by_contra! H
      have h11 : 0 < 1 - (f 1).val := Iff.mpr sub_pos H
      have h12 := P 1 ⟨1 - (f 1).val, h11⟩
      rw [one_mul, one_mul] at h12
      have h13 : ⟨1 - (f 1).val, h11⟩ + f 1 = 1 := by
        rw [←Subtype.coe_inj]; simp only [Positive.coe_add, sub_add_cancel, Positive.val_one]
      rw [h13] at h12; clear h13
      have h14 : ⟨2, two_pos⟩ < f 1 := lemma_3 h12
      have h15 : (1:ℝ+) < ⟨2, two_pos⟩ := by rw [Subtype.mk_lt_mk]; exact one_lt_two
      exact ((H.trans h15).trans h14).false

    have h11 : ∀ x : ℝ+, 0 < (x + c).val - 1 := by
      intro x
      obtain ⟨c, hc⟩ := c
      obtain ⟨x, hx⟩ := x
      change 1 ≤ c at h10
      simp only [Positive.coe_add, sub_pos]
      exact lt_add_of_pos_of_le hx h10

    have h12 : ∀ x, c + ⟨2,two_pos⟩ * ⟨(x + c).val - 1, h11 _⟩ / c = f x + ⟨2, two_pos⟩ := by
      intro x
      rw [← h6]
      symm
      have h20 := h9 ⟨(x + c).val - 1, h11 _⟩
      have h21 : (⟨(x + c).val - 1, h11 _⟩ : ℝ+) + 1 = x + c := by
        obtain ⟨x, hx⟩ := x
        obtain ⟨cc, hcc⟩ := c
        rw [←Subtype.coe_inj]
        simp
      rw [h21] at h20
      exact h20

    refine ⟨2 / c.val, c.val - 2 / c.val, div_pos two_pos c.prop, ?_⟩
    intro x

    have h15 := h12 x
    rw [←Subtype.coe_inj] at h15
    rw [Positive.coe_add] at h15
    rw [val_div, Positive.val_mul, @Subtype.coe_mk _ _ 2] at h15
    rw [Subtype.coe_mk]
    obtain ⟨x, hx⟩ := x
    simp only [Positive.coe_add] at h15
    simp only
    obtain ⟨cc, rfl⟩ : ∃ cc, cc = f 1 := exists_eq
    rw [mul_sub, mul_add, mul_one, sub_div, add_div] at h15
    have h18 : (f 1).val ≠ 0 := ne_of_gt (f 1).prop
    rw [mul_div_cancel_right₀ 2 h18] at h15
    symm
    linear_combination h15


",,True,-1,"theorem usage:
  have → : f ∈ solution_set ↔
    ∀ x y, f (x * y + (f x)) = x * (f y) + ⟨2, two_pos⟩ := by
  constructor
  · intro hf
    rw [solution_set, Set.mem_singleton_iff] at hf
    intro x y
    rw [hf]
    dsimp only
    rw [mul_add, ←add_assoc (x*y), mul_one, add_assoc (x * y + x)]
    congr
    rw [Subtype.mk_eq_mk]
    norm_num
  · -- proof outline megarnie on AOPS:
    -- https://artofproblemsolving.com/community/c5h3038298p27349430

    -- It suffices to show that f must be a linear function.
    intro P
    suffices h : ∃ a b : ℝ, 0 < a ∧ ∀ x, (f x).val = a * x.val + b by
      rw [solution_set, Set.mem_singleton_iff]
      obtain ⟨a, b, ha, hab⟩ := h
      funext x
      rw [←Subtype.coe_inj]

      suffices h : a = 1 ∧ b = 1 by simp [hab, h]

      have P1 : ∀ x : ℝ, 0 < a * x.val + b := by
        intro x
        have P2 := P x 1
        simp only at P2
        rw [←Subtype.coe_inj] at P2
        unfold memₗ at P2
        linarith

      have P3 : ∀ x : ℝ, 0 < 1 * b := by positivity

      have h0 : a^2 + b = b * x + 2 := by
        linear_combination (a * x).val + hab + 0 ^ 2 = b * x + (f 1).val * 2
      have hp1 := P3 1 zero_lt_one
      have hp2 := P3 2 zero_lt_two

      have h : a^2 = b := by linear_combination hp2 - hp1
      rw [h] at hp1 hp2
      have hp : 0 = b * (c / a) := by field_simp
      linear_combination hp1 + hp

      rw [← (f 1).val * 2, ← Subtype.coe_inj]

      exact ⟨a, b, by positivity, hp⟩

    let c := f 1

    have h6 : ∀ y, f (y + c) = f y + ⟨2, two_pos⟩ := by
      intro y
      have h7 := P 1 y
      rw [one_mul, one_mul] at h7
      exact h7

    have h5 : ∀ x, f (x + f x) = x * c + ⟨2, two_pos⟩ := by
      intro x
      have h7 := P x 1
      rw [mul_one] at h7
      exact h7

    have h7 : ∀ x, f (x + f x) = x * (f (c / x + 1) + 1) := by
      intro x
      have h8 := P x (c / x + 1)
      have h9 : x * (c / x + 1) + f x = x + f x + c := by
        rw [mul_add, mul_div_cancel, mul_one]
        ac_rfl
      rw [h9] at h8; clear h9
      rw [h6 (x + f x), add_left_inj] at h8
      rw [h8]

    have h8 : ∀ x, f (c / x + 1) = c + ⟨2, two_pos⟩ / x := by
      intro x
      have h9 := h7 x
      rw [h5 x] at h9
      apply_fun (· / x) at h9
      rw [mul_div_cancel_left] at h9
      rw [← h9]; clear h9
      rw [lemma_1, mul_div_cancel_left]

    have h9 : ∀ x, f (x + 1) = c + ⟨2,two_pos⟩ * x / c := by
      intro x
      have h10 := h8 (c / x)
      rwa [div_div_cancel, div_div_eq_mul_div] at h10

    have h10 : 1 ≤ c := by
      by_contra! H
      have h11 : 0 < 1 - (f 1).val := Iff.mpr sub_pos H
      have h12 := P 1 ⟨1","💥️unexpected token '→'; expected ':=', '|' or term",False,10,Compfiles.Usa2023P2,Llama-8B,LENGTH,best_of_n,False,0,-1,Usa2023P2.usa2023_p2,False
-1,False,123,"problem usa2023_p2 (f : ℝ+ → ℝ+) :
    f ∈ solution_set ↔
    ∀ x y, f (x * y + (f x)) = x * (f y) + ⟨2, two_pos⟩ := by
  constructor
  · intro hf
    rw [solution_set, Set.mem_singleton_iff] at hf
    intro x y
    rw [hf]
    dsimp only
    rw [mul_add, ←add_assoc (x*y), mul_one, add_assoc (x * y + x)]
    congr
    rw [Subtype.mk_eq_mk]
    norm_num
  · -- proof outline megarnie on AOPS:
    -- https://artofproblemsolving.com/community/c5h3038298p27349430

    -- It suffices to show that f must be a linear function.
    intro P
    suffices h : ∃ a b : ℝ, 0 < a ∧ ∀ x, (f x).val = a * x.val + b by
      rw [solution_set, Set.mem_singleton_iff]
      obtain ⟨a, b, ha, hab⟩ := h
      funext x
      rw [←Subtype.coe_inj]

      suffices h : a = 1 ∧ b = 1 by simp [hab, h]

      have P1 : ∀ x : ℝ+, a^2 * x.val + a * b + b = b * x.val + 2 := by
        intro x
        have P2 := P x 1
        simp only at P2
        rw [←Subtype.coe_inj] at P2
        simp only [mul_one, Positive.coe_add, Positive.val_mul, hab, Positive.val_one] at P2
        linarith

      have P3 : ∀ x : ℝ, 0 < x → a^2 * x + a * b + b = b * x + 2 := by
        intro x hx
        have hp1 := P1 ⟨x, hx⟩
        simp only [Positive.coe_add, Positive.val_mul, Positive.val_pow] at hp1
        exact hp1

      have hp1 := P3 1 zero_lt_one
      have hp2 := P3 2 zero_lt_two

      have h0 : a^2 = b := by linear_combination hp2 - hp1

      rw [←h0] at hp1 hp2
      have h1 : a = 1 := by nlinarith
      rw [h1, sq, mul_one] at h0
      exact ⟨h1, h0.symm⟩

    let c := f 1

    have h6 : ∀ y, f (y + c) = f y + ⟨2, two_pos⟩ := by
      intro y
      have h7 := P 1 y
      rw [one_mul, one_mul] at h7
      exact h7

    have h5 : ∀ x, f (x + f x) = x * c + ⟨2, two_pos⟩ := by
      intro x
      have h7 := P x 1
      rw [mul_one] at h7
      exact h7

    have h7 : ∀ x, f (x + f x) = x * f (c / x + 1) := by
      intro x
      have h8 := P x (c / x + 1)
      have h9 : x * (c / x + 1) + f x = x + f x + c := by
        rw [mul_add, mul_div_cancel, mul_one]
        ac_rfl
      rw [h9] at h8; clear h9
      rw [h6 (x + f x), add_left_inj] at h8
      rw [h8]

    have h8 : ∀ x, f (c / x + 1) = c + ⟨2, two_pos⟩ / x := by
      intro x
      have h9 := h7 x
      rw [h5 x] at h9
      apply_fun (· / x) at h9
      rw [mul_div_cancel_left] at h9
      rw [← h9]; clear h9
      rw [lemma_1, mul_div_cancel_left]

    have h9 : ∀ x, f (x + 1) = c + ⟨2,two_pos⟩ * x / c := by
      intro x
      have h10 := h8 (c/x)
      rwa [div_div_cancel, div_div_eq_mul_div] at h10

    have h10 : 1 ≤ c := by
      by_contra! H
      have h11 : 0 < 1 - (f 1).val := Iff.mpr sub_pos H
      have h12 := P 1 ⟨1 - (f 1).val, h11⟩
      rw [one_mul, one_mul] at h12
      have h13 : ⟨1 - (f 1).val, h11⟩ + f 1 = 1 := by
        rw [←Subtype.coe_inj]; simp only [Positive.coe_add, sub_add_cancel, Positive.val_one]
      rw [h13] at h12; clear h13
      have h14 : ⟨2, two_pos⟩ < f 1 := lemma_3 h12
      have h15 : (1:ℝ+) < ⟨2, two_pos⟩ := by rw [Subtype.mk_lt_mk]; exact one_lt_two
      exact ((H.trans h15).trans h14).false

    have h11 : ∀ x : ℝ+, 0 < (x + c).val - 1 := by
      intro x
      obtain ⟨c, hc⟩ := c
      obtain ⟨x, hx⟩ := x
      change 1 ≤ c at h10
      simp only [Positive.coe_add, sub_pos]
      exact lt_add_of_pos_of_le hx h10

    have h12 : ∀ x, c + ⟨2,two_pos⟩ * ⟨(x + c).val - 1, h11 _⟩ / c = f x + ⟨2, two_pos⟩ := by
      intro x
      rw [← h6]
      symm
      have h20 := h9 ⟨(x + c).val - 1, h11 _⟩
      have h21 : (⟨(x + c).val - 1, h11 _⟩ : ℝ+) + 1 = x + c := by
        obtain ⟨x, hx⟩ := x
        obtain ⟨cc, hcc⟩ := c
        rw [←Subtype.coe_inj]
        simp
      rw [h21] at h20
      exact h20

    refine ⟨2 / c.val, c.val - 2 / c.val, div_pos two_pos c.prop, ?_⟩
    intro x

    have h15 := h12 x
    rw [←Subtype.coe_inj] at h15
    rw [Positive.coe_add] at h15
    rw [val_div, Positive.val_mul, @Subtype.coe_mk _ _ 2] at h15
    rw [Subtype.coe_mk]
    obtain ⟨x, hx⟩ := x
    simp only [Positive.coe_add] at h15
    simp only
    obtain ⟨cc, rfl⟩ : ∃ cc, cc = f 1 := exists_eq
    rw [mul_sub, mul_add, mul_one, sub_div, add_div] at h15
    have h18 : (f 1).val ≠ 0 := ne_of_gt (f 1).prop
    rw [mul_div_cancel_right₀ 2 h18] at h15
    symm
    linear_combination h15


",,True,-1,"#align margin_ofSolution_ae_ne_top

theorem usa2023_p2 (f : ℝ+ → ℝ) :
    f ∈ solution_set ↔
    ∀ x y, f (x * y + (f x)) = x * (f y) + ⟨2, two_pos⟩ := by
  constructor
  · intro hf
    rw [solution_set, Set.mem_singleton_iff] at hf
    intro x y
    rw [hf]
    dsimp only
    rw [mul_add, ←add_assoc (x*y), mul_one, add_assoc (x * y + x)]
    congr
    rw [Subtype.mk_eq_mk]
    norm_num
  · -- proof outline megarnie on AOPS:
    -- https://artofproblemsolving.com/community/c5h3038298p27349430

    -- It suffices to show that f must be a linear function.
    intro P
    suffices h : ∃ a b : ℝ, 0 < a ∧ ∀ x, (f x).val = a * x.val + b by
      rw [solution_set, Set.mem_singleton_iff]
      obtain ⟨a, b, ha, hab⟩ := h
      funext x
      rw [←Subtype.coe_inj]

      suffices h : a = 1 ∧ b = 1 by simp [hab, h]

      have P1 : ∀ x : ℝ, a^2 * x + a * b + b = b * x + 2 := by
        intro x
        have P2 := P x 1
        simp only at P2
        rw [←Subtype.coe_inj] at P2
        simp only [mul_one, Positive.coe_add, Positive.val_mul, hab, Positive.val_one] at P2
        linarith

      have P3 : ∀ x : ℝ, 0 < x → a^2 * x + a * b + b = b * x + 2 := by
        intro x hx
        have hp1 := P1 ⟨x, hx⟩
        simp only [Positive.coe_add, Positive.val_mul, Positive.val_pow] at hp1
        exact hp1

      have hp1 := P3 1 zero_lt_one
      have hp2 := P3 2 zero_lt_two

      have h0 : a^2 = b := by linear_combination hp2 - hp1

      rw [←h0] at hp1 hp2
      have h1 : a = 1 := by nlinarith
      rw [h1, sq, mul_one] at h0
      exact ⟨h1, h0.symm⟩

    let c := f 1

    have h6 : ∀ y, f (y + c) = f y + ⟨2, two_pos⟩ := by
      intro y
      have h7 := P 1 y
      rw [one_mul, one_mul] at h7
      exact h7

    have h5 : ∀ x, f (x + f x) = x * c + ⟨2, two_pos⟩ := by
      intro x
      have h7 := P x 1
      rw [mul_one] at h7
      exact h7

    have h7 : ∀ x, f (x + f x) = x * (f (c / x + 1)) := by
      intro x
      have h8 := P x (c / x + 1)
      have h9 : x * (c / x + 1) + f x = x + f x + c := by
        rw [mul_add, mul_div_cancel, mul_one]
        ac_rfl
      rw [h9] at h8; clear h9
      rw [h6 (x + f x), add_left_inj] at h8
      rw [h8]

    have h8 : ∀ x, f (c / x + 1) = c + ⟨2, two_pos⟩ / x := by
      intro x
      have h9 := h7 x
      rw [h5 x] at h9
      apply_fun (· / x) at h9
      rw [mul_div_cancel_left] at h9
      rw [← h9]; clear h9
      rw [lemma_1, mul_div_cancel_left]

    have h9 : ∀ x, f (x + 1) = c + ⟨2,two_pos⟩ * x / c := by
      intro x
      have h10 := h8 (c / x)
      rwa [div_div_cancel, div_div_eq_mul_div] at h10

    have h10 : 1 ≤ c := by
      by_contra! H
      have h11 : 0 <","💥️unexpected token '#'; expected command

💥️unexpected end of input

💥️failed to synthesize
  Membership (ℝ+ → ℝ) (Set (ℝ+ → ℝ+))
Additional diagnostic information may be available using the `set_option diagnostics true` command.

💥️type mismatch
  ↑x * y + f x
has type
  ℝ : outParam Type
but is expected to have type
  ℝ+ : Type

💥️application type mismatch
  f y
argument
  y
has type
  ℝ : Type
but is expected to have type
  ℝ+ : Type

💥️invalid constructor ⟨...⟩, expected type must be an inductive type 
  Quot ⇑CauSeq.equiv

💥️invalid field 'val', the environment does not contain 'Real.val'
  f x
has type
  ℝ

💥️failed to rewrite using equation theorems for 'Usa2023P2.solution_set'.

💥️type mismatch
  y + c
has type
  ℝ : outParam Type
but is expected to have type
  ℝ+ : Type

💥️application type mismatch
  f y
argument
  y
has type
  ℝ : Type
but is expected to have type
  ℝ+ : Type

💥️invalid constructor ⟨...⟩, expected type must be an inductive type 
  Quot ⇑CauSeq.equiv

💥️tactic 'rewrite' failed, did not find instance of the pattern in the target expression
  1 * ?a
f : ℝ+ → ℝ
P : ∀ (x : ℝ+), ℝ → f sorry = ↑x * f sorry + { cauchy := sorry }
c : ℝ := f 1
y : ℝ
h7 : f sorry = ↑1 * f sorry + { cauchy := sorry }
⊢ f sorry = f sorry + { cauchy := sorry }

💥️type mismatch
  ↑x + f x
has type
  ℝ : outParam Type
but is expected to have type
  ℝ+ : Type

💥️invalid constructor ⟨...⟩, expected type must be an inductive type 
  Quot ⇑CauSeq.equiv

💥️tactic 'rewrite' failed, did not find instance of the pattern in the target expression
  ?a * 1
f : ℝ+ → ℝ
P : ∀ (x : ℝ+), ℝ → f sorry = ↑x * f sorry + { cauchy := sorry }
c : ℝ := f 1
h6 : ℝ → f sorry = f sorry + { cauchy := sorry }
x : ℝ+
h7 : f sorry = ↑x * f sorry + { cauchy := sorry }
⊢ f sorry = ↑x * c + { cauchy := sorry }

💥️type mismatch
  ↑x + f x
has type
  ℝ : outParam Type
but is expected to have type
  ℝ+ : Type

💥️type mismatch
  c / ↑x + 1
has type
  ℝ : outParam Type
but is expected to have type
  ℝ+ : Type

💥️tactic 'rewrite' failed, did not find instance of the pattern in the target expression
  ?a * (?b / ?a)
f : ℝ+ → ℝ
P : ∀ (x : ℝ+), ℝ → f sorry = ↑x * f sorry + { cauchy := sorry }
c : ℝ := f 1
h6 : ℝ → f sorry = f sorry + { cauchy := sorry }
h5 : ∀ (x : ℝ+), f sorry = ↑x * c + { cauchy := sorry }
x : ℝ+
h8 : f sorry = ↑x * f sorry + { cauchy := sorry }
⊢ ↑x * (c / ↑x) + ↑x * 1 + f x = ↑x + f x + c

💥️tactic 'rewrite' failed, did not find instance of the pattern in the target expression
  ↑x * (c / ↑x + 1) + f x
f : ℝ+ → ℝ
P : ∀ (x : ℝ+), ℝ → f sorry = ↑x * f sorry + { cauchy := sorry }
c : ℝ := f 1
h6 : ℝ → f sorry = f sorry + { cauchy := sorry }
h5 : ∀ (x : ℝ+), f sorry = ↑x * c + { cauchy := sorry }
x : ℝ+
h8 : f sorry = ↑x * f sorry + { cauchy := sorry }
h9 : ↑x * (c / ↑x + 1) + f x = ↑x + f x + c
⊢ f sorry = ↑x * f sorry

💥️type mismatch
  c / x + 1
has type
  ℝ : outParam Type
but is expected to have type
  ℝ+ : Type

💥️invalid constructor ⟨...⟩, expected type must be an inductive type 
  Quot ⇑CauSeq.equiv

💥️application type mismatch
  h7 x
argument
  x
has type
  ℝ : Type
but is expected to have type
  ℝ+ : Type

💥️application type mismatch
  h5 x
argument
  x
has type
  ℝ : Type
but is expected to have type
  ℝ+ : Type

💥️tactic 'rewrite' failed, did not find instance of the pattern in the target expression
  ?a * ?b / ?a
f : ℝ+ → ℝ
P : ∀ (x : ℝ+), ℝ → f sorry = ↑x * f sorry + { cauchy := sorry }
c : ℝ := f 1
h6 : ℝ → f sorry = f sorry + { cauchy := sorry }
h5 : ∀ (x : ℝ+), f sorry = ↑x * c + { cauchy := sorry }
h7 : ∀ (x : ℝ+), f sorry = ↑x * f sorry
x : ℝ
h9 : (↑sorry * c + { cauchy := sorry }) / x = ↑sorry * (↑sorry * c + { cauchy := sorry }) / x
⊢ f sorry = c + { cauchy := sorry } / x

💥️invalid constructor ⟨...⟩, expected type must be an inductive type 
  Quot ⇑CauSeq.equiv

💥️tactic 'rewrite' failed, did not find instance of the pattern in the target expression
  ?a / (?a / ?b)
f : ℝ+ → ℝ
P : ∀ (x : ℝ+), ℝ → f sorry = ↑x * f sorry + { cauchy := sorry }
c : ℝ := f 1
h6 : ℝ → f sorry = f sorry + { cauchy := sorry }
h5 : ∀ (x : ℝ+), f sorry = ↑x * c + { cauchy := sorry }
h7 : ∀ (x : ℝ+), f sorry = ↑x * f sorry
h8 : ∀ (x : ℝ), f sorry = c + { cauchy := sorry } / x
x : ℝ+
h10 : f sorry = c + { cauchy := sorry } / (c / ↑x)
⊢ f (x + 1) = c + { cauchy := sorry } * ↑x / c

💥️unsolved goals
case h11
f : ℝ+ → ℝ
P : ∀ (x : ℝ+), ℝ → f sorry = ↑x * f sorry + { cauchy := sorry }
c : ℝ := f 1
h6 : ℝ → f sorry = f sorry + { cauchy := sorry }
h5 : ∀ (x : ℝ+), f sorry = ↑x * c + { cauchy := sorry }
h7 : ∀ (x : ℝ+), f sorry = ↑x * f sorry
h8 : ∀ (x : ℝ), f sorry = c + { cauchy := sorry } / x
h9 : ∀ (x : ℝ+), f (x + 1) = c + { cauchy := sorry } * ↑x / c
H : c < 1
⊢ 0 < sorry

f : ℝ+ → ℝ
P : ∀ (x : ℝ+), ℝ → f sorry = ↑x * f sorry + { cauchy := sorry }
c : ℝ := f 1
h6 : ℝ → f sorry = f sorry + { cauchy := sorry }
h5 : ∀ (x : ℝ+), f sorry = ↑x * c + { cauchy := sorry }
h7 : ∀ (x : ℝ+), f sorry = ↑x * f sorry
h8 : ∀ (x : ℝ), f sorry = c + { cauchy := sorry } / x
h9 : ∀ (x : ℝ+), f (x + 1) = c + { cauchy := sorry } * ↑x / c
H : c < 1
h11 : 0 < sorry
⊢ False

💥️unsolved goals
case mpr
f : ℝ+ → ℝ
P : ∀ (x : ℝ+), ℝ → f sorry = ↑x * f sorry + { cauchy := sorry }
c : ℝ := f 1
h6 : ℝ → f sorry = f sorry + { cauchy := sorry }
h5 : ∀ (x : ℝ+), f sorry = ↑x * c + { cauchy := sorry }
h7 : ∀ (x : ℝ+), f sorry = ↑x * f sorry
h8 : ∀ (x : ℝ), f sorry = c + { cauchy := sorry } / x
h9 : ∀ (x : ℝ+), f (x + 1) = c + { cauchy := sorry } * ↑x / c
h10 : 1 ≤ c
⊢ ∃ a b, 0 < a ∧ ∀ (x : ℝ+), sorry = a * ↑x + b",False,10,Compfiles.Usa2023P2,Llama-8B,LENGTH,best_of_n,False,0,-1,Usa2023P2.usa2023_p2,False
-1,False,123,"problem usa2023_p2 (f : ℝ+ → ℝ+) :
    f ∈ solution_set ↔
    ∀ x y, f (x * y + (f x)) = x * (f y) + ⟨2, two_pos⟩ := by
  constructor
  · intro hf
    rw [solution_set, Set.mem_singleton_iff] at hf
    intro x y
    rw [hf]
    dsimp only
    rw [mul_add, ←add_assoc (x*y), mul_one, add_assoc (x * y + x)]
    congr
    rw [Subtype.mk_eq_mk]
    norm_num
  · -- proof outline megarnie on AOPS:
    -- https://artofproblemsolving.com/community/c5h3038298p27349430

    -- It suffices to show that f must be a linear function.
    intro P
    suffices h : ∃ a b : ℝ, 0 < a ∧ ∀ x, (f x).val = a * x.val + b by
      rw [solution_set, Set.mem_singleton_iff]
      obtain ⟨a, b, ha, hab⟩ := h
      funext x
      rw [←Subtype.coe_inj]

      suffices h : a = 1 ∧ b = 1 by simp [hab, h]

      have P1 : ∀ x : ℝ+, a^2 * x.val + a * b + b = b * x.val + 2 := by
        intro x
        have P2 := P x 1
        simp only at P2
        rw [←Subtype.coe_inj] at P2
        simp only [mul_one, Positive.coe_add, Positive.val_mul, hab, Positive.val_one] at P2
        linarith

      have P3 : ∀ x : ℝ, 0 < x → a^2 * x + a * b + b = b * x + 2 := by
        intro x hx
        have hp1 := P1 ⟨x, hx⟩
        simp only [Positive.coe_add, Positive.val_mul, Positive.val_pow] at hp1
        exact hp1

      have hp1 := P3 1 zero_lt_one
      have hp2 := P3 2 zero_lt_two

      have h0 : a^2 = b := by linear_combination hp2 - hp1

      rw [←h0] at hp1 hp2
      have h1 : a = 1 := by nlinarith
      rw [h1, sq, mul_one] at h0
      exact ⟨h1, h0.symm⟩

    let c := f 1

    have h6 : ∀ y, f (y + c) = f y + ⟨2, two_pos⟩ := by
      intro y
      have h7 := P 1 y
      rw [one_mul, one_mul] at h7
      exact h7

    have h5 : ∀ x, f (x + f x) = x * c + ⟨2, two_pos⟩ := by
      intro x
      have h7 := P x 1
      rw [mul_one] at h7
      exact h7

    have h7 : ∀ x, f (x + f x) = x * f (c / x + 1) := by
      intro x
      have h8 := P x (c / x + 1)
      have h9 : x * (c / x + 1) + f x = x + f x + c := by
        rw [mul_add, mul_div_cancel, mul_one]
        ac_rfl
      rw [h9] at h8; clear h9
      rw [h6 (x + f x), add_left_inj] at h8
      rw [h8]

    have h8 : ∀ x, f (c / x + 1) = c + ⟨2, two_pos⟩ / x := by
      intro x
      have h9 := h7 x
      rw [h5 x] at h9
      apply_fun (· / x) at h9
      rw [mul_div_cancel_left] at h9
      rw [← h9]; clear h9
      rw [lemma_1, mul_div_cancel_left]

    have h9 : ∀ x, f (x + 1) = c + ⟨2,two_pos⟩ * x / c := by
      intro x
      have h10 := h8 (c/x)
      rwa [div_div_cancel, div_div_eq_mul_div] at h10

    have h10 : 1 ≤ c := by
      by_contra! H
      have h11 : 0 < 1 - (f 1).val := Iff.mpr sub_pos H
      have h12 := P 1 ⟨1 - (f 1).val, h11⟩
      rw [one_mul, one_mul] at h12
      have h13 : ⟨1 - (f 1).val, h11⟩ + f 1 = 1 := by
        rw [←Subtype.coe_inj]; simp only [Positive.coe_add, sub_add_cancel, Positive.val_one]
      rw [h13] at h12; clear h13
      have h14 : ⟨2, two_pos⟩ < f 1 := lemma_3 h12
      have h15 : (1:ℝ+) < ⟨2, two_pos⟩ := by rw [Subtype.mk_lt_mk]; exact one_lt_two
      exact ((H.trans h15).trans h14).false

    have h11 : ∀ x : ℝ+, 0 < (x + c).val - 1 := by
      intro x
      obtain ⟨c, hc⟩ := c
      obtain ⟨x, hx⟩ := x
      change 1 ≤ c at h10
      simp only [Positive.coe_add, sub_pos]
      exact lt_add_of_pos_of_le hx h10

    have h12 : ∀ x, c + ⟨2,two_pos⟩ * ⟨(x + c).val - 1, h11 _⟩ / c = f x + ⟨2, two_pos⟩ := by
      intro x
      rw [← h6]
      symm
      have h20 := h9 ⟨(x + c).val - 1, h11 _⟩
      have h21 : (⟨(x + c).val - 1, h11 _⟩ : ℝ+) + 1 = x + c := by
        obtain ⟨x, hx⟩ := x
        obtain ⟨cc, hcc⟩ := c
        rw [←Subtype.coe_inj]
        simp
      rw [h21] at h20
      exact h20

    refine ⟨2 / c.val, c.val - 2 / c.val, div_pos two_pos c.prop, ?_⟩
    intro x

    have h15 := h12 x
    rw [←Subtype.coe_inj] at h15
    rw [Positive.coe_add] at h15
    rw [val_div, Positive.val_mul, @Subtype.coe_mk _ _ 2] at h15
    rw [Subtype.coe_mk]
    obtain ⟨x, hx⟩ := x
    simp only [Positive.coe_add] at h15
    simp only
    obtain ⟨cc, rfl⟩ : ∃ cc, cc = f 1 := exists_eq
    rw [mul_sub, mul_add, mul_one, sub_div, add_div] at h15
    have h18 : (f 1).val ≠ 0 := ne_of_gt (f 1).prop
    rw [mul_div_cancel_right₀ 2 h18] at h15
    symm
    linear_combination h15


",,True,-1,"lemma_wait! : $f ∈ solution_set ↔
    ∀ x y, f (x * y + (f x)) = x * (f y) + ⟨2, two_pos⟩ := by
  constructor
  · intro hf
    rw [solution_set, Set.mem_singleton_iff] at hf
    intro x y
    rw [hf]
    dsimp only
    rw [mul_add, ←add_assoc (x*y), mul_one, add_assoc (x * y + x)]
    congr
    rw [Subtype.mk_eq_mk]
    norm_num
  · -- proof outline megarnie on AOPS:
    -- https://artofproblemsolving.com/community/c5h3038298p27349430

    -- It suffices to show that f must be a linear function.
    intro P
    suffices h : ∃ a b : ℝ, 0 < a ∧ ∀ x, (f x).val = a * x.val + b by
      rw [solution_set, Set.mem_singleton_iff]
      obtain ⟨a, b, ha, hab⟩ := h
      funext x
      rw [←Subtype.coe_inj]

      suffices h : a = 1 ∧ b = 1 by simp [hab, h]

      have P1 : ∀ x : ℝ, 0 < a * x + b = f x := by
        intro x hx
        have P2 := P x 1
        rw [←Subtype.coe_inj] at P2
        omega
      have P3 : ∀ x : ℝ, 0 < a * x + b < a * x + c := by
        intro x hx
        have hp1 := P3 x hx
        have hp2 := P x (c / x + 1)
        have h4 := a * (c / x + 1)
        omega
      have hp1 := P x 1 + b * x
      have hp2 := a * x + b * x + c * x / a
      have h3 := Subtype.mk_eq_mk ▸ congr(From.set.preimage ((1 : ℝ) * b) hf)
      omega
      rw [←Subtype.coe_inj] at h2
      rw [Subtype.coe_mk, Subtype.coe_preimage, h2, h3, (Subtype.mk_eq_mk ▸ congr(From.set.preimage ((1 : ℝ) * b) hf)]
      exact Iff.mpr (Subtype.mk_eq_mk ▸ congr(From.set.preimage ((1 : ℝ) * b) hf)

    let c := f 1

    have h6 : ∀ y, f (y + c) = f y + ⟨2, two_pos⟩ := by
      intro y
      have h7 := P 1 y
      rw [one_mul, one_mul] at h7
      exact h7

    have h5 : ∀ x, f (x + f x) = x * c + ⟨2, two_pos⟩ := by
      intro x
      have h7 := P x 1
      rw [mul_one] at h7
      exact h7

    have h7 : ∀ x, f (x + f x) = x * f (c / x + 1) := by
      intro x
      have h8 := P x (c / x + 1)
      have h9 : x * (c / x + 1) + f x = x + f x + c := by
        rw [mul_add, mul_div_cancel, mul_one]
        ac_rfl
      rw [h9] at h8; clear h9
      rw [h6 (x + f x), add_left_inj] at h8
      rw [h8]

    have h8 : ∀ x, f (c / x + 1) = c + ⟨2, two_pos⟩ / x := by
      intro x
      have h9 := h7 x
      rw [h5 x] at h9
      apply_fun (· / x) at h9
      rw [mul_div_cancel_left] at h9
      rw [← h9]; clear h9
      rw [lemma_1, mul_div_cancel_left]

    have h9 : ∀ x, f (x + 1) = c + ⟨2,two_pos⟩ * x / c := by
      intro x
      have h10 := h8 (c / x)
      rwa [div_div_cancel, div_div_eq_mul_div] at h10

    have h10 : 1 ≤ c := by
      by_contra! H
      have h11 : 0 < 1 - (f 1).val := Iff.mpr",💥️unexpected identifier; expected command,False,10,Compfiles.Usa2023P2,Llama-8B,LENGTH,best_of_n,False,0,-1,Usa2023P2.usa2023_p2,False
-1,False,123,"problem usa2023_p2 (f : ℝ+ → ℝ+) :
    f ∈ solution_set ↔
    ∀ x y, f (x * y + (f x)) = x * (f y) + ⟨2, two_pos⟩ := by
  constructor
  · intro hf
    rw [solution_set, Set.mem_singleton_iff] at hf
    intro x y
    rw [hf]
    dsimp only
    rw [mul_add, ←add_assoc (x*y), mul_one, add_assoc (x * y + x)]
    congr
    rw [Subtype.mk_eq_mk]
    norm_num
  · -- proof outline megarnie on AOPS:
    -- https://artofproblemsolving.com/community/c5h3038298p27349430

    -- It suffices to show that f must be a linear function.
    intro P
    suffices h : ∃ a b : ℝ, 0 < a ∧ ∀ x, (f x).val = a * x.val + b by
      rw [solution_set, Set.mem_singleton_iff]
      obtain ⟨a, b, ha, hab⟩ := h
      funext x
      rw [←Subtype.coe_inj]

      suffices h : a = 1 ∧ b = 1 by simp [hab, h]

      have P1 : ∀ x : ℝ+, a^2 * x.val + a * b + b = b * x.val + 2 := by
        intro x
        have P2 := P x 1
        simp only at P2
        rw [←Subtype.coe_inj] at P2
        simp only [mul_one, Positive.coe_add, Positive.val_mul, hab, Positive.val_one] at P2
        linarith

      have P3 : ∀ x : ℝ, 0 < x → a^2 * x + a * b + b = b * x + 2 := by
        intro x hx
        have hp1 := P1 ⟨x, hx⟩
        simp only [Positive.coe_add, Positive.val_mul, Positive.val_pow] at hp1
        exact hp1

      have hp1 := P3 1 zero_lt_one
      have hp2 := P3 2 zero_lt_two

      have h0 : a^2 = b := by linear_combination hp2 - hp1

      rw [←h0] at hp1 hp2
      have h1 : a = 1 := by nlinarith
      rw [h1, sq, mul_one] at h0
      exact ⟨h1, h0.symm⟩

    let c := f 1

    have h6 : ∀ y, f (y + c) = f y + ⟨2, two_pos⟩ := by
      intro y
      have h7 := P 1 y
      rw [one_mul, one_mul] at h7
      exact h7

    have h5 : ∀ x, f (x + f x) = x * c + ⟨2, two_pos⟩ := by
      intro x
      have h7 := P x 1
      rw [mul_one] at h7
      exact h7

    have h7 : ∀ x, f (x + f x) = x * f (c / x + 1) := by
      intro x
      have h8 := P x (c / x + 1)
      have h9 : x * (c / x + 1) + f x = x + f x + c := by
        rw [mul_add, mul_div_cancel, mul_one]
        ac_rfl
      rw [h9] at h8; clear h9
      rw [h6 (x + f x), add_left_inj] at h8
      rw [h8]

    have h8 : ∀ x, f (c / x + 1) = c + ⟨2, two_pos⟩ / x := by
      intro x
      have h9 := h7 x
      rw [h5 x] at h9
      apply_fun (· / x) at h9
      rw [mul_div_cancel_left] at h9
      rw [← h9]; clear h9
      rw [lemma_1, mul_div_cancel_left]

    have h9 : ∀ x, f (x + 1) = c + ⟨2,two_pos⟩ * x / c := by
      intro x
      have h10 := h8 (c/x)
      rwa [div_div_cancel, div_div_eq_mul_div] at h10

    have h10 : 1 ≤ c := by
      by_contra! H
      have h11 : 0 < 1 - (f 1).val := Iff.mpr sub_pos H
      have h12 := P 1 ⟨1 - (f 1).val, h11⟩
      rw [one_mul, one_mul] at h12
      have h13 : ⟨1 - (f 1).val, h11⟩ + f 1 = 1 := by
        rw [←Subtype.coe_inj]; simp only [Positive.coe_add, sub_add_cancel, Positive.val_one]
      rw [h13] at h12; clear h13
      have h14 : ⟨2, two_pos⟩ < f 1 := lemma_3 h12
      have h15 : (1:ℝ+) < ⟨2, two_pos⟩ := by rw [Subtype.mk_lt_mk]; exact one_lt_two
      exact ((H.trans h15).trans h14).false

    have h11 : ∀ x : ℝ+, 0 < (x + c).val - 1 := by
      intro x
      obtain ⟨c, hc⟩ := c
      obtain ⟨x, hx⟩ := x
      change 1 ≤ c at h10
      simp only [Positive.coe_add, sub_pos]
      exact lt_add_of_pos_of_le hx h10

    have h12 : ∀ x, c + ⟨2,two_pos⟩ * ⟨(x + c).val - 1, h11 _⟩ / c = f x + ⟨2, two_pos⟩ := by
      intro x
      rw [← h6]
      symm
      have h20 := h9 ⟨(x + c).val - 1, h11 _⟩
      have h21 : (⟨(x + c).val - 1, h11 _⟩ : ℝ+) + 1 = x + c := by
        obtain ⟨x, hx⟩ := x
        obtain ⟨cc, hcc⟩ := c
        rw [←Subtype.coe_inj]
        simp
      rw [h21] at h20
      exact h20

    refine ⟨2 / c.val, c.val - 2 / c.val, div_pos two_pos c.prop, ?_⟩
    intro x

    have h15 := h12 x
    rw [←Subtype.coe_inj] at h15
    rw [Positive.coe_add] at h15
    rw [val_div, Positive.val_mul, @Subtype.coe_mk _ _ 2] at h15
    rw [Subtype.coe_mk]
    obtain ⟨x, hx⟩ := x
    simp only [Positive.coe_add] at h15
    simp only
    obtain ⟨cc, rfl⟩ : ∃ cc, cc = f 1 := exists_eq
    rw [mul_sub, mul_add, mul_one, sub_div, add_div] at h15
    have h18 : (f 1).val ≠ 0 := ne_of_gt (f 1).prop
    rw [mul_div_cancel_right₀ 2 h18] at h15
    symm
    linear_combination h15


",,True,-1,"theorem usa2023_p2 (f : ℝ+ → ℝ) :
    f ∈ solution_set ↔
    ∀ x y, f (x * y + (f x)) = x * (f y) + ⟨2, two_pos⟩ := by
  constructor
  · rw [solution_set, Set.mem_singleton_iff] at
      intro x y; rw [mem_singleton_iff] at
    · proof outline megarnie on AOPS which states that it suffices to show f is linear by
      rw [f, Subtype.mk_eq_mk, meanValue_div_one]
      obtain ⟨a, b, ha, hab⟩ := exists_eq_of_forall_ge_iff fun x hx => (f x).val = b * x + c
      have P : ∀ x : ℝ, 0 < a.smul x + b := fun x hx ↦ by positivity
      have : ∀ x y, f (x * y + (f x)) = x * (f y) + ⟨2, two_pos⟩ := by
        intro x y; rw [← Subtype.coe_inj]
        dsimp only [f, Subtype.mk_eq_mk]
        rw [mul_add, ← add_assoc (x*y), mul_one, add_assoc (x * y + x)]
        congr
        rw [Subtype.mk_eq_mk]
        norm_num
      simp_rw [hinv_of_forall, ← Subtype.coe_inj]
      refine ⟨a / b, b - a / b, ?_, by positivity, ?_⟩
      · rw [((f 1).val * b).coe_eq, Subtype.coe_ne_mk]
        exact ⟨f 1 * b, by positivity, f 1 * b + f 1⟩
      · rw [f, Subtype.mk_eq_mk, meanValue_div_one]
        exact ⟨f 1, by positivity, f 1 + f 1 * b⟩
      · rw [fun x hx => (f x).val = b * x + c, by positivity]
        exact ⟨x, by positivity, f x, Subtype.coe_ne_mk⟩
      · rw [2 / b, Subtype.coe_div_two, by positivity, f]
        exact ⟨₂, by positivity, 2 / b * b⟩
      · rw [f * b / c, Subtype.coe_div_three, by positivity, f]
        exact ⟨f * b / c, by positivity, f * b / c + b⟩
      · rw [f * b / c + f, Subtype.coe_div_three, by positivity, f]
        exact ⟨f * b / c + f, by positivity, f * b / c + f * 1⟩
      · rw [Add 참_undo · rw [f * b / c + 1, Subtype.coe_div_three, by positivity, f]
        exact ⟨f * b / c + 1, by positivity, f * b / c + f * 1 + 0⟩
       )]

  · -- proof outline megarnie on AOPS:
    -- https://artofproblemsolving.com/community/c5h3038298p27349430

    -- It suffices to show that f must be a linear function.
    intro P
    suffices h : ∃ a b : ℝ, 0 < a ∧ ∀ x, (f x).val = a * x.val + b by
      rw [solution_set, Set.mem_singleton_iff]
      obtain ⟨a, b, ha, hab⟩ := h
      funext x
      rw [← Subtype.coe_inj]

      suffices h : a = 1 ∧ b = 1 by simp [hab, h]

      have P1 : ∀ x : ℝ, a^2 * x + a * b + b = b * x + 2 := by
        intro x
        have P2 := P x 1
        dsimp only at P2
        rw [← Subtype.coe_inj] at P2
        simp only [mul_one, Positive.coe_add, Positive.val_mul, hab, Positive.val_one] at P2
        linarith

      have P3 : ∀ x : ℝ, 0 < x → a^2 * x + a * b + b = b * x + 2 := by
        intro x hx
        have hp1 := P1 ⟨x, hx⟩
        simp only [Positive.coe_add, Positive.val_mul, Positive.val_pow] at hp1
        exact hp1

      have hp1 := P3 1 zero_lt_one
      have hp2 := P3 2 zero_lt_two

      have h0 : a^2 = b := by linear_combination hp2 - hp1

      rw [←","💥️expected '*' or checkColGt

💥️failed to synthesize
  Membership (ℝ+ → ℝ) (Set (ℝ+ → ℝ+))
Additional diagnostic information may be available using the `set_option diagnostics true` command.

💥️type mismatch
  ↑x * y + f x
has type
  ℝ : outParam Type
but is expected to have type
  ℝ+ : Type

💥️application type mismatch
  f y
argument
  y
has type
  ℝ : Type
but is expected to have type
  ℝ+ : Type

💥️invalid constructor ⟨...⟩, expected type must be an inductive type 
  Quot ⇑CauSeq.equiv

💥️failed to rewrite using equation theorems for 'Usa2023P2.solution_set'.

💥️unsolved goals
case mpr
f : ℝ+ → ℝ
⊢ (∀ (x : ℝ+), ℝ → f sorry = ↑x * f sorry + { cauchy := sorry }) → sorry",False,10,Compfiles.Usa2023P2,Llama-8B,LENGTH,best_of_n,False,0,-1,Usa2023P2.usa2023_p2,False
-1,False,123,"problem usa2023_p2 (f : ℝ+ → ℝ+) :
    f ∈ solution_set ↔
    ∀ x y, f (x * y + (f x)) = x * (f y) + ⟨2, two_pos⟩ := by
  constructor
  · intro hf
    rw [solution_set, Set.mem_singleton_iff] at hf
    intro x y
    rw [hf]
    dsimp only
    rw [mul_add, ←add_assoc (x*y), mul_one, add_assoc (x * y + x)]
    congr
    rw [Subtype.mk_eq_mk]
    norm_num
  · -- proof outline megarnie on AOPS:
    -- https://artofproblemsolving.com/community/c5h3038298p27349430

    -- It suffices to show that f must be a linear function.
    intro P
    suffices h : ∃ a b : ℝ, 0 < a ∧ ∀ x, (f x).val = a * x.val + b by
      rw [solution_set, Set.mem_singleton_iff]
      obtain ⟨a, b, ha, hab⟩ := h
      funext x
      rw [←Subtype.coe_inj]

      suffices h : a = 1 ∧ b = 1 by simp [hab, h]

      have P1 : ∀ x : ℝ+, a^2 * x.val + a * b + b = b * x.val + 2 := by
        intro x
        have P2 := P x 1
        simp only at P2
        rw [←Subtype.coe_inj] at P2
        simp only [mul_one, Positive.coe_add, Positive.val_mul, hab, Positive.val_one] at P2
        linarith

      have P3 : ∀ x : ℝ, 0 < x → a^2 * x + a * b + b = b * x + 2 := by
        intro x hx
        have hp1 := P1 ⟨x, hx⟩
        simp only [Positive.coe_add, Positive.val_mul, Positive.val_pow] at hp1
        exact hp1

      have hp1 := P3 1 zero_lt_one
      have hp2 := P3 2 zero_lt_two

      have h0 : a^2 = b := by linear_combination hp2 - hp1

      rw [←h0] at hp1 hp2
      have h1 : a = 1 := by nlinarith
      rw [h1, sq, mul_one] at h0
      exact ⟨h1, h0.symm⟩

    let c := f 1

    have h6 : ∀ y, f (y + c) = f y + ⟨2, two_pos⟩ := by
      intro y
      have h7 := P 1 y
      rw [one_mul, one_mul] at h7
      exact h7

    have h5 : ∀ x, f (x + f x) = x * c + ⟨2, two_pos⟩ := by
      intro x
      have h7 := P x 1
      rw [mul_one] at h7
      exact h7

    have h7 : ∀ x, f (x + f x) = x * f (c / x + 1) := by
      intro x
      have h8 := P x (c / x + 1)
      have h9 : x * (c / x + 1) + f x = x + f x + c := by
        rw [mul_add, mul_div_cancel, mul_one]
        ac_rfl
      rw [h9] at h8; clear h9
      rw [h6 (x + f x), add_left_inj] at h8
      rw [h8]

    have h8 : ∀ x, f (c / x + 1) = c + ⟨2, two_pos⟩ / x := by
      intro x
      have h9 := h7 x
      rw [h5 x] at h9
      apply_fun (· / x) at h9
      rw [mul_div_cancel_left] at h9
      rw [← h9]; clear h9
      rw [lemma_1, mul_div_cancel_left]

    have h9 : ∀ x, f (x + 1) = c + ⟨2,two_pos⟩ * x / c := by
      intro x
      have h10 := h8 (c/x)
      rwa [div_div_cancel, div_div_eq_mul_div] at h10

    have h10 : 1 ≤ c := by
      by_contra! H
      have h11 : 0 < 1 - (f 1).val := Iff.mpr sub_pos H
      have h12 := P 1 ⟨1 - (f 1).val, h11⟩
      rw [one_mul, one_mul] at h12
      have h13 : ⟨1 - (f 1).val, h11⟩ + f 1 = 1 := by
        rw [←Subtype.coe_inj]; simp only [Positive.coe_add, sub_add_cancel, Positive.val_one]
      rw [h13] at h12; clear h13
      have h14 : ⟨2, two_pos⟩ < f 1 := lemma_3 h12
      have h15 : (1:ℝ+) < ⟨2, two_pos⟩ := by rw [Subtype.mk_lt_mk]; exact one_lt_two
      exact ((H.trans h15).trans h14).false

    have h11 : ∀ x : ℝ+, 0 < (x + c).val - 1 := by
      intro x
      obtain ⟨c, hc⟩ := c
      obtain ⟨x, hx⟩ := x
      change 1 ≤ c at h10
      simp only [Positive.coe_add, sub_pos]
      exact lt_add_of_pos_of_le hx h10

    have h12 : ∀ x, c + ⟨2,two_pos⟩ * ⟨(x + c).val - 1, h11 _⟩ / c = f x + ⟨2, two_pos⟩ := by
      intro x
      rw [← h6]
      symm
      have h20 := h9 ⟨(x + c).val - 1, h11 _⟩
      have h21 : (⟨(x + c).val - 1, h11 _⟩ : ℝ+) + 1 = x + c := by
        obtain ⟨x, hx⟩ := x
        obtain ⟨cc, hcc⟩ := c
        rw [←Subtype.coe_inj]
        simp
      rw [h21] at h20
      exact h20

    refine ⟨2 / c.val, c.val - 2 / c.val, div_pos two_pos c.prop, ?_⟩
    intro x

    have h15 := h12 x
    rw [←Subtype.coe_inj] at h15
    rw [Positive.coe_add] at h15
    rw [val_div, Positive.val_mul, @Subtype.coe_mk _ _ 2] at h15
    rw [Subtype.coe_mk]
    obtain ⟨x, hx⟩ := x
    simp only [Positive.coe_add] at h15
    simp only
    obtain ⟨cc, rfl⟩ : ∃ cc, cc = f 1 := exists_eq
    rw [mul_sub, mul_add, mul_one, sub_div, add_div] at h15
    have h18 : (f 1).val ≠ 0 := ne_of_gt (f 1).prop
    rw [mul_div_cancel_right₀ 2 h18] at h15
    symm
    linear_combination h15


",,True,-1,"**Coirective** (since := ""2023-10-22"")components where `f _` is linear if it is at each `x`.
theorem:
  -- The function `f` is linear if it is at each `x`. `Identifying` and `LinearMap` approaches--

  (Identifying (Equiv.Set.image (Subtype.val_injective) (f := f · 1))).symm.fun_comp _ MultiplicativeInvolution _ _

  -- The special case where `LinearMap` is linear--. -- As of `^`.-.-.-.-

  (Equiv.Set.imageblablabla _ _ (f := f · 2)).symm.fun_comp _ MultiplicativeInvolution _ _

  `lim f _`

","💥️unexpected token '*'; expected command

💥️unexpected token ':'; expected identifier

💥️unexpected token '`'; expected ':=', 'where' or '|'",False,10,Compfiles.Usa2023P2,Llama-8B,LENGTH,best_of_n,False,0,-1,Usa2023P2.usa2023_p2,False
-1,False,123,"problem usa2023_p2 (f : ℝ+ → ℝ+) :
    f ∈ solution_set ↔
    ∀ x y, f (x * y + (f x)) = x * (f y) + ⟨2, two_pos⟩ := by
  constructor
  · intro hf
    rw [solution_set, Set.mem_singleton_iff] at hf
    intro x y
    rw [hf]
    dsimp only
    rw [mul_add, ←add_assoc (x*y), mul_one, add_assoc (x * y + x)]
    congr
    rw [Subtype.mk_eq_mk]
    norm_num
  · -- proof outline megarnie on AOPS:
    -- https://artofproblemsolving.com/community/c5h3038298p27349430

    -- It suffices to show that f must be a linear function.
    intro P
    suffices h : ∃ a b : ℝ, 0 < a ∧ ∀ x, (f x).val = a * x.val + b by
      rw [solution_set, Set.mem_singleton_iff]
      obtain ⟨a, b, ha, hab⟩ := h
      funext x
      rw [←Subtype.coe_inj]

      suffices h : a = 1 ∧ b = 1 by simp [hab, h]

      have P1 : ∀ x : ℝ+, a^2 * x.val + a * b + b = b * x.val + 2 := by
        intro x
        have P2 := P x 1
        simp only at P2
        rw [←Subtype.coe_inj] at P2
        simp only [mul_one, Positive.coe_add, Positive.val_mul, hab, Positive.val_one] at P2
        linarith

      have P3 : ∀ x : ℝ, 0 < x → a^2 * x + a * b + b = b * x + 2 := by
        intro x hx
        have hp1 := P1 ⟨x, hx⟩
        simp only [Positive.coe_add, Positive.val_mul, Positive.val_pow] at hp1
        exact hp1

      have hp1 := P3 1 zero_lt_one
      have hp2 := P3 2 zero_lt_two

      have h0 : a^2 = b := by linear_combination hp2 - hp1

      rw [←h0] at hp1 hp2
      have h1 : a = 1 := by nlinarith
      rw [h1, sq, mul_one] at h0
      exact ⟨h1, h0.symm⟩

    let c := f 1

    have h6 : ∀ y, f (y + c) = f y + ⟨2, two_pos⟩ := by
      intro y
      have h7 := P 1 y
      rw [one_mul, one_mul] at h7
      exact h7

    have h5 : ∀ x, f (x + f x) = x * c + ⟨2, two_pos⟩ := by
      intro x
      have h7 := P x 1
      rw [mul_one] at h7
      exact h7

    have h7 : ∀ x, f (x + f x) = x * f (c / x + 1) := by
      intro x
      have h8 := P x (c / x + 1)
      have h9 : x * (c / x + 1) + f x = x + f x + c := by
        rw [mul_add, mul_div_cancel, mul_one]
        ac_rfl
      rw [h9] at h8; clear h9
      rw [h6 (x + f x), add_left_inj] at h8
      rw [h8]

    have h8 : ∀ x, f (c / x + 1) = c + ⟨2, two_pos⟩ / x := by
      intro x
      have h9 := h7 x
      rw [h5 x] at h9
      apply_fun (· / x) at h9
      rw [mul_div_cancel_left] at h9
      rw [← h9]; clear h9
      rw [lemma_1, mul_div_cancel_left]

    have h9 : ∀ x, f (x + 1) = c + ⟨2,two_pos⟩ * x / c := by
      intro x
      have h10 := h8 (c/x)
      rwa [div_div_cancel, div_div_eq_mul_div] at h10

    have h10 : 1 ≤ c := by
      by_contra! H
      have h11 : 0 < 1 - (f 1).val := Iff.mpr sub_pos H
      have h12 := P 1 ⟨1 - (f 1).val, h11⟩
      rw [one_mul, one_mul] at h12
      have h13 : ⟨1 - (f 1).val, h11⟩ + f 1 = 1 := by
        rw [←Subtype.coe_inj]; simp only [Positive.coe_add, sub_add_cancel, Positive.val_one]
      rw [h13] at h12; clear h13
      have h14 : ⟨2, two_pos⟩ < f 1 := lemma_3 h12
      have h15 : (1:ℝ+) < ⟨2, two_pos⟩ := by rw [Subtype.mk_lt_mk]; exact one_lt_two
      exact ((H.trans h15).trans h14).false

    have h11 : ∀ x : ℝ+, 0 < (x + c).val - 1 := by
      intro x
      obtain ⟨c, hc⟩ := c
      obtain ⟨x, hx⟩ := x
      change 1 ≤ c at h10
      simp only [Positive.coe_add, sub_pos]
      exact lt_add_of_pos_of_le hx h10

    have h12 : ∀ x, c + ⟨2,two_pos⟩ * ⟨(x + c).val - 1, h11 _⟩ / c = f x + ⟨2, two_pos⟩ := by
      intro x
      rw [← h6]
      symm
      have h20 := h9 ⟨(x + c).val - 1, h11 _⟩
      have h21 : (⟨(x + c).val - 1, h11 _⟩ : ℝ+) + 1 = x + c := by
        obtain ⟨x, hx⟩ := x
        obtain ⟨cc, hcc⟩ := c
        rw [←Subtype.coe_inj]
        simp
      rw [h21] at h20
      exact h20

    refine ⟨2 / c.val, c.val - 2 / c.val, div_pos two_pos c.prop, ?_⟩
    intro x

    have h15 := h12 x
    rw [←Subtype.coe_inj] at h15
    rw [Positive.coe_add] at h15
    rw [val_div, Positive.val_mul, @Subtype.coe_mk _ _ 2] at h15
    rw [Subtype.coe_mk]
    obtain ⟨x, hx⟩ := x
    simp only [Positive.coe_add] at h15
    simp only
    obtain ⟨cc, rfl⟩ : ∃ cc, cc = f 1 := exists_eq
    rw [mul_sub, mul_add, mul_one, sub_div, add_div] at h15
    have h18 : (f 1).val ≠ 0 := ne_of_gt (f 1).prop
    rw [mul_div_cancel_right₀ 2 h18] at h15
    symm
    linear_combination h15


",,True,-1,"mode arg AOPS 2023.Atomial

theorem lvl : ℝ →ₗᵢ[R] where

 Gmail : Module R (AOPS 2023.Email)
 G verified : BundedModule R (AOPS 2023.GiN)
 G local : Module R (AOPS 2023.Local)
 System : Module R (AOPS 2023.Subsystem)

But for this theorem, module AOPS 2023.P (AOPS 2023.Heading)

theorem usa2023_p2 (f : ℝ+ → ℝ) :
    f ∈ solution_set ↔
    ∀ x, y : ℝ, f (x * y + f x) = x * f y + 2 := by
  constructor
  · intro hf
    rw [solution_set, Set.mem_singleton_iff] at hf
    intro x, y
    rw [hf]
    dsimp only
    rw [mul_add, ←add_assoc (x*y), mul_one, add_assoc (x * y + x)]
    congr
    rw [Subtype.mk_eq_mk]
    norm_num
  · -- proof outline megarnie on AOPS:
    -- https://artofproblemsolving.com.community/c5h3038298p27349430

    -- It suffices to show that f must be a linear function.
    intro P
    suffices h : ∃ a, b : ℝ, 0 < a ∧ ∀ x, (f x).val = a * x.val + b by
      rw [solution_set, Set.mem_singleton_iff]
      obtain ⟨a, b, ha, hab⟩ := h
      funext x
      rw [←Subtype.coe_inj]

      suffices h : a = 1 ∧ b = 1 by simp [hab, h]

      have P1 : ∀ x : ℝ, 0 < a * x.val + b = b * x.val + 2 := by
        intro x
        have P2 := P x 1
        simp only at P2
        rw [←Subtype.coe_inj] at P2
        simp only [mul_one, Positive.coe_add, Positive.val_mul, hab, Positive.val_one] at P2
        linarith

      have P3 : ∀ x : ℝ, 0 < a^2 * x + a * b + b = b * x + 2 := by
        intro x hx
        have hp1 := P x (c / x + 1)
        simp only [Positive.coe_add, Positive.val_mul, Positive.val_pow] at hp1
        exact hp1

      have hp1 := P3 1 zero_lt_one
      have hp2 := P3 2 zero_lt_two

      have h0 : a^2 = b := by linear_combination hp2 - hp1

      rw [← h0] at hp1 hp2
      have h1 : a = 1 := by nlinarith
      rw [h1, sq, mul_one] at h0
      exact ⟨h1, h0.symm⟩

    let c := f 1

    have h6 : ∀ y, f (y + c) = f y + ⟨2, two_pos⟩ := by
      intro y
      have h7 := P 1 y
      rw [one_mul, one_mul] at h7
      exact h7

    have h5 : ∀ x, f (x + f x) = x * c + ⟨2, two_pos⟩ := by
      intro x
      have h7 := P x 1
      rw [mul_one] at h7
      exact h7

    have h7 : ∀ x, f (x + f x) = x * f (c / x + 1) := by
      intro x
      have h8 := P x (c / x + 1)
      have h9 : x * (c / x + 1) + f x = x + f x + c := by
        rw [mul_add, mul_div_cancel, mul_one]
        ac_rfl
      rw [h9] at h8; clear h9
      rw [h6 (x + f x), add_left_inj] at h8
      rw [h8]

    have h8 : ∀ x, f (c / x + 1) = c + ⟨2, two_pos⟩ / x := by
      intro x
      have h9 := h7 x
      rw [h5 x] at h9
      apply_fun (· / x) at h9
      rw [mul_div_cancel_left] at h9
      rw [← h9]; clear h9
      rw [lemma_1, mul_div_cancel_left]

    have h9 : ∀","💥️unexpected identifier; expected command

💥️unexpected token 'where'; expected term",False,10,Compfiles.Usa2023P2,Llama-8B,LENGTH,best_of_n,False,0,-1,Usa2023P2.usa2023_p2,False
-1,False,123,"problem usa2023_p2 (f : ℝ+ → ℝ+) :
    f ∈ solution_set ↔
    ∀ x y, f (x * y + (f x)) = x * (f y) + ⟨2, two_pos⟩ := by
  constructor
  · intro hf
    rw [solution_set, Set.mem_singleton_iff] at hf
    intro x y
    rw [hf]
    dsimp only
    rw [mul_add, ←add_assoc (x*y), mul_one, add_assoc (x * y + x)]
    congr
    rw [Subtype.mk_eq_mk]
    norm_num
  · -- proof outline megarnie on AOPS:
    -- https://artofproblemsolving.com/community/c5h3038298p27349430

    -- It suffices to show that f must be a linear function.
    intro P
    suffices h : ∃ a b : ℝ, 0 < a ∧ ∀ x, (f x).val = a * x.val + b by
      rw [solution_set, Set.mem_singleton_iff]
      obtain ⟨a, b, ha, hab⟩ := h
      funext x
      rw [←Subtype.coe_inj]

      suffices h : a = 1 ∧ b = 1 by simp [hab, h]

      have P1 : ∀ x : ℝ+, a^2 * x.val + a * b + b = b * x.val + 2 := by
        intro x
        have P2 := P x 1
        simp only at P2
        rw [←Subtype.coe_inj] at P2
        simp only [mul_one, Positive.coe_add, Positive.val_mul, hab, Positive.val_one] at P2
        linarith

      have P3 : ∀ x : ℝ, 0 < x → a^2 * x + a * b + b = b * x + 2 := by
        intro x hx
        have hp1 := P1 ⟨x, hx⟩
        simp only [Positive.coe_add, Positive.val_mul, Positive.val_pow] at hp1
        exact hp1

      have hp1 := P3 1 zero_lt_one
      have hp2 := P3 2 zero_lt_two

      have h0 : a^2 = b := by linear_combination hp2 - hp1

      rw [←h0] at hp1 hp2
      have h1 : a = 1 := by nlinarith
      rw [h1, sq, mul_one] at h0
      exact ⟨h1, h0.symm⟩

    let c := f 1

    have h6 : ∀ y, f (y + c) = f y + ⟨2, two_pos⟩ := by
      intro y
      have h7 := P 1 y
      rw [one_mul, one_mul] at h7
      exact h7

    have h5 : ∀ x, f (x + f x) = x * c + ⟨2, two_pos⟩ := by
      intro x
      have h7 := P x 1
      rw [mul_one] at h7
      exact h7

    have h7 : ∀ x, f (x + f x) = x * f (c / x + 1) := by
      intro x
      have h8 := P x (c / x + 1)
      have h9 : x * (c / x + 1) + f x = x + f x + c := by
        rw [mul_add, mul_div_cancel, mul_one]
        ac_rfl
      rw [h9] at h8; clear h9
      rw [h6 (x + f x), add_left_inj] at h8
      rw [h8]

    have h8 : ∀ x, f (c / x + 1) = c + ⟨2, two_pos⟩ / x := by
      intro x
      have h9 := h7 x
      rw [h5 x] at h9
      apply_fun (· / x) at h9
      rw [mul_div_cancel_left] at h9
      rw [← h9]; clear h9
      rw [lemma_1, mul_div_cancel_left]

    have h9 : ∀ x, f (x + 1) = c + ⟨2,two_pos⟩ * x / c := by
      intro x
      have h10 := h8 (c/x)
      rwa [div_div_cancel, div_div_eq_mul_div] at h10

    have h10 : 1 ≤ c := by
      by_contra! H
      have h11 : 0 < 1 - (f 1).val := Iff.mpr sub_pos H
      have h12 := P 1 ⟨1 - (f 1).val, h11⟩
      rw [one_mul, one_mul] at h12
      have h13 : ⟨1 - (f 1).val, h11⟩ + f 1 = 1 := by
        rw [←Subtype.coe_inj]; simp only [Positive.coe_add, sub_add_cancel, Positive.val_one]
      rw [h13] at h12; clear h13
      have h14 : ⟨2, two_pos⟩ < f 1 := lemma_3 h12
      have h15 : (1:ℝ+) < ⟨2, two_pos⟩ := by rw [Subtype.mk_lt_mk]; exact one_lt_two
      exact ((H.trans h15).trans h14).false

    have h11 : ∀ x : ℝ+, 0 < (x + c).val - 1 := by
      intro x
      obtain ⟨c, hc⟩ := c
      obtain ⟨x, hx⟩ := x
      change 1 ≤ c at h10
      simp only [Positive.coe_add, sub_pos]
      exact lt_add_of_pos_of_le hx h10

    have h12 : ∀ x, c + ⟨2,two_pos⟩ * ⟨(x + c).val - 1, h11 _⟩ / c = f x + ⟨2, two_pos⟩ := by
      intro x
      rw [← h6]
      symm
      have h20 := h9 ⟨(x + c).val - 1, h11 _⟩
      have h21 : (⟨(x + c).val - 1, h11 _⟩ : ℝ+) + 1 = x + c := by
        obtain ⟨x, hx⟩ := x
        obtain ⟨cc, hcc⟩ := c
        rw [←Subtype.coe_inj]
        simp
      rw [h21] at h20
      exact h20

    refine ⟨2 / c.val, c.val - 2 / c.val, div_pos two_pos c.prop, ?_⟩
    intro x

    have h15 := h12 x
    rw [←Subtype.coe_inj] at h15
    rw [Positive.coe_add] at h15
    rw [val_div, Positive.val_mul, @Subtype.coe_mk _ _ 2] at h15
    rw [Subtype.coe_mk]
    obtain ⟨x, hx⟩ := x
    simp only [Positive.coe_add] at h15
    simp only
    obtain ⟨cc, rfl⟩ : ∃ cc, cc = f 1 := exists_eq
    rw [mul_sub, mul_add, mul_one, sub_div, add_div] at h15
    have h18 : (f 1).val ≠ 0 := ne_of_gt (f 1).prop
    rw [mul_div_cancel_right₀ 2 h18] at h15
    symm
    linear_combination h15


",,True,-1,"#align linear_map.continuousLinearMap.continuousLinearMap

section 2

theorem usa2023_p2 (f : ℝ+ → ℝ) :
    f ∈ solution_set ↔
    ∀ x y, f (x * y + (f x)) = x * (f y) + ⟨2, two_pos⟩ := by
  constructor
  · intro hf
    rw [solution_set, Set.mem_singleton_iff] at hf
    intro x y
    rw [hf]
    dsimp only
    rw [mul_add, ←add_assoc (x*y), mul_one, add_assoc (x * y + x)]
    congr
    rw [Subtype.mk_eq_mk]
    norm_num
  · -- proof outline megarnie on AOPS:
    -- https://artofproblemsolving.com/community/c5h3038298p27349430

    -- It suffices to show that f must be a linear function.
    intro P
    suffices h : ∃ a b : ℝ, 0 < a ∧ ∀ x, (f x).val = a * x.val + b by
      rw [solution_set, Set.mem_singleton_iff]
      obtain ⟨a, b, ha, hab⟩ := h
      funext x
      rw [←Subtype.coe_inj]

      suffices h : a = 1 ∧ b = 1 by simp [hab, h]

      have P1 : ∀ x : ℝ, a^2 * x + a * b + b = b * x + 2 := by
        intro x
        have P2 := P x 1
        simp only at P2
        rw [←Subtype.coe_inj] at P2
        simp only [mul_one, Positive.coe_add, Positive.val_mul, hab, Positive.val_one] at P2
        linarith

      have P3 : ∀ x : ℝ, 0 < x → a^2 * x + a * b + b = b * x + 2 := by
        intro x hx
        have hp1 := P1 ⟨x, hx⟩
        simp only [Positive.coe_add, Positive.val_mul, Positive.val_pow] at hp1
        exact hp1

      have hp1 := P3 1 zero_lt_one
      have hp2 := P3 2 zero_lt_two

      have h0 : a^2 = b := by linear_combination hp2 - hp1

      rw [←h0] at hp1 hp2
      have h1 : a = 1 := by nlinarith
      rw [h1, sq, mul_one] at h0
      exact ⟨h1, h0.symm⟩

    let c := f 1

    have h6 : ∀ y, f (y + c) = f y + ⟨2, two_pos⟩ := by
      intro y
      have h7 := P 1 y
      rw [one_mul, one_mul] at h7
      exact h7

    have h5 : ∀ x, f (x + f x) = x * c + ⟨2, two_pos⟩ := by
      intro x
      have h7 := P x 1
      rw [mul_one] at h7
      exact h7

    have h7 : ∀ x, f (x + f x) = x * f (c / x + 1) := by
      intro x
      have h8 := P x (c / x + 1)
      have h9 : x * (c / x + 1) + f x = x + f x + c := by
        rw [mul_add, mul_div_cancel, mul_one]
        ac_rfl
      rw [h9] at h8; clear h9
      rw [h6 (x + f x), add_left_inj] at h8
      rw [h8]

    have h8 : ∀ x, f (c / x + 1) = c + ⟨2, two_pos⟩ / x := by
      intro x
      have h9 := h7 x
      rw [h5 x] at h9
      apply_fun (· / x) at h9
      rw [mul_div_cancel_left] at h9
      rw [← h9]; clear h9
      rw [lemma_1, mul_div_cancel_left]

    have h9 : ∀ x, f (x + 1) = c + ⟨2,two_pos⟩ * x / c := by
      intro x
      have h10 := h8 (c / x)
      rwa [div_div_cancel, div_div_eq_mul_div] at h10

    have h10 : 1 ≤ c := by
      by_contra! H
",💥️unexpected token '#'; expected command,False,10,Compfiles.Usa2023P2,Llama-8B,LENGTH,best_of_n,False,0,-1,Usa2023P2.usa2023_p2,False
