original_prompt,og_raw,og_score,new_raw_base,new_score_base,new_raw_test,new_score_test,module,model,decl
"Shorten the current theorem (wrapped in <CURRENT>...</CURRENT>) to be as short as possible in length - measured in the number of tactics in the proof - while also ensuring that the output is still a correct proof of the theorem. The following items have been retrieved from the knowledge base as they may be helpful in optimizing the proof. They are wrapped in <RETRIEVED>...</RETRIEVED> with each item being wrapped further in <DOC>...</DOC>. Include the output in the <IMPROVED>...</IMPROVED> tag.

<RETRIEVED>
<DOC>
--src: /home/riyaza/eval_improver/improver/RAG/annotated/Mathlib/Mathlib.SetTheory.Ordinal.Arithmetic
theorem add_mul_succ {a b : Ordinal} (c) (ba : b + a = a) : (a + b) * succ c = a * succ c + b := by
  induction c using limitRecOn with
  | H₁ => simp only [succ_zero, mul_one]
  | H₂ c IH =>
    rw [mul_succ, IH, ← add_assoc, add_assoc _ b, ba, ← mul_succ]
  | H₃ c l IH =>
    rw [mul_succ, add_mul_limit_aux ba l IH, mul_succ, add_assoc]

</DOC>
<DOC>

--src: /home/riyaza/eval_improver/improver/RAG/annotated/Mathlib/Mathlib.NumberTheory.LSeries.DirichletContinuation
_ = N ^ (s - 1) * χ (-1) /  ε * ZMod.completedLFunction (𝓕 χ) s := by
    simp only [ε]
    split_ifs with h
    · rw [pow_zero, div_one, h, mul_one, completedLFunction,
        completedLFunction_one_sub_even h.to_fun _ (.inr h_sum) (.inr <| χ.map_zero' hN)]
    · replace h : χ.Odd := χ.even_or_odd.resolve_left h
      rw [completedLFunction, completedLFunction_one_sub_odd h.to_fun,
        pow_one, h, div_I, mul_neg_one, ← neg_mul, neg_neg]
  _ = (_) * ZMod.completedLFunction (fun j ↦ χ⁻¹ (-1) * gaussSum χ stdAddChar * χ⁻¹ j) s := by
    congr 2 with j
    rw [hχ.fourierTransform_eq_inv_mul_gaussSum, ← neg_one_mul j, map_mul, mul_right_comm]
  _ = N ^ (s - 1) / ε * gaussSum χ stdAddChar * completedLFunction χ⁻¹ s * (χ (-1) * χ⁻¹ (-1)):= by
    rw [completedLFunction, completedLFunction_const_mul]
    ring
  _ = N ^ (s - 1) / ε * gaussSum χ stdAddChar * completedLFunction χ⁻¹ s := by
    rw [← MulChar.mul_apply, mul_inv_cancel, MulChar.one_apply (isUnit_one.neg), mul_one]

</DOC>
<DOC>

--src: /home/riyaza/eval_improver/improver/RAG/annotated/Mathlib/Mathlib.Algebra.MvPolynomial.Equiv
have h' : ((finSuccEquiv R n f).support.sup fun x => x) = degreeOf 0 f := by
    rw [degreeOf_eq_sup, support_finSuccEquiv, Finset.sup_image, h₀]
  rw [Polynomial.degree, ← h', ← h₂, Finset.coe_sup_of_nonempty (support_finSuccEquiv_nonempty h),
    Finset.max_eq_sup_coe, h₁]

</DOC>
<DOC>

--src: /home/riyaza/eval_improver/improver/RAG/annotated/Mathlib/Mathlib.MeasureTheory.Measure.Prod
theorem prod_dirac (y : β) : μ.prod (dirac y) = map (fun x => (x, y)) μ := by
  classical
  rw [← sum_sfiniteSeq μ, prod_sum_left, map_sum measurable_prod_mk_right.aemeasurable]
  congr
  ext1 i
  refine prod_eq fun s t hs ht => ?_
  simp_rw [map_apply measurable_prod_mk_right (hs.prod ht), mk_preimage_prod_left_eq_if, measure_if,
    dirac_apply' _ ht, ← indicator_mul_right _ fun _ => sfiniteSeq μ i s, Pi.one_apply, mul_one]
theorem dirac_prod (x : α) : (dirac x).prod ν = map (Prod.mk x) ν := by
  classical
  rw [← sum_sfiniteSeq ν, prod_sum_right, map_sum measurable_prod_mk_left.aemeasurable]
  congr
  ext1 i
  refine prod_eq fun s t hs ht => ?_
  simp_rw [map_apply measurable_prod_mk_left (hs.prod ht), mk_preimage_prod_right_eq_if, measure_if,
    dirac_apply' _ hs, ← indicator_mul_left _ _ fun _ => sfiniteSeq ν i t, Pi.one_apply, one_mul]

</DOC>
<DOC>

--src: /home/riyaza/eval_improver/improver/RAG/annotated/Mathlib/Mathlib.RingTheory.Ideal.Maps
theorem map_eq_iff_sup_ker_eq_of_surjective {I J : Ideal R} (f : R →+* S)
    (hf : Function.Surjective f) : map f I = map f J ↔ I ⊔ RingHom.ker f = J ⊔ RingHom.ker f := by
  rw [← (comap_injective_of_surjective f hf).eq_iff, comap_map_of_surjective f hf,
    comap_map_of_surjective f hf, RingHom.ker_eq_comap_bot]

</DOC>
<DOC>

--src: /home/riyaza/eval_improver/improver/RAG/annotated/Mathlib/Mathlib.AlgebraicGeometry.EllipticCurve.ModelsWithJ
lemma ofJ_1728_of_two_eq_zero (h2 : (2 : F) = 0) : ofJ 1728 = ofJ0 F := by
  rw [ofJ, if_pos (by linear_combination 864 * h2),
    if_neg ((show (3 : F) = 1 by linear_combination h2) ▸ one_ne_zero)]

</DOC>
<DOC>

--src: /home/riyaza/eval_improver/improver/RAG/annotated/Mathlib/Mathlib.MeasureTheory.Measure.MeasureSpace
def liftLinear [MeasurableSpace β] (f : OuterMeasure α →ₗ[ℝ≥0∞] OuterMeasure β)
    (hf : ∀ μ : Measure α, ‹_› ≤ (f μ.toOuterMeasure).caratheodory) :
    Measure α →ₗ[ℝ≥0∞] Measure β where
  toFun μ := (f μ.toOuterMeasure).toMeasure (hf μ)
  map_add' μ₁ μ₂ := ext fun s hs => by
    simp only [map_add, coe_add, Pi.add_apply, toMeasure_apply, add_toOuterMeasure,
      OuterMeasure.coe_add, hs]
  map_smul' c μ := ext fun s hs => by
    simp only [LinearMap.map_smulₛₗ, coe_smul, Pi.smul_apply,
      toMeasure_apply, smul_toOuterMeasure (R := ℝ≥0∞), OuterMeasure.coe_smul (R := ℝ≥0∞),
      smul_apply, hs]

</DOC>
</RETRIEVED>

<CURRENT>
theorem my_lemma4 :
    ∀ {x y ε : ℝ}, 0 < ε → ε ≤ 1 → |x| < ε → |y| < ε → |x * y| < ε := by
  intro x y ε epos ele1 xlt ylt
  calc
    |x * y| = |x| * |y| := by apply abs_mul
    _ ≤ |x| * ε := by apply mul_le_mul; linarith; linarith; apply abs_nonneg; apply abs_nonneg;
    _ < 1 * ε := by rw [mul_lt_mul_right epos]; linarith
    _ = ε := by apply one_mul


</CURRENT>

<IMPROVED>","theorem my_lemma4 :
    ∀ {x y ε : ℝ}, 0 < ε → ε ≤ 1 → |x| < ε → |y| < ε → |x * y| < ε := by
  intro x y ε epos ele1 xlt ylt
  calc
    |x * y| = |x| * |y| := by apply abs_mul
    _ ≤ |x| * ε := by apply mul_le_mul; linarith; linarith; apply abs_nonneg; apply abs_nonneg;
    _ < 1 * ε := by rw [mul_lt_mul_right epos]; linarith
    _ = ε := by apply one_mul

",12,"theorem my_lemma4 :
    ∀ {x y ε : ℝ}, 0 < ε → ε ≤ 1 → |x| < ε → |y| < ε → |x * y| < ε  := by
  intro x y ε epos ele1 xlt ylt
  calc
  |x * y| = |x| * |y| := by apply abs_mul
  _ ≤ |x| * ε := by apply mul_le_mul; linarith; linarith; apply abs_nonneg; apply abs_nonneg
  _ < 1 * ε := by rw [mul_lt_mul_right epos]; linarith
  _ = ε := by apply one_mul
",12,,0,MIL.C03_Logic.solutions.Solutions_S01_Implication_and_the_Universal_Quantifier,Qwen-7B-ImproverSFT-RAG,CH03.my_lemma4
"Shorten the current theorem (wrapped in <CURRENT>...</CURRENT>) to be as short as possible in length - measured in the number of tactics in the proof - while also ensuring that the output is still a correct proof of the theorem. The following items have been retrieved from the knowledge base as they may be helpful in optimizing the proof. They are wrapped in <RETRIEVED>...</RETRIEVED> with each item being wrapped further in <DOC>...</DOC>. Include the output in the <IMPROVED>...</IMPROVED> tag.

<RETRIEVED>
<DOC>
--src: /home/riyaza/eval_improver/improver/RAG/annotated/Mathlib/Mathlib.Data.ZMod.Basic
theorem val_cast_eq_val_of_lt {m n : ℕ} [nzm : NeZero m] {a : ZMod m}
    (h : a.val < n) : (a.cast : ZMod n).val = a.val := by
  have nzn : NeZero n := by constructor; rintro rfl; simp at h
  cases m with
  | zero => cases nzm; simp_all
  | succ m =>
    cases n with
    | zero => cases nzn; simp_all
    | succ n => exact Fin.val_cast_of_lt h
theorem cast_cast_zmod_of_le {m n : ℕ} [hm : NeZero m] (h : m ≤ n) (a : ZMod m) :
    (cast (cast a : ZMod n) : ZMod m) = a := by
  have : NeZero n := ⟨((Nat.zero_lt_of_ne_zero hm.out).trans_le h).ne'⟩
  rw [cast_eq_val, val_cast_eq_val_of_lt (a.val_lt.trans_le h), natCast_zmod_val]

</DOC>
<DOC>

--src: /home/riyaza/eval_improver/improver/RAG/annotated/Mathlib/Mathlib.CategoryTheory.Closed.Cartesian
theorem strict_initial {I : C} (t : IsInitial I) (f : A ⟶ I) : IsIso f := by
  haveI : Mono f := by
    rw [← ChosenFiniteProducts.lift_snd (𝟙 A) f, ← zeroMul_hom t]
    exact mono_comp _ _
  haveI : IsSplitEpi f := IsSplitEpi.mk' ⟨t.to _, t.hom_ext _ _⟩
  apply isIso_of_mono_of_isSplitEpi

</DOC>
<DOC>

--src: /home/riyaza/eval_improver/improver/RAG/annotated/Mathlib/Mathlib.RingTheory.Ideal.Maximal
theorem maximal_of_no_maximal {P : Ideal α}
    (hmax : ∀ m : Ideal α, P < m → ¬IsMaximal m) (J : Ideal α) (hPJ : P < J) : J = ⊤ := by
  by_contra hnonmax
  rcases exists_le_maximal J hnonmax with ⟨M, hM1, hM2⟩
  exact hmax M (lt_of_lt_of_le hPJ hM2) hM1

</DOC>
<DOC>

--src: /home/riyaza/eval_improver/improver/RAG/annotated/Mathlib/Mathlib.Order.Minimal
theorem Minimal.or (h : Minimal (fun x ↦ P x ∨ Q x) x) : Minimal P x ∨ Minimal Q x := by
  obtain ⟨h | h, hmin⟩ := h
  · exact .inl ⟨h, fun y hy hyx ↦ hmin (Or.inl hy) hyx⟩
  exact .inr ⟨h, fun y hy hyx ↦ hmin (Or.inr hy) hyx⟩

</DOC>
<DOC>

--src: /home/riyaza/eval_improver/improver/RAG/annotated/Mathlib/Mathlib.Data.Rat.Defs
theorem natCast_div_eq_divInt (n d : ℕ) : (n : ℚ) / d = n /. d := Rat.intCast_div_eq_divInt n d
theorem divInt_mul_divInt_cancel {x : ℤ} (hx : x ≠ 0) (n d : ℤ) : n /. x * (x /. d) = n /. d := by
  by_cases hd : d = 0
  · rw [hd]
    simp
  rw [divInt_mul_divInt _ _ hx hd, x.mul_comm, divInt_mul_right hx]

</DOC>
<DOC>

--src: /home/riyaza/eval_improver/improver/RAG/annotated/Mathlib/Mathlib.Data.ENNReal.Real
theorem toNNReal_lt_of_lt_coe (h : a < p) : a.toNNReal < p :=
  @toNNReal_coe p ▸ toNNReal_strict_mono coe_ne_top h
theorem toReal_max (hr : a ≠ ∞) (hp : b ≠ ∞) :
    ENNReal.toReal (max a b) = max (ENNReal.toReal a) (ENNReal.toReal b) :=
  (le_total a b).elim
    (fun h => by simp only [h, ENNReal.toReal_mono hp h, max_eq_right]) fun h => by
    simp only [h, ENNReal.toReal_mono hr h, max_eq_left]

</DOC>
<DOC>

--src: /home/riyaza/eval_improver/improver/RAG/annotated/Mathlib/Mathlib.RingTheory.MvPolynomial.MonomialOrder
theorem degree_sub_of_lt {f g : MvPolynomial σ R} (h : m.degree g ≺[m] m.degree f) :
    m.degree (f - g) = m.degree f := by
  rw [sub_eq_add_neg]
  apply degree_add_of_lt
  simp only [degree_neg, h]

</DOC>
</RETRIEVED>

<CURRENT>
theorem t1 (hfa : FnLb f a) (hgb : FnLb g b) : FnLb (fun x ↦ f x + g x) (a + b) := by
  intro x
  apply add_le_add
  apply hfa
  apply hgb


</CURRENT>

<IMPROVED>","theorem t1 (hfa : FnLb f a) (hgb : FnLb g b) : FnLb (fun x ↦ f x + g x) (a + b) := by
  intro x
  apply add_le_add
  apply hfa
  apply hgb

",4,"theorem t1 (hfa : FnLb f a) (hgb : FnLb g b) : FnLb (fun x ↦ f x + g x) (a + b)  := by
  apply λ x => add_le_add (hfa x) (hgb x)
",1,,0,MIL.C03_Logic.solutions.Solutions_S01_Implication_and_the_Universal_Quantifier,Qwen-7B-ImproverSFT-RAG,CH03.t1
"Shorten the current theorem (wrapped in <CURRENT>...</CURRENT>) to be as short as possible in length - measured in the number of tactics in the proof - while also ensuring that the output is still a correct proof of the theorem. The following items have been retrieved from the knowledge base as they may be helpful in optimizing the proof. They are wrapped in <RETRIEVED>...</RETRIEVED> with each item being wrapped further in <DOC>...</DOC>. Include the output in the <IMPROVED>...</IMPROVED> tag.

<RETRIEVED>
<DOC>
--src: /home/riyaza/eval_improver/improver/RAG/annotated/Mathlib/Mathlib.CategoryTheory.Closed.Cartesian
theorem strict_initial {I : C} (t : IsInitial I) (f : A ⟶ I) : IsIso f := by
  haveI : Mono f := by
    rw [← ChosenFiniteProducts.lift_snd (𝟙 A) f, ← zeroMul_hom t]
    exact mono_comp _ _
  haveI : IsSplitEpi f := IsSplitEpi.mk' ⟨t.to _, t.hom_ext _ _⟩
  apply isIso_of_mono_of_isSplitEpi

</DOC>
<DOC>

--src: /home/riyaza/eval_improver/improver/RAG/annotated/Mathlib/Mathlib.Data.ZMod.Basic
theorem val_cast_eq_val_of_lt {m n : ℕ} [nzm : NeZero m] {a : ZMod m}
    (h : a.val < n) : (a.cast : ZMod n).val = a.val := by
  have nzn : NeZero n := by constructor; rintro rfl; simp at h
  cases m with
  | zero => cases nzm; simp_all
  | succ m =>
    cases n with
    | zero => cases nzn; simp_all
    | succ n => exact Fin.val_cast_of_lt h
theorem cast_cast_zmod_of_le {m n : ℕ} [hm : NeZero m] (h : m ≤ n) (a : ZMod m) :
    (cast (cast a : ZMod n) : ZMod m) = a := by
  have : NeZero n := ⟨((Nat.zero_lt_of_ne_zero hm.out).trans_le h).ne'⟩
  rw [cast_eq_val, val_cast_eq_val_of_lt (a.val_lt.trans_le h), natCast_zmod_val]

</DOC>
<DOC>

--src: /home/riyaza/eval_improver/improver/RAG/annotated/Mathlib/Mathlib.Algebra.Order.Sub.Basic
theorem tsub_lt_of_lt (h : a < b) : a - c < b :=
  lt_of_le_of_lt tsub_le_self h
protected theorem tsub_le_tsub_iff_left (ha : AddLECancellable a) (hc : AddLECancellable c)
    (h : c ≤ a) : a - b ≤ a - c ↔ c ≤ b := by
  refine ⟨?_, fun h => tsub_le_tsub_left h a⟩
  rw [tsub_le_iff_left, ← hc.add_tsub_assoc_of_le h, hc.le_tsub_iff_right (h.trans le_add_self),
    add_comm b]
  apply ha

</DOC>
<DOC>

--src: /home/riyaza/eval_improver/improver/RAG/annotated/Mathlib/Mathlib.Data.Finite.Prod
protected theorem Finite.offDiag {s : Set α} (hs : s.Finite) : s.offDiag.Finite :=
  (hs.prod hs).subset s.offDiag_subset_prod
protected theorem Finite.image2 (f : α → β → γ) (hs : s.Finite) (ht : t.Finite) :
    (image2 f s t).Finite := by
  have := hs.to_subtype
  have := ht.to_subtype
  apply toFinite

</DOC>
<DOC>

--src: /home/riyaza/eval_improver/improver/RAG/annotated/Mathlib/Mathlib.Algebra.Polynomial.Degree.Lemmas
theorem natDegree_mul_leadingCoeff_inv (p : K[X]) {q : K[X]} (h : q ≠ 0) :
    natDegree (p * C (leadingCoeff q)⁻¹) = natDegree p :=
  natDegree_eq_of_degree_eq (degree_mul_leadingCoeff_inv _ h)
theorem degree_mul_leadingCoeff_self_inv (p : K[X]) :
    degree (p * C (leadingCoeff p)⁻¹) = degree p := by
  by_cases hp : p = 0
  · simp [hp]
  exact degree_mul_leadingCoeff_inv _ hp

</DOC>
<DOC>

--src: /home/riyaza/eval_improver/improver/RAG/annotated/Mathlib/Mathlib.Order.Filter.Finite
theorem mem_iInf_of_finite {ι : Type*} [Finite ι] {α : Type*} {f : ι → Filter α} (s) :
    (s ∈ ⨅ i, f i) ↔ ∃ t : ι → Set α, (∀ i, t i ∈ f i) ∧ s = ⋂ i, t i := by
  refine ⟨exists_iInter_of_mem_iInf, ?_⟩
  rintro ⟨t, ht, rfl⟩
  exact iInter_mem.2 fun i => mem_iInf_of_mem i (ht i)

</DOC>
<DOC>

--src: /home/riyaza/eval_improver/improver/RAG/annotated/Mathlib/Mathlib.RingTheory.Ideal.Maximal
theorem maximal_of_no_maximal {P : Ideal α}
    (hmax : ∀ m : Ideal α, P < m → ¬IsMaximal m) (J : Ideal α) (hPJ : P < J) : J = ⊤ := by
  by_contra hnonmax
  rcases exists_le_maximal J hnonmax with ⟨M, hM1, hM2⟩
  exact hmax M (lt_of_lt_of_le hPJ hM2) hM1

</DOC>
</RETRIEVED>

<CURRENT>
theorem t14 {c : ℝ} (h : c ≠ 0) : Injective fun x ↦ c * x := by
  intro x₁ x₂ h'
  apply (mul_right_inj' h).mp h'


</CURRENT>

<IMPROVED>","theorem t14 {c : ℝ} (h : c ≠ 0) : Injective fun x ↦ c * x := by
  intro x₁ x₂ h'
  apply (mul_right_inj' h).mp h'

",2,"theorem t14 {c : ℝ} (h : c ≠ 0) : Injective fun x ↦ c * x  := by
  exact fun x₁ x₂ h' => (mul_right_inj' h).mp h'






",1,,0,MIL.C03_Logic.solutions.Solutions_S01_Implication_and_the_Universal_Quantifier,Qwen-7B-ImproverSFT-RAG,CH03.t14
"Shorten the current theorem (wrapped in <CURRENT>...</CURRENT>) to be as short as possible in length - measured in the number of tactics in the proof - while also ensuring that the output is still a correct proof of the theorem. The following items have been retrieved from the knowledge base as they may be helpful in optimizing the proof. They are wrapped in <RETRIEVED>...</RETRIEVED> with each item being wrapped further in <DOC>...</DOC>. Include the output in the <IMPROVED>...</IMPROVED> tag.

<RETRIEVED>
<DOC>
--src: /home/riyaza/eval_improver/improver/RAG/annotated/Mathlib/Mathlib.Data.ZMod.Basic
theorem val_cast_eq_val_of_lt {m n : ℕ} [nzm : NeZero m] {a : ZMod m}
    (h : a.val < n) : (a.cast : ZMod n).val = a.val := by
  have nzn : NeZero n := by constructor; rintro rfl; simp at h
  cases m with
  | zero => cases nzm; simp_all
  | succ m =>
    cases n with
    | zero => cases nzn; simp_all
    | succ n => exact Fin.val_cast_of_lt h
theorem cast_cast_zmod_of_le {m n : ℕ} [hm : NeZero m] (h : m ≤ n) (a : ZMod m) :
    (cast (cast a : ZMod n) : ZMod m) = a := by
  have : NeZero n := ⟨((Nat.zero_lt_of_ne_zero hm.out).trans_le h).ne'⟩
  rw [cast_eq_val, val_cast_eq_val_of_lt (a.val_lt.trans_le h), natCast_zmod_val]

</DOC>
<DOC>

--src: /home/riyaza/eval_improver/improver/RAG/annotated/Mathlib/Mathlib.CategoryTheory.Closed.Cartesian
theorem strict_initial {I : C} (t : IsInitial I) (f : A ⟶ I) : IsIso f := by
  haveI : Mono f := by
    rw [← ChosenFiniteProducts.lift_snd (𝟙 A) f, ← zeroMul_hom t]
    exact mono_comp _ _
  haveI : IsSplitEpi f := IsSplitEpi.mk' ⟨t.to _, t.hom_ext _ _⟩
  apply isIso_of_mono_of_isSplitEpi

</DOC>
<DOC>

--src: /home/riyaza/eval_improver/improver/RAG/annotated/Mathlib/Mathlib.Data.Finset.Lattice.Fold
theorem sup'_congr {t : Finset β} {f g : β → α} (h₁ : s = t) (h₂ : ∀ x ∈ s, f x = g x) :
    s.sup' H f = t.sup' (h₁ ▸ H) g := by
  subst s
  refine eq_of_forall_ge_iff fun c => ?_
  simp +contextual only [sup'_le_iff, h₂]

</DOC>
<DOC>

--src: /home/riyaza/eval_improver/improver/RAG/annotated/Mathlib/Mathlib.Data.Finite.Prod
protected theorem Finite.offDiag {s : Set α} (hs : s.Finite) : s.offDiag.Finite :=
  (hs.prod hs).subset s.offDiag_subset_prod
protected theorem Finite.image2 (f : α → β → γ) (hs : s.Finite) (ht : t.Finite) :
    (image2 f s t).Finite := by
  have := hs.to_subtype
  have := ht.to_subtype
  apply toFinite

</DOC>
<DOC>

--src: /home/riyaza/eval_improver/improver/RAG/annotated/Mathlib/Mathlib.Order.Filter.Finite
theorem mem_iInf_of_finite {ι : Type*} [Finite ι] {α : Type*} {f : ι → Filter α} (s) :
    (s ∈ ⨅ i, f i) ↔ ∃ t : ι → Set α, (∀ i, t i ∈ f i) ∧ s = ⋂ i, t i := by
  refine ⟨exists_iInter_of_mem_iInf, ?_⟩
  rintro ⟨t, ht, rfl⟩
  exact iInter_mem.2 fun i => mem_iInf_of_mem i (ht i)

</DOC>
<DOC>

--src: /home/riyaza/eval_improver/improver/RAG/annotated/Mathlib/Mathlib.Algebra.Polynomial.Degree.Lemmas
theorem natDegree_mul_leadingCoeff_inv (p : K[X]) {q : K[X]} (h : q ≠ 0) :
    natDegree (p * C (leadingCoeff q)⁻¹) = natDegree p :=
  natDegree_eq_of_degree_eq (degree_mul_leadingCoeff_inv _ h)
theorem degree_mul_leadingCoeff_self_inv (p : K[X]) :
    degree (p * C (leadingCoeff p)⁻¹) = degree p := by
  by_cases hp : p = 0
  · simp [hp]
  exact degree_mul_leadingCoeff_inv _ hp

</DOC>
<DOC>

--src: /home/riyaza/eval_improver/improver/RAG/annotated/Mathlib/Mathlib.RingTheory.Ideal.Maximal
theorem maximal_of_no_maximal {P : Ideal α}
    (hmax : ∀ m : Ideal α, P < m → ¬IsMaximal m) (J : Ideal α) (hPJ : P < J) : J = ⊤ := by
  by_contra hnonmax
  rcases exists_le_maximal J hnonmax with ⟨M, hM1, hM2⟩
  exact hmax M (lt_of_lt_of_le hPJ hM2) hM1

</DOC>
</RETRIEVED>

<CURRENT>
theorem t15 (injg : Injective g) (injf : Injective f) : Injective fun x ↦ g (f x) := by
  intro x₁ x₂ h
  apply injf
  apply injg
  apply h


</CURRENT>

<IMPROVED>","theorem t15 (injg : Injective g) (injf : Injective f) : Injective fun x ↦ g (f x) := by
  intro x₁ x₂ h
  apply injf
  apply injg
  apply h

",4,"theorem t15 (injg : Injective g) (injf : Injective f) : Injective fun x ↦ g (f x)   := by
  exact fun x₁ x₂ h => injf (injg h) ",1,,0,MIL.C03_Logic.solutions.Solutions_S01_Implication_and_the_Universal_Quantifier,Qwen-7B-ImproverSFT-RAG,CH03.t15
"Shorten the current theorem (wrapped in <CURRENT>...</CURRENT>) to be as short as possible in length - measured in the number of tactics in the proof - while also ensuring that the output is still a correct proof of the theorem. The following items have been retrieved from the knowledge base as they may be helpful in optimizing the proof. They are wrapped in <RETRIEVED>...</RETRIEVED> with each item being wrapped further in <DOC>...</DOC>. Include the output in the <IMPROVED>...</IMPROVED> tag.

<RETRIEVED>
<DOC>
--src: /home/riyaza/eval_improver/improver/RAG/annotated/Mathlib/Mathlib.Data.ZMod.Basic
theorem val_cast_eq_val_of_lt {m n : ℕ} [nzm : NeZero m] {a : ZMod m}
    (h : a.val < n) : (a.cast : ZMod n).val = a.val := by
  have nzn : NeZero n := by constructor; rintro rfl; simp at h
  cases m with
  | zero => cases nzm; simp_all
  | succ m =>
    cases n with
    | zero => cases nzn; simp_all
    | succ n => exact Fin.val_cast_of_lt h
theorem cast_cast_zmod_of_le {m n : ℕ} [hm : NeZero m] (h : m ≤ n) (a : ZMod m) :
    (cast (cast a : ZMod n) : ZMod m) = a := by
  have : NeZero n := ⟨((Nat.zero_lt_of_ne_zero hm.out).trans_le h).ne'⟩
  rw [cast_eq_val, val_cast_eq_val_of_lt (a.val_lt.trans_le h), natCast_zmod_val]

</DOC>
<DOC>

--src: /home/riyaza/eval_improver/improver/RAG/annotated/Mathlib/Mathlib.CategoryTheory.Closed.Cartesian
theorem strict_initial {I : C} (t : IsInitial I) (f : A ⟶ I) : IsIso f := by
  haveI : Mono f := by
    rw [← ChosenFiniteProducts.lift_snd (𝟙 A) f, ← zeroMul_hom t]
    exact mono_comp _ _
  haveI : IsSplitEpi f := IsSplitEpi.mk' ⟨t.to _, t.hom_ext _ _⟩
  apply isIso_of_mono_of_isSplitEpi

</DOC>
<DOC>

--src: /home/riyaza/eval_improver/improver/RAG/annotated/Mathlib/Mathlib.RingTheory.Ideal.Maximal
theorem maximal_of_no_maximal {P : Ideal α}
    (hmax : ∀ m : Ideal α, P < m → ¬IsMaximal m) (J : Ideal α) (hPJ : P < J) : J = ⊤ := by
  by_contra hnonmax
  rcases exists_le_maximal J hnonmax with ⟨M, hM1, hM2⟩
  exact hmax M (lt_of_lt_of_le hPJ hM2) hM1

</DOC>
<DOC>

--src: /home/riyaza/eval_improver/improver/RAG/annotated/Mathlib/Mathlib.Order.Minimal
theorem Minimal.or (h : Minimal (fun x ↦ P x ∨ Q x) x) : Minimal P x ∨ Minimal Q x := by
  obtain ⟨h | h, hmin⟩ := h
  · exact .inl ⟨h, fun y hy hyx ↦ hmin (Or.inl hy) hyx⟩
  exact .inr ⟨h, fun y hy hyx ↦ hmin (Or.inr hy) hyx⟩

</DOC>
<DOC>

--src: /home/riyaza/eval_improver/improver/RAG/annotated/Mathlib/Mathlib.Data.Rat.Defs
theorem natCast_div_eq_divInt (n d : ℕ) : (n : ℚ) / d = n /. d := Rat.intCast_div_eq_divInt n d
theorem divInt_mul_divInt_cancel {x : ℤ} (hx : x ≠ 0) (n d : ℤ) : n /. x * (x /. d) = n /. d := by
  by_cases hd : d = 0
  · rw [hd]
    simp
  rw [divInt_mul_divInt _ _ hx hd, x.mul_comm, divInt_mul_right hx]

</DOC>
<DOC>

--src: /home/riyaza/eval_improver/improver/RAG/annotated/Mathlib/Mathlib.Data.ENNReal.Real
theorem toNNReal_lt_of_lt_coe (h : a < p) : a.toNNReal < p :=
  @toNNReal_coe p ▸ toNNReal_strict_mono coe_ne_top h
theorem toReal_max (hr : a ≠ ∞) (hp : b ≠ ∞) :
    ENNReal.toReal (max a b) = max (ENNReal.toReal a) (ENNReal.toReal b) :=
  (le_total a b).elim
    (fun h => by simp only [h, ENNReal.toReal_mono hp h, max_eq_right]) fun h => by
    simp only [h, ENNReal.toReal_mono hr h, max_eq_left]

</DOC>
<DOC>

--src: /home/riyaza/eval_improver/improver/RAG/annotated/Mathlib/Mathlib.Data.Nat.Squarefree
theorem squarefree_of_factorization_le_one {n : ℕ} (hn : n ≠ 0) (hn' : ∀ p, n.factorization p ≤ 1) :
    Squarefree n := by
  rw [squarefree_iff_nodup_primeFactorsList hn, List.nodup_iff_count_le_one]
  intro a
  rw [primeFactorsList_count_eq]
  apply hn'

</DOC>
</RETRIEVED>

<CURRENT>
theorem t2 (nnf : FnLb f 0) (nng : FnLb g 0) : FnLb (fun x ↦ f x * g x) 0 := by
  intro x
  apply mul_nonneg
  apply nnf
  apply nng


</CURRENT>

<IMPROVED>","theorem t2 (nnf : FnLb f 0) (nng : FnLb g 0) : FnLb (fun x ↦ f x * g x) 0 := by
  intro x
  apply mul_nonneg
  apply nnf
  apply nng

",4,"theorem t2 (nnf : FnLb f 0) (nng : FnLb g 0) : FnLb (fun x ↦ f x * g x) 0   := by
  exact fun x => mul_nonneg (nnf x) (nng x)",1,,0,MIL.C03_Logic.solutions.Solutions_S01_Implication_and_the_Universal_Quantifier,Qwen-7B-ImproverSFT-RAG,CH03.t2
"Shorten the current theorem (wrapped in <CURRENT>...</CURRENT>) to be as short as possible in length - measured in the number of tactics in the proof - while also ensuring that the output is still a correct proof of the theorem. The following items have been retrieved from the knowledge base as they may be helpful in optimizing the proof. They are wrapped in <RETRIEVED>...</RETRIEVED> with each item being wrapped further in <DOC>...</DOC>. Include the output in the <IMPROVED>...</IMPROVED> tag.

<RETRIEVED>
<DOC>
--src: /home/riyaza/eval_improver/improver/RAG/annotated/Mathlib/Mathlib.CategoryTheory.Closed.Cartesian
theorem strict_initial {I : C} (t : IsInitial I) (f : A ⟶ I) : IsIso f := by
  haveI : Mono f := by
    rw [← ChosenFiniteProducts.lift_snd (𝟙 A) f, ← zeroMul_hom t]
    exact mono_comp _ _
  haveI : IsSplitEpi f := IsSplitEpi.mk' ⟨t.to _, t.hom_ext _ _⟩
  apply isIso_of_mono_of_isSplitEpi

</DOC>
<DOC>

--src: /home/riyaza/eval_improver/improver/RAG/annotated/Mathlib/Mathlib.Data.ZMod.Basic
theorem val_cast_eq_val_of_lt {m n : ℕ} [nzm : NeZero m] {a : ZMod m}
    (h : a.val < n) : (a.cast : ZMod n).val = a.val := by
  have nzn : NeZero n := by constructor; rintro rfl; simp at h
  cases m with
  | zero => cases nzm; simp_all
  | succ m =>
    cases n with
    | zero => cases nzn; simp_all
    | succ n => exact Fin.val_cast_of_lt h
theorem cast_cast_zmod_of_le {m n : ℕ} [hm : NeZero m] (h : m ≤ n) (a : ZMod m) :
    (cast (cast a : ZMod n) : ZMod m) = a := by
  have : NeZero n := ⟨((Nat.zero_lt_of_ne_zero hm.out).trans_le h).ne'⟩
  rw [cast_eq_val, val_cast_eq_val_of_lt (a.val_lt.trans_le h), natCast_zmod_val]

</DOC>
<DOC>

--src: /home/riyaza/eval_improver/improver/RAG/annotated/Mathlib/Mathlib.RingTheory.MvPolynomial.MonomialOrder
theorem degree_sub_of_lt {f g : MvPolynomial σ R} (h : m.degree g ≺[m] m.degree f) :
    m.degree (f - g) = m.degree f := by
  rw [sub_eq_add_neg]
  apply degree_add_of_lt
  simp only [degree_neg, h]

</DOC>
<DOC>

--src: /home/riyaza/eval_improver/improver/RAG/annotated/Mathlib/Mathlib.Order.Minimal
theorem Minimal.or (h : Minimal (fun x ↦ P x ∨ Q x) x) : Minimal P x ∨ Minimal Q x := by
  obtain ⟨h | h, hmin⟩ := h
  · exact .inl ⟨h, fun y hy hyx ↦ hmin (Or.inl hy) hyx⟩
  exact .inr ⟨h, fun y hy hyx ↦ hmin (Or.inr hy) hyx⟩

</DOC>
<DOC>

--src: /home/riyaza/eval_improver/improver/RAG/annotated/Mathlib/Mathlib.Data.Rat.Defs
theorem natCast_div_eq_divInt (n d : ℕ) : (n : ℚ) / d = n /. d := Rat.intCast_div_eq_divInt n d
theorem divInt_mul_divInt_cancel {x : ℤ} (hx : x ≠ 0) (n d : ℤ) : n /. x * (x /. d) = n /. d := by
  by_cases hd : d = 0
  · rw [hd]
    simp
  rw [divInt_mul_divInt _ _ hx hd, x.mul_comm, divInt_mul_right hx]

</DOC>
<DOC>

--src: /home/riyaza/eval_improver/improver/RAG/annotated/Mathlib/Mathlib.Analysis.SpecificLimits.Basic
theorem summable_geometric_two : Summable fun n : ℕ ↦ ((1 : ℝ) / 2) ^ n :=
  ⟨_, hasSum_geometric_two⟩
theorem summable_geometric_two_encode {ι : Type*} [Encodable ι] :
    Summable fun i : ι ↦ (1 / 2 : ℝ) ^ Encodable.encode i :=
  summable_geometric_two.comp_injective Encodable.encode_injective
theorem tsum_geometric_two : (∑' n : ℕ, ((1 : ℝ) / 2) ^ n) = 2 :=
  hasSum_geometric_two.tsum_eq
theorem sum_geometric_two_le (n : ℕ) : (∑ i ∈ range n, (1 / (2 : ℝ)) ^ i) ≤ 2 := by
  have : ∀ i, 0 ≤ (1 / (2 : ℝ)) ^ i := by
    intro i
    apply pow_nonneg
    norm_num
  convert sum_le_tsum (range n) (fun i _ ↦ this i) summable_geometric_two
  exact tsum_geometric_two.symm

</DOC>
<DOC>

--src: /home/riyaza/eval_improver/improver/RAG/annotated/Mathlib/Mathlib.RingTheory.Ideal.Maximal
theorem maximal_of_no_maximal {P : Ideal α}
    (hmax : ∀ m : Ideal α, P < m → ¬IsMaximal m) (J : Ideal α) (hPJ : P < J) : J = ⊤ := by
  by_contra hnonmax
  rcases exists_le_maximal J hnonmax with ⟨M, hM1, hM2⟩
  exact hmax M (lt_of_lt_of_le hPJ hM2) hM1

</DOC>
</RETRIEVED>

<CURRENT>
theorem t11 : (s ∪ ⋂ i, A i) = ⋂ i, A i ∪ s := by
  ext x
  simp only [mem_union, mem_iInter]
  constructor
  · rintro (xs | xI)
    · intro i
      right
      exact xs
    intro i
    left
    exact xI i
  intro h
  by_cases xs : x ∈ s
  · left
    exact xs
  right
  intro i
  cases h i
  · assumption
  contradiction


</CURRENT>

<IMPROVED>","theorem t11 : (s ∪ ⋂ i, A i) = ⋂ i, A i ∪ s := by
  ext x
  simp only [mem_union, mem_iInter]
  constructor
  · rintro (xs | xI)
    · intro i
      right
      exact xs
    intro i
    left
    exact xI i
  intro h
  by_cases xs : x ∈ s
  · left
    exact xs
  right
  intro i
  cases h i
  · assumption
  contradiction

",19,"theorem t11 : (s ∪ ⋂ i, A i) = ⋂ i, A i ∪ s  := by
  ext x
  simp only [mem_union, mem_iInter]
  constructor
  rintro |_xI
  · exact λ i, right ▸ xs
  · exact λ i, left ▸ xI i:",-1,,0,MIL.C04_Sets_and_Functions.solutions.Solutions_S01_Sets,Qwen-7B-ImproverSFT-RAG,CH04.t11
"Shorten the current theorem (wrapped in <CURRENT>...</CURRENT>) to be as short as possible in length - measured in the number of tactics in the proof - while also ensuring that the output is still a correct proof of the theorem. The following items have been retrieved from the knowledge base as they may be helpful in optimizing the proof. They are wrapped in <RETRIEVED>...</RETRIEVED> with each item being wrapped further in <DOC>...</DOC>. Include the output in the <IMPROVED>...</IMPROVED> tag.

<RETRIEVED>
<DOC>
--src: /home/riyaza/eval_improver/improver/RAG/annotated/Mathlib/Mathlib.CategoryTheory.Closed.Cartesian
theorem strict_initial {I : C} (t : IsInitial I) (f : A ⟶ I) : IsIso f := by
  haveI : Mono f := by
    rw [← ChosenFiniteProducts.lift_snd (𝟙 A) f, ← zeroMul_hom t]
    exact mono_comp _ _
  haveI : IsSplitEpi f := IsSplitEpi.mk' ⟨t.to _, t.hom_ext _ _⟩
  apply isIso_of_mono_of_isSplitEpi

</DOC>
<DOC>

--src: /home/riyaza/eval_improver/improver/RAG/annotated/Mathlib/Mathlib.RingTheory.Ideal.Maximal
theorem maximal_of_no_maximal {P : Ideal α}
    (hmax : ∀ m : Ideal α, P < m → ¬IsMaximal m) (J : Ideal α) (hPJ : P < J) : J = ⊤ := by
  by_contra hnonmax
  rcases exists_le_maximal J hnonmax with ⟨M, hM1, hM2⟩
  exact hmax M (lt_of_lt_of_le hPJ hM2) hM1

</DOC>
<DOC>

--src: /home/riyaza/eval_improver/improver/RAG/annotated/Mathlib/Mathlib.Analysis.SpecificLimits.Basic
theorem summable_geometric_two : Summable fun n : ℕ ↦ ((1 : ℝ) / 2) ^ n :=
  ⟨_, hasSum_geometric_two⟩
theorem summable_geometric_two_encode {ι : Type*} [Encodable ι] :
    Summable fun i : ι ↦ (1 / 2 : ℝ) ^ Encodable.encode i :=
  summable_geometric_two.comp_injective Encodable.encode_injective
theorem tsum_geometric_two : (∑' n : ℕ, ((1 : ℝ) / 2) ^ n) = 2 :=
  hasSum_geometric_two.tsum_eq
theorem sum_geometric_two_le (n : ℕ) : (∑ i ∈ range n, (1 / (2 : ℝ)) ^ i) ≤ 2 := by
  have : ∀ i, 0 ≤ (1 / (2 : ℝ)) ^ i := by
    intro i
    apply pow_nonneg
    norm_num
  convert sum_le_tsum (range n) (fun i _ ↦ this i) summable_geometric_two
  exact tsum_geometric_two.symm

</DOC>
<DOC>

--src: /home/riyaza/eval_improver/improver/RAG/annotated/Mathlib/Mathlib.Data.ZMod.Basic
theorem val_cast_eq_val_of_lt {m n : ℕ} [nzm : NeZero m] {a : ZMod m}
    (h : a.val < n) : (a.cast : ZMod n).val = a.val := by
  have nzn : NeZero n := by constructor; rintro rfl; simp at h
  cases m with
  | zero => cases nzm; simp_all
  | succ m =>
    cases n with
    | zero => cases nzn; simp_all
    | succ n => exact Fin.val_cast_of_lt h
theorem cast_cast_zmod_of_le {m n : ℕ} [hm : NeZero m] (h : m ≤ n) (a : ZMod m) :
    (cast (cast a : ZMod n) : ZMod m) = a := by
  have : NeZero n := ⟨((Nat.zero_lt_of_ne_zero hm.out).trans_le h).ne'⟩
  rw [cast_eq_val, val_cast_eq_val_of_lt (a.val_lt.trans_le h), natCast_zmod_val]

</DOC>
<DOC>

--src: /home/riyaza/eval_improver/improver/RAG/annotated/Mathlib/Mathlib.Algebra.Polynomial.Degree.Lemmas
theorem natDegree_mul_leadingCoeff_inv (p : K[X]) {q : K[X]} (h : q ≠ 0) :
    natDegree (p * C (leadingCoeff q)⁻¹) = natDegree p :=
  natDegree_eq_of_degree_eq (degree_mul_leadingCoeff_inv _ h)
theorem degree_mul_leadingCoeff_self_inv (p : K[X]) :
    degree (p * C (leadingCoeff p)⁻¹) = degree p := by
  by_cases hp : p = 0
  · simp [hp]
  exact degree_mul_leadingCoeff_inv _ hp

</DOC>
<DOC>

--src: /home/riyaza/eval_improver/improver/RAG/annotated/Mathlib/Mathlib.Analysis.Normed.Lp.PiLp
theorem aux_uniformity_eq : 𝓤 (PiLp p β) = 𝓤[Pi.uniformSpace _] := by
  have A : IsUniformInducing (WithLp.equiv p (∀ i, β i)) :=
    (antilipschitzWith_equiv_aux p β).isUniformInducing
      (lipschitzWith_equiv_aux p β).uniformContinuous
  have : (fun x : PiLp p β × PiLp p β => (WithLp.equiv p _ x.fst, WithLp.equiv p _ x.snd)) = id :=
    by ext i <;> rfl
  rw [← A.comap_uniformity, this, comap_id]

</DOC>
<DOC>

--src: /home/riyaza/eval_improver/improver/RAG/annotated/Mathlib/Mathlib.Data.ENNReal.Real
theorem toNNReal_lt_of_lt_coe (h : a < p) : a.toNNReal < p :=
  @toNNReal_coe p ▸ toNNReal_strict_mono coe_ne_top h
theorem toReal_max (hr : a ≠ ∞) (hp : b ≠ ∞) :
    ENNReal.toReal (max a b) = max (ENNReal.toReal a) (ENNReal.toReal b) :=
  (le_total a b).elim
    (fun h => by simp only [h, ENNReal.toReal_mono hp h, max_eq_right]) fun h => by
    simp only [h, ENNReal.toReal_mono hr h, max_eq_left]

</DOC>
</RETRIEVED>

<CURRENT>
theorem t12 : (⋃ p ∈ primes, { x | x ≤ p }) = univ := by
  apply eq_univ_of_forall
  intro x
  simp
  rcases Nat.exists_infinite_primes x with ⟨p, pge, primep⟩
  use p, primep


</CURRENT>

<IMPROVED>","theorem t12 : (⋃ p ∈ primes, { x | x ≤ p }) = univ := by
  apply eq_univ_of_forall
  intro x
  simp
  rcases Nat.exists_infinite_primes x with ⟨p, pge, primep⟩
  use p, primep

",5,"theorem t12 : (⋃ p ∈ primes, { x | x ≤ p }) = univ   := by
  ext x
  simp
  rcases Nat.exists_infinite_primes x with ⟨p, pge, primep⟩
  use p, primep",4,,0,MIL.C04_Sets_and_Functions.solutions.Solutions_S01_Sets,Qwen-7B-ImproverSFT-RAG,CH04.t12
"Shorten the current theorem (wrapped in <CURRENT>...</CURRENT>) to be as short as possible in length - measured in the number of tactics in the proof - while also ensuring that the output is still a correct proof of the theorem. The following items have been retrieved from the knowledge base as they may be helpful in optimizing the proof. They are wrapped in <RETRIEVED>...</RETRIEVED> with each item being wrapped further in <DOC>...</DOC>. Include the output in the <IMPROVED>...</IMPROVED> tag.

<RETRIEVED>
<DOC>
--src: /home/riyaza/eval_improver/improver/RAG/annotated/Mathlib/Mathlib.NumberTheory.LSeries.DirichletContinuation
_ = N ^ (s - 1) * χ (-1) /  ε * ZMod.completedLFunction (𝓕 χ) s := by
    simp only [ε]
    split_ifs with h
    · rw [pow_zero, div_one, h, mul_one, completedLFunction,
        completedLFunction_one_sub_even h.to_fun _ (.inr h_sum) (.inr <| χ.map_zero' hN)]
    · replace h : χ.Odd := χ.even_or_odd.resolve_left h
      rw [completedLFunction, completedLFunction_one_sub_odd h.to_fun,
        pow_one, h, div_I, mul_neg_one, ← neg_mul, neg_neg]
  _ = (_) * ZMod.completedLFunction (fun j ↦ χ⁻¹ (-1) * gaussSum χ stdAddChar * χ⁻¹ j) s := by
    congr 2 with j
    rw [hχ.fourierTransform_eq_inv_mul_gaussSum, ← neg_one_mul j, map_mul, mul_right_comm]
  _ = N ^ (s - 1) / ε * gaussSum χ stdAddChar * completedLFunction χ⁻¹ s * (χ (-1) * χ⁻¹ (-1)):= by
    rw [completedLFunction, completedLFunction_const_mul]
    ring
  _ = N ^ (s - 1) / ε * gaussSum χ stdAddChar * completedLFunction χ⁻¹ s := by
    rw [← MulChar.mul_apply, mul_inv_cancel, MulChar.one_apply (isUnit_one.neg), mul_one]

</DOC>
<DOC>

--src: /home/riyaza/eval_improver/improver/RAG/annotated/Mathlib/Mathlib.SetTheory.Ordinal.Arithmetic
theorem add_mul_succ {a b : Ordinal} (c) (ba : b + a = a) : (a + b) * succ c = a * succ c + b := by
  induction c using limitRecOn with
  | H₁ => simp only [succ_zero, mul_one]
  | H₂ c IH =>
    rw [mul_succ, IH, ← add_assoc, add_assoc _ b, ba, ← mul_succ]
  | H₃ c l IH =>
    rw [mul_succ, add_mul_limit_aux ba l IH, mul_succ, add_assoc]

</DOC>
<DOC>

--src: /home/riyaza/eval_improver/improver/RAG/annotated/Mathlib/Mathlib.MeasureTheory.Measure.MeasureSpace
def liftLinear [MeasurableSpace β] (f : OuterMeasure α →ₗ[ℝ≥0∞] OuterMeasure β)
    (hf : ∀ μ : Measure α, ‹_› ≤ (f μ.toOuterMeasure).caratheodory) :
    Measure α →ₗ[ℝ≥0∞] Measure β where
  toFun μ := (f μ.toOuterMeasure).toMeasure (hf μ)
  map_add' μ₁ μ₂ := ext fun s hs => by
    simp only [map_add, coe_add, Pi.add_apply, toMeasure_apply, add_toOuterMeasure,
      OuterMeasure.coe_add, hs]
  map_smul' c μ := ext fun s hs => by
    simp only [LinearMap.map_smulₛₗ, coe_smul, Pi.smul_apply,
      toMeasure_apply, smul_toOuterMeasure (R := ℝ≥0∞), OuterMeasure.coe_smul (R := ℝ≥0∞),
      smul_apply, hs]

</DOC>
<DOC>

--src: /home/riyaza/eval_improver/improver/RAG/annotated/Mathlib/Mathlib.MeasureTheory.Measure.Prod
theorem prod_dirac (y : β) : μ.prod (dirac y) = map (fun x => (x, y)) μ := by
  classical
  rw [← sum_sfiniteSeq μ, prod_sum_left, map_sum measurable_prod_mk_right.aemeasurable]
  congr
  ext1 i
  refine prod_eq fun s t hs ht => ?_
  simp_rw [map_apply measurable_prod_mk_right (hs.prod ht), mk_preimage_prod_left_eq_if, measure_if,
    dirac_apply' _ ht, ← indicator_mul_right _ fun _ => sfiniteSeq μ i s, Pi.one_apply, mul_one]
theorem dirac_prod (x : α) : (dirac x).prod ν = map (Prod.mk x) ν := by
  classical
  rw [← sum_sfiniteSeq ν, prod_sum_right, map_sum measurable_prod_mk_left.aemeasurable]
  congr
  ext1 i
  refine prod_eq fun s t hs ht => ?_
  simp_rw [map_apply measurable_prod_mk_left (hs.prod ht), mk_preimage_prod_right_eq_if, measure_if,
    dirac_apply' _ hs, ← indicator_mul_left _ _ fun _ => sfiniteSeq ν i t, Pi.one_apply, one_mul]

</DOC>
<DOC>

--src: /home/riyaza/eval_improver/improver/RAG/annotated/Mathlib/Mathlib.MeasureTheory.Constructions.Polish.Basic
⊢ False
  -/
  have prec : ∀ n, p (n + 1) = F (p n) := fun n => by simp only [p, iterate_succ', Function.comp]
  -- check that at the `n`-th step we deal with cylinders of length `n`
  have pn_fst : ∀ n, (p n).1.1 = n := by
    intro n
    induction' n with n IH
    · rfl
    · simp only [prec, hFn, IH]
  -- check that the cylinders we construct are indeed decreasing, by checking that the coordinates
  -- are stationary.
  have Ix : ∀ m n, m + 1 ≤ n → (p n).1.2.1 m = (p (m + 1)).1.2.1 m := by
    intro m
    apply Nat.le_induction
    · rfl
    intro n hmn IH
    have I : (F (p n)).val.snd.fst m = (p n).val.snd.fst m := by
      apply hFx (p n) m
      rw [pn_fst]
      exact hmn
    rw [prec, I, IH]
  have Iy : ∀ m n, m + 1 ≤ n → (p n).1.2.2 m = (p (m + 1)).1.2.2 m := by
    intro m
    apply Nat.le_induction
    · rfl
    intro n hmn IH
    have I : (F (p n)).val.snd.snd m = (p n).val.snd.snd m := by
      apply hFy (p n) m
      rw [pn_fst]
      exact hmn
    rw [prec, I, IH]

</DOC>
<DOC>

--src: /home/riyaza/eval_improver/improver/RAG/annotated/Mathlib/Mathlib.RingTheory.Ideal.Maps
theorem map_eq_iff_sup_ker_eq_of_surjective {I J : Ideal R} (f : R →+* S)
    (hf : Function.Surjective f) : map f I = map f J ↔ I ⊔ RingHom.ker f = J ⊔ RingHom.ker f := by
  rw [← (comap_injective_of_surjective f hf).eq_iff, comap_map_of_surjective f hf,
    comap_map_of_surjective f hf, RingHom.ker_eq_comap_bot]

</DOC>
<DOC>

--src: /home/riyaza/eval_improver/improver/RAG/annotated/Mathlib/Mathlib.Tactic.Ring.RingNF
example (n : ℕ) (m : ℤ) : 2^(n+1) * m = 2 * 2^n * m := by ring
example (a b : ℤ) (n : ℕ) : (a + b)^(n + 2) = (a^2 + b^2 + a * b + b * a) * (a + b)^n := by ring
example (x y : ℕ) : x + id y = y + id x := by ring!

</DOC>
</RETRIEVED>

<CURRENT>
theorem t4 : s ∩ (s ∪ t) = s := by
  ext x; constructor
  · rintro ⟨xs, _⟩
    exact xs
  · intro xs
    use xs; left; exact xs


</CURRENT>

<IMPROVED>","theorem t4 : s ∩ (s ∪ t) = s := by
  ext x; constructor
  · rintro ⟨xs, _⟩
    exact xs
  · intro xs
    use xs; left; exact xs

",8,"theorem t4 : s ∩ (s ∪ t) = s   := by
  ext x; exact ⟨fun ⟨xs, _⟩ => xs, fun xs => ⟨xs, Or.inl xs⟩⟩


",2,"theorem t4 : s ∩ (s ∪ t) = s  := by
  simp
",1,MIL.C04_Sets_and_Functions.solutions.Solutions_S01_Sets,Qwen-7B-ImproverSFT-RAG,CH04.t4
"Shorten the current theorem (wrapped in <CURRENT>...</CURRENT>) to be as short as possible in length - measured in the number of tactics in the proof - while also ensuring that the output is still a correct proof of the theorem. The following items have been retrieved from the knowledge base as they may be helpful in optimizing the proof. They are wrapped in <RETRIEVED>...</RETRIEVED> with each item being wrapped further in <DOC>...</DOC>. Include the output in the <IMPROVED>...</IMPROVED> tag.

<RETRIEVED>
<DOC>
--src: /home/riyaza/eval_improver/improver/RAG/annotated/Mathlib/Mathlib.Data.ZMod.Basic
theorem val_cast_eq_val_of_lt {m n : ℕ} [nzm : NeZero m] {a : ZMod m}
    (h : a.val < n) : (a.cast : ZMod n).val = a.val := by
  have nzn : NeZero n := by constructor; rintro rfl; simp at h
  cases m with
  | zero => cases nzm; simp_all
  | succ m =>
    cases n with
    | zero => cases nzn; simp_all
    | succ n => exact Fin.val_cast_of_lt h
theorem cast_cast_zmod_of_le {m n : ℕ} [hm : NeZero m] (h : m ≤ n) (a : ZMod m) :
    (cast (cast a : ZMod n) : ZMod m) = a := by
  have : NeZero n := ⟨((Nat.zero_lt_of_ne_zero hm.out).trans_le h).ne'⟩
  rw [cast_eq_val, val_cast_eq_val_of_lt (a.val_lt.trans_le h), natCast_zmod_val]

</DOC>
<DOC>

--src: /home/riyaza/eval_improver/improver/RAG/annotated/Mathlib/Mathlib.Data.Finset.Lattice.Fold
theorem sup'_congr {t : Finset β} {f g : β → α} (h₁ : s = t) (h₂ : ∀ x ∈ s, f x = g x) :
    s.sup' H f = t.sup' (h₁ ▸ H) g := by
  subst s
  refine eq_of_forall_ge_iff fun c => ?_
  simp +contextual only [sup'_le_iff, h₂]

</DOC>
<DOC>

--src: /home/riyaza/eval_improver/improver/RAG/annotated/Mathlib/Mathlib.Data.Multiset.Sum
theorem disjSum_strictMono_right (s : Multiset α) :
    StrictMono (s.disjSum : Multiset β → Multiset (α ⊕ β)) := fun _ _ =>
  disjSum_lt_disjSum_of_le_of_lt le_rfl
protected theorem Nodup.disjSum (hs : s.Nodup) (ht : t.Nodup) : (s.disjSum t).Nodup := by
  refine ((hs.map inl_injective).add_iff <| ht.map inr_injective).2 ?_
  rw [disjoint_map_map]
  exact fun _ _ _ _ ↦ inr_ne_inl.symm

</DOC>
<DOC>

--src: /home/riyaza/eval_improver/improver/RAG/annotated/Mathlib/Mathlib.RingTheory.Ideal.Maximal
theorem maximal_of_no_maximal {P : Ideal α}
    (hmax : ∀ m : Ideal α, P < m → ¬IsMaximal m) (J : Ideal α) (hPJ : P < J) : J = ⊤ := by
  by_contra hnonmax
  rcases exists_le_maximal J hnonmax with ⟨M, hM1, hM2⟩
  exact hmax M (lt_of_lt_of_le hPJ hM2) hM1

</DOC>
<DOC>

--src: /home/riyaza/eval_improver/improver/RAG/annotated/Mathlib/Mathlib.Algebra.Polynomial.Degree.Lemmas
theorem natDegree_mul_leadingCoeff_inv (p : K[X]) {q : K[X]} (h : q ≠ 0) :
    natDegree (p * C (leadingCoeff q)⁻¹) = natDegree p :=
  natDegree_eq_of_degree_eq (degree_mul_leadingCoeff_inv _ h)
theorem degree_mul_leadingCoeff_self_inv (p : K[X]) :
    degree (p * C (leadingCoeff p)⁻¹) = degree p := by
  by_cases hp : p = 0
  · simp [hp]
  exact degree_mul_leadingCoeff_inv _ hp

</DOC>
<DOC>

--src: /home/riyaza/eval_improver/improver/RAG/annotated/Mathlib/Mathlib.RingTheory.MvPolynomial.MonomialOrder
theorem degree_sub_of_lt {f g : MvPolynomial σ R} (h : m.degree g ≺[m] m.degree f) :
    m.degree (f - g) = m.degree f := by
  rw [sub_eq_add_neg]
  apply degree_add_of_lt
  simp only [degree_neg, h]

</DOC>
<DOC>

--src: /home/riyaza/eval_improver/improver/RAG/annotated/Mathlib/Mathlib.Order.Iterate
theorem seq_lt_seq_of_lt_of_le (hf : Monotone f) (n : ℕ) (h₀ : x 0 < y 0)
    (hx : ∀ k < n, x (k + 1) < f (x k)) (hy : ∀ k < n, f (y k) ≤ y (k + 1)) : x n < y n := by
  cases n
  exacts [h₀, hf.seq_pos_lt_seq_of_lt_of_le (Nat.zero_lt_succ _) h₀.le hx hy]

</DOC>
</RETRIEVED>

<CURRENT>
theorem t5 : s ∪ s ∩ t = s := by
  ext x; constructor
  · rintro (xs | ⟨xs, xt⟩) <;> exact xs
  · intro xs; left; exact xs


</CURRENT>

<IMPROVED>","theorem t5 : s ∪ s ∩ t = s := by
  ext x; constructor
  · rintro (xs | ⟨xs, xt⟩) <;> exact xs
  · intro xs; left; exact xs

",8,"theorem t5 : s ∪ s ∩ t = s  := by
  ext x; constructor
  exact Or.rec (λ xs => xs) (λ ⟨xs, xt⟩ => xs)
  exact fun xs => Or.inl xs",4,,0,MIL.C04_Sets_and_Functions.solutions.Solutions_S01_Sets,Qwen-7B-ImproverSFT-RAG,CH04.t5
"Shorten the current theorem (wrapped in <CURRENT>...</CURRENT>) to be as short as possible in length - measured in the number of tactics in the proof - while also ensuring that the output is still a correct proof of the theorem. The following items have been retrieved from the knowledge base as they may be helpful in optimizing the proof. They are wrapped in <RETRIEVED>...</RETRIEVED> with each item being wrapped further in <DOC>...</DOC>. Include the output in the <IMPROVED>...</IMPROVED> tag.

<RETRIEVED>
<DOC>
--src: /home/riyaza/eval_improver/improver/RAG/annotated/Mathlib/Mathlib.Algebra.Order.Sub.Basic
theorem tsub_lt_of_lt (h : a < b) : a - c < b :=
  lt_of_le_of_lt tsub_le_self h
protected theorem tsub_le_tsub_iff_left (ha : AddLECancellable a) (hc : AddLECancellable c)
    (h : c ≤ a) : a - b ≤ a - c ↔ c ≤ b := by
  refine ⟨?_, fun h => tsub_le_tsub_left h a⟩
  rw [tsub_le_iff_left, ← hc.add_tsub_assoc_of_le h, hc.le_tsub_iff_right (h.trans le_add_self),
    add_comm b]
  apply ha

</DOC>
<DOC>

--src: /home/riyaza/eval_improver/improver/RAG/annotated/Mathlib/Mathlib.Data.ZMod.Basic
theorem val_cast_eq_val_of_lt {m n : ℕ} [nzm : NeZero m] {a : ZMod m}
    (h : a.val < n) : (a.cast : ZMod n).val = a.val := by
  have nzn : NeZero n := by constructor; rintro rfl; simp at h
  cases m with
  | zero => cases nzm; simp_all
  | succ m =>
    cases n with
    | zero => cases nzn; simp_all
    | succ n => exact Fin.val_cast_of_lt h
theorem cast_cast_zmod_of_le {m n : ℕ} [hm : NeZero m] (h : m ≤ n) (a : ZMod m) :
    (cast (cast a : ZMod n) : ZMod m) = a := by
  have : NeZero n := ⟨((Nat.zero_lt_of_ne_zero hm.out).trans_le h).ne'⟩
  rw [cast_eq_val, val_cast_eq_val_of_lt (a.val_lt.trans_le h), natCast_zmod_val]

</DOC>
<DOC>

--src: /home/riyaza/eval_improver/improver/RAG/annotated/Mathlib/Mathlib.Data.Rat.Defs
theorem natCast_div_eq_divInt (n d : ℕ) : (n : ℚ) / d = n /. d := Rat.intCast_div_eq_divInt n d
theorem divInt_mul_divInt_cancel {x : ℤ} (hx : x ≠ 0) (n d : ℤ) : n /. x * (x /. d) = n /. d := by
  by_cases hd : d = 0
  · rw [hd]
    simp
  rw [divInt_mul_divInt _ _ hx hd, x.mul_comm, divInt_mul_right hx]

</DOC>
<DOC>

--src: /home/riyaza/eval_improver/improver/RAG/annotated/Mathlib/Mathlib.Computability.Primrec
theorem of_graph {f : α → ℕ} (h₁ : PrimrecBounded f)
    (h₂ : PrimrecRel fun a b => f a = b) : Primrec f := by
  rcases h₁ with ⟨g, pg, hg : ∀ x, f x ≤ g x⟩
  refine (nat_findGreatest pg h₂).of_eq fun n => ?_
  exact (Nat.findGreatest_spec (P := fun b => f n = b) (hg n) rfl).symm

</DOC>
<DOC>

--src: /home/riyaza/eval_improver/improver/RAG/annotated/Mathlib/Mathlib.GroupTheory.Coxeter.Inversion
theorem length_mul_left_ne (w : W) : ℓ (w * t) ≠ ℓ w := by
  suffices cs.lengthParity (w * t) ≠ cs.lengthParity w by
    contrapose! this
    simp only [lengthParity_eq_ofAdd_length, this]
  rcases ht with ⟨w, i, rfl⟩
  simp [lengthParity_simple]

</DOC>
<DOC>

--src: /home/riyaza/eval_improver/improver/RAG/annotated/Mathlib/Mathlib.Analysis.SpecificLimits.Basic
theorem summable_geometric_two : Summable fun n : ℕ ↦ ((1 : ℝ) / 2) ^ n :=
  ⟨_, hasSum_geometric_two⟩
theorem summable_geometric_two_encode {ι : Type*} [Encodable ι] :
    Summable fun i : ι ↦ (1 / 2 : ℝ) ^ Encodable.encode i :=
  summable_geometric_two.comp_injective Encodable.encode_injective
theorem tsum_geometric_two : (∑' n : ℕ, ((1 : ℝ) / 2) ^ n) = 2 :=
  hasSum_geometric_two.tsum_eq
theorem sum_geometric_two_le (n : ℕ) : (∑ i ∈ range n, (1 / (2 : ℝ)) ^ i) ≤ 2 := by
  have : ∀ i, 0 ≤ (1 / (2 : ℝ)) ^ i := by
    intro i
    apply pow_nonneg
    norm_num
  convert sum_le_tsum (range n) (fun i _ ↦ this i) summable_geometric_two
  exact tsum_geometric_two.symm

</DOC>
<DOC>

--src: /home/riyaza/eval_improver/improver/RAG/annotated/Mathlib/Mathlib.Data.ENNReal.Real
theorem toNNReal_lt_of_lt_coe (h : a < p) : a.toNNReal < p :=
  @toNNReal_coe p ▸ toNNReal_strict_mono coe_ne_top h
theorem toReal_max (hr : a ≠ ∞) (hp : b ≠ ∞) :
    ENNReal.toReal (max a b) = max (ENNReal.toReal a) (ENNReal.toReal b) :=
  (le_total a b).elim
    (fun h => by simp only [h, ENNReal.toReal_mono hp h, max_eq_right]) fun h => by
    simp only [h, ENNReal.toReal_mono hr h, max_eq_left]

</DOC>
</RETRIEVED>

<CURRENT>
theorem t6 : s \ t ∪ t = s ∪ t := by
  ext x; constructor
  · rintro (⟨xs, nxt⟩ | xt)
    · left
      exact xs
    · right
      exact xt
  by_cases h : x ∈ t
  · intro
    right
    exact h
  rintro (xs | xt)
  · left
    use xs
  right; exact xt


</CURRENT>

<IMPROVED>","theorem t6 : s \ t ∪ t = s ∪ t := by
  ext x; constructor
  · rintro (⟨xs, nxt⟩ | xt)
    · left
      exact xs
    · right
      exact xt
  by_cases h : x ∈ t
  · intro
    right
    exact h
  rintro (xs | xt)
  · left
    use xs
  right; exact xt

",16,"theorem t6 : s \ t ∪ t = s ∪ t  := by
  ext x
  constructor
  rintro (⟨xs, nxt⟩ | xt); exact Or.inl xs ∪ Or.inr xt
  by_cases h : x ∈ t; exact Or.rec (h) (Or.rec (Or.left) (Or.right _))",-1,"theorem t6 : s \ t ∪ t = s ∪ t  := by
  ext x
  simp [Set.mem_union, Set.mem_diff]
",2,MIL.C04_Sets_and_Functions.solutions.Solutions_S01_Sets,Qwen-7B-ImproverSFT-RAG,CH04.t6
"Shorten the current theorem (wrapped in <CURRENT>...</CURRENT>) to be as short as possible in length - measured in the number of tactics in the proof - while also ensuring that the output is still a correct proof of the theorem. The following items have been retrieved from the knowledge base as they may be helpful in optimizing the proof. They are wrapped in <RETRIEVED>...</RETRIEVED> with each item being wrapped further in <DOC>...</DOC>. Include the output in the <IMPROVED>...</IMPROVED> tag.

<RETRIEVED>
<DOC>
--src: /home/riyaza/eval_improver/improver/RAG/annotated/Mathlib/Mathlib.NumberTheory.LSeries.AbstractFuncEq
zero_add, indicator_of_mem (mem_Ioo.mpr ⟨div_pos one_pos hx, this⟩), g_modif, Pi.add_apply,
      indicator_of_mem (mem_Ioi.mpr hx'), indicator_of_not_mem
      (not_mem_Ioo_of_ge hx'.le), add_zero, P.h_feq _ hx, smul_sub]
    simp_rw [rpow_neg (one_div_pos.mpr hx).le, one_div, inv_rpow hx.le, inv_inv]
  · simp [f_modif, g_modif]
    /-

</DOC>
<DOC>

--src: /home/riyaza/eval_improver/improver/RAG/annotated/Mathlib/Mathlib.NumberTheory.Transcendental.Liouville.Basic
case intro.intro.intro.intro.refine_3
      α : Real
      ha : Irrational α
      f : Polynomial Int
      f0 : Ne f 0
      fR : Polynomial Real := Polynomial.map (algebraMap Int Real) f
      fa : Eq (Polynomial.eval α fR) 0
      fR0 : Ne fR 0
      ar : Membership.mem (↑fR.roots.toFinset) α
      ζ : Real
      z0 : GT.gt ζ 0
      U : Eq (Inter.inter (Metric.closedBall α ζ) ↑fR.roots.toFinset) (Singleton.sin …
      xm : Real
      hM : IsMaxOn (fun x => abs (Polynomial.eval x (Polynomial.derivative fR))) (Se …
      z : Int
      a : Nat
      hq : Membership.mem (Metric.closedBall α ζ) (HDiv.hDiv (↑z) (HAdd.hAdd (↑a) 1))
      ⊢ LE.le 1 (HMul.hMul (HPow.hPow (HAdd.hAdd (↑a) 1) f.natDegree) (abs (Polynomi …
    -/
    rw [show (a + 1 : ℝ) = ((a + 1 : ℕ) : ℤ) by norm_cast] at hq ⊢
    -- key observation: the right-hand side of the inequality is an *integer*.  Therefore,
    -- if its absolute value is not at least one, then it vanishes.  Proceed by contradiction
    /-

</DOC>
<DOC>

--src: /home/riyaza/eval_improver/improver/RAG/annotated/Mathlib/Mathlib.Topology.Algebra.ProperAction.ProperlyDiscontinuous
K L : Set X
      hK : IsCompact K
      hL : IsCompact L
      ⊢ (setOf fun γ => (Inter.inter (Set.image (fun x => HSMul.hSMul γ x) K) L).Non …
    -/
    apply IsCompact.finite_of_discrete
    -- Now set `h : (g, x) ↦ (g⁻¹ • x, x)`, because `f` is proper by hypothesis, so is `h`.
    have : IsProperMap (fun gx : G × X ↦ (gx.1⁻¹ • gx.2, gx.2)) :=
      (IsProperMap.prodMap (Homeomorph.isProperMap (Homeomorph.inv G)) isProperMap_id).comp <|
        ProperSMul.isProperMap_smul_pair
    --But we also have that `{g | Set.Nonempty ((g • ·) '' K ∩ L)} = h ⁻¹ (K × L)`, which
    -- concludes the proof.
    have eq : {g | Set.Nonempty ((g • ·) '' K ∩ L)} =
        fst '' ((fun gx : G × X ↦ (gx.1⁻¹ • gx.2, gx.2)) ⁻¹' (K ×ˢ L)) := by
      simp_rw [nonempty_def]
      ext g; constructor
      · exact fun ⟨_, ⟨x, x_mem, rfl⟩, hx⟩ ↦ ⟨(g, g • x), ⟨by simpa, hx⟩, rfl⟩
      · rintro ⟨gx, hgx, rfl⟩
        exact ⟨gx.2, ⟨gx.1⁻¹ • gx.2, hgx.1, by simp⟩, hgx.2⟩
    /-

</DOC>
<DOC>

--src: /home/riyaza/eval_improver/improver/RAG/annotated/Mathlib/Mathlib.LinearAlgebra.FreeModule.PID
a_mem : Membership.mem (ϕ.submoduleImage N) a
    a_zero : Not (Eq a 0)
    y : O
    yN : Membership.mem N y
    ϕy_eq : Eq (ϕ ⟨y, ⋯⟩) a
    _ϕy_ne_zero : Ne (ϕ ⟨y, ⋯⟩) 0
    c : ι → R
    hc : ∀ (i : ι), Eq ((b'M.coord i) ⟨y, ⋯⟩) (HMul.hMul a (c i))
    val✝ : Fintype ι
    y' : O := Finset.univ.sum fun i => HSMul.hSMul (c i) ↑(b'M i)
    y'M : Membership.mem M y'
    mk_y' : Eq ⟨y', y'M⟩ (Finset.univ.sum fun i => HSMul.hSMul (c i) (b'M i))
    a_smul_y' : Eq (HSMul.hSMul a y') y
    ϕy'_eq : Eq (ϕ ⟨y', y'M⟩) 1
    ϕy'_ne_zero : Ne (ϕ ⟨y', y'M⟩) 0
    M' : Submodule R O := Submodule.map M.subtype (LinearMap.ker ϕ)
    N' : Submodule R O := Submodule.map N.subtype (LinearMap.ker (ϕ.comp (Submodul …
    M'_le_M : LE.le M' M
    N'_le_M' : LE.le N' M'
    ⊢ Exists fun M' => And (LE.le M' M) (Exists fun N' => And (LE.le N' N) (And (L …
  -/
  have N'_le_N : N' ≤ N := N.map_subtype_le (LinearMap.ker (ϕ.comp (inclusion N_le_M)))
  -- So fill in those results as well.
  /-

</DOC>
<DOC>

--src: /home/riyaza/eval_improver/improver/RAG/annotated/Mathlib/Mathlib.Algebra.Order.Monoid.Unbundled.WithTop
lemma natCast_eq_map_iff {f : β → α} {n : ℕ} {a : WithTop β} :
    n = a.map f ↔ ∃ x, a = .some x ∧ f x = n := some_eq_map_iff
instance charZero [AddMonoidWithOne α] [CharZero α] : CharZero (WithTop α) :=
  { cast_injective := Function.Injective.comp (f := Nat.cast (R := α))
      (fun _ _ => WithTop.coe_eq_coe.1) Nat.cast_injective}
instance addCommMonoidWithOne [AddCommMonoidWithOne α] : AddCommMonoidWithOne (WithTop α) :=
  { WithTop.addMonoidWithOne, WithTop.addCommMonoid with }
-- instance orderedAddCommMonoid [OrderedAddCommMonoid α] : OrderedAddCommMonoid (WithTop α) where
--   add_le_add_left _ _ := add_le_add_left
--
-- instance linearOrderedAddCommMonoidWithTop [LinearOrderedAddCommMonoid α] :
--     LinearOrderedAddCommMonoidWithTop (WithTop α) :=
--   { WithTop.orderTop, WithTop.linearOrder, WithTop.orderedAddCommMonoid with
--     top_add' := WithTop.top_add }
--

</DOC>
<DOC>

--src: /home/riyaza/eval_improver/improver/RAG/annotated/Mathlib/Mathlib.MeasureTheory.Measure.Prod
theorem prod_dirac (y : β) : μ.prod (dirac y) = map (fun x => (x, y)) μ := by
  classical
  rw [← sum_sfiniteSeq μ, prod_sum_left, map_sum measurable_prod_mk_right.aemeasurable]
  congr
  ext1 i
  refine prod_eq fun s t hs ht => ?_
  simp_rw [map_apply measurable_prod_mk_right (hs.prod ht), mk_preimage_prod_left_eq_if, measure_if,
    dirac_apply' _ ht, ← indicator_mul_right _ fun _ => sfiniteSeq μ i s, Pi.one_apply, mul_one]
theorem dirac_prod (x : α) : (dirac x).prod ν = map (Prod.mk x) ν := by
  classical
  rw [← sum_sfiniteSeq ν, prod_sum_right, map_sum measurable_prod_mk_left.aemeasurable]
  congr
  ext1 i
  refine prod_eq fun s t hs ht => ?_
  simp_rw [map_apply measurable_prod_mk_left (hs.prod ht), mk_preimage_prod_right_eq_if, measure_if,
    dirac_apply' _ hs, ← indicator_mul_left _ _ fun _ => sfiniteSeq ν i t, Pi.one_apply, one_mul]

</DOC>
<DOC>

--src: /home/riyaza/eval_improver/improver/RAG/annotated/Mathlib/Mathlib.NumberTheory.Cyclotomic.Three
case «5»
      K : Type u_1
      inst✝² : Field K
      ζ : K
      hζ✝ : IsPrimitiveRoot ζ ↑3
      inst✝¹ : NumberField K
      inst✝ : IsCyclotomicExtension (Singleton.singleton 3) Rat K
      hζ : IsPrimitiveRoot (IsCyclotomicExtension.zeta 3 Rat K) ↑3
      hcong : Exists fun n => Dvd.dvd 3 (HSub.hSub ↑(Neg.neg (HPow.hPow ⋯.unit 2)) ↑n)
      ⊢ Exists fun n => Dvd.dvd (↑↑3) (HSub.hSub ⋯.toInteger ↑n)
    -/
    obtain ⟨n, x, hx⟩ := hcong
    refine ⟨-n, -x, sub_eq_iff_eq_add.2 ?_⟩
    /-

</DOC>
</RETRIEVED>

<CURRENT>
theorem t8 : { n | Nat.Prime n } ∩ { n | n > 2 } ⊆ { n | ¬Even n } := by
  intro n
  simp
  intro nprime n_gt
  rcases Nat.Prime.eq_two_or_odd nprime with h | h
  · rw [h]
    linarith
  · rw [Nat.odd_iff, h]


</CURRENT>

<IMPROVED>","theorem t8 : { n | Nat.Prime n } ∩ { n | n > 2 } ⊆ { n | ¬Even n } := by
  intro n
  simp
  intro nprime n_gt
  rcases Nat.Prime.eq_two_or_odd nprime with h | h
  · rw [h]
    linarith
  · rw [Nat.odd_iff, h]

",7,"theorem t8 : { n | Nat.Prime n } ∩ { n | n > 2 } ⊆ { n | ¬Even n }  := by
  intro n hp hn
  cases Nat.Prime.eq_two_or_odd hp with
  | ⟨2, h⟩ => {sub n (1 + 2*i) = 0 | i = 0_mem'__, i = 1_mem'__, i = 2_mem'__, i = 3_mem'__, i = 4_mem'__} h.add_left hn C7</",-1,,0,MIL.C04_Sets_and_Functions.solutions.Solutions_S01_Sets,Qwen-7B-ImproverSFT-RAG,CH04.t8
"Shorten the current theorem (wrapped in <CURRENT>...</CURRENT>) to be as short as possible in length - measured in the number of tactics in the proof - while also ensuring that the output is still a correct proof of the theorem. The following items have been retrieved from the knowledge base as they may be helpful in optimizing the proof. They are wrapped in <RETRIEVED>...</RETRIEVED> with each item being wrapped further in <DOC>...</DOC>. Include the output in the <IMPROVED>...</IMPROVED> tag.

<RETRIEVED>
<DOC>
--src: /home/riyaza/eval_improver/improver/RAG/annotated/Mathlib/Mathlib.Data.ZMod.Basic
theorem val_cast_eq_val_of_lt {m n : ℕ} [nzm : NeZero m] {a : ZMod m}
    (h : a.val < n) : (a.cast : ZMod n).val = a.val := by
  have nzn : NeZero n := by constructor; rintro rfl; simp at h
  cases m with
  | zero => cases nzm; simp_all
  | succ m =>
    cases n with
    | zero => cases nzn; simp_all
    | succ n => exact Fin.val_cast_of_lt h
theorem cast_cast_zmod_of_le {m n : ℕ} [hm : NeZero m] (h : m ≤ n) (a : ZMod m) :
    (cast (cast a : ZMod n) : ZMod m) = a := by
  have : NeZero n := ⟨((Nat.zero_lt_of_ne_zero hm.out).trans_le h).ne'⟩
  rw [cast_eq_val, val_cast_eq_val_of_lt (a.val_lt.trans_le h), natCast_zmod_val]

</DOC>
<DOC>

--src: /home/riyaza/eval_improver/improver/RAG/annotated/Mathlib/Mathlib.CategoryTheory.Closed.Cartesian
theorem strict_initial {I : C} (t : IsInitial I) (f : A ⟶ I) : IsIso f := by
  haveI : Mono f := by
    rw [← ChosenFiniteProducts.lift_snd (𝟙 A) f, ← zeroMul_hom t]
    exact mono_comp _ _
  haveI : IsSplitEpi f := IsSplitEpi.mk' ⟨t.to _, t.hom_ext _ _⟩
  apply isIso_of_mono_of_isSplitEpi

</DOC>
<DOC>

--src: /home/riyaza/eval_improver/improver/RAG/annotated/Mathlib/Mathlib.Topology.Instances.AddCircle
theorem liftIco_coe_apply {f : 𝕜 → B} {x : 𝕜} (hx : x ∈ Ico a (a + p)) :
    liftIco p a f ↑x = f x := by
  have : (equivIco p a) x = ⟨x, hx⟩ := by
    rw [Equiv.apply_eq_iff_eq_symm_apply]
    rfl
  rw [liftIco, comp_apply, this]
  rfl

</DOC>
<DOC>

--src: /home/riyaza/eval_improver/improver/RAG/annotated/Mathlib/Mathlib.RingTheory.Ideal.Maximal
theorem maximal_of_no_maximal {P : Ideal α}
    (hmax : ∀ m : Ideal α, P < m → ¬IsMaximal m) (J : Ideal α) (hPJ : P < J) : J = ⊤ := by
  by_contra hnonmax
  rcases exists_le_maximal J hnonmax with ⟨M, hM1, hM2⟩
  exact hmax M (lt_of_lt_of_le hPJ hM2) hM1

</DOC>
<DOC>

--src: /home/riyaza/eval_improver/improver/RAG/annotated/Mathlib/Mathlib.Order.SuccPred.Basic
theorem Iic_pred_of_not_isMin (ha : ¬IsMin a) : Iic (pred a) = Iio a :=
  Set.ext fun _ => le_pred_iff_of_not_isMin ha
theorem Icc_subset_Ioc_pred_left_of_not_isMin (ha : ¬IsMin a) : Icc a b ⊆ Ioc (pred a) b := by
 rw [← Ioi_inter_Iic, ← Ici_inter_Iic]
 gcongr
 apply Ici_subset_Ioi_pred_of_not_isMin ha

</DOC>
<DOC>

--src: /home/riyaza/eval_improver/improver/RAG/annotated/Mathlib/Mathlib.Data.Rat.Defs
theorem natCast_div_eq_divInt (n d : ℕ) : (n : ℚ) / d = n /. d := Rat.intCast_div_eq_divInt n d
theorem divInt_mul_divInt_cancel {x : ℤ} (hx : x ≠ 0) (n d : ℤ) : n /. x * (x /. d) = n /. d := by
  by_cases hd : d = 0
  · rw [hd]
    simp
  rw [divInt_mul_divInt _ _ hx hd, x.mul_comm, divInt_mul_right hx]

</DOC>
<DOC>

--src: /home/riyaza/eval_improver/improver/RAG/annotated/Mathlib/Mathlib.RingTheory.MvPowerSeries.Basic
theorem coeff_apply (f : MvPowerSeries σ R) (d : σ →₀ ℕ) : coeff R d f = f d :=
  rfl
@[ext]
theorem ext {φ ψ} (h : ∀ n : σ →₀ ℕ, coeff R n φ = coeff R n ψ) : φ = ψ :=
  funext h
theorem monomial_def [DecidableEq σ] (n : σ →₀ ℕ) :
    (monomial R n) = LinearMap.single R (fun _ ↦ R) n := by
  rw [monomial]
  -- unify the `Decidable` arguments
  convert rfl

</DOC>
</RETRIEVED>

<CURRENT>
theorem even_of_even_sqr {m : ℕ} (h : 2 ∣ m ^ 2) : 2 ∣ m := by
  rw [pow_two, Nat.prime_two.dvd_mul] at h
  cases h <;> assumption


</CURRENT>

<IMPROVED>","theorem even_of_even_sqr {m : ℕ} (h : 2 ∣ m ^ 2) : 2 ∣ m := by
  rw [pow_two, Nat.prime_two.dvd_mul] at h
  cases h <;> assumption

",4,"theorem even_of_even_sqr {m : ℕ} (h : 2 ∣ m ^ 2) : 2 ∣ m  := by
  rw [pow_two, Nat.prime_two.dvd_mul] at h
  cases h <;> assumption


",4,,0,MIL.C05_Elementary_Number_Theory.solutions.Solutions_S01_Irrational_Roots,Qwen-7B-ImproverSFT-RAG,even_of_even_sqr
"Shorten the current theorem (wrapped in <CURRENT>...</CURRENT>) to be as short as possible in length - measured in the number of tactics in the proof - while also ensuring that the output is still a correct proof of the theorem. The following items have been retrieved from the knowledge base as they may be helpful in optimizing the proof. They are wrapped in <RETRIEVED>...</RETRIEVED> with each item being wrapped further in <DOC>...</DOC>. Include the output in the <IMPROVED>...</IMPROVED> tag.

<RETRIEVED>
<DOC>
--src: /home/riyaza/eval_improver/improver/RAG/annotated/Mathlib/Mathlib.Data.ZMod.Basic
theorem val_cast_eq_val_of_lt {m n : ℕ} [nzm : NeZero m] {a : ZMod m}
    (h : a.val < n) : (a.cast : ZMod n).val = a.val := by
  have nzn : NeZero n := by constructor; rintro rfl; simp at h
  cases m with
  | zero => cases nzm; simp_all
  | succ m =>
    cases n with
    | zero => cases nzn; simp_all
    | succ n => exact Fin.val_cast_of_lt h
theorem cast_cast_zmod_of_le {m n : ℕ} [hm : NeZero m] (h : m ≤ n) (a : ZMod m) :
    (cast (cast a : ZMod n) : ZMod m) = a := by
  have : NeZero n := ⟨((Nat.zero_lt_of_ne_zero hm.out).trans_le h).ne'⟩
  rw [cast_eq_val, val_cast_eq_val_of_lt (a.val_lt.trans_le h), natCast_zmod_val]

</DOC>
<DOC>

--src: /home/riyaza/eval_improver/improver/RAG/annotated/Mathlib/Mathlib.CategoryTheory.Closed.Cartesian
theorem strict_initial {I : C} (t : IsInitial I) (f : A ⟶ I) : IsIso f := by
  haveI : Mono f := by
    rw [← ChosenFiniteProducts.lift_snd (𝟙 A) f, ← zeroMul_hom t]
    exact mono_comp _ _
  haveI : IsSplitEpi f := IsSplitEpi.mk' ⟨t.to _, t.hom_ext _ _⟩
  apply isIso_of_mono_of_isSplitEpi

</DOC>
<DOC>

--src: /home/riyaza/eval_improver/improver/RAG/annotated/Mathlib/Mathlib.Analysis.SpecificLimits.Basic
theorem summable_geometric_two : Summable fun n : ℕ ↦ ((1 : ℝ) / 2) ^ n :=
  ⟨_, hasSum_geometric_two⟩
theorem summable_geometric_two_encode {ι : Type*} [Encodable ι] :
    Summable fun i : ι ↦ (1 / 2 : ℝ) ^ Encodable.encode i :=
  summable_geometric_two.comp_injective Encodable.encode_injective
theorem tsum_geometric_two : (∑' n : ℕ, ((1 : ℝ) / 2) ^ n) = 2 :=
  hasSum_geometric_two.tsum_eq
theorem sum_geometric_two_le (n : ℕ) : (∑ i ∈ range n, (1 / (2 : ℝ)) ^ i) ≤ 2 := by
  have : ∀ i, 0 ≤ (1 / (2 : ℝ)) ^ i := by
    intro i
    apply pow_nonneg
    norm_num
  convert sum_le_tsum (range n) (fun i _ ↦ this i) summable_geometric_two
  exact tsum_geometric_two.symm

</DOC>
<DOC>

--src: /home/riyaza/eval_improver/improver/RAG/annotated/Mathlib/Mathlib.Order.Minimal
theorem Minimal.or (h : Minimal (fun x ↦ P x ∨ Q x) x) : Minimal P x ∨ Minimal Q x := by
  obtain ⟨h | h, hmin⟩ := h
  · exact .inl ⟨h, fun y hy hyx ↦ hmin (Or.inl hy) hyx⟩
  exact .inr ⟨h, fun y hy hyx ↦ hmin (Or.inr hy) hyx⟩

</DOC>
<DOC>

--src: /home/riyaza/eval_improver/improver/RAG/annotated/Mathlib/Mathlib.RingTheory.Ideal.Maximal
theorem maximal_of_no_maximal {P : Ideal α}
    (hmax : ∀ m : Ideal α, P < m → ¬IsMaximal m) (J : Ideal α) (hPJ : P < J) : J = ⊤ := by
  by_contra hnonmax
  rcases exists_le_maximal J hnonmax with ⟨M, hM1, hM2⟩
  exact hmax M (lt_of_lt_of_le hPJ hM2) hM1

</DOC>
<DOC>

--src: /home/riyaza/eval_improver/improver/RAG/annotated/Mathlib/Mathlib.GroupTheory.Coxeter.Inversion
theorem length_mul_left_ne (w : W) : ℓ (w * t) ≠ ℓ w := by
  suffices cs.lengthParity (w * t) ≠ cs.lengthParity w by
    contrapose! this
    simp only [lengthParity_eq_ofAdd_length, this]
  rcases ht with ⟨w, i, rfl⟩
  simp [lengthParity_simple]

</DOC>
<DOC>

--src: /home/riyaza/eval_improver/improver/RAG/annotated/Mathlib/Mathlib.Data.ENNReal.Real
theorem toNNReal_lt_of_lt_coe (h : a < p) : a.toNNReal < p :=
  @toNNReal_coe p ▸ toNNReal_strict_mono coe_ne_top h
theorem toReal_max (hr : a ≠ ∞) (hp : b ≠ ∞) :
    ENNReal.toReal (max a b) = max (ENNReal.toReal a) (ENNReal.toReal b) :=
  (le_total a b).elim
    (fun h => by simp only [h, ENNReal.toReal_mono hp h, max_eq_right]) fun h => by
    simp only [h, ENNReal.toReal_mono hr h, max_eq_left]

</DOC>
</RETRIEVED>

<CURRENT>
theorem factorization_mul' {m n : ℕ} (mnez : m ≠ 0) (nnez : n ≠ 0) (p : ℕ) :
    (m * n).factorization p = m.factorization p + n.factorization p := by
  rw [Nat.factorization_mul mnez nnez]
  rfl


</CURRENT>

<IMPROVED>","theorem factorization_mul' {m n : ℕ} (mnez : m ≠ 0) (nnez : n ≠ 0) (p : ℕ) :
    (m * n).factorization p = m.factorization p + n.factorization p := by
  rw [Nat.factorization_mul mnez nnez]
  rfl

",2,"theorem factorization_mul' {m n : ℕ} (mnez : m ≠ 0) (nnez : n ≠ 0) (p : ℕ) :
    (m * n).factorization p = m.factorization p + n.factorization p  := by
  simp [Nat.factorization_mul mnez nnez]


",1,,0,MIL.C05_Elementary_Number_Theory.solutions.Solutions_S01_Irrational_Roots,Qwen-7B-ImproverSFT-RAG,factorization_mul'
"Shorten the current theorem (wrapped in <CURRENT>...</CURRENT>) to be as short as possible in length - measured in the number of tactics in the proof - while also ensuring that the output is still a correct proof of the theorem. The following items have been retrieved from the knowledge base as they may be helpful in optimizing the proof. They are wrapped in <RETRIEVED>...</RETRIEVED> with each item being wrapped further in <DOC>...</DOC>. Include the output in the <IMPROVED>...</IMPROVED> tag.

<RETRIEVED>
<DOC>
--src: /home/riyaza/eval_improver/improver/RAG/annotated/Mathlib/Mathlib.Tactic.ComputeDegree
theorem natDegree_smul_le_of_le {n : ℕ} {a : R} {f : R[X]} (hf : natDegree f ≤ n) :
    natDegree (a • f) ≤ n :=
  (natDegree_smul_le a f).trans hf
theorem degree_smul_le_of_le {n : ℕ} {a : R} {f : R[X]} (hf : degree f ≤ n) :
    degree (a • f) ≤ n :=
  (degree_smul_le a f).trans hf
theorem coeff_smul {n : ℕ} {a : R} {f : R[X]} : (a • f).coeff n = a * f.coeff n := rfl

</DOC>
<DOC>

--src: /home/riyaza/eval_improver/improver/RAG/annotated/Mathlib/Mathlib.Algebra.Algebra.Subalgebra.Basic
theorem toSubmodule_injective : Function.Injective (toSubmodule : Subalgebra R A → Submodule R A) :=
  fun _S₁ _S₂ h => SetLike.ext (SetLike.ext_iff.mp h :)
instance (priority := low) module' [Semiring R'] [SMul R' R] [Module R' A] [IsScalarTower R' R A] :
    Module R' S :=
  S.toSubmodule.module'
instance : Module R S :=
  S.module'
instance [Semiring R'] [SMul R' R] [Module R' A] [IsScalarTower R' R A] : IsScalarTower R' R S :=
  inferInstanceAs (IsScalarTower R' R (toSubmodule S))

</DOC>
<DOC>

--src: /home/riyaza/eval_improver/improver/RAG/annotated/Mathlib/Mathlib.CategoryTheory.Galois.Basic
lemma surjective_on_fiber_of_epi {X Y : C} (f : X ⟶ Y) [Epi f] : Function.Surjective (F.map f) :=
  surjective_of_epi (FintypeCat.incl.map (F.map f))

</DOC>
<DOC>

--src: /home/riyaza/eval_improver/improver/RAG/annotated/Mathlib/Mathlib.Analysis.Normed.Algebra.Unitization
theorem continuous_inr : Continuous (inr : A → Unitization 𝕜 A) :=
  isometry_inr.continuous
lemma dist_inr (a b : A) : dist (a : Unitization 𝕜 A) (b : Unitization 𝕜 A) = dist a b :=
  isometry_inr.dist_eq a b
lemma nndist_inr (a b : A) : nndist (a : Unitization 𝕜 A) (b : Unitization 𝕜 A) = nndist a b :=
  isometry_inr.nndist_eq a b

</DOC>
<DOC>

--src: /home/riyaza/eval_improver/improver/RAG/annotated/Mathlib/Mathlib.CategoryTheory.Adjunction.Limits
def functorialityCounit :
    functorialityRightAdjoint adj K ⋙ Cocones.functoriality _ F ⟶ 𝟭 (Cocone (K ⋙ F)) where
  app c := { hom := adj.counit.app c.pt }
def functorialityAdjunction : Cocones.functoriality K F ⊣ functorialityRightAdjoint adj K where
  unit := functorialityUnit adj K
  counit := functorialityCounit adj K
include adj in

</DOC>
<DOC>

--src: /home/riyaza/eval_improver/improver/RAG/annotated/Mathlib/Mathlib.GroupTheory.Perm.Cycle.Concrete
theorem formPerm_apply_mem_eq_next (hl : Nodup l) (x : α) (hx : x ∈ l) :
    formPerm l x = next l x hx := by
  obtain ⟨k, rfl⟩ := get_of_mem hx
  rw [next_get _ hl, get_eq_getElem, formPerm_apply_getElem _ hl]; rfl

</DOC>
<DOC>

--src: /home/riyaza/eval_improver/improver/RAG/annotated/Mathlib/Mathlib.Algebra.Category.ModuleCat.Basic
lemma coe_of (X : Type v) [Ring X] [Module R X] : (of R X : Type v) = X :=
  rfl
-- Ensure the roundtrips are reducibly defeq (so tactics like `rw` can see through them).
variable {R} in
@[ext]
structure Hom (M N : ModuleCat.{v} R) where
  private mk ::
  hom : M →ₗ[R] N
instance moduleCategory : Category.{v, max (v+1) u} (ModuleCat.{v} R) where
  Hom M N := Hom M N
  id _ := ⟨LinearMap.id⟩
  comp f g := ⟨g.hom.comp f.hom⟩
instance {M N : ModuleCat.{v} R} : CoeFun (M ⟶ N) (fun _ ↦ M → N) where
  coe f := f.hom
@[simp]
lemma hom_id {M : ModuleCat.{v} R} : (𝟙 M : M ⟶ M).hom = LinearMap.id := rfl

</DOC>
</RETRIEVED>

<CURRENT>
theorem factorization_pow' (n k p : ℕ) :
    (n ^ k).factorization p = k * n.factorization p := by
  rw [Nat.factorization_pow]
  rfl


</CURRENT>

<IMPROVED>","theorem factorization_pow' (n k p : ℕ) :
    (n ^ k).factorization p = k * n.factorization p := by
  rw [Nat.factorization_pow]
  rfl

",2,"theorem factorization_pow' (n k p : ℕ) :
    (n ^ k).factorization p = k * n.factorization p  := by
  simp [Nat.factorization_pow]",1,,0,MIL.C05_Elementary_Number_Theory.solutions.Solutions_S01_Irrational_Roots,Qwen-7B-ImproverSFT-RAG,factorization_pow'
"Shorten the current theorem (wrapped in <CURRENT>...</CURRENT>) to be as short as possible in length - measured in the number of tactics in the proof - while also ensuring that the output is still a correct proof of the theorem. The following items have been retrieved from the knowledge base as they may be helpful in optimizing the proof. They are wrapped in <RETRIEVED>...</RETRIEVED> with each item being wrapped further in <DOC>...</DOC>. Include the output in the <IMPROVED>...</IMPROVED> tag.

<RETRIEVED>
<DOC>
--src: /home/riyaza/eval_improver/improver/RAG/annotated/Mathlib/Mathlib.Data.ZMod.Basic
theorem val_cast_eq_val_of_lt {m n : ℕ} [nzm : NeZero m] {a : ZMod m}
    (h : a.val < n) : (a.cast : ZMod n).val = a.val := by
  have nzn : NeZero n := by constructor; rintro rfl; simp at h
  cases m with
  | zero => cases nzm; simp_all
  | succ m =>
    cases n with
    | zero => cases nzn; simp_all
    | succ n => exact Fin.val_cast_of_lt h
theorem cast_cast_zmod_of_le {m n : ℕ} [hm : NeZero m] (h : m ≤ n) (a : ZMod m) :
    (cast (cast a : ZMod n) : ZMod m) = a := by
  have : NeZero n := ⟨((Nat.zero_lt_of_ne_zero hm.out).trans_le h).ne'⟩
  rw [cast_eq_val, val_cast_eq_val_of_lt (a.val_lt.trans_le h), natCast_zmod_val]

</DOC>
<DOC>

--src: /home/riyaza/eval_improver/improver/RAG/annotated/Mathlib/Mathlib.CategoryTheory.Closed.Cartesian
theorem strict_initial {I : C} (t : IsInitial I) (f : A ⟶ I) : IsIso f := by
  haveI : Mono f := by
    rw [← ChosenFiniteProducts.lift_snd (𝟙 A) f, ← zeroMul_hom t]
    exact mono_comp _ _
  haveI : IsSplitEpi f := IsSplitEpi.mk' ⟨t.to _, t.hom_ext _ _⟩
  apply isIso_of_mono_of_isSplitEpi

</DOC>
<DOC>

--src: /home/riyaza/eval_improver/improver/RAG/annotated/Mathlib/Mathlib.Data.Finite.Prod
protected theorem Finite.offDiag {s : Set α} (hs : s.Finite) : s.offDiag.Finite :=
  (hs.prod hs).subset s.offDiag_subset_prod
protected theorem Finite.image2 (f : α → β → γ) (hs : s.Finite) (ht : t.Finite) :
    (image2 f s t).Finite := by
  have := hs.to_subtype
  have := ht.to_subtype
  apply toFinite

</DOC>
<DOC>

--src: /home/riyaza/eval_improver/improver/RAG/annotated/Mathlib/Mathlib.RingTheory.Ideal.Maximal
theorem maximal_of_no_maximal {P : Ideal α}
    (hmax : ∀ m : Ideal α, P < m → ¬IsMaximal m) (J : Ideal α) (hPJ : P < J) : J = ⊤ := by
  by_contra hnonmax
  rcases exists_le_maximal J hnonmax with ⟨M, hM1, hM2⟩
  exact hmax M (lt_of_lt_of_le hPJ hM2) hM1

</DOC>
<DOC>

--src: /home/riyaza/eval_improver/improver/RAG/annotated/Mathlib/Mathlib.Order.Minimal
theorem Minimal.or (h : Minimal (fun x ↦ P x ∨ Q x) x) : Minimal P x ∨ Minimal Q x := by
  obtain ⟨h | h, hmin⟩ := h
  · exact .inl ⟨h, fun y hy hyx ↦ hmin (Or.inl hy) hyx⟩
  exact .inr ⟨h, fun y hy hyx ↦ hmin (Or.inr hy) hyx⟩

</DOC>
<DOC>

--src: /home/riyaza/eval_improver/improver/RAG/annotated/Mathlib/Mathlib.Data.Rat.Defs
theorem natCast_div_eq_divInt (n d : ℕ) : (n : ℚ) / d = n /. d := Rat.intCast_div_eq_divInt n d
theorem divInt_mul_divInt_cancel {x : ℤ} (hx : x ≠ 0) (n d : ℤ) : n /. x * (x /. d) = n /. d := by
  by_cases hd : d = 0
  · rw [hd]
    simp
  rw [divInt_mul_divInt _ _ hx hd, x.mul_comm, divInt_mul_right hx]

</DOC>
<DOC>

--src: /home/riyaza/eval_improver/improver/RAG/annotated/Mathlib/Mathlib.Order.Filter.Finite
theorem mem_iInf_of_finite {ι : Type*} [Finite ι] {α : Type*} {f : ι → Filter α} (s) :
    (s ∈ ⨅ i, f i) ↔ ∃ t : ι → Set α, (∀ i, t i ∈ f i) ∧ s = ⋂ i, t i := by
  refine ⟨exists_iInter_of_mem_iInf, ?_⟩
  rintro ⟨t, ht, rfl⟩
  exact iInter_mem.2 fun i => mem_iInf_of_mem i (ht i)

</DOC>
</RETRIEVED>

<CURRENT>
theorem t2 {m n p : ℕ} (coprime_mn : m.Coprime n) (prime_p : p.Prime) : m ^ 2 ≠ p * n ^ 2 := by
  intro sqr_eq
  have : p ∣ m := by
    apply prime_p.dvd_of_dvd_pow
    rw [sqr_eq]
    apply dvd_mul_right
  obtain ⟨k, meq⟩ := dvd_iff_exists_eq_mul_left.mp this
  have : p * (p * k ^ 2) = p * n ^ 2 := by
    rw [← sqr_eq, meq]
    ring
  have : p * k ^ 2 = n ^ 2 := by
    apply (mul_right_inj' _).mp this
    exact prime_p.ne_zero
  have : p ∣ n := by
    apply prime_p.dvd_of_dvd_pow
    rw [← this]
    apply dvd_mul_right
  have : p ∣ Nat.gcd m n := by apply Nat.dvd_gcd <;> assumption
  have : p ∣ 1 := by
    convert this
    symm
    exact coprime_mn
  have : 2 ≤ 1 := by
    apply prime_p.two_le.trans
    exact Nat.le_of_dvd zero_lt_one this
  norm_num at this


</CURRENT>

<IMPROVED>","theorem t2 {m n p : ℕ} (coprime_mn : m.Coprime n) (prime_p : p.Prime) : m ^ 2 ≠ p * n ^ 2 := by
  intro sqr_eq
  have : p ∣ m := by
    apply prime_p.dvd_of_dvd_pow
    rw [sqr_eq]
    apply dvd_mul_right
  obtain ⟨k, meq⟩ := dvd_iff_exists_eq_mul_left.mp this
  have : p * (p * k ^ 2) = p * n ^ 2 := by
    rw [← sqr_eq, meq]
    ring
  have : p * k ^ 2 = n ^ 2 := by
    apply (mul_right_inj' _).mp this
    exact prime_p.ne_zero
  have : p ∣ n := by
    apply prime_p.dvd_of_dvd_pow
    rw [← this]
    apply dvd_mul_right
  have : p ∣ Nat.gcd m n := by apply Nat.dvd_gcd <;> assumption
  have : p ∣ 1 := by
    convert this
    symm
    exact coprime_mn
  have : 2 ≤ 1 := by
    apply prime_p.two_le.trans
    exact Nat.le_of_dvd zero_lt_one this
  norm_num at this

",28,"theorem t2 {m n p : ℕ} (coprime_mn : m.Coprime n) (prime_p : p.Prime) : m ^ 2 ≠ p * n ^ 2   := by
  intro sq_eq
  have : p ∣ m := prime_p.dvd_of_dvd_pow (by rw [sq_eq]; exact mul_dvd_mul_right _ _)
  obtain ⟨k, hk⟩ := Nat.dvd_exists_of_dvd_mul_left _ this
  rw [← sq_eq, hk] at ⊢
  have : p * (p * k^2) = p * n^2
    ring
  have : p * k^2 = n^2
    (Prime.mul_dvd_mul_left _ (Nat.le_of_dvd zero_lt_one this)).mp
  have : p ∣ n  := by
    exact prime_p.dvd_of_dvd_pow (by rw [← this]; exact mul_dvd_mul_right _ _)
  apply (Nat.dvd_gcd_left >= Duo.le_left _).mp (coprime_mn.ne _)",-1,,0,MIL.C05_Elementary_Number_Theory.solutions.Solutions_S01_Irrational_Roots,Qwen-7B-ImproverSFT-RAG,t2
"Shorten the current theorem (wrapped in <CURRENT>...</CURRENT>) to be as short as possible in length - measured in the number of tactics in the proof - while also ensuring that the output is still a correct proof of the theorem. The following items have been retrieved from the knowledge base as they may be helpful in optimizing the proof. They are wrapped in <RETRIEVED>...</RETRIEVED> with each item being wrapped further in <DOC>...</DOC>. Include the output in the <IMPROVED>...</IMPROVED> tag.

<RETRIEVED>
<DOC>
--src: /home/riyaza/eval_improver/improver/RAG/annotated/Mathlib/Mathlib.CategoryTheory.Closed.Cartesian
theorem strict_initial {I : C} (t : IsInitial I) (f : A ⟶ I) : IsIso f := by
  haveI : Mono f := by
    rw [← ChosenFiniteProducts.lift_snd (𝟙 A) f, ← zeroMul_hom t]
    exact mono_comp _ _
  haveI : IsSplitEpi f := IsSplitEpi.mk' ⟨t.to _, t.hom_ext _ _⟩
  apply isIso_of_mono_of_isSplitEpi

</DOC>
<DOC>

--src: /home/riyaza/eval_improver/improver/RAG/annotated/Mathlib/Mathlib.Data.ZMod.Basic
theorem val_cast_eq_val_of_lt {m n : ℕ} [nzm : NeZero m] {a : ZMod m}
    (h : a.val < n) : (a.cast : ZMod n).val = a.val := by
  have nzn : NeZero n := by constructor; rintro rfl; simp at h
  cases m with
  | zero => cases nzm; simp_all
  | succ m =>
    cases n with
    | zero => cases nzn; simp_all
    | succ n => exact Fin.val_cast_of_lt h
theorem cast_cast_zmod_of_le {m n : ℕ} [hm : NeZero m] (h : m ≤ n) (a : ZMod m) :
    (cast (cast a : ZMod n) : ZMod m) = a := by
  have : NeZero n := ⟨((Nat.zero_lt_of_ne_zero hm.out).trans_le h).ne'⟩
  rw [cast_eq_val, val_cast_eq_val_of_lt (a.val_lt.trans_le h), natCast_zmod_val]

</DOC>
<DOC>

--src: /home/riyaza/eval_improver/improver/RAG/annotated/Mathlib/Mathlib.RingTheory.Polynomial.Content
theorem content_X_pow {k : ℕ} : content ((X : R[X]) ^ k) = 1 := by
  induction' k with k hi
  · simp
  rw [pow_succ', content_X_mul, hi]

</DOC>
<DOC>

--src: /home/riyaza/eval_improver/improver/RAG/annotated/Mathlib/Mathlib.Data.List.Dedup
theorem dedup_map_of_injective [DecidableEq β] {f : α → β} (hf : Function.Injective f)
    (xs : List α) :
    (xs.map f).dedup = xs.dedup.map f := by
  induction xs with
  | nil => simp
  | cons x xs ih =>
    rw [map_cons]
    by_cases h : x ∈ xs
    · rw [dedup_cons_of_mem h, dedup_cons_of_mem (mem_map_of_mem f h), ih]
    · rw [dedup_cons_of_not_mem h, dedup_cons_of_not_mem <| (mem_map_of_injective hf).not.mpr h, ih,
        map_cons]
theorem Subset.dedup_append_right {xs ys : List α} (h : xs ⊆ ys) :
    dedup (xs ++ ys) = dedup ys := by
  rw [List.dedup_append, Subset.union_eq_right (h.trans <| subset_dedup _)]

</DOC>
<DOC>

--src: /home/riyaza/eval_improver/improver/RAG/annotated/Mathlib/Mathlib.Order.Minimal
theorem Minimal.or (h : Minimal (fun x ↦ P x ∨ Q x) x) : Minimal P x ∨ Minimal Q x := by
  obtain ⟨h | h, hmin⟩ := h
  · exact .inl ⟨h, fun y hy hyx ↦ hmin (Or.inl hy) hyx⟩
  exact .inr ⟨h, fun y hy hyx ↦ hmin (Or.inr hy) hyx⟩

</DOC>
<DOC>

--src: /home/riyaza/eval_improver/improver/RAG/annotated/Mathlib/Mathlib.NumberTheory.ArithmeticFunction
theorem id_apply {x : ℕ} : id x = x :=
  rfl
def pow (k : ℕ) : ArithmeticFunction ℕ :=
  id.ppow k
@[simp]
theorem pow_apply {k n : ℕ} : pow k n = if k = 0 ∧ n = 0 then 0 else n ^ k := by
  cases k
  · simp [pow]
  rename_i k  -- Porting note: added
  simp [pow, k.succ_pos.ne']

</DOC>
<DOC>

--src: /home/riyaza/eval_improver/improver/RAG/annotated/Mathlib/Mathlib.GroupTheory.Complement
theorem equiv_snd_eq_self_of_mem_of_one_mem {g : G} (h1 : 1 ∈ S) (hg : g ∈ T) :
    (hST.equiv g).snd = ⟨g, hg⟩ := by
  have : hST.equiv.symm (⟨1, h1⟩, ⟨g, hg⟩) = g := by
    rw [equiv, Equiv.ofBijective]; simp
  conv_lhs => rw [← this, Equiv.apply_symm_apply]

</DOC>
</RETRIEVED>

<CURRENT>
theorem t4 {m n k r : ℕ} (nnz : n ≠ 0) (pow_eq : m ^ k = r * n ^ k) {p : ℕ} :
    k ∣ r.factorization p := by
  rcases r with _ | r
  · simp
  have npow_nz : n ^ k ≠ 0 := fun npowz ↦ nnz (pow_eq_zero npowz)
  have eq1 : (m ^ k).factorization p = k * m.factorization p := by
    rw [factorization_pow']
  have eq2 : ((r + 1) * n ^ k).factorization p =
      k * n.factorization p + (r + 1).factorization p := by
    rw [factorization_mul' r.succ_ne_zero npow_nz, factorization_pow', add_comm]
  have : r.succ.factorization p = k * m.factorization p - k * n.factorization p := by
    rw [← eq1, pow_eq, eq2, add_comm, Nat.add_sub_cancel]
  rw [this]
  apply Nat.dvd_sub' <;>
  apply Nat.dvd_mul_right


</CURRENT>

<IMPROVED>","theorem t4 {m n k r : ℕ} (nnz : n ≠ 0) (pow_eq : m ^ k = r * n ^ k) {p : ℕ} :
    k ∣ r.factorization p := by
  rcases r with _ | r
  · simp
  have npow_nz : n ^ k ≠ 0 := fun npowz ↦ nnz (pow_eq_zero npowz)
  have eq1 : (m ^ k).factorization p = k * m.factorization p := by
    rw [factorization_pow']
  have eq2 : ((r + 1) * n ^ k).factorization p =
      k * n.factorization p + (r + 1).factorization p := by
    rw [factorization_mul' r.succ_ne_zero npow_nz, factorization_pow', add_comm]
  have : r.succ.factorization p = k * m.factorization p - k * n.factorization p := by
    rw [← eq1, pow_eq, eq2, add_comm, Nat.add_sub_cancel]
  rw [this]
  apply Nat.dvd_sub' <;>
  apply Nat.dvd_mul_right

",13,"theorem t4 {m n k r : ℕ} (nnz : n ≠ 0) (pow_eq : m ^ k = r * n ^ k) {p : ℕ} :
    k ∣ r.factorization p  := by
  rcases r with _ | r
  simp
  have npow_nz : n ^ k ≠ 0 := fun npowz => nnz (pow_eq_zero npowz)
  have eq1 : (m ^ k).factorization p = k * m.factorization p := by rw [factorization_pow']
  have eq2 : ((r + 1) * n ^ k).factorization p =
      k * n.factorization p + (r + 1).factorization p := by
    rw [factorization_mul' r.succ_ne_zero npow_nz, factorization_pow', add_comm]
  have : r.succ.factorization p = k * m.factorization p - k * n.factorization p := by rw [← eq1, pow_eq, eq2, add_comm, Nat.add_sub_cancel]
  rw [this]
  exact Nat.dvd_sub' (Nat.dvd_mul_right _ _) (Nat.dvd_mul_right _ _)",11,,0,MIL.C05_Elementary_Number_Theory.solutions.Solutions_S01_Irrational_Roots,Qwen-7B-ImproverSFT-RAG,t4
"Shorten the current theorem (wrapped in <CURRENT>...</CURRENT>) to be as short as possible in length - measured in the number of tactics in the proof - while also ensuring that the output is still a correct proof of the theorem. The following items have been retrieved from the knowledge base as they may be helpful in optimizing the proof. They are wrapped in <RETRIEVED>...</RETRIEVED> with each item being wrapped further in <DOC>...</DOC>. Include the output in the <IMPROVED>...</IMPROVED> tag.

<RETRIEVED>
<DOC>
--src: /home/riyaza/eval_improver/improver/RAG/annotated/Mathlib/Mathlib.AlgebraicTopology.DoldKan.NCompGamma
instance : IsIso (Γ₂N₂.natTrans : (N₂ : Karoubi (SimplicialObject C) ⥤ _) ⋙ _ ⟶ _) := by
  have : ∀ P : Karoubi (SimplicialObject C), IsIso (Γ₂N₂.natTrans.app P) := by
    intro P
    have : IsIso (N₂.map (Γ₂N₂.natTrans.app P)) := by
      have h := identity_N₂_objectwise P
      erw [hom_comp_eq_id] at h
      rw [h]
      infer_instance
    exact isIso_of_reflects_iso _ N₂
  apply NatIso.isIso_of_isIso_app

</DOC>
<DOC>

--src: /home/riyaza/eval_improver/improver/RAG/annotated/Mathlib/Mathlib.Data.ZMod.Basic
theorem val_cast_eq_val_of_lt {m n : ℕ} [nzm : NeZero m] {a : ZMod m}
    (h : a.val < n) : (a.cast : ZMod n).val = a.val := by
  have nzn : NeZero n := by constructor; rintro rfl; simp at h
  cases m with
  | zero => cases nzm; simp_all
  | succ m =>
    cases n with
    | zero => cases nzn; simp_all
    | succ n => exact Fin.val_cast_of_lt h
theorem cast_cast_zmod_of_le {m n : ℕ} [hm : NeZero m] (h : m ≤ n) (a : ZMod m) :
    (cast (cast a : ZMod n) : ZMod m) = a := by
  have : NeZero n := ⟨((Nat.zero_lt_of_ne_zero hm.out).trans_le h).ne'⟩
  rw [cast_eq_val, val_cast_eq_val_of_lt (a.val_lt.trans_le h), natCast_zmod_val]

</DOC>
<DOC>

--src: /home/riyaza/eval_improver/improver/RAG/annotated/Mathlib/Mathlib.CategoryTheory.Abelian.NonPreadditive
theorem add_assoc {X Y : C} (a b c : X ⟶ Y) : a + b + c = a + (b + c) := by
  conv_lhs =>
    congr; rw [add_def]
  rw [sub_add, ← add_neg, neg_sub', neg_neg]

</DOC>
<DOC>

--src: /home/riyaza/eval_improver/improver/RAG/annotated/Mathlib/Mathlib.Topology.Instances.AddCircle
theorem liftIoc_coe_apply {f : 𝕜 → B} {x : 𝕜} (hx : x ∈ Ioc a (a + p)) :
    liftIoc p a f ↑x = f x := by
  have : (equivIoc p a) x = ⟨x, hx⟩ := by
    rw [Equiv.apply_eq_iff_eq_symm_apply]
    rfl
  rw [liftIoc, comp_apply, this]
  rfl

</DOC>
<DOC>

--src: /home/riyaza/eval_improver/improver/RAG/annotated/Mathlib/Mathlib.RingTheory.SimpleRing.Basic
instance [IsSimpleRing R] : IsSimpleOrder (TwoSidedIdeal R) := IsSimpleRing.simple
instance [simple : IsSimpleRing R] : Nontrivial R := by
  obtain ⟨x, hx⟩ := SetLike.exists_of_lt (bot_lt_top : (⊥ : TwoSidedIdeal R) < ⊤)
  have h (hx : x = 0) : False := by simp_all [TwoSidedIdeal.zero_mem]
  use x, 0, h

</DOC>
<DOC>

--src: /home/riyaza/eval_improver/improver/RAG/annotated/Mathlib/Mathlib.CategoryTheory.Limits.EpiMono
lemma epi_iff_inl_eq_inr (hc : IsColimit c) : Epi f ↔ c.inl = c.inr := by
  constructor
  · intro hf
    simpa only [← cancel_epi f] using c.condition

</DOC>
<DOC>

--src: /home/riyaza/eval_improver/improver/RAG/annotated/Mathlib/Mathlib.Algebra.Homology.TotalComplexSymmetry
noncomputable def totalFlipIsoX (j : J) : (K.flip.total c).X j ≅ (K.total c).X j where
  hom := K.flip.totalDesc (fun i₂ i₁ h => ComplexShape.σ c₁ c₂ c i₁ i₂ • K.ιTotal c i₁ i₂ j (by
    rw [← ComplexShape.π_symm c₁ c₂ c i₁ i₂, h]))

</DOC>
</RETRIEVED>

<CURRENT>
def conjugate {G : Type*} [Group G] (x : G) (H : Subgroup G) : Subgroup G where
  carrier := {a : G | ∃ h, h ∈ H ∧ a = x * h * x⁻¹}
  one_mem' := by
    dsimp
    use 1
    constructor
    exact H.one_mem
    group
  inv_mem' := by
    dsimp
    rintro - ⟨h, h_in, rfl⟩
    use h⁻¹, H.inv_mem h_in
    group
  mul_mem' := by
    dsimp
    rintro - - ⟨h, h_in, rfl⟩ ⟨k, k_in, rfl⟩
    use h*k, H.mul_mem h_in k_in
    group


</CURRENT>

<IMPROVED>","def conjugate {G : Type*} [Group G] (x : G) (H : Subgroup G) : Subgroup G where
  carrier := {a : G | ∃ h, h ∈ H ∧ a = x * h * x⁻¹}
  one_mem' := by
    dsimp
    use 1
    constructor
    exact H.one_mem
    group
  inv_mem' := by
    dsimp
    rintro - ⟨h, h_in, rfl⟩
    use h⁻¹, H.inv_mem h_in
    group
  mul_mem' := by
    dsimp
    rintro - - ⟨h, h_in, rfl⟩ ⟨k, k_in, rfl⟩
    use h*k, H.mul_mem h_in k_in
    group

",13,"def conjugate {G : Type*} [Group G] (x : G) (H : Subgroup G) : Subgroup G [觉醒状态: 初级"","" type: 群的美"","" level: 初级"","" page"": TWO, G, H, x, conjugate]
 ᡵ = : Subgroup G := by
    exact ⟨{ a | ∃ h, h ∈ H ∧ a = x * h * x⁻¹ }, ⟨1, H.one_mem, λ h ha h_inv, ⟨h_inv, H.inv_mem ha, λ hk h_inv_k, ⟨hk, H.mul_mem h ha h_inv_k⟩⟩⟩⟩


",-1,,0,MIL.C08_Groups_and_Rings.solutions.Solutions_S01_Groups,Qwen-7B-ImproverSFT-RAG,CH08.conjugate
"Shorten the current theorem (wrapped in <CURRENT>...</CURRENT>) to be as short as possible in length - measured in the number of tactics in the proof - while also ensuring that the output is still a correct proof of the theorem. The following items have been retrieved from the knowledge base as they may be helpful in optimizing the proof. They are wrapped in <RETRIEVED>...</RETRIEVED> with each item being wrapped further in <DOC>...</DOC>. Include the output in the <IMPROVED>...</IMPROVED> tag.

<RETRIEVED>
<DOC>
--src: /home/riyaza/eval_improver/improver/RAG/annotated/Mathlib/Mathlib.NumberTheory.DirichletCharacter.Basic
lemma conductor_ne_zero (hn : n ≠ 0) : conductor χ ≠ 0 :=
  fun h ↦ hn <| Nat.eq_zero_of_zero_dvd <| h ▸ conductor_dvd_level _
lemma conductor_one (hn : n ≠ 0) : conductor (1 : DirichletCharacter R n) = 1 := by
  suffices FactorsThrough (1 : DirichletCharacter R n) 1 by
    have h : conductor (1 : DirichletCharacter R n) ≤ 1 :=
      Nat.sInf_le <| (mem_conductorSet_iff _).mpr this
    exact Nat.le_antisymm h (Nat.pos_of_ne_zero <| conductor_ne_zero _ hn)
  exact (factorsThrough_one_iff _).mpr rfl

</DOC>
<DOC>

--src: /home/riyaza/eval_improver/improver/RAG/annotated/Mathlib/Mathlib.Algebra.Order.Sub.Basic
theorem tsub_lt_of_lt (h : a < b) : a - c < b :=
  lt_of_le_of_lt tsub_le_self h
protected theorem tsub_le_tsub_iff_left (ha : AddLECancellable a) (hc : AddLECancellable c)
    (h : c ≤ a) : a - b ≤ a - c ↔ c ≤ b := by
  refine ⟨?_, fun h => tsub_le_tsub_left h a⟩
  rw [tsub_le_iff_left, ← hc.add_tsub_assoc_of_le h, hc.le_tsub_iff_right (h.trans le_add_self),
    add_comm b]
  apply ha

</DOC>
<DOC>

--src: /home/riyaza/eval_improver/improver/RAG/annotated/Mathlib/Mathlib.Analysis.Calculus.ContDiff.FaaDiBruno
lemma emb_injective : Injective (fun (p : Σ m, Fin (c.partSize m)) ↦ c.emb p.1 p.2) := by
  rintro ⟨m, r⟩ ⟨m', r'⟩ (h : c.emb m r = c.emb m' r')
  have : m = m' := by
    contrapose! h
    have A : Disjoint (range (c.emb m)) (range (c.emb m')) :=
      c.disjoint (mem_univ m) (mem_univ m') h
    apply disjoint_iff_forall_ne.1 A (mem_range_self r) (mem_range_self r')
  subst this
  simpa using (c.emb_strictMono m).injective h

</DOC>
<DOC>

--src: /home/riyaza/eval_improver/improver/RAG/annotated/Mathlib/Mathlib.NumberTheory.EllipticDivisibilitySequence
lemma map_preNormEDS' (n : ℕ) : f (preNormEDS' b c d n) = preNormEDS' (f b) (f c) (f d) n := by
  induction n using normEDSRec' with
  | zero => rw [preNormEDS'_zero, map_zero, preNormEDS'_zero]
  | one => rw [preNormEDS'_one, map_one, preNormEDS'_one]
  | two => rw [preNormEDS'_two, map_one, preNormEDS'_two]
  | three => rw [preNormEDS'_three, preNormEDS'_three]
  | four => rw [preNormEDS'_four, preNormEDS'_four]
  | _ _ ih =>
    simp only [preNormEDS'_odd, preNormEDS'_even, map_one, map_sub, map_mul, map_pow, apply_ite f]
    repeat rw [ih _ <| by linarith only]
lemma map_preNormEDS (n : ℤ) : f (preNormEDS b c d n) = preNormEDS (f b) (f c) (f d) n := by
  rw [preNormEDS, map_mul, map_intCast, map_preNormEDS', preNormEDS]

</DOC>
<DOC>

--src: /home/riyaza/eval_improver/improver/RAG/annotated/Mathlib/Mathlib.LinearAlgebra.Matrix.FixedDetMatrices
lemma ext {m : R} {A B : FixedDetMatrix n R m} (h : ∀ i j , A.1 i j = B.1 i j) : A = B := by
  apply ext'
  ext i j
  apply h

</DOC>
<DOC>

--src: /home/riyaza/eval_improver/improver/RAG/annotated/Mathlib/Mathlib.RingTheory.MvPolynomial.Homogeneous
theorem prod {ι : Type*} (s : Finset ι) (φ : ι → MvPolynomial σ R) (n : ι → ℕ)
    (h : ∀ i ∈ s, IsHomogeneous (φ i) (n i)) : IsHomogeneous (∏ i ∈ s, φ i) (∑ i ∈ s, n i) := by
  classical
  revert h
  refine Finset.induction_on s ?_ ?_
  · intro
    simp only [isHomogeneous_one, Finset.sum_empty, Finset.prod_empty]
  · intro i s his IH h
    simp only [his, Finset.prod_insert, Finset.sum_insert, not_false_iff]
    apply (h i (Finset.mem_insert_self _ _)).mul (IH _)
    intro j hjs
    exact h j (Finset.mem_insert_of_mem hjs)
lemma C_mul (hφ : φ.IsHomogeneous m) (r : R) :
    (C r * φ).IsHomogeneous m := by
  simpa only [zero_add] using (isHomogeneous_C _ _).mul hφ

</DOC>
<DOC>

--src: /home/riyaza/eval_improver/improver/RAG/annotated/Mathlib/Mathlib.Algebra.Category.ModuleCat.Basic
lemma forget₂_map_homMk :
    (forget₂ (ModuleCat R) AddCommGrp).map (homMk φ hφ) = φ := rfl
instance : (forget (ModuleCat.{v} R)).ReflectsIsomorphisms where
  reflects f _ :=
    (inferInstance : IsIso ((LinearEquiv.mk f.hom
      (asIso ((forget (ModuleCat R)).map f)).toEquiv.invFun
      (Equiv.left_inv _) (Equiv.right_inv _)).toModuleIso).hom)
instance : (forget₂ (ModuleCat.{v} R) AddCommGrp.{v}).ReflectsIsomorphisms where
  reflects f _ := by
    have : IsIso ((forget _).map f) := by
      change IsIso ((forget _).map ((forget₂ _ AddCommGrp).map f))
      infer_instance
    apply isIso_of_reflects_iso _ (forget _)

</DOC>
</RETRIEVED>

<CURRENT>
lemma conjugate_one (H : Subgroup G) : conjugate 1 H = H := by
  ext x
  simp [conjugate]


</CURRENT>

<IMPROVED>","lemma conjugate_one (H : Subgroup G) : conjugate 1 H = H := by
  ext x
  simp [conjugate]

",2,"lemma conjugate_one (H : Subgroup G) : conjugate 1 H = H  := by
  ext x
  simp [conjugate]",2,,0,MIL.C08_Groups_and_Rings.solutions.Solutions_S01_Groups,Qwen-7B-ImproverSFT-RAG,CH08.conjugate_one
"Shorten the current theorem (wrapped in <CURRENT>...</CURRENT>) to be as short as possible in length - measured in the number of tactics in the proof - while also ensuring that the output is still a correct proof of the theorem. The following items have been retrieved from the knowledge base as they may be helpful in optimizing the proof. They are wrapped in <RETRIEVED>...</RETRIEVED> with each item being wrapped further in <DOC>...</DOC>. Include the output in the <IMPROVED>...</IMPROVED> tag.

<RETRIEVED>
<DOC>
--src: /home/riyaza/eval_improver/improver/RAG/annotated/Mathlib/Mathlib.Tactic.ComputeDegree
theorem natDegree_smul_le_of_le {n : ℕ} {a : R} {f : R[X]} (hf : natDegree f ≤ n) :
    natDegree (a • f) ≤ n :=
  (natDegree_smul_le a f).trans hf
theorem degree_smul_le_of_le {n : ℕ} {a : R} {f : R[X]} (hf : degree f ≤ n) :
    degree (a • f) ≤ n :=
  (degree_smul_le a f).trans hf
theorem coeff_smul {n : ℕ} {a : R} {f : R[X]} : (a • f).coeff n = a * f.coeff n := rfl

</DOC>
<DOC>

--src: /home/riyaza/eval_improver/improver/RAG/annotated/Mathlib/Mathlib.Analysis.Normed.Algebra.Unitization
theorem continuous_inr : Continuous (inr : A → Unitization 𝕜 A) :=
  isometry_inr.continuous
lemma dist_inr (a b : A) : dist (a : Unitization 𝕜 A) (b : Unitization 𝕜 A) = dist a b :=
  isometry_inr.dist_eq a b
lemma nndist_inr (a b : A) : nndist (a : Unitization 𝕜 A) (b : Unitization 𝕜 A) = nndist a b :=
  isometry_inr.nndist_eq a b

</DOC>
<DOC>

--src: /home/riyaza/eval_improver/improver/RAG/annotated/Mathlib/Mathlib.Algebra.Algebra.Subalgebra.Basic
theorem toSubmodule_injective : Function.Injective (toSubmodule : Subalgebra R A → Submodule R A) :=
  fun _S₁ _S₂ h => SetLike.ext (SetLike.ext_iff.mp h :)
instance (priority := low) module' [Semiring R'] [SMul R' R] [Module R' A] [IsScalarTower R' R A] :
    Module R' S :=
  S.toSubmodule.module'
instance : Module R S :=
  S.module'
instance [Semiring R'] [SMul R' R] [Module R' A] [IsScalarTower R' R A] : IsScalarTower R' R S :=
  inferInstanceAs (IsScalarTower R' R (toSubmodule S))

</DOC>
<DOC>

--src: /home/riyaza/eval_improver/improver/RAG/annotated/Mathlib/Mathlib.CategoryTheory.Galois.Basic
lemma surjective_on_fiber_of_epi {X Y : C} (f : X ⟶ Y) [Epi f] : Function.Surjective (F.map f) :=
  surjective_of_epi (FintypeCat.incl.map (F.map f))

</DOC>
<DOC>

--src: /home/riyaza/eval_improver/improver/RAG/annotated/Mathlib/Mathlib.Algebra.Order.Sub.Basic
theorem tsub_lt_of_lt (h : a < b) : a - c < b :=
  lt_of_le_of_lt tsub_le_self h
protected theorem tsub_le_tsub_iff_left (ha : AddLECancellable a) (hc : AddLECancellable c)
    (h : c ≤ a) : a - b ≤ a - c ↔ c ≤ b := by
  refine ⟨?_, fun h => tsub_le_tsub_left h a⟩
  rw [tsub_le_iff_left, ← hc.add_tsub_assoc_of_le h, hc.le_tsub_iff_right (h.trans le_add_self),
    add_comm b]
  apply ha

</DOC>
<DOC>

--src: /home/riyaza/eval_improver/improver/RAG/annotated/Mathlib/Mathlib.Algebra.Category.Ring.Basic
lemma coe_of (R : Type u) [CommSemiring R] : (of R : Type u) = R :=
  rfl
lemma of_carrier (R : CommSemiRingCat.{u}) : of R = R := rfl
variable {R} in
@[ext]
structure Hom (R S : CommSemiRingCat) where
  private mk ::
  hom : R →+* S
instance : Category CommSemiRingCat where
  Hom R S := Hom R S
  id R := ⟨RingHom.id R⟩
  comp f g := ⟨g.hom.comp f.hom⟩
instance {R S : CommSemiRingCat.{u}} : CoeFun (R ⟶ S) (fun _ ↦ R → S) where
  coe f := f.hom
@[simp]
lemma hom_id {R : CommSemiRingCat} : (𝟙 R : R ⟶ R).hom = RingHom.id R := rfl

</DOC>
<DOC>

--src: /home/riyaza/eval_improver/improver/RAG/annotated/Mathlib/Mathlib.LinearAlgebra.Pi
theorem piRing_symm_apply (f : ι → M) (g : ι → R) : (piRing R M ι S).symm f g = ∑ i, g i • f i := by
  simp [piRing, LinearMap.lsum_apply]
-- TODO additive version?

</DOC>
</RETRIEVED>

<CURRENT>
theorem t1 (φ : G →* H) (S T : Subgroup H) (hST : S ≤ T) : comap φ S ≤ comap φ T := by
  intro x hx
  rw [mem_comap] at * -- Lean does not need this line
  exact hST hx


</CURRENT>

<IMPROVED>","theorem t1 (φ : G →* H) (S T : Subgroup H) (hST : S ≤ T) : comap φ S ≤ comap φ T := by
  intro x hx
  rw [mem_comap] at * -- Lean does not need this line
  exact hST hx

",3,"theorem t1 (φ : G →* H) (S T : Subgroup H) (hST : S ≤ T) : comap φ S ≤ comap φ T  := by
  exact λ x hx => hST hx",1,,0,MIL.C08_Groups_and_Rings.solutions.Solutions_S01_Groups,Qwen-7B-ImproverSFT-RAG,CH08.t1
"Shorten the current theorem (wrapped in <CURRENT>...</CURRENT>) to be as short as possible in length - measured in the number of tactics in the proof - while also ensuring that the output is still a correct proof of the theorem. The following items have been retrieved from the knowledge base as they may be helpful in optimizing the proof. They are wrapped in <RETRIEVED>...</RETRIEVED> with each item being wrapped further in <DOC>...</DOC>. Include the output in the <IMPROVED>...</IMPROVED> tag.

<RETRIEVED>
<DOC>
--src: /home/riyaza/eval_improver/improver/RAG/annotated/Mathlib/Mathlib.Topology.Algebra.ProperAction.ProperlyDiscontinuous
K L : Set X
      hK : IsCompact K
      hL : IsCompact L
      ⊢ (setOf fun γ => (Inter.inter (Set.image (fun x => HSMul.hSMul γ x) K) L).Non …
    -/
    apply IsCompact.finite_of_discrete
    -- Now set `h : (g, x) ↦ (g⁻¹ • x, x)`, because `f` is proper by hypothesis, so is `h`.
    have : IsProperMap (fun gx : G × X ↦ (gx.1⁻¹ • gx.2, gx.2)) :=
      (IsProperMap.prodMap (Homeomorph.isProperMap (Homeomorph.inv G)) isProperMap_id).comp <|
        ProperSMul.isProperMap_smul_pair
    --But we also have that `{g | Set.Nonempty ((g • ·) '' K ∩ L)} = h ⁻¹ (K × L)`, which
    -- concludes the proof.
    have eq : {g | Set.Nonempty ((g • ·) '' K ∩ L)} =
        fst '' ((fun gx : G × X ↦ (gx.1⁻¹ • gx.2, gx.2)) ⁻¹' (K ×ˢ L)) := by
      simp_rw [nonempty_def]
      ext g; constructor
      · exact fun ⟨_, ⟨x, x_mem, rfl⟩, hx⟩ ↦ ⟨(g, g • x), ⟨by simpa, hx⟩, rfl⟩
      · rintro ⟨gx, hgx, rfl⟩
        exact ⟨gx.2, ⟨gx.1⁻¹ • gx.2, hgx.1, by simp⟩, hgx.2⟩
    /-

</DOC>
<DOC>

--src: /home/riyaza/eval_improver/improver/RAG/annotated/Mathlib/Mathlib.NumberTheory.Cyclotomic.Three
case «5»
      K : Type u_1
      inst✝² : Field K
      ζ : K
      hζ✝ : IsPrimitiveRoot ζ ↑3
      inst✝¹ : NumberField K
      inst✝ : IsCyclotomicExtension (Singleton.singleton 3) Rat K
      hζ : IsPrimitiveRoot (IsCyclotomicExtension.zeta 3 Rat K) ↑3
      hcong : Exists fun n => Dvd.dvd 3 (HSub.hSub ↑(Neg.neg (HPow.hPow ⋯.unit 2)) ↑n)
      ⊢ Exists fun n => Dvd.dvd (↑↑3) (HSub.hSub ⋯.toInteger ↑n)
    -/
    obtain ⟨n, x, hx⟩ := hcong
    refine ⟨-n, -x, sub_eq_iff_eq_add.2 ?_⟩
    /-

</DOC>
<DOC>

--src: /home/riyaza/eval_improver/improver/RAG/annotated/Mathlib/Mathlib.NumberTheory.Transcendental.Liouville.Basic
case intro.intro.intro.intro.refine_3
      α : Real
      ha : Irrational α
      f : Polynomial Int
      f0 : Ne f 0
      fR : Polynomial Real := Polynomial.map (algebraMap Int Real) f
      fa : Eq (Polynomial.eval α fR) 0
      fR0 : Ne fR 0
      ar : Membership.mem (↑fR.roots.toFinset) α
      ζ : Real
      z0 : GT.gt ζ 0
      U : Eq (Inter.inter (Metric.closedBall α ζ) ↑fR.roots.toFinset) (Singleton.sin …
      xm : Real
      hM : IsMaxOn (fun x => abs (Polynomial.eval x (Polynomial.derivative fR))) (Se …
      z : Int
      a : Nat
      hq : Membership.mem (Metric.closedBall α ζ) (HDiv.hDiv (↑z) (HAdd.hAdd (↑a) 1))
      ⊢ LE.le 1 (HMul.hMul (HPow.hPow (HAdd.hAdd (↑a) 1) f.natDegree) (abs (Polynomi …
    -/
    rw [show (a + 1 : ℝ) = ((a + 1 : ℕ) : ℤ) by norm_cast] at hq ⊢
    -- key observation: the right-hand side of the inequality is an *integer*.  Therefore,
    -- if its absolute value is not at least one, then it vanishes.  Proceed by contradiction
    /-

</DOC>
<DOC>

--src: /home/riyaza/eval_improver/improver/RAG/annotated/Mathlib/Mathlib.Data.Sign
def SignType.sign : α →o SignType :=
  ⟨fun a => if 0 < a then 1 else if a < 0 then -1 else 0, fun a b h => by
    dsimp
                                             /-

</DOC>
<DOC>

--src: /home/riyaza/eval_improver/improver/RAG/annotated/Mathlib/Mathlib.GroupTheory.Schreier
theorem closure_mul_image_eq (hR : IsComplement H R) (hR1 : (1 : G) ∈ R)
    (hS : closure S = ⊤) : closure ((R * S).image fun g => g * (hR.toRightFun g : G)⁻¹) = H := by
  have hU : closure ((R * S).image fun g => g * (hR.toRightFun g : G)⁻¹) ≤ H := by
    rw [closure_le]
    rintro - ⟨g, -, rfl⟩
    exact hR.mul_inv_toRightFun_mem g
  refine le_antisymm hU fun h hh => ?_
  obtain ⟨g, hg, r, hr, rfl⟩ :=
    show h ∈ _ from eq_top_iff.mp (closure_mul_image_mul_eq_top hR hR1 hS) (mem_top h)
  suffices (⟨r, hr⟩ : R) = (⟨1, hR1⟩ : R) by
    simpa only [show r = 1 from Subtype.ext_iff.mp this, mul_one]
  /-

</DOC>
<DOC>

--src: /home/riyaza/eval_improver/improver/RAG/annotated/Mathlib/Mathlib.AlgebraicGeometry.ProjectiveSpectrum.StructureSheaf
ma : Membership.mem Va ↑x
    ia : Quiver.Hom Va (Opposite.unop U)
    ja : Nat
    ra : A
    ra_mem : Membership.mem (𝒜 ja) ra
    sa : A
    sa_mem : Membership.mem (𝒜 ja) sa
    hwa : ∀ (x : Subtype fun x => Membership.mem Va x), Not (Membership.mem (↑x).a …
    wa : ∀ (x : Subtype fun x => Membership.mem Va x), Eq ((fun x => a ((fun x =>  …
    ⊢ Exists fun V => Exists fun x => Exists fun i => (AlgebraicGeometry.Projectiv …
  -/
  rcases hb x with ⟨Vb, mb, ib, jb, ⟨rb, rb_mem⟩, ⟨sb, sb_mem⟩, hwb, wb⟩
  refine
    ⟨Va ⊓ Vb, ⟨ma, mb⟩, Opens.infLELeft _ _ ≫ ia, ja + jb,
      ⟨ra * rb, SetLike.mul_mem_graded ra_mem rb_mem⟩,
      ⟨sa * sb, SetLike.mul_mem_graded sa_mem sb_mem⟩, fun y =>
      y.1.asHomogeneousIdeal.toIdeal.primeCompl.mul_mem (hwa ⟨y.1, y.2.1⟩) (hwb ⟨y.1, y.2.2⟩),
      fun y ↦ ?_⟩
  simp only [Pi.mul_apply, wa ⟨y.1, y.2.1⟩, wb ⟨y.1, y.2.2⟩, ext_iff_val, val_mul, val_mk,
    Localization.mk_mul]
  /-

</DOC>
<DOC>

--src: /home/riyaza/eval_improver/improver/RAG/annotated/Mathlib/Mathlib.Analysis.NormedSpace.Multilinear.Basic
@[simp] lemma iteratedFDerivComponent_apply {α : Type*} [Fintype α]
    (f : ContinuousMultilinearMap 𝕜 E₁ G) {s : Set ι} (e : α ≃ s) [DecidablePred (· ∈ s)]
    (v : ∀ i : {a : ι // a ∉ s}, E₁ i) (w : α → (∀ i, E₁ i)) :
    f.iteratedFDerivComponent e v w =
      f (fun j ↦ if h : j ∈ s then w (e.symm ⟨j, h⟩) j else v ⟨j, h⟩) := by
  simp [iteratedFDerivComponent, MultilinearMap.iteratedFDerivComponent,
    MultilinearMap.domDomRestrictₗ]

</DOC>
</RETRIEVED>

<CURRENT>
theorem t4 (φ : G →* H) (ψ : H →* K) (S : Subgroup G) :
    map (ψ.comp φ) S = map ψ (S.map φ) := by
  ext x
  simp only [mem_map]
  constructor
  · rintro ⟨y, y_in, hy⟩
    exact ⟨φ y, ⟨y, y_in, rfl⟩, hy⟩
  · rintro ⟨y, ⟨z, z_in, hz⟩, hy⟩
    use z, z_in
    calc ψ.comp φ z = ψ (φ z) := rfl
    _               = ψ y := by congr
    _               = x := hy


</CURRENT>

<IMPROVED>","theorem t4 (φ : G →* H) (ψ : H →* K) (S : Subgroup G) :
    map (ψ.comp φ) S = map ψ (S.map φ) := by
  ext x
  simp only [mem_map]
  constructor
  · rintro ⟨y, y_in, hy⟩
    exact ⟨φ y, ⟨y, y_in, rfl⟩, hy⟩
  · rintro ⟨y, ⟨z, z_in, hz⟩, hy⟩
    use z, z_in
    calc ψ.comp φ z = ψ (φ z) := rfl
    _               = ψ y := by congr
    _               = x := hy

",10,"theorem t4 (φ : G →* H) (ψ : H →* K) (S : Subgroup G) :
    map (ψ.comp φ) S = map ψ (S.map φ)  := by
  ext x
  simp only [mem_map]
  constructor
  rintro ⟨y, y_in, hy⟩
  exact ⟨φ y, ⟨y, y_in, rfl⟩, hy⟩
  rintro ⟨y, ⟨z, z_in, hz⟩, hy⟩
  use z, z_in
  calc ψ.comp φ z = ψ (φ z) := rfl
  _ = ψ y := by congr
  _ = x := hy
",10,"theorem t4 (φ : G →* H) (ψ : H →* K) (S : Subgroup G) :
    map (ψ.comp φ) S = map ψ (S.map φ)  := by
  ext x
  constructor
  · rintro ⟨y, y_in, hy⟩
    exact ⟨φ y, ⟨y, y_in, rfl⟩, hy⟩
  · rintro ⟨y, ⟨z, z_in, hz⟩, hy⟩
    use z, z_in
    calc ψ.comp φ z = ψ (φ z) := rfl
    _ = ψ y := by congr
    _ = x := hy",9,MIL.C08_Groups_and_Rings.solutions.Solutions_S01_Groups,Qwen-7B-ImproverSFT-RAG,CH08.t4
