time,syntax_search,og_score,og_raw,og_errors,og_correct,new_score,new_raw,new_errors,new_correct,n,module,model,metric,method,mathlib_search,examples,delta,decl,annotation
-1,False,7,"theorem t1 : s ∩ t ∪ s ∩ u ⊆ s ∩ (t ∪ u) := by
  rintro x (⟨xs, xt⟩ | ⟨xs, xu⟩)
  · use xs; left; exact xt
  · use xs; right; exact xu

",,True,7,"theorem t1 : s ∩ t ∪ s ∩ u ⊆ s ∩ (t ∪ u) := by
  rintro x (⟨xs, xt⟩ | ⟨xs, xu⟩)
  · use xs; left; exact xt
  · use xs; right; exact xu

",,True,60,MIL.C04_Sets_and_Functions.solutions.Solutions_S01_Sets,Qwen-7B-long,LENGTH,best_of_n,False,0,0.0,CH04.t1,False
-1,False,7,"theorem t1 : s ∩ t ∪ s ∩ u ⊆ s ∩ (t ∪ u) := by
  rintro x (⟨xs, xt⟩ | ⟨xs, xu⟩)
  · use xs; left; exact xt
  · use xs; right; exact xu

",,True,-1,"theorem t1 :
 s ∩ t ∪ s ∩ u ⊆ s ∩ (t ∪ u) :=
  Set Monotone.map_inf_le (fun _ _ ↦ s) t u
","💥️application type mismatch
  Set ⋯
argument
  Monotone.map_inf_le
has type
  Monotone ?m.158 → ∀ (x y : ?m.154), ?m.158 (x ⊓ y) ≤ ?m.158 x ⊓ ?m.158 y : Prop
but is expected to have type
  Type ?u.151 : Type (?u.151 + 1)",False,60,MIL.C04_Sets_and_Functions.solutions.Solutions_S01_Sets,Qwen-7B-long,LENGTH,best_of_n,False,0,-1.0,CH04.t1,False
-1,False,7,"theorem t1 : s ∩ t ∪ s ∩ u ⊆ s ∩ (t ∪ u) := by
  rintro x (⟨xs, xt⟩ | ⟨xs, xu⟩)
  · use xs; left; exact xt
  · use xs; right; exact xu

",,True,-1,"theorem t1 : s ∩ t ∪ s ∩ u ⊆ s ∩ (t ∪ u) := by
  rintro x hx
  cases hx
  · simp only [and_left_true]
    exact Or.inl hx.2
  · simp only [and_left_true]
    exact Or.inr hx.2


","💥️unknown identifier 'and_left_true'

💥️simp made no progress

💥️unknown identifier 'and_left_true'

💥️simp made no progress",False,60,MIL.C04_Sets_and_Functions.solutions.Solutions_S01_Sets,Qwen-7B-long,LENGTH,best_of_n,False,0,-1.0,CH04.t1,False
-1,False,7,"theorem t1 : s ∩ t ∪ s ∩ u ⊆ s ∩ (t ∪ u) := by
  rintro x (⟨xs, xt⟩ | ⟨xs, xu⟩)
  · use xs; left; exact xt
  · use xs; right; exact xu

",,True,-1,"theorem t1 : s ∩ t ∪ s ∩ u ⊆ s ∩ (t ∪ u) :=
  Monotone.map_inf_le t1' (fun s' hs' (t' ht' u' hu') ↦ by simpa)
","💥️unknown identifier 't1''

💥️stuck at solving universe constraint
  ?u.152+1 =?= imax ?u.158 ?u.161 ?u.164 ?u.167 ?u.170 ?u.173
while trying to unify
  (s' : ?m.159) →
    (hs' : ?m.179 s') →
      (t' : ?m.180 s' hs') →
        (ht' : ?m.181 s' hs' t') →
          (u' : ?m.182 s' hs' t' ht') →
            ?m.183 s' hs' t' ht' u' → ?m.183 s' hs' t' ht' u' : Sort (imax ?u.158 ?u.161 ?u.164 ?u.167 ?u.170 ?u.173)
with
  (s' : ?m.159) →
    (hs' : ?m.179 s') →
      (t' : ?m.180 s' hs') →
        (ht' : ?m.181 s' hs' t') →
          (u' : ?m.182 s' hs' t' ht') →
            ?m.183 s' hs' t' ht' u' → ?m.183 s' hs' t' ht' u' : Sort (imax ?u.158 ?u.161 ?u.164 ?u.167 ?u.170 ?u.173)

💥️stuck at solving universe constraint
  ?u.152+1 =?= imax ?u.158 ?u.161 ?u.164 ?u.167 ?u.170 ?u.173
while trying to unify
  (s' : ?m.159) →
    (hs' : ?m.179 s') →
      (t' : ?m.180 s' hs') →
        (ht' : ?m.181 s' hs' t') →
          (u' : ?m.182 s' hs' t' ht') →
            ?m.183 s' hs' t' ht' u' → ?m.183 s' hs' t' ht' u' : Sort (imax ?u.158 ?u.161 ?u.164 ?u.167 ?u.170 ?u.173)
with
  (s' : ?m.159) →
    (hs' : ?m.179 s') →
      (t' : ?m.180 s' hs') →
        (ht' : ?m.181 s' hs' t') →
          (u' : ?m.182 s' hs' t' ht') →
            ?m.183 s' hs' t' ht' u' → ?m.183 s' hs' t' ht' u' : Sort (imax ?u.158 ?u.161 ?u.164 ?u.167 ?u.170 ?u.173)",False,60,MIL.C04_Sets_and_Functions.solutions.Solutions_S01_Sets,Qwen-7B-long,LENGTH,best_of_n,False,0,-1.0,CH04.t1,False
-1,False,7,"theorem t1 : s ∩ t ∪ s ∩ u ⊆ s ∩ (t ∪ u) := by
  rintro x (⟨xs, xt⟩ | ⟨xs, xu⟩)
  · use xs; left; exact xt
  · use xs; right; exact xu

",,True,-1,"theorem t1 : s ∩ t ∪ s ∩ u ⊆ s ∩ (t ∪ u) :=
  Monotonicity.map_inf_le (s ∩ ·) t u
",💥️unknown identifier 'Monotonicity.map_inf_le',False,60,MIL.C04_Sets_and_Functions.solutions.Solutions_S01_Sets,Qwen-7B-long,LENGTH,best_of_n,False,0,-1.0,CH04.t1,False
-1,False,7,"theorem t1 : s ∩ t ∪ s ∩ u ⊆ s ∩ (t ∪ u) := by
  rintro x (⟨xs, xt⟩ | ⟨xs, xu⟩)
  · use xs; left; exact xt
  · use xs; right; exact xu

",,True,-1,"lemma t1 : s ∩ t ∪ s ∩ u ⊆ s ∩ (t ∪ u) :=
  subset_of_and_of_nonempty
  (fun _ ⟨xs, xt⟩ ↦ and_iff_left.mpr mt)
  (fun _ ⟨xs, xu⟩ ↦ and_iff_left.mpr mu)

-- `mt` and `mu` are tauto and m tauto
-- `mt` := mtauto
-- `mu` := mt tauto

-- fun _ ⟨xs, xt⟩ ↦ tauto
-- fun _ ⟨xs, xu⟩ ↦ tauto

",💥️unknown identifier 'subset_of_and_of_nonempty',False,60,MIL.C04_Sets_and_Functions.solutions.Solutions_S01_Sets,Qwen-7B-long,LENGTH,best_of_n,False,0,-1.0,CH04.t1,False
-1,False,7,"theorem t1 : s ∩ t ∪ s ∩ u ⊆ s ∩ (t ∪ u) := by
  rintro x (⟨xs, xt⟩ | ⟨xs, xu⟩)
  · use xs; left; exact xt
  · use xs; right; exact xu

",,True,-1,"theorem t1 : s ∩ t ∪ s ∩ u ⊆ s ∩ (t ∪ u :=
  ((Monotone.map_inf_le (fun _ _ ↦ union_le_left) t u).map_inf_le s).le


","💥️unexpected token ':='; expected ')', ',' or ':'",False,60,MIL.C04_Sets_and_Functions.solutions.Solutions_S01_Sets,Qwen-7B-long,LENGTH,best_of_n,False,0,-1.0,CH04.t1,False
-1,False,7,"theorem t1 : s ∩ t ∪ s ∩ u ⊆ s ∩ (t ∪ u) := by
  rintro x (⟨xs, xt⟩ | ⟨xs, xu⟩)
  · use xs; left; exact xt
  · use xs; right; exact xu

",,True,-1,"theorem t1 : s ∩ t ∪ s ∩ u ⊆ s ∩ (t ∪ u) :=
  Monotone.map_inf_le s ∩ (t ∪ u), Monotone.map_inf_le s ⊆ fun x (xs | xs) => xs
","💥️application type mismatch
  Monotone.map_inf_le s
argument
  s
has type
  Set α : Type u_1
but is expected to have type
  Monotone ?m.171 : Prop

💥️type mismatch
  ?m.949 ∩ (t ∪ u)
has type
  Set α : Type u_1
but is expected to have type
  s ∩ t ∪ s ∩ u ⊆ s ∩ (t ∪ u) : Prop",False,60,MIL.C04_Sets_and_Functions.solutions.Solutions_S01_Sets,Qwen-7B-long,LENGTH,best_of_n,False,0,-1.0,CH04.t1,False
-1,False,7,"theorem t1 : s ∩ t ∪ s ∩ u ⊆ s ∩ (t ∪ u) := by
  rintro x (⟨xs, xt⟩ | ⟨xs, xu⟩)
  · use xs; left; exact xt
  · use xs; right; exact xu

",,True,-1,"theorem t1 : s ∩ t ∪ s ∩ u ⊆ s ∩ (t ∪ u) := by
  rintro x (⟨xs, ht⟩ | ⟨xs, hu⟩)
  exact ⟨xs, hts.2 ht, hts.2 hu⟩


","💥️invalid constructor ⟨...⟩, expected type must be an inductive type with only one constructor 
  x ∈ t ∨ x ∈ u

💥️unsolved goals
case inr.intro
α : Type u_1
s t u : Set α
x : α
xs : x ∈ s
hu : x ∈ u
⊢ x ∈ s ∩ (t ∪ u)",False,60,MIL.C04_Sets_and_Functions.solutions.Solutions_S01_Sets,Qwen-7B-long,LENGTH,best_of_n,False,0,-1.0,CH04.t1,False
-1,False,7,"theorem t1 : s ∩ t ∪ s ∩ u ⊆ s ∩ (t ∪ u) := by
  rintro x (⟨xs, xt⟩ | ⟨xs, xu⟩)
  · use xs; left; exact xt
  · use xs; right; exact xu

",,True,-1,"theorem t1 : s ∩ t ∪ s ∩ u ⊆ s ∩ (t ∪ u) :=
  Monotone.map_inf_le (Monotone.map_inf_le t.1 (s.1 ∩ u.1)) (Monotone.map_inf_le u.1 (s.1 ∩ t.1))
","💥️invalid projection, structure expected
  t
has type
  Set α

💥️invalid field notation, type is not of the form (C ...) where C is a constant
  t
has type
  α → Prop

💥️invalid projection, structure expected
  s
has type
  Set α

💥️invalid field notation, type is not of the form (C ...) where C is a constant
  s
has type
  α → Prop

💥️invalid projection, structure expected
  u
has type
  Set α

💥️invalid field notation, type is not of the form (C ...) where C is a constant
  u
has type
  α → Prop

💥️invalid projection, structure expected
  u
has type
  Set α

💥️invalid field notation, type is not of the form (C ...) where C is a constant
  u
has type
  α → Prop

💥️invalid projection, structure expected
  s
has type
  Set α

💥️invalid field notation, type is not of the form (C ...) where C is a constant
  s
has type
  α → Prop

💥️invalid projection, structure expected
  t
has type
  Set α

💥️invalid field notation, type is not of the form (C ...) where C is a constant
  t
has type
  α → Prop",False,60,MIL.C04_Sets_and_Functions.solutions.Solutions_S01_Sets,Qwen-7B-long,LENGTH,best_of_n,False,0,-1.0,CH04.t1,False
-1,False,7,"theorem t1 : s ∩ t ∪ s ∩ u ⊆ s ∩ (t ∪ u) := by
  rintro x (⟨xs, xt⟩ | ⟨xs, xu⟩)
  · use xs; left; exact xt
  · use xs; right; exact xu

",,True,-1,"theorem t1 : s ∩ t ∪ s ∩ u ⊆ s ∩ (t ∪ u) :=
  Monotonicity.trans.2 fun _:* s ∩ (t ∪ u) ⊆ s ∩ t ∪ s ∩ u :=
  Monotonicity.trans.1 fun _:* s ∩ t ⊆ s ∩ t ∪ s ∩ u := by
  rintro x (⟨xs, xt⟩ | ⟨xs, xu⟩)
  · use xs; left; exact xt
  · use xs; right; exact xu
",💥️unexpected token '*'; expected term,False,60,MIL.C04_Sets_and_Functions.solutions.Solutions_S01_Sets,Qwen-7B-long,LENGTH,best_of_n,False,0,-1.0,CH04.t1,False
-1,False,7,"theorem t1 : s ∩ t ∪ s ∩ u ⊆ s ∩ (t ∪ u) := by
  rintro x (⟨xs, xt⟩ | ⟨xs, xu⟩)
  · use xs; left; exact xt
  · use xs; right; exact xu

",,True,-1,"theorem t1 : s ∩ t ∪ s ∩ u ⊆ s ∩ (t ∪ u) :=
  Monotone.map_inf_le s.2 t.2 u.2


","💥️invalid projection, structure expected
  s
has type
  Set α

💥️invalid field notation, type is not of the form (C ...) where C is a constant
  s
has type
  α → Prop

💥️invalid projection, structure expected
  t
has type
  Set α

💥️invalid field notation, type is not of the form (C ...) where C is a constant
  t
has type
  α → Prop

💥️invalid projection, structure expected
  u
has type
  Set α

💥️invalid field notation, type is not of the form (C ...) where C is a constant
  u
has type
  α → Prop",False,60,MIL.C04_Sets_and_Functions.solutions.Solutions_S01_Sets,Qwen-7B-long,LENGTH,best_of_n,False,0,-1.0,CH04.t1,False
-1,False,7,"theorem t1 : s ∩ t ∪ s ∩ u ⊆ s ∩ (t ∪ u) := by
  rintro x (⟨xs, xt⟩ | ⟨xs, xu⟩)
  · use xs; left; exact xt
  · use xs; right; exact xu

",,True,-1,"theorem t1 : s ∩ t ∪ s ∩ u ⊆ s ∩ (t ∪ u) :=
  Set.mul_mono s.s
",💥️unknown constant 'Set.mul_mono',False,60,MIL.C04_Sets_and_Functions.solutions.Solutions_S01_Sets,Qwen-7B-long,LENGTH,best_of_n,False,0,-1.0,CH04.t1,False
-1,False,7,"theorem t1 : s ∩ t ∪ s ∩ u ⊆ s ∩ (t ∪ u) := by
  rintro x (⟨xs, xt⟩ | ⟨xs, xu⟩)
  · use xs; left; exact xt
  · use xs; right; exact xu

",,True,-1,"theorem t1 : s ∩ t ∪ s ∩ u ⊆ s ∩ (t ∪ u) :=
  Monotone.map_inf_le s.2 t.1 u.1 (Monotone.map_inf_le s.2 t.0 u.0)
  (Monotone.map_inf_le s.2 t.0 u.1) (Monotone.map_inf_le s.2 t.1 u.0) (Monotone.map_inf_le s.2 t.1 u.1)
","💥️unexpected token; expected ')', ',' or ':'",False,60,MIL.C04_Sets_and_Functions.solutions.Solutions_S01_Sets,Qwen-7B-long,LENGTH,best_of_n,False,0,-1.0,CH04.t1,False
-1,False,7,"theorem t1 : s ∩ t ∪ s ∩ u ⊆ s ∩ (t ∪ u) := by
  rintro x (⟨xs, xt⟩ | ⟨xs, xu⟩)
  · use xs; left; exact xt
  · use xs; right; exact xu

",,True,-1,"theorem t1 : s ∩ t ∪ s ∩ u ⊆ s ∩ (t ∪ u) :=
  (Set.P distributive_left_iff.2 s).trans (Set.P idempotent_left s.group_op)
",💥️unknown constant 'Set.P',False,60,MIL.C04_Sets_and_Functions.solutions.Solutions_S01_Sets,Qwen-7B-long,LENGTH,best_of_n,False,0,-1.0,CH04.t1,False
-1,False,7,"theorem t1 : s ∩ t ∪ s ∩ u ⊆ s ∩ (t ∪ u) := by
  rintro x (⟨xs, xt⟩ | ⟨xs, xu⟩)
  · use xs; left; exact xt
  · use xs; right; exact xu

",,True,-1,"theorem t1 : s ∩ t ∪ s ∩ u ⊆ s ∩ (t ∪ u) :=
  (mul_sub_u_comm_of_mul_sub (Inter.value t).sub (Inter.value u).sub (Inter.value s)).trans
    (mul_sub_u_comm_of_mul_sub (Inter.value t).sub (Inter.value s).sub (Inter.value u)).symm


",💥️unknown identifier 'mul_sub_u_comm_of_mul_sub',False,60,MIL.C04_Sets_and_Functions.solutions.Solutions_S01_Sets,Qwen-7B-long,LENGTH,best_of_n,False,0,-1.0,CH04.t1,False
-1,False,7,"theorem t1 : s ∩ t ∪ s ∩ u ⊆ s ∩ (t ∪ u) := by
  rintro x (⟨xs, xt⟩ | ⟨xs, xu⟩)
  · use xs; left; exact xt
  · use xs; right; exact xu

",,True,-1,"theorem t1 : s ∩ t ∪ s ∩ u ⊆ s ∩ (t ∪ u) :=
  Monotonicity.trans
    (Monotonicity.finite f where f := fun _ ↦ Or.inl _)
    (Monotonicity.finite g where g := fun _ ↦ Or.inr _)
    (fun _ ⟨ht⟩ ↦ or_iff_not_imp_right.mpr ht)
","💥️unexpected token 'where'; expected ')', ',' or ':'",False,60,MIL.C04_Sets_and_Functions.solutions.Solutions_S01_Sets,Qwen-7B-long,LENGTH,best_of_n,False,0,-1.0,CH04.t1,False
-1,False,7,"theorem t1 : s ∩ t ∪ s ∩ u ⊆ s ∩ (t ∪ u) := by
  rintro x (⟨xs, xt⟩ | ⟨xs, xu⟩)
  · use xs; left; exact xt
  · use xs; right; exact xu

",,True,-1,"theorem t1 : s ∩ t ∪ s ∩ u ⊆ s ∩ (t ∪ u) :=
  Monotone.map_inf_le (fun _ _ ↦ Monotone.inf_le_right _) t u
","💥️invalid field notation, type is not of the form (C ...) where C is a constant
  Monotone
has type
  (?m.166 → ?m.167) → Prop",False,60,MIL.C04_Sets_and_Functions.solutions.Solutions_S01_Sets,Qwen-7B-long,LENGTH,best_of_n,False,0,-1.0,CH04.t1,False
-1,False,7,"theorem t1 : s ∩ t ∪ s ∩ u ⊆ s ∩ (t ∪ u) := by
  rintro x (⟨xs, xt⟩ | ⟨xs, xu⟩)
  · use xs; left; exact xt
  · use xs; right; exact xu

",,True,-1,"theorem t1 : s ∩ t ∪ s ∩ u ⊆ s ∩ (t ∪ u) := by
  intro x <(h : (xs, xt) ∈ s ∩ t) | h : (xs, xu) ∈ s ∩ u
  · exact ⟨xs, h.2⟩
  · exact ⟨xs, h.2⟩
","💥️unsolved goals
α : Type u_1
s t u : Set α
x : α
⊢ x ∈ s ∩ t ∪ s ∩ u → x ∈ s ∩ (t ∪ u)",False,60,MIL.C04_Sets_and_Functions.solutions.Solutions_S01_Sets,Qwen-7B-long,LENGTH,best_of_n,False,0,-1.0,CH04.t1,False
-1,False,7,"theorem t1 : s ∩ t ∪ s ∩ u ⊆ s ∩ (t ∪ u) := by
  rintro x (⟨xs, xt⟩ | ⟨xs, xu⟩)
  · use xs; left; exact xt
  · use xs; right; exact xu

",,True,-1,"theorem t1 : s ∩ t ∪ s ∩ u ⊆ s ∩ (t ∪ u) := by
  rintro x (⟨xs, xt⟩ | ⟨xs, xu⟩) <;> exact ⟨xs, _⟩ <;> assumption


","💥️don't know how to synthesize placeholder for argument 'right'
context:
α : Type u_1
s t u : Set α
x : α
xs : x ∈ s
xt : x ∈ t
⊢ x ∈ t ∪ u",False,60,MIL.C04_Sets_and_Functions.solutions.Solutions_S01_Sets,Qwen-7B-long,LENGTH,best_of_n,False,0,-1.0,CH04.t1,False
-1,False,7,"theorem t1 : s ∩ t ∪ s ∩ u ⊆ s ∩ (t ∪ u) := by
  rintro x (⟨xs, xt⟩ | ⟨xs, xu⟩)
  · use xs; left; exact xt
  · use xs; right; exact xu

",,True,-1,"theorem t1 : s ∩ t ∪ s ∩ u ⊆ s ∩ (t ∪ u) :=
  fun x ⟨xs, xt⟩ ↦ by simpa [and_assoc_right_iff] using t2 s户口
  fun x ⟨xs, xu⟩ ↦ s ∩ (or_iff_and_left_iff_right.mp xu) since t2


","💥️invalid constructor ⟨...⟩, expected type must be an inductive type with only one constructor 
  x ∈ s ∩ t ∨ x ∈ s ∩ u",False,60,MIL.C04_Sets_and_Functions.solutions.Solutions_S01_Sets,Qwen-7B-long,LENGTH,best_of_n,False,0,-1.0,CH04.t1,False
-1,False,7,"theorem t1 : s ∩ t ∪ s ∩ u ⊆ s ∩ (t ∪ u) := by
  rintro x (⟨xs, xt⟩ | ⟨xs, xu⟩)
  · use xs; left; exact xt
  · use xs; right; exact xu

",,True,-1,"theorem t1 : s ∩ t ∪ s ∩ u ⊆ s ∩ (t ∪ u) :=
  Monotone.map_inf_le sColl t u

(Wait, but maybe add a proof as well is better)

theorem t1 : s ∩ t ∪ s ∩ u ⊆ s ∩ (t ∪ u) := by
  rintro x (⟨xs, xt⟩ | ⟨xs, xu⟩)
  · use xs; left; exact xt
  · use xs; right; exact xu


",💥️unknown identifier 'sColl',False,60,MIL.C04_Sets_and_Functions.solutions.Solutions_S01_Sets,Qwen-7B-long,LENGTH,best_of_n,False,0,-1.0,CH04.t1,False
-1,False,7,"theorem t1 : s ∩ t ∪ s ∩ u ⊆ s ∩ (t ∪ u) := by
  rintro x (⟨xs, xt⟩ | ⟨xs, xu⟩)
  · use xs; left; exact xt
  · use xs; right; exact xu

",,True,7,"theorem t1 : s ∩ t ∪ s ∩ u ⊆ s ∩ (t ∪ u) := by
  rintro x (⟨xs, xt⟩ | ⟨xs, xu⟩)
  · use xs; left; exact xt
  · use xs; right; exact xu
",,True,60,MIL.C04_Sets_and_Functions.solutions.Solutions_S01_Sets,Qwen-7B-long,LENGTH,best_of_n,False,0,0.0,CH04.t1,False
-1,False,7,"theorem t1 : s ∩ t ∪ s ∩ u ⊆ s ∩ (t ∪ u) := by
  rintro x (⟨xs, xt⟩ | ⟨xs, xu⟩)
  · use xs; left; exact xt
  · use xs; right; exact xu

",,True,-1,"theorem t1 : s ∩ t ∪ s ∩ u ⊆ s ∩ (t ∪ u) :=
  Set_mono t1_diff ⊢
",💥️unknown identifier 'Set_mono',False,60,MIL.C04_Sets_and_Functions.solutions.Solutions_S01_Sets,Qwen-7B-long,LENGTH,best_of_n,False,0,-1.0,CH04.t1,False
-1,False,7,"theorem t1 : s ∩ t ∪ s ∩ u ⊆ s ∩ (t ∪ u) := by
  rintro x (⟨xs, xt⟩ | ⟨xs, xu⟩)
  · use xs; left; exact xt
  · use xs; right; exact xu

",,True,-1,"theorem t1 : s ∩ t ∪ s ∩ u ⊆ s ∩ (t ∪ u) := by
  rintro x (⟨xs, xt⟩ | ⟨xs, xu⟩)
  · exact ⟨xs, xt⟩
  · exact ⟨xs, xu⟩


","💥️application type mismatch
  ⟨xs, xt⟩
argument
  xt
has type
  x ∈ t : Prop
but is expected to have type
  x ∈ t ∪ u : Prop

💥️application type mismatch
  ⟨xs, xu⟩
argument
  xu
has type
  x ∈ u : Prop
but is expected to have type
  x ∈ t ∪ u : Prop",False,60,MIL.C04_Sets_and_Functions.solutions.Solutions_S01_Sets,Qwen-7B-long,LENGTH,best_of_n,False,0,-1.0,CH04.t1,False
-1,False,7,"theorem t1 : s ∩ t ∪ s ∩ u ⊆ s ∩ (t ∪ u) := by
  rintro x (⟨xs, xt⟩ | ⟨xs, xu⟩)
  · use xs; left; exact xt
  · use xs; right; exact xu

",,True,-1,"theorem t1 : s ∩ t ∪ s ∩ u ⊆ s ∩ (t ∪ u) :=
  Monotone.map_inf_le (fun _ h => h )


","💥️type mismatch
  Monotone.map_inf_le fun x h => ?m.366
has type
  ∀ (x y : ?m.153), ?m.157 (x ⊓ y) ≤ ?m.157 x ⊓ ?m.157 y : Prop
but is expected to have type
  s ∩ t ∪ s ∩ u ⊆ s ∩ (t ∪ u) : Prop

💥️type mismatch
  h
has type
  ?m.153 : Type ?u.152
but is expected to have type
  x✝ ≤ h → ?m.157 x✝ ≤ ?m.157 h : Prop",False,60,MIL.C04_Sets_and_Functions.solutions.Solutions_S01_Sets,Qwen-7B-long,LENGTH,best_of_n,False,0,-1.0,CH04.t1,False
-1,False,7,"theorem t1 : s ∩ t ∪ s ∩ u ⊆ s ∩ (t ∪ u) := by
  rintro x (⟨xs, xt⟩ | ⟨xs, xu⟩)
  · use xs; left; exact xt
  · use xs; right; exact xu

",,True,-1,"theorem t1 : s ∩ t ∪ s ∩ u ⊆ s ∩ (t ∪ u) := by
  rintro x (⟨xs, xt⟩ | ⟨xs, xu⟩) <;> use xs; <;> exact (inr vs在广州 | inl vs在广州 t).1

","💥️unsolved goals
case right
α : Type u_1
s t u : Set α
x : α
xs : x ∈ s
xt : x ∈ t
⊢ x ∈ t ∪ u

case right
α : Type u_1
s t u : Set α
x : α
xs : x ∈ s
xu : x ∈ u
⊢ x ∈ t ∪ u",False,60,MIL.C04_Sets_and_Functions.solutions.Solutions_S01_Sets,Qwen-7B-long,LENGTH,best_of_n,False,0,-1.0,CH04.t1,False
-1,False,7,"theorem t1 : s ∩ t ∪ s ∩ u ⊆ s ∩ (t ∪ u) := by
  rintro x (⟨xs, xt⟩ | ⟨xs, xu⟩)
  · use xs; left; exact xt
  · use xs; right; exact xu

",,True,-1,"theorem t1 : s ∩ t ∪ s ∩ u ⊆ s ∩ (t ∪ u) :=
  vsubsemiring.monicMap (SemiRingHom.coe (t1 : S ∩ T ∪ S ∩ U) (A := SubMonoid.SInter s t u))
  (SInter.toSubMonoid s t).inr (uniqueHom _) (SInter.toSubMonoid s u).inr (uniqueHom _)

-- Or with a variant using map_inf_le

-- The next proof is a variant of `t1` using `map_inf_le`. This is
-- essentially the same as `t1`, but using `map_inf_le` to map intersections
-- and union to the corresponding infimums/BigUnions, but with more characters.
theorem t1 : s ∩ t ∪ s ∩ u ⊆ s ∩ (t ∪ u) := by
  exact vsubsemiring.monicMap (SemiRingHom.coe (t1 : S ∩ T ∪ S ∩ U) (A := SubMonoid.SInter s t u))
    (SInter.toSubMonoid s t).inr (uniqueHom _) (SInter.toSubMonoid s u).inr (uniqueHom _)

",💥️unknown identifier 'vsubsemiring.monicMap',False,60,MIL.C04_Sets_and_Functions.solutions.Solutions_S01_Sets,Qwen-7B-long,LENGTH,best_of_n,False,0,-1.0,CH04.t1,False
-1,False,7,"theorem t1 : s ∩ t ∪ s ∩ u ⊆ s ∩ (t ∪ u) := by
  rintro x (⟨xs, xt⟩ | ⟨xs, xu⟩)
  · use xs; left; exact xt
  · use xs; right; exact xu

",,True,-1,"theorem t1 : s ∩ t ∪ s ∩ u ⊆ s ∩ (t ∪ u) :=
  Set.subset_of_subset (fun _ ⟨xs, xt⟩ | xs ▸ xt) (fun _ ⟨xs, xu⟩ | xs ▸ xu)
","💥️unexpected token '|'; expected '↦', '=>'",False,60,MIL.C04_Sets_and_Functions.solutions.Solutions_S01_Sets,Qwen-7B-long,LENGTH,best_of_n,False,0,-1.0,CH04.t1,False
-1,False,7,"theorem t1 : s ∩ t ∪ s ∩ u ⊆ s ∩ (t ∪ u) := by
  rintro x (⟨xs, xt⟩ | ⟨xs, xu⟩)
  · use xs; left; exact xt
  · use xs; right; exact xu

",,True,-1,"/-- A variant of `t1` arising from `t1'`. -/
theorem t2 : s ∩ t ∪ s ∩ u ⊆ s ∩ (t ∪ u) := by
  rintro x (⟨xs, xt⟩ | ⟨xs, xu⟩)
  · exact ⟨xs, xt⟩
  · exact ⟨xs, xu⟩


","💥️application type mismatch
  ⟨xs, xt⟩
argument
  xt
has type
  x ∈ t : Prop
but is expected to have type
  x ∈ t ∪ u : Prop

💥️application type mismatch
  ⟨xs, xu⟩
argument
  xu
has type
  x ∈ u : Prop
but is expected to have type
  x ∈ t ∪ u : Prop",False,60,MIL.C04_Sets_and_Functions.solutions.Solutions_S01_Sets,Qwen-7B-long,LENGTH,best_of_n,False,0,-1.0,CH04.t1,False
-1,False,7,"theorem t1 : s ∩ t ∪ s ∩ u ⊆ s ∩ (t ∪ u) := by
  rintro x (⟨xs, xt⟩ | ⟨xs, xu⟩)
  · use xs; left; exact xt
  · use xs; right; exact xu

",,True,-1,"theorem t1 : s ∩ t ∪ s ∩ u ⊆ s ∩ (t ∪ u) :=
  Set.union_mono s (fun _ ⟨ht⟩ ↦ s.2 ht) t u
",💥️unknown constant 'Set.union_mono',False,60,MIL.C04_Sets_and_Functions.solutions.Solutions_S01_Sets,Qwen-7B-long,LENGTH,best_of_n,False,0,-1.0,CH04.t1,False
-1,False,7,"theorem t1 : s ∩ t ∪ s ∩ u ⊆ s ∩ (t ∪ u) := by
  rintro x (⟨xs, xt⟩ | ⟨xs, xu⟩)
  · use xs; left; exact xt
  · use xs; right; exact xu

",,True,-1,"theorem t1 : s ∩ t ∪ s ∩ u ⊆ s ∩ (t ∪ u) :=
  Monotone.map_inf_le (fun xs ht => Subset.val_le (s ∩ (t ∪ u)) (by simp [xs, ht) )

",💥️unexpected token ')'; expected ']',False,60,MIL.C04_Sets_and_Functions.solutions.Solutions_S01_Sets,Qwen-7B-long,LENGTH,best_of_n,False,0,-1.0,CH04.t1,False
-1,False,7,"theorem t1 : s ∩ t ∪ s ∩ u ⊆ s ∩ (t ∪ u) := by
  rintro x (⟨xs, xt⟩ | ⟨xs, xu⟩)
  · use xs; left; exact xt
  · use xs; right; exact xu

",,True,-1,"theorem t1 : s ∩ t ∪ s ∩ u ⊆ s ∩ (t ∪ u) :=
  Monotonic.map_inf_le ⟨xs, xt⟩ ⟨xs, xu⟩ (fun _h => subset.mono fun _h' ↦ (or_iff_not_imp_left.mp _h).mpr _h')
",💥️unknown identifier 'Monotonic.map_inf_le',False,60,MIL.C04_Sets_and_Functions.solutions.Solutions_S01_Sets,Qwen-7B-long,LENGTH,best_of_n,False,0,-1.0,CH04.t1,False
-1,False,7,"theorem t1 : s ∩ t ∪ s ∩ u ⊆ s ∩ (t ∪ u) := by
  rintro x (⟨xs, xt⟩ | ⟨xs, xu⟩)
  · use xs; left; exact xt
  · use xs; right; exact xu

",,True,-1,"theorem t1 : s ∩ t ∪ s ∩ u ⊆ s ∩ (t ∪ u) :=
  Monotonic.map_inf_le (fun _ _ ↦ s.2) t u


",💥️unknown identifier 'Monotonic.map_inf_le',False,60,MIL.C04_Sets_and_Functions.solutions.Solutions_S01_Sets,Qwen-7B-long,LENGTH,best_of_n,False,0,-1.0,CH04.t1,False
-1,False,7,"theorem t1 : s ∩ t ∪ s ∩ u ⊆ s ∩ (t ∪ u) := by
  rintro x (⟨xs, xt⟩ | ⟨xs, xu⟩)
  · use xs; left; exact xt
  · use xs; right; exact xu

",,True,-1,"theorem t1 : s ∩ t ∪ s ∩ u ⊆ s ∩ (t ∪ u) := by
  rintro _ ⟨hts, ht⟩ | ⟨hts, hu⟩
  · exact ⟨hts, ht⟩
  · exact ⟨hts, hu⟩


","💥️unsolved goals
case inl.intro
α : Type u_1
s t u : Set α
a✝ : α
hts : a✝ ∈ s
ht : a✝ ∈ t
⊢ a✝ ∈ s ∩ (t ∪ u)

case inr
α : Type u_1
s t u : Set α
a✝ : α
h✝ : a✝ ∈ s ∩ u
⊢ a✝ ∈ s ∩ (t ∪ u)",False,60,MIL.C04_Sets_and_Functions.solutions.Solutions_S01_Sets,Qwen-7B-long,LENGTH,best_of_n,False,0,-1.0,CH04.t1,False
-1,False,7,"theorem t1 : s ∩ t ∪ s ∩ u ⊆ s ∩ (t ∪ u) := by
  rintro x (⟨xs, xt⟩ | ⟨xs, xu⟩)
  · use xs; left; exact xt
  · use xs; right; exact xu

",,True,-1,"theorem t1 : s ∩ t ∪ s ∩ u ⊆ s ∩ (t ∪ u) := by
  simp [subset_iff_nonempty_iff, and_and_and_comm]
  (mono fun _ ↦ by simpa)
",💥️unexpected token 'fun'; expected ')',False,60,MIL.C04_Sets_and_Functions.solutions.Solutions_S01_Sets,Qwen-7B-long,LENGTH,best_of_n,False,0,-1.0,CH04.t1,False
-1,False,7,"theorem t1 : s ∩ t ∪ s ∩ u ⊆ s ∩ (t ∪ u) := by
  rintro x (⟨xs, xt⟩ | ⟨xs, xu⟩)
  · use xs; left; exact xt
  · use xs; right; exact xu

",,True,-1,"/- Inclusion of `s ∩ t ∪ s ∩ u` in `s ∩ (t ∪ u)` -/
theorem t1 : s ∩ t ∪ s ∩ u ⊆ s ∩ (t ∪ u) :=
  Monotone.map_inf_le (fun _ _ ↦ tsubset) s t u
",💥️unknown identifier 'tsubset',False,60,MIL.C04_Sets_and_Functions.solutions.Solutions_S01_Sets,Qwen-7B-long,LENGTH,best_of_n,False,0,-1.0,CH04.t1,False
-1,False,7,"theorem t1 : s ∩ t ∪ s ∩ u ⊆ s ∩ (t ∪ u) := by
  rintro x (⟨xs, xt⟩ | ⟨xs, xu⟩)
  · use xs; left; exact xt
  · use xs; right; exact xu

",,True,-1,"theorem t1 : s ∩ t ∪ s ∩ u ⊆ s ∩ (t ∪ u) :=
  Monotone.map_inf_le s.subset_t Int.ordP_inf_le t.lt_inf_le s.subset_u u.lt_inf_le
","💥️invalid field 'subset_t', the environment does not contain 'Set.subset_t'
  s
has type
  Set α

💥️invalid field notation, type is not of the form (C ...) where C is a constant
  s
has type
  α → Prop

💥️unknown constant 'Int.ordP_inf_le'

💥️invalid field 'lt_inf_le', the environment does not contain 'Set.lt_inf_le'
  t
has type
  Set α

💥️invalid field notation, type is not of the form (C ...) where C is a constant
  t
has type
  α → Prop",False,60,MIL.C04_Sets_and_Functions.solutions.Solutions_S01_Sets,Qwen-7B-long,LENGTH,best_of_n,False,0,-1.0,CH04.t1,False
-1,False,7,"theorem t1 : s ∩ t ∪ s ∩ u ⊆ s ∩ (t ∪ u) := by
  rintro x (⟨xs, xt⟩ | ⟨xs, xu⟩)
  · use xs; left; exact xt
  · use xs; right; exact xu

",,True,-1,"theorem t1 : s ∩ t ∪ s ∩ u ⊆ s ∩ (t ∪ u) := by
  rintro x (⟨xs, xt⟩ | ⟨xs, xu⟩)
  · refine ⟨xs, not_iff_not.mp xt⟩
  · refine ⟨xs, not_iff_not.mp xu⟩


","💥️application type mismatch
  not_iff_not.mp xt
argument
  xt
has type
  x ∈ t : Prop
but is expected to have type
  ¬?m.235 ↔ ¬?m.236 : Prop

💥️application type mismatch
  not_iff_not.mp xu
argument
  xu
has type
  x ∈ u : Prop
but is expected to have type
  ¬?m.787 ↔ ¬?m.788 : Prop",False,60,MIL.C04_Sets_and_Functions.solutions.Solutions_S01_Sets,Qwen-7B-long,LENGTH,best_of_n,False,0,-1.0,CH04.t1,False
-1,False,7,"theorem t1 : s ∩ t ∪ s ∩ u ⊆ s ∩ (t ∪ u) := by
  rintro x (⟨xs, xt⟩ | ⟨xs, xu⟩)
  · use xs; left; exact xt
  · use xs; right; exact xu

",,True,-1,"theorem t1 : s ∩ t ∪ s ∩ u ⊆ s ∩ (t ∪ u) :=
  Monotone.map_inf_le (fun _ (ht | hu) hj => by left+(ht.imp hj ouCases都很简单
","💥️unexpected token '|'; expected ')', ',' or ':'",False,60,MIL.C04_Sets_and_Functions.solutions.Solutions_S01_Sets,Qwen-7B-long,LENGTH,best_of_n,False,0,-1.0,CH04.t1,False
-1,False,7,"theorem t1 : s ∩ t ∪ s ∩ u ⊆ s ∩ (t ∪ u) := by
  rintro x (⟨xs, xt⟩ | ⟨xs, xu⟩)
  · use xs; left; exact xt
  · use xs; right; exact xu

",,True,3,"theorem t1 : s ∩ t ∪ s ∩ u ⊆ s ∩ (t ∪ u) := by
  rintro x (⟨xs, xt⟩ | ⟨xs, xu⟩)
  · aesop
  · aesop


",,True,60,MIL.C04_Sets_and_Functions.solutions.Solutions_S01_Sets,Qwen-7B-long,LENGTH,best_of_n,False,0,0.571429,CH04.t1,False
-1,False,7,"theorem t1 : s ∩ t ∪ s ∩ u ⊆ s ∩ (t ∪ u) := by
  rintro x (⟨xs, xt⟩ | ⟨xs, xu⟩)
  · use xs; left; exact xt
  · use xs; right; exact xu

",,True,-1,"lemma t1 : s ∩ t ∪ s ∩ u ⊆ s ∩ (t ∪ u) := by
  rintro _ (h0 | h1)
  · exact ⟨h0, t.2⟩
  · exact ⟨h0, u.2⟩
","💥️application type mismatch
  And.intro h0
argument
  h0
has type
  a✝ ∈ s ∩ t : Prop
but is expected to have type
  a✝ ∈ s : Prop

💥️invalid projection, structure expected
  t
has type
  Set α

💥️invalid field notation, type is not of the form (C ...) where C is a constant
  t
has type
  α → Prop

💥️unknown identifier 'h0'

💥️invalid projection, structure expected
  u
has type
  Set α

💥️invalid field notation, type is not of the form (C ...) where C is a constant
  u
has type
  α → Prop",False,60,MIL.C04_Sets_and_Functions.solutions.Solutions_S01_Sets,Qwen-7B-long,LENGTH,best_of_n,False,0,-1.0,CH04.t1,False
-1,False,7,"theorem t1 : s ∩ t ∪ s ∩ u ⊆ s ∩ (t ∪ u) := by
  rintro x (⟨xs, xt⟩ | ⟨xs, xu⟩)
  · use xs; left; exact xt
  · use xs; right; exact xu

",,True,-1,"theorem t1 : s ∩ t ∪ s ∩ u ⊆ s ∩ (t ∪ u) :=
  Set.increasing_iff.2 fun _ a ha ↦ (Set.inr ha).id_le a

",💥️unknown constant 'Set.increasing_iff',False,60,MIL.C04_Sets_and_Functions.solutions.Solutions_S01_Sets,Qwen-7B-long,LENGTH,best_of_n,False,0,-1.0,CH04.t1,False
-1,False,7,"theorem t1 : s ∩ t ∪ s ∩ u ⊆ s ∩ (t ∪ u) := by
  rintro x (⟨xs, xt⟩ | ⟨xs, xu⟩)
  · use xs; left; exact xt
  · use xs; right; exact xu

",,True,7,"theorem t1 : s ∩ t ∪ s ∩ u ⊆ s ∩ (t ∪ u) := by
  rintro x (⟨xs, xt⟩ | ⟨xs, xu⟩)
  · use xs; left; exact xt
  · use xs; right; exact xu


",,True,60,MIL.C04_Sets_and_Functions.solutions.Solutions_S01_Sets,Qwen-7B-long,LENGTH,best_of_n,False,0,0.0,CH04.t1,False
-1,False,7,"theorem t1 : s ∩ t ∪ s ∩ u ⊆ s ∩ (t ∪ u) := by
  rintro x (⟨xs, xt⟩ | ⟨xs, xu⟩)
  · use xs; left; exact xt
  · use xs; right; exact xu

",,True,-1,"theorem t1 : s ∩ t ∪ s ∩ u ⊆ s ∩ (t ∪ u) :=
  Monotone.map_inf_le s (t ∪ u) (inr (t ∪ u)) t u (and_iff_right.mpr t) (and_iff_right.mpr u)
","💥️application type mismatch
  Monotone.map_inf_le s
argument
  s
has type
  Set α : Type u_1
but is expected to have type
  Monotone ?m.157 : Prop

💥️unknown identifier 'inr'",False,60,MIL.C04_Sets_and_Functions.solutions.Solutions_S01_Sets,Qwen-7B-long,LENGTH,best_of_n,False,0,-1.0,CH04.t1,False
-1,False,7,"theorem t1 : s ∩ t ∪ s ∩ u ⊆ s ∩ (t ∪ u) := by
  rintro x (⟨xs, xt⟩ | ⟨xs, xu⟩)
  · use xs; left; exact xt
  · use xs; right; exact xu

",,True,-1,"theorem t1 : s ∩ t ∪ s ∩ u ⊆ s ∩ (t ∪ u) :=
  Monotone.map_inf_le s ∩ t ≤ s ∩ (t ∪ u)
","💥️application type mismatch
  Monotone.map_inf_le s
argument
  s
has type
  Set α : Type u_1
but is expected to have type
  Monotone ?m.161 : Prop

💥️type mismatch
  ?m.939 ∩ t ≤ s ∩ (t ∪ u)
has type
  Prop : Type
but is expected to have type
  s ∩ t ∪ s ∩ u ⊆ s ∩ (t ∪ u) : Prop",False,60,MIL.C04_Sets_and_Functions.solutions.Solutions_S01_Sets,Qwen-7B-long,LENGTH,best_of_n,False,0,-1.0,CH04.t1,False
-1,False,7,"theorem t1 : s ∩ t ∪ s ∩ u ⊆ s ∩ (t ∪ u) := by
  rintro x (⟨xs, xt⟩ | ⟨xs, xu⟩)
  · use xs; left; exact xt
  · use xs; right; exact xu

",,True,-1,"theorem t1 : s ∩ t ∪ s ∩ u ⊆ s ∩ (t ∪ u) := by
  rintro x (⟨xs,xt⟩ | ⟨xs,xu⟩) · exact ⟨xs,xt⟩, ⟨xs,xu⟩
  rintro x (⟨xs,xt⟩ | ⟨xs,xu⟩) · exact ⟨xs,xt⟩, ⟨xs,xu⟩


","💥️unsolved goals
case inl.intro
α : Type u_1
s t u : Set α
x : α
xs : x ∈ s
xt : x ∈ t
⊢ x ∈ s ∩ (t ∪ u)

case inr.intro
α : Type u_1
s t u : Set α
x : α
xs : x ∈ s
xu : x ∈ u
⊢ x ∈ s ∩ (t ∪ u)",False,60,MIL.C04_Sets_and_Functions.solutions.Solutions_S01_Sets,Qwen-7B-long,LENGTH,best_of_n,False,0,-1.0,CH04.t1,False
-1,False,7,"theorem t1 : s ∩ t ∪ s ∩ u ⊆ s ∩ (t ∪ u) := by
  rintro x (⟨xs, xt⟩ | ⟨xs, xu⟩)
  · use xs; left; exact xt
  · use xs; right; exact xu

",,True,-1,"#align t1 t1

theorem t1 : s ∩ t ∪ s ∩ u ⊆ s ∩ (t ∪ u) :=
  Monotone.map_inf_le (s ∩ ·) (Monotone.map_inf_le t u)
","💥️unexpected token '#'; expected command

💥️type mismatch
  s ∩ x✝
has type
  Set α : Type u_1
but is expected to have type
  ∀ ⦃b : Set α⦄, x✝ ≤ b → ?m.157 x✝ ≤ ?m.157 b : Prop

💥️application type mismatch
  Monotone.map_inf_le t
argument
  t
has type
  Set α : Type u_1
but is expected to have type
  Monotone ?m.706 : Prop",False,60,MIL.C04_Sets_and_Functions.solutions.Solutions_S01_Sets,Qwen-7B-long,LENGTH,best_of_n,False,0,-1.0,CH04.t1,False
-1,False,7,"theorem t1 : s ∩ t ∪ s ∩ u ⊆ s ∩ (t ∪ u) := by
  rintro x (⟨xs, xt⟩ | ⟨xs, xu⟩)
  · use xs; left; exact xt
  · use xs; right; exact xu

",,True,-1,"theorem t1 : s ∩ t ∪ s ∩ u ⊆ s ∩ (t ∪ u) :=
  Monotone.map_inf_le s (t ∪ u) (IntโมνENDIF)
",💥️expected token,False,60,MIL.C04_Sets_and_Functions.solutions.Solutions_S01_Sets,Qwen-7B-long,LENGTH,best_of_n,False,0,-1.0,CH04.t1,False
-1,False,7,"theorem t1 : s ∩ t ∪ s ∩ u ⊆ s ∩ (t ∪ u) := by
  rintro x (⟨xs, xt⟩ | ⟨xs, xu⟩)
  · use xs; left; exact xt
  · use xs; right; exact xu

",,True,-1,"theorem t1 : s ∩ t ∪ s ∩ u ⊆ s ∩ (t ∪ u) := by
  rintro x (⟨xs, xt⟩ | ⟨xs, xu⟩)
  · exact ⟨xs, xt⟩
  · exact ⟨xs, xu⟩


","💥️application type mismatch
  ⟨xs, xt⟩
argument
  xt
has type
  x ∈ t : Prop
but is expected to have type
  x ∈ t ∪ u : Prop

💥️application type mismatch
  ⟨xs, xu⟩
argument
  xu
has type
  x ∈ u : Prop
but is expected to have type
  x ∈ t ∪ u : Prop",False,60,MIL.C04_Sets_and_Functions.solutions.Solutions_S01_Sets,Qwen-7B-long,LENGTH,best_of_n,False,0,-1.0,CH04.t1,False
-1,False,7,"theorem t1 : s ∩ t ∪ s ∩ u ⊆ s ∩ (t ∪ u) := by
  rintro x (⟨xs, xt⟩ | ⟨xs, xu⟩)
  · use xs; left; exact xt
  · use xs; right; exact xu

",,True,-1,"theorem t1 : s ∩ t ∪ s ∩ u ⊆ s ∩ (t ∪ u) := by
  simpa [hhf_t] using (t1 s t u).trans fun _ ↦ by
    rintro (⟨x, ..

לים","💥️unexpected token '..'; expected rcasesPat

💥️unknown identifier 'hhf_t'

💥️function expected at
  t1 ?m.918
term has type
  ?m.907 ∈ s ∩ (t ∪ u)",False,60,MIL.C04_Sets_and_Functions.solutions.Solutions_S01_Sets,Qwen-7B-long,LENGTH,best_of_n,False,0,-1.0,CH04.t1,False
-1,False,7,"theorem t1 : s ∩ t ∪ s ∩ u ⊆ s ∩ (t ∪ u) := by
  rintro x (⟨xs, xt⟩ | ⟨xs, xu⟩)
  · use xs; left; exact xt
  · use xs; right; exact xu

",,True,-1,"theorem t1 : s ∩ t ∪ s ∩ u ⊆ s ∩ (t ∪ u) :=
  Monotone.map_inf_le fun _ : Monotone (s ∩ ·) ↦ by aesop


","💥️application type mismatch
  Monotone.map_inf_le fun x => ?m.988
argument
  fun x => ?m.988
has type
  ∀ (x : Monotone fun x => s ∩ x) ⦃b : ?m.153⦄, x ≤ b → ?m.157 x ≤ ?m.157 b : Prop
but is expected to have type
  Monotone ?m.157 : Prop

💥️unsolved goals
α : Type u_1
s t u : Set α
x : Monotone fun x => s ∩ x
b : ?m.153
a : x ≤ b
⊢ ?m.157 x ≤ ?m.157 b",False,60,MIL.C04_Sets_and_Functions.solutions.Solutions_S01_Sets,Qwen-7B-long,LENGTH,best_of_n,False,0,-1.0,CH04.t1,False
-1,False,7,"theorem t1 : s ∩ t ∪ s ∩ u ⊆ s ∩ (t ∪ u) := by
  rintro x (⟨xs, xt⟩ | ⟨xs, xu⟩)
  · use xs; left; exact xt
  · use xs; right; exact xu

",,True,-1,"theorem t1 : s ∩ t ∪ s ∩ u ⊆ s ∩ (t ∪ u) :=
  Subset.univ (by aesop)
","💥️invalid field notation, type is not of the form (C ...) where C is a constant
  Subset
has type
  ?m.152 → ?m.152 → Prop",False,60,MIL.C04_Sets_and_Functions.solutions.Solutions_S01_Sets,Qwen-7B-long,LENGTH,best_of_n,False,0,-1.0,CH04.t1,False
-1,False,7,"theorem t1 : s ∩ t ∪ s ∩ u ⊆ s ∩ (t ∪ u) := by
  rintro x (⟨xs, xt⟩ | ⟨xs, xu⟩)
  · use xs; left; exact xt
  · use xs; right; exact xu

",,True,-1,"theorem t1 : s ∩ t ∪ s ∩ u ⊆ s ∩ (t ∪ u) :=
  Monotone.map_inf_le (fun _ ⟨ht, -⟩ ht' u htu ↦ sInter (Monotone.map_inf_le (ht.trans ht') hu)) <|
    sUnion htu t u
",💥️unexpected token '⟩'; expected term,False,60,MIL.C04_Sets_and_Functions.solutions.Solutions_S01_Sets,Qwen-7B-long,LENGTH,best_of_n,False,0,-1.0,CH04.t1,False
-1,False,7,"theorem t1 : s ∩ t ∪ s ∩ u ⊆ s ∩ (t ∪ u) := by
  rintro x (⟨xs, xt⟩ | ⟨xs, xu⟩)
  · use xs; left; exact xt
  · use xs; right; exact xu

",,True,-1,"#align tsum_ae (ByM Inherits TypeSummation)

theorem t1 : s ∩ t ∪ s ∩ u ⊆ s ∩ (t ∪ u) {
  exactly := by
  rintro x (⟨xs, xt⟩ | ⟨xs, xu⟩)
  · exact ⟨xs, xt⟩
  · exact ⟨xs, xu⟩
}

","💥️unexpected token '#'; expected command

💥️expected '{' or indented tactic sequence",False,60,MIL.C04_Sets_and_Functions.solutions.Solutions_S01_Sets,Qwen-7B-long,LENGTH,best_of_n,False,0,-1.0,CH04.t1,False
-1,False,7,"theorem t1 : s ∩ t ∪ s ∩ u ⊆ s ∩ (t ∪ u) := by
  rintro x (⟨xs, xt⟩ | ⟨xs, xu⟩)
  · use xs; left; exact xt
  · use xs; right; exact xu

",,True,-1,"theorem t1 : s ∩ t ∪ s ∩ u ⊆ s ∩ (t ∪ u) :=
  Monotonicity.map_inf_le s*&; t; u

",💥️unexpected token '&'; expected term,False,60,MIL.C04_Sets_and_Functions.solutions.Solutions_S01_Sets,Qwen-7B-long,LENGTH,best_of_n,False,0,-1.0,CH04.t1,False
-1,False,7,"theorem t1 : s ∩ t ∪ s ∩ u ⊆ s ∩ (t ∪ u) := by
  rintro x (⟨xs, xt⟩ | ⟨xs, xu⟩)
  · use xs; left; exact xt
  · use xs; right; exact xu

",,True,-1,"theorem t1 : s ∩ t ∪ s ∩ u ⊆ s ∩ (t ∪ u) :=
  Monotone.map_inf_le (fun _ _ ↦ s) t u
","💥️type mismatch
  s
has type
  Set α : Type u_1
but is expected to have type
  x✝¹ ≤ x✝ → ?m.157 x✝¹ ≤ ?m.157 x✝ : Prop",False,60,MIL.C04_Sets_and_Functions.solutions.Solutions_S01_Sets,Qwen-7B-long,LENGTH,best_of_n,False,0,-1.0,CH04.t1,False
-1,False,7,"theorem t1 : s ∩ t ∪ s ∩ u ⊆ s ∩ (t ∪ u) := by
  rintro x (⟨xs, xt⟩ | ⟨xs, xu⟩)
  · use xs; left; exact xt
  · use xs; right; exact xu

",,True,-1,"theorem t1 : s ∩ t ∪ s ∩ u ⊆ s ∩ (t ∪ u) :=
  Monotone.map_inf_le (fun _ ⊆ _ ↦ inf_le_left _) t1_le_u t1_le_u
","💥️unexpected token '⊆'; expected '↦', '=>'",False,60,MIL.C04_Sets_and_Functions.solutions.Solutions_S01_Sets,Qwen-7B-long,LENGTH,best_of_n,False,0,-1.0,CH04.t1,False
-1,False,7,"theorem t1 : s ∩ t ∪ s ∩ u ⊆ s ∩ (t ∪ u) := by
  rintro x (⟨xs, xt⟩ | ⟨xs, xu⟩)
  · use xs; left; exact xt
  · use xs; right; exact xu

",,True,-1,"theorem t1 : s ∩ t ∪ s ∩ u ⊆ s ∩ (t ∪ u) :=
  Monotone.map_inf_le _ _ (by aesop) (by aesop) (by aesop)
","💥️function expected at
  Monotone.map_inf_le ?m.158 ?m.159 ?m.160
term has type
  ?m.157 (?m.159 ⊓ ?m.160) ≤ ?m.157 ?m.159 ⊓ ?m.157 ?m.160

💥️aesop: error while running norm rule norm|constructors|global|ULift: rule produced more than one subgoal.
The rule was run on this goal:
  α : Type u_1
  s t u : Set α
  ⊢ ULift.{?u.314, ?u.313} ?α",False,60,MIL.C04_Sets_and_Functions.solutions.Solutions_S01_Sets,Qwen-7B-long,LENGTH,best_of_n,False,0,-1.0,CH04.t1,False
-1,False,7,"theorem t1 : s ∩ t ∪ s ∩ u ⊆ s ∩ (t ∪ u) := by
  rintro x (⟨xs, xt⟩ | ⟨xs, xu⟩)
  · use xs; left; exact xt
  · use xs; right; exact xu

",,True,-1,"theorem t1 : s ∩ t ∪ s ∩ u ⊆ s ∩ (t ∪ u) :=
  (Monotone.map_inf_le s.2).add_le (s.1_mono t.2).add_le
    (서_INF_le s.2).add_le (s.1_mono u.2).add_le


","💥️unexpected identifier; expected ')', ',' or ':'",False,60,MIL.C04_Sets_and_Functions.solutions.Solutions_S01_Sets,Qwen-7B-long,LENGTH,best_of_n,False,0,-1.0,CH04.t1,False
-1,False,7,"theorem t2 : s \ (t ∪ u) ⊆ (s \ t) \ u := by
  rintro x ⟨xs, xntu⟩
  constructor
  use xs
  · intro xt
    exact xntu (Or.inl xt)
  intro xu
  apply xntu (Or.inr xu)

",,True,-1,"theorem t2 : s \ (t ∪ u) ⊆ (s \ t) \ u := by
  rintro x ⟨xs, xntu⟩
  terminate 0
  refine ⟨xs, fun _ ↦ ?_⟩
  exact xntu (Or.inl _)
","💥️unknown tactic

💥️unsolved goals
case intro
α : Type u_1
s t u : Set α
x : α
xs : x ∈ s
xntu : x ∉ t ∪ u
⊢ x ∈ (s \ t) \ u",False,60,MIL.C04_Sets_and_Functions.solutions.Solutions_S01_Sets,Qwen-7B-long,LENGTH,best_of_n,False,0,-1.0,CH04.t2,False
-1,False,7,"theorem t2 : s \ (t ∪ u) ⊆ (s \ t) \ u := by
  rintro x ⟨xs, xntu⟩
  constructor
  use xs
  · intro xt
    exact xntu (Or.inl xt)
  intro xu
  apply xntu (Or.inr xu)

",,True,-1,"#align t2 t2

theorem t2 : s \ (t ∪ u) ⊆ (s \ t) \ u :=
  Set.filter_mono (fun _x _xs _xntu: s ∖ (t ∪ u) → (t ∪ u).subset_of_mem_of_compl _xntu)
  (comp_t_u_of_compl : t.compl ∪ s.tsub := t.compl ∪ s.tsub)

","💥️unexpected token '#'; expected command

💥️expected token",False,60,MIL.C04_Sets_and_Functions.solutions.Solutions_S01_Sets,Qwen-7B-long,LENGTH,best_of_n,False,0,-1.0,CH04.t2,False
-1,False,7,"theorem t2 : s \ (t ∪ u) ⊆ (s \ t) \ u := by
  rintro x ⟨xs, xntu⟩
  constructor
  use xs
  · intro xt
    exact xntu (Or.inl xt)
  intro xu
  apply xntu (Or.inr xu)

",,True,-1,"theorem t2 : s \ (t ∪ u) ⊆ (s \ t) \ u :=
  (Set.diff_le_iff_right.mono fun _ Hh Hk => (Hk.trans_le Hh).toImp).flipped t u
  (Set.diff_le_iff_right.mono fun _ Hh Hk => (Hk.trans_le Hh).toImp).flipped t u
  (Set.diff_le_iff_right.mono fun _ Hh Hk => (Hk.trans_le Hh).toImp).flipped t u


",💥️unknown constant 'Set.diff_le_iff_right.mono',False,60,MIL.C04_Sets_and_Functions.solutions.Solutions_S01_Sets,Qwen-7B-long,LENGTH,best_of_n,False,0,-1.0,CH04.t2,False
-1,False,7,"theorem t2 : s \ (t ∪ u) ⊆ (s \ t) \ u := by
  rintro x ⟨xs, xntu⟩
  constructor
  use xs
  · intro xt
    exact xntu (Or.inl xt)
  intro xu
  apply xntu (Or.inr xu)

",,True,-1,"I need to prove that `s \ (t ∪ u) ⊆ (s \ t) \ u` using an SSS tactic.

I know that `s \ (t ∪ u)` is equivalent to `(s \ t) \ u` by set theory laws, but I need to show it using an SSS proof.

I think I can use `BiUnion` to represent the union and then show the subset.

But in the proof, I need to use `SUnion` and `SetSub` to apply the subset definition.

Attribute `biUnion` to show that `t ∪ u` includes all elements of `t` and `u`.

Use `ext_iff` to show implication both ways.

Set `xs` to be in `s \ t`, and ` Hulu` to be in `u`.

Use `or.inl` and `or.inr` to cover both cases of `h Smoke`

Then apply `biUnion` to get the inclusion.

I think this should work.
",💥️unexpected identifier; expected command,False,60,MIL.C04_Sets_and_Functions.solutions.Solutions_S01_Sets,Qwen-7B-long,LENGTH,best_of_n,False,0,-1.0,CH04.t2,False
-1,False,7,"theorem t2 : s \ (t ∪ u) ⊆ (s \ t) \ u := by
  rintro x ⟨xs, xntu⟩
  constructor
  use xs
  · intro xt
    exact xntu (Or.inl xt)
  intro xu
  apply xntu (Or.inr xu)

",,True,-1,"theorem t2 : s \ (t ∪ u) ⊆ (s \ t) \ u := by
  rintro x ⟨xs, xntu⟩
  exact ⟨xs, fun yt ↦ xntu (Or.inl yt), fun xu ↦ xntu (Or.inr xu)⟩
","💥️application type mismatch
  And.intro xs
argument
  xs
has type
  x ∈ s : Prop
but is expected to have type
  x ∈ s \ t : Prop

💥️invalid constructor ⟨...⟩, expected type must be an inductive type 
  x ∈ u → False",False,60,MIL.C04_Sets_and_Functions.solutions.Solutions_S01_Sets,Qwen-7B-long,LENGTH,best_of_n,False,0,-1.0,CH04.t2,False
-1,False,7,"theorem t2 : s \ (t ∪ u) ⊆ (s \ t) \ u := by
  rintro x ⟨xs, xntu⟩
  constructor
  use xs
  · intro xt
    exact xntu (Or.inl xt)
  intro xu
  apply xntu (Or.inr xu)

",,True,-1,"theorem t2 : s \ (t ∪ u) ⊆ (s \ t) \ u :=
  Setminus_mono t2' (Setminus_mono t2less' (subset_union_right t2less))
",💥️unknown identifier 'Setminus_mono',False,60,MIL.C04_Sets_and_Functions.solutions.Solutions_S01_Sets,Qwen-7B-long,LENGTH,best_of_n,False,0,-1.0,CH04.t2,False
-1,False,7,"theorem t2 : s \ (t ∪ u) ⊆ (s \ t) \ u := by
  rintro x ⟨xs, xntu⟩
  constructor
  use xs
  · intro xt
    exact xntu (Or.inl xt)
  intro xu
  apply xntu (Or.inr xu)

",,True,-1,"theorem t2 : s \ (t ∪ u) ⊆ (s \ t) \ u :=
  Set subtraction decreasing with respect to superset
  ( s \ t ⊆ s \ (t ∪ u) ).trans ( t ∪ u ⊆ s → t ⊆ s )

",💥️unknown identifier 'subtraction',False,60,MIL.C04_Sets_and_Functions.solutions.Solutions_S01_Sets,Qwen-7B-long,LENGTH,best_of_n,False,0,-1.0,CH04.t2,False
-1,False,7,"theorem t2 : s \ (t ∪ u) ⊆ (s \ t) \ u := by
  rintro x ⟨xs, xntu⟩
  constructor
  use xs
  · intro xt
    exact xntu (Or.inl xt)
  intro xu
  apply xntu (Or.inr xu)

",,True,-1,"theorem t2 : s \ (t ∪ u) ⊆ (s \ t) \ u :=
  Set.filter_mono fun _ ↦ (Set.filter_mono fun _ ↦ (Set.filter_mono fun _ ↦ ?_))
",💥️unknown constant 'Set.filter_mono',False,60,MIL.C04_Sets_and_Functions.solutions.Solutions_S01_Sets,Qwen-7B-long,LENGTH,best_of_n,False,0,-1.0,CH04.t2,False
-1,False,7,"theorem t2 : s \ (t ∪ u) ⊆ (s \ t) \ u := by
  rintro x ⟨xs, xntu⟩
  constructor
  use xs
  · intro xt
    exact xntu (Or.inl xt)
  intro xu
  apply xntu (Or.inr xu)

",,True,-1,"theorem t2 : s \ (t ∪ u) ⊆ (s \ t) \ u :=
  Set.Subset.trans (Set.Subset.forall m h m.nsmem s.2) (Set.Subset.forall m h m.nsmem t.2)
  (fun _ h1 h2 ↦ h2.elim h1)
","💥️invalid field notation, type is not of the form (C ...) where C is a constant
  Set.Subset
has type
  Set ?m.474 → Set ?m.474 → Prop

💥️invalid field notation, type is not of the form (C ...) where C is a constant
  Set.Subset
has type
  Set ?m.476 → Set ?m.476 → Prop

💥️invalid field notation, type is not of the form (C ...) where C is a constant
  h2
has type
  ?m.491 x✝ h1",False,60,MIL.C04_Sets_and_Functions.solutions.Solutions_S01_Sets,Qwen-7B-long,LENGTH,best_of_n,False,0,-1.0,CH04.t2,False
-1,False,7,"theorem t2 : s \ (t ∪ u) ⊆ (s \ t) \ u := by
  rintro x ⟨xs, xntu⟩
  constructor
  use xs
  · intro xt
    exact xntu (Or.inl xt)
  intro xu
  apply xntu (Or.inr xu)

",,True,-1,"theorem t2 : s \ (t ∪ u) ⊆ (s \ t) \ u :=
  Set.subset_lengther_filter _ _ (by aesop )


",💥️unknown constant 'Set.subset_lengther_filter',False,60,MIL.C04_Sets_and_Functions.solutions.Solutions_S01_Sets,Qwen-7B-long,LENGTH,best_of_n,False,0,-1.0,CH04.t2,False
-1,False,7,"theorem t2 : s \ (t ∪ u) ⊆ (s \ t) \ u := by
  rintro x ⟨xs, xntu⟩
  constructor
  use xs
  · intro xt
    exact xntu (Or.inl xt)
  intro xu
  apply xntu (Or.inr xu)

",,True,-1,"theorem t2 : s \ (t ∪ u) ⊆ (s \ t) \ u :=
  mod_cast Set.diff_mono f (t ∪ u) (s \ t) fun _ ↦ (t ∪ u).diff_effect
",💥️unknown constant 'Set.diff_mono',False,60,MIL.C04_Sets_and_Functions.solutions.Solutions_S01_Sets,Qwen-7B-long,LENGTH,best_of_n,False,0,-1.0,CH04.t2,False
-1,False,7,"theorem t2 : s \ (t ∪ u) ⊆ (s \ t) \ u := by
  rintro x ⟨xs, xntu⟩
  constructor
  use xs
  · intro xt
    exact xntu (Or.inl xt)
  intro xu
  apply xntu (Or.inr xu)

",,True,-1,"theorem t2 : s \ (t ∪ u) ⊆ (s \ t) \ u :=
  fun _ ⟨xs, xntu⟩ ↦ by
  exact ⟨xs, fun ht ↦ xntu (Or.inl ht), fun hu ↦ xntu (Or.inr hu)⟩
","💥️application type mismatch
  And.intro xs
argument
  xs
has type
  x✝¹ ∈ s : Prop
but is expected to have type
  x✝¹ ∈ s \ t : Prop

💥️invalid constructor ⟨...⟩, expected type must be an inductive type 
  x✝¹ ∈ u → False",False,60,MIL.C04_Sets_and_Functions.solutions.Solutions_S01_Sets,Qwen-7B-long,LENGTH,best_of_n,False,0,-1.0,CH04.t2,False
-1,False,7,"theorem t2 : s \ (t ∪ u) ⊆ (s \ t) \ u := by
  rintro x ⟨xs, xntu⟩
  constructor
  use xs
  · intro xt
    exact xntu (Or.inl xt)
  intro xu
  apply xntu (Or.inr xu)

",,True,-1,"theorem t2 : s \ (t ∪ u) ⊆ (s \ t) \ u := by
  rintro x ⟨xs, xntu⟩
  constructor
  use xs
  · exact xntu (Or.inl (fun xs ↦ fibs xs))
  · rintro ⟨xt, (fibs_t | fibs_u) xu⟩
    exact xntu (Or.inr xu)


","💥️unexpected identifier; expected '⟩'

💥️unknown identifier 'fibs'

💥️rcases tactic failed: a✝ : u x is not an inductive datatype",False,60,MIL.C04_Sets_and_Functions.solutions.Solutions_S01_Sets,Qwen-7B-long,LENGTH,best_of_n,False,0,-1.0,CH04.t2,False
-1,False,7,"theorem t2 : s \ (t ∪ u) ⊆ (s \ t) \ u := by
  rintro x ⟨xs, xntu⟩
  constructor
  use xs
  · intro xt
    exact xntu (Or.inl xt)
  intro xu
  apply xntu (Or.inr xu)

",,True,-1,"theorem t2 : s \ (t ∪ u) ⊆ (s \ t) \ u :=
  Monotone.map_inf_le (Set.Powerset_mono) t2 t2 inf_le_right
",💥️unknown constant 'Set.Powerset_mono',False,60,MIL.C04_Sets_and_Functions.solutions.Solutions_S01_Sets,Qwen-7B-long,LENGTH,best_of_n,False,0,-1.0,CH04.t2,False
-1,False,7,"theorem t2 : s \ (t ∪ u) ⊆ (s \ t) \ u := by
  rintro x ⟨xs, xntu⟩
  constructor
  use xs
  · intro xt
    exact xntu (Or.inl xt)
  intro xu
  apply xntu (Or.inr xu)

",,True,-1,"theorem t2 : s \ (t ∪ u) ⊆ (s \ t) \ u :=
  s.diff_le (t ∪ u) (s \ t) (t ∪ u).diff_subset_iff.2 ⟨fun _ ↦ by tauto, fun _ ↦ by tauto⟩

","💥️invalid field 'diff_le', the environment does not contain 'Set.diff_le'
  s
has type
  Set α

💥️invalid field notation, type is not of the form (C ...) where C is a constant
  s
has type
  α → Prop",False,60,MIL.C04_Sets_and_Functions.solutions.Solutions_S01_Sets,Qwen-7B-long,LENGTH,best_of_n,False,0,-1.0,CH04.t2,False
-1,False,7,"theorem t2 : s \ (t ∪ u) ⊆ (s \ t) \ u := by
  rintro x ⟨xs, xntu⟩
  constructor
  use xs
  · intro xt
    exact xntu (Or.inl xt)
  intro xu
  apply xntu (Or.inr xu)

",,True,-1,"theorem t2 : s \ (t ∪ u) ⊆ (s \ t) \ u := by
  rintro x ⟨xs, xntu⟩
  constructor
  · exact ⟨xs, xntu.elim t.elim fun h => h⟩
  · intro xu
    apply xntu (Or.inr xu)

","💥️invalid field 'elim', the environment does not contain 'Set.elim'
  t
has type
  Set α

💥️invalid field notation, type is not of the form (C ...) where C is a constant
  t
has type
  α → Prop",False,60,MIL.C04_Sets_and_Functions.solutions.Solutions_S01_Sets,Qwen-7B-long,LENGTH,best_of_n,False,0,-1.0,CH04.t2,False
-1,False,7,"theorem t2 : s \ (t ∪ u) ⊆ (s \ t) \ u := by
  rintro x ⟨xs, xntu⟩
  constructor
  use xs
  · intro xt
    exact xntu (Or.inl xt)
  intro xu
  apply xntu (Or.inr xu)

",,True,-1,"theorem t2 : s \ (t ∪ u) ⊆ (s \ t) \ u :=
  Set.diff_mono s u |>.2 fun _ ↦ by simpa using diff_eq
",💥️unknown constant 'Set.diff_mono',False,60,MIL.C04_Sets_and_Functions.solutions.Solutions_S01_Sets,Qwen-7B-long,LENGTH,best_of_n,False,0,-1.0,CH04.t2,False
-1,False,7,"theorem t2 : s \ (t ∪ u) ⊆ (s \ t) \ u := by
  rintro x ⟨xs, xntu⟩
  constructor
  use xs
  · intro xt
    exact xntu (Or.inl xt)
  intro xu
  apply xntu (Or.inr xu)

",,True,-1,"theorem t2 : s \ (t ∪ u) ⊆ (s \ t) \ u :=
  fun x hx => hx.elim
    (s \ t) \ hx.1
    fun _ ↦ u \ hx.2
","💥️application type mismatch
  sdiff s
argument
  s
has type
  Set α : Type u_1
but is expected to have type
  ?m.506 → ?m.507 → ?m.508 : Type ?u.474

💥️failed to synthesize
  SDiff (?m.506 → ?m.507 → ?m.508)
Additional diagnostic information may be available using the `set_option diagnostics true` command.

💥️function expected at
  hx.left
term has type
  x ∈ s",False,60,MIL.C04_Sets_and_Functions.solutions.Solutions_S01_Sets,Qwen-7B-long,LENGTH,best_of_n,False,0,-1.0,CH04.t2,False
-1,False,7,"theorem t2 : s \ (t ∪ u) ⊆ (s \ t) \ u := by
  rintro x ⟨xs, xntu⟩
  constructor
  use xs
  · intro xt
    exact xntu (Or.inl xt)
  intro xu
  apply xntu (Or.inr xu)

",,True,7,"theorem t2 : s \ (t ∪ u) ⊆ (s \ t) \ u := by
  rintro x ⟨xs, xntu⟩
  constructor
  use xs
  intro xt
  exact xntu (Or.inl xt)
  intro xu
  apply xntu (Or.inr xu)

",,True,60,MIL.C04_Sets_and_Functions.solutions.Solutions_S01_Sets,Qwen-7B-long,LENGTH,best_of_n,False,0,0.0,CH04.t2,False
-1,False,7,"theorem t2 : s \ (t ∪ u) ⊆ (s \ t) \ u := by
  rintro x ⟨xs, xntu⟩
  constructor
  use xs
  · intro xt
    exact xntu (Or.inl xt)
  intro xu
  apply xntu (Or.inr xu)

",,True,-1,"_tree
theorem t2 : s \ (t ∪ u) ⊆ (s \ t) \ u := by
  rintro x ⟨xs, xntu⟩ x ((h : x ∈ u) | (h : x ∉ u))
  · exact (xntu h).elim-right generalizing as ⟨xt, hxu⟩
    exact ⟨xs, hxu⟩
  refine ⟨xs, Function.and fun x ↦ ?_⟩
  by_cases hx : x ∈ t
  · omega
  · exact ⟨.inl hx, xntu <| ne_of_apply_ne _⟩
","💥️unexpected identifier; expected command

💥️tactic 'introN' failed, insufficient number of binders
case intro
α : Type u_1
s t u : Set α
x : α
xs : x ∈ s
xntu : x ∉ t ∪ u
⊢ x ∈ (s \ t) \ u",False,60,MIL.C04_Sets_and_Functions.solutions.Solutions_S01_Sets,Qwen-7B-long,LENGTH,best_of_n,False,0,-1.0,CH04.t2,False
-1,False,7,"theorem t2 : s \ (t ∪ u) ⊆ (s \ t) \ u := by
  rintro x ⟨xs, xntu⟩
  constructor
  use xs
  · intro xt
    exact xntu (Or.inl xt)
  intro xu
  apply xntu (Or.inr xu)

",,True,-1,"theorem t2 : s \ (t ∪ u) ⊆ (s \ t) \ u :=
  Set.diff_mono s not_subset not_subset.mono fun _ ⟨ht⟩ ↦ union_mem t ht

",💥️unknown constant 'Set.diff_mono',False,60,MIL.C04_Sets_and_Functions.solutions.Solutions_S01_Sets,Qwen-7B-long,LENGTH,best_of_n,False,0,-1.0,CH04.t2,False
-1,False,7,"theorem t2 : s \ (t ∪ u) ⊆ (s \ t) \ u := by
  rintro x ⟨xs, xntu⟩
  constructor
  use xs
  · intro xt
    exact xntu (Or.inl xt)
  intro xu
  apply xntu (Or.inr xu)

",,True,-1,"theorem t2 : s \ (t ∪ u) ⊆ (s \ t) \ u := by
  rintro x ⟨xs, xntu⟩
  constructor
  · intro ht
    exact xntu (Or.inl ht)
  intro hy
  apply xntu (Or.inr hy)

","💥️tactic 'introN' failed, insufficient number of binders
case intro.left
α : Type u_1
s t u : Set α
x : α
xs : x ∈ s
xntu : x ∉ t ∪ u
⊢ x ∈ s \ t",False,60,MIL.C04_Sets_and_Functions.solutions.Solutions_S01_Sets,Qwen-7B-long,LENGTH,best_of_n,False,0,-1.0,CH04.t2,False
-1,False,7,"theorem t2 : s \ (t ∪ u) ⊆ (s \ t) \ u := by
  rintro x ⟨xs, xntu⟩
  constructor
  use xs
  · intro xt
    exact xntu (Or.inl xt)
  intro xu
  apply xntu (Or.inr xu)

",,True,-1,"theorem t2 : s \ (t ∪ u) ⊆ (s \ t) \ u :=
  Set.Inclusion.trans' (fun _ ⟨ht, htu⟩ ↦ (htu ▸ ht).elim t.2) s.2

",💥️unknown constant 'Set.Inclusion.trans'',False,60,MIL.C04_Sets_and_Functions.solutions.Solutions_S01_Sets,Qwen-7B-long,LENGTH,best_of_n,False,0,-1.0,CH04.t2,False
-1,False,7,"theorem t2 : s \ (t ∪ u) ⊆ (s \ t) \ u := by
  rintro x ⟨xs, xntu⟩
  constructor
  use xs
  · intro xt
    exact xntu (Or.inl xt)
  intro xu
  apply xntu (Or.inr xu)

",,True,-1,"theorem t2 : s \ (t ∪ u) ⊆ (s \ t) \ u := by
  rintro x ⟨xs, xntu⟩
  refine ⟨xs, fun ht ↦ ?_⟩
  exact xntu ⟨ht.elim t.elim, t.elim⟩


","💥️application type mismatch
  And.intro xs
argument
  xs
has type
  x ∈ s : Prop
but is expected to have type
  x ∈ s \ t : Prop

💥️invalid constructor ⟨...⟩, expected type must be an inductive type with only one constructor 
  x ∈ t ∨ x ∈ u",False,60,MIL.C04_Sets_and_Functions.solutions.Solutions_S01_Sets,Qwen-7B-long,LENGTH,best_of_n,False,0,-1.0,CH04.t2,False
-1,False,7,"theorem t2 : s \ (t ∪ u) ⊆ (s \ t) \ u := by
  rintro x ⟨xs, xntu⟩
  constructor
  use xs
  · intro xt
    exact xntu (Or.inl xt)
  intro xu
  apply xntu (Or.inr xu)

",,True,5,"theorem t2 : s \ (t ∪ u) ⊆ (s \ t) \ u := by
  rintro x ⟨xs, xntu⟩
  constructor
  exact ⟨xs, fun xt ↦ xntu (Or.inl xt)⟩
  intro xu
  apply xntu (Or.inr xu)

",,True,60,MIL.C04_Sets_and_Functions.solutions.Solutions_S01_Sets,Qwen-7B-long,LENGTH,best_of_n,False,0,0.285714,CH04.t2,False
-1,False,7,"theorem t2 : s \ (t ∪ u) ⊆ (s \ t) \ u := by
  rintro x ⟨xs, xntu⟩
  constructor
  use xs
  · intro xt
    exact xntu (Or.inl xt)
  intro xu
  apply xntu (Or.inr xu)

",,True,-1,"theorem t2 : s \ (t ∪ u) ⊆ (s \ t) \ u :=
  Set.filter_subset_iff.2 fun x ⟨xs, xntu⟩ ↦ Subset.filter_subset fun _ ↦ Or.inr _ xs

",💥️unknown constant 'Set.filter_subset_iff',False,60,MIL.C04_Sets_and_Functions.solutions.Solutions_S01_Sets,Qwen-7B-long,LENGTH,best_of_n,False,0,-1.0,CH04.t2,False
-1,False,7,"theorem t2 : s \ (t ∪ u) ⊆ (s \ t) \ u := by
  rintro x ⟨xs, xntu⟩
  constructor
  use xs
  · intro xt
    exact xntu (Or.inl xt)
  intro xu
  apply xntu (Or.inr xu)

",,True,-1,"theorem t2 : s \ (t ∪ u) ⊆ (s \ t) \ u :=
  coe_injective <| by push_cast [Set.diff_subset_iff]; dsimp only [ci, not_and_or]; tauto

",💥️unknown identifier 'coe_injective',False,60,MIL.C04_Sets_and_Functions.solutions.Solutions_S01_Sets,Qwen-7B-long,LENGTH,best_of_n,False,0,-1.0,CH04.t2,False
-1,False,7,"theorem t2 : s \ (t ∪ u) ⊆ (s \ t) \ u := by
  rintro x ⟨xs, xntu⟩
  constructor
  use xs
  · intro xt
    exact xntu (Or.inl xt)
  intro xu
  apply xntu (Or.inr xu)

",,True,-1,"theorem t2 : s \ (t ∪ u) ⊆ (s \ t) \ u :=
  Set.mono ((\a, hna ∪ hnt).symm _ $ Function.mpr t2_forall (hna ∪ hnt.sdiff hnt))
","💥️unexpected token '\'; expected ')', '_', '↑', '↥', '⇑', identifier or term",False,60,MIL.C04_Sets_and_Functions.solutions.Solutions_S01_Sets,Qwen-7B-long,LENGTH,best_of_n,False,0,-1.0,CH04.t2,False
-1,False,7,"theorem t2 : s \ (t ∪ u) ⊆ (s \ t) \ u := by
  rintro x ⟨xs, xntu⟩
  constructor
  use xs
  · intro xt
    exact xntu (Or.inl xt)
  intro xu
  apply xntu (Or.inr xu)

",,True,-1,"theorem t2 : s \ (t ∪ u) ⊆ (s \ t) \ u :=
  SetTheory.subset_of_mem fun x hm ↦ (向前之处) x (Set.mem_diff_right_iff.2 bmi) apply hm.elim (Or.inl _)
",💥️expected token,False,60,MIL.C04_Sets_and_Functions.solutions.Solutions_S01_Sets,Qwen-7B-long,LENGTH,best_of_n,False,0,-1.0,CH04.t2,False
-1,False,7,"theorem t2 : s \ (t ∪ u) ⊆ (s \ t) \ u := by
  rintro x ⟨xs, xntu⟩
  constructor
  use xs
  · intro xt
    exact xntu (Or.inl xt)
  intro xu
  apply xntu (Or.inr xu)

",,True,-1,"theorem t2 : s \ (t ∪ u) ⊆ (s \ t) \ u :=
  subset_of_iff fun x hx ↦ (Fin.forall.mpr ⟨hx.1, hx.2.1⟩).elim not_or hx.2.2
",💥️unknown identifier 'subset_of_iff',False,60,MIL.C04_Sets_and_Functions.solutions.Solutions_S01_Sets,Qwen-7B-long,LENGTH,best_of_n,False,0,-1.0,CH04.t2,False
-1,False,7,"theorem t2 : s \ (t ∪ u) ⊆ (s \ t) \ u := by
  rintro x ⟨xs, xntu⟩
  constructor
  use xs
  · intro xt
    exact xntu (Or.inl xt)
  intro xu
  apply xntu (Or.inr xu)

",,True,-1,"lemma t2 : s \ (t ∪ u) ⊆ (s \ t) \ u :=
  \~.t2 s t u
",💥️unexpected token '\'; expected term,False,60,MIL.C04_Sets_and_Functions.solutions.Solutions_S01_Sets,Qwen-7B-long,LENGTH,best_of_n,False,0,-1.0,CH04.t2,False
-1,False,7,"theorem t2 : s \ (t ∪ u) ⊆ (s \ t) \ u := by
  rintro x ⟨xs, xntu⟩
  constructor
  use xs
  · intro xt
    exact xntu (Or.inl xt)
  intro xu
  apply xntu (Or.inr xu)

",,True,-1,"theorem t2 : s \ (t ∪ u) ⊆ (s \ t) \ u :=
  Set.filter_mono ( 文氏图 insight) fun _ ⟨ht, hu⟩ ↦ (ht ∉ (t ∪ u)) → (hu ∈ t → ht ∉ u)

",💥️expected token,False,60,MIL.C04_Sets_and_Functions.solutions.Solutions_S01_Sets,Qwen-7B-long,LENGTH,best_of_n,False,0,-1.0,CH04.t2,False
-1,False,7,"theorem t2 : s \ (t ∪ u) ⊆ (s \ t) \ u := by
  rintro x ⟨xs, xntu⟩
  constructor
  use xs
  · intro xt
    exact xntu (Or.inl xt)
  intro xu
  apply xntu (Or.inr xu)

",,True,-1,"theorem t2 : s \ (t ∪ u) ⊆ (s \ t) \ u :=
  Set.setOf_iff.2 fun cs ⟨xs, xntu⟩ =>
    (xs.1: s).elim (xntu <| this.elim t.elim u) (this.elim t.or_iff_not_imp_right)
",💥️unknown constant 'Set.setOf_iff',False,60,MIL.C04_Sets_and_Functions.solutions.Solutions_S01_Sets,Qwen-7B-long,LENGTH,best_of_n,False,0,-1.0,CH04.t2,False
-1,False,7,"theorem t2 : s \ (t ∪ u) ⊆ (s \ t) \ u := by
  rintro x ⟨xs, xntu⟩
  constructor
  use xs
  · intro xt
    exact xntu (Or.inl xt)
  intro xu
  apply xntu (Or.inr xu)

",,True,-1,"theorem t2 : s \ (t ∪ u) ⊆ (s \ t) \ u :=
  SetMonotonicity.decreasing fun _x hx ↦
    hx.elim (Or.inr _) fun t => hx.elim (Or.inl _) fun u => (t or u).elim (t.elim x hx) (u.elim x hx) hx)

",💥️unknown identifier 'SetMonotonicity.decreasing',False,60,MIL.C04_Sets_and_Functions.solutions.Solutions_S01_Sets,Qwen-7B-long,LENGTH,best_of_n,False,0,-1.0,CH04.t2,False
-1,False,7,"theorem t2 : s \ (t ∪ u) ⊆ (s \ t) \ u := by
  rintro x ⟨xs, xntu⟩
  constructor
  use xs
  · intro xt
    exact xntu (Or.inl xt)
  intro xu
  apply xntu (Or.inr xu)

",,True,-1,"theorem t2 : s \ (t ∪ u) ⊆ (s \ t) \ u :=
  Set.Subset.pos_iff.2 fun _ _ ↦ by tauto
","💥️invalid field notation, type is not of the form (C ...) where C is a constant
  Set.Subset
has type
  Set ?m.469 → Set ?m.469 → Prop",False,60,MIL.C04_Sets_and_Functions.solutions.Solutions_S01_Sets,Qwen-7B-long,LENGTH,best_of_n,False,0,-1.0,CH04.t2,False
-1,False,7,"theorem t2 : s \ (t ∪ u) ⊆ (s \ t) \ u := by
  rintro x ⟨xs, xntu⟩
  constructor
  use xs
  · intro xt
    exact xntu (Or.inl xt)
  intro xu
  apply xntu (Or.inr xu)

",,True,-1,"theorem t2 : s \ (t ∪ u) ⊆ (s \ t) \ u :=
  subset_of_forall_iff fun _ ↦ (and_or_iff_right : _)

",💥️unknown identifier 'subset_of_forall_iff',False,60,MIL.C04_Sets_and_Functions.solutions.Solutions_S01_Sets,Qwen-7B-long,LENGTH,best_of_n,False,0,-1.0,CH04.t2,False
-1,False,7,"theorem t2 : s \ (t ∪ u) ⊆ (s \ t) \ u := by
  rintro x ⟨xs, xntu⟩
  constructor
  use xs
  · intro xt
    exact xntu (Or.inl xt)
  intro xu
  apply xntu (Or.inr xu)

",,True,-1,"theorem t2 : s \ (t ∪ u) ⊆ (s \ t) \ u :=
  Set.inclusion_of_forall fun x hxs hxttu ↦
    (hxttu.elim hxt fun xu ↦ hxs.not_le (Or.inl xu))
",💥️unknown constant 'Set.inclusion_of_forall',False,60,MIL.C04_Sets_and_Functions.solutions.Solutions_S01_Sets,Qwen-7B-long,LENGTH,best_of_n,False,0,-1.0,CH04.t2,False
-1,False,7,"theorem t2 : s \ (t ∪ u) ⊆ (s \ t) \ u := by
  rintro x ⟨xs, xntu⟩
  constructor
  use xs
  · intro xt
    exact xntu (Or.inl xt)
  intro xu
  apply xntu (Or.inr xu)

",,True,-1,"theorem t2 : s \ (t ∪ u) ⊆ (s \ t) \ u :=
  fun x hx ↦ (hx.elim t.elim fun _
    := fun hxy ↦ hx (Or.inl hxy)
    (u.elim fun xu ↦ hx (Or.inr xu)) : (t ∪ u).sub
  s
","💥️unexpected token ':='; expected '↦', '=>'",False,60,MIL.C04_Sets_and_Functions.solutions.Solutions_S01_Sets,Qwen-7B-long,LENGTH,best_of_n,False,0,-1.0,CH04.t2,False
-1,False,7,"theorem t2 : s \ (t ∪ u) ⊆ (s \ t) \ u := by
  rintro x ⟨xs, xntu⟩
  constructor
  use xs
  · intro xt
    exact xntu (Or.inl xt)
  intro xu
  apply xntu (Or.inr xu)

",,True,-1,"theorem t2 : s \ (t ∪ u) ⊆ (s \ t) \ u :=
  Set.diff_mono t union_assoc fun _ ht hu ↦ (ht or.inr hu).elim

",💥️unknown constant 'Set.diff_mono',False,60,MIL.C04_Sets_and_Functions.solutions.Solutions_S01_Sets,Qwen-7B-long,LENGTH,best_of_n,False,0,-1.0,CH04.t2,False
-1,False,7,"theorem t2 : s \ (t ∪ u) ⊆ (s \ t) \ u := by
  rintro x ⟨xs, xntu⟩
  constructor
  use xs
  · intro xt
    exact xntu (Or.inl xt)
  intro xu
  apply xntu (Or.inr xu)

",,True,-1,"theorem t2 : s \ (t ∪ u) ⊆ (s \ t) \ u := by
  rintro _ ⟨xs, xntu⟩
  exact ⟨xs, fun t ht ↦ xntu (Or.inl ht), fun u hu ↦ xntu (Or.inr hu)⟩
","💥️application type mismatch
  And.intro xs
argument
  xs
has type
  a✝ ∈ s : Prop
but is expected to have type
  a✝ ∈ s \ t : Prop

💥️invalid constructor ⟨...⟩, expected type must be an inductive type 
  a✝ ∈ u → False",False,60,MIL.C04_Sets_and_Functions.solutions.Solutions_S01_Sets,Qwen-7B-long,LENGTH,best_of_n,False,0,-1.0,CH04.t2,False
-1,False,7,"theorem t2 : s \ (t ∪ u) ⊆ (s \ t) \ u := by
  rintro x ⟨xs, xntu⟩
  constructor
  use xs
  · intro xt
    exact xntu (Or.inl xt)
  intro xu
  apply xntu (Or.inr xu)

",,True,-1,"theorem t2 : s \ (t ∪ u) ⊆ (s \ t) \ u :=
  SetLike.t2 (s := s)
",💥️unknown constant 'SetLike.t2',False,60,MIL.C04_Sets_and_Functions.solutions.Solutions_S01_Sets,Qwen-7B-long,LENGTH,best_of_n,False,0,-1.0,CH04.t2,False
-1,False,7,"theorem t2 : s \ (t ∪ u) ⊆ (s \ t) \ u := by
  rintro x ⟨xs, xntu⟩
  constructor
  use xs
  · intro xt
    exact xntu (Or.inl xt)
  intro xu
  apply xntu (Or.inr xu)

",,True,-1,"theorem t2 : s ∖ (t ∪ u) ⊆ (s ∖ t) ∖ u := by
  rintro x ⟨xs, xntu⟩
  constructor
  use xs
  · intro xt
    exact xntu (Or.inl xt)
  intro xu
  apply xntu (Or.inr xu)

",💥️expected token,False,60,MIL.C04_Sets_and_Functions.solutions.Solutions_S01_Sets,Qwen-7B-long,LENGTH,best_of_n,False,0,-1.0,CH04.t2,False
-1,False,7,"theorem t2 : s \ (t ∪ u) ⊆ (s \ t) \ u := by
  rintro x ⟨xs, xntu⟩
  constructor
  use xs
  · intro xt
    exact xntu (Or.inl xt)
  intro xu
  apply xntu (Or.inr xu)

",,True,-1,"theorem t2 : s \ (t ∪ u) ⊆ (s \ t) \ u :=
  SetAntichain.map (SetDiff.mono t2) ((t+-+u).image')
",💥️unexpected token '+'; expected term,False,60,MIL.C04_Sets_and_Functions.solutions.Solutions_S01_Sets,Qwen-7B-long,LENGTH,best_of_n,False,0,-1.0,CH04.t2,False
-1,False,7,"theorem t2 : s \ (t ∪ u) ⊆ (s \ t) \ u := by
  rintro x ⟨xs, xntu⟩
  constructor
  use xs
  · intro xt
    exact xntu (Or.inl xt)
  intro xu
  apply xntu (Or.inr xu)

",,True,-1,"theorem t2 : s \ (t ∪ u) ⊆ (s \ t) \ u :=
  (comp_thm (s := set.restrict (t ∪ u)) (t := t) (u := u)).2 <| by
    rintro x ⟨xs, xntu⟩
    refine ⟨xs, fun xt => xntu (Or.inl xt), fun xu => xntu (Or.inr xu)⟩
",💥️unknown identifier 'comp_thm',False,60,MIL.C04_Sets_and_Functions.solutions.Solutions_S01_Sets,Qwen-7B-long,LENGTH,best_of_n,False,0,-1.0,CH04.t2,False
-1,False,7,"theorem t2 : s \ (t ∪ u) ⊆ (s \ t) \ u := by
  rintro x ⟨xs, xntu⟩
  constructor
  use xs
  · intro xt
    exact xntu (Or.inl xt)
  intro xu
  apply xntu (Or.inr xu)

",,True,-1,"theorem t2 : s \ (t ∪ u) ⊆ (s \ t) \ u :=
  .mono fun _ ↦ tsub_dvd }
","💥️invalid dotted identifier notation, unknown identifier `HasSubset.Subset.mono` from expected type
  s \ (t ∪ u) ⊆ (s \ t) \ u

💥️invalid dotted identifier notation, unknown identifier `LE.le.mono` from expected type
  s \ (t ∪ u) ⊆ (s \ t) \ u

💥️invalid dotted identifier notation, unknown identifier `Set.Subset.mono` from expected type
  s \ (t ∪ u) ⊆ (s \ t) \ u

💥️invalid dotted identifier notation, unknown identifier `Membership.mem.mono` from expected type
  s \ (t ∪ u) ⊆ (s \ t) \ u

💥️invalid dotted identifier notation, unknown identifier `Set.Mem.mono` from expected type
  s \ (t ∪ u) ⊆ (s \ t) \ u

💥️invalid dotted identifier notation, unknown identifier `SDiff.sdiff.mono` from expected type
  s \ (t ∪ u) ⊆ (s \ t) \ u

💥️invalid dotted identifier notation, unknown identifier `Set.diff.mono` from expected type
  s \ (t ∪ u) ⊆ (s \ t) \ u

💥️invalid dotted identifier notation, unknown identifier `setOf.mono` from expected type
  s \ (t ∪ u) ⊆ (s \ t) \ u

💥️invalid dotted identifier notation, unknown identifier `And.mono` from expected type
  s \ (t ∪ u) ⊆ (s \ t) \ u",False,60,MIL.C04_Sets_and_Functions.solutions.Solutions_S01_Sets,Qwen-7B-long,LENGTH,best_of_n,False,0,-1.0,CH04.t2,False
-1,False,7,"theorem t2 : s \ (t ∪ u) ⊆ (s \ t) \ u := by
  rintro x ⟨xs, xntu⟩
  constructor
  use xs
  · intro xt
    exact xntu (Or.inl xt)
  intro xu
  apply xntu (Or.inr xu)

",,True,-1,"theorem t2 : s \ (t ∪ u) ⊆ (s \ t) \ u :=
  Set_mono fun _ ↦ simp only [not_and_or]
",💥️unknown identifier 'Set_mono',False,60,MIL.C04_Sets_and_Functions.solutions.Solutions_S01_Sets,Qwen-7B-long,LENGTH,best_of_n,False,0,-1.0,CH04.t2,False
-1,False,7,"theorem t2 : s \ (t ∪ u) ⊆ (s \ t) \ u := by
  rintro x ⟨xs, xntu⟩
  constructor
  use xs
  · intro xt
    exact xntu (Or.inl xt)
  intro xu
  apply xntu (Or.inr xu)

",,True,-1,"theorem t2 : s \ (t ∪ u) ⊆ (s \ t) \ u :=
  SetLimit.coarsening (SetLimit.subset_imp hn) x ((subset_union_nonempty <| hs x) t u)

",💥️unknown identifier 'SetLimit.coarsening',False,60,MIL.C04_Sets_and_Functions.solutions.Solutions_S01_Sets,Qwen-7B-long,LENGTH,best_of_n,False,0,-1.0,CH04.t2,False
-1,False,7,"theorem t2 : s \ (t ∪ u) ⊆ (s \ t) \ u := by
  rintro x ⟨xs, xntu⟩
  constructor
  use xs
  · intro xt
    exact xntu (Or.inl xt)
  intro xu
  apply xntu (Or.inr xu)

",,True,-1,"theorem t2 : s \ (t ∪ u) ⊆ (s \ t) \ u :=
  Set.diff_mono fun _xt => by aesop (add simp [Or.inl, not_or]) fun _xu => by aesop (add simp [Or.inr, not_or])

",💥️unknown constant 'Set.diff_mono',False,60,MIL.C04_Sets_and_Functions.solutions.Solutions_S01_Sets,Qwen-7B-long,LENGTH,best_of_n,False,0,-1.0,CH04.t2,False
-1,False,7,"theorem t2 : s \ (t ∪ u) ⊆ (s \ t) \ u := by
  rintro x ⟨xs, xntu⟩
  constructor
  use xs
  · intro xt
    exact xntu (Or.inl xt)
  intro xu
  apply xntu (Or.inr xu)

",,True,7,"theorem t2 : s \ (t ∪ u) ⊆ (s \ t) \ u := by
  rintro x ⟨xs, xntu⟩
  constructor
  use xs
  · intro ht
    exact xntu (Or.inl ht)
  intro hu
  apply xntu (Or.inr hu)


",,True,60,MIL.C04_Sets_and_Functions.solutions.Solutions_S01_Sets,Qwen-7B-long,LENGTH,best_of_n,False,0,0.0,CH04.t2,False
-1,False,7,"theorem t2 : s \ (t ∪ u) ⊆ (s \ t) \ u := by
  rintro x ⟨xs, xntu⟩
  constructor
  use xs
  · intro xt
    exact xntu (Or.inl xt)
  intro xu
  apply xntu (Or.inr xu)

",,True,-1,"theorem t2 : s \ (t ∪ u) ⊆ (s \ t) \ u := by
  rintro x ⟨xs, xntu⟩
  constructor
  · intro xt
    exact xntu (Or.inl xt)
  • intro xu
    apply xntu (Or.inr xu)

","💥️tactic 'introN' failed, insufficient number of binders
case intro.left
α : Type u_1
s t u : Set α
x : α
xs : x ∈ s
xntu : x ∉ t ∪ u
⊢ x ∈ s \ t

💥️unsolved goals
case intro.right
α : Type u_1
s t u : Set α
x : α
xs : x ∈ s
xntu : x ∉ t ∪ u
⊢ x ∉ u",False,60,MIL.C04_Sets_and_Functions.solutions.Solutions_S01_Sets,Qwen-7B-long,LENGTH,best_of_n,False,0,-1.0,CH04.t2,False
-1,False,7,"theorem t2 : s \ (t ∪ u) ⊆ (s \ t) \ u := by
  rintro x ⟨xs, xntu⟩
  constructor
  use xs
  · intro xt
    exact xntu (Or.inl xt)
  intro xu
  apply xntu (Or.inr xu)

",,True,-1,"theorem t2 : s \ (t ∪ u) ⊆ (s \ t) \ u :=
  mono f.subset_gi f where f (x : Set _) := by
  aesop (add simp f.gi, aesop)
","💥️expected '{' or indented tactic sequence

💥️unsolved goals
α : Type u_1
s t u : Set α
x : Set ?m.470
⊢ ?m.474 x",False,60,MIL.C04_Sets_and_Functions.solutions.Solutions_S01_Sets,Qwen-7B-long,LENGTH,best_of_n,False,0,-1.0,CH04.t2,False
-1,False,7,"theorem t2 : s \ (t ∪ u) ⊆ (s \ t) \ u := by
  rintro x ⟨xs, xntu⟩
  constructor
  use xs
  · intro xt
    exact xntu (Or.inl xt)
  intro xu
  apply xntu (Or.inr xu)

",,True,-1,"theorem t2 : s \ (t ∪ u) ⊆ (s \ t) \ u :=
  Set.Inclusion.trans t2准备 s.diff_mono, but结构更清晰。

更精确的解释：
-logline t2 : s \ (t ∪ u) ⊆ (s \ t) \ u
- /拿证明的方式前进/ starter-rfl
-  通过'',为了更高效地证明这个包含关系,我们需要∧ ```

/*
theorem t2 : s \ (t ∪ u) ⊆ (s \ t) \ u := by
  rintro x ⟨xs, xntu⟩
  constructor
  use xs
  · intro xt
    exact xntu (Or.inl xt)
  intro xu
  apply xntu (Or.inr xu)",💥️unknown constant 'Set.Inclusion.trans',False,60,MIL.C04_Sets_and_Functions.solutions.Solutions_S01_Sets,Qwen-7B-long,LENGTH,best_of_n,False,0,-1.0,CH04.t2,False
-1,False,7,"theorem t2 : s \ (t ∪ u) ⊆ (s \ t) \ u := by
  rintro x ⟨xs, xntu⟩
  constructor
  use xs
  · intro xt
    exact xntu (Or.inl xt)
  intro xu
  apply xntu (Or.inr xu)

",,True,-1,"theorem t2 : s \ (t ∪ u) ⊆ (s \ t) \ u :=
  SetLike.filter_mono t u.sUnion (fun _ _ ↦ t2_mem)
",💥️unknown constant 'SetLike.filter_mono',False,60,MIL.C04_Sets_and_Functions.solutions.Solutions_S01_Sets,Qwen-7B-long,LENGTH,best_of_n,False,0,-1.0,CH04.t2,False
-1,False,7,"theorem t2 : s \ (t ∪ u) ⊆ (s \ t) \ u := by
  rintro x ⟨xs, xntu⟩
  constructor
  use xs
  · intro xt
    exact xntu (Or.inl xt)
  intro xu
  apply xntu (Or.inr xu)

",,True,-1,"theorem t2 : s \ (t ∪ u) ⊆ (s \ t) \ u :=
  Set AfricaSubtract (fun x ↦ x ∈ s ∧ x ∉ t ∧ (x ∈ t ∨ x ∈ u))
    (fun x ⟨xs, xnt⟩ ⟨htx, rfl⟩ u⟩ ↦ xs)
","💥️unexpected token '⟩'; expected '↦', '=>'",False,60,MIL.C04_Sets_and_Functions.solutions.Solutions_S01_Sets,Qwen-7B-long,LENGTH,best_of_n,False,0,-1.0,CH04.t2,False
-1,False,7,"theorem t2 : s \ (t ∪ u) ⊆ (s \ t) \ u := by
  rintro x ⟨xs, xntu⟩
  constructor
  use xs
  · intro xt
    exact xntu (Or.inl xt)
  intro xu
  apply xntu (Or.inr xu)

",,True,-1,"theorem t2 : s \ (t ∪ u) ⊆ (s \ t) \ u :=
  congr_arg ((⋂ t : s ∖ t) t).2 (-(t ∪ u)).symm
",💥️expected token,False,60,MIL.C04_Sets_and_Functions.solutions.Solutions_S01_Sets,Qwen-7B-long,LENGTH,best_of_n,False,0,-1.0,CH04.t2,False
-1,False,7,"theorem t2 : s \ (t ∪ u) ⊆ (s \ t) \ u := by
  rintro x ⟨xs, xntu⟩
  constructor
  use xs
  · intro xt
    exact xntu (Or.inl xt)
  intro xu
  apply xntu (Or.inr xu)

",,True,-1,"theorem t2 : s \ (t ∪ u) ⊆ (s \ t) \ u :=
  Set.filter_mono fun _x hx ↦ Set.mem_of_mem smt.2 hx <| p → same; + simp_all [smt]

",💥️unknown constant 'Set.filter_mono',False,60,MIL.C04_Sets_and_Functions.solutions.Solutions_S01_Sets,Qwen-7B-long,LENGTH,best_of_n,False,0,-1.0,CH04.t2,False
-1,False,7,"theorem t2 : s \ (t ∪ u) ⊆ (s \ t) \ u := by
  rintro x ⟨xs, xntu⟩
  constructor
  use xs
  · intro xt
    exact xntu (Or.inl xt)
  intro xu
  apply xntu (Or.inr xu)

",,True,-1,"A lector, or a teacher, is generally an educated, experienced individual who imparts knowledge. However, lector is also a closer-friend of the designation 'Lector', which is used in contexts like original translations or academic works, referencing to an 'adulterate' (to use a more non-offensive English term) version of the article 'Lector', which is itself a variant of the Latin 'lectio' meaning 'reading'. The term can also refer to a type of instruction or writing that is synchronized with an oral reading of the半导克/pigment substance, such as in classical Latin education, where it is used to denote a term where scholars and Combination have learned Latin simultaneously by reading quizzes.

But that's a bit convoluted. Let me see if I can better. Perhaps going with 'lecturer' is the closest English equivalent, in terms of meaning and tone. Protecting a lector, in that sense, would mean taking care of their tutorial or teaching efforts.

Another approach is to use 'teacher', though that could have a broader connotation. However, in the context of the lector (used in original works or academic contexts), 'lecturer' fits better as it directly translates the term's academic and teaching-oriented nature.

Alternately, in contexts where a translator is also performing other roles, using 'translator' might not carry the specific implication of an involved educational presenter that a lector implies.

To sum up, 'lecturer' is the most direct and contextually appropriate translation of the German word 'Lehrer' in this context.

This is all getting a bit too in-depth. Let me move on.

A lector is an individual who performs and interprets source text aloud, a role typically connected to language teaching and academic settings. Protecting a lector would mean發展 a plan of care or support to facilitate their work and preserve their professional identity.

But that might be a bit too generic. If I were to use 'joiner', it would imply someone who assembles or connects elements rather than directly the role of an interpreter or presence in a didactic setting. However, it's not an accurate fit, making it an inappropriate choice in this context.

To recap, 'lecturer' is the most accurate and fitting translation of the German 'Lehrer' in this context.
",💥️unexpected identifier; expected command,False,60,MIL.C04_Sets_and_Functions.solutions.Solutions_S01_Sets,Qwen-7B-long,LENGTH,best_of_n,False,0,-1.0,CH04.t2,False
-1,False,7,"theorem t2 : s \ (t ∪ u) ⊆ (s \ t) \ u := by
  rintro x ⟨xs, xntu⟩
  constructor
  use xs
  · intro xt
    exact xntu (Or.inl xt)
  intro xu
  apply xntu (Or.inr xu)

",,True,7,"theorem t2 : s \ (t ∪ u) ⊆ (s \ t) \ u := by
  rintro x ⟨xs, xntu⟩
  constructor
  use xs
  intro xt
  exact xntu (Or.inl xt)
  intro xu
  apply xntu (Or.inr xu)

",,True,60,MIL.C04_Sets_and_Functions.solutions.Solutions_S01_Sets,Qwen-7B-long,LENGTH,best_of_n,False,0,0.0,CH04.t2,False
-1,False,7,"theorem t2 : s \ (t ∪ u) ⊆ (s \ t) \ u := by
  rintro x ⟨xs, xntu⟩
  constructor
  use xs
  · intro xt
    exact xntu (Or.inl xt)
  intro xu
  apply xntu (Or.inr xu)

",,True,-1,"theorem t2 : s \ (t ∪ u) ⊆ (s \ t) \ u := by
  rintro x ⟨xs, xntu⟩
  use xs
  constructor
  · intro xt
    exact xntu (Or.inl xt)
  · intro xu
    apply xntu (Or.inr xu)
","💥️type mismatch
  xs
has type
  x ∈ s : Prop
but is expected to have type
  x ∈ s \ t : Prop

💥️tactic 'constructor' failed, target is not an inductive datatype
case right
α : Type u_1
s t u : Set α
x : α
xs : x ∈ s
xntu : x ∉ t ∪ u
⊢ x ∉ u",False,60,MIL.C04_Sets_and_Functions.solutions.Solutions_S01_Sets,Qwen-7B-long,LENGTH,best_of_n,False,0,-1.0,CH04.t2,False
-1,False,7,"theorem t2 : s \ (t ∪ u) ⊆ (s \ t) \ u := by
  rintro x ⟨xs, xntu⟩
  constructor
  use xs
  · intro xt
    exact xntu (Or.inl xt)
  intro xu
  apply xntu (Or.inr xu)

",,True,-1,"theorem t2 : s \ (t ∪ u) ⊆ (s \ t) \ u :=
  Set.setSubsupós measurableSet_u.2 $ toSupos measurableSet_t.2 $ by simp_rw [idemp_right, subEq]
",💥️unknown constant 'Set.setSubsup',False,60,MIL.C04_Sets_and_Functions.solutions.Solutions_S01_Sets,Qwen-7B-long,LENGTH,best_of_n,False,0,-1.0,CH04.t2,False
-1,False,0,"theorem t3 : s ∩ t = t ∩ s :=
    Subset.antisymm
    (fun x ⟨xs, xt⟩ ↦ ⟨xt, xs⟩) fun x ⟨xt, xs⟩ ↦ ⟨xs, xt⟩

",,True,-1,"theorem t3 : s ∩ t = t ∩ s := Subset.antisymm fun x ⟨xs, xt⟩ => ⟨xt, xs⟩ fun x ⟨xt, xs⟩ => ⟨xs, xt⟩
","💥️invalid constructor ⟨...⟩, expected type must be an inductive type 
  ?m.639 x",False,60,MIL.C04_Sets_and_Functions.solutions.Solutions_S01_Sets,Qwen-7B-long,LENGTH,best_of_n,False,0,-1.0,CH04.t3,False
-1,False,0,"theorem t3 : s ∩ t = t ∩ s :=
    Subset.antisymm
    (fun x ⟨xs, xt⟩ ↦ ⟨xt, xs⟩) fun x ⟨xt, xs⟩ ↦ ⟨xs, xt⟩

",,True,-1,"By the symmetric property of set intersections, s ∩ t equals t ∩ s.
",💥️unexpected identifier; expected command,False,60,MIL.C04_Sets_and_Functions.solutions.Solutions_S01_Sets,Qwen-7B-long,LENGTH,best_of_n,False,0,-1.0,CH04.t3,False
-1,False,0,"theorem t3 : s ∩ t = t ∩ s :=
    Subset.antisymm
    (fun x ⟨xs, xt⟩ ↦ ⟨xt, xs⟩) fun x ⟨xt, xs⟩ ↦ ⟨xs, xt⟩

",,True,-1,"theorem t3 : s ∩ t = t ∩ s :=
  Set.eq_of_forall (fun _ ↦ t.2) (fun _ ↦ s.2) fun tA tB ↦ (s.2 tA).1 A_spec
    ((t.2 s).1 (A_spec t).2) (s.2 (t.2 s).1 (A_spec t).2)]
",💥️unknown constant 'Set.eq_of_forall',False,60,MIL.C04_Sets_and_Functions.solutions.Solutions_S01_Sets,Qwen-7B-long,LENGTH,best_of_n,False,0,-1.0,CH04.t3,False
-1,False,0,"theorem t3 : s ∩ t = t ∩ s :=
    Subset.antisymm
    (fun x ⟨xs, xt⟩ ↦ ⟨xt, xs⟩) fun x ⟨xt, xs⟩ ↦ ⟨xs, xt⟩

",,True,-1,"theorem t3 : s ∩ t = t ∩ s := by
  apply Subset.antisymm
  apply fun x ⟨xs, xt⟩ ↦ ⟨xt, xs⟩
  apply fun x ⟨xt, xs⟩ ↦ ⟨xs, xt⟩
","💥️invalid constructor ⟨...⟩, expected type must be an inductive type 
  ?m.663 x

💥️invalid constructor ⟨...⟩, expected type must be an inductive type 
  ?m.712 x

💥️unsolved goals
case h₁.x.x
α : Type u_1
s t : Set α
⊢ ?m.704

α : Type u_1
s t : Set α
⊢ Sort ?u.703

α : Type u_1
s t : Set α
⊢ ?m.704 → Sort ?u.706

case h₁.x
α : Type u_1
s t : Set α
⊢ ?m.712 ?h₁.x.x

case h₂
α : Type u_1
s t : Set α
⊢ t ∩ s ⊆ s ∩ t",False,60,MIL.C04_Sets_and_Functions.solutions.Solutions_S01_Sets,Qwen-7B-long,LENGTH,best_of_n,False,0,-1.0,CH04.t3,False
-1,False,0,"theorem t3 : s ∩ t = t ∩ s :=
    Subset.antisymm
    (fun x ⟨xs, xt⟩ ↦ ⟨xt, xs⟩) fun x ⟨xt, xs⟩ ↦ ⟨xs, xt⟩

",,True,-1,#align list.set誓,💥️unexpected token '#'; expected command,False,60,MIL.C04_Sets_and_Functions.solutions.Solutions_S01_Sets,Qwen-7B-long,LENGTH,best_of_n,False,0,-1.0,CH04.t3,False
-1,False,0,"theorem t3 : s ∩ t = t ∩ s :=
    Subset.antisymm
    (fun x ⟨xs, xt⟩ ↦ ⟨xt, xs⟩) fun x ⟨xt, xs⟩ ↦ ⟨xs, xt⟩

",,True,0,"theorem t3 : s ∩ t = t ∩ s :=
    Subset.antisymm (fun x ⟨xs, xt⟩ ↦ ⟨xt, xs⟩) fun x ⟨xt, xs⟩ ↦ ⟨xs, xt⟩
",,True,60,MIL.C04_Sets_and_Functions.solutions.Solutions_S01_Sets,Qwen-7B-long,LENGTH,best_of_n,False,0,-1.0,CH04.t3,False
-1,False,0,"theorem t3 : s ∩ t = t ∩ s :=
    Subset.antisymm
    (fun x ⟨xs, xt⟩ ↦ ⟨xt, xs⟩) fun x ⟨xt, xs⟩ ↦ ⟨xs, xt⟩

",,True,-1,"theorem t3 : s ∩ t = t ∩ s := by simpa [Set.ext_iff, forall_comm]
  using congrArg Set.Nonempty (t3_inter错) (t3_sup0 t3_inf0)
","💥️tactic 'simp' failed, nested error:
maximum recursion depth has been reached
use `set_option maxRecDepth <num>` to increase limit
use `set_option diagnostics true` to get diagnostic information",False,60,MIL.C04_Sets_and_Functions.solutions.Solutions_S01_Sets,Qwen-7B-long,LENGTH,best_of_n,False,0,-1.0,CH04.t3,False
-1,False,0,"theorem t3 : s ∩ t = t ∩ s :=
    Subset.antisymm
    (fun x ⟨xs, xt⟩ ↦ ⟨xt, xs⟩) fun x ⟨xt, xs⟩ ↦ ⟨xs, xt⟩

",,True,-1,"#align list.mapListOn.indexAt List.mapListOn.indexAt

theorem t3 : s ∩ t = t ∩ s :=
  congrArg Set.Nonempty s.setSubequal_iff.2 tsetNonempty (tsetNonempty.symm := tsetNonempty)
  (fun _ ⟨a, b⟩ ↦ (Set.DirectSum.exists_in r).since (b ▸ a))
  (tsetNonempty.symm := tsetNonempty) (s.setSubequal_iff.2 tsetNonempty)
","💥️unexpected token '#'; expected command

💥️argument 'tsetNonempty.symm' was already set",False,60,MIL.C04_Sets_and_Functions.solutions.Solutions_S01_Sets,Qwen-7B-long,LENGTH,best_of_n,False,0,-1.0,CH04.t3,False
-1,False,0,"theorem t3 : s ∩ t = t ∩ s :=
    Subset.antisymm
    (fun x ⟨xs, xt⟩ ↦ ⟨xt, xs⟩) fun x ⟨xt, xs⟩ ↦ ⟨xs, xt⟩

",,True,-1,"theorem t3 : s ∩ t = t ∩ s :=
    antisymm (fun x ⟨xs, xt⟩ ↦ ⟨xt, xs⟩) (fun x ⟨xt, xs⟩ ↦ ⟨xs, xt⟩)
","💥️invalid constructor ⟨...⟩, expected type must be an inductive type 
  ?m.680 x

💥️invalid constructor ⟨...⟩, expected type must be an inductive type 
  ?m.716 x

💥️application type mismatch
  antisymm ?m.706 fun x x_1 => ?m.715
argument
  fun x x_1 => ?m.715
has type
  (x : ?m.708) → (x_1 : ?m.716 x) → ?m.717 x x_1 : Sort (imax ?u.707 ?u.710 ?u.713)
but is expected to have type
  ?m.639 (t ∩ s) (s ∩ t) : Prop",False,60,MIL.C04_Sets_and_Functions.solutions.Solutions_S01_Sets,Qwen-7B-long,LENGTH,best_of_n,False,0,-1.0,CH04.t3,False
-1,False,0,"theorem t3 : s ∩ t = t ∩ s :=
    Subset.antisymm
    (fun x ⟨xs, xt⟩ ↦ ⟨xt, xs⟩) fun x ⟨xt, xs⟩ ↦ ⟨xs, xt⟩

",,True,-1,"theorem t3 : s ∩ t = t ∩ s :=
  (Set.anti (fun _ _ ↦ Subset.antisymm _ _)).symm


",💥️unknown constant 'Set.anti',False,60,MIL.C04_Sets_and_Functions.solutions.Solutions_S01_Sets,Qwen-7B-long,LENGTH,best_of_n,False,0,-1.0,CH04.t3,False
-1,False,0,"theorem t3 : s ∩ t = t ∩ s :=
    Subset.antisymm
    (fun x ⟨xs, xt⟩ ↦ ⟨xt, xs⟩) fun x ⟨xt, xs⟩ ↦ ⟨xs, xt⟩

",,True,0,"theorem t3 : s ∩ t = t ∩ s :=
    Subset.antisymm (fun _ ⟨xs, xt⟩ ↦ ⟨xt, xs⟩) (fun _ ⟨xt, xs⟩ ↦ ⟨xs, xt⟩)

",,True,60,MIL.C04_Sets_and_Functions.solutions.Solutions_S01_Sets,Qwen-7B-long,LENGTH,best_of_n,False,0,-1.0,CH04.t3,False
-1,False,0,"theorem t3 : s ∩ t = t ∩ s :=
    Subset.antisymm
    (fun x ⟨xs, xt⟩ ↦ ⟨xt, xs⟩) fun x ⟨xt, xs⟩ ↦ ⟨xs, xt⟩

",,True,-1,"theorem t3 : s ∩ t = t ∩ s *means* that the functions are {�} -symm by comm䍨ience between {�} and {�} -symm
",💥️expected token,False,60,MIL.C04_Sets_and_Functions.solutions.Solutions_S01_Sets,Qwen-7B-long,LENGTH,best_of_n,False,0,-1.0,CH04.t3,False
-1,False,0,"theorem t3 : s ∩ t = t ∩ s :=
    Subset.antisymm
    (fun x ⟨xs, xt⟩ ↦ ⟨xt, xs⟩) fun x ⟨xt, xs⟩ ↦ ⟨xs, xt⟩

",,True,-1,"theorem t3 : s ∩ t = t ∩ s :=
    (Set.ext (fun x ↦ (t ∩ s).obtained_iff).symm⟩ fun x ↦ and_comm t s)
","💥️unexpected token '⟩'; expected ')', ',' or ':'",False,60,MIL.C04_Sets_and_Functions.solutions.Solutions_S01_Sets,Qwen-7B-long,LENGTH,best_of_n,False,0,-1.0,CH04.t3,False
-1,False,0,"theorem t3 : s ∩ t = t ∩ s :=
    Subset.antisymm
    (fun x ⟨xs, xt⟩ ↦ ⟨xt, xs⟩) fun x ⟨xt, xs⟩ ↦ ⟨xs, xt⟩

",,True,-1,"theorem t3 : s ∩ t = t ∩ s :=
    (eq_of_forall_ge_iff fun _ ↦ by
      simp [.gifst_of_exists (this n.2 s t)]
      ) n.1 s t
","💥️function expected at
  eq_of_forall_ge_iff fun x => ?m.645
term has type
  ?m.640 = ?m.641

💥️invalid dotted identifier notation, expected type is not of the form (... → C ...) where C is a constant
  ?m.1252

💥️simp made no progress",False,60,MIL.C04_Sets_and_Functions.solutions.Solutions_S01_Sets,Qwen-7B-long,LENGTH,best_of_n,False,0,-1.0,CH04.t3,False
-1,False,0,"theorem t3 : s ∩ t = t ∩ s :=
    Subset.antisymm
    (fun x ⟨xs, xt⟩ ↦ ⟨xt, xs⟩) fun x ⟨xt, xs⟩ ↦ ⟨xs, xt⟩

",,True,-1,"theorem t3 : s ∩ t = t ∩ s := by
  simpa using Subset.antisymm (fun _ ⟨xs, xt⟩ ↦ ⟨xt, xs⟩) (fun _ ⟨xt, xs⟩ ↦ ⟨xs, xt⟩)
","💥️invalid constructor ⟨...⟩, expected type must be an inductive type 
  ?m.748 x✝¹

💥️invalid constructor ⟨...⟩, expected type must be an inductive type 
  ?m.749 x✝¹",False,60,MIL.C04_Sets_and_Functions.solutions.Solutions_S01_Sets,Qwen-7B-long,LENGTH,best_of_n,False,0,-1.0,CH04.t3,False
-1,False,0,"theorem t3 : s ∩ t = t ∩ s :=
    Subset.antisymm
    (fun x ⟨xs, xt⟩ ↦ ⟨xt, xs⟩) fun x ⟨xt, xs⟩ ↦ ⟨xs, xt⟩

",,True,-1,"theorem t3 : s ∩ t = t ∩ s :=
    Set.ext (fun _ ⟨xs, xt⟩ ↦ ⟨xt, xs⟩) (fun _ ⟨xt, xs⟩ ↦ ⟨xs, xt⟩)
","💥️application type mismatch
  ext fun x x_1 => ?m.649
argument
  fun x x_1 => ?m.649
has type
  (x : ?m.638) → (x_1 : ?m.650 x) → ?m.651 x x_1 : Sort (imax (?u.637 + 1) ?u.644 ?u.647)
but is expected to have type
  ∀ (x : ?m.638), x ∈ ?m.639 ↔ x ∈ ?m.640 : Prop

💥️invalid constructor ⟨...⟩, expected type must be an inductive type 
  ?m.650 x✝¹",False,60,MIL.C04_Sets_and_Functions.solutions.Solutions_S01_Sets,Qwen-7B-long,LENGTH,best_of_n,False,0,-1.0,CH04.t3,False
-1,False,0,"theorem t3 : s ∩ t = t ∩ s :=
    Subset.antisymm
    (fun x ⟨xs, xt⟩ ↦ ⟨xt, xs⟩) fun x ⟨xt, xs⟩ ↦ ⟨xs, xt⟩

",,True,-1,"theorem t3 : s ∩ t = t ∩ s := by
  simp only [subset_antisymm, subset_inf_le, inf_comm]
","💥️unknown identifier 'subset_inf_le'

💥️failed to synthesize
  IsAntisymm (({α : Type u_1} → [self : Inter α] → α → α → α) → ({α : Type u_1} → [self : Inter α] → α → α → α) → Prop)
    fun x1 x2 => x1 ⊆ x2
(deterministic) timeout at `typeclass`, maximum number of heartbeats (20000) has been reached
Use `set_option synthInstance.maxHeartbeats <num>` to set the limit.
Additional diagnostic information may be available using the `set_option diagnostics true` command.
Additional diagnostic information may be available using the `set_option diagnostics true` command.",False,60,MIL.C04_Sets_and_Functions.solutions.Solutions_S01_Sets,Qwen-7B-long,LENGTH,best_of_n,False,0,-1.0,CH04.t3,False
-1,False,0,"theorem t3 : s ∩ t = t ∩ s :=
    Subset.antisymm
    (fun x ⟨xs, xt⟩ ↦ ⟨xt, xs⟩) fun x ⟨xt, xs⟩ ↦ ⟨xs, xt⟩

",,True,-1,"theorem t3 : s ∩ t = t ∩ s := by
  apply Subset.antisymm <;>
  apply Subset.trans <;>
  apply Subset.mk_subset <;>
  simp [and_comm]
","💥️invalid field notation, type is not of the form (C ...) where C is a constant
  Subset
has type
  ?m.701 → ?m.701 → Prop

💥️invalid field notation, type is not of the form (C ...) where C is a constant
  Subset
has type
  ?m.744 → ?m.744 → Prop

💥️invalid field notation, type is not of the form (C ...) where C is a constant
  Subset
has type
  ?m.787 → ?m.787 → Prop

💥️invalid field notation, type is not of the form (C ...) where C is a constant
  Subset
has type
  ?m.830 → ?m.830 → Prop

💥️invalid field notation, type is not of the form (C ...) where C is a constant
  Subset
has type
  ?m.873 → ?m.873 → Prop

💥️invalid field notation, type is not of the form (C ...) where C is a constant
  Subset
has type
  ?m.916 → ?m.916 → Prop",False,60,MIL.C04_Sets_and_Functions.solutions.Solutions_S01_Sets,Qwen-7B-long,LENGTH,best_of_n,False,0,-1.0,CH04.t3,False
-1,False,0,"theorem t3 : s ∩ t = t ∩ s :=
    Subset.antisymm
    (fun x ⟨xs, xt⟩ ↦ ⟨xt, xs⟩) fun x ⟨xt, xs⟩ ↦ ⟨xs, xt⟩

",,True,-1,"theorem t3 : s ∩ t = t ∩ s :=
  (subset交集.mp t.2).antisymm <|
    (subset交集.mp s.2).antisymm <|
      congrArg _ <| fun _ ↦ t.1 <lt> s.1
",💥️expected token,False,60,MIL.C04_Sets_and_Functions.solutions.Solutions_S01_Sets,Qwen-7B-long,LENGTH,best_of_n,False,0,-1.0,CH04.t3,False
-1,False,0,"theorem t3 : s ∩ t = t ∩ s :=
    Subset.antisymm
    (fun x ⟨xs, xt⟩ ↦ ⟨xt, xs⟩) fun x ⟨xt, xs⟩ ↦ ⟨xs, xt⟩

",,True,3,"theorem t3 : s ∩ t = t ∩ s := by
  apply Subset.antisymm <;> aesop
",,True,60,MIL.C04_Sets_and_Functions.solutions.Solutions_S01_Sets,Qwen-7B-long,LENGTH,best_of_n,False,0,-1.0,CH04.t3,False
-1,False,0,"theorem t3 : s ∩ t = t ∩ s :=
    Subset.antisymm
    (fun x ⟨xs, xt⟩ ↦ ⟨xt, xs⟩) fun x ⟨xt, xs⟩ ↦ ⟨xs, xt⟩

",,True,-1,"theorem t3 : s ∩ t = t ∩ s := by
  simpa [and_comm]
","💥️tactic 'assumption' failed
α : Type u_1
s t : Set α
⊢ s ∩ t = t ∩ s",False,60,MIL.C04_Sets_and_Functions.solutions.Solutions_S01_Sets,Qwen-7B-long,LENGTH,best_of_n,False,0,-1.0,CH04.t3,False
-1,False,0,"theorem t3 : s ∩ t = t ∩ s :=
    Subset.antisymm
    (fun x ⟨xs, xt⟩ ↦ ⟨xt, xs⟩) fun x ⟨xt, xs⟩ ↦ ⟨xs, xt⟩

",,True,-1,"theorem t3 : s ∩ t = t ∩ s := by
  antisymm
  · simp_rw [Int founders] at *
  · simp_rw [Int founderst] at *
","💥️unknown tactic

💥️unsolved goals
α : Type u_1
s t : Set α
⊢ s ∩ t = t ∩ s",False,60,MIL.C04_Sets_and_Functions.solutions.Solutions_S01_Sets,Qwen-7B-long,LENGTH,best_of_n,False,0,-1.0,CH04.t3,False
-1,False,0,"theorem t3 : s ∩ t = t ∩ s :=
    Subset.antisymm
    (fun x ⟨xs, xt⟩ ↦ ⟨xt, xs⟩) fun x ⟨xt, xs⟩ ↦ ⟨xs, xt⟩

",,True,-1," understand the importance of associativity in classical logic.
- Ability to restructure work to optimize performance and readability.
- Familiarity with resources and techniques in automated theorem proving, specifically in Isabelle/HOL.
- Prepare for more complex proofs by becoming comfortable with these foundational lemmas.


#align t3 t3.commutativity","💥️unexpected identifier; expected command

💥️unexpected token ','; expected ':'",False,60,MIL.C04_Sets_and_Functions.solutions.Solutions_S01_Sets,Qwen-7B-long,LENGTH,best_of_n,False,0,-1.0,CH04.t3,False
-1,False,0,"theorem t3 : s ∩ t = t ∩ s :=
    Subset.antisymm
    (fun x ⟨xs, xt⟩ ↦ ⟨xt, xs⟩) fun x ⟨xt, xs⟩ ↦ ⟨xs, xt⟩

",,True,-1,"theorem t3 : s ∩ t = t ∩ s := by
  simp [subset_antisymm]
","💥️failed to synthesize
  IsAntisymm (({α : Type u_1} → [self : Inter α] → α → α → α) → ({α : Type u_1} → [self : Inter α] → α → α → α) → Prop)
    fun x1 x2 => x1 ⊆ x2
(deterministic) timeout at `typeclass`, maximum number of heartbeats (20000) has been reached
Use `set_option synthInstance.maxHeartbeats <num>` to set the limit.
Additional diagnostic information may be available using the `set_option diagnostics true` command.
Additional diagnostic information may be available using the `set_option diagnostics true` command.",False,60,MIL.C04_Sets_and_Functions.solutions.Solutions_S01_Sets,Qwen-7B-long,LENGTH,best_of_n,False,0,-1.0,CH04.t3,False
-1,False,0,"theorem t3 : s ∩ t = t ∩ s :=
    Subset.antisymm
    (fun x ⟨xs, xt⟩ ↦ ⟨xt, xs⟩) fun x ⟨xt, xs⟩ ↦ ⟨xs, xt⟩

",,True,0,"theorem t3 : s ∩ t = t ∩ s :=
    Subset.antisymm
    (fun x ⟨xs, xt⟩ ↦ ⟨xt, xs⟩) fun x ⟨xt, xs⟩ ↦ ⟨xs, xt⟩


",,True,60,MIL.C04_Sets_and_Functions.solutions.Solutions_S01_Sets,Qwen-7B-long,LENGTH,best_of_n,False,0,-1.0,CH04.t3,False
-1,False,0,"theorem t3 : s ∩ t = t ∩ s :=
    Subset.antisymm
    (fun x ⟨xs, xt⟩ ↦ ⟨xt, xs⟩) fun x ⟨xt, xs⟩ ↦ ⟨xs, xt⟩

",,True,-1,"theorem t3 : s ∩ t = t ∩ s :=
    (Monotone.map_inf_le (fun _ _ ↦ eq_comm) s t).antisymm <|
      (Monotone.map_inf_le (fun _ _ ↦ eq_comm) t s).antisymm

","💥️type mismatch
  eq_comm
has type
  ?m.652 = ?m.653 ↔ ?m.653 = ?m.652 : Prop
but is expected to have type
  x✝¹ ≤ x✝ → ?m.643 x✝¹ ≤ ?m.643 x✝ : Prop

💥️type mismatch
  eq_comm
has type
  ?m.1587 = ?m.1588 ↔ ?m.1588 = ?m.1587 : Prop
but is expected to have type
  x✝¹ ≤ x✝ → ?m.1578 x✝¹ ≤ ?m.1578 x✝ : Prop",False,60,MIL.C04_Sets_and_Functions.solutions.Solutions_S01_Sets,Qwen-7B-long,LENGTH,best_of_n,False,0,-1.0,CH04.t3,False
-1,False,0,"theorem t3 : s ∩ t = t ∩ s :=
    Subset.antisymm
    (fun x ⟨xs, xt⟩ ↦ ⟨xt, xs⟩) fun x ⟨xt, xs⟩ ↦ ⟨xs, xt⟩

",,True,-1,"#align t3 t3

theorem t3 : s ∩ t = t ∩ s := by
  apply Subset.antisymm
    (fun x ⟨xs, xt⟩ ↦ ⟨xt, xs⟩) fun x ⟨xt, xs⟩ ↦ ⟨xs, xt⟩
","💥️unexpected token '#'; expected command

💥️invalid constructor ⟨...⟩, expected type must be an inductive type 
  ?m.640 x

💥️invalid constructor ⟨...⟩, expected type must be an inductive type 
  ?m.641 x",False,60,MIL.C04_Sets_and_Functions.solutions.Solutions_S01_Sets,Qwen-7B-long,LENGTH,best_of_n,False,0,-1.0,CH04.t3,False
-1,False,0,"theorem t3 : s ∩ t = t ∩ s :=
    Subset.antisymm
    (fun x ⟨xs, xt⟩ ↦ ⟨xt, xs⟩) fun x ⟨xt, xs⟩ ↦ ⟨xs, xt⟩

",,True,-1,"theorem t3 : s ∩ t = t ∩ s :=
    (Set.ext fun x ↦ iff.rfl)

",💥️unknown identifier 'iff.rfl',False,60,MIL.C04_Sets_and_Functions.solutions.Solutions_S01_Sets,Qwen-7B-long,LENGTH,best_of_n,False,0,-1.0,CH04.t3,False
-1,False,0,"theorem t3 : s ∩ t = t ∩ s :=
    Subset.antisymm
    (fun x ⟨xs, xt⟩ ↦ ⟨xt, xs⟩) fun x ⟨xt, xs⟩ ↦ ⟨xs, xt⟩

",,True,-1,"theorem t3 : s ∩ t = t ∩ s :=
    (config := {ex : s ∩ t, ey : t ∩ s, hx := Subset.antisymm (fun x ⟨xs, xt⟩ ↦ ⟨xt, xs⟩)
      fun x ⟨xt, xs⟩ ↦ ⟨xs, xt⟩})
    .antisymm hx


","💥️unexpected token ':='; expected ')', ',' or ':'",False,60,MIL.C04_Sets_and_Functions.solutions.Solutions_S01_Sets,Qwen-7B-long,LENGTH,best_of_n,False,0,-1.0,CH04.t3,False
-1,False,0,"theorem t3 : s ∩ t = t ∩ s :=
    Subset.antisymm
    (fun x ⟨xs, xt⟩ ↦ ⟨xt, xs⟩) fun x ⟨xt, xs⟩ ↦ ⟨xs, xt⟩

",,True,-1,"theorem t3 (s t : Set α) : s ∩ t = t ∩ s := by
  simpa using Subset.antisymm (fun x ⟨xs, xt⟩ ↦ ⟨xt, xs⟩) (fun x ⟨xt, xs⟩ ↦ ⟨xs, xt⟩)
","💥️invalid constructor ⟨...⟩, expected type must be an inductive type 
  ?m.756 x

💥️invalid constructor ⟨...⟩, expected type must be an inductive type 
  ?m.757 x",False,60,MIL.C04_Sets_and_Functions.solutions.Solutions_S01_Sets,Qwen-7B-long,LENGTH,best_of_n,False,0,-1.0,CH04.t3,False
-1,False,0,"theorem t3 : s ∩ t = t ∩ s :=
    Subset.antisymm
    (fun x ⟨xs, xt⟩ ↦ ⟨xt, xs⟩) fun x ⟨xt, xs⟩ ↦ ⟨xs, xt⟩

",,True,-1,"theorem t3 : s ∩ t = t ∩ s := by apply Subset.antisymm (fun _ ⟨xs, xt⟩ ↦ ⟨xt, xs⟩) fun _ ⟨xt, xs⟩ ↦ ⟨xs, xt⟩
","💥️invalid constructor ⟨...⟩, expected type must be an inductive type 
  ?m.640 x✝¹

💥️invalid constructor ⟨...⟩, expected type must be an inductive type 
  ?m.641 x✝¹",False,60,MIL.C04_Sets_and_Functions.solutions.Solutions_S01_Sets,Qwen-7B-long,LENGTH,best_of_n,False,0,-1.0,CH04.t3,False
-1,False,0,"theorem t3 : s ∩ t = t ∩ s :=
    Subset.antisymm
    (fun x ⟨xs, xt⟩ ↦ ⟨xt, xs⟩) fun x ⟨xt, xs⟩ ↦ ⟨xs, xt⟩

",,True,-1,"theorem t3 : s ∩ t = t ∩ s :=
    (Set.ext_iff_comm s t).symm

-- t3 : s ∩ t = t ∩ s
",💥️unknown constant 'Set.ext_iff_comm',False,60,MIL.C04_Sets_and_Functions.solutions.Solutions_S01_Sets,Qwen-7B-long,LENGTH,best_of_n,False,0,-1.0,CH04.t3,False
-1,False,0,"theorem t3 : s ∩ t = t ∩ s :=
    Subset.antisymm
    (fun x ⟨xs, xt⟩ ↦ ⟨xt, xs⟩) fun x ⟨xt, xs⟩ ↦ ⟨xs, xt⟩

",,True,-1,"theorem t3 : s ∩ t = t ∩ s :=
    functools.symm_apply_eq t3_iff
",💥️unknown identifier 'functools.symm_apply_eq',False,60,MIL.C04_Sets_and_Functions.solutions.Solutions_S01_Sets,Qwen-7B-long,LENGTH,best_of_n,False,0,-1.0,CH04.t3,False
-1,False,0,"theorem t3 : s ∩ t = t ∩ s :=
    Subset.antisymm
    (fun x ⟨xs, xt⟩ ↦ ⟨xt, xs⟩) fun x ⟨xt, xs⟩ ↦ ⟨xs, xt⟩

",,True,-1,"theorem t3 : s ∩ t = t ∩ s :=
    Set.ext (fun x => Iff.trans (Iff.of_eq <| congrArg _ s t) <| congrArg _ t s)

-- or

theorem t3 : s ∩ t = t ∩ s :=
    set.ext (fun _ hi x hxs xht ↦ Iff.trans (Iff.of_eq <| congrArg _ s t) <| congrArg _ t s)

-- or

theorem t3 : s ∩ t = t ∩ s :=
    Set.symm_diff_eq (symm_diff_eq_comm s t)

-- or

theorem t3 : s ∩ t = t ∩ s :=
    congrArg Set.Nonempty s.anti _ (t.anti _ <| congrArg Set.Nonempty s)

-- or

theorem t3 : s ∩ t = t ∩ s :=
    congrArg Set.Nonempty s.anti _ (t.anti _ <| congrArg Set.Nonempty s)
","💥️application type mismatch
  congrArg ?m.661 s
argument
  s
has type
  Set α : Type u_1
but is expected to have type
  ?m.659 = ?m.660 : Prop

💥️application type mismatch
  congrArg ?m.1133 t
argument
  t
has type
  Set α : Type u_1
but is expected to have type
  ?m.1131 = ?m.1132 : Prop",False,60,MIL.C04_Sets_and_Functions.solutions.Solutions_S01_Sets,Qwen-7B-long,LENGTH,best_of_n,False,0,-1.0,CH04.t3,False
-1,False,0,"theorem t3 : s ∩ t = t ∩ s :=
    Subset.antisymm
    (fun x ⟨xs, xt⟩ ↦ ⟨xt, xs⟩) fun x ⟨xt, xs⟩ ↦ ⟨xs, xt⟩

",,True,-1,"theorem t3 : s ∩ t = t ∩ s :=
    let ⟨x, h⟩ := (s ∩ t).get_of_mem (s ∩ t).get _
    t.2 h.2.2.symm


","💥️invalid field 'get_of_mem', the environment does not contain 'Set.get_of_mem'
  s ∩ t
has type
  Set α

💥️invalid field notation, type is not of the form (C ...) where C is a constant
  s ∩ t
has type
  α → Prop

💥️invalid constructor ⟨...⟩, expected type must be an inductive type 
  ?m.644",False,60,MIL.C04_Sets_and_Functions.solutions.Solutions_S01_Sets,Qwen-7B-long,LENGTH,best_of_n,False,0,-1.0,CH04.t3,False
-1,False,0,"theorem t3 : s ∩ t = t ∩ s :=
    Subset.antisymm
    (fun x ⟨xs, xt⟩ ↦ ⟨xt, xs⟩) fun x ⟨xt, xs⟩ ↦ ⟨xs, xt⟩

",,True,-1,"theorem t3 : s ∩ t = t ∩ s :=
    (Inf_le_iff.2 t).antisymm (fun _HN h => h.2) fun h ↦ h.2.not_ge t


",💥️unknown identifier 'Inf_le_iff',False,60,MIL.C04_Sets_and_Functions.solutions.Solutions_S01_Sets,Qwen-7B-long,LENGTH,best_of_n,False,0,-1.0,CH04.t3,False
-1,False,0,"theorem t3 : s ∩ t = t ∩ s :=
    Subset.antisymm
    (fun x ⟨xs, xt⟩ ↦ ⟨xt, xs⟩) fun x ⟨xt, xs⟩ ↦ ⟨xs, xt⟩

",,True,-1,"theorem t3 : s ∩ t = t ∩ s :=
    (Set.ext fun x ↦ (and_iff_left_comm _ _).symm).antisymm <|
      (fun x (h : x ∈ s ∩ t) ↦ h.2.1 t.1).lemma

","💥️invalid field 'antisymm', the environment does not contain 'Eq.antisymm'
  ext fun x => ?m.646
has type
  ?m.639 = ?m.640

💥️unknown identifier 'and_iff_left_comm'",False,60,MIL.C04_Sets_and_Functions.solutions.Solutions_S01_Sets,Qwen-7B-long,LENGTH,best_of_n,False,0,-1.0,CH04.t3,False
-1,False,0,"theorem t3 : s ∩ t = t ∩ s :=
    Subset.antisymm
    (fun x ⟨xs, xt⟩ ↦ ⟨xt, xs⟩) fun x ⟨xt, xs⟩ ↦ ⟨xs, xt⟩

",,True,-1,"theorem t3 : s ∩ t = t ∩ s :=
    antisymm_of_hasFormPrime ⟨fun _ ↦ rfl⟩,⟨fun _ ↦ rfl⟩

",💥️unknown identifier 'antisymm_of_hasFormPrime',False,60,MIL.C04_Sets_and_Functions.solutions.Solutions_S01_Sets,Qwen-7B-long,LENGTH,best_of_n,False,0,-1.0,CH04.t3,False
-1,False,0,"theorem t3 : s ∩ t = t ∩ s :=
    Subset.antisymm
    (fun x ⟨xs, xt⟩ ↦ ⟨xt, xs⟩) fun x ⟨xt, xs⟩ ↦ ⟨xs, xt⟩

",,True,-1,"theorem t3 : s ∩ t = t ∩ s :=
    (Eq.ofSubset <| by simpa [and_comm] using t3_anti.t3_2).symm


","💥️invalid field notation, type is not of the form (C ...) where C is a constant
  Eq
has type
  ?m.649 → ?m.649 → Prop",False,60,MIL.C04_Sets_and_Functions.solutions.Solutions_S01_Sets,Qwen-7B-long,LENGTH,best_of_n,False,0,-1.0,CH04.t3,False
-1,False,0,"theorem t3 : s ∩ t = t ∩ s :=
    Subset.antisymm
    (fun x ⟨xs, xt⟩ ↦ ⟨xt, xs⟩) fun x ⟨xt, xs⟩ ↦ ⟨xs, xt⟩

",,True,-1,"theorem t3 : s ∩ t = t ∩ s := by
  simpa [and_comm]
  using Subset.antisymm (fun x ⟨xs, xt⟩ ↦ ⟨xt, xs⟩) (fun x ⟨xt, xs⟩ ↦ ⟨xs, xt⟩)
","💥️invalid constructor ⟨...⟩, expected type must be an inductive type 
  ?m.762 x

💥️invalid constructor ⟨...⟩, expected type must be an inductive type 
  ?m.763 x",False,60,MIL.C04_Sets_and_Functions.solutions.Solutions_S01_Sets,Qwen-7B-long,LENGTH,best_of_n,False,0,-1.0,CH04.t3,False
-1,False,0,"theorem t3 : s ∩ t = t ∩ s :=
    Subset.antisymm
    (fun x ⟨xs, xt⟩ ↦ ⟨xt, xs⟩) fun x ⟨xt, xs⟩ ↦ ⟨xs, xt⟩

",,True,-1,"theorem t3 : s ∩ t = t ∩ s := by
  simpa using congrArg Set.singleton.2 (by simp [Set.singleton.1, Option.some.2])
","💥️invalid field notation, type is not of the form (C ...) where C is a constant
  Set.singleton
has type
  ?m.753 → Set ?m.753

💥️invalid field notation, type is not of the form (C ...) where C is a constant
  Set.singleton
has type
  ?m.824 → Set ?m.824

💥️invalid field notation, type is not of the form (C ...) where C is a constant
  some
has type
  ?m.829 → Option ?m.829

💥️simp made no progress",False,60,MIL.C04_Sets_and_Functions.solutions.Solutions_S01_Sets,Qwen-7B-long,LENGTH,best_of_n,False,0,-1.0,CH04.t3,False
-1,False,0,"theorem t3 : s ∩ t = t ∩ s :=
    Subset.antisymm
    (fun x ⟨xs, xt⟩ ↦ ⟨xt, xs⟩) fun x ⟨xt, xs⟩ ↦ ⟨xs, xt⟩

",,True,-1,"theorem t3 : s ∩ t = t ∩ s := by
  apply Subset.antisymm; aesop (add simp [intersection_assoc])
",💥️unknown identifier 'intersection_assoc',False,60,MIL.C04_Sets_and_Functions.solutions.Solutions_S01_Sets,Qwen-7B-long,LENGTH,best_of_n,False,0,-1.0,CH04.t3,False
-1,False,0,"theorem t3 : s ∩ t = t ∩ s :=
    Subset.antisymm
    (fun x ⟨xs, xt⟩ ↦ ⟨xt, xs⟩) fun x ⟨xt, xs⟩ ↦ ⟨xs, xt⟩

",,True,-1,"theorem t3 : s ∩ t = t ∩ s := by
  apply Subset.antisymm <;>
  simp_rw [← Subset.antisymm, Subset.1, Subset.2, inter_subset_left, inter_subset_right]
  simp_rw [← Product.ext_iff, imp_self, Article, and_true]
","💥️simp made no progress

💥️simp made no progress",False,60,MIL.C04_Sets_and_Functions.solutions.Solutions_S01_Sets,Qwen-7B-long,LENGTH,best_of_n,False,0,-1.0,CH04.t3,False
-1,False,0,"theorem t3 : s ∩ t = t ∩ s :=
    Subset.antisymm
    (fun x ⟨xs, xt⟩ ↦ ⟨xt, xs⟩) fun x ⟨xt, xs⟩ ↦ ⟨xs, xt⟩

",,True,-1,"theorem t3 : s ∩ t = t ∩ s := by
  simpa using eq_comm_of_subset_of_sup s t
",💥️unknown identifier 'eq_comm_of_subset_of_sup',False,60,MIL.C04_Sets_and_Functions.solutions.Solutions_S01_Sets,Qwen-7B-long,LENGTH,best_of_n,False,0,-1.0,CH04.t3,False
-1,False,0,"theorem t3 : s ∩ t = t ∩ s :=
    Subset.antisymm
    (fun x ⟨xs, xt⟩ ↦ ⟨xt, xs⟩) fun x ⟨xt, xs⟩ ↦ ⟨xs, xt⟩

",,True,-1,"theorem t3 : s ∩ t = t ∩ s :=
    (set.ext <| congrArg Subset.Nonempty (t.1.symm (s.1 ∩ t.1)) )
    (fun xs ↦ set.ext (t.1 ⟨xs, _⟩ ∩ s.1)
      (fun _ ⟨xs, xs'⟩ ↦ t.1 ⟨xs', xs⟩))
","💥️invalid field notation, type is not of the form (C ...) where C is a constant
  set
has type
  ?m.710 → ?m.711 PUnit.{?u.709 + 1}",False,60,MIL.C04_Sets_and_Functions.solutions.Solutions_S01_Sets,Qwen-7B-long,LENGTH,best_of_n,False,0,-1.0,CH04.t3,False
-1,False,0,"theorem t3 : s ∩ t = t ∩ s :=
    Subset.antisymm
    (fun x ⟨xs, xt⟩ ↦ ⟨xt, xs⟩) fun x ⟨xt, xs⟩ ↦ ⟨xs, xt⟩

",,True,-1,"theorem t3 : s ∩ t = t ∩ s :=
    (Set.antisymm.1 $ fun _ ⟨xs, xt⟩ ↦ ⟨xt, xs⟩).antisymm <|
      (Set.antisymm.1 $ fun _ ⟨xt, xs⟩ ↦ ⟨xs, xt⟩).antisymm


",💥️unknown constant 'Set.antisymm',False,60,MIL.C04_Sets_and_Functions.solutions.Solutions_S01_Sets,Qwen-7B-long,LENGTH,best_of_n,False,0,-1.0,CH04.t3,False
-1,False,0,"theorem t3 : s ∩ t = t ∩ s :=
    Subset.antisymm
    (fun x ⟨xs, xt⟩ ↦ ⟨xt, xs⟩) fun x ⟨xt, xs⟩ ↦ ⟨xs, xt⟩

",,True,-1,"theorem t3 : s ∩ t = t ∩ s :=
  (algequality ext (s ∩ _)) s t
",💥️unknown identifier 'algequality',False,60,MIL.C04_Sets_and_Functions.solutions.Solutions_S01_Sets,Qwen-7B-long,LENGTH,best_of_n,False,0,-1.0,CH04.t3,False
-1,False,0,"theorem t3 : s ∩ t = t ∩ s :=
    Subset.antisymm
    (fun x ⟨xs, xt⟩ ↦ ⟨xt, xs⟩) fun x ⟨xt, xs⟩ ↦ ⟨xs, xt⟩

",,True,-1,"theorem t3 : s ∩ t = t ∩ s :=
    (Set.inclusionswap s t).symm

",💥️unknown constant 'Set.inclusionswap',False,60,MIL.C04_Sets_and_Functions.solutions.Solutions_S01_Sets,Qwen-7B-long,LENGTH,best_of_n,False,0,-1.0,CH04.t3,False
-1,False,0,"theorem t3 : s ∩ t = t ∩ s :=
    Subset.antisymm
    (fun x ⟨xs, xt⟩ ↦ ⟨xt, xs⟩) fun x ⟨xt, xs⟩ ↦ ⟨xs, xt⟩

",,True,-1,"theorem t3 : s ∩ t = t ∩ s :=
    Set.ext
      fun x ↦ by simp_rw [Int.lt_inf_iff_right, gt_inf_iff_left]
","💥️unknown constant 'Int.lt_inf_iff_right'

💥️simp made no progress",False,60,MIL.C04_Sets_and_Functions.solutions.Solutions_S01_Sets,Qwen-7B-long,LENGTH,best_of_n,False,0,-1.0,CH04.t3,False
-1,False,0,"theorem t3 : s ∩ t = t ∩ s :=
    Subset.antisymm
    (fun x ⟨xs, xt⟩ ↦ ⟨xt, xs⟩) fun x ⟨xt, xs⟩ ↦ ⟨xs, xt⟩

",,True,0,"theorem t3 : s ∩ t = t ∩ s :=
    Subset.antisymm (fun x ⟨xs, xt⟩ ↦ ⟨xt, xs⟩) (fun x ⟨xt, xs⟩ ↦ ⟨xs, xt⟩)
",,True,60,MIL.C04_Sets_and_Functions.solutions.Solutions_S01_Sets,Qwen-7B-long,LENGTH,best_of_n,False,0,-1.0,CH04.t3,False
-1,False,0,"theorem t3 : s ∩ t = t ∩ s :=
    Subset.antisymm
    (fun x ⟨xs, xt⟩ ↦ ⟨xt, xs⟩) fun x ⟨xt, xs⟩ ↦ ⟨xs, xt⟩

",,True,-1,"theorem t3 : s ∩ t = t ∩ s :=
    antisymm (fun x ⟨xs, xt⟩ ↦ ⟨xt, xs⟩) (fun x ⟨xt, xs⟩ ↦ ⟨xs, xt⟩)
","💥️invalid constructor ⟨...⟩, expected type must be an inductive type 
  ?m.680 x

💥️invalid constructor ⟨...⟩, expected type must be an inductive type 
  ?m.716 x

💥️application type mismatch
  antisymm ?m.706 fun x x_1 => ?m.715
argument
  fun x x_1 => ?m.715
has type
  (x : ?m.708) → (x_1 : ?m.716 x) → ?m.717 x x_1 : Sort (imax ?u.707 ?u.710 ?u.713)
but is expected to have type
  ?m.639 (t ∩ s) (s ∩ t) : Prop",False,60,MIL.C04_Sets_and_Functions.solutions.Solutions_S01_Sets,Qwen-7B-long,LENGTH,best_of_n,False,0,-1.0,CH04.t3,False
-1,False,0,"theorem t3 : s ∩ t = t ∩ s :=
    Subset.antisymm
    (fun x ⟨xs, xt⟩ ↦ ⟨xt, xs⟩) fun x ⟨xt, xs⟩ ↦ ⟨xs, xt⟩

",,True,-1,"theorem t3 {s t : Set α} : s ∩ t = t ∩ s := by
  apply Subset.antisymm
  apply (fun x ⟨xs, xt⟩ ↦ ⟨xt, xs⟩).symm
  apply (fun x ⟨xt, xs⟩ ↦ ⟨xs, xt⟩).symm
","💥️invalid field notation, type is not of the form (C ...) where C is a constant
  fun x x_1 => ?m.670
has type
  (x : ?m.663) → (x_1 : ?m.671 x) → ?m.672 x x_1

💥️invalid constructor ⟨...⟩, expected type must be an inductive type 
  ?m.671 x

💥️invalid field notation, type is not of the form (C ...) where C is a constant
  fun x x_1 => ?m.698
has type
  (x : ?m.691) → (x_1 : ?m.699 x) → ?m.700 x x_1

💥️invalid constructor ⟨...⟩, expected type must be an inductive type 
  ?m.699 x",False,60,MIL.C04_Sets_and_Functions.solutions.Solutions_S01_Sets,Qwen-7B-long,LENGTH,best_of_n,False,0,-1.0,CH04.t3,False
-1,False,0,"theorem t3 : s ∩ t = t ∩ s :=
    Subset.antisymm
    (fun x ⟨xs, xt⟩ ↦ ⟨xt, xs⟩) fun x ⟨xt, xs⟩ ↦ ⟨xs, xt⟩

",,True,-1,"theorem t3 : s ∩ t = t ∩ s :=
  Set.ext fun x ↦ by simp
","💥️unsolved goals
α : Type u_1
s t : Set α
x : α
⊢ x ∈ s ∧ x ∈ t ↔ x ∈ t ∧ x ∈ s",False,60,MIL.C04_Sets_and_Functions.solutions.Solutions_S01_Sets,Qwen-7B-long,LENGTH,best_of_n,False,0,-1.0,CH04.t3,False
-1,False,0,"theorem t3 : s ∩ t = t ∩ s :=
    Subset.antisymm
    (fun x ⟨xs, xt⟩ ↦ ⟨xt, xs⟩) fun x ⟨xt, xs⟩ ↦ ⟨xs, xt⟩

",,True,0,"theorem t3 : s ∩ t = t ∩ s := Subset.antisymm (fun _ ⟨xs, xt⟩ ↦ ⟨xt, xs⟩) (fun _ ⟨xt, xs⟩ ↦ ⟨xs, xt⟩)
",,True,60,MIL.C04_Sets_and_Functions.solutions.Solutions_S01_Sets,Qwen-7B-long,LENGTH,best_of_n,False,0,-1.0,CH04.t3,False
-1,False,0,"theorem t3 : s ∩ t = t ∩ s :=
    Subset.antisymm
    (fun x ⟨xs, xt⟩ ↦ ⟨xt, xs⟩) fun x ⟨xt, xs⟩ ↦ ⟨xs, xt⟩

",,True,-1,"theorem t3 : s ∩ t = t ∩ s :=
    (Equiv.prodComm _ _).unique <| Subset.antisymm (fun x ⟨xs, xt⟩ ↦ ⟨xt, xs⟩) _


","💥️function expected at
  (Equiv.prodComm ?m.639 ?m.640).unique
term has type
  Unique (?m.639 × ?m.640)",False,60,MIL.C04_Sets_and_Functions.solutions.Solutions_S01_Sets,Qwen-7B-long,LENGTH,best_of_n,False,0,-1.0,CH04.t3,False
-1,False,0,"theorem t3 : s ∩ t = t ∩ s :=
    Subset.antisymm
    (fun x ⟨xs, xt⟩ ↦ ⟨xt, xs⟩) fun x ⟨xt, xs⟩ ↦ ⟨xs, xt⟩

",,True,-1,"theorem t3 : s ∩ t = t ∩ s :=
    Set.ext Preorder.mk_inf s t fun _ ⟨a, b⟩ ↦ ⟨b, a⟩
",💥️unknown constant 'Preorder.mk_inf',False,60,MIL.C04_Sets_and_Functions.solutions.Solutions_S01_Sets,Qwen-7B-long,LENGTH,best_of_n,False,0,-1.0,CH04.t3,False
-1,False,0,"theorem t3 : s ∩ t = t ∩ s :=
    Subset.antisymm
    (fun x ⟨xs, xt⟩ ↦ ⟨xt, xs⟩) fun x ⟨xt, xs⟩ ↦ ⟨xs, xt⟩

",,True,-1,"theorem t3 : s ∩ t = t ∩ s :=
  (Intersection_eq_iff.2 t).symm


",💥️unknown identifier 'Intersection_eq_iff',False,60,MIL.C04_Sets_and_Functions.solutions.Solutions_S01_Sets,Qwen-7B-long,LENGTH,best_of_n,False,0,-1.0,CH04.t3,False
-1,False,0,"theorem t3 : s ∩ t = t ∩ s :=
    Subset.antisymm
    (fun x ⟨xs, xt⟩ ↦ ⟨xt, xs⟩) fun x ⟨xt, xs⟩ ↦ ⟨xs, xt⟩

",,True,-1,"theorem t3 : s ∩ t = t ∩ s :=
    Set.ext (fun _ x h => by simpa [and_comm] using h)

","💥️application type mismatch
  ext fun x x_1 h => ?m.656
argument
  fun x x_1 h => ?m.656
has type
  (x : α) → (x_1 : ?m.657 x) → (h : ?m.658 x x_1) → ?m.659 x x_1 h : Sort (imax (u_1 + 1) ?u.648 ?u.651 ?u.654)
but is expected to have type
  ∀ (x : α), x ∈ s ∩ t ↔ x ∈ t ∩ s : Prop",False,60,MIL.C04_Sets_and_Functions.solutions.Solutions_S01_Sets,Qwen-7B-long,LENGTH,best_of_n,False,0,-1.0,CH04.t3,False
-1,False,0,"theorem t3 : s ∩ t = t ∩ s :=
    Subset.antisymm
    (fun x ⟨xs, xt⟩ ↦ ⟨xt, xs⟩) fun x ⟨xt, xs⟩ ↦ ⟨xs, xt⟩

",,True,-1,"theorem t3 : s ∩ t = t ∩ s := exprComm _ id _
",💥️unknown identifier 'exprComm',False,60,MIL.C04_Sets_and_Functions.solutions.Solutions_S01_Sets,Qwen-7B-long,LENGTH,best_of_n,False,0,-1.0,CH04.t3,False
-1,False,0,"theorem t3 : s ∩ t = t ∩ s :=
    Subset.antisymm
    (fun x ⟨xs, xt⟩ ↦ ⟨xt, xs⟩) fun x ⟨xt, xs⟩ ↦ ⟨xs, xt⟩

",,True,-1,"theorem t3 : s ∩ t = t ∩ s := by
  apply Subset.antisymm <;>
  intro x ⟨xs, xt⟩⟩ ↦ ⟨xt, xs⟩⟩ fun x ⟨xt, xs⟩⟩ ↦ ⟨xs, xt⟩⟩

","💥️unsolved goals
case h₁
α : Type u_1
s t : Set α
x : α
xs : x ∈ s
xt : x ∈ t
⊢ x ∈ t ∩ s

case h₂
α : Type u_1
s t : Set α
x : α
xs : x ∈ t
xt : x ∈ s
⊢ x ∈ s ∩ t",False,60,MIL.C04_Sets_and_Functions.solutions.Solutions_S01_Sets,Qwen-7B-long,LENGTH,best_of_n,False,0,-1.0,CH04.t3,False
-1,False,8,"theorem t4 : s ∩ (s ∪ t) = s := by
  ext x; constructor
  · rintro ⟨xs, _⟩
    exact xs
  · intro xs
    use xs; left; exact xs

",,True,-1,"theorem t4 : s ∩ (s ∪ t) = s := by
  ext
  ⟨$ Or.inr rfl, $ Or.inl rfl⟩
","💥️unsolved goals
case h
α : Type u_1
s t : Set α
x✝ : α
⊢ x✝ ∈ s ∩ (s ∪ t) ↔ x✝ ∈ s",False,60,MIL.C04_Sets_and_Functions.solutions.Solutions_S01_Sets,Qwen-7B-long,LENGTH,best_of_n,False,0,-1.0,CH04.t4,False
-1,False,8,"theorem t4 : s ∩ (s ∪ t) = s := by
  ext x; constructor
  · rintro ⟨xs, _⟩
    exact xs
  · intro xs
    use xs; left; exact xs

",,True,-1,"theorem t4 : s ∩ (s ∪ t) = s :=
  eq_of_forall_ge_iff fun x _ ↦ (or.inl _).cmp fun _ ↦ Same.val x val_to_num
","💥️application type mismatch
  eq_of_forall_ge_iff fun x x_1 => ?m.1018
argument
  fun x x_1 => ?m.1018
has type
  (x : Set α) → (x_1 : ?m.1019 x) → ?m.1020 x x_1 : Sort (imax (u_1 + 1) ?u.1011 ?u.1016)
but is expected to have type
  ∀ (c : Set α), s ∩ (s ∪ t) ≤ c ↔ s ≤ c : Prop

💥️unknown constant 'Bool.or.inl'",False,60,MIL.C04_Sets_and_Functions.solutions.Solutions_S01_Sets,Qwen-7B-long,LENGTH,best_of_n,False,0,-1.0,CH04.t4,False
-1,False,8,"theorem t4 : s ∩ (s ∪ t) = s := by
  ext x; constructor
  · rintro ⟨xs, _⟩
    exact xs
  · intro xs
    use xs; left; exact xs

",,True,-1,"theorem t4 : s ∩ (s ∪ t) = s :=
  Set.ext (fun x ↦ fun h => (Union calc s ∪ t).symm h)
","💥️unexpected token 'calc'; expected ')', ',' or ':'",False,60,MIL.C04_Sets_and_Functions.solutions.Solutions_S01_Sets,Qwen-7B-long,LENGTH,best_of_n,False,0,-1.0,CH04.t4,False
-1,False,8,"theorem t4 : s ∩ (s ∪ t) = s := by
  ext x; constructor
  · rintro ⟨xs, _⟩
    exact xs
  · intro xs
    use xs; left; exact xs

",,True,-1,"theorem t4 : s ∩ (s ∪ t) = s := by
  ext x
  simp [or_and_left]
","💥️unsolved goals
case h
α : Type u_1
s t : Set α
x : α
⊢ x ∈ s → x ∈ s ∨ x ∈ t",False,60,MIL.C04_Sets_and_Functions.solutions.Solutions_S01_Sets,Qwen-7B-long,LENGTH,best_of_n,False,0,-1.0,CH04.t4,False
-1,False,8,"theorem t4 : s ∩ (s ∪ t) = s := by
  ext x; constructor
  · rintro ⟨xs, _⟩
    exact xs
  · intro xs
    use xs; left; exact xs

",,True,-1,"theorem t4 : s ∩ (s ∪ t) = s :=
  congrArg Set.Nonempty t4_unveil
",💥️unknown identifier 't4_unveil',False,60,MIL.C04_Sets_and_Functions.solutions.Solutions_S01_Sets,Qwen-7B-long,LENGTH,best_of_n,False,0,-1.0,CH04.t4,False
-1,False,8,"theorem t4 : s ∩ (s ∪ t) = s := by
  ext x; constructor
  · rintro ⟨xs, _⟩
    exact xs
  · intro xs
    use xs; left; exact xs

",,True,-1,"theorem t4 : s ∩ (s ∪ t) = s := by
  ext x
  aesop (add simp x.1)
",💥️unexpected token '.'; expected ')',False,60,MIL.C04_Sets_and_Functions.solutions.Solutions_S01_Sets,Qwen-7B-long,LENGTH,best_of_n,False,0,-1.0,CH04.t4,False
-1,False,8,"theorem t4 : s ∩ (s ∪ t) = s := by
  ext x; constructor
  · rintro ⟨xs, _⟩
    exact xs
  · intro xs
    use xs; left; exact xs

",,True,-1,"theorem t4 : s ∩ (s ∪ t) = s :=
  eq_of_forall_ge_iff fun _ ↦ by aesop


","💥️unsolved goals
case mp
α : Type u_1
s t x : Set α
a : s ∩ (s ∪ t) ⊆ x
⊢ s ⊆ x

case mpr
α : Type u_1
s t x : Set α
a : s ⊆ x
⊢ s ∩ (s ∪ t) ⊆ x",False,60,MIL.C04_Sets_and_Functions.solutions.Solutions_S01_Sets,Qwen-7B-long,LENGTH,best_of_n,False,0,-1.0,CH04.t4,False
-1,False,8,"theorem t4 : s ∩ (s ∪ t) = s := by
  ext x; constructor
  · rintro ⟨xs, _⟩
    exact xs
  · intro xs
    use xs; left; exact xs

",,True,-1,"theorem t4 : s ∩ (s ∪ t) = s := by
  ext x
  simp [or_and_left]
","💥️unsolved goals
case h
α : Type u_1
s t : Set α
x : α
⊢ x ∈ s → x ∈ s ∨ x ∈ t",False,60,MIL.C04_Sets_and_Functions.solutions.Solutions_S01_Sets,Qwen-7B-long,LENGTH,best_of_n,False,0,-1.0,CH04.t4,False
-1,False,8,"theorem t4 : s ∩ (s ∪ t) = s := by
  ext x; constructor
  · rintro ⟨xs, _⟩
    exact xs
  · intro xs
    use xs; left; exact xs

",,True,-1,"theorem t4 : s ∩ (s ∪ t) = s := by
  ext
  exact ⟨fun ⟨xs, _⟩ => xs, fun xs => ⟨xs, by left⟩⟩


","💥️unsolved goals
case h
α : Type u_1
s t : Set α
x✝ : α
xs : x✝ ∈ s
⊢ x✝ ∈ s",False,60,MIL.C04_Sets_and_Functions.solutions.Solutions_S01_Sets,Qwen-7B-long,LENGTH,best_of_n,False,0,-1.0,CH04.t4,False
-1,False,8,"theorem t4 : s ∩ (s ∪ t) = s := by
  ext x; constructor
  · rintro ⟨xs, _⟩
    exact xs
  · intro xs
    use xs; left; exact xs

",,True,-1,"theorem t4 : s ∩ (s ∪ t) = s := by
  ext
  use id.filter; only [mem_filter]
  aesop


","💥️unknown tactic

💥️unsolved goals
case mpr
α : Type u_1
s t : Set α
x✝ : α
⊢ x✝ ∈ s → x✝ ∈ s ∩ (s ∪ t)",False,60,MIL.C04_Sets_and_Functions.solutions.Solutions_S01_Sets,Qwen-7B-long,LENGTH,best_of_n,False,0,-1.0,CH04.t4,False
-1,False,8,"theorem t4 : s ∩ (s ∪ t) = s := by
  ext x; constructor
  · rintro ⟨xs, _⟩
    exact xs
  · intro xs
    use xs; left; exact xs

",,True,-1,"theorem t4 : s ∩ (s ∪ t) = s := by
  ext x
  constructor
  · intro ⟨xs, _⟩
    exact xs
  · intro xs
    exact ⟨xs, left⟩


",💥️unknown identifier 'left',False,60,MIL.C04_Sets_and_Functions.solutions.Solutions_S01_Sets,Qwen-7B-long,LENGTH,best_of_n,False,0,-1.0,CH04.t4,False
-1,False,8,"theorem t4 : s ∩ (s ∪ t) = s := by
  ext x; constructor
  · rintro ⟨xs, _⟩
    exact xs
  · intro xs
    use xs; left; exact xs

",,True,-1,"theorem t4 : s ∩ (s ∪ t) = s := by
  ext x
  simp (add simp_rw [or_and_left])
","💥️unexpected identifier; expected ':='

💥️structure 'Lean.Meta.Simp.Config' does not have a field named 'add'

💥️unsolved goals
case h
α : Type u_1
s t : Set α
x : α
⊢ x ∈ s → x ∈ s ∨ x ∈ t",False,60,MIL.C04_Sets_and_Functions.solutions.Solutions_S01_Sets,Qwen-7B-long,LENGTH,best_of_n,False,0,-1.0,CH04.t4,False
-1,False,8,"theorem t4 : s ∩ (s ∪ t) = s := by
  ext x; constructor
  · rintro ⟨xs, _⟩
    exact xs
  · intro xs
    use xs; left; exact xs

",,True,-1,"theorem t4 : s ∩ (s ∪ t) = s :=
  Set.ext fun x => (Int有多少个属于s且不属于t的逻辑部分)..Symbolic version
  ((not (xs: s ∪ t)) : SymBool) → xs : s

",💥️expected token,False,60,MIL.C04_Sets_and_Functions.solutions.Solutions_S01_Sets,Qwen-7B-long,LENGTH,best_of_n,False,0,-1.0,CH04.t4,False
-1,False,8,"theorem t4 : s ∩ (s ∪ t) = s := by
  ext x; constructor
  · rintro ⟨xs, _⟩
    exact xs
  · intro xs
    use xs; left; exact xs

",,True,2,"theorem t4 : s ∩ (s ∪ t) = s := by
  ext x
  aesop
",,True,60,MIL.C04_Sets_and_Functions.solutions.Solutions_S01_Sets,Qwen-7B-long,LENGTH,best_of_n,False,0,0.75,CH04.t4,False
-1,False,8,"theorem t4 : s ∩ (s ∪ t) = s := by
  ext x; constructor
  · rintro ⟨xs, _⟩
    exact xs
  · intro xs
    use xs; left; exact xs

",,True,-1,"theorem t4 : s ∩ (s ∪ t) = s :=
  coe_toSet (s ∩ (s ∪ t)) ≈ s := by ext x
  dsimp; constructor
  · rintro ⟨xs, _⟩
    exact xs
  · intro xs
    use xs; left; exact xs


","💥️unknown identifier 'coe_toSet'

💥️failed to synthesize
  HasEquiv (Set α)
Additional diagnostic information may be available using the `set_option diagnostics true` command.",False,60,MIL.C04_Sets_and_Functions.solutions.Solutions_S01_Sets,Qwen-7B-long,LENGTH,best_of_n,False,0,-1.0,CH04.t4,False
-1,False,8,"theorem t4 : s ∩ (s ∪ t) = s := by
  ext x; constructor
  · rintro ⟨xs, _⟩
    exact xs
  · intro xs
    use xs; left; exact xs

",,True,-1,"theorem t4 : s ∩ (s ∪ t) = s :=
  Set.ext (difference t (Difference blood s t))
",💥️unknown identifier 'difference',False,60,MIL.C04_Sets_and_Functions.solutions.Solutions_S01_Sets,Qwen-7B-long,LENGTH,best_of_n,False,0,-1.0,CH04.t4,False
-1,False,8,"theorem t4 : s ∩ (s ∪ t) = s := by
  ext x; constructor
  · rintro ⟨xs, _⟩
    exact xs
  · intro xs
    use xs; left; exact xs

",,True,-1,"theorem t4 : s ∩ (s ∪ t) = s := by
  ext
  aesop (add simp rintro (xs |)
  · exact xs
  · intro xs
    use xs; left; exact xs)
",💥️unexpected token ')'; expected term,False,60,MIL.C04_Sets_and_Functions.solutions.Solutions_S01_Sets,Qwen-7B-long,LENGTH,best_of_n,False,0,-1.0,CH04.t4,False
-1,False,8,"theorem t4 : s ∩ (s ∪ t) = s := by
  ext x; constructor
  · rintro ⟨xs, _⟩
    exact xs
  · intro xs
    use xs; left; exact xs

",,True,-1,"theorem t4 : s ∩ (s ∪ t) = s :=
  Set.ext fun x ↦ by aesop (add simp_in __)
","💥️duplicate rule '__'; rule 'simp_in' was already given.
Use [<term>,...] to give multiple rules.",False,60,MIL.C04_Sets_and_Functions.solutions.Solutions_S01_Sets,Qwen-7B-long,LENGTH,best_of_n,False,0,-1.0,CH04.t4,False
-1,False,8,"theorem t4 : s ∩ (s ∪ t) = s := by
  ext x; constructor
  · rintro ⟨xs, _⟩
    exact xs
  · intro xs
    use xs; left; exact xs

",,True,2,"theorem t4 : s ∩ (s ∪ t) = s := by
  -- [simp]
  ext x
  aesop
",,True,60,MIL.C04_Sets_and_Functions.solutions.Solutions_S01_Sets,Qwen-7B-long,LENGTH,best_of_n,False,0,0.75,CH04.t4,False
-1,False,8,"theorem t4 : s ∩ (s ∪ t) = s := by
  ext x; constructor
  · rintro ⟨xs, _⟩
    exact xs
  · intro xs
    use xs; left; exact xs

",,True,-1,"theorem t4 : s ∩ (s ∪ t) = s := by
  ext
  simp
","💥️unsolved goals
case h
α : Type u_1
s t : Set α
x✝ : α
⊢ x✝ ∈ s → x✝ ∈ s ∨ x✝ ∈ t",False,60,MIL.C04_Sets_and_Functions.solutions.Solutions_S01_Sets,Qwen-7B-long,LENGTH,best_of_n,False,0,-1.0,CH04.t4,False
-1,False,8,"theorem t4 : s ∩ (s ∪ t) = s := by
  ext x; constructor
  · rintro ⟨xs, _⟩
    exact xs
  · intro xs
    use xs; left; exact xs

",,True,-1,"theorem t4 : s ∩ (s ∪ t) = s := by
  ext
  triviality
","💥️unknown tactic

💥️unsolved goals
case h
α : Type u_1
s t : Set α
x✝ : α
⊢ x✝ ∈ s ∩ (s ∪ t) ↔ x✝ ∈ s",False,60,MIL.C04_Sets_and_Functions.solutions.Solutions_S01_Sets,Qwen-7B-long,LENGTH,best_of_n,False,0,-1.0,CH04.t4,False
-1,False,8,"theorem t4 : s ∩ (s ∪ t) = s := by
  ext x; constructor
  · rintro ⟨xs, _⟩
    exact xs
  · intro xs
    use xs; left; exact xs

",,True,-1,"#align t4 t4

theorem t4 : s ∩ (s ∪ t) = s := by
  ext
  dsimp
","💥️unexpected token '#'; expected command

💥️unsolved goals
case h
α : Type u_1
s t : Set α
x✝ : α
⊢ x✝ ∈ s ∩ (s ∪ t) ↔ x✝ ∈ s",False,60,MIL.C04_Sets_and_Functions.solutions.Solutions_S01_Sets,Qwen-7B-long,LENGTH,best_of_n,False,0,-1.0,CH04.t4,False
-1,False,8,"theorem t4 : s ∩ (s ∪ t) = s := by
  ext x; constructor
  · rintro ⟨xs, _⟩
    exact xs
  · intro xs
    use xs; left; exact xs

",,True,-1,"theorem t4 : s ∩ (s ∪ t) = s :=
  congrArg Set.Nonempty (Set.filter_subset_left (Set.Subset.trans ?_ <| Set.Subset.refl _))
",💥️unknown constant 'Set.filter_subset_left',False,60,MIL.C04_Sets_and_Functions.solutions.Solutions_S01_Sets,Qwen-7B-long,LENGTH,best_of_n,False,0,-1.0,CH04.t4,False
-1,False,8,"theorem t4 : s ∩ (s ∪ t) = s := by
  ext x; constructor
  · rintro ⟨xs, _⟩
    exact xs
  · intro xs
    use xs; left; exact xs

",,True,-1,"theorem t4 : s ∩ (s ∪ t) = s :=
  Set.ext (fun x ↦ by aesop (add simp Set.finite_subset_adj intersections and s union t))
","💥️duplicate rule 'intersections'; rule 'Set.finite_subset_adj' was already given.
Use [<term>,...] to give multiple rules.",False,60,MIL.C04_Sets_and_Functions.solutions.Solutions_S01_Sets,Qwen-7B-long,LENGTH,best_of_n,False,0,-1.0,CH04.t4,False
-1,False,8,"theorem t4 : s ∩ (s ∪ t) = s := by
  ext x; constructor
  · rintro ⟨xs, _⟩
    exact xs
  · intro xs
    use xs; left; exact xs

",,True,-1,"theorem t4 : s ∩ (s ∪ t) = s :=
  coe_injective <| by ext; simp [andor]
",💥️unknown identifier 'coe_injective',False,60,MIL.C04_Sets_and_Functions.solutions.Solutions_S01_Sets,Qwen-7B-long,LENGTH,best_of_n,False,0,-1.0,CH04.t4,False
-1,False,8,"theorem t4 : s ∩ (s ∪ t) = s := by
  ext x; constructor
  · rintro ⟨xs, _⟩
    exact xs
  · intro xs
    use xs; left; exact xs

",,True,-1,"theorem t4 : s ∩ (s ∪ t) = s := by
  ext x
  exact ⟨fun ⟨xs, _⟩ => xs, fun xs => ⟨xs, by left, by aesop⟩⟩


","💥️invalid constructor ⟨...⟩, expected type must be an inductive type with only one constructor 
  x ∈ s ∨ x ∈ t",False,60,MIL.C04_Sets_and_Functions.solutions.Solutions_S01_Sets,Qwen-7B-long,LENGTH,best_of_n,False,0,-1.0,CH04.t4,False
-1,False,8,"theorem t4 : s ∩ (s ∪ t) = s := by
  ext x; constructor
  · rintro ⟨xs, _⟩
    exact xs
  · intro xs
    use xs; left; exact xs

",,True,-1,"theorem t4 : s ∩ (s ∪ t) = s :=
  coe_injective <| by ext; simp
",💥️unknown identifier 'coe_injective',False,60,MIL.C04_Sets_and_Functions.solutions.Solutions_S01_Sets,Qwen-7B-long,LENGTH,best_of_n,False,0,-1.0,CH04.t4,False
-1,False,8,"theorem t4 : s ∩ (s ∪ t) = s := by
  ext x; constructor
  · rintro ⟨xs, _⟩
    exact xs
  · intro xs
    use xs; left; exact xs

",,True,-1,"theorem t4 : s ∩ (s ∪ t) = s :=
  Eq.ext fun x ↦ Iff.trans (and_iff_left_iff .2 xs) (or_iff_not_imp_right.mpr xs)
","💥️unexpected token; expected ')', ',' or ':'",False,60,MIL.C04_Sets_and_Functions.solutions.Solutions_S01_Sets,Qwen-7B-long,LENGTH,best_of_n,False,0,-1.0,CH04.t4,False
-1,False,8,"theorem t4 : s ∩ (s ∪ t) = s := by
  ext x; constructor
  · rintro ⟨xs, _⟩
    exact xs
  · intro xs
    use xs; left; exact xs

",,True,1,"theorem t4 : s ∩ (s ∪ t) = s := by simpa using Subset.Iff.2 (image_mono fun _ _ ↦ s)
",,True,60,MIL.C04_Sets_and_Functions.solutions.Solutions_S01_Sets,Qwen-7B-long,LENGTH,best_of_n,False,0,0.875,CH04.t4,False
-1,False,8,"theorem t4 : s ∩ (s ∪ t) = s := by
  ext x; constructor
  · rintro ⟨xs, _⟩
    exact xs
  · intro xs
    use xs; left; exact xs

",,True,-1,"theorem t4 : s ∩ (s ∪ t) = s := by
  ext
  simp
","💥️unsolved goals
case h
α : Type u_1
s t : Set α
x✝ : α
⊢ x✝ ∈ s → x✝ ∈ s ∨ x✝ ∈ t",False,60,MIL.C04_Sets_and_Functions.solutions.Solutions_S01_Sets,Qwen-7B-long,LENGTH,best_of_n,False,0,-1.0,CH04.t4,False
-1,False,8,"theorem t4 : s ∩ (s ∪ t) = s := by
  ext x; constructor
  · rintro ⟨xs, _⟩
    exact xs
  · intro xs
    use xs; left; exact xs

",,True,-1,"theorem t4 : s ∩ (s ∪ t) = s := by
  ext
  simp only [mem_inter, mem_union, true_and, left_iff_true, true_iff]
","💥️unknown identifier 'left_iff_true'

💥️simp made no progress",False,60,MIL.C04_Sets_and_Functions.solutions.Solutions_S01_Sets,Qwen-7B-long,LENGTH,best_of_n,False,0,-1.0,CH04.t4,False
-1,False,8,"theorem t4 : s ∩ (s ∪ t) = s := by
  ext x; constructor
  · rintro ⟨xs, _⟩
    exact xs
  · intro xs
    use xs; left; exact xs

",,True,2,"theorem t4 : s ∩ (s ∪ t) = s := by
  ext x
  simp (config := {contextual := true})
",,True,60,MIL.C04_Sets_and_Functions.solutions.Solutions_S01_Sets,Qwen-7B-long,LENGTH,best_of_n,False,0,0.75,CH04.t4,False
-1,False,8,"theorem t4 : s ∩ (s ∪ t) = s := by
  ext x; constructor
  · rintro ⟨xs, _⟩
    exact xs
  · intro xs
    use xs; left; exact xs

",,True,-1,"theorem t4 : s ∩ (s ∪ t) = s := by
  ext x
  simp_rw [mem_inter, mem_union, true_and, and_true]
",💥️simp made no progress,False,60,MIL.C04_Sets_and_Functions.solutions.Solutions_S01_Sets,Qwen-7B-long,LENGTH,best_of_n,False,0,-1.0,CH04.t4,False
-1,False,8,"theorem t4 : s ∩ (s ∪ t) = s := by
  ext x; constructor
  · rintro ⟨xs, _⟩
    exact xs
  · intro xs
    use xs; left; exact xs

",,True,2,"theorem t4 : s ∩ (s ∪ t) = s := by
  ext x
  simp (config := {contextual := true})
",,True,60,MIL.C04_Sets_and_Functions.solutions.Solutions_S01_Sets,Qwen-7B-long,LENGTH,best_of_n,False,0,0.75,CH04.t4,False
-1,False,8,"theorem t4 : s ∩ (s ∪ t) = s := by
  ext x; constructor
  · rintro ⟨xs, _⟩
    exact xs
  · intro xs
    use xs; left; exact xs

",,True,-1,"theorem t4 : s ∩ (s ∪ t) = s := by
  ext
  simp
","💥️unsolved goals
case h
α : Type u_1
s t : Set α
x✝ : α
⊢ x✝ ∈ s → x✝ ∈ s ∨ x✝ ∈ t",False,60,MIL.C04_Sets_and_Functions.solutions.Solutions_S01_Sets,Qwen-7B-long,LENGTH,best_of_n,False,0,-1.0,CH04.t4,False
-1,False,8,"theorem t4 : s ∩ (s ∪ t) = s := by
  ext x; constructor
  · rintro ⟨xs, _⟩
    exact xs
  · intro xs
    use xs; left; exact xs

",,True,1,"theorem t4 : s ∩ (s ∪ t) = s :=
  Set.ext fun _ ↦ by aesop (add simp [or_and_left])

",,True,60,MIL.C04_Sets_and_Functions.solutions.Solutions_S01_Sets,Qwen-7B-long,LENGTH,best_of_n,False,0,0.875,CH04.t4,False
-1,False,8,"theorem t4 : s ∩ (s ∪ t) = s := by
  ext x; constructor
  · rintro ⟨xs, _⟩
    exact xs
  · intro xs
    use xs; left; exact xs

",,True,-1,"theorem t4 : s ∩ (s ∪ t) = s :=
  coe_injective <| by aesop (add simp [subset_univ])
",💥️unknown identifier 'coe_injective',False,60,MIL.C04_Sets_and_Functions.solutions.Solutions_S01_Sets,Qwen-7B-long,LENGTH,best_of_n,False,0,-1.0,CH04.t4,False
-1,False,8,"theorem t4 : s ∩ (s ∪ t) = s := by
  ext x; constructor
  · rintro ⟨xs, _⟩
    exact xs
  · intro xs
    use xs; left; exact xs

",,True,-1,"theorem t4 : s ∩ (s ∪ t) = s :=
  coe_lurel_comp _ _ apply_lurel_range _ range_of_le_right _ t.le_rfl

",💥️unknown identifier 'coe_lurel_comp',False,60,MIL.C04_Sets_and_Functions.solutions.Solutions_S01_Sets,Qwen-7B-long,LENGTH,best_of_n,False,0,-1.0,CH04.t4,False
-1,False,8,"theorem t4 : s ∩ (s ∪ t) = s := by
  ext x; constructor
  · rintro ⟨xs, _⟩
    exact xs
  · intro xs
    use xs; left; exact xs

",,True,-1,"theorem t4 : s ∩ (s ∪ t) = s :=
  congrArg Set.Nonempty (Set.filter_subset s (s ∪ t))
",💥️unknown constant 'Set.filter_subset',False,60,MIL.C04_Sets_and_Functions.solutions.Solutions_S01_Sets,Qwen-7B-long,LENGTH,best_of_n,False,0,-1.0,CH04.t4,False
-1,False,8,"theorem t4 : s ∩ (s ∪ t) = s := by
  ext x; constructor
  · rintro ⟨xs, _⟩
    exact xs
  · intro xs
    use xs; left; exact xs

",,True,-1,"theorem t4 : s ∩ (s ∪ t) = s :=
  coe_inclusion (s ∩ (s ∪ t)) ext fun x ↦ (Iff.trans_op_left x).symm
","💥️function expected at
  coe_inclusion ?m.954 ?m.1364
term has type
  ↑(inclusion ?m.954 ?m.1364) = ↑?m.1364

💥️application type mismatch
  coe_inclusion ?m.954 ext
argument
  ext
has type
  (∀ (x : ?m.956), x ∈ ?m.957 ↔ x ∈ ?m.958) → ?m.957 = ?m.958 : Prop
but is expected to have type
  ↑?m.888 : Type ?u.886",False,60,MIL.C04_Sets_and_Functions.solutions.Solutions_S01_Sets,Qwen-7B-long,LENGTH,best_of_n,False,0,-1.0,CH04.t4,False
-1,False,8,"theorem t4 : s ∩ (s ∪ t) = s := by
  ext x; constructor
  · rintro ⟨xs, _⟩
    exact xs
  · intro xs
    use xs; left; exact xs

",,True,-1,"theorem t4 : s ∩ (s ∪ t) = s := by
  ext x
  omega
","💥️omega could not prove the goal:
No usable constraints found. You may need to unfold definitions so `omega` can see linear arithmetic facts about `Nat` and `Int`, which may also involve multiplication, division, and modular remainder by constants.",False,60,MIL.C04_Sets_and_Functions.solutions.Solutions_S01_Sets,Qwen-7B-long,LENGTH,best_of_n,False,0,-1.0,CH04.t4,False
-1,False,8,"theorem t4 : s ∩ (s ∪ t) = s := by
  ext x; constructor
  · rintro ⟨xs, _⟩
    exact xs
  · intro xs
    use xs; left; exact xs

",,True,8,"theorem t4 : s ∩ (s ∪ t) = s := by
  ext x
  constructor
  · intro ⟨xs, _⟩
    exact xs
  · intro xs
    exact ⟨xs, by left; exact xs⟩


",,True,60,MIL.C04_Sets_and_Functions.solutions.Solutions_S01_Sets,Qwen-7B-long,LENGTH,best_of_n,False,0,0.0,CH04.t4,False
-1,False,8,"theorem t4 : s ∩ (s ∪ t) = s := by
  ext x; constructor
  · rintro ⟨xs, _⟩
    exact xs
  · intro xs
    use xs; left; exact xs

",,True,-1,"theorem t4 : s ∩ (s ∪ t) = s :=
  coe_inclusion (t4 _).ext
","💥️type mismatch
  coe_inclusion ?m.928
has type
  ∀ (x : ↑?m.888), ↑(inclusion ?m.928 x) = ↑x : Prop
but is expected to have type
  s ∩ (s ∪ t) = s : Prop

💥️function expected at
  t4
term has type
  s ∩ (s ∪ t) = s",False,60,MIL.C04_Sets_and_Functions.solutions.Solutions_S01_Sets,Qwen-7B-long,LENGTH,best_of_n,False,0,-1.0,CH04.t4,False
-1,False,8,"theorem t4 : s ∩ (s ∪ t) = s := by
  ext x; constructor
  · rintro ⟨xs, _⟩
    exact xs
  · intro xs
    use xs; left; exact xs

",,True,-1,"theorem t4 : s ∩ (s ∪ t) = s := by
  ext
  simp
","💥️unsolved goals
case h
α : Type u_1
s t : Set α
x✝ : α
⊢ x✝ ∈ s → x✝ ∈ s ∨ x✝ ∈ t",False,60,MIL.C04_Sets_and_Functions.solutions.Solutions_S01_Sets,Qwen-7B-long,LENGTH,best_of_n,False,0,-1.0,CH04.t4,False
-1,False,8,"theorem t4 : s ∩ (s ∪ t) = s := by
  ext x; constructor
  · rintro ⟨xs, _⟩
    exact xs
  · intro xs
    use xs; left; exact xs

",,True,-1,"theorem t4 : s ∩ (s ∪ t) = s :=
  congrArg Set.Nonempty ( <| upperBounds s).by_hasSup (Set.Nonempty s) <| by simp
","💥️unexpected token '<|'; expected ')', '↑', '↥', '⇑' or term",False,60,MIL.C04_Sets_and_Functions.solutions.Solutions_S01_Sets,Qwen-7B-long,LENGTH,best_of_n,False,0,-1.0,CH04.t4,False
-1,False,8,"theorem t4 : s ∩ (s ∪ t) = s := by
  ext x; constructor
  · rintro ⟨xs, _⟩
    exact xs
  · intro xs
    use xs; left; exact xs

",,True,-1,"theorem t4 : s ∩ (s ∪ t) = s := by
  apply le_anti (fun _ ⊢ environally _)
  constructor
  · { }
  · { intro xs; exact ⟨xs, left⟩ }
","💥️unexpected token '⊢'; expected '↦', '=>'

💥️unknown identifier 'le_anti'",False,60,MIL.C04_Sets_and_Functions.solutions.Solutions_S01_Sets,Qwen-7B-long,LENGTH,best_of_n,False,0,-1.0,CH04.t4,False
-1,False,8,"theorem t4 : s ∩ (s ∪ t) = s := by
  ext x; constructor
  · rintro ⟨xs, _⟩
    exact xs
  · intro xs
    use xs; left; exact xs

",,True,-1,"theorem t4 : s ∩ (s ∪ t) = s := by
  simp [leave_s, set不含, t1, t2]
","💥️expected token

💥️unknown identifier 'leave_s'",False,60,MIL.C04_Sets_and_Functions.solutions.Solutions_S01_Sets,Qwen-7B-long,LENGTH,best_of_n,False,0,-1.0,CH04.t4,False
-1,False,8,"theorem t4 : s ∩ (s ∪ t) = s := by
  ext x; constructor
  · rintro ⟨xs, _⟩
    exact xs
  · intro xs
    use xs; left; exact xs

",,True,2,"theorem t4 : s ∩ (s ∪ t) = s := by
  ext x
  aesop


",,True,60,MIL.C04_Sets_and_Functions.solutions.Solutions_S01_Sets,Qwen-7B-long,LENGTH,best_of_n,False,0,0.75,CH04.t4,False
-1,False,8,"theorem t4 : s ∩ (s ∪ t) = s := by
  ext x; constructor
  · rintro ⟨xs, _⟩
    exact xs
  · intro xs
    use xs; left; exact xs

",,True,-1,"#align t4 t4

theorem t4 : s ∩ (s ∪ t) = s :=
  coe_injective <| by ext; simp
","💥️unexpected token '#'; expected command

💥️unknown identifier 'coe_injective'",False,60,MIL.C04_Sets_and_Functions.solutions.Solutions_S01_Sets,Qwen-7B-long,LENGTH,best_of_n,False,0,-1.0,CH04.t4,False
-1,False,8,"theorem t4 : s ∩ (s ∪ t) = s := by
  ext x; constructor
  · rintro ⟨xs, _⟩
    exact xs
  · intro xs
    use xs; left; exact xs

",,True,-1,"theorem t4 : s ∩ (s ∪ t) = s :=
  coe_injective <| by ext; simp
",💥️unknown identifier 'coe_injective',False,60,MIL.C04_Sets_and_Functions.solutions.Solutions_S01_Sets,Qwen-7B-long,LENGTH,best_of_n,False,0,-1.0,CH04.t4,False
-1,False,8,"theorem t4 : s ∩ (s ∪ t) = s := by
  ext x; constructor
  · rintro ⟨xs, _⟩
    exact xs
  · intro xs
    use xs; left; exact xs

",,True,2,"theorem t4 : s ∩ (s ∪ t) = s := by
  ext
  aesop


",,True,60,MIL.C04_Sets_and_Functions.solutions.Solutions_S01_Sets,Qwen-7B-long,LENGTH,best_of_n,False,0,0.75,CH04.t4,False
-1,False,8,"theorem t4 : s ∩ (s ∪ t) = s := by
  ext x; constructor
  · rintro ⟨xs, _⟩
    exact xs
  · intro xs
    use xs; left; exact xs

",,True,-1,"theorem t4 : s ∩ (s ∪ t) = s :=
  congrArg Set.Nonempty (Set.filter contained_in (Set.filter _ s))
",💥️unknown constant 'Set.filter',False,60,MIL.C04_Sets_and_Functions.solutions.Solutions_S01_Sets,Qwen-7B-long,LENGTH,best_of_n,False,0,-1.0,CH04.t4,False
-1,False,8,"theorem t4 : s ∩ (s ∪ t) = s := by
  ext x; constructor
  · rintro ⟨xs, _⟩
    exact xs
  · intro xs
    use xs; left; exact xs

",,True,-1,"theorem t4 : s ∩ (s ∪ t) = s :=
  coe_injective <| by ext; aesop


",💥️unknown identifier 'coe_injective',False,60,MIL.C04_Sets_and_Functions.solutions.Solutions_S01_Sets,Qwen-7B-long,LENGTH,best_of_n,False,0,-1.0,CH04.t4,False
-1,False,8,"theorem t4 : s ∩ (s ∪ t) = s := by
  ext x; constructor
  · rintro ⟨xs, _⟩
    exact xs
  · intro xs
    use xs; left; exact xs

",,True,-1,"直线 // 交直线上一点可以引多少条直线
m_vec
_orders_goals 禪.m_tangent_points where s = t
",💥️expected token,False,60,MIL.C04_Sets_and_Functions.solutions.Solutions_S01_Sets,Qwen-7B-long,LENGTH,best_of_n,False,0,-1.0,CH04.t4,False
-1,False,8,"theorem t4 : s ∩ (s ∪ t) = s := by
  ext x; constructor
  · rintro ⟨xs, _⟩
    exact xs
  · intro xs
    use xs; left; exact xs

",,True,-1,"theorem t4 : s ∩ (s ∪ t) = s :=
  coe_injective <| congrArg Set.Nonempty <| by ext; simp


",💥️unknown identifier 'coe_injective',False,60,MIL.C04_Sets_and_Functions.solutions.Solutions_S01_Sets,Qwen-7B-long,LENGTH,best_of_n,False,0,-1.0,CH04.t4,False
-1,False,8,"theorem t4 : s ∩ (s ∪ t) = s := by
  ext x; constructor
  · rintro ⟨xs, _⟩
    exact xs
  · intro xs
    use xs; left; exact xs

",,True,1,"theorem t4 : s ∩ (s ∪ t) = s := by
  simp [ext, and_imp, or_imp]
",,True,60,MIL.C04_Sets_and_Functions.solutions.Solutions_S01_Sets,Qwen-7B-long,LENGTH,best_of_n,False,0,0.875,CH04.t4,False
-1,False,8,"theorem t4 : s ∩ (s ∪ t) = s := by
  ext x; constructor
  · rintro ⟨xs, _⟩
    exact xs
  · intro xs
    use xs; left; exact xs

",,True,-1,"theorem t4 : s ∩ (s ∪ t) = s :=
  coe_injective <| by ext; simp [← union_eq_right_iff]
",💥️unknown identifier 'coe_injective',False,60,MIL.C04_Sets_and_Functions.solutions.Solutions_S01_Sets,Qwen-7B-long,LENGTH,best_of_n,False,0,-1.0,CH04.t4,False
-1,False,8,"theorem t4 : s ∩ (s ∪ t) = s := by
  ext x; constructor
  · rintro ⟨xs, _⟩
    exact xs
  · intro xs
    use xs; left; exact xs

",,True,-1,"theorem t4 : s ∩ (s ∪ t) = s :=
  coe_injective <| by ext; aesop


",💥️unknown identifier 'coe_injective',False,60,MIL.C04_Sets_and_Functions.solutions.Solutions_S01_Sets,Qwen-7B-long,LENGTH,best_of_n,False,0,-1.0,CH04.t4,False
-1,False,8,"theorem t4 : s ∩ (s ∪ t) = s := by
  ext x; constructor
  · rintro ⟨xs, _⟩
    exact xs
  · intro xs
    use xs; left; exact xs

",,True,-1,"theorem t4 : s ∩ (s ∪ t) = s :=
  coe_injective <| by ext; simp_rw [add_eq_self, max_eq_iff.2 hlt_add, lt_add_iff_right_iff]
",💥️unknown identifier 'coe_injective',False,60,MIL.C04_Sets_and_Functions.solutions.Solutions_S01_Sets,Qwen-7B-long,LENGTH,best_of_n,False,0,-1.0,CH04.t4,False
-1,False,8,"theorem t4 : s ∩ (s ∪ t) = s := by
  ext x; constructor
  · rintro ⟨xs, _⟩
    exact xs
  · intro xs
    use xs; left; exact xs

",,True,-1,"theorem t4 : s ∩ (s ∪ t) = s := by
  ext x; constructor
  · rintro ⟨xs, _⟩; exact xs
  · intro xs; exact ⟨xs, by left⟩


","💥️unsolved goals
case h
α : Type u_1
s t : Set α
x : α
xs : x ∈ s
⊢ x ∈ s",False,60,MIL.C04_Sets_and_Functions.solutions.Solutions_S01_Sets,Qwen-7B-long,LENGTH,best_of_n,False,0,-1.0,CH04.t4,False
-1,False,8,"theorem t5 : s ∪ s ∩ t = s := by
  ext x; constructor
  · rintro (xs | ⟨xs, xt⟩) <;> exact xs
  · intro xs; left; exact xs

",,True,-1,"theorem t5 : s ∪ s ∩ t = s := by
  ext
  field_simp
","💥️unsolved goals
case h
α : Type u_1
s t : Set α
x✝ : α
⊢ x✝ ∈ s → x✝ ∈ t → x✝ ∈ s",False,60,MIL.C04_Sets_and_Functions.solutions.Solutions_S01_Sets,Qwen-7B-long,LENGTH,best_of_n,False,0,-1.0,CH04.t5,False
-1,False,8,"theorem t5 : s ∪ s ∩ t = s := by
  ext x; constructor
  · rintro (xs | ⟨xs, xt⟩) <;> exact xs
  · intro xs; left; exact xs

",,True,8,"theorem t5 : s ∪ s ∩ t = s := by
  ext x
  constructor
  · rintro (xs | ⟨xs, xt⟩) <;> exact xs
  · intro xs; left; exact xs
",,True,60,MIL.C04_Sets_and_Functions.solutions.Solutions_S01_Sets,Qwen-7B-long,LENGTH,best_of_n,False,0,0.0,CH04.t5,False
-1,False,8,"theorem t5 : s ∪ s ∩ t = s := by
  ext x; constructor
  · rintro (xs | ⟨xs, xt⟩) <;> exact xs
  · intro xs; left; exact xs

",,True,2,"theorem t5 : s ∪ s ∩ t = s := by
  ext
  aesop


",,True,60,MIL.C04_Sets_and_Functions.solutions.Solutions_S01_Sets,Qwen-7B-long,LENGTH,best_of_n,False,0,0.75,CH04.t5,False
-1,False,8,"theorem t5 : s ∪ s ∩ t = s := by
  ext x; constructor
  · rintro (xs | ⟨xs, xt⟩) <;> exact xs
  · intro xs; left; exact xs

",,True,-1,"theorem t5 : s ∪ s ∩ t = s :=
  le s ∪ (s ∩ t) <;> exact (le s).trans (le s ∪ t)

",💥️unknown identifier 'le',False,60,MIL.C04_Sets_and_Functions.solutions.Solutions_S01_Sets,Qwen-7B-long,LENGTH,best_of_n,False,0,-1.0,CH04.t5,False
-1,False,8,"theorem t5 : s ∪ s ∩ t = s := by
  ext x; constructor
  · rintro (xs | ⟨xs, xt⟩) <;> exact xs
  · intro xs; left; exact xs

",,True,-1,"theorem t5 : s ∪ s ∩ t = s :=
  Set.ext (fun x => by simp [or_and])
","💥️unknown identifier 'or_and'

💥️unsolved goals
α : Type u_1
s t : Set α
x : α
⊢ x ∈ s → x ∈ t → x ∈ s",False,60,MIL.C04_Sets_and_Functions.solutions.Solutions_S01_Sets,Qwen-7B-long,LENGTH,best_of_n,False,0,-1.0,CH04.t5,False
-1,False,8,"theorem t5 : s ∪ s ∩ t = s := by
  ext x; constructor
  · rintro (xs | ⟨xs, xt⟩) <;> exact xs
  · intro xs; left; exact xs

",,True,-1,"theorem t5 : s ∪ s ∩ t = s := by
  ext
  linear_cases_on_left.2 <| by aesop
","💥️unknown tactic

💥️unsolved goals
case h
α : Type u_1
s t : Set α
x✝ : α
⊢ x✝ ∈ s ∪ s ∩ t ↔ x✝ ∈ s",False,60,MIL.C04_Sets_and_Functions.solutions.Solutions_S01_Sets,Qwen-7B-long,LENGTH,best_of_n,False,0,-1.0,CH04.t5,False
-1,False,8,"theorem t5 : s ∪ s ∩ t = s := by
  ext x; constructor
  · rintro (xs | ⟨xs, xt⟩) <;> exact xs
  · intro xs; left; exact xs

",,True,8,"theorem t5 : s ∪ s ∩ t = s := by
  ext x
  constructor
  · rintro (xs | ⟨xs, xt⟩) <;> exact xs
  · intro xs; left; exact xs
",,True,60,MIL.C04_Sets_and_Functions.solutions.Solutions_S01_Sets,Qwen-7B-long,LENGTH,best_of_n,False,0,0.0,CH04.t5,False
-1,False,8,"theorem t5 : s ∪ s ∩ t = s := by
  ext x; constructor
  · rintro (xs | ⟨xs, xt⟩) <;> exact xs
  · intro xs; left; exact xs

",,True,-1,"theorem t5 : s ∪ s ∩ t = s :=
  eq_of_forall_ge_iff fun _ ↦ by
  simp [or_and_left]
","💥️unsolved goals
α : Type u_1
s t x✝ : Set α
⊢ s ⊆ x✝ → s ∩ t ⊆ x✝",False,60,MIL.C04_Sets_and_Functions.solutions.Solutions_S01_Sets,Qwen-7B-long,LENGTH,best_of_n,False,0,-1.0,CH04.t5,False
-1,False,8,"theorem t5 : s ∪ s ∩ t = s := by
  ext x; constructor
  · rintro (xs | ⟨xs, xt⟩) <;> exact xs
  · intro xs; left; exact xs

",,True,8,"theorem t5 : s ∪ s ∩ t = s := by
  ext x
  constructor
  · rintro (xs | ⟨xs, xt⟩) <;> exact xs
  · intro xs; left; exact xs
",,True,60,MIL.C04_Sets_and_Functions.solutions.Solutions_S01_Sets,Qwen-7B-long,LENGTH,best_of_n,False,0,0.0,CH04.t5,False
-1,False,8,"theorem t5 : s ∪ s ∩ t = s := by
  ext x; constructor
  · rintro (xs | ⟨xs, xt⟩) <;> exact xs
  · intro xs; left; exact xs

",,True,8,"theorem t5 : s ∪ s ∩ t = s := by
  ext x
  constructor
  · rintro (xs | ⟨xs, xt⟩) <;> exact xs
  · intro xs; left; exact xs


",,True,60,MIL.C04_Sets_and_Functions.solutions.Solutions_S01_Sets,Qwen-7B-long,LENGTH,best_of_n,False,0,0.0,CH04.t5,False
-1,False,8,"theorem t5 : s ∪ s ∩ t = s := by
  ext x; constructor
  · rintro (xs | ⟨xs, xt⟩) <;> exact xs
  · intro xs; left; exact xs

",,True,-1,"theorem t5 : s ∪ s ∩ t = s :=
  mod_cast congrArg Set.Nonempty <| by ext; simp
","💥️mod_cast has type
  Set.Nonempty ?m.1156 = Set.Nonempty ?m.1157 : Prop
but is expected to have type
  s ∪ s ∩ t = s : Prop

💥️simp made no progress",False,60,MIL.C04_Sets_and_Functions.solutions.Solutions_S01_Sets,Qwen-7B-long,LENGTH,best_of_n,False,0,-1.0,CH04.t5,False
-1,False,8,"theorem t5 : s ∪ s ∩ t = s := by
  ext x; constructor
  · rintro (xs | ⟨xs, xt⟩) <;> exact xs
  · intro xs; left; exact xs

",,True,-1,"theorem t5 : s ∪ s ∩ t = s :=
  Set.ext fun x => by cases (xp := (x in s ∪ s)) with
  | inl h => h
  | inr h => (h.left in s)
","💥️unexpected token ':='; expected ')', ',' or ':'",False,60,MIL.C04_Sets_and_Functions.solutions.Solutions_S01_Sets,Qwen-7B-long,LENGTH,best_of_n,False,0,-1.0,CH04.t5,False
-1,False,8,"theorem t5 : s ∪ s ∩ t = s := by
  ext x; constructor
  · rintro (xs | ⟨xs, xt⟩) <;> exact xs
  · intro xs; left; exact xs

",,True,1,"theorem t5 : s ∪ s ∩ t = s := by
  simp bonding 준וג
",,True,60,MIL.C04_Sets_and_Functions.solutions.Solutions_S01_Sets,Qwen-7B-long,LENGTH,best_of_n,False,0,0.875,CH04.t5,False
-1,False,8,"theorem t5 : s ∪ s ∩ t = s := by
  ext x; constructor
  · rintro (xs | ⟨xs, xt⟩) <;> exact xs
  · intro xs; left; exact xs

",,True,1,"theorem t5 : s ∪ s ∩ t = s := by
  simp
",,True,60,MIL.C04_Sets_and_Functions.solutions.Solutions_S01_Sets,Qwen-7B-long,LENGTH,best_of_n,False,0,0.875,CH04.t5,False
-1,False,8,"theorem t5 : s ∪ s ∩ t = s := by
  ext x; constructor
  · rintro (xs | ⟨xs, xt⟩) <;> exact xs
  · intro xs; left; exact xs

",,True,8,"theorem t5 : s ∪ s ∩ t = s := by
  ext x
  constructor
  · rintro (xs | ⟨xs, xt⟩) <;> exact xs
  · intro xs; left; exact xs
",,True,60,MIL.C04_Sets_and_Functions.solutions.Solutions_S01_Sets,Qwen-7B-long,LENGTH,best_of_n,False,0,0.0,CH04.t5,False
-1,False,8,"theorem t5 : s ∪ s ∩ t = s := by
  ext x; constructor
  · rintro (xs | ⟨xs, xt⟩) <;> exact xs
  · intro xs; left; exact xs

",,True,1,"theorem t5 : s ∪ s ∩ t = s := by
  simp
",,True,60,MIL.C04_Sets_and_Functions.solutions.Solutions_S01_Sets,Qwen-7B-long,LENGTH,best_of_n,False,0,0.875,CH04.t5,False
-1,False,8,"theorem t5 : s ∪ s ∩ t = s := by
  ext x; constructor
  · rintro (xs | ⟨xs, xt⟩) <;> exact xs
  · intro xs; left; exact xs

",,True,-1,"theorem t5 : s ∪ s ∩ t = s := by
  ext x
  simp [or_and]
","💥️unknown identifier 'or_and'

💥️unsolved goals
case h
α : Type u_1
s t : Set α
x : α
⊢ x ∈ s → x ∈ t → x ∈ s",False,60,MIL.C04_Sets_and_Functions.solutions.Solutions_S01_Sets,Qwen-7B-long,LENGTH,best_of_n,False,0,-1.0,CH04.t5,False
-1,False,8,"theorem t5 : s ∪ s ∩ t = s := by
  ext x; constructor
  · rintro (xs | ⟨xs, xt⟩) <;> exact xs
  · intro xs; left; exact xs

",,True,-1,"theorem t5 : s ∪ s ∩ t = s :=
  coe_injective <| congrArg Subset.max (Nonempty s) (Nonempty t)
",💥️unknown identifier 'coe_injective',False,60,MIL.C04_Sets_and_Functions.solutions.Solutions_S01_Sets,Qwen-7B-long,LENGTH,best_of_n,False,0,-1.0,CH04.t5,False
-1,False,8,"theorem t5 : s ∪ s ∩ t = s := by
  ext x; constructor
  · rintro (xs | ⟨xs, xt⟩) <;> exact xs
  · intro xs; left; exact xs

",,True,-1,"theorem t5 : s ∪ s ∩ t = s := by
  ext x
  split_ifs <;> simp
","💥️tactic 'split_ifs' failed, no if-then-else conditions to split
case h
α : Type u_1
s t : Set α
x : α
⊢ x ∈ s ∪ s ∩ t ↔ x ∈ s",False,60,MIL.C04_Sets_and_Functions.solutions.Solutions_S01_Sets,Qwen-7B-long,LENGTH,best_of_n,False,0,-1.0,CH04.t5,False
-1,False,8,"theorem t5 : s ∪ s ∩ t = s := by
  ext x; constructor
  · rintro (xs | ⟨xs, xt⟩) <;> exact xs
  · intro xs; left; exact xs

",,True,-1,"#align t5 t5

theorem t5 : s ∪ s ∩ t = s := by
  ext x
  constructor
  · rintro (xs | ⟨xs, xt⟩) <;> exact xs
  · intro xs; left; exact xs
",💥️unexpected token '#'; expected command,False,60,MIL.C04_Sets_and_Functions.solutions.Solutions_S01_Sets,Qwen-7B-long,LENGTH,best_of_n,False,0,-1.0,CH04.t5,False
-1,False,8,"theorem t5 : s ∪ s ∩ t = s := by
  ext x; constructor
  · rintro (xs | ⟨xs, xt⟩) <;> exact xs
  · intro xs; left; exact xs

",,True,8,"theorem t5 : s ∪ s ∩ t = s := by
  ext x
  constructor
  · rintro (xs | ⟨xs,xt⟩) <;> exact xs
  · intro xs; left; exact xs
",,True,60,MIL.C04_Sets_and_Functions.solutions.Solutions_S01_Sets,Qwen-7B-long,LENGTH,best_of_n,False,0,0.0,CH04.t5,False
-1,False,8,"theorem t5 : s ∪ s ∩ t = s := by
  ext x; constructor
  · rintro (xs | ⟨xs, xt⟩) <;> exact xs
  · intro xs; left; exact xs

",,True,-1,"theorem t5 : s ∪ s ∩ t = s := by
  ext
  simp
","💥️unsolved goals
case h
α : Type u_1
s t : Set α
x✝ : α
⊢ x✝ ∈ s → x✝ ∈ t → x✝ ∈ s",False,60,MIL.C04_Sets_and_Functions.solutions.Solutions_S01_Sets,Qwen-7B-long,LENGTH,best_of_n,False,0,-1.0,CH04.t5,False
-1,False,8,"theorem t5 : s ∪ s ∩ t = s := by
  ext x; constructor
  · rintro (xs | ⟨xs, xt⟩) <;> exact xs
  · intro xs; left; exact xs

",,True,2,"theorem t5 : s ∪ s ∩ t = s := by
  ext x
  aesop
",,True,60,MIL.C04_Sets_and_Functions.solutions.Solutions_S01_Sets,Qwen-7B-long,LENGTH,best_of_n,False,0,0.75,CH04.t5,False
-1,False,8,"theorem t5 : s ∪ s ∩ t = s := by
  ext x; constructor
  · rintro (xs | ⟨xs, xt⟩) <;> exact xs
  · intro xs; left; exact xs

",,True,8,"theorem t5 : s ∪ s ∩ t = s := by
  ext x
  constructor
  · rintro (xs | ⟨xs, xt⟩) <;> exact xs
  · intro xs; left; exact xs
",,True,60,MIL.C04_Sets_and_Functions.solutions.Solutions_S01_Sets,Qwen-7B-long,LENGTH,best_of_n,False,0,0.0,CH04.t5,False
-1,False,8,"theorem t5 : s ∪ s ∩ t = s := by
  ext x; constructor
  · rintro (xs | ⟨xs, xt⟩) <;> exact xs
  · intro xs; left; exact xs

",,True,-1,"theorem t5 : s ∪ s ∩ t = s :=
  coe_injective <| by ext; simp [or_and_eq_right]
",💥️unknown identifier 'coe_injective',False,60,MIL.C04_Sets_and_Functions.solutions.Solutions_S01_Sets,Qwen-7B-long,LENGTH,best_of_n,False,0,-1.0,CH04.t5,False
-1,False,8,"theorem t5 : s ∪ s ∩ t = s := by
  ext x; constructor
  · rintro (xs | ⟨xs, xt⟩) <;> exact xs
  · intro xs; left; exact xs

",,True,-1,"theorem t5 : s ∪ s ∩ t = s := by
  ext x
  exact ⟨rintro (xs | ⟨xs, xt⟩) <;> exact xs, intro xs; left; exact xs⟩

","💥️unexpected token '|'; expected ')', ',' or ':'

💥️invalid constructor ⟨...⟩, insufficient number of arguments, constructs 'Iff.intro' has #2 explicit fields, but only #1 provided",False,60,MIL.C04_Sets_and_Functions.solutions.Solutions_S01_Sets,Qwen-7B-long,LENGTH,best_of_n,False,0,-1.0,CH04.t5,False
-1,False,8,"theorem t5 : s ∪ s ∩ t = s := by
  ext x; constructor
  · rintro (xs | ⟨xs, xt⟩) <;> exact xs
  · intro xs; left; exact xs

",,True,-1,"theorem t5 : s ∪ s ∩ t = s := by
  simp [ Distributive.union_inf_le, le_union_inf_iff.2 id, eq_comm ]
","💥️unknown identifier 'Distributive.union_inf_le'

💥️unknown identifier 'le_union_inf_iff'

💥️unsolved goals
α : Type u_1
s t : Set α
⊢ s = s ∪ s ∩ t",False,60,MIL.C04_Sets_and_Functions.solutions.Solutions_S01_Sets,Qwen-7B-long,LENGTH,best_of_n,False,0,-1.0,CH04.t5,False
-1,False,8,"theorem t5 : s ∪ s ∩ t = s := by
  ext x; constructor
  · rintro (xs | ⟨xs, xt⟩) <;> exact xs
  · intro xs; left; exact xs

",,True,-1,"theorem t5 : s ∪ s ∩ t = s := by
  ext
  rintro (_, ⟨, hi⟩) <;> exact hi
","💥️unexpected token ','; expected ')'",False,60,MIL.C04_Sets_and_Functions.solutions.Solutions_S01_Sets,Qwen-7B-long,LENGTH,best_of_n,False,0,-1.0,CH04.t5,False
-1,False,8,"theorem t5 : s ∪ s ∩ t = s := by
  ext x; constructor
  · rintro (xs | ⟨xs, xt⟩) <;> exact xs
  · intro xs; left; exact xs

",,True,-1,"theorem t5 : s ∪ s ∩ t = s :=
  Set.ext (fun x => by
    constructor <;> simp (config := {contextual := true})
  )

","💥️unsolved goals
case mp
α : Type u_1
s t : Set α
x : α
⊢ x ∈ s ∨ x ∈ s ∧ x ∈ t → x ∈ s",False,60,MIL.C04_Sets_and_Functions.solutions.Solutions_S01_Sets,Qwen-7B-long,LENGTH,best_of_n,False,0,-1.0,CH04.t5,False
-1,False,8,"theorem t5 : s ∪ s ∩ t = s := by
  ext x; constructor
  · rintro (xs | ⟨xs, xt⟩) <;> exact xs
  · intro xs; left; exact xs

",,True,-1,"theorem t5 : s ∪ s ∩ t = s := by
  also simp [or_and_left]
","💥️unknown tactic

💥️unsolved goals
α : Type u_1
s t : Set α
⊢ s ∪ s ∩ t = s",False,60,MIL.C04_Sets_and_Functions.solutions.Solutions_S01_Sets,Qwen-7B-long,LENGTH,best_of_n,False,0,-1.0,CH04.t5,False
-1,False,8,"theorem t5 : s ∪ s ∩ t = s := by
  ext x; constructor
  · rintro (xs | ⟨xs, xt⟩) <;> exact xs
  · intro xs; left; exact xs

",,True,-1,"theorem t5 : s ∪ s ∩ t = s := by
  ext
  [or_iff_not_imp_right_iff t, and_imp_left_iff, or_and_and_iff_left_iff]
","💥️unsolved goals
case h
α : Type u_1
s t : Set α
x✝ : α
⊢ x✝ ∈ s ∪ s ∩ t ↔ x✝ ∈ s",False,60,MIL.C04_Sets_and_Functions.solutions.Solutions_S01_Sets,Qwen-7B-long,LENGTH,best_of_n,False,0,-1.0,CH04.t5,False
-1,False,8,"theorem t5 : s ∪ s ∩ t = s := by
  ext x; constructor
  · rintro (xs | ⟨xs, xt⟩) <;> exact xs
  · intro xs; left; exact xs

",,True,-1,"theorem t5 : s ∪ s ∩ t = s := by
  ext x
  simp [or_iff_not_imp_left, not_imp_self]
","💥️unsolved goals
case h
α : Type u_1
s t : Set α
x : α
⊢ x ∉ s → x ∈ s ∧ x ∈ t ↔ x ∈ s",False,60,MIL.C04_Sets_and_Functions.solutions.Solutions_S01_Sets,Qwen-7B-long,LENGTH,best_of_n,False,0,-1.0,CH04.t5,False
-1,False,8,"theorem t5 : s ∪ s ∩ t = s := by
  ext x; constructor
  · rintro (xs | ⟨xs, xt⟩) <;> exact xs
  · intro xs; left; exact xs

",,True,-1,"theorem t5 : s ∪ s ∩ t = s :=
  Set.ext (fun x => (s ∪ (s ∩ t)).id_le x)
  (fun _ _ ↦ by aesop)
","💥️invalid field 'id_le', the environment does not contain 'Set.id_le'
  s ∪ s ∩ t
has type
  Set α

💥️invalid field notation, type is not of the form (C ...) where C is a constant
  s ∪ s ∩ t
has type
  α → Prop",False,60,MIL.C04_Sets_and_Functions.solutions.Solutions_S01_Sets,Qwen-7B-long,LENGTH,best_of_n,False,0,-1.0,CH04.t5,False
-1,False,8,"theorem t5 : s ∪ s ∩ t = s := by
  ext x; constructor
  · rintro (xs | ⟨xs, xt⟩) <;> exact xs
  · intro xs; left; exact xs

",,True,-1,"theorem t5 : s ∪ s ∩ t = s := by
  ext x
  simp [or_and_left]
","💥️unsolved goals
case h
α : Type u_1
s t : Set α
x : α
⊢ x ∈ s → x ∈ s ∨ x ∈ t",False,60,MIL.C04_Sets_and_Functions.solutions.Solutions_S01_Sets,Qwen-7B-long,LENGTH,best_of_n,False,0,-1.0,CH04.t5,False
-1,False,8,"theorem t5 : s ∪ s ∩ t = s := by
  ext x; constructor
  · rintro (xs | ⟨xs, xt⟩) <;> exact xs
  · intro xs; left; exact xs

",,True,-1,"theorem t5 : s ∪ s ∩ t = s :=
  idempotent_def s t.mono (∅ := by simp) (s := by simp) |>.id
","💥️unexpected token ':='; expected ')', ',' or ':'",False,60,MIL.C04_Sets_and_Functions.solutions.Solutions_S01_Sets,Qwen-7B-long,LENGTH,best_of_n,False,0,-1.0,CH04.t5,False
-1,False,8,"theorem t5 : s ∪ s ∩ t = s := by
  ext x; constructor
  · rintro (xs | ⟨xs, xt⟩) <;> exact xs
  · intro xs; left; exact xs

",,True,-1,"theorem t5 : s ∪ s ∩ t = s := by
  simpa [idempotent_left, absorbing_right] using t5.mono (S.le_set_union_right _ _) (S.le_setid _)
","💥️unknown identifier 'idempotent_left'

💥️unknown identifier 'absorbing_right'",False,60,MIL.C04_Sets_and_Functions.solutions.Solutions_S01_Sets,Qwen-7B-long,LENGTH,best_of_n,False,0,-1.0,CH04.t5,False
-1,False,8,"theorem t5 : s ∪ s ∩ t = s := by
  ext x; constructor
  · rintro (xs | ⟨xs, xt⟩) <;> exact xs
  · intro xs; left; exact xs

",,True,-1,"theorem t5 : s ∪ s ∩ t = s := by
  ext x
  chips x (Or.inr ⟨_, _⟩)
","💥️unknown tactic

💥️unsolved goals
case h
α : Type u_1
s t : Set α
x : α
⊢ x ∈ s ∪ s ∩ t ↔ x ∈ s",False,60,MIL.C04_Sets_and_Functions.solutions.Solutions_S01_Sets,Qwen-7B-long,LENGTH,best_of_n,False,0,-1.0,CH04.t5,False
-1,False,8,"theorem t5 : s ∪ s ∩ t = s := by
  ext x; constructor
  · rintro (xs | ⟨xs, xt⟩) <;> exact xs
  · intro xs; left; exact xs

",,True,-1,"theorem t5 : s ∪ s ∩ t = s : by
  ext x
  constructor
  · suffices s x ∨ (s x ∧ t x) by simpa
    simpa using (s x).or.in intro h
  · intro hs; left; exact hs


","💥️unexpected token ':'; expected ':=', 'where' or '|'",False,60,MIL.C04_Sets_and_Functions.solutions.Solutions_S01_Sets,Qwen-7B-long,LENGTH,best_of_n,False,0,-1.0,CH04.t5,False
-1,False,8,"theorem t5 : s ∪ s ∩ t = s := by
  ext x; constructor
  · rintro (xs | ⟨xs, xt⟩) <;> exact xs
  · intro xs; left; exact xs

",,True,-1,"theorem t5 : s ∪ s ∩ t = s :=
  max s t


","💥️type mismatch
  s ⊔ t
has type
  Set α : Type u_1
but is expected to have type
  s ∪ s ∩ t = s : Prop",False,60,MIL.C04_Sets_and_Functions.solutions.Solutions_S01_Sets,Qwen-7B-long,LENGTH,best_of_n,False,0,-1.0,CH04.t5,False
-1,False,8,"theorem t5 : s ∪ s ∩ t = s := by
  ext x; constructor
  · rintro (xs | ⟨xs, xt⟩) <;> exact xs
  · intro xs; left; exact xs

",,True,2,"theorem t5 : s ∪ s ∩ t = s := by
  ext
  simp (config := {contextual := true})
",,True,60,MIL.C04_Sets_and_Functions.solutions.Solutions_S01_Sets,Qwen-7B-long,LENGTH,best_of_n,False,0,0.75,CH04.t5,False
-1,False,8,"theorem t5 : s ∪ s ∩ t = s := by
  ext x; constructor
  · rintro (xs | ⟨xs, xt⟩) <;> exact xs
  · intro xs; left; exact xs

",,True,-1,"theorem t5 : s ∪ s ∩ t = s :=
  (left_idempotent_gen_or_iff.2 _).trans (or_and _ _).symm
",💥️unknown identifier 'left_idempotent_gen_or_iff',False,60,MIL.C04_Sets_and_Functions.solutions.Solutions_S01_Sets,Qwen-7B-long,LENGTH,best_of_n,False,0,-1.0,CH04.t5,False
-1,False,8,"theorem t5 : s ∪ s ∩ t = s := by
  ext x; constructor
  · rintro (xs | ⟨xs, xt⟩) <;> exact xs
  · intro xs; left; exact xs

",,True,3,"theorem t5 : s ∪ s ∩ t = s := by
  ext x
  classical
  aesop
",,True,60,MIL.C04_Sets_and_Functions.solutions.Solutions_S01_Sets,Qwen-7B-long,LENGTH,best_of_n,False,0,0.625,CH04.t5,False
-1,False,8,"theorem t5 : s ∪ s ∩ t = s := by
  ext x; constructor
  · rintro (xs | ⟨xs, xt⟩) <;> exact xs
  · intro xs; left; exact xs

",,True,-1,"theorem t5 : s ∪ s ∩ t = s := by
  ext x
  exact ⟨fun (xs | ⟨xs, xt⟩) => xs, fun xs => xs⟩
","💥️unexpected token '|'; expected ')', ',' or ':'

💥️invalid constructor ⟨...⟩, insufficient number of arguments, constructs 'Iff.intro' has #2 explicit fields, but only #1 provided",False,60,MIL.C04_Sets_and_Functions.solutions.Solutions_S01_Sets,Qwen-7B-long,LENGTH,best_of_n,False,0,-1.0,CH04.t5,False
-1,False,8,"theorem t5 : s ∪ s ∩ t = s := by
  ext x; constructor
  · rintro (xs | ⟨xs, xt⟩) <;> exact xs
  · intro xs; left; exact xs

",,True,-1,"theorem t5 : s ∪ (s ∩ t) = s := by
  ext
  simp [or_and_distrib_left]
","💥️unknown identifier 'or_and_distrib_left'

💥️unsolved goals
case h
α : Type u_1
s t : Set α
x✝ : α
⊢ x✝ ∈ s → x✝ ∈ t → x✝ ∈ s",False,60,MIL.C04_Sets_and_Functions.solutions.Solutions_S01_Sets,Qwen-7B-long,LENGTH,best_of_n,False,0,-1.0,CH04.t5,False
-1,False,8,"theorem t5 : s ∪ s ∩ t = s := by
  ext x; constructor
  · rintro (xs | ⟨xs, xt⟩) <;> exact xs
  · intro xs; left; exact xs

",,True,-1,"theorem t5 : s ∪ s ∩ t = s := by
  apply le_anti <| by ext
  refine Set.ext (fun _ ↦ le_iff.2 ?_)
  simp [le_left_iff.s __, le_right_iff.s __]
","💥️unknown identifier 'le_anti'

💥️no goals to be solved",False,60,MIL.C04_Sets_and_Functions.solutions.Solutions_S01_Sets,Qwen-7B-long,LENGTH,best_of_n,False,0,-1.0,CH04.t5,False
-1,False,8,"theorem t5 : s ∪ s ∩ t = s := by
  ext x; constructor
  · rintro (xs | ⟨xs, xt⟩) <;> exact xs
  · intro xs; left; exact xs

",,True,8,"theorem t5 : s ∪ s ∩ t = s := by
  ext x
  constructor
  · rintro (xs | ⟨xs, xt⟩) <;> exact xs
  · intro xs; left; exact xs
",,True,60,MIL.C04_Sets_and_Functions.solutions.Solutions_S01_Sets,Qwen-7B-long,LENGTH,best_of_n,False,0,0.0,CH04.t5,False
-1,False,8,"theorem t5 : s ∪ s ∩ t = s := by
  ext x; constructor
  · rintro (xs | ⟨xs, xt⟩) <;> exact xs
  · intro xs; left; exact xs

",,True,-1,"ENV-FMT ""1.2""

theorem t5 : s ∪ s ∩ t = s :=
  (Union_eq_sup s t).trans (Union_sUnion s (s ∩ t))
","💥️unexpected identifier; expected command

💥️unknown identifier 'Union_eq_sup'",False,60,MIL.C04_Sets_and_Functions.solutions.Solutions_S01_Sets,Qwen-7B-long,LENGTH,best_of_n,False,0,-1.0,CH04.t5,False
-1,False,8,"theorem t5 : s ∪ s ∩ t = s := by
  ext x; constructor
  · rintro (xs | ⟨xs, xt⟩) <;> exact xs
  · intro xs; left; exact xs

",,True,2,"theorem t5 : s ∪ s ∩ t = s := by
  ext x
  aesop (add simp [or_and_left])
",,True,60,MIL.C04_Sets_and_Functions.solutions.Solutions_S01_Sets,Qwen-7B-long,LENGTH,best_of_n,False,0,0.75,CH04.t5,False
-1,False,8,"theorem t5 : s ∪ s ∩ t = s := by
  ext x; constructor
  · rintro (xs | ⟨xs, xt⟩) <;> exact xs
  · intro xs; left; exact xs

",,True,-1,"theorem t5 : s ∪ (s ∩ t) = s := by
  simp [abs_eq_self_left, abs_le_right_iff]
","💥️unknown identifier 'abs_eq_self_left'

💥️unknown identifier 'abs_le_right_iff'",False,60,MIL.C04_Sets_and_Functions.solutions.Solutions_S01_Sets,Qwen-7B-long,LENGTH,best_of_n,False,0,-1.0,CH04.t5,False
-1,False,8,"theorem t5 : s ∪ s ∩ t = s := by
  ext x; constructor
  · rintro (xs | ⟨xs, xt⟩) <;> exact xs
  · intro xs; left; exact xs

",,True,-1,"theorem t5 : s ∪ s ∩ t = s :=
  coe_injective <| by ext; simp
",💥️unknown identifier 'coe_injective',False,60,MIL.C04_Sets_and_Functions.solutions.Solutions_S01_Sets,Qwen-7B-long,LENGTH,best_of_n,False,0,-1.0,CH04.t5,False
-1,False,8,"theorem t5 : s ∪ s ∩ t = s := by
  ext x; constructor
  · rintro (xs | ⟨xs, xt⟩) <;> exact xs
  · intro xs; left; exact xs

",,True,-1,"theorem t5 : s ∪ s ∩ t = s :=
  (Monotone.map_inf_le s...).antisymm t.le t.add_le_left s.le
","💥️unexpected token '...'; expected ')', ',' or ':'",False,60,MIL.C04_Sets_and_Functions.solutions.Solutions_S01_Sets,Qwen-7B-long,LENGTH,best_of_n,False,0,-1.0,CH04.t5,False
-1,False,8,"theorem t5 : s ∪ s ∩ t = s := by
  ext x; constructor
  · rintro (xs | ⟨xs, xt⟩) <;> exact xs
  · intro xs; left; exact xs

",,True,1,"theorem t5 : s ∪ s ∩ t = s := by
  simp
",,True,60,MIL.C04_Sets_and_Functions.solutions.Solutions_S01_Sets,Qwen-7B-long,LENGTH,best_of_n,False,0,0.875,CH04.t5,False
-1,False,8,"theorem t5 : s ∪ s ∩ t = s := by
  ext x; constructor
  · rintro (xs | ⟨xs, xt⟩) <;> exact xs
  · intro xs; left; exact xs

",,True,-1,"theorem t5 : s ∪ s ∩ t = s := by
  ext
  introduced x
  wlog
  intros
  exact constructor


","💥️unknown tactic

💥️unsolved goals
case h
α : Type u_1
s t : Set α
x✝ : α
⊢ x✝ ∈ s ∪ s ∩ t ↔ x✝ ∈ s",False,60,MIL.C04_Sets_and_Functions.solutions.Solutions_S01_Sets,Qwen-7B-long,LENGTH,best_of_n,False,0,-1.0,CH04.t5,False
-1,False,8,"theorem t5 : s ∪ s ∩ t = s := by
  ext x; constructor
  · rintro (xs | ⟨xs, xt⟩) <;> exact xs
  · intro xs; left; exact xs

",,True,-1,"theorem t5 : s ∪ s ∩ t = s := by
  simpa [setsince, Add simp]
","💥️unknown identifier 'setsince'

💥️unknown identifier 'simp'",False,60,MIL.C04_Sets_and_Functions.solutions.Solutions_S01_Sets,Qwen-7B-long,LENGTH,best_of_n,False,0,-1.0,CH04.t5,False
-1,False,8,"theorem t5 : s ∪ s ∩ t = s := by
  ext x; constructor
  · rintro (xs | ⟨xs, xt⟩) <;> exact xs
  · intro xs; left; exact xs

",,True,8,"theorem t5 : s ∪ s ∩ t = s := by
  ext x; constructor
  · rintro (xs | ⟨xs, xt⟩) <;> exact xs
  · intro xs; left; exact xs
",,True,60,MIL.C04_Sets_and_Functions.solutions.Solutions_S01_Sets,Qwen-7B-long,LENGTH,best_of_n,False,0,0.0,CH04.t5,False
-1,False,8,"theorem t5 : s ∪ s ∩ t = s := by
  ext x; constructor
  · rintro (xs | ⟨xs, xt⟩) <;> exact xs
  · intro xs; left; exact xs

",,True,-1,"theorem t5 : s ∪ s ∩ t = s := by
  ext x
  by_cases h : x ∈ s ∩ t
  · exact Or.inl h
  · exact Or.inl h


","💥️type mismatch
  Or.inl h
has type
  x ∈ s ∩ t ∨ ?m.1157 : Prop
but is expected to have type
  x ∈ s ∪ s ∩ t ↔ x ∈ s : Prop

💥️type mismatch
  Or.inl h
has type
  x ∉ s ∩ t ∨ ?m.1159 : Prop
but is expected to have type
  x ∈ s ∪ s ∩ t ↔ x ∈ s : Prop",False,60,MIL.C04_Sets_and_Functions.solutions.Solutions_S01_Sets,Qwen-7B-long,LENGTH,best_of_n,False,0,-1.0,CH04.t5,False
-1,False,8,"theorem t5 : s ∪ s ∩ t = s := by
  ext x; constructor
  · rintro (xs | ⟨xs, xt⟩) <;> exact xs
  · intro xs; left; exact xs

",,True,8,"theorem t5 : s ∪ s ∩ t = s := by
  ext x
  constructor
  · rintro (xs | ⟨xs, xt⟩) <;> exact xs
  · intro xs; left; exact xs


",,True,60,MIL.C04_Sets_and_Functions.solutions.Solutions_S01_Sets,Qwen-7B-long,LENGTH,best_of_n,False,0,0.0,CH04.t5,False
-1,False,8,"theorem t5 : s ∪ s ∩ t = s := by
  ext x; constructor
  · rintro (xs | ⟨xs, xt⟩) <;> exact xs
  · intro xs; left; exact xs

",,True,-1,"=sage剩余分量的夹杂手段  ----------------------------
```
theorem t5 : s ∪ s ∩ t = s := by
  ext
  simp [or_and_left]
","💥️unexpected token '='; expected command

💥️unsolved goals
case h
α : Type u_1
s t : Set α
x✝ : α
⊢ x✝ ∈ s → x✝ ∈ s ∨ x✝ ∈ t",False,60,MIL.C04_Sets_and_Functions.solutions.Solutions_S01_Sets,Qwen-7B-long,LENGTH,best_of_n,False,0,-1.0,CH04.t5,False
-1,False,8,"theorem t5 : s ∪ s ∩ t = s := by
  ext x; constructor
  · rintro (xs | ⟨xs, xt⟩) <;> exact xs
  · intro xs; left; exact xs

",,True,-1,"theorem t5 : s ∪ s ∩ t = s := by
  left; apply set.ext
  intro x; simp
","💥️tactic 'left' failed, left tactic works for inductive types with exactly 2 constructors
α : Type u_1
s t : Set α
⊢ s ∪ s ∩ t = s",False,60,MIL.C04_Sets_and_Functions.solutions.Solutions_S01_Sets,Qwen-7B-long,LENGTH,best_of_n,False,0,-1.0,CH04.t5,False
-1,False,8,"theorem t5 : s ∪ s ∩ t = s := by
  ext x; constructor
  · rintro (xs | ⟨xs, xt⟩) <;> exact xs
  · intro xs; left; exact xs

",,True,-1,"lemma t5 : s ∪ s ∩ t = s := by
  ext S; simp [and_iff_left]
","💥️unsolved goals
case h
α : Type u_1
s t : Set α
S : α
⊢ S ∈ s → S ∈ t → S ∈ s",False,60,MIL.C04_Sets_and_Functions.solutions.Solutions_S01_Sets,Qwen-7B-long,LENGTH,best_of_n,False,0,-1.0,CH04.t5,False
-1,False,16,"theorem t6 : s \ t ∪ t = s ∪ t := by
  ext x; constructor
  · rintro (⟨xs, nxt⟩ | xt)
    · left
      exact xs
    · right
      exact xt
  by_cases h : x ∈ t
  · intro
    right
    exact h
  rintro (xs | xt)
  · left
    use xs
  right; exact xt

",,True,-1,"theorem t6 : s \ t ∪ t = s ∪ t :=
  coe_injective <| by ext; simp [or_iff_not_imp_left]
",💥️unknown identifier 'coe_injective',False,60,MIL.C04_Sets_and_Functions.solutions.Solutions_S01_Sets,Qwen-7B-long,LENGTH,best_of_n,False,0,-1.0,CH04.t6,False
-1,False,16,"theorem t6 : s \ t ∪ t = s ∪ t := by
  ext x; constructor
  · rintro (⟨xs, nxt⟩ | xt)
    · left
      exact xs
    · right
      exact xt
  by_cases h : x ∈ t
  · intro
    right
    exact h
  rintro (xs | xt)
  · left
    use xs
  right; exact xt

",,True,-1,"theorem t6 : s \ t ∪ t = s ∪ t :=
  coe_inclusion <| by ext; simp
","💥️type mismatch
  coe_inclusion ?m.1226
has type
  ∀ (x : ↑?m.1224), ↑(inclusion ?m.1226 x) = ↑x : Prop
but is expected to have type
  s \ t ∪ t = s ∪ t : Prop

💥️applyExtTheorem only applies to equations, not
  ∀ ⦃a : ?m.1223⦄, a ∈ ?m.1224 → a ∈ ?m.1225",False,60,MIL.C04_Sets_and_Functions.solutions.Solutions_S01_Sets,Qwen-7B-long,LENGTH,best_of_n,False,0,-1.0,CH04.t6,False
-1,False,16,"theorem t6 : s \ t ∪ t = s ∪ t := by
  ext x; constructor
  · rintro (⟨xs, nxt⟩ | xt)
    · left
      exact xs
    · right
      exact xt
  by_cases h : x ∈ t
  · intro
    right
    exact h
  rintro (xs | xt)
  · left
    use xs
  right; exact xt

",,True,-1,"theorem t6 : s \ t ∪ t = s ∪ t := by
  ext x
  by_cases h : x ∈ t
  · intro; right
    exact h
  · rintro (xs | xt)
    · left
      exact xs
    · right
      exact xt


","💥️tactic 'introN' failed, insufficient number of binders
case pos
α : Type u_1
s t : Set α
x : α
h : x ∈ t
⊢ x ∈ s \ t ∪ t ↔ x ∈ s ∪ t

💥️tactic 'introN' failed, insufficient number of binders
case neg
α : Type u_1
s t : Set α
x : α
h : x ∉ t
⊢ x ∈ s \ t ∪ t ↔ x ∈ s ∪ t",False,60,MIL.C04_Sets_and_Functions.solutions.Solutions_S01_Sets,Qwen-7B-long,LENGTH,best_of_n,False,0,-1.0,CH04.t6,False
-1,False,16,"theorem t6 : s \ t ∪ t = s ∪ t := by
  ext x; constructor
  · rintro (⟨xs, nxt⟩ | xt)
    · left
      exact xs
    · right
      exact xt
  by_cases h : x ∈ t
  · intro
    right
    exact h
  rintro (xs | xt)
  · left
    use xs
  right; exact xt

",,True,-1,"theorem t6 : s \ t ∪ t = s ∪ t := by
  ext x
  by_cases h : x ∈ t
  · intro; right
    exact h
  · simp [h]
","💥️tactic 'introN' failed, insufficient number of binders
case pos
α : Type u_1
s t : Set α
x : α
h : x ∈ t
⊢ x ∈ s \ t ∪ t ↔ x ∈ s ∪ t",False,60,MIL.C04_Sets_and_Functions.solutions.Solutions_S01_Sets,Qwen-7B-long,LENGTH,best_of_n,False,0,-1.0,CH04.t6,False
-1,False,16,"theorem t6 : s \ t ∪ t = s ∪ t := by
  ext x; constructor
  · rintro (⟨xs, nxt⟩ | xt)
    · left
      exact xs
    · right
      exact xt
  by_cases h : x ∈ t
  · intro
    right
    exact h
  rintro (xs | xt)
  · left
    use xs
  right; exact xt

",,True,-1,"theorem t6 : s \ t ∪ t = s ∪ t :=
  coe_union : Module (S \ T) + Module T →ₗ Module (S ∪ T)
  (addHomEq s \ t, addHomEq t) (addHomEq s) (addHomEq t)

",💥️unknown identifier 'coe_union',False,60,MIL.C04_Sets_and_Functions.solutions.Solutions_S01_Sets,Qwen-7B-long,LENGTH,best_of_n,False,0,-1.0,CH04.t6,False
-1,False,16,"theorem t6 : s \ t ∪ t = s ∪ t := by
  ext x; constructor
  · rintro (⟨xs, nxt⟩ | xt)
    · left
      exact xs
    · right
      exact xt
  by_cases h : x ∈ t
  · intro
    right
    exact h
  rintro (xs | xt)
  · left
    use xs
  right; exact xt

",,True,-1,"theorem t6 : s \ t ∪ t = s ∪ t := by
  ext x
  on_goal 1 => split_ifs <;> simp
  on_goal 2 => right; tauto
","💥️tactic 'split_ifs' failed, no if-then-else conditions to split
case h
α : Type u_1
s t : Set α
x : α
⊢ x ∈ s \ t ∪ t ↔ x ∈ s ∪ t",False,60,MIL.C04_Sets_and_Functions.solutions.Solutions_S01_Sets,Qwen-7B-long,LENGTH,best_of_n,False,0,-1.0,CH04.t6,False
-1,False,16,"theorem t6 : s \ t ∪ t = s ∪ t := by
  ext x; constructor
  · rintro (⟨xs, nxt⟩ | xt)
    · left
      exact xs
    · right
      exact xt
  by_cases h : x ∈ t
  · intro
    right
    exact h
  rintro (xs | xt)
  · left
    use xs
  right; exact xt

",,True,-1,"theorem t6 : s \ t ∪ t = s ∪ t :=
  coe_injective <| by ext; simp [or_iff_not_imp_left, not_imp]
",💥️unknown identifier 'coe_injective',False,60,MIL.C04_Sets_and_Functions.solutions.Solutions_S01_Sets,Qwen-7B-long,LENGTH,best_of_n,False,0,-1.0,CH04.t6,False
-1,False,16,"theorem t6 : s \ t ∪ t = s ∪ t := by
  ext x; constructor
  · rintro (⟨xs, nxt⟩ | xt)
    · left
      exact xs
    · right
      exact xt
  by_cases h : x ∈ t
  · intro
    right
    exact h
  rintro (xs | xt)
  · left
    use xs
  right; exact xt

",,True,-1,"theorem t6 : s \ t ∪ t = s ∪ t :=
  coe_union : s ∪ t = s ∪ t
",💥️unknown identifier 'coe_union',False,60,MIL.C04_Sets_and_Functions.solutions.Solutions_S01_Sets,Qwen-7B-long,LENGTH,best_of_n,False,0,-1.0,CH04.t6,False
-1,False,16,"theorem t6 : s \ t ∪ t = s ∪ t := by
  ext x; constructor
  · rintro (⟨xs, nxt⟩ | xt)
    · left
      exact xs
    · right
      exact xt
  by_cases h : x ∈ t
  · intro
    right
    exact h
  rintro (xs | xt)
  · left
    use xs
  right; exact xt

",,True,-1,"theorem t6 : s \ t ∪ t = s ∪ t :=
  coe_injective <| by ext
    (coe_injective <| by simp [← mem_diff, not_exists, and_imp, id, not_id])

",💥️unknown identifier 'coe_injective',False,60,MIL.C04_Sets_and_Functions.solutions.Solutions_S01_Sets,Qwen-7B-long,LENGTH,best_of_n,False,0,-1.0,CH04.t6,False
-1,False,16,"theorem t6 : s \ t ∪ t = s ∪ t := by
  ext x; constructor
  · rintro (⟨xs, nxt⟩ | xt)
    · left
      exact xs
    · right
      exact xt
  by_cases h : x ∈ t
  · intro
    right
    exact h
  rintro (xs | xt)
  · left
    use xs
  right; exact xt

",,True,-1,"theorem t6 : s \ t ∪ t = s ∪ t := by
 WSOP (add simp [subset_iff.2 t.2, subsub_cancel_right_iff p := by simp [t.2])

","💥️unknown tactic

💥️unsolved goals
α : Type u_1
s t : Set α
⊢ s \ t ∪ t = s ∪ t",False,60,MIL.C04_Sets_and_Functions.solutions.Solutions_S01_Sets,Qwen-7B-long,LENGTH,best_of_n,False,0,-1.0,CH04.t6,False
-1,False,16,"theorem t6 : s \ t ∪ t = s ∪ t := by
  ext x; constructor
  · rintro (⟨xs, nxt⟩ | xt)
    · left
      exact xs
    · right
      exact xt
  by_cases h : x ∈ t
  · intro
    right
    exact h
  rintro (xs | xt)
  · left
    use xs
  right; exact xt

",,True,-1,"/PD

Wait, that doesn't seem right. Let me try again. Here's an improved version of the theorem t6: s (t ∪ t) = s ∪ t using logical steps.

theorem t6 : s (t ∪ t) = s ∪ t := by
  ext t
  simp_rw [subset_def, union_eq_right_iff_subset_of_anti]
","💥️unexpected token '/'; expected command

💥️unexpected token 'using'; expected ':=', 'where' or '|'

💥️application type mismatch
  Union.union t
argument
  t
has type
  Set α : Type u_1
but is expected to have type
  α : Type u_1

💥️failed to synthesize
  Union α
Additional diagnostic information may be available using the `set_option diagnostics true` command.

💥️type mismatch
  s ∪ t
has type
  Set α : Type u_1
but is expected to have type
  Prop : Type",False,60,MIL.C04_Sets_and_Functions.solutions.Solutions_S01_Sets,Qwen-7B-long,LENGTH,best_of_n,False,0,-1.0,CH04.t6,False
-1,False,16,"theorem t6 : s \ t ∪ t = s ∪ t := by
  ext x; constructor
  · rintro (⟨xs, nxt⟩ | xt)
    · left
      exact xs
    · right
      exact xt
  by_cases h : x ∈ t
  · intro
    right
    exact h
  rintro (xs | xt)
  · left
    use xs
  right; exact xt

",,True,-1,"theorem t6 : s \ t ∪ t = s ∪ t :=
  coe_injective <| by ext; simp
",💥️unknown identifier 'coe_injective',False,60,MIL.C04_Sets_and_Functions.solutions.Solutions_S01_Sets,Qwen-7B-long,LENGTH,best_of_n,False,0,-1.0,CH04.t6,False
-1,False,16,"theorem t6 : s \ t ∪ t = s ∪ t := by
  ext x; constructor
  · rintro (⟨xs, nxt⟩ | xt)
    · left
      exact xs
    · right
      exact xt
  by_cases h : x ∈ t
  · intro
    right
    exact h
  rintro (xs | xt)
  · left
    use xs
  right; exact xt

",,True,-1,"theorem t6 : s \ t ∪ t = s ∪ t :=
  coe_injective <| by ext; simp
",💥️unknown identifier 'coe_injective',False,60,MIL.C04_Sets_and_Functions.solutions.Solutions_S01_Sets,Qwen-7B-long,LENGTH,best_of_n,False,0,-1.0,CH04.t6,False
-1,False,16,"theorem t6 : s \ t ∪ t = s ∪ t := by
  ext x; constructor
  · rintro (⟨xs, nxt⟩ | xt)
    · left
      exact xs
    · right
      exact xt
  by_cases h : x ∈ t
  · intro
    right
    exact h
  rintro (xs | xt)
  · left
    use xs
  right; exact xt

",,True,-1,"theorem t6 : s \ t ∪ t = s ∪ t :=
  eq_of_forall_geometrically (add simp t6.t6) t6.t6.eq t6.forall
",💥️unknown identifier 'eq_of_forall_geometrically',False,60,MIL.C04_Sets_and_Functions.solutions.Solutions_S01_Sets,Qwen-7B-long,LENGTH,best_of_n,False,0,-1.0,CH04.t6,False
-1,False,16,"theorem t6 : s \ t ∪ t = s ∪ t := by
  ext x; constructor
  · rintro (⟨xs, nxt⟩ | xt)
    · left
      exact xs
    · right
      exact xt
  by_cases h : x ∈ t
  · intro
    right
    exact h
  rintro (xs | xt)
  · left
    use xs
  right; exact xt

",,True,-1,"theorem t6 : s \ t ∪ t = s ∪ t := by
  rw [absolutely, measure_theoryDisplays]
  refine tsub_eq s_t.monoByY tsub publish
  clear tsub
  structure tsub with
  | head : tsub s t = tsub s₀ t₀ | sub
  rfl
","💥️unknown identifier 'absolutely'

💥️tactic 'rewrite' failed, equality or iff proof expected
  ?m.1224
α : Type u_1
s t : Set α
⊢ s \ t ∪ t = s ∪ t",False,60,MIL.C04_Sets_and_Functions.solutions.Solutions_S01_Sets,Qwen-7B-long,LENGTH,best_of_n,False,0,-1.0,CH04.t6,False
-1,False,16,"theorem t6 : s \ t ∪ t = s ∪ t := by
  ext x; constructor
  · rintro (⟨xs, nxt⟩ | xt)
    · left
      exact xs
    · right
      exact xt
  by_cases h : x ∈ t
  · intro
    right
    exact h
  rintro (xs | xt)
  · left
    use xs
  right; exact xt

",,True,-1,"theorem t6 : s \ t ∪ t = s ∪ t := by
  ext x
  by_cases h : x ∈ t
  · simp
  · rintro (xs | xt)
    · left
      exact xs
    · right
      exact xt
","💥️tactic 'introN' failed, insufficient number of binders
case neg
α : Type u_1
s t : Set α
x : α
h : x ∉ t
⊢ x ∈ s \ t ∪ t ↔ x ∈ s ∪ t",False,60,MIL.C04_Sets_and_Functions.solutions.Solutions_S01_Sets,Qwen-7B-long,LENGTH,best_of_n,False,0,-1.0,CH04.t6,False
-1,False,16,"theorem t6 : s \ t ∪ t = s ∪ t := by
  ext x; constructor
  · rintro (⟨xs, nxt⟩ | xt)
    · left
      exact xs
    · right
      exact xt
  by_cases h : x ∈ t
  · intro
    right
    exact h
  rintro (xs | xt)
  · left
    use xs
  right; exact xt

",,True,-1,"theorem t6 : s \ t ∪ t = s ∪ t := by
  ""="" xs) <;> simp (config := {contextual := true})
","💥️unexpected token; expected '{' or tactic

💥️unsolved goals
α : Type u_1
s t : Set α
⊢ s \ t ∪ t = s ∪ t",False,60,MIL.C04_Sets_and_Functions.solutions.Solutions_S01_Sets,Qwen-7B-long,LENGTH,best_of_n,False,0,-1.0,CH04.t6,False
-1,False,16,"theorem t6 : s \ t ∪ t = s ∪ t := by
  ext x; constructor
  · rintro (⟨xs, nxt⟩ | xt)
    · left
      exact xs
    · right
      exact xt
  by_cases h : x ∈ t
  · intro
    right
    exact h
  rintro (xs | xt)
  · left
    use xs
  right; exact xt

",,True,-1,"theorem t6 : s \ t ∪ t = s ∪ t := by
  ext
  simp [or_add_cancel_right]
",💥️unknown identifier 'or_add_cancel_right',False,60,MIL.C04_Sets_and_Functions.solutions.Solutions_S01_Sets,Qwen-7B-long,LENGTH,best_of_n,False,0,-1.0,CH04.t6,False
-1,False,16,"theorem t6 : s \ t ∪ t = s ∪ t := by
  ext x; constructor
  · rintro (⟨xs, nxt⟩ | xt)
    · left
      exact xs
    · right
      exact xt
  by_cases h : x ∈ t
  · intro
    right
    exact h
  rintro (xs | xt)
  · left
    use xs
  right; exact xt

",,True,-1,"theorem t6 : s \ t ∪ t = s ∪ t := by
  simp [head,语言 structure union, redisconcatenation, etc.]
","💥️expected token

💥️unknown identifier 'head'",False,60,MIL.C04_Sets_and_Functions.solutions.Solutions_S01_Sets,Qwen-7B-long,LENGTH,best_of_n,False,0,-1.0,CH04.t6,False
-1,False,16,"theorem t6 : s \ t ∪ t = s ∪ t := by
  ext x; constructor
  · rintro (⟨xs, nxt⟩ | xt)
    · left
      exact xs
    · right
      exact xt
  by_cases h : x ∈ t
  · intro
    right
    exact h
  rintro (xs | xt)
  · left
    use xs
  right; exact xt

",,True,-1,"theorem t6 : s \ t ∪ t = s ∪ t :=
  coe_injective <| by ext; simp [← coe_union, ← coe_setdiff]
",💥️unknown identifier 'coe_injective',False,60,MIL.C04_Sets_and_Functions.solutions.Solutions_S01_Sets,Qwen-7B-long,LENGTH,best_of_n,False,0,-1.0,CH04.t6,False
-1,False,16,"theorem t6 : s \ t ∪ t = s ∪ t := by
  ext x; constructor
  · rintro (⟨xs, nxt⟩ | xt)
    · left
      exact xs
    · right
      exact xt
  by_cases h : x ∈ t
  · intro
    right
    exact h
  rintro (xs | xt)
  · left
    use xs
  right; exact xt

",,True,-1,"theorem t6 : s ∪ t = t ∪ s := by
  ext x
  constructor
  · simp_rw [or_left, or_right]
  · tauto

","💥️unknown identifier 'or_left'

💥️simp made no progress

💥️tauto failed to solve some goals.


💥️unsolved goals
case h.mpr
α : Type u_1
s t : Set α
x : α
a✝¹ : x ∈ t ∪ s
a✝ : x ∉ s
⊢ x ∈ t",False,60,MIL.C04_Sets_and_Functions.solutions.Solutions_S01_Sets,Qwen-7B-long,LENGTH,best_of_n,False,0,-1.0,CH04.t6,False
-1,False,16,"theorem t6 : s \ t ∪ t = s ∪ t := by
  ext x; constructor
  · rintro (⟨xs, nxt⟩ | xt)
    · left
      exact xs
    · right
      exact xt
  by_cases h : x ∈ t
  · intro
    right
    exact h
  rintro (xs | xt)
  · left
    use xs
  right; exact xt

",,True,-1,"theorem t6 : s \ t ∪ t = s ∪ t :=
  coe_injective <| by ext; simp
",💥️unknown identifier 'coe_injective',False,60,MIL.C04_Sets_and_Functions.solutions.Solutions_S01_Sets,Qwen-7B-long,LENGTH,best_of_n,False,0,-1.0,CH04.t6,False
-1,False,16,"theorem t6 : s \ t ∪ t = s ∪ t := by
  ext x; constructor
  · rintro (⟨xs, nxt⟩ | xt)
    · left
      exact xs
    · right
      exact xt
  by_cases h : x ∈ t
  · intro
    right
    exact h
  rintro (xs | xt)
  · left
    use xs
  right; exact xt

",,True,-1,"theorem t6 : s \ t ∪ t = s ∪ t := by
  ext x
  by_cases h : x ∈ t
  · intro; right exact h
  rintro (xs | xt)
  · left; exact xs
  rintro (xs | xt); right; exact xt


","💥️tactic 'introN' failed, insufficient number of binders
case pos
α : Type u_1
s t : Set α
x : α
h : x ∈ t
⊢ x ∈ s \ t ∪ t ↔ x ∈ s ∪ t

💥️unsolved goals
case neg
α : Type u_1
s t : Set α
x : α
h : x ∉ t
⊢ x ∈ s \ t ∪ t ↔ x ∈ s ∪ t",False,60,MIL.C04_Sets_and_Functions.solutions.Solutions_S01_Sets,Qwen-7B-long,LENGTH,best_of_n,False,0,-1.0,CH04.t6,False
-1,False,16,"theorem t6 : s \ t ∪ t = s ∪ t := by
  ext x; constructor
  · rintro (⟨xs, nxt⟩ | xt)
    · left
      exact xs
    · right
      exact xt
  by_cases h : x ∈ t
  · intro
    right
    exact h
  rintro (xs | xt)
  · left
    use xs
  right; exact xt

",,True,16,"theorem t6 : s \ t ∪ t = s ∪ t := by
  ext x; constructor
  · rintro (⟨xs, nxt⟩ | xt)
    · left
      exact xs
    · right
      exact xt
  by_cases h : x ∈ t
  · intro
    right
    exact h
  rintro (xs | xt)
  · left
    use xs
  right; exact xt


",,True,60,MIL.C04_Sets_and_Functions.solutions.Solutions_S01_Sets,Qwen-7B-long,LENGTH,best_of_n,False,0,0.0,CH04.t6,False
-1,False,16,"theorem t6 : s \ t ∪ t = s ∪ t := by
  ext x; constructor
  · rintro (⟨xs, nxt⟩ | xt)
    · left
      exact xs
    · right
      exact xt
  by_cases h : x ∈ t
  · intro
    right
    exact h
  rintro (xs | xt)
  · left
    use xs
  right; exact xt

",,True,-1,"theorem t6 : s \ t ∪ t = s ∪ t := by
  ext
  aesop (add simp [set_theory.at Most, applyAt, leftDistribution, right])
","💥️duplicate rule 'Most'; rule 'set_theory.at' was already given.
Use [<term>,...] to give multiple rules.",False,60,MIL.C04_Sets_and_Functions.solutions.Solutions_S01_Sets,Qwen-7B-long,LENGTH,best_of_n,False,0,-1.0,CH04.t6,False
-1,False,16,"theorem t6 : s \ t ∪ t = s ∪ t := by
  ext x; constructor
  · rintro (⟨xs, nxt⟩ | xt)
    · left
      exact xs
    · right
      exact xt
  by_cases h : x ∈ t
  · intro
    right
    exact h
  rintro (xs | xt)
  · left
    use xs
  right; exact xt

",,True,-1,"theorem t6 : s \ t ∪ t = s ∪ t := by
  rw [← symmediff_eq_iff]
  lift t
  exact congrArg Setircon j := by simp [t]
","💥️unexpected identifier; expected 'to'

💥️unknown identifier 'symmediff_eq_iff'",False,60,MIL.C04_Sets_and_Functions.solutions.Solutions_S01_Sets,Qwen-7B-long,LENGTH,best_of_n,False,0,-1.0,CH04.t6,False
-1,False,16,"theorem t6 : s \ t ∪ t = s ∪ t := by
  ext x; constructor
  · rintro (⟨xs, nxt⟩ | xt)
    · left
      exact xs
    · right
      exact xt
  by_cases h : x ∈ t
  · intro
    right
    exact h
  rintro (xs | xt)
  · left
    use xs
  right; exact xt

",,True,-1,"theorem t6 : s \ t ∪ t = s ∪ t :=
  coe_injective <| by ext; simp
",💥️unknown identifier 'coe_injective',False,60,MIL.C04_Sets_and_Functions.solutions.Solutions_S01_Sets,Qwen-7B-long,LENGTH,best_of_n,False,0,-1.0,CH04.t6,False
-1,False,16,"theorem t6 : s \ t ∪ t = s ∪ t := by
  ext x; constructor
  · rintro (⟨xs, nxt⟩ | xt)
    · left
      exact xs
    · right
      exact xt
  by_cases h : x ∈ t
  · intro
    right
    exact h
  rintro (xs | xt)
  · left
    use xs
  right; exact xt

",,True,-1,"theorem t6 : s \ t ∪ t = s ∪ t := by
  rewrite [← coe_union, coe_diff, coe_smallUnion, coe_smallInter]
  ext
  simp (config := {contextual := true})

","💥️unknown identifier 'coe_union'

💥️tactic 'rewrite' failed, equality or iff proof expected
  ?m.1224
α : Type u_1
s t : Set α
⊢ s \ t ∪ t = s ∪ t",False,60,MIL.C04_Sets_and_Functions.solutions.Solutions_S01_Sets,Qwen-7B-long,LENGTH,best_of_n,False,0,-1.0,CH04.t6,False
-1,False,16,"theorem t6 : s \ t ∪ t = s ∪ t := by
  ext x; constructor
  · rintro (⟨xs, nxt⟩ | xt)
    · left
      exact xs
    · right
      exact xt
  by_cases h : x ∈ t
  · intro
    right
    exact h
  rintro (xs | xt)
  · left
    use xs
  right; exact xt

",,True,-1,"theorem t6 : s \ t ∪ t = s ∪ t :=
  coe_injective <| by ext; simp
",💥️unknown identifier 'coe_injective',False,60,MIL.C04_Sets_and_Functions.solutions.Solutions_S01_Sets,Qwen-7B-long,LENGTH,best_of_n,False,0,-1.0,CH04.t6,False
-1,False,16,"theorem t6 : s \ t ∪ t = s ∪ t := by
  ext x; constructor
  · rintro (⟨xs, nxt⟩ | xt)
    · left
      exact xs
    · right
      exact xt
  by_cases h : x ∈ t
  · intro
    right
    exact h
  rintro (xs | xt)
  · left
    use xs
  right; exact xt

",,True,-1,"#align t6 t6

theorem t6 : s \ t ∪ t = s ∪ t :=
  Set.ext (by simpa [and_imp, add simp using t6 (∉ t))
)

","💥️unexpected token '#'; expected command

💥️unexpected token 'using'; expected ']'

💥️unknown identifier 'add'",False,60,MIL.C04_Sets_and_Functions.solutions.Solutions_S01_Sets,Qwen-7B-long,LENGTH,best_of_n,False,0,-1.0,CH04.t6,False
-1,False,16,"theorem t6 : s \ t ∪ t = s ∪ t := by
  ext x; constructor
  · rintro (⟨xs, nxt⟩ | xt)
    · left
      exact xs
    · right
      exact xt
  by_cases h : x ∈ t
  · intro
    right
    exact h
  rintro (xs | xt)
  · left
    use xs
  right; exact xt

",,True,-1,"theorem t6 : s ∆ t = t ∆ s := by
  ext x
  simp [add_comm]
",💥️expected token,False,60,MIL.C04_Sets_and_Functions.solutions.Solutions_S01_Sets,Qwen-7B-long,LENGTH,best_of_n,False,0,-1.0,CH04.t6,False
-1,False,16,"theorem t6 : s \ t ∪ t = s ∪ t := by
  ext x; constructor
  · rintro (⟨xs, nxt⟩ | xt)
    · left
      exact xs
    · right
      exact xt
  by_cases h : x ∈ t
  · intro
    right
    exact h
  rintro (xs | xt)
  · left
    use xs
  right; exact xt

",,True,-1,"theorem t6 : s \ t ∪ t = s ∪ t :=
  coe_inclusion <| by ext; simp
","💥️type mismatch
  coe_inclusion ?m.1226
has type
  ∀ (x : ↑?m.1224), ↑(inclusion ?m.1226 x) = ↑x : Prop
but is expected to have type
  s \ t ∪ t = s ∪ t : Prop

💥️applyExtTheorem only applies to equations, not
  ∀ ⦃a : ?m.1223⦄, a ∈ ?m.1224 → a ∈ ?m.1225",False,60,MIL.C04_Sets_and_Functions.solutions.Solutions_S01_Sets,Qwen-7B-long,LENGTH,best_of_n,False,0,-1.0,CH04.t6,False
-1,False,16,"theorem t6 : s \ t ∪ t = s ∪ t := by
  ext x; constructor
  · rintro (⟨xs, nxt⟩ | xt)
    · left
      exact xs
    · right
      exact xt
  by_cases h : x ∈ t
  · intro
    right
    exact h
  rintro (xs | xt)
  · left
    use xs
  right; exact xt

",,True,-1,"theorem t6 : s \ t ∪ t = s ∪ t := by
  ext;orelse simp (config := {contextual := true})
  <;> aesop
","💥️unknown tactic

💥️unsolved goals
case h
α : Type u_1
s t : Set α
x✝ : α
⊢ x✝ ∈ s \ t ∪ t ↔ x✝ ∈ s ∪ t",False,60,MIL.C04_Sets_and_Functions.solutions.Solutions_S01_Sets,Qwen-7B-long,LENGTH,best_of_n,False,0,-1.0,CH04.t6,False
-1,False,16,"theorem t6 : s \ t ∪ t = s ∪ t := by
  ext x; constructor
  · rintro (⟨xs, nxt⟩ | xt)
    · left
      exact xs
    · right
      exact xt
  by_cases h : x ∈ t
  · intro
    right
    exact h
  rintro (xs | xt)
  · left
    use xs
  right; exact xt

",,True,-1,"theorem t6 : s \ t ∪ t = s ∪ t := by
  ext x
  case (inl hx) => left hx
  case (inr hx) => right hx

",💥️unexpected token '('; expected '_' or identifier,False,60,MIL.C04_Sets_and_Functions.solutions.Solutions_S01_Sets,Qwen-7B-long,LENGTH,best_of_n,False,0,-1.0,CH04.t6,False
-1,False,16,"theorem t6 : s \ t ∪ t = s ∪ t := by
  ext x; constructor
  · rintro (⟨xs, nxt⟩ | xt)
    · left
      exact xs
    · right
      exact xt
  by_cases h : x ∈ t
  · intro
    right
    exact h
  rintro (xs | xt)
  · left
    use xs
  right; exact xt

",,True,-1,"theorem t6 : s \ t ∪ t = s ∪ t :=
  coe_injective <| by ext; simp
",💥️unknown identifier 'coe_injective',False,60,MIL.C04_Sets_and_Functions.solutions.Solutions_S01_Sets,Qwen-7B-long,LENGTH,best_of_n,False,0,-1.0,CH04.t6,False
-1,False,16,"theorem t6 : s \ t ∪ t = s ∪ t := by
  ext x; constructor
  · rintro (⟨xs, nxt⟩ | xt)
    · left
      exact xs
    · right
      exact xt
  by_cases h : x ∈ t
  · intro
    right
    exact h
  rintro (xs | xt)
  · left
    use xs
  right; exact xt

",,True,-1,"theorem t6 : s \ t ∪ t = s ∪ t :=
  coe_injective <| by ext; aesop
",💥️unknown identifier 'coe_injective',False,60,MIL.C04_Sets_and_Functions.solutions.Solutions_S01_Sets,Qwen-7B-long,LENGTH,best_of_n,False,0,-1.0,CH04.t6,False
-1,False,16,"theorem t6 : s \ t ∪ t = s ∪ t := by
  ext x; constructor
  · rintro (⟨xs, nxt⟩ | xt)
    · left
      exact xs
    · right
      exact xt
  by_cases h : x ∈ t
  · intro
    right
    exact h
  rintro (xs | xt)
  · left
    use xs
  right; exact xt

",,True,-1,"theorem t6 : s \ t ∪ t = s ∪ t := by
  ext
  split_ifs <;> simp
","💥️tactic 'split_ifs' failed, no if-then-else conditions to split
case h
α : Type u_1
s t : Set α
x✝ : α
⊢ x✝ ∈ s \ t ∪ t ↔ x✝ ∈ s ∪ t",False,60,MIL.C04_Sets_and_Functions.solutions.Solutions_S01_Sets,Qwen-7B-long,LENGTH,best_of_n,False,0,-1.0,CH04.t6,False
-1,False,16,"theorem t6 : s \ t ∪ t = s ∪ t := by
  ext x; constructor
  · rintro (⟨xs, nxt⟩ | xt)
    · left
      exact xs
    · right
      exact xt
  by_cases h : x ∈ t
  · intro
    right
    exact h
  rintro (xs | xt)
  · left
    use xs
  right; exact xt

",,True,-1,"theorem t6 : s \ t ∪ t = s ∪ t :=
  coe_injective <| by ext; simp
",💥️unknown identifier 'coe_injective',False,60,MIL.C04_Sets_and_Functions.solutions.Solutions_S01_Sets,Qwen-7B-long,LENGTH,best_of_n,False,0,-1.0,CH04.t6,False
-1,False,16,"theorem t6 : s \ t ∪ t = s ∪ t := by
  ext x; constructor
  · rintro (⟨xs, nxt⟩ | xt)
    · left
      exact xs
    · right
      exact xt
  by_cases h : x ∈ t
  · intro
    right
    exact h
  rintro (xs | xt)
  · left
    use xs
  right; exact xt

",,True,-1,"theorem t6 : s \ t ∪ t = s ∪ t := by
  ext
  by_cases h : x ∈ t
  · intro; right; exact h
  · is_left; aesop
","💥️unknown tactic

💥️unknown identifier 'x'

💥️unsolved goals
case neg
α : Type u_1
s t : Set α
x✝ : α
h : sorry ∉ t
⊢ x✝ ∈ s \ t ∪ t ↔ x✝ ∈ s ∪ t",False,60,MIL.C04_Sets_and_Functions.solutions.Solutions_S01_Sets,Qwen-7B-long,LENGTH,best_of_n,False,0,-1.0,CH04.t6,False
-1,False,16,"theorem t6 : s \ t ∪ t = s ∪ t := by
  ext x; constructor
  · rintro (⟨xs, nxt⟩ | xt)
    · left
      exact xs
    · right
      exact xt
  by_cases h : x ∈ t
  · intro
    right
    exact h
  rintro (xs | xt)
  · left
    use xs
  right; exact xt

",,True,-1,"theorem t6 : s \ t ∪ t = s ∪ t := by
  simp [subdef]
",💥️unknown identifier 'subdef',False,60,MIL.C04_Sets_and_Functions.solutions.Solutions_S01_Sets,Qwen-7B-long,LENGTH,best_of_n,False,0,-1.0,CH04.t6,False
-1,False,16,"theorem t6 : s \ t ∪ t = s ∪ t := by
  ext x; constructor
  · rintro (⟨xs, nxt⟩ | xt)
    · left
      exact xs
    · right
      exact xt
  by_cases h : x ∈ t
  · intro
    right
    exact h
  rintro (xs | xt)
  · left
    use xs
  right; exact xt

",,True,-1,"Alright, so I have this theorem to prove: s ∩ t ∪ t = s ∪ t. At first glance, that seems a bit confusing because of the spacing, but I'm guessing they mean (s ∩ t) ∪ t = s ∪ t. Okay, that makes more sense—this is about set operations, intersection and union. I need to show that (s ∩ t) ∪ t equals s ∪ t.

Okay, let's start by recalling what set operations mean. The intersection (s ∩ t) consists of elements that are in both s and t. The union (s ∪ t) includes all elements that are in s or t or both. So (s ∩ t) ∪ t would take all elements that are both in s and t, and then add all elements in t. But wait, if I already have all elements in t in the union with (s ∩ t), then perhaps (s ∩ t) ∪ t is the same as t itself? No, that doesn't make sense because s ∪ t is a bit different.

Wait, I think I'm mixing things up. Let's get back to the original equation: (s ∩ t) ∪ t = s ∪ t. To prove this, I can use set identities or perhaps show that each side is a subset of the other. But I'm supposed to use aesop, right? So maybe I can try aesop and see if it can handle this.

I recall that aesop is a tactic that tries a simple automated reasoning and is good for small goals. Maybe I can simply apply aesop to this problem. Let's see, does aesop know about set operations and their properties? I think aesop can handle these basic set identities. Or maybe I need to guide it a bit.

Alternatively, I can try to manually expand the sets to see if they are indeed equal. Let's take an arbitrary element x and see if it belongs to both sides. For (s ∩ t) ∪ t, an element x is in this set if it's in both s and t, or just in t. On the other hand, s ∪ t includes elements in s or t or both.

So, if x is in t, it's in both (s ∩ t) ∪ t and s ∪ t. If x is in s but not in t, then x is only in s ∪ t and not in (s ∩ t) ∪ t. Wait, that would mean that (s ∩ t) ∪ t is a subset of s ∪ t. But that contradicts what we have on both sides.

Wait, maybe I made a mistake in my reasoning. Let's think again: (s ∩ t) ∪ t consists of elements that are in s and t, plus elements that are in t. So, any element that is in t is included, and elements in s that are not in t are included as well. But s ∪ t includes everything that is in s or t, regardless of being in both or not. So actually, (s ∩ t) ∪ t includes all elements in t plus those in s not in t, which is exactly s ∪ t.

Wait, that seems right now. Maybe I need to formalize this argument. Let me try to write it down step by step.

First, show that (s ∩ t) ∪ t is a subset of s ∪ t. To do this, take an arbitrary element x in (s ∩ t) ∪ t. Then x is either in s ∩ t or in t. If x is in s ∩ t, then it is in both s and t, so it is in s ∪ t. If x is in t, then it is also in s ∪ t because t is a subset of s ∪ t. Thus, both cases show that x is in s ∪ t, so (s ∩ t) ∪ t is a subset of s ∪ t.

Next, show that s ∪ t is a subset of (s ∩ t) ∪ t. Take an arbitrary element x in s ∪ t. Then x is either in s or in t. If x is in t, then it is in (s ∩ t) ∪ t because t is included in that union. If x is in s but not in t, then it's not in s ∩ t, but it is in t as part of the union with t. Wait, x is only in s and not in t, so it's in s ∪ t but not necessarily in (s ∩ t) ∪ t. Oh, that's a problem.

Wait, I must be making a mistake because earlier the subset relationships seemed clear. Maybe I need to revisit this. If x is in s but not in t, then x is in s ∪ t but not in (s ∩ t) ∪ t, since (s ∩ t) requires being in both s and t. But that contradicts s ∪ t being a subset of (s ∩ t) ∪ t. Did I mess up somewhere?

Wait, let's double-check with an example. Let s = {1, 2, 3} and t = {2, 3, 4}. Then s ∩ t = {2, 3}, and (s ∩ t) ∪ t = {2, 3, 4}. s ∪ t = {1, 2, 3, 4}. So, in this case, {2, 3, 4} is not equal to {1, 2, 3, 4}. Wait, that can't be right because the theorem says they are equal. I must have made a mistake in applying the theorem.

Wait, perhaps the theorem is not universally true, or I have misapplied it in the example. Let me check.

Wait, in the example, (s ∩ t) ∪ t is {2, 3} ∪ {2, 3, 4} = {2, 3, 4}. And s ∪ t is {1, 2, 3, 4}. These are not equal because {2, 3, 4} ≠ {1, 2, 3, 4}. So, the theorem as stated is not true in general. But that contradicts what I thought earlier.

Perhaps I have misread the theorem. Let me check again: t6 : s \ t ∪ t = s \ union, or t6 : t ∪ s ∩ t = s ∪ t? Wait, and the set operations are t6 : t ∪ (s ∩ t) = s ∪ t. Is this one of the distributive laws? I think the correct identity is t ∪ (s ∩ t) = s ∪ t, which is a form of the distributive law of union over intersection, also known as the absorption law.

Wait, the absorption law says that t ∪ (t ∩ s) = t. But that's not what we have here. Or is there a different name for this law? Let me think about it.

Alternatively, perhaps I have misapplied the example. Let me recompute with t6 : (s ∩ t) ∪ t = s ∪ t, with s = {1, 2, 3} and t = {2, 3, 4}. Then (s ∩ t) is {2, 3}, union t is {2, 3, 4}, and s ∪ t is {1, 2, 3, 4}. These are not equal. So this suggests that the theorem is not universally true, which contradicts what I think I know.

Wait, maybe I have misapplied the example. Let's try another example where t is a subset of s. Let s = {1, 2}, t = {2}. Then (s ∩ t) is {2}, union t is {2}, and s ∪ t is {1, 2}. So {2} ≠ {1, 2}. Again, the equation does not hold. So either I have misapplied the theorem, or it is not a valid identity.

Wait, but I think the correct identity is t ∪ (s ∩ t) = t, which is the absorption law. So perhaps I remembered the theorem wrong. Let me double-check.

Yes, the absorption law says that t ∪ (t ∩ s) = t. So in that case, my initial assumption about the theorem was incorrect. Therefore, I must have misread the theorem in the original problem statement.

Given that, perhaps there was a typo, and the theorem was supposed to be t ∪ (s ∩ t) = t, which is a known identity. Alternatively, the union being with t instead of something else. So I should probably stick to the theorem as given and try to prove it, even if it doesn't seem to hold in general.

But in the example I took earlier, (s ∩ t) ∪ t is not equal to s ∪ t, so this suggests that the theorem is not valid in general. However, perhaps there is a restriction on t and s in the theorem. Let me see the proof using aesop to check.

So in the given theorem t6 : (s ∩ t) ∪ t = s ∪ t. To prove this, I can try to use set properties in aesop.

First, let's apply aesop to see if it can handle this proof. I think aesop can apply known set identities to prove this. Let's go through this step by step using aesop's output.

Step 1: The first step is to use the idempotent law (s ∩ t) ∪ t = t ∪ t, but that doesn't seem helpful. Alternatively, apply the distributive law.

Step 2: Apply the distributive law to (s ∩ t) ∪ t, which would be t ∪ t, but that's not helpful.

Wait, I'm not making progress here. Maybe aesop needs some guidance. Let's try using aesop in a more directed way with simp [set_union, set intersection, aesop], and push simp.

Alternatively, use aesop with smt (smt-solving) to see if there is an automated proof.

But I'm now realizing that the theorem (s ∩ t) ∪ t = s ∪ t is not valid in general, as shown in the examples above. Therefore, perhaps the theorem was incorrectly stated, and I should question it or consider if there are conditions under which it holds.

Alternatively, perhaps I am missing some set identity that can be applied to derive this theorem. Let me try to recall more set identities.

Wait, I know that t ∪ (t ∩ s) = t (absorption). There is also the identity that (s ∩ t) ∪ t = t ∪ t, but that's trivial. Let's see.

Alternatively, ((s ∩ t) ∪ t) is t, because t is a superset of s ∩ t, and s ∪ t is t. But that would mean that t ∪ t = t.

Wait, I'm getting confused. Let me try to re-express (s ∩ t) ∪ t in terms of t being a union. Since t itself is included in t ∪ t, and s ∩ t is a subset of t, the union is just t. So (s ∩ t) ∪ t = t. And s ∪ t is different from t, unless s is a subset of t. Hmm, that suggests that this theorem is only valid when t is a superset of s.

Wait, in my earlier example, t was not a superset of s, and that's why the union resulted in s ∪ t. So, perhaps, the theorem is intended under the condition that t is a superset of s, i.e., t ⊇ s. In that case, (s ∩ t) ∪ t would be t, and s ∪ t would also be t, making them equal.

With that in mind, let's assume t ⊇ s, and then (s ∩ t) ∪ t = t, as t is a superset of s ∩ t. And s ∪ t = t, since t is a superset of s. Therefore, equality holds.

Alternatively, perhaps the theorem is under a different condition. But from the problem statement, it's t6 : (s ∩ t) ∪ t = s ∪ t, with t7 as the name, and this is given.

If that's the case, then perhaps t7 is not correct or needs more constraints. But since the theorem is in the provided examples, I need to prove it as given.

Perhaps I made a mistake in applying aesop. Let me try aesop again with more specific hints or different tactics.

Alternatively, since the equation seems to not hold in general, I think the theorem is incorrect as stated. However, considering that t6 is the name, maybe I'm missing something. Perhaps I need to reconsider the theorem itself.

Wait, is it possible that (s ∩ t) ∪ t is not equal to s ∪ t in general, and the theorem is wrong? I'm starting to think that perhaps the theorem is not universally true.

Let me try the inverse: t ∪ (s ∩ t) equals t, which is the absorption law. So perhaps the original theorem is a variant of that, but with the terms in a different order.

Wait, in that case, perhaps the theorem is t ∪ (t ∩ s) equals t, not (s ∩ t) ∪ t equals t. So that's a different arrangement. But in the given theorem, it's (s ∩ t) ∪ t equals s ∪ t, which is not the absorption law.

Alternatively, is there a different set identity that can be applied here? Let me see the distributive law and its left and right versions.

(s ∪ t) ∩ (s ∪ t) equals s ∪ t, which is the idempotent law. That doesn't apply here. What about (s ∪ t) ∩ t? That equals t, by another set identity.

Wait, maybe I can rewrite (s ∩ t) ∪ t using other identities to see if it equals s ∪ t.

Let's try to distribute: (s ∩ t) ∪ t = t ∪ (s ∩ t). This is the commutative law of union. Now, can we apply any known identity here?

Alternatively, perhaps using the fact that union distributes over intersection. But that's not a standard identity I know of. Let me think differently.

If I consider that t ∪ t is t, that's trivial, but that doesn't help in this case.

Wait, perhaps I can use a truth table approach, considering elements being in s and t. Let me see.

Define four cases for an element x: in s and t (i.e., x is in both), in s and not in t, in t and not in s, and not in s or t.

1. If x is in both, then x is in (s ∩ t), so it's in (s ∩ t) ∪ t. It's also in s ∪ t because it's in s and t. So equality holds.
2. If x is in s but not in t, then x is in s ∪ t but not in (s ∩ t) ∪ t (since x isn't in t), meaning that in this case, x is in s ∪ t but not in (s ∩ t) ∪ t. This implies that (s ∩ t) ∪ t is a subset of s ∪ t, but not vice versa.
3. If x is in t but not in s, then x is in s ∪ t and also in (s ∩ t) ∪ t (since x is in t). So equality holds in this case.
4. If x is in neither, then x is in neither s ∪ t nor in (s ∩ t) ∪ t. So equality holds.

From this analysis, it's clear that (s ∩ t) ∪ t is a subset of s ∪ t, but s ∪ t is not a subset of (s ∩ t) ∪ t in all cases, particularly when s has elements not in t. Therefore, the original theorem is not correct as stated because (s ∩ t) ∪ t is not equal to s ∪ t in general.

Given this contradiction, perhaps the theorem was intended to have different set operations, or there is a restriction on the relation between s and t. Alternatively, there might be a misread in the original problem statement.

In conclusion, the theorem as given seems to be incorrect based on the examples and set identities I've considered. It might be necessary to revisit the theorem's conditions or check for any missing constraints that would make it valid.
","💥️unexpected identifier; expected command

💥️unexpected token 'to'; expected identifier

💥️unexpected token ','; expected ':=', 'where' or '|'",False,60,MIL.C04_Sets_and_Functions.solutions.Solutions_S01_Sets,Qwen-7B-long,LENGTH,best_of_n,False,0,-1.0,CH04.t6,False
-1,False,16,"theorem t6 : s \ t ∪ t = s ∪ t := by
  ext x; constructor
  · rintro (⟨xs, nxt⟩ | xt)
    · left
      exact xs
    · right
      exact xt
  by_cases h : x ∈ t
  · intro
    right
    exact h
  rintro (xs | xt)
  · left
    use xs
  right; exact xt

",,True,1,"theorem t6 : s \ t ∪ t = s ∪ t := by
  simpa using union_range f.insert_union f.set_range
",,True,60,MIL.C04_Sets_and_Functions.solutions.Solutions_S01_Sets,Qwen-7B-long,LENGTH,best_of_n,False,0,0.9375,CH04.t6,False
-1,False,16,"theorem t6 : s \ t ∪ t = s ∪ t := by
  ext x; constructor
  · rintro (⟨xs, nxt⟩ | xt)
    · left
      exact xs
    · right
      exact xt
  by_cases h : x ∈ t
  · intro
    right
    exact h
  rintro (xs | xt)
  · left
    use xs
  right; exact xt

",,True,-1,"theorem t6 : s \ t ∪ t = s ∪ t := by
  extension
  rintro _ ⟨xs, nxt⟩ | xt
  · left exact xs
  · right exact xt
  by_cases h : x ∈ t
  · rintro ⟨_, h⟩
    right exact h
  · obtain ⟨xs | xt, h⟩ := Classical.not_or_not.mp h
    left; exact xs

","💥️unknown tactic

💥️unsolved goals
α : Type u_1
s t : Set α
⊢ s \ t ∪ t = s ∪ t",False,60,MIL.C04_Sets_and_Functions.solutions.Solutions_S01_Sets,Qwen-7B-long,LENGTH,best_of_n,False,0,-1.0,CH04.t6,False
-1,False,16,"theorem t6 : s \ t ∪ t = s ∪ t := by
  ext x; constructor
  · rintro (⟨xs, nxt⟩ | xt)
    · left
      exact xs
    · right
      exact xt
  by_cases h : x ∈ t
  · intro
    right
    exact h
  rintro (xs | xt)
  · left
    use xs
  right; exact xt

",,True,2,"theorem t6 : s \ t ∪ t = s ∪ t := by
  ext
  simp [or_and_left, and_and_and_comm]
",,True,60,MIL.C04_Sets_and_Functions.solutions.Solutions_S01_Sets,Qwen-7B-long,LENGTH,best_of_n,False,0,0.875,CH04.t6,False
-1,False,16,"theorem t6 : s \ t ∪ t = s ∪ t := by
  ext x; constructor
  · rintro (⟨xs, nxt⟩ | xt)
    · left
      exact xs
    · right
      exact xt
  by_cases h : x ∈ t
  · intro
    right
    exact h
  rintro (xs | xt)
  · left
    use xs
  right; exact xt

",,True,-1,"theorem t6 : s \ t ∪ t = s ∪ t :=
  Set.ext fun x ↦ by csimp (add simp Nat.min)

","💥️unknown tactic

💥️unsolved goals
α : Type u_1
s t : Set α
x : α
⊢ x ∈ s \ t ∪ t ↔ x ∈ s ∪ t",False,60,MIL.C04_Sets_and_Functions.solutions.Solutions_S01_Sets,Qwen-7B-long,LENGTH,best_of_n,False,0,-1.0,CH04.t6,False
-1,False,16,"theorem t6 : s \ t ∪ t = s ∪ t := by
  ext x; constructor
  · rintro (⟨xs, nxt⟩ | xt)
    · left
      exact xs
    · right
      exact xt
  by_cases h : x ∈ t
  · intro
    right
    exact h
  rintro (xs | xt)
  · left
    use xs
  right; exact xt

",,True,-1,"theorem t6 : s \ t ∪ t = s ∪ t := by
  ext
  aesop (add simp)
",💥️missing rule,False,60,MIL.C04_Sets_and_Functions.solutions.Solutions_S01_Sets,Qwen-7B-long,LENGTH,best_of_n,False,0,-1.0,CH04.t6,False
-1,False,16,"theorem t6 : s \ t ∪ t = s ∪ t := by
  ext x; constructor
  · rintro (⟨xs, nxt⟩ | xt)
    · left
      exact xs
    · right
      exact xt
  by_cases h : x ∈ t
  · intro
    right
    exact h
  rintro (xs | xt)
  · left
    use xs
  right; exact xt

",,True,-1,"theorem t6 : s \ t ∪ t = s ∪ t :=
  coe_injective <| by ext; simp
",💥️unknown identifier 'coe_injective',False,60,MIL.C04_Sets_and_Functions.solutions.Solutions_S01_Sets,Qwen-7B-long,LENGTH,best_of_n,False,0,-1.0,CH04.t6,False
-1,False,16,"theorem t6 : s \ t ∪ t = s ∪ t := by
  ext x; constructor
  · rintro (⟨xs, nxt⟩ | xt)
    · left
      exact xs
    · right
      exact xt
  by_cases h : x ∈ t
  · intro
    right
    exact h
  rintro (xs | xt)
  · left
    use xs
  right; exact xt

",,True,-1,"theorem t6 : s \ t ∪ t = s ∪ t := by
  alias t6 := congrArg Set.min s |>.symm
  exact congrArg Set.Singleton |>.symm


","💥️unexpected token 'alias'; expected '{' or tactic

💥️unsolved goals
α : Type u_1
s t : Set α
⊢ s \ t ∪ t = s ∪ t",False,60,MIL.C04_Sets_and_Functions.solutions.Solutions_S01_Sets,Qwen-7B-long,LENGTH,best_of_n,False,0,-1.0,CH04.t6,False
-1,False,16,"theorem t6 : s \ t ∪ t = s ∪ t := by
  ext x; constructor
  · rintro (⟨xs, nxt⟩ | xt)
    · left
      exact xs
    · right
      exact xt
  by_cases h : x ∈ t
  · intro
    right
    exact h
  rintro (xs | xt)
  · left
    use xs
  right; exact xt

",,True,-1,"theorem t6 : s \ t ∪ t = s ∪ t := by
  pleasure

end theorem t6


-- t6 : s \ t ∪ t = s ∪ t := by (ext x) (LeftOrRightInt.inr rfl)

-- t6 : s \ t ∪ t = s ∪ t := by ext
  s = s \ t ∪ t by leftInt
  t = t ∪ (s \ t) by rightInt

-- t6 : s \ t ∪ t = s ∪ t := by ehistory
  simp s t (t6 := by aesop)
","💥️unknown tactic

💥️unsolved goals
α : Type u_1
s t : Set α
⊢ s \ t ∪ t = s ∪ t",False,60,MIL.C04_Sets_and_Functions.solutions.Solutions_S01_Sets,Qwen-7B-long,LENGTH,best_of_n,False,0,-1.0,CH04.t6,False
-1,False,16,"theorem t6 : s \ t ∪ t = s ∪ t := by
  ext x; constructor
  · rintro (⟨xs, nxt⟩ | xt)
    · left
      exact xs
    · right
      exact xt
  by_cases h : x ∈ t
  · intro
    right
    exact h
  rintro (xs | xt)
  · left
    use xs
  right; exact xt

",,True,-1,"theorem t6 : s \ t ∪ t = s ∪ t :=
  Set.ext fun x ↦ (xs_iff_not h).joinCasesEq (h := x ∈ t)
    (fun ⟨xs, nxt⟩ => left xs) (fun xt => right xt)

",💥️unknown identifier 'xs_iff_not',False,60,MIL.C04_Sets_and_Functions.solutions.Solutions_S01_Sets,Qwen-7B-long,LENGTH,best_of_n,False,0,-1.0,CH04.t6,False
-1,False,16,"theorem t6 : s \ t ∪ t = s ∪ t := by
  ext x; constructor
  · rintro (⟨xs, nxt⟩ | xt)
    · left
      exact xs
    · right
      exact xt
  by_cases h : x ∈ t
  · intro
    right
    exact h
  rintro (xs | xt)
  · left
    use xs
  right; exact xt

",,True,-1,"theorem t6 : s \ t ∪ t = s ∪ t :=
  coe_injective <| by ext; simp []]
",💥️unknown identifier 'coe_injective',False,60,MIL.C04_Sets_and_Functions.solutions.Solutions_S01_Sets,Qwen-7B-long,LENGTH,best_of_n,False,0,-1.0,CH04.t6,False
-1,False,16,"theorem t6 : s \ t ∪ t = s ∪ t := by
  ext x; constructor
  · rintro (⟨xs, nxt⟩ | xt)
    · left
      exact xs
    · right
      exact xt
  by_cases h : x ∈ t
  · intro
    right
    exact h
  rintro (xs | xt)
  · left
    use xs
  right; exact xt

",,True,-1,"theorem t6 : s \ t ∪ t = s ∪ t :=
  Set.ext (fun x => by cases H : x ∈ t; aesop)
","💥️tactic 'induction' failed, major premise type is not an inductive type 
  Prop
α : Type u_1
s t : Set α
x : α
x✝ : Prop
H : (x ∈ t) = x✝
⊢ x ∈ s \ t ∪ t ↔ x ∈ s ∪ t",False,60,MIL.C04_Sets_and_Functions.solutions.Solutions_S01_Sets,Qwen-7B-long,LENGTH,best_of_n,False,0,-1.0,CH04.t6,False
-1,False,16,"theorem t6 : s \ t ∪ t = s ∪ t := by
  ext x; constructor
  · rintro (⟨xs, nxt⟩ | xt)
    · left
      exact xs
    · right
      exact xt
  by_cases h : x ∈ t
  · intro
    right
    exact h
  rintro (xs | xt)
  · left
    use xs
  right; exact xt

",,True,-1,"theorem t6 : s \ t ∪ t = s ∪ t := by
  ext x
  cases h : x ∈ t
  · aesop
  · aesop
  aesop (add simp h)
","💥️tactic 'induction' failed, major premise type is not an inductive type 
  Prop
case h
α : Type u_1
s t : Set α
x : α
x✝ : Prop
h : (x ∈ t) = x✝
⊢ x ∈ s \ t ∪ t ↔ x ∈ s ∪ t",False,60,MIL.C04_Sets_and_Functions.solutions.Solutions_S01_Sets,Qwen-7B-long,LENGTH,best_of_n,False,0,-1.0,CH04.t6,False
-1,False,16,"theorem t6 : s \ t ∪ t = s ∪ t := by
  ext x; constructor
  · rintro (⟨xs, nxt⟩ | xt)
    · left
      exact xs
    · right
      exact xt
  by_cases h : x ∈ t
  · intro
    right
    exact h
  rintro (xs | xt)
  · left
    use xs
  right; exact xt

",,True,-1,"theorem t6 : s \ t ∪ t = s ∪ t :=
  coe_inclusion <| by simp [Set.notUnion, coe_union, Set.minorization_by_coe]

-- -- alternative formulation using set中介
-- coe_inclusion <| by simp [Set.notUnion, coe_union, Set.minorization_by_coe]

-- -- variant using coe's first projection
-- coe_inclusion <| by simp [Set.notUnion, coe_union, Set.minorization_by_coe]

-- -- variant using coe's first projection and named field
-- coe_inclusion <| by simp [Set.notUnion, coe_union, Set.minorization_by_coe]

-- -- using `cast` and `tm RelCast`, `cast` and `tm RelCast`?
-- apply tsub.1 (by simp)
","💥️type mismatch
  coe_inclusion ?m.1226
has type
  ∀ (x : ↑?m.1224), ↑(inclusion ?m.1226 x) = ↑x : Prop
but is expected to have type
  s \ t ∪ t = s ∪ t : Prop

💥️unknown constant 'Set.notUnion'

💥️unknown identifier 'coe_union'

💥️unknown constant 'Set.minorization_by_coe'

💥️simp made no progress",False,60,MIL.C04_Sets_and_Functions.solutions.Solutions_S01_Sets,Qwen-7B-long,LENGTH,best_of_n,False,0,-1.0,CH04.t6,False
-1,False,16,"theorem t6 : s \ t ∪ t = s ∪ t := by
  ext x; constructor
  · rintro (⟨xs, nxt⟩ | xt)
    · left
      exact xs
    · right
      exact xt
  by_cases h : x ∈ t
  · intro
    right
    exact h
  rintro (xs | xt)
  · left
    use xs
  right; exact xt

",,True,-1,"theorem t6 : s \ t ∪ t = s ∪ t := by
  ext x
  disjoint_cases h : x ∈ t
  · intro
    right
    exact h
  · have : ¬h ≪; aesop
","💥️unknown tactic

💥️unsolved goals
case h
α : Type u_1
s t : Set α
x : α
⊢ x ∈ s \ t ∪ t ↔ x ∈ s ∪ t",False,60,MIL.C04_Sets_and_Functions.solutions.Solutions_S01_Sets,Qwen-7B-long,LENGTH,best_of_n,False,0,-1.0,CH04.t6,False
-1,False,16,"theorem t6 : s \ t ∪ t = s ∪ t := by
  ext x; constructor
  · rintro (⟨xs, nxt⟩ | xt)
    · left
      exact xs
    · right
      exact xt
  by_cases h : x ∈ t
  · intro
    right
    exact h
  rintro (xs | xt)
  · left
    use xs
  right; exact xt

",,True,-1,"theorem t6 : s \ t ∪ t = s ∪ t :=
  (ext $ by aesop) (add simp [t6, t7])
","💥️function expected at
  ext ?m.1226
term has type
  ?m.1224 = ?m.1225",False,60,MIL.C04_Sets_and_Functions.solutions.Solutions_S01_Sets,Qwen-7B-long,LENGTH,best_of_n,False,0,-1.0,CH04.t6,False
-1,False,16,"theorem t6 : s \ t ∪ t = s ∪ t := by
  ext x; constructor
  · rintro (⟨xs, nxt⟩ | xt)
    · left
      exact xs
    · right
      exact xt
  by_cases h : x ∈ t
  · intro
    right
    exact h
  rintro (xs | xt)
  · left
    use xs
  right; exact xt

",,True,-1,"theorem t6 : s \ t ∪ t = s ∪ t :=
  coe_injective <| by ext; simp
",💥️unknown identifier 'coe_injective',False,60,MIL.C04_Sets_and_Functions.solutions.Solutions_S01_Sets,Qwen-7B-long,LENGTH,best_of_n,False,0,-1.0,CH04.t6,False
-1,False,16,"theorem t6 : s \ t ∪ t = s ∪ t := by
  ext x; constructor
  · rintro (⟨xs, nxt⟩ | xt)
    · left
      exact xs
    · right
      exact xt
  by_cases h : x ∈ t
  · intro
    right
    exact h
  rintro (xs | xt)
  · left
    use xs
  right; exact xt

",,True,-1,"theorem t6 : s \ t ∪ t = s ∪ t := by
  simp [subset_iff]
",💥️unknown identifier 'subset_iff',False,60,MIL.C04_Sets_and_Functions.solutions.Solutions_S01_Sets,Qwen-7B-long,LENGTH,best_of_n,False,0,-1.0,CH04.t6,False
-1,False,16,"theorem t6 : s \ t ∪ t = s ∪ t := by
  ext x; constructor
  · rintro (⟨xs, nxt⟩ | xt)
    · left
      exact xs
    · right
      exact xt
  by_cases h : x ∈ t
  · intro
    right
    exact h
  rintro (xs | xt)
  · left
    use xs
  right; exact xt

",,True,-1,"theorem t6 : s \ t ∪ t = s ∪ t := by
  rw [← symmetric_diff_prop, ← add_comm]
  ext
  aesop
","💥️unknown identifier 'symmetric_diff_prop'

💥️tactic 'rewrite' failed, equality or iff proof expected
  ?m.1224
α : Type u_1
s t : Set α
⊢ s \ t ∪ t = s ∪ t",False,60,MIL.C04_Sets_and_Functions.solutions.Solutions_S01_Sets,Qwen-7B-long,LENGTH,best_of_n,False,0,-1.0,CH04.t6,False
-1,False,16,"theorem t6 : s \ t ∪ t = s ∪ t := by
  ext x; constructor
  · rintro (⟨xs, nxt⟩ | xt)
    · left
      exact xs
    · right
      exact xt
  by_cases h : x ∈ t
  · intro
    right
    exact h
  rintro (xs | xt)
  · left
    use xs
  right; exact xt

",,True,-1,"theorem t6 : s \ t ∪ t = s ∪ t :=
  Set.ext fun x ↦ (x ∈ s \ t ∨ x ∈ t).trans (fun hht ↦ (hht.left | hht.right).elim ⟨.inl hht, .inr hht⟩)

","💥️unexpected token '|'; expected ')', ',' or ':'",False,60,MIL.C04_Sets_and_Functions.solutions.Solutions_S01_Sets,Qwen-7B-long,LENGTH,best_of_n,False,0,-1.0,CH04.t6,False
-1,False,28,"theorem t7 : s \ t ∪ t \ s = (s ∪ t) \ (s ∩ t) := by
  ext x; constructor
  · rintro (⟨xs, xnt⟩ | ⟨xt, xns⟩)
    · constructor
      left
      exact xs
      rintro ⟨_, xt⟩
      contradiction
    · constructor
      right
      exact xt
      rintro ⟨xs, _⟩
      contradiction
  rintro ⟨xs | xt, nxst⟩
  · left
    use xs
    intro xt
    apply nxst
    constructor <;> assumption
  · right; use xt; intro xs
    apply nxst
    constructor <;> assumption

",,True,-1,"theorem t7 : s \ t ∪ t \ s = (s ∪ t) \ (s ∩ t) := by
  simpa using set.ext (Int注明_comm s t)
  aesop
","💥️expected token

💥️invalid field notation, type is not of the form (C ...) where C is a constant
  set
has type
  ?m.1917 → ?m.1918 PUnit.{?u.1916 + 1}",False,60,MIL.C04_Sets_and_Functions.solutions.Solutions_S01_Sets,Qwen-7B-long,LENGTH,best_of_n,False,0,-1.0,CH04.t7,False
-1,False,28,"theorem t7 : s \ t ∪ t \ s = (s ∪ t) \ (s ∩ t) := by
  ext x; constructor
  · rintro (⟨xs, xnt⟩ | ⟨xt, xns⟩)
    · constructor
      left
      exact xs
      rintro ⟨_, xt⟩
      contradiction
    · constructor
      right
      exact xt
      rintro ⟨xs, _⟩
      contradiction
  rintro ⟨xs | xt, nxst⟩
  · left
    use xs
    intro xt
    apply nxst
    constructor <;> assumption
  · right; use xt; intro xs
    apply nxst
    constructor <;> assumption

",,True,-1,"theorem t7 : s \ t ∪ t \ s = (s ∪ t) \ (s ∩ t) :=
  Set.ext (fun x => by cases (or.inr rfl : t x); simp [or_and_left])","💥️unknown constant 'Bool.or.inr'

💥️tactic 'induction' failed, major premise type is not an inductive type 
  t x
α : Type u_1
s t : Set α
x : α
x✝ : t x
⊢ x ∈ s \ t ∪ t \ s ↔ x ∈ (s ∪ t) \ (s ∩ t)",False,60,MIL.C04_Sets_and_Functions.solutions.Solutions_S01_Sets,Qwen-7B-long,LENGTH,best_of_n,False,0,-1.0,CH04.t7,False
-1,False,28,"theorem t7 : s \ t ∪ t \ s = (s ∪ t) \ (s ∩ t) := by
  ext x; constructor
  · rintro (⟨xs, xnt⟩ | ⟨xt, xns⟩)
    · constructor
      left
      exact xs
      rintro ⟨_, xt⟩
      contradiction
    · constructor
      right
      exact xt
      rintro ⟨xs, _⟩
      contradiction
  rintro ⟨xs | xt, nxst⟩
  · left
    use xs
    intro xt
    apply nxst
    constructor <;> assumption
  · right; use xt; intro xs
    apply nxst
    constructor <;> assumption

",,True,-1,"theorem t7 : s \ t ∪ t \ s = (s ∪ t) \ (s ∩ t) :=
  coe_injective <| by ext; simp
",💥️unknown identifier 'coe_injective',False,60,MIL.C04_Sets_and_Functions.solutions.Solutions_S01_Sets,Qwen-7B-long,LENGTH,best_of_n,False,0,-1.0,CH04.t7,False
-1,False,28,"theorem t7 : s \ t ∪ t \ s = (s ∪ t) \ (s ∩ t) := by
  ext x; constructor
  · rintro (⟨xs, xnt⟩ | ⟨xt, xns⟩)
    · constructor
      left
      exact xs
      rintro ⟨_, xt⟩
      contradiction
    · constructor
      right
      exact xt
      rintro ⟨xs, _⟩
      contradiction
  rintro ⟨xs | xt, nxst⟩
  · left
    use xs
    intro xt
    apply nxst
    constructor <;> assumption
  · right; use xt; intro xs
    apply nxst
    constructor <;> assumption

",,True,-1,"theorem t7 : s \ t ∪ t \ s = (s ∪ t) \ (s ∩ t) := by
  ext
  simp_rw [← symdiff_eq]
  aesop
","💥️unknown identifier 'symdiff_eq'

💥️simp made no progress",False,60,MIL.C04_Sets_and_Functions.solutions.Solutions_S01_Sets,Qwen-7B-long,LENGTH,best_of_n,False,0,-1.0,CH04.t7,False
-1,False,28,"theorem t7 : s \ t ∪ t \ s = (s ∪ t) \ (s ∩ t) := by
  ext x; constructor
  · rintro (⟨xs, xnt⟩ | ⟨xt, xns⟩)
    · constructor
      left
      exact xs
      rintro ⟨_, xt⟩
      contradiction
    · constructor
      right
      exact xt
      rintro ⟨xs, _⟩
      contradiction
  rintro ⟨xs | xt, nxst⟩
  · left
    use xs
    intro xt
    apply nxst
    constructor <;> assumption
  · right; use xt; intro xs
    apply nxst
    constructor <;> assumption

",,True,-1,"theorem t7 : s \ t ∪ t \ s = (s ∪ t) \ (s ∩ t) := by
  ext x; constructor
  · rintro (⟨xs, xnt⟩ | ⟨xt, xns⟩)
    · left
      exact xs
      rintro ⟨_, xt⟩
      contradiction
    · right
      exact xt
      rintro ⟨xs, _⟩
      contradiction
  · cases_iffnt: x ∈ (s ∪ t)
  · simp [this, not_imp_iff_not.mp (xs | xt)]
","💥️unknown tactic

💥️tactic 'left' failed, left tactic works for inductive types with exactly 2 constructors
case h.mp.inl.intro
α : Type u_1
s t : Set α
x : α
xs : x ∈ s
xnt : x ∉ t
⊢ x ∈ (s ∪ t) \ (s ∩ t)

💥️tactic 'right' failed, right tactic works for inductive types with exactly 2 constructors
case h.mp.inr.intro
α : Type u_1
s t : Set α
x : α
xt : x ∈ t
xns : x ∉ s
⊢ x ∈ (s ∪ t) \ (s ∩ t)

💥️unsolved goals
case h.mpr
α : Type u_1
s t : Set α
x : α
⊢ x ∈ (s ∪ t) \ (s ∩ t) → x ∈ s \ t ∪ t \ s",False,60,MIL.C04_Sets_and_Functions.solutions.Solutions_S01_Sets,Qwen-7B-long,LENGTH,best_of_n,False,0,-1.0,CH04.t7,False
-1,False,28,"theorem t7 : s \ t ∪ t \ s = (s ∪ t) \ (s ∩ t) := by
  ext x; constructor
  · rintro (⟨xs, xnt⟩ | ⟨xt, xns⟩)
    · constructor
      left
      exact xs
      rintro ⟨_, xt⟩
      contradiction
    · constructor
      right
      exact xt
      rintro ⟨xs, _⟩
      contradiction
  rintro ⟨xs | xt, nxst⟩
  · left
    use xs
    intro xt
    apply nxst
    constructor <;> assumption
  · right; use xt; intro xs
    apply nxst
    constructor <;> assumption

",,True,-1,"theorem t7 : s \ t ∪ t \ s = (s ∪ t) \ (s ∩ t) := by
  ext x
  simp (config := {contextual := true})
  aesop (add simp [nxst, lt; rintro <;> simp_all])
",💥️unexpected token ';'; expected ']',False,60,MIL.C04_Sets_and_Functions.solutions.Solutions_S01_Sets,Qwen-7B-long,LENGTH,best_of_n,False,0,-1.0,CH04.t7,False
-1,False,28,"theorem t7 : s \ t ∪ t \ s = (s ∪ t) \ (s ∩ t) := by
  ext x; constructor
  · rintro (⟨xs, xnt⟩ | ⟨xt, xns⟩)
    · constructor
      left
      exact xs
      rintro ⟨_, xt⟩
      contradiction
    · constructor
      right
      exact xt
      rintro ⟨xs, _⟩
      contradiction
  rintro ⟨xs | xt, nxst⟩
  · left
    use xs
    intro xt
    apply nxst
    constructor <;> assumption
  · right; use xt; intro xs
    apply nxst
    constructor <;> assumption

",,True,-1,"theorem t7 : s \ t ∪ t \ s = (s ∪ t) \ (s ∩ t) := by
  ext
  simp_rw splits
  tauto
","💥️unexpected identifier; expected '['

💥️unsolved goals
case h
α : Type u_1
s t : Set α
x✝ : α
⊢ x✝ ∈ s \ t ∪ t \ s ↔ x✝ ∈ (s ∪ t) \ (s ∩ t)",False,60,MIL.C04_Sets_and_Functions.solutions.Solutions_S01_Sets,Qwen-7B-long,LENGTH,best_of_n,False,0,-1.0,CH04.t7,False
-1,False,28,"theorem t7 : s \ t ∪ t \ s = (s ∪ t) \ (s ∩ t) := by
  ext x; constructor
  · rintro (⟨xs, xnt⟩ | ⟨xt, xns⟩)
    · constructor
      left
      exact xs
      rintro ⟨_, xt⟩
      contradiction
    · constructor
      right
      exact xt
      rintro ⟨xs, _⟩
      contradiction
  rintro ⟨xs | xt, nxst⟩
  · left
    use xs
    intro xt
    apply nxst
    constructor <;> assumption
  · right; use xt; intro xs
    apply nxst
    constructor <;> assumption

",,True,1,"theorem t7 : s \ t ∪ t \ s = (s ∪ t) \ (s ∩ t) :=
  Set.ext fun _ ↦ by aesop (add simp [not_and_or, and_imp, or_imp])
",,True,60,MIL.C04_Sets_and_Functions.solutions.Solutions_S01_Sets,Qwen-7B-long,LENGTH,best_of_n,False,0,0.964286,CH04.t7,False
-1,False,28,"theorem t7 : s \ t ∪ t \ s = (s ∪ t) \ (s ∩ t) := by
  ext x; constructor
  · rintro (⟨xs, xnt⟩ | ⟨xt, xns⟩)
    · constructor
      left
      exact xs
      rintro ⟨_, xt⟩
      contradiction
    · constructor
      right
      exact xt
      rintro ⟨xs, _⟩
      contradiction
  rintro ⟨xs | xt, nxst⟩
  · left
    use xs
    intro xt
    apply nxst
    constructor <;> assumption
  · right; use xt; intro xs
    apply nxst
    constructor <;> assumption

",,True,-1,"theorem t7 : s \ t ∪ t \ s = (s ∪ t) \ (s ∩ t) := by
  ext; unfold mem_diff, mem_union, mem_compl_iff, and_iff_left_iff_imp, not_imp_not_cancel
  aesop -- y
","💥️tactic 'unfold' failed to unfold 'Set.mem_diff' at
  x✝ ∈ s \ t ∪ t \ s ↔ x✝ ∈ (s ∪ t) \ (s ∩ t)",False,60,MIL.C04_Sets_and_Functions.solutions.Solutions_S01_Sets,Qwen-7B-long,LENGTH,best_of_n,False,0,-1.0,CH04.t7,False
-1,False,28,"theorem t7 : s \ t ∪ t \ s = (s ∪ t) \ (s ∩ t) := by
  ext x; constructor
  · rintro (⟨xs, xnt⟩ | ⟨xt, xns⟩)
    · constructor
      left
      exact xs
      rintro ⟨_, xt⟩
      contradiction
    · constructor
      right
      exact xt
      rintro ⟨xs, _⟩
      contradiction
  rintro ⟨xs | xt, nxst⟩
  · left
    use xs
    intro xt
    apply nxst
    constructor <;> assumption
  · right; use xt; intro xs
    apply nxst
    constructor <;> assumption

",,True,-1,"theorem t7 : s \ t ∪ t \ s = (s ∪ t) \ (s ∩ t) :=
  Set.ext fun x ↦ by
  simp_rw [PairwiseFn.ext_iff, exists_and_left, implies_true_iff, PairwiseFn.2_iff,
    implies_true_iff, Set.ext_iff, not_imp, and_imp, Not.inr_iff_imp, Not.inl_iff_imp, not_not,
    implies_true_iff]; aesop
","💥️unexpected identifier; expected ']'

💥️unknown identifier 'PairwiseFn.ext_iff'",False,60,MIL.C04_Sets_and_Functions.solutions.Solutions_S01_Sets,Qwen-7B-long,LENGTH,best_of_n,False,0,-1.0,CH04.t7,False
-1,False,28,"theorem t7 : s \ t ∪ t \ s = (s ∪ t) \ (s ∩ t) := by
  ext x; constructor
  · rintro (⟨xs, xnt⟩ | ⟨xt, xns⟩)
    · constructor
      left
      exact xs
      rintro ⟨_, xt⟩
      contradiction
    · constructor
      right
      exact xt
      rintro ⟨xs, _⟩
      contradiction
  rintro ⟨xs | xt, nxst⟩
  · left
    use xs
    intro xt
    apply nxst
    constructor <;> assumption
  · right; use xt; intro xs
    apply nxst
    constructor <;> assumption

",,True,-1,"theorem t7 : s \ t ∪ t \ s = (s ∪ t) \ (s ∩ t) :=
  coe_injective <| by ext; simp
",💥️unknown identifier 'coe_injective',False,60,MIL.C04_Sets_and_Functions.solutions.Solutions_S01_Sets,Qwen-7B-long,LENGTH,best_of_n,False,0,-1.0,CH04.t7,False
-1,False,28,"theorem t7 : s \ t ∪ t \ s = (s ∪ t) \ (s ∩ t) := by
  ext x; constructor
  · rintro (⟨xs, xnt⟩ | ⟨xt, xns⟩)
    · constructor
      left
      exact xs
      rintro ⟨_, xt⟩
      contradiction
    · constructor
      right
      exact xt
      rintro ⟨xs, _⟩
      contradiction
  rintro ⟨xs | xt, nxst⟩
  · left
    use xs
    intro xt
    apply nxst
    constructor <;> assumption
  · right; use xt; intro xs
    apply nxst
    constructor <;> assumption

",,True,28,"theorem t7 : s \ t ∪ t \ s = (s ∪ t) \ (s ∩ t) := by
  ext x; constructor
  · rintro (⟨xs, xnt⟩ | ⟨xt, xns⟩)
    · constructor
      left
      exact xs
      rintro ⟨_, xt⟩
      contradiction
    · constructor
      right
      exact xt
      rintro ⟨xs, _⟩
      contradiction
  rintro ⟨xs | xt, nxst⟩
  · left
    use xs
    intro xt
    apply nxst
    constructor <;> assumption
  · right; use xt; intro xs
    apply nxst
    constructor <;> assumption

",,True,60,MIL.C04_Sets_and_Functions.solutions.Solutions_S01_Sets,Qwen-7B-long,LENGTH,best_of_n,False,0,0.0,CH04.t7,False
-1,False,28,"theorem t7 : s \ t ∪ t \ s = (s ∪ t) \ (s ∩ t) := by
  ext x; constructor
  · rintro (⟨xs, xnt⟩ | ⟨xt, xns⟩)
    · constructor
      left
      exact xs
      rintro ⟨_, xt⟩
      contradiction
    · constructor
      right
      exact xt
      rintro ⟨xs, _⟩
      contradiction
  rintro ⟨xs | xt, nxst⟩
  · left
    use xs
    intro xt
    apply nxst
    constructor <;> assumption
  · right; use xt; intro xs
    apply nxst
    constructor <;> assumption

",,True,28,"theorem t7 : s \ t ∪ t \ s = (s ∪ t) \ (s ∩ t) := by
  ext x; constructor
  · rintro (⟨xs, xnt⟩ | ⟨xt, xns⟩)
    · constructor
      left
      exact xs
      rintro ⟨_, xt⟩
      contradiction
    · constructor
      right
      exact xt
      rintro ⟨xs, _⟩
      contradiction
  rintro ⟨xs | xt, nxst⟩
  · left
    use xs
    intro xt
    apply nxst
    constructor <;> assumption
  · right; use xt; intro xs
    apply nxst
    constructor <;> assumption
",,True,60,MIL.C04_Sets_and_Functions.solutions.Solutions_S01_Sets,Qwen-7B-long,LENGTH,best_of_n,False,0,0.0,CH04.t7,False
-1,False,28,"theorem t7 : s \ t ∪ t \ s = (s ∪ t) \ (s ∩ t) := by
  ext x; constructor
  · rintro (⟨xs, xnt⟩ | ⟨xt, xns⟩)
    · constructor
      left
      exact xs
      rintro ⟨_, xt⟩
      contradiction
    · constructor
      right
      exact xt
      rintro ⟨xs, _⟩
      contradiction
  rintro ⟨xs | xt, nxst⟩
  · left
    use xs
    intro xt
    apply nxst
    constructor <;> assumption
  · right; use xt; intro xs
    apply nxst
    constructor <;> assumption

",,True,-1,"theorem t7 : s \ t ∪ t \ s = (s ∪ t) \ (s ∩ t) := by
  ext
  simp_rw [mem_set_diff, mem_set_diff, not_and_or, and_imp, implies_true]
  aesop
","💥️unknown identifier 'mem_set_diff'

💥️simp made no progress",False,60,MIL.C04_Sets_and_Functions.solutions.Solutions_S01_Sets,Qwen-7B-long,LENGTH,best_of_n,False,0,-1.0,CH04.t7,False
-1,False,28,"theorem t7 : s \ t ∪ t \ s = (s ∪ t) \ (s ∩ t) := by
  ext x; constructor
  · rintro (⟨xs, xnt⟩ | ⟨xt, xns⟩)
    · constructor
      left
      exact xs
      rintro ⟨_, xt⟩
      contradiction
    · constructor
      right
      exact xt
      rintro ⟨xs, _⟩
      contradiction
  rintro ⟨xs | xt, nxst⟩
  · left
    use xs
    intro xt
    apply nxst
    constructor <;> assumption
  · right; use xt; intro xs
    apply nxst
    constructor <;> assumption

",,True,-1,"theorem t7 : s \ t ∪ t \ s = (s ∪ t) \ (s ∩ t) :=
  set.ext fun x ↦ (x ∈ t).symm /\\ (x ∈ s).symm /\\ not (x ∈ s ∧ x ∈ t)

",💥️unexpected token '\'; expected term,False,60,MIL.C04_Sets_and_Functions.solutions.Solutions_S01_Sets,Qwen-7B-long,LENGTH,best_of_n,False,0,-1.0,CH04.t7,False
-1,False,28,"theorem t7 : s \ t ∪ t \ s = (s ∪ t) \ (s ∩ t) := by
  ext x; constructor
  · rintro (⟨xs, xnt⟩ | ⟨xt, xns⟩)
    · constructor
      left
      exact xs
      rintro ⟨_, xt⟩
      contradiction
    · constructor
      right
      exact xt
      rintro ⟨xs, _⟩
      contradiction
  rintro ⟨xs | xt, nxst⟩
  · left
    use xs
    intro xt
    apply nxst
    constructor <;> assumption
  · right; use xt; intro xs
    apply nxst
    constructor <;> assumption

",,True,-1,"theorem t7 : s \ t ∪ t \ s = (s ∪ t) \ (s ∩ t) :=
  coe_injective <| by ext; simp [set.ext_iff]; aesop
",💥️unknown identifier 'coe_injective',False,60,MIL.C04_Sets_and_Functions.solutions.Solutions_S01_Sets,Qwen-7B-long,LENGTH,best_of_n,False,0,-1.0,CH04.t7,False
-1,False,28,"theorem t7 : s \ t ∪ t \ s = (s ∪ t) \ (s ∩ t) := by
  ext x; constructor
  · rintro (⟨xs, xnt⟩ | ⟨xt, xns⟩)
    · constructor
      left
      exact xs
      rintro ⟨_, xt⟩
      contradiction
    · constructor
      right
      exact xt
      rintro ⟨xs, _⟩
      contradiction
  rintro ⟨xs | xt, nxst⟩
  · left
    use xs
    intro xt
    apply nxst
    constructor <;> assumption
  · right; use xt; intro xs
    apply nxst
    constructor <;> assumption

",,True,-1,"theorem t7 : s \ t ∪ t \ s = (s ∪ t) \ (s ∩ t) :=
  coe_injective <| by ext; aesop
",💥️unknown identifier 'coe_injective',False,60,MIL.C04_Sets_and_Functions.solutions.Solutions_S01_Sets,Qwen-7B-long,LENGTH,best_of_n,False,0,-1.0,CH04.t7,False
-1,False,28,"theorem t7 : s \ t ∪ t \ s = (s ∪ t) \ (s ∩ t) := by
  ext x; constructor
  · rintro (⟨xs, xnt⟩ | ⟨xt, xns⟩)
    · constructor
      left
      exact xs
      rintro ⟨_, xt⟩
      contradiction
    · constructor
      right
      exact xt
      rintro ⟨xs, _⟩
      contradiction
  rintro ⟨xs | xt, nxst⟩
  · left
    use xs
    intro xt
    apply nxst
    constructor <;> assumption
  · right; use xt; intro xs
    apply nxst
    constructor <;> assumption

",,True,-1,"theorem t7 : s \ t ∪ t \ s = (s ∪ t) \ (s ∩ t) := by
  ext x
  constructor
  · intro (⟨xs, xnt⟩ | ⟨xt, xns⟩)
    · constructor
      left
      exact xs
      rintro ⟨_, xt⟩
      contradiction
    · constructor
      right
      exact xt
      rintro ⟨xs, _⟩
      contradiction
  · intro ⟨xs | xt, nxst⟩
    · left
      use xs
      intro xt
      apply nxst
      constructor <;> assumption
    · right; use xt; intro xs
      apply nxst
      constructor <;> assumption


","💥️unexpected token '|'; expected ')', ',' or ':'

💥️invalid constructor ⟨...⟩, expected type must be an inductive type with only one constructor 
  x ∈ s \ t ∨ x ∈ t \ s

💥️unsolved goals
case h.mpr
α : Type u_1
s t : Set α
x : α
⊢ x ∈ (s ∪ t) \ (s ∩ t) → x ∈ s \ t ∪ t \ s",False,60,MIL.C04_Sets_and_Functions.solutions.Solutions_S01_Sets,Qwen-7B-long,LENGTH,best_of_n,False,0,-1.0,CH04.t7,False
-1,False,28,"theorem t7 : s \ t ∪ t \ s = (s ∪ t) \ (s ∩ t) := by
  ext x; constructor
  · rintro (⟨xs, xnt⟩ | ⟨xt, xns⟩)
    · constructor
      left
      exact xs
      rintro ⟨_, xt⟩
      contradiction
    · constructor
      right
      exact xt
      rintro ⟨xs, _⟩
      contradiction
  rintro ⟨xs | xt, nxst⟩
  · left
    use xs
    intro xt
    apply nxst
    constructor <;> assumption
  · right; use xt; intro xs
    apply nxst
    constructor <;> assumption

",,True,-1,"theorem t7 : s \ t ∪ t \ s = (s ∪ t) \ (s ∩ t) := by
  ext x
  constructor
  · right
    refine ⟨?_, fun ⟨_, xs⟩ ↦ ?_⟩
  · left
    refine ⟨?_, fun ⟨xs, _⟩ ↦ ?_⟩
  · rintro (⟨xs, xnt⟩ | ⟨xt, xns⟩)
    · constructor
      left
      exact xs
      rintro ⟨_, xt⟩
      contradiction
    · constructor
      right
      exact xt
      rintro ⟨xs, _⟩
      contradiction

","💥️tactic 'right' failed, target is not an inductive datatype
case h.mp
α : Type u_1
s t : Set α
x : α
⊢ x ∈ s \ t ∪ t \ s → x ∈ (s ∪ t) \ (s ∩ t)

💥️tactic 'left' failed, target is not an inductive datatype
case h.mpr
α : Type u_1
s t : Set α
x : α
⊢ x ∈ (s ∪ t) \ (s ∩ t) → x ∈ s \ t ∪ t \ s

💥️no goals to be solved",False,60,MIL.C04_Sets_and_Functions.solutions.Solutions_S01_Sets,Qwen-7B-long,LENGTH,best_of_n,False,0,-1.0,CH04.t7,False
-1,False,28,"theorem t7 : s \ t ∪ t \ s = (s ∪ t) \ (s ∩ t) := by
  ext x; constructor
  · rintro (⟨xs, xnt⟩ | ⟨xt, xns⟩)
    · constructor
      left
      exact xs
      rintro ⟨_, xt⟩
      contradiction
    · constructor
      right
      exact xt
      rintro ⟨xs, _⟩
      contradiction
  rintro ⟨xs | xt, nxst⟩
  · left
    use xs
    intro xt
    apply nxst
    constructor <;> assumption
  · right; use xt; intro xs
    apply nxst
    constructor <;> assumption

",,True,28,"theorem t7 : s \ t ∪ t \ s = (s ∪ t) \ (s ∩ t) := by
  ext x
  constructor
  · rintro (⟨xs, xnt⟩ | ⟨xt, xns⟩)
    · constructor
      left
      exact xs
      rintro ⟨_, xt⟩
      contradiction
    · constructor
      right
      exact xt
      rintro ⟨xs, _⟩
      contradiction
  rintro ⟨xs | xt, nxst⟩
  · left
    use xs
    intro xt
    apply nxst
    constructor <;> assumption
  · right; use xt; intro xs
    apply nxst
    constructor <;> assumption

",,True,60,MIL.C04_Sets_and_Functions.solutions.Solutions_S01_Sets,Qwen-7B-long,LENGTH,best_of_n,False,0,0.0,CH04.t7,False
-1,False,28,"theorem t7 : s \ t ∪ t \ s = (s ∪ t) \ (s ∩ t) := by
  ext x; constructor
  · rintro (⟨xs, xnt⟩ | ⟨xt, xns⟩)
    · constructor
      left
      exact xs
      rintro ⟨_, xt⟩
      contradiction
    · constructor
      right
      exact xt
      rintro ⟨xs, _⟩
      contradiction
  rintro ⟨xs | xt, nxst⟩
  · left
    use xs
    intro xt
    apply nxst
    constructor <;> assumption
  · right; use xt; intro xs
    apply nxst
    constructor <;> assumption

",,True,28,"theorem t7 : s \ t ∪ t \ s = (s ∪ t) \ (s ∩ t) := by
  ext x
  constructor
  · rintro (⟨xs, xnt⟩ | ⟨xt, xns⟩)
    · constructor
      left
      exact xs
      rintro ⟨_, xt⟩
      contradiction
    · constructor
      right
      exact xt
      rintro ⟨xs, _⟩
      contradiction
  rintro ⟨xs | xt, nxst⟩
  · left; use xs; intro xt; apply nxst; constructor <;> assumption
  · right; use xt; intro xs; apply nxst; constructor <;> assumption


",,True,60,MIL.C04_Sets_and_Functions.solutions.Solutions_S01_Sets,Qwen-7B-long,LENGTH,best_of_n,False,0,0.0,CH04.t7,False
-1,False,28,"theorem t7 : s \ t ∪ t \ s = (s ∪ t) \ (s ∩ t) := by
  ext x; constructor
  · rintro (⟨xs, xnt⟩ | ⟨xt, xns⟩)
    · constructor
      left
      exact xs
      rintro ⟨_, xt⟩
      contradiction
    · constructor
      right
      exact xt
      rintro ⟨xs, _⟩
      contradiction
  rintro ⟨xs | xt, nxst⟩
  · left
    use xs
    intro xt
    apply nxst
    constructor <;> assumption
  · right; use xt; intro xs
    apply nxst
    constructor <;> assumption

",,True,-1,"theorem t7 : s \ t ∪ t \ s = (s ∪ t) \ (s ∩ t) := by
  ext x
  determinant (s := s) (t := t)
  simp
","💥️unknown tactic

💥️unsolved goals
case h
α : Type u_1
s t : Set α
x : α
⊢ x ∈ s \ t ∪ t \ s ↔ x ∈ (s ∪ t) \ (s ∩ t)",False,60,MIL.C04_Sets_and_Functions.solutions.Solutions_S01_Sets,Qwen-7B-long,LENGTH,best_of_n,False,0,-1.0,CH04.t7,False
-1,False,28,"theorem t7 : s \ t ∪ t \ s = (s ∪ t) \ (s ∩ t) := by
  ext x; constructor
  · rintro (⟨xs, xnt⟩ | ⟨xt, xns⟩)
    · constructor
      left
      exact xs
      rintro ⟨_, xt⟩
      contradiction
    · constructor
      right
      exact xt
      rintro ⟨xs, _⟩
      contradiction
  rintro ⟨xs | xt, nxst⟩
  · left
    use xs
    intro xt
    apply nxst
    constructor <;> assumption
  · right; use xt; intro xs
    apply nxst
    constructor <;> assumption

",,True,-1,"theorem t7 : s \ t ∪ t \ s = (s ∪ t) \ (s ∩ t) := by
  ext
  aesop (add simp [set.ext_iff, diff_eq, not_and_or, and_imp, or_imp])
  simp_rw [set.ext_iff, t7_exists_iff, exists_and_left, and_assoc, and_congr_right_iff]
  aesop
","💥️invalid field notation, type is not of the form (C ...) where C is a constant
  set
has type
  ?m.1620 → ?m.1621 PUnit.{?u.1619 + 1}",False,60,MIL.C04_Sets_and_Functions.solutions.Solutions_S01_Sets,Qwen-7B-long,LENGTH,best_of_n,False,0,-1.0,CH04.t7,False
-1,False,28,"theorem t7 : s \ t ∪ t \ s = (s ∪ t) \ (s ∩ t) := by
  ext x; constructor
  · rintro (⟨xs, xnt⟩ | ⟨xt, xns⟩)
    · constructor
      left
      exact xs
      rintro ⟨_, xt⟩
      contradiction
    · constructor
      right
      exact xt
      rintro ⟨xs, _⟩
      contradiction
  rintro ⟨xs | xt, nxst⟩
  · left
    use xs
    intro xt
    apply nxst
    constructor <;> assumption
  · right; use xt; intro xs
    apply nxst
    constructor <;> assumption

",,True,-1,"theorem t7 : s \ t ∪ t \ s = (s ∪ t) \ (s ∩ t) :=
  coe_injective <| by ext; simp
",💥️unknown identifier 'coe_injective',False,60,MIL.C04_Sets_and_Functions.solutions.Solutions_S01_Sets,Qwen-7B-long,LENGTH,best_of_n,False,0,-1.0,CH04.t7,False
-1,False,28,"theorem t7 : s \ t ∪ t \ s = (s ∪ t) \ (s ∩ t) := by
  ext x; constructor
  · rintro (⟨xs, xnt⟩ | ⟨xt, xns⟩)
    · constructor
      left
      exact xs
      rintro ⟨_, xt⟩
      contradiction
    · constructor
      right
      exact xt
      rintro ⟨xs, _⟩
      contradiction
  rintro ⟨xs | xt, nxst⟩
  · left
    use xs
    intro xt
    apply nxst
    constructor <;> assumption
  · right; use xt; intro xs
    apply nxst
    constructor <;> assumption

",,True,-1,"theorem t7 : s \ t ∪ t \ s = (s ∪ t) \ (s ∩ t) :=
  Set.ext fun x ↦ not_iff_not.mp (Shortcuts.and_or_and_left x (s ∩ t).mem1) (Shortcuts.and_or_and_right x (s ∩ t).mem2)
",💥️unknown identifier 'Shortcuts.and_or_and_left',False,60,MIL.C04_Sets_and_Functions.solutions.Solutions_S01_Sets,Qwen-7B-long,LENGTH,best_of_n,False,0,-1.0,CH04.t7,False
-1,False,28,"theorem t7 : s \ t ∪ t \ s = (s ∪ t) \ (s ∩ t) := by
  ext x; constructor
  · rintro (⟨xs, xnt⟩ | ⟨xt, xns⟩)
    · constructor
      left
      exact xs
      rintro ⟨_, xt⟩
      contradiction
    · constructor
      right
      exact xt
      rintro ⟨xs, _⟩
      contradiction
  rintro ⟨xs | xt, nxst⟩
  · left
    use xs
    intro xt
    apply nxst
    constructor <;> assumption
  · right; use xt; intro xs
    apply nxst
    constructor <;> assumption

",,True,-1,"Oh, I came across this theorem that I'm supposed to clarify and then shorten in the Lean4 proof language. The theorem is about set operations, and I need to make sure I understand what it's saying before I can work on improving the proof.

So, the theorem is t7, and it states that s \ t ∪ t \ s equals (s ∪ t) \ (s ∩ t). Okay, I know that \ is set difference, ∪ is union, and ∩ is intersection. So, s \ t is all elements in s that are not in t, and t \ s is all elements in t not in s. The union of these two would be all elements that are in either s or t but not in both. On the other side, (s ∪ t) \ (s ∩ t) is all elements in s or t but not in both. So, this is basically the symmetric difference of s and t.

Wait, is that right? Symmetric difference is like exactly that: elements that are in one set or the other but not in both. So, this theorem is basically saying that the symmetric difference can be defined in either of these two ways: as the union of the set differences, or as the difference of the unions with the intersection. That makes sense.

Now, looking at the current proof measure, I see that there's a proof using `ext` and `constructor`. It might be a bit long. I need to shorten it while ensuring it's still correct. I should think about alternative ways to define or prove this theorem.

Maybe using `congrArg` or `bitr?_` and `bitr?_` to handle the cases where elements are in s, t, or both. Alternatively, using `simp` with `config omega := true` to let Lean4 infer the proof using known lemmas about set operations.

I also notice that the current proof uses `rintro (⟨xs, xnt⟩ | ⟨xt, xns⟩)`. Instead of using such cases, perhaps I can use `x.mt` and `x.elim` to make the cases more concise. That might help shorten the proof.

Let me also check if there are any lemmas that directly relate to this theorem. For example, I know that `Set.symm_diff_eq` is a known lemma in Lean4's `SetTheory` module. This theorem is likely an alternative definition of symmetric difference. So, perhaps I can reference that lemma in a `tactic` or `simp` block to make the proof more concise and take advantage of existing lemmas.

So, to summarize, the theorem is about defining symmetric difference in two different ways, using union of set differences and the difference of unions with intersection. The current proof is straightforward but could be made more concise using existing lemmas and more efficient case handling.

I need to rewrite the proof using `simp` with known lemmas and efficient case analysis to make the proof shorter and more efficient. I could use `config omega := true` to let Lean4 infer the proof using `simp`.
</think>

theorem t7 : s \ t ∪ t \ s = (s ∪ t) \ (s ∩ t) := by
  ext x
  constructor
  · cases h : x ∈ (s ∪ t)
    · cases h : x ∈ (s ∪ t)
      · cases h : x ∈ (s ∩ t)
      ·
    · other cases
  · cases h : x ∈ (s \ t) ∪ (t \ s)
    · cases h : x ∈ (s \ t) ∪ (t \ s)
      · cases h : x ∈ (s \ t)
      · cases h : x ∈ (t \ s)
      · exact xxx
      · exact yyy

","💥️unexpected identifier; expected command

💥️unexpected token 'to'; expected ':'",False,60,MIL.C04_Sets_and_Functions.solutions.Solutions_S01_Sets,Qwen-7B-long,LENGTH,best_of_n,False,0,-1.0,CH04.t7,False
-1,False,28,"theorem t7 : s \ t ∪ t \ s = (s ∪ t) \ (s ∩ t) := by
  ext x; constructor
  · rintro (⟨xs, xnt⟩ | ⟨xt, xns⟩)
    · constructor
      left
      exact xs
      rintro ⟨_, xt⟩
      contradiction
    · constructor
      right
      exact xt
      rintro ⟨xs, _⟩
      contradiction
  rintro ⟨xs | xt, nxst⟩
  · left
    use xs
    intro xt
    apply nxst
    constructor <;> assumption
  · right; use xt; intro xs
    apply nxst
    constructor <;> assumption

",,True,-1,"theorem t7 : s \ t ∪ t \ s = (s ∪ t) \ (s ∩ t) :=
  Set.ext (fun x ↦ Set.equiv ((s \ t ∪ t \ s).mem (s ∪ t) ↔ not (s ∩ t).mem (s ∪ t) x) ?_)
  congr
  aesop


",💥️unknown constant 'Set.equiv',False,60,MIL.C04_Sets_and_Functions.solutions.Solutions_S01_Sets,Qwen-7B-long,LENGTH,best_of_n,False,0,-1.0,CH04.t7,False
-1,False,28,"theorem t7 : s \ t ∪ t \ s = (s ∪ t) \ (s ∩ t) := by
  ext x; constructor
  · rintro (⟨xs, xnt⟩ | ⟨xt, xns⟩)
    · constructor
      left
      exact xs
      rintro ⟨_, xt⟩
      contradiction
    · constructor
      right
      exact xt
      rintro ⟨xs, _⟩
      contradiction
  rintro ⟨xs | xt, nxst⟩
  · left
    use xs
    intro xt
    apply nxst
    constructor <;> assumption
  · right; use xt; intro xs
    apply nxst
    constructor <;> assumption

",,True,-1,"theorem t7 : s \ t ∪ t \ s = (s ∪ t) \ (s ∩ t) :=
  Set.ext fun x ↦ by
  · simp [or_iff_not_imp_right]
  · cases h : s t | h := (s t).cases_on h
    · exact h.elim (s ∩ t).mono fun hne ↦ hne ▸ univ.not_mem hne.not_compl
  · push_neg at *
    simp [not_and_or, and_sub_right_iff]
","💥️unsolved goals
α : Type u_1
s t : Set α
x : α
⊢ (x ∈ t → x ∈ s) → x ∈ s ∧ x ∉ t ↔ (x ∉ t → x ∈ s) ∧ (x ∈ s → x ∉ t)

💥️no goals to be solved",False,60,MIL.C04_Sets_and_Functions.solutions.Solutions_S01_Sets,Qwen-7B-long,LENGTH,best_of_n,False,0,-1.0,CH04.t7,False
-1,False,28,"theorem t7 : s \ t ∪ t \ s = (s ∪ t) \ (s ∩ t) := by
  ext x; constructor
  · rintro (⟨xs, xnt⟩ | ⟨xt, xns⟩)
    · constructor
      left
      exact xs
      rintro ⟨_, xt⟩
      contradiction
    · constructor
      right
      exact xt
      rintro ⟨xs, _⟩
      contradiction
  rintro ⟨xs | xt, nxst⟩
  · left
    use xs
    intro xt
    apply nxst
    constructor <;> assumption
  · right; use xt; intro xs
    apply nxst
    constructor <;> assumption

",,True,3,"theorem t7 : s \ t ∪ t \ s = (s ∪ t) \ (s ∩ t) := by
  ext x
  simp (config := {contextual := true})
  aesop
",,True,60,MIL.C04_Sets_and_Functions.solutions.Solutions_S01_Sets,Qwen-7B-long,LENGTH,best_of_n,False,0,0.892857,CH04.t7,False
-1,False,28,"theorem t7 : s \ t ∪ t \ s = (s ∪ t) \ (s ∩ t) := by
  ext x; constructor
  · rintro (⟨xs, xnt⟩ | ⟨xt, xns⟩)
    · constructor
      left
      exact xs
      rintro ⟨_, xt⟩
      contradiction
    · constructor
      right
      exact xt
      rintro ⟨xs, _⟩
      contradiction
  rintro ⟨xs | xt, nxst⟩
  · left
    use xs
    intro xt
    apply nxst
    constructor <;> assumption
  · right; use xt; intro xs
    apply nxst
    constructor <;> assumption

",,True,-1,"theorem t7 : s \ t ∪ t \ s = (s ∪ t) \ (s ∩ t) :=
  coe_inclusion <| by ext; simp
","💥️type mismatch
  coe_inclusion ?m.1590
has type
  ∀ (x : ↑?m.1588), ↑(inclusion ?m.1590 x) = ↑x : Prop
but is expected to have type
  s \ t ∪ t \ s = (s ∪ t) \ (s ∩ t) : Prop

💥️applyExtTheorem only applies to equations, not
  ∀ ⦃a : ?m.1587⦄, a ∈ ?m.1588 → a ∈ ?m.1589",False,60,MIL.C04_Sets_and_Functions.solutions.Solutions_S01_Sets,Qwen-7B-long,LENGTH,best_of_n,False,0,-1.0,CH04.t7,False
-1,False,28,"theorem t7 : s \ t ∪ t \ s = (s ∪ t) \ (s ∩ t) := by
  ext x; constructor
  · rintro (⟨xs, xnt⟩ | ⟨xt, xns⟩)
    · constructor
      left
      exact xs
      rintro ⟨_, xt⟩
      contradiction
    · constructor
      right
      exact xt
      rintro ⟨xs, _⟩
      contradiction
  rintro ⟨xs | xt, nxst⟩
  · left
    use xs
    intro xt
    apply nxst
    constructor <;> assumption
  · right; use xt; intro xs
    apply nxst
    constructor <;> assumption

",,True,-1,"theorem t7 : s \ t ∪ t \ s = (s ∪ t) \ (s ∩ t) := by
  ext x
  constructor
  · intro (⟨xs, xnt⟩ | ⟨xt, xns⟩)
    · constructor
      left
      exact xs
      rintro ⟨_, xt⟩
      contradiction
    · constructor
      right
      exact xt
      rintro ⟨xs, _⟩
      contradiction
  · (xs | xt) <;> apply nxst <;> aesop


","💥️unexpected token '|'; expected ')', ',' or ':'

💥️invalid constructor ⟨...⟩, expected type must be an inductive type with only one constructor 
  x ∈ s \ t ∨ x ∈ t \ s

💥️unsolved goals
case h.mpr
α : Type u_1
s t : Set α
x : α
⊢ x ∈ (s ∪ t) \ (s ∩ t) → x ∈ s \ t ∪ t \ s",False,60,MIL.C04_Sets_and_Functions.solutions.Solutions_S01_Sets,Qwen-7B-long,LENGTH,best_of_n,False,0,-1.0,CH04.t7,False
-1,False,28,"theorem t7 : s \ t ∪ t \ s = (s ∪ t) \ (s ∩ t) := by
  ext x; constructor
  · rintro (⟨xs, xnt⟩ | ⟨xt, xns⟩)
    · constructor
      left
      exact xs
      rintro ⟨_, xt⟩
      contradiction
    · constructor
      right
      exact xt
      rintro ⟨xs, _⟩
      contradiction
  rintro ⟨xs | xt, nxst⟩
  · left
    use xs
    intro xt
    apply nxst
    constructor <;> assumption
  · right; use xt; intro xs
    apply nxst
    constructor <;> assumption

",,True,-1,"theorem t7 : s \ t ∪ t \ s = (s ∪ t) \ (s ∩ t) := by
  ext x
  constructor
  · cases h | h
    · left exact h.2
      rintro ⟨_, h.1⟩
      contradiction
    · right exact h.2
      rintro ⟨h.1, _⟩
      contradiction
  · cases ⟨xs | xt, hxst⟩
    · left
      use xs
      rintro xs (hx | hx)
      setOf_subset hxst <| h xh.2 hx
  · right; use xt; intro xs (hx | hx)
      setOf_subset hxst <| h xh.2 hx
","💥️unknown identifier 'h'

💥️tactic 'induction' failed, major premise type is not an inductive type 
  ?m.1624
case h.mp
α : Type u_1
s t : Set α
x : α
x✝ : ?m.1624
⊢ x ∈ s \ t ∪ t \ s → x ∈ (s ∪ t) \ (s ∩ t)

💥️unsolved goals
case h.mpr
α : Type u_1
s t : Set α
x : α
⊢ x ∈ (s ∪ t) \ (s ∩ t) → x ∈ s \ t ∪ t \ s",False,60,MIL.C04_Sets_and_Functions.solutions.Solutions_S01_Sets,Qwen-7B-long,LENGTH,best_of_n,False,0,-1.0,CH04.t7,False
-1,False,28,"theorem t7 : s \ t ∪ t \ s = (s ∪ t) \ (s ∩ t) := by
  ext x; constructor
  · rintro (⟨xs, xnt⟩ | ⟨xt, xns⟩)
    · constructor
      left
      exact xs
      rintro ⟨_, xt⟩
      contradiction
    · constructor
      right
      exact xt
      rintro ⟨xs, _⟩
      contradiction
  rintro ⟨xs | xt, nxst⟩
  · left
    use xs
    intro xt
    apply nxst
    constructor <;> assumption
  · right; use xt; intro xs
    apply nxst
    constructor <;> assumption

",,True,-1,"theorem t7 : s \ t ∪ t \ s = (s ∪ t) \ (s ∩ t) := by
  suffices t \ s = (t \ s) ∩ (s \ t) by simpa [set.ext_iff, Eq_comm]
  simpa using t7_a (t := t) (s := s)
","💥️invalid field notation, type is not of the form (C ...) where C is a constant
  set
has type
  ?m.1667 → ?m.1668 PUnit.{?u.1666 + 1}

💥️unknown identifier 'Eq_comm'

💥️tactic 'assumption' failed
α : Type u_1
s t : Set α
this : t \ s ⊆ s \ t
⊢ s \ t ∪ t \ s = (s ∪ t) \ (s ∩ t)

💥️unknown identifier 't7_a'",False,60,MIL.C04_Sets_and_Functions.solutions.Solutions_S01_Sets,Qwen-7B-long,LENGTH,best_of_n,False,0,-1.0,CH04.t7,False
-1,False,28,"theorem t7 : s \ t ∪ t \ s = (s ∪ t) \ (s ∩ t) := by
  ext x; constructor
  · rintro (⟨xs, xnt⟩ | ⟨xt, xns⟩)
    · constructor
      left
      exact xs
      rintro ⟨_, xt⟩
      contradiction
    · constructor
      right
      exact xt
      rintro ⟨xs, _⟩
      contradiction
  rintro ⟨xs | xt, nxst⟩
  · left
    use xs
    intro xt
    apply nxst
    constructor <;> assumption
  · right; use xt; intro xs
    apply nxst
    constructor <;> assumption

",,True,-1,"theorem t7 : s \ t ∪ t \ s = (s ∪ t) \ (s ∩ t) :=
  Set.symmetric dif_left_iff <| by push_cast [Set.finite_ae, Set.finite_dif] +

",💥️unexpected end of input,False,60,MIL.C04_Sets_and_Functions.solutions.Solutions_S01_Sets,Qwen-7B-long,LENGTH,best_of_n,False,0,-1.0,CH04.t7,False
-1,False,28,"theorem t7 : s \ t ∪ t \ s = (s ∪ t) \ (s ∩ t) := by
  ext x; constructor
  · rintro (⟨xs, xnt⟩ | ⟨xt, xns⟩)
    · constructor
      left
      exact xs
      rintro ⟨_, xt⟩
      contradiction
    · constructor
      right
      exact xt
      rintro ⟨xs, _⟩
      contradiction
  rintro ⟨xs | xt, nxst⟩
  · left
    use xs
    intro xt
    apply nxst
    constructor <;> assumption
  · right; use xt; intro xs
    apply nxst
    constructor <;> assumption

",,True,-1,"theorem t7 : s \ t ∪ t \ s = (s ∪ t) \ (s ∩ t) := by
  ext x
  constructor
  · obtain hx | ht := em x t
    simp [val← hx, val← ht]
  · simp <;> aesop

","💥️unexpected token '←'; expected ']'

💥️application type mismatch
  em x
argument
  x
has type
  α : Type u_1
but is expected to have type
  Prop : Type

💥️rcases tactic failed: x✝ : ?m.2349 is not an inductive datatype

💥️unsolved goals
case h.mpr
α : Type u_1
s t : Set α
x : α
⊢ x ∈ (s ∪ t) \ (s ∩ t) → x ∈ s \ t ∪ t \ s",False,60,MIL.C04_Sets_and_Functions.solutions.Solutions_S01_Sets,Qwen-7B-long,LENGTH,best_of_n,False,0,-1.0,CH04.t7,False
-1,False,28,"theorem t7 : s \ t ∪ t \ s = (s ∪ t) \ (s ∩ t) := by
  ext x; constructor
  · rintro (⟨xs, xnt⟩ | ⟨xt, xns⟩)
    · constructor
      left
      exact xs
      rintro ⟨_, xt⟩
      contradiction
    · constructor
      right
      exact xt
      rintro ⟨xs, _⟩
      contradiction
  rintro ⟨xs | xt, nxst⟩
  · left
    use xs
    intro xt
    apply nxst
    constructor <;> assumption
  · right; use xt; intro xs
    apply nxst
    constructor <;> assumption

",,True,-1,"theorem t7 : s \ t ∪ t \ s = (s ∪ t) \ (s ∩ t) :=
  coe_injective <| by ext; simp symmetrically
",💥️unknown identifier 'coe_injective',False,60,MIL.C04_Sets_and_Functions.solutions.Solutions_S01_Sets,Qwen-7B-long,LENGTH,best_of_n,False,0,-1.0,CH04.t7,False
-1,False,28,"theorem t7 : s \ t ∪ t \ s = (s ∪ t) \ (s ∩ t) := by
  ext x; constructor
  · rintro (⟨xs, xnt⟩ | ⟨xt, xns⟩)
    · constructor
      left
      exact xs
      rintro ⟨_, xt⟩
      contradiction
    · constructor
      right
      exact xt
      rintro ⟨xs, _⟩
      contradiction
  rintro ⟨xs | xt, nxst⟩
  · left
    use xs
    intro xt
    apply nxst
    constructor <;> assumption
  · right; use xt; intro xs
    apply nxst
    constructor <;> assumption

",,True,-1,"theorem t7 : s \ t ∪ t \ s = (s ∪ t) \ (s ∩ t) :=
  (Set_extend_iff _ _).symm
",💥️unknown identifier 'Set_extend_iff',False,60,MIL.C04_Sets_and_Functions.solutions.Solutions_S01_Sets,Qwen-7B-long,LENGTH,best_of_n,False,0,-1.0,CH04.t7,False
-1,False,28,"theorem t7 : s \ t ∪ t \ s = (s ∪ t) \ (s ∩ t) := by
  ext x; constructor
  · rintro (⟨xs, xnt⟩ | ⟨xt, xns⟩)
    · constructor
      left
      exact xs
      rintro ⟨_, xt⟩
      contradiction
    · constructor
      right
      exact xt
      rintro ⟨xs, _⟩
      contradiction
  rintro ⟨xs | xt, nxst⟩
  · left
    use xs
    intro xt
    apply nxst
    constructor <;> assumption
  · right; use xt; intro xs
    apply nxst
    constructor <;> assumption

",,True,-1,"theorem t7 : s \ t ∪ t \ s = (s ∪ t) \ (s ∩ t) :=
  coe_injective <| by ext; simp [subset_iff]
",💥️unknown identifier 'coe_injective',False,60,MIL.C04_Sets_and_Functions.solutions.Solutions_S01_Sets,Qwen-7B-long,LENGTH,best_of_n,False,0,-1.0,CH04.t7,False
-1,False,28,"theorem t7 : s \ t ∪ t \ s = (s ∪ t) \ (s ∩ t) := by
  ext x; constructor
  · rintro (⟨xs, xnt⟩ | ⟨xt, xns⟩)
    · constructor
      left
      exact xs
      rintro ⟨_, xt⟩
      contradiction
    · constructor
      right
      exact xt
      rintro ⟨xs, _⟩
      contradiction
  rintro ⟨xs | xt, nxst⟩
  · left
    use xs
    intro xt
    apply nxst
    constructor <;> assumption
  · right; use xt; intro xs
    apply nxst
    constructor <;> assumption

",,True,-1,"theorem t7 : s \ t ∪ t \ s = (s ∪ t) \ (s ∩ t) := by
  ext x
  simp [or_iff_not_imp_left, not_imp]
","💥️ambiguous, possible interpretations 
  _root_.not_imp : ¬(?m.1628 → ?m.1629) ↔ ?m.1628 ∧ ¬?m.1629
  
  Classical.not_imp : ¬(?m.1630 → ?m.1631) ↔ ?m.1630 ∧ ¬?m.1631

💥️unsolved goals
case h
α : Type u_1
s t : Set α
x : α
⊢ (x ∈ s → x ∈ t) → x ∈ t ∧ x ∉ s ↔ (x ∉ s → x ∈ t) ∧ (x ∈ s → x ∉ t)",False,60,MIL.C04_Sets_and_Functions.solutions.Solutions_S01_Sets,Qwen-7B-long,LENGTH,best_of_n,False,0,-1.0,CH04.t7,False
-1,False,28,"theorem t7 : s \ t ∪ t \ s = (s ∪ t) \ (s ∩ t) := by
  ext x; constructor
  · rintro (⟨xs, xnt⟩ | ⟨xt, xns⟩)
    · constructor
      left
      exact xs
      rintro ⟨_, xt⟩
      contradiction
    · constructor
      right
      exact xt
      rintro ⟨xs, _⟩
      contradiction
  rintro ⟨xs | xt, nxst⟩
  · left
    use xs
    intro xt
    apply nxst
    constructor <;> assumption
  · right; use xt; intro xs
    apply nxst
    constructor <;> assumption

",,True,-1,"theorem t7 : s \ t ∪ t \ s = (s ∪ t) \ (s ∩ t) := by
  ext x
  split_ifs <;> simp [not_and_or, and_imp, or_imp]
","💥️tactic 'split_ifs' failed, no if-then-else conditions to split
case h
α : Type u_1
s t : Set α
x : α
⊢ x ∈ s \ t ∪ t \ s ↔ x ∈ (s ∪ t) \ (s ∩ t)",False,60,MIL.C04_Sets_and_Functions.solutions.Solutions_S01_Sets,Qwen-7B-long,LENGTH,best_of_n,False,0,-1.0,CH04.t7,False
-1,False,28,"theorem t7 : s \ t ∪ t \ s = (s ∪ t) \ (s ∩ t) := by
  ext x; constructor
  · rintro (⟨xs, xnt⟩ | ⟨xt, xns⟩)
    · constructor
      left
      exact xs
      rintro ⟨_, xt⟩
      contradiction
    · constructor
      right
      exact xt
      rintro ⟨xs, _⟩
      contradiction
  rintro ⟨xs | xt, nxst⟩
  · left
    use xs
    intro xt
    apply nxst
    constructor <;> assumption
  · right; use xt; intro xs
    apply nxst
    constructor <;> assumption

",,True,-1,"theorem t7 : s \ t ∪ t \ s = (s ∪ t) \ (s ∩ t) :=
  coe_injective <| by ext; simp
",💥️unknown identifier 'coe_injective',False,60,MIL.C04_Sets_and_Functions.solutions.Solutions_S01_Sets,Qwen-7B-long,LENGTH,best_of_n,False,0,-1.0,CH04.t7,False
-1,False,28,"theorem t7 : s \ t ∪ t \ s = (s ∪ t) \ (s ∩ t) := by
  ext x; constructor
  · rintro (⟨xs, xnt⟩ | ⟨xt, xns⟩)
    · constructor
      left
      exact xs
      rintro ⟨_, xt⟩
      contradiction
    · constructor
      right
      exact xt
      rintro ⟨xs, _⟩
      contradiction
  rintro ⟨xs | xt, nxst⟩
  · left
    use xs
    intro xt
    apply nxst
    constructor <;> assumption
  · right; use xt; intro xs
    apply nxst
    constructor <;> assumption

",,True,-1,"theorem t7 : s \ t ∪ t \ s = (s ∪ t) \ (s ∩ t) := by
  ext x
  simp_rw [← bi.2 (bi.1 ⟨x.1, x.2.1⟩), and工( MPI_rfl ), bi.1 ⟨_, x.2.2⟩, and工(MPI_rfl), or_iff_not_imp_left, not_imp_not_iff]
","💥️expected token

💥️unknown identifier 'bi'",False,60,MIL.C04_Sets_and_Functions.solutions.Solutions_S01_Sets,Qwen-7B-long,LENGTH,best_of_n,False,0,-1.0,CH04.t7,False
-1,False,28,"theorem t7 : s \ t ∪ t \ s = (s ∪ t) \ (s ∩ t) := by
  ext x; constructor
  · rintro (⟨xs, xnt⟩ | ⟨xt, xns⟩)
    · constructor
      left
      exact xs
      rintro ⟨_, xt⟩
      contradiction
    · constructor
      right
      exact xt
      rintro ⟨xs, _⟩
      contradiction
  rintro ⟨xs | xt, nxst⟩
  · left
    use xs
    intro xt
    apply nxst
    constructor <;> assumption
  · right; use xt; intro xs
    apply nxst
    constructor <;> assumption

",,True,-1,"theorem t7 : s \ t ∪ t \ s = (s ∪ t) \ (s ∩ t) := by
  ext x
  split_ifs on x <;> aesop


","💥️tactic 'split_ifs' failed, no if-then-else conditions to split
case h
α : Type u_1
s t : Set α
x : α
⊢ x ∈ s \ t ∪ t \ s ↔ x ∈ (s ∪ t) \ (s ∩ t)",False,60,MIL.C04_Sets_and_Functions.solutions.Solutions_S01_Sets,Qwen-7B-long,LENGTH,best_of_n,False,0,-1.0,CH04.t7,False
-1,False,28,"theorem t7 : s \ t ∪ t \ s = (s ∪ t) \ (s ∩ t) := by
  ext x; constructor
  · rintro (⟨xs, xnt⟩ | ⟨xt, xns⟩)
    · constructor
      left
      exact xs
      rintro ⟨_, xt⟩
      contradiction
    · constructor
      right
      exact xt
      rintro ⟨xs, _⟩
      contradiction
  rintro ⟨xs | xt, nxst⟩
  · left
    use xs
    intro xt
    apply nxst
    constructor <;> assumption
  · right; use xt; intro xs
    apply nxst
    constructor <;> assumption

",,True,-1,"#align setop.2_theorem t7

theorem t7 : s \ t ∪ t \ s = (s ∪ t) \ (s ∩ t) := by
  ext x
  rintro (⟨xs, xnt⟩ | ⟨xt, xns⟩)
  constructor
  · exact {left := xs, right := xt}
  · have hx := xs-or-xt
    have hxst := xnt
    apply hxst
    rintro ⟨_, xt⟩
    contradiction
  rintro ⟨xs | xt, nxst⟩
  · left; exact ⟨xs, fun xt ↦ nxst (Or.inr add⟩
  · right; exact ⟨xt, fun xs ↦ nxst (Or.inl .⟩

","💥️unexpected token '#'; expected command

💥️unexpected token '⟩'; expected ')', ',' or ':'",False,60,MIL.C04_Sets_and_Functions.solutions.Solutions_S01_Sets,Qwen-7B-long,LENGTH,best_of_n,False,0,-1.0,CH04.t7,False
-1,False,28,"theorem t7 : s \ t ∪ t \ s = (s ∪ t) \ (s ∩ t) := by
  ext x; constructor
  · rintro (⟨xs, xnt⟩ | ⟨xt, xns⟩)
    · constructor
      left
      exact xs
      rintro ⟨_, xt⟩
      contradiction
    · constructor
      right
      exact xt
      rintro ⟨xs, _⟩
      contradiction
  rintro ⟨xs | xt, nxst⟩
  · left
    use xs
    intro xt
    apply nxst
    constructor <;> assumption
  · right; use xt; intro xs
    apply nxst
    constructor <;> assumption

",,True,-1,"theorem t7 : s \ t ∪ t \ s = (s ∪ t) \ (s ∩ t) := by
  ext x
  match xs : t ∪ s against | inl xs => | inr xt
  · refine ⟨xs, fun xht ↦ ?_⟩
    exact ⟨.inl xht, t.not_mem, .inr (t-intersection with s).not_mem⟩
  · refine ⟨xt, fun xht ↦ ?_⟩
    exact ⟨.inr xht, s.not_mem, .inl (s-intersection with t).not_mem⟩
","💥️unexpected token '|'; expected 'with'

💥️unknown identifier 'against'

💥️missing cases:
_",False,60,MIL.C04_Sets_and_Functions.solutions.Solutions_S01_Sets,Qwen-7B-long,LENGTH,best_of_n,False,0,-1.0,CH04.t7,False
-1,False,28,"theorem t7 : s \ t ∪ t \ s = (s ∪ t) \ (s ∩ t) := by
  ext x; constructor
  · rintro (⟨xs, xnt⟩ | ⟨xt, xns⟩)
    · constructor
      left
      exact xs
      rintro ⟨_, xt⟩
      contradiction
    · constructor
      right
      exact xt
      rintro ⟨xs, _⟩
      contradiction
  rintro ⟨xs | xt, nxst⟩
  · left
    use xs
    intro xt
    apply nxst
    constructor <;> assumption
  · right; use xt; intro xs
    apply nxst
    constructor <;> assumption

",,True,-1,"theorem t7 : s \ t ∪ t \ s = (s ∪ t) \ (s ∩ t) := by
  ext x
  simp only [Splitting, not_or_not] at *
  aesop

","💥️unknown identifier 'Splitting'

💥️unknown identifier 'not_or_not'

💥️simp made no progress",False,60,MIL.C04_Sets_and_Functions.solutions.Solutions_S01_Sets,Qwen-7B-long,LENGTH,best_of_n,False,0,-1.0,CH04.t7,False
-1,False,28,"theorem t7 : s \ t ∪ t \ s = (s ∪ t) \ (s ∩ t) := by
  ext x; constructor
  · rintro (⟨xs, xnt⟩ | ⟨xt, xns⟩)
    · constructor
      left
      exact xs
      rintro ⟨_, xt⟩
      contradiction
    · constructor
      right
      exact xt
      rintro ⟨xs, _⟩
      contradiction
  rintro ⟨xs | xt, nxst⟩
  · left
    use xs
    intro xt
    apply nxst
    constructor <;> assumption
  · right; use xt; intro xs
    apply nxst
    constructor <;> assumption

",,True,-1,"theorem t7 : s \ t ∪ t \ s = (s ∪ t) \ (s ∩ t) := by
  aesop (add simp [self])
",💥️unknown identifier 'self',False,60,MIL.C04_Sets_and_Functions.solutions.Solutions_S01_Sets,Qwen-7B-long,LENGTH,best_of_n,False,0,-1.0,CH04.t7,False
-1,False,28,"theorem t7 : s \ t ∪ t \ s = (s ∪ t) \ (s ∩ t) := by
  ext x; constructor
  · rintro (⟨xs, xnt⟩ | ⟨xt, xns⟩)
    · constructor
      left
      exact xs
      rintro ⟨_, xt⟩
      contradiction
    · constructor
      right
      exact xt
      rintro ⟨xs, _⟩
      contradiction
  rintro ⟨xs | xt, nxst⟩
  · left
    use xs
    intro xt
    apply nxst
    constructor <;> assumption
  · right; use xt; intro xs
    apply nxst
    constructor <;> assumption

",,True,-1,"theorem t7 : s \ t ∪ t \ s = (s ∪ t) \ (s ∩ t) := by
  ext x
  constructor
  · intro (hs | ht)
    · exact hs.not_mem_sur_of_non_mem fun hst ↦ not_mem_image_of_mem s.mt hst
    · exact ht.not_mem_tsub_of_non_mem fun hsn ↦ not_mem_image_of_mem t.mt hsn
  · cases_iff : s | t as hd
  fun ht sht ↦ hx sht ht

","💥️unexpected token '|'; expected ')', ',' or ':'

💥️unsolved goals
case h.mp
α : Type u_1
s t : Set α
x : α
hs : x ∈ s \ t ∪ t \ s
⊢ x ∈ (s ∪ t) \ (s ∩ t)

💥️unsolved goals
case h.mpr
α : Type u_1
s t : Set α
x : α
⊢ x ∈ (s ∪ t) \ (s ∩ t) → x ∈ s \ t ∪ t \ s",False,60,MIL.C04_Sets_and_Functions.solutions.Solutions_S01_Sets,Qwen-7B-long,LENGTH,best_of_n,False,0,-1.0,CH04.t7,False
-1,False,28,"theorem t7 : s \ t ∪ t \ s = (s ∪ t) \ (s ∩ t) := by
  ext x; constructor
  · rintro (⟨xs, xnt⟩ | ⟨xt, xns⟩)
    · constructor
      left
      exact xs
      rintro ⟨_, xt⟩
      contradiction
    · constructor
      right
      exact xt
      rintro ⟨xs, _⟩
      contradiction
  rintro ⟨xs | xt, nxst⟩
  · left
    use xs
    intro xt
    apply nxst
    constructor <;> assumption
  · right; use xt; intro xs
    apply nxst
    constructor <;> assumption

",,True,-1,"theorem t7 : s \ t ∪ t \ s = (s ∪ t) \ (s ∩ t) :=
  coe_injective <| by ext; simp
",💥️unknown identifier 'coe_injective',False,60,MIL.C04_Sets_and_Functions.solutions.Solutions_S01_Sets,Qwen-7B-long,LENGTH,best_of_n,False,0,-1.0,CH04.t7,False
-1,False,28,"theorem t7 : s \ t ∪ t \ s = (s ∪ t) \ (s ∩ t) := by
  ext x; constructor
  · rintro (⟨xs, xnt⟩ | ⟨xt, xns⟩)
    · constructor
      left
      exact xs
      rintro ⟨_, xt⟩
      contradiction
    · constructor
      right
      exact xt
      rintro ⟨xs, _⟩
      contradiction
  rintro ⟨xs | xt, nxst⟩
  · left
    use xs
    intro xt
    apply nxst
    constructor <;> assumption
  · right; use xt; intro xs
    apply nxst
    constructor <;> assumption

",,True,-1,"theorem t7 : s \ t ∪ t \ s = (s ∪ t) \ (s ∩ t) :=
  coe_injective <| by ext; simp_rw [← coe_union, ← coe_diff, diff_eq]
",💥️unknown identifier 'coe_injective',False,60,MIL.C04_Sets_and_Functions.solutions.Solutions_S01_Sets,Qwen-7B-long,LENGTH,best_of_n,False,0,-1.0,CH04.t7,False
-1,False,28,"theorem t7 : s \ t ∪ t \ s = (s ∪ t) \ (s ∩ t) := by
  ext x; constructor
  · rintro (⟨xs, xnt⟩ | ⟨xt, xns⟩)
    · constructor
      left
      exact xs
      rintro ⟨_, xt⟩
      contradiction
    · constructor
      right
      exact xt
      rintro ⟨xs, _⟩
      contradiction
  rintro ⟨xs | xt, nxst⟩
  · left
    use xs
    intro xt
    apply nxst
    constructor <;> assumption
  · right; use xt; intro xs
    apply nxst
    constructor <;> assumption

",,True,-1,"theorem t7 : s \ t ∪ t \ s = (s ∪ t) \ (s ∩ t) := by
  ext x; constructor
  · rintro (⟨xs, xnt⟩ | ⟨xt, xns⟩)
    · constructor; rintro ⟨_, xt⟩; exact xs not_congr xt
    · constructor; rintro ⟨xs, _⟩; exact xt not_congr xs
  rintro ⟨xs | xt, nxst⟩
  · left; exact ⟨xs, fun xt ↦ nxst⟩
  · right; exact ⟨xt, fun xs ↦ nxst⟩



","💥️tactic 'introN' failed, insufficient number of binders
case h.mp.inl.intro.left
α : Type u_1
s t : Set α
x : α
xs : x ∈ s
xnt : x ∉ t
⊢ x ∈ s ∪ t

💥️tactic 'introN' failed, insufficient number of binders
case h.mp.inr.intro.left
α : Type u_1
s t : Set α
x : α
xt : x ∈ t
xns : x ∉ s
⊢ x ∈ s ∪ t

💥️type mismatch
  nxst
has type
  x ∉ s ∩ t : Prop
but is expected to have type
  False : Prop

💥️type mismatch
  nxst
has type
  x ∉ s ∩ t : Prop
but is expected to have type
  False : Prop",False,60,MIL.C04_Sets_and_Functions.solutions.Solutions_S01_Sets,Qwen-7B-long,LENGTH,best_of_n,False,0,-1.0,CH04.t7,False
-1,False,28,"theorem t7 : s \ t ∪ t \ s = (s ∪ t) \ (s ∩ t) := by
  ext x; constructor
  · rintro (⟨xs, xnt⟩ | ⟨xt, xns⟩)
    · constructor
      left
      exact xs
      rintro ⟨_, xt⟩
      contradiction
    · constructor
      right
      exact xt
      rintro ⟨xs, _⟩
      contradiction
  rintro ⟨xs | xt, nxst⟩
  · left
    use xs
    intro xt
    apply nxst
    constructor <;> assumption
  · right; use xt; intro xs
    apply nxst
    constructor <;> assumption

",,True,-1,"theorem t7 : s \ t ∪ t \ s = (s ∪ t) \ (s ∩ t) := by
  ext
  simp_rw [Set.ext_iff, not_and_or, and_imp, or_imp, not_forall, and_assoc]
",💥️simp made no progress,False,60,MIL.C04_Sets_and_Functions.solutions.Solutions_S01_Sets,Qwen-7B-long,LENGTH,best_of_n,False,0,-1.0,CH04.t7,False
-1,False,28,"theorem t7 : s \ t ∪ t \ s = (s ∪ t) \ (s ∩ t) := by
  ext x; constructor
  · rintro (⟨xs, xnt⟩ | ⟨xt, xns⟩)
    · constructor
      left
      exact xs
      rintro ⟨_, xt⟩
      contradiction
    · constructor
      right
      exact xt
      rintro ⟨xs, _⟩
      contradiction
  rintro ⟨xs | xt, nxst⟩
  · left
    use xs
    intro xt
    apply nxst
    constructor <;> assumption
  · right; use xt; intro xs
    apply nxst
    constructor <;> assumption

",,True,-1,"theorem t7 : s \ t ∪ t \ s = (s ∪ t) \ (s ∩ t) :=
  (Set.setDifference_eq_iff_LIM e s t).trans $ by simp [Set.setLimit_eq_compl_iff]
",💥️unknown constant 'Set.setDifference_eq_iff_LIM',False,60,MIL.C04_Sets_and_Functions.solutions.Solutions_S01_Sets,Qwen-7B-long,LENGTH,best_of_n,False,0,-1.0,CH04.t7,False
-1,False,28,"theorem t7 : s \ t ∪ t \ s = (s ∪ t) \ (s ∩ t) := by
  ext x; constructor
  · rintro (⟨xs, xnt⟩ | ⟨xt, xns⟩)
    · constructor
      left
      exact xs
      rintro ⟨_, xt⟩
      contradiction
    · constructor
      right
      exact xt
      rintro ⟨xs, _⟩
      contradiction
  rintro ⟨xs | xt, nxst⟩
  · left
    use xs
    intro xt
    apply nxst
    constructor <;> assumption
  · right; use xt; intro xs
    apply nxst
    constructor <;> assumption

",,True,-1,"theorem t7 : s \ t ∪ t \ s = (s ∪ t) \ (s ∩ t) := by
  ext x
  split_ifs <;> simp

-- t7' : s \ t ∪ t \ s = (s ∪ t) \ (s ∩ t :=
--  eq_of_subset <| by simp [subset_right_iff, t7]
-- t7'' : s \ t ∪ t \ s = (s ∪ t) \ (s ∩ t) :=
--  eq_of_subset <| by simp [subset_left_iff, t7]
-- t7''' : s \ t ∪ t \ s = (s ∪ t) \ (s ∩ t) (add simp)
- ...

","💥️tactic 'split_ifs' failed, no if-then-else conditions to split
case h
α : Type u_1
s t : Set α
x : α
⊢ x ∈ s \ t ∪ t \ s ↔ x ∈ (s ∪ t) \ (s ∩ t)",False,60,MIL.C04_Sets_and_Functions.solutions.Solutions_S01_Sets,Qwen-7B-long,LENGTH,best_of_n,False,0,-1.0,CH04.t7,False
-1,False,28,"theorem t7 : s \ t ∪ t \ s = (s ∪ t) \ (s ∩ t) := by
  ext x; constructor
  · rintro (⟨xs, xnt⟩ | ⟨xt, xns⟩)
    · constructor
      left
      exact xs
      rintro ⟨_, xt⟩
      contradiction
    · constructor
      right
      exact xt
      rintro ⟨xs, _⟩
      contradiction
  rintro ⟨xs | xt, nxst⟩
  · left
    use xs
    intro xt
    apply nxst
    constructor <;> assumption
  · right; use xt; intro xs
    apply nxst
    constructor <;> assumption

",,True,-1,"theorem t7 : s \ t ∪ t \ s = (s ∪ t) \ (s ∩ t) := by
  ext x
  constructor
  · intro h
    obtain OR := h
    refine ⟨?_, ?_⟩
    · dsimp; exact h.2.1
    · obtain ⟨xs, xnt⟩ := h.2.2
      have := h.1.2
      simp only [not_and_or, and_left_right] at h.2.1
      specialize h.2.1 xs
      simp only [not_and_or, and_left_right] at h.2.1
      exact h.2.1
  · intro h
    obtain ⟨xs | lt, nxst⟩ := h
    · exact ⟨xs, (lt.2.1 hx).not, and_left_right.not_iff_not_right⟩
    · right
      exact ⟨lt, (hx.not_and_u_left hx.2). reinc⟩


","💥️invalid projection, structure expected
  h
has type
  x ∈ s \ t ∪ t \ s

💥️invalid projection, structure expected
  h
has type
  (s \ t ∪ t \ s).Mem x

💥️invalid projection, structure expected
  h
has type
  (s \ t ∪ t \ s) x

💥️invalid projection, structure expected
  h
has type
  (s \ t).union (t \ s) x

💥️invalid projection, structure expected
  h
has type
  {a | a ∈ s \ t ∨ a ∈ t \ s} x

💥️invalid projection, structure expected
  h
has type
  x ∈ s \ t ∨ x ∈ t \ s

💥️invalid projection, structure expected
  h
has type
  x ∈ s \ t ∪ t \ s

💥️invalid projection, structure expected
  h
has type
  (s \ t ∪ t \ s).Mem x

💥️invalid projection, structure expected
  h
has type
  (s \ t ∪ t \ s) x

💥️invalid projection, structure expected
  h
has type
  (s \ t).union (t \ s) x

💥️invalid projection, structure expected
  h
has type
  {a | a ∈ s \ t ∨ a ∈ t \ s} x

💥️invalid projection, structure expected
  h
has type
  x ∈ s \ t ∨ x ∈ t \ s

💥️rcases tactic failed: x✝ : ?m.1639 is not an inductive datatype

💥️invalid constructor ⟨...⟩, expected type must be an inductive type with only one constructor 
  x ∈ s \ t ∨ x ∈ t \ s

💥️unknown identifier 'hx.not_and_u_left'

💥️invalid field notation, identifier or numeral expected",False,60,MIL.C04_Sets_and_Functions.solutions.Solutions_S01_Sets,Qwen-7B-long,LENGTH,best_of_n,False,0,-1.0,CH04.t7,False
-1,False,28,"theorem t7 : s \ t ∪ t \ s = (s ∪ t) \ (s ∩ t) := by
  ext x; constructor
  · rintro (⟨xs, xnt⟩ | ⟨xt, xns⟩)
    · constructor
      left
      exact xs
      rintro ⟨_, xt⟩
      contradiction
    · constructor
      right
      exact xt
      rintro ⟨xs, _⟩
      contradiction
  rintro ⟨xs | xt, nxst⟩
  · left
    use xs
    intro xt
    apply nxst
    constructor <;> assumption
  · right; use xt; intro xs
    apply nxst
    constructor <;> assumption

",,True,-1,"theorem t7 : s \ t ∪ t \ s = (s ∪ t) \ (s ∩ t) :=
  coe_injective <| by ext; constructor <;> (intro (⟨xs, xnt⟩ | ⟨xt, xns⟩) <;> simp [xs, xnt, xt, xns])

sticks to principles of separation of cases where each element is in s but not t or t but not s, excludes elements in both, and ensures coverage of all elements in either set.
","💥️unexpected token '|'; expected ')', ',' or ':'",False,60,MIL.C04_Sets_and_Functions.solutions.Solutions_S01_Sets,Qwen-7B-long,LENGTH,best_of_n,False,0,-1.0,CH04.t7,False
-1,False,28,"theorem t7 : s \ t ∪ t \ s = (s ∪ t) \ (s ∩ t) := by
  ext x; constructor
  · rintro (⟨xs, xnt⟩ | ⟨xt, xns⟩)
    · constructor
      left
      exact xs
      rintro ⟨_, xt⟩
      contradiction
    · constructor
      right
      exact xt
      rintro ⟨xs, _⟩
      contradiction
  rintro ⟨xs | xt, nxst⟩
  · left
    use xs
    intro xt
    apply nxst
    constructor <;> assumption
  · right; use xt; intro xs
    apply nxst
    constructor <;> assumption

",,True,-1,"theorem t7 : s \ t ∪ t \ s = (s ∪ t) \ (s ∩ t) :=
  coe_inclusion <| by ext; simp symmetrically
","💥️type mismatch
  coe_inclusion ?m.1590
has type
  ∀ (x : ↑?m.1588), ↑(inclusion ?m.1590 x) = ↑x : Prop
but is expected to have type
  s \ t ∪ t \ s = (s ∪ t) \ (s ∩ t) : Prop

💥️applyExtTheorem only applies to equations, not
  ∀ ⦃a : ?m.1587⦄, a ∈ ?m.1588 → a ∈ ?m.1589",False,60,MIL.C04_Sets_and_Functions.solutions.Solutions_S01_Sets,Qwen-7B-long,LENGTH,best_of_n,False,0,-1.0,CH04.t7,False
-1,False,28,"theorem t7 : s \ t ∪ t \ s = (s ∪ t) \ (s ∩ t) := by
  ext x; constructor
  · rintro (⟨xs, xnt⟩ | ⟨xt, xns⟩)
    · constructor
      left
      exact xs
      rintro ⟨_, xt⟩
      contradiction
    · constructor
      right
      exact xt
      rintro ⟨xs, _⟩
      contradiction
  rintro ⟨xs | xt, nxst⟩
  · left
    use xs
    intro xt
    apply nxst
    constructor <;> assumption
  · right; use xt; intro xs
    apply nxst
    constructor <;> assumption

",,True,-1,"theorem t7 : s \ t ∪ t \ s = (s ∪ t) \ (s ∩ t) := by
  ext x
  constructor
  · rcases (s ∩ t).compl_le_iff.2 ?_ with ⟨xs, xnt⟩
    case inl ↦ left; exact xs
    case inr ↦ right; exact xnt
  · rcases (s ∪ t).le_iff.1 ?_ with ⟨xt, xns⟩
    case inl ↦ right; exact xt
    case inr ↦ left; exact xns


","💥️unexpected token '↦'; expected '=>'

💥️invalid field 'compl_le_iff', the environment does not contain 'Set.compl_le_iff'
  s ∩ t
has type
  Set α

💥️invalid field notation, type is not of the form (C ...) where C is a constant
  s ∩ t
has type
  α → Prop

💥️rcases tactic failed: x✝ : ?m.1630 is not an inductive datatype

💥️unsolved goals
case h.mpr
α : Type u_1
s t : Set α
x : α
⊢ x ∈ (s ∪ t) \ (s ∩ t) → x ∈ s \ t ∪ t \ s",False,60,MIL.C04_Sets_and_Functions.solutions.Solutions_S01_Sets,Qwen-7B-long,LENGTH,best_of_n,False,0,-1.0,CH04.t7,False
-1,False,28,"theorem t7 : s \ t ∪ t \ s = (s ∪ t) \ (s ∩ t) := by
  ext x; constructor
  · rintro (⟨xs, xnt⟩ | ⟨xt, xns⟩)
    · constructor
      left
      exact xs
      rintro ⟨_, xt⟩
      contradiction
    · constructor
      right
      exact xt
      rintro ⟨xs, _⟩
      contradiction
  rintro ⟨xs | xt, nxst⟩
  · left
    use xs
    intro xt
    apply nxst
    constructor <;> assumption
  · right; use xt; intro xs
    apply nxst
    constructor <;> assumption

",,True,-1,"theorem t7 : s \ t ∪ t \ s = (s ∪ t) \ (s ∩ t) :=
  coe_injective <| by ext; simp [diff_eq]
",💥️unknown identifier 'coe_injective',False,60,MIL.C04_Sets_and_Functions.solutions.Solutions_S01_Sets,Qwen-7B-long,LENGTH,best_of_n,False,0,-1.0,CH04.t7,False
-1,False,28,"theorem t7 : s \ t ∪ t \ s = (s ∪ t) \ (s ∩ t) := by
  ext x; constructor
  · rintro (⟨xs, xnt⟩ | ⟨xt, xns⟩)
    · constructor
      left
      exact xs
      rintro ⟨_, xt⟩
      contradiction
    · constructor
      right
      exact xt
      rintro ⟨xs, _⟩
      contradiction
  rintro ⟨xs | xt, nxst⟩
  · left
    use xs
    intro xt
    apply nxst
    constructor <;> assumption
  · right; use xt; intro xs
    apply nxst
    constructor <;> assumption

",,True,-1,"theorem t7 : s \ t ∪ t \ s = (s ∪ t) \ (s ∩ t) :=
  coe_injective <| by ext; simp_rw [← coe_union, ← coe_diff, coe_injective]
",💥️unknown identifier 'coe_injective',False,60,MIL.C04_Sets_and_Functions.solutions.Solutions_S01_Sets,Qwen-7B-long,LENGTH,best_of_n,False,0,-1.0,CH04.t7,False
-1,False,7,"theorem t8 : { n | Nat.Prime n } ∩ { n | n > 2 } ⊆ { n | ¬Even n } := by
  intro n
  simp
  intro nprime n_gt
  rcases Nat.Prime.eq_two_or_odd nprime with h | h
  · rw [h]
    linarith
  · rw [Nat.odd_iff, h]

",,True,-1,"theorem t8 : { n | Nat.Prime n } ∩ { n | n > 2 } ⊆ { n | ¬Even n } := by
  intro n
  simp
  intro nprime
  rcases Nat.Prime.eq_two_or_odd nprime with h | h
  · rwa [h]
  · rw [Nat.odd_iff, h]
","💥️tactic 'assumption' failed
case inl
n : ℕ
nprime : Nat.Prime n
h : n = 2
⊢ 2 < 2 → Odd 2

💥️unsolved goals
case inr
n : ℕ
nprime : Nat.Prime n
h : n % 2 = 1
⊢ 2 < n → 1 = 1",False,60,MIL.C04_Sets_and_Functions.solutions.Solutions_S01_Sets,Qwen-7B-long,LENGTH,best_of_n,False,0,-1.0,CH04.t8,False
-1,False,7,"theorem t8 : { n | Nat.Prime n } ∩ { n | n > 2 } ⊆ { n | ¬Even n } := by
  intro n
  simp
  intro nprime n_gt
  rcases Nat.Prime.eq_two_or_odd nprime with h | h
  · rw [h]
    linarith
  · rw [Nat.odd_iff, h]

",,True,-1,"theorem t8 : { n | Nat.Prime n } ∩ { n | n > 2 } ⊆ { n | ¬Even n } := by
  simp (config := {contextual := true})
  intros n h1 h2
  rw [Nat.Prime.eq_two_or_odd h1]
  cases h2 <;> omega
","💥️tactic 'introN' failed, insufficient number of binders
⊢ {n | Nat.Prime n} ∩ {n | 2 < n} ⊆ {n | Odd n}",False,60,MIL.C04_Sets_and_Functions.solutions.Solutions_S01_Sets,Qwen-7B-long,LENGTH,best_of_n,False,0,-1.0,CH04.t8,False
-1,False,7,"theorem t8 : { n | Nat.Prime n } ∩ { n | n > 2 } ⊆ { n | ¬Even n } := by
  intro n
  simp
  intro nprime n_gt
  rcases Nat.Prime.eq_two_or_odd nprime with h | h
  · rw [h]
    linarith
  · rw [Nat.odd_iff, h]

",,True,-1,"theorem t8 : { n | Nat.Prime n } ∩ { n | n > 2 } ⊆ { n | ¬Even n } := by
  simp
  rintro (_ | h) ⟨nprime, n_gt⟩
  · simp only [h, Nat.even_two]
  · rwa [Nat.Prime.eq_two_or_odd nprime, h]

","💥️unknown identifier 'h'

💥️unknown constant 'Nat.even_two'

💥️simp made no progress

💥️tactic 'rewrite' failed, equality or iff proof expected
  h + 1 = 2 ∨ (h + 1) % 2 = 1
case succ.intro
h : ℕ
nprime : h + 1 ∈ {n | Nat.Prime n}
n_gt : h + 1 ∈ {n | 2 < n}
⊢ h + 1 ∈ {n | Odd n}",False,60,MIL.C04_Sets_and_Functions.solutions.Solutions_S01_Sets,Qwen-7B-long,LENGTH,best_of_n,False,0,-1.0,CH04.t8,False
-1,False,7,"theorem t8 : { n | Nat.Prime n } ∩ { n | n > 2 } ⊆ { n | ¬Even n } := by
  intro n
  simp
  intro nprime n_gt
  rcases Nat.Prime.eq_two_or_odd nprime with h | h
  · rw [h]
    linarith
  · rw [Nat.odd_iff, h]

",,True,-1,"theorem t8 : { n | Nat.Prime n } ∩ { n | n > 2 } ⊆ { n | ¬Even n } := by
  simp (config := {contextual := true})
  rintro n ⟨hn : Nat.Prime n, h : n > 2⟩
  rw [Nat.odd_iff, hn.elim h]
","💥️tactic 'rewrite' failed, did not find instance of the pattern in the target expression
  Odd ?m.2715
case intro
n : ℕ
hn : Nat.Prime n
h : n > 2
⊢ n ∈ {n | Odd n}",False,60,MIL.C04_Sets_and_Functions.solutions.Solutions_S01_Sets,Qwen-7B-long,LENGTH,best_of_n,False,0,-1.0,CH04.t8,False
-1,False,7,"theorem t8 : { n | Nat.Prime n } ∩ { n | n > 2 } ⊆ { n | ¬Even n } := by
  intro n
  simp
  intro nprime n_gt
  rcases Nat.Prime.eq_two_or_odd nprime with h | h
  · rw [h]
    linarith
  · rw [Nat.odd_iff, h]

",,True,-1,"theorem t8 : { n | Nat.Prime n } ∩ { n | n > 2 } ⊆ { n | ¬Even n } := by
  intro n
  simp
  intro nprime n_gt
  rcases Nat.Prime.eq_two_or_odd nprime with h | h
  · rw [h, two_ne_three]
  · rw [Nat.odd_iff, h]


","💥️unknown identifier 'two_ne_three'

💥️tactic 'rewrite' failed, equality or iff proof expected
  ?m.4663
case inl
n : ℕ
nprime : Nat.Prime n
n_gt : 2 < n
h : n = 2
⊢ Odd 2",False,60,MIL.C04_Sets_and_Functions.solutions.Solutions_S01_Sets,Qwen-7B-long,LENGTH,best_of_n,False,0,-1.0,CH04.t8,False
-1,False,7,"theorem t8 : { n | Nat.Prime n } ∩ { n | n > 2 } ⊆ { n | ¬Even n } := by
  intro n
  simp
  intro nprime n_gt
  rcases Nat.Prime.eq_two_or_odd nprime with h | h
  · rw [h]
    linarith
  · rw [Nat.odd_iff, h]

",,True,-1,"theorem t8 : { n | Nat.Prime n } ∩ { n | n > 2 } ⊆ { n | ¬Even n } := by
  simp only [Finset.mem_inter]
  intro nprime n_gt
  rcases Nat.Prime.eq_two_or_odd nprime with h | h
  · simp [h]
  · rw [Nat.odd_iff, h]

",💥️simp made no progress,False,60,MIL.C04_Sets_and_Functions.solutions.Solutions_S01_Sets,Qwen-7B-long,LENGTH,best_of_n,False,0,-1.0,CH04.t8,False
-1,False,7,"theorem t8 : { n | Nat.Prime n } ∩ { n | n > 2 } ⊆ { n | ¬Even n } := by
  intro n
  simp
  intro nprime n_gt
  rcases Nat.Prime.eq_two_or_odd nprime with h | h
  · rw [h]
    linarith
  · rw [Nat.odd_iff, h]

",,True,-1,"theorem t8 : { n | Nat.Prime n } ∩ { n | n > 2 } ⊆ { n | ¬Even n } := by
  intro n
  simp only [mem_setOf_eq, Prime.two_or_odd, Nat.odd_iff]
  split_ifs <;> linarith
","💥️invalid field notation, type is not of the form (C ...) where C is a constant
  Prime
has type
  ?m.2148 → Prop

💥️tactic 'split_ifs' failed, no if-then-else conditions to split
n : ℕ
⊢ n ∈ {n | Nat.Prime n} ∩ {n | n > 2} → ¬Even n",False,60,MIL.C04_Sets_and_Functions.solutions.Solutions_S01_Sets,Qwen-7B-long,LENGTH,best_of_n,False,0,-1.0,CH04.t8,False
-1,False,7,"theorem t8 : { n | Nat.Prime n } ∩ { n | n > 2 } ⊆ { n | ¬Even n } := by
  intro n
  simp
  intro nprime n_gt
  rcases Nat.Prime.eq_two_or_odd nprime with h | h
  · rw [h]
    linarith
  · rw [Nat.odd_iff, h]

",,True,7,"theorem t8 : { n | Nat.Prime n } ∩ { n | n > 2 } ⊆ { n | ¬Even n } := by
  intro n
  simp
  intro nprime n_gt
  rcases Nat.Prime.eq_two_or_odd nprime with h | h
  · rw [h]
    linarith
  · rw [Nat.odd_iff, h]

",,True,60,MIL.C04_Sets_and_Functions.solutions.Solutions_S01_Sets,Qwen-7B-long,LENGTH,best_of_n,False,0,0.0,CH04.t8,False
-1,False,7,"theorem t8 : { n | Nat.Prime n } ∩ { n | n > 2 } ⊆ { n | ¬Even n } := by
  intro n
  simp
  intro nprime n_gt
  rcases Nat.Prime.eq_two_or_odd nprime with h | h
  · rw [h]
    linarith
  · rw [Nat.odd_iff, h]

",,True,-1,"theorem t8 : { n | Nat.Prime n } ∩ { n | n > 2 } ⊆ { n | ¬Even n } := by
  intro n hn
  rw [← Nat.Prime.eq_two_or_odd] at hn
  · simpa [even_two, Nat.lt_succ, not_and_imp] using hn
  · simpa [Nat.odd_iff, even_two, hn] using Nat.lt_succ n


","💥️tactic 'rewrite' failed, equality or iff proof expected
  ?m.2120 = 2 ∨ ?m.2120 % 2 = 1
n : ℕ
hn : n ∈ {n | Nat.Prime n} ∩ {n | n > 2}
⊢ n ∈ {n | ¬Even n}",False,60,MIL.C04_Sets_and_Functions.solutions.Solutions_S01_Sets,Qwen-7B-long,LENGTH,best_of_n,False,0,-1.0,CH04.t8,False
-1,False,7,"theorem t8 : { n | Nat.Prime n } ∩ { n | n > 2 } ⊆ { n | ¬Even n } := by
  intro n
  simp
  intro nprime n_gt
  rcases Nat.Prime.eq_two_or_odd nprime with h | h
  · rw [h]
    linarith
  · rw [Nat.odd_iff, h]

",,True,-1,"theorem t8 : { n | Nat.Prime n } ∩ { n | n > 2 } ⊆ { n | ¬Even n } := by
  simp only [Finset.mem_and_left, Nat.Prime.eq_two_or_odd, Not_imp, even_iff_two_dvd]
  rintro n hn hn
","💥️unknown constant 'Finset.mem_and_left'

💥️unknown identifier 'Not_imp'

💥️unsolved goals
n : ℕ
hn✝ : n ∈ {n | Nat.Prime n} ∩ {n | n > 2}
hn : 2 ∣ n
⊢ False",False,60,MIL.C04_Sets_and_Functions.solutions.Solutions_S01_Sets,Qwen-7B-long,LENGTH,best_of_n,False,0,-1.0,CH04.t8,False
-1,False,7,"theorem t8 : { n | Nat.Prime n } ∩ { n | n > 2 } ⊆ { n | ¬Even n } := by
  intro n
  simp
  intro nprime n_gt
  rcases Nat.Prime.eq_two_or_odd nprime with h | h
  · rw [h]
    linarith
  · rw [Nat.odd_iff, h]

",,True,-1,"theorem t8 : { n | Nat.Prime n } ∩ { n | n > 2 } ⊆ { n | ¬Even n } := by
  intro n
  simp
  intro nprime n_gt
  rcases Nat.Prime.eq_two_or_odd nprime with h | h
  · rw [h, n_gt]
    linarith
  · rw [Nat.odd_iff, h]


","💥️tactic 'rewrite' failed, equality or iff proof expected
  2 < n
case inl
n : ℕ
nprime : Nat.Prime n
n_gt : 2 < n
h : n = 2
⊢ Odd 2",False,60,MIL.C04_Sets_and_Functions.solutions.Solutions_S01_Sets,Qwen-7B-long,LENGTH,best_of_n,False,0,-1.0,CH04.t8,False
-1,False,7,"theorem t8 : { n | Nat.Prime n } ∩ { n | n > 2 } ⊆ { n | ¬Even n } := by
  intro n
  simp
  intro nprime n_gt
  rcases Nat.Prime.eq_two_or_odd nprime with h | h
  · rw [h]
    linarith
  · rw [Nat.odd_iff, h]

",,True,-1,"theorem t8 : { n | Nat.Prime n } ∩ { n | n > 2 } ⊆ { n | ¬Even n } := by
  simp only [mem_setOf_eq, Prime.one_eq_iff, gt_iff_gr]
  rintro p hp
  rw [← Nat.odd_iff, ← Prime.prime_two, hp.2]
  all_goals omega
","💥️invalid field notation, type is not of the form (C ...) where C is a constant
  Prime
has type
  ?m.2145 → Prop

💥️unknown identifier 'gt_iff_gr'

💥️simp made no progress",False,60,MIL.C04_Sets_and_Functions.solutions.Solutions_S01_Sets,Qwen-7B-long,LENGTH,best_of_n,False,0,-1.0,CH04.t8,False
-1,False,7,"theorem t8 : { n | Nat.Prime n } ∩ { n | n > 2 } ⊆ { n | ¬Even n } := by
  intro n
  simp
  intro nprime n_gt
  rcases Nat.Prime.eq_two_or_odd nprime with h | h
  · rw [h]
    linarith
  · rw [Nat.odd_iff, h]

",,True,7,"theorem t8 : { n | Nat.Prime n } ∩ { n | n > 2 } ⊆ { n | ¬Even n } := by
  intro n
  simp
  intro nprime n_gt
  rcases Nat.Prime.eq_two_or_odd nprime with h | h
  · rw [h]
    linarith
  · rw [Nat.odd_iff, h]
",,True,60,MIL.C04_Sets_and_Functions.solutions.Solutions_S01_Sets,Qwen-7B-long,LENGTH,best_of_n,False,0,0.0,CH04.t8,False
-1,False,7,"theorem t8 : { n | Nat.Prime n } ∩ { n | n > 2 } ⊆ { n | ¬Even n } := by
  intro n
  simp
  intro nprime n_gt
  rcases Nat.Prime.eq_two_or_odd nprime with h | h
  · rw [h]
    linarith
  · rw [Nat.odd_iff, h]

",,True,-1,"theorem t8 : { n | Nat.Prime n } ∩ { n | n > 2 } ⊆ { n | ¬Even n } := by
  intro n
  simp
  subst
  · exact Nat.Prime.eq_two_or_odd n
  · rw [Nat.odd_iff, Nat.Prime.eq_two_or_odd n]

",💥️expected checkColGt,False,60,MIL.C04_Sets_and_Functions.solutions.Solutions_S01_Sets,Qwen-7B-long,LENGTH,best_of_n,False,0,-1.0,CH04.t8,False
-1,False,7,"theorem t8 : { n | Nat.Prime n } ∩ { n | n > 2 } ⊆ { n | ¬Even n } := by
  intro n
  simp
  intro nprime n_gt
  rcases Nat.Prime.eq_two_or_odd nprime with h | h
  · rw [h]
    linarith
  · rw [Nat.odd_iff, h]

",,True,-1,"theorem t8 : { n | Nat.Prime n } ∩ { n | n > 2 } ⊆ { n | ¬Even n } := by
  intro n hn
  simp at hn
  rcases Nat.Prime.eq_two_or_odd hn.1 with h | h
  · rw [h]
    linarith
  · rw [Nat.odd_iff, h]

","💥️tactic 'rewrite' failed, did not find instance of the pattern in the target expression
  Odd ?m.3996
case inr
n : ℕ
hn : Nat.Prime n ∧ 2 < n
h : n % 2 = 1
⊢ n ∈ {n | ¬Even n}",False,60,MIL.C04_Sets_and_Functions.solutions.Solutions_S01_Sets,Qwen-7B-long,LENGTH,best_of_n,False,0,-1.0,CH04.t8,False
-1,False,7,"theorem t8 : { n | Nat.Prime n } ∩ { n | n > 2 } ⊆ { n | ¬Even n } := by
  intro n
  simp
  intro nprime n_gt
  rcases Nat.Prime.eq_two_or_odd nprime with h | h
  · rw [h]
    linarith
  · rw [Nat.odd_iff, h]

",,True,-1,"theorem t8 : { n | Nat.Prime n } ∩ { n | n > 2 } ⊆ { n | ¬Even n } := by
  simp
  intro n h1 h2
  rcases Nat.Prime.eq_two_or_odd h1 with h | h
  · rw [h] at h2
    linarith
  · rw [Nat.odd_iff, h] at h2
","💥️tactic 'introN' failed, insufficient number of binders
n : ℕ
h1 : n ∈ {n | Nat.Prime n} ∩ {n | 2 < n}
⊢ n ∈ {n | Odd n}",False,60,MIL.C04_Sets_and_Functions.solutions.Solutions_S01_Sets,Qwen-7B-long,LENGTH,best_of_n,False,0,-1.0,CH04.t8,False
-1,False,7,"theorem t8 : { n | Nat.Prime n } ∩ { n | n > 2 } ⊆ { n | ¬Even n } := by
  intro n
  simp
  intro nprime n_gt
  rcases Nat.Prime.eq_two_or_odd nprime with h | h
  · rw [h]
    linarith
  · rw [Nat.odd_iff, h]

",,True,-1,"theorem t8 : { n | Nat.Prime n } ∩ { n | n > 2 } ⊆ { n | ¬Even n } := by
  simp_rw [Odd, t6, Finset.subset_iff, Finset.mem_univ]
  intro n
  rcases Nat.Prime.eq_two_or_odd n.2 with h | h
  · rw [h]
    linarith
  · rw [Nat.odd_iff, h]


",💥️simp made no progress,False,60,MIL.C04_Sets_and_Functions.solutions.Solutions_S01_Sets,Qwen-7B-long,LENGTH,best_of_n,False,0,-1.0,CH04.t8,False
-1,False,7,"theorem t8 : { n | Nat.Prime n } ∩ { n | n > 2 } ⊆ { n | ¬Even n } := by
  intro n
  simp
  intro nprime n_gt
  rcases Nat.Prime.eq_two_or_odd nprime with h | h
  · rw [h]
    linarith
  · rw [Nat.odd_iff, h]

",,True,-1,"theorem t8 : { n | Nat.Prime n } ∩ { n | n > 2 } ⊆ { n | ¬Even n } := by
  simp
  rcases ← Nat.Prime.eq_two_or_odd with h | h
  · exact h ▸ (show n ≤ 2 by linarith from h).le
  · rw [Nat.odd_iff, h]
","💥️unexpected token 'from'; expected ')', ',' or ':'",False,60,MIL.C04_Sets_and_Functions.solutions.Solutions_S01_Sets,Qwen-7B-long,LENGTH,best_of_n,False,0,-1.0,CH04.t8,False
-1,False,7,"theorem t8 : { n | Nat.Prime n } ∩ { n | n > 2 } ⊆ { n | ¬Even n } := by
  intro n
  simp
  intro nprime n_gt
  rcases Nat.Prime.eq_two_or_odd nprime with h | h
  · rw [h]
    linarith
  · rw [Nat.odd_iff, h]

",,True,-1,"theorem t8 : { n | Nat.Prime n } ∩ { n | n > 2 } ⊆ { n | ¬Even n } := by
  simp only [Nat.Prime, Set.Icc]
  intro n
  rcases Nat.Prime.eq_two_or_odd n with ⟨h | h⟩
  · have : Even n := Nat.even_of_two h
    exact this ▸ (n_gt n).even_le n
  · rcases h with
      | inl h ↦ exact h ▸ (n_gt n).out_of_le n
      | inr h ↦ rw [Nat.odd_iff, h] ▸ (n_gt n).even_le n
","💥️unexpected token '|'; expected rcasesPat

💥️unknown constant 'Nat.even_of_two'

💥️invalid `▸` notation, argument
  this
has type
  Even n
equality expected

💥️unexpected syntax 
  failed to pretty print term (use 'set_option pp.rawOnError true' for raw representation)",False,60,MIL.C04_Sets_and_Functions.solutions.Solutions_S01_Sets,Qwen-7B-long,LENGTH,best_of_n,False,0,-1.0,CH04.t8,False
-1,False,7,"theorem t8 : { n | Nat.Prime n } ∩ { n | n > 2 } ⊆ { n | ¬Even n } := by
  intro n
  simp
  intro nprime n_gt
  rcases Nat.Prime.eq_two_or_odd nprime with h | h
  · rw [h]
    linarith
  · rw [Nat.odd_iff, h]

",,True,-1,"theorem t8 : { n | Nat.Prime n } ∩ { n | n > 2 } ⊆ { n | ¬Even n } := by
  simpa using t7_of_mprime
",💥️unknown identifier 't7_of_mprime',False,60,MIL.C04_Sets_and_Functions.solutions.Solutions_S01_Sets,Qwen-7B-long,LENGTH,best_of_n,False,0,-1.0,CH04.t8,False
-1,False,7,"theorem t8 : { n | Nat.Prime n } ∩ { n | n > 2 } ⊆ { n | ¬Even n } := by
  intro n
  simp
  intro nprime n_gt
  rcases Nat.Prime.eq_two_or_odd nprime with h | h
  · rw [h]
    linarith
  · rw [Nat.odd_iff, h]

",,True,0,"/-!
### The Set of Odd Primes

We know that with the exception of `2`, all prime numbers are odd. Here's a concise characterization.
-/

theorem t8 : { n | Nat.Prime n } ∩ { n | n > 2 } ⊆ { n | ¬Even n } := by
  simpa only [this, Finset.mem_range]
  exact fun n h ↦ h.2.2
",,True,60,MIL.C04_Sets_and_Functions.solutions.Solutions_S01_Sets,Qwen-7B-long,LENGTH,best_of_n,False,0,1.0,CH04.t8,False
-1,False,7,"theorem t8 : { n | Nat.Prime n } ∩ { n | n > 2 } ⊆ { n | ¬Even n } := by
  intro n
  simp
  intro nprime n_gt
  rcases Nat.Prime.eq_two_or_odd nprime with h | h
  · rw [h]
    linarith
  · rw [Nat.odd_iff, h]

",,True,-1,"theorem t8 : { n | Nat.Prime n } ∩ { n | n > 2 } ⊆ { n | ¬Even n } := by
  simp
  intro nprime n_gt
  rcases Nat.Prime.eq_two_or_odd nprime with h | h
  · rw [h]
    linarith
  · rwa [Nat.odd_iff, h]
","💥️application type mismatch
  Nat.Prime.eq_two_or_odd nprime
argument
  nprime
has type
  ℕ : Type
but is expected to have type
  Nat.Prime ?m.2632 : Prop

💥️tactic 'rewrite' failed, pattern is a metavariable
  ?m.2632
from equation
  ?m.2632 = 2
case inl
nprime : ℕ
n_gt : nprime ∈ {n | Nat.Prime n} ∩ {n | 2 < n}
h : ?m.2632 = 2
⊢ nprime ∈ {n | Odd n}

💥️tactic 'rewrite' failed, did not find instance of the pattern in the target expression
  Odd ?m.2982
case inr
nprime : ℕ
n_gt : nprime ∈ {n | Nat.Prime n} ∩ {n | 2 < n}
h : ?m.2632 % 2 = 1
⊢ nprime ∈ {n | Odd n}",False,60,MIL.C04_Sets_and_Functions.solutions.Solutions_S01_Sets,Qwen-7B-long,LENGTH,best_of_n,False,0,-1.0,CH04.t8,False
-1,False,7,"theorem t8 : { n | Nat.Prime n } ∩ { n | n > 2 } ⊆ { n | ¬Even n } := by
  intro n
  simp
  intro nprime n_gt
  rcases Nat.Prime.eq_two_or_odd nprime with h | h
  · rw [h]
    linarith
  · rw [Nat.odd_iff, h]

",,True,-1,"theorem t8 : { n | Nat.Prime n } ∩ { n | n > 2 } ⊆ { n | ¬Even n } := by
  simpa with t8_eq, t8_2, t8_gt_iff
","💥️tactic 'assumption' failed
⊢ {n | Nat.Prime n} ∩ {n | 2 < n} ⊆ {n | Odd n}",False,60,MIL.C04_Sets_and_Functions.solutions.Solutions_S01_Sets,Qwen-7B-long,LENGTH,best_of_n,False,0,-1.0,CH04.t8,False
-1,False,7,"theorem t8 : { n | Nat.Prime n } ∩ { n | n > 2 } ⊆ { n | ¬Even n } := by
  intro n
  simp
  intro nprime n_gt
  rcases Nat.Prime.eq_two_or_odd nprime with h | h
  · rw [h]
    linarith
  · rw [Nat.odd_iff, h]

",,True,7,"theorem t8 : { n | Nat.Prime n } ∩ { n | n > 2 } ⊆ { n | ¬Even n } := by
  intro n
  simp
  intro nprime n_gt
  rcases Nat.Prime.eq_two_or_odd nprime with h | h
  · rw [h]
    linarith
  · rw [Nat.odd_iff, h]
",,True,60,MIL.C04_Sets_and_Functions.solutions.Solutions_S01_Sets,Qwen-7B-long,LENGTH,best_of_n,False,0,0.0,CH04.t8,False
-1,False,7,"theorem t8 : { n | Nat.Prime n } ∩ { n | n > 2 } ⊆ { n | ¬Even n } := by
  intro n
  simp
  intro nprime n_gt
  rcases Nat.Prime.eq_two_or_odd nprime with h | h
  · rw [h]
    linarith
  · rw [Nat.odd_iff, h]

",,True,-1,"theorem t8 : { n | Nat.Prime n } ∩ { n | n > 2 } ⊆ { n | ¬Even n } := by
  simp [Nat.Prime]
","💥️unsolved goals
⊢ {n | Irreducible n} ∩ {n | 2 < n} ⊆ {n | Odd n}",False,60,MIL.C04_Sets_and_Functions.solutions.Solutions_S01_Sets,Qwen-7B-long,LENGTH,best_of_n,False,0,-1.0,CH04.t8,False
-1,False,7,"theorem t8 : { n | Nat.Prime n } ∩ { n | n > 2 } ⊆ { n | ¬Even n } := by
  intro n
  simp
  intro nprime n_gt
  rcases Nat.Prime.eq_two_or_odd nprime with h | h
  · rw [h]
    linarith
  · rw [Nat.odd_iff, h]

",,True,-1,"theorem t8 : { n | Nat.Prime n } ∩ { n | n > 2 } ⊆ { n | ¬Even n } := by
  simp (config := { contextual := true })
  intro n h1 h2
  rcases Nat.Prime.eq_two_or_odd h1 with h | h
  · simp [h] at h2
  · rw [Nat.odd_iff, h]
","💥️tactic 'introN' failed, insufficient number of binders
n : ℕ
h1 : n ∈ {n | Nat.Prime n} ∩ {n | 2 < n}
⊢ n ∈ {n | Odd n}",False,60,MIL.C04_Sets_and_Functions.solutions.Solutions_S01_Sets,Qwen-7B-long,LENGTH,best_of_n,False,0,-1.0,CH04.t8,False
-1,False,7,"theorem t8 : { n | Nat.Prime n } ∩ { n | n > 2 } ⊆ { n | ¬Even n } := by
  intro n
  simp
  intro nprime n_gt
  rcases Nat.Prime.eq_two_or_odd nprime with h | h
  · rw [h]
    linarith
  · rw [Nat.odd_iff, h]

",,True,-1,"theorem t8 : { n | Nat.Prime n } ∩ { n | n > 2 } ⊆ { n | ¬Even n } := by
  intro n
  simp
  rintro ⟨h, h'⟩
  rcases Nat.Prime.eq_two_or_odd h with h | h
  · rw [h]
    linarith
  · rw [Nat.odd_iff, h]
","💥️application type mismatch
  Nat.Prime.eq_two_or_odd h
argument
  h
has type
  ¬IsUnit n : Prop
but is expected to have type
  Nat.Prime ?m.4648 : Prop

💥️tactic 'rewrite' failed, pattern is a metavariable
  ?m.4648
from equation
  ?m.4648 = 2
case mk.inl
n : ℕ
h✝ : ¬IsUnit n
h' : ∀ (a b : ℕ), n = a * b → IsUnit a ∨ IsUnit b
h : ?m.4648 = 2
⊢ 2 < n → Odd n

💥️unsolved goals
case mk.inr
n : ℕ
h✝ : ¬IsUnit n
h' : ∀ (a b : ℕ), n = a * b → IsUnit a ∨ IsUnit b
h : n % 2 = 1
⊢ 2 < n → 1 = 1",False,60,MIL.C04_Sets_and_Functions.solutions.Solutions_S01_Sets,Qwen-7B-long,LENGTH,best_of_n,False,0,-1.0,CH04.t8,False
-1,False,7,"theorem t8 : { n | Nat.Prime n } ∩ { n | n > 2 } ⊆ { n | ¬Even n } := by
  intro n
  simp
  intro nprime n_gt
  rcases Nat.Prime.eq_two_or_odd nprime with h | h
  · rw [h]
    linarith
  · rw [Nat.odd_iff, h]

",,True,-1,"theorem t8 : { n | Nat.Prime n } ∩ { n | n > 2 } ⊆ { n | ¬Even n } := by
  simp
","💥️unsolved goals
⊢ {n | Nat.Prime n} ∩ {n | 2 < n} ⊆ {n | Odd n}",False,60,MIL.C04_Sets_and_Functions.solutions.Solutions_S01_Sets,Qwen-7B-long,LENGTH,best_of_n,False,0,-1.0,CH04.t8,False
-1,False,7,"theorem t8 : { n | Nat.Prime n } ∩ { n | n > 2 } ⊆ { n | ¬Even n } := by
  intro n
  simp
  intro nprime n_gt
  rcases Nat.Prime.eq_two_or_odd nprime with h | h
  · rw [h]
    linarith
  · rw [Nat.odd_iff, h]

",,True,-1,"theorem t8 : { n | Nat.Prime n } ∩ { n | n > 2 } ⊆ { n | ¬Even n } := by
  intro n h
  simp at h
  rcases Nat.Prime.eq_two_or_odd n.2 with h | h
  · rw [h]
    linarith
  · rwa [Nat.odd_iff, h]

","💥️invalid projection, structure expected
  n
has type
  ℕ

💥️tactic 'rewrite' failed, pattern is a metavariable
  ?m.2619
from equation
  ?m.2619 = 2
case inl
n : ℕ
h✝ : Nat.Prime n ∧ 2 < n
h : ?m.2619 = 2
⊢ n ∈ {n | ¬Even n}

💥️tactic 'rewrite' failed, did not find instance of the pattern in the target expression
  Odd ?m.2656
case inr
n : ℕ
h✝ : Nat.Prime n ∧ 2 < n
h : ?m.2619 % 2 = 1
⊢ n ∈ {n | ¬Even n}",False,60,MIL.C04_Sets_and_Functions.solutions.Solutions_S01_Sets,Qwen-7B-long,LENGTH,best_of_n,False,0,-1.0,CH04.t8,False
-1,False,7,"theorem t8 : { n | Nat.Prime n } ∩ { n | n > 2 } ⊆ { n | ¬Even n } := by
  intro n
  simp
  intro nprime n_gt
  rcases Nat.Prime.eq_two_or_odd nprime with h | h
  · rw [h]
    linarith
  · rw [Nat.odd_iff, h]

",,True,-1,"theorem t8 : { n | Nat.Prime n } ∩ { n | n > 2 } ⊆ { n | ¬Even n } := by
  simp
  rintro n ⟨a : Nat.Prime n, b : n > 2⟩
  rcases Nat.Prime.eq_two_or_odd a with h | h
  · rw [h, b, Nat.even_two]
  · rw [Nat.odd_iff, h, b]


","💥️tactic 'rewrite' failed, equality or iff proof expected
  n > 2
case intro.inl
n : ℕ
a : Nat.Prime n
b : n > 2
h : n = 2
⊢ 2 ∈ {n | Odd n}

💥️tactic 'rewrite' failed, did not find instance of the pattern in the target expression
  Odd ?m.2719
case intro.inr
n : ℕ
a : Nat.Prime n
b : n > 2
h : n % 2 = 1
⊢ n ∈ {n | Odd n}",False,60,MIL.C04_Sets_and_Functions.solutions.Solutions_S01_Sets,Qwen-7B-long,LENGTH,best_of_n,False,0,-1.0,CH04.t8,False
-1,False,7,"theorem t8 : { n | Nat.Prime n } ∩ { n | n > 2 } ⊆ { n | ¬Even n } := by
  intro n
  simp
  intro nprime n_gt
  rcases Nat.Prime.eq_two_or_odd nprime with h | h
  · rw [h]
    linarith
  · rw [Nat.odd_iff, h]

",,True,-1,"theorem t8 : { n | Nat.Prime n } ∩ { n | n > 2 } ⊆ { n | ¬Even n } := by
  simp
  intro n hp h
  have : ¬Even n := fun hnh => h <| Nat.even_of_two hp <| by omega
  exact this
","💥️tactic 'introN' failed, insufficient number of binders
n : ℕ
hp : n ∈ {n | Nat.Prime n} ∩ {n | 2 < n}
⊢ n ∈ {n | Odd n}",False,60,MIL.C04_Sets_and_Functions.solutions.Solutions_S01_Sets,Qwen-7B-long,LENGTH,best_of_n,False,0,-1.0,CH04.t8,False
-1,False,7,"theorem t8 : { n | Nat.Prime n } ∩ { n | n > 2 } ⊆ { n | ¬Even n } := by
  intro n
  simp
  intro nprime n_gt
  rcases Nat.Prime.eq_two_or_odd nprime with h | h
  · rw [h]
    linarith
  · rw [Nat.odd_iff, h]

",,True,-1,"theorem t8 : { n | Nat.Prime n } ∩ { n | n > 2 } ⊆ { n | ¬Even n } := by
  rintro _ ⟨n, hn⟩
  rw [Nat.odd_iff, Nat.Prime.eq_two_or_odd hn.2] at hn
  exact hn.1
","💥️tactic 'rewrite' failed, did not find instance of the pattern in the target expression
  Odd ?m.2142
case intro
a✝ : ℕ
n : a✝ ∈ {n | Nat.Prime n}
hn : a✝ ∈ {n | n > 2}
⊢ a✝ ∈ {n | ¬Even n}",False,60,MIL.C04_Sets_and_Functions.solutions.Solutions_S01_Sets,Qwen-7B-long,LENGTH,best_of_n,False,0,-1.0,CH04.t8,False
-1,False,7,"theorem t8 : { n | Nat.Prime n } ∩ { n | n > 2 } ⊆ { n | ¬Even n } := by
  intro n
  simp
  intro nprime n_gt
  rcases Nat.Prime.eq_two_or_odd nprime with h | h
  · rw [h]
    linarith
  · rw [Nat.odd_iff, h]

",,True,-1,"theorem t8 : { n | Nat.Prime n } ∩ { n | n > 2 } ⊆ { n | ¬Even n } := by
  intro n
  simp only [mem_setOf_eq, Nat.Prime.eq_two_or_odd, Nat.odd_iff]
  intro nprime n_gt h
  · exact h ▸ warrantiesIME慢性
  · exact h


","💥️tactic 'introN' failed, insufficient number of binders
n : ℕ
nprime : n ∈ {n | Nat.Prime n} ∩ {n | n > 2}
n_gt : Even n
⊢ False",False,60,MIL.C04_Sets_and_Functions.solutions.Solutions_S01_Sets,Qwen-7B-long,LENGTH,best_of_n,False,0,-1.0,CH04.t8,False
-1,False,7,"theorem t8 : { n | Nat.Prime n } ∩ { n | n > 2 } ⊆ { n | ¬Even n } := by
  intro n
  simp
  intro nprime n_gt
  rcases Nat.Prime.eq_two_or_odd nprime with h | h
  · rw [h]
    linarith
  · rw [Nat.odd_iff, h]

",,True,-1,"theorem t8 : { n | Nat.Prime n } ∩ { n | n > 2 } ⊆ { n | ¬Even n } := by
  intro n
  simp
  rintro _ ⟨h, h₀⟩
  rw [Nat.Prime.eq_two_or_odd h]
  · linarith
  · rw [Nat.odd_iff, h]

","💥️unknown identifier 'h'

💥️tactic 'rewrite' failed, equality or iff proof expected
  ?m.4737 = 2 ∨ ?m.4737 % 2 = 1
case refl
a✝ : Nat.Prime (Nat.succ 2)
⊢ Odd (Nat.succ 2)",False,60,MIL.C04_Sets_and_Functions.solutions.Solutions_S01_Sets,Qwen-7B-long,LENGTH,best_of_n,False,0,-1.0,CH04.t8,False
-1,False,7,"theorem t8 : { n | Nat.Prime n } ∩ { n | n > 2 } ⊆ { n | ¬Even n } := by
  intro n
  simp
  intro nprime n_gt
  rcases Nat.Prime.eq_two_or_odd nprime with h | h
  · rw [h]
    linarith
  · rw [Nat.odd_iff, h]

",,True,7,"theorem t8 : { n | Nat.Prime n } ∩ { n | n > 2 } ⊆ { n | ¬Even n } := by
  intro n
  simp
  intro nprime n_gt
  rcases Nat.Prime.eq_two_or_odd nprime with h | h
  · rw [h]
    linarith
  · rw [Nat.odd_iff, h]
",,True,60,MIL.C04_Sets_and_Functions.solutions.Solutions_S01_Sets,Qwen-7B-long,LENGTH,best_of_n,False,0,0.0,CH04.t8,False
-1,False,7,"theorem t8 : { n | Nat.Prime n } ∩ { n | n > 2 } ⊆ { n | ¬Even n } := by
  intro n
  simp
  intro nprime n_gt
  rcases Nat.Prime.eq_two_or_odd nprime with h | h
  · rw [h]
    linarith
  · rw [Nat.odd_iff, h]

",,True,-1,"theorem t8 : { n | Nat.Prime n } ∩ { n | n > 2 } ⊆ { n | ¬Even n } := by
  intro _ h
  simp_all only [not_and_or, not_iff_not.mp h.2]
  have := h.1
  rw [Nat.odd_iff] at this
  exact this


","💥️application type mismatch
  not_iff_not.mp h.right
argument
  h.right
has type
  a✝ ∈ {n | n > 2} : Prop
but is expected to have type
  ¬?m.2144 ↔ ¬?m.2145 : Prop

💥️simp_all made no progress",False,60,MIL.C04_Sets_and_Functions.solutions.Solutions_S01_Sets,Qwen-7B-long,LENGTH,best_of_n,False,0,-1.0,CH04.t8,False
-1,False,7,"theorem t8 : { n | Nat.Prime n } ∩ { n | n > 2 } ⊆ { n | ¬Even n } := by
  intro n
  simp
  intro nprime n_gt
  rcases Nat.Prime.eq_two_or_odd nprime with h | h
  · rw [h]
    linarith
  · rw [Nat.odd_iff, h]

",,True,-1,"theorem t8 : { n | Nat.Prime n } ∩ { n | n > 2 }
    ⊆ { n | ¬Even n } := by
  simp only [Set交通Split, not_and_or, and_left_comm, and_assoc, implies_true]
  intro nprime n_gt
  rcases Nat.Prime.eq_two_or_odd nprime with h | h
  · rw [h, n_gt]
    linear
  · rw [Nat.odd_iff, h]


","💥️expected token

💥️unsolved goals
⊢ {n | Nat.Prime n} ∩ {n | n > 2} ⊆ {n | ¬Even n}",False,60,MIL.C04_Sets_and_Functions.solutions.Solutions_S01_Sets,Qwen-7B-long,LENGTH,best_of_n,False,0,-1.0,CH04.t8,False
-1,False,7,"theorem t8 : { n | Nat.Prime n } ∩ { n | n > 2 } ⊆ { n | ¬Even n } := by
  intro n
  simp
  intro nprime n_gt
  rcases Nat.Prime.eq_two_or_odd nprime with h | h
  · rw [h]
    linarith
  · rw [Nat.odd_iff, h]

",,True,-1,"theorem t8 : { n | Nat.Prime n } ∩ { n | n > 2 } ⊆ { n | ¬Even n } := by
  intro n
  simp
  intro nprime n_gt
  rwa [Nat.Prime.eq_two_or_odd, Odd.even_iff, Nat.odd_iff, not_not] at h
",💥️unknown identifier 'h',False,60,MIL.C04_Sets_and_Functions.solutions.Solutions_S01_Sets,Qwen-7B-long,LENGTH,best_of_n,False,0,-1.0,CH04.t8,False
-1,False,7,"theorem t8 : { n | Nat.Prime n } ∩ { n | n > 2 } ⊆ { n | ¬Even n } := by
  intro n
  simp
  intro nprime n_gt
  rcases Nat.Prime.eq_two_or_odd nprime with h | h
  · rw [h]
    linarith
  · rw [Nat.odd_iff, h]

",,True,-1,"theorem t8 : { n | Nat.Prime n } ∩ { n | n > 2 } ⊆ { n | ¬Even n } := by
  intro
  simp
 党员干部考试","💥️unsolved goals
a✝ : ℕ
⊢ Nat.Prime a✝ → 2 < a✝ → Odd a✝",False,60,MIL.C04_Sets_and_Functions.solutions.Solutions_S01_Sets,Qwen-7B-long,LENGTH,best_of_n,False,0,-1.0,CH04.t8,False
-1,False,7,"theorem t8 : { n | Nat.Prime n } ∩ { n | n > 2 } ⊆ { n | ¬Even n } := by
  intro n
  simp
  intro nprime n_gt
  rcases Nat.Prime.eq_two_or_odd nprime with h | h
  · rw [h]
    linarith
  · rw [Nat.odd_iff, h]

",,True,-1,"theorem t8 : { n | Nat.Prime n } ∩ { n | n > 2 } ⊆ { n | ¬Even n } := by
  simp only [isSubset_iff, Set propel_iff, Set.mem_odd_or]
  exact fun n h => h.2.2.1 ← Nat.prime_two

","💥️unknown identifier 'isSubset_iff'

💥️unknown identifier 'propel_iff'

💥️unknown constant 'Set.mem_odd_or'

💥️simp made no progress",False,60,MIL.C04_Sets_and_Functions.solutions.Solutions_S01_Sets,Qwen-7B-long,LENGTH,best_of_n,False,0,-1.0,CH04.t8,False
-1,False,7,"theorem t8 : { n | Nat.Prime n } ∩ { n | n > 2 } ⊆ { n | ¬Even n } := by
  intro n
  simp
  intro nprime n_gt
  rcases Nat.Prime.eq_two_or_odd nprime with h | h
  · rw [h]
    linarith
  · rw [Nat.odd_iff, h]

",,True,-1,"theorem t8 : { n | Nat.Prime n } ∩ { n | n > 2 } ⊆ { n | ¬Even n } := by
  simp
  intros
  · rcases Nat.Prime.eq_two_or_odd h with h
    rw [h]
    linarith
  · rw [Nat.odd_iff, h]
","💥️unknown identifier 'h'

💥️tactic 'rewrite' failed, equality or iff proof expected
  ?m.2626 = 2 ∨ ?m.2626 % 2 = 1
h : ?m.2626 = 2 ∨ ?m.2626 % 2 = 1
⊢ {n | Nat.Prime n} ∩ {n | 2 < n} ⊆ {n | Odd n}

💥️no goals to be solved",False,60,MIL.C04_Sets_and_Functions.solutions.Solutions_S01_Sets,Qwen-7B-long,LENGTH,best_of_n,False,0,-1.0,CH04.t8,False
-1,False,7,"theorem t8 : { n | Nat.Prime n } ∩ { n | n > 2 } ⊆ { n | ¬Even n } := by
  intro n
  simp
  intro nprime n_gt
  rcases Nat.Prime.eq_two_or_odd nprime with h | h
  · rw [h]
    linarith
  · rw [Nat.odd_iff, h]

",,True,-1,"theorem t8 : { n | Nat.Prime n } ∩ { n | n > 2 } ⊆ { n | ¬Even n } := by
  simp [Nat.Prime, Nat.odd_iff]

","💥️unsolved goals
⊢ {n | Irreducible n} ∩ {n | 2 < n} ⊆ {n | n % 2 = 1}",False,60,MIL.C04_Sets_and_Functions.solutions.Solutions_S01_Sets,Qwen-7B-long,LENGTH,best_of_n,False,0,-1.0,CH04.t8,False
-1,False,7,"theorem t8 : { n | Nat.Prime n } ∩ { n | n > 2 } ⊆ { n | ¬Even n } := by
  intro n
  simp
  intro nprime n_gt
  rcases Nat.Prime.eq_two_or_odd nprime with h | h
  · rw [h]
    linarith
  · rw [Nat.odd_iff, h]

",,True,7,"theorem t8 : { n | Nat.Prime n } ∩ { n | n > 2 } ⊆ { n | ¬Even n } := by
  intro n
  simp
  intro nprime n_gt
  rcases Nat.Prime.eq_two_or_odd nprime with h | h
  · rw [h]
    linarith
  · rw [Nat.odd_iff, h]
",,True,60,MIL.C04_Sets_and_Functions.solutions.Solutions_S01_Sets,Qwen-7B-long,LENGTH,best_of_n,False,0,0.0,CH04.t8,False
-1,False,7,"theorem t8 : { n | Nat.Prime n } ∩ { n | n > 2 } ⊆ { n | ¬Even n } := by
  intro n
  simp
  intro nprime n_gt
  rcases Nat.Prime.eq_two_or_odd nprime with h | h
  · rw [h]
    linarith
  · rw [Nat.odd_iff, h]

",,True,-1,"theorem t8 : { n | Nat.Prime n } ∩ { n | n > 2 } ⊆ { n | ¬Even n } := by
  intro n
  simp only [mem_setOf_eq, not_and_or, and_imp, or_imp, not_imp, not_forall]
  obtain h | h := Nat.Prime.eq_two_or_odd n.2
  · rw [h]
    linarith
  · rw [Nat.odd_iff, h]


","💥️ambiguous, possible interpretations 
  _root_.not_imp : ¬(?m.2194 → ?m.2195) ↔ ?m.2194 ∧ ¬?m.2195
  
  Classical.not_imp : ¬(?m.2196 → ?m.2197) ↔ ?m.2196 ∧ ¬?m.2197

💥️invalid projection, structure expected
  n
has type
  ℕ

💥️tactic 'rewrite' failed, pattern is a metavariable
  ?m.2283
from equation
  ?m.2283 = 2
case inl
n : ℕ
h : ?m.2283 = 2
⊢ n ∈ {n | Nat.Prime n} ∩ {n | n > 2} → ¬Even n

💥️tactic 'rewrite' failed, did not find instance of the pattern in the target expression
  Odd ?m.2324
case inr
n : ℕ
h : ?m.2283 % 2 = 1
⊢ n ∈ {n | Nat.Prime n} ∩ {n | n > 2} → ¬Even n",False,60,MIL.C04_Sets_and_Functions.solutions.Solutions_S01_Sets,Qwen-7B-long,LENGTH,best_of_n,False,0,-1.0,CH04.t8,False
-1,False,7,"theorem t8 : { n | Nat.Prime n } ∩ { n | n > 2 } ⊆ { n | ¬Even n } := by
  intro n
  simp
  intro nprime n_gt
  rcases Nat.Prime.eq_two_or_odd nprime with h | h
  · rw [h]
    linarith
  · rw [Nat.odd_iff, h]

",,True,-1,"theorem t8 : { n | Nat.Prime n } ∩ { n | n > 2 } ⊆ { n | ¬Even n } := by
  intro n h1 h2
  simp [h1, h2]
  rcases Nat.Prime.eq_two_or_odd h1 with h | h
  · rw [h]
    linarith
  · rw [Nat.odd_iff, h]

",💥️simp made no progress,False,60,MIL.C04_Sets_and_Functions.solutions.Solutions_S01_Sets,Qwen-7B-long,LENGTH,best_of_n,False,0,-1.0,CH04.t8,False
-1,False,7,"theorem t8 : { n | Nat.Prime n } ∩ { n | n > 2 } ⊆ { n | ¬Even n } := by
  intro n
  simp
  intro nprime n_gt
  rcases Nat.Prime.eq_two_or_odd nprime with h | h
  · rw [h]
    linarith
  · rw [Nat.odd_iff, h]

",,True,-1,"theorem t8 : { n | Nat.Prime n } ∩ { n | n > 2 } ⊆ { n | ¬Even n } := by
  intro n
  simp
  intro nprime n_gt
  rcases Nat.Prime.eq_two_or_odd nprime with h | h
  · rw [h]
    linarith
  · rwa [Nat.odd_iff, h]
",💥️no goals to be solved,False,60,MIL.C04_Sets_and_Functions.solutions.Solutions_S01_Sets,Qwen-7B-long,LENGTH,best_of_n,False,0,-1.0,CH04.t8,False
-1,False,7,"theorem t8 : { n | Nat.Prime n } ∩ { n | n > 2 } ⊆ { n | ¬Even n } := by
  intro n
  simp
  intro nprime n_gt
  rcases Nat.Prime.eq_two_or_odd nprime with h | h
  · rw [h]
    linarith
  · rw [Nat.odd_iff, h]

",,True,-1,"theorem t8 : { n | Nat.Prime n } ∩ { n | n > 2 } ⊆ { n | ¬Even n } := by
  intro n
  simp only [Set.mem enerator, notand_or']
  rcases Nat.Prime.eq_two_or_odd n with h | h
  · rw [h]
    linarith
  · rw [Nat.odd_iff, h]


","💥️unknown constant 'Set.mem'

💥️unknown identifier 'notand_or''

💥️simp made no progress",False,60,MIL.C04_Sets_and_Functions.solutions.Solutions_S01_Sets,Qwen-7B-long,LENGTH,best_of_n,False,0,-1.0,CH04.t8,False
-1,False,7,"theorem t8 : { n | Nat.Prime n } ∩ { n | n > 2 } ⊆ { n | ¬Even n } := by
  intro n
  simp
  intro nprime n_gt
  rcases Nat.Prime.eq_two_or_odd nprime with h | h
  · rw [h]
    linarith
  · rw [Nat.odd_iff, h]

",,True,-1,"theorem t8 : { n | Nat.Prime n } ∩ { n | n > 2 } ⊆ { n | ¬Even n } := by
  simpa [ tips := [2.5.0, Nat.odd_iff, Nat.Prime.eq_two_or_odd, show ¬ Even 2 by decide,
    show ¬ Even 1 by decide, show ¬ Even 3 by decide]] using t8's proof
","💥️unexpected token ':='; expected ']'

💥️unknown identifier 'tips'",False,60,MIL.C04_Sets_and_Functions.solutions.Solutions_S01_Sets,Qwen-7B-long,LENGTH,best_of_n,False,0,-1.0,CH04.t8,False
-1,False,7,"theorem t8 : { n | Nat.Prime n } ∩ { n | n > 2 } ⊆ { n | ¬Even n } := by
  intro n
  simp
  intro nprime n_gt
  rcases Nat.Prime.eq_two_or_odd nprime with h | h
  · rw [h]
    linarith
  · rw [Nat.odd_iff, h]

",,True,-1,"theorem t8 : { n | Nat.Prime n } ∩ { n | n > 2 } ⊆ { n | ¬Even n } := by
  intro n prime_prime prime_gt_two
  rcases Nat.Prime.eq_two_or_odd prime_prime with h | h
  · rewrite [h]
    linarith
  · rw [Nat.odd_iff, h]
","💥️application type mismatch
  Nat.Prime.eq_two_or_odd prime_prime
argument
  prime_prime
has type
  n ∈ {n | Nat.Prime n} ∩ {n | n > 2} : Prop
but is expected to have type
  Nat.Prime ?m.2123 : Prop

💥️tactic 'rewrite' failed, pattern is a metavariable
  ?m.2123
from equation
  ?m.2123 = 2
case inl
n : ℕ
prime_prime : n ∈ {n | Nat.Prime n} ∩ {n | n > 2}
prime_gt_two : Even n
h : ?m.2123 = 2
⊢ False

💥️tactic 'rewrite' failed, did not find instance of the pattern in the target expression
  Odd ?m.2437
case inr
n : ℕ
prime_prime : n ∈ {n | Nat.Prime n} ∩ {n | n > 2}
prime_gt_two : Even n
h : ?m.2123 % 2 = 1
⊢ False",False,60,MIL.C04_Sets_and_Functions.solutions.Solutions_S01_Sets,Qwen-7B-long,LENGTH,best_of_n,False,0,-1.0,CH04.t8,False
-1,False,7,"theorem t8 : { n | Nat.Prime n } ∩ { n | n > 2 } ⊆ { n | ¬Even n } := by
  intro n
  simp
  intro nprime n_gt
  rcases Nat.Prime.eq_two_or_odd nprime with h | h
  · rw [h]
    linarith
  · rw [Nat.odd_iff, h]

",,True,-1,"theorem t8 : { n | Nat.Prime n } ∩ { n | n > 2 } ⊆ { n | ¬Even n } := by
  simpa only [set.filter, Set.all, true_and, proj1]
  intro nprime n_gt
  rcases Nat.Prime.eq_two_or_odd nprime with h | h
  · rw [h]
    linarith
  · rw [Nat.odd_iff, h]


","💥️invalid field notation, type is not of the form (C ...) where C is a constant
  set
has type
  ?m.2130 → ?m.2131 PUnit.{?u.2129 + 1}

💥️unknown constant 'Set.all'

💥️unknown identifier 'proj1'

💥️tactic 'assumption' failed
⊢ {n | Nat.Prime n} ∩ {n | n > 2} ⊆ {n | ¬Even n}",False,60,MIL.C04_Sets_and_Functions.solutions.Solutions_S01_Sets,Qwen-7B-long,LENGTH,best_of_n,False,0,-1.0,CH04.t8,False
-1,False,7,"theorem t8 : { n | Nat.Prime n } ∩ { n | n > 2 } ⊆ { n | ¬Even n } := by
  intro n
  simp
  intro nprime n_gt
  rcases Nat.Prime.eq_two_or_odd nprime with h | h
  · rw [h]
    linarith
  · rw [Nat.odd_iff, h]

",,True,-1,"theorem t8 : { n | Nat.Prime n } ∩ { n | n > 2 } ⊆ { n | ¬Even n } :=
  MonoidHom doors t8_prime_gt_two_to_odd
","💥️unknown identifier 'doors'

💥️unknown identifier 't8_prime_gt_two_to_odd'",False,60,MIL.C04_Sets_and_Functions.solutions.Solutions_S01_Sets,Qwen-7B-long,LENGTH,best_of_n,False,0,-1.0,CH04.t8,False
-1,False,7,"theorem t8 : { n | Nat.Prime n } ∩ { n | n > 2 } ⊆ { n | ¬Even n } := by
  intro n
  simp
  intro nprime n_gt
  rcases Nat.Prime.eq_two_or_odd nprime with h | h
  · rw [h]
    linarith
  · rw [Nat.odd_iff, h]

",,True,-1,"theorem t8 : { n | Nat.Prime n } ∩ { n | n > 2 } ⊆ { n | ¬Even n } := by
  intro n
  simp
  intro nprime n_gt
  rcases Nat.Prime.eq_two_or_odd nprime with h | h
  · rw [h]
    linarith
  · exact decode Nat.odd_iff h


",💥️unknown identifier 'decode',False,60,MIL.C04_Sets_and_Functions.solutions.Solutions_S01_Sets,Qwen-7B-long,LENGTH,best_of_n,False,0,-1.0,CH04.t8,False
-1,False,7,"theorem t8 : { n | Nat.Prime n } ∩ { n | n > 2 } ⊆ { n | ¬Even n } := by
  intro n
  simp
  intro nprime n_gt
  rcases Nat.Prime.eq_two_or_odd nprime with h | h
  · rw [h]
    linarith
  · rw [Nat.odd_iff, h]

",,True,-1,"theorem t8 : { n | Nat.Prime n } ∩ { n | n > 2 } ⊆ { n | ¬Even n } := by
  intro n hn
  rcases Nat.Prime.eq_two_or_odd hn.1 with h | h
  · rw [h]
    linarith
  · rw [Nat.odd_iff, h]


","💥️linarith failed to find a contradiction
case inl
n : ℕ
hn : n ∈ {n | Nat.Prime n} ∩ {n | n > 2}
h : n = 2
⊢ False failed

💥️tactic 'rewrite' failed, did not find instance of the pattern in the target expression
  Odd ?m.2724
case inr
n : ℕ
hn : n ∈ {n | Nat.Prime n} ∩ {n | n > 2}
h : n % 2 = 1
⊢ n ∈ {n | ¬Even n}",False,60,MIL.C04_Sets_and_Functions.solutions.Solutions_S01_Sets,Qwen-7B-long,LENGTH,best_of_n,False,0,-1.0,CH04.t8,False
-1,False,7,"theorem t8 : { n | Nat.Prime n } ∩ { n | n > 2 } ⊆ { n | ¬Even n } := by
  intro n
  simp
  intro nprime n_gt
  rcases Nat.Prime.eq_two_or_odd nprime with h | h
  · rw [h]
    linarith
  · rw [Nat.odd_iff, h]

",,True,-1,"theorem t8 : { n | Nat.Prime n } ∩ { n | n > 2 } ⊆ { n | ¬Even n } := by
  simp
  rintro n h
  rcases Nat.Prime.eq_two_or_odd h.1 with h | h
  · rw [h]
    linarith
  · rw [Nat.odd_iff, h]
","💥️linarith failed to find a contradiction
case inl
n : ℕ
h✝ : n ∈ {n | Nat.Prime n} ∩ {n | 2 < n}
h : n = 2
⊢ False failed

💥️tactic 'rewrite' failed, did not find instance of the pattern in the target expression
  Odd ?m.3236
case inr
n : ℕ
h✝ : n ∈ {n | Nat.Prime n} ∩ {n | 2 < n}
h : n % 2 = 1
⊢ n ∈ {n | Odd n}",False,60,MIL.C04_Sets_and_Functions.solutions.Solutions_S01_Sets,Qwen-7B-long,LENGTH,best_of_n,False,0,-1.0,CH04.t8,False
-1,False,7,"theorem t8 : { n | Nat.Prime n } ∩ { n | n > 2 } ⊆ { n | ¬Even n } := by
  intro n
  simp
  intro nprime n_gt
  rcases Nat.Prime.eq_two_or_odd nprime with h | h
  · rw [h]
    linarith
  · rw [Nat.odd_iff, h]

",,True,-1,"theorem t8 : { n | Nat.Prime n } ∩ { n | n > 2 } ⊆ { n | ¬Even n } := by
  intro n
  simp
  obtain h | h : n = 2 ∨ ¬Even n
  · exact dif_pos h ▸ (Nat.Prime.eq_two_or_odd n).mp n_gt
  · rwa [h, Nat.odd_iff]

","💥️unknown identifier 'h'

💥️tactic 'assumption' failed
case inl
n : ℕ
h : n = 2
⊢ Nat.Prime 2 → 2 < 2 → 2 % 2 = 1

💥️unsolved goals
case inr
n : ℕ
h : ¬Even n
⊢ Nat.Prime n → 2 < n → Odd n",False,60,MIL.C04_Sets_and_Functions.solutions.Solutions_S01_Sets,Qwen-7B-long,LENGTH,best_of_n,False,0,-1.0,CH04.t8,False
-1,False,7,"theorem t8 : { n | Nat.Prime n } ∩ { n | n > 2 } ⊆ { n | ¬Even n } := by
  intro n
  simp
  intro nprime n_gt
  rcases Nat.Prime.eq_two_or_odd nprime with h | h
  · rw [h]
    linarith
  · rw [Nat.odd_iff, h]

",,True,-1,"theorem t8 : { n | Nat.Prime n } ∩ { n | n > 2 } ⊆ { n | ¬Even n } := by
  intro n
  simp
  intro nprime n_gt
  rcases Nat.Prime.eq_two_or_odd nprime with h | h
  · rw [h]
    linarith
  · rwa [Nat.odd_iff, h]
",💥️no goals to be solved,False,60,MIL.C04_Sets_and_Functions.solutions.Solutions_S01_Sets,Qwen-7B-long,LENGTH,best_of_n,False,0,-1.0,CH04.t8,False
-1,False,7,"theorem t8 : { n | Nat.Prime n } ∩ { n | n > 2 } ⊆ { n | ¬Even n } := by
  intro n
  simp
  intro nprime n_gt
  rcases Nat.Prime.eq_two_or_odd nprime with h | h
  · rw [h]
    linarith
  · rw [Nat.odd_iff, h]

",,True,-1,"theorem t8 : { n | Nat.Prime n } ∩ { n | n > 2 } ⊆ { n | ¬Even n } := by
  simpa
  intro nprime n_gt
  rw [Nat.Prime.eq_two_or_odd nprime]
  · rw [Nat.odd_iff]
    linarith
  · linear_combination n_gt


","💥️tactic 'assumption' failed
⊢ {n | Nat.Prime n} ∩ {n | 2 < n} ⊆ {n | Odd n}",False,60,MIL.C04_Sets_and_Functions.solutions.Solutions_S01_Sets,Qwen-7B-long,LENGTH,best_of_n,False,0,-1.0,CH04.t8,False
-1,False,7,"theorem t8 : { n | Nat.Prime n } ∩ { n | n > 2 } ⊆ { n | ¬Even n } := by
  intro n
  simp
  intro nprime n_gt
  rcases Nat.Prime.eq_two_or_odd nprime with h | h
  · rw [h]
    linarith
  · rw [Nat.odd_iff, h]

",,True,-1,"theorem t8 : { n | Nat.Prime n } ∩ { n | n > 2 } ⊆ { n | ¬Even n } := by
  intro n
  simp only [Finset.mem_and_of Idealset.mem}
  rintro ⟨h, hn⟩
  rw [Nat.Prime.eq_two_or_odd] at h
  all_goals linear_combination Nat.even_iff_two_dvd n, h, hn
","💥️unexpected token '}'; expected ']'

💥️unknown constant 'Finset.mem_and_of'",False,60,MIL.C04_Sets_and_Functions.solutions.Solutions_S01_Sets,Qwen-7B-long,LENGTH,best_of_n,False,0,-1.0,CH04.t8,False
-1,False,7,"theorem t8 : { n | Nat.Prime n } ∩ { n | n > 2 } ⊆ { n | ¬Even n } := by
  intro n
  simp
  intro nprime n_gt
  rcases Nat.Prime.eq_two_or_odd nprime with h | h
  · rw [h]
    linarith
  · rw [Nat.odd_iff, h]

",,True,-1,"theorem t8 : { n | Nat.Prime n } ∩ { n | n > 2 }
    ⊆ { n | ¬Even n } := by
  simpa only [and_left_comm, Set.Subset_eq]
  intro h
  rcases Nat.Prime.eq_two_or_odd h.1 with h | h
  · linarith
  · rw [Nat.odd_iff, h]
","💥️unknown constant 'Set.Subset_eq'

💥️tactic 'assumption' failed
⊢ {n | Nat.Prime n} ∩ {n | n > 2} ⊆ {n | ¬Even n}",False,60,MIL.C04_Sets_and_Functions.solutions.Solutions_S01_Sets,Qwen-7B-long,LENGTH,best_of_n,False,0,-1.0,CH04.t8,False
-1,False,7,"theorem t8 : { n | Nat.Prime n } ∩ { n | n > 2 } ⊆ { n | ¬Even n } := by
  intro n
  simp
  intro nprime n_gt
  rcases Nat.Prime.eq_two_or_odd nprime with h | h
  · rw [h]
    linarith
  · rw [Nat.odd_iff, h]

",,True,-1,"theorem t8 : { n | Nat.Prime n } ∩ { n | n > 2 } ⊆ { n | ¬Even n } := by
  rintro _ ⟨h, h₂⟩
  rw [Nat.Prime.eq_two_or_odd h]
  · linarith
  · simp_rw [Nat.odd_iff, h]


","💥️tactic 'rewrite' failed, equality or iff proof expected
  a✝ = 2 ∨ a✝ % 2 = 1
case intro
a✝ : ℕ
h : a✝ ∈ {n | Nat.Prime n}
h₂ : a✝ ∈ {n | n > 2}
⊢ a✝ ∈ {n | ¬Even n}",False,60,MIL.C04_Sets_and_Functions.solutions.Solutions_S01_Sets,Qwen-7B-long,LENGTH,best_of_n,False,0,-1.0,CH04.t8,False
-1,False,4,"theorem t9 (h₀ : ∀ x ∈ t, ¬Even x) (h₁ : ∀ x ∈ t, Prime x) (ssubt : s ⊆ t) : ∀ x ∈ s, ¬Even x ∧ Prime x := by
  intro x xs
  constructor
  · apply h₀ x (ssubt xs)
  apply h₁ x (ssubt xs)

",,True,4,"theorem t9 (h₀ : ∀ x ∈ t, ¬Even x) (h₁ : ∀ x ∈ t, Prime x) (ssubt : s ⊆ t) : ∀ x ∈ s, ¬Even x ∧ Prime x := by
  intro x xs
  constructor
  · apply h₀ x (ssubt xs)
  apply h₁ x (ssubt xs)


",,True,60,MIL.C04_Sets_and_Functions.solutions.Solutions_S01_Sets,Qwen-7B-long,LENGTH,best_of_n,False,0,0.0,CH04.t9,False
-1,False,4,"theorem t9 (h₀ : ∀ x ∈ t, ¬Even x) (h₁ : ∀ x ∈ t, Prime x) (ssubt : s ⊆ t) : ∀ x ∈ s, ¬Even x ∧ Prime x := by
  intro x xs
  constructor
  · apply h₀ x (ssubt xs)
  apply h₁ x (ssubt xs)

",,True,0,"theorem t9 (h₀ : ∀ x ∈ t, ¬Even x) (h₁ : ∀ x ∈ t, Prime x) (ssubt : s ⊆ t) : ∀ x ∈ s, ¬Even x ∧ Prime x :=
  fun x xs => ⟨h₀ x (ssubt xs), h₁ x (ssubt xs)⟩
",,True,60,MIL.C04_Sets_and_Functions.solutions.Solutions_S01_Sets,Qwen-7B-long,LENGTH,best_of_n,False,0,1.0,CH04.t9,False
-1,False,4,"theorem t9 (h₀ : ∀ x ∈ t, ¬Even x) (h₁ : ∀ x ∈ t, Prime x) (ssubt : s ⊆ t) : ∀ x ∈ s, ¬Even x ∧ Prime x := by
  intro x xs
  constructor
  · apply h₀ x (ssubt xs)
  apply h₁ x (ssubt xs)

",,True,-1,"theorem t9 (h₀ : ∀ x ∈ t, ¬Even x) (h₁ : ∀ x ∈ t, Prime x) (ssubt : s ⊆ t) : ∀ x ∈ s, ¬Even x ∧ Prime x := by
  intro xs
  constructor
  · exact h₀ _ (ssubt xs)
  · exact h₁ _ (ssubt xs)

","💥️tactic 'constructor' failed, target is not an inductive datatype
s t : Set ℕ
h₀ : ∀ x ∈ t, ¬Even x
h₁ : ∀ x ∈ t, Prime x
ssubt : s ⊆ t
xs : ℕ
⊢ xs ∈ s → ¬Even xs ∧ Prime xs",False,60,MIL.C04_Sets_and_Functions.solutions.Solutions_S01_Sets,Qwen-7B-long,LENGTH,best_of_n,False,0,-1.0,CH04.t9,False
-1,False,4,"theorem t9 (h₀ : ∀ x ∈ t, ¬Even x) (h₁ : ∀ x ∈ t, Prime x) (ssubt : s ⊆ t) : ∀ x ∈ s, ¬Even x ∧ Prime x := by
  intro x xs
  constructor
  · apply h₀ x (ssubt xs)
  apply h₁ x (ssubt xs)

",,True,0,"theorem t9 (h₀ : ∀ x ∈ t, ¬Even x) (h₁ : ∀ x ∈ t, Prime x) (ssubt : s ⊆ t) : ∀ x ∈ s, ¬Even x ∧ Prime x :=
  fun x xs => ⟨h₀ x (ssubt xs), h₁ x (ssubt xs)⟩
",,True,60,MIL.C04_Sets_and_Functions.solutions.Solutions_S01_Sets,Qwen-7B-long,LENGTH,best_of_n,False,0,1.0,CH04.t9,False
-1,False,4,"theorem t9 (h₀ : ∀ x ∈ t, ¬Even x) (h₁ : ∀ x ∈ t, Prime x) (ssubt : s ⊆ t) : ∀ x ∈ s, ¬Even x ∧ Prime x := by
  intro x xs
  constructor
  · apply h₀ x (ssubt xs)
  apply h₁ x (ssubt xs)

",,True,-1,"theorem t9 (h₀ : ∀ x ∈ t, ¬Even x) (h₁ : ∀ x ∈ t, Prime x) (ssubt : s ⊆ t) : ∀ x ∈ s, ¬Even x ∧ Prime x := by
  intro x xs
  constructor
  · rwa [h₀ x (ssubt xs)]
  · rwa [h₁ x (ssubt xs)]


","💥️tactic 'rewrite' failed, equality or iff proof expected
  False
case left
s t : Set ℕ
h₀ : ∀ x ∈ t, ¬Even x
h₁ : ∀ x ∈ t, Prime x
ssubt : s ⊆ t
x : ℕ
xs : x ∈ s
⊢ ¬Even x

💥️tactic 'rewrite' failed, equality or iff proof expected
  Prime x
case right
s t : Set ℕ
h₀ : ∀ x ∈ t, ¬Even x
h₁ : ∀ x ∈ t, Prime x
ssubt : s ⊆ t
x : ℕ
xs : x ∈ s
⊢ Prime x",False,60,MIL.C04_Sets_and_Functions.solutions.Solutions_S01_Sets,Qwen-7B-long,LENGTH,best_of_n,False,0,-1.0,CH04.t9,False
-1,False,4,"theorem t9 (h₀ : ∀ x ∈ t, ¬Even x) (h₁ : ∀ x ∈ t, Prime x) (ssubt : s ⊆ t) : ∀ x ∈ s, ¬Even x ∧ Prime x := by
  intro x xs
  constructor
  · apply h₀ x (ssubt xs)
  apply h₁ x (ssubt xs)

",,True,-1,"theorem t9 (h₀ : ∀ x ∈ t, ¬Even x) (h₁ : ∀ x ∈ t, Prime x) (ssubt : s ⊆ t) : ∀ x ∈ s, ¬Even x ∧ Prime x := by
  simp_rw [subset_eq, Finset.mem interception, forall_exists_index] at ssubt
  intro x i hi
  constructor
  · apply h₀ x (ssubt.mp hi)
  apply h₁ x (ssubt.mp hi)


","💥️unknown identifier 'subset_eq'

💥️simp made no progress",False,60,MIL.C04_Sets_and_Functions.solutions.Solutions_S01_Sets,Qwen-7B-long,LENGTH,best_of_n,False,0,-1.0,CH04.t9,False
-1,False,4,"theorem t9 (h₀ : ∀ x ∈ t, ¬Even x) (h₁ : ∀ x ∈ t, Prime x) (ssubt : s ⊆ t) : ∀ x ∈ s, ¬Even x ∧ Prime x := by
  intro x xs
  constructor
  · apply h₀ x (ssubt xs)
  apply h₁ x (ssubt xs)

",,True,4,"theorem t9 (h₀ : ∀ x ∈ t, ¬Even x) (h₁ : ∀ x ∈ t, Prime x) (ssubt : s ⊆ t) : ∀ x ∈ s, ¬Even x ∧ Prime x := by
  intro x xs
  constructor
  · apply h₀ x (ssubt xs)
  apply h₁ x (ssubt xs)
",,True,60,MIL.C04_Sets_and_Functions.solutions.Solutions_S01_Sets,Qwen-7B-long,LENGTH,best_of_n,False,0,0.0,CH04.t9,False
-1,False,4,"theorem t9 (h₀ : ∀ x ∈ t, ¬Even x) (h₁ : ∀ x ∈ t, Prime x) (ssubt : s ⊆ t) : ∀ x ∈ s, ¬Even x ∧ Prime x := by
  intro x xs
  constructor
  · apply h₀ x (ssubt xs)
  apply h₁ x (ssubt xs)

",,True,-1,"theorem t9 (h₀ : ∀ x ∈ t, ¬Even x) (h₁ : ∀ x ∈ t, Prime x) (ssubt : s ⊆ t) : ∀ x ∈ s, ¬Even x ∧ Prime x := by
  simp only [mem_range, implies_true]
  intro x xs
  constructor
  · apply h₀ x (ssubt xs)
  · apply h₁ x (ssubt xs)
","💥️unknown identifier 'mem_range'

💥️simp made no progress",False,60,MIL.C04_Sets_and_Functions.solutions.Solutions_S01_Sets,Qwen-7B-long,LENGTH,best_of_n,False,0,-1.0,CH04.t9,False
-1,False,4,"theorem t9 (h₀ : ∀ x ∈ t, ¬Even x) (h₁ : ∀ x ∈ t, Prime x) (ssubt : s ⊆ t) : ∀ x ∈ s, ¬Even x ∧ Prime x := by
  intro x xs
  constructor
  · apply h₀ x (ssubt xs)
  apply h₁ x (ssubt xs)

",,True,-1,"theorem t9 (h₀ : ∀ x ∈ t, ¬Even x) (h₁ : ∀ x ∈ t, Prime x) (ssubt : s ⊆ t) : ∀ x ∈ s, ¬Even x ∧ Prime x := by
  intro x xs
  apply gcongr with h₀ · gcongr h₁ · gcongr (ssubt xs)
",💥️unknown identifier 'gcongr',False,60,MIL.C04_Sets_and_Functions.solutions.Solutions_S01_Sets,Qwen-7B-long,LENGTH,best_of_n,False,0,-1.0,CH04.t9,False
-1,False,4,"theorem t9 (h₀ : ∀ x ∈ t, ¬Even x) (h₁ : ∀ x ∈ t, Prime x) (ssubt : s ⊆ t) : ∀ x ∈ s, ¬Even x ∧ Prime x := by
  intro x xs
  constructor
  · apply h₀ x (ssubt xs)
  apply h₁ x (ssubt xs)

",,True,-1,"theorem t9 (h₀ : ∀ x ∈ t, ¬Even x) (h₁ : ∀ x ∈ t, Prime x) (ssubt : s ⊆ t) : ∀ x ∈ s, ¬Even x ∧ Prime x := by
  intro
  simp_rw subset_def at ssubt
  exact fun x hx ↦ (h₀ x hx, h₁ x hx)
","💥️unexpected identifier; expected '['

💥️unsolved goals
s t : Set ℕ
h₀ : ∀ x ∈ t, ¬Even x
h₁ : ∀ x ∈ t, Prime x
ssubt : s ⊆ t
x✝ : ℕ
⊢ x✝ ∈ s → ¬Even x✝ ∧ Prime x✝",False,60,MIL.C04_Sets_and_Functions.solutions.Solutions_S01_Sets,Qwen-7B-long,LENGTH,best_of_n,False,0,-1.0,CH04.t9,False
-1,False,4,"theorem t9 (h₀ : ∀ x ∈ t, ¬Even x) (h₁ : ∀ x ∈ t, Prime x) (ssubt : s ⊆ t) : ∀ x ∈ s, ¬Even x ∧ Prime x := by
  intro x xs
  constructor
  · apply h₀ x (ssubt xs)
  apply h₁ x (ssubt xs)

",,True,-1,"theorem t9 (h₀ : ∀ x ∈ t, ¬Even x) (h₁ : ∀ x ∈ t, Prime x) (ssubt : s ⊆ t) : ∀ x ∈ s, ¬Even x ∧ Prime x :=
  ssubt.subset_of h₀ h₁ fun _ ↦ ts_and
","💥️invalid field 'subset_of', the environment does not contain 'HasSubset.Subset.subset_of'
  ssubt
has type
  s ⊆ t

💥️invalid field 'subset_of', the environment does not contain 'LE.le.subset_of'
  ssubt
has type
  s ≤ t

💥️invalid field 'subset_of', the environment does not contain 'Set.Subset.subset_of'
  ssubt
has type
  s.Subset t

💥️invalid field notation, type is not of the form (C ...) where C is a constant
  ssubt
has type
  ?m.6319 ∈ s → ?m.6319 ∈ t",False,60,MIL.C04_Sets_and_Functions.solutions.Solutions_S01_Sets,Qwen-7B-long,LENGTH,best_of_n,False,0,-1.0,CH04.t9,False
-1,False,4,"theorem t9 (h₀ : ∀ x ∈ t, ¬Even x) (h₁ : ∀ x ∈ t, Prime x) (ssubt : s ⊆ t) : ∀ x ∈ s, ¬Even x ∧ Prime x := by
  intro x xs
  constructor
  · apply h₀ x (ssubt xs)
  apply h₁ x (ssubt xs)

",,True,-1,"theorem t9 (h₀ : ∀ x ∈ t, ¬Even x) (h₁ : ∀ x ∈ t, Prime x) (ssubt : s ⊆ t) : ∀ x ∈ s, ¬Even x ∧ Prime x :=
  (h₀ ssubt).and (h₁ ssubt)

","💥️application type mismatch
  h₀ ssubt
argument
  ssubt
has type
  s ⊆ t : Prop
but is expected to have type
  ℕ : Type",False,60,MIL.C04_Sets_and_Functions.solutions.Solutions_S01_Sets,Qwen-7B-long,LENGTH,best_of_n,False,0,-1.0,CH04.t9,False
-1,False,4,"theorem t9 (h₀ : ∀ x ∈ t, ¬Even x) (h₁ : ∀ x ∈ t, Prime x) (ssubt : s ⊆ t) : ∀ x ∈ s, ¬Even x ∧ Prime x := by
  intro x xs
  constructor
  · apply h₀ x (ssubt xs)
  apply h₁ x (ssubt xs)

",,True,-1,"theorem t9 (h₀ : ∀ x ∈ t, ¬Even x) (h₁ : ∀ x ∈ t, Prime x) (ssubt : s ⊆ t) : ∀ x ∈ s, ¬Even x ∧ Prime x := by
  simpa only [subset_def, mem_range, mem_univ, true_and, Even_and_not_prime] using (h₀ h₁ ssubt).symm
","💥️unknown identifier 'subset_def'

💥️unknown identifier 'mem_range'

💥️unknown identifier 'mem_univ'

💥️unknown identifier 'Even_and_not_prime'

💥️application type mismatch
  h₀ h₁
argument
  h₁
has type
  ∀ x ∈ t, Prime x : Prop
but is expected to have type
  ℕ : Type",False,60,MIL.C04_Sets_and_Functions.solutions.Solutions_S01_Sets,Qwen-7B-long,LENGTH,best_of_n,False,0,-1.0,CH04.t9,False
-1,False,4,"theorem t9 (h₀ : ∀ x ∈ t, ¬Even x) (h₁ : ∀ x ∈ t, Prime x) (ssubt : s ⊆ t) : ∀ x ∈ s, ¬Even x ∧ Prime x := by
  intro x xs
  constructor
  · apply h₀ x (ssubt xs)
  apply h₁ x (ssubt xs)

",,True,4,"theorem t9 (h₀ : ∀ x ∈ t, ¬Even x) (h₁ : ∀ x ∈ t, Prime x) (ssubt : s ⊆ t) : ∀ x ∈ s, ¬Even x ∧ Prime x := by
  intro x xs
  constructor
  · apply h₀ x (ssubt xs)
  apply h₁ x (ssubt xs)
",,True,60,MIL.C04_Sets_and_Functions.solutions.Solutions_S01_Sets,Qwen-7B-long,LENGTH,best_of_n,False,0,0.0,CH04.t9,False
-1,False,4,"theorem t9 (h₀ : ∀ x ∈ t, ¬Even x) (h₁ : ∀ x ∈ t, Prime x) (ssubt : s ⊆ t) : ∀ x ∈ s, ¬Even x ∧ Prime x := by
  intro x xs
  constructor
  · apply h₀ x (ssubt xs)
  apply h₁ x (ssubt xs)

",,True,-1,"theorem t9 (h₀ : ∀ x ∈ t, ¬Even x) (h₁ : ∀ x ∈ t, Prime x) (ssubt : s ⊆ t) : ∀ x ∈ s, ¬Even x ∧ Prime x := by
  intro x xs
  constructor h₀ x (ssubt xs), h₁ x (ssubt xs)

","💥️unsolved goals
case left
s t : Set ℕ
h₀ : ∀ x ∈ t, ¬Even x
h₁ : ∀ x ∈ t, Prime x
ssubt : s ⊆ t
x : ℕ
xs : x ∈ s
⊢ ¬Even x

case right
s t : Set ℕ
h₀ : ∀ x ∈ t, ¬Even x
h₁ : ∀ x ∈ t, Prime x
ssubt : s ⊆ t
x : ℕ
xs : x ∈ s
⊢ Prime x",False,60,MIL.C04_Sets_and_Functions.solutions.Solutions_S01_Sets,Qwen-7B-long,LENGTH,best_of_n,False,0,-1.0,CH04.t9,False
-1,False,4,"theorem t9 (h₀ : ∀ x ∈ t, ¬Even x) (h₁ : ∀ x ∈ t, Prime x) (ssubt : s ⊆ t) : ∀ x ∈ s, ¬Even x ∧ Prime x := by
  intro x xs
  constructor
  · apply h₀ x (ssubt xs)
  apply h₁ x (ssubt xs)

",,True,4,"theorem t9 (h₀ : ∀ x ∈ t, ¬Even x) (h₁ : ∀ x ∈ t, Prime x) (ssubt : s ⊆ t) : ∀ x ∈ s, ¬Even x ∧ Prime x := by
  intro x xs
  constructor
  · apply h₀ x (ssubt xs)
  · apply h₁ x (ssubt xs)
",,True,60,MIL.C04_Sets_and_Functions.solutions.Solutions_S01_Sets,Qwen-7B-long,LENGTH,best_of_n,False,0,0.0,CH04.t9,False
-1,False,4,"theorem t9 (h₀ : ∀ x ∈ t, ¬Even x) (h₁ : ∀ x ∈ t, Prime x) (ssubt : s ⊆ t) : ∀ x ∈ s, ¬Even x ∧ Prime x := by
  intro x xs
  constructor
  · apply h₀ x (ssubt xs)
  apply h₁ x (ssubt xs)

",,True,4,"theorem t9 (h₀ : ∀ x ∈ t, ¬Even x) (h₁ : ∀ x ∈ t, Prime x) (ssubt : s ⊆ t) : ∀ x ∈ s, ¬Even x ∧ Prime x := by
  intro x xs
  constructor
  · apply h₀ x (ssubt xs)
  · apply h₁ x (ssubt xs)
",,True,60,MIL.C04_Sets_and_Functions.solutions.Solutions_S01_Sets,Qwen-7B-long,LENGTH,best_of_n,False,0,0.0,CH04.t9,False
-1,False,4,"theorem t9 (h₀ : ∀ x ∈ t, ¬Even x) (h₁ : ∀ x ∈ t, Prime x) (ssubt : s ⊆ t) : ∀ x ∈ s, ¬Even x ∧ Prime x := by
  intro x xs
  constructor
  · apply h₀ x (ssubt xs)
  apply h₁ x (ssubt xs)

",,True,-1,"theorem t9 (h₀ : ∀ x ∈ t, ¬Even x) (h₁ : ∀ x ∈ t, Prime x) (ssubt : s ⊆ t) : ∀ x ∈ s, ¬Even x ∧ Prime x := by
  rintro _ ⟨x, hx⟩
  exact ⟨h₀ x (ssubt hx), h₁ x (ssubt hx)⟩
",💥️rcases tactic failed: a✝ : s x✝ is not an inductive datatype,False,60,MIL.C04_Sets_and_Functions.solutions.Solutions_S01_Sets,Qwen-7B-long,LENGTH,best_of_n,False,0,-1.0,CH04.t9,False
-1,False,4,"theorem t9 (h₀ : ∀ x ∈ t, ¬Even x) (h₁ : ∀ x ∈ t, Prime x) (ssubt : s ⊆ t) : ∀ x ∈ s, ¬Even x ∧ Prime x := by
  intro x xs
  constructor
  · apply h₀ x (ssubt xs)
  apply h₁ x (ssubt xs)

",,True,-1,"theorem t9 (h₀ : ∀ x ∈ t, ¬Even x) (h₁ : ∀ x ∈ t, Prime x) (ssubt : s ⊆ t) : ∀ x ∈ s, ¬Even x ∧ Prime x :=
  fun x xs => ⟨h₀ x (ssubt xs), h₁ x (ssubt xs), h₀ x (ssubt xs), h₁ x (ssubt xs)⟩


","💥️application type mismatch
  And.intro (h₁ x (ssubt xs))
argument
  h₁ x (ssubt xs)
has type
  Prime x : Prop
but is expected to have type
  x ≠ 0 : Prop

💥️application type mismatch
  And.intro (h₀ x (ssubt xs))
argument
  h₀ x (ssubt xs)
has type
  ¬Even x : Prop
but is expected to have type
  ¬IsUnit x : Prop",False,60,MIL.C04_Sets_and_Functions.solutions.Solutions_S01_Sets,Qwen-7B-long,LENGTH,best_of_n,False,0,-1.0,CH04.t9,False
-1,False,4,"theorem t9 (h₀ : ∀ x ∈ t, ¬Even x) (h₁ : ∀ x ∈ t, Prime x) (ssubt : s ⊆ t) : ∀ x ∈ s, ¬Even x ∧ Prime x := by
  intro x xs
  constructor
  · apply h₀ x (ssubt xs)
  apply h₁ x (ssubt xs)

",,True,-1,"theorem t9 (h₀ : ∀ x ∈ t, ¬Even x) (h₁ : ∀ x ∈ t, Prime x) (ssubt : s ⊆ t) : ∀ x ∈ s, ¬Even x ∧ Prime x :=
  FunctionRestrict (h₀ · ∘ ssubt) ∧ FunctionRestrict (h₁ · ∘ ssubt)

","💥️unknown identifier 'FunctionRestrict'

💥️unknown identifier 'FunctionRestrict'",False,60,MIL.C04_Sets_and_Functions.solutions.Solutions_S01_Sets,Qwen-7B-long,LENGTH,best_of_n,False,0,-1.0,CH04.t9,False
-1,False,4,"theorem t9 (h₀ : ∀ x ∈ t, ¬Even x) (h₁ : ∀ x ∈ t, Prime x) (ssubt : s ⊆ t) : ∀ x ∈ s, ¬Even x ∧ Prime x := by
  intro x xs
  constructor
  · apply h₀ x (ssubt xs)
  apply h₁ x (ssubt xs)

",,True,-1,"theorem t9 (h₀ : ∀ x ∈ t, ¬Even x) (h₁ : ∀ x ∈ t, Prime x) (ssubt : s ⊆ t) : ∀ x ∈ s, ¬Even x ∧ Prime x :=
  ssubt.prod_mono fun x xs ↦ (h₀ x xs, h₁ x xs)
","💥️invalid field 'prod_mono', the environment does not contain 'HasSubset.Subset.prod_mono'
  ssubt
has type
  s ⊆ t

💥️invalid field 'prod_mono', the environment does not contain 'LE.le.prod_mono'
  ssubt
has type
  s ≤ t

💥️invalid field 'prod_mono', the environment does not contain 'Set.Subset.prod_mono'
  ssubt
has type
  s.Subset t

💥️invalid field notation, type is not of the form (C ...) where C is a constant
  ssubt
has type
  ?m.6319 ∈ s → ?m.6319 ∈ t",False,60,MIL.C04_Sets_and_Functions.solutions.Solutions_S01_Sets,Qwen-7B-long,LENGTH,best_of_n,False,0,-1.0,CH04.t9,False
-1,False,4,"theorem t9 (h₀ : ∀ x ∈ t, ¬Even x) (h₁ : ∀ x ∈ t, Prime x) (ssubt : s ⊆ t) : ∀ x ∈ s, ¬Even x ∧ Prime x := by
  intro x xs
  constructor
  · apply h₀ x (ssubt xs)
  apply h₁ x (ssubt xs)

",,True,4,"theorem t9 (h₀ : ∀ x ∈ t, ¬Even x) (h₁ : ∀ x ∈ t, Prime x) (ssubt : s ⊆ t) : ∀ x ∈ s, ¬Even x ∧ Prime x := by
  rintro x xs
  constructor
  · apply h₀ x (ssubt xs)
  · apply h₁ x (ssubt xs)
",,True,60,MIL.C04_Sets_and_Functions.solutions.Solutions_S01_Sets,Qwen-7B-long,LENGTH,best_of_n,False,0,0.0,CH04.t9,False
-1,False,4,"theorem t9 (h₀ : ∀ x ∈ t, ¬Even x) (h₁ : ∀ x ∈ t, Prime x) (ssubt : s ⊆ t) : ∀ x ∈ s, ¬Even x ∧ Prime x := by
  intro x xs
  constructor
  · apply h₀ x (ssubt xs)
  apply h₁ x (ssubt xs)

",,True,-1,"theorem t9 (h₀ : ∀ x ∈ t, ¬Even x) (h₁ : ∀ x ∈ t, Prime x) (ssubt : s ⊆ t) : ∀ x ∈ s, ¬Even x ∧ Prime x :=
  (h₀ x (ssubt xs)).pairwise h₁ x (ssubt xs)
","💥️unknown identifier 'x'

💥️unknown identifier 'xs'",False,60,MIL.C04_Sets_and_Functions.solutions.Solutions_S01_Sets,Qwen-7B-long,LENGTH,best_of_n,False,0,-1.0,CH04.t9,False
-1,False,4,"theorem t9 (h₀ : ∀ x ∈ t, ¬Even x) (h₁ : ∀ x ∈ t, Prime x) (ssubt : s ⊆ t) : ∀ x ∈ s, ¬Even x ∧ Prime x := by
  intro x xs
  constructor
  · apply h₀ x (ssubt xs)
  apply h₁ x (ssubt xs)

",,True,0,"theorem t9 (h₀ : ∀ x ∈ t, ¬Even x) (h₁ : ∀ x ∈ t, Prime x) (ssubt : s ⊆ t) : ∀ x ∈ s, ¬Even x ∧ Prime x :=
  fun x xs => ⟨h₀ x (ssubt xs), h₁ x (ssubt xs)⟩

",,True,60,MIL.C04_Sets_and_Functions.solutions.Solutions_S01_Sets,Qwen-7B-long,LENGTH,best_of_n,False,0,1.0,CH04.t9,False
-1,False,4,"theorem t9 (h₀ : ∀ x ∈ t, ¬Even x) (h₁ : ∀ x ∈ t, Prime x) (ssubt : s ⊆ t) : ∀ x ∈ s, ¬Even x ∧ Prime x := by
  intro x xs
  constructor
  · apply h₀ x (ssubt xs)
  apply h₁ x (ssubt xs)

",,True,2,"theorem t9 (h₀ : ∀ x ∈ t, ¬Even x) (h₁ : ∀ x ∈ t, Prime x) (ssubt : s ⊆ t) : ∀ x ∈ s, ¬Even x ∧ Prime x := by
  rintro x xs
  exact ⟨h₀ x (ssubt xs), h₁ x (ssubt xs)⟩


",,True,60,MIL.C04_Sets_and_Functions.solutions.Solutions_S01_Sets,Qwen-7B-long,LENGTH,best_of_n,False,0,0.5,CH04.t9,False
-1,False,4,"theorem t9 (h₀ : ∀ x ∈ t, ¬Even x) (h₁ : ∀ x ∈ t, Prime x) (ssubt : s ⊆ t) : ∀ x ∈ s, ¬Even x ∧ Prime x := by
  intro x xs
  constructor
  · apply h₀ x (ssubt xs)
  apply h₁ x (ssubt xs)

",,True,4,"theorem t9 (h₀ : ∀ x ∈ t, ¬Even x) (h₁ : ∀ x ∈ t, Prime x) (ssubt : s ⊆ t) : ∀ x ∈ s, ¬Even x ∧ Prime x := by
  intro x xs
  constructor
  exact h₀ x (ssubt xs)
  exact h₁ x (ssubt xs)
",,True,60,MIL.C04_Sets_and_Functions.solutions.Solutions_S01_Sets,Qwen-7B-long,LENGTH,best_of_n,False,0,0.0,CH04.t9,False
-1,False,4,"theorem t9 (h₀ : ∀ x ∈ t, ¬Even x) (h₁ : ∀ x ∈ t, Prime x) (ssubt : s ⊆ t) : ∀ x ∈ s, ¬Even x ∧ Prime x := by
  intro x xs
  constructor
  · apply h₀ x (ssubt xs)
  apply h₁ x (ssubt xs)

",,True,-1,"theorem t9 (h₀ : ∀ x ∈ t, ¬Even x) (h₁ : ∀ x ∈ t, Prime x) (ssubt : s ⊆ t) : ∀ x ∈ s, ¬Even x ∧ Prime x :=
  map_infdd h₀ h₁ fun _ x hx ↦ (h₀ x (ssubt hx), h₁ x (ssubt hx))
",💥️unknown identifier 'map_infdd',False,60,MIL.C04_Sets_and_Functions.solutions.Solutions_S01_Sets,Qwen-7B-long,LENGTH,best_of_n,False,0,-1.0,CH04.t9,False
-1,False,4,"theorem t9 (h₀ : ∀ x ∈ t, ¬Even x) (h₁ : ∀ x ∈ t, Prime x) (ssubt : s ⊆ t) : ∀ x ∈ s, ¬Even x ∧ Prime x := by
  intro x xs
  constructor
  · apply h₀ x (ssubt xs)
  apply h₁ x (ssubt xs)

",,True,-1,"theorem t9 (h₀ : ∀ x ∈ t, ¬Even x) (h₁ : ∀ x ∈ t, Prime x) (ssubt : s ⊆ t) : ∀ x ∈ s, ¬Even x ∧ Prime x :=
  fun x xs ↦ (h₁ x (ssubt xs), h₀ x (ssubt xs))","💥️type mismatch
  (?m.6346, ?m.6362)
has type
  ?m.6327 × ?m.6328 : Type (max ?u.6326 ?u.6325)
but is expected to have type
  ¬Even x ∧ Prime x : Prop

💥️application type mismatch
  (?m.6346, ⋯)
argument
  h₀ x (ssubt xs)
has type
  ¬Even x : Prop
but is expected to have type
  ?m.6328 : Type ?u.6325",False,60,MIL.C04_Sets_and_Functions.solutions.Solutions_S01_Sets,Qwen-7B-long,LENGTH,best_of_n,False,0,-1.0,CH04.t9,False
-1,False,4,"theorem t9 (h₀ : ∀ x ∈ t, ¬Even x) (h₁ : ∀ x ∈ t, Prime x) (ssubt : s ⊆ t) : ∀ x ∈ s, ¬Even x ∧ Prime x := by
  intro x xs
  constructor
  · apply h₀ x (ssubt xs)
  apply h₁ x (ssubt xs)

",,True,-1,"theorem t9 (h₀ : ∀ x ∈ t, ¬Even x) (h₁ : ∀ x ∈ t, Prime x) (ssubt : s ⊆ t) : ∀ x ∈ s, ¬Even x ∧ Prime x := by
  intro x xs
  constructor hs h
  · exact h₀ x (ssubt hs)
  · exact h₁ x (ssubt hs)


","💥️unsolved goals
case left
s t : Set ℕ
h₀ : ∀ x ∈ t, ¬Even x
h₁ : ∀ x ∈ t, Prime x
ssubt : s ⊆ t
x : ℕ
xs : x ∈ s
⊢ ¬Even x

case right
s t : Set ℕ
h₀ : ∀ x ∈ t, ¬Even x
h₁ : ∀ x ∈ t, Prime x
ssubt : s ⊆ t
x : ℕ
xs : x ∈ s
⊢ Prime x",False,60,MIL.C04_Sets_and_Functions.solutions.Solutions_S01_Sets,Qwen-7B-long,LENGTH,best_of_n,False,0,-1.0,CH04.t9,False
-1,False,4,"theorem t9 (h₀ : ∀ x ∈ t, ¬Even x) (h₁ : ∀ x ∈ t, Prime x) (ssubt : s ⊆ t) : ∀ x ∈ s, ¬Even x ∧ Prime x := by
  intro x xs
  constructor
  · apply h₀ x (ssubt xs)
  apply h₁ x (ssubt xs)

",,True,0,"theorem t9 (h₀ : ∀ x ∈ t, ¬Even x) (h₁ : ∀ x ∈ t, Prime x) (ssubt : s ⊆ t) : ∀ x ∈ s, ¬Even x ∧ Prime x :=
  fun x xs ↦ ⟨h₀ x (ssubt xs), h₁ x (ssubt xs)⟩


",,True,60,MIL.C04_Sets_and_Functions.solutions.Solutions_S01_Sets,Qwen-7B-long,LENGTH,best_of_n,False,0,1.0,CH04.t9,False
-1,False,4,"theorem t9 (h₀ : ∀ x ∈ t, ¬Even x) (h₁ : ∀ x ∈ t, Prime x) (ssubt : s ⊆ t) : ∀ x ∈ s, ¬Even x ∧ Prime x := by
  intro x xs
  constructor
  · apply h₀ x (ssubt xs)
  apply h₁ x (ssubt xs)

",,True,4,"theorem t9 (h₀ : ∀ x ∈ t, ¬Even x) (h₁ : ∀ x ∈ t, Prime x) (ssubt : s ⊆ t) : ∀ x ∈ s, ¬Even x ∧ Prime x := by
  intro x xs
  constructor
  · apply h₀ x (ssubt xs)
  · apply h₁ x (ssubt xs)
",,True,60,MIL.C04_Sets_and_Functions.solutions.Solutions_S01_Sets,Qwen-7B-long,LENGTH,best_of_n,False,0,0.0,CH04.t9,False
-1,False,4,"theorem t9 (h₀ : ∀ x ∈ t, ¬Even x) (h₁ : ∀ x ∈ t, Prime x) (ssubt : s ⊆ t) : ∀ x ∈ s, ¬Even x ∧ Prime x := by
  intro x xs
  constructor
  · apply h₀ x (ssubt xs)
  apply h₁ x (ssubt xs)

",,True,-1,"theorem t9 (h₀ : ∀ x ∈ t, ¬Even x) (h₁ : ∀ x ∈ t, Prime x) (ssubt : s ⊆ t) : ∀ x ∈ s, ¬Even x ∧ Prime x := by
  intro x xs
  constructor
  · exact h₀ x (ssubt hx)
  exact h₁ x (ssubt hx)

","💥️unknown identifier 'hx'

💥️unknown identifier 'hx'",False,60,MIL.C04_Sets_and_Functions.solutions.Solutions_S01_Sets,Qwen-7B-long,LENGTH,best_of_n,False,0,-1.0,CH04.t9,False
-1,False,4,"theorem t9 (h₀ : ∀ x ∈ t, ¬Even x) (h₁ : ∀ x ∈ t, Prime x) (ssubt : s ⊆ t) : ∀ x ∈ s, ¬Even x ∧ Prime x := by
  intro x xs
  constructor
  · apply h₀ x (ssubt xs)
  apply h₁ x (ssubt xs)

",,True,-1,"@[deprecated t9 (since := ""2024-10-05"")]
theorem t9 (h₀ : ∀ x ∈ t, ¬Even x) (h₁ : ∀ x ∈ t, Prime x) (ssubt : s ⊆ t) : ∀ x ∈ s, ¬Even x ∧ Prime x :=
  t9 h₀ h₁ fun x xs ↦ by simp only [not_and_or, not_even]
","💥️unknown identifier 'not_even'

💥️simp made no progress

💥️fail to show termination for
  CH04.t9
with errors
failed to infer structural recursion:
Not considering parameter s of CH04.t9:
  it is unchanged in the recursive calls
Not considering parameter t of CH04.t9:
  it is unchanged in the recursive calls
Not considering parameter h₀ of CH04.t9:
  it is unchanged in the recursive calls
Not considering parameter h₁ of CH04.t9:
  it is unchanged in the recursive calls
Not considering parameter ssubt of CH04.t9:
  its type is not an inductive
no parameters suitable for structural recursion

Could not find a decreasing measure.
The arguments relate at each recursive call as follows:
(<, ≤, =: relation proved, ? all proofs failed, _: no proof attempted)
          
1) 98:2-57
Please use `termination_by` to specify a decreasing measure.",False,60,MIL.C04_Sets_and_Functions.solutions.Solutions_S01_Sets,Qwen-7B-long,LENGTH,best_of_n,False,0,-1.0,CH04.t9,False
-1,False,4,"theorem t9 (h₀ : ∀ x ∈ t, ¬Even x) (h₁ : ∀ x ∈ t, Prime x) (ssubt : s ⊆ t) : ∀ x ∈ s, ¬Even x ∧ Prime x := by
  intro x xs
  constructor
  · apply h₀ x (ssubt xs)
  apply h₁ x (ssubt xs)

",,True,0,"theorem t9 (h₀ : ∀ x ∈ t, ¬Even x) (h₁ : ∀ x ∈ t, Prime x) (ssubt : s ⊆ t) : ∀ x ∈ s, ¬Even x ∧ Prime x :=
  fun x xs ↦ ⟨h₀ x (ssubt xs), h₁ x (ssubt xs)⟩

",,True,60,MIL.C04_Sets_and_Functions.solutions.Solutions_S01_Sets,Qwen-7B-long,LENGTH,best_of_n,False,0,1.0,CH04.t9,False
-1,False,4,"theorem t9 (h₀ : ∀ x ∈ t, ¬Even x) (h₁ : ∀ x ∈ t, Prime x) (ssubt : s ⊆ t) : ∀ x ∈ s, ¬Even x ∧ Prime x := by
  intro x xs
  constructor
  · apply h₀ x (ssubt xs)
  apply h₁ x (ssubt xs)

",,True,0,"theorem t9 (h₀ : ∀ x ∈ t, ¬Even x) (h₁ : ∀ x ∈ t, Prime x) (ssubt : s ⊆ t) : ∀ x ∈ s, ¬Even x ∧ Prime x :=
  fun x xs ↦ ⟨h₀ x (ssubt xs), h₁ x (ssubt xs)⟩
",,True,60,MIL.C04_Sets_and_Functions.solutions.Solutions_S01_Sets,Qwen-7B-long,LENGTH,best_of_n,False,0,1.0,CH04.t9,False
-1,False,4,"theorem t9 (h₀ : ∀ x ∈ t, ¬Even x) (h₁ : ∀ x ∈ t, Prime x) (ssubt : s ⊆ t) : ∀ x ∈ s, ¬Even x ∧ Prime x := by
  intro x xs
  constructor
  · apply h₀ x (ssubt xs)
  apply h₁ x (ssubt xs)

",,True,4,"theorem t9 (h₀ : ∀ x ∈ t, ¬Even x) (h₁ : ∀ x ∈ t, Prime x) (ssubt : s ⊆ t) : ∀ x ∈ s, ¬Even x ∧ Prime x := by
  intro x xs
  constructor
  · apply h₀ x (ssubt xs)
  · apply h₁ x (ssubt xs)
",,True,60,MIL.C04_Sets_and_Functions.solutions.Solutions_S01_Sets,Qwen-7B-long,LENGTH,best_of_n,False,0,0.0,CH04.t9,False
-1,False,4,"theorem t9 (h₀ : ∀ x ∈ t, ¬Even x) (h₁ : ∀ x ∈ t, Prime x) (ssubt : s ⊆ t) : ∀ x ∈ s, ¬Even x ∧ Prime x := by
  intro x xs
  constructor
  · apply h₀ x (ssubt xs)
  apply h₁ x (ssubt xs)

",,True,-1,"theorem t9 (h₀ : ∀ x ∈ t, ¬Even x) (h₁ : ∀ x ∈ t, Prime x) (ssubt : s ⊆ t) : ∀ x ∈ s, ¬Even x ∧ Prime x :=
  fun x xs ↦ (h₀ x (ssubt xs), h₁ x (ssubt xs))
","💥️type mismatch
  (?m.6349, ?m.6362)
has type
  ?m.6327 × ?m.6328 : Type (max ?u.6326 ?u.6325)
but is expected to have type
  ¬Even x ∧ Prime x : Prop

💥️application type mismatch
  (?m.6349, ⋯)
argument
  h₁ x (ssubt xs)
has type
  Prime x : Prop
but is expected to have type
  ?m.6328 : Type ?u.6325",False,60,MIL.C04_Sets_and_Functions.solutions.Solutions_S01_Sets,Qwen-7B-long,LENGTH,best_of_n,False,0,-1.0,CH04.t9,False
-1,False,4,"theorem t9 (h₀ : ∀ x ∈ t, ¬Even x) (h₁ : ∀ x ∈ t, Prime x) (ssubt : s ⊆ t) : ∀ x ∈ s, ¬Even x ∧ Prime x := by
  intro x xs
  constructor
  · apply h₀ x (ssubt xs)
  apply h₁ x (ssubt xs)

",,True,4,"theorem t9 (h₀ : ∀ x ∈ t, ¬Even x) (h₁ : ∀ x ∈ t, Prime x) (ssubt : s ⊆ t) : ∀ x ∈ s, ¬Even x ∧ Prime x := by
  intro x xs
  constructor
  · exact h₀ x (ssubt xs)
  · exact h₁ x (ssubt xs)
",,True,60,MIL.C04_Sets_and_Functions.solutions.Solutions_S01_Sets,Qwen-7B-long,LENGTH,best_of_n,False,0,0.0,CH04.t9,False
-1,False,4,"theorem t9 (h₀ : ∀ x ∈ t, ¬Even x) (h₁ : ∀ x ∈ t, Prime x) (ssubt : s ⊆ t) : ∀ x ∈ s, ¬Even x ∧ Prime x := by
  intro x xs
  constructor
  · apply h₀ x (ssubt xs)
  apply h₁ x (ssubt xs)

",,True,4,"theorem t9 (h₀ : ∀ x ∈ t, ¬Even x) (h₁ : ∀ x ∈ t, Prime x) (ssubt : s ⊆ t) : ∀ x ∈ s, ¬Even x ∧ Prime x := by
  intro x xs
  constructor
  · exact h₀ x (ssubt xs)
  · exact h₁ x (ssubt xs)


",,True,60,MIL.C04_Sets_and_Functions.solutions.Solutions_S01_Sets,Qwen-7B-long,LENGTH,best_of_n,False,0,0.0,CH04.t9,False
-1,False,4,"theorem t9 (h₀ : ∀ x ∈ t, ¬Even x) (h₁ : ∀ x ∈ t, Prime x) (ssubt : s ⊆ t) : ∀ x ∈ s, ¬Even x ∧ Prime x := by
  intro x xs
  constructor
  · apply h₀ x (ssubt xs)
  apply h₁ x (ssubt xs)

",,True,-1,"theorem t9 (h₀ : ∀ x ∈ t, ¬Even x) (h₁ : ∀ x ∈ t, Prime x) (ssubt : s ⊆ t) : ∀ x ∈ s, ¬Even x ∧ Prime x :=
  t9_iff.2 (fun x xs ↦ ⟨h₀ x (ssubt xs), h₁ x (ssubt xs)⟩)
",💥️unknown identifier 't9_iff',False,60,MIL.C04_Sets_and_Functions.solutions.Solutions_S01_Sets,Qwen-7B-long,LENGTH,best_of_n,False,0,-1.0,CH04.t9,False
-1,False,4,"theorem t9 (h₀ : ∀ x ∈ t, ¬Even x) (h₁ : ∀ x ∈ t, Prime x) (ssubt : s ⊆ t) : ∀ x ∈ s, ¬Even x ∧ Prime x := by
  intro x xs
  constructor
  · apply h₀ x (ssubt xs)
  apply h₁ x (ssubt xs)

",,True,-1,"theorem t9 (h₀ : ∀ x ∈ t, ¬Even x) (h₁ : ∀ x ∈ t, Prime x) (ssubt : s ⊆ t) : ∀ x ∈ s, ¬Even x ∧ Prime x := by
  intro x xs
  constructor <;>
  apply h₁ x (ssubt xs) <;>
  apply h₀ x (ssubt xs)
","💥️tactic 'apply' failed, failed to unify
  Prime x
with
  ¬Even x
case left
s t : Set ℕ
h₀ : ∀ x ∈ t, ¬Even x
h₁ : ∀ x ∈ t, Prime x
ssubt : s ⊆ t
x : ℕ
xs : x ∈ s
⊢ ¬Even x",False,60,MIL.C04_Sets_and_Functions.solutions.Solutions_S01_Sets,Qwen-7B-long,LENGTH,best_of_n,False,0,-1.0,CH04.t9,False
-1,False,4,"theorem t9 (h₀ : ∀ x ∈ t, ¬Even x) (h₁ : ∀ x ∈ t, Prime x) (ssubt : s ⊆ t) : ∀ x ∈ s, ¬Even x ∧ Prime x := by
  intro x xs
  constructor
  · apply h₀ x (ssubt xs)
  apply h₁ x (ssubt xs)

",,True,4,"theorem t9 (h₀ : ∀ x ∈ t, ¬Even x) (h₁ : ∀ x ∈ t, Prime x) (ssubt : s ⊆ t) : ∀ x ∈ s, ¬Even x ∧ Prime x := by
  intro x xs
  constructor
  · apply h₀ x (ssubt xs)
  · apply h₁ x (ssubt xs)

",,True,60,MIL.C04_Sets_and_Functions.solutions.Solutions_S01_Sets,Qwen-7B-long,LENGTH,best_of_n,False,0,0.0,CH04.t9,False
-1,False,4,"theorem t9 (h₀ : ∀ x ∈ t, ¬Even x) (h₁ : ∀ x ∈ t, Prime x) (ssubt : s ⊆ t) : ∀ x ∈ s, ¬Even x ∧ Prime x := by
  intro x xs
  constructor
  · apply h₀ x (ssubt xs)
  apply h₁ x (ssubt xs)

",,True,4,"theorem t9 (h₀ : ∀ x ∈ t, ¬Even x) (h₁ : ∀ x ∈ t, Prime x) (ssubt : s ⊆ t) : ∀ x ∈ s, ¬Even x ∧ Prime x := by
  intro x xs
  constructor
  · apply h₀ x (ssubt xs)
  apply h₁ x (ssubt xs)

",,True,60,MIL.C04_Sets_and_Functions.solutions.Solutions_S01_Sets,Qwen-7B-long,LENGTH,best_of_n,False,0,0.0,CH04.t9,False
-1,False,4,"theorem t9 (h₀ : ∀ x ∈ t, ¬Even x) (h₁ : ∀ x ∈ t, Prime x) (ssubt : s ⊆ t) : ∀ x ∈ s, ¬Even x ∧ Prime x := by
  intro x xs
  constructor
  · apply h₀ x (ssubt xs)
  apply h₁ x (ssubt xs)

",,True,4,"theorem t9 (h₀ : ∀ x ∈ t, ¬Even x) (h₁ : ∀ x ∈ t, Prime x) (ssubt : s ⊆ t) : ∀ x ∈ s, ¬Even x ∧ Prime x := by
  intro x xs
  constructor
  · apply h₀ x (ssubt xs)
  apply h₁ x (ssubt xs)
",,True,60,MIL.C04_Sets_and_Functions.solutions.Solutions_S01_Sets,Qwen-7B-long,LENGTH,best_of_n,False,0,0.0,CH04.t9,False
-1,False,4,"theorem t9 (h₀ : ∀ x ∈ t, ¬Even x) (h₁ : ∀ x ∈ t, Prime x) (ssubt : s ⊆ t) : ∀ x ∈ s, ¬Even x ∧ Prime x := by
  intro x xs
  constructor
  · apply h₀ x (ssubt xs)
  apply h₁ x (ssubt xs)

",,True,-1,"theorem t9 (h₀ : ∀ x ∈ t, ¬Even x) (h₁ : ∀ x ∈ t, Prime x) (ssubt : s ⊆ t) : ∀ x ∈ s, ¬Even x ∧ Prime x := by
  simp_rw [Int.dvd] at ssubt
  intro x xs
  constructor
  · apply h₀ x (Int.ofSubt_divMem ssubt h₁) -- h₁ ensures that x is in t
  · apply h₁ x (Int.ofSubt_divMem ssubt h₀) -- h₀ ensures that x is in t
  (This is not necessary, as h₀ and h₁ already ensure x ∈ t)


",💥️unknown tactic,False,60,MIL.C04_Sets_and_Functions.solutions.Solutions_S01_Sets,Qwen-7B-long,LENGTH,best_of_n,False,0,-1.0,CH04.t9,False
-1,False,4,"theorem t9 (h₀ : ∀ x ∈ t, ¬Even x) (h₁ : ∀ x ∈ t, Prime x) (ssubt : s ⊆ t) : ∀ x ∈ s, ¬Even x ∧ Prime x := by
  intro x xs
  constructor
  · apply h₀ x (ssubt xs)
  apply h₁ x (ssubt xs)

",,True,2,"theorem t9 (h₀ : ∀ x ∈ t, ¬Even x) (h₁ : ∀ x ∈ t, Prime x) (ssubt : s ⊆ t) : ∀ x ∈ s, ¬Even x ∧ Prime x := by
  intro x xs
  exact ⟨h₀ x (ssubt xs), h₁ x (ssubt xs)⟩
",,True,60,MIL.C04_Sets_and_Functions.solutions.Solutions_S01_Sets,Qwen-7B-long,LENGTH,best_of_n,False,0,0.5,CH04.t9,False
-1,False,4,"theorem t9 (h₀ : ∀ x ∈ t, ¬Even x) (h₁ : ∀ x ∈ t, Prime x) (ssubt : s ⊆ t) : ∀ x ∈ s, ¬Even x ∧ Prime x := by
  intro x xs
  constructor
  · apply h₀ x (ssubt xs)
  apply h₁ x (ssubt xs)

",,True,4,"theorem t9 (h₀ : ∀ x ∈ t, ¬Even x) (h₁ : ∀ x ∈ t, Prime x) (ssubt : s ⊆ t) : ∀ x ∈ s, ¬Even x ∧ Prime x := by
  intro x xs
  constructor
  · apply h₀ x (ssubt xs)
  · apply h₁ x (ssubt xs)

",,True,60,MIL.C04_Sets_and_Functions.solutions.Solutions_S01_Sets,Qwen-7B-long,LENGTH,best_of_n,False,0,0.0,CH04.t9,False
-1,False,4,"theorem t9 (h₀ : ∀ x ∈ t, ¬Even x) (h₁ : ∀ x ∈ t, Prime x) (ssubt : s ⊆ t) : ∀ x ∈ s, ¬Even x ∧ Prime x := by
  intro x xs
  constructor
  · apply h₀ x (ssubt xs)
  apply h₁ x (ssubt xs)

",,True,0,"theorem t9 (h₀ : ∀ x ∈ t, ¬Even x) (h₁ : ∀ x ∈ t, Prime x) (ssubt : s ⊆ t) : ∀ x ∈ s, ¬Even x ∧ Prime x :=
  fun x xs ↦ ⟨h₀ x (ssubt xs), h₁ x (ssubt xs)⟩
",,True,60,MIL.C04_Sets_and_Functions.solutions.Solutions_S01_Sets,Qwen-7B-long,LENGTH,best_of_n,False,0,1.0,CH04.t9,False
-1,False,4,"theorem t9 (h₀ : ∀ x ∈ t, ¬Even x) (h₁ : ∀ x ∈ t, Prime x) (ssubt : s ⊆ t) : ∀ x ∈ s, ¬Even x ∧ Prime x := by
  intro x xs
  constructor
  · apply h₀ x (ssubt xs)
  apply h₁ x (ssubt xs)

",,True,4,"theorem t9 (h₀ : ∀ x ∈ t, ¬Even x) (h₁ : ∀ x ∈ t, Prime x) (ssubt : s ⊆ t) : ∀ x ∈ s, ¬Even x ∧ Prime x := by
  intro x xs
  constructor
  · apply h₀ x (ssubt xs)
  apply h₁ x (ssubt xs)
",,True,60,MIL.C04_Sets_and_Functions.solutions.Solutions_S01_Sets,Qwen-7B-long,LENGTH,best_of_n,False,0,0.0,CH04.t9,False
-1,False,4,"theorem t9 (h₀ : ∀ x ∈ t, ¬Even x) (h₁ : ∀ x ∈ t, Prime x) (ssubt : s ⊆ t) : ∀ x ∈ s, ¬Even x ∧ Prime x := by
  intro x xs
  constructor
  · apply h₀ x (ssubt xs)
  apply h₁ x (ssubt xs)

",,True,-1,"theorem t9 (h₀ : ∀ x ∈ t, ¬Even x) (h₁ : ∀ x ∈ t, Prime x) (ssubt : s ⊆ t) : ∀ x ∈ s, ¬Even x ∧ Prime x :=
  (h₀ x (ssubt xs)).pair h₁ xs


","💥️unknown identifier 'x'

💥️unknown identifier 'xs'",False,60,MIL.C04_Sets_and_Functions.solutions.Solutions_S01_Sets,Qwen-7B-long,LENGTH,best_of_n,False,0,-1.0,CH04.t9,False
-1,False,4,"theorem t9 (h₀ : ∀ x ∈ t, ¬Even x) (h₁ : ∀ x ∈ t, Prime x) (ssubt : s ⊆ t) : ∀ x ∈ s, ¬Even x ∧ Prime x := by
  intro x xs
  constructor
  · apply h₀ x (ssubt xs)
  apply h₁ x (ssubt xs)

",,True,-1,"theorem t9 (h₀ : ∀ x ∈ t, ¬Even x) (h₁ : ∀ x ∈ t, Prime x) (ssubt : s ⊆ t) : ∀ x ∈ s, ¬Even x ∧ Prime x := by
  rintro _ ↦ ⟨h₀ x (ssubt x), h₁ x (ssubt x)⟩
","💥️unsolved goals
s t : Set ℕ
h₀ : ∀ x ∈ t, ¬Even x
h₁ : ∀ x ∈ t, Prime x
ssubt : s ⊆ t
x✝ : ℕ
⊢ x✝ ∈ s → ¬Even x✝ ∧ Prime x✝",False,60,MIL.C04_Sets_and_Functions.solutions.Solutions_S01_Sets,Qwen-7B-long,LENGTH,best_of_n,False,0,-1.0,CH04.t9,False
-1,False,4,"theorem t9 (h₀ : ∀ x ∈ t, ¬Even x) (h₁ : ∀ x ∈ t, Prime x) (ssubt : s ⊆ t) : ∀ x ∈ s, ¬Even x ∧ Prime x := by
  intro x xs
  constructor
  · apply h₀ x (ssubt xs)
  apply h₁ x (ssubt xs)

",,True,-1,"theorem t9 (h₀ : ∀ x ∈ t, ¬Even x) (h₁ : ∀ x ∈ t, Prime x) (ssubt : s ⊆ t) : ∀ x ∈ s, ¬Even x ∧ Prime x := by
  intros
  constructor
  · exact h₀ x (ssubt xs)
  exact h₁ x (ssubt xs)


","💥️unknown identifier 'x'

💥️unknown identifier 'xs'

💥️unknown identifier 'x'

💥️unknown identifier 'xs'",False,60,MIL.C04_Sets_and_Functions.solutions.Solutions_S01_Sets,Qwen-7B-long,LENGTH,best_of_n,False,0,-1.0,CH04.t9,False
-1,False,4,"theorem t9 (h₀ : ∀ x ∈ t, ¬Even x) (h₁ : ∀ x ∈ t, Prime x) (ssubt : s ⊆ t) : ∀ x ∈ s, ¬Even x ∧ Prime x := by
  intro x xs
  constructor
  · apply h₀ x (ssubt xs)
  apply h₁ x (ssubt xs)

",,True,1,"theorem t9 (h₀ : ∀ x ∈ t, ¬Even x) (h₁ : ∀ x ∈ t, Prime x) (ssubt : s ⊆ t) : ∀ x ∈ s, ¬Even x ∧ Prime x := by
  exact fun x xs ↦ ⟨h₀ x (ssubt xs), h₁ x (ssubt xs)⟩

",,True,60,MIL.C04_Sets_and_Functions.solutions.Solutions_S01_Sets,Qwen-7B-long,LENGTH,best_of_n,False,0,0.75,CH04.t9,False
-1,False,4,"theorem t9 (h₀ : ∀ x ∈ t, ¬Even x) (h₁ : ∀ x ∈ t, Prime x) (ssubt : s ⊆ t) : ∀ x ∈ s, ¬Even x ∧ Prime x := by
  intro x xs
  constructor
  · apply h₀ x (ssubt xs)
  apply h₁ x (ssubt xs)

",,True,0,"theorem t9 (h₀ : ∀ x ∈ t, ¬Even x) (h₁ : ∀ x ∈ t, Prime x) (ssubt : s ⊆ t) : ∀ x ∈ s, ¬Even x ∧ Prime x :=
  fun x xs ↦ ⟨h₀ x (ssubt xs), h₁ x (ssubt xs)⟩


",,True,60,MIL.C04_Sets_and_Functions.solutions.Solutions_S01_Sets,Qwen-7B-long,LENGTH,best_of_n,False,0,1.0,CH04.t9,False
-1,False,4,"theorem t9 (h₀ : ∀ x ∈ t, ¬Even x) (h₁ : ∀ x ∈ t, Prime x) (ssubt : s ⊆ t) : ∀ x ∈ s, ¬Even x ∧ Prime x := by
  intro x xs
  constructor
  · apply h₀ x (ssubt xs)
  apply h₁ x (ssubt xs)

",,True,2,"theorem t9 (h₀ : ∀ x ∈ t, ¬Even x) (h₁ : ∀ x ∈ t, Prime x) (ssubt : s ⊆ t) : ∀ x ∈ s, ¬Even x ∧ Prime x := by
  intro x xs
  exact ⟨h₀ x (ssubt xs), h₁ x (ssubt xs)⟩
",,True,60,MIL.C04_Sets_and_Functions.solutions.Solutions_S01_Sets,Qwen-7B-long,LENGTH,best_of_n,False,0,0.5,CH04.t9,False
-1,False,4,"theorem t9 (h₀ : ∀ x ∈ t, ¬Even x) (h₁ : ∀ x ∈ t, Prime x) (ssubt : s ⊆ t) : ∀ x ∈ s, ¬Even x ∧ Prime x := by
  intro x xs
  constructor
  · apply h₀ x (ssubt xs)
  apply h₁ x (ssubt xs)

",,True,4,"theorem t9 (h₀ : ∀ x ∈ t, ¬Even x) (h₁ : ∀ x ∈ t, Prime x) (ssubt : s ⊆ t) : ∀ x ∈ s, ¬Even x ∧ Prime x := by
  intro x xs
  constructor
  · apply h₀ x (ssubt xs)
  · exact h₁ x (ssubt xs)
",,True,60,MIL.C04_Sets_and_Functions.solutions.Solutions_S01_Sets,Qwen-7B-long,LENGTH,best_of_n,False,0,0.0,CH04.t9,False
-1,False,4,"theorem t9 (h₀ : ∀ x ∈ t, ¬Even x) (h₁ : ∀ x ∈ t, Prime x) (ssubt : s ⊆ t) : ∀ x ∈ s, ¬Even x ∧ Prime x := by
  intro x xs
  constructor
  · apply h₀ x (ssubt xs)
  apply h₁ x (ssubt xs)

",,True,-1,"theorem t9 (h₀ : ∀ x ∈ t, ¬Even x) (h₁ : ∀ x ∈ t, Prime x) (ssubt : s ⊆ t) : ∀ x ∈ s, ¬Even x ∧ Prime x :=
  fun x xs ↦ h₀ x (ssubt xs) ∧ h₁ x (ssubt xs)
","💥️application type mismatch
  And ⋯
argument
  h₀ x (ssubt xs)
has type
  ¬Even x : Prop
but is expected to have type
  Prop : Type",False,60,MIL.C04_Sets_and_Functions.solutions.Solutions_S01_Sets,Qwen-7B-long,LENGTH,best_of_n,False,0,-1.0,CH04.t9,False
-1,False,4,"theorem t9 (h₀ : ∀ x ∈ t, ¬Even x) (h₁ : ∀ x ∈ t, Prime x) (ssubt : s ⊆ t) : ∀ x ∈ s, ¬Even x ∧ Prime x := by
  intro x xs
  constructor
  · apply h₀ x (ssubt xs)
  apply h₁ x (ssubt xs)

",,True,-1,"theorem t9 (h₀ : ∀ x ∈ t, ¬Even x) (h₁ : ∀ x ∈ t, Prime x) (ssubt : s ⊆ t) : ∀ x ∈ s, ¬Even x ∧ Prime x := by
  simp only [and_left_comm simpaReady_iff w← image_singleton_iff, t_and, t_not, tforall, filter_subset_iff, implies_true_of_false, not_quotient_iff, not_prime_iff, odd_iff_not_even, one_is_prime]
  exact fun x xs => h₀ x (ssubt xs) ∧ h₁ x (ssubt xs)

","💥️unexpected token '←'; expected ']'

💥️function expected at
  and_left_comm
term has type
  ?m.6332 ∧ ?m.6333 ∧ ?m.6334 ↔ ?m.6333 ∧ ?m.6332 ∧ ?m.6334",False,60,MIL.C04_Sets_and_Functions.solutions.Solutions_S01_Sets,Qwen-7B-long,LENGTH,best_of_n,False,0,-1.0,CH04.t9,False
-1,False,4,"theorem t9 (h₀ : ∀ x ∈ t, ¬Even x) (h₁ : ∀ x ∈ t, Prime x) (ssubt : s ⊆ t) : ∀ x ∈ s, ¬Even x ∧ Prime x := by
  intro x xs
  constructor
  · apply h₀ x (ssubt xs)
  apply h₁ x (ssubt xs)

",,True,-1,"theorem t9 (h₀ : ∀ x ∈ t, ¬Even x) (h₁ : ∀ x ∈ t, Prime x) (ssubt : s ⊆ t) : ∀ x ∈ s, ¬Even x ∧ Prime x := by
  intro x xs
  constructor
  · rw [and_iff_left_iff]
    apply h₀
  · apply h₁
  · assumption


","💥️unknown identifier 'and_iff_left_iff'

💥️tactic 'rewrite' failed, equality or iff proof expected
  ?m.6337
case left
s t : Set ℕ
h₀ : ∀ x ∈ t, ¬Even x
h₁ : ∀ x ∈ t, Prime x
ssubt : s ⊆ t
x : ℕ
xs : x ∈ s
⊢ ¬Even x

💥️unsolved goals
case right.a
s t : Set ℕ
h₀ : ∀ x ∈ t, ¬Even x
h₁ : ∀ x ∈ t, Prime x
ssubt : s ⊆ t
x : ℕ
xs : x ∈ s
⊢ x ∈ t

💥️no goals to be solved",False,60,MIL.C04_Sets_and_Functions.solutions.Solutions_S01_Sets,Qwen-7B-long,LENGTH,best_of_n,False,0,-1.0,CH04.t9,False
-1,False,4,"theorem t9 (h₀ : ∀ x ∈ t, ¬Even x) (h₁ : ∀ x ∈ t, Prime x) (ssubt : s ⊆ t) : ∀ x ∈ s, ¬Even x ∧ Prime x := by
  intro x xs
  constructor
  · apply h₀ x (ssubt xs)
  apply h₁ x (ssubt xs)

",,True,4,"theorem t9 (h₀ : ∀ x ∈ t, ¬Even x) (h₁ : ∀ x ∈ t, Prime x) (ssubt : s ⊆ t) : ∀ x ∈ s, ¬Even x ∧ Prime x := by
  intro x xs
  constructor
  · apply h₀ x (ssubt xs)
  · apply h₁ x (ssubt xs)
",,True,60,MIL.C04_Sets_and_Functions.solutions.Solutions_S01_Sets,Qwen-7B-long,LENGTH,best_of_n,False,0,0.0,CH04.t9,False
-1,False,2,"theorem t10 (h : ∃ x ∈ s, ¬Even x ∧ Prime x) (ssubt : s ⊆ t) : ∃ x ∈ t, Prime x := by
  rcases h with ⟨x, xs, _, px⟩
  use x, ssubt xs

",,True,3,"theorem t10 (h : ∃ x ∈ s, ¬Even x ∧ Prime x) (ssubt : s ⊆ t) : ∃ x ∈ t, Prime x := by
  rcases h with ⟨x, xs, _, px⟩
  refine ⟨_, ssubt xs, ?_⟩
  exact px
",,True,60,MIL.C04_Sets_and_Functions.solutions.Solutions_S01_Sets,Qwen-7B-long,LENGTH,best_of_n,False,0,-0.5,CH04.t10,False
-1,False,2,"theorem t10 (h : ∃ x ∈ s, ¬Even x ∧ Prime x) (ssubt : s ⊆ t) : ∃ x ∈ t, Prime x := by
  rcases h with ⟨x, xs, _, px⟩
  use x, ssubt xs

",,True,0,"theorem t10 (h : ∃ x ∈ s, ¬Even x ∧ Prime x) (ssubt : s ⊆ t) : ∃ x ∈ t, Prime x :=
  let ⟨x, xs, _, px⟩ := h
  ⟨x, ssubt xs, px⟩
",,True,60,MIL.C04_Sets_and_Functions.solutions.Solutions_S01_Sets,Qwen-7B-long,LENGTH,best_of_n,False,0,1.0,CH04.t10,False
-1,False,2,"theorem t10 (h : ∃ x ∈ s, ¬Even x ∧ Prime x) (ssubt : s ⊆ t) : ∃ x ∈ t, Prime x := by
  rcases h with ⟨x, xs, _, px⟩
  use x, ssubt xs

",,True,2,"theorem t10 (h : ∃ x ∈ s, ¬Even x ∧ Prime x) (ssubt : s ⊆ t) : ∃ x ∈ t, Prime x := by
  rcases h with ⟨x, xs, hx1, hx2⟩
  exact ⟨x, ssubt xs, hx2⟩
",,True,60,MIL.C04_Sets_and_Functions.solutions.Solutions_S01_Sets,Qwen-7B-long,LENGTH,best_of_n,False,0,0.0,CH04.t10,False
-1,False,2,"theorem t10 (h : ∃ x ∈ s, ¬Even x ∧ Prime x) (ssubt : s ⊆ t) : ∃ x ∈ t, Prime x := by
  rcases h with ⟨x, xs, _, px⟩
  use x, ssubt xs

",,True,2,"theorem t10 (h : ∃ x ∈ s, ¬Even x ∧ Prime x) (ssubt : s ⊆ t) : ∃ x ∈ t, Prime x := by
  rcases h with ⟨x, xs, _, px⟩
  use x, ssubt xs


",,True,60,MIL.C04_Sets_and_Functions.solutions.Solutions_S01_Sets,Qwen-7B-long,LENGTH,best_of_n,False,0,0.0,CH04.t10,False
-1,False,2,"theorem t10 (h : ∃ x ∈ s, ¬Even x ∧ Prime x) (ssubt : s ⊆ t) : ∃ x ∈ t, Prime x := by
  rcases h with ⟨x, xs, _, px⟩
  use x, ssubt xs

",,True,2,"theorem t10 (h : ∃ x ∈ s, ¬Even x ∧ Prime x) (ssubt : s ⊆ t) : ∃ x ∈ t, Prime x := by
  rcases h with ⟨x, xs, _, px⟩
  exact ⟨x, ssubt xs, px⟩

",,True,60,MIL.C04_Sets_and_Functions.solutions.Solutions_S01_Sets,Qwen-7B-long,LENGTH,best_of_n,False,0,0.0,CH04.t10,False
-1,False,2,"theorem t10 (h : ∃ x ∈ s, ¬Even x ∧ Prime x) (ssubt : s ⊆ t) : ∃ x ∈ t, Prime x := by
  rcases h with ⟨x, xs, _, px⟩
  use x, ssubt xs

",,True,0,"theorem t10 (h : ∃ x ∈ s, ¬Even x ∧ Prime x) (ssubt : s ⊆ t) : ∃ x ∈ t, Prime x :=
  let ⟨x, xs, h1, h2⟩ := h
  ⟨x, ssubt xs, h2⟩
",,True,60,MIL.C04_Sets_and_Functions.solutions.Solutions_S01_Sets,Qwen-7B-long,LENGTH,best_of_n,False,0,1.0,CH04.t10,False
-1,False,2,"theorem t10 (h : ∃ x ∈ s, ¬Even x ∧ Prime x) (ssubt : s ⊆ t) : ∃ x ∈ t, Prime x := by
  rcases h with ⟨x, xs, _, px⟩
  use x, ssubt xs

",,True,-1,"theorem t10 (h : ∃ x ∈ s, ¬Even x ∧ Prime x) (ssubt : s ⊆ t) : ∃ x ∈ t, Prime x := by
  rcases h with ⟨x, xs, h1, px⟩
  use x, ssubt xs, h1, px


","💥️type mismatch
  h1
has type
  ¬Even x : Prop
but is expected to have type
  x ≠ 0 : Prop

💥️type mismatch
  px
has type
  Prime x : Prop
but is expected to have type
  ¬IsUnit x : Prop

💥️unsolved goals
case right
s t : Set ℕ
ssubt : s ⊆ t
x : ℕ
xs : x ∈ s
h1 : ¬Even x
px : Prime x
⊢ ∀ (a b : ℕ), x ∣ a * b → x ∣ a ∨ x ∣ b",False,60,MIL.C04_Sets_and_Functions.solutions.Solutions_S01_Sets,Qwen-7B-long,LENGTH,best_of_n,False,0,-1.0,CH04.t10,False
-1,False,2,"theorem t10 (h : ∃ x ∈ s, ¬Even x ∧ Prime x) (ssubt : s ⊆ t) : ∃ x ∈ t, Prime x := by
  rcases h with ⟨x, xs, _, px⟩
  use x, ssubt xs

",,True,-1,"theorem t10 (h : ∃ x ∈ s, ¬Even x ∧ Prime x) (ssubt : s ⊆ t) : ∃ x ∈ t, Prime x := by
  →_ :=
  let tsubst := ssubt x (h.2 x h.1) hx, tsubst
  tsubst
","💥️unexpected token '→'; expected '{' or tactic

💥️unsolved goals
s t : Set ℕ
h : ∃ x ∈ s, ¬Even x ∧ Prime x
ssubt : s ⊆ t
⊢ ∃ x ∈ t, Prime x",False,60,MIL.C04_Sets_and_Functions.solutions.Solutions_S01_Sets,Qwen-7B-long,LENGTH,best_of_n,False,0,-1.0,CH04.t10,False
-1,False,2,"theorem t10 (h : ∃ x ∈ s, ¬Even x ∧ Prime x) (ssubt : s ⊆ t) : ∃ x ∈ t, Prime x := by
  rcases h with ⟨x, xs, _, px⟩
  use x, ssubt xs

",,True,-1,"theorem t10 (h : ∃ x ∈ s, ¬Even x ∧ Prime x) (ssubt : s ⊆ t) : ∃ x ∈ t, Prime x := by
  rcases h with ⟨x, xs, p, px⟩
  exact ⟨x, ssubt xs, p, px⟩

","💥️application type mismatch
  And.intro p
argument
  p
has type
  ¬Even x : Prop
but is expected to have type
  x ≠ 0 : Prop",False,60,MIL.C04_Sets_and_Functions.solutions.Solutions_S01_Sets,Qwen-7B-long,LENGTH,best_of_n,False,0,-1.0,CH04.t10,False
-1,False,2,"theorem t10 (h : ∃ x ∈ s, ¬Even x ∧ Prime x) (ssubt : s ⊆ t) : ∃ x ∈ t, Prime x := by
  rcases h with ⟨x, xs, _, px⟩
  use x, ssubt xs

",,True,0,"theorem t10 (h : ∃ x ∈ s, ¬Even x ∧ Prime x) (ssubt : s ⊆ t) : ∃ x ∈ t, Prime x :=
  let ⟨x, xs, hx0, hx1⟩ := h
  ⟨x, ssubt xs, hx1⟩
",,True,60,MIL.C04_Sets_and_Functions.solutions.Solutions_S01_Sets,Qwen-7B-long,LENGTH,best_of_n,False,0,1.0,CH04.t10,False
-1,False,2,"theorem t10 (h : ∃ x ∈ s, ¬Even x ∧ Prime x) (ssubt : s ⊆ t) : ∃ x ∈ t, Prime x := by
  rcases h with ⟨x, xs, _, px⟩
  use x, ssubt xs

",,True,-1,"theorem t10 (h : ∃ x ∈ s, ¬Even x ∧ Prime x) (ssubt : s ⊆ t) : ∃ x ∈ t, Prime x :=
  let ⟨x, xs, hx, px⟩ := h; tsubaux ssubt xs ⟨x, hx⟩ px
",💥️unknown identifier 'tsubaux',False,60,MIL.C04_Sets_and_Functions.solutions.Solutions_S01_Sets,Qwen-7B-long,LENGTH,best_of_n,False,0,-1.0,CH04.t10,False
-1,False,2,"theorem t10 (h : ∃ x ∈ s, ¬Even x ∧ Prime x) (ssubt : s ⊆ t) : ∃ x ∈ t, Prime x := by
  rcases h with ⟨x, xs, _, px⟩
  use x, ssubt xs

",,True,-1,"theorem t10 (h : ∃ x ∈ s, ¬Even x ∧ Prime x) (ssubt : s ⊆ t) : ∃ x ∈ t, Prime x := by
  rcases h with ⟨x, xs, _, px⟩
  refine ⟨x, ssubt xs, ?_⟩
  exact ⟨_, px⟩
","💥️application type mismatch
  ⟨?m.6550, px⟩
argument
  px
has type
  Prime x : Prop
but is expected to have type
  ¬IsUnit x ∧ ∀ (a b : ℕ), x ∣ a * b → x ∣ a ∨ x ∣ b : Prop

💥️unsolved goals
case intro.intro.intro
s t : Set ℕ
ssubt : s ⊆ t
x : ℕ
xs : x ∈ s
left✝ : ¬Even x
px : Prime x
⊢ Prime x",False,60,MIL.C04_Sets_and_Functions.solutions.Solutions_S01_Sets,Qwen-7B-long,LENGTH,best_of_n,False,0,-1.0,CH04.t10,False
-1,False,2,"theorem t10 (h : ∃ x ∈ s, ¬Even x ∧ Prime x) (ssubt : s ⊆ t) : ∃ x ∈ t, Prime x := by
  rcases h with ⟨x, xs, _, px⟩
  use x, ssubt xs

",,True,2,"theorem t10 (h : ∃ x ∈ s, ¬Even x ∧ Prime x) (ssubt : s ⊆ t) : ∃ x ∈ t, Prime x := by
  rcases h with ⟨x, xs, -, px⟩
  use x, ssubt xs


",,True,60,MIL.C04_Sets_and_Functions.solutions.Solutions_S01_Sets,Qwen-7B-long,LENGTH,best_of_n,False,0,0.0,CH04.t10,False
-1,False,2,"theorem t10 (h : ∃ x ∈ s, ¬Even x ∧ Prime x) (ssubt : s ⊆ t) : ∃ x ∈ t, Prime x := by
  rcases h with ⟨x, xs, _, px⟩
  use x, ssubt xs

",,True,2,"theorem t10 (h : ∃ x ∈ s, ¬Even x ∧ Prime x) (ssubt : s ⊆ t) : ∃ x ∈ t, Prime x := by
  rcases h with ⟨x, xs, _, px⟩
  use x, ssubt xs


",,True,60,MIL.C04_Sets_and_Functions.solutions.Solutions_S01_Sets,Qwen-7B-long,LENGTH,best_of_n,False,0,0.0,CH04.t10,False
-1,False,2,"theorem t10 (h : ∃ x ∈ s, ¬Even x ∧ Prime x) (ssubt : s ⊆ t) : ∃ x ∈ t, Prime x := by
  rcases h with ⟨x, xs, _, px⟩
  use x, ssubt xs

",,True,0,"theorem t10 (h : ∃ x ∈ s, ¬Even x ∧ Prime x) (ssubt : s ⊆ t) : ∃ x ∈ t, Prime x :=
  let ⟨x, xs, hx1, hx2⟩ := h
  ⟨x, ssubt xs, hx2⟩
",,True,60,MIL.C04_Sets_and_Functions.solutions.Solutions_S01_Sets,Qwen-7B-long,LENGTH,best_of_n,False,0,1.0,CH04.t10,False
-1,False,2,"theorem t10 (h : ∃ x ∈ s, ¬Even x ∧ Prime x) (ssubt : s ⊆ t) : ∃ x ∈ t, Prime x := by
  rcases h with ⟨x, xs, _, px⟩
  use x, ssubt xs

",,True,0,"theorem t10 (h : ∃ x ∈ s, ¬Even x ∧ Prime x) (ssubt : s ⊆ t) : ∃ x ∈ t, Prime x :=
  let ⟨x, xs, _, px⟩ := h
  ⟨x, ssubt xs, px⟩


",,True,60,MIL.C04_Sets_and_Functions.solutions.Solutions_S01_Sets,Qwen-7B-long,LENGTH,best_of_n,False,0,1.0,CH04.t10,False
-1,False,2,"theorem t10 (h : ∃ x ∈ s, ¬Even x ∧ Prime x) (ssubt : s ⊆ t) : ∃ x ∈ t, Prime x := by
  rcases h with ⟨x, xs, _, px⟩
  use x, ssubt xs

",,True,-1,"theorem t10 (h : ∃ x ∈ s, ¬Even x ∧ Prime x) (ssubt : s ⊆ t) : ∃ x ∈ t, Prime x :=
  let ⟨x, xs, hx1, hx2⟩ := h
  ⟨x, ssubt xs, hx1, hx2⟩

","💥️application type mismatch
  And.intro hx1
argument
  hx1
has type
  ¬Even x : Prop
but is expected to have type
  x ≠ 0 : Prop",False,60,MIL.C04_Sets_and_Functions.solutions.Solutions_S01_Sets,Qwen-7B-long,LENGTH,best_of_n,False,0,-1.0,CH04.t10,False
-1,False,2,"theorem t10 (h : ∃ x ∈ s, ¬Even x ∧ Prime x) (ssubt : s ⊆ t) : ∃ x ∈ t, Prime x := by
  rcases h with ⟨x, xs, _, px⟩
  use x, ssubt xs

",,True,0,"theorem t10 (h : ∃ x ∈ s, ¬Even x ∧ Prime x) (ssubt : s ⊆ t) : ∃ x ∈ t, Prime x :=
  let ⟨x, xs, _, px⟩ := h
  ⟨x, ssubt xs, px⟩

",,True,60,MIL.C04_Sets_and_Functions.solutions.Solutions_S01_Sets,Qwen-7B-long,LENGTH,best_of_n,False,0,1.0,CH04.t10,False
-1,False,2,"theorem t10 (h : ∃ x ∈ s, ¬Even x ∧ Prime x) (ssubt : s ⊆ t) : ∃ x ∈ t, Prime x := by
  rcases h with ⟨x, xs, _, px⟩
  use x, ssubt xs

",,True,0,"theorem t10 (h : ∃ x ∈ s, ¬Even x ∧ Prime x) (ssubt : s ⊆ t) : ∃ x ∈ t, Prime x :=
  let ⟨x, xs, _, px⟩ := h
  ⟨x, ssubt xs, px⟩
",,True,60,MIL.C04_Sets_and_Functions.solutions.Solutions_S01_Sets,Qwen-7B-long,LENGTH,best_of_n,False,0,1.0,CH04.t10,False
-1,False,2,"theorem t10 (h : ∃ x ∈ s, ¬Even x ∧ Prime x) (ssubt : s ⊆ t) : ∃ x ∈ t, Prime x := by
  rcases h with ⟨x, xs, _, px⟩
  use x, ssubt xs

",,True,-1,"theorem t10 (h : ∃ x ∈ s, ¬Even x ∧ Prime x) (ssubt : s ⊆ t) : ∃ x ∈ t, Prime x := by
  rcases h with ⟨x, xs, _, px⟩
  use x, ssubt xs, px⟩
","💥️type mismatch
  px
has type
  Prime x : Prop
but is expected to have type
  x ≠ 0 : Prop

💥️unsolved goals
case right
s t : Set ℕ
ssubt : s ⊆ t
x : ℕ
xs : x ∈ s
left✝ : ¬Even x
px : Prime x
⊢ ¬IsUnit x ∧ ∀ (a b : ℕ), x ∣ a * b → x ∣ a ∨ x ∣ b",False,60,MIL.C04_Sets_and_Functions.solutions.Solutions_S01_Sets,Qwen-7B-long,LENGTH,best_of_n,False,0,-1.0,CH04.t10,False
-1,False,2,"theorem t10 (h : ∃ x ∈ s, ¬Even x ∧ Prime x) (ssubt : s ⊆ t) : ∃ x ∈ t, Prime x := by
  rcases h with ⟨x, xs, _, px⟩
  use x, ssubt xs

",,True,-1,"theorem t10 (h : ∃ x ∈ s, ¬Even x ∧ Prime x) (ssubt : s ⊆ t) : ∃ x ∈ t, Prime x :=
  (h.mpr ssubt).exists
","💥️invalid field 'mpr', the environment does not contain 'Exists.mpr'
  h
has type
  ∃ x ∈ s, ¬Even x ∧ Prime x",False,60,MIL.C04_Sets_and_Functions.solutions.Solutions_S01_Sets,Qwen-7B-long,LENGTH,best_of_n,False,0,-1.0,CH04.t10,False
-1,False,2,"theorem t10 (h : ∃ x ∈ s, ¬Even x ∧ Prime x) (ssubt : s ⊆ t) : ∃ x ∈ t, Prime x := by
  rcases h with ⟨x, xs, _, px⟩
  use x, ssubt xs

",,True,-1,"theorem t10 (h : ∃ x ∈ s, ¬Even x ∧ Prime x) (ssubt : s ⊆ t) : ∃ x ∈ t, Prime x := by
  obtain ⟨x, xs, p⟩ := h
  exact ⟨x, ssubt xs, p⟩
","💥️application type mismatch
  ⟨ssubt xs, p⟩
argument
  p
has type
  ¬Even x ∧ Prime x : Prop
but is expected to have type
  Prime x : Prop",False,60,MIL.C04_Sets_and_Functions.solutions.Solutions_S01_Sets,Qwen-7B-long,LENGTH,best_of_n,False,0,-1.0,CH04.t10,False
-1,False,2,"theorem t10 (h : ∃ x ∈ s, ¬Even x ∧ Prime x) (ssubt : s ⊆ t) : ∃ x ∈ t, Prime x := by
  rcases h with ⟨x, xs, _, px⟩
  use x, ssubt xs

",,True,-1,"theorem t10 (h : ∃ x ∈ s, ¬Even x ∧ Prime x) (ssubt : s ⊆ t) : ∃ x ∈ t, Prime x := by
  rcases h with ⟨x, xs, hne, px⟩
  exact ⟨x, ssubt xs, hne, px⟩


","💥️application type mismatch
  And.intro hne
argument
  hne
has type
  ¬Even x : Prop
but is expected to have type
  x ≠ 0 : Prop",False,60,MIL.C04_Sets_and_Functions.solutions.Solutions_S01_Sets,Qwen-7B-long,LENGTH,best_of_n,False,0,-1.0,CH04.t10,False
-1,False,2,"theorem t10 (h : ∃ x ∈ s, ¬Even x ∧ Prime x) (ssubt : s ⊆ t) : ∃ x ∈ t, Prime x := by
  rcases h with ⟨x, xs, _, px⟩
  use x, ssubt xs

",,True,0,"theorem t10 (h : ∃ x ∈ s, ¬Even x ∧ Prime x) (ssubt : s ⊆ t) : ∃ x ∈ t, Prime x :=
  let ⟨x, xs, _, px⟩ := h
  ⟨x, ssubt xs, px⟩

",,True,60,MIL.C04_Sets_and_Functions.solutions.Solutions_S01_Sets,Qwen-7B-long,LENGTH,best_of_n,False,0,1.0,CH04.t10,False
-1,False,2,"theorem t10 (h : ∃ x ∈ s, ¬Even x ∧ Prime x) (ssubt : s ⊆ t) : ∃ x ∈ t, Prime x := by
  rcases h with ⟨x, xs, _, px⟩
  use x, ssubt xs

",,True,2,"theorem t10 (h : ∃ x ∈ s, ¬Even x ∧ Prime x) (ssubt : s ⊆ t) : ∃ x ∈ t, Prime x := by
  rcases h with ⟨x, xs, _, px⟩
  exact ⟨x, ssubt xs, px⟩
",,True,60,MIL.C04_Sets_and_Functions.solutions.Solutions_S01_Sets,Qwen-7B-long,LENGTH,best_of_n,False,0,0.0,CH04.t10,False
-1,False,2,"theorem t10 (h : ∃ x ∈ s, ¬Even x ∧ Prime x) (ssubt : s ⊆ t) : ∃ x ∈ t, Prime x := by
  rcases h with ⟨x, xs, _, px⟩
  use x, ssubt xs

",,True,2,"theorem t10 (h : ∃ x ∈ s, ¬Even x ∧ Prime x) (ssubt : s ⊆ t) : ∃ x ∈ t, Prime x := by
  rcases h with ⟨x, xs, _, px⟩
  exact ⟨x, ssubt xs, px⟩
",,True,60,MIL.C04_Sets_and_Functions.solutions.Solutions_S01_Sets,Qwen-7B-long,LENGTH,best_of_n,False,0,0.0,CH04.t10,False
-1,False,2,"theorem t10 (h : ∃ x ∈ s, ¬Even x ∧ Prime x) (ssubt : s ⊆ t) : ∃ x ∈ t, Prime x := by
  rcases h with ⟨x, xs, _, px⟩
  use x, ssubt xs

",,True,0,"theorem t10 (h : ∃ x ∈ s, ¬Even x ∧ Prime x) (ssubt : s ⊆ t) : ∃ x ∈ t, Prime x :=
  let ⟨x, xs, hx1, hx2⟩ := h
  ⟨x, ssubt xs, hx2⟩
",,True,60,MIL.C04_Sets_and_Functions.solutions.Solutions_S01_Sets,Qwen-7B-long,LENGTH,best_of_n,False,0,1.0,CH04.t10,False
-1,False,2,"theorem t10 (h : ∃ x ∈ s, ¬Even x ∧ Prime x) (ssubt : s ⊆ t) : ∃ x ∈ t, Prime x := by
  rcases h with ⟨x, xs, _, px⟩
  use x, ssubt xs

",,True,-1,"theorem t10 (h : ∃ x ∈ s, ¬Even x ∧ Prime x) (ssubt : s ⊆ t) : ∃ x ∈ t, Prime x := by
  rcases h with ⟨x, xs, hne, px⟩
  exact ⟨x, ssubt xs, (hne <| ssubt _).cancelRight, px⟩


","💥️invalid field 'cancelRight', the environment does not contain 'False.cancelRight'
  hne ?m.6568
has type
  False

💥️application type mismatch
  hne (ssubt ?m.6550)
argument
  ssubt ?m.6550
has type
  ?m.6549 ∈ t : Prop
but is expected to have type
  Even x : Prop",False,60,MIL.C04_Sets_and_Functions.solutions.Solutions_S01_Sets,Qwen-7B-long,LENGTH,best_of_n,False,0,-1.0,CH04.t10,False
-1,False,2,"theorem t10 (h : ∃ x ∈ s, ¬Even x ∧ Prime x) (ssubt : s ⊆ t) : ∃ x ∈ t, Prime x := by
  rcases h with ⟨x, xs, _, px⟩
  use x, ssubt xs

",,True,2,"theorem t10 (h : ∃ x ∈ s, ¬Even x ∧ Prime x) (ssubt : s ⊆ t) : ∃ x ∈ t, Prime x := by
  rcases h with ⟨x, xs, _, px⟩
  exact ⟨x, ssubt xs, px⟩
",,True,60,MIL.C04_Sets_and_Functions.solutions.Solutions_S01_Sets,Qwen-7B-long,LENGTH,best_of_n,False,0,0.0,CH04.t10,False
-1,False,2,"theorem t10 (h : ∃ x ∈ s, ¬Even x ∧ Prime x) (ssubt : s ⊆ t) : ∃ x ∈ t, Prime x := by
  rcases h with ⟨x, xs, _, px⟩
  use x, ssubt xs

",,True,2,"theorem t10 (h : ∃ x ∈ s, ¬Even x ∧ Prime x) (ssubt : s ⊆ t) : ∃ x ∈ t, Prime x := by
  rcases h with ⟨x, xs, _, px⟩
  exact ⟨x, ssubt xs, px⟩
",,True,60,MIL.C04_Sets_and_Functions.solutions.Solutions_S01_Sets,Qwen-7B-long,LENGTH,best_of_n,False,0,0.0,CH04.t10,False
-1,False,2,"theorem t10 (h : ∃ x ∈ s, ¬Even x ∧ Prime x) (ssubt : s ⊆ t) : ∃ x ∈ t, Prime x := by
  rcases h with ⟨x, xs, _, px⟩
  use x, ssubt xs

",,True,0,"theorem t10 (h : ∃ x ∈ s, ¬Even x ∧ Prime x) (ssubt : s ⊆ t) : ∃ x ∈ t, Prime x :=
  let ⟨x, xs, _, hx⟩ := h
  ⟨x, ssubt xs, hx⟩
",,True,60,MIL.C04_Sets_and_Functions.solutions.Solutions_S01_Sets,Qwen-7B-long,LENGTH,best_of_n,False,0,1.0,CH04.t10,False
-1,False,2,"theorem t10 (h : ∃ x ∈ s, ¬Even x ∧ Prime x) (ssubt : s ⊆ t) : ∃ x ∈ t, Prime x := by
  rcases h with ⟨x, xs, _, px⟩
  use x, ssubt xs

",,True,-1,"theorem t10 (h : ∃ x ∈ s, ¬Even x ∧ Prime x) (ssubt : s ⊆ t) : ∃ x ∈ t, Prime x := by
  rtl of h | ssubt

","💥️unknown tactic

💥️unsolved goals
s t : Set ℕ
h : ∃ x ∈ s, ¬Even x ∧ Prime x
ssubt : s ⊆ t
⊢ ∃ x ∈ t, Prime x",False,60,MIL.C04_Sets_and_Functions.solutions.Solutions_S01_Sets,Qwen-7B-long,LENGTH,best_of_n,False,0,-1.0,CH04.t10,False
-1,False,2,"theorem t10 (h : ∃ x ∈ s, ¬Even x ∧ Prime x) (ssubt : s ⊆ t) : ∃ x ∈ t, Prime x := by
  rcases h with ⟨x, xs, _, px⟩
  use x, ssubt xs

",,True,-1,"theorem t10 (h : ∃ x ∈ s, ¬Even x ∧ Prime x) (ssubt : s ⊆ t) : ∃ x ∈ t, Prime x :=
  let ⟨x, hxs, -, px⟩ := h
  ⟨x, ssubt hxs, px⟩
","💥️unexpected token '⟨'; expected '_', 'rec', identifier or term",False,60,MIL.C04_Sets_and_Functions.solutions.Solutions_S01_Sets,Qwen-7B-long,LENGTH,best_of_n,False,0,-1.0,CH04.t10,False
-1,False,2,"theorem t10 (h : ∃ x ∈ s, ¬Even x ∧ Prime x) (ssubt : s ⊆ t) : ∃ x ∈ t, Prime x := by
  rcases h with ⟨x, xs, _, px⟩
  use x, ssubt xs

",,True,2,"theorem t10 (h : ∃ x ∈ s, ¬Even x ∧ Prime x) (ssubt : s ⊆ t) : ∃ x ∈ t, Prime x := by
  rcases h with ⟨x, xs, _, px⟩
  exact ⟨x, ssubt xs, px⟩
",,True,60,MIL.C04_Sets_and_Functions.solutions.Solutions_S01_Sets,Qwen-7B-long,LENGTH,best_of_n,False,0,0.0,CH04.t10,False
-1,False,2,"theorem t10 (h : ∃ x ∈ s, ¬Even x ∧ Prime x) (ssubt : s ⊆ t) : ∃ x ∈ t, Prime x := by
  rcases h with ⟨x, xs, _, px⟩
  use x, ssubt xs

",,True,2,"theorem t10 (h : ∃ x ∈ s, ¬Even x ∧ Prime x) (ssubt : s ⊆ t) : ∃ x ∈ t, Prime x := by
  rcases h with ⟨x, xs, -, px⟩
  refine ⟨x, ssubt xs, px⟩
",,True,60,MIL.C04_Sets_and_Functions.solutions.Solutions_S01_Sets,Qwen-7B-long,LENGTH,best_of_n,False,0,0.0,CH04.t10,False
-1,False,2,"theorem t10 (h : ∃ x ∈ s, ¬Even x ∧ Prime x) (ssubt : s ⊆ t) : ∃ x ∈ t, Prime x := by
  rcases h with ⟨x, xs, _, px⟩
  use x, ssubt xs

",,True,0,"theorem t10 (h : ∃ x ∈ s, ¬Even x ∧ Prime x) (ssubt : s ⊆ t) : ∃ x ∈ t, Prime x :=
  let ⟨x, xs, hx1, hx2⟩ := h
  ⟨x, ssubt xs, hx2⟩
",,True,60,MIL.C04_Sets_and_Functions.solutions.Solutions_S01_Sets,Qwen-7B-long,LENGTH,best_of_n,False,0,1.0,CH04.t10,False
-1,False,2,"theorem t10 (h : ∃ x ∈ s, ¬Even x ∧ Prime x) (ssubt : s ⊆ t) : ∃ x ∈ t, Prime x := by
  rcases h with ⟨x, xs, _, px⟩
  use x, ssubt xs

",,True,-1,"theorem t10 (h : ∃ x ∈ s, ¬Even x ∧ Prime x) (ssubt : s ⊆ t) : ∃ x ∈ t, Prime x :=
  (h.elim (fun ⟨x, xs, hx, px⟩ ↦ (SSUBT.well (ssubt xs)).id_le hx).elim exists_prime
","💥️unexpected end of input; expected ')', ',' or ':'",False,60,MIL.C04_Sets_and_Functions.solutions.Solutions_S01_Sets,Qwen-7B-long,LENGTH,best_of_n,False,0,-1.0,CH04.t10,False
-1,False,2,"theorem t10 (h : ∃ x ∈ s, ¬Even x ∧ Prime x) (ssubt : s ⊆ t) : ∃ x ∈ t, Prime x := by
  rcases h with ⟨x, xs, _, px⟩
  use x, ssubt xs

",,True,0,"theorem t10 (h : ∃ x ∈ s, ¬Even x ∧ Prime x) (ssubt : s ⊆ t) : ∃ x ∈ t, Prime x :=
  let ⟨x, xs, hx1, hx2⟩ := h
  ⟨x, ssubt xs, hx2⟩
",,True,60,MIL.C04_Sets_and_Functions.solutions.Solutions_S01_Sets,Qwen-7B-long,LENGTH,best_of_n,False,0,1.0,CH04.t10,False
-1,False,2,"theorem t10 (h : ∃ x ∈ s, ¬Even x ∧ Prime x) (ssubt : s ⊆ t) : ∃ x ∈ t, Prime x := by
  rcases h with ⟨x, xs, _, px⟩
  use x, ssubt xs

",,True,0,"theorem t10 (h : ∃ x ∈ s, ¬Even x ∧ Prime x) (ssubt : s ⊆ t) : ∃ x ∈ t, Prime x :=
  let ⟨x, xs, hx1, hx2⟩ := h
  ⟨x, ssubt xs, hx2⟩
",,True,60,MIL.C04_Sets_and_Functions.solutions.Solutions_S01_Sets,Qwen-7B-long,LENGTH,best_of_n,False,0,1.0,CH04.t10,False
-1,False,2,"theorem t10 (h : ∃ x ∈ s, ¬Even x ∧ Prime x) (ssubt : s ⊆ t) : ∃ x ∈ t, Prime x := by
  rcases h with ⟨x, xs, _, px⟩
  use x, ssubt xs

",,True,-1,"theorem t10 (h : ∃ x ∈ s, ¬Even x ∧ Prime x) (ssubt : s ⊆ t) : ∃ x ∈ t, Prime x := by
  obtain ⟨x, xs, hx1, hx2⟩ := h
  use x, ssubt xs, hx2
","💥️type mismatch
  hx2
has type
  Prime x : Prop
but is expected to have type
  x ≠ 0 : Prop

💥️unsolved goals
case right
s t : Set ℕ
ssubt : s ⊆ t
x : ℕ
xs : x ∈ s
hx1 : ¬Even x
hx2 : Prime x
⊢ ¬IsUnit x ∧ ∀ (a b : ℕ), x ∣ a * b → x ∣ a ∨ x ∣ b",False,60,MIL.C04_Sets_and_Functions.solutions.Solutions_S01_Sets,Qwen-7B-long,LENGTH,best_of_n,False,0,-1.0,CH04.t10,False
-1,False,2,"theorem t10 (h : ∃ x ∈ s, ¬Even x ∧ Prime x) (ssubt : s ⊆ t) : ∃ x ∈ t, Prime x := by
  rcases h with ⟨x, xs, _, px⟩
  use x, ssubt xs

",,True,-1,"theorem t10 (h : ∃ x ∈ s, ¬Even x ∧ Prime x) (ssubt : s ⊆ t) : ∃ x ∈ t, Prime x := by
  rcases h with ⟨x, xs, hp_even, hp_prime⟩
  use x, ssubt xs, hp_prime


","💥️type mismatch
  hp_prime
has type
  Prime x : Prop
but is expected to have type
  x ≠ 0 : Prop

💥️unsolved goals
case right
s t : Set ℕ
ssubt : s ⊆ t
x : ℕ
xs : x ∈ s
hp_even : ¬Even x
hp_prime : Prime x
⊢ ¬IsUnit x ∧ ∀ (a b : ℕ), x ∣ a * b → x ∣ a ∨ x ∣ b",False,60,MIL.C04_Sets_and_Functions.solutions.Solutions_S01_Sets,Qwen-7B-long,LENGTH,best_of_n,False,0,-1.0,CH04.t10,False
-1,False,2,"theorem t10 (h : ∃ x ∈ s, ¬Even x ∧ Prime x) (ssubt : s ⊆ t) : ∃ x ∈ t, Prime x := by
  rcases h with ⟨x, xs, _, px⟩
  use x, ssubt xs

",,True,-1,"Alright, I'm trying to prove this theorem that says: If there exists an element in set s that is not even and is prime, and s is a subset of t, then there exists an element in t that is prime. 

So, let's break this down. We have three parts: 
1. There exists an element (let's call it x) in s.
2. This element x is not even.
3. And this element x is prime.

But there's a condition here that s is a subset of t, which means every element in s is also in t. So if x is in s, and s is a subset of t, then x must also be in t.

Putting this all together, the theorem is essentially saying that if we can find such an x in s that meets these two properties (not even and prime), then we can use that same x to show that t has at least one prime element.

I think I just need to formalize this. Maybe I can use theценric lemma in Lean to extract the element x from the set s. Let me see.

So, using ` obtain ⟨x, hxs⟩ := Set.Permem s ` gives me that there's an x in s. Then, using the fact that s is a subset of t, I can infer that x is in t by using ` tsub hxs `. Then, I already have px, which is the condition that x is not even and is prime. So, I can just use x to show that there's a prime in t.

I think that's the rough idea. Now, writing this in Lean should be straightforward. I might need to use ` exact ⟨x, tsub hxs, px⟩ ` to provide the required elements.
","💥️unexpected identifier; expected command

💥️unexpected token 'says'; expected ':'",False,60,MIL.C04_Sets_and_Functions.solutions.Solutions_S01_Sets,Qwen-7B-long,LENGTH,best_of_n,False,0,-1.0,CH04.t10,False
-1,False,2,"theorem t10 (h : ∃ x ∈ s, ¬Even x ∧ Prime x) (ssubt : s ⊆ t) : ∃ x ∈ t, Prime x := by
  rcases h with ⟨x, xs, _, px⟩
  use x, ssubt xs

",,True,-1,"Yes, but I think that is not

Wait, what is ""Out"" above that is visible? It specifies the theorem.

I need to set `t10` with `h` and `ssubt`.

Yes, that is the same as the original.

Hmm, is there a shorter way to do this?

I can use `subset_of_int subset_of_nonempty` but that is not relevant here.

Perhaps I can infer `x ∈ s` is not empty, and then use `ssubt` to get `x ∈ t`.

But that is the same as I have.

I think the original is the best way to write it in terms of readability and brevity.
","💥️unexpected identifier; expected command

💥️unexpected token '.'; expected identifier

💥️unexpected token 'to'; expected ':'",False,60,MIL.C04_Sets_and_Functions.solutions.Solutions_S01_Sets,Qwen-7B-long,LENGTH,best_of_n,False,0,-1.0,CH04.t10,False
-1,False,2,"theorem t10 (h : ∃ x ∈ s, ¬Even x ∧ Prime x) (ssubt : s ⊆ t) : ∃ x ∈ t, Prime x := by
  rcases h with ⟨x, xs, _, px⟩
  use x, ssubt xs

",,True,-1,"theorem t10 (h : ∃ x ∈ s, ¬Even x ∧ Prime x) (ssubt : s ⊆ t) : ∃ x ∈ t, Prime x := by
  rcases h with ⟨x, xs, h0, px⟩
  refine ⟨x, ssubt xs, h0, px⟩
","💥️application type mismatch
  And.intro h0
argument
  h0
has type
  ¬Even x : Prop
but is expected to have type
  x ≠ 0 : Prop",False,60,MIL.C04_Sets_and_Functions.solutions.Solutions_S01_Sets,Qwen-7B-long,LENGTH,best_of_n,False,0,-1.0,CH04.t10,False
-1,False,2,"theorem t10 (h : ∃ x ∈ s, ¬Even x ∧ Prime x) (ssubt : s ⊆ t) : ∃ x ∈ t, Prime x := by
  rcases h with ⟨x, xs, _, px⟩
  use x, ssubt xs

",,True,-1,"theorem t10 (h : ∃ x ∈ s, ¬Even x ∧ Prime x) (ssubt : s ⊆ t) : ∃ x ∈ t, Prime x :=
  (Set.exists_iff.2 t, subset_eq_iff.2 ssubt).mpr h
","💥️unknown constant 'Set.exists_iff'

💥️unknown identifier 'subset_eq_iff'",False,60,MIL.C04_Sets_and_Functions.solutions.Solutions_S01_Sets,Qwen-7B-long,LENGTH,best_of_n,False,0,-1.0,CH04.t10,False
-1,False,2,"theorem t10 (h : ∃ x ∈ s, ¬Even x ∧ Prime x) (ssubt : s ⊆ t) : ∃ x ∈ t, Prime x := by
  rcases h with ⟨x, xs, _, px⟩
  use x, ssubt xs

",,True,0,"theorem t10 (h : ∃ x ∈ s, ¬Even x ∧ Prime x) (ssubt : s ⊆ t) : ∃ x ∈ t, Prime x :=
  let ⟨x, xs, _, px⟩ := h
  ⟨x, ssubt xs, px⟩
",,True,60,MIL.C04_Sets_and_Functions.solutions.Solutions_S01_Sets,Qwen-7B-long,LENGTH,best_of_n,False,0,1.0,CH04.t10,False
-1,False,2,"theorem t10 (h : ∃ x ∈ s, ¬Even x ∧ Prime x) (ssubt : s ⊆ t) : ∃ x ∈ t, Prime x := by
  rcases h with ⟨x, xs, _, px⟩
  use x, ssubt xs

",,True,2,"theorem t10 (h : ∃ x ∈ s, ¬Even x ∧ Prime x) (ssubt : s ⊆ t) : ∃ x ∈ t, Prime x := by
  rcases h with ⟨x, xs, _, px⟩
  exact ⟨x, ssubt xs, px⟩

",,True,60,MIL.C04_Sets_and_Functions.solutions.Solutions_S01_Sets,Qwen-7B-long,LENGTH,best_of_n,False,0,0.0,CH04.t10,False
-1,False,2,"theorem t10 (h : ∃ x ∈ s, ¬Even x ∧ Prime x) (ssubt : s ⊆ t) : ∃ x ∈ t, Prime x := by
  rcases h with ⟨x, xs, _, px⟩
  use x, ssubt xs

",,True,0,"theorem t10 (h : ∃ x ∈ s, ¬Even x ∧ Prime x) (ssubt : s ⊆ t) : ∃ x ∈ t, Prime x :=
  let ⟨x, xs, hx1, hx2⟩ := h
  ⟨x, ssubt xs, hx2⟩
",,True,60,MIL.C04_Sets_and_Functions.solutions.Solutions_S01_Sets,Qwen-7B-long,LENGTH,best_of_n,False,0,1.0,CH04.t10,False
-1,False,2,"theorem t10 (h : ∃ x ∈ s, ¬Even x ∧ Prime x) (ssubt : s ⊆ t) : ∃ x ∈ t, Prime x := by
  rcases h with ⟨x, xs, _, px⟩
  use x, ssubt xs

",,True,3,"theorem t10 (h : ∃ x ∈ s, ¬Even x ∧ Prime x) (ssubt : s ⊆ t) : ∃ x ∈ t, Prime x := by
  obtain ⟨x, xs, _, px⟩ := h
  refine ⟨x, ssubt xs,?_⟩
  exact px
",,True,60,MIL.C04_Sets_and_Functions.solutions.Solutions_S01_Sets,Qwen-7B-long,LENGTH,best_of_n,False,0,-0.5,CH04.t10,False
-1,False,2,"theorem t10 (h : ∃ x ∈ s, ¬Even x ∧ Prime x) (ssubt : s ⊆ t) : ∃ x ∈ t, Prime x := by
  rcases h with ⟨x, xs, _, px⟩
  use x, ssubt xs

",,True,-1,"theorem t10 (h : ∃ x ∈ s, ¬Even x ∧ Prime x) (ssubt : s ⊆ t) : ∃ x ∈ t, Prime x := by
  rcases h with ⟨x, xs, hp, px⟩
  refine ⟨x, ssubt xs, hp, ?_⟩
  exact px


","💥️application type mismatch
  And.intro hp
argument
  hp
has type
  ¬Even x : Prop
but is expected to have type
  x ≠ 0 : Prop

💥️type mismatch
  px
has type
  Prime x : Prop
but is expected to have type
  ¬IsUnit x ∧ ∀ (a b : ℕ), x ∣ a * b → x ∣ a ∨ x ∣ b : Prop",False,60,MIL.C04_Sets_and_Functions.solutions.Solutions_S01_Sets,Qwen-7B-long,LENGTH,best_of_n,False,0,-1.0,CH04.t10,False
-1,False,2,"theorem t10 (h : ∃ x ∈ s, ¬Even x ∧ Prime x) (ssubt : s ⊆ t) : ∃ x ∈ t, Prime x := by
  rcases h with ⟨x, xs, _, px⟩
  use x, ssubt xs

",,True,0,"theorem t10 (h : ∃ x ∈ s, ¬Even x ∧ Prime x) (ssubt : s ⊆ t) : ∃ x ∈ t, Prime x :=
  let ⟨x, xs, hx1, hx2⟩ := h
  ⟨x, ssubt xs, hx2⟩
",,True,60,MIL.C04_Sets_and_Functions.solutions.Solutions_S01_Sets,Qwen-7B-long,LENGTH,best_of_n,False,0,1.0,CH04.t10,False
-1,False,2,"theorem t10 (h : ∃ x ∈ s, ¬Even x ∧ Prime x) (ssubt : s ⊆ t) : ∃ x ∈ t, Prime x := by
  rcases h with ⟨x, xs, _, px⟩
  use x, ssubt xs

",,True,2,"theorem t10 (h : ∃ x ∈ s, ¬Even x ∧ Prime x) (ssubt : s ⊆ t) : ∃ x ∈ t, Prime x := by
  rcases h with ⟨x, xs, _, px⟩
  use x, ssubt xs
",,True,60,MIL.C04_Sets_and_Functions.solutions.Solutions_S01_Sets,Qwen-7B-long,LENGTH,best_of_n,False,0,0.0,CH04.t10,False
-1,False,2,"theorem t10 (h : ∃ x ∈ s, ¬Even x ∧ Prime x) (ssubt : s ⊆ t) : ∃ x ∈ t, Prime x := by
  rcases h with ⟨x, xs, _, px⟩
  use x, ssubt xs

",,True,0,"theorem t10 (h : ∃ x ∈ s, ¬Even x ∧ Prime x) (ssubt : s ⊆ t) : ∃ x ∈ t, Prime x :=
  let ⟨x, xs, _, px⟩ := h
  ⟨x, ssubt xs, px⟩
",,True,60,MIL.C04_Sets_and_Functions.solutions.Solutions_S01_Sets,Qwen-7B-long,LENGTH,best_of_n,False,0,1.0,CH04.t10,False
-1,False,2,"theorem t10 (h : ∃ x ∈ s, ¬Even x ∧ Prime x) (ssubt : s ⊆ t) : ∃ x ∈ t, Prime x := by
  rcases h with ⟨x, xs, _, px⟩
  use x, ssubt xs

",,True,2,"theorem t10 (h : ∃ x ∈ s, ¬Even x ∧ Prime x) (ssubt : s ⊆ t) : ∃ x ∈ t, Prime x := by
  rcases h with ⟨x, xs, _, px⟩
  exact ⟨x, ssubt xs, px⟩


",,True,60,MIL.C04_Sets_and_Functions.solutions.Solutions_S01_Sets,Qwen-7B-long,LENGTH,best_of_n,False,0,0.0,CH04.t10,False
-1,False,2,"theorem t10 (h : ∃ x ∈ s, ¬Even x ∧ Prime x) (ssubt : s ⊆ t) : ∃ x ∈ t, Prime x := by
  rcases h with ⟨x, xs, _, px⟩
  use x, ssubt xs

",,True,-1,"theorem t10 (h : ∃ x ∈ s, ¬Even x ∧ Prime x) (ssubt : s ⊆ t) : ∃ x ∈ t, Prime x := by
  rcases h with ⟨x, xs, hx1, px⟩
  exact ⟨x, ssubt xs, qx1⟩
",💥️unknown identifier 'qx1',False,60,MIL.C04_Sets_and_Functions.solutions.Solutions_S01_Sets,Qwen-7B-long,LENGTH,best_of_n,False,0,-1.0,CH04.t10,False
-1,False,2,"theorem t10 (h : ∃ x ∈ s, ¬Even x ∧ Prime x) (ssubt : s ⊆ t) : ∃ x ∈ t, Prime x := by
  rcases h with ⟨x, xs, _, px⟩
  use x, ssubt xs

",,True,0,"theorem t10 (h : ∃ x ∈ s, ¬Even x ∧ Prime x) (ssubt : s ⊆ t) : ∃ x ∈ t, Prime x :=
  let ⟨x, xs, hx0, hx⟩ := h
  ⟨x, ssubt xs, hx⟩
",,True,60,MIL.C04_Sets_and_Functions.solutions.Solutions_S01_Sets,Qwen-7B-long,LENGTH,best_of_n,False,0,1.0,CH04.t10,False
-1,False,2,"theorem t10 (h : ∃ x ∈ s, ¬Even x ∧ Prime x) (ssubt : s ⊆ t) : ∃ x ∈ t, Prime x := by
  rcases h with ⟨x, xs, _, px⟩
  use x, ssubt xs

",,True,0,"theorem t10 (h : ∃ x ∈ s, ¬Even x ∧ Prime x) (ssubt : s ⊆ t) : ∃ x ∈ t, Prime x :=
  let ⟨x, xs, p1, p2⟩ := h
  ⟨x, ssubt xs, p2⟩
",,True,60,MIL.C04_Sets_and_Functions.solutions.Solutions_S01_Sets,Qwen-7B-long,LENGTH,best_of_n,False,0,1.0,CH04.t10,False
-1,False,2,"theorem t10 (h : ∃ x ∈ s, ¬Even x ∧ Prime x) (ssubt : s ⊆ t) : ∃ x ∈ t, Prime x := by
  rcases h with ⟨x, xs, _, px⟩
  use x, ssubt xs

",,True,-1,"theorem t10 (h : ∃ x ∈ s, ¬Even x ∧ Prime x) (ssubt : s ⊆ t) : ∃ x ∈ t, Prime x :=
  let ⟨x, xs, hdx, px⟩ := h
  ⟨x, ssubt xs, hdx, px⟩
","💥️application type mismatch
  And.intro hdx
argument
  hdx
has type
  ¬Even x : Prop
but is expected to have type
  x ≠ 0 : Prop",False,60,MIL.C04_Sets_and_Functions.solutions.Solutions_S01_Sets,Qwen-7B-long,LENGTH,best_of_n,False,0,-1.0,CH04.t10,False
-1,False,2,"theorem t10 (h : ∃ x ∈ s, ¬Even x ∧ Prime x) (ssubt : s ⊆ t) : ∃ x ∈ t, Prime x := by
  rcases h with ⟨x, xs, _, px⟩
  use x, ssubt xs

",,True,2,"theorem t10 (h : ∃ x ∈ s, ¬Even x ∧ Prime x) (ssubt : s ⊆ t) : ∃ x ∈ t, Prime x := by
  rcases h with ⟨x, xs, _, px⟩
  exact ⟨x, ssubt xs, px⟩
",,True,60,MIL.C04_Sets_and_Functions.solutions.Solutions_S01_Sets,Qwen-7B-long,LENGTH,best_of_n,False,0,0.0,CH04.t10,False
-1,False,2,"theorem t10 (h : ∃ x ∈ s, ¬Even x ∧ Prime x) (ssubt : s ⊆ t) : ∃ x ∈ t, Prime x := by
  rcases h with ⟨x, xs, _, px⟩
  use x, ssubt xs

",,True,2,"theorem t10 (h : ∃ x ∈ s, ¬Even x ∧ Prime x) (ssubt : s ⊆ t) : ∃ x ∈ t, Prime x := by
  rcases h with ⟨x, xs, _, px⟩
  use x, ssubt xs


",,True,60,MIL.C04_Sets_and_Functions.solutions.Solutions_S01_Sets,Qwen-7B-long,LENGTH,best_of_n,False,0,0.0,CH04.t10,False
-1,False,19,"theorem t11 : (s ∪ ⋂ i, A i) = ⋂ i, A i ∪ s := by
  ext x
  simp only [mem_union, mem_iInter]
  constructor
  · rintro (xs | xI)
    · intro i
      right
      exact xs
    intro i
    left
    exact xI i
  intro h
  by_cases xs : x ∈ s
  · left
    exact xs
  right
  intro i
  cases h i
  · assumption
  contradiction

",,True,-1,"theorem t11 : (s ∪ ⋂ i, A i) = ⋂ i, A i ∪ s := by
  simp_rw [ext_iff, derUnion, iInter]
  aesop
","💥️unknown identifier 'ext_iff'

💥️simp made no progress",False,60,MIL.C04_Sets_and_Functions.solutions.Solutions_S01_Sets,Qwen-7B-long,LENGTH,best_of_n,False,0,-1.0,CH04.t11,False
-1,False,19,"theorem t11 : (s ∪ ⋂ i, A i) = ⋂ i, A i ∪ s := by
  ext x
  simp only [mem_union, mem_iInter]
  constructor
  · rintro (xs | xI)
    · intro i
      right
      exact xs
    intro i
    left
    exact xI i
  intro h
  by_cases xs : x ∈ s
  · left
    exact xs
  right
  intro i
  cases h i
  · assumption
  contradiction

",,True,-1,"theorem t11 : (s ∪ ⋂ i, A i) = ⋂ i, A i ∪ s :=
  coe_injective <| by ext; simp [mem_union, mem_iInter]; aesop
",💥️unknown identifier 'coe_injective',False,60,MIL.C04_Sets_and_Functions.solutions.Solutions_S01_Sets,Qwen-7B-long,LENGTH,best_of_n,False,0,-1.0,CH04.t11,False
-1,False,19,"theorem t11 : (s ∪ ⋂ i, A i) = ⋂ i, A i ∪ s := by
  ext x
  simp only [mem_union, mem_iInter]
  constructor
  · rintro (xs | xI)
    · intro i
      right
      exact xs
    intro i
    left
    exact xI i
  intro h
  by_cases xs : x ∈ s
  · left
    exact xs
  right
  intro i
  cases h i
  · assumption
  contradiction

",,True,19,"theorem t11 : (s ∪ ⋂ i, A i) = ⋂ i, A i ∪ s := by
  ext x
  simp only [mem_union, mem_iInter]
  constructor
  · rintro (xs | xI)
    · intro i
      right
      exact xs
    intro i
    left
    exact xI i
  intro h
  by_cases xs : x ∈ s
  · left
    exact xs
  right
  intro i
  cases h i
  · assumption
  contradiction


",,True,60,MIL.C04_Sets_and_Functions.solutions.Solutions_S01_Sets,Qwen-7B-long,LENGTH,best_of_n,False,0,0.0,CH04.t11,False
-1,False,19,"theorem t11 : (s ∪ ⋂ i, A i) = ⋂ i, A i ∪ s := by
  ext x
  simp only [mem_union, mem_iInter]
  constructor
  · rintro (xs | xI)
    · intro i
      right
      exact xs
    intro i
    left
    exact xI i
  intro h
  by_cases xs : x ∈ s
  · left
    exact xs
  right
  intro i
  cases h i
  · assumption
  contradiction

",,True,-1,"theorem t11 : (s ∪ ⋂ i, A i) = ⋂ i, A i ∪ s := by
  rw [← sUnion_eq_biUnion, t10, biUnion_range, range_inEncryption, sUnion_encryption,
    biUnion_range, t10, range_inEncryption, sUnion_encryption, biUnion_range]
","💥️tactic 'rewrite' failed, did not find instance of the pattern in the target expression
  ⋃ i ∈ ?m.6681, i
α : Type u_1
I : Type u_2
A : I → Set α
s : Set α
⊢ s ∪ ⋂ i, A i = ⋂ i, A i ∪ s",False,60,MIL.C04_Sets_and_Functions.solutions.Solutions_S01_Sets,Qwen-7B-long,LENGTH,best_of_n,False,0,-1.0,CH04.t11,False
-1,False,19,"theorem t11 : (s ∪ ⋂ i, A i) = ⋂ i, A i ∪ s := by
  ext x
  simp only [mem_union, mem_iInter]
  constructor
  · rintro (xs | xI)
    · intro i
      right
      exact xs
    intro i
    left
    exact xI i
  intro h
  by_cases xs : x ∈ s
  · left
    exact xs
  right
  intro i
  cases h i
  · assumption
  contradiction

",,True,19,"theorem t11 : (s ∪ ⋂ i, A i) = ⋂ i, A i ∪ s := by
  ext x
  simp only [mem_union, mem_iInter]
  constructor
  · rintro (xs | xI)
    · intro i
      right
      exact xs
    intro i
    left
    exact xI i
  intro h
  by_cases xs : x ∈ s
  · left
    exact xs
  right
  intro i
  cases h i
  · assumption
  contradiction


",,True,60,MIL.C04_Sets_and_Functions.solutions.Solutions_S01_Sets,Qwen-7B-long,LENGTH,best_of_n,False,0,0.0,CH04.t11,False
-1,False,19,"theorem t11 : (s ∪ ⋂ i, A i) = ⋂ i, A i ∪ s := by
  ext x
  simp only [mem_union, mem_iInter]
  constructor
  · rintro (xs | xI)
    · intro i
      right
      exact xs
    intro i
    left
    exact xI i
  intro h
  by_cases xs : x ∈ s
  · left
    exact xs
  right
  intro i
  cases h i
  · assumption
  contradiction

",,True,-1,"theorem t11 : (s ∪ ⋂ i, A i) = ⋂ i, A i ∪ s := by
  '* s rintro x (h | h) *<;> aesop (add simp [mem_union, mem_iInter])

","💥️missing end of character literal

💥️unsolved goals
α : Type u_1
I : Type u_2
A : I → Set α
s : Set α
⊢ s ∪ ⋂ i, A i = ⋂ i, A i ∪ s",False,60,MIL.C04_Sets_and_Functions.solutions.Solutions_S01_Sets,Qwen-7B-long,LENGTH,best_of_n,False,0,-1.0,CH04.t11,False
-1,False,19,"theorem t11 : (s ∪ ⋂ i, A i) = ⋂ i, A i ∪ s := by
  ext x
  simp only [mem_union, mem_iInter]
  constructor
  · rintro (xs | xI)
    · intro i
      right
      exact xs
    intro i
    left
    exact xI i
  intro h
  by_cases xs : x ∈ s
  · left
    exact xs
  right
  intro i
  cases h i
  · assumption
  contradiction

",,True,-1,"theorem t11 : (s ∪ ⋂ i, A i) = ⋂ i, A i ∪ s := by
  rw [⟨[A]iInter_image_left_, iUnion_image_left_⟩]
  simpa using union_eq
",💥️unexpected identifier; expected '⟩',False,60,MIL.C04_Sets_and_Functions.solutions.Solutions_S01_Sets,Qwen-7B-long,LENGTH,best_of_n,False,0,-1.0,CH04.t11,False
-1,False,19,"theorem t11 : (s ∪ ⋂ i, A i) = ⋂ i, A i ∪ s := by
  ext x
  simp only [mem_union, mem_iInter]
  constructor
  · rintro (xs | xI)
    · intro i
      right
      exact xs
    intro i
    left
    exact xI i
  intro h
  by_cases xs : x ∈ s
  · left
    exact xs
  right
  intro i
  cases h i
  · assumption
  contradiction

",,True,-1,"theorem t11 : (s ∪ ⋂ i, A i) = ⋂ i, A i ∪ s :=
  (idUnion_unidInter A).symm
",💥️unknown identifier 'idUnion_unidInter',False,60,MIL.C04_Sets_and_Functions.solutions.Solutions_S01_Sets,Qwen-7B-long,LENGTH,best_of_n,False,0,-1.0,CH04.t11,False
-1,False,19,"theorem t11 : (s ∪ ⋂ i, A i) = ⋂ i, A i ∪ s := by
  ext x
  simp only [mem_union, mem_iInter]
  constructor
  · rintro (xs | xI)
    · intro i
      right
      exact xs
    intro i
    left
    exact xI i
  intro h
  by_cases xs : x ∈ s
  · left
    exact xs
  right
  intro i
  cases h i
  · assumption
  contradiction

",,True,-1,"theorem t11 : (s ∪ ⋂ i, A i) = ⋂ i, A i ∪ s :=
  Set.ext fun x => by simp [pos_iff.2 x.2, iInter]
","💥️unknown identifier 'pos_iff'

💥️tactic 'simp' failed, nested error:
maximum recursion depth has been reached
use `set_option maxRecDepth <num>` to increase limit
use `set_option diagnostics true` to get diagnostic information",False,60,MIL.C04_Sets_and_Functions.solutions.Solutions_S01_Sets,Qwen-7B-long,LENGTH,best_of_n,False,0,-1.0,CH04.t11,False
-1,False,19,"theorem t11 : (s ∪ ⋂ i, A i) = ⋂ i, A i ∪ s := by
  ext x
  simp only [mem_union, mem_iInter]
  constructor
  · rintro (xs | xI)
    · intro i
      right
      exact xs
    intro i
    left
    exact xI i
  intro h
  by_cases xs : x ∈ s
  · left
    exact xs
  right
  intro i
  cases h i
  · assumption
  contradiction

",,True,-1,"@[deprecated t11] -- 2024-02-14
theorem t11 : (s ∪ ⋂ i, A i) = ⋂ i, A i ∪ s := t11
","💥️fail to show termination for
  CH04.t11
with errors
failed to infer structural recursion:
Not considering parameter α of CH04.t11:
  it is unchanged in the recursive calls
Not considering parameter I of CH04.t11:
  it is unchanged in the recursive calls
Not considering parameter A of CH04.t11:
  it is unchanged in the recursive calls
Not considering parameter s of CH04.t11:
  it is unchanged in the recursive calls
no parameters suitable for structural recursion

well-founded recursion cannot be used, 'CH04.t11' does not take any (non-fixed) arguments",False,60,MIL.C04_Sets_and_Functions.solutions.Solutions_S01_Sets,Qwen-7B-long,LENGTH,best_of_n,False,0,-1.0,CH04.t11,False
-1,False,19,"theorem t11 : (s ∪ ⋂ i, A i) = ⋂ i, A i ∪ s := by
  ext x
  simp only [mem_union, mem_iInter]
  constructor
  · rintro (xs | xI)
    · intro i
      right
      exact xs
    intro i
    left
    exact xI i
  intro h
  by_cases xs : x ∈ s
  · left
    exact xs
  right
  intro i
  cases h i
  · assumption
  contradiction

",,True,-1,"theorem t11 : (s ∪ ⋂ i, A i) = ⋂ i, A i ∪ s := by
  rw [ext_iff, Set.ext_iff]
  aesop (add simp [← sUnion_range])

","💥️unexpected token '←'; expected Aesop.builder_name, Aesop.builder_option, Aesop.phase or Aesop.priority

💥️unknown identifier 'ext_iff'",False,60,MIL.C04_Sets_and_Functions.solutions.Solutions_S01_Sets,Qwen-7B-long,LENGTH,best_of_n,False,0,-1.0,CH04.t11,False
-1,False,19,"theorem t11 : (s ∪ ⋂ i, A i) = ⋂ i, A i ∪ s := by
  ext x
  simp only [mem_union, mem_iInter]
  constructor
  · rintro (xs | xI)
    · intro i
      right
      exact xs
    intro i
    left
    exact xI i
  intro h
  by_cases xs : x ∈ s
  · left
    exact xs
  right
  intro i
  cases h i
  · assumption
  contradiction

",,True,-1,"theorem t11 : (s ∪ ⋂ i, A i) = ⋂ i, A i ∪ s :=
  coe_injective <| by ext; simp
",💥️unknown identifier 'coe_injective',False,60,MIL.C04_Sets_and_Functions.solutions.Solutions_S01_Sets,Qwen-7B-long,LENGTH,best_of_n,False,0,-1.0,CH04.t11,False
-1,False,19,"theorem t11 : (s ∪ ⋂ i, A i) = ⋂ i, A i ∪ s := by
  ext x
  simp only [mem_union, mem_iInter]
  constructor
  · rintro (xs | xI)
    · intro i
      right
      exact xs
    intro i
    left
    exact xI i
  intro h
  by_cases xs : x ∈ s
  · left
    exact xs
  right
  intro i
  cases h i
  · assumption
  contradiction

",,True,-1,"theorem t11 : (s ∪ ⋂ i, A i) = ⋂ i, A i ∪ s := by
  simp_rw [← singleton_union_iff, union_iInter_comm]
","💥️unknown identifier 'singleton_union_iff'

💥️simp made no progress",False,60,MIL.C04_Sets_and_Functions.solutions.Solutions_S01_Sets,Qwen-7B-long,LENGTH,best_of_n,False,0,-1.0,CH04.t11,False
-1,False,19,"theorem t11 : (s ∪ ⋂ i, A i) = ⋂ i, A i ∪ s := by
  ext x
  simp only [mem_union, mem_iInter]
  constructor
  · rintro (xs | xI)
    · intro i
      right
      exact xs
    intro i
    left
    exact xI i
  intro h
  by_cases xs : x ∈ s
  · left
    exact xs
  right
  intro i
  cases h i
  · assumption
  contradiction

",,True,-1,"theorem t11 : (s ∪ ⋂ i, A i) = ⋂ i, A i ∪ s := by
  simp_rw [mem_inf_le_iff, mem_iInter_iff, mem_sup_le_iff]
  aesop (add simp [subset_def])
","💥️unknown identifier 'mem_inf_le_iff'

💥️simp made no progress",False,60,MIL.C04_Sets_and_Functions.solutions.Solutions_S01_Sets,Qwen-7B-long,LENGTH,best_of_n,False,0,-1.0,CH04.t11,False
-1,False,19,"theorem t11 : (s ∪ ⋂ i, A i) = ⋂ i, A i ∪ s := by
  ext x
  simp only [mem_union, mem_iInter]
  constructor
  · rintro (xs | xI)
    · intro i
      right
      exact xs
    intro i
    left
    exact xI i
  intro h
  by_cases xs : x ∈ s
  · left
    exact xs
  right
  intro i
  cases h i
  · assumption
  contradiction

",,True,-1,"theorem t11 : (s ∪ ⋂ i, A i) = ⋂ i, A i ∪ s := by
  rw [⋂_eq_sUnion, t12]
  apply Subset.antisymm
  · ext i
    simp [mem_sUnion, exists_prop, sOr, or_and_and_comm]
  ext i
  rw [mem_sUnion, exists_prop, sOr, or_and_and_comm]
  · rintro (a | b)
    · simpa using insert (A a) s
    · simpa [biInter]
","💥️unknown identifier 't12'

💥️tactic 'rewrite' failed, equality or iff proof expected
  Prop
α : Type u_1
I : Type u_2
A : I → Set α
s : Set α
⊢ s ∪ ⋂ i, A i = ⋂ i, A i ∪ s",False,60,MIL.C04_Sets_and_Functions.solutions.Solutions_S01_Sets,Qwen-7B-long,LENGTH,best_of_n,False,0,-1.0,CH04.t11,False
-1,False,19,"theorem t11 : (s ∪ ⋂ i, A i) = ⋂ i, A i ∪ s := by
  ext x
  simp only [mem_union, mem_iInter]
  constructor
  · rintro (xs | xI)
    · intro i
      right
      exact xs
    intro i
    left
    exact xI i
  intro h
  by_cases xs : x ∈ s
  · left
    exact xs
  right
  intro i
  cases h i
  · assumption
  contradiction

",,True,-1,"theorem t11 : (s ∪ ⋂ i, A i) = ⋂ i, A i ∪ s :=
  coe_injective <| by ext; simp [Union, IInter]
",💥️unknown identifier 'coe_injective',False,60,MIL.C04_Sets_and_Functions.solutions.Solutions_S01_Sets,Qwen-7B-long,LENGTH,best_of_n,False,0,-1.0,CH04.t11,False
-1,False,19,"theorem t11 : (s ∪ ⋂ i, A i) = ⋂ i, A i ∪ s := by
  ext x
  simp only [mem_union, mem_iInter]
  constructor
  · rintro (xs | xI)
    · intro i
      right
      exact xs
    intro i
    left
    exact xI i
  intro h
  by_cases xs : x ∈ s
  · left
    exact xs
  right
  intro i
  cases h i
  · assumption
  contradiction

",,True,-1,"theorem t11 : (s ∪ ⋂ i, A i) = ⋂ i, A i ∪ s :=
  coe_injective <| by ext; simp [Union, iInter]
",💥️unknown identifier 'coe_injective',False,60,MIL.C04_Sets_and_Functions.solutions.Solutions_S01_Sets,Qwen-7B-long,LENGTH,best_of_n,False,0,-1.0,CH04.t11,False
-1,False,19,"theorem t11 : (s ∪ ⋂ i, A i) = ⋂ i, A i ∪ s := by
  ext x
  simp only [mem_union, mem_iInter]
  constructor
  · rintro (xs | xI)
    · intro i
      right
      exact xs
    intro i
    left
    exact xI i
  intro h
  by_cases xs : x ∈ s
  · left
    exact xs
  right
  intro i
  cases h i
  · assumption
  contradiction

",,True,-1,"theorem t11 : (s ∪ ⋂ i, A i) = ⋂ i, A i ∪ s := by
  ext x
  simp only [mem_union, mem_iInter]
  split_ifs <;> aesop


","💥️tactic 'split_ifs' failed, no if-then-else conditions to split
case h
α : Type u_1
I : Type u_2
A : I → Set α
s : Set α
x : α
⊢ (x ∈ s ∨ ∀ (i : I), x ∈ A i) ↔ ∀ (i : I), x ∈ A i ∨ x ∈ s",False,60,MIL.C04_Sets_and_Functions.solutions.Solutions_S01_Sets,Qwen-7B-long,LENGTH,best_of_n,False,0,-1.0,CH04.t11,False
-1,False,19,"theorem t11 : (s ∪ ⋂ i, A i) = ⋂ i, A i ∪ s := by
  ext x
  simp only [mem_union, mem_iInter]
  constructor
  · rintro (xs | xI)
    · intro i
      right
      exact xs
    intro i
    left
    exact xI i
  intro h
  by_cases xs : x ∈ s
  · left
    exact xs
  right
  intro i
  cases h i
  · assumption
  contradiction

",,True,19,"theorem t11 : (s ∪ ⋂ i, A i) = ⋂ i, A i ∪ s := by
  ext x
  simp only [mem_union, mem_iInter]
  constructor
  · rintro (xs | xI)
    · intro i
      right
      exact xs
    intro i
    left
    exact xI i
  intro h
  by_cases xs : x ∈ s
  · left
    exact xs
  right
  intro i
  cases h i
  · assumption
  contradiction


",,True,60,MIL.C04_Sets_and_Functions.solutions.Solutions_S01_Sets,Qwen-7B-long,LENGTH,best_of_n,False,0,0.0,CH04.t11,False
-1,False,19,"theorem t11 : (s ∪ ⋂ i, A i) = ⋂ i, A i ∪ s := by
  ext x
  simp only [mem_union, mem_iInter]
  constructor
  · rintro (xs | xI)
    · intro i
      right
      exact xs
    intro i
    left
    exact xI i
  intro h
  by_cases xs : x ∈ s
  · left
    exact xs
  right
  intro i
  cases h i
  · assumption
  contradiction

",,True,-1,"theorem t11 : (s ∪ ⋂ i, A i) = ⋂ i, A i ∪ s :=
  (set.union_commutes_iff_disjoint s).of_eq_iff.1 t10 <| by ext; simp [mem_iInter]
","💥️invalid field notation, type is not of the form (C ...) where C is a constant
  set
has type
  ?m.6750 → ?m.6751 PUnit.{?u.6749 + 1}",False,60,MIL.C04_Sets_and_Functions.solutions.Solutions_S01_Sets,Qwen-7B-long,LENGTH,best_of_n,False,0,-1.0,CH04.t11,False
-1,False,19,"theorem t11 : (s ∪ ⋂ i, A i) = ⋂ i, A i ∪ s := by
  ext x
  simp only [mem_union, mem_iInter]
  constructor
  · rintro (xs | xI)
    · intro i
      right
      exact xs
    intro i
    left
    exact xI i
  intro h
  by_cases xs : x ∈ s
  · left
    exact xs
  right
  intro i
  cases h i
  · assumption
  contradiction

",,True,-1,"theorem t11 : (s ∪ ⋂ i, A i) = ⋂ i, A i ∪ s := by
  rw [← sUnion_eq_biUnion, (biInter_subset_iff.2 _).mono s, biUnion_setOf|
    eq_biUnion_iff.2 $ sUnion_setOf, biUnionFinset_def, tAlright_iff_iff, eq_comm]
  exact t11
",💥️unexpected token '|'; expected ']',False,60,MIL.C04_Sets_and_Functions.solutions.Solutions_S01_Sets,Qwen-7B-long,LENGTH,best_of_n,False,0,-1.0,CH04.t11,False
-1,False,19,"theorem t11 : (s ∪ ⋂ i, A i) = ⋂ i, A i ∪ s := by
  ext x
  simp only [mem_union, mem_iInter]
  constructor
  · rintro (xs | xI)
    · intro i
      right
      exact xs
    intro i
    left
    exact xI i
  intro h
  by_cases xs : x ∈ s
  · left
    exact xs
  right
  intro i
  cases h i
  · assumption
  contradiction

",,True,-1,"theorem t11 : (s ∪ ⋂ i, A i) = ⋂ i, A i ∪ s := by
  rw [ext_iff_forall_iff, mem_union, mem_iInterch]
  constructor
  · rintro (_ | iA)
    · intro i
      right
      exact _
    intro i
    left
    exact iA i
  intro h
  by_cases x : x ∈ s
  · left
    exact x
  right
  rintro i hi
  cases h i
  · assumption
  contradiction


","💥️unknown identifier 'ext_iff_forall_iff'

💥️tactic 'rewrite' failed, equality or iff proof expected
  ?m.6679
α : Type u_1
I : Type u_2
A : I → Set α
s : Set α
⊢ s ∪ ⋂ i, A i = ⋂ i, A i ∪ s",False,60,MIL.C04_Sets_and_Functions.solutions.Solutions_S01_Sets,Qwen-7B-long,LENGTH,best_of_n,False,0,-1.0,CH04.t11,False
-1,False,19,"theorem t11 : (s ∪ ⋂ i, A i) = ⋂ i, A i ∪ s := by
  ext x
  simp only [mem_union, mem_iInter]
  constructor
  · rintro (xs | xI)
    · intro i
      right
      exact xs
    intro i
    left
    exact xI i
  intro h
  by_cases xs : x ∈ s
  · left
    exact xs
  right
  intro i
  cases h i
  · assumption
  contradiction

",,True,-1,"theorem t11 : (s ∪ ⋂ i, A i) = ⋂ i, A i ∪ s := by
  rw [← sUnion_range, (A range).idemp, swap, t11_range_iff]
  rfl


","💥️tactic 'rewrite' failed, did not find instance of the pattern in the target expression
  ⋃ x, ?f x
α : Type u_1
I : Type u_2
A : I → Set α
s : Set α
⊢ s ∪ ⋂ i, A i = ⋂ i, A i ∪ s",False,60,MIL.C04_Sets_and_Functions.solutions.Solutions_S01_Sets,Qwen-7B-long,LENGTH,best_of_n,False,0,-1.0,CH04.t11,False
-1,False,19,"theorem t11 : (s ∪ ⋂ i, A i) = ⋂ i, A i ∪ s := by
  ext x
  simp only [mem_union, mem_iInter]
  constructor
  · rintro (xs | xI)
    · intro i
      right
      exact xs
    intro i
    left
    exact xI i
  intro h
  by_cases xs : x ∈ s
  · left
    exact xs
  right
  intro i
  cases h i
  · assumption
  contradiction

",,True,-1,"theorem t11 : (s ∪ ⋂ i, A i) = ⋂ i, A i ∪ s := by
  bend simp [mem_inter]
  ac
","💥️unknown tactic

💥️unsolved goals
α : Type u_1
I : Type u_2
A : I → Set α
s : Set α
⊢ s ∪ ⋂ i, A i = ⋂ i, A i ∪ s",False,60,MIL.C04_Sets_and_Functions.solutions.Solutions_S01_Sets,Qwen-7B-long,LENGTH,best_of_n,False,0,-1.0,CH04.t11,False
-1,False,19,"theorem t11 : (s ∪ ⋂ i, A i) = ⋂ i, A i ∪ s := by
  ext x
  simp only [mem_union, mem_iInter]
  constructor
  · rintro (xs | xI)
    · intro i
      right
      exact xs
    intro i
    left
    exact xI i
  intro h
  by_cases xs : x ∈ s
  · left
    exact xs
  right
  intro i
  cases h i
  · assumption
  contradiction

",,True,-1,"theorem t11 : (s ∪ ⋂ i, A i) = ⋂ i, A i ∪ s := by
  ext i
  simp [setUnion]
","💥️unknown identifier 'setUnion'

💥️unsolved goals
case h
α : Type u_1
I : Type u_2
A : I → Set α
s : Set α
i : α
⊢ (i ∈ s ∨ ∀ (i_1 : I), i ∈ A i_1) ↔ ∀ (i_1 : I), i ∈ A i_1 ∨ i ∈ s",False,60,MIL.C04_Sets_and_Functions.solutions.Solutions_S01_Sets,Qwen-7B-long,LENGTH,best_of_n,False,0,-1.0,CH04.t11,False
-1,False,19,"theorem t11 : (s ∪ ⋂ i, A i) = ⋂ i, A i ∪ s := by
  ext x
  simp only [mem_union, mem_iInter]
  constructor
  · rintro (xs | xI)
    · intro i
      right
      exact xs
    intro i
    left
    exact xI i
  intro h
  by_cases xs : x ∈ s
  · left
    exact xs
  right
  intro i
  cases h i
  · assumption
  contradiction

",,True,-1,"theorem t11 : (s ∪ ⋂ i, A i) = ⋂ i, A i ∪ s :=
  coe_injective <| by ext; simp only [mem_union, mem_iInter]; constructor
  (key := by introv; by_cases H : x ∈ s; unfold H; exact not_imp_not.mpr (t11.mp H))
",💥️unknown identifier 'coe_injective',False,60,MIL.C04_Sets_and_Functions.solutions.Solutions_S01_Sets,Qwen-7B-long,LENGTH,best_of_n,False,0,-1.0,CH04.t11,False
-1,False,19,"theorem t11 : (s ∪ ⋂ i, A i) = ⋂ i, A i ∪ s := by
  ext x
  simp only [mem_union, mem_iInter]
  constructor
  · rintro (xs | xI)
    · intro i
      right
      exact xs
    intro i
    left
    exact xI i
  intro h
  by_cases xs : x ∈ s
  · left
    exact xs
  right
  intro i
  cases h i
  · assumption
  contradiction

",,True,-1,"theorem t11 : (s ∪ ⋂ i, A i) = ⋂ i, A i ∪ s := by
  rw [left_comm_iff, or_rel_comm]
","💥️unknown identifier 'left_comm_iff'

💥️tactic 'rewrite' failed, equality or iff proof expected
  ?m.6679
α : Type u_1
I : Type u_2
A : I → Set α
s : Set α
⊢ s ∪ ⋂ i, A i = ⋂ i, A i ∪ s",False,60,MIL.C04_Sets_and_Functions.solutions.Solutions_S01_Sets,Qwen-7B-long,LENGTH,best_of_n,False,0,-1.0,CH04.t11,False
-1,False,19,"theorem t11 : (s ∪ ⋂ i, A i) = ⋂ i, A i ∪ s := by
  ext x
  simp only [mem_union, mem_iInter]
  constructor
  · rintro (xs | xI)
    · intro i
      right
      exact xs
    intro i
    left
    exact xI i
  intro h
  by_cases xs : x ∈ s
  · left
    exact xs
  right
  intro i
  cases h i
  · assumption
  contradiction

",,True,-1,"theorem t11 : (s ∪ ⋂ i, A i) = ⋂ i, A i ∪ s := by
  rw [ext_iff, mem_union, mem_iInter, implies_true_or]
  aesop


","💥️unknown identifier 'ext_iff'

💥️tactic 'rewrite' failed, equality or iff proof expected
  ?m.6679
α : Type u_1
I : Type u_2
A : I → Set α
s : Set α
⊢ s ∪ ⋂ i, A i = ⋂ i, A i ∪ s",False,60,MIL.C04_Sets_and_Functions.solutions.Solutions_S01_Sets,Qwen-7B-long,LENGTH,best_of_n,False,0,-1.0,CH04.t11,False
-1,False,19,"theorem t11 : (s ∪ ⋂ i, A i) = ⋂ i, A i ∪ s := by
  ext x
  simp only [mem_union, mem_iInter]
  constructor
  · rintro (xs | xI)
    · intro i
      right
      exact xs
    intro i
    left
    exact xI i
  intro h
  by_cases xs : x ∈ s
  · left
    exact xs
  right
  intro i
  cases h i
  · assumption
  contradiction

",,True,-1,"theorem t11 : (s ∪ ⋂ i, A i) = ⋂ i, A i ∪ s := by
  simp_rw [Union_eq]
","💥️unknown identifier 'Union_eq'

💥️simp made no progress",False,60,MIL.C04_Sets_and_Functions.solutions.Solutions_S01_Sets,Qwen-7B-long,LENGTH,best_of_n,False,0,-1.0,CH04.t11,False
-1,False,19,"theorem t11 : (s ∪ ⋂ i, A i) = ⋂ i, A i ∪ s := by
  ext x
  simp only [mem_union, mem_iInter]
  constructor
  · rintro (xs | xI)
    · intro i
      right
      exact xs
    intro i
    left
    exact xI i
  intro h
  by_cases xs : x ∈ s
  · left
    exact xs
  right
  intro i
  cases h i
  · assumption
  contradiction

",,True,-1,"theorem t11 : (s ∪ ⋂ i, A i) = ⋂ i, A i ∪ s := by
  ext x
  simp only [mem_union, mem_iInter]
  constructor
  · intro (xs | xI)
    · intro i
      right
      exact xs
    intro i
    left
    exact xI i
  intro h
  by_cases xs : x ∈ s
  · left
    exact xs
  right
  intro i
  cases h i
  · assumption
  contradiction


","💥️unexpected token '|'; expected ')', ',' or ':'

💥️unsolved goals
case h.mp
α : Type u_1
I : Type u_2
A : I → Set α
s : Set α
x : α
xs : x ∈ s ∨ ∀ (i : I), x ∈ A i
⊢ ∀ (i : I), x ∈ A i ∨ x ∈ s

💥️unsolved goals
case h.mpr
α : Type u_1
I : Type u_2
A : I → Set α
s : Set α
x : α
⊢ (∀ (i : I), x ∈ A i ∨ x ∈ s) → x ∈ s ∨ ∀ (i : I), x ∈ A i",False,60,MIL.C04_Sets_and_Functions.solutions.Solutions_S01_Sets,Qwen-7B-long,LENGTH,best_of_n,False,0,-1.0,CH04.t11,False
-1,False,19,"theorem t11 : (s ∪ ⋂ i, A i) = ⋂ i, A i ∪ s := by
  ext x
  simp only [mem_union, mem_iInter]
  constructor
  · rintro (xs | xI)
    · intro i
      right
      exact xs
    intro i
    left
    exact xI i
  intro h
  by_cases xs : x ∈ s
  · left
    exact xs
  right
  intro i
  cases h i
  · assumption
  contradiction

",,True,-1,"theorem t11 : (s ∪ ⋂ i, A i) = ⋂ i, A i ∪ s := by
  simp_rw [← sUnion_range, (set.ext fun _ ↦ le_range_iff), t11_range_iff]
",💥️simp made no progress,False,60,MIL.C04_Sets_and_Functions.solutions.Solutions_S01_Sets,Qwen-7B-long,LENGTH,best_of_n,False,0,-1.0,CH04.t11,False
-1,False,19,"theorem t11 : (s ∪ ⋂ i, A i) = ⋂ i, A i ∪ s := by
  ext x
  simp only [mem_union, mem_iInter]
  constructor
  · rintro (xs | xI)
    · intro i
      right
      exact xs
    intro i
    left
    exact xI i
  intro h
  by_cases xs : x ∈ s
  · left
    exact xs
  right
  intro i
  cases h i
  · assumption
  contradiction

",,True,-1,"theorem t11 : (s ∪ ⋂ i, A i) = ⋂ i, A i ∪ s :=
  coe_injective <| by ext; simp [mem_union, mem_iInter]
",💥️unknown identifier 'coe_injective',False,60,MIL.C04_Sets_and_Functions.solutions.Solutions_S01_Sets,Qwen-7B-long,LENGTH,best_of_n,False,0,-1.0,CH04.t11,False
-1,False,19,"theorem t11 : (s ∪ ⋂ i, A i) = ⋂ i, A i ∪ s := by
  ext x
  simp only [mem_union, mem_iInter]
  constructor
  · rintro (xs | xI)
    · intro i
      right
      exact xs
    intro i
    left
    exact xI i
  intro h
  by_cases xs : x ∈ s
  · left
    exact xs
  right
  intro i
  cases h i
  · assumption
  contradiction

",,True,-1,"theorem t11 : (s ∪ ⋂ i, A i) = ⋂ i, A i ∪ s := by
  simp [idempotent_l]
","💥️unknown identifier 'idempotent_l'

💥️simp made no progress",False,60,MIL.C04_Sets_and_Functions.solutions.Solutions_S01_Sets,Qwen-7B-long,LENGTH,best_of_n,False,0,-1.0,CH04.t11,False
-1,False,19,"theorem t11 : (s ∪ ⋂ i, A i) = ⋂ i, A i ∪ s := by
  ext x
  simp only [mem_union, mem_iInter]
  constructor
  · rintro (xs | xI)
    · intro i
      right
      exact xs
    intro i
    left
    exact xI i
  intro h
  by_cases xs : x ∈ s
  · left
    exact xs
  right
  intro i
  cases h i
  · assumption
  contradiction

",,True,19,"theorem t11 : (s ∪ ⋂ i, A i) = ⋂ i, A i ∪ s := by
  ext x
  simp only [mem_union, mem_iInter]
  constructor
  · rintro (xs | xI)
    · intro i
      right
      exact xs
    intro i
    left
    exact xI i
  intro h
  by_cases xs : x ∈ s
  · left
    exact xs
  right
  intro i
  cases h i
  · assumption
  contradiction


",,True,60,MIL.C04_Sets_and_Functions.solutions.Solutions_S01_Sets,Qwen-7B-long,LENGTH,best_of_n,False,0,0.0,CH04.t11,False
-1,False,19,"theorem t11 : (s ∪ ⋂ i, A i) = ⋂ i, A i ∪ s := by
  ext x
  simp only [mem_union, mem_iInter]
  constructor
  · rintro (xs | xI)
    · intro i
      right
      exact xs
    intro i
    left
    exact xI i
  intro h
  by_cases xs : x ∈ s
  · left
    exact xs
  right
  intro i
  cases h i
  · assumption
  contradiction

",,True,-1,"theorem t11 : (s ∪ ⋂ i, A i) = ⋂ i, A i ∪ s := by
  simp_rw [ext_iff, mem_iInter, Union_eq_iff, biInter_range, biUnion_range]
","💥️unknown identifier 'ext_iff'

💥️simp made no progress",False,60,MIL.C04_Sets_and_Functions.solutions.Solutions_S01_Sets,Qwen-7B-long,LENGTH,best_of_n,False,0,-1.0,CH04.t11,False
-1,False,19,"theorem t11 : (s ∪ ⋂ i, A i) = ⋂ i, A i ∪ s := by
  ext x
  simp only [mem_union, mem_iInter]
  constructor
  · rintro (xs | xI)
    · intro i
      right
      exact xs
    intro i
    left
    exact xI i
  intro h
  by_cases xs : x ∈ s
  · left
    exact xs
  right
  intro i
  cases h i
  · assumption
  contradiction

",,True,-1,"theorem t11 : (s ∪ ⋂ i, A i) = ⋂ i, A i ∪ s :=
  coe_injective <| by ext; simp [ coaching := ""linear_combination t10"" ]
Alternately, use more direct proof:
theorem t11 : (s ∪ ⋂ i, A i) = ⋂ i, A i ∪ s := by
  ext
  simp only [mem_union, mem_iInter]
  constructor
  · rintro (xs | xI)
    · intro i
      right
      exact xs
    intro i
    left
    exact xI i
  intro h
  by_cases xs : x ∈ s
  · left
    exact xs
  right
  intro i
  cases h i
  · assumption
  contradiction


",💥️unexpected token ':='; expected ']',False,60,MIL.C04_Sets_and_Functions.solutions.Solutions_S01_Sets,Qwen-7B-long,LENGTH,best_of_n,False,0,-1.0,CH04.t11,False
-1,False,19,"theorem t11 : (s ∪ ⋂ i, A i) = ⋂ i, A i ∪ s := by
  ext x
  simp only [mem_union, mem_iInter]
  constructor
  · rintro (xs | xI)
    · intro i
      right
      exact xs
    intro i
    left
    exact xI i
  intro h
  by_cases xs : x ∈ s
  · left
    exact xs
  right
  intro i
  cases h i
  · assumption
  contradiction

",,True,-1,"theorem t11 : (s ∪ ⋂ i, A i) = ⋂ i, A i ∪ s := by
  simpa using union_distrib' (biInter A)
  fun s i ↦ (or_comm _ _).trans <|
    (Union_congr_right_iff m).mp <|
     osite_of_not (Union_congr_right m).mpr <| biInter_of_mem i A i s
  fun s i ↦ (or_comm _ _).trans <|
    (biInter_iff_not m).mpr <|
      (Union_congr_right m).mpr <| biInter_of_mem i A i s
",💥️unknown identifier 'union_distrib'',False,60,MIL.C04_Sets_and_Functions.solutions.Solutions_S01_Sets,Qwen-7B-long,LENGTH,best_of_n,False,0,-1.0,CH04.t11,False
-1,False,19,"theorem t11 : (s ∪ ⋂ i, A i) = ⋂ i, A i ∪ s := by
  ext x
  simp only [mem_union, mem_iInter]
  constructor
  · rintro (xs | xI)
    · intro i
      right
      exact xs
    intro i
    left
    exact xI i
  intro h
  by_cases xs : x ∈ s
  · left
    exact xs
  right
  intro i
  cases h i
  · assumption
  contradiction

",,True,-1,"theorem t11 : (s ∪ ⋂ i, A i) = ⋂ i, A i ∪ s := by
  simp_rw [mem_union, mem_biInter, biInter_range_val]
  rfl
",💥️simp made no progress,False,60,MIL.C04_Sets_and_Functions.solutions.Solutions_S01_Sets,Qwen-7B-long,LENGTH,best_of_n,False,0,-1.0,CH04.t11,False
-1,False,19,"theorem t11 : (s ∪ ⋂ i, A i) = ⋂ i, A i ∪ s := by
  ext x
  simp only [mem_union, mem_iInter]
  constructor
  · rintro (xs | xI)
    · intro i
      right
      exact xs
    intro i
    left
    exact xI i
  intro h
  by_cases xs : x ∈ s
  · left
    exact xs
  right
  intro i
  cases h i
  · assumption
  contradiction

",,True,-1,"theorem t11 : (s ∪ ⋂ i, A i) = ⋂ i, A i ∪ s := by
  simp_rw [Union_eq_IUnion, iInter]
  exact Set.ext (fun x ↦ by aesop)
","💥️unknown identifier 'Union_eq_IUnion'

💥️simp made no progress",False,60,MIL.C04_Sets_and_Functions.solutions.Solutions_S01_Sets,Qwen-7B-long,LENGTH,best_of_n,False,0,-1.0,CH04.t11,False
-1,False,19,"theorem t11 : (s ∪ ⋂ i, A i) = ⋂ i, A i ∪ s := by
  ext x
  simp only [mem_union, mem_iInter]
  constructor
  · rintro (xs | xI)
    · intro i
      right
      exact xs
    intro i
    left
    exact xI i
  intro h
  by_cases xs : x ∈ s
  · left
    exact xs
  right
  intro i
  cases h i
  · assumption
  contradiction

",,True,-1,"theorem t11 : (s ∪ ⋂ i, A i) = ⋂ i, A i ∪ s := by
  simp [ext_iff, all_or_iff]
","💥️unknown identifier 'ext_iff'

💥️unknown identifier 'all_or_iff'

💥️simp made no progress",False,60,MIL.C04_Sets_and_Functions.solutions.Solutions_S01_Sets,Qwen-7B-long,LENGTH,best_of_n,False,0,-1.0,CH04.t11,False
-1,False,19,"theorem t11 : (s ∪ ⋂ i, A i) = ⋂ i, A i ∪ s := by
  ext x
  simp only [mem_union, mem_iInter]
  constructor
  · rintro (xs | xI)
    · intro i
      right
      exact xs
    intro i
    left
    exact xI i
  intro h
  by_cases xs : x ∈ s
  · left
    exact xs
  right
  intro i
  cases h i
  · assumption
  contradiction

",,True,-1,"theorem t11 : (s ∪ ⋂ i, A i) = ⋂ i, A i ∪ s := by
  ext i
  simp_rw [mem_union, mem_iInter, Or_comm]
  aesop
","💥️unknown identifier 'Or_comm'

💥️simp made no progress",False,60,MIL.C04_Sets_and_Functions.solutions.Solutions_S01_Sets,Qwen-7B-long,LENGTH,best_of_n,False,0,-1.0,CH04.t11,False
-1,False,19,"theorem t11 : (s ∪ ⋂ i, A i) = ⋂ i, A i ∪ s := by
  ext x
  simp only [mem_union, mem_iInter]
  constructor
  · rintro (xs | xI)
    · intro i
      right
      exact xs
    intro i
    left
    exact xI i
  intro h
  by_cases xs : x ∈ s
  · left
    exact xs
  right
  intro i
  cases h i
  · assumption
  contradiction

",,True,-1,"instance t11 : (s ∪ ⋂ i, A i) = ⋂ i, A i ∪ s := by
  rw [t11, t11, Union_congr]
","💥️tactic 'rewrite' failed, did not find instance of the pattern in the target expression
  s ∪ ⋂ i, A i
α : Type u_1
I : Type u_2
A B : I → Set α
s : Set α
⊢ ⋂ i, A i ∪ s = ⋂ i, A i ∪ s

💥️fail to show termination for
  CH04.t11
with errors
failed to infer structural recursion:
Not considering parameter α of CH04.t11:
  it is unchanged in the recursive calls
Not considering parameter I of CH04.t11:
  it is unchanged in the recursive calls
Not considering parameter A of CH04.t11:
  it is unchanged in the recursive calls
Not considering parameter s of CH04.t11:
  it is unchanged in the recursive calls
no parameters suitable for structural recursion

well-founded recursion cannot be used, 'CH04.t11' does not take any (non-fixed) arguments",False,60,MIL.C04_Sets_and_Functions.solutions.Solutions_S01_Sets,Qwen-7B-long,LENGTH,best_of_n,False,0,-1.0,CH04.t11,False
-1,False,19,"theorem t11 : (s ∪ ⋂ i, A i) = ⋂ i, A i ∪ s := by
  ext x
  simp only [mem_union, mem_iInter]
  constructor
  · rintro (xs | xI)
    · intro i
      right
      exact xs
    intro i
    left
    exact xI i
  intro h
  by_cases xs : x ∈ s
  · left
    exact xs
  right
  intro i
  cases h i
  · assumption
  contradiction

",,True,19,"theorem t11 : (s ∪ ⋂ i, A i) = ⋂ i, A i ∪ s := by
  ext x
  simp only [mem_union, mem_iInter]
  constructor
  · rintro (xs | xI)
    · intro i
      right
      exact xs
    intro i
    left
    exact xI i
  intro h
  by_cases xs : x ∈ s
  · left
    exact xs
  right
  intro i
  cases h i
  · assumption
  contradiction


",,True,60,MIL.C04_Sets_and_Functions.solutions.Solutions_S01_Sets,Qwen-7B-long,LENGTH,best_of_n,False,0,0.0,CH04.t11,False
-1,False,19,"theorem t11 : (s ∪ ⋂ i, A i) = ⋂ i, A i ∪ s := by
  ext x
  simp only [mem_union, mem_iInter]
  constructor
  · rintro (xs | xI)
    · intro i
      right
      exact xs
    intro i
    left
    exact xI i
  intro h
  by_cases xs : x ∈ s
  · left
    exact xs
  right
  intro i
  cases h i
  · assumption
  contradiction

",,True,-1,"Yes, this theorem was rewritten as an instance of the general property of union with respect to `Set.IInter` and `Set.IUnion`. This is more maintainable and avoids duplication of proof effort, especially if `t11` is used in multiple contexts.
","💥️unexpected identifier; expected command

💥️unexpected token 'instance'; expected ':'",False,60,MIL.C04_Sets_and_Functions.solutions.Solutions_S01_Sets,Qwen-7B-long,LENGTH,best_of_n,False,0,-1.0,CH04.t11,False
-1,False,19,"theorem t11 : (s ∪ ⋂ i, A i) = ⋂ i, A i ∪ s := by
  ext x
  simp only [mem_union, mem_iInter]
  constructor
  · rintro (xs | xI)
    · intro i
      right
      exact xs
    intro i
    left
    exact xI i
  intro h
  by_cases xs : x ∈ s
  · left
    exact xs
  right
  intro i
  cases h i
  · assumption
  contradiction

",,True,-1,"theorem t11 : (s ∪ ⋂ i, A i) = ⋂ i, A i ∪ s := by
  rw [Ext_iff, mem_left_iff, mem_inter]
  aesop
","💥️unknown identifier 'Ext_iff'

💥️tactic 'rewrite' failed, equality or iff proof expected
  ?m.6679
α : Type u_1
I : Type u_2
A : I → Set α
s : Set α
⊢ s ∪ ⋂ i, A i = ⋂ i, A i ∪ s",False,60,MIL.C04_Sets_and_Functions.solutions.Solutions_S01_Sets,Qwen-7B-long,LENGTH,best_of_n,False,0,-1.0,CH04.t11,False
-1,False,19,"theorem t11 : (s ∪ ⋂ i, A i) = ⋂ i, A i ∪ s := by
  ext x
  simp only [mem_union, mem_iInter]
  constructor
  · rintro (xs | xI)
    · intro i
      right
      exact xs
    intro i
    left
    exact xI i
  intro h
  by_cases xs : x ∈ s
  · left
    exact xs
  right
  intro i
  cases h i
  · assumption
  contradiction

",,True,19,"theorem t11 : (s ∪ ⋂ i, A i) = ⋂ i, A i ∪ s := by
  ext x
  simp only [mem_union, mem_iInter]
  constructor
  · rintro (xs | xI)
    · intro i
      right
      exact xs
    intro i
    left
    exact xI i
  intro h
  by_cases xs : x ∈ s
  · left
    exact xs
  right
  intro i
  cases h i
  · assumption
  contradiction


",,True,60,MIL.C04_Sets_and_Functions.solutions.Solutions_S01_Sets,Qwen-7B-long,LENGTH,best_of_n,False,0,0.0,CH04.t11,False
-1,False,19,"theorem t11 : (s ∪ ⋂ i, A i) = ⋂ i, A i ∪ s := by
  ext x
  simp only [mem_union, mem_iInter]
  constructor
  · rintro (xs | xI)
    · intro i
      right
      exact xs
    intro i
    left
    exact xI i
  intro h
  by_cases xs : x ∈ s
  · left
    exact xs
  right
  intro i
  cases h i
  · assumption
  contradiction

",,True,-1,"theorem t11 : (s ∪ ⋂ i, A i) = ⋂ i, A i ∪ s := by
  simp_rw [t13, t12, union_eq]
","💥️unknown identifier 't13'

💥️simp made no progress",False,60,MIL.C04_Sets_and_Functions.solutions.Solutions_S01_Sets,Qwen-7B-long,LENGTH,best_of_n,False,0,-1.0,CH04.t11,False
-1,False,19,"theorem t11 : (s ∪ ⋂ i, A i) = ⋂ i, A i ∪ s := by
  ext x
  simp only [mem_union, mem_iInter]
  constructor
  · rintro (xs | xI)
    · intro i
      right
      exact xs
    intro i
    left
    exact xI i
  intro h
  by_cases xs : x ∈ s
  · left
    exact xs
  right
  intro i
  cases h i
  · assumption
  contradiction

",,True,-1,"theorem t11 : (s ∪ ⋂ i, A i) = ⋂ i, A i ∪ s := by
  apply Set.ext
  simp [mem_union, mem_iInter]
  congr with x
  aesop
","💥️applyExtTheorem only applies to equations, not
  ∀ (x : α), (x ∈ s ∨ ∀ (i : I), x ∈ A i) ↔ ∀ (i : I), x ∈ A i ∨ x ∈ s",False,60,MIL.C04_Sets_and_Functions.solutions.Solutions_S01_Sets,Qwen-7B-long,LENGTH,best_of_n,False,0,-1.0,CH04.t11,False
-1,False,19,"theorem t11 : (s ∪ ⋂ i, A i) = ⋂ i, A i ∪ s := by
  ext x
  simp only [mem_union, mem_iInter]
  constructor
  · rintro (xs | xI)
    · intro i
      right
      exact xs
    intro i
    left
    exact xI i
  intro h
  by_cases xs : x ∈ s
  · left
    exact xs
  right
  intro i
  cases h i
  · assumption
  contradiction

",,True,19,"theorem t11 : (s ∪ ⋂ i, A i) = ⋂ i, A i ∪ s := by
  ext x
  simp only [mem_union, mem_iInter]
  constructor
  · rintro (xs | xI)
    · intro i
      right
      exact xs
    intro i
    left
    exact xI i
  intro h
  by_cases xs : x ∈ s
  · left
    exact xs
  right
  intro i
  cases h i
  · assumption
  contradiction


",,True,60,MIL.C04_Sets_and_Functions.solutions.Solutions_S01_Sets,Qwen-7B-long,LENGTH,best_of_n,False,0,0.0,CH04.t11,False
-1,False,19,"theorem t11 : (s ∪ ⋂ i, A i) = ⋂ i, A i ∪ s := by
  ext x
  simp only [mem_union, mem_iInter]
  constructor
  · rintro (xs | xI)
    · intro i
      right
      exact xs
    intro i
    left
    exact xI i
  intro h
  by_cases xs : x ∈ s
  · left
    exact xs
  right
  intro i
  cases h i
  · assumption
  contradiction

",,True,-1,"theorem t11 : (s ∪ ⋂ i, A i) = ⋂ i, A i ∪ s := by
  simp only [mem_union, mem_iInter, iUnion_range]
  constructor
  · rintro (xs | xI)
    · intro i
      right
      exact xs
    intro i
    left
    exact xI i
  intro h
  by_cases xs : x ∈ s
  · left
    exact xs
  right
  intro i
  cases h i
  · assumption
  contradiction


","💥️unknown identifier 'iUnion_range'

💥️simp made no progress",False,60,MIL.C04_Sets_and_Functions.solutions.Solutions_S01_Sets,Qwen-7B-long,LENGTH,best_of_n,False,0,-1.0,CH04.t11,False
-1,False,19,"theorem t11 : (s ∪ ⋂ i, A i) = ⋂ i, A i ∪ s := by
  ext x
  simp only [mem_union, mem_iInter]
  constructor
  · rintro (xs | xI)
    · intro i
      right
      exact xs
    intro i
    left
    exact xI i
  intro h
  by_cases xs : x ∈ s
  · left
    exact xs
  right
  intro i
  cases h i
  · assumption
  contradiction

",,True,-1,"theorem t11 : (s ∪ ⋂ i, A i) = ⋂ i, A i ∪ s := by
  ext s
  simp only [mem_union, mem_iInter]
  constructor
  · rintro (xs | xI)
    · intro i
      right
      exact xs
    intro i
    left
    exact xI i
  intro h
  by_cases xs : x ∈ s
  · left
    exact xs
  right
  intro i
  cases h i
  · assumption
  contradiction


","💥️unknown identifier 'x'

💥️failed to synthesize
  Membership ?m.7003 α
Additional diagnostic information may be available using the `set_option diagnostics true` command.

💥️tactic 'contradiction' failed
case neg.h.inr
α : Type u_1
I : Type u_2
A : I → Set α
s✝ : Set α
s : α
h : ∀ (i : I), s ∈ A i ∨ s ∈ s✝
xs : ¬sorry
i : I
h✝ : s ∈ s✝
⊢ s ∈ A i",False,60,MIL.C04_Sets_and_Functions.solutions.Solutions_S01_Sets,Qwen-7B-long,LENGTH,best_of_n,False,0,-1.0,CH04.t11,False
-1,False,19,"theorem t11 : (s ∪ ⋂ i, A i) = ⋂ i, A i ∪ s := by
  ext x
  simp only [mem_union, mem_iInter]
  constructor
  · rintro (xs | xI)
    · intro i
      right
      exact xs
    intro i
    left
    exact xI i
  intro h
  by_cases xs : x ∈ s
  · left
    exact xs
  right
  intro i
  cases h i
  · assumption
  contradiction

",,True,-1,"theorem t11 : (s ∪ ⋂ i, A i) = ⋂ i, A i ∪ s := by
  simp_rw [ext_iff, union, iInter, and_iff_left_iff_imp, and_iff_right_iff_imp, rev_iff]
  tauto
","💥️unknown identifier 'ext_iff'

💥️simp made no progress",False,60,MIL.C04_Sets_and_Functions.solutions.Solutions_S01_Sets,Qwen-7B-long,LENGTH,best_of_n,False,0,-1.0,CH04.t11,False
-1,False,19,"theorem t11 : (s ∪ ⋂ i, A i) = ⋂ i, A i ∪ s := by
  ext x
  simp only [mem_union, mem_iInter]
  constructor
  · rintro (xs | xI)
    · intro i
      right
      exact xs
    intro i
    left
    exact xI i
  intro h
  by_cases xs : x ∈ s
  · left
    exact xs
  right
  intro i
  cases h i
  · assumption
  contradiction

",,True,19,"theorem t11 : (s ∪ ⋂ i, A i) = ⋂ i, A i ∪ s := by
  ext x
  simp only [mem_union, mem_iInter]
  constructor
  · rintro (xs | xI)
    · intro i
      right
      exact xs
    intro i
    left
    exact xI i
  intro h
  by_cases xs : x ∈ s
  · left
    exact xs
  right
  intro i
  cases h i
  · assumption
  contradiction


",,True,60,MIL.C04_Sets_and_Functions.solutions.Solutions_S01_Sets,Qwen-7B-long,LENGTH,best_of_n,False,0,0.0,CH04.t11,False
-1,False,19,"theorem t11 : (s ∪ ⋂ i, A i) = ⋂ i, A i ∪ s := by
  ext x
  simp only [mem_union, mem_iInter]
  constructor
  · rintro (xs | xI)
    · intro i
      right
      exact xs
    intro i
    left
    exact xI i
  intro h
  by_cases xs : x ∈ s
  · left
    exact xs
  right
  intro i
  cases h i
  · assumption
  contradiction

",,True,-1,"theorem t11 : (s ∪ ⋂ i, A i) = ⋂ i, A i ∪ s :=
  Union.reordered_iff (A i) s
",💥️unknown constant 'Union.reordered_iff',False,60,MIL.C04_Sets_and_Functions.solutions.Solutions_S01_Sets,Qwen-7B-long,LENGTH,best_of_n,False,0,-1.0,CH04.t11,False
-1,False,19,"theorem t11 : (s ∪ ⋂ i, A i) = ⋂ i, A i ∪ s := by
  ext x
  simp only [mem_union, mem_iInter]
  constructor
  · rintro (xs | xI)
    · intro i
      right
      exact xs
    intro i
    left
    exact xI i
  intro h
  by_cases xs : x ∈ s
  · left
    exact xs
  right
  intro i
  cases h i
  · assumption
  contradiction

",,True,-1,"theorem t11 : (s ∪ ⋂ i, A i) = ⋂ i, A i ∪ s := by
  simp_rw [iInter_inf_eq_right, iUnion_inf_eq_right, inf_comm, union_comm]
","💥️unknown identifier 'iInter_inf_eq_right'

💥️simp made no progress",False,60,MIL.C04_Sets_and_Functions.solutions.Solutions_S01_Sets,Qwen-7B-long,LENGTH,best_of_n,False,0,-1.0,CH04.t11,False
-1,False,19,"theorem t11 : (s ∪ ⋂ i, A i) = ⋂ i, A i ∪ s := by
  ext x
  simp only [mem_union, mem_iInter]
  constructor
  · rintro (xs | xI)
    · intro i
      right
      exact xs
    intro i
    left
    exact xI i
  intro h
  by_cases xs : x ∈ s
  · left
    exact xs
  right
  intro i
  cases h i
  · assumption
  contradiction

",,True,-1,"theorem t11 : (s ∪ ⋂ i, A i) = ⋂ i, A i ∪ s := by
  simp_rw [mem_union, mem_iInter, biUnion_swap_iff, biInter_swap_iff, .id, biUnion_empty_right,
    biInter_empty_right, union_empty_right, biUnion_empty_right, biInter_empty_right, and_iff_left_iff_imp,
    and_iff_right_iff_imp, not_imp_not_eq, and_top, and_imp_right_top, or_top, top_eq]
",💥️simp made no progress,False,60,MIL.C04_Sets_and_Functions.solutions.Solutions_S01_Sets,Qwen-7B-long,LENGTH,best_of_n,False,0,-1.0,CH04.t11,False
-1,False,19,"theorem t11 : (s ∪ ⋂ i, A i) = ⋂ i, A i ∪ s := by
  ext x
  simp only [mem_union, mem_iInter]
  constructor
  · rintro (xs | xI)
    · intro i
      right
      exact xs
    intro i
    left
    exact xI i
  intro h
  by_cases xs : x ∈ s
  · left
    exact xs
  right
  intro i
  cases h i
  · assumption
  contradiction

",,True,-1,"theorem t11 : (s ∪ ⋂ i, A i) = ⋂ i, A i ∪ s := by
  simpa using union_comm_of_left s (⋂ i, A i)
",💥️unknown identifier 'union_comm_of_left',False,60,MIL.C04_Sets_and_Functions.solutions.Solutions_S01_Sets,Qwen-7B-long,LENGTH,best_of_n,False,0,-1.0,CH04.t11,False
-1,False,19,"theorem t11 : (s ∪ ⋂ i, A i) = ⋂ i, A i ∪ s := by
  ext x
  simp only [mem_union, mem_iInter]
  constructor
  · rintro (xs | xI)
    · intro i
      right
      exact xs
    intro i
    left
    exact xI i
  intro h
  by_cases xs : x ∈ s
  · left
    exact xs
  right
  intro i
  cases h i
  · assumption
  contradiction

",,True,-1,"theorem t11 : (s ∪ ⋂ i, A i) = ⋂ i, A i ∪ s := by
  ext x
  simp only [mem_union, mem_iInter]
  constructor
  · rintro (xs | xI)
    · intro i
      right
      exact xs
    intro i
    left
    exact xI i
  intro h
  rcases em (x ∈ s) with ⟨xs, hxs⟩ | h
  · left
    exact xs
  right
  intro i
  cases h i
  · assumption
  contradiction


",💥️rcases tactic failed: h✝ : s x is not an inductive datatype,False,60,MIL.C04_Sets_and_Functions.solutions.Solutions_S01_Sets,Qwen-7B-long,LENGTH,best_of_n,False,0,-1.0,CH04.t11,False
-1,False,19,"theorem t11 : (s ∪ ⋂ i, A i) = ⋂ i, A i ∪ s := by
  ext x
  simp only [mem_union, mem_iInter]
  constructor
  · rintro (xs | xI)
    · intro i
      right
      exact xs
    intro i
    left
    exact xI i
  intro h
  by_cases xs : x ∈ s
  · left
    exact xs
  right
  intro i
  cases h i
  · assumption
  contradiction

",,True,-1,"ái, nayruoi primeira vez que o J reason está trying to prove `t11 : (s ∪ ⋂ i, A i) = ⋂ i, A i ∪ s`. Isso é um exemplo de idempotência de `⋂` em face de `∪`. No entanto,/image

Aqui está o J reason's começo de lista knura rota mystical increases

The `t11` theorem seems to be an identity that states that `s ∪ ⋂ A i` is equal to `⋂ A i ∪ s`. This is a form of idempotency of the union operation over intersections. To prove this, the J reason chose to use bisimulation or some form of automata theory to manipulate the transition diagrams of regular languages, but this seems a bit tangential to the proof of a purely set-theoretic identity.

Instead, a direct proof using set theory principles would be more straightforward. Here's a proof of `t11` using only set theory:

#align t11 t11

theorem t11 : (s ∪ ⋂ i, A i) = ⋂ i, A i ∪ s := by
  rw [← sUnion_range]
  get DBE  t12
  simp_rw [range iInter]
","💥️expected token

💥️unexpected token 'to'; expected ':'",False,60,MIL.C04_Sets_and_Functions.solutions.Solutions_S01_Sets,Qwen-7B-long,LENGTH,best_of_n,False,0,-1.0,CH04.t11,False
-1,False,19,"theorem t11 : (s ∪ ⋂ i, A i) = ⋂ i, A i ∪ s := by
  ext x
  simp only [mem_union, mem_iInter]
  constructor
  · rintro (xs | xI)
    · intro i
      right
      exact xs
    intro i
    left
    exact xI i
  intro h
  by_cases xs : x ∈ s
  · left
    exact xs
  right
  intro i
  cases h i
  · assumption
  contradiction

",,True,-1,"theorem t11 : (s ∪ ⋂ i, A i) = ⋂ i, A i ∪ s := by
  aesop (add simp [comp_of_distrib])
",💥️unknown identifier 'comp_of_distrib',False,60,MIL.C04_Sets_and_Functions.solutions.Solutions_S01_Sets,Qwen-7B-long,LENGTH,best_of_n,False,0,-1.0,CH04.t11,False
-1,False,5,"theorem t12 : (⋃ p ∈ primes, { x | x ≤ p }) = univ := by
  apply eq_univ_of_forall
  intro x
  simp
  rcases Nat.exists_infinite_primes x with ⟨p, pge, primep⟩
  use p, primep

",,True,5,"theorem t12 : (⋃ p ∈ primes, { x | x ≤ p }) = univ := by
  apply eq_univ_of_forall
  intro x
  simp
  rcases Nat.exists_infinite_primes x with ⟨p, pge, primep⟩
  use p, primep


",,True,60,MIL.C04_Sets_and_Functions.solutions.Solutions_S01_Sets,Qwen-7B-long,LENGTH,best_of_n,False,0,0.0,CH04.t12,False
-1,False,5,"theorem t12 : (⋃ p ∈ primes, { x | x ≤ p }) = univ := by
  apply eq_univ_of_forall
  intro x
  simp
  rcases Nat.exists_infinite_primes x with ⟨p, pge, primep⟩
  use p, primep

",,True,-1,"theorem t12 : (⋃ p ∈ primes, { x | x ≤ p }) = univ := by
  simpa only [Set.re Juliette union, Set.sum, Set.re Juliette intersection, Set.re Juliette andre, hp,
    Set.re Juliette subset, Set.re Juliette empty, Set.re Juliette insert]
  exact_mod_cast Let.2 (forall_update_iff _ (Nat.exists_infinite_primes _)) -/

",💥️unexpected token '/'; expected term,False,60,MIL.C04_Sets_and_Functions.solutions.Solutions_S01_Sets,Qwen-7B-long,LENGTH,best_of_n,False,0,-1.0,CH04.t12,False
-1,False,5,"theorem t12 : (⋃ p ∈ primes, { x | x ≤ p }) = univ := by
  apply eq_univ_of_forall
  intro x
  simp
  rcases Nat.exists_infinite_primes x with ⟨p, pge, primep⟩
  use p, primep

",,True,-1,"theorem t12 : (⋃ p ∈ primes, { x | x ≤ p }) = univ :=
  eq_univ_of_forall fun x ↦ (Nat.exists_infinite_primes x).imp fun p hp ↦ hp x
","💥️application type mismatch
  Exists.imp (fun p hp => ?m.7353) (Nat.exists_infinite_primes x)
argument
  Nat.exists_infinite_primes x
has type
  ∃ (p : ℕ), x ≤ p ∧ Nat.Prime p : Prop
but is expected to have type
  ∃ (a : Set ℕ), ?m.7339 a : Prop

💥️function expected at
  hp
term has type
  ?m.7648 x p",False,60,MIL.C04_Sets_and_Functions.solutions.Solutions_S01_Sets,Qwen-7B-long,LENGTH,best_of_n,False,0,-1.0,CH04.t12,False
-1,False,5,"theorem t12 : (⋃ p ∈ primes, { x | x ≤ p }) = univ := by
  apply eq_univ_of_forall
  intro x
  simp
  rcases Nat.exists_infinite_primes x with ⟨p, pge, primep⟩
  use p, primep

",,True,5,"theorem t12 : (⋃ p ∈ primes, { x | x ≤ p }) = univ := by
  apply eq_univ_of_forall
  intro x
  simp
  rcases Nat.exists_infinite_primes x with ⟨p, pge, primep⟩
  use p, primep


",,True,60,MIL.C04_Sets_and_Functions.solutions.Solutions_S01_Sets,Qwen-7B-long,LENGTH,best_of_n,False,0,0.0,CH04.t12,False
-1,False,5,"theorem t12 : (⋃ p ∈ primes, { x | x ≤ p }) = univ := by
  apply eq_univ_of_forall
  intro x
  simp
  rcases Nat.exists_infinite_primes x with ⟨p, pge, primep⟩
  use p, primep

",,True,-1,"#align t12.t12 Setpresence.t12
theorem t12 : (⋃ p ∈ primes, { x | x ≤ p }) = univ := by
  refine eq_univ_of_forall fun x ↦ ?_
  simp
  rcases Nat.exists_infinite_primes x with ⟨p, pge, primep⟩
  exact ⟨p, primep⟩


","💥️unexpected token '#'; expected command

💥️application type mismatch
  Exists.intro p primep
argument
  primep
has type
  Nat.Prime p : Prop
but is expected to have type
  p ∈ primes ∧ x ≤ p : Prop",False,60,MIL.C04_Sets_and_Functions.solutions.Solutions_S01_Sets,Qwen-7B-long,LENGTH,best_of_n,False,0,-1.0,CH04.t12,False
-1,False,5,"theorem t12 : (⋃ p ∈ primes, { x | x ≤ p }) = univ := by
  apply eq_univ_of_forall
  intro x
  simp
  rcases Nat.exists_infinite_primes x with ⟨p, pge, primep⟩
  use p, primep

",,True,5,"theorem t12 : (⋃ p ∈ primes, { x | x ≤ p }) = univ := by
  apply eq_univ_of_forall
  intro x
  simp
  rcases Nat.exists_infinite_primes x with ⟨p, pge, primep⟩
  use p, primep


",,True,60,MIL.C04_Sets_and_Functions.solutions.Solutions_S01_Sets,Qwen-7B-long,LENGTH,best_of_n,False,0,0.0,CH04.t12,False
-1,False,5,"theorem t12 : (⋃ p ∈ primes, { x | x ≤ p }) = univ := by
  apply eq_univ_of_forall
  intro x
  simp
  rcases Nat.exists_infinite_primes x with ⟨p, pge, primep⟩
  use p, primep

",,True,-1,"theorem t12 : (⋃ p ∈ primes, { x | x ≤ p }) = univ := by
  apply eq_univ_of_forall
  intro x
  simpa [Nat.exists_infinite_primes]
  use p, Nat.prime_iff.2 pge


","💥️tactic 'assumption' failed
case a
x : ℕ
⊢ ∃ i ∈ primes, x ≤ i",False,60,MIL.C04_Sets_and_Functions.solutions.Solutions_S01_Sets,Qwen-7B-long,LENGTH,best_of_n,False,0,-1.0,CH04.t12,False
-1,False,5,"theorem t12 : (⋃ p ∈ primes, { x | x ≤ p }) = univ := by
  apply eq_univ_of_forall
  intro x
  simp
  rcases Nat.exists_infinite_primes x with ⟨p, pge, primep⟩
  use p, primep

",,True,5,"theorem t12 : (⋃ p ∈ primes, { x | x ≤ p }) = univ := by
  apply eq_univ_of_forall
  intro x
  simp
  rcases Nat.exists_infinite_primes x with ⟨p, pge, primep⟩
  use p, primep


",,True,60,MIL.C04_Sets_and_Functions.solutions.Solutions_S01_Sets,Qwen-7B-long,LENGTH,best_of_n,False,0,0.0,CH04.t12,False
-1,False,5,"theorem t12 : (⋃ p ∈ primes, { x | x ≤ p }) = univ := by
  apply eq_univ_of_forall
  intro x
  simp
  rcases Nat.exists_infinite_primes x with ⟨p, pge, primep⟩
  use p, primep

",,True,5,"theorem t12 : (⋃ p ∈ primes, { x | x ≤ p }) = univ := by
  apply eq_univ_of_forall
  intro x
  simp
  rcases Nat.exists_infinite_primes x with ⟨p, pge, primep⟩
  use p, primep

",,True,60,MIL.C04_Sets_and_Functions.solutions.Solutions_S01_Sets,Qwen-7B-long,LENGTH,best_of_n,False,0,0.0,CH04.t12,False
-1,False,5,"theorem t12 : (⋃ p ∈ primes, { x | x ≤ p }) = univ := by
  apply eq_univ_of_forall
  intro x
  simp
  rcases Nat.exists_infinite_primes x with ⟨p, pge, primep⟩
  use p, primep

",,True,-1,"theorem t12 : (⋃ p ∈ primes, { x | x ≤ p }) = univ :=
  eq_univ_of_forall fun x ↦ ∃ p, p ∈ primes ∧ x ≤ p

Existence proof: for each x, choose p = x.th.gi (since x = p's ith prime). But p needs to be a prime. Is x ≥ 2? Absolving y x≥2.

So, more carefully: for each x, if x ≤ 2, choose p = 2 (since 2 is prime). If x > 2, choose p = x's appropriate position in the list of primes.

But NthPrime is not defined in the  module. So, to get the nth prime, we can use `Nat.primeInf` (which returns an infinite list of primes). So, `primeInf` is a function that returns the i-th prime when accessed with `zero`, but it's zero-based or one-based?

Wait, `Nat.primeInf` is an infinite list of primes, starting with primeInf(0)=2. So, for x, we can choose p = primeInf (x.quot), and then x ≤ p.

So, the proof can be written as: for each x, choose p = primeInf x.quot, which is a prime, and x ≤ p since primeInf is non-decreasing.

","💥️function expected at
  p
term has type
  ℕ",False,60,MIL.C04_Sets_and_Functions.solutions.Solutions_S01_Sets,Qwen-7B-long,LENGTH,best_of_n,False,0,-1.0,CH04.t12,False
-1,False,5,"theorem t12 : (⋃ p ∈ primes, { x | x ≤ p }) = univ := by
  apply eq_univ_of_forall
  intro x
  simp
  rcases Nat.exists_infinite_primes x with ⟨p, pge, primep⟩
  use p, primep

",,True,5,"theorem t12 : (⋃ p ∈ primes, { x | x ≤ p }) = univ := by
  apply eq_univ_of_forall
  intro x
  simp
  obtain ⟨p, pge, primep⟩ := Nat.exists_infinite_primes x
  use p, primep


",,True,60,MIL.C04_Sets_and_Functions.solutions.Solutions_S01_Sets,Qwen-7B-long,LENGTH,best_of_n,False,0,0.0,CH04.t12,False
-1,False,5,"theorem t12 : (⋃ p ∈ primes, { x | x ≤ p }) = univ := by
  apply eq_univ_of_forall
  intro x
  simp
  rcases Nat.exists_infinite_primes x with ⟨p, pge, primep⟩
  use p, primep

",,True,-1,"theorem t12 : (⋃ p ∈ primes, { x | x ≤ p }) = univ := by
  apply eq_univ_of_forall
  intro x
  simp only [mem_setOf_eq, primes_eq, and_imp, le_top, true_and, top_and]
  rcases Nat.exists_infinite_primes x with ⟨p, pge, primep⟩
  use p, primep


","💥️unknown identifier 'primes_eq'

💥️unknown identifier 'top_and'

💥️simp made no progress",False,60,MIL.C04_Sets_and_Functions.solutions.Solutions_S01_Sets,Qwen-7B-long,LENGTH,best_of_n,False,0,-1.0,CH04.t12,False
-1,False,5,"theorem t12 : (⋃ p ∈ primes, { x | x ≤ p }) = univ := by
  apply eq_univ_of_forall
  intro x
  simp
  rcases Nat.exists_infinite_primes x with ⟨p, pge, primep⟩
  use p, primep

",,True,-1,"theorem t12 : (⋃ p ∈ primes, { x | x ≤ p }) = univ := by
  apply eq_univ_of_forall
  intro x
  simp [Nat.infinite_primes_gt_self]
","💥️unknown constant 'Nat.infinite_primes_gt_self'

💥️unsolved goals
case a
x : ℕ
⊢ ∃ i ∈ primes, x ≤ i",False,60,MIL.C04_Sets_and_Functions.solutions.Solutions_S01_Sets,Qwen-7B-long,LENGTH,best_of_n,False,0,-1.0,CH04.t12,False
-1,False,5,"theorem t12 : (⋃ p ∈ primes, { x | x ≤ p }) = univ := by
  apply eq_univ_of_forall
  intro x
  simp
  rcases Nat.exists_infinite_primes x with ⟨p, pge, primep⟩
  use p, primep

",,True,4,"theorem t12 : (⋃ p ∈ primes, { x | x ≤ p }) = univ := by
  refine eq_univ_of_forall fun x ↦ ?_
  simp
  rcases Nat.exists_infinite_primes x with ⟨p, pge, primep⟩
  exact ⟨p, primep, pge⟩


",,True,60,MIL.C04_Sets_and_Functions.solutions.Solutions_S01_Sets,Qwen-7B-long,LENGTH,best_of_n,False,0,0.2,CH04.t12,False
-1,False,5,"theorem t12 : (⋃ p ∈ primes, { x | x ≤ p }) = univ := by
  apply eq_univ_of_forall
  intro x
  simp
  rcases Nat.exists_infinite_primes x with ⟨p, pge, primep⟩
  use p, primep

",,True,5,"theorem t12 : (⋃ p ∈ primes, { x | x ≤ p }) = univ := by
  apply eq_univ_of_forall
  intro x
  simp
  obtain ⟨p, pge, primep⟩ := Nat.exists_infinite_primes x
  use p, primep
",,True,60,MIL.C04_Sets_and_Functions.solutions.Solutions_S01_Sets,Qwen-7B-long,LENGTH,best_of_n,False,0,0.0,CH04.t12,False
-1,False,5,"theorem t12 : (⋃ p ∈ primes, { x | x ≤ p }) = univ := by
  apply eq_univ_of_forall
  intro x
  simp
  rcases Nat.exists_infinite_primes x with ⟨p, pge, primep⟩
  use p, primep

",,True,-1,"theorem t12 : (⋃ p ∈ primes, { x | x ≤ p }) = univ := by
  rw [← coe_univ, coe_Union, coe_singleton, Nat.coe_le]
  intro x
  rcases Nat.exists_infinite_primes x with ⟨p, pge, primep⟩
  use p, primep


","💥️unknown identifier 'coe_univ'

💥️tactic 'rewrite' failed, equality or iff proof expected
  ?m.7323
⊢ ⋃ p ∈ primes, {x | x ≤ p} = univ",False,60,MIL.C04_Sets_and_Functions.solutions.Solutions_S01_Sets,Qwen-7B-long,LENGTH,best_of_n,False,0,-1.0,CH04.t12,False
-1,False,5,"theorem t12 : (⋃ p ∈ primes, { x | x ≤ p }) = univ := by
  apply eq_univ_of_forall
  intro x
  simp
  rcases Nat.exists_infinite_primes x with ⟨p, pge, primep⟩
  use p, primep

",,True,5,"theorem t12 : (⋃ p ∈ primes, { x | x ≤ p }) = univ := by
  apply eq_univ_of_forall
  intro x
  simp
  rcases Nat.exists_infinite_primes x with ⟨p, pge, primep⟩
  use p, primep


",,True,60,MIL.C04_Sets_and_Functions.solutions.Solutions_S01_Sets,Qwen-7B-long,LENGTH,best_of_n,False,0,0.0,CH04.t12,False
-1,False,5,"theorem t12 : (⋃ p ∈ primes, { x | x ≤ p }) = univ := by
  apply eq_univ_of_forall
  intro x
  simp
  rcases Nat.exists_infinite_primes x with ⟨p, pge, primep⟩
  use p, primep

",,True,5,"theorem t12 : (⋃ p ∈ primes, { x | x ≤ p }) = univ := by
  apply eq_univ_of_forall
  intro x
  simp
  rcases Nat.exists_infinite_primes x with ⟨p, pge, primep⟩
  use p, primep


",,True,60,MIL.C04_Sets_and_Functions.solutions.Solutions_S01_Sets,Qwen-7B-long,LENGTH,best_of_n,False,0,0.0,CH04.t12,False
-1,False,5,"theorem t12 : (⋃ p ∈ primes, { x | x ≤ p }) = univ := by
  apply eq_univ_of_forall
  intro x
  simp
  rcases Nat.exists_infinite_primes x with ⟨p, pge, primep⟩
  use p, primep

",,True,-1,"theorem t12 : (⋃ p ∈ primes, { x | x ≤ p }) = univ := by
  rw [eq_univ_of_forall]
  intro x
  simp
  rcases Nat.exists_infinite_primes x with ⟨p, pge, primep⟩
  use p, primep


","💥️tactic 'rewrite' failed, pattern is a metavariable
  ?m.7325
from equation
  ?m.7325 = univ
⊢ ⋃ p ∈ primes, {x | x ≤ p} = univ",False,60,MIL.C04_Sets_and_Functions.solutions.Solutions_S01_Sets,Qwen-7B-long,LENGTH,best_of_n,False,0,-1.0,CH04.t12,False
-1,False,5,"theorem t12 : (⋃ p ∈ primes, { x | x ≤ p }) = univ := by
  apply eq_univ_of_forall
  intro x
  simp
  rcases Nat.exists_infinite_primes x with ⟨p, pge, primep⟩
  use p, primep

",,True,5,"theorem t12 : (⋃ p ∈ primes, { x | x ≤ p }) = univ := by
  apply eq_univ_of_forall
  intro x
  simp
  rcases Nat.exists_infinite_primes x with ⟨p, pge, primep⟩
  use p, primep


",,True,60,MIL.C04_Sets_and_Functions.solutions.Solutions_S01_Sets,Qwen-7B-long,LENGTH,best_of_n,False,0,0.0,CH04.t12,False
-1,False,5,"theorem t12 : (⋃ p ∈ primes, { x | x ≤ p }) = univ := by
  apply eq_univ_of_forall
  intro x
  simp
  rcases Nat.exists_infinite_primes x with ⟨p, pge, primep⟩
  use p, primep

",,True,-1,"theorem t12 : (⋃ p ∈ primes, { x | x ≤ p }) = univ := by
  rw [← coe_univ, ← coe_sUnion, coe_subset_iff, coe_and, subset_def, and_imp]
  intro x
  rcases Nat.exists_infinite_primes x with ⟨p, pge, primep⟩
  exact ⟨p, primep, pge⟩


","💥️unknown identifier 'coe_univ'

💥️tactic 'rewrite' failed, equality or iff proof expected
  ?m.7323
⊢ ⋃ p ∈ primes, {x | x ≤ p} = univ",False,60,MIL.C04_Sets_and_Functions.solutions.Solutions_S01_Sets,Qwen-7B-long,LENGTH,best_of_n,False,0,-1.0,CH04.t12,False
-1,False,5,"theorem t12 : (⋃ p ∈ primes, { x | x ≤ p }) = univ := by
  apply eq_univ_of_forall
  intro x
  simp
  rcases Nat.exists_infinite_primes x with ⟨p, pge, primep⟩
  use p, primep

",,True,-1,"theorem t12 : (⋃ p ∈ primes, { x | x ≤ p }) = univ :=
  eq_univ_of_forall fun x ↦ Nat.exists_prime_le x
",💥️unknown constant 'Nat.exists_prime_le',False,60,MIL.C04_Sets_and_Functions.solutions.Solutions_S01_Sets,Qwen-7B-long,LENGTH,best_of_n,False,0,-1.0,CH04.t12,False
-1,False,5,"theorem t12 : (⋃ p ∈ primes, { x | x ≤ p }) = univ := by
  apply eq_univ_of_forall
  intro x
  simp
  rcases Nat.exists_infinite_primes x with ⟨p, pge, primep⟩
  use p, primep

",,True,5,"theorem t12 : (⋃ p ∈ primes, { x | x ≤ p }) = univ := by
  apply eq_univ_of_forall
  intro x
  simp
  obtain ⟨p, pge, primep⟩ := Nat.exists_infinite_primes x
  use p, primep
",,True,60,MIL.C04_Sets_and_Functions.solutions.Solutions_S01_Sets,Qwen-7B-long,LENGTH,best_of_n,False,0,0.0,CH04.t12,False
-1,False,5,"theorem t12 : (⋃ p ∈ primes, { x | x ≤ p }) = univ := by
  apply eq_univ_of_forall
  intro x
  simp
  rcases Nat.exists_infinite_primes x with ⟨p, pge, primep⟩
  use p, primep

",,True,-1,"theorem t12 : (⋃ p ∈ primes, { x | x ≤ p }) = univ :=
  eq_univ_of_forall fun x => simp [Nat.exists_infinite_primes x]
",💥️unknown identifier 'simp',False,60,MIL.C04_Sets_and_Functions.solutions.Solutions_S01_Sets,Qwen-7B-long,LENGTH,best_of_n,False,0,-1.0,CH04.t12,False
-1,False,5,"theorem t12 : (⋃ p ∈ primes, { x | x ≤ p }) = univ := by
  apply eq_univ_of_forall
  intro x
  simp
  rcases Nat.exists_infinite_primes x with ⟨p, pge, primep⟩
  use p, primep

",,True,-1,"theorem t12 : (⋃ p ∈ primes, { x | x ≤ p }) = univ :=
  eq_univ_of_forall fun x ↦ (Nat.exists_infinite_primes x).imp
","💥️type mismatch
  fun h => Exists.imp h (Nat.exists_infinite_primes x)
has type
  (∀ (a : ℕ), x ≤ a ∧ Nat.Prime a → ?m.7340 a) → ∃ a, ?m.7340 a : Prop
but is expected to have type
  x ∈ ⋃ p ∈ primes, {x | x ≤ p} : Prop",False,60,MIL.C04_Sets_and_Functions.solutions.Solutions_S01_Sets,Qwen-7B-long,LENGTH,best_of_n,False,0,-1.0,CH04.t12,False
-1,False,5,"theorem t12 : (⋃ p ∈ primes, { x | x ≤ p }) = univ := by
  apply eq_univ_of_forall
  intro x
  simp
  rcases Nat.exists_infinite_primes x with ⟨p, pge, primep⟩
  use p, primep

",,True,5,"theorem t12 : (⋃ p ∈ primes, { x | x ≤ p }) = univ := by
  apply eq_univ_of_forall
  intro x
  simp
  have ⟨p, pge, primep⟩ := Nat.exists_infinite_primes x
  use p, primep


",,True,60,MIL.C04_Sets_and_Functions.solutions.Solutions_S01_Sets,Qwen-7B-long,LENGTH,best_of_n,False,0,0.0,CH04.t12,False
-1,False,5,"theorem t12 : (⋃ p ∈ primes, { x | x ≤ p }) = univ := by
  apply eq_univ_of_forall
  intro x
  simp
  rcases Nat.exists_infinite_primes x with ⟨p, pge, primep⟩
  use p, primep

",,True,5,"theorem t12 : (⋃ p ∈ primes, { x | x ≤ p }) = univ := by
  apply eq_univ_of_forall
  intro x
  simp
  obtain ⟨p, pge, primep⟩ := Nat.exists_infinite_primes x
  use p, primep


",,True,60,MIL.C04_Sets_and_Functions.solutions.Solutions_S01_Sets,Qwen-7B-long,LENGTH,best_of_n,False,0,0.0,CH04.t12,False
-1,False,5,"theorem t12 : (⋃ p ∈ primes, { x | x ≤ p }) = univ := by
  apply eq_univ_of_forall
  intro x
  simp
  rcases Nat.exists_infinite_primes x with ⟨p, pge, primep⟩
  use p, primep

",,True,5,"theorem t12 : (⋃ p ∈ primes, { x | x ≤ p }) = univ := by
  apply eq_univ_of_forall
  intro x
  simp
  obtain ⟨p, pge, primep⟩ := Nat.exists_infinite_primes x
  use p, primep


",,True,60,MIL.C04_Sets_and_Functions.solutions.Solutions_S01_Sets,Qwen-7B-long,LENGTH,best_of_n,False,0,0.0,CH04.t12,False
-1,False,5,"theorem t12 : (⋃ p ∈ primes, { x | x ≤ p }) = univ := by
  apply eq_univ_of_forall
  intro x
  simp
  rcases Nat.exists_infinite_primes x with ⟨p, pge, primep⟩
  use p, primep

",,True,5,"theorem t12 : (⋃ p ∈ primes, { x | x ≤ p }) = univ := by
  apply eq_univ_of_forall
  intro x
  simp
  rcases Nat.exists_infinite_primes x with ⟨p, pge, primep⟩
  use p, primep


",,True,60,MIL.C04_Sets_and_Functions.solutions.Solutions_S01_Sets,Qwen-7B-long,LENGTH,best_of_n,False,0,0.0,CH04.t12,False
-1,False,5,"theorem t12 : (⋃ p ∈ primes, { x | x ≤ p }) = univ := by
  apply eq_univ_of_forall
  intro x
  simp
  rcases Nat.exists_infinite_primes x with ⟨p, pge, primep⟩
  use p, primep

",,True,-1,"theorem t12 : (⋃ p ∈ primes, { x | x ≤ p }) = univ :=
  eq_univ_of_forall fun x ↦ (Nat.exists_infinite_primes x).imp ⟨_, inferInstance⟩
","💥️invalid constructor ⟨...⟩, expected type must be an inductive type 
  ∀ (a : Set ℕ), ?m.7339 a → (a ∈ range fun p => ⋃ (_ : p ∈ primes), {x | x ≤ p}) ∧ x ∈ a",False,60,MIL.C04_Sets_and_Functions.solutions.Solutions_S01_Sets,Qwen-7B-long,LENGTH,best_of_n,False,0,-1.0,CH04.t12,False
-1,False,5,"theorem t12 : (⋃ p ∈ primes, { x | x ≤ p }) = univ := by
  apply eq_univ_of_forall
  intro x
  simp
  rcases Nat.exists_infinite_primes x with ⟨p, pge, primep⟩
  use p, primep

",,True,-1,"theorem t12 : (⋃ p ∈ primes, { x | x ≤ p }) = univ := by
  apply eq_univ_of_forall
  intro x
  simp only [exists_le_iff, Set.univ, eventually_pure, primes]
  rcases Nat.exists_infinite_primes x with ⟨p, pge, primep⟩
  use p, primep


","💥️unknown identifier 'exists_le_iff'

💥️unknown identifier 'eventually_pure'

💥️type mismatch
  p
has type
  ℕ : Type
but is expected to have type
  Set ℕ : Type

💥️unsolved goals
case right
x p : ℕ
pge : x ≤ p
primep : Nat.Prime p
⊢ x ∈ sorry",False,60,MIL.C04_Sets_and_Functions.solutions.Solutions_S01_Sets,Qwen-7B-long,LENGTH,best_of_n,False,0,-1.0,CH04.t12,False
-1,False,5,"theorem t12 : (⋃ p ∈ primes, { x | x ≤ p }) = univ := by
  apply eq_univ_of_forall
  intro x
  simp
  rcases Nat.exists_infinite_primes x with ⟨p, pge, primep⟩
  use p, primep

",,True,5,"theorem t12 : (⋃ p ∈ primes, { x | x ≤ p }) = univ := by
  apply eq_univ_of_forall
  intro x
  simp
  rcases Nat.exists_infinite_primes x with ⟨p, pge, primep⟩
  use p, primep


#align t12 t12

theorem t12 : (⋃ p ∈ primes, { x | x ≤ p }) = univ := by
  apply eq_univ_of_forall
  intro x
  simp
  rcases Nat.exists_infinite_primes x with ⟨p, pge, primep⟩
  use p, primep


",,True,60,MIL.C04_Sets_and_Functions.solutions.Solutions_S01_Sets,Qwen-7B-long,LENGTH,best_of_n,False,0,0.0,CH04.t12,False
-1,False,5,"theorem t12 : (⋃ p ∈ primes, { x | x ≤ p }) = univ := by
  apply eq_univ_of_forall
  intro x
  simp
  rcases Nat.exists_infinite_primes x with ⟨p, pge, primep⟩
  use p, primep

",,True,-1,"theorem t12 : (⋃ p ∈ primes, { x | x ≤ p }) = univ := by
  apply eq_univ_of_forall
  intro x
  simp only [exists_le_univ]
  obtain ⟨p, pge, primep⟩ := Nat.exists_infinite_primes x
  use p, primep


","💥️unknown identifier 'exists_le_univ'

💥️simp made no progress",False,60,MIL.C04_Sets_and_Functions.solutions.Solutions_S01_Sets,Qwen-7B-long,LENGTH,best_of_n,False,0,-1.0,CH04.t12,False
-1,False,5,"theorem t12 : (⋃ p ∈ primes, { x | x ≤ p }) = univ := by
  apply eq_univ_of_forall
  intro x
  simp
  rcases Nat.exists_infinite_primes x with ⟨p, pge, primep⟩
  use p, primep

",,True,-1,"theorem t12 : (⋃ p ∈ primes, { x | x ≤ p }) = univ := by
  apply eq_univ_of_forall
  intro x
  simp [Nat.exists_infinite_primes x]
","💥️unsolved goals
case a
x : ℕ
⊢ ∃ i ∈ primes, x ≤ i",False,60,MIL.C04_Sets_and_Functions.solutions.Solutions_S01_Sets,Qwen-7B-long,LENGTH,best_of_n,False,0,-1.0,CH04.t12,False
-1,False,5,"theorem t12 : (⋃ p ∈ primes, { x | x ≤ p }) = univ := by
  apply eq_univ_of_forall
  intro x
  simp
  rcases Nat.exists_infinite_primes x with ⟨p, pge, primep⟩
  use p, primep

",,True,-1,"-- There is `Nat.min_prime`, `Nat.pi`, `Nat.prime_pi` and `Nat semi_prime` - but that is for different concepts

theorem t12 : (⋃ p ∈ primes, { x | x ≤ p }) = univ :=
  eq_univ_of_forall fun x ↦ Nat.exists_infinite_primes x


","💥️type mismatch
  Nat.exists_infinite_primes x
has type
  ∃ p, x ≤ p ∧ Nat.Prime p : Prop
but is expected to have type
  x ∈ ⋃ p ∈ primes, {x | x ≤ p} : Prop",False,60,MIL.C04_Sets_and_Functions.solutions.Solutions_S01_Sets,Qwen-7B-long,LENGTH,best_of_n,False,0,-1.0,CH04.t12,False
-1,False,5,"theorem t12 : (⋃ p ∈ primes, { x | x ≤ p }) = univ := by
  apply eq_univ_of_forall
  intro x
  simp
  rcases Nat.exists_infinite_primes x with ⟨p, pge, primep⟩
  use p, primep

",,True,-1,"theorem t12 : (⋃ p ∈ primes, { x | x ≤ p }) = univ := by
  aesop (add simp [Nat.exists_infinite_primes, Set Parties])
","💥️duplicate rule 'Parties'; rule 'Set' was already given.
Use [<term>,...] to give multiple rules.",False,60,MIL.C04_Sets_and_Functions.solutions.Solutions_S01_Sets,Qwen-7B-long,LENGTH,best_of_n,False,0,-1.0,CH04.t12,False
-1,False,5,"theorem t12 : (⋃ p ∈ primes, { x | x ≤ p }) = univ := by
  apply eq_univ_of_forall
  intro x
  simp
  rcases Nat.exists_infinite_primes x with ⟨p, pge, primep⟩
  use p, primep

",,True,5,"theorem t12 : (⋃ p ∈ primes, { x | x ≤ p }) = univ := by
  apply eq_univ_of_forall
  intro x
  simp
  obtain ⟨p, pge, primep⟩ := Nat.exists_infinite_primes x
  use p, primep


",,True,60,MIL.C04_Sets_and_Functions.solutions.Solutions_S01_Sets,Qwen-7B-long,LENGTH,best_of_n,False,0,0.0,CH04.t12,False
-1,False,5,"theorem t12 : (⋃ p ∈ primes, { x | x ≤ p }) = univ := by
  apply eq_univ_of_forall
  intro x
  simp
  rcases Nat.exists_infinite_primes x with ⟨p, pge, primep⟩
  use p, primep

",,True,5,"theorem t12 : (⋃ p ∈ primes, { x | x ≤ p }) = univ := by
  apply eq_univ_of_forall
  intro x
  simp
  rcases Nat.exists_infinite_primes x with ⟨p, pge, primep⟩
  use p, primep


",,True,60,MIL.C04_Sets_and_Functions.solutions.Solutions_S01_Sets,Qwen-7B-long,LENGTH,best_of_n,False,0,0.0,CH04.t12,False
-1,False,5,"theorem t12 : (⋃ p ∈ primes, { x | x ≤ p }) = univ := by
  apply eq_univ_of_forall
  intro x
  simp
  rcases Nat.exists_infinite_primes x with ⟨p, pge, primep⟩
  use p, primep

",,True,5,"theorem t12 : (⋃ p ∈ primes, { x | x ≤ p }) = univ := by
  apply eq_univ_of_forall
  intro x
  simp
  obtain ⟨p, pge, primep⟩ := Nat.exists_infinite_primes x
  use p, primep


",,True,60,MIL.C04_Sets_and_Functions.solutions.Solutions_S01_Sets,Qwen-7B-long,LENGTH,best_of_n,False,0,0.0,CH04.t12,False
-1,False,5,"theorem t12 : (⋃ p ∈ primes, { x | x ≤ p }) = univ := by
  apply eq_univ_of_forall
  intro x
  simp
  rcases Nat.exists_infinite_primes x with ⟨p, pge, primep⟩
  use p, primep

",,True,-1,"theorem t12 : (⋃ p ∈ primes, { x | x ≤ p }) = univ := by
  rw [← sUnion_range, (range _).image_iff]
  intro x
  simp
  obtain ⟨p, pge, hp⟩ := Nat.exists_infinite_primes x
  exact ⟨p, hp, by rwa [range_le, hp, pge] at pge⟩


","💥️invalid field 'image_iff', the environment does not contain 'Set.image_iff'
  range ?m.7348
has type
  Set ?m.7346

💥️invalid field notation, type is not of the form (C ...) where C is a constant
  range ?m.7348
has type
  ?m.7346 → Prop

💥️tactic 'rewrite' failed, equality or iff proof expected
  ?m.7351
⊢ (⋃₀ range fun p => ⋃ (_ : p ∈ primes), {x | x ≤ p}) = univ",False,60,MIL.C04_Sets_and_Functions.solutions.Solutions_S01_Sets,Qwen-7B-long,LENGTH,best_of_n,False,0,-1.0,CH04.t12,False
-1,False,5,"theorem t12 : (⋃ p ∈ primes, { x | x ≤ p }) = univ := by
  apply eq_univ_of_forall
  intro x
  simp
  rcases Nat.exists_infinite_primes x with ⟨p, pge, primep⟩
  use p, primep

",,True,-1,"theorem t12 : (⋃ p ∈ primes, { x | x ≤ p }) = univ := by
  simp only [eq_univ, Set.eq_univ_iff_forall_iff, Set.forall_iff]
  intros x
  obtain ⟨p, pge, primep⟩ := Nat.exists_infinite_primes x
  use p, primep


","💥️unknown identifier 'eq_univ'

💥️unknown constant 'Set.eq_univ_iff_forall_iff'

💥️unknown constant 'Set.forall_iff'

💥️simp made no progress",False,60,MIL.C04_Sets_and_Functions.solutions.Solutions_S01_Sets,Qwen-7B-long,LENGTH,best_of_n,False,0,-1.0,CH04.t12,False
-1,False,5,"theorem t12 : (⋃ p ∈ primes, { x | x ≤ p }) = univ := by
  apply eq_univ_of_forall
  intro x
  simp
  rcases Nat.exists_infinite_primes x with ⟨p, pge, primep⟩
  use p, primep

",,True,-1,"theorem t12 : (⋃ p ∈ primes, { x | x ≤ p }) = univ := by
  apply eq_univ_of_forall
  intro x
  simp only [Set.mem_univ, true_and, mem_setOf_eq, le_refl]
  exact Nat.exists_infinite_primes x
",💥️simp made no progress,False,60,MIL.C04_Sets_and_Functions.solutions.Solutions_S01_Sets,Qwen-7B-long,LENGTH,best_of_n,False,0,-1.0,CH04.t12,False
-1,False,5,"theorem t12 : (⋃ p ∈ primes, { x | x ≤ p }) = univ := by
  apply eq_univ_of_forall
  intro x
  simp
  rcases Nat.exists_infinite_primes x with ⟨p, pge, primep⟩
  use p, primep

",,True,-1,"theorem t12 : (⋃ p ∈ primes, { x | x ≤ p }) = univ :=
  eq_univ_of_forall fun x ↦ (Nat.exists_infinite_primes x).imp
","💥️type mismatch
  fun h => Exists.imp h (Nat.exists_infinite_primes x)
has type
  (∀ (a : ℕ), x ≤ a ∧ Nat.Prime a → ?m.7340 a) → ∃ a, ?m.7340 a : Prop
but is expected to have type
  x ∈ ⋃ p ∈ primes, {x | x ≤ p} : Prop",False,60,MIL.C04_Sets_and_Functions.solutions.Solutions_S01_Sets,Qwen-7B-long,LENGTH,best_of_n,False,0,-1.0,CH04.t12,False
-1,False,5,"theorem t12 : (⋃ p ∈ primes, { x | x ≤ p }) = univ := by
  apply eq_univ_of_forall
  intro x
  simp
  rcases Nat.exists_infinite_primes x with ⟨p, pge, primep⟩
  use p, primep

",,True,-1,"theorem t12 : (⋃ p ∈ primes, { x | x ≤ p }) = univ := by
  apply eq_univ_of_forall
  intro x
  simp
  rcases Nat.exists_infinite_const x with ⟨p, pge, primep⟩
  use p, primep


","💥️unknown constant 'Nat.exists_infinite_const'

💥️rcases tactic failed: x✝ : ?m.11250 is not an inductive datatype",False,60,MIL.C04_Sets_and_Functions.solutions.Solutions_S01_Sets,Qwen-7B-long,LENGTH,best_of_n,False,0,-1.0,CH04.t12,False
-1,False,5,"theorem t12 : (⋃ p ∈ primes, { x | x ≤ p }) = univ := by
  apply eq_univ_of_forall
  intro x
  simp
  rcases Nat.exists_infinite_primes x with ⟨p, pge, primep⟩
  use p, primep

",,True,-1,"theorem t12 : (⋃ p ∈ primes, { x | x ≤ p }) = univ :=
  eq_univ_of_forall fun x ↦ (Nat.exists_infinite_primes x).choose


","💥️type mismatch
  ⋯.choose
has type
  ℕ : Type
but is expected to have type
  x ∈ ⋃ p ∈ primes, {x | x ≤ p} : Prop",False,60,MIL.C04_Sets_and_Functions.solutions.Solutions_S01_Sets,Qwen-7B-long,LENGTH,best_of_n,False,0,-1.0,CH04.t12,False
-1,False,5,"theorem t12 : (⋃ p ∈ primes, { x | x ≤ p }) = univ := by
  apply eq_univ_of_forall
  intro x
  simp
  rcases Nat.exists_infinite_primes x with ⟨p, pge, primep⟩
  use p, primep

",,True,5,"theorem t12 : (⋃ p ∈ primes, { x | x ≤ p }) = univ := by
  apply eq_univ_of_forall
  intro x
  simp
  obtain ⟨p, pge, primep⟩ := Nat.exists_infinite_primes x
  use p, primep


",,True,60,MIL.C04_Sets_and_Functions.solutions.Solutions_S01_Sets,Qwen-7B-long,LENGTH,best_of_n,False,0,0.0,CH04.t12,False
-1,False,5,"theorem t12 : (⋃ p ∈ primes, { x | x ≤ p }) = univ := by
  apply eq_univ_of_forall
  intro x
  simp
  rcases Nat.exists_infinite_primes x with ⟨p, pge, primep⟩
  use p, primep

",,True,-1,"theorem t12 : (⋃ p ∈ primes, { x | x ≤ p }) = univ := by
  apply eq_univ_of_forall
  intro x
  simp only [Nat.exists_infinite_primes, Set.setOf_forall, mem_setOf, mem_prod]
  obtain ⟨n, hn⟩ | hn := Nat.exists_infinite_primes x
  · simp [hn]
  · obtain ⟨n, hn⟩ | hn := Nat.exists_infinite_primes x
    choose p n hn using hn
    exact ⟨p, hn, Nat.prime_iff_exists_ne_top.mpr primep⟩
",💥️simp made no progress,False,60,MIL.C04_Sets_and_Functions.solutions.Solutions_S01_Sets,Qwen-7B-long,LENGTH,best_of_n,False,0,-1.0,CH04.t12,False
-1,False,5,"theorem t12 : (⋃ p ∈ primes, { x | x ≤ p }) = univ := by
  apply eq_univ_of_forall
  intro x
  simp
  rcases Nat.exists_infinite_primes x with ⟨p, pge, primep⟩
  use p, primep

",,True,4,"theorem t12 : (⋃ p ∈ primes, { x | x ≤ p }) = univ := by
  refine eq_univ_of_forall fun x ↦ ?_
  simp
  rcases Nat.exists_infinite_primes x with ⟨p, pge, primep⟩
  use p, primep


",,True,60,MIL.C04_Sets_and_Functions.solutions.Solutions_S01_Sets,Qwen-7B-long,LENGTH,best_of_n,False,0,0.2,CH04.t12,False
-1,False,5,"theorem t12 : (⋃ p ∈ primes, { x | x ≤ p }) = univ := by
  apply eq_univ_of_forall
  intro x
  simp
  rcases Nat.exists_infinite_primes x with ⟨p, pge, primep⟩
  use p, primep

",,True,-1,"theorem t12 : (⋃ p ∈ primes, { x | x ≤ p }) = univ :=
  eq_univ_of_forall fun x ↦ by
  simpa [subset_def] using Nat.exists_infinite_primes x


","💥️type mismatch, term
  Nat.exists_infinite_primes x
after simplification has type
  ∃ p, x ≤ p ∧ Nat.Prime p : Prop
but is expected to have type
  ∃ i ∈ primes, x ≤ i : Prop",False,60,MIL.C04_Sets_and_Functions.solutions.Solutions_S01_Sets,Qwen-7B-long,LENGTH,best_of_n,False,0,-1.0,CH04.t12,False
-1,False,5,"theorem t12 : (⋃ p ∈ primes, { x | x ≤ p }) = univ := by
  apply eq_univ_of_forall
  intro x
  simp
  rcases Nat.exists_infinite_primes x with ⟨p, pge, primep⟩
  use p, primep

",,True,-1,"theorem t12 : (⋃ p ∈ primes, { x | x ≤ p }) = univ := by
  calc
    ⋃ p ∈ primes, { x | x ≤ p }
      ≡_t Hangs (by simp (add simp Nat.lt_succ_iff))]
    _ = univ := by
      refine eq_univ_of_forall fun x ↦ ?_
      convert Nat.exists_infinite_primes x
      rfl
",💥️unexpected identifier; expected ':=',False,60,MIL.C04_Sets_and_Functions.solutions.Solutions_S01_Sets,Qwen-7B-long,LENGTH,best_of_n,False,0,-1.0,CH04.t12,False
-1,False,5,"theorem t12 : (⋃ p ∈ primes, { x | x ≤ p }) = univ := by
  apply eq_univ_of_forall
  intro x
  simp
  rcases Nat.exists_infinite_primes x with ⟨p, pge, primep⟩
  use p, primep

",,True,5,"theorem t12 : (⋃ p ∈ primes, { x | x ≤ p }) = univ := by
  apply eq_univ_of_forall
  intro x
  simp
  obtain ⟨p, pge, primep⟩ := Nat.exists_infinite_primes x
  use p, primep


",,True,60,MIL.C04_Sets_and_Functions.solutions.Solutions_S01_Sets,Qwen-7B-long,LENGTH,best_of_n,False,0,0.0,CH04.t12,False
-1,False,5,"theorem t12 : (⋃ p ∈ primes, { x | x ≤ p }) = univ := by
  apply eq_univ_of_forall
  intro x
  simp
  rcases Nat.exists_infinite_primes x with ⟨p, pge, primep⟩
  use p, primep

",,True,-1,"theorem t12 : (⋃ p ∈ primes, { x | x ≤ p }) = univ :=
  eq_univ_of_forall fun x ↦ (Nat.exists_infinite_primes x).imp
","💥️type mismatch
  fun h => Exists.imp h (Nat.exists_infinite_primes x)
has type
  (∀ (a : ℕ), x ≤ a ∧ Nat.Prime a → ?m.7340 a) → ∃ a, ?m.7340 a : Prop
but is expected to have type
  x ∈ ⋃ p ∈ primes, {x | x ≤ p} : Prop",False,60,MIL.C04_Sets_and_Functions.solutions.Solutions_S01_Sets,Qwen-7B-long,LENGTH,best_of_n,False,0,-1.0,CH04.t12,False
-1,False,5,"theorem t12 : (⋃ p ∈ primes, { x | x ≤ p }) = univ := by
  apply eq_univ_of_forall
  intro x
  simp
  rcases Nat.exists_infinite_primes x with ⟨p, pge, primep⟩
  use p, primep

",,True,-1,"Theorem t12 : (⋃ p ∈ primes, { x | x ≤ p }) = univ :=
  eq_univ_of_forall fun x ↦ (Nat.exists_infinite_primes x).imp
",💥️unexpected identifier; expected command,False,60,MIL.C04_Sets_and_Functions.solutions.Solutions_S01_Sets,Qwen-7B-long,LENGTH,best_of_n,False,0,-1.0,CH04.t12,False
-1,False,5,"theorem t12 : (⋃ p ∈ primes, { x | x ≤ p }) = univ := by
  apply eq_univ_of_forall
  intro x
  simp
  rcases Nat.exists_infinite_primes x with ⟨p, pge, primep⟩
  use p, primep

",,True,5,"theorem t12 : (⋃ p ∈ primes, { x | x ≤ p }) = univ := by
  apply eq_univ_of_forall
  intro x
  simp
  obtain ⟨p, pge, primep⟩ := Nat.exists_infinite_primes x
  use p, primep


",,True,60,MIL.C04_Sets_and_Functions.solutions.Solutions_S01_Sets,Qwen-7B-long,LENGTH,best_of_n,False,0,0.0,CH04.t12,False
-1,False,5,"theorem t12 : (⋃ p ∈ primes, { x | x ≤ p }) = univ := by
  apply eq_univ_of_forall
  intro x
  simp
  rcases Nat.exists_infinite_primes x with ⟨p, pge, primep⟩
  use p, primep

",,True,5,"theorem t12 : (⋃ p ∈ primes, { x | x ≤ p }) = univ := by
  apply eq_univ_of_forall
  intro x
  simp
  rcases Nat.exists_infinite_primes x with ⟨p, pge, primep⟩
  use p, primep
",,True,60,MIL.C04_Sets_and_Functions.solutions.Solutions_S01_Sets,Qwen-7B-long,LENGTH,best_of_n,False,0,0.0,CH04.t12,False
-1,False,5,"theorem t12 : (⋃ p ∈ primes, { x | x ≤ p }) = univ := by
  apply eq_univ_of_forall
  intro x
  simp
  rcases Nat.exists_infinite_primes x with ⟨p, pge, primep⟩
  use p, primep

",,True,-1,"theorem t12 : (⋃ p ∈ primes, { x | x ≤ p }) = univ := by
  apply eq_univ_of_forall
  simp
  rcases Nat.exists_infinite_primes x with ⟨p, pge, primep⟩
  use p, primep


","💥️unknown identifier 'x'

💥️type mismatch
  p
has type
  ℕ : Type
but is expected to have type
  ∀ (x : ℕ), ∃ i ∈ primes, x ≤ i : Prop

💥️too many arguments supplied to `use`",False,60,MIL.C04_Sets_and_Functions.solutions.Solutions_S01_Sets,Qwen-7B-long,LENGTH,best_of_n,False,0,-1.0,CH04.t12,False
-1,False,5,"theorem t12 : (⋃ p ∈ primes, { x | x ≤ p }) = univ := by
  apply eq_univ_of_forall
  intro x
  simp
  rcases Nat.exists_infinite_primes x with ⟨p, pge, primep⟩
  use p, primep

",,True,-1,"theorem t12 : (⋃ p ∈ primes, { x | x ≤ p }) = univ :=
  eq_univ_of_forall fun x ↦ (Nat.exists_infinite_primes x).imp fun _ ↦ Nat.lt reflexive

","💥️unknown identifier 'reflexive'

💥️application type mismatch
  Exists.imp (fun x => ?m.7409) (Nat.exists_infinite_primes x)
argument
  Nat.exists_infinite_primes x
has type
  ∃ (p : ℕ), x ≤ p ∧ Nat.Prime p : Prop
but is expected to have type
  ∃ (a : Set ℕ), ?m.7339 a : Prop",False,60,MIL.C04_Sets_and_Functions.solutions.Solutions_S01_Sets,Qwen-7B-long,LENGTH,best_of_n,False,0,-1.0,CH04.t12,False
-1,False,5,"theorem t12 : (⋃ p ∈ primes, { x | x ≤ p }) = univ := by
  apply eq_univ_of_forall
  intro x
  simp
  rcases Nat.exists_infinite_primes x with ⟨p, pge, primep⟩
  use p, primep

",,True,5,"theorem t12 : (⋃ p ∈ primes, { x | x ≤ p }) = univ := by
  apply eq_univ_of_forall _
  intro x
  simp
  rcases Nat.exists_infinite_primes x with ⟨p, pge, primep⟩
  use p, primep


",,True,60,MIL.C04_Sets_and_Functions.solutions.Solutions_S01_Sets,Qwen-7B-long,LENGTH,best_of_n,False,0,0.0,CH04.t12,False
-1,False,5,"theorem t12 : (⋃ p ∈ primes, { x | x ≤ p }) = univ := by
  apply eq_univ_of_forall
  intro x
  simp
  rcases Nat.exists_infinite_primes x with ⟨p, pge, primep⟩
  use p, primep

",,True,-1,"theorem t12 : (⋃ p ∈ primes, { x | x ≤ p }) = univ := by
  refine eq_univ_of_forall _ fun x ↦ ?_
  simp
  rcases Nat.exists_infinite_primes x with ⟨p, pge, primep⟩
  use p, primep


","💥️function expected at
  eq_univ_of_forall ?m.7325
term has type
  ?m.7324 = univ

💥️no goals to be solved",False,60,MIL.C04_Sets_and_Functions.solutions.Solutions_S01_Sets,Qwen-7B-long,LENGTH,best_of_n,False,0,-1.0,CH04.t12,False
-1,False,5,"theorem t12 : (⋃ p ∈ primes, { x | x ≤ p }) = univ := by
  apply eq_univ_of_forall
  intro x
  simp
  rcases Nat.exists_infinite_primes x with ⟨p, pge, primep⟩
  use p, primep

",,True,4,"theorem t12 : (⋃ p ∈ primes, { x | x ≤ p }) = univ := by
  refine eq_univ_of_forall fun x ↦ ?_
  simp
  rcases Nat.exists_infinite_primes x with ⟨p, pge, primep⟩
  use p, primep
",,True,60,MIL.C04_Sets_and_Functions.solutions.Solutions_S01_Sets,Qwen-7B-long,LENGTH,best_of_n,False,0,0.2,CH04.t12,False
-1,False,4,"theorem even_of_even_sqr {m : ℕ} (h : 2 ∣ m ^ 2) : 2 ∣ m := by
  rw [pow_two, Nat.prime_two.dvd_mul] at h
  cases h <;> assumption

",,True,-1,"theorem even_of_even_sqr {m : ℕ} (h : 2 ∣ m ^ 2) : 2 ∣ m := by
  rw [pow_two, Nat.prime_two.dvd_mul] at h
  exact even_of_two_dvd h


",💥️unknown identifier 'even_of_two_dvd',False,60,MIL.C05_Elementary_Number_Theory.solutions.Solutions_S01_Irrational_Roots,Qwen-7B-long,LENGTH,best_of_n,False,0,-1.0,even_of_even_sqr,False
-1,False,4,"theorem even_of_even_sqr {m : ℕ} (h : 2 ∣ m ^ 2) : 2 ∣ m := by
  rw [pow_two, Nat.prime_two.dvd_mul] at h
  cases h <;> assumption

",,True,-1,"theorem even_of_even_sqr {m : ℕ} (h : 2 ∣ m ^ 2) : 2 ∣ m :=
  pow_dvd_pow_iff_iff_2 _ _ <| Nat.prime_two.dvd_mul h
",💥️unknown identifier 'pow_dvd_pow_iff_iff_2',False,60,MIL.C05_Elementary_Number_Theory.solutions.Solutions_S01_Irrational_Roots,Qwen-7B-long,LENGTH,best_of_n,False,0,-1.0,even_of_even_sqr,False
-1,False,4,"theorem even_of_even_sqr {m : ℕ} (h : 2 ∣ m ^ 2) : 2 ∣ m := by
  rw [pow_two, Nat.prime_two.dvd_mul] at h
  cases h <;> assumption

",,True,-1,"theorem even_of_even_sqr {m : ℕ} (h : 2 ∣ m ^ 2) : 2 ∣ m := by
  rw [pow_two, Nat.prime_two.dvd_mul] at h
  exact h.elim assumption


",💥️unknown identifier 'assumption',False,60,MIL.C05_Elementary_Number_Theory.solutions.Solutions_S01_Irrational_Roots,Qwen-7B-long,LENGTH,best_of_n,False,0,-1.0,even_of_even_sqr,False
-1,False,4,"theorem even_of_even_sqr {m : ℕ} (h : 2 ∣ m ^ 2) : 2 ∣ m := by
  rw [pow_two, Nat.prime_two.dvd_mul] at h
  cases h <;> assumption

",,True,-1,"theorem even_of_even_sqr {m : ℕ} (h : 2 ∣ m ^ 2) : 2 ∣ m := by
  rw [pow_two, Nat.prime_two.dvd_mul] at h
  assumption


","💥️tactic 'assumption' failed
m : ℕ
h : 2 ∣ m ∨ 2 ∣ m
⊢ 2 ∣ m",False,60,MIL.C05_Elementary_Number_Theory.solutions.Solutions_S01_Irrational_Roots,Qwen-7B-long,LENGTH,best_of_n,False,0,-1.0,even_of_even_sqr,False
-1,False,4,"theorem even_of_even_sqr {m : ℕ} (h : 2 ∣ m ^ 2) : 2 ∣ m := by
  rw [pow_two, Nat.prime_two.dvd_mul] at h
  cases h <;> assumption

",,True,-1,"theorem even_of_even_sqr {m : ℕ} (h : 2 ∣ m ^ 2) : 2 ∣ m := by
  rw [Nat.prime_two.dvd_mul] at h
  exact (h.not_true.of-breached).1


","💥️tactic 'rewrite' failed, did not find instance of the pattern in the target expression
  2 ∣ ?m.234 * ?m.235
m : ℕ
h : 2 ∣ m ^ 2
⊢ 2 ∣ m",False,60,MIL.C05_Elementary_Number_Theory.solutions.Solutions_S01_Irrational_Roots,Qwen-7B-long,LENGTH,best_of_n,False,0,-1.0,even_of_even_sqr,False
-1,False,4,"theorem even_of_even_sqr {m : ℕ} (h : 2 ∣ m ^ 2) : 2 ∣ m := by
  rw [pow_two, Nat.prime_two.dvd_mul] at h
  cases h <;> assumption

",,True,-1,"theorem even_of_even_sqr {m : ℕ} (h : 2 ∣ m ^ 2) : 2 ∣ m :=
  even_of_pow_two_dvd_sqr m h
",💥️unknown identifier 'even_of_pow_two_dvd_sqr',False,60,MIL.C05_Elementary_Number_Theory.solutions.Solutions_S01_Irrational_Roots,Qwen-7B-long,LENGTH,best_of_n,False,0,-1.0,even_of_even_sqr,False
-1,False,4,"theorem even_of_even_sqr {m : ℕ} (h : 2 ∣ m ^ 2) : 2 ∣ m := by
  rw [pow_two, Nat.prime_two.dvd_mul] at h
  cases h <;> assumption

",,True,-1,"theorem even_of_even_sqr {m : ℕ} (h : 2 ∣ m ^ 2) : 2 ∣ m :=
  prime_two.dvd_mul' (h := h) <| WeakDvd.mul Right
",💥️unknown identifier 'prime_two.dvd_mul'',False,60,MIL.C05_Elementary_Number_Theory.solutions.Solutions_S01_Irrational_Roots,Qwen-7B-long,LENGTH,best_of_n,False,0,-1.0,even_of_even_sqr,False
-1,False,4,"theorem even_of_even_sqr {m : ℕ} (h : 2 ∣ m ^ 2) : 2 ∣ m := by
  rw [pow_two, Nat.prime_two.dvd_mul] at h
  cases h <;> assumption

",,True,-1,"theorem even_of_even_sqr {m : ℕ} (h : 2 ∣ m ^ 2) : 2 ∣ m :=
  mod_cast (Nat.prime_two.dvd_mul_iff h).trans Nat.one_dvd_mpr


","💥️invalid field 'dvd_mul_iff', the environment does not contain 'Nat.Prime.dvd_mul_iff'
  Nat.prime_two
has type
  Nat.Prime 2

💥️invalid field 'dvd_mul_iff', the environment does not contain 'Irreducible.dvd_mul_iff'
  Nat.prime_two
has type
  Irreducible 2",False,60,MIL.C05_Elementary_Number_Theory.solutions.Solutions_S01_Irrational_Roots,Qwen-7B-long,LENGTH,best_of_n,False,0,-1.0,even_of_even_sqr,False
-1,False,4,"theorem even_of_even_sqr {m : ℕ} (h : 2 ∣ m ^ 2) : 2 ∣ m := by
  rw [pow_two, Nat.prime_two.dvd_mul] at h
  cases h <;> assumption

",,True,-1,"theorem even_of_even_sqr {m : ℕ} (h : 2 ∣ m ^ 2) : 2 ∣ m := by
  rw [pow_two, Nat.prime_two.dvd_mul] at h
  exact h.1
","💥️invalid projection, structure expected
  h
has type
  2 ∣ m ∨ 2 ∣ m",False,60,MIL.C05_Elementary_Number_Theory.solutions.Solutions_S01_Irrational_Roots,Qwen-7B-long,LENGTH,best_of_n,False,0,-1.0,even_of_even_sqr,False
-1,False,4,"theorem even_of_even_sqr {m : ℕ} (h : 2 ∣ m ^ 2) : 2 ∣ m := by
  rw [pow_two, Nat.prime_two.dvd_mul] at h
  cases h <;> assumption

",,True,-1,"theorem even_of_even_sqr {m : ℕ} (h : 2 ∣ m ^ 2) : 2 ∣ m := by
  rw [pow_two, Nat.prime_two.dvd_mul] at h
  exact (h.mp <| Nat.prime_two.dvd_mul_right _).le

","💥️invalid field 'mp', the environment does not contain 'Or.mp'
  h
has type
  2 ∣ m ∨ 2 ∣ m",False,60,MIL.C05_Elementary_Number_Theory.solutions.Solutions_S01_Irrational_Roots,Qwen-7B-long,LENGTH,best_of_n,False,0,-1.0,even_of_even_sqr,False
-1,False,4,"theorem even_of_even_sqr {m : ℕ} (h : 2 ∣ m ^ 2) : 2 ∣ m := by
  rw [pow_two, Nat.prime_two.dvd_mul] at h
  cases h <;> assumption

",,True,-1,"
theorem even_of_even_sqr {m : ℕ} (h : 2 ∣ m ^ 2) : 2 ∣ m := by
  rw [pow_two, ← Nat.prime_two.dvd_mul] at h
  exact (dvd_mul_right_of_dvd_mul_left (by simp) h).rfl


","💥️tactic 'rewrite' failed, did not find instance of the pattern in the target expression
  2 ∣ ?m.423 ∨ 2 ∣ ?m.424
m : ℕ
h : 2 ∣ m * m
⊢ 2 ∣ m",False,60,MIL.C05_Elementary_Number_Theory.solutions.Solutions_S01_Irrational_Roots,Qwen-7B-long,LENGTH,best_of_n,False,0,-1.0,even_of_even_sqr,False
-1,False,4,"theorem even_of_even_sqr {m : ℕ} (h : 2 ∣ m ^ 2) : 2 ∣ m := by
  rw [pow_two, Nat.prime_two.dvd_mul] at h
  cases h <;> assumption

",,True,-1,"theorem even_of_even_sqr {m : ℕ} (h : 2 ∣ m ^ 2) : 2 ∣ m :=
  (Nat.prime_two.dvd_mul_right.mpr h).mp <|
    (Nat.prime_two.dvd_mul_left.mpr (dvd_mul_right.mpr m $ even_two)).mp $ Even.mul_of_mul s


","💥️invalid field 'dvd_mul_right', the environment does not contain 'Nat.Prime.dvd_mul_right'
  Nat.prime_two
has type
  Nat.Prime 2

💥️invalid field 'dvd_mul_right', the environment does not contain 'Irreducible.dvd_mul_right'
  Nat.prime_two
has type
  Irreducible 2",False,60,MIL.C05_Elementary_Number_Theory.solutions.Solutions_S01_Irrational_Roots,Qwen-7B-long,LENGTH,best_of_n,False,0,-1.0,even_of_even_sqr,False
-1,False,4,"theorem even_of_even_sqr {m : ℕ} (h : 2 ∣ m ^ 2) : 2 ∣ m := by
  rw [pow_two, Nat.prime_two.dvd_mul] at h
  cases h <;> assumption

",,True,-1,"theorem even_of_even_sqr {m : ℕ} (h : 2 ∣ m ^ 2) : 2 ∣ m :=
  (Nat.prime_two.dvd_mul_of_dvd_mul_right _ h).leered
","💥️invalid field 'dvd_mul_of_dvd_mul_right', the environment does not contain 'Nat.Prime.dvd_mul_of_dvd_mul_right'
  Nat.prime_two
has type
  Nat.Prime 2

💥️invalid field 'dvd_mul_of_dvd_mul_right', the environment does not contain 'Irreducible.dvd_mul_of_dvd_mul_right'
  Nat.prime_two
has type
  Irreducible 2",False,60,MIL.C05_Elementary_Number_Theory.solutions.Solutions_S01_Irrational_Roots,Qwen-7B-long,LENGTH,best_of_n,False,0,-1.0,even_of_even_sqr,False
-1,False,4,"theorem even_of_even_sqr {m : ℕ} (h : 2 ∣ m ^ 2) : 2 ∣ m := by
  rw [pow_two, Nat.prime_two.dvd_mul] at h
  cases h <;> assumption

",,True,-1,"theorem even_of_even_sqr {m : ℕ} (h : 2 ∣ m ^ 2) : 2 ∣ m :=
  rintro (h₀ | h₁) <;> simp [h₀, h₁, pow_two] at h
","💥️unexpected token '|'; expected ')', ',' or ':'",False,60,MIL.C05_Elementary_Number_Theory.solutions.Solutions_S01_Irrational_Roots,Qwen-7B-long,LENGTH,best_of_n,False,0,-1.0,even_of_even_sqr,False
-1,False,4,"theorem even_of_even_sqr {m : ℕ} (h : 2 ∣ m ^ 2) : 2 ∣ m := by
  rw [pow_two, Nat.prime_two.dvd_mul] at h
  cases h <;> assumption

",,True,-1,"theorem even_of_even_sqr {m : ℕ} (h : 2 ∣ m ^ 2) : 2 ∣ m :=
  even_of_not m
",💥️unknown identifier 'even_of_not',False,60,MIL.C05_Elementary_Number_Theory.solutions.Solutions_S01_Irrational_Roots,Qwen-7B-long,LENGTH,best_of_n,False,0,-1.0,even_of_even_sqr,False
-1,False,4,"theorem even_of_even_sqr {m : ℕ} (h : 2 ∣ m ^ 2) : 2 ∣ m := by
  rw [pow_two, Nat.prime_two.dvd_mul] at h
  cases h <;> assumption

",,True,-1,"theorem even_of_even_sqr {m : ℕ} (h : 2 ∣ m ^ 2) : 2 ∣ m :=
  sqrt_of_dvd_mul_right (2 : ℕ) h
",💥️unknown identifier 'sqrt_of_dvd_mul_right',False,60,MIL.C05_Elementary_Number_Theory.solutions.Solutions_S01_Irrational_Roots,Qwen-7B-long,LENGTH,best_of_n,False,0,-1.0,even_of_even_sqr,False
-1,False,4,"theorem even_of_even_sqr {m : ℕ} (h : 2 ∣ m ^ 2) : 2 ∣ m := by
  rw [pow_two, Nat.prime_two.dvd_mul] at h
  cases h <;> assumption

",,True,-1,"theorem even_of_even_sqr {m : ℕ} (h : 2 ∣ m ^ 2) : 2 ∣ m := by
  rw [pow_two, ← Nat.prime_two.dvd_mul] at h
  assumption

","💥️tactic 'rewrite' failed, did not find instance of the pattern in the target expression
  2 ∣ ?m.423 ∨ 2 ∣ ?m.424
m : ℕ
h : 2 ∣ m * m
⊢ 2 ∣ m",False,60,MIL.C05_Elementary_Number_Theory.solutions.Solutions_S01_Irrational_Roots,Qwen-7B-long,LENGTH,best_of_n,False,0,-1.0,even_of_even_sqr,False
-1,False,4,"theorem even_of_even_sqr {m : ℕ} (h : 2 ∣ m ^ 2) : 2 ∣ m := by
  rw [pow_two, Nat.prime_two.dvd_mul] at h
  cases h <;> assumption

",,True,-1,"theorem even_of_even_sqr {m : ℕ} (h : 2 ∣ m ^ 2) : 2 ∣ m := by
  rw [pow_two, Nat.prime_two.dvd_mul] at h
  exact h.elimination assumption
","💥️invalid field 'elimination', the environment does not contain 'Or.elimination'
  h
has type
  2 ∣ m ∨ 2 ∣ m",False,60,MIL.C05_Elementary_Number_Theory.solutions.Solutions_S01_Irrational_Roots,Qwen-7B-long,LENGTH,best_of_n,False,0,-1.0,even_of_even_sqr,False
-1,False,4,"theorem even_of_even_sqr {m : ℕ} (h : 2 ∣ m ^ 2) : 2 ∣ m := by
  rw [pow_two, Nat.prime_two.dvd_mul] at h
  cases h <;> assumption

",,True,-1,"theorem even_of_even_sqr {m : ℕ} (h : 2 ∣ m ^ 2) : 2 ∣ m := by
  rw [pow_two, Nat.prime_two.dvd_mul] at h
  exact h.elim2 assumption


","💥️invalid field 'elim2', the environment does not contain 'Or.elim2'
  h
has type
  2 ∣ m ∨ 2 ∣ m",False,60,MIL.C05_Elementary_Number_Theory.solutions.Solutions_S01_Irrational_Roots,Qwen-7B-long,LENGTH,best_of_n,False,0,-1.0,even_of_even_sqr,False
-1,False,4,"theorem even_of_even_sqr {m : ℕ} (h : 2 ∣ m ^ 2) : 2 ∣ m := by
  rw [pow_two, Nat.prime_two.dvd_mul] at h
  cases h <;> assumption

",,True,-1,"theorem even_of_even_sqr {m : ℕ} (h : 2 ∣ m ^ 2) : 2 ∣ m := by
  rw [pow_two, Nat.prime_two.dvd_mul] at h
  exact h.of_ne_two


","💥️invalid field 'of_ne_two', the environment does not contain 'Or.of_ne_two'
  h
has type
  2 ∣ m ∨ 2 ∣ m",False,60,MIL.C05_Elementary_Number_Theory.solutions.Solutions_S01_Irrational_Roots,Qwen-7B-long,LENGTH,best_of_n,False,0,-1.0,even_of_even_sqr,False
-1,False,4,"theorem even_of_even_sqr {m : ℕ} (h : 2 ∣ m ^ 2) : 2 ∣ m := by
  rw [pow_two, Nat.prime_two.dvd_mul] at h
  cases h <;> assumption

",,True,-1,"theorem even_of_even_sqr {m : ℕ} (h : 2 ∣ m ^ 2) : 2 ∣ m := by simpa using Nat.prime_two.dvd_mul (dvd_mul_of_dvd_mul_right h)
","💥️function expected at
  Nat.Prime.dvd_mul Nat.prime_two
term has type
  2 ∣ ?m.860 * ?m.861 ↔ 2 ∣ ?m.860 ∨ 2 ∣ ?m.861",False,60,MIL.C05_Elementary_Number_Theory.solutions.Solutions_S01_Irrational_Roots,Qwen-7B-long,LENGTH,best_of_n,False,0,-1.0,even_of_even_sqr,False
-1,False,4,"theorem even_of_even_sqr {m : ℕ} (h : 2 ∣ m ^ 2) : 2 ∣ m := by
  rw [pow_two, Nat.prime_two.dvd_mul] at h
  cases h <;> assumption

",,True,-1,"theorem even_of_even_sqr {m : ℕ} (h : 2 ∣ m ^ 2) : 2 ∣ m := by
  rw [pow_two, Nat.prime_two.dvd_mul] at h
  exact h.squares_eq_one_iff.mpr .symm


","💥️invalid field 'squares_eq_one_iff', the environment does not contain 'Or.squares_eq_one_iff'
  h
has type
  2 ∣ m ∨ 2 ∣ m",False,60,MIL.C05_Elementary_Number_Theory.solutions.Solutions_S01_Irrational_Roots,Qwen-7B-long,LENGTH,best_of_n,False,0,-1.0,even_of_even_sqr,False
-1,False,4,"theorem even_of_even_sqr {m : ℕ} (h : 2 ∣ m ^ 2) : 2 ∣ m := by
  rw [pow_two, Nat.prime_two.dvd_mul] at h
  cases h <;> assumption

",,True,-1,"theorem even_of_even_sqr {m : ℕ} (h : 2 ∣ m ^ 2) : 2 ∣ m := by
  rw [pow_two, Nat.prime_two.dvd_mul] at h
  exact even_of_two_dvd_mul h


",💥️unknown identifier 'even_of_two_dvd_mul',False,60,MIL.C05_Elementary_Number_Theory.solutions.Solutions_S01_Irrational_Roots,Qwen-7B-long,LENGTH,best_of_n,False,0,-1.0,even_of_even_sqr,False
-1,False,4,"theorem even_of_even_sqr {m : ℕ} (h : 2 ∣ m ^ 2) : 2 ∣ m := by
  rw [pow_two, Nat.prime_two.dvd_mul] at h
  cases h <;> assumption

",,True,-1,"theorem even_of_even_sqr {m : ℕ} (h : 2 ∣ m ^ 2) : 2 ∣ m :=
  even_of_exists n (enat_cast exists_zero) (each_mul_left_cast n |>.trans (exists_pos.mpr mult_pos cast_pos))
",💥️unknown identifier 'even_of_exists',False,60,MIL.C05_Elementary_Number_Theory.solutions.Solutions_S01_Irrational_Roots,Qwen-7B-long,LENGTH,best_of_n,False,0,-1.0,even_of_even_sqr,False
-1,False,4,"theorem even_of_even_sqr {m : ℕ} (h : 2 ∣ m ^ 2) : 2 ∣ m := by
  rw [pow_two, Nat.prime_two.dvd_mul] at h
  cases h <;> assumption

",,True,-1,"theorem even_of_even_sqr {m : ℕ} (h : 2 ∣ m ^ 2) : 2 ∣ m := by
  rw [pow_two, Nat.prime_two.dvd_mul] at h
  exact even_of_two_dvd m h


",💥️unknown identifier 'even_of_two_dvd',False,60,MIL.C05_Elementary_Number_Theory.solutions.Solutions_S01_Irrational_Roots,Qwen-7B-long,LENGTH,best_of_n,False,0,-1.0,even_of_even_sqr,False
-1,False,4,"theorem even_of_even_sqr {m : ℕ} (h : 2 ∣ m ^ 2) : 2 ∣ m := by
  rw [pow_two, Nat.prime_two.dvd_mul] at h
  cases h <;> assumption

",,True,-1,"theorem even_of_even_sqr {m : ℕ} (h : 2 ∣ m ^ 2) : 2 ∣ m := by
  rw [pow_two, Nat.prime_two.dvd_mul] at h
  exact h.elim assumption
",💥️unknown identifier 'assumption',False,60,MIL.C05_Elementary_Number_Theory.solutions.Solutions_S01_Irrational_Roots,Qwen-7B-long,LENGTH,best_of_n,False,0,-1.0,even_of_even_sqr,False
-1,False,4,"theorem even_of_even_sqr {m : ℕ} (h : 2 ∣ m ^ 2) : 2 ∣ m := by
  rw [pow_two, Nat.prime_two.dvd_mul] at h
  cases h <;> assumption

",,True,-1,"theorem even_of_even_sqr {m : ℕ} (h : 2 ∣ m ^ 2) : 2 ∣ m := by
  rw [pow_two, Nat.prime_two.dvd_mul] at h
  exact h.elim assumption
",💥️unknown identifier 'assumption',False,60,MIL.C05_Elementary_Number_Theory.solutions.Solutions_S01_Irrational_Roots,Qwen-7B-long,LENGTH,best_of_n,False,0,-1.0,even_of_even_sqr,False
-1,False,4,"theorem even_of_even_sqr {m : ℕ} (h : 2 ∣ m ^ 2) : 2 ∣ m := by
  rw [pow_two, Nat.prime_two.dvd_mul] at h
  cases h <;> assumption

",,True,-1,"theorem even_of_even_sqr {m : ℕ} (h : 2 ∣ m ^ 2) : 2 ∣ m :=
  contrapose h <;> simp [Nat.prime_two.dvd_mul]
",💥️unknown identifier 'contrapose',False,60,MIL.C05_Elementary_Number_Theory.solutions.Solutions_S01_Irrational_Roots,Qwen-7B-long,LENGTH,best_of_n,False,0,-1.0,even_of_even_sqr,False
-1,False,4,"theorem even_of_even_sqr {m : ℕ} (h : 2 ∣ m ^ 2) : 2 ∣ m := by
  rw [pow_two, Nat.prime_two.dvd_mul] at h
  cases h <;> assumption

",,True,-1,"theorem even_of_even_sqr {m : ℕ} (h : 2 ∣ m ^ 2) : 2 ∣ m :=
  iff_not <| by simpa [Nat.not_prime_two] using (Nat.prime_two.dvd_mul _ _). contrapose h
",💥️unknown identifier 'iff_not',False,60,MIL.C05_Elementary_Number_Theory.solutions.Solutions_S01_Irrational_Roots,Qwen-7B-long,LENGTH,best_of_n,False,0,-1.0,even_of_even_sqr,False
-1,False,4,"theorem even_of_even_sqr {m : ℕ} (h : 2 ∣ m ^ 2) : 2 ∣ m := by
  rw [pow_two, Nat.prime_two.dvd_mul] at h
  cases h <;> assumption

",,True,-1,"theorem even_of_even_sqr {m : ℕ} (h : 2 ∣ m ^ 2) : 2 ∣ m := by
  rw [pow_two, Nat.prime_two.dvd_mul] at h
  assumption
","💥️tactic 'assumption' failed
m : ℕ
h : 2 ∣ m ∨ 2 ∣ m
⊢ 2 ∣ m",False,60,MIL.C05_Elementary_Number_Theory.solutions.Solutions_S01_Irrational_Roots,Qwen-7B-long,LENGTH,best_of_n,False,0,-1.0,even_of_even_sqr,False
-1,False,4,"theorem even_of_even_sqr {m : ℕ} (h : 2 ∣ m ^ 2) : 2 ∣ m := by
  rw [pow_two, Nat.prime_two.dvd_mul] at h
  cases h <;> assumption

",,True,-1,"theorem even_of_even_sqr {m : ℕ} (h : 2 ∣ m ^ 2) : 2 ∣ m := by
  rw [pow_two] at h
  exact Nat.prime_two.dvd_mul h
","💥️function expected at
  Nat.Prime.dvd_mul Nat.prime_two
term has type
  2 ∣ ?m.419 * ?m.420 ↔ 2 ∣ ?m.419 ∨ 2 ∣ ?m.420",False,60,MIL.C05_Elementary_Number_Theory.solutions.Solutions_S01_Irrational_Roots,Qwen-7B-long,LENGTH,best_of_n,False,0,-1.0,even_of_even_sqr,False
-1,False,4,"theorem even_of_even_sqr {m : ℕ} (h : 2 ∣ m ^ 2) : 2 ∣ m := by
  rw [pow_two, Nat.prime_two.dvd_mul] at h
  cases h <;> assumption

",,True,-1,"theorem even_of_even_sqr {m : ℕ} (h : 2 ∣ m ^ 2) : 2 ∣ m :=
 资格sur_2.msempirical_of_msempirical_sqr h
",💥️expected token,False,60,MIL.C05_Elementary_Number_Theory.solutions.Solutions_S01_Irrational_Roots,Qwen-7B-long,LENGTH,best_of_n,False,0,-1.0,even_of_even_sqr,False
-1,False,4,"theorem even_of_even_sqr {m : ℕ} (h : 2 ∣ m ^ 2) : 2 ∣ m := by
  rw [pow_two, Nat.prime_two.dvd_mul] at h
  cases h <;> assumption

",,True,-1,"theorem even_of_even_sqr {m : ℕ} (h : 2 ∣ m ^ 2) : 2 ∣ m :=
  pow_dvd_pow_left (2 : ℕ) (m := m) at h
",💥️unknown identifier 'pow_dvd_pow_left',False,60,MIL.C05_Elementary_Number_Theory.solutions.Solutions_S01_Irrational_Roots,Qwen-7B-long,LENGTH,best_of_n,False,0,-1.0,even_of_even_sqr,False
-1,False,4,"theorem even_of_even_sqr {m : ℕ} (h : 2 ∣ m ^ 2) : 2 ∣ m := by
  rw [pow_two, Nat.prime_two.dvd_mul] at h
  cases h <;> assumption

",,True,-1,"lemma even_of_even_sqr {m : ℕ} (h : 2 ∣ m ^ 2) : 2 ∣ m :=
  even_iff_dvd_two.1 <|
    (Nat.prime_two.dvd_mul_of_right (Nat.prime_two.dvd_mul_of_left _)).trans h


",💥️unknown identifier 'even_iff_dvd_two',False,60,MIL.C05_Elementary_Number_Theory.solutions.Solutions_S01_Irrational_Roots,Qwen-7B-long,LENGTH,best_of_n,False,0,-1.0,even_of_even_sqr,False
-1,False,4,"theorem even_of_even_sqr {m : ℕ} (h : 2 ∣ m ^ 2) : 2 ∣ m := by
  rw [pow_two, Nat.prime_two.dvd_mul] at h
  cases h <;> assumption

",,True,-1,"theorem even_of_even_sqr {m : ℕ} (h : 2 ∣ m ^ 2) : 2 ∣ m := by
  rw [pow_two, Nat.prime_two.dvd_mul] at h
  exact (h.of_imp).mpr assumption


","💥️invalid field 'of_imp', the environment does not contain 'Or.of_imp'
  h
has type
  2 ∣ m ∨ 2 ∣ m",False,60,MIL.C05_Elementary_Number_Theory.solutions.Solutions_S01_Irrational_Roots,Qwen-7B-long,LENGTH,best_of_n,False,0,-1.0,even_of_even_sqr,False
-1,False,4,"theorem even_of_even_sqr {m : ℕ} (h : 2 ∣ m ^ 2) : 2 ∣ m := by
  rw [pow_two, Nat.prime_two.dvd_mul] at h
  cases h <;> assumption

",,True,-1,"theorem even_of_even_sqr {m : ℕ} (h : 2 ∣ m ^ 2) : 2 ∣ m := by
  rw [pow_two, Nat.prime_two.dvd_mul] at h
  exact assumption


",💥️unknown identifier 'assumption',False,60,MIL.C05_Elementary_Number_Theory.solutions.Solutions_S01_Irrational_Roots,Qwen-7B-long,LENGTH,best_of_n,False,0,-1.0,even_of_even_sqr,False
-1,False,4,"theorem even_of_even_sqr {m : ℕ} (h : 2 ∣ m ^ 2) : 2 ∣ m := by
  rw [pow_two, Nat.prime_two.dvd_mul] at h
  cases h <;> assumption

",,True,-1,"theorem even_of_even_sqr {m : ℕ} (h : 2 ∣ m ^ 2) : 2 ∣ m :=
  even_of_dvd_mul_left h <| by simpa [Nat.one_mul]
",💥️unknown identifier 'even_of_dvd_mul_left',False,60,MIL.C05_Elementary_Number_Theory.solutions.Solutions_S01_Irrational_Roots,Qwen-7B-long,LENGTH,best_of_n,False,0,-1.0,even_of_even_sqr,False
-1,False,4,"theorem even_of_even_sqr {m : ℕ} (h : 2 ∣ m ^ 2) : 2 ∣ m := by
  rw [pow_two, Nat.prime_two.dvd_mul] at h
  cases h <;> assumption

",,True,-1,"theorem even_of_even_sqr {m : ℕ} (h : 2 ∣ m ^ 2) : 2 ∣ m :=
  Ne, Nat.prime_two.dvd_mul (by rwa [pow_two, Nat.dvd_mul_self_right])
","💥️type mismatch
  Ne
has type
  ?m.221 → ?m.221 → Prop : Sort (max 1 ?u.220)
but is expected to have type
  2 ∣ m : Prop",False,60,MIL.C05_Elementary_Number_Theory.solutions.Solutions_S01_Irrational_Roots,Qwen-7B-long,LENGTH,best_of_n,False,0,-1.0,even_of_even_sqr,False
-1,False,4,"theorem even_of_even_sqr {m : ℕ} (h : 2 ∣ m ^ 2) : 2 ∣ m := by
  rw [pow_two, Nat.prime_two.dvd_mul] at h
  cases h <;> assumption

",,True,-1,"theorem even_of_even_sqr {m : ℕ} (h : 2 ∣ m ^ 2) : 2 ∣ m := by
  rw [pow_two, Nat.prime_two.dvd_mul] at h
  exact h.elimination assumption


","💥️invalid field 'elimination', the environment does not contain 'Or.elimination'
  h
has type
  2 ∣ m ∨ 2 ∣ m",False,60,MIL.C05_Elementary_Number_Theory.solutions.Solutions_S01_Irrational_Roots,Qwen-7B-long,LENGTH,best_of_n,False,0,-1.0,even_of_even_sqr,False
-1,False,4,"theorem even_of_even_sqr {m : ℕ} (h : 2 ∣ m ^ 2) : 2 ∣ m := by
  rw [pow_two, Nat.prime_two.dvd_mul] at h
  cases h <;> assumption

",,True,-1,"theorem even_of_even_sqr {m : ℕ} (h : 2 ∣ m ^ 2) : 2 ∣ m := by
  rw [pow_two, Nat.prime_two.dvd_mul] at h
  exact Nat.prime_two.dvd_of_dvd_mul h


","💥️invalid field 'dvd_of_dvd_mul', the environment does not contain 'Nat.Prime.dvd_of_dvd_mul'
  Nat.prime_two
has type
  Nat.Prime 2

💥️invalid field 'dvd_of_dvd_mul', the environment does not contain 'Irreducible.dvd_of_dvd_mul'
  Nat.prime_two
has type
  Irreducible 2",False,60,MIL.C05_Elementary_Number_Theory.solutions.Solutions_S01_Irrational_Roots,Qwen-7B-long,LENGTH,best_of_n,False,0,-1.0,even_of_even_sqr,False
-1,False,4,"theorem even_of_even_sqr {m : ℕ} (h : 2 ∣ m ^ 2) : 2 ∣ m := by
  rw [pow_two, Nat.prime_two.dvd_mul] at h
  cases h <;> assumption

",,True,-1,"@[deprecated prime_two] -- since itsabr 13(userid)
theorem even_of_even_sqr {m : ℕ} (h : 2 ∣ m ^ 2) : 2 ∣ m := by
  rw [pow_two, prime_two.dvd_mul] at h
  cases h <;> assumption
","💥️unknown identifier 'prime_two.dvd_mul'

💥️tactic 'rewrite' failed, equality or iff proof expected
  ?m.411
m : ℕ
h : 2 ∣ m * m
⊢ 2 ∣ m

💥️unknown constant 'prime_two'",False,60,MIL.C05_Elementary_Number_Theory.solutions.Solutions_S01_Irrational_Roots,Qwen-7B-long,LENGTH,best_of_n,False,0,-1.0,even_of_even_sqr,False
-1,False,4,"theorem even_of_even_sqr {m : ℕ} (h : 2 ∣ m ^ 2) : 2 ∣ m := by
  rw [pow_two, Nat.prime_two.dvd_mul] at h
  cases h <;> assumption

",,True,-1,"theorem even_of_even_sqr {m : ℕ} (h : 2 ∣ m ^ 2) : 2 ∣ m :=
  even_of_pow_right 2 m
",💥️unknown identifier 'even_of_pow_right',False,60,MIL.C05_Elementary_Number_Theory.solutions.Solutions_S01_Irrational_Roots,Qwen-7B-long,LENGTH,best_of_n,False,0,-1.0,even_of_even_sqr,False
-1,False,4,"theorem even_of_even_sqr {m : ℕ} (h : 2 ∣ m ^ 2) : 2 ∣ m := by
  rw [pow_two, Nat.prime_two.dvd_mul] at h
  cases h <;> assumption

",,True,-1,"theorem even_of_even_sqr {m : ℕ} (h : 2 ∣ m ^ 2) : 2 ∣ m :=
  Nat.prime_two.dvd_mul_of_dvd_mul_right h <| simp [Nat.mul_dvd_mul_left]
","💥️invalid field 'dvd_mul_of_dvd_mul_right', the environment does not contain 'Nat.Prime.dvd_mul_of_dvd_mul_right'
  Nat.prime_two
has type
  Nat.Prime 2

💥️invalid field 'dvd_mul_of_dvd_mul_right', the environment does not contain 'Irreducible.dvd_mul_of_dvd_mul_right'
  Nat.prime_two
has type
  Irreducible 2",False,60,MIL.C05_Elementary_Number_Theory.solutions.Solutions_S01_Irrational_Roots,Qwen-7B-long,LENGTH,best_of_n,False,0,-1.0,even_of_even_sqr,False
-1,False,4,"theorem even_of_even_sqr {m : ℕ} (h : 2 ∣ m ^ 2) : 2 ∣ m := by
  rw [pow_two, Nat.prime_two.dvd_mul] at h
  cases h <;> assumption

",,True,-1,"theorem even_of_even_sqr {m : ℕ} (h : 2 ∣ m ^ 2) : 2 ∣ m := by
  rw [pow_two, Nat.prime_two.dvd_mul] at h
  exact Nat.prime_two.dvd_mul' h
","💥️invalid field 'dvd_mul'', the environment does not contain 'Nat.Prime.dvd_mul''
  Nat.prime_two
has type
  Nat.Prime 2

💥️invalid field 'dvd_mul'', the environment does not contain 'Irreducible.dvd_mul''
  Nat.prime_two
has type
  Irreducible 2",False,60,MIL.C05_Elementary_Number_Theory.solutions.Solutions_S01_Irrational_Roots,Qwen-7B-long,LENGTH,best_of_n,False,0,-1.0,even_of_even_sqr,False
-1,False,4,"theorem even_of_even_sqr {m : ℕ} (h : 2 ∣ m ^ 2) : 2 ∣ m := by
  rw [pow_two, Nat.prime_two.dvd_mul] at h
  cases h <;> assumption

",,True,-1,"theorem even_of_even_sqr {m : ℕ} (h : 2 ∣ m ^ 2) : 2 ∣ m :=
  even_of_2_dvd_mul_left h
",💥️unknown identifier 'even_of_2_dvd_mul_left',False,60,MIL.C05_Elementary_Number_Theory.solutions.Solutions_S01_Irrational_Roots,Qwen-7B-long,LENGTH,best_of_n,False,0,-1.0,even_of_even_sqr,False
-1,False,4,"theorem even_of_even_sqr {m : ℕ} (h : 2 ∣ m ^ 2) : 2 ∣ m := by
  rw [pow_two, Nat.prime_two.dvd_mul] at h
  cases h <;> assumption

",,True,-1,"No, I'm sorry. The `Nat.prime_two.dvd_mul` lemma is not of the form the `dvd_mul_right` lemma.

Dvd_mul_right states that if `2 ∣ b * c`, and `2` is prime, then `2 ∣ b` or `2 ∣ c`. Directly, this implies that if `2 ∣ m ^ 2`, then `2 ∣ m` or `2 ∣ m`. So, in conclusion, if `2 ∣ m ^ 2`, then `2 ∣ m`.

We can write this in a single step using `Nat.prime_two.dvd_mul` lemma.
","💥️unexpected identifier; expected command

💥️unexpected token; expected ':'",False,60,MIL.C05_Elementary_Number_Theory.solutions.Solutions_S01_Irrational_Roots,Qwen-7B-long,LENGTH,best_of_n,False,0,-1.0,even_of_even_sqr,False
-1,False,4,"theorem even_of_even_sqr {m : ℕ} (h : 2 ∣ m ^ 2) : 2 ∣ m := by
  rw [pow_two, Nat.prime_two.dvd_mul] at h
  cases h <;> assumption

",,True,-1,"theorem even_of_even_sqr {m : ℕ} (h : 2 ∣ m ^ 2) : 2 ∣ m :=
 _rectangle proof by rintro rfl <;> rwa [Nat.prime_two.dvd_mul] at h",💥️unknown identifier '_rectangle',False,60,MIL.C05_Elementary_Number_Theory.solutions.Solutions_S01_Irrational_Roots,Qwen-7B-long,LENGTH,best_of_n,False,0,-1.0,even_of_even_sqr,False
-1,False,4,"theorem even_of_even_sqr {m : ℕ} (h : 2 ∣ m ^ 2) : 2 ∣ m := by
  rw [pow_two, Nat.prime_two.dvd_mul] at h
  cases h <;> assumption

",,True,-1,"theorem even_of_even_sqr {m : ℕ} (h : 2 ∣ m ^ 2) : 2 ∣ m := by
  rw [pow_two, Nat.prime_two.dvd_mul] at h
  assumption


","💥️tactic 'assumption' failed
m : ℕ
h : 2 ∣ m ∨ 2 ∣ m
⊢ 2 ∣ m",False,60,MIL.C05_Elementary_Number_Theory.solutions.Solutions_S01_Irrational_Roots,Qwen-7B-long,LENGTH,best_of_n,False,0,-1.0,even_of_even_sqr,False
-1,False,4,"theorem even_of_even_sqr {m : ℕ} (h : 2 ∣ m ^ 2) : 2 ∣ m := by
  rw [pow_two, Nat.prime_two.dvd_mul] at h
  cases h <;> assumption

",,True,-1,"theorem even_of_even_sqr {m : ℕ} (h : 2 ∣ m ^ 2) : 2 ∣ m := by
  rw [pow_two, Nat.prime_two.dvd_mul] at h
  exact h


","💥️type mismatch
  h
has type
  2 ∣ m ∨ 2 ∣ m : Prop
but is expected to have type
  2 ∣ m : Prop",False,60,MIL.C05_Elementary_Number_Theory.solutions.Solutions_S01_Irrational_Roots,Qwen-7B-long,LENGTH,best_of_n,False,0,-1.0,even_of_even_sqr,False
-1,False,4,"theorem even_of_even_sqr {m : ℕ} (h : 2 ∣ m ^ 2) : 2 ∣ m := by
  rw [pow_two, Nat.prime_two.dvd_mul] at h
  cases h <;> assumption

",,True,-1,"theorem even_of_even_sqr {m : ℕ} (h : 2 ∣ m ^ 2) : 2 ∣ m :=
  powers_of_even_dvd, where
  _ := by simpa [pow_two] using h


",💥️unknown identifier 'powers_of_even_dvd',False,60,MIL.C05_Elementary_Number_Theory.solutions.Solutions_S01_Irrational_Roots,Qwen-7B-long,LENGTH,best_of_n,False,0,-1.0,even_of_even_sqr,False
-1,False,4,"theorem even_of_even_sqr {m : ℕ} (h : 2 ∣ m ^ 2) : 2 ∣ m := by
  rw [pow_two, Nat.prime_two.dvd_mul] at h
  cases h <;> assumption

",,True,-1,"theorem even_of_even_sqr {m : ℕ} (h : 2 ∣ m ^ 2) : 2 ∣ m :=
  (Nat.prime_two.1, Nat.prime_two.dvd_mul.mp h).1
","💥️type mismatch
  (?m.244, ?m.316).1
has type
  ?m.319 : Type ?u.318
but is expected to have type
  2 ∣ m : Prop",False,60,MIL.C05_Elementary_Number_Theory.solutions.Solutions_S01_Irrational_Roots,Qwen-7B-long,LENGTH,best_of_n,False,0,-1.0,even_of_even_sqr,False
-1,False,4,"theorem even_of_even_sqr {m : ℕ} (h : 2 ∣ m ^ 2) : 2 ∣ m := by
  rw [pow_two, Nat.prime_two.dvd_mul] at h
  cases h <;> assumption

",,True,-1,"theorem even_of_even_sqr {m : ℕ} (h : 2 ∣ m ^ 2) : 2 ∣ m := by
  rw [pow_two, prime_two.dvd_mul] at h
  simp at h
","💥️unknown identifier 'prime_two.dvd_mul'

💥️tactic 'rewrite' failed, equality or iff proof expected
  ?m.411
m : ℕ
h : 2 ∣ m * m
⊢ 2 ∣ m",False,60,MIL.C05_Elementary_Number_Theory.solutions.Solutions_S01_Irrational_Roots,Qwen-7B-long,LENGTH,best_of_n,False,0,-1.0,even_of_even_sqr,False
-1,False,4,"theorem even_of_even_sqr {m : ℕ} (h : 2 ∣ m ^ 2) : 2 ∣ m := by
  rw [pow_two, Nat.prime_two.dvd_mul] at h
  cases h <;> assumption

",,True,-1,"theorem even_of_even_sqr {m : ℕ} (h : 2 ∣ m ^ 2) : 2 ∣ m :=
  prime_two.dvd_of_dvd_mul_right Nat.prime_two.mpr h


",💥️unknown identifier 'prime_two.dvd_of_dvd_mul_right',False,60,MIL.C05_Elementary_Number_Theory.solutions.Solutions_S01_Irrational_Roots,Qwen-7B-long,LENGTH,best_of_n,False,0,-1.0,even_of_even_sqr,False
-1,False,4,"theorem even_of_even_sqr {m : ℕ} (h : 2 ∣ m ^ 2) : 2 ∣ m := by
  rw [pow_two, Nat.prime_two.dvd_mul] at h
  cases h <;> assumption

",,True,-1,"theorem even_of_even_sqr {m : ℕ} (h : 2 ∣ m²) : 2 ∣ m := by
  rw [pow_two, Nat.prime_two.dvd_mul] at h
  cases h <;> assumption
",💥️unexpected token '²'; expected ')',False,60,MIL.C05_Elementary_Number_Theory.solutions.Solutions_S01_Irrational_Roots,Qwen-7B-long,LENGTH,best_of_n,False,0,-1.0,even_of_even_sqr,False
-1,False,4,"theorem even_of_even_sqr {m : ℕ} (h : 2 ∣ m ^ 2) : 2 ∣ m := by
  rw [pow_two, Nat.prime_two.dvd_mul] at h
  cases h <;> assumption

",,True,-1,"theorem even_of_even_sqr {m : ℕ} (h : 2 ∣ m ^ 2) : 2 ∣ m := by
  rw [pow_two, Nat.prime_two.dvd_mul] at h
  assumption


","💥️tactic 'assumption' failed
m : ℕ
h : 2 ∣ m ∨ 2 ∣ m
⊢ 2 ∣ m",False,60,MIL.C05_Elementary_Number_Theory.solutions.Solutions_S01_Irrational_Roots,Qwen-7B-long,LENGTH,best_of_n,False,0,-1.0,even_of_even_sqr,False
-1,False,4,"theorem even_of_even_sqr {m : ℕ} (h : 2 ∣ m ^ 2) : 2 ∣ m := by
  rw [pow_two, Nat.prime_two.dvd_mul] at h
  cases h <;> assumption

",,True,-1,"theorem even_of_even_sqr {m : ℕ} (h : 2 ∣ m ^ 2) : 2 ∣ m :=
  Nat.prime_two.dvd_mul_of_dvd_mul_sqr h incomplete? ↦ smt
","💥️invalid field 'dvd_mul_of_dvd_mul_sqr', the environment does not contain 'Nat.Prime.dvd_mul_of_dvd_mul_sqr'
  Nat.prime_two
has type
  Nat.Prime 2

💥️invalid field 'dvd_mul_of_dvd_mul_sqr', the environment does not contain 'Irreducible.dvd_mul_of_dvd_mul_sqr'
  Nat.prime_two
has type
  Irreducible 2",False,60,MIL.C05_Elementary_Number_Theory.solutions.Solutions_S01_Irrational_Roots,Qwen-7B-long,LENGTH,best_of_n,False,0,-1.0,even_of_even_sqr,False
-1,False,4,"theorem even_of_even_sqr {m : ℕ} (h : 2 ∣ m ^ 2) : 2 ∣ m := by
  rw [pow_two, Nat.prime_two.dvd_mul] at h
  cases h <;> assumption

",,True,-1,"theorem even_of_even_sqr {m : ℕ} (h : 2 ∣ m ^ 2) : 2 ∣ m := by
  rw [pow_two, Nat.prime_two.dvd_mul] at h
  assumption
","💥️tactic 'assumption' failed
m : ℕ
h : 2 ∣ m ∨ 2 ∣ m
⊢ 2 ∣ m",False,60,MIL.C05_Elementary_Number_Theory.solutions.Solutions_S01_Irrational_Roots,Qwen-7B-long,LENGTH,best_of_n,False,0,-1.0,even_of_even_sqr,False
-1,False,4,"theorem even_of_even_sqr {m : ℕ} (h : 2 ∣ m ^ 2) : 2 ∣ m := by
  rw [pow_two, Nat.prime_two.dvd_mul] at h
  cases h <;> assumption

",,True,-1,"theorem even_of_even_sqr {m : ℕ} (h : 2 ∣ m ^ 2) : 2 ∣ m := by
  rw [pow_two, ← Nat.prime_two.dvd_mul] at h
  exact even_mul_left h


","💥️tactic 'rewrite' failed, did not find instance of the pattern in the target expression
  2 ∣ ?m.423 ∨ 2 ∣ ?m.424
m : ℕ
h : 2 ∣ m * m
⊢ 2 ∣ m",False,60,MIL.C05_Elementary_Number_Theory.solutions.Solutions_S01_Irrational_Roots,Qwen-7B-long,LENGTH,best_of_n,False,0,-1.0,even_of_even_sqr,False
-1,False,4,"theorem even_of_even_sqr {m : ℕ} (h : 2 ∣ m ^ 2) : 2 ∣ m := by
  rw [pow_two, Nat.prime_two.dvd_mul] at h
  cases h <;> assumption

",,True,-1,"theorem even_of_even_sqr {m : ℕ} (h : 2 ∣ m ^ 2) : 2 ∣ m := by
  rw [pow_two, Nat.prime_two.dvd_mul] at h
  simpa only using h


","💥️type mismatch, term
  h
after simplification has type
  2 ∣ m ∨ 2 ∣ m : Prop
but is expected to have type
  2 ∣ m : Prop",False,60,MIL.C05_Elementary_Number_Theory.solutions.Solutions_S01_Irrational_Roots,Qwen-7B-long,LENGTH,best_of_n,False,0,-1.0,even_of_even_sqr,False
-1,False,4,"theorem even_of_even_sqr {m : ℕ} (h : 2 ∣ m ^ 2) : 2 ∣ m := by
  rw [pow_two, Nat.prime_two.dvd_mul] at h
  cases h <;> assumption

",,True,4,"theorem even_of_even_sqr {m : ℕ} (h : 2 ∣ m ^ 2) : 2 ∣ m := by
  rw [pow_two, Nat.prime_two.dvd_mul] at h
  cases h <;> assumption


",,True,60,MIL.C05_Elementary_Number_Theory.solutions.Solutions_S01_Irrational_Roots,Qwen-7B-long,LENGTH,best_of_n,False,0,0.0,even_of_even_sqr,False
-1,False,24,"theorem t1 {m n : ℕ} (coprime_mn : m.Coprime n) : m ^ 2 ≠ 2 * n ^ 2 := by
  intro sqr_eq
  have : 2 ∣ m := by
    apply even_of_even_sqr
    rw [sqr_eq]
    apply dvd_mul_right
  obtain ⟨k, meq⟩ := dvd_iff_exists_eq_mul_left.mp this
  have : 2 * (2 * k ^ 2) = 2 * n ^ 2 := by
    rw [← sqr_eq, meq]
    ring
  have : 2 * k ^ 2 = n ^ 2 :=
    (mul_right_inj' (by norm_num)).mp this
  have : 2 ∣ n := by
    apply even_of_even_sqr
    rw [← this]
    apply dvd_mul_right
  have : 2 ∣ m.gcd n := by
    apply Nat.dvd_gcd <;>
    assumption
  have : 2 ∣ 1 := by
    convert this
    symm
    exact coprime_mn
  norm_num at this

",,True,-1,"theorem t1 {m n : ℕ} (coprime_mn : m.Coprime n) : m ^ 2 ≠ 2 * n ^ 2 := by
  intro sq
  have : 2 ∣ m := by
    rw [Nat.dvd_mul_right] at sq
    contrapose sq <;> rw [Nat.even_mul, even_of_mul] at this
    exact this ▸ coprime_mn.not_dvd_left <| Nat.gcd_eq_left.mpr (by rintro ⟨-⟩)
  obtain ⟨k, meq⟩ := hdvd_iff_exists_eq_mul_left.mp this
  have : 2 * (2 * k ^ 2) = 2 * n ^ 2 := by
    rw [← sq, meq]
    ring
  have : 2 * k ^ 2 = n ^ 2 := by
    rw [mul_right_inj' (by norm_num)] at this
    exact this
  have : 2 ∣ n := by
    rw [Nat.dvd_mul_right] at this
    contrapose this <;> rw [Nat.even_mul, even_of_mul] at hx
    exact hx ▸ coprime_mn.not_dvd_left <| Nat.gcd_eq_left.mpr (by rintro ⟨-⟩)
  have : 2 ∣ m.gcd n := by
    rw [Nat.dvd_gcd, Nat.dvd_mul_left] <;>
    assumption
  rw [Nat.gcd_eq_left, ← this] at coprime_mn
  exact this ▸ (Nat.even_mul (this ▸ coprime_mn.not_dvd_left) <| by rintro ⟨-⟩).even
","💥️tactic 'rewrite' failed, equality or iff proof expected
  ?a ∣ ?a * ?b
m n : ℕ
coprime_mn : m.Coprime n
sq : m ^ 2 = 2 * n ^ 2
⊢ 2 ∣ m

💥️unknown identifier 'hdvd_iff_exists_eq_mul_left.mp'

💥️rcases tactic failed: x✝ : ?m.1076 is not an inductive datatype",False,60,MIL.C05_Elementary_Number_Theory.solutions.Solutions_S01_Irrational_Roots,Qwen-7B-long,LENGTH,best_of_n,False,0,-1.0,t1,False
-1,False,24,"theorem t1 {m n : ℕ} (coprime_mn : m.Coprime n) : m ^ 2 ≠ 2 * n ^ 2 := by
  intro sqr_eq
  have : 2 ∣ m := by
    apply even_of_even_sqr
    rw [sqr_eq]
    apply dvd_mul_right
  obtain ⟨k, meq⟩ := dvd_iff_exists_eq_mul_left.mp this
  have : 2 * (2 * k ^ 2) = 2 * n ^ 2 := by
    rw [← sqr_eq, meq]
    ring
  have : 2 * k ^ 2 = n ^ 2 :=
    (mul_right_inj' (by norm_num)).mp this
  have : 2 ∣ n := by
    apply even_of_even_sqr
    rw [← this]
    apply dvd_mul_right
  have : 2 ∣ m.gcd n := by
    apply Nat.dvd_gcd <;>
    assumption
  have : 2 ∣ 1 := by
    convert this
    symm
    exact coprime_mn
  norm_num at this

",,True,-1,"theorem t1 {m n : ℕ} (coprime_mn : m.Coprime n) : m ^ 2 ≠ 2 * n ^ 2 := by
  intro sqr_eq
  have : 2 ∣ m := even_of_even_sqr (sqr_eq ▸ Nat.dvd_mul_right _)
  obtain ⟨k, meq⟩ := Nat.dvd_iff_exists_eq_mul_left.mp this
  have : 2 * (2 * k ^ 2) = 2 * n ^ 2 := by
    rw [← sqr_eq, meq]
    ring
  have : 2 * k ^ 2 = n ^ 2 := mul_right_inj' (by norm_num) this
  have : 2 ∣ n := even_of_even_sqr (this ▸ Nat.dvd_mul_right _)
  have : 2 ∣ m.gcd n := by
    apply Nat.dvd_gcd <;>
    assumption
  have : 2 ∣ 1 := coe_dvd_one <| this
  exact Nat.coe_dvd_one <| coprime_mn
","💥️type mismatch
  Nat.dvd_mul_right ?m.1072
has type
  ∀ (b : ℕ), ?m.1072 ∣ ?m.1072 * b : Prop
but is expected to have type
  2 ∣ 2 * n ^ 2 : Prop

💥️unknown constant 'Nat.dvd_iff_exists_eq_mul_left.mp'

💥️rcases tactic failed: x✝ : ?m.1386 is not an inductive datatype",False,60,MIL.C05_Elementary_Number_Theory.solutions.Solutions_S01_Irrational_Roots,Qwen-7B-long,LENGTH,best_of_n,False,0,-1.0,t1,False
-1,False,24,"theorem t1 {m n : ℕ} (coprime_mn : m.Coprime n) : m ^ 2 ≠ 2 * n ^ 2 := by
  intro sqr_eq
  have : 2 ∣ m := by
    apply even_of_even_sqr
    rw [sqr_eq]
    apply dvd_mul_right
  obtain ⟨k, meq⟩ := dvd_iff_exists_eq_mul_left.mp this
  have : 2 * (2 * k ^ 2) = 2 * n ^ 2 := by
    rw [← sqr_eq, meq]
    ring
  have : 2 * k ^ 2 = n ^ 2 :=
    (mul_right_inj' (by norm_num)).mp this
  have : 2 ∣ n := by
    apply even_of_even_sqr
    rw [← this]
    apply dvd_mul_right
  have : 2 ∣ m.gcd n := by
    apply Nat.dvd_gcd <;>
    assumption
  have : 2 ∣ 1 := by
    convert this
    symm
    exact coprime_mn
  norm_num at this

",,True,24,"theorem t1 {m n : ℕ} (coprime_mn : m.Coprime n) : m ^ 2 ≠ 2 * n ^ 2 := by
  intro sqr_eq
  have : 2 ∣ m := by
    apply even_of_even_sqr
    rw [sqr_eq]
    apply dvd_mul_right
  obtain ⟨k, meq⟩ := dvd_iff_exists_eq_mul_left.mp this
  have : 2 * (2 * k ^ 2) = 2 * n ^ 2 := by
    rw [← sqr_eq, meq]
    ring
  have : 2 * k ^ 2 = n ^ 2 :=
    (mul_right_inj' (by norm_num)).mp this
  have : 2 ∣ n := by
    apply even_of_even_sqr
    rw [← this]
    apply dvd_mul_right
  have : 2 ∣ m.gcd n := by
    apply Nat.dvd_gcd <;>
    assumption
  have : 2 ∣ 1 := by
    convert this
    symm
    exact coprime_mn
  norm_num at this


",,True,60,MIL.C05_Elementary_Number_Theory.solutions.Solutions_S01_Irrational_Roots,Qwen-7B-long,LENGTH,best_of_n,False,0,0.0,t1,False
-1,False,24,"theorem t1 {m n : ℕ} (coprime_mn : m.Coprime n) : m ^ 2 ≠ 2 * n ^ 2 := by
  intro sqr_eq
  have : 2 ∣ m := by
    apply even_of_even_sqr
    rw [sqr_eq]
    apply dvd_mul_right
  obtain ⟨k, meq⟩ := dvd_iff_exists_eq_mul_left.mp this
  have : 2 * (2 * k ^ 2) = 2 * n ^ 2 := by
    rw [← sqr_eq, meq]
    ring
  have : 2 * k ^ 2 = n ^ 2 :=
    (mul_right_inj' (by norm_num)).mp this
  have : 2 ∣ n := by
    apply even_of_even_sqr
    rw [← this]
    apply dvd_mul_right
  have : 2 ∣ m.gcd n := by
    apply Nat.dvd_gcd <;>
    assumption
  have : 2 ∣ 1 := by
    convert this
    symm
    exact coprime_mn
  norm_num at this

",,True,-1,"theorem t1 {m n : ℕ} (coprime_mn : m.Coprime n) : m ^ 2 ≠ 2 * n ^ 2 := by
  intro sqr_eq
  have : 2 ∣ m := by
    rw [ Cec, mul_right(2)]
    exact pow_dvd_pow_left _ _ _ (sqr_eq.trans (dvd_mul_right _) <| coprime_mn.dvd_mul_right _)
  obtain ⟨k, meq⟩ := Nat.mul_dvd_mul_left.mp this
  have : 2 * (2 * k ^ 2) = 2 * n ^ 2 := by linear_combination meq
  have : 2 * k ^ 2 = n ^ 2 := by rw [← Nat.mul_dvd_mul_left, this]
  have : 2 ∣ n := by
    rw [ decks}
  have : 2 ∣ m.gcd n := Nat.dvd_gcd ..
  have : 2 ∣ 1 := Nat.dvd_gcd ..
  exact Ne.of_le Nat.one_le_two


","💥️unexpected token '('; expected ']'

💥️unknown identifier 'Cec'

💥️tactic 'rewrite' failed, equality or iff proof expected
  ?m.1072
m n : ℕ
coprime_mn : m.Coprime n
sqr_eq : m ^ 2 = 2 * n ^ 2
⊢ 2 ∣ m

💥️unsolved goals
m n : ℕ
coprime_mn : m.Coprime n
sqr_eq : m ^ 2 = 2 * n ^ 2
this : 2 ∣ m
⊢ False",False,60,MIL.C05_Elementary_Number_Theory.solutions.Solutions_S01_Irrational_Roots,Qwen-7B-long,LENGTH,best_of_n,False,0,-1.0,t1,False
-1,False,24,"theorem t1 {m n : ℕ} (coprime_mn : m.Coprime n) : m ^ 2 ≠ 2 * n ^ 2 := by
  intro sqr_eq
  have : 2 ∣ m := by
    apply even_of_even_sqr
    rw [sqr_eq]
    apply dvd_mul_right
  obtain ⟨k, meq⟩ := dvd_iff_exists_eq_mul_left.mp this
  have : 2 * (2 * k ^ 2) = 2 * n ^ 2 := by
    rw [← sqr_eq, meq]
    ring
  have : 2 * k ^ 2 = n ^ 2 :=
    (mul_right_inj' (by norm_num)).mp this
  have : 2 ∣ n := by
    apply even_of_even_sqr
    rw [← this]
    apply dvd_mul_right
  have : 2 ∣ m.gcd n := by
    apply Nat.dvd_gcd <;>
    assumption
  have : 2 ∣ 1 := by
    convert this
    symm
    exact coprime_mn
  norm_num at this

",,True,-1,"theorem t1 {m n : ℕ} (coprime_mn : m.Coprime n) : m ^ 2 ≠ 2 * n ^ 2 := by
  let f : ℕ → { : m * √2 = n * (1 + m.choose n) }
  let f m n := (2 √2).symm <;> norm_num
  have hf : m * √2 ≠ n * (1 + m.choose n) := not hf f
  have : 2 ∣ m := even_of_ne_zero hf
  have : 2 ∣ n := even_of_ne_zero (hf <| f₀ <| Nat.choose_eq_zero_iff_right.eq_true n).symm
  have : 2 ∣ m * n := mult_dvd_mul_of_dvd_mul_left ..|
    (dvd_mul_of_dvd_mul_right (Nat.choose_eq_zero_iff_right.mp n).symm).mp $ Nat.choose_eq_zero_iff_right.eq_true n
  have := Nat.choose_eq_zero_iff_right.mp n
  have : m * n * √2 = n * (m * (1 + m.choose n) / 2) := by linear_combination f m n
  rw [← this, sqrt_mul, sqrt_div]
  exact Nat.choose_eq_zero_iff_right.mp n
","💥️invalid {...} notation, structure type expected
  ↑m * √2 = ↑n * (1 + ↑(m.choose n))

💥️function expected at
  2
term has type
  ?m.2097

💥️unsolved goals
case f
m n : ℕ
coprime_mn : m.Coprime n
⊢ sorry

💥️(kernel) declaration has metavariables 't1'",False,60,MIL.C05_Elementary_Number_Theory.solutions.Solutions_S01_Irrational_Roots,Qwen-7B-long,LENGTH,best_of_n,False,0,-1.0,t1,False
-1,False,24,"theorem t1 {m n : ℕ} (coprime_mn : m.Coprime n) : m ^ 2 ≠ 2 * n ^ 2 := by
  intro sqr_eq
  have : 2 ∣ m := by
    apply even_of_even_sqr
    rw [sqr_eq]
    apply dvd_mul_right
  obtain ⟨k, meq⟩ := dvd_iff_exists_eq_mul_left.mp this
  have : 2 * (2 * k ^ 2) = 2 * n ^ 2 := by
    rw [← sqr_eq, meq]
    ring
  have : 2 * k ^ 2 = n ^ 2 :=
    (mul_right_inj' (by norm_num)).mp this
  have : 2 ∣ n := by
    apply even_of_even_sqr
    rw [← this]
    apply dvd_mul_right
  have : 2 ∣ m.gcd n := by
    apply Nat.dvd_gcd <;>
    assumption
  have : 2 ∣ 1 := by
    convert this
    symm
    exact coprime_mn
  norm_num at this

",,True,-1,"theorem t1 {m n : ℕ} (coprime_mn : m.Coprime n) : m ^ 2 ≠ 2 * n ^ 2 := by
  intro sqr_eq
  have : 2 ∣ m := by
    apply even_of_even_sqr
    rw [sqr_eq]
    apply mul_dvd_mul_right
  obtain ⟨k, meq⟩ := even_of_dvd_right.mp this
  have : 2 * (2 * k ^ 2) = 2 * n ^ 2 := by omega
  have : 2 * k ^ 2 = n ^ 2 := mul_right_eq_mul_left_right this
  have : 2 ∣ n := by
    apply even_of_even_sqr
    rw [← this]
    apply mul_dvd_mul_right
  have : 2 ∣ m.gcd n := by
    apply Nat.dvd_gcd <;>
    assumption
  have : 2 ∣ 1 := by
    convert this
    symm
    exact coprime_mn
  norm_num at this


","💥️tactic 'apply' failed, failed to unify
  ?a * ?c ∣ ?b * ?c
with
  2 ∣ 2 * n ^ 2
case h
m n : ℕ
coprime_mn : m.Coprime n
sqr_eq : m ^ 2 = 2 * n ^ 2
⊢ 2 ∣ 2 * n ^ 2

💥️unknown identifier 'even_of_dvd_right.mp'

💥️rcases tactic failed: x✝ : ?m.1200 is not an inductive datatype",False,60,MIL.C05_Elementary_Number_Theory.solutions.Solutions_S01_Irrational_Roots,Qwen-7B-long,LENGTH,best_of_n,False,0,-1.0,t1,False
-1,False,24,"theorem t1 {m n : ℕ} (coprime_mn : m.Coprime n) : m ^ 2 ≠ 2 * n ^ 2 := by
  intro sqr_eq
  have : 2 ∣ m := by
    apply even_of_even_sqr
    rw [sqr_eq]
    apply dvd_mul_right
  obtain ⟨k, meq⟩ := dvd_iff_exists_eq_mul_left.mp this
  have : 2 * (2 * k ^ 2) = 2 * n ^ 2 := by
    rw [← sqr_eq, meq]
    ring
  have : 2 * k ^ 2 = n ^ 2 :=
    (mul_right_inj' (by norm_num)).mp this
  have : 2 ∣ n := by
    apply even_of_even_sqr
    rw [← this]
    apply dvd_mul_right
  have : 2 ∣ m.gcd n := by
    apply Nat.dvd_gcd <;>
    assumption
  have : 2 ∣ 1 := by
    convert this
    symm
    exact coprime_mn
  norm_num at this

",,True,-1,"theorem t1 {m n : ℕ} (coprime_mn : m.Coprime n) : m ^ 2 ≠ 2 * n ^ 2 := by
  intro sqr_eq
  have : 2 ∣ m := by
    apply even_of_even_sqr
    rw [sqr_eq]
    apply mul_dvd_mul_left
  obtain ⟨k, meq⟩ := exists_of_dvd mult_left.mpr this
  have : 2 * (2 * k ^ 2) = 2 * n ^ 2 := by
    rw [← sqr_eq, meq]
    ring
  have : 2 * k ^ 2 = n ^ 2 :=
    (mul_right_inj' (by norm_num)).mp this
  have : 2 ∣ n := by
    apply even_of_even_sqr
    rw [← this]
    apply mul_dvd_mul_right
  have : 2 ∣ m.gcd n := by
    apply Nat.dvd_gcd <;>
    assumption
  have : 2 ∣ 1 := by
    convert this
    symm
    exact coprime_mn
  norm_num at this


","💥️tactic 'apply' failed, failed to unify
  ?a * ?b ∣ ?a * ?c
with
  2 ∣ 2 * n ^ 2
case h
m n : ℕ
coprime_mn : m.Coprime n
sqr_eq : m ^ 2 = 2 * n ^ 2
⊢ 2 ∣ 2 * n ^ 2

💥️unknown identifier 'exists_of_dvd'

💥️rcases tactic failed: x✝ : ?m.1161 is not an inductive datatype",False,60,MIL.C05_Elementary_Number_Theory.solutions.Solutions_S01_Irrational_Roots,Qwen-7B-long,LENGTH,best_of_n,False,0,-1.0,t1,False
-1,False,24,"theorem t1 {m n : ℕ} (coprime_mn : m.Coprime n) : m ^ 2 ≠ 2 * n ^ 2 := by
  intro sqr_eq
  have : 2 ∣ m := by
    apply even_of_even_sqr
    rw [sqr_eq]
    apply dvd_mul_right
  obtain ⟨k, meq⟩ := dvd_iff_exists_eq_mul_left.mp this
  have : 2 * (2 * k ^ 2) = 2 * n ^ 2 := by
    rw [← sqr_eq, meq]
    ring
  have : 2 * k ^ 2 = n ^ 2 :=
    (mul_right_inj' (by norm_num)).mp this
  have : 2 ∣ n := by
    apply even_of_even_sqr
    rw [← this]
    apply dvd_mul_right
  have : 2 ∣ m.gcd n := by
    apply Nat.dvd_gcd <;>
    assumption
  have : 2 ∣ 1 := by
    convert this
    symm
    exact coprime_mn
  norm_num at this

",,True,-1,"theorem t1 {m n : ℕ} (coprime_mn : m.Coprime n) : m ^ 2 ≠ 2 * n ^ 2 := by
  intro sqr_eq
  obtain ⟨k, meq⟩ := even_of_even_sqr (sqr_eq ▸ Nat.dvd_mul_right m n)
  replace : 2 * (2 * k ^ 2) = 2 * n ^ 2 := by
    rw [← sqr_eq, meq]
    ring
  have : 2 * k ^ 2 = n ^ 2 := by linear_combination this
  have : 2 ∣ n := by
    apply even_of_even_sqr
    rw [← this]
    apply Nat.dvd_mul_right
  have : 2 ∣ m.gcd n := by
    exact Nat.dvd_gcd_of_dvd_left (this ▸ (Nat.dvd_gcd_right _).id) <|
      coprime_mn.of_gcd this
  have : 2 ∣ 1 := by
    convert this
    symm
    exact coprime_mn
  norm_num at this

","💥️invalid `▸` notation, the equality
  sqr_eq
has type 
  m ^ 2 = 2 * n ^ 2
but neither side of the equality is mentioned in the type
  m ∣ m * n

💥️tactic 'rewrite' failed, pattern is a metavariable
  ?m.1047
from equation
  ?m.1047 = 2 * k
m n : ℕ
coprime_mn : m.Coprime n
sqr_eq : m ^ 2 = 2 * n ^ 2
k : ℕ
meq : ?m.1047 = 2 * k
⊢ 2 * (2 * k ^ 2) = m ^ 2

💥️ring failed, ring expressions not equal
m n : ℕ
coprime_mn : m.Coprime n
sqr_eq : m ^ 2 = 2 * n ^ 2
k : ℕ
meq : ?m.1047 = 2 * k
this : 2 * (2 * k ^ 2) = 2 * n ^ 2
⊢ k ^ 2 * 2 + n ^ 2 * 2 = k ^ 2 * 4 + n ^ 2

💥️unknown constant 'Nat.dvd_gcd_of_dvd_left'",False,60,MIL.C05_Elementary_Number_Theory.solutions.Solutions_S01_Irrational_Roots,Qwen-7B-long,LENGTH,best_of_n,False,0,-1.0,t1,False
-1,False,24,"theorem t1 {m n : ℕ} (coprime_mn : m.Coprime n) : m ^ 2 ≠ 2 * n ^ 2 := by
  intro sqr_eq
  have : 2 ∣ m := by
    apply even_of_even_sqr
    rw [sqr_eq]
    apply dvd_mul_right
  obtain ⟨k, meq⟩ := dvd_iff_exists_eq_mul_left.mp this
  have : 2 * (2 * k ^ 2) = 2 * n ^ 2 := by
    rw [← sqr_eq, meq]
    ring
  have : 2 * k ^ 2 = n ^ 2 :=
    (mul_right_inj' (by norm_num)).mp this
  have : 2 ∣ n := by
    apply even_of_even_sqr
    rw [← this]
    apply dvd_mul_right
  have : 2 ∣ m.gcd n := by
    apply Nat.dvd_gcd <;>
    assumption
  have : 2 ∣ 1 := by
    convert this
    symm
    exact coprime_mn
  norm_num at this

",,True,24,"theorem t1 {m n : ℕ} (coprime_mn : m.Coprime n) : m ^ 2 ≠ 2 * n ^ 2 := by
  intro sqr_eq
  have : 2 ∣ m := by
    apply even_of_even_sqr
    rw [sqr_eq]
    apply dvd_mul_right
  obtain ⟨k, meq⟩ := dvd_iff_exists_eq_mul_left.mp this
  have : 2 * (2 * k ^ 2) = 2 * n ^ 2 := by
    rw [← sqr_eq, meq]
    ring
  have : 2 * k ^ 2 = n ^ 2 := by omega
  have : 2 ∣ n := by
    apply even_of_even_sqr
    rw [← this]
    apply dvd_mul_right
  have : 2 ∣ m.gcd n := by
    apply Nat.dvd_gcd <;>
    assumption
  have : 2 ∣ 1 := by
    convert this
    symm
    exact coprime_mn
  norm_num at this


",,True,60,MIL.C05_Elementary_Number_Theory.solutions.Solutions_S01_Irrational_Roots,Qwen-7B-long,LENGTH,best_of_n,False,0,0.0,t1,False
-1,False,24,"theorem t1 {m n : ℕ} (coprime_mn : m.Coprime n) : m ^ 2 ≠ 2 * n ^ 2 := by
  intro sqr_eq
  have : 2 ∣ m := by
    apply even_of_even_sqr
    rw [sqr_eq]
    apply dvd_mul_right
  obtain ⟨k, meq⟩ := dvd_iff_exists_eq_mul_left.mp this
  have : 2 * (2 * k ^ 2) = 2 * n ^ 2 := by
    rw [← sqr_eq, meq]
    ring
  have : 2 * k ^ 2 = n ^ 2 :=
    (mul_right_inj' (by norm_num)).mp this
  have : 2 ∣ n := by
    apply even_of_even_sqr
    rw [← this]
    apply dvd_mul_right
  have : 2 ∣ m.gcd n := by
    apply Nat.dvd_gcd <;>
    assumption
  have : 2 ∣ 1 := by
    convert this
    symm
    exact coprime_mn
  norm_num at this

",,True,-1,"theorem t1 {m n : ℕ} (coprime_mn : m.Coprime n) : m ^ 2 ≠ 2 * n ^ 2 := by
  intro sqr_eq
  have : 2 ∣ m := by
    apply even_of_even_sqr
    rw [sqr_eq]
    apply dvd_mul_right
  obtain ⟨k, meq⟩ := factors_of_dvd_mul_right this
  have : 2 * (2 * k ^ 2) = 2 * n ^ 2 := by
    rw [← sqr_eq, meq, mul_assoc]
  have : 2 * k ^ 2 = n ^ 2 :=
    (mul_right_inj' (by norm_num)).mp this
  have : 2 ∣ n := by
    apply even_of_even_sqr
    rw [← this]
    apply dvd_mul_right
  have : 2 ∣ m.gcd n := by
    apply Nat.dvd_gcd <;>
    assumption
  have : 2 ∣ 1 := by
    convert this
    symm
    exact coprime_mn
  norm_num at this


","💥️unknown identifier 'factors_of_dvd_mul_right'

💥️rcases tactic failed: x✝ : ?m.1136 is not an inductive datatype",False,60,MIL.C05_Elementary_Number_Theory.solutions.Solutions_S01_Irrational_Roots,Qwen-7B-long,LENGTH,best_of_n,False,0,-1.0,t1,False
-1,False,24,"theorem t1 {m n : ℕ} (coprime_mn : m.Coprime n) : m ^ 2 ≠ 2 * n ^ 2 := by
  intro sqr_eq
  have : 2 ∣ m := by
    apply even_of_even_sqr
    rw [sqr_eq]
    apply dvd_mul_right
  obtain ⟨k, meq⟩ := dvd_iff_exists_eq_mul_left.mp this
  have : 2 * (2 * k ^ 2) = 2 * n ^ 2 := by
    rw [← sqr_eq, meq]
    ring
  have : 2 * k ^ 2 = n ^ 2 :=
    (mul_right_inj' (by norm_num)).mp this
  have : 2 ∣ n := by
    apply even_of_even_sqr
    rw [← this]
    apply dvd_mul_right
  have : 2 ∣ m.gcd n := by
    apply Nat.dvd_gcd <;>
    assumption
  have : 2 ∣ 1 := by
    convert this
    symm
    exact coprime_mn
  norm_num at this

",,True,-1,"theorem t1 : m ^ 2 ≠ 2 * n ^ 2 := by intro sqr_eq
  have : 2 ∣ m := by
    rw [← even_sqr, sqr_eq]
    exact mul_dvd_mul_left _
  rcases existsу_of_dvd_mul_left (dvd_mul_left_of_dvd m) with ⟨k, rfl⟩
  have : 2 * (2 * k ^ 2) = 2 * n ^ 2 := by
    rw [← sqr_eq, existsу, mul_assoc, mul_left_eq_self, mul_right_eq_self]
  rw [mul_left_eq_self, ← div_mul_eq_mul_div (Nat.cast_ne_zero . norm_num)]
  exact Nat.dvd_cast_iff_dvd_int.of_pos <| (this / cast_two).symm.1 <| by
    rw [← coe_mul, ← cast_mul], cast_eq (Nat.pos_of_ne_zero cast_ne_zero) <| by norm_num
","💥️unsolved goals
m n : ℕ
sqr_eq : m ^ 2 = 2 * n ^ 2
⊢ False",False,60,MIL.C05_Elementary_Number_Theory.solutions.Solutions_S01_Irrational_Roots,Qwen-7B-long,LENGTH,best_of_n,False,0,-1.0,t1,False
-1,False,24,"theorem t1 {m n : ℕ} (coprime_mn : m.Coprime n) : m ^ 2 ≠ 2 * n ^ 2 := by
  intro sqr_eq
  have : 2 ∣ m := by
    apply even_of_even_sqr
    rw [sqr_eq]
    apply dvd_mul_right
  obtain ⟨k, meq⟩ := dvd_iff_exists_eq_mul_left.mp this
  have : 2 * (2 * k ^ 2) = 2 * n ^ 2 := by
    rw [← sqr_eq, meq]
    ring
  have : 2 * k ^ 2 = n ^ 2 :=
    (mul_right_inj' (by norm_num)).mp this
  have : 2 ∣ n := by
    apply even_of_even_sqr
    rw [← this]
    apply dvd_mul_right
  have : 2 ∣ m.gcd n := by
    apply Nat.dvd_gcd <;>
    assumption
  have : 2 ∣ 1 := by
    convert this
    symm
    exact coprime_mn
  norm_num at this

",,True,-1,"theorem t1 {m n : ℕ} (coprime_mn : m.Coprime n) : m ^ 2 ≠ 2 * n ^ 2 := by
  intro sqr_eq
  have : 2 ∣ m := by
    apply even_of_even_sqr
    rw [sqr_eq]
    apply dvd_mul_right
  obtain ⟨k, meq⟩ := dvd_iff_exists_eq_mul_left.mp this
  have : 2 * (2 * k ^ 2) = 2 * n ^ 2 := by
    rw [← sqr_eq, meq]
    ring
  have : 2 * k ^ 2 = n ^ 2 := by omega
  have : 2 ∣ n := by
    apply even_of_even_sqr
    rw [← this]
    apply dvd_mul_right
  have : 2 ∣ m.gcd n := by
    apply Nat.dvd_gcd <;>
    assumption
  exact this (coprime_mn.of_dvd this)


","💥️function expected at
  this
term has type
  2 ∣ m.gcd n",False,60,MIL.C05_Elementary_Number_Theory.solutions.Solutions_S01_Irrational_Roots,Qwen-7B-long,LENGTH,best_of_n,False,0,-1.0,t1,False
-1,False,24,"theorem t1 {m n : ℕ} (coprime_mn : m.Coprime n) : m ^ 2 ≠ 2 * n ^ 2 := by
  intro sqr_eq
  have : 2 ∣ m := by
    apply even_of_even_sqr
    rw [sqr_eq]
    apply dvd_mul_right
  obtain ⟨k, meq⟩ := dvd_iff_exists_eq_mul_left.mp this
  have : 2 * (2 * k ^ 2) = 2 * n ^ 2 := by
    rw [← sqr_eq, meq]
    ring
  have : 2 * k ^ 2 = n ^ 2 :=
    (mul_right_inj' (by norm_num)).mp this
  have : 2 ∣ n := by
    apply even_of_even_sqr
    rw [← this]
    apply dvd_mul_right
  have : 2 ∣ m.gcd n := by
    apply Nat.dvd_gcd <;>
    assumption
  have : 2 ∣ 1 := by
    convert this
    symm
    exact coprime_mn
  norm_num at this

",,True,-1,"#align t2 t2

theorem t1 {m n : ℕ} (coprime_mn : m.Coprime n) : m ^ 2 ≠ 2 * n ^ 2 := by
  intro sqr_eq
  have : 2 ∣ m := by
    apply even_of_even_sqr
    rw [sqr_eq]
    apply mul_dvd_mul_left.multiples_right
  obtain ⟨k, meq⟩ := get_of_exists_mul_left s.2 <| this
  have : 2 * (2 * k ^ 2) = 2 * n ^ 2 := by
    rw [← sqr_eq, meq]
    ring
  have : 2 * k ^ 2 = n ^ 2 := by omega
  have : 2 ∣ n := by
    apply even_of_even_sqr
    rw [← this]
    apply mul_dvd_mul_right
  have : 2 ∣ m.gcd n := by
    apply Nat.dvd_gcd <;>
    assumption
  have : 2 ∣ 1 := by
    convert this
    symm
    exact coprime_mn
  norm_num at this


","💥️unexpected token '#'; expected command

💥️invalid field notation, type is not of the form (C ...) where C is a constant
  mul_dvd_mul_left
has type
  ∀ (a : ?m.1091), ?m.1173 ∣ ?m.1174 → a * ?m.1173 ∣ a * ?m.1174

💥️unknown identifier 'get_of_exists_mul_left'

💥️rcases tactic failed: x✝ : ?m.1573 is not an inductive datatype",False,60,MIL.C05_Elementary_Number_Theory.solutions.Solutions_S01_Irrational_Roots,Qwen-7B-long,LENGTH,best_of_n,False,0,-1.0,t1,False
-1,False,24,"theorem t1 {m n : ℕ} (coprime_mn : m.Coprime n) : m ^ 2 ≠ 2 * n ^ 2 := by
  intro sqr_eq
  have : 2 ∣ m := by
    apply even_of_even_sqr
    rw [sqr_eq]
    apply dvd_mul_right
  obtain ⟨k, meq⟩ := dvd_iff_exists_eq_mul_left.mp this
  have : 2 * (2 * k ^ 2) = 2 * n ^ 2 := by
    rw [← sqr_eq, meq]
    ring
  have : 2 * k ^ 2 = n ^ 2 :=
    (mul_right_inj' (by norm_num)).mp this
  have : 2 ∣ n := by
    apply even_of_even_sqr
    rw [← this]
    apply dvd_mul_right
  have : 2 ∣ m.gcd n := by
    apply Nat.dvd_gcd <;>
    assumption
  have : 2 ∣ 1 := by
    convert this
    symm
    exact coprime_mn
  norm_num at this

",,True,-1,"theorem t1 {m n : ℕ} (coprime_mn : m.Coprime n) : m ^ 2 ≠ 2 * n ^ 2 := by
  intro m n h
  have : Even m := even_of_even_sqr m h
  obtain ⟨k, rfl : 2 ∣ m⟩ := Nat.even_split m Alexandre
  rw [show 2 * _ = m from this] at h
  have : Even n := even_of_even_sqr n h
  obtain ⟨l, rfl : 2 ∣ n⟩ := Nat.even_split nographical
  rw [show 2 * _ = n from this] at h
  have : 2 ∣ m.gcd n := Nat.dvd_gcd ⟨_, this⟩
  have : 2 ∣ 1 := by rwa [this, coprime_mn]
  norm_num
","💥️tactic 'introN' failed, insufficient number of binders
m✝ n : ℕ
coprime_mn : m✝.Coprime n
m : m✝ ^ 2 = 2 * n ^ 2
⊢ False",False,60,MIL.C05_Elementary_Number_Theory.solutions.Solutions_S01_Irrational_Roots,Qwen-7B-long,LENGTH,best_of_n,False,0,-1.0,t1,False
-1,False,24,"theorem t1 {m n : ℕ} (coprime_mn : m.Coprime n) : m ^ 2 ≠ 2 * n ^ 2 := by
  intro sqr_eq
  have : 2 ∣ m := by
    apply even_of_even_sqr
    rw [sqr_eq]
    apply dvd_mul_right
  obtain ⟨k, meq⟩ := dvd_iff_exists_eq_mul_left.mp this
  have : 2 * (2 * k ^ 2) = 2 * n ^ 2 := by
    rw [← sqr_eq, meq]
    ring
  have : 2 * k ^ 2 = n ^ 2 :=
    (mul_right_inj' (by norm_num)).mp this
  have : 2 ∣ n := by
    apply even_of_even_sqr
    rw [← this]
    apply dvd_mul_right
  have : 2 ∣ m.gcd n := by
    apply Nat.dvd_gcd <;>
    assumption
  have : 2 ∣ 1 := by
    convert this
    symm
    exact coprime_mn
  norm_num at this

",,True,-1,"theorem t1 {m n : ℕ} (coprime_mn : m.Coprime n) : m ^ 2 ≠ 2 * n ^ 2 := by
  intro PCM
  have : 2 ∣ m := by
    intro m
    rw [Nat.even_iff]
    ring
  obtain ⟨k, hk'⟩ := Nat.dvd_of_exists m.2
  rw [Nat.sqr_eq_mul_self] at *
  have : 2 * _ = 2 * n ^ 2 := by omega
  have : _ = n ^ 2 := by omega
  have : 2 ∣ n := by
    apply even_of_even_sqr
    rw [← this]
    apply Nat.mul_dvd_mul_left
  have : 2 ∣ m.gcd n := by
    exact Nat.dvd_gcd _ (Nat.dvd_mul_left _ _) <| by simp_all
  have : 2 ∣ 1 := by
    convert this
    symm
    exact coprime_mn
  norm_num at this


","💥️tactic 'introN' failed, insufficient number of binders
m n : ℕ
coprime_mn : m.Coprime n
PCM : m ^ 2 = 2 * n ^ 2
⊢ 2 ∣ m

💥️unknown constant 'Nat.dvd_of_exists'

💥️rcases tactic failed: x✝ : ?m.1072 is not an inductive datatype",False,60,MIL.C05_Elementary_Number_Theory.solutions.Solutions_S01_Irrational_Roots,Qwen-7B-long,LENGTH,best_of_n,False,0,-1.0,t1,False
-1,False,24,"theorem t1 {m n : ℕ} (coprime_mn : m.Coprime n) : m ^ 2 ≠ 2 * n ^ 2 := by
  intro sqr_eq
  have : 2 ∣ m := by
    apply even_of_even_sqr
    rw [sqr_eq]
    apply dvd_mul_right
  obtain ⟨k, meq⟩ := dvd_iff_exists_eq_mul_left.mp this
  have : 2 * (2 * k ^ 2) = 2 * n ^ 2 := by
    rw [← sqr_eq, meq]
    ring
  have : 2 * k ^ 2 = n ^ 2 :=
    (mul_right_inj' (by norm_num)).mp this
  have : 2 ∣ n := by
    apply even_of_even_sqr
    rw [← this]
    apply dvd_mul_right
  have : 2 ∣ m.gcd n := by
    apply Nat.dvd_gcd <;>
    assumption
  have : 2 ∣ 1 := by
    convert this
    symm
    exact coprime_mn
  norm_num at this

",,True,-1,"theorem t1 {m n : ℕ} (coprime_mn : m.Coprime n) : m ^ 2 ≠ 2 * n ^ 2 := by
  intro sqrt_eq
  have : 2 ∣ m := by
    apply even_of_even_sqr
    rw [sqrt_eq]
    apply dvd_mul_right
  obtain ⟨k, meq⟩ := get_of_dvd this
  have : 2 * (2 * k ^ 2) = 2 * n ^ 2 := by
    rw [← sqrt_eq, meq]
    ring
  have : 2 * k ^ 2 = n ^ 2 := by omega
  have : 2 ∣ n := by
    apply even_of_even_sqr
    rw [← this]
    apply dvd_mul_right
  have : 2 ∣ m.gcd n := by
    apply Nat.dvd_gcd <;>
    assumption
  have : 2 ∣ 1 := by
    convert this
    symm
    exact coprime_mn
  norm_num at this


","💥️unknown identifier 'get_of_dvd'

💥️rcases tactic failed: x✝ : ?m.1136 is not an inductive datatype",False,60,MIL.C05_Elementary_Number_Theory.solutions.Solutions_S01_Irrational_Roots,Qwen-7B-long,LENGTH,best_of_n,False,0,-1.0,t1,False
-1,False,24,"theorem t1 {m n : ℕ} (coprime_mn : m.Coprime n) : m ^ 2 ≠ 2 * n ^ 2 := by
  intro sqr_eq
  have : 2 ∣ m := by
    apply even_of_even_sqr
    rw [sqr_eq]
    apply dvd_mul_right
  obtain ⟨k, meq⟩ := dvd_iff_exists_eq_mul_left.mp this
  have : 2 * (2 * k ^ 2) = 2 * n ^ 2 := by
    rw [← sqr_eq, meq]
    ring
  have : 2 * k ^ 2 = n ^ 2 :=
    (mul_right_inj' (by norm_num)).mp this
  have : 2 ∣ n := by
    apply even_of_even_sqr
    rw [← this]
    apply dvd_mul_right
  have : 2 ∣ m.gcd n := by
    apply Nat.dvd_gcd <;>
    assumption
  have : 2 ∣ 1 := by
    convert this
    symm
    exact coprime_mn
  norm_num at this

",,True,-1,"theorem t1 : m^2 ≠ 2 * n^2 := by
  intro sqr_eq
  have : 2 ∣ m := even_of_even_sqr (sqr_eq)
  obtain ⟨k, meq⟩ := exists_of_dvd this
  have : 2 * (2 * k ^ 2) = 2 * n ^ 2 := by
    rw [← sqr_eq, meq]
    ring
  have : 2 * k ^ 2 = n ^ 2 :=
    (mul_right_inj' (by norm_num)).mp this
  have : 2 ∣ n := even_of_even_sqr this
  have : 2 ∣ m.gcd n := Nat.dvd_gcd <;> assumption
  have : 2 ∣ 1 := by
    convert this
    symm
    exact coprime_mn
  norm_num at this


","💥️application type mismatch
  even_of_even_sqr sqr_eq
argument
  sqr_eq
has type
  m ^ 2 = 2 * n ^ 2 : Prop
but is expected to have type
  2 ∣ m ^ 2 : Prop

💥️unknown identifier 'exists_of_dvd'

💥️rcases tactic failed: x✝ : ?m.2667 is not an inductive datatype",False,60,MIL.C05_Elementary_Number_Theory.solutions.Solutions_S01_Irrational_Roots,Qwen-7B-long,LENGTH,best_of_n,False,0,-1.0,t1,False
-1,False,24,"theorem t1 {m n : ℕ} (coprime_mn : m.Coprime n) : m ^ 2 ≠ 2 * n ^ 2 := by
  intro sqr_eq
  have : 2 ∣ m := by
    apply even_of_even_sqr
    rw [sqr_eq]
    apply dvd_mul_right
  obtain ⟨k, meq⟩ := dvd_iff_exists_eq_mul_left.mp this
  have : 2 * (2 * k ^ 2) = 2 * n ^ 2 := by
    rw [← sqr_eq, meq]
    ring
  have : 2 * k ^ 2 = n ^ 2 :=
    (mul_right_inj' (by norm_num)).mp this
  have : 2 ∣ n := by
    apply even_of_even_sqr
    rw [← this]
    apply dvd_mul_right
  have : 2 ∣ m.gcd n := by
    apply Nat.dvd_gcd <;>
    assumption
  have : 2 ∣ 1 := by
    convert this
    symm
    exact coprime_mn
  norm_num at this

",,True,-1,"theorem t1 {m n : ℕ} (coprime_mn : m.Coprime n) : m ^ 2 ≠ 2 * n ^ 2 := by
  intro sqr_eq
  have : 2 ∣ m := by
    apply even_of_even_sqr
    rw [sqr_eq]
    apply mul_dvd_mul_left
  obtain ⟨k, meq⟩ := satisfies_eq_mul_of_dvd_of_not_dvd_right (this, _) <| not_dvd_two_right n
  rw [meq]
  have : 2 * k ^ 2 = n ^ 2 := by omega
  have : 2 ∣ n := by
    apply even_of_even_sqr
    rw [← this]
    apply mul_dvd_mul_right
  have : 2 ∣ m.gcd n := by
    apply Nat.dvd_gcd <;>
    assumption
  have : 2 ∣ 1 := by
    convert this
    symm
    exact coprime_mn
  norm_num at this


","💥️tactic 'apply' failed, failed to unify
  ?a * ?b ∣ ?a * ?c
with
  2 ∣ 2 * n ^ 2
case h
m n : ℕ
coprime_mn : m.Coprime n
sqr_eq : m ^ 2 = 2 * n ^ 2
⊢ 2 ∣ 2 * n ^ 2

💥️unknown identifier 'satisfies_eq_mul_of_dvd_of_not_dvd_right'

💥️rcases tactic failed: x✝ : ?m.1161 is not an inductive datatype",False,60,MIL.C05_Elementary_Number_Theory.solutions.Solutions_S01_Irrational_Roots,Qwen-7B-long,LENGTH,best_of_n,False,0,-1.0,t1,False
-1,False,24,"theorem t1 {m n : ℕ} (coprime_mn : m.Coprime n) : m ^ 2 ≠ 2 * n ^ 2 := by
  intro sqr_eq
  have : 2 ∣ m := by
    apply even_of_even_sqr
    rw [sqr_eq]
    apply dvd_mul_right
  obtain ⟨k, meq⟩ := dvd_iff_exists_eq_mul_left.mp this
  have : 2 * (2 * k ^ 2) = 2 * n ^ 2 := by
    rw [← sqr_eq, meq]
    ring
  have : 2 * k ^ 2 = n ^ 2 :=
    (mul_right_inj' (by norm_num)).mp this
  have : 2 ∣ n := by
    apply even_of_even_sqr
    rw [← this]
    apply dvd_mul_right
  have : 2 ∣ m.gcd n := by
    apply Nat.dvd_gcd <;>
    assumption
  have : 2 ∣ 1 := by
    convert this
    symm
    exact coprime_mn
  norm_num at this

",,True,-1,"theorem t1 {m n : ℕ} (coprime_mn : m.Coprime n) : m ^ 2 ≠ 2 * n ^ 2 := by
  intro sqr_eq
  have : 2 ∣ m := by
    apply even_of_even_sqr
    rw [sqr_eq]
    apply dvd_mul_right
  obtain ⟨k, meq⟩ := dvd_iff_exists_eq_mul_left.mp this
  have : 2 * (2 * k ^ 2) = 2 * n ^ 2 := by
    rw [← sqr_eq, meq]
    ring
  have : 2 * k ^ 2 = n ^ 2 :=
    (mul_right_inj' (by norm_num)).mp this
  have : 2 ∣ n := by
    apply even_of_even_sqr
    rw [← this]
    apply dvd_mul_right
  have : 2 ∣ m.gcd n := by
    refine Nat.dvd_gcd <;>
    assumption
  have : 2 ∣ 1 := by
    convert this
    symm
    exact coprime_mn
  norm_num at this


","💥️type mismatch
  Nat.dvd_gcd
has type
  ?m.2987 ∣ ?m.2988 → ?m.2987 ∣ ?m.2989 → ?m.2987 ∣ Nat.gcd ?m.2988 ?m.2989 : Prop
but is expected to have type
  2 ∣ m.gcd n : Prop",False,60,MIL.C05_Elementary_Number_Theory.solutions.Solutions_S01_Irrational_Roots,Qwen-7B-long,LENGTH,best_of_n,False,0,-1.0,t1,False
-1,False,24,"theorem t1 {m n : ℕ} (coprime_mn : m.Coprime n) : m ^ 2 ≠ 2 * n ^ 2 := by
  intro sqr_eq
  have : 2 ∣ m := by
    apply even_of_even_sqr
    rw [sqr_eq]
    apply dvd_mul_right
  obtain ⟨k, meq⟩ := dvd_iff_exists_eq_mul_left.mp this
  have : 2 * (2 * k ^ 2) = 2 * n ^ 2 := by
    rw [← sqr_eq, meq]
    ring
  have : 2 * k ^ 2 = n ^ 2 :=
    (mul_right_inj' (by norm_num)).mp this
  have : 2 ∣ n := by
    apply even_of_even_sqr
    rw [← this]
    apply dvd_mul_right
  have : 2 ∣ m.gcd n := by
    apply Nat.dvd_gcd <;>
    assumption
  have : 2 ∣ 1 := by
    convert this
    symm
    exact coprime_mn
  norm_num at this

",,True,-1,"theorem t1 {m n : ℕ} (coprime_mn : m.Coprime n) : m ^ 2 ≠ 2 * n ^ 2 := by
  intro sqr_eq
  have : 2 ∣ m := even_of_even_sqr (sqr_eq ▸ Nat.dvd_mul_right _ _)
  obtain ⟨k, meq⟩ := Nat.mul_right_exists (this.mono fun h ↦ h.ofNat) m
  have : 2 * (2 * k ^ 2) = 2 * n ^ 2 := by
    rw [← sqr_eq, meq]
    ring
  have : 2 * k ^ 2 = n ^ 2 :=
    (mul_right_inj' (by norm_num)).mp this
  have : 2 ∣ n := even_of_even_sqr (this ▸ Nat.dvd_mul_right _ _)
  have : 2 ∣ m.gcd n := by
    apply Nat.dvd_gcd <;>
    assumption
  have : 2 ∣ 1 := by linear_combination this
  exact coprime_mn.mpr this


","💥️unknown constant 'Nat.mul_right_exists'

💥️rcases tactic failed: x✝ : ?m.1090 is not an inductive datatype",False,60,MIL.C05_Elementary_Number_Theory.solutions.Solutions_S01_Irrational_Roots,Qwen-7B-long,LENGTH,best_of_n,False,0,-1.0,t1,False
-1,False,24,"theorem t1 {m n : ℕ} (coprime_mn : m.Coprime n) : m ^ 2 ≠ 2 * n ^ 2 := by
  intro sqr_eq
  have : 2 ∣ m := by
    apply even_of_even_sqr
    rw [sqr_eq]
    apply dvd_mul_right
  obtain ⟨k, meq⟩ := dvd_iff_exists_eq_mul_left.mp this
  have : 2 * (2 * k ^ 2) = 2 * n ^ 2 := by
    rw [← sqr_eq, meq]
    ring
  have : 2 * k ^ 2 = n ^ 2 :=
    (mul_right_inj' (by norm_num)).mp this
  have : 2 ∣ n := by
    apply even_of_even_sqr
    rw [← this]
    apply dvd_mul_right
  have : 2 ∣ m.gcd n := by
    apply Nat.dvd_gcd <;>
    assumption
  have : 2 ∣ 1 := by
    convert this
    symm
    exact coprime_mn
  norm_num at this

",,True,-1,"theorem t1 {m n : ℕ} (coprime_mn : m.Coprime n) : m ^ 2 ≠ 2 * n ^ 2 := by
  intro sq_eq
  obtain ⟨k, hk⟩ := even_or_not_of_even_sqr m <|
    Nat.dvd_of_not_ne (Nat.even_of_not_ne (by rwa [coprime_mn, even_mul_left])) <| by rwa
  have hn : 2 ∣ n := even_of_even_sqr n <|
    Nat.dvd_of_not_ne (Nat.even_of_not_ne (by rwa [coprime_mn, even_mul_right])) <| by rwa
  rw [coprime_mn, even_iff, Nat.dvd_mul_left,-using hn, Nat.dvd_mul_right, -approx] at hk
  exact absurd hk (coprime_mn _ <| by rw [even_iff, hn])
","💥️unexpected token 'have'; expected '['

💥️unknown identifier 'even_or_not_of_even_sqr'",False,60,MIL.C05_Elementary_Number_Theory.solutions.Solutions_S01_Irrational_Roots,Qwen-7B-long,LENGTH,best_of_n,False,0,-1.0,t1,False
-1,False,24,"theorem t1 {m n : ℕ} (coprime_mn : m.Coprime n) : m ^ 2 ≠ 2 * n ^ 2 := by
  intro sqr_eq
  have : 2 ∣ m := by
    apply even_of_even_sqr
    rw [sqr_eq]
    apply dvd_mul_right
  obtain ⟨k, meq⟩ := dvd_iff_exists_eq_mul_left.mp this
  have : 2 * (2 * k ^ 2) = 2 * n ^ 2 := by
    rw [← sqr_eq, meq]
    ring
  have : 2 * k ^ 2 = n ^ 2 :=
    (mul_right_inj' (by norm_num)).mp this
  have : 2 ∣ n := by
    apply even_of_even_sqr
    rw [← this]
    apply dvd_mul_right
  have : 2 ∣ m.gcd n := by
    apply Nat.dvd_gcd <;>
    assumption
  have : 2 ∣ 1 := by
    convert this
    symm
    exact coprime_mn
  norm_num at this

",,True,-1,"theorem t1 {m n : ℕ} (coprime_mn : m.Coprime n) : m ^ 2 ≠ 2 * n ^ 2 := by
  rintro rfl
  have : 2 ∣ m := even_of_even_sqr (rfl <| Nat.dvd_mul_right 2 m)
  obtain ⟨k, meq⟩ := exists_of_dvd this
  rw [meq, Nat.mul_assoc, Nat.pow_two, Nat.mul_left_eq_self, mul_right_eq_self]
  exact (this ▸ coprime_mn).dvd_iff.2 k
","💥️tactic 'subst' failed, invalid equality proof, it is not of the form (x = t) or (t = x)
  m ^ 2 = 2 * n ^ 2
m n : ℕ
coprime_mn : m.Coprime n
a✝ : m ^ 2 = 2 * n ^ 2
⊢ False",False,60,MIL.C05_Elementary_Number_Theory.solutions.Solutions_S01_Irrational_Roots,Qwen-7B-long,LENGTH,best_of_n,False,0,-1.0,t1,False
-1,False,24,"theorem t1 {m n : ℕ} (coprime_mn : m.Coprime n) : m ^ 2 ≠ 2 * n ^ 2 := by
  intro sqr_eq
  have : 2 ∣ m := by
    apply even_of_even_sqr
    rw [sqr_eq]
    apply dvd_mul_right
  obtain ⟨k, meq⟩ := dvd_iff_exists_eq_mul_left.mp this
  have : 2 * (2 * k ^ 2) = 2 * n ^ 2 := by
    rw [← sqr_eq, meq]
    ring
  have : 2 * k ^ 2 = n ^ 2 :=
    (mul_right_inj' (by norm_num)).mp this
  have : 2 ∣ n := by
    apply even_of_even_sqr
    rw [← this]
    apply dvd_mul_right
  have : 2 ∣ m.gcd n := by
    apply Nat.dvd_gcd <;>
    assumption
  have : 2 ∣ 1 := by
    convert this
    symm
    exact coprime_mn
  norm_num at this

",,True,-1,"theorem t1 {m n : ℕ} (coprime_mn : m.Coprime n) : m ^ 2 ≠ 2 * n ^ 2 := by
  intro sqr_eq
  obtain ⟨k, meq⟩ := Nat.dvd_of_even <| even_of_unique s
  have : 2 * k ^ 2 = n ^ 2 := by omega
  exact Nat.dvd_gcd_of_dvd_mul_right (this.symm ▸ coprime_mn) 2
","💥️unknown constant 'Nat.dvd_of_even'

💥️rcases tactic failed: x✝ : ?m.1048 is not an inductive datatype",False,60,MIL.C05_Elementary_Number_Theory.solutions.Solutions_S01_Irrational_Roots,Qwen-7B-long,LENGTH,best_of_n,False,0,-1.0,t1,False
-1,False,24,"theorem t1 {m n : ℕ} (coprime_mn : m.Coprime n) : m ^ 2 ≠ 2 * n ^ 2 := by
  intro sqr_eq
  have : 2 ∣ m := by
    apply even_of_even_sqr
    rw [sqr_eq]
    apply dvd_mul_right
  obtain ⟨k, meq⟩ := dvd_iff_exists_eq_mul_left.mp this
  have : 2 * (2 * k ^ 2) = 2 * n ^ 2 := by
    rw [← sqr_eq, meq]
    ring
  have : 2 * k ^ 2 = n ^ 2 :=
    (mul_right_inj' (by norm_num)).mp this
  have : 2 ∣ n := by
    apply even_of_even_sqr
    rw [← this]
    apply dvd_mul_right
  have : 2 ∣ m.gcd n := by
    apply Nat.dvd_gcd <;>
    assumption
  have : 2 ∣ 1 := by
    convert this
    symm
    exact coprime_mn
  norm_num at this

",,True,-1,"theorem t1 {m n : ℕ} (coprime_mn : m.Coprime n) : m ^ 2 ≠ 2 * n ^ 2 := by
  intro sqr_eq
  have : 2 ∣ m := by
    apply even_of_even_sqr
    rw [sqr_eq]
    apply dvd_mul_right
  obtain ⟨k, meq⟩ := dvd_iff_exists_eq_mul_left.mp this
  have : 2 * (2 * k ^ 2) = 2 * n ^ 2 := by
    rw [← sqr_eq, meq]
    ring
  have : 2 * k ^ 2 = n ^ 2 := by omega
  have : 2 ∣ n := by
    apply even_of_even_sqr
    rw [← this]
    apply dvd_mul_right
  have : 2 ∣ m.gcd n := by
    refine Nat.dvd_gcd <;>
    assumption
  have : 2 ∣ 1 := by
    convert this
    symm
    exact coprime_mn
  norm_num at this


","💥️type mismatch
  Nat.dvd_gcd
has type
  ?m.4567 ∣ ?m.4568 → ?m.4567 ∣ ?m.4569 → ?m.4567 ∣ Nat.gcd ?m.4568 ?m.4569 : Prop
but is expected to have type
  2 ∣ m.gcd n : Prop",False,60,MIL.C05_Elementary_Number_Theory.solutions.Solutions_S01_Irrational_Roots,Qwen-7B-long,LENGTH,best_of_n,False,0,-1.0,t1,False
-1,False,24,"theorem t1 {m n : ℕ} (coprime_mn : m.Coprime n) : m ^ 2 ≠ 2 * n ^ 2 := by
  intro sqr_eq
  have : 2 ∣ m := by
    apply even_of_even_sqr
    rw [sqr_eq]
    apply dvd_mul_right
  obtain ⟨k, meq⟩ := dvd_iff_exists_eq_mul_left.mp this
  have : 2 * (2 * k ^ 2) = 2 * n ^ 2 := by
    rw [← sqr_eq, meq]
    ring
  have : 2 * k ^ 2 = n ^ 2 :=
    (mul_right_inj' (by norm_num)).mp this
  have : 2 ∣ n := by
    apply even_of_even_sqr
    rw [← this]
    apply dvd_mul_right
  have : 2 ∣ m.gcd n := by
    apply Nat.dvd_gcd <;>
    assumption
  have : 2 ∣ 1 := by
    convert this
    symm
    exact coprime_mn
  norm_num at this

",,True,-1,"theorem t1 {m n : ℕ} (coprime_mn : m.Coprime n) : m ^ 2 ≠ 2 * n ^ 2 := by
  intro sqr_eq
  have : 2 ∣ m := by omega
  obtain ⟨k, meq⟩ := Nat.dvd_mul_left.mp this
  have : 2 * (2 * k ^ 2) = 2 * n ^ 2 := by
    rw [← sqr_eq, meq]
    ring
  have : 2 * k ^ 2 = n ^ 2 :=
    (mul_right_inj' (by norm_num)).mp this
  have : 2 ∣ n := by omega
  have : 2 ∣ m.gcd n := by
    apply Nat.dvd_gcd <;>
    assumption
  have : 2 ∣ 1 := by omega
  norm_num at this


","💥️omega could not prove the goal:
a possible counterexample may satisfy the constraints
  b ≥ 0
  a ≥ 0
where
 a := ↑(n ^ 2)
 b := ↑m / 2

💥️unknown constant 'Nat.dvd_mul_left.mp'

💥️rcases tactic failed: x✝ : ?m.1193 is not an inductive datatype",False,60,MIL.C05_Elementary_Number_Theory.solutions.Solutions_S01_Irrational_Roots,Qwen-7B-long,LENGTH,best_of_n,False,0,-1.0,t1,False
-1,False,24,"theorem t1 {m n : ℕ} (coprime_mn : m.Coprime n) : m ^ 2 ≠ 2 * n ^ 2 := by
  intro sqr_eq
  have : 2 ∣ m := by
    apply even_of_even_sqr
    rw [sqr_eq]
    apply dvd_mul_right
  obtain ⟨k, meq⟩ := dvd_iff_exists_eq_mul_left.mp this
  have : 2 * (2 * k ^ 2) = 2 * n ^ 2 := by
    rw [← sqr_eq, meq]
    ring
  have : 2 * k ^ 2 = n ^ 2 :=
    (mul_right_inj' (by norm_num)).mp this
  have : 2 ∣ n := by
    apply even_of_even_sqr
    rw [← this]
    apply dvd_mul_right
  have : 2 ∣ m.gcd n := by
    apply Nat.dvd_gcd <;>
    assumption
  have : 2 ∣ 1 := by
    convert this
    symm
    exact coprime_mn
  norm_num at this

",,True,-1,"theorem t1 {m n : ℕ} (coprime_mn : m.Coprime n) : m ^ 2 ≠ 2 * n ^ 2 := by
  intro sqr_eq
  have : 2 ∣ m := by
    contrapose with k
    rw [sq_eq_mul_iff] at sqr_eq
    exact multiplicity_of_dvd_mul_right _ 2
  obtain ⟨k, meq⟩ := even_div_two_of_dvd _ this
  have : 2 * (2 * k ^ 2) = 2 * n ^ 2 := by simp [meq]
  have : 2 * k ^ 2 = n ^ 2 :=
    (mul_right_inj' (by norm_num)).mp this
  have : 2 ∣ n := by
    contrapose
    rw [sq_eq_mul_iff] at this
    exact multiplicity_of_dvd_mul_right _ 2
  have : 2 ∣ m.gcd n := by
    refine Nat.dvd_gcd <;>
    assumption
  have : 2 ∣ 1 := by
    convert this
    symm
    exact coprime_mn
  norm_num at this


","💥️type mismatch
  Mathlib.Tactic.Contrapose.mtr ?m.1073
has type
  ?m.1071 → ?m.1072 : Prop
but is expected to have type
  2 ∣ m : Prop

💥️unsolved goals
m n : ℕ
coprime_mn : m.Coprime n
sqr_eq : m ^ 2 = 2 * n ^ 2
this : 2 ∣ m
⊢ False",False,60,MIL.C05_Elementary_Number_Theory.solutions.Solutions_S01_Irrational_Roots,Qwen-7B-long,LENGTH,best_of_n,False,0,-1.0,t1,False
-1,False,24,"theorem t1 {m n : ℕ} (coprime_mn : m.Coprime n) : m ^ 2 ≠ 2 * n ^ 2 := by
  intro sqr_eq
  have : 2 ∣ m := by
    apply even_of_even_sqr
    rw [sqr_eq]
    apply dvd_mul_right
  obtain ⟨k, meq⟩ := dvd_iff_exists_eq_mul_left.mp this
  have : 2 * (2 * k ^ 2) = 2 * n ^ 2 := by
    rw [← sqr_eq, meq]
    ring
  have : 2 * k ^ 2 = n ^ 2 :=
    (mul_right_inj' (by norm_num)).mp this
  have : 2 ∣ n := by
    apply even_of_even_sqr
    rw [← this]
    apply dvd_mul_right
  have : 2 ∣ m.gcd n := by
    apply Nat.dvd_gcd <;>
    assumption
  have : 2 ∣ 1 := by
    convert this
    symm
    exact coprime_mn
  norm_num at this

",,True,-1,"theorem t1 {m n : ℕ} (coprime_mn : m.Coprime n) : m ^ 2 ≠ 2 * n ^ 2 := by
  intro sqr_eq
  have : 2 ∣ m := by
    apply even_of_even_sqr
    rw [sqr_eq]
    apply mul_dvd_mul_left
  obtain ⟨k, meq⟩ := even_div_two.mp this
  have : 2 * (2 * k ^ 2) = 2 * n ^ 2 := by
    rw [← sqr_eq, meq, mul_comm]
  rw [mul_right_eq_mul_left] at this
  have : 2 ∣ n := by linarith
  have : 2 ∣ m.gcd n := by
    exact Nat.dvd_gcd <;>
    assumption
  have : 2 ∣ 1 := by linear_combination this
  exact coprime_mn.not_dvd 2


","💥️tactic 'apply' failed, failed to unify
  ?a * ?b ∣ ?a * ?c
with
  2 ∣ 2 * n ^ 2
case h
m n : ℕ
coprime_mn : m.Coprime n
sqr_eq : m ^ 2 = 2 * n ^ 2
⊢ 2 ∣ 2 * n ^ 2

💥️unknown identifier 'even_div_two.mp'

💥️rcases tactic failed: x✝ : ?m.1161 is not an inductive datatype",False,60,MIL.C05_Elementary_Number_Theory.solutions.Solutions_S01_Irrational_Roots,Qwen-7B-long,LENGTH,best_of_n,False,0,-1.0,t1,False
-1,False,24,"theorem t1 {m n : ℕ} (coprime_mn : m.Coprime n) : m ^ 2 ≠ 2 * n ^ 2 := by
  intro sqr_eq
  have : 2 ∣ m := by
    apply even_of_even_sqr
    rw [sqr_eq]
    apply dvd_mul_right
  obtain ⟨k, meq⟩ := dvd_iff_exists_eq_mul_left.mp this
  have : 2 * (2 * k ^ 2) = 2 * n ^ 2 := by
    rw [← sqr_eq, meq]
    ring
  have : 2 * k ^ 2 = n ^ 2 :=
    (mul_right_inj' (by norm_num)).mp this
  have : 2 ∣ n := by
    apply even_of_even_sqr
    rw [← this]
    apply dvd_mul_right
  have : 2 ∣ m.gcd n := by
    apply Nat.dvd_gcd <;>
    assumption
  have : 2 ∣ 1 := by
    convert this
    symm
    exact coprime_mn
  norm_num at this

",,True,24,"theorem t1 {m n : ℕ} (coprime_mn : m.Coprime n) : m ^ 2 ≠ 2 * n ^ 2 := by
  intro sq_eq
  have : 2 ∣ m := by
    apply even_of_even_sqr
    rw [sq_eq]
    apply dvd_mul_right
  obtain ⟨k, meq⟩ := dvd_iff_exists_eq_mul_left.mp this
  have : 2 * (2 * k ^ 2) = 2 * n ^ 2 := by
    rw [← sq_eq, meq]
    ring
  have : 2 * k ^ 2 = n ^ 2 :=
    (mul_right_inj' (by norm_num)).mp this
  have : 2 ∣ n := by
    apply even_of_even_sqr
    rw [← this]
    apply dvd_mul_right
  have : 2 ∣ m.gcd n := by
    apply Nat.dvd_gcd <;>
    assumption
  have : 2 ∣ 1 := by
    convert this
    symm
    exact coprime_mn
  norm_num at this


",,True,60,MIL.C05_Elementary_Number_Theory.solutions.Solutions_S01_Irrational_Roots,Qwen-7B-long,LENGTH,best_of_n,False,0,0.0,t1,False
-1,False,24,"theorem t1 {m n : ℕ} (coprime_mn : m.Coprime n) : m ^ 2 ≠ 2 * n ^ 2 := by
  intro sqr_eq
  have : 2 ∣ m := by
    apply even_of_even_sqr
    rw [sqr_eq]
    apply dvd_mul_right
  obtain ⟨k, meq⟩ := dvd_iff_exists_eq_mul_left.mp this
  have : 2 * (2 * k ^ 2) = 2 * n ^ 2 := by
    rw [← sqr_eq, meq]
    ring
  have : 2 * k ^ 2 = n ^ 2 :=
    (mul_right_inj' (by norm_num)).mp this
  have : 2 ∣ n := by
    apply even_of_even_sqr
    rw [← this]
    apply dvd_mul_right
  have : 2 ∣ m.gcd n := by
    apply Nat.dvd_gcd <;>
    assumption
  have : 2 ∣ 1 := by
    convert this
    symm
    exact coprime_mn
  norm_num at this

",,True,24,"theorem t1 {m n : ℕ} (coprime_mn : m.Coprime n) : m ^ 2 ≠ 2 * n ^ 2 := by
  intro sqr_eq
  have : 2 ∣ m := by
    apply even_of_even_sqr
    rw [sqr_eq]
    apply dvd_mul_right
  obtain ⟨k, meq⟩ := dvd_iff_exists_eq_mul_left.mp this
  have : 2 * (2 * k ^ 2) = 2 * n ^ 2 := by
    rw [← sqr_eq, meq]
    ring
  have : 2 * k ^ 2 = n ^ 2 :=
    (mul_right_inj' (by norm_num)).mp this
  have : 2 ∣ n := by
    apply even_of_even_sqr
    rw [← this]
    apply dvd_mul_right
  have : 2 ∣ m.gcd n := by
    apply Nat.dvd_gcd <;>
    assumption
  have : 2 ∣ 1 := by
    convert this
    symm
    exact coprime_mn
  norm_num at this


",,True,60,MIL.C05_Elementary_Number_Theory.solutions.Solutions_S01_Irrational_Roots,Qwen-7B-long,LENGTH,best_of_n,False,0,0.0,t1,False
-1,False,24,"theorem t1 {m n : ℕ} (coprime_mn : m.Coprime n) : m ^ 2 ≠ 2 * n ^ 2 := by
  intro sqr_eq
  have : 2 ∣ m := by
    apply even_of_even_sqr
    rw [sqr_eq]
    apply dvd_mul_right
  obtain ⟨k, meq⟩ := dvd_iff_exists_eq_mul_left.mp this
  have : 2 * (2 * k ^ 2) = 2 * n ^ 2 := by
    rw [← sqr_eq, meq]
    ring
  have : 2 * k ^ 2 = n ^ 2 :=
    (mul_right_inj' (by norm_num)).mp this
  have : 2 ∣ n := by
    apply even_of_even_sqr
    rw [← this]
    apply dvd_mul_right
  have : 2 ∣ m.gcd n := by
    apply Nat.dvd_gcd <;>
    assumption
  have : 2 ∣ 1 := by
    convert this
    symm
    exact coprime_mn
  norm_num at this

",,True,-1,"theorem t1 {m n : ℕ} (coprime_mn : m.Coprime n) : m ^ 2 ≠ 2 * n ^ 2 := by
  intro sqr_eq
  have : 2 ∣ m := by
    apply even_of_even_sqr
    rw [sqr_eq]
    apply dvd_mul_right
  obtain ⟨k, meq⟩ := extremes m
  have : 2 * (2 * k ^ 2) = 2 * n ^ 2 := by
    rw [← sqr_eq, meq]
    omega
  have : 2 * k ^ 2 = n ^ 2 :=
    (mul_right_inj' (by norm_num)).mp this
  have : 2 ∣ n := by
    apply even_of_even_sqr
    rw [← this]
    apply dvd_mul_right
  have : 2 ∣ m.gcd n := by
    apply Nat.dvd_gcd <;>
    assumption
  have : 2 ∣ 1 := by
    convert this
    symm
    exact coprime_mn
  norm_num at this


","💥️unknown identifier 'extremes'

💥️rcases tactic failed: x✝ : ?m.1136 is not an inductive datatype",False,60,MIL.C05_Elementary_Number_Theory.solutions.Solutions_S01_Irrational_Roots,Qwen-7B-long,LENGTH,best_of_n,False,0,-1.0,t1,False
-1,False,24,"theorem t1 {m n : ℕ} (coprime_mn : m.Coprime n) : m ^ 2 ≠ 2 * n ^ 2 := by
  intro sqr_eq
  have : 2 ∣ m := by
    apply even_of_even_sqr
    rw [sqr_eq]
    apply dvd_mul_right
  obtain ⟨k, meq⟩ := dvd_iff_exists_eq_mul_left.mp this
  have : 2 * (2 * k ^ 2) = 2 * n ^ 2 := by
    rw [← sqr_eq, meq]
    ring
  have : 2 * k ^ 2 = n ^ 2 :=
    (mul_right_inj' (by norm_num)).mp this
  have : 2 ∣ n := by
    apply even_of_even_sqr
    rw [← this]
    apply dvd_mul_right
  have : 2 ∣ m.gcd n := by
    apply Nat.dvd_gcd <;>
    assumption
  have : 2 ∣ 1 := by
    convert this
    symm
    exact coprime_mn
  norm_num at this

",,True,-1,"theorem t1 {m n : ℕ} (coprime_mn : m.Coprime n) : m ^ 2 ≠ 2 * n ^ 2 := by
  intro squadron_ne
  have : 2 ∣ m := by
    rw [Nat.not_dvd_of_not_dvd_mul_left] at squadron_ne
    exact this
  obtain ⟨k, meq⟩ := Nat.exists_of_dvd_mul_left_of_dvd <| this.ltrim' <| m.factorization
  have : 2 * (2 * k ^ 2) = 2 * n ^ 2 := by
    rw [← squadron_ne, meq]
    ring
  have : 2 * k ^ 2 = n ^ 2 := Nat.mul_right_right_inv (by norm_num) this
  have : 2 ∣ n := by
    apply even_of_even_sqr
    rw [← this]
    apply dvd_mul_right
  have : 2 ∣ m.gcd n := by
    exact Nat.dvd_gcd_of_dvd m.factorization (this.ltrim' <| n.factorization)
  have : 2 ∣ 1 := by
    exact this
  exact coprime_mn ▸ not_dvd_of_dvd_mul_left this
","💥️unknown constant 'Nat.not_dvd_of_not_dvd_mul_left'

💥️tactic 'rewrite' failed, equality or iff proof expected
  ?m.1072
m n : ℕ
coprime_mn : m.Coprime n
squadron_ne : m ^ 2 = 2 * n ^ 2
⊢ 2 ∣ m

💥️unknown constant 'Nat.exists_of_dvd_mul_left_of_dvd'

💥️rcases tactic failed: x✝ : ?m.1074 is not an inductive datatype",False,60,MIL.C05_Elementary_Number_Theory.solutions.Solutions_S01_Irrational_Roots,Qwen-7B-long,LENGTH,best_of_n,False,0,-1.0,t1,False
-1,False,24,"theorem t1 {m n : ℕ} (coprime_mn : m.Coprime n) : m ^ 2 ≠ 2 * n ^ 2 := by
  intro sqr_eq
  have : 2 ∣ m := by
    apply even_of_even_sqr
    rw [sqr_eq]
    apply dvd_mul_right
  obtain ⟨k, meq⟩ := dvd_iff_exists_eq_mul_left.mp this
  have : 2 * (2 * k ^ 2) = 2 * n ^ 2 := by
    rw [← sqr_eq, meq]
    ring
  have : 2 * k ^ 2 = n ^ 2 :=
    (mul_right_inj' (by norm_num)).mp this
  have : 2 ∣ n := by
    apply even_of_even_sqr
    rw [← this]
    apply dvd_mul_right
  have : 2 ∣ m.gcd n := by
    apply Nat.dvd_gcd <;>
    assumption
  have : 2 ∣ 1 := by
    convert this
    symm
    exact coprime_mn
  norm_num at this

",,True,-1,"theorem t1 {m n : ℕ} (coprime_mn : m.Coprime n) : m ^ 2 ≠ 2 * n ^ 2 := by
  intro sqr_eq
  have : 2 ∣ m := by
    apply even_of_even_sqr
    rw [sqr_eq]
    apply dvd_mul_right
  obtain ⟨k, meq⟩ := dvd_iff_exists_eq_mul_left.mp this
  have : 2 * (2 * k ^ 2) = 2 * n ^ 2 := by omega
  have : 2 * k ^ 2 = n ^ 2 := by
    rw [mul_right_inj' (by norm_num)]
    linear_combination this
  have : 2 ∣ n := by
    apply even_of_even_sqr
    rw [← this]
    apply dvd_mul_right
  have : 2 ∣ m.gcd n := by
    apply Nat.dvd_gcd <;>
    assumption
  have : 2 ∣ 1 := by
    convert this
    symm
    exact coprime_mn
  norm_num at this


","💥️omega could not prove the goal:
a possible counterexample may satisfy the constraints
  c ≥ 0
  b ≥ 0
  a ≥ 0
  a - 2*c ≥ 1
where
 a := ↑(n ^ 2)
 b := ↑k
 c := ↑(k ^ 2)

💥️tactic 'rewrite' failed, did not find instance of the pattern in the target expression
  ?m.2551 * ?m.2552 = ?m.2551 * ?m.2553
m n : ℕ
coprime_mn : m.Coprime n
sqr_eq : m ^ 2 = 2 * n ^ 2
this✝ : 2 ∣ m
k : ℕ
meq : m = k * 2
this : 2 * (2 * k ^ 2) = 2 * n ^ 2
⊢ 2 * k ^ 2 = n ^ 2

💥️unsolved goals
m n : ℕ
coprime_mn : m.Coprime n
sqr_eq : m ^ 2 = 2 * n ^ 2
this✝ : 2 ∣ m
k : ℕ
meq : m = k * 2
this : 2 * (2 * k ^ 2) = 2 * n ^ 2
⊢ ¬?m.2551 = 0",False,60,MIL.C05_Elementary_Number_Theory.solutions.Solutions_S01_Irrational_Roots,Qwen-7B-long,LENGTH,best_of_n,False,0,-1.0,t1,False
-1,False,24,"theorem t1 {m n : ℕ} (coprime_mn : m.Coprime n) : m ^ 2 ≠ 2 * n ^ 2 := by
  intro sqr_eq
  have : 2 ∣ m := by
    apply even_of_even_sqr
    rw [sqr_eq]
    apply dvd_mul_right
  obtain ⟨k, meq⟩ := dvd_iff_exists_eq_mul_left.mp this
  have : 2 * (2 * k ^ 2) = 2 * n ^ 2 := by
    rw [← sqr_eq, meq]
    ring
  have : 2 * k ^ 2 = n ^ 2 :=
    (mul_right_inj' (by norm_num)).mp this
  have : 2 ∣ n := by
    apply even_of_even_sqr
    rw [← this]
    apply dvd_mul_right
  have : 2 ∣ m.gcd n := by
    apply Nat.dvd_gcd <;>
    assumption
  have : 2 ∣ 1 := by
    convert this
    symm
    exact coprime_mn
  norm_num at this

",,True,-1,"theorem t1 {m n : ℕ} (coprime_mn : m.Coprime n) : m ^ 2 ≠ 2 * n ^ 2 := by
  intro sqr_eq
  rw [← sqrt_eq, sq_sqrt] at sqr_eq
  unfold mult_comm
  rw [← mult_assoc, mult_eq_mul_iff_left, not_not, mult_comm]
  exact Nat.not_even_one <| coprime_mn.of_even _ <| by exact Nat.even_two
","💥️unknown identifier 'sqrt_eq'

💥️tactic 'rewrite' failed, equality or iff proof expected
  ?m.1048
m n : ℕ
coprime_mn : m.Coprime n
sqr_eq : m ^ 2 = 2 * n ^ 2
⊢ False",False,60,MIL.C05_Elementary_Number_Theory.solutions.Solutions_S01_Irrational_Roots,Qwen-7B-long,LENGTH,best_of_n,False,0,-1.0,t1,False
-1,False,24,"theorem t1 {m n : ℕ} (coprime_mn : m.Coprime n) : m ^ 2 ≠ 2 * n ^ 2 := by
  intro sqr_eq
  have : 2 ∣ m := by
    apply even_of_even_sqr
    rw [sqr_eq]
    apply dvd_mul_right
  obtain ⟨k, meq⟩ := dvd_iff_exists_eq_mul_left.mp this
  have : 2 * (2 * k ^ 2) = 2 * n ^ 2 := by
    rw [← sqr_eq, meq]
    ring
  have : 2 * k ^ 2 = n ^ 2 :=
    (mul_right_inj' (by norm_num)).mp this
  have : 2 ∣ n := by
    apply even_of_even_sqr
    rw [← this]
    apply dvd_mul_right
  have : 2 ∣ m.gcd n := by
    apply Nat.dvd_gcd <;>
    assumption
  have : 2 ∣ 1 := by
    convert this
    symm
    exact coprime_mn
  norm_num at this

",,True,24,"theorem t1 {m n : ℕ} (coprime_mn : m.Coprime n) : m ^ 2 ≠ 2 * n ^ 2 := by
  intro sqr_eq
  have : 2 ∣ m := by
    apply even_of_even_sqr
    rw [sqr_eq]
    apply dvd_mul_right
  obtain ⟨k, meq⟩ := dvd_iff_exists_eq_mul_left.mp this
  have : 2 * (2 * k ^ 2) = 2 * n ^ 2 := by
    rw [← sqr_eq, meq]
    ring
  have : 2 * k ^ 2 = n ^ 2 :=
    (mul_right_inj' (by norm_num)).mp this
  have : 2 ∣ n := by
    apply even_of_even_sqr
    rw [← this]
    apply dvd_mul_right
  have : 2 ∣ m.gcd n := by
    apply Nat.dvd_gcd <;>
    assumption
  have : 2 ∣ 1 := by
    convert this
    symm
    exact coprime_mn
  norm_num at this


",,True,60,MIL.C05_Elementary_Number_Theory.solutions.Solutions_S01_Irrational_Roots,Qwen-7B-long,LENGTH,best_of_n,False,0,0.0,t1,False
-1,False,24,"theorem t1 {m n : ℕ} (coprime_mn : m.Coprime n) : m ^ 2 ≠ 2 * n ^ 2 := by
  intro sqr_eq
  have : 2 ∣ m := by
    apply even_of_even_sqr
    rw [sqr_eq]
    apply dvd_mul_right
  obtain ⟨k, meq⟩ := dvd_iff_exists_eq_mul_left.mp this
  have : 2 * (2 * k ^ 2) = 2 * n ^ 2 := by
    rw [← sqr_eq, meq]
    ring
  have : 2 * k ^ 2 = n ^ 2 :=
    (mul_right_inj' (by norm_num)).mp this
  have : 2 ∣ n := by
    apply even_of_even_sqr
    rw [← this]
    apply dvd_mul_right
  have : 2 ∣ m.gcd n := by
    apply Nat.dvd_gcd <;>
    assumption
  have : 2 ∣ 1 := by
    convert this
    symm
    exact coprime_mn
  norm_num at this

",,True,-1,"-- t1 : m^2 ≠ 2 * n^2 if m and n are coprime
theorem t1 {m n : ℕ} (coprime_mn : m.Coprime n) : m ^ 2 ≠ 2 * n ^ 2 := by
  intro sqr_eq
  rw [← sqrt_sq (Nat.cast_eq_zero_of_nonneg <| by positivity)]
  exact cast_not_div_by_two_of_dvd_mul_left <| by positivity
","💥️unknown identifier 'sqrt_sq'

💥️tactic 'rewrite' failed, equality or iff proof expected
  ?m.1048
m n : ℕ
coprime_mn : m.Coprime n
sqr_eq : m ^ 2 = 2 * n ^ 2
⊢ False",False,60,MIL.C05_Elementary_Number_Theory.solutions.Solutions_S01_Irrational_Roots,Qwen-7B-long,LENGTH,best_of_n,False,0,-1.0,t1,False
-1,False,24,"theorem t1 {m n : ℕ} (coprime_mn : m.Coprime n) : m ^ 2 ≠ 2 * n ^ 2 := by
  intro sqr_eq
  have : 2 ∣ m := by
    apply even_of_even_sqr
    rw [sqr_eq]
    apply dvd_mul_right
  obtain ⟨k, meq⟩ := dvd_iff_exists_eq_mul_left.mp this
  have : 2 * (2 * k ^ 2) = 2 * n ^ 2 := by
    rw [← sqr_eq, meq]
    ring
  have : 2 * k ^ 2 = n ^ 2 :=
    (mul_right_inj' (by norm_num)).mp this
  have : 2 ∣ n := by
    apply even_of_even_sqr
    rw [← this]
    apply dvd_mul_right
  have : 2 ∣ m.gcd n := by
    apply Nat.dvd_gcd <;>
    assumption
  have : 2 ∣ 1 := by
    convert this
    symm
    exact coprime_mn
  norm_num at this

",,True,-1,"theorem t1 {m n : ℕ} (coprime_mn : m.Coprime n) : m ^ 2 ≠ 2 * n ^ 2 := by
  intro sqr_eq
  have : 2 ∣ m := by
    apply even_of_even_sqr
    rw [sqr_eq]
    apply dvd_mul_right
  obtain ⟨k, meq⟩ := dvd_iff_exists_eq_mul_left.mp this
  have : 2 * (2 * k ^ 2) = 2 * n ^ 2 := by
    rw [← sqr_eq, meq]
    ring
  have : 2 * k ^ 2 = n ^ 2 := by
    rw [mul_right_eq_self, Nat.mul_right_eq_mul_left]
  have : 2 ∣ n := by
    apply even_of_even_sqr
    rw [← this]
    apply dvd_mul_right
  have : 2 ∣ m.gcd n := by
    apply Nat.dvd_gcd <;>
    assumption
  have : 2 ∣ 1 := by
    convert this
    symm
    exact coprime_mn
  norm_num at this


","💥️tactic 'rewrite' failed, did not find instance of the pattern in the target expression
  ?m.2743 * ?m.2744 = ?m.2743
m n : ℕ
coprime_mn : m.Coprime n
sqr_eq : m ^ 2 = 2 * n ^ 2
this✝ : 2 ∣ m
k : ℕ
meq : m = k * 2
this : 2 * (2 * k ^ 2) = 2 * n ^ 2
⊢ 2 * k ^ 2 = n ^ 2",False,60,MIL.C05_Elementary_Number_Theory.solutions.Solutions_S01_Irrational_Roots,Qwen-7B-long,LENGTH,best_of_n,False,0,-1.0,t1,False
-1,False,24,"theorem t1 {m n : ℕ} (coprime_mn : m.Coprime n) : m ^ 2 ≠ 2 * n ^ 2 := by
  intro sqr_eq
  have : 2 ∣ m := by
    apply even_of_even_sqr
    rw [sqr_eq]
    apply dvd_mul_right
  obtain ⟨k, meq⟩ := dvd_iff_exists_eq_mul_left.mp this
  have : 2 * (2 * k ^ 2) = 2 * n ^ 2 := by
    rw [← sqr_eq, meq]
    ring
  have : 2 * k ^ 2 = n ^ 2 :=
    (mul_right_inj' (by norm_num)).mp this
  have : 2 ∣ n := by
    apply even_of_even_sqr
    rw [← this]
    apply dvd_mul_right
  have : 2 ∣ m.gcd n := by
    apply Nat.dvd_gcd <;>
    assumption
  have : 2 ∣ 1 := by
    convert this
    symm
    exact coprime_mn
  norm_num at this

",,True,-1," theorem t1 {m n : ℕ} (coprime_mn : m.Coprime n) : m ^ 2 ≠ 2 * n ^ 2 := by
  intro sqr_eq
  have : 2 ∣ m := by
    rw [even_iff, Nat.dvd_of_not_dvd] at this
    simp_all only [this, coprime_mn, Nat.dvd_of_not_dvd]
  obtain ⟨k, meq⟩ := this
  have : 2 * (2 * k ^ 2) = 2 * n ^ 2 := by
    rw [← sqr_eq, meq]
    ring
  have : 2 * k ^ 2 = n ^ 2 := by omega
  have : 2 ∣ n :=
    even_of_even_sqr (by omega) <| by simpa using this
  have : 2 ∣ m.gcd n := by
    rw [Nat.gcd_eq_right] at this
    assumption
  have : 2 ∣ 1 := by
    convert this (add simp [this])
    exact coprime_mn
  norm_num at this


","💥️unknown identifier 'this'

💥️function expected at
  even_of_even_sqr ?m.4294
term has type
  2 ∣ ?m.4293

💥️omega could not prove the goal:
a possible counterexample may satisfy the constraints
  c ≥ 0
  b ≥ 0
  a ≥ 0
where
 a := ↑k
 b := ↑(k ^ 2)
 c := ↑(?m.4293 ^ 2) / 2

💥️tactic 'rewrite' failed, did not find instance of the pattern in the target expression
  Nat.gcd ?m.4454 ?m.4455
m n : ℕ
coprime_mn : m.Coprime n
sqr_eq : m ^ 2 = 2 * n ^ 2
k : ℕ
meq : m = 2 * k
this✝¹ : 2 * (2 * k ^ 2) = 2 * n ^ 2
this✝ : 2 * k ^ 2 = n ^ 2
this : 2 ∣ n
⊢ 2 ∣ m.gcd n

💥️function expected at
  this
term has type
  2 ∣ m.gcd n

💥️no goals to be solved",False,60,MIL.C05_Elementary_Number_Theory.solutions.Solutions_S01_Irrational_Roots,Qwen-7B-long,LENGTH,best_of_n,False,0,-1.0,t1,False
-1,False,24,"theorem t1 {m n : ℕ} (coprime_mn : m.Coprime n) : m ^ 2 ≠ 2 * n ^ 2 := by
  intro sqr_eq
  have : 2 ∣ m := by
    apply even_of_even_sqr
    rw [sqr_eq]
    apply dvd_mul_right
  obtain ⟨k, meq⟩ := dvd_iff_exists_eq_mul_left.mp this
  have : 2 * (2 * k ^ 2) = 2 * n ^ 2 := by
    rw [← sqr_eq, meq]
    ring
  have : 2 * k ^ 2 = n ^ 2 :=
    (mul_right_inj' (by norm_num)).mp this
  have : 2 ∣ n := by
    apply even_of_even_sqr
    rw [← this]
    apply dvd_mul_right
  have : 2 ∣ m.gcd n := by
    apply Nat.dvd_gcd <;>
    assumption
  have : 2 ∣ 1 := by
    convert this
    symm
    exact coprime_mn
  norm_num at this

",,True,-1,"theorem t1 {m n : ℕ} (coprime_mn : m.Coprime n) : m ^ 2 ≠ 2 * n ^ 2 := by
  intro sqr_eq
  have : 2 ∣ m := by
    apply even_of_even_sqr
    rw [sqr_eq]
    .inr rfl
  obtain ⟨k, meq⟩ := THINK:coprime_mn.forall
  have : 2 * (2 * k ^ 2) = 2 * n ^ 2 := by
    rw [← sqr_eq, meq]
    ring
  have : 2 * k ^ 2 = n ^ 2 := by omega
  have : 2 ∣ n := by
    apply even_of_even_sqr
    rw [← this]
    .inr rfl
  have : 2 ∣ m.gcd n := by
    apply Nat.dvd_gcd <;>
    assumption
  have : 2 ∣ 1 := by
    convert this
    symm
    exact coprime_mn
  norm_num at this


","💥️unknown tactic

💥️unsolved goals
case h
m n : ℕ
coprime_mn : m.Coprime n
sqr_eq : m ^ 2 = 2 * n ^ 2
⊢ 2 ∣ 2 * n ^ 2

💥️unsolved goals
m n : ℕ
coprime_mn : m.Coprime n
sqr_eq : m ^ 2 = 2 * n ^ 2
this : 2 ∣ m
⊢ False",False,60,MIL.C05_Elementary_Number_Theory.solutions.Solutions_S01_Irrational_Roots,Qwen-7B-long,LENGTH,best_of_n,False,0,-1.0,t1,False
-1,False,24,"theorem t1 {m n : ℕ} (coprime_mn : m.Coprime n) : m ^ 2 ≠ 2 * n ^ 2 := by
  intro sqr_eq
  have : 2 ∣ m := by
    apply even_of_even_sqr
    rw [sqr_eq]
    apply dvd_mul_right
  obtain ⟨k, meq⟩ := dvd_iff_exists_eq_mul_left.mp this
  have : 2 * (2 * k ^ 2) = 2 * n ^ 2 := by
    rw [← sqr_eq, meq]
    ring
  have : 2 * k ^ 2 = n ^ 2 :=
    (mul_right_inj' (by norm_num)).mp this
  have : 2 ∣ n := by
    apply even_of_even_sqr
    rw [← this]
    apply dvd_mul_right
  have : 2 ∣ m.gcd n := by
    apply Nat.dvd_gcd <;>
    assumption
  have : 2 ∣ 1 := by
    convert this
    symm
    exact coprime_mn
  norm_num at this

",,True,-1,"lemma t1 {m n : ℕ} (coprime_mn : m.Coprime n) : m ^ 2 ≠ 2 * n ^ 2 := by
  intro sqrt_eq
  have : 2 ∣ m := by
    apply even_of_even_sqr
    rw [sqrt_eq]
    exact mul_dvd_mul_left' (Nat Publication)
  obtain ⟨k, meq⟩ := m.exists_dvd_of Even.mk_dvd m
  have : 2 * (2 * k ^ 2) = 2 * n ^ 2 := by
    rw [← sqrt_eq, meq]
    ring
  have : 2 * k ^ 2 = n ^ 2 :=
    (mul_right_inj' (by norm_num)).mp this
  have : 2 ∣ n := by
    apply even_of_even_sqr
    rw [← this]
    exact mul_dvd_mul_right n
  have : 2 ∣ m.gcd n := by
    apply Nat.dvd_gcd <;>
    assumption
  have : 2 ∣ 1 := by
    convert this
    symm
    exact coprime_mn
  norm_num at this


","💥️unknown identifier 'mul_dvd_mul_left''

💥️invalid field 'exists_dvd_of', the environment does not contain 'Nat.exists_dvd_of'
  m
has type
  ℕ

💥️rcases tactic failed: x✝ : ?m.1090 is not an inductive datatype",False,60,MIL.C05_Elementary_Number_Theory.solutions.Solutions_S01_Irrational_Roots,Qwen-7B-long,LENGTH,best_of_n,False,0,-1.0,t1,False
-1,False,24,"theorem t1 {m n : ℕ} (coprime_mn : m.Coprime n) : m ^ 2 ≠ 2 * n ^ 2 := by
  intro sqr_eq
  have : 2 ∣ m := by
    apply even_of_even_sqr
    rw [sqr_eq]
    apply dvd_mul_right
  obtain ⟨k, meq⟩ := dvd_iff_exists_eq_mul_left.mp this
  have : 2 * (2 * k ^ 2) = 2 * n ^ 2 := by
    rw [← sqr_eq, meq]
    ring
  have : 2 * k ^ 2 = n ^ 2 :=
    (mul_right_inj' (by norm_num)).mp this
  have : 2 ∣ n := by
    apply even_of_even_sqr
    rw [← this]
    apply dvd_mul_right
  have : 2 ∣ m.gcd n := by
    apply Nat.dvd_gcd <;>
    assumption
  have : 2 ∣ 1 := by
    convert this
    symm
    exact coprime_mn
  norm_num at this

",,True,-1,"theorem t1 {m n : ℕ} (coprime_mn : m.Coprime n) : m ^ 2 ≠ 2 * n ^ 2 := by
  intro sqr_eq
  have : 2 ∣ m := by
    apply even_of_even_sqr
    rw [sqr_eq]
    exact mul_dvd_mul_left _ _
  obtain ⟨k, meq⟩ := exists_of_dvd this
  have : 2 * (2 * k ^ 2) = 2 * n ^ 2 := by
    rw [← sqr_eq, meq]
    ring
  have : 2 * k ^ 2 = n ^ 2 := by
    rw [mul_right_eq_mul_left_of_right_ne_zero n, mul_right_eq_mul_left_of_right_ne_zero k]
    exact this
  have : 2 ∣ n := by
    apply even_of_even_sqr
    rw [← this]
    exact mul_dvd_mul_left _ _
  have : 2 ∣ m.gcd n := by
    apply Nat.dvd_gcd <;>
    assumption
  have : 2 ∣ 1 := by
    convert this
    symm
    exact coprime_mn
  norm_num at this


","💥️typeclass instance problem is stuck, it is often due to metavariables
  Monoid ?m.1090

💥️unknown identifier 'exists_of_dvd'

💥️rcases tactic failed: x✝ : ?m.1624 is not an inductive datatype",False,60,MIL.C05_Elementary_Number_Theory.solutions.Solutions_S01_Irrational_Roots,Qwen-7B-long,LENGTH,best_of_n,False,0,-1.0,t1,False
-1,False,24,"theorem t1 {m n : ℕ} (coprime_mn : m.Coprime n) : m ^ 2 ≠ 2 * n ^ 2 := by
  intro sqr_eq
  have : 2 ∣ m := by
    apply even_of_even_sqr
    rw [sqr_eq]
    apply dvd_mul_right
  obtain ⟨k, meq⟩ := dvd_iff_exists_eq_mul_left.mp this
  have : 2 * (2 * k ^ 2) = 2 * n ^ 2 := by
    rw [← sqr_eq, meq]
    ring
  have : 2 * k ^ 2 = n ^ 2 :=
    (mul_right_inj' (by norm_num)).mp this
  have : 2 ∣ n := by
    apply even_of_even_sqr
    rw [← this]
    apply dvd_mul_right
  have : 2 ∣ m.gcd n := by
    apply Nat.dvd_gcd <;>
    assumption
  have : 2 ∣ 1 := by
    convert this
    symm
    exact coprime_mn
  norm_num at this

",,True,-1,"theorem t1 {m n : ℕ} (coprime_mn : m.Coprime n) : m ^ 2 ≠ 2 * n ^ 2 := by
  intro sqr_eq
  have : 2 ∣ m := by
    apply even_of_even_sqr
    rw [sqr_eq]
    apply dvd_mul_right
  obtain ⟨k, meq⟩ := div_of_dvd this
  have : 2 * (2 * k ^ 2) = 2 * n ^ 2 := by
    rw [← sqr_eq, meq]
    ring
  have : 2 * k ^ 2 = n ^ 2 := by omega
  have : 2 ∣ n := by
    apply even_of_even_sqr
    rw [← this]
    apply dvd_mul_right
  have : 2 ∣ m.gcd n := by
    apply Nat.dvd_gcd <;>
    assumption
  have : 2 ∣ 1 := by
    convert this
    symm
    exact coprime_mn
  norm_num at this


","💥️unknown identifier 'div_of_dvd'

💥️rcases tactic failed: x✝ : ?m.1136 is not an inductive datatype",False,60,MIL.C05_Elementary_Number_Theory.solutions.Solutions_S01_Irrational_Roots,Qwen-7B-long,LENGTH,best_of_n,False,0,-1.0,t1,False
-1,False,24,"theorem t1 {m n : ℕ} (coprime_mn : m.Coprime n) : m ^ 2 ≠ 2 * n ^ 2 := by
  intro sqr_eq
  have : 2 ∣ m := by
    apply even_of_even_sqr
    rw [sqr_eq]
    apply dvd_mul_right
  obtain ⟨k, meq⟩ := dvd_iff_exists_eq_mul_left.mp this
  have : 2 * (2 * k ^ 2) = 2 * n ^ 2 := by
    rw [← sqr_eq, meq]
    ring
  have : 2 * k ^ 2 = n ^ 2 :=
    (mul_right_inj' (by norm_num)).mp this
  have : 2 ∣ n := by
    apply even_of_even_sqr
    rw [← this]
    apply dvd_mul_right
  have : 2 ∣ m.gcd n := by
    apply Nat.dvd_gcd <;>
    assumption
  have : 2 ∣ 1 := by
    convert this
    symm
    exact coprime_mn
  norm_num at this

",,True,-1,"theorem t1 {m n : ℕ} (coprime_mn : m.Coprime n) : m ^ 2 ≠ 2 * n ^ 2 := by
  intro sqr_eq
  have : 2 ∣ m := by
    apply even_of_even_sqr
    rw [sqr_eq]
    apply mul_dvd_mul_left
  obtain ⟨k, meq⟩ := dvd_iff_exists_eq_mul_left.mp this
  have : 2 * (2 * k ^ 2) = 2 * n ^ 2 := by
    rw [← sqr_eq, meq]
    ring
  have : 2 * k ^ 2 = n ^ 2 := by omega
  have : 2 ∣ n := by
    apply even_of_even_sqr
    rw [← this]
    apply mul_dvd_mul_right
  have : 2 ∣ m.gcd n := by
    apply Nat.dvd_gcd <;>
    assumption
  have : 2 ∣ 1 := by
    convert this
    symm
    exact coprime_mn
  norm_num at this


","💥️tactic 'apply' failed, failed to unify
  ?a * ?b ∣ ?a * ?c
with
  2 ∣ 2 * n ^ 2
case h
m n : ℕ
coprime_mn : m.Coprime n
sqr_eq : m ^ 2 = 2 * n ^ 2
⊢ 2 ∣ 2 * n ^ 2

💥️tactic 'apply' failed, failed to unify
  ?a * ?c ∣ ?b * ?c
with
  2 ∣ 2 * k ^ 2
case h
m n : ℕ
coprime_mn : m.Coprime n
sqr_eq : m ^ 2 = 2 * n ^ 2
this✝¹ : 2 ∣ m
k : ℕ
meq : m = k * 2
this✝ : 2 * (2 * k ^ 2) = 2 * n ^ 2
this : 2 * k ^ 2 = n ^ 2
⊢ 2 ∣ 2 * k ^ 2",False,60,MIL.C05_Elementary_Number_Theory.solutions.Solutions_S01_Irrational_Roots,Qwen-7B-long,LENGTH,best_of_n,False,0,-1.0,t1,False
-1,False,24,"theorem t1 {m n : ℕ} (coprime_mn : m.Coprime n) : m ^ 2 ≠ 2 * n ^ 2 := by
  intro sqr_eq
  have : 2 ∣ m := by
    apply even_of_even_sqr
    rw [sqr_eq]
    apply dvd_mul_right
  obtain ⟨k, meq⟩ := dvd_iff_exists_eq_mul_left.mp this
  have : 2 * (2 * k ^ 2) = 2 * n ^ 2 := by
    rw [← sqr_eq, meq]
    ring
  have : 2 * k ^ 2 = n ^ 2 :=
    (mul_right_inj' (by norm_num)).mp this
  have : 2 ∣ n := by
    apply even_of_even_sqr
    rw [← this]
    apply dvd_mul_right
  have : 2 ∣ m.gcd n := by
    apply Nat.dvd_gcd <;>
    assumption
  have : 2 ∣ 1 := by
    convert this
    symm
    exact coprime_mn
  norm_num at this

",,True,-1,"theorem t1 {m n : ℕ} (coprime_mn : m.Coprime n) : m ^ 2 ≠ 2 * n ^ 2 := by
  intro sqr_eq
  have : 2 ∣ m := by
    rw [coprime_iff_gcd_eq_one, Nat.dvd_gcd]
    unfold not_forall
    exact Nat.dvd_mul_right _ _
  obtain ⟨k, meq⟩ := Nat.exists_of_dvd this
  have : 2 * (2 * k ^ 2) = 2 * n ^ 2 := by
    rw [← sqr_eq, meq]
    ring
  have : 2 * k ^ 2 = n ^ 2 :=
    (mul_right_inj' (by norm_num)).mp this
  have : 2 ∣ n := by
    rw [Nat.dvd_mul_left]
    exact this
  have : 2 ∣ m.gcd n := Nat.dvd_gcd <;> assumption
  have : 2 ∣ 1 := by
    convert this
    symm
    exact coprime_mn
  norm_num at this


","💥️unknown identifier 'coprime_iff_gcd_eq_one'

💥️tactic 'rewrite' failed, equality or iff proof expected
  ?m.1072
m n : ℕ
coprime_mn : m.Coprime n
sqr_eq : m ^ 2 = 2 * n ^ 2
⊢ 2 ∣ m

💥️unknown constant 'Nat.exists_of_dvd'

💥️rcases tactic failed: x✝ : ?m.1074 is not an inductive datatype",False,60,MIL.C05_Elementary_Number_Theory.solutions.Solutions_S01_Irrational_Roots,Qwen-7B-long,LENGTH,best_of_n,False,0,-1.0,t1,False
-1,False,24,"theorem t1 {m n : ℕ} (coprime_mn : m.Coprime n) : m ^ 2 ≠ 2 * n ^ 2 := by
  intro sqr_eq
  have : 2 ∣ m := by
    apply even_of_even_sqr
    rw [sqr_eq]
    apply dvd_mul_right
  obtain ⟨k, meq⟩ := dvd_iff_exists_eq_mul_left.mp this
  have : 2 * (2 * k ^ 2) = 2 * n ^ 2 := by
    rw [← sqr_eq, meq]
    ring
  have : 2 * k ^ 2 = n ^ 2 :=
    (mul_right_inj' (by norm_num)).mp this
  have : 2 ∣ n := by
    apply even_of_even_sqr
    rw [← this]
    apply dvd_mul_right
  have : 2 ∣ m.gcd n := by
    apply Nat.dvd_gcd <;>
    assumption
  have : 2 ∣ 1 := by
    convert this
    symm
    exact coprime_mn
  norm_num at this

",,True,-1,"theorem t1 {m n : ℕ} (coprime_mn : m.Coprime n) : m ^ 2 ≠ 2 * n ^ 2 := by
  intro sqr_eq
  have : 2 ∣ m := by
    apply even_of_even_sqr
    rw [sqr_eq]
    apply dvd_mul_right
  obtain ⟨k, meq⟩ := div_mul_mul_left.mp this
  have : 2 * (2 * k ^ 2) = 2 * n ^ 2 := by
    rw [← sqr_eq, meq]
    ring
  have : 2 * k ^ 2 = n ^ 2 := by omega
  have : 2 ∣ n := by
    apply even_of_even_sqr
    rw [← this]
    apply dvd_mul_right
  have : 2 ∣ m.gcd n := by
    apply Nat.dvd_gcd <;>
    assumption
  exact this <| coprime_mn.even

","💥️unknown identifier 'div_mul_mul_left.mp'

💥️rcases tactic failed: x✝ : ?m.1136 is not an inductive datatype",False,60,MIL.C05_Elementary_Number_Theory.solutions.Solutions_S01_Irrational_Roots,Qwen-7B-long,LENGTH,best_of_n,False,0,-1.0,t1,False
-1,False,24,"theorem t1 {m n : ℕ} (coprime_mn : m.Coprime n) : m ^ 2 ≠ 2 * n ^ 2 := by
  intro sqr_eq
  have : 2 ∣ m := by
    apply even_of_even_sqr
    rw [sqr_eq]
    apply dvd_mul_right
  obtain ⟨k, meq⟩ := dvd_iff_exists_eq_mul_left.mp this
  have : 2 * (2 * k ^ 2) = 2 * n ^ 2 := by
    rw [← sqr_eq, meq]
    ring
  have : 2 * k ^ 2 = n ^ 2 :=
    (mul_right_inj' (by norm_num)).mp this
  have : 2 ∣ n := by
    apply even_of_even_sqr
    rw [← this]
    apply dvd_mul_right
  have : 2 ∣ m.gcd n := by
    apply Nat.dvd_gcd <;>
    assumption
  have : 2 ∣ 1 := by
    convert this
    symm
    exact coprime_mn
  norm_num at this

",,True,-1,"theorem t1 {m n : ℕ} (coprime_mn : m.Coprime n) : m ^ 2 ≠ 2 * n ^ 2 := by
  intro sqr_eq
  have : 2 ∣ m := by
    apply even_of_even_sqr
    rw [sqr_eq]
    apply mul_left_dvd_mul_right
  obtain ⟨k, meq⟩ := even_div_two.mp this
  have : 2 * (2 * k ^ 2) = 2 * n ^ 2 := by
    rw [← sqr_eq, meq]
    ring
  have : 2 * k ^ 2 = n ^ 2 := by omega
  have : 2 ∣ n := by
    apply even_of_even_sqr
    rw [← this]
    apply mul_left_dvd_mul_right
  have : 2 ∣ m.gcd n := by
    apply Nat.dvd_gcd <;>
    assumption
  have : 2 ∣ 1 := by
    convert this
    symm
    exact coprime_mn
  norm_num at this


","💥️unknown identifier 'mul_left_dvd_mul_right'

💥️unknown identifier 'even_div_two.mp'

💥️rcases tactic failed: x✝ : ?m.1092 is not an inductive datatype",False,60,MIL.C05_Elementary_Number_Theory.solutions.Solutions_S01_Irrational_Roots,Qwen-7B-long,LENGTH,best_of_n,False,0,-1.0,t1,False
-1,False,24,"theorem t1 {m n : ℕ} (coprime_mn : m.Coprime n) : m ^ 2 ≠ 2 * n ^ 2 := by
  intro sqr_eq
  have : 2 ∣ m := by
    apply even_of_even_sqr
    rw [sqr_eq]
    apply dvd_mul_right
  obtain ⟨k, meq⟩ := dvd_iff_exists_eq_mul_left.mp this
  have : 2 * (2 * k ^ 2) = 2 * n ^ 2 := by
    rw [← sqr_eq, meq]
    ring
  have : 2 * k ^ 2 = n ^ 2 :=
    (mul_right_inj' (by norm_num)).mp this
  have : 2 ∣ n := by
    apply even_of_even_sqr
    rw [← this]
    apply dvd_mul_right
  have : 2 ∣ m.gcd n := by
    apply Nat.dvd_gcd <;>
    assumption
  have : 2 ∣ 1 := by
    convert this
    symm
    exact coprime_mn
  norm_num at this

",,True,-1,"theorem t1 {m n : ℕ} (coprime_mn : m.Coprime n) : m ^ 2 ≠ 2 * n ^ 2 := by
  rintro ‹m n : ?_›
  have H := Nat.dvd_gcd m n
  rw [← H, coprime_mn]
  omega
",💥️unexpected token '‹'; expected rcasesPat,False,60,MIL.C05_Elementary_Number_Theory.solutions.Solutions_S01_Irrational_Roots,Qwen-7B-long,LENGTH,best_of_n,False,0,-1.0,t1,False
-1,False,24,"theorem t1 {m n : ℕ} (coprime_mn : m.Coprime n) : m ^ 2 ≠ 2 * n ^ 2 := by
  intro sqr_eq
  have : 2 ∣ m := by
    apply even_of_even_sqr
    rw [sqr_eq]
    apply dvd_mul_right
  obtain ⟨k, meq⟩ := dvd_iff_exists_eq_mul_left.mp this
  have : 2 * (2 * k ^ 2) = 2 * n ^ 2 := by
    rw [← sqr_eq, meq]
    ring
  have : 2 * k ^ 2 = n ^ 2 :=
    (mul_right_inj' (by norm_num)).mp this
  have : 2 ∣ n := by
    apply even_of_even_sqr
    rw [← this]
    apply dvd_mul_right
  have : 2 ∣ m.gcd n := by
    apply Nat.dvd_gcd <;>
    assumption
  have : 2 ∣ 1 := by
    convert this
    symm
    exact coprime_mn
  norm_num at this

",,True,-1,"theorem t1 {m n : ℕ} (coprime_mn : m.Coprime n) : m ^ 2 ≠ 2 * n ^ 2 := by
  intro sqr_eq
  have : 2 ∣ m :=
    even_of_even_sqr (sqr_eq ▸ mul_left_mul_right.eq_mul_right) <| by rintro ⟨2 * _, h, 2 * _k, ?_⟩
  obtain ⟨k, meq⟩ := this.1
  have : 2 * (2 * k ^ 2) = 2 * n ^ 2 := by omega
  have : 2 * k ^ 2 = n ^ 2 := by
    rw [← Nat.mul_left_inj' (by norm_num), ← this]
    exact mul_left_left_inj (by rintro ⟨2 * _, h, 2 * _k, ?_⟩)
  have : 2 ∣ n := even_of_even_sqr (← this) <| coprime_mn.elim (this ▸ m.2 Beck live m.gcd n)
  have : 2 ∣ m.gcd n := by
    apply Nat.dvd_gcd <;>
    assumption
  have : 2 ∣ 1 := by
    convert this
    symm
    exact coprime_mn
  norm_num at this


","💥️unexpected token; expected '⟩'

💥️function expected at
  even_of_even_sqr ?m.1068
term has type
  2 ∣ ?m.1067

💥️unknown identifier 'mul_left_mul_right.eq_mul_right'

💥️invalid `▸` notation, the equality
  sqr_eq
has type 
  m ^ 2 = 2 * n ^ 2
but neither side of the equality is mentioned in the type
  ?m.1109

💥️unsolved goals
m n : ℕ
coprime_mn : m.Coprime n
sqr_eq : m ^ 2 = 2 * n ^ 2
this : 2 ∣ m
⊢ False",False,60,MIL.C05_Elementary_Number_Theory.solutions.Solutions_S01_Irrational_Roots,Qwen-7B-long,LENGTH,best_of_n,False,0,-1.0,t1,False
-1,False,24,"theorem t1 {m n : ℕ} (coprime_mn : m.Coprime n) : m ^ 2 ≠ 2 * n ^ 2 := by
  intro sqr_eq
  have : 2 ∣ m := by
    apply even_of_even_sqr
    rw [sqr_eq]
    apply dvd_mul_right
  obtain ⟨k, meq⟩ := dvd_iff_exists_eq_mul_left.mp this
  have : 2 * (2 * k ^ 2) = 2 * n ^ 2 := by
    rw [← sqr_eq, meq]
    ring
  have : 2 * k ^ 2 = n ^ 2 :=
    (mul_right_inj' (by norm_num)).mp this
  have : 2 ∣ n := by
    apply even_of_even_sqr
    rw [← this]
    apply dvd_mul_right
  have : 2 ∣ m.gcd n := by
    apply Nat.dvd_gcd <;>
    assumption
  have : 2 ∣ 1 := by
    convert this
    symm
    exact coprime_mn
  norm_num at this

",,True,24,"theorem t1 {m n : ℕ} (coprime_mn : m.Coprime n) : m ^ 2 ≠ 2 * n ^ 2 := by
  intro sqr_eq
  have : 2 ∣ m := by
    apply even_of_even_sqr
    rw [sqr_eq]
    apply dvd_mul_right
  obtain ⟨k, meq⟩ := dvd_iff_exists_eq_mul_left.mp this
  have : 2 * (2 * k ^ 2) = 2 * n ^ 2 := by
    rw [← sqr_eq, meq]
    ring
  have : 2 * k ^ 2 = n ^ 2 :=
    (mul_right_inj' (by norm_num)).mp this
  have : 2 ∣ n := by
    apply even_of_even_sqr
    rw [← this]
    apply dvd_mul_right
  have : 2 ∣ m.gcd n := by
    apply Nat.dvd_gcd <;>
    assumption
  have : 2 ∣ 1 := by
    convert this
    symm
    exact coprime_mn
  norm_num at this


",,True,60,MIL.C05_Elementary_Number_Theory.solutions.Solutions_S01_Irrational_Roots,Qwen-7B-long,LENGTH,best_of_n,False,0,0.0,t1,False
-1,False,24,"theorem t1 {m n : ℕ} (coprime_mn : m.Coprime n) : m ^ 2 ≠ 2 * n ^ 2 := by
  intro sqr_eq
  have : 2 ∣ m := by
    apply even_of_even_sqr
    rw [sqr_eq]
    apply dvd_mul_right
  obtain ⟨k, meq⟩ := dvd_iff_exists_eq_mul_left.mp this
  have : 2 * (2 * k ^ 2) = 2 * n ^ 2 := by
    rw [← sqr_eq, meq]
    ring
  have : 2 * k ^ 2 = n ^ 2 :=
    (mul_right_inj' (by norm_num)).mp this
  have : 2 ∣ n := by
    apply even_of_even_sqr
    rw [← this]
    apply dvd_mul_right
  have : 2 ∣ m.gcd n := by
    apply Nat.dvd_gcd <;>
    assumption
  have : 2 ∣ 1 := by
    convert this
    symm
    exact coprime_mn
  norm_num at this

",,True,-1,"theorem t1 {m n : ℕ} (coprime_mn : m.Coprime n) : m ^ 2 ≠ 2 * n ^ 2 := by
  intro sqr_eq
  have : 2 ∣ m := by
    apply even_of_even_sqr
    rw [sqr_eq]
    apply mul_dvd_mul_right
  obtain ⟨k, meq⟩ := exists_of_dvd m
  have : 2 * (2 * k ^ 2) = 2 * n ^ 2 := by
    rw [← sqr_eq, meq]
    ring
  have : 2 * k ^ 2 = n ^ 2 :=
    (mul_right_inj' (by norm_num)).mp this
  have : 2 ∣ n := by
    rw [mul_left_comm,Arrange] at this
    apply even_of_even_sqr
    apply this
  have : 2 ∣ m.gcd n := by
    simp_all [Nat.gcd_eq_left, Nat.gcd_eq_right]
  have : 2 ∣ 1 := by convert this; omega
  norm_num at this


","💥️tactic 'apply' failed, failed to unify
  ?a * ?c ∣ ?b * ?c
with
  2 ∣ 2 * n ^ 2
case h
m n : ℕ
coprime_mn : m.Coprime n
sqr_eq : m ^ 2 = 2 * n ^ 2
⊢ 2 ∣ 2 * n ^ 2

💥️unknown identifier 'exists_of_dvd'

💥️rcases tactic failed: x✝ : ?m.1200 is not an inductive datatype",False,60,MIL.C05_Elementary_Number_Theory.solutions.Solutions_S01_Irrational_Roots,Qwen-7B-long,LENGTH,best_of_n,False,0,-1.0,t1,False
-1,False,24,"theorem t1 {m n : ℕ} (coprime_mn : m.Coprime n) : m ^ 2 ≠ 2 * n ^ 2 := by
  intro sqr_eq
  have : 2 ∣ m := by
    apply even_of_even_sqr
    rw [sqr_eq]
    apply dvd_mul_right
  obtain ⟨k, meq⟩ := dvd_iff_exists_eq_mul_left.mp this
  have : 2 * (2 * k ^ 2) = 2 * n ^ 2 := by
    rw [← sqr_eq, meq]
    ring
  have : 2 * k ^ 2 = n ^ 2 :=
    (mul_right_inj' (by norm_num)).mp this
  have : 2 ∣ n := by
    apply even_of_even_sqr
    rw [← this]
    apply dvd_mul_right
  have : 2 ∣ m.gcd n := by
    apply Nat.dvd_gcd <;>
    assumption
  have : 2 ∣ 1 := by
    convert this
    symm
    exact coprime_mn
  norm_num at this

",,True,-1,"theorem t1 {m n : ℕ} (coprime_mn : m.Coprime n) : m ^ 2 ≠ 2 * n ^ 2 := by
  intro sqr_eq
  have : 2 ∣ m := by
    rw [ Nat.dvd_mul_right, coprime_mn, even_one]
    exact Nat.lt Nat.one_mul two_ne_one
  obtain ⟨k, meq⟩ := Nat.dvd_of_exists_eq_mul_left.mp this
  have : 2 * (2 * k ^ 2) = 2 * n ^ 2 := by omega
  have : 2 * k ^ 2 = n ^ 2 := by
    rw [← Nat.mul_left_eq_self, mul_assoc]
    exact Nat.mul_right_inj' half_two_pos.le <| by norm_num
  have : 2 ∣ n := by
    rw [ Nat.dvd_mul_right,← this]
    apply coprime_mn.even
  have : 2 ∣ m.gcd n := by
    exact Nat.dvd_gcd m n <;> assumption
  have : 2 ∣ 1 := by
    convert this
    symm
    exact coprime_mn
  norm_num at this


","💥️tactic 'rewrite' failed, equality or iff proof expected
  ?a ∣ ?a * ?b
m n : ℕ
coprime_mn : m.Coprime n
sqr_eq : m ^ 2 = 2 * n ^ 2
⊢ 2 ∣ m

💥️unknown constant 'Nat.dvd_of_exists_eq_mul_left.mp'

💥️rcases tactic failed: x✝ : ?m.1076 is not an inductive datatype",False,60,MIL.C05_Elementary_Number_Theory.solutions.Solutions_S01_Irrational_Roots,Qwen-7B-long,LENGTH,best_of_n,False,0,-1.0,t1,False
-1,False,24,"theorem t1 {m n : ℕ} (coprime_mn : m.Coprime n) : m ^ 2 ≠ 2 * n ^ 2 := by
  intro sqr_eq
  have : 2 ∣ m := by
    apply even_of_even_sqr
    rw [sqr_eq]
    apply dvd_mul_right
  obtain ⟨k, meq⟩ := dvd_iff_exists_eq_mul_left.mp this
  have : 2 * (2 * k ^ 2) = 2 * n ^ 2 := by
    rw [← sqr_eq, meq]
    ring
  have : 2 * k ^ 2 = n ^ 2 :=
    (mul_right_inj' (by norm_num)).mp this
  have : 2 ∣ n := by
    apply even_of_even_sqr
    rw [← this]
    apply dvd_mul_right
  have : 2 ∣ m.gcd n := by
    apply Nat.dvd_gcd <;>
    assumption
  have : 2 ∣ 1 := by
    convert this
    symm
    exact coprime_mn
  norm_num at this

",,True,-1,"theorem t1 {m n : ℕ} (coprime_mn : m.Coprime n) : m ^ 2 ≠ 2 * n ^ 2 := by
  intro
  have : 2 ∣ m := even_of_even_sqr (m ^ 2 ▸ 2 * n ^ 2)
  obtain ⟨k, meq⟩ := exists_of_dvd this
  have : 2 * (2 * k ^ 2) = 2 * n ^ 2 := by
    rw [← this, ← mul_assoc, meq]
  have : 2 * k ^ 2 = n ^ 2 := by omega
  have : 2 ∣ n := even_of_even_sqr (2 * k ^ 2 ▸ n ^ 2)
  have : 2 ∣ m.gcd n := Nat.dvd_gcd <;> assumption
  have : 2 ∣ 1 := by
    convert this
    symm
    exact coprime_mn
  norm_num at this


","💥️invalid `▸` notation, argument
  m ^ 2
has type
  ℕ
equality expected",False,60,MIL.C05_Elementary_Number_Theory.solutions.Solutions_S01_Irrational_Roots,Qwen-7B-long,LENGTH,best_of_n,False,0,-1.0,t1,False
-1,False,24,"theorem t1 {m n : ℕ} (coprime_mn : m.Coprime n) : m ^ 2 ≠ 2 * n ^ 2 := by
  intro sqr_eq
  have : 2 ∣ m := by
    apply even_of_even_sqr
    rw [sqr_eq]
    apply dvd_mul_right
  obtain ⟨k, meq⟩ := dvd_iff_exists_eq_mul_left.mp this
  have : 2 * (2 * k ^ 2) = 2 * n ^ 2 := by
    rw [← sqr_eq, meq]
    ring
  have : 2 * k ^ 2 = n ^ 2 :=
    (mul_right_inj' (by norm_num)).mp this
  have : 2 ∣ n := by
    apply even_of_even_sqr
    rw [← this]
    apply dvd_mul_right
  have : 2 ∣ m.gcd n := by
    apply Nat.dvd_gcd <;>
    assumption
  have : 2 ∣ 1 := by
    convert this
    symm
    exact coprime_mn
  norm_num at this

",,True,-1,"theorem t1 {m n : ℕ} (coprime_mn : m.Coprime n) : m ^ 2 ≠ 2 * n ^ 2 := by
  intro sqr_eq
  have : 2 ∣ m := by
    apply even_of_even_sqr
    rw [sqr_eq]
    apply Rotation.dvd_mul_right
  obtain ⟨k, meq⟩ := Nat.dvd_iff_exists_eq_mul_left.mp this
  have : 2 * (2 * k ^ 2) = 2 * n ^ 2 := by
    rw [← sqr_eq, meq]
    ring
  have : 2 * k ^ 2 = n ^ 2 := by
    rw [← Nat.mul_left_mul_right_eq_mul_right_mul_left (Nat.pos_iff_ne_zero.mp this).le]
  have : 2 ∣ n := by
    apply even_of_even_sqr
    rw [← this]
    apply Rotation.dvd_mul_right
  have : 2 ∣ m.gcd n := by
    apply Nat.dvd_gcd <;>
    assumption
  have : 2 ∣ 1 := by
    convert this
    symm
    exact coprime_mn
  norm_num at this


","💥️unknown identifier 'Rotation.dvd_mul_right'

💥️unknown constant 'Nat.dvd_iff_exists_eq_mul_left.mp'

💥️rcases tactic failed: x✝ : ?m.1092 is not an inductive datatype",False,60,MIL.C05_Elementary_Number_Theory.solutions.Solutions_S01_Irrational_Roots,Qwen-7B-long,LENGTH,best_of_n,False,0,-1.0,t1,False
-1,False,24,"theorem t1 {m n : ℕ} (coprime_mn : m.Coprime n) : m ^ 2 ≠ 2 * n ^ 2 := by
  intro sqr_eq
  have : 2 ∣ m := by
    apply even_of_even_sqr
    rw [sqr_eq]
    apply dvd_mul_right
  obtain ⟨k, meq⟩ := dvd_iff_exists_eq_mul_left.mp this
  have : 2 * (2 * k ^ 2) = 2 * n ^ 2 := by
    rw [← sqr_eq, meq]
    ring
  have : 2 * k ^ 2 = n ^ 2 :=
    (mul_right_inj' (by norm_num)).mp this
  have : 2 ∣ n := by
    apply even_of_even_sqr
    rw [← this]
    apply dvd_mul_right
  have : 2 ∣ m.gcd n := by
    apply Nat.dvd_gcd <;>
    assumption
  have : 2 ∣ 1 := by
    convert this
    symm
    exact coprime_mn
  norm_num at this

",,True,-1,"theorem t1 {m n : ℕ} (coprime_mn : m.Coprime n) : m ^ 2 ≠ 2 * n ^ 2 := by
  intro harvested
  obtain ⟨k, (ha, hm)⟩ := even_of_nonempty <| Nat.div spoonerism
  specialize hm
  rw [Nat.add_mod, Nat.mod_eq_of_lt] at hm
  omega


","💥️unexpected token ','; expected ')'",False,60,MIL.C05_Elementary_Number_Theory.solutions.Solutions_S01_Irrational_Roots,Qwen-7B-long,LENGTH,best_of_n,False,0,-1.0,t1,False
-1,False,24,"theorem t1 {m n : ℕ} (coprime_mn : m.Coprime n) : m ^ 2 ≠ 2 * n ^ 2 := by
  intro sqr_eq
  have : 2 ∣ m := by
    apply even_of_even_sqr
    rw [sqr_eq]
    apply dvd_mul_right
  obtain ⟨k, meq⟩ := dvd_iff_exists_eq_mul_left.mp this
  have : 2 * (2 * k ^ 2) = 2 * n ^ 2 := by
    rw [← sqr_eq, meq]
    ring
  have : 2 * k ^ 2 = n ^ 2 :=
    (mul_right_inj' (by norm_num)).mp this
  have : 2 ∣ n := by
    apply even_of_even_sqr
    rw [← this]
    apply dvd_mul_right
  have : 2 ∣ m.gcd n := by
    apply Nat.dvd_gcd <;>
    assumption
  have : 2 ∣ 1 := by
    convert this
    symm
    exact coprime_mn
  norm_num at this

",,True,-1,"theorem t1 {m n : ℕ} (coprime_mn : m.Coprime n) : m ^ 2 ≠ 2 * n ^ 2 := by
  intro sqr_eq
  have : 2 ∣ m :=
    even_of_even_sqr (sqr_eq ▸ mul_dvd_mul_right m) <| by simpa
  obtain ⟨k, meq⟩ := even_iff_exists_eq_mul_left.mp this
  have : 2 * (2 * k ^ 2) = 2 * n ^ 2 := by
    rw [← sqr_eq, meq]
    ring
  have : 2 * k ^ 2 = n ^ 2 := by omega
  have : 2 ∣ n := even_of_even_sqr this (coprime_mn.dvd_mul_right _)
  have : 2 ∣ m.gcd n := by
    apply Nat.dvd_gcd
    assumption
  have : 2 ∣ 1 := by
    convert this
    symm
    exact coprime_mn
  norm_num at this


","💥️function expected at
  even_of_even_sqr ?m.1068
term has type
  2 ∣ ?m.1067

💥️application type mismatch
  mul_dvd_mul_right m
argument
  m
has type
  ℕ : Type
but is expected to have type
  ?m.1429 ∣ ?m.1430 : Prop

💥️invalid `▸` notation, the equality
  sqr_eq
has type 
  m ^ 2 = 2 * n ^ 2
but neither side of the equality is mentioned in the type
  ∀ (c : ?m.1427), ?m.1429 * c ∣ ?m.1430 * c

💥️unknown identifier 'even_iff_exists_eq_mul_left.mp'

💥️rcases tactic failed: x✝ : ?m.2013 is not an inductive datatype",False,60,MIL.C05_Elementary_Number_Theory.solutions.Solutions_S01_Irrational_Roots,Qwen-7B-long,LENGTH,best_of_n,False,0,-1.0,t1,False
-1,False,24,"theorem t1 {m n : ℕ} (coprime_mn : m.Coprime n) : m ^ 2 ≠ 2 * n ^ 2 := by
  intro sqr_eq
  have : 2 ∣ m := by
    apply even_of_even_sqr
    rw [sqr_eq]
    apply dvd_mul_right
  obtain ⟨k, meq⟩ := dvd_iff_exists_eq_mul_left.mp this
  have : 2 * (2 * k ^ 2) = 2 * n ^ 2 := by
    rw [← sqr_eq, meq]
    ring
  have : 2 * k ^ 2 = n ^ 2 :=
    (mul_right_inj' (by norm_num)).mp this
  have : 2 ∣ n := by
    apply even_of_even_sqr
    rw [← this]
    apply dvd_mul_right
  have : 2 ∣ m.gcd n := by
    apply Nat.dvd_gcd <;>
    assumption
  have : 2 ∣ 1 := by
    convert this
    symm
    exact coprime_mn
  norm_num at this

",,True,-1,"theorem t1 {m n : ℕ} (coprime_mn : m.Coprime n) : m ^ 2 ≠ 2 * n ^ 2 := by
  intro sqr_eq
  have : 2 ∣ m := even_of_even_sqr (sqr_eq) $ Nat.dvd_mul_right _
  obtain ⟨k, meq⟩ := even_iff_exists_eq_mul_right.mp this
  have : 2 * (2 * k ^ 2) = 2 * n ^ 2 := by
    rw [← sqr_eq, meq]
    ring
  have : 2 * k ^ 2 = n ^ 2 :=
    (mul_right_inj' (by norm_num)).mp this
  have : 2 ∣ n := even_of_even_sqr this $ Nat.dvd_mul_right _
  have : 2 ∣ m.gcd n := by
    apply Nat.dvd_gcd <;>
    assumption
  have : 2 ∣ 1 := by omega
  exact this



","💥️function expected at
  even_of_even_sqr ?m.1090
term has type
  2 ∣ ?m.1067

💥️application type mismatch
  even_of_even_sqr sqr_eq
argument
  sqr_eq
has type
  m ^ 2 = 2 * n ^ 2 : Prop
but is expected to have type
  2 ∣ ?m.1067 ^ 2 : Prop",False,60,MIL.C05_Elementary_Number_Theory.solutions.Solutions_S01_Irrational_Roots,Qwen-7B-long,LENGTH,best_of_n,False,0,-1.0,t1,False
-1,False,24,"theorem t1 {m n : ℕ} (coprime_mn : m.Coprime n) : m ^ 2 ≠ 2 * n ^ 2 := by
  intro sqr_eq
  have : 2 ∣ m := by
    apply even_of_even_sqr
    rw [sqr_eq]
    apply dvd_mul_right
  obtain ⟨k, meq⟩ := dvd_iff_exists_eq_mul_left.mp this
  have : 2 * (2 * k ^ 2) = 2 * n ^ 2 := by
    rw [← sqr_eq, meq]
    ring
  have : 2 * k ^ 2 = n ^ 2 :=
    (mul_right_inj' (by norm_num)).mp this
  have : 2 ∣ n := by
    apply even_of_even_sqr
    rw [← this]
    apply dvd_mul_right
  have : 2 ∣ m.gcd n := by
    apply Nat.dvd_gcd <;>
    assumption
  have : 2 ∣ 1 := by
    convert this
    symm
    exact coprime_mn
  norm_num at this

",,True,-1,"lemma t1 : m * m ≠ 2 * n * n := by
  intro t
  have : 2 ∣ m := by
    rw [← t, mul_assoc]
    exact even_mul_left _
  obtain ⟨k, rfl⟩ := t
  have : 2 * (2 * k ^ 2) = 2 * n ^ 2 := by rw [t, mul_assoc]; omega
  have : 2 * k ^ 2 = n ^ 2 := by
    rw [mul_left_right_eq_self]
    exact congrArg mul_right <| Nat.dvd_assoc _ _ (this.symm)
  have : 2 ∣ n := by
    rw [← this]
    exact even_mul_left _
  have : 2 ∣ m.gcd n := by
    apply Nat.dvd_gcd <;>
    assumption
  exact Nat.dvd_gcd (coprime_mn.mt (this ▸ same))
","💥️tactic 'rewrite' failed, did not find instance of the pattern in the target expression
  2 * n * n
m n : ℕ
t : m * m = 2 * n * n
⊢ 2 ∣ m

💥️tactic 'cases' failed, nested error:
dependent elimination failed, failed to solve equation
  (2 * n).mul n = m.mul m
at case Eq.refl",False,60,MIL.C05_Elementary_Number_Theory.solutions.Solutions_S01_Irrational_Roots,Qwen-7B-long,LENGTH,best_of_n,False,0,-1.0,t1,False
-1,False,24,"theorem t1 {m n : ℕ} (coprime_mn : m.Coprime n) : m ^ 2 ≠ 2 * n ^ 2 := by
  intro sqr_eq
  have : 2 ∣ m := by
    apply even_of_even_sqr
    rw [sqr_eq]
    apply dvd_mul_right
  obtain ⟨k, meq⟩ := dvd_iff_exists_eq_mul_left.mp this
  have : 2 * (2 * k ^ 2) = 2 * n ^ 2 := by
    rw [← sqr_eq, meq]
    ring
  have : 2 * k ^ 2 = n ^ 2 :=
    (mul_right_inj' (by norm_num)).mp this
  have : 2 ∣ n := by
    apply even_of_even_sqr
    rw [← this]
    apply dvd_mul_right
  have : 2 ∣ m.gcd n := by
    apply Nat.dvd_gcd <;>
    assumption
  have : 2 ∣ 1 := by
    convert this
    symm
    exact coprime_mn
  norm_num at this

",,True,-1,"lemma t1 {m n : ℕ} (coprime_mn : m.Coprime n) : m ^ 2 ≠ 2 * n ^ 2 := by
  intro h
  have hm : 2 ∣ m := by
    rw [← Nat.dvd_mul_left, Nat.dvd_of_exists, Nat.sqr_eq_mul_self]
    exact h
  obtain ⟨k, hk⟩ := Nat.exists_dvd_of_dvd_mul_left hm m
  have hnk : 2 * (2 * k ^ 2) = 2 * n ^ 2 := by linear_combination h.symm (by simp [hk])
  have : 2 * k ^ 2 = n ^ 2 := Nat.mul_left_eq_self hnk
  have : 2 ∣ n := by
    rw [← Nat.dvd_mul_left, Nat.dvd_of_exists, Nat.sqr_eq_mul_self]
    exact this
  exact (not_dvd_of_dvd_mul_left (coprime_mn.2 <| Nat.dvd_gcd m n) <| Nat.dvd_mul_left _ _).not h


","💥️tactic 'rewrite' failed, equality or iff proof expected
  ?a ∣ ?b * ?a
m n : ℕ
coprime_mn : m.Coprime n
h : m ^ 2 = 2 * n ^ 2
⊢ 2 ∣ m

💥️unknown constant 'Nat.exists_dvd_of_dvd_mul_left'

💥️rcases tactic failed: x✝ : ?m.1076 is not an inductive datatype",False,60,MIL.C05_Elementary_Number_Theory.solutions.Solutions_S01_Irrational_Roots,Qwen-7B-long,LENGTH,best_of_n,False,0,-1.0,t1,False
-1,False,24,"theorem t1 {m n : ℕ} (coprime_mn : m.Coprime n) : m ^ 2 ≠ 2 * n ^ 2 := by
  intro sqr_eq
  have : 2 ∣ m := by
    apply even_of_even_sqr
    rw [sqr_eq]
    apply dvd_mul_right
  obtain ⟨k, meq⟩ := dvd_iff_exists_eq_mul_left.mp this
  have : 2 * (2 * k ^ 2) = 2 * n ^ 2 := by
    rw [← sqr_eq, meq]
    ring
  have : 2 * k ^ 2 = n ^ 2 :=
    (mul_right_inj' (by norm_num)).mp this
  have : 2 ∣ n := by
    apply even_of_even_sqr
    rw [← this]
    apply dvd_mul_right
  have : 2 ∣ m.gcd n := by
    apply Nat.dvd_gcd <;>
    assumption
  have : 2 ∣ 1 := by
    convert this
    symm
    exact coprime_mn
  norm_num at this

",,True,-1,"theorem t1 {m n : ℕ} (coprime_mn : m.Coprime n) : m ^ 2 ≠ 2 * n ^ 2 := by
  intro sq_eq
  have : 2 ∣ m := by
    rw [Nat.dvd_mul_right, sq_eq, even_of_even_sqr]
  obtain ⟨k, meq⟩ := exists_of_dvd this
  rw [meq, ← sq_eq]
  have : 2 * k ^ 2 = n ^ 2 := by omega
  have : 2 ∣ n := by
    rw [Nat.dvd_mul_right, this]
  have : 2 ∣ m.gcd n := by
    apply Nat.dvd_gcd <;>
    assumption
  have : 2 ∣ 1 := by omega
  exact coprime_mn


","💥️tactic 'rewrite' failed, equality or iff proof expected
  ?a ∣ ?a * ?b
m n : ℕ
coprime_mn : m.Coprime n
sq_eq : m ^ 2 = 2 * n ^ 2
⊢ 2 ∣ m

💥️unknown identifier 'exists_of_dvd'

💥️rcases tactic failed: x✝ : ?m.1076 is not an inductive datatype",False,60,MIL.C05_Elementary_Number_Theory.solutions.Solutions_S01_Irrational_Roots,Qwen-7B-long,LENGTH,best_of_n,False,0,-1.0,t1,False
-1,False,24,"theorem t1 {m n : ℕ} (coprime_mn : m.Coprime n) : m ^ 2 ≠ 2 * n ^ 2 := by
  intro sqr_eq
  have : 2 ∣ m := by
    apply even_of_even_sqr
    rw [sqr_eq]
    apply dvd_mul_right
  obtain ⟨k, meq⟩ := dvd_iff_exists_eq_mul_left.mp this
  have : 2 * (2 * k ^ 2) = 2 * n ^ 2 := by
    rw [← sqr_eq, meq]
    ring
  have : 2 * k ^ 2 = n ^ 2 :=
    (mul_right_inj' (by norm_num)).mp this
  have : 2 ∣ n := by
    apply even_of_even_sqr
    rw [← this]
    apply dvd_mul_right
  have : 2 ∣ m.gcd n := by
    apply Nat.dvd_gcd <;>
    assumption
  have : 2 ∣ 1 := by
    convert this
    symm
    exact coprime_mn
  norm_num at this

",,True,-1,"lemma t1 {m n : ℕ} (coprime_mn : m.Coprime n) : m ^ 2 ≠ 2 * n ^ 2 := by
  intro sqr_eq
  have : 2 ∣ m := by
    rw [Nat.dvd_mul_left, Nat.dvd_mul_left] at sqr_eq
    exact Nat.dvd_of_exists (this.of_le s) <| Nat.lt_pow_self one_lt_two _
  obtain ⟨k, meq⟩ := even_of_two_dvd.mp this
  have : 2 * (2 * k ^ 2) = 2 * n ^ 2 := by
    rw [← sqr_eq, meq]
    omega
  have : 2 * k ^ 2 = n ^ 2 :=
    (mul_right_inj' (by norm_num)).mp this
  have : 2 ∣ n := by
    rw [Nat.dvd_mul_left] at this
    exact Nat.dvd_of_exists (this.of_le n) <| Nat.lt_pow_self one_lt_two _
  have : 2 ∣ m.gcd n := by
    apply Nat.dvd_gcd <;>
    assumption
  have : 2 ∣ 1 := by
    convert this
    symm
    exact coprime_mn
  norm_num at this


","💥️tactic 'rewrite' failed, equality or iff proof expected
  ?a ∣ ?b * ?a
m n : ℕ
coprime_mn : m.Coprime n
sqr_eq : m ^ 2 = 2 * n ^ 2
⊢ 2 ∣ m

💥️unknown identifier 'even_of_two_dvd.mp'

💥️rcases tactic failed: x✝ : ?m.1076 is not an inductive datatype",False,60,MIL.C05_Elementary_Number_Theory.solutions.Solutions_S01_Irrational_Roots,Qwen-7B-long,LENGTH,best_of_n,False,0,-1.0,t1,False
-1,False,24,"theorem t1 {m n : ℕ} (coprime_mn : m.Coprime n) : m ^ 2 ≠ 2 * n ^ 2 := by
  intro sqr_eq
  have : 2 ∣ m := by
    apply even_of_even_sqr
    rw [sqr_eq]
    apply dvd_mul_right
  obtain ⟨k, meq⟩ := dvd_iff_exists_eq_mul_left.mp this
  have : 2 * (2 * k ^ 2) = 2 * n ^ 2 := by
    rw [← sqr_eq, meq]
    ring
  have : 2 * k ^ 2 = n ^ 2 :=
    (mul_right_inj' (by norm_num)).mp this
  have : 2 ∣ n := by
    apply even_of_even_sqr
    rw [← this]
    apply dvd_mul_right
  have : 2 ∣ m.gcd n := by
    apply Nat.dvd_gcd <;>
    assumption
  have : 2 ∣ 1 := by
    convert this
    symm
    exact coprime_mn
  norm_num at this

",,True,24,"theorem t1 {m n : ℕ} (coprime_mn : m.Coprime n) : m ^ 2 ≠ 2 * n ^ 2 := by
  intro sqr_eq
  have : 2 ∣ m := by
    apply even_of_even_sqr
    rw [sqr_eq]
    apply dvd_mul_right
  obtain ⟨k, meq⟩ := dvd_iff_exists_eq_mul_left.mp this
  have : 2 * (2 * k ^ 2) = 2 * n ^ 2 := by
    rw [← sqr_eq, meq]
    ring
  have : 2 * k ^ 2 = n ^ 2 :=
    (mul_right_inj' (by norm_num)).mp this
  have : 2 ∣ n := by
    apply even_of_even_sqr
    rw [← this]
    apply dvd_mul_right
  have : 2 ∣ m.gcd n := by
    apply Nat.dvd_gcd <;>
    assumption
  have : 2 ∣ 1 := by
    convert this
    symm
    exact coprime_mn
  norm_num at this


",,True,60,MIL.C05_Elementary_Number_Theory.solutions.Solutions_S01_Irrational_Roots,Qwen-7B-long,LENGTH,best_of_n,False,0,0.0,t1,False
-1,False,28,"theorem t2 {m n p : ℕ} (coprime_mn : m.Coprime n) (prime_p : p.Prime) : m ^ 2 ≠ p * n ^ 2 := by
  intro sqr_eq
  have : p ∣ m := by
    apply prime_p.dvd_of_dvd_pow
    rw [sqr_eq]
    apply dvd_mul_right
  obtain ⟨k, meq⟩ := dvd_iff_exists_eq_mul_left.mp this
  have : p * (p * k ^ 2) = p * n ^ 2 := by
    rw [← sqr_eq, meq]
    ring
  have : p * k ^ 2 = n ^ 2 := by
    apply (mul_right_inj' _).mp this
    exact prime_p.ne_zero
  have : p ∣ n := by
    apply prime_p.dvd_of_dvd_pow
    rw [← this]
    apply dvd_mul_right
  have : p ∣ Nat.gcd m n := by apply Nat.dvd_gcd <;> assumption
  have : p ∣ 1 := by
    convert this
    symm
    exact coprime_mn
  have : 2 ≤ 1 := by
    apply prime_p.two_le.trans
    exact Nat.le_of_dvd zero_lt_one this
  norm_num at this

",,True,-1,"theorem t2 {m n p : ℕ} (coprime_mn : m.Coprime n) (prime_p : p.Prime) : m ^ 2 ≠ p * n ^ 2 := by
  intro sqr_eq
  have : p ∣ m := by
    apply prime_p.dvd_of_dvd_pow
    rw [sqr_eq]
    apply dvd_mul_right
  obtain ⟨k, meq⟩ := dvd_iff_exists_eq_mul_left.mp this
  have : p * (p * k ^ 2) = p * n ^ 2 := by
    rw [← sqr_eq, meq]
    ring
  have : p * k ^ 2 = n ^ 2 := by
    apply (mul_right_inj' _).mp this
    exact prime_p.ne_zero
  have : p ∣ n := by
    apply prime_p.dvd_of_dvd_pow
    rw [← this]
    apply dvd_mul_right
  have : p ∣ Nat.gcd m n := by apply Nat.dvd_gcd <;> assumption
  have : p ∣ 1 := by
    convert this
    symm
    exact coprime_mn
  exact not_le_of_lt this <| by norm_num



","💥️unsolved goals
m n p : ℕ
coprime_mn : m.Coprime n
prime_p : Nat.Prime p
sqr_eq : m ^ 2 = p * n ^ 2
this✝⁴ : p ∣ m
k : ℕ
meq : m = k * p
this✝³ : p * (p * k ^ 2) = p * n ^ 2
this✝² : p * k ^ 2 = n ^ 2
this✝¹ : p ∣ n
this✝ : p ∣ m.gcd n
this : p ∣ 1
⊢ ?m.7413 ≤ ?m.7412

💥️application type mismatch
  not_le_of_lt this
argument
  this
has type
  p ∣ 1 : Prop
but is expected to have type
  ?m.7412 < ?m.7413 : Prop",False,60,MIL.C05_Elementary_Number_Theory.solutions.Solutions_S01_Irrational_Roots,Qwen-7B-long,LENGTH,best_of_n,False,0,-1.0,t2,False
-1,False,28,"theorem t2 {m n p : ℕ} (coprime_mn : m.Coprime n) (prime_p : p.Prime) : m ^ 2 ≠ p * n ^ 2 := by
  intro sqr_eq
  have : p ∣ m := by
    apply prime_p.dvd_of_dvd_pow
    rw [sqr_eq]
    apply dvd_mul_right
  obtain ⟨k, meq⟩ := dvd_iff_exists_eq_mul_left.mp this
  have : p * (p * k ^ 2) = p * n ^ 2 := by
    rw [← sqr_eq, meq]
    ring
  have : p * k ^ 2 = n ^ 2 := by
    apply (mul_right_inj' _).mp this
    exact prime_p.ne_zero
  have : p ∣ n := by
    apply prime_p.dvd_of_dvd_pow
    rw [← this]
    apply dvd_mul_right
  have : p ∣ Nat.gcd m n := by apply Nat.dvd_gcd <;> assumption
  have : p ∣ 1 := by
    convert this
    symm
    exact coprime_mn
  have : 2 ≤ 1 := by
    apply prime_p.two_le.trans
    exact Nat.le_of_dvd zero_lt_one this
  norm_num at this

",,True,-1,"theorem t2 {m n p : ℕ} (coprime_mn : m.Coprime n) (prime_p : p.Prime) : m ^ 2 ≠ p * n ^ 2 := by
  intro t
  have : p ∣ m := by
    rw [t, prime_p.dvd_pow, Nat.mul_dvd_mul_leftISON]
    exact prime_p.dvd_of_dvd_pow t rfl
  obtain ⟨k, meq⟩ := p.dvd_mul_right.mp this
  have : p * (p * k ^ 2) = p * n ^ 2 := by omega
  have : p * k ^ 2 = n ^ 2 := by
    rw [← Nat.mul_assoc, mul_left_right_eq_mul_left_iff p, mul_left_right_eq_mul_left_iff _]
    exact this
  have : p ∣ n := by
    rw [dvd_mul_left, this, mul_left_b, mul_left_something�]
    exact]
    p.dvd_of_dvd_pow (t := this) <| coprime_mn.dvd_gcd.mpr ⟨m, n⟩
  have : p ∣ Nat.gcd m n := by apply Nat.dvd_gcd <;> assumption
  have : p ∣ 1 := by
    convert this
    symm
    exact coprime_mn
  have : 2 ≤ 1 := by
    apply prime_p.two_le.trans
    exact Nat.le_of_dvd zero_lt_one this
  norm_num at this


","💥️expected token

💥️tactic 'rewrite' failed, did not find instance of the pattern in the target expression
  m ^ 2
m n p : ℕ
coprime_mn : m.Coprime n
prime_p : Nat.Prime p
t : m ^ 2 = p * n ^ 2
⊢ p ∣ m",False,60,MIL.C05_Elementary_Number_Theory.solutions.Solutions_S01_Irrational_Roots,Qwen-7B-long,LENGTH,best_of_n,False,0,-1.0,t2,False
-1,False,28,"theorem t2 {m n p : ℕ} (coprime_mn : m.Coprime n) (prime_p : p.Prime) : m ^ 2 ≠ p * n ^ 2 := by
  intro sqr_eq
  have : p ∣ m := by
    apply prime_p.dvd_of_dvd_pow
    rw [sqr_eq]
    apply dvd_mul_right
  obtain ⟨k, meq⟩ := dvd_iff_exists_eq_mul_left.mp this
  have : p * (p * k ^ 2) = p * n ^ 2 := by
    rw [← sqr_eq, meq]
    ring
  have : p * k ^ 2 = n ^ 2 := by
    apply (mul_right_inj' _).mp this
    exact prime_p.ne_zero
  have : p ∣ n := by
    apply prime_p.dvd_of_dvd_pow
    rw [← this]
    apply dvd_mul_right
  have : p ∣ Nat.gcd m n := by apply Nat.dvd_gcd <;> assumption
  have : p ∣ 1 := by
    convert this
    symm
    exact coprime_mn
  have : 2 ≤ 1 := by
    apply prime_p.two_le.trans
    exact Nat.le_of_dvd zero_lt_one this
  norm_num at this

",,True,-1,"theorem t2 {m n p : ℕ} (coprime_mn : m.Coprime n) (prime_p : p.Prime) : m ^ 2 ≠ p * n ^ 2 := by
  intro sqr_eq
  have : p ∣ m := by
    apply prime_p.dvd_of_dvd_pow
    linear_combination sqr_eq
  obtain ⟨k, meq⟩ := p.dvd_iff_exists_eq_mul_right.mp this
  have : p * (p * k ^ 2) = p * n ^ 2 := by
    rw [← sqr_eq, meq]
    ring
  have : p * k ^ 2 = n ^ 2 := by
    apply (mul_right_inj' _).mp this
    exact prime_p.ne_zero
  have : p ∣ n := by
    apply prime_p.dvd_of_dvd_pow
    rw [← this]
    apply dvd_mul_right
  have : p ∣ Nat.gcd m n := by assumption
  have : p ∣ 1 := by
    convert this
    symm
    exact coprime_mn
  rw [Nat.le_one_iff] at this
  apply prime_p.two_le.trans
  exact Nat.le_of_dvd zero_lt_one this


","💥️Not a comparison: p ∣ m ^ ?m.4623

💥️invalid field 'dvd_iff_exists_eq_mul_right', the environment does not contain 'Nat.dvd_iff_exists_eq_mul_right'
  p
has type
  ℕ

💥️rcases tactic failed: x✝ : ?m.4633 is not an inductive datatype",False,60,MIL.C05_Elementary_Number_Theory.solutions.Solutions_S01_Irrational_Roots,Qwen-7B-long,LENGTH,best_of_n,False,0,-1.0,t2,False
-1,False,28,"theorem t2 {m n p : ℕ} (coprime_mn : m.Coprime n) (prime_p : p.Prime) : m ^ 2 ≠ p * n ^ 2 := by
  intro sqr_eq
  have : p ∣ m := by
    apply prime_p.dvd_of_dvd_pow
    rw [sqr_eq]
    apply dvd_mul_right
  obtain ⟨k, meq⟩ := dvd_iff_exists_eq_mul_left.mp this
  have : p * (p * k ^ 2) = p * n ^ 2 := by
    rw [← sqr_eq, meq]
    ring
  have : p * k ^ 2 = n ^ 2 := by
    apply (mul_right_inj' _).mp this
    exact prime_p.ne_zero
  have : p ∣ n := by
    apply prime_p.dvd_of_dvd_pow
    rw [← this]
    apply dvd_mul_right
  have : p ∣ Nat.gcd m n := by apply Nat.dvd_gcd <;> assumption
  have : p ∣ 1 := by
    convert this
    symm
    exact coprime_mn
  have : 2 ≤ 1 := by
    apply prime_p.two_le.trans
    exact Nat.le_of_dvd zero_lt_one this
  norm_num at this

",,True,-1,"theorem t2 {m n p : ℕ} (coprime_mn : m.Coprime n) (prime_p : p.Prime) : m ^ 2 ≠ p * n ^ 2 := by
  intro sqr_eq
  have : p ∣ m := by
    apply prime_p.dvd_of_dvd_pow
    rw [sqr_eq]
    apply mul_dvd_mul_right
  obtain ⟨k, meq⟩ := eq_mul_left_of_dvd this
  have : p * (p * k ^ 2) = p * n ^ 2 := by
    rw [← sqr_eq, meq]
    ring
  have : p * k ^ 2 = n ^ 2 := by
    apply (mul_right_inj' _).mp this
    exact prime_p.ne_zero
  have : p ∣ n := by
    apply prime_p.dvd_of_dvd_pow
    rw [← this]
    apply mul_dvd_mul_right
  have : p ∣ Nat.gcd m n := by apply Nat.dvd_gcd <;> assumption
  have : p ∣ 1 := by
    convert this
    symm
    exact coprime_mn
  have : 2 ≤ 1 := by
    apply prime_p.two_le.trans
    exact Nat.le_of_dvd zero_lt_one this
  norm_num at this


","💥️tactic 'apply' failed, failed to unify
  ?a * ?c ∣ ?b * ?c
with
  p ∣ p * n ^ 2
m n p : ℕ
coprime_mn : m.Coprime n
prime_p : Nat.Prime p
sqr_eq : m ^ 2 = p * n ^ 2
⊢ p ∣ p * n ^ 2

💥️unknown identifier 'eq_mul_left_of_dvd'

💥️rcases tactic failed: x✝ : ?m.4756 is not an inductive datatype",False,60,MIL.C05_Elementary_Number_Theory.solutions.Solutions_S01_Irrational_Roots,Qwen-7B-long,LENGTH,best_of_n,False,0,-1.0,t2,False
-1,False,28,"theorem t2 {m n p : ℕ} (coprime_mn : m.Coprime n) (prime_p : p.Prime) : m ^ 2 ≠ p * n ^ 2 := by
  intro sqr_eq
  have : p ∣ m := by
    apply prime_p.dvd_of_dvd_pow
    rw [sqr_eq]
    apply dvd_mul_right
  obtain ⟨k, meq⟩ := dvd_iff_exists_eq_mul_left.mp this
  have : p * (p * k ^ 2) = p * n ^ 2 := by
    rw [← sqr_eq, meq]
    ring
  have : p * k ^ 2 = n ^ 2 := by
    apply (mul_right_inj' _).mp this
    exact prime_p.ne_zero
  have : p ∣ n := by
    apply prime_p.dvd_of_dvd_pow
    rw [← this]
    apply dvd_mul_right
  have : p ∣ Nat.gcd m n := by apply Nat.dvd_gcd <;> assumption
  have : p ∣ 1 := by
    convert this
    symm
    exact coprime_mn
  have : 2 ≤ 1 := by
    apply prime_p.two_le.trans
    exact Nat.le_of_dvd zero_lt_one this
  norm_num at this

",,True,-1,"theorem t2 {m n p : ℕ} (coprime_mn : m.Coprime n) (prime_p : p.Prime) : m ^ 2 ≠ p * n ^ 2 := by
  intro sqr_eq
  have : p ∣ m := by
    apply prime_p.dvd_of_dvd_pow
    rw [sqr_eq]
    apply dvd_mul_right
  obtain ⟨k, meq⟩ := dvd_iff_exists_eq_mul_left.mp this
  have : p * (p * k ^ 2) = p * n ^ 2 := by
    rw [← sqr_eq, meq]
    ring
  have : p * k ^ 2 = n ^ 2 := by
    apply (mul_right_inj' _).mp this
    exact prime_p.ne_zero
  have : p ∣ n := by
    apply prime_p.dvd_of_dvd_pow
    rw [← this]
    apply dvd_mul_right
  have : p ∣ Nat.gcd m n := by apply Nat.dvd_gcd <;> assumption
  have : p ∣ 1 := by
    convert this
    symm
    exact coprime_mn
  exact this ▸ (prime_p.two_le.trans (Nat.le_of_dvd zero_lt_one this)).le


","💥️invalid `▸` notation, argument
  this
has type
  p ∣ 1
equality expected",False,60,MIL.C05_Elementary_Number_Theory.solutions.Solutions_S01_Irrational_Roots,Qwen-7B-long,LENGTH,best_of_n,False,0,-1.0,t2,False
-1,False,28,"theorem t2 {m n p : ℕ} (coprime_mn : m.Coprime n) (prime_p : p.Prime) : m ^ 2 ≠ p * n ^ 2 := by
  intro sqr_eq
  have : p ∣ m := by
    apply prime_p.dvd_of_dvd_pow
    rw [sqr_eq]
    apply dvd_mul_right
  obtain ⟨k, meq⟩ := dvd_iff_exists_eq_mul_left.mp this
  have : p * (p * k ^ 2) = p * n ^ 2 := by
    rw [← sqr_eq, meq]
    ring
  have : p * k ^ 2 = n ^ 2 := by
    apply (mul_right_inj' _).mp this
    exact prime_p.ne_zero
  have : p ∣ n := by
    apply prime_p.dvd_of_dvd_pow
    rw [← this]
    apply dvd_mul_right
  have : p ∣ Nat.gcd m n := by apply Nat.dvd_gcd <;> assumption
  have : p ∣ 1 := by
    convert this
    symm
    exact coprime_mn
  have : 2 ≤ 1 := by
    apply prime_p.two_le.trans
    exact Nat.le_of_dvd zero_lt_one this
  norm_num at this

",,True,-1,"theorem t2 {m n p : ℕ} (coprime_mn : m.Coprime n) (prime_p : p.Prime) : m ^ 2 ≠ p * n ^ 2 := by
  intro sqr_eq
  have : p ∣ m := by
    apply prime_p.dvd_of_dvd_pow
    rw [sqr_eq]
    exact mul_dvd_mul_right _ _
  obtain ⟨k, meq⟩ := (this: p ∣ m).exists_of_dvd_mul_left
  have : p * (p * k ^ 2) = p * n ^ 2 := by
    rw [← sqr_eq, meq]
    ring
  have : p * k ^ 2 = n ^ 2 := by
    apply (mul_right_inj' _).mp this
    exact prime_p.ne_zero
  have : p ∣ n := by
    apply prime_p.dvd_of_dvd_pow
    rw [← this]
    apply mul_dvd_mul_right
  have : p ∣ Nat.gcd m n := by apply Nat.dvd_gcd <;> assumption
  have : p ∣ 1 := by
    convert this
    symm
    exact coprime_mn
  have : 2 ≤ 1 := by
    apply prime_p.two_le.trans
    exact Nat.le_of_dvd zero_lt_one this
  norm_num at this


","💥️typeclass instance problem is stuck, it is often due to metavariables
  CommMonoid ?m.4646

💥️invalid field 'exists_of_dvd_mul_left', the environment does not contain 'Dvd.dvd.exists_of_dvd_mul_left'
  this
has type
  p ∣ m

💥️invalid field 'exists_of_dvd_mul_left', the environment does not contain 'Exists.exists_of_dvd_mul_left'
  this
has type
  ∃ c, m = p * c

💥️rcases tactic failed: x✝ : ?m.5094 is not an inductive datatype",False,60,MIL.C05_Elementary_Number_Theory.solutions.Solutions_S01_Irrational_Roots,Qwen-7B-long,LENGTH,best_of_n,False,0,-1.0,t2,False
-1,False,28,"theorem t2 {m n p : ℕ} (coprime_mn : m.Coprime n) (prime_p : p.Prime) : m ^ 2 ≠ p * n ^ 2 := by
  intro sqr_eq
  have : p ∣ m := by
    apply prime_p.dvd_of_dvd_pow
    rw [sqr_eq]
    apply dvd_mul_right
  obtain ⟨k, meq⟩ := dvd_iff_exists_eq_mul_left.mp this
  have : p * (p * k ^ 2) = p * n ^ 2 := by
    rw [← sqr_eq, meq]
    ring
  have : p * k ^ 2 = n ^ 2 := by
    apply (mul_right_inj' _).mp this
    exact prime_p.ne_zero
  have : p ∣ n := by
    apply prime_p.dvd_of_dvd_pow
    rw [← this]
    apply dvd_mul_right
  have : p ∣ Nat.gcd m n := by apply Nat.dvd_gcd <;> assumption
  have : p ∣ 1 := by
    convert this
    symm
    exact coprime_mn
  have : 2 ≤ 1 := by
    apply prime_p.two_le.trans
    exact Nat.le_of_dvd zero_lt_one this
  norm_num at this

",,True,-1,"theorem t2 {m n p : ℕ} (coprime_mn : m.Coprime n) (prime_p : p.Prime) : m ^ 2 ≠ p * n ^ 2 := by
  intro sqr_eq
  have : p ∣ m := by
    apply prime_p.dvd_of_dvd_pow
    rw [sqr_eq]
    apply dvd_mul_right
  obtain ⟨k, meq⟩ := this.exists_left_factor
  have : p * (p * k ^ 2) = p * n * n := by
    rw [← sqr_eq, meq, mul_assoc, mul_left_eq_self]
  have : p * k ^ 2 = n * n := by
    apply Nat.mul_right_left [(MulLeft.inducingPrime' p).in weakness]
    exact this
  have : p ∣ n := by
    gcongr
    exact Nat.dvd_mul_right ..
  have : p ∣ Nat.gcd m n := by gcongr <;> assumption
  have : p ∣ 1 := by
    convert this
    symm
    exact coprime_mn.gcd_eq_one
  have : 2 ≤ 1 := by
    apply prime_p.two_le.trans
    exact Nat.le_of_dvd zero_lt_one this
  norm_num at this


","💥️invalid field 'exists_left_factor', the environment does not contain 'Dvd.dvd.exists_left_factor'
  this
has type
  p ∣ m

💥️invalid field 'exists_left_factor', the environment does not contain 'Exists.exists_left_factor'
  this
has type
  ∃ c, m = p * c

💥️rcases tactic failed: x✝ : ?m.4692 is not an inductive datatype",False,60,MIL.C05_Elementary_Number_Theory.solutions.Solutions_S01_Irrational_Roots,Qwen-7B-long,LENGTH,best_of_n,False,0,-1.0,t2,False
-1,False,28,"theorem t2 {m n p : ℕ} (coprime_mn : m.Coprime n) (prime_p : p.Prime) : m ^ 2 ≠ p * n ^ 2 := by
  intro sqr_eq
  have : p ∣ m := by
    apply prime_p.dvd_of_dvd_pow
    rw [sqr_eq]
    apply dvd_mul_right
  obtain ⟨k, meq⟩ := dvd_iff_exists_eq_mul_left.mp this
  have : p * (p * k ^ 2) = p * n ^ 2 := by
    rw [← sqr_eq, meq]
    ring
  have : p * k ^ 2 = n ^ 2 := by
    apply (mul_right_inj' _).mp this
    exact prime_p.ne_zero
  have : p ∣ n := by
    apply prime_p.dvd_of_dvd_pow
    rw [← this]
    apply dvd_mul_right
  have : p ∣ Nat.gcd m n := by apply Nat.dvd_gcd <;> assumption
  have : p ∣ 1 := by
    convert this
    symm
    exact coprime_mn
  have : 2 ≤ 1 := by
    apply prime_p.two_le.trans
    exact Nat.le_of_dvd zero_lt_one this
  norm_num at this

",,True,-1,"theorem t2 {m n p : ℕ} (coprime_mn : m.Coprime n) (prime_p : p.Prime) : m ^ 2 ≠ p * n ^ 2 := by
  intro sqr_eq
  have : p ∣ m := by
    apply prime_p.dvd_of_dvd_pow
    rw [sqr_eq]
    apply dvd_mul_right
  obtain ⟨k, meq⟩ := dvd_iff_exists_eq_mul_left.mp this
  have : p * (p * k ^ 2) = p * n ^ 2 := by
    rw [← sqr_eq, meq, mul_assoc]
  have : p * k ^ 2 = n ^ 2 := by
    apply (mul_right_inj' _).mp this
    exact prime_p.ne_zero
  have : p ∣ n := by
    apply prime_p.dvd_of_dvd_pow
    rw [← this]
    apply dvd_mul_right
  have : p ∣ Nat.gcd m n := by apply Nat.dvd_gcd <;> assumption
  have : p ∣ 1 := by
    convert this
    symm
    exact coprime_mn
  have : 2 ≤ 1 := by
    apply prime_p.two_le.trans
    exact Nat.le_of_dvd this zero_lt_one
  norm_num at this

","💥️tactic 'rewrite' failed, did not find instance of the pattern in the target expression
  ?a * ?b * ?c
m n p : ℕ
coprime_mn : m.Coprime n
prime_p : Nat.Prime p
sqr_eq : m ^ 2 = p * n ^ 2
this : p ∣ m
k : ℕ
meq : m = k * p
⊢ p * (p * k ^ 2) = (k * p) ^ 2

💥️application type mismatch
  Nat.le_of_dvd this
argument
  this
has type
  p ∣ 1 : Prop
but is expected to have type
  0 < 1 : Prop",False,60,MIL.C05_Elementary_Number_Theory.solutions.Solutions_S01_Irrational_Roots,Qwen-7B-long,LENGTH,best_of_n,False,0,-1.0,t2,False
-1,False,28,"theorem t2 {m n p : ℕ} (coprime_mn : m.Coprime n) (prime_p : p.Prime) : m ^ 2 ≠ p * n ^ 2 := by
  intro sqr_eq
  have : p ∣ m := by
    apply prime_p.dvd_of_dvd_pow
    rw [sqr_eq]
    apply dvd_mul_right
  obtain ⟨k, meq⟩ := dvd_iff_exists_eq_mul_left.mp this
  have : p * (p * k ^ 2) = p * n ^ 2 := by
    rw [← sqr_eq, meq]
    ring
  have : p * k ^ 2 = n ^ 2 := by
    apply (mul_right_inj' _).mp this
    exact prime_p.ne_zero
  have : p ∣ n := by
    apply prime_p.dvd_of_dvd_pow
    rw [← this]
    apply dvd_mul_right
  have : p ∣ Nat.gcd m n := by apply Nat.dvd_gcd <;> assumption
  have : p ∣ 1 := by
    convert this
    symm
    exact coprime_mn
  have : 2 ≤ 1 := by
    apply prime_p.two_le.trans
    exact Nat.le_of_dvd zero_lt_one this
  norm_num at this

",,True,-1,"theorem t2 {m n p : ℕ} (coprime_mn : m.Coprime n) (prime_p : p.Prime) : m ^ 2 ≠ p * n ^ 2 := by
  intro sqr_eq
  have : p ∣ m := by
    apply prime_p.dvd_of_dvd_pow
    rw [sqr_eq]
    apply dvd_mul_right
  obtain ⟨k, meq⟩ := dvd_iff_exists_eq_mul_left.mp this
  have : p * (p * k ^ 2) = p * n ^ 2 := by
    rw [← sqr_eq, meq]
    ring
  have : p * k ^ 2 = n ^ 2 := by
    apply (mul_right_inj' _).mp this
    exact prime_p.ne_zero
  have : p ∣ n := by
    apply prime_p.dvd_of_dvd_pow
    rw [← this]
    apply dvd_mul_right
  have : p ∣ Nat.gcd m n := by assumption
  have : p ∣ 1 := by
    rw [this, coprime_mn.gcd_eq_one]
  exact Nat.dvd_mul_right p.one_le
","💥️tactic 'assumption' failed
m n p : ℕ
coprime_mn : m.Coprime n
prime_p : Nat.Prime p
sqr_eq : m ^ 2 = p * n ^ 2
this✝² : p ∣ m
k : ℕ
meq : m = k * p
this✝¹ : p * (p * k ^ 2) = p * n ^ 2
this✝ : p * k ^ 2 = n ^ 2
this : p ∣ n
⊢ p ∣ m.gcd n

💥️tactic 'rewrite' failed, equality or iff proof expected
  p ∣ m.gcd n
m n p : ℕ
coprime_mn : m.Coprime n
prime_p : Nat.Prime p
sqr_eq : m ^ 2 = p * n ^ 2
this✝³ : p ∣ m
k : ℕ
meq : m = k * p
this✝² : p * (p * k ^ 2) = p * n ^ 2
this✝¹ : p * k ^ 2 = n ^ 2
this✝ : p ∣ n
this : p ∣ m.gcd n
⊢ p ∣ 1

💥️invalid field 'one_le', the environment does not contain 'Nat.one_le'
  p
has type
  ℕ",False,60,MIL.C05_Elementary_Number_Theory.solutions.Solutions_S01_Irrational_Roots,Qwen-7B-long,LENGTH,best_of_n,False,0,-1.0,t2,False
-1,False,28,"theorem t2 {m n p : ℕ} (coprime_mn : m.Coprime n) (prime_p : p.Prime) : m ^ 2 ≠ p * n ^ 2 := by
  intro sqr_eq
  have : p ∣ m := by
    apply prime_p.dvd_of_dvd_pow
    rw [sqr_eq]
    apply dvd_mul_right
  obtain ⟨k, meq⟩ := dvd_iff_exists_eq_mul_left.mp this
  have : p * (p * k ^ 2) = p * n ^ 2 := by
    rw [← sqr_eq, meq]
    ring
  have : p * k ^ 2 = n ^ 2 := by
    apply (mul_right_inj' _).mp this
    exact prime_p.ne_zero
  have : p ∣ n := by
    apply prime_p.dvd_of_dvd_pow
    rw [← this]
    apply dvd_mul_right
  have : p ∣ Nat.gcd m n := by apply Nat.dvd_gcd <;> assumption
  have : p ∣ 1 := by
    convert this
    symm
    exact coprime_mn
  have : 2 ≤ 1 := by
    apply prime_p.two_le.trans
    exact Nat.le_of_dvd zero_lt_one this
  norm_num at this

",,True,-1,"theorem t2 {m n p : ℕ} (coprime_mn : m.Coprime n) (prime_p : p.Prime) : m ^ 2 ≠ p * n ^ 2 := by
  intro sqr_eq
  have : p ∣ m := by
    apply prime_p.dvd_of_dvd_pow
    rw [sqr_eq]
    apply dvd_mul_right
  obtain ⟨k, meq⟩ := dvd_iff_exists_eq_mul_left.mp this
  have : p * (p * k ^ 2) = p * n ^ 2 := by
    rw [← sqr_eq, meq]
    ring
  have : p * k ^ 2 = n ^ 2 := by
    rw [left_mem, ← this, mul_left]
    exact Nat.even_one_and_two_le_of_dvd one_lt_two_prime_p
  have : p ∣ n := by
    apply prime_p.dvd_of_dvd_pow
    rw [← this]
    apply dvd_mul_right
  have : p ∣ Nat.gcd m n := by apply Nat.dvd_gcd <;> assumption
  have : p ∣ 1 := by
    convert this
    symm
    exact coprime_mn
  exact this.not_le (prime_p.one_lt)
","💥️unknown identifier 'left_mem'

💥️tactic 'rewrite' failed, equality or iff proof expected
  ?m.6089
m n p : ℕ
coprime_mn : m.Coprime n
prime_p : Nat.Prime p
sqr_eq : m ^ 2 = p * n ^ 2
this✝ : p ∣ m
k : ℕ
meq : m = k * p
this : p * (p * k ^ 2) = p * n ^ 2
⊢ p * k ^ 2 = n ^ 2

💥️invalid field 'not_le', the environment does not contain 'Dvd.dvd.not_le'
  this
has type
  p ∣ 1

💥️invalid field 'not_le', the environment does not contain 'Exists.not_le'
  this
has type
  ∃ c, 1 = p * c",False,60,MIL.C05_Elementary_Number_Theory.solutions.Solutions_S01_Irrational_Roots,Qwen-7B-long,LENGTH,best_of_n,False,0,-1.0,t2,False
-1,False,28,"theorem t2 {m n p : ℕ} (coprime_mn : m.Coprime n) (prime_p : p.Prime) : m ^ 2 ≠ p * n ^ 2 := by
  intro sqr_eq
  have : p ∣ m := by
    apply prime_p.dvd_of_dvd_pow
    rw [sqr_eq]
    apply dvd_mul_right
  obtain ⟨k, meq⟩ := dvd_iff_exists_eq_mul_left.mp this
  have : p * (p * k ^ 2) = p * n ^ 2 := by
    rw [← sqr_eq, meq]
    ring
  have : p * k ^ 2 = n ^ 2 := by
    apply (mul_right_inj' _).mp this
    exact prime_p.ne_zero
  have : p ∣ n := by
    apply prime_p.dvd_of_dvd_pow
    rw [← this]
    apply dvd_mul_right
  have : p ∣ Nat.gcd m n := by apply Nat.dvd_gcd <;> assumption
  have : p ∣ 1 := by
    convert this
    symm
    exact coprime_mn
  have : 2 ≤ 1 := by
    apply prime_p.two_le.trans
    exact Nat.le_of_dvd zero_lt_one this
  norm_num at this

",,True,28,"theorem t2 {m n p : ℕ} (coprime_mn : m.Coprime n) (prime_p : p.Prime) : m ^ 2 ≠ p * n ^ 2 := by
  intro sqr_eq
  have : p ∣ m := by
    apply prime_p.dvd_of_dvd_pow
    rw [sqr_eq]
    apply dvd_mul_right
  obtain ⟨k, meq⟩ := dvd_iff_exists_eq_mul_left.mp this
  have : p * (p * k ^ 2) = p * n ^ 2 := by
    rw [← sqr_eq, meq]
    ring
  have : p * k ^ 2 = n ^ 2 := by
    apply (mul_right_inj' _).mp this
    exact prime_p.ne_zero
  have : p ∣ n := by
    apply prime_p.dvd_of_dvd_pow
    rw [← this]
    apply dvd_mul_right
  have : p ∣ Nat.gcd m n := by apply Nat.dvd_gcd <;> assumption
  have : p ∣ 1 := by
    convert this
    symm
    exact coprime_mn
  have : 2 ≤ 1 := by
    apply prime_p.two_le.trans
    exact Nat.le_of_dvd zero_lt_one this
  norm_num at this


",,True,60,MIL.C05_Elementary_Number_Theory.solutions.Solutions_S01_Irrational_Roots,Qwen-7B-long,LENGTH,best_of_n,False,0,0.0,t2,False
-1,False,28,"theorem t2 {m n p : ℕ} (coprime_mn : m.Coprime n) (prime_p : p.Prime) : m ^ 2 ≠ p * n ^ 2 := by
  intro sqr_eq
  have : p ∣ m := by
    apply prime_p.dvd_of_dvd_pow
    rw [sqr_eq]
    apply dvd_mul_right
  obtain ⟨k, meq⟩ := dvd_iff_exists_eq_mul_left.mp this
  have : p * (p * k ^ 2) = p * n ^ 2 := by
    rw [← sqr_eq, meq]
    ring
  have : p * k ^ 2 = n ^ 2 := by
    apply (mul_right_inj' _).mp this
    exact prime_p.ne_zero
  have : p ∣ n := by
    apply prime_p.dvd_of_dvd_pow
    rw [← this]
    apply dvd_mul_right
  have : p ∣ Nat.gcd m n := by apply Nat.dvd_gcd <;> assumption
  have : p ∣ 1 := by
    convert this
    symm
    exact coprime_mn
  have : 2 ≤ 1 := by
    apply prime_p.two_le.trans
    exact Nat.le_of_dvd zero_lt_one this
  norm_num at this

",,True,-1,"theorem t2 {m n p : ℕ} (coprime_mn : m.Coprime n) (prime_p : p.Prime) : m ^ 2 ≠ p * n ^ 2 := by
  intro sqr_eq
  obtain ⟨k, meq⟩ : p ∣ m := (prime_p.dvd_of_dvd_pow (sqr_eq)).dvd_mul_right
  have : p * (p * k ^ 2) = p * n ^ 2 := by
    rw [← sqr_eq, meq]
    ring
  have : p * k ^ 2 = n ^ 2 := by
    apply (mul_right_inj' _).mp this
    exact prime_p.ne_zero
  have : p ∣ n := by
    apply prime_p.dvd_of_dvd_pow (this.symm)
    exact mul_right_dvd_mul_left _ _
  have : p ∣ Nat.gcd m n := by apply Nat.dvd_gcd <;> assumption
  have : p ∣ 1 := by
    convert this
    symm
    exact coprime_mn
  exact Nat.lt_of_dvd zero_lt_one this


","💥️invalid field 'dvd_mul_right', the environment does not contain 'Dvd.dvd.dvd_mul_right'
  Nat.Prime.dvd_of_dvd_pow prime_p ?m.4644
has type
  p ∣ ?m.4619

💥️invalid field 'dvd_mul_right', the environment does not contain 'Exists.dvd_mul_right'
  Nat.Prime.dvd_of_dvd_pow prime_p ?m.4644
has type
  ∃ c, ?m.4619 = p * c

💥️application type mismatch
  Nat.Prime.dvd_of_dvd_pow prime_p sqr_eq
argument
  sqr_eq
has type
  m ^ 2 = p * n ^ 2 : Prop
but is expected to have type
  p ∣ ?m.4619 ^ ?m.4620 : Prop",False,60,MIL.C05_Elementary_Number_Theory.solutions.Solutions_S01_Irrational_Roots,Qwen-7B-long,LENGTH,best_of_n,False,0,-1.0,t2,False
-1,False,28,"theorem t2 {m n p : ℕ} (coprime_mn : m.Coprime n) (prime_p : p.Prime) : m ^ 2 ≠ p * n ^ 2 := by
  intro sqr_eq
  have : p ∣ m := by
    apply prime_p.dvd_of_dvd_pow
    rw [sqr_eq]
    apply dvd_mul_right
  obtain ⟨k, meq⟩ := dvd_iff_exists_eq_mul_left.mp this
  have : p * (p * k ^ 2) = p * n ^ 2 := by
    rw [← sqr_eq, meq]
    ring
  have : p * k ^ 2 = n ^ 2 := by
    apply (mul_right_inj' _).mp this
    exact prime_p.ne_zero
  have : p ∣ n := by
    apply prime_p.dvd_of_dvd_pow
    rw [← this]
    apply dvd_mul_right
  have : p ∣ Nat.gcd m n := by apply Nat.dvd_gcd <;> assumption
  have : p ∣ 1 := by
    convert this
    symm
    exact coprime_mn
  have : 2 ≤ 1 := by
    apply prime_p.two_le.trans
    exact Nat.le_of_dvd zero_lt_one this
  norm_num at this

",,True,-1,"theorem t2 {m n p : ℕ} (coprime_mn : m.Coprime n) (prime_p : p.Prime) : m ^ 2 ≠ p * n ^ 2 := by
  intro s
  have : p ∣ m := by
    apply prime_p.dvd_of_dvd_pow
    rw [s]
    apply dvd_mul_right
  obtain ⟨k, meq⟩ := p.dvd_iff_exists_eq_mul_left.mp this
  have : p * (p * k ^ 2) = p * n ^ 2 := by
    rw [← s, meq]
    ring
  have : p * k ^ 2 = n ^ 2 := by
    apply (mul_right_inj' _).mp this
    exact prime_p.ne_zero
  have : p ∣ n := by
    apply prime_p.dvd_of_dvd_pow
    rw [← this]
    apply dvd_mul_right
  have : p ∣ Nat.gcd m n := by
    exact Nat.dvd_gcd <;> assumption
  have : p ∣ 1 := by
    convert this
    symm
    exact coprime_mn.gcd_eq_one
  exact not_le_of_lt this (prime_p.two_le.trans <| Nat.le_of_dvd zero_lt_one this)



","💥️invalid field 'dvd_iff_exists_eq_mul_left', the environment does not contain 'Nat.dvd_iff_exists_eq_mul_left'
  p
has type
  ℕ

💥️rcases tactic failed: x✝ : ?m.4692 is not an inductive datatype",False,60,MIL.C05_Elementary_Number_Theory.solutions.Solutions_S01_Irrational_Roots,Qwen-7B-long,LENGTH,best_of_n,False,0,-1.0,t2,False
-1,False,28,"theorem t2 {m n p : ℕ} (coprime_mn : m.Coprime n) (prime_p : p.Prime) : m ^ 2 ≠ p * n ^ 2 := by
  intro sqr_eq
  have : p ∣ m := by
    apply prime_p.dvd_of_dvd_pow
    rw [sqr_eq]
    apply dvd_mul_right
  obtain ⟨k, meq⟩ := dvd_iff_exists_eq_mul_left.mp this
  have : p * (p * k ^ 2) = p * n ^ 2 := by
    rw [← sqr_eq, meq]
    ring
  have : p * k ^ 2 = n ^ 2 := by
    apply (mul_right_inj' _).mp this
    exact prime_p.ne_zero
  have : p ∣ n := by
    apply prime_p.dvd_of_dvd_pow
    rw [← this]
    apply dvd_mul_right
  have : p ∣ Nat.gcd m n := by apply Nat.dvd_gcd <;> assumption
  have : p ∣ 1 := by
    convert this
    symm
    exact coprime_mn
  have : 2 ≤ 1 := by
    apply prime_p.two_le.trans
    exact Nat.le_of_dvd zero_lt_one this
  norm_num at this

",,True,-1,"theorem t2 {m n p : ℕ} (coprime_mn : m.Coprime n) (prime_p : p.Prime) : m ^ 2 ≠ p * n ^ 2 := by
  intro squared_eq
  have : p ∣ m := by
    apply prime_p.dvd_of_dvd_pow
    rw [squared_eq]
    apply dvd_mul_right
  obtain ⟨k, meq⟩ := p.dvd_iff_eq_mul_left.mp this
  have : p * (p * k ^ 2) = p * n ^ 2 := by
    rw [← squared_eq, meq]
    ring
  have : p * k ^ 2 = n ^ 2 := by
    apply (mul_right_inj' _).mp this
    exact prime_p.ne_zero
  have : p ∣ n := by
    apply prime_p.dvd_of_dvd_pow
    rw [← this]
    apply dvd_mul_right
  rw [Nat.gcd_eq_one_iff] at coprime_mn
  have : p ∣ Nat.gcd m n := by Nat.dvd_gcd <;> assumption
  have : p ∣ 1 := by
    rw [this]
    symm
    exact coprime_mn
  have : 2 ≤ 1 := by
    apply prime_p.two_le.trans
    exact Nat.le_of_dvd zero_lt_one this
  norm_num at this


",💥️unknown tactic,False,60,MIL.C05_Elementary_Number_Theory.solutions.Solutions_S01_Irrational_Roots,Qwen-7B-long,LENGTH,best_of_n,False,0,-1.0,t2,False
-1,False,28,"theorem t2 {m n p : ℕ} (coprime_mn : m.Coprime n) (prime_p : p.Prime) : m ^ 2 ≠ p * n ^ 2 := by
  intro sqr_eq
  have : p ∣ m := by
    apply prime_p.dvd_of_dvd_pow
    rw [sqr_eq]
    apply dvd_mul_right
  obtain ⟨k, meq⟩ := dvd_iff_exists_eq_mul_left.mp this
  have : p * (p * k ^ 2) = p * n ^ 2 := by
    rw [← sqr_eq, meq]
    ring
  have : p * k ^ 2 = n ^ 2 := by
    apply (mul_right_inj' _).mp this
    exact prime_p.ne_zero
  have : p ∣ n := by
    apply prime_p.dvd_of_dvd_pow
    rw [← this]
    apply dvd_mul_right
  have : p ∣ Nat.gcd m n := by apply Nat.dvd_gcd <;> assumption
  have : p ∣ 1 := by
    convert this
    symm
    exact coprime_mn
  have : 2 ≤ 1 := by
    apply prime_p.two_le.trans
    exact Nat.le_of_dvd zero_lt_one this
  norm_num at this

",,True,0,"/-!
### t2

A variant of Fermat's Last Theorem for exponent 2 with an added condition that `p` is prime.

**Theorem Statement**:
Let `m`, `n` be natural numbers. If `m` and `n` are coprime and there is a prime `p` such that `p` divides `m^2 + n^2`, then `m^2 + n^2 ≠ p`.
-/
theorem t2 {m n p : ℕ} (hcmn : m.Coprime n) (hp : p.Prime) : m ^ 2 + n ^ 2 ≠ p * _ := by
  intro sq_eq
  have : p ∣ m := by
    apply hp.dvd_of_dvd_pow
    rw [sq_eq]
    applyörü d
  obtain ⟨k, meq⟩ := (p ∣ m).exists_of_dvd
  have : p * _ = m ^ 2 + n ^ 2 := by,więc
  rw [← sq_eq, meq, add_right_eq_self, mul_left_eq_self]
  exact hcmn.eq one
",,True,60,MIL.C05_Elementary_Number_Theory.solutions.Solutions_S01_Irrational_Roots,Qwen-7B-long,LENGTH,best_of_n,False,0,1.0,t2,False
-1,False,28,"theorem t2 {m n p : ℕ} (coprime_mn : m.Coprime n) (prime_p : p.Prime) : m ^ 2 ≠ p * n ^ 2 := by
  intro sqr_eq
  have : p ∣ m := by
    apply prime_p.dvd_of_dvd_pow
    rw [sqr_eq]
    apply dvd_mul_right
  obtain ⟨k, meq⟩ := dvd_iff_exists_eq_mul_left.mp this
  have : p * (p * k ^ 2) = p * n ^ 2 := by
    rw [← sqr_eq, meq]
    ring
  have : p * k ^ 2 = n ^ 2 := by
    apply (mul_right_inj' _).mp this
    exact prime_p.ne_zero
  have : p ∣ n := by
    apply prime_p.dvd_of_dvd_pow
    rw [← this]
    apply dvd_mul_right
  have : p ∣ Nat.gcd m n := by apply Nat.dvd_gcd <;> assumption
  have : p ∣ 1 := by
    convert this
    symm
    exact coprime_mn
  have : 2 ≤ 1 := by
    apply prime_p.two_le.trans
    exact Nat.le_of_dvd zero_lt_one this
  norm_num at this

",,True,-1,"theorem t2 {m n p : ℕ} (coprime_mn : m.Coprime n) (prime_p : p.Prime) : m ^ 2 ≠ p * n ^ 2 := by
  intro sqr_eq
  have : p ∣ m := by
    apply prime_p.dvd_of_dvd_pow
    rw [sqr_eq]
    apply dvd_mul_right
  obtain ⟨k, meq⟩ := dvd_iff_exists_eq_mul_left.mp this
  have : p * (p * k ^ 2) = p * n ^ 2 := by
    rw [← sqr_eq, meq]
    ring
  have : p * k ^ 2 = n ^ 2 := by
    apply (mul_right_inj' _).mp this
    exact prime_p.ne_zero
  have : p ∣ n := by
    apply prime_p.dvd_of_dvd_pow
    rw [← this]
    apply dvd_mul_right
  have : p ∣ Nat.gcd m n := by apply Nat.dvd_gcd <;> assumption
  have : p ∣ 1 := by
    convert this
    symm
    exact coprime_mn
  exact Nat.le_of_dvd zero_lt_one this


","💥️type mismatch
  Nat.le_of_dvd zero_lt_one this
has type
  p ≤ 1 : Prop
but is expected to have type
  False : Prop",False,60,MIL.C05_Elementary_Number_Theory.solutions.Solutions_S01_Irrational_Roots,Qwen-7B-long,LENGTH,best_of_n,False,0,-1.0,t2,False
-1,False,28,"theorem t2 {m n p : ℕ} (coprime_mn : m.Coprime n) (prime_p : p.Prime) : m ^ 2 ≠ p * n ^ 2 := by
  intro sqr_eq
  have : p ∣ m := by
    apply prime_p.dvd_of_dvd_pow
    rw [sqr_eq]
    apply dvd_mul_right
  obtain ⟨k, meq⟩ := dvd_iff_exists_eq_mul_left.mp this
  have : p * (p * k ^ 2) = p * n ^ 2 := by
    rw [← sqr_eq, meq]
    ring
  have : p * k ^ 2 = n ^ 2 := by
    apply (mul_right_inj' _).mp this
    exact prime_p.ne_zero
  have : p ∣ n := by
    apply prime_p.dvd_of_dvd_pow
    rw [← this]
    apply dvd_mul_right
  have : p ∣ Nat.gcd m n := by apply Nat.dvd_gcd <;> assumption
  have : p ∣ 1 := by
    convert this
    symm
    exact coprime_mn
  have : 2 ≤ 1 := by
    apply prime_p.two_le.trans
    exact Nat.le_of_dvd zero_lt_one this
  norm_num at this

",,True,-1,"theorem t2 {m n p : ℕ} (coprime_mn : m.Coprime n) (prime_p : p.Prime) : m ^ 2 ≠ p * n ^ 2 := by
  intro sqrt_eq_p
  have : p ∣ m := by
    rw [← mul_left_dvd_mul_right] at sqrt_eq_p
    exact prime_p.dvd_of_dvd_pow sqrt_eq_p
  obtain ⟨k, meq⟩ := p.dvd_mul_left.mp this
  rw [meq, sqrt_eq_p]
  exact photocoprime_mn.mt (Nat.dvd_pow_iff_left.mpr prime_p.le_two) <| by positivity
","💥️unknown identifier 'mul_left_dvd_mul_right'

💥️tactic 'rewrite' failed, equality or iff proof expected
  ?m.4617
m n p : ℕ
coprime_mn : m.Coprime n
prime_p : Nat.Prime p
sqrt_eq_p : m ^ 2 = p * n ^ 2
⊢ p ∣ m

💥️invalid field notation, type is not of the form (C ...) where C is a constant
  Nat.dvd_mul_left p
has type
  ∀ (b : ℕ), p ∣ b * p

💥️rcases tactic failed: x✝ : ?m.4620 is not an inductive datatype",False,60,MIL.C05_Elementary_Number_Theory.solutions.Solutions_S01_Irrational_Roots,Qwen-7B-long,LENGTH,best_of_n,False,0,-1.0,t2,False
-1,False,28,"theorem t2 {m n p : ℕ} (coprime_mn : m.Coprime n) (prime_p : p.Prime) : m ^ 2 ≠ p * n ^ 2 := by
  intro sqr_eq
  have : p ∣ m := by
    apply prime_p.dvd_of_dvd_pow
    rw [sqr_eq]
    apply dvd_mul_right
  obtain ⟨k, meq⟩ := dvd_iff_exists_eq_mul_left.mp this
  have : p * (p * k ^ 2) = p * n ^ 2 := by
    rw [← sqr_eq, meq]
    ring
  have : p * k ^ 2 = n ^ 2 := by
    apply (mul_right_inj' _).mp this
    exact prime_p.ne_zero
  have : p ∣ n := by
    apply prime_p.dvd_of_dvd_pow
    rw [← this]
    apply dvd_mul_right
  have : p ∣ Nat.gcd m n := by apply Nat.dvd_gcd <;> assumption
  have : p ∣ 1 := by
    convert this
    symm
    exact coprime_mn
  have : 2 ≤ 1 := by
    apply prime_p.two_le.trans
    exact Nat.le_of_dvd zero_lt_one this
  norm_num at this

",,True,-1,"occ-item: t2
theorem t2 {m n p : ℕ} (coprime_mn : m.Coprime n) (prime_p : p.Prime) : m ^ 2 ≠ p * n ^ 2 := by
  intro sqr_eq
  have : p ∣ m := by
    apply prime_p.dvd_of_dvd_pow
    rw [sqr_eq]
    apply dvd_mul_right
  obtain ⟨k, meq⟩ := divisibility.exists_quotient.mp this
  have : p * (p * k ^ 2) = p * n ^ 2 := by
    rw [← sqr_eq, meq, ring]
  have : p * k ^ 2 = n ^ 2 := by
    apply (mul_right_inj' _).mp this
    exact prime_p.ne_zero
  have : p ∣ n := by
    apply prime_p.dvd_of_dvd_pow
    rw [← this]
    apply dvd_mul_right
  have : p ∣ Nat.gcd m n := by assumption
  have : p ∣ 1 := by
    convert this
    symm
    exact coprime_mn.gcd_eq_one
  have : 2 ≤ 1 := by
    apply prime_p.two_le.trans
    exact Nat.le_of_dvd zero_lt_one this
  norm_num at this


","💥️unexpected identifier; expected command

💥️unknown identifier 'divisibility.exists_quotient.mp'

💥️rcases tactic failed: x✝ : ?m.4692 is not an inductive datatype",False,60,MIL.C05_Elementary_Number_Theory.solutions.Solutions_S01_Irrational_Roots,Qwen-7B-long,LENGTH,best_of_n,False,0,-1.0,t2,False
-1,False,28,"theorem t2 {m n p : ℕ} (coprime_mn : m.Coprime n) (prime_p : p.Prime) : m ^ 2 ≠ p * n ^ 2 := by
  intro sqr_eq
  have : p ∣ m := by
    apply prime_p.dvd_of_dvd_pow
    rw [sqr_eq]
    apply dvd_mul_right
  obtain ⟨k, meq⟩ := dvd_iff_exists_eq_mul_left.mp this
  have : p * (p * k ^ 2) = p * n ^ 2 := by
    rw [← sqr_eq, meq]
    ring
  have : p * k ^ 2 = n ^ 2 := by
    apply (mul_right_inj' _).mp this
    exact prime_p.ne_zero
  have : p ∣ n := by
    apply prime_p.dvd_of_dvd_pow
    rw [← this]
    apply dvd_mul_right
  have : p ∣ Nat.gcd m n := by apply Nat.dvd_gcd <;> assumption
  have : p ∣ 1 := by
    convert this
    symm
    exact coprime_mn
  have : 2 ≤ 1 := by
    apply prime_p.two_le.trans
    exact Nat.le_of_dvd zero_lt_one this
  norm_num at this

",,True,-1,"theorem t2 {m n p : ℕ} (coprime_mn : m.Coprime n) (prime_p : p.Prime) : m ^ 2 ≠ p * n ^ 2 := by
  introqrfl
  obtain ⟨k, meq⟩ := (m.gcd n).exists_eq_mul_left <| by simp [coprime_mn]
  have : p ∣ (p * k ^ 2) := mul_left_dvd_mul_left p.ne_zero k
  have : p * (p * k ^ 2) = p * n ^ 2 := by
    rw [← mul_right_eq_mul_left_mpr prime_p.ne_zero h]
    apply congrArg Nat.mul_right_eq_mul_left _ h
  have : p * k ^ 2 = n ^ 2 := by
    rw [mul_right_eq_mul_left_iff h]
    exact this
  have : p ∣ n := by
    apply prime_p.dvd_of_dvd_pow
    rw [← this]
    apply dvd_mul_right
  have : p ∣ Nat.gcd m n := by apply Nat.dvd_gcd <;> assumption
  have : p ∣ 1 := by
    convert this
    symm
    exact coprime_mn
  rw [Nat.dvd_one_iff] at this
","💥️unknown tactic

💥️unsolved goals
m n p : ℕ
coprime_mn : m.Coprime n
prime_p : Nat.Prime p
⊢ m ^ 2 ≠ p * n ^ 2",False,60,MIL.C05_Elementary_Number_Theory.solutions.Solutions_S01_Irrational_Roots,Qwen-7B-long,LENGTH,best_of_n,False,0,-1.0,t2,False
-1,False,28,"theorem t2 {m n p : ℕ} (coprime_mn : m.Coprime n) (prime_p : p.Prime) : m ^ 2 ≠ p * n ^ 2 := by
  intro sqr_eq
  have : p ∣ m := by
    apply prime_p.dvd_of_dvd_pow
    rw [sqr_eq]
    apply dvd_mul_right
  obtain ⟨k, meq⟩ := dvd_iff_exists_eq_mul_left.mp this
  have : p * (p * k ^ 2) = p * n ^ 2 := by
    rw [← sqr_eq, meq]
    ring
  have : p * k ^ 2 = n ^ 2 := by
    apply (mul_right_inj' _).mp this
    exact prime_p.ne_zero
  have : p ∣ n := by
    apply prime_p.dvd_of_dvd_pow
    rw [← this]
    apply dvd_mul_right
  have : p ∣ Nat.gcd m n := by apply Nat.dvd_gcd <;> assumption
  have : p ∣ 1 := by
    convert this
    symm
    exact coprime_mn
  have : 2 ≤ 1 := by
    apply prime_p.two_le.trans
    exact Nat.le_of_dvd zero_lt_one this
  norm_num at this

",,True,-1,"theorem t2 {m n p : ℕ} (coprime_mn : m.Coprime n) (prime_p : p.Prime) : m ^ 2 ≠ p * n ^ 2 := by
  intro sqr_eq
  have : p ∣ m := by
    apply prime_p.dvd_of_dvd_pow
    rw [sqr_eq]
    apply dvd_mul_right
  obtain ⟨k, meq⟩ := dvd_iff_exists_eq_mul_left.mp this
  have : p * (p * k ^ 2) = p * n ^ 2 := by
    rw [← sqr_eq, meq]
    ring
  have : p * k ^ 2 = n ^ 2 := by
    apply (mul_right_inj' _).mp this
    exact prime_p.ne_zero
  have : p ∣ n := by
    apply prime_p.dvd_of_dvd_pow
    rw [← this]
    apply dvd_mul_right
  have : p ∣ Nat.gcd m n := by apply Nat.dvd_gcd <;> assumption
  have : p ∣ 1 := by
    convert this
    symm
    exact coprime_mn
  exact this


","💥️type mismatch
  this
has type
  p ∣ 1 : Prop
but is expected to have type
  False : Prop",False,60,MIL.C05_Elementary_Number_Theory.solutions.Solutions_S01_Irrational_Roots,Qwen-7B-long,LENGTH,best_of_n,False,0,-1.0,t2,False
-1,False,28,"theorem t2 {m n p : ℕ} (coprime_mn : m.Coprime n) (prime_p : p.Prime) : m ^ 2 ≠ p * n ^ 2 := by
  intro sqr_eq
  have : p ∣ m := by
    apply prime_p.dvd_of_dvd_pow
    rw [sqr_eq]
    apply dvd_mul_right
  obtain ⟨k, meq⟩ := dvd_iff_exists_eq_mul_left.mp this
  have : p * (p * k ^ 2) = p * n ^ 2 := by
    rw [← sqr_eq, meq]
    ring
  have : p * k ^ 2 = n ^ 2 := by
    apply (mul_right_inj' _).mp this
    exact prime_p.ne_zero
  have : p ∣ n := by
    apply prime_p.dvd_of_dvd_pow
    rw [← this]
    apply dvd_mul_right
  have : p ∣ Nat.gcd m n := by apply Nat.dvd_gcd <;> assumption
  have : p ∣ 1 := by
    convert this
    symm
    exact coprime_mn
  have : 2 ≤ 1 := by
    apply prime_p.two_le.trans
    exact Nat.le_of_dvd zero_lt_one this
  norm_num at this

",,True,-1,"theorem t2 {m n p : ℕ} (coprime_mn : m.Coprime n) (prime_p : p.Prime) : m ^ 2 ≠ p * n ^ 2 := by
  intro sqr_eq
  have : p ∣ m := by
    apply prime_p.dvd_of_dvd_pow
    rw [sqr_eq]
    apply dvd_mul_right
  obtain ⟨k, meq⟩ := dvd_iff_exists_eq_mul_left.mp this
  have : p * (p * k ^ 2) = p * n ^ 2 := by
    rw [← sqr_eq, meq]
    ring
  have : p * k ^ 2 = n ^ 2 := by
    apply (mul_right_inj' _).mp this
    exact prime_p.ne_zero
  have : p ∣ n := by
    apply prime_p.dvd_of_dvd_pow
    rw [← this]
    apply dvd_mul_right
  have : p ∣ Nat.gcd m n := by apply Nat.dvd_gcd <;> assumption
  have : p ∣ 1 := by
    convert this
    symm
    exact coprime_mn
  exact Nat.dvd_one m
","💥️function expected at
  Nat.dvd_one
term has type
  ?m.7409 ∣ 1 ↔ ?m.7409 = 1",False,60,MIL.C05_Elementary_Number_Theory.solutions.Solutions_S01_Irrational_Roots,Qwen-7B-long,LENGTH,best_of_n,False,0,-1.0,t2,False
-1,False,28,"theorem t2 {m n p : ℕ} (coprime_mn : m.Coprime n) (prime_p : p.Prime) : m ^ 2 ≠ p * n ^ 2 := by
  intro sqr_eq
  have : p ∣ m := by
    apply prime_p.dvd_of_dvd_pow
    rw [sqr_eq]
    apply dvd_mul_right
  obtain ⟨k, meq⟩ := dvd_iff_exists_eq_mul_left.mp this
  have : p * (p * k ^ 2) = p * n ^ 2 := by
    rw [← sqr_eq, meq]
    ring
  have : p * k ^ 2 = n ^ 2 := by
    apply (mul_right_inj' _).mp this
    exact prime_p.ne_zero
  have : p ∣ n := by
    apply prime_p.dvd_of_dvd_pow
    rw [← this]
    apply dvd_mul_right
  have : p ∣ Nat.gcd m n := by apply Nat.dvd_gcd <;> assumption
  have : p ∣ 1 := by
    convert this
    symm
    exact coprime_mn
  have : 2 ≤ 1 := by
    apply prime_p.two_le.trans
    exact Nat.le_of_dvd zero_lt_one this
  norm_num at this

",,True,28,"theorem t2 {m n p : ℕ} (coprime_mn : m.Coprime n) (prime_p : p.Prime) : m ^ 2 ≠ p * n ^ 2 := by
  intro sqr_eq
  have : p ∣ m := by
    apply prime_p.dvd_of_dvd_pow
    rw [sqr_eq]
    apply dvd_mul_right
  obtain ⟨k, meq⟩ := dvd_iff_exists_eq_mul_left.mp this
  have : p * (p * k ^ 2) = p * n ^ 2 := by
    rw [← sqr_eq, meq]
    ring
  have : p * k ^ 2 = n ^ 2 := by
    apply (mul_right_inj' _).mp this
    exact prime_p.ne_zero
  have : p ∣ n := by
    apply prime_p.dvd_of_dvd_pow
    rw [← this]
    apply dvd_mul_right
  have : p ∣ Nat.gcd m n := by apply Nat.dvd_gcd <;> assumption
  have : p ∣ 1 := by
    convert this
    symm
    exact coprime_mn
  have : 2 ≤ 1 := by
    apply prime_p.two_le.trans
    exact Nat.le_of_dvd zero_lt_one this
  norm_num at this


",,True,60,MIL.C05_Elementary_Number_Theory.solutions.Solutions_S01_Irrational_Roots,Qwen-7B-long,LENGTH,best_of_n,False,0,0.0,t2,False
-1,False,28,"theorem t2 {m n p : ℕ} (coprime_mn : m.Coprime n) (prime_p : p.Prime) : m ^ 2 ≠ p * n ^ 2 := by
  intro sqr_eq
  have : p ∣ m := by
    apply prime_p.dvd_of_dvd_pow
    rw [sqr_eq]
    apply dvd_mul_right
  obtain ⟨k, meq⟩ := dvd_iff_exists_eq_mul_left.mp this
  have : p * (p * k ^ 2) = p * n ^ 2 := by
    rw [← sqr_eq, meq]
    ring
  have : p * k ^ 2 = n ^ 2 := by
    apply (mul_right_inj' _).mp this
    exact prime_p.ne_zero
  have : p ∣ n := by
    apply prime_p.dvd_of_dvd_pow
    rw [← this]
    apply dvd_mul_right
  have : p ∣ Nat.gcd m n := by apply Nat.dvd_gcd <;> assumption
  have : p ∣ 1 := by
    convert this
    symm
    exact coprime_mn
  have : 2 ≤ 1 := by
    apply prime_p.two_le.trans
    exact Nat.le_of_dvd zero_lt_one this
  norm_num at this

",,True,-1,"theorem t2 {m n p : ℕ} (coprime_mn : m.Coprime n) (prime_p : p.Prime) : m ^ 2 ≠ p * n ^ 2 := by
  intro sqr_eq
  have : p ∣ m := by
    apply prime_p.dvd_of_dvd_pow
    rw [sqr_eq]
    apply dvd_mul_right
  obtain ⟨k, meq⟩ := dvd_iff_exists_eq_mul_left.mp this
  have : p * (p * k ^ 2) = p * n ^ 2 := by
    rw [← sqr_eq, meq]
    ring
  have : p * k ^ 2 = n ^ 2 := by
    apply (mul_right_inj' _).mp this
    exact prime_p.ne_zero
  have : p ∣ n := by
    apply prime_p.dvd_of_dvd_pow
    rw [← this]
    apply dvd_mul_right
  have : p ∣ Nat.gcd m n := by assumption
  have : p ∣ 1 := by
    convert this
    symm
    exact coprime_mn
  exact Nat.le_of_dvd zero_lt_one this


","💥️tactic 'assumption' failed
m n p : ℕ
coprime_mn : m.Coprime n
prime_p : Nat.Prime p
sqr_eq : m ^ 2 = p * n ^ 2
this✝² : p ∣ m
k : ℕ
meq : m = k * p
this✝¹ : p * (p * k ^ 2) = p * n ^ 2
this✝ : p * k ^ 2 = n ^ 2
this : p ∣ n
⊢ p ∣ m.gcd n

💥️type mismatch
  Nat.le_of_dvd zero_lt_one this
has type
  p ≤ 1 : Prop
but is expected to have type
  False : Prop",False,60,MIL.C05_Elementary_Number_Theory.solutions.Solutions_S01_Irrational_Roots,Qwen-7B-long,LENGTH,best_of_n,False,0,-1.0,t2,False
-1,False,28,"theorem t2 {m n p : ℕ} (coprime_mn : m.Coprime n) (prime_p : p.Prime) : m ^ 2 ≠ p * n ^ 2 := by
  intro sqr_eq
  have : p ∣ m := by
    apply prime_p.dvd_of_dvd_pow
    rw [sqr_eq]
    apply dvd_mul_right
  obtain ⟨k, meq⟩ := dvd_iff_exists_eq_mul_left.mp this
  have : p * (p * k ^ 2) = p * n ^ 2 := by
    rw [← sqr_eq, meq]
    ring
  have : p * k ^ 2 = n ^ 2 := by
    apply (mul_right_inj' _).mp this
    exact prime_p.ne_zero
  have : p ∣ n := by
    apply prime_p.dvd_of_dvd_pow
    rw [← this]
    apply dvd_mul_right
  have : p ∣ Nat.gcd m n := by apply Nat.dvd_gcd <;> assumption
  have : p ∣ 1 := by
    convert this
    symm
    exact coprime_mn
  have : 2 ≤ 1 := by
    apply prime_p.two_le.trans
    exact Nat.le_of_dvd zero_lt_one this
  norm_num at this

",,True,-1,"theorem t2 {m n p : ℕ} (coprime_mn : m.Coprime n) (prime_p : p.Prime) : m ^ 2 ≠ p * n ^ 2 := by
  intro sqr_eq
  have : p ∣ m := by
    apply prime_p.dvd_of_dvd_pow
    rw [sqr_eq]
    apply dvd_mul_right
  obtain ⟨k, meq⟩ := dvd_iff_exists_eq_mul_left.mp this
  have : p * (p * k ^ 2) = p * n ^ 2 := by omega
  have : p * k ^ 2 = n ^ 2 := by
    apply (mul_right_inj' _).mp this
    exact prime_p.ne_zero
  have : p ∣ n := by
    apply prime_p.dvd_of_dvd_pow
    rw [← this]
    apply dvd_mul_right
  have : p ∣ Nat.gcd m n := by apply Nat.dvd_gcd <;> assumption
  have : p ∣ 1 := by
    convert this
    symm
    exact coprime_mn.gcd_eq_one
  have : 2 ≤ 1 := by
    apply prime_p.two_le.trans
    exact Nat.le_of_dvd zero_lt_one this
  norm_num at this


","💥️omega could not prove the goal:
a possible counterexample may satisfy the constraints
  c ≥ 0
  b ≥ 0
  a ≥ 0
  a - c ≥ 1
where
 a := ↑p * ↑(n ^ 2)
 b := ↑k * ↑p
 c := ↑p * ↑(p * k ^ 2)",False,60,MIL.C05_Elementary_Number_Theory.solutions.Solutions_S01_Irrational_Roots,Qwen-7B-long,LENGTH,best_of_n,False,0,-1.0,t2,False
-1,False,28,"theorem t2 {m n p : ℕ} (coprime_mn : m.Coprime n) (prime_p : p.Prime) : m ^ 2 ≠ p * n ^ 2 := by
  intro sqr_eq
  have : p ∣ m := by
    apply prime_p.dvd_of_dvd_pow
    rw [sqr_eq]
    apply dvd_mul_right
  obtain ⟨k, meq⟩ := dvd_iff_exists_eq_mul_left.mp this
  have : p * (p * k ^ 2) = p * n ^ 2 := by
    rw [← sqr_eq, meq]
    ring
  have : p * k ^ 2 = n ^ 2 := by
    apply (mul_right_inj' _).mp this
    exact prime_p.ne_zero
  have : p ∣ n := by
    apply prime_p.dvd_of_dvd_pow
    rw [← this]
    apply dvd_mul_right
  have : p ∣ Nat.gcd m n := by apply Nat.dvd_gcd <;> assumption
  have : p ∣ 1 := by
    convert this
    symm
    exact coprime_mn
  have : 2 ≤ 1 := by
    apply prime_p.two_le.trans
    exact Nat.le_of_dvd zero_lt_one this
  norm_num at this

",,True,-1,"theorem t2 {m n p : ℕ} (coprime_mn : m.Coprime n) (prime_p : p.Prime) : m ^ 2 ≠ p * n ^ 2 := by
  intro sqr_eq
  have : p ∣ m := by
    apply prime_p.dvd_of_dvd_pow
    rw [sqr_eq]
    apply dvd_mul_right
  obtain ⟨k, meq⟩ := dvd_iff_exists_eq_mul_left.mp this
  have : p * (p * k ^ 2) = p * n ^ 2 := by
    rw [← sqr_eq, meq]
    ring
  have : p * k ^ 2 = n ^ 2 := by
    apply (mul_right_inj' _).mp this
    exact prime_p.ne_zero
  have : p ∣ n := by
    apply prime_p.dvd_of_dvd_pow
    rw [← this]
    apply dvd_mul_right
  have : p ∣ Nat.gcd m n := by assumption
  have : p ∣ 1 := by
    convert this
    symm
    exact coprime_mn
  exact Nat.dvd_one_of_dvd_gcd this
","💥️tactic 'assumption' failed
m n p : ℕ
coprime_mn : m.Coprime n
prime_p : Nat.Prime p
sqr_eq : m ^ 2 = p * n ^ 2
this✝² : p ∣ m
k : ℕ
meq : m = k * p
this✝¹ : p * (p * k ^ 2) = p * n ^ 2
this✝ : p * k ^ 2 = n ^ 2
this : p ∣ n
⊢ p ∣ m.gcd n

💥️unknown constant 'Nat.dvd_one_of_dvd_gcd'",False,60,MIL.C05_Elementary_Number_Theory.solutions.Solutions_S01_Irrational_Roots,Qwen-7B-long,LENGTH,best_of_n,False,0,-1.0,t2,False
-1,False,28,"theorem t2 {m n p : ℕ} (coprime_mn : m.Coprime n) (prime_p : p.Prime) : m ^ 2 ≠ p * n ^ 2 := by
  intro sqr_eq
  have : p ∣ m := by
    apply prime_p.dvd_of_dvd_pow
    rw [sqr_eq]
    apply dvd_mul_right
  obtain ⟨k, meq⟩ := dvd_iff_exists_eq_mul_left.mp this
  have : p * (p * k ^ 2) = p * n ^ 2 := by
    rw [← sqr_eq, meq]
    ring
  have : p * k ^ 2 = n ^ 2 := by
    apply (mul_right_inj' _).mp this
    exact prime_p.ne_zero
  have : p ∣ n := by
    apply prime_p.dvd_of_dvd_pow
    rw [← this]
    apply dvd_mul_right
  have : p ∣ Nat.gcd m n := by apply Nat.dvd_gcd <;> assumption
  have : p ∣ 1 := by
    convert this
    symm
    exact coprime_mn
  have : 2 ≤ 1 := by
    apply prime_p.two_le.trans
    exact Nat.le_of_dvd zero_lt_one this
  norm_num at this

",,True,-1,"theorem t2 {m n p : ℕ} (coprime_mn : m.Coprime n) (prime_p : p.Prime) : m ^ 2 ≠ p * n ^ 2 := by
  intro sqr_eq
  have : p ∣ m := by
    apply prime_p.dvd_of_dvd_pow
    rw [sqr_eq]
    apply dvd_mul_right
  obtain ⟨k, meq⟩ := nat_dvd_of_dvd_mul_right this.p
  have : (p * k) ^ 2 = p * n ^ 2 := by
    linear_combination ← s
    congr 2 with k
  have : p * k = n ^ 2 := by
    apply mul_left_pow_self' p.one_lt
    simp [meq]
  have : p ∣ n := by
    rw [← this, mul_left_eq_self]
    apply mul_left_dvd_mul_right p.one_lt
  have : p ∣ Nat.gcd m n := by apply Nat.dvd_gcd <;> assumption
  have : p ∣ 1 := by
    convert this
    symm
    exact coprime_mn.gcd_eq_one_right
  have : 2 ≤ 1 := by
    apply prime_p.two_le.trans
    exact Nat.le_of_dvd zero_lt_one this
  norm_num at this


","💥️unknown identifier 'nat_dvd_of_dvd_mul_right'

💥️rcases tactic failed: x✝ : ?m.4692 is not an inductive datatype",False,60,MIL.C05_Elementary_Number_Theory.solutions.Solutions_S01_Irrational_Roots,Qwen-7B-long,LENGTH,best_of_n,False,0,-1.0,t2,False
-1,False,28,"theorem t2 {m n p : ℕ} (coprime_mn : m.Coprime n) (prime_p : p.Prime) : m ^ 2 ≠ p * n ^ 2 := by
  intro sqr_eq
  have : p ∣ m := by
    apply prime_p.dvd_of_dvd_pow
    rw [sqr_eq]
    apply dvd_mul_right
  obtain ⟨k, meq⟩ := dvd_iff_exists_eq_mul_left.mp this
  have : p * (p * k ^ 2) = p * n ^ 2 := by
    rw [← sqr_eq, meq]
    ring
  have : p * k ^ 2 = n ^ 2 := by
    apply (mul_right_inj' _).mp this
    exact prime_p.ne_zero
  have : p ∣ n := by
    apply prime_p.dvd_of_dvd_pow
    rw [← this]
    apply dvd_mul_right
  have : p ∣ Nat.gcd m n := by apply Nat.dvd_gcd <;> assumption
  have : p ∣ 1 := by
    convert this
    symm
    exact coprime_mn
  have : 2 ≤ 1 := by
    apply prime_p.two_le.trans
    exact Nat.le_of_dvd zero_lt_one this
  norm_num at this

",,True,-1,"theorem t2 {m n p : ℕ} (coprime_mn : m.Coprime n) (prime_p : p.Prime) : m ^ 2 ≠ p * n ^ 2 := by
  intro pow_eq
  have : p ∣ m := by
    apply prime_p.dvd_of_dvd_pow
    rw [pow_eq]
    apply dvd_mul_right
  obtain ⟨k, meq⟩ := gcd_eq_mul_of_dvd.mp (Nat.dvd_gcd.mp this) coprime_mn
  have : p * (p * k ^ 2) = p * n ^ 2 := by
    rw [← pow_eq, meq]
    ring
  have : p * k ^ 2 = n ^ 2 := by
    apply (mul_right_inj' _).mp this
    exact prime_p.ne_zero
  have : p ∣ n := by
    apply prime_p.dvd_of_dvd_pow
    rw [← this]
    apply dvd_mul_right
  have : p ∣ Nat.gcd m n := by apply Nat.dvd_gcd <;> assumption
  have : p ∣ 1 := by
    convert this
    symm
    exact coprime_mn.gcd_eq_one
  have : 2 ≤ 1 := by
    apply prime_p.two_le.trans
    exact Nat.le_of_dvd zero_lt_one this
  norm_num at this


","💥️unknown identifier 'gcd_eq_mul_of_dvd.mp'

💥️rcases tactic failed: x✝ : ?m.4692 is not an inductive datatype",False,60,MIL.C05_Elementary_Number_Theory.solutions.Solutions_S01_Irrational_Roots,Qwen-7B-long,LENGTH,best_of_n,False,0,-1.0,t2,False
-1,False,28,"theorem t2 {m n p : ℕ} (coprime_mn : m.Coprime n) (prime_p : p.Prime) : m ^ 2 ≠ p * n ^ 2 := by
  intro sqr_eq
  have : p ∣ m := by
    apply prime_p.dvd_of_dvd_pow
    rw [sqr_eq]
    apply dvd_mul_right
  obtain ⟨k, meq⟩ := dvd_iff_exists_eq_mul_left.mp this
  have : p * (p * k ^ 2) = p * n ^ 2 := by
    rw [← sqr_eq, meq]
    ring
  have : p * k ^ 2 = n ^ 2 := by
    apply (mul_right_inj' _).mp this
    exact prime_p.ne_zero
  have : p ∣ n := by
    apply prime_p.dvd_of_dvd_pow
    rw [← this]
    apply dvd_mul_right
  have : p ∣ Nat.gcd m n := by apply Nat.dvd_gcd <;> assumption
  have : p ∣ 1 := by
    convert this
    symm
    exact coprime_mn
  have : 2 ≤ 1 := by
    apply prime_p.two_le.trans
    exact Nat.le_of_dvd zero_lt_one this
  norm_num at this

",,True,-1,"theorem t2 {m n p : ℕ} (coprime_mn : m.Coprime n) (prime_p : p.Prime) : m ^ 2 ≠ p * n ^ 2 := by
  intro sqr_eq
  have : p ∣ m := by
    apply prime_p.dvd_of_dvd_pow
    rw [sqr_eq]
    apply dvd_mul_right
  obtain ⟨k, meq⟩ := dvd_iff_exists_eq_mul_left.mp this
  have : p * (p * k ^ 2) = p * n ^ 2 := by
    rw [← sqr_eq, meq]
    ring
  have : p * k ^ 2 = n ^ 2 := by
    apply (mul_right_inj' _).mp this
    exact prime_p.ne_zero
  have : p ∣ n := by
    apply prime_p.dvd_of_dvd_pow
    rw [← this]
    apply dvd_mul_right
  have : p ∣ Nat.gcd m n := by apply Nat.dvd_gcd <;> assumption
  have : p ∣ 1 := by
    convert this
    symm
    exact coprime_mn
  exact Nat.lt_of_dvd (Nat.dvd_one_iff).mp this (by positivity)



",💥️unknown constant 'Nat.lt_of_dvd',False,60,MIL.C05_Elementary_Number_Theory.solutions.Solutions_S01_Irrational_Roots,Qwen-7B-long,LENGTH,best_of_n,False,0,-1.0,t2,False
-1,False,28,"theorem t2 {m n p : ℕ} (coprime_mn : m.Coprime n) (prime_p : p.Prime) : m ^ 2 ≠ p * n ^ 2 := by
  intro sqr_eq
  have : p ∣ m := by
    apply prime_p.dvd_of_dvd_pow
    rw [sqr_eq]
    apply dvd_mul_right
  obtain ⟨k, meq⟩ := dvd_iff_exists_eq_mul_left.mp this
  have : p * (p * k ^ 2) = p * n ^ 2 := by
    rw [← sqr_eq, meq]
    ring
  have : p * k ^ 2 = n ^ 2 := by
    apply (mul_right_inj' _).mp this
    exact prime_p.ne_zero
  have : p ∣ n := by
    apply prime_p.dvd_of_dvd_pow
    rw [← this]
    apply dvd_mul_right
  have : p ∣ Nat.gcd m n := by apply Nat.dvd_gcd <;> assumption
  have : p ∣ 1 := by
    convert this
    symm
    exact coprime_mn
  have : 2 ≤ 1 := by
    apply prime_p.two_le.trans
    exact Nat.le_of_dvd zero_lt_one this
  norm_num at this

",,True,-1,"theorem t2 {m n p : ℕ} (coprime_mn : m.Coprime n) (prime_p : p.Prime) : m ^ 2 ≠ p * n ^ 2 := by
  intro sqr_eq
  have H : p ∣ m := by
    rw [sqr_eq]
    apply prime_p.dvd_of_dvd_pow
    exact mul_dvd_mul_left _ _
  obtain ⟨k, meq⟩ := H.exists_of_dvd
  have H2 : p * (p * k ^ 2) = p * n ^ 2 := by
    rw [← sqr_eq, meq]
    ring
  have H3 : p * k ^ 2 = n ^ 2 := by
    rw [mul_right_eq_self, mul_comm p, mul_right_eq_self]
    exact H2.symm
  have H4 : p ∣ n := by
    rw [Nat.dvd_mul_right,#undef n, Nat.dvd_mul_left]
    exact H3
  have H5 : p ∣ Nat.gcd m n := by
    simp only [Nat.gcd_eq_left, Nat.dvd_mul_left] at H4 ⊢
    rw [H4]
    exact H
  have H6 : p ∣ 1 := by
    convert H5
    symm
    exact coprime_mn
  have H7 : 2 ≤ 1 := by
    apply prime_p.two_le.trans
    exact Nat.le_of_dvd zero_lt_one H6
  norm_num at H7
","💥️unexpected token '#'; expected ']'

💥️tactic 'rewrite' failed, did not find instance of the pattern in the target expression
  m ^ 2
m n p : ℕ
coprime_mn : m.Coprime n
prime_p : Nat.Prime p
sqr_eq : m ^ 2 = p * n ^ 2
⊢ p ∣ m",False,60,MIL.C05_Elementary_Number_Theory.solutions.Solutions_S01_Irrational_Roots,Qwen-7B-long,LENGTH,best_of_n,False,0,-1.0,t2,False
-1,False,28,"theorem t2 {m n p : ℕ} (coprime_mn : m.Coprime n) (prime_p : p.Prime) : m ^ 2 ≠ p * n ^ 2 := by
  intro sqr_eq
  have : p ∣ m := by
    apply prime_p.dvd_of_dvd_pow
    rw [sqr_eq]
    apply dvd_mul_right
  obtain ⟨k, meq⟩ := dvd_iff_exists_eq_mul_left.mp this
  have : p * (p * k ^ 2) = p * n ^ 2 := by
    rw [← sqr_eq, meq]
    ring
  have : p * k ^ 2 = n ^ 2 := by
    apply (mul_right_inj' _).mp this
    exact prime_p.ne_zero
  have : p ∣ n := by
    apply prime_p.dvd_of_dvd_pow
    rw [← this]
    apply dvd_mul_right
  have : p ∣ Nat.gcd m n := by apply Nat.dvd_gcd <;> assumption
  have : p ∣ 1 := by
    convert this
    symm
    exact coprime_mn
  have : 2 ≤ 1 := by
    apply prime_p.two_le.trans
    exact Nat.le_of_dvd zero_lt_one this
  norm_num at this

",,True,-1,"#align rfl-13.2.2665 eq_mul_of_dvd_mul_right _ Function.even_toInt

theorem t2 {m n p : ℕ} (coprime_mn : m.Coprime n) (prime_p : p.Prime) : m ^ 2 ≠ p * n ^ 2 := by
  intro sqr_eq
  have : p ∣ m := by
    apply prime_p.dvd_of_dvd_pow
    rw [sqr_eq]
    apply dvd_mul_right
  obtain ⟨k, meq⟩ := get_of_dvd this
  have : p * (p * k ^ 2) = p * n ^ 2 := by
    rw [← sqr_eq, meq]
    ring
  have : p * k ^ 2 = n ^ 2 := by
    apply (mul_right_inj' _).mp this
    exact prime_p.ne_zero
  have : p ∣ n := by
    apply prime_p.dvd_of_dvd_pow
    rw [← this]
    apply dvd_mul_right
  have : p ∣ Nat.gcd m n := by apply Nat.dvd_gcd <;> assumption
  have : p ∣ 1 := by
    convert this
    symm
    exact coprime_mn
  have : 2 ≤ 1 := by
    apply prime_p.two_le.trans
    exact Nat.le_of_dvd zero_lt_one this
  norm_num at this


","💥️unexpected token '#'; expected command

💥️unknown identifier 'get_of_dvd'

💥️rcases tactic failed: x✝ : ?m.4692 is not an inductive datatype",False,60,MIL.C05_Elementary_Number_Theory.solutions.Solutions_S01_Irrational_Roots,Qwen-7B-long,LENGTH,best_of_n,False,0,-1.0,t2,False
-1,False,28,"theorem t2 {m n p : ℕ} (coprime_mn : m.Coprime n) (prime_p : p.Prime) : m ^ 2 ≠ p * n ^ 2 := by
  intro sqr_eq
  have : p ∣ m := by
    apply prime_p.dvd_of_dvd_pow
    rw [sqr_eq]
    apply dvd_mul_right
  obtain ⟨k, meq⟩ := dvd_iff_exists_eq_mul_left.mp this
  have : p * (p * k ^ 2) = p * n ^ 2 := by
    rw [← sqr_eq, meq]
    ring
  have : p * k ^ 2 = n ^ 2 := by
    apply (mul_right_inj' _).mp this
    exact prime_p.ne_zero
  have : p ∣ n := by
    apply prime_p.dvd_of_dvd_pow
    rw [← this]
    apply dvd_mul_right
  have : p ∣ Nat.gcd m n := by apply Nat.dvd_gcd <;> assumption
  have : p ∣ 1 := by
    convert this
    symm
    exact coprime_mn
  have : 2 ≤ 1 := by
    apply prime_p.two_le.trans
    exact Nat.le_of_dvd zero_lt_one this
  norm_num at this

",,True,-1,"theorem t2 {m n p : ℕ} (coprime_mn : m.Coprime n) (prime_p : p.Prime) : m ^ 2 ≠ p * n ^ 2 := by
  intro sqr_eq
  have : p ∣ m := by
    apply prime_p.dvd_of_dvd_pow
    rw [sqr_eq]
    apply dvd_mul_right
  obtain ⟨k, meq⟩ := dvd_iff_exists_eq_mul_left.mp this
  have : p * (p * k ^ 2) = p * n ^ 2 := by
    rw [← sqr_eq, meq, mul_assoc]
  have : p * k ^ 2 = n ^ 2 := by
    apply (mul_right_inj' _).mp this
    exact prime_p.ne_zero
  have : p ∣ n := by
    apply prime_p.dvd_of_dvd_pow
    rw [← this]
    apply dvd_mul_right
  have : p ∣ Nat.gcd m n := by apply Nat.dvd_gcd <;> assumption
  have : p ∣ 1 := by
    convert this
    symm
    exact coprime_mn
  have : 2 ≤ 1 := by
    apply prime_p.two_le.trans
    exact Nat.le_of_dvd zero_lt_one this
  norm_num at this


","💥️tactic 'rewrite' failed, did not find instance of the pattern in the target expression
  ?a * ?b * ?c
m n p : ℕ
coprime_mn : m.Coprime n
prime_p : Nat.Prime p
sqr_eq : m ^ 2 = p * n ^ 2
this : p ∣ m
k : ℕ
meq : m = k * p
⊢ p * (p * k ^ 2) = (k * p) ^ 2",False,60,MIL.C05_Elementary_Number_Theory.solutions.Solutions_S01_Irrational_Roots,Qwen-7B-long,LENGTH,best_of_n,False,0,-1.0,t2,False
-1,False,28,"theorem t2 {m n p : ℕ} (coprime_mn : m.Coprime n) (prime_p : p.Prime) : m ^ 2 ≠ p * n ^ 2 := by
  intro sqr_eq
  have : p ∣ m := by
    apply prime_p.dvd_of_dvd_pow
    rw [sqr_eq]
    apply dvd_mul_right
  obtain ⟨k, meq⟩ := dvd_iff_exists_eq_mul_left.mp this
  have : p * (p * k ^ 2) = p * n ^ 2 := by
    rw [← sqr_eq, meq]
    ring
  have : p * k ^ 2 = n ^ 2 := by
    apply (mul_right_inj' _).mp this
    exact prime_p.ne_zero
  have : p ∣ n := by
    apply prime_p.dvd_of_dvd_pow
    rw [← this]
    apply dvd_mul_right
  have : p ∣ Nat.gcd m n := by apply Nat.dvd_gcd <;> assumption
  have : p ∣ 1 := by
    convert this
    symm
    exact coprime_mn
  have : 2 ≤ 1 := by
    apply prime_p.two_le.trans
    exact Nat.le_of_dvd zero_lt_one this
  norm_num at this

",,True,-1,"theorem t2 {m n p : ℕ} (coprime_mn : m.Coprime n) (prime_p : p.Prime) : m ^ 2 ≠ p * n ^ 2 := by
  intro sqr_eq
  have : p ∣ m := by
    apply prime_p.dvd_of_dvd_pow
    rw [sqr_eq]
    apply dvd_mul_right
  obtain ⟨k, meq⟩ := dvd_iff_exists_eq_mul_left.mp this
  have : p * (p * k ^ 2) = p * n ^ 2 := by
    rw [← sqr_eq, meq]
    ring
  have : p * k ^ 2 = n ^ 2 := by
    apply (mul_right_inj' _).mp this
    exact prime_p.ne_zero
  have : p ∣ n := by
    apply prime_p.dvd_of_dvd_pow
    rw [← this]
    apply dvd_mul_right
  have : p ∣ Nat.gcd m n := by assumption
  have : p ∣ 1 := by
    convert this
    symm
    exact coprime_mn
  have : 2 ≤ 1 := by
    apply prime_p.two_le.trans
    exact Nat.le_of_dvd zero_lt_one this
  norm_num at this
","💥️tactic 'assumption' failed
m n p : ℕ
coprime_mn : m.Coprime n
prime_p : Nat.Prime p
sqr_eq : m ^ 2 = p * n ^ 2
this✝² : p ∣ m
k : ℕ
meq : m = k * p
this✝¹ : p * (p * k ^ 2) = p * n ^ 2
this✝ : p * k ^ 2 = n ^ 2
this : p ∣ n
⊢ p ∣ m.gcd n",False,60,MIL.C05_Elementary_Number_Theory.solutions.Solutions_S01_Irrational_Roots,Qwen-7B-long,LENGTH,best_of_n,False,0,-1.0,t2,False
-1,False,28,"theorem t2 {m n p : ℕ} (coprime_mn : m.Coprime n) (prime_p : p.Prime) : m ^ 2 ≠ p * n ^ 2 := by
  intro sqr_eq
  have : p ∣ m := by
    apply prime_p.dvd_of_dvd_pow
    rw [sqr_eq]
    apply dvd_mul_right
  obtain ⟨k, meq⟩ := dvd_iff_exists_eq_mul_left.mp this
  have : p * (p * k ^ 2) = p * n ^ 2 := by
    rw [← sqr_eq, meq]
    ring
  have : p * k ^ 2 = n ^ 2 := by
    apply (mul_right_inj' _).mp this
    exact prime_p.ne_zero
  have : p ∣ n := by
    apply prime_p.dvd_of_dvd_pow
    rw [← this]
    apply dvd_mul_right
  have : p ∣ Nat.gcd m n := by apply Nat.dvd_gcd <;> assumption
  have : p ∣ 1 := by
    convert this
    symm
    exact coprime_mn
  have : 2 ≤ 1 := by
    apply prime_p.two_le.trans
    exact Nat.le_of_dvd zero_lt_one this
  norm_num at this

",,True,-1,"theorem t2 {m n p : ℕ} (coprime_mn : m.Coprime n) (prime_p : p.Prime) : m ^ 2 ≠ p * n ^ 2 := by
  intro s
  have H : p ∣ m := by
    apply prime_p.dvd_of_dvd_pow
    rw [s]
    apply dvd_mul_right
  obtain ⟨k, mk⟩ := Nat.dvd_exists_of_dvd_mul_left H
  have : p * (p * k ^ 2) = p * n ^ 2 := by
    rw [← s, mk]
    ring
  have : p * k ^ 2 = n ^ 2 := by
    apply (mul_right_inj' _).mp this
    exact prime_p.ne_zero
  have H2 : p ∣ n :=
    prime_p.dvd_of_dvd_pow (by rw [← this]) (dvd_mul_right _ _)
  have H3 : p ∣ Nat.gcd m n := by apply Nat.dvd_gcd <;> assumption
  have H4 : p ∣ 1 :=
    Nat.gcd_dvd_left <| coprime_mn.gcd_eq_one
  have : 2 ≤ 1 := by
    rw [Nat.pos_iff_ne_zero, H4]
    exact prime_p.two_le
  norm_num at this


","💥️unknown constant 'Nat.dvd_exists_of_dvd_mul_left'

💥️rcases tactic failed: x✝ : ?m.4692 is not an inductive datatype",False,60,MIL.C05_Elementary_Number_Theory.solutions.Solutions_S01_Irrational_Roots,Qwen-7B-long,LENGTH,best_of_n,False,0,-1.0,t2,False
-1,False,28,"theorem t2 {m n p : ℕ} (coprime_mn : m.Coprime n) (prime_p : p.Prime) : m ^ 2 ≠ p * n ^ 2 := by
  intro sqr_eq
  have : p ∣ m := by
    apply prime_p.dvd_of_dvd_pow
    rw [sqr_eq]
    apply dvd_mul_right
  obtain ⟨k, meq⟩ := dvd_iff_exists_eq_mul_left.mp this
  have : p * (p * k ^ 2) = p * n ^ 2 := by
    rw [← sqr_eq, meq]
    ring
  have : p * k ^ 2 = n ^ 2 := by
    apply (mul_right_inj' _).mp this
    exact prime_p.ne_zero
  have : p ∣ n := by
    apply prime_p.dvd_of_dvd_pow
    rw [← this]
    apply dvd_mul_right
  have : p ∣ Nat.gcd m n := by apply Nat.dvd_gcd <;> assumption
  have : p ∣ 1 := by
    convert this
    symm
    exact coprime_mn
  have : 2 ≤ 1 := by
    apply prime_p.two_le.trans
    exact Nat.le_of_dvd zero_lt_one this
  norm_num at this

",,True,28,"theorem t2 {m n p : ℕ} (coprime_mn : m.Coprime n) (prime_p : p.Prime) : m ^ 2 ≠ p * n ^ 2 := by
  intro sqr_eq
  have : p ∣ m := by
    apply prime_p.dvd_of_dvd_pow
    rw [sqr_eq]
    apply dvd_mul_right
  obtain ⟨k, meq⟩ := dvd_iff_exists_eq_mul_left.mp this
  have : p * (p * k ^ 2) = p * n ^ 2 := by
    rw [← sqr_eq, meq]
    ring
  have : p * k ^ 2 = n ^ 2 := by
    apply (mul_right_inj' _).mp this
    exact prime_p.ne_zero
  have : p ∣ n := by
    apply prime_p.dvd_of_dvd_pow
    rw [← this]
    apply dvd_mul_right
  have : p ∣ Nat.gcd m n := by apply Nat.dvd_gcd <;> assumption
  have : p ∣ 1 := by
    convert this
    symm
    exact coprime_mn
  have : 2 ≤ 1 := by
    apply prime_p.two_le.trans
    exact Nat.le_of_dvd zero_lt_one this
  norm_num at this


",,True,60,MIL.C05_Elementary_Number_Theory.solutions.Solutions_S01_Irrational_Roots,Qwen-7B-long,LENGTH,best_of_n,False,0,0.0,t2,False
-1,False,28,"theorem t2 {m n p : ℕ} (coprime_mn : m.Coprime n) (prime_p : p.Prime) : m ^ 2 ≠ p * n ^ 2 := by
  intro sqr_eq
  have : p ∣ m := by
    apply prime_p.dvd_of_dvd_pow
    rw [sqr_eq]
    apply dvd_mul_right
  obtain ⟨k, meq⟩ := dvd_iff_exists_eq_mul_left.mp this
  have : p * (p * k ^ 2) = p * n ^ 2 := by
    rw [← sqr_eq, meq]
    ring
  have : p * k ^ 2 = n ^ 2 := by
    apply (mul_right_inj' _).mp this
    exact prime_p.ne_zero
  have : p ∣ n := by
    apply prime_p.dvd_of_dvd_pow
    rw [← this]
    apply dvd_mul_right
  have : p ∣ Nat.gcd m n := by apply Nat.dvd_gcd <;> assumption
  have : p ∣ 1 := by
    convert this
    symm
    exact coprime_mn
  have : 2 ≤ 1 := by
    apply prime_p.two_le.trans
    exact Nat.le_of_dvd zero_lt_one this
  norm_num at this

",,True,28,"theorem t2 {m n p : ℕ} (coprime_mn : m.Coprime n) (prime_p : p.Prime) : m ^ 2 ≠ p * n ^ 2 := by
  intro sqr_eq
  have : p ∣ m := by
    apply prime_p.dvd_of_dvd_pow
    rw [sqr_eq]
    apply dvd_mul_right
  obtain ⟨k, meq⟩ := dvd_iff_exists_eq_mul_left.mp this
  have : p * (p * k ^ 2) = p * n ^ 2 := by
    rw [← sqr_eq, meq]
    ring
  have : p * k ^ 2 = n ^ 2 := by
    apply (mul_right_inj' _).mp this
    exact prime_p.ne_zero
  have : p ∣ n := by
    apply prime_p.dvd_of_dvd_pow
    rw [← this]
    apply dvd_mul_right
  have : p ∣ Nat.gcd m n := by apply Nat.dvd_gcd <;> assumption
  have : p ∣ 1 := by
    convert this
    symm
    exact coprime_mn
  have : 2 ≤ 1 := by
    apply prime_p.two_le.trans
    exact Nat.le_of_dvd zero_lt_one this
  norm_num at this


",,True,60,MIL.C05_Elementary_Number_Theory.solutions.Solutions_S01_Irrational_Roots,Qwen-7B-long,LENGTH,best_of_n,False,0,0.0,t2,False
-1,False,28,"theorem t2 {m n p : ℕ} (coprime_mn : m.Coprime n) (prime_p : p.Prime) : m ^ 2 ≠ p * n ^ 2 := by
  intro sqr_eq
  have : p ∣ m := by
    apply prime_p.dvd_of_dvd_pow
    rw [sqr_eq]
    apply dvd_mul_right
  obtain ⟨k, meq⟩ := dvd_iff_exists_eq_mul_left.mp this
  have : p * (p * k ^ 2) = p * n ^ 2 := by
    rw [← sqr_eq, meq]
    ring
  have : p * k ^ 2 = n ^ 2 := by
    apply (mul_right_inj' _).mp this
    exact prime_p.ne_zero
  have : p ∣ n := by
    apply prime_p.dvd_of_dvd_pow
    rw [← this]
    apply dvd_mul_right
  have : p ∣ Nat.gcd m n := by apply Nat.dvd_gcd <;> assumption
  have : p ∣ 1 := by
    convert this
    symm
    exact coprime_mn
  have : 2 ≤ 1 := by
    apply prime_p.two_le.trans
    exact Nat.le_of_dvd zero_lt_one this
  norm_num at this

",,True,-1,"theorem t2 {m n p : ℕ} (coprime_mn : m.Coprime n) (prime_p : p.Prime) : m ^ 2 ≠ p * n ^ 2 := by
  intro sqrt_eq
  have : p ∣ m := by
    apply prime_p.dvd_of_dvd_pow
    rw [sqrt_eq]
    apply mul_dvd_mul_left
  obtain ⟨k, meq⟩ := div_mul_left_of_dvd this
  have : p * (p * k ^ 2) = p * n ^ 2 := by
    rw [← sqrt_eq, meq]
    ring
  have : p * k ^ 2 = n ^ 2 := by
    apply (mul_right_inj' _).mp this
    exact prime_p.ne_zero
  have : p ∣ n := by
    apply prime_p.dvd_of_dvd_pow
    rw [← this]
    apply mul_dvd_mul_right
  have : p ∣ Nat.gcd m n := by apply Nat.dvd_gcd <;> assumption
  have : p ∣ 1 := by
    convert this
    symm
    exact coprime_mnlobal p; not necessarily seems to work.

","💥️unknown tactic

💥️tactic 'apply' failed, failed to unify
  ?a * ?b ∣ ?a * ?c
with
  p ∣ p * n ^ 2
m n p : ℕ
coprime_mn : m.Coprime n
prime_p : Nat.Prime p
sqrt_eq : m ^ 2 = p * n ^ 2
⊢ p ∣ p * n ^ 2",False,60,MIL.C05_Elementary_Number_Theory.solutions.Solutions_S01_Irrational_Roots,Qwen-7B-long,LENGTH,best_of_n,False,0,-1.0,t2,False
-1,False,28,"theorem t2 {m n p : ℕ} (coprime_mn : m.Coprime n) (prime_p : p.Prime) : m ^ 2 ≠ p * n ^ 2 := by
  intro sqr_eq
  have : p ∣ m := by
    apply prime_p.dvd_of_dvd_pow
    rw [sqr_eq]
    apply dvd_mul_right
  obtain ⟨k, meq⟩ := dvd_iff_exists_eq_mul_left.mp this
  have : p * (p * k ^ 2) = p * n ^ 2 := by
    rw [← sqr_eq, meq]
    ring
  have : p * k ^ 2 = n ^ 2 := by
    apply (mul_right_inj' _).mp this
    exact prime_p.ne_zero
  have : p ∣ n := by
    apply prime_p.dvd_of_dvd_pow
    rw [← this]
    apply dvd_mul_right
  have : p ∣ Nat.gcd m n := by apply Nat.dvd_gcd <;> assumption
  have : p ∣ 1 := by
    convert this
    symm
    exact coprime_mn
  have : 2 ≤ 1 := by
    apply prime_p.two_le.trans
    exact Nat.le_of_dvd zero_lt_one this
  norm_num at this

",,True,-1,"theorem t2 {m n p : ℕ} (coprime_mn : m.Coprime n) (prime_p : p.Prime) : m ^ 2 ≠ p * n ^ 2 := by
  intro sqr_eq
  have : p ∣ m := by
    apply prime_p.dvd_of_dvd_pow
    rw [sqr_eq]
    apply dvd_mul_right
  obtain ⟨k, meq⟩ := dvd_iff_exists_eq_mul_left.mp this
  have : p * (p * k ^ 2) = p * n ^ 2 := by
    rw [← sqr_eq, meq]
    ring
  have : p * k ^ 2 = n ^ 2 := by
    apply (mul_right_inj' _).mp this
    exact prime_p.ne_zero
  have : p ∣ n := by
    apply prime_p.dvd_of_dvd_pow
    rw [← this]
    apply dvd_mul_right
  have : p ∣ Nat.gcd m n := by assumption
  have : p ∣ 1 := by
    convert this
    symm
    exact coprime_mn
  rw [Nat.dvd_one_iff] at this
  exact this


","💥️tactic 'assumption' failed
m n p : ℕ
coprime_mn : m.Coprime n
prime_p : Nat.Prime p
sqr_eq : m ^ 2 = p * n ^ 2
this✝² : p ∣ m
k : ℕ
meq : m = k * p
this✝¹ : p * (p * k ^ 2) = p * n ^ 2
this✝ : p * k ^ 2 = n ^ 2
this : p ∣ n
⊢ p ∣ m.gcd n

💥️unknown constant 'Nat.dvd_one_iff'

💥️tactic 'rewrite' failed, equality or iff proof expected
  ?m.7399
case intro
m n p : ℕ
coprime_mn : m.Coprime n
prime_p : Nat.Prime p
sqr_eq : m ^ 2 = p * n ^ 2
this✝⁴ : p ∣ m
k : ℕ
meq : m = k * p
this✝³ : p * (p * k ^ 2) = p * n ^ 2
this✝² : p * k ^ 2 = n ^ 2
this✝¹ : p ∣ n
this✝ : p ∣ m.gcd n
this : p ∣ 1
⊢ False",False,60,MIL.C05_Elementary_Number_Theory.solutions.Solutions_S01_Irrational_Roots,Qwen-7B-long,LENGTH,best_of_n,False,0,-1.0,t2,False
-1,False,28,"theorem t2 {m n p : ℕ} (coprime_mn : m.Coprime n) (prime_p : p.Prime) : m ^ 2 ≠ p * n ^ 2 := by
  intro sqr_eq
  have : p ∣ m := by
    apply prime_p.dvd_of_dvd_pow
    rw [sqr_eq]
    apply dvd_mul_right
  obtain ⟨k, meq⟩ := dvd_iff_exists_eq_mul_left.mp this
  have : p * (p * k ^ 2) = p * n ^ 2 := by
    rw [← sqr_eq, meq]
    ring
  have : p * k ^ 2 = n ^ 2 := by
    apply (mul_right_inj' _).mp this
    exact prime_p.ne_zero
  have : p ∣ n := by
    apply prime_p.dvd_of_dvd_pow
    rw [← this]
    apply dvd_mul_right
  have : p ∣ Nat.gcd m n := by apply Nat.dvd_gcd <;> assumption
  have : p ∣ 1 := by
    convert this
    symm
    exact coprime_mn
  have : 2 ≤ 1 := by
    apply prime_p.two_le.trans
    exact Nat.le_of_dvd zero_lt_one this
  norm_num at this

",,True,-1,"theorem t2 {m n p : ℕ} (coprime_mn : m.Coprime n) (prime_p : p.Prime) : m ^ 2 ≠ p * n ^ 2 := by
  intro sqr_eq
  have : p ∣ m := by
    apply prime_p.dvd_of_dvd_pow
    rw [sqr_eq]
    apply dvd_mul_right
  obtain ⟨k, meq⟩ := dvd_iff_exists_eq_mul_left.mp this
  have : p * (p * k ^ 2) = p * n ^ 2 := by
    rw [← sqr_eq, meq]
    ring
  have : p * k ^ 2 = n ^ 2 := by
    apply (mul_right_inj' _).mp this
    exact prime_p.ne_zero
  have : p ∣ n := by
    apply prime_p.dvd_of_dvd_pow
    rw [← this]
    apply dvd_mul_right
  have : p ∣ Nat.gcd m n :=
    Nat.dvd_gcd <;> assumption
  have : 1 = p := by
    convert this
    symm
    exact coprime_mn
  exact absurd this (two_le_one.mpr prime_p.two_le)



","💥️type mismatch
  Nat.dvd_gcd
has type
  ?m.6316 ∣ ?m.6317 → ?m.6316 ∣ ?m.6318 → ?m.6316 ∣ Nat.gcd ?m.6317 ?m.6318 : Prop
but is expected to have type
  p ∣ m.gcd n : Prop

💥️tactic 'assumption' failed
case intro
m n p : ℕ
coprime_mn : m.Coprime n
prime_p : Nat.Prime p
sqr_eq : m ^ 2 = p * n ^ 2
this✝³ : p ∣ m
k : ℕ
meq : m = k * p
this✝² : p * (p * k ^ 2) = p * n ^ 2
this✝¹ : p * k ^ 2 = n ^ 2
this✝ : p ∣ n
this : p ∣ m.gcd n
⊢ False",False,60,MIL.C05_Elementary_Number_Theory.solutions.Solutions_S01_Irrational_Roots,Qwen-7B-long,LENGTH,best_of_n,False,0,-1.0,t2,False
-1,False,28,"theorem t2 {m n p : ℕ} (coprime_mn : m.Coprime n) (prime_p : p.Prime) : m ^ 2 ≠ p * n ^ 2 := by
  intro sqr_eq
  have : p ∣ m := by
    apply prime_p.dvd_of_dvd_pow
    rw [sqr_eq]
    apply dvd_mul_right
  obtain ⟨k, meq⟩ := dvd_iff_exists_eq_mul_left.mp this
  have : p * (p * k ^ 2) = p * n ^ 2 := by
    rw [← sqr_eq, meq]
    ring
  have : p * k ^ 2 = n ^ 2 := by
    apply (mul_right_inj' _).mp this
    exact prime_p.ne_zero
  have : p ∣ n := by
    apply prime_p.dvd_of_dvd_pow
    rw [← this]
    apply dvd_mul_right
  have : p ∣ Nat.gcd m n := by apply Nat.dvd_gcd <;> assumption
  have : p ∣ 1 := by
    convert this
    symm
    exact coprime_mn
  have : 2 ≤ 1 := by
    apply prime_p.two_le.trans
    exact Nat.le_of_dvd zero_lt_one this
  norm_num at this

",,True,-1,"theorem t2 {m n p : ℕ} (coprime_mn : m.Coprime n) (prime_p : p.Prime) : m ^ 2 ≠ p * n ^ 2 := by
  intro sqr_eq
  have : p ∣ m := by
    apply prime_p.dvd_of_dvd_pow
    rw [sqr_eq]
    apply dvd_mul_right
  obtain ⟨k, meq⟩ := calc
    p ∣ m → ∃ k, m = p * k := Nat.dvd_mul_left.mpr (Nat.pos_iff_ne_zero.mp prime_p).le
    _ → p ∣ n := Nat.dvd_gcd_left m n.le.symm <.anyway>s
    p ∣ n := ?_
  have : p * (p * k ^ 2) = p * n ^ 2 := by
    rw [← sqr_eq, meq]
    ring
  have : p * k ^ 2 = n ^ 2 := by
    apply (mul_right_inj' _).mp this
    exact prime_p.ne_zero
  have : p ∣ n := by
    apply prime_p.dvd_of_dvd_pow
    rw [← this]
    apply dvd_mul_right
  have : p ∣ Nat.gcd m n := by apply Nat.dvd_gcd <;> assumption
  have : p ∣ 1 := by
    convert this
    symm
    exact coprime_mn.gcd_eq_one
  have : 2 ≤ 1 := by
    apply prime_p.two_le.trans
    exact Nat.le_of_dvd zero_lt_one this
  norm_num at this


","💥️invalid 'calc' step, relation expected
  p ∣ m → ∃ k, m = p * k

💥️unknown identifier 's'

💥️rcases tactic failed: x✝ : Prop is not an inductive datatype",False,60,MIL.C05_Elementary_Number_Theory.solutions.Solutions_S01_Irrational_Roots,Qwen-7B-long,LENGTH,best_of_n,False,0,-1.0,t2,False
-1,False,28,"theorem t2 {m n p : ℕ} (coprime_mn : m.Coprime n) (prime_p : p.Prime) : m ^ 2 ≠ p * n ^ 2 := by
  intro sqr_eq
  have : p ∣ m := by
    apply prime_p.dvd_of_dvd_pow
    rw [sqr_eq]
    apply dvd_mul_right
  obtain ⟨k, meq⟩ := dvd_iff_exists_eq_mul_left.mp this
  have : p * (p * k ^ 2) = p * n ^ 2 := by
    rw [← sqr_eq, meq]
    ring
  have : p * k ^ 2 = n ^ 2 := by
    apply (mul_right_inj' _).mp this
    exact prime_p.ne_zero
  have : p ∣ n := by
    apply prime_p.dvd_of_dvd_pow
    rw [← this]
    apply dvd_mul_right
  have : p ∣ Nat.gcd m n := by apply Nat.dvd_gcd <;> assumption
  have : p ∣ 1 := by
    convert this
    symm
    exact coprime_mn
  have : 2 ≤ 1 := by
    apply prime_p.two_le.trans
    exact Nat.le_of_dvd zero_lt_one this
  norm_num at this

",,True,-1,"theorem t2 {m n p : ℕ} (coprime_mn : m.Coprime n) (prime_p : p.Prime) : m ^ 2 ≠ p * n ^ 2 := by
  introالمربع
  have : p ∣ m := by
    apply prime_p.dvd_of_dvd_pow
    rw [المربع]
    apply dvd_mul_right
  obtain ⟨k, meq⟩ :=atzilerdiv_of_dvd_left.mp this
  have : p * (p * k ^ 2) = p * n ^ 2 := by
    rw [←المربع, meq]
    ring
  have : p * k ^ 2 = n ^ 2 := by
    apply (mul_right_inj' _).mp this
    exact prime_p.ne_zero
  have : p ∣ n := by
    apply prime_p.dvd_of_dvd_pow
    rw [← this]
    apply dvd_mul_right
  have : p ∣ Nat.gcd m n := by apply Nat.dvd_gcd <;> assumption
  have : p ∣ 1 := by
    convert this
    symm
    exact coprime_mn
  have : 2 ≤ 1 := by
    apply prime_p.two_le.trans
    exact Nat.le_of_dvd zero_lt_one this
  norm_num at this


","💥️unsolved goals
m n p : ℕ
coprime_mn : m.Coprime n
prime_p : Nat.Prime p
a✝ : m ^ 2 = p * n ^ 2
⊢ False",False,60,MIL.C05_Elementary_Number_Theory.solutions.Solutions_S01_Irrational_Roots,Qwen-7B-long,LENGTH,best_of_n,False,0,-1.0,t2,False
-1,False,28,"theorem t2 {m n p : ℕ} (coprime_mn : m.Coprime n) (prime_p : p.Prime) : m ^ 2 ≠ p * n ^ 2 := by
  intro sqr_eq
  have : p ∣ m := by
    apply prime_p.dvd_of_dvd_pow
    rw [sqr_eq]
    apply dvd_mul_right
  obtain ⟨k, meq⟩ := dvd_iff_exists_eq_mul_left.mp this
  have : p * (p * k ^ 2) = p * n ^ 2 := by
    rw [← sqr_eq, meq]
    ring
  have : p * k ^ 2 = n ^ 2 := by
    apply (mul_right_inj' _).mp this
    exact prime_p.ne_zero
  have : p ∣ n := by
    apply prime_p.dvd_of_dvd_pow
    rw [← this]
    apply dvd_mul_right
  have : p ∣ Nat.gcd m n := by apply Nat.dvd_gcd <;> assumption
  have : p ∣ 1 := by
    convert this
    symm
    exact coprime_mn
  have : 2 ≤ 1 := by
    apply prime_p.two_le.trans
    exact Nat.le_of_dvd zero_lt_one this
  norm_num at this

",,True,-1,"theorem t2 {m n p : ℕ} (coprime_mn : m.Coprime n) (prime_p : p.Prime) : m ^ 2 ≠ p * n ^ 2 := by
  intro sqr_eq
  have : p ∣ m := by
    apply prime_p.dvd_of_dvd_pow
    rw [sqr_eq]
    apply dvd_mul_right
  obtain ⟨k, meq⟩ := lcd_iff_exists_mul_left.mp this
  have : p * (p * k ^ 2) = p * n ^ 2 := by
    rw [← sqr_eq, meq]
    ring
  have : p * k ^ 2 = n ^ 2 := by
    exact (mul_right_inj' _).mp (this.symm) (prime_p.ne_zero)
  have : p ∣ n := by
    apply prime_p.dvd_of_dvd_pow
    rw [← this]
    apply dvd_mul_right
  have : p ∣ Nat.gcd m n := by apply Nat.dvd_gcd <;> assumption
  have : p ∣ 1 := by
    convert this
    symm
    exact coprime_mn.gcd_eq_one
  exact absurd this (prime_p.two_le.trans (Nat.le_of_dvd zero_lt_one this))



","💥️unknown identifier 'lcd_iff_exists_mul_left.mp'

💥️rcases tactic failed: x✝ : ?m.4692 is not an inductive datatype",False,60,MIL.C05_Elementary_Number_Theory.solutions.Solutions_S01_Irrational_Roots,Qwen-7B-long,LENGTH,best_of_n,False,0,-1.0,t2,False
-1,False,28,"theorem t2 {m n p : ℕ} (coprime_mn : m.Coprime n) (prime_p : p.Prime) : m ^ 2 ≠ p * n ^ 2 := by
  intro sqr_eq
  have : p ∣ m := by
    apply prime_p.dvd_of_dvd_pow
    rw [sqr_eq]
    apply dvd_mul_right
  obtain ⟨k, meq⟩ := dvd_iff_exists_eq_mul_left.mp this
  have : p * (p * k ^ 2) = p * n ^ 2 := by
    rw [← sqr_eq, meq]
    ring
  have : p * k ^ 2 = n ^ 2 := by
    apply (mul_right_inj' _).mp this
    exact prime_p.ne_zero
  have : p ∣ n := by
    apply prime_p.dvd_of_dvd_pow
    rw [← this]
    apply dvd_mul_right
  have : p ∣ Nat.gcd m n := by apply Nat.dvd_gcd <;> assumption
  have : p ∣ 1 := by
    convert this
    symm
    exact coprime_mn
  have : 2 ≤ 1 := by
    apply prime_p.two_le.trans
    exact Nat.le_of_dvd zero_lt_one this
  norm_num at this

",,True,-1,"theorem t2 {m n p : ℕ} (coprime_mn : m.Coprime n) (prime_p : p.Prime) : m ^ 2 ≠ p * n ^ 2 := by
  intro sqr_eq
  have : p ∣ m := by
    apply prime_p.dvd_of_dvd_pow
    rw [sqr_eq]
    apply dvd_mul_right
  obtain ⟨k, meq⟩ := dq_of_dvd.mp this
  have : p * (p * k ^ 2) = p * n ^ 2 := by
    rw [← sqr_eq, meq]
    ring
  have : p * k ^ 2 = n ^ 2 := by
    rw [mul_assoc_right, mul_assoc_right, mul_right_eq_self, mul_assoc_right, mul_assoc_left]
    exact this
  have : p ∣ n := by
    apply prime_p.dvd_of_dvd_pow
    rw [← this]
    apply dvd_mul_right
  have : p ∣ Nat.gcd m n := by apply Nat.dvd_gcd <;> assumption
  have : p ∣ 1 := by
    convert this
    symm
    exact coprime_mn
  have : 2 ≤ 1 := by
    apply prime_p.two_le.trans
    exact Nat.le_of_dvd zero_lt_one this
  norm_num at this


","💥️unknown identifier 'dq_of_dvd.mp'

💥️rcases tactic failed: x✝ : ?m.4692 is not an inductive datatype",False,60,MIL.C05_Elementary_Number_Theory.solutions.Solutions_S01_Irrational_Roots,Qwen-7B-long,LENGTH,best_of_n,False,0,-1.0,t2,False
-1,False,28,"theorem t2 {m n p : ℕ} (coprime_mn : m.Coprime n) (prime_p : p.Prime) : m ^ 2 ≠ p * n ^ 2 := by
  intro sqr_eq
  have : p ∣ m := by
    apply prime_p.dvd_of_dvd_pow
    rw [sqr_eq]
    apply dvd_mul_right
  obtain ⟨k, meq⟩ := dvd_iff_exists_eq_mul_left.mp this
  have : p * (p * k ^ 2) = p * n ^ 2 := by
    rw [← sqr_eq, meq]
    ring
  have : p * k ^ 2 = n ^ 2 := by
    apply (mul_right_inj' _).mp this
    exact prime_p.ne_zero
  have : p ∣ n := by
    apply prime_p.dvd_of_dvd_pow
    rw [← this]
    apply dvd_mul_right
  have : p ∣ Nat.gcd m n := by apply Nat.dvd_gcd <;> assumption
  have : p ∣ 1 := by
    convert this
    symm
    exact coprime_mn
  have : 2 ≤ 1 := by
    apply prime_p.two_le.trans
    exact Nat.le_of_dvd zero_lt_one this
  norm_num at this

",,True,-1,"theorem t2 {m n p : ℕ} (coprime_mn : m.Coprime n) (prime_p : p.Prime) : m ^ 2 ≠ p * n ^ 2 := by
  intro sqr_eq
  have : p ∣ m := by
    apply prime_p.dvd_of_dvd_pow
    rw [sqr_eq]
    apply dvd_mul_right
  obtain ⟨k, meq⟩ := dvd_iff_exists_eq_mul_left.mp this
  have : p * (p * k ^ 2) = p * n ^ 2 := by
    rw [← sqr_eq, meq]
    ring
  have : p * k ^ 2 = n ^ 2 := by
    apply (mul_right_inj' _).mp this
    exact prime_p.ne_zero
  have : p ∣ n := by
    apply prime_p.dvd_of_dvd_pow
    rw [← this]
    apply dvd_mul_right
  have : p ∣ Nat.gcd m n := by apply Nat.dvd_gcd <;> assumption
  have : p ∣ 1 := by
    convert this
    symm
    exact coprime_mn
  exact Nat.not_dvd_one (p := p) <| this",💥️unknown constant 'Nat.not_dvd_one',False,60,MIL.C05_Elementary_Number_Theory.solutions.Solutions_S01_Irrational_Roots,Qwen-7B-long,LENGTH,best_of_n,False,0,-1.0,t2,False
-1,False,28,"theorem t2 {m n p : ℕ} (coprime_mn : m.Coprime n) (prime_p : p.Prime) : m ^ 2 ≠ p * n ^ 2 := by
  intro sqr_eq
  have : p ∣ m := by
    apply prime_p.dvd_of_dvd_pow
    rw [sqr_eq]
    apply dvd_mul_right
  obtain ⟨k, meq⟩ := dvd_iff_exists_eq_mul_left.mp this
  have : p * (p * k ^ 2) = p * n ^ 2 := by
    rw [← sqr_eq, meq]
    ring
  have : p * k ^ 2 = n ^ 2 := by
    apply (mul_right_inj' _).mp this
    exact prime_p.ne_zero
  have : p ∣ n := by
    apply prime_p.dvd_of_dvd_pow
    rw [← this]
    apply dvd_mul_right
  have : p ∣ Nat.gcd m n := by apply Nat.dvd_gcd <;> assumption
  have : p ∣ 1 := by
    convert this
    symm
    exact coprime_mn
  have : 2 ≤ 1 := by
    apply prime_p.two_le.trans
    exact Nat.le_of_dvd zero_lt_one this
  norm_num at this

",,True,-1,"theorem t2 {m n p : ℕ} (coprime_mn : m.Coprime n) (prime_p : p.Prime) : m ^ 2 ≠ p * n ^ 2 := by
  intro sqr_eq
  have : p ∣ m := by
    apply prime_p.dvd_of_dvd_pow
    rw [sqr_eq]
    apply dvd_mul_right
  obtain ⟨k, meq⟩ := dvd_iff_exists_eq_mul_left.mp this
  have : p * (p * k ^ 2) = p * n ^ 2 := by
    rw [← sqr_eq, meq]
    ring
  have : p * k ^ 2 = n ^ 2 := by
    apply (mul_right_inj' _).mp this
    exact prime_p.ne_zero
  have : p ∣ n := by
    apply prime_p.dvd_of_dvd_pow
    rw [← this]
    apply dvd_mul_right
  have : p ∣ Nat.gcd m n := by apply Nat.dvd_gcd <;> assumption
  have : p ∣ 1 := by
    convert this
    symm
    exact coprime_mn
  omega


","💥️omega could not prove the goal:
a possible counterexample may satisfy the constraints
  c ≥ 0
  b ≥ 0
  a ≥ 0
where
 a := ↑k * ↑p
 b := ↑p * ↑(p * k ^ 2)
 c := ↑(n ^ 2)",False,60,MIL.C05_Elementary_Number_Theory.solutions.Solutions_S01_Irrational_Roots,Qwen-7B-long,LENGTH,best_of_n,False,0,-1.0,t2,False
-1,False,28,"theorem t2 {m n p : ℕ} (coprime_mn : m.Coprime n) (prime_p : p.Prime) : m ^ 2 ≠ p * n ^ 2 := by
  intro sqr_eq
  have : p ∣ m := by
    apply prime_p.dvd_of_dvd_pow
    rw [sqr_eq]
    apply dvd_mul_right
  obtain ⟨k, meq⟩ := dvd_iff_exists_eq_mul_left.mp this
  have : p * (p * k ^ 2) = p * n ^ 2 := by
    rw [← sqr_eq, meq]
    ring
  have : p * k ^ 2 = n ^ 2 := by
    apply (mul_right_inj' _).mp this
    exact prime_p.ne_zero
  have : p ∣ n := by
    apply prime_p.dvd_of_dvd_pow
    rw [← this]
    apply dvd_mul_right
  have : p ∣ Nat.gcd m n := by apply Nat.dvd_gcd <;> assumption
  have : p ∣ 1 := by
    convert this
    symm
    exact coprime_mn
  have : 2 ≤ 1 := by
    apply prime_p.two_le.trans
    exact Nat.le_of_dvd zero_lt_one this
  norm_num at this

",,True,-1,"lemma t2 {m n p : ℕ} (coprime_mn : m.Coprime n) (prime_p : p.Prime) : m ^ 2 ≠ p * n ^ 2 := by
  intro sqr_eq
  have : p ∣ m := by
    apply prime_p.dvd_of_dvd_pow
    rw [sqr_eq]
    apply dvd_mul_right
  obtain ⟨k, meq⟩ := get_of_dvd this
  have : p * (p * k ^ 2) = p * n ^ 2 := by
    rw [← sqr_eq, meq]
    ring
  have : p * k ^ 2 = n ^ 2 := by
    apply (mul_right_inj' _).mp this
    exact prime_p.ne_zero
  have : p ∣ n := by
    apply prime_p.dvd_of_dvd_pow
    rw [← this]
    apply dvd_mul_right
  have : p ∣ Nat.gcd m n := by apply Nat.dvd_gcd <;> assumption
  have : p ∣ 1 := by
    convert this
    symm
    exact coprime_mn
  exact Nat.dvd_le_one_iff.mp this <| by apply prime_p.two_le; exact Nat.le_of_dvd this rfl
","💥️unknown identifier 'get_of_dvd'

💥️rcases tactic failed: x✝ : ?m.4692 is not an inductive datatype",False,60,MIL.C05_Elementary_Number_Theory.solutions.Solutions_S01_Irrational_Roots,Qwen-7B-long,LENGTH,best_of_n,False,0,-1.0,t2,False
-1,False,28,"theorem t2 {m n p : ℕ} (coprime_mn : m.Coprime n) (prime_p : p.Prime) : m ^ 2 ≠ p * n ^ 2 := by
  intro sqr_eq
  have : p ∣ m := by
    apply prime_p.dvd_of_dvd_pow
    rw [sqr_eq]
    apply dvd_mul_right
  obtain ⟨k, meq⟩ := dvd_iff_exists_eq_mul_left.mp this
  have : p * (p * k ^ 2) = p * n ^ 2 := by
    rw [← sqr_eq, meq]
    ring
  have : p * k ^ 2 = n ^ 2 := by
    apply (mul_right_inj' _).mp this
    exact prime_p.ne_zero
  have : p ∣ n := by
    apply prime_p.dvd_of_dvd_pow
    rw [← this]
    apply dvd_mul_right
  have : p ∣ Nat.gcd m n := by apply Nat.dvd_gcd <;> assumption
  have : p ∣ 1 := by
    convert this
    symm
    exact coprime_mn
  have : 2 ≤ 1 := by
    apply prime_p.two_le.trans
    exact Nat.le_of_dvd zero_lt_one this
  norm_num at this

",,True,-1,"@[deprecated t2 (since := ""2024-10-12"")]
theorem t2 {m n p : ℕ} (coprime_mn : m.Coprime n) (prime_p : p.Prime) : m ^ 2 ≠ p * n ^ 2 := t2
","💥️type mismatch
  t2
has type
  Nat.Coprime ?m.4598 ?m.4599 → Nat.Prime ?m.4600 → ?m.4598 ^ 2 ≠ ?m.4600 * ?m.4599 ^ 2 : Prop
but is expected to have type
  m ^ 2 ≠ p * n ^ 2 : Prop",False,60,MIL.C05_Elementary_Number_Theory.solutions.Solutions_S01_Irrational_Roots,Qwen-7B-long,LENGTH,best_of_n,False,0,-1.0,t2,False
-1,False,28,"theorem t2 {m n p : ℕ} (coprime_mn : m.Coprime n) (prime_p : p.Prime) : m ^ 2 ≠ p * n ^ 2 := by
  intro sqr_eq
  have : p ∣ m := by
    apply prime_p.dvd_of_dvd_pow
    rw [sqr_eq]
    apply dvd_mul_right
  obtain ⟨k, meq⟩ := dvd_iff_exists_eq_mul_left.mp this
  have : p * (p * k ^ 2) = p * n ^ 2 := by
    rw [← sqr_eq, meq]
    ring
  have : p * k ^ 2 = n ^ 2 := by
    apply (mul_right_inj' _).mp this
    exact prime_p.ne_zero
  have : p ∣ n := by
    apply prime_p.dvd_of_dvd_pow
    rw [← this]
    apply dvd_mul_right
  have : p ∣ Nat.gcd m n := by apply Nat.dvd_gcd <;> assumption
  have : p ∣ 1 := by
    convert this
    symm
    exact coprime_mn
  have : 2 ≤ 1 := by
    apply prime_p.two_le.trans
    exact Nat.le_of_dvd zero_lt_one this
  norm_num at this

",,True,-1,"theorem t2 {m n p : ℕ} (coprime_mn : m.Coprime n) (prime_p : p.Prime) : m ^ 2 ≠ p * n ^ 2 := by
  intro s
  have : p ∣ m := by
    apply prime_p.dvd_of_dvd_pow
    rw [s]
    apply dvd_mul_right
  obtain ⟨k, meq⟩ := p.dvd_iff_exists_eq_mul_left.mp this
  have : p * (p * k ^ 2) = p * n ^ 2 := by
    rw [← s, meq]
    ring
  have : p * k ^ 2 = n ^ 2 := by
    apply (mul_right_inj' _).mp this
    exact prime_p.ne_zero
  have : p ∣ n := by
    apply prime_p.dvd_of_dvd_pow
    rw [← this]
    apply dvd_mul_right
  have : p ∣ Nat.gcd m n := by apply Nat.dvd_gcd <;> assumption
  have : p ∣ 1 := by
    convert this
    symm
    exact coprime_mn.gcd_eq_one
  have : 2 ≤ 1 := by
    apply prime_p.two_le.trans
    exact Nat.le_of_dvd zero_lt_one this
  norm_num at this


","💥️invalid field 'dvd_iff_exists_eq_mul_left', the environment does not contain 'Nat.dvd_iff_exists_eq_mul_left'
  p
has type
  ℕ

💥️rcases tactic failed: x✝ : ?m.4692 is not an inductive datatype",False,60,MIL.C05_Elementary_Number_Theory.solutions.Solutions_S01_Irrational_Roots,Qwen-7B-long,LENGTH,best_of_n,False,0,-1.0,t2,False
-1,False,28,"theorem t2 {m n p : ℕ} (coprime_mn : m.Coprime n) (prime_p : p.Prime) : m ^ 2 ≠ p * n ^ 2 := by
  intro sqr_eq
  have : p ∣ m := by
    apply prime_p.dvd_of_dvd_pow
    rw [sqr_eq]
    apply dvd_mul_right
  obtain ⟨k, meq⟩ := dvd_iff_exists_eq_mul_left.mp this
  have : p * (p * k ^ 2) = p * n ^ 2 := by
    rw [← sqr_eq, meq]
    ring
  have : p * k ^ 2 = n ^ 2 := by
    apply (mul_right_inj' _).mp this
    exact prime_p.ne_zero
  have : p ∣ n := by
    apply prime_p.dvd_of_dvd_pow
    rw [← this]
    apply dvd_mul_right
  have : p ∣ Nat.gcd m n := by apply Nat.dvd_gcd <;> assumption
  have : p ∣ 1 := by
    convert this
    symm
    exact coprime_mn
  have : 2 ≤ 1 := by
    apply prime_p.two_le.trans
    exact Nat.le_of_dvd zero_lt_one this
  norm_num at this

",,True,-1,"theorem t2 {m n p : ℕ} (coprime_mn : m.Coprime n) (prime_p : p.Prime) : m ^ 2 ≠ p * n ^ 2 := by
  intro sqr_eq
  have : p ∣ m := by
    apply prime_p.dvd_of_dvd_pow
    rw [sqr_eq]
    apply dvd_mul_right
  obtain ⟨k, meq⟩ := dvd_iff_exists_eq_mul_left.mp this
  have : p * (p * k ^ 2) = p * n ^ 2 := by
    rw [← sqr_eq, meq]
    ring
  have : p * k ^ 2 = n ^ 2 := by
    apply (mul_right_inj' _).mp this
    exact prime_p.ne_zero
  have : p ∣ n := by
    apply prime_p.dvd_of_dvd_pow
    rw [← this]
    apply dvd_mul_right
  have : p ∣ Nat.gcd m n := by apply Nat.dvd_gcd <;> assumption
  have : p ∣ 1 := by
    convert this
    symm
    exact coprime_mn
  exact Nat.lt_of_dvd (prime_p.one_lt) this


",💥️unknown constant 'Nat.lt_of_dvd',False,60,MIL.C05_Elementary_Number_Theory.solutions.Solutions_S01_Irrational_Roots,Qwen-7B-long,LENGTH,best_of_n,False,0,-1.0,t2,False
-1,False,28,"theorem t2 {m n p : ℕ} (coprime_mn : m.Coprime n) (prime_p : p.Prime) : m ^ 2 ≠ p * n ^ 2 := by
  intro sqr_eq
  have : p ∣ m := by
    apply prime_p.dvd_of_dvd_pow
    rw [sqr_eq]
    apply dvd_mul_right
  obtain ⟨k, meq⟩ := dvd_iff_exists_eq_mul_left.mp this
  have : p * (p * k ^ 2) = p * n ^ 2 := by
    rw [← sqr_eq, meq]
    ring
  have : p * k ^ 2 = n ^ 2 := by
    apply (mul_right_inj' _).mp this
    exact prime_p.ne_zero
  have : p ∣ n := by
    apply prime_p.dvd_of_dvd_pow
    rw [← this]
    apply dvd_mul_right
  have : p ∣ Nat.gcd m n := by apply Nat.dvd_gcd <;> assumption
  have : p ∣ 1 := by
    convert this
    symm
    exact coprime_mn
  have : 2 ≤ 1 := by
    apply prime_p.two_le.trans
    exact Nat.le_of_dvd zero_lt_one this
  norm_num at this

",,True,28,"theorem t2 {m n p : ℕ} (coprime_mn : m.Coprime n) (prime_p : p.Prime) : m ^ 2 ≠ p * n ^ 2 := by
  intro sqr_eq
  have : p ∣ m := by
    apply prime_p.dvd_of_dvd_pow
    rw [sqr_eq]
    apply dvd_mul_right
  obtain ⟨k, meq⟩ := dvd_iff_exists_eq_mul_left.mp this
  have : p * (p * k ^ 2) = p * n ^ 2 := by
    rw [← sqr_eq, meq]
    ring
  have : p * k ^ 2 = n ^ 2 := by
    apply (mul_right_inj' _).mp this
    exact prime_p.ne_zero
  have : p ∣ n := by
    apply prime_p.dvd_of_dvd_pow
    rw [← this]
    apply dvd_mul_right
  have : p ∣ Nat.gcd m n := by apply Nat.dvd_gcd <;> assumption
  have : p ∣ 1 := by
    convert this
    symm
    exact coprime_mn
  have : 2 ≤ 1 := by
    apply prime_p.two_le.trans
    exact Nat.le_of_dvd zero_lt_one this
  norm_num at this


",,True,60,MIL.C05_Elementary_Number_Theory.solutions.Solutions_S01_Irrational_Roots,Qwen-7B-long,LENGTH,best_of_n,False,0,0.0,t2,False
-1,False,28,"theorem t2 {m n p : ℕ} (coprime_mn : m.Coprime n) (prime_p : p.Prime) : m ^ 2 ≠ p * n ^ 2 := by
  intro sqr_eq
  have : p ∣ m := by
    apply prime_p.dvd_of_dvd_pow
    rw [sqr_eq]
    apply dvd_mul_right
  obtain ⟨k, meq⟩ := dvd_iff_exists_eq_mul_left.mp this
  have : p * (p * k ^ 2) = p * n ^ 2 := by
    rw [← sqr_eq, meq]
    ring
  have : p * k ^ 2 = n ^ 2 := by
    apply (mul_right_inj' _).mp this
    exact prime_p.ne_zero
  have : p ∣ n := by
    apply prime_p.dvd_of_dvd_pow
    rw [← this]
    apply dvd_mul_right
  have : p ∣ Nat.gcd m n := by apply Nat.dvd_gcd <;> assumption
  have : p ∣ 1 := by
    convert this
    symm
    exact coprime_mn
  have : 2 ≤ 1 := by
    apply prime_p.two_le.trans
    exact Nat.le_of_dvd zero_lt_one this
  norm_num at this

",,True,-1,"#align measure_theory.LebesgueIntegral_and_LebesgueIntegrable_measure measure_theory.LebesgueIntegral_and_LebesgueIntegrable_measure

@[deprecated]
theorem t2 := t2 (since := ""2024-10-05"")]
","💥️unexpected token '#'; expected command

💥️unexpected token ':='; expected ':'",False,60,MIL.C05_Elementary_Number_Theory.solutions.Solutions_S01_Irrational_Roots,Qwen-7B-long,LENGTH,best_of_n,False,0,-1.0,t2,False
-1,False,28,"theorem t2 {m n p : ℕ} (coprime_mn : m.Coprime n) (prime_p : p.Prime) : m ^ 2 ≠ p * n ^ 2 := by
  intro sqr_eq
  have : p ∣ m := by
    apply prime_p.dvd_of_dvd_pow
    rw [sqr_eq]
    apply dvd_mul_right
  obtain ⟨k, meq⟩ := dvd_iff_exists_eq_mul_left.mp this
  have : p * (p * k ^ 2) = p * n ^ 2 := by
    rw [← sqr_eq, meq]
    ring
  have : p * k ^ 2 = n ^ 2 := by
    apply (mul_right_inj' _).mp this
    exact prime_p.ne_zero
  have : p ∣ n := by
    apply prime_p.dvd_of_dvd_pow
    rw [← this]
    apply dvd_mul_right
  have : p ∣ Nat.gcd m n := by apply Nat.dvd_gcd <;> assumption
  have : p ∣ 1 := by
    convert this
    symm
    exact coprime_mn
  have : 2 ≤ 1 := by
    apply prime_p.two_le.trans
    exact Nat.le_of_dvd zero_lt_one this
  norm_num at this

",,True,28,"theorem t2 {m n p : ℕ} (coprime_mn : m.Coprime n) (prime_p : p.Prime) : m ^ 2 ≠ p * n ^ 2 := by
  intro sqr_eq
  have : p ∣ m := by
    apply prime_p.dvd_of_dvd_pow
    rw [sqr_eq]
    apply dvd_mul_right
  obtain ⟨k, meq⟩ := dvd_iff_exists_eq_mul_left.mp this
  have : p * (p * k ^ 2) = p * n ^ 2 := by
    rw [← sqr_eq, meq]
    ring
  have : p * k ^ 2 = n ^ 2 := by
    apply (mul_right_inj' _).mp this
    exact prime_p.ne_zero
  have : p ∣ n := by
    apply prime_p.dvd_of_dvd_pow
    rw [← this]
    apply dvd_mul_right
  have : p ∣ Nat.gcd m n := by apply Nat.dvd_gcd <;> assumption
  have : p ∣ 1 := by
    convert this
    symm
    exact coprime_mn
  have : 2 ≤ 1 := by
    apply prime_p.two_le.trans
    exact Nat.le_of_dvd zero_lt_one this
  norm_num at this


",,True,60,MIL.C05_Elementary_Number_Theory.solutions.Solutions_S01_Irrational_Roots,Qwen-7B-long,LENGTH,best_of_n,False,0,0.0,t2,False
-1,False,28,"theorem t2 {m n p : ℕ} (coprime_mn : m.Coprime n) (prime_p : p.Prime) : m ^ 2 ≠ p * n ^ 2 := by
  intro sqr_eq
  have : p ∣ m := by
    apply prime_p.dvd_of_dvd_pow
    rw [sqr_eq]
    apply dvd_mul_right
  obtain ⟨k, meq⟩ := dvd_iff_exists_eq_mul_left.mp this
  have : p * (p * k ^ 2) = p * n ^ 2 := by
    rw [← sqr_eq, meq]
    ring
  have : p * k ^ 2 = n ^ 2 := by
    apply (mul_right_inj' _).mp this
    exact prime_p.ne_zero
  have : p ∣ n := by
    apply prime_p.dvd_of_dvd_pow
    rw [← this]
    apply dvd_mul_right
  have : p ∣ Nat.gcd m n := by apply Nat.dvd_gcd <;> assumption
  have : p ∣ 1 := by
    convert this
    symm
    exact coprime_mn
  have : 2 ≤ 1 := by
    apply prime_p.two_le.trans
    exact Nat.le_of_dvd zero_lt_one this
  norm_num at this

",,True,-1,"theorem t2 {m n p : ℕ} (coprime_mn : m.Coprime n) (prime_p : p.Prime) : m ^ 2 ≠ p * n ^ 2 := by
  intro sqrt_eq
  obtain ⟨a, b⟩ := exists_of_dvd (m / p)
  rw [← mul_dvd_mul_left] at sqrt_eq
  exact (mul_left_sub_right_eq zero_lt_one).le (coprime_mn.lt p.le <| by rwa [Nat.gcd_zero_right])

","💥️unknown identifier 'exists_of_dvd'

💥️rcases tactic failed: x✝ : ?m.4603 is not an inductive datatype",False,60,MIL.C05_Elementary_Number_Theory.solutions.Solutions_S01_Irrational_Roots,Qwen-7B-long,LENGTH,best_of_n,False,0,-1.0,t2,False
-1,False,28,"theorem t2 {m n p : ℕ} (coprime_mn : m.Coprime n) (prime_p : p.Prime) : m ^ 2 ≠ p * n ^ 2 := by
  intro sqr_eq
  have : p ∣ m := by
    apply prime_p.dvd_of_dvd_pow
    rw [sqr_eq]
    apply dvd_mul_right
  obtain ⟨k, meq⟩ := dvd_iff_exists_eq_mul_left.mp this
  have : p * (p * k ^ 2) = p * n ^ 2 := by
    rw [← sqr_eq, meq]
    ring
  have : p * k ^ 2 = n ^ 2 := by
    apply (mul_right_inj' _).mp this
    exact prime_p.ne_zero
  have : p ∣ n := by
    apply prime_p.dvd_of_dvd_pow
    rw [← this]
    apply dvd_mul_right
  have : p ∣ Nat.gcd m n := by apply Nat.dvd_gcd <;> assumption
  have : p ∣ 1 := by
    convert this
    symm
    exact coprime_mn
  have : 2 ≤ 1 := by
    apply prime_p.two_le.trans
    exact Nat.le_of_dvd zero_lt_one this
  norm_num at this

",,True,-1,"theorem t2 {m n p : ℕ} (coprime_mn : m.Coprime n) (prime_p : p.Prime) : m ^ 2 ≠ p * n ^ 2 := by
  intro sqr_eq
  have : p ∣ m := by
    apply prime_p.dvd_of_dvd_pow
    rw [sqr_eq]
    apply mul_dvd_mul_left
  obtain ⟨k, meq⟩ := @eq_of_mul_eq_mul_left _ p.ne_zero <| this
  have : p * (p * k ^ 2) = p * n ^ 2 := by
    rw [← sinq]
    linear_combination meq
  have : p * k ^ 2 = n ^ 2 := by
    apply (mul_right_inj' _).mp this
    exact prime_p.ne_zero
  have : p ∣ n := by
    apply prime_p.dvd_of_dvd_pow
    rw [← this]
    apply mul_dvd_mul_left
  have : p ∣ Nat.gcd m n := by apply Nat.dvd_gcd <;> assumption
  have : p ∣ 1 := by
    convert this
    symm
    exact coprime_mn
  have : 2 ≤ 1 := by
    nodup_range
    exact prime_p.two_le.trans <| Nat.le_of_dvd zero_lt_one this
  norm_num at this


","💥️unknown tactic

💥️tactic 'apply' failed, failed to unify
  ?a * ?b ∣ ?a * ?c
with
  p ∣ p * n ^ 2
m n p : ℕ
coprime_mn : m.Coprime n
prime_p : Nat.Prime p
sqr_eq : m ^ 2 = p * n ^ 2
⊢ p ∣ p * n ^ 2",False,60,MIL.C05_Elementary_Number_Theory.solutions.Solutions_S01_Irrational_Roots,Qwen-7B-long,LENGTH,best_of_n,False,0,-1.0,t2,False
-1,False,28,"theorem t2 {m n p : ℕ} (coprime_mn : m.Coprime n) (prime_p : p.Prime) : m ^ 2 ≠ p * n ^ 2 := by
  intro sqr_eq
  have : p ∣ m := by
    apply prime_p.dvd_of_dvd_pow
    rw [sqr_eq]
    apply dvd_mul_right
  obtain ⟨k, meq⟩ := dvd_iff_exists_eq_mul_left.mp this
  have : p * (p * k ^ 2) = p * n ^ 2 := by
    rw [← sqr_eq, meq]
    ring
  have : p * k ^ 2 = n ^ 2 := by
    apply (mul_right_inj' _).mp this
    exact prime_p.ne_zero
  have : p ∣ n := by
    apply prime_p.dvd_of_dvd_pow
    rw [← this]
    apply dvd_mul_right
  have : p ∣ Nat.gcd m n := by apply Nat.dvd_gcd <;> assumption
  have : p ∣ 1 := by
    convert this
    symm
    exact coprime_mn
  have : 2 ≤ 1 := by
    apply prime_p.two_le.trans
    exact Nat.le_of_dvd zero_lt_one this
  norm_num at this

",,True,-1,"theorem t2 {m n p : ℕ} (coprime_mn : m.Coprime n) (prime_p : p.Prime) : m ^ 2 ≠ p * n ^ 2 := by
  intro sqr_eq
  have : p ∣ m := by
    apply prime_p.dvd_of_dvd_pow
    rw [sqr_eq]
    apply dvd_mul_right
  obtain ⟨k, meq⟩ :=vd_div_right.mp this
  have : p * (p * k ^ 2) = p * n ^ 2 := by
    rw [← sqr_eq, meq]
    ring
  have : p * k ^ 2 = n ^ 2 := by
    apply (mul_right_inj' _).mp this
    exact prime_p.ne_zero
  have : p ∣ n := by
    apply prime_p.dvd_of_dvd_pow
    rw [← this]
    apply dvd_mul_right
  have : p ∣ Nat.gcd m n := by apply Nat.dvd_gcd <;> assumption
  have : p ∣ 1 := by
    convert this
    symm
    exact coprime_mn
  have : 2 ≤ 1 := by
    apply prime_p.two_le.trans
    exact Nat.le_of_dvd zero_lt_one this
  norm_num at this


","💥️unknown identifier 'vd_div_right.mp'

💥️rcases tactic failed: x✝ : ?m.4692 is not an inductive datatype",False,60,MIL.C05_Elementary_Number_Theory.solutions.Solutions_S01_Irrational_Roots,Qwen-7B-long,LENGTH,best_of_n,False,0,-1.0,t2,False
-1,False,28,"theorem t2 {m n p : ℕ} (coprime_mn : m.Coprime n) (prime_p : p.Prime) : m ^ 2 ≠ p * n ^ 2 := by
  intro sqr_eq
  have : p ∣ m := by
    apply prime_p.dvd_of_dvd_pow
    rw [sqr_eq]
    apply dvd_mul_right
  obtain ⟨k, meq⟩ := dvd_iff_exists_eq_mul_left.mp this
  have : p * (p * k ^ 2) = p * n ^ 2 := by
    rw [← sqr_eq, meq]
    ring
  have : p * k ^ 2 = n ^ 2 := by
    apply (mul_right_inj' _).mp this
    exact prime_p.ne_zero
  have : p ∣ n := by
    apply prime_p.dvd_of_dvd_pow
    rw [← this]
    apply dvd_mul_right
  have : p ∣ Nat.gcd m n := by apply Nat.dvd_gcd <;> assumption
  have : p ∣ 1 := by
    convert this
    symm
    exact coprime_mn
  have : 2 ≤ 1 := by
    apply prime_p.two_le.trans
    exact Nat.le_of_dvd zero_lt_one this
  norm_num at this

",,True,-1,"theorem t2 {m n p : ℕ} (coprime_mn : m.Coprime n) (prime_p : p.Prime) : m ^ 2 ≠ p * n ^ 2 := by
  intro sqr_eq
  have : p ∣ m := by
    apply prime_p.dvd_of_dvd_pow
    rw [sqr_eq]
    apply dvd_mul_right
  obtain ⟨k, meq⟩ := dif_pos.eq_mul_right.mp this
  have : p * (p * k ^ 2) = p * n ^ 2 := by
    rw [← sqr_eq, meq]
    omega
  have : p * k ^ 2 = n ^ 2 := by
    apply (mul_right_inj' _).mp this
    exact prime_p.ne_zero
  have : p ∣ n := by
    apply prime_p.dvd_of_dvd_pow
    rw [← this]
    apply dvd_mul_right
  have : p ∣ Nat.gcd m n := by assumption
  have : p ∣ 1 := by omega
  exact this ▸ coprime_mn
","💥️invalid field notation, type is not of the form (C ...) where C is a constant
  dif_pos
has type
  ∀ (hc : ?m.4692) {α : Sort ?u.4691} {t : ?m.4692 → α} {e : ¬?m.4692 → α}, dite ?m.4692 t e = t hc

💥️rcases tactic failed: x✝ : ?m.4695 is not an inductive datatype",False,60,MIL.C05_Elementary_Number_Theory.solutions.Solutions_S01_Irrational_Roots,Qwen-7B-long,LENGTH,best_of_n,False,0,-1.0,t2,False
-1,False,28,"theorem t2 {m n p : ℕ} (coprime_mn : m.Coprime n) (prime_p : p.Prime) : m ^ 2 ≠ p * n ^ 2 := by
  intro sqr_eq
  have : p ∣ m := by
    apply prime_p.dvd_of_dvd_pow
    rw [sqr_eq]
    apply dvd_mul_right
  obtain ⟨k, meq⟩ := dvd_iff_exists_eq_mul_left.mp this
  have : p * (p * k ^ 2) = p * n ^ 2 := by
    rw [← sqr_eq, meq]
    ring
  have : p * k ^ 2 = n ^ 2 := by
    apply (mul_right_inj' _).mp this
    exact prime_p.ne_zero
  have : p ∣ n := by
    apply prime_p.dvd_of_dvd_pow
    rw [← this]
    apply dvd_mul_right
  have : p ∣ Nat.gcd m n := by apply Nat.dvd_gcd <;> assumption
  have : p ∣ 1 := by
    convert this
    symm
    exact coprime_mn
  have : 2 ≤ 1 := by
    apply prime_p.two_le.trans
    exact Nat.le_of_dvd zero_lt_one this
  norm_num at this

",,True,-1,"theorem t2 {m n p : ℕ} (coprime_mn : m.Coprime n) (prime_p : p.Prime) : m ^ 2 ≠ p * n ^ 2 := by
  intro sqr_eq
  have : p ∣ m := by
    apply prime_p.dvd_of_dvd_pow
    rw [sqr_eq]
    apply dvd_mul_right
  obtain ⟨k, meq⟩ := dvd_iff_exists_eq_mul_left.mp this
  have : p * (p * k ^ 2) = p * n ^ 2 := by
    rw [← sqr_eq, meq]
    ring
  have : p * k ^ 2 = n ^ 2 := by
    apply (mul_right_inj' _).mp this
    exact prime_p.ne_zero
  have : p ∣ n := by
    apply prime_p.dvd_of_dvd_pow
    rw [← this]
    apply dvd_mul_right
  have : p ∣ Nat.gcd m n := by apply Nat.dvd_gcd <;> assumption
  have : p ∣ 1 := by
    convert this
    symm
    exact coprime_mn
  exact Nat.dvd_one p


","💥️function expected at
  Nat.dvd_one
term has type
  ?m.7409 ∣ 1 ↔ ?m.7409 = 1",False,60,MIL.C05_Elementary_Number_Theory.solutions.Solutions_S01_Irrational_Roots,Qwen-7B-long,LENGTH,best_of_n,False,0,-1.0,t2,False
-1,False,28,"theorem t2 {m n p : ℕ} (coprime_mn : m.Coprime n) (prime_p : p.Prime) : m ^ 2 ≠ p * n ^ 2 := by
  intro sqr_eq
  have : p ∣ m := by
    apply prime_p.dvd_of_dvd_pow
    rw [sqr_eq]
    apply dvd_mul_right
  obtain ⟨k, meq⟩ := dvd_iff_exists_eq_mul_left.mp this
  have : p * (p * k ^ 2) = p * n ^ 2 := by
    rw [← sqr_eq, meq]
    ring
  have : p * k ^ 2 = n ^ 2 := by
    apply (mul_right_inj' _).mp this
    exact prime_p.ne_zero
  have : p ∣ n := by
    apply prime_p.dvd_of_dvd_pow
    rw [← this]
    apply dvd_mul_right
  have : p ∣ Nat.gcd m n := by apply Nat.dvd_gcd <;> assumption
  have : p ∣ 1 := by
    convert this
    symm
    exact coprime_mn
  have : 2 ≤ 1 := by
    apply prime_p.two_le.trans
    exact Nat.le_of_dvd zero_lt_one this
  norm_num at this

",,True,-1,"theorem t2 {m n p : ℕ} (coprime_mn : m.Coprime n) (prime_p : p.Prime) : m ^ 2 ≠ p * n ^ 2 := by
  intro sqr_eq
  have : p ∣ m := by
    apply prime_p.dvd_of_dvd_pow
    rw [sqr_eq]
    apply dvd_mul_right
  obtain ⟨k, meq⟩ := dvd_iff_exists_eq_mul_left.mp this
  have : p * (p * k ^ 2) = p * n ^ 2 := by
    rw [← sqr_eq, meq]
    ring
  have : p * k ^ 2 = n ^ 2 := by
    apply (mul_right_inj' _).mp this
    exact prime_p.ne_zero
  have : p ∣ n := by
    apply prime_p.dvd_of_dvd_pow
    rw [← this]
    apply dvd_mul_right
  have : p ∣ Nat.gcd m n := by apply Nat.dvd_gcd <;> assumption
  have : p ∣ 1 := by
    convert this
    symm
    exact coprime_mn
  exact Nat.le_of_dvd zero_lt_one this


","💥️type mismatch
  Nat.le_of_dvd zero_lt_one this
has type
  p ≤ 1 : Prop
but is expected to have type
  False : Prop",False,60,MIL.C05_Elementary_Number_Theory.solutions.Solutions_S01_Irrational_Roots,Qwen-7B-long,LENGTH,best_of_n,False,0,-1.0,t2,False
-1,False,28,"theorem t2 {m n p : ℕ} (coprime_mn : m.Coprime n) (prime_p : p.Prime) : m ^ 2 ≠ p * n ^ 2 := by
  intro sqr_eq
  have : p ∣ m := by
    apply prime_p.dvd_of_dvd_pow
    rw [sqr_eq]
    apply dvd_mul_right
  obtain ⟨k, meq⟩ := dvd_iff_exists_eq_mul_left.mp this
  have : p * (p * k ^ 2) = p * n ^ 2 := by
    rw [← sqr_eq, meq]
    ring
  have : p * k ^ 2 = n ^ 2 := by
    apply (mul_right_inj' _).mp this
    exact prime_p.ne_zero
  have : p ∣ n := by
    apply prime_p.dvd_of_dvd_pow
    rw [← this]
    apply dvd_mul_right
  have : p ∣ Nat.gcd m n := by apply Nat.dvd_gcd <;> assumption
  have : p ∣ 1 := by
    convert this
    symm
    exact coprime_mn
  have : 2 ≤ 1 := by
    apply prime_p.two_le.trans
    exact Nat.le_of_dvd zero_lt_one this
  norm_num at this

",,True,28,"theorem t2 {m n p : ℕ} (coprime_mn : m.Coprime n) (prime_p : p.Prime) : m ^ 2 ≠ p * n ^ 2 := by
  intro sqr_eq
  have : p ∣ m := by
    apply prime_p.dvd_of_dvd_pow
    rw [sqr_eq]
    apply dvd_mul_right
  obtain ⟨k, meq⟩ := dvd_iff_exists_eq_mul_left.mp this
  have : p * (p * k ^ 2) = p * n ^ 2 := by
    rw [← sqr_eq, meq]
    ring
  have : p * k ^ 2 = n ^ 2 := by
    apply (mul_right_inj' _).mp this
    exact prime_p.ne_zero
  have : p ∣ n := by
    apply prime_p.dvd_of_dvd_pow
    rw [← this]
    apply dvd_mul_right
  have : p ∣ Nat.gcd m n := by apply Nat.dvd_gcd <;> assumption
  have : p ∣ 1 := by
    convert this
    symm
    exact coprime_mn.gcd_eq_one
  have : 2 ≤ 1 := by
    apply prime_p.two_le.trans
    exact Nat.le_of_dvd zero_lt_one this
  norm_num at this


",,True,60,MIL.C05_Elementary_Number_Theory.solutions.Solutions_S01_Irrational_Roots,Qwen-7B-long,LENGTH,best_of_n,False,0,0.0,t2,False
-1,False,28,"theorem t2 {m n p : ℕ} (coprime_mn : m.Coprime n) (prime_p : p.Prime) : m ^ 2 ≠ p * n ^ 2 := by
  intro sqr_eq
  have : p ∣ m := by
    apply prime_p.dvd_of_dvd_pow
    rw [sqr_eq]
    apply dvd_mul_right
  obtain ⟨k, meq⟩ := dvd_iff_exists_eq_mul_left.mp this
  have : p * (p * k ^ 2) = p * n ^ 2 := by
    rw [← sqr_eq, meq]
    ring
  have : p * k ^ 2 = n ^ 2 := by
    apply (mul_right_inj' _).mp this
    exact prime_p.ne_zero
  have : p ∣ n := by
    apply prime_p.dvd_of_dvd_pow
    rw [← this]
    apply dvd_mul_right
  have : p ∣ Nat.gcd m n := by apply Nat.dvd_gcd <;> assumption
  have : p ∣ 1 := by
    convert this
    symm
    exact coprime_mn
  have : 2 ≤ 1 := by
    apply prime_p.two_le.trans
    exact Nat.le_of_dvd zero_lt_one this
  norm_num at this

",,True,-1,"theorem t2 {m n p : ℕ} (coprime_mn : m.Coprime n) (prime_p : p.Prime) : m ^ 2 ≠ p * n ^ 2 := by
  intro sqr_eq
  have : p ∣ m := by
    apply prime_p.dvd_of_dvd_pow
    rw [sqr_eq]
    apply dvd_mul_right
  obtain ⟨k, meq⟩ :=vd_div_eq_mul_right.mp this
  have : p * (p * k ^ 2) = p * n ^ 2 := by
    rw [←sqr_eq,meq]
    ring
  have : p * k ^ 2 = n ^ 2 := by
    apply (mul_right_inj' _).mp this
    exact prime_p.ne_zero
  have : p ∣ n := by
    apply prime_p.dvd_of_dvd_pow
    rw [←this]
    apply dvd_mul_right
  have : p ∣ Nat.gcd m n := by assumption
  have : p ∣ 1 := by
    convert this
    symm
    exact coprime_mn.gcd_eq_one
  exact Nat.le_of_dvd zero_lt_one this


","💥️unknown identifier 'vd_div_eq_mul_right.mp'

💥️rcases tactic failed: x✝ : ?m.4692 is not an inductive datatype",False,60,MIL.C05_Elementary_Number_Theory.solutions.Solutions_S01_Irrational_Roots,Qwen-7B-long,LENGTH,best_of_n,False,0,-1.0,t2,False
-1,False,28,"theorem t2 {m n p : ℕ} (coprime_mn : m.Coprime n) (prime_p : p.Prime) : m ^ 2 ≠ p * n ^ 2 := by
  intro sqr_eq
  have : p ∣ m := by
    apply prime_p.dvd_of_dvd_pow
    rw [sqr_eq]
    apply dvd_mul_right
  obtain ⟨k, meq⟩ := dvd_iff_exists_eq_mul_left.mp this
  have : p * (p * k ^ 2) = p * n ^ 2 := by
    rw [← sqr_eq, meq]
    ring
  have : p * k ^ 2 = n ^ 2 := by
    apply (mul_right_inj' _).mp this
    exact prime_p.ne_zero
  have : p ∣ n := by
    apply prime_p.dvd_of_dvd_pow
    rw [← this]
    apply dvd_mul_right
  have : p ∣ Nat.gcd m n := by apply Nat.dvd_gcd <;> assumption
  have : p ∣ 1 := by
    convert this
    symm
    exact coprime_mn
  have : 2 ≤ 1 := by
    apply prime_p.two_le.trans
    exact Nat.le_of_dvd zero_lt_one this
  norm_num at this

",,True,28,"theorem t2 {m n p : ℕ} (coprime_mn : m.Coprime n) (prime_p : p.Prime) : m ^ 2 ≠ p * n ^ 2 := by
  intro sqr_eq
  have : p ∣ m := by
    apply prime_p.dvd_of_dvd_pow
    rw [sqr_eq]
    apply dvd_mul_right
  obtain ⟨k, meq⟩ := dvd_iff_exists_eq_mul_left.mp this
  have : p * (p * k ^ 2) = p * n ^ 2 := by
    rw [← sqr_eq, meq]
    ring
  have : p * k ^ 2 = n ^ 2 := by
    apply (mul_right_inj' _).mp this
    exact prime_p.ne_zero
  have : p ∣ n := by
    apply prime_p.dvd_of_dvd_pow
    rw [← this]
    apply dvd_mul_right
  have : p ∣ Nat.gcd m n := by apply Nat.dvd_gcd <;> assumption
  have : p ∣ 1 := by
    convert this
    symm
    exact coprime_mn
  have : 2 ≤ 1 := by
    apply prime_p.two_le.trans
    exact Nat.le_of_dvd zero_lt_one this
  norm_num at this


",,True,60,MIL.C05_Elementary_Number_Theory.solutions.Solutions_S01_Irrational_Roots,Qwen-7B-long,LENGTH,best_of_n,False,0,0.0,t2,False
-1,False,2,"theorem factorization_mul' {m n : ℕ} (mnez : m ≠ 0) (nnez : n ≠ 0) (p : ℕ) :
    (m * n).factorization p = m.factorization p + n.factorization p := by
  rw [Nat.factorization_mul mnez nnez]
  rfl

",,True,-1,"theorem factorization_mul' {m n : ℕ} {m : ≠ 0} {n : ≠ 0} (p : ℕ) :
    (m * n).factorization p = m.factorization p + n.factorization p := by
  rw [Nat.factorization_mul m n]
  rfl


",💥️unexpected token '≠'; expected term,False,60,MIL.C05_Elementary_Number_Theory.solutions.Solutions_S01_Irrational_Roots,Qwen-7B-long,LENGTH,best_of_n,False,0,-1.0,factorization_mul',False
-1,False,2,"theorem factorization_mul' {m n : ℕ} (mnez : m ≠ 0) (nnez : n ≠ 0) (p : ℕ) :
    (m * n).factorization p = m.factorization p + n.factorization p := by
  rw [Nat.factorization_mul mnez nnez]
  rfl

",,True,-1,"theorem factorization_mul' {m n : ℕ} (mnez : m ≠ 0) (nnez : n ≠ 0) (p : ℕ) :
    (m * n).factorization p = m.factorization p + n.factorization p := by
  rw [Nat.factorization_mul mnez nnez]
","💥️unsolved goals
m n : ℕ
mnez : m ≠ 0
nnez : n ≠ 0
p : ℕ
⊢ (m.factorization + n.factorization) p = m.factorization p + n.factorization p",False,60,MIL.C05_Elementary_Number_Theory.solutions.Solutions_S01_Irrational_Roots,Qwen-7B-long,LENGTH,best_of_n,False,0,-1.0,factorization_mul',False
-1,False,2,"theorem factorization_mul' {m n : ℕ} (mnez : m ≠ 0) (nnez : n ≠ 0) (p : ℕ) :
    (m * n).factorization p = m.factorization p + n.factorization p := by
  rw [Nat.factorization_mul mnez nnez]
  rfl

",,True,-1,"theorem factorization_mul' {m n : ℕ} (mnez : m ≠ 0) (nnez : n ≠ 0) (p : ℕ) :
    (m * n).factorization p = m.factorization p + n.factorization p := by
  rw [Nat.factorization_mul mnez nnez]
","💥️unsolved goals
m n : ℕ
mnez : m ≠ 0
nnez : n ≠ 0
p : ℕ
⊢ (m.factorization + n.factorization) p = m.factorization p + n.factorization p",False,60,MIL.C05_Elementary_Number_Theory.solutions.Solutions_S01_Irrational_Roots,Qwen-7B-long,LENGTH,best_of_n,False,0,-1.0,factorization_mul',False
-1,False,2,"theorem factorization_mul' {m n : ℕ} (mnez : m ≠ 0) (nnez : n ≠ 0) (p : ℕ) :
    (m * n).factorization p = m.factorization p + n.factorization p := by
  rw [Nat.factorization_mul mnez nnez]
  rfl

",,True,-1,"theorem factorization_mul' {m n : ℕ} (mne : m ≠ 0) (nne : n ≠ 0) (p : ℕ) :
    (m * n).factorization p = m.factorization p + n.factorization p := by
  apply Eq.symm


","💥️unsolved goals
case h
m n : ℕ
mne : m ≠ 0
nne : n ≠ 0
p : ℕ
⊢ m.factorization p + n.factorization p = (m * n).factorization p",False,60,MIL.C05_Elementary_Number_Theory.solutions.Solutions_S01_Irrational_Roots,Qwen-7B-long,LENGTH,best_of_n,False,0,-1.0,factorization_mul',False
-1,False,2,"theorem factorization_mul' {m n : ℕ} (mnez : m ≠ 0) (nnez : n ≠ 0) (p : ℕ) :
    (m * n).factorization p = m.factorization p + n.factorization p := by
  rw [Nat.factorization_mul mnez nnez]
  rfl

",,True,-1,"theorem factorization_mul' {m n : ℕ} (m ≠ 0) (n ≠ 0) (p : ℕ) :
    (m * n).factorization p = m.factorization p + n.factorization p := by
  rw [Nat.factorization_mul m.ne_zero n.ne_zero]
  rfl


",💥️unexpected token '≠'; expected ')',False,60,MIL.C05_Elementary_Number_Theory.solutions.Solutions_S01_Irrational_Roots,Qwen-7B-long,LENGTH,best_of_n,False,0,-1.0,factorization_mul',False
-1,False,2,"theorem factorization_mul' {m n : ℕ} (mnez : m ≠ 0) (nnez : n ≠ 0) (p : ℕ) :
    (m * n).factorization p = m.factorization p + n.factorization p := by
  rw [Nat.factorization_mul mnez nnez]
  rfl

",,True,-1,"theorem factorization_mul' {m n : ℕ} (mnez : m ≠ 0) (nnez : n ≠ 0) (p : ℕ) :
    (m * n).factorization p = m.factorization p + n.factorization p := by
  simp only [Nat.factorization_mul mnez nnez, add_assoc, add_left_eq_self]
","💥️unsolved goals
m n : ℕ
mnez : m ≠ 0
nnez : n ≠ 0
p : ℕ
⊢ (m.factorization + n.factorization) p = m.factorization p + n.factorization p",False,60,MIL.C05_Elementary_Number_Theory.solutions.Solutions_S01_Irrational_Roots,Qwen-7B-long,LENGTH,best_of_n,False,0,-1.0,factorization_mul',False
-1,False,2,"theorem factorization_mul' {m n : ℕ} (mnez : m ≠ 0) (nnez : n ≠ 0) (p : ℕ) :
    (m * n).factorization p = m.factorization p + n.factorization p := by
  rw [Nat.factorization_mul mnez nnez]
  rfl

",,True,-1,"theorem factorization_mul' {m n : ℕ} (mnez : m ≠ 0) (nnez : n ≠ 0) (p : ℕ) :
    (m * n).factorization p = m.factorization p + n.factorization p := by
  rw [Nat.factorization_mul mnez nnez, mul_assoc, mul_left_eq_mul' n, add_sub_cancel_left]
","💥️tactic 'rewrite' failed, did not find instance of the pattern in the target expression
  ?a * ?b * ?c
m n : ℕ
mnez : m ≠ 0
nnez : n ≠ 0
p : ℕ
⊢ (m.factorization + n.factorization) p = m.factorization p + n.factorization p",False,60,MIL.C05_Elementary_Number_Theory.solutions.Solutions_S01_Irrational_Roots,Qwen-7B-long,LENGTH,best_of_n,False,0,-1.0,factorization_mul',False
-1,False,2,"theorem factorization_mul' {m n : ℕ} (mnez : m ≠ 0) (nnez : n ≠ 0) (p : ℕ) :
    (m * n).factorization p = m.factorization p + n.factorization p := by
  rw [Nat.factorization_mul mnez nnez]
  rfl

",,True,-1,"theorem factorization_mul' {m n : ℕ} (mne0 : m ≠ 0) (nne0 : n ≠ 0) (p : ℕ) :
    (m * n).factorization p = m.factorization p + n.factorization p := by
  rw [Nat.factorization_mul mne0 nne0]
","💥️unsolved goals
m n : ℕ
mne0 : m ≠ 0
nne0 : n ≠ 0
p : ℕ
⊢ (m.factorization + n.factorization) p = m.factorization p + n.factorization p",False,60,MIL.C05_Elementary_Number_Theory.solutions.Solutions_S01_Irrational_Roots,Qwen-7B-long,LENGTH,best_of_n,False,0,-1.0,factorization_mul',False
-1,False,2,"theorem factorization_mul' {m n : ℕ} (mnez : m ≠ 0) (nnez : n ≠ 0) (p : ℕ) :
    (m * n).factorization p = m.factorization p + n.factorization p := by
  rw [Nat.factorization_mul mnez nnez]
  rfl

",,True,-1,"theorem factorization_mul' {m n : ℕ} (mnez : m ≠ 0) (nnez : n ≠ 0) (p : ℕ) :
    (m * n).factorization p = m.factorization p + n.factorization p := by
  rw [Nat.factorization_mul mnez nnz] -- Add `nz` variant of `nnez` for type soundness
  rfl


",💥️unknown identifier 'nnz',False,60,MIL.C05_Elementary_Number_Theory.solutions.Solutions_S01_Irrational_Roots,Qwen-7B-long,LENGTH,best_of_n,False,0,-1.0,factorization_mul',False
-1,False,2,"theorem factorization_mul' {m n : ℕ} (mnez : m ≠ 0) (nnez : n ≠ 0) (p : ℕ) :
    (m * n).factorization p = m.factorization p + n.factorization p := by
  rw [Nat.factorization_mul mnez nnez]
  rfl

",,True,-1,"theorem factorization_mul' {m n : ℕ} (m neon nn) (p : ℕ) :
    (m * n).factorization p = m.factorization p + n.factorization p := by
  -- m.factorization p is fixed from two and three, so let's define it in terms of that.
  rw [Nat.factorization_mul m neon nn]
  rfl


","💥️failed to infer binder type
when the resulting type of a declaration is explicitly provided, all holes (e.g., `_`) in the header are resolved before the declaration body is processed

💥️failed to infer binder type
when the resulting type of a declaration is explicitly provided, all holes (e.g., `_`) in the header are resolved before the declaration body is processed

💥️application type mismatch
  Nat.factorization_mul m
argument
  m
has type
  ℕ : Type
but is expected to have type
  ?m.8709 ≠ 0 : Prop

💥️tactic 'rewrite' failed, equality or iff proof expected
  ?m.9084
m✝ n m : ℕ
neon : ?m.9037 m ≠ 0
nn : ?m.8700 m neon
p : ℕ
⊢ (m * n).factorization p = m.factorization p + n.factorization p",False,60,MIL.C05_Elementary_Number_Theory.solutions.Solutions_S01_Irrational_Roots,Qwen-7B-long,LENGTH,best_of_n,False,0,-1.0,factorization_mul',False
-1,False,2,"theorem factorization_mul' {m n : ℕ} (mnez : m ≠ 0) (nnez : n ≠ 0) (p : ℕ) :
    (m * n).factorization p = m.factorization p + n.factorization p := by
  rw [Nat.factorization_mul mnez nnez]
  rfl

",,True,-1,"theorem factorization_mul' (m n : ℕ) [NeZero m] [NeZero n] (p : ℕ) :
    (m * n).factorization p = m.factorization p + n.factorization p :=
  mul_factors_eq_mul_factors_mul p (NeZeroaversal) (NeZeroaversal)
",💥️unknown identifier 'mul_factors_eq_mul_factors_mul',False,60,MIL.C05_Elementary_Number_Theory.solutions.Solutions_S01_Irrational_Roots,Qwen-7B-long,LENGTH,best_of_n,False,0,-1.0,factorization_mul',False
-1,False,2,"theorem factorization_mul' {m n : ℕ} (mnez : m ≠ 0) (nnez : n ≠ 0) (p : ℕ) :
    (m * n).factorization p = m.factorization p + n.factorization p := by
  rw [Nat.factorization_mul mnez nnez]
  rfl

",,True,-1,"theorem factorization_mul' {m n : ℕ} (mnez : m ≠ 0) (nnez : n ≠ 0) (p : ℕ) :
    (m * n).factorization p = m.factorization p + n.factorization p := by
  rw [Nat.factorization_mul, Finset.sum_univ, Finset.card_univ]
  rfl


","💥️unknown constant 'Finset.sum_univ'

💥️tactic 'rewrite' failed, equality or iff proof expected
  ?m.8740
m n : ℕ
mnez : m ≠ 0
nnez : n ≠ 0
p : ℕ
⊢ (m.factorization + n.factorization) p = m.factorization p + n.factorization p",False,60,MIL.C05_Elementary_Number_Theory.solutions.Solutions_S01_Irrational_Roots,Qwen-7B-long,LENGTH,best_of_n,False,0,-1.0,factorization_mul',False
-1,False,2,"theorem factorization_mul' {m n : ℕ} (mnez : m ≠ 0) (nnez : n ≠ 0) (p : ℕ) :
    (m * n).factorization p = m.factorization p + n.factorization p := by
  rw [Nat.factorization_mul mnez nnez]
  rfl

",,True,2,"theorem factorization_mul' {m n : ℕ} (mne0 : m ≠ 0) (nne0 : n ≠ 0) (p : ℕ) :
    (m * n).factorization p = m.factorization p + n.factorization p := by
  rw [Nat.factorization_mul mne0 nne0]
  rfl


",,True,60,MIL.C05_Elementary_Number_Theory.solutions.Solutions_S01_Irrational_Roots,Qwen-7B-long,LENGTH,best_of_n,False,0,0.0,factorization_mul',False
-1,False,2,"theorem factorization_mul' {m n : ℕ} (mnez : m ≠ 0) (nnez : n ≠ 0) (p : ℕ) :
    (m * n).factorization p = m.factorization p + n.factorization p := by
  rw [Nat.factorization_mul mnez nnez]
  rfl

",,True,-1,"theorem factorization_mul' {m n : ℕ} (mcestor : m ≠ 0) (nzk : n ≠ 0) (p : ℕ) :
    (m * n).factorization p = m.factorization p + n.factorization p := by
  rw [Nat.factorization_mul mateur, mul_assoc, Nat.factorization_mul/function_mul p, mul_assoc]
","💥️unknown identifier 'mateur'

💥️tactic 'rewrite' failed, did not find instance of the pattern in the target expression
  ?a * ?b * ?c
m n : ℕ
mcestor : m ≠ 0
nzk : n ≠ 0
p : ℕ
⊢ (m.factorization + n.factorization) p = m.factorization p + n.factorization p",False,60,MIL.C05_Elementary_Number_Theory.solutions.Solutions_S01_Irrational_Roots,Qwen-7B-long,LENGTH,best_of_n,False,0,-1.0,factorization_mul',False
-1,False,2,"theorem factorization_mul' {m n : ℕ} (mnez : m ≠ 0) (nnez : n ≠ 0) (p : ℕ) :
    (m * n).factorization p = m.factorization p + n.factorization p := by
  rw [Nat.factorization_mul mnez nnez]
  rfl

",,True,2,"theorem factorization_mul' {m n : ℕ} (mnez : m ≠ 0) (nnez : n ≠ 0) (p : ℕ) :
    (m * n).factorization p = m.factorization p + n.factorization p := by
  rw [Nat.factorization_mul mnez nnez]
  rfl


",,True,60,MIL.C05_Elementary_Number_Theory.solutions.Solutions_S01_Irrational_Roots,Qwen-7B-long,LENGTH,best_of_n,False,0,0.0,factorization_mul',False
-1,False,2,"theorem factorization_mul' {m n : ℕ} (mnez : m ≠ 0) (nnez : n ≠ 0) (p : ℕ) :
    (m * n).factorization p = m.factorization p + n.factorization p := by
  rw [Nat.factorization_mul mnez nnez]
  rfl

",,True,2,"theorem factorization_mul' {m n : ℕ} (mthed : m ≠ 0) (nzed : n ≠ 0) (p : ℕ) :
    (m * n).factorization p = m.factorization p + n.factorization p := by
  rw [Nat.factorization_mul mthed nzed]
  rfl


",,True,60,MIL.C05_Elementary_Number_Theory.solutions.Solutions_S01_Irrational_Roots,Qwen-7B-long,LENGTH,best_of_n,False,0,0.0,factorization_mul',False
-1,False,2,"theorem factorization_mul' {m n : ℕ} (mnez : m ≠ 0) (nnez : n ≠ 0) (p : ℕ) :
    (m * n).factorization p = m.factorization p + n.factorization p := by
  rw [Nat.factorization_mul mnez nnez]
  rfl

",,True,2,"theorem factorization_mul' {m n : ℕ} (mnev : m ≠ 0) (nve : n ≠ 0) (p : ℕ) :
    (m * n).factorization p = m.factorization p + n.factorization p := by
  rw [Nat.factorization_mul mnev nve]
  rfl


",,True,60,MIL.C05_Elementary_Number_Theory.solutions.Solutions_S01_Irrational_Roots,Qwen-7B-long,LENGTH,best_of_n,False,0,0.0,factorization_mul',False
-1,False,2,"theorem factorization_mul' {m n : ℕ} (mnez : m ≠ 0) (nnez : n ≠ 0) (p : ℕ) :
    (m * n).factorization p = m.factorization p + n.factorization p := by
  rw [Nat.factorization_mul mnez nnez]
  rfl

",,True,-1,"theorem factorization_mul' {m n : ℕ} (mnez : m ≠ 0) (nnez : n ≠ 0) (p : ℕ) :
    (m * n).factorization p = m.factorization p + n.factorization p := by
  rw [Nat.factorization_mul mnez nnez]
","💥️unsolved goals
m n : ℕ
mnez : m ≠ 0
nnez : n ≠ 0
p : ℕ
⊢ (m.factorization + n.factorization) p = m.factorization p + n.factorization p",False,60,MIL.C05_Elementary_Number_Theory.solutions.Solutions_S01_Irrational_Roots,Qwen-7B-long,LENGTH,best_of_n,False,0,-1.0,factorization_mul',False
-1,False,2,"theorem factorization_mul' {m n : ℕ} (mnez : m ≠ 0) (nnez : n ≠ 0) (p : ℕ) :
    (m * n).factorization p = m.factorization p + n.factorization p := by
  rw [Nat.factorization_mul mnez nnez]
  rfl

",,True,2,"theorem factorization_mul' {m n : ℕ} (mne0 : m ≠ 0) (nne0 : n ≠ 0) (p : ℕ) :
    (m * n).factorization p = m.factorization p + n.factorization p := by
  rw [Nat.factorization_mul mne0 nne0]
  rfl
",,True,60,MIL.C05_Elementary_Number_Theory.solutions.Solutions_S01_Irrational_Roots,Qwen-7B-long,LENGTH,best_of_n,False,0,0.0,factorization_mul',False
-1,False,2,"theorem factorization_mul' {m n : ℕ} (mnez : m ≠ 0) (nnez : n ≠ 0) (p : ℕ) :
    (m * n).factorization p = m.factorization p + n.factorization p := by
  rw [Nat.factorization_mul mnez nnez]
  rfl

",,True,-1,"theorem factorization_mul' {m n : ℕ} (mnez : m ≠ 0) (nnez : n ≠ 0) (p : ℕ) :
    (m * n).factorization p = m.factorization p + n.factorization p := by
  rw [Nat.factorization_mul mnez nnez]
","💥️unsolved goals
m n : ℕ
mnez : m ≠ 0
nnez : n ≠ 0
p : ℕ
⊢ (m.factorization + n.factorization) p = m.factorization p + n.factorization p",False,60,MIL.C05_Elementary_Number_Theory.solutions.Solutions_S01_Irrational_Roots,Qwen-7B-long,LENGTH,best_of_n,False,0,-1.0,factorization_mul',False
-1,False,2,"theorem factorization_mul' {m n : ℕ} (mnez : m ≠ 0) (nnez : n ≠ 0) (p : ℕ) :
    (m * n).factorization p = m.factorization p + n.factorization p := by
  rw [Nat.factorization_mul mnez nnez]
  rfl

",,True,-1,"#align multiset.map_addcard smt

theorem factorization_mul' {m n : ℕ} (mne0 : m ≠ 0) (nne0 : n ≠ 0) (p : ℕ) :
    (m * n).factorization p = m.factorization p + n.factorization p := by
  rw [Nat.factorization_mul mne0 nne0]
  rfl


",💥️unexpected token '#'; expected command,False,60,MIL.C05_Elementary_Number_Theory.solutions.Solutions_S01_Irrational_Roots,Qwen-7B-long,LENGTH,best_of_n,False,0,-1.0,factorization_mul',False
-1,False,2,"theorem factorization_mul' {m n : ℕ} (mnez : m ≠ 0) (nnez : n ≠ 0) (p : ℕ) :
    (m * n).factorization p = m.factorization p + n.factorization p := by
  rw [Nat.factorization_mul mnez nnez]
  rfl

",,True,-1,"#align factorial.factorization_mul' factorial.factorization_mul'

theorem factorization_mul' {m n : ℕ} (mne : m ≠ 0) (nne : n ≠ 0) (p : ℕ) :
    (m * n).factorization p = m.factorization p + n.factorization p := by
  rw [Nat.factorization_mul mne nne]
  rfl


",💥️unexpected token '#'; expected command,False,60,MIL.C05_Elementary_Number_Theory.solutions.Solutions_S01_Irrational_Roots,Qwen-7B-long,LENGTH,best_of_n,False,0,-1.0,factorization_mul',False
-1,False,2,"theorem factorization_mul' {m n : ℕ} (mnez : m ≠ 0) (nnez : n ≠ 0) (p : ℕ) :
    (m * n).factorization p = m.factorization p + n.factorization p := by
  rw [Nat.factorization_mul mnez nnez]
  rfl

",,True,-1,"theorem factorization_mul' {m n : ℕ} (mnez : m ≠ 0) (nnez : n ≠ 0) (p : ℕ) :
    (m * n).factorization p = m.factorization p + n.factorization p := by
  rw [Nat.factorization_mul mnez nnez]
","💥️unsolved goals
m n : ℕ
mnez : m ≠ 0
nnez : n ≠ 0
p : ℕ
⊢ (m.factorization + n.factorization) p = m.factorization p + n.factorization p",False,60,MIL.C05_Elementary_Number_Theory.solutions.Solutions_S01_Irrational_Roots,Qwen-7B-long,LENGTH,best_of_n,False,0,-1.0,factorization_mul',False
-1,False,2,"theorem factorization_mul' {m n : ℕ} (mnez : m ≠ 0) (nnez : n ≠ 0) (p : ℕ) :
    (m * n).factorization p = m.factorization p + n.factorization p := by
  rw [Nat.factorization_mul mnez nnez]
  rfl

",,True,2,"theorem factorization_mul' {m n : ℕ} (mnez : m ≠ 0) (nabbrev : n ≠ 0) (p : ℕ) :
    (m * n).factorization p = m.factorization p + n.factorization p := by
  rw [Nat.factorization_mul mnez nabbrev]
  rfl


",,True,60,MIL.C05_Elementary_Number_Theory.solutions.Solutions_S01_Irrational_Roots,Qwen-7B-long,LENGTH,best_of_n,False,0,0.0,factorization_mul',False
-1,False,2,"theorem factorization_mul' {m n : ℕ} (mnez : m ≠ 0) (nnez : n ≠ 0) (p : ℕ) :
    (m * n).factorization p = m.factorization p + n.factorization p := by
  rw [Nat.factorization_mul mnez nnez]
  rfl

",,True,-1,"theorem factorization_mul' {m n : ℕ} (m ≠ 0) (n ≠ 0) (p : ℕ) :
    (m * n).factorization p = m.factorization p + n.factorization p := by
  rw [Nat.factorization_mul m.ne_zero n.ne_zero]
  rfl


",💥️unexpected token '≠'; expected ')',False,60,MIL.C05_Elementary_Number_Theory.solutions.Solutions_S01_Irrational_Roots,Qwen-7B-long,LENGTH,best_of_n,False,0,-1.0,factorization_mul',False
-1,False,2,"theorem factorization_mul' {m n : ℕ} (mnez : m ≠ 0) (nnez : n ≠ 0) (p : ℕ) :
    (m * n).factorization p = m.factorization p + n.factorization p := by
  rw [Nat.factorization_mul mnez nnez]
  rfl

",,True,2,"theorem factorization_mul' {m n : ℕ} (mateur : m ≠ 0) (nuez : n ≠ 0) (p : ℕ) :
    (m * n).factorization p = m.factorization p + n.factorization p := by
  rw [Nat.factorization_mul mateur nuez]
  rfl


",,True,60,MIL.C05_Elementary_Number_Theory.solutions.Solutions_S01_Irrational_Roots,Qwen-7B-long,LENGTH,best_of_n,False,0,0.0,factorization_mul',False
-1,False,2,"theorem factorization_mul' {m n : ℕ} (mnez : m ≠ 0) (nnez : n ≠ 0) (p : ℕ) :
    (m * n).factorization p = m.factorization p + n.factorization p := by
  rw [Nat.factorization_mul mnez nnez]
  rfl

",,True,-1,"theorem factorization_mul' {m n : ℕ} (mnez : m ≠ 0) (nnez : n ≠ 0) (p : ℕ) :
    (m * n).factorization p = m.factorization p + n.factorization p := by
  equation_onIFIEDRA factorization_mul *

","💥️unknown tactic

💥️unsolved goals
m n : ℕ
mnez : m ≠ 0
nnez : n ≠ 0
p : ℕ
⊢ (m * n).factorization p = m.factorization p + n.factorization p",False,60,MIL.C05_Elementary_Number_Theory.solutions.Solutions_S01_Irrational_Roots,Qwen-7B-long,LENGTH,best_of_n,False,0,-1.0,factorization_mul',False
-1,False,2,"theorem factorization_mul' {m n : ℕ} (mnez : m ≠ 0) (nnez : n ≠ 0) (p : ℕ) :
    (m * n).factorization p = m.factorization p + n.factorization p := by
  rw [Nat.factorization_mul mnez nnez]
  rfl

",,True,2,"theorem factorization_mul' {m n : ℕ} (mbez : m ≠ 0) (ne : n ≠ 0) (p : ℕ) :
    (m * n).factorization p = m.factorization p + n.factorization p := by
  rw [Nat.factorization_mul mbez ne]
  rfl


",,True,60,MIL.C05_Elementary_Number_Theory.solutions.Solutions_S01_Irrational_Roots,Qwen-7B-long,LENGTH,best_of_n,False,0,0.0,factorization_mul',False
-1,False,2,"theorem factorization_mul' {m n : ℕ} (mnez : m ≠ 0) (nnez : n ≠ 0) (p : ℕ) :
    (m * n).factorization p = m.factorization p + n.factorization p := by
  rw [Nat.factorization_mul mnez nnez]
  rfl

",,True,1,"theorem factorization_mul' {m n : ℕ} (mnez : m ≠ 0) (nnez : n ≠ 0) (p : ℕ) :
    (m * n).factorization p = m.factorization p + n.factorization p := by
  simp [Nat.factorization_mul mnez nnez, add_assoc]
",,True,60,MIL.C05_Elementary_Number_Theory.solutions.Solutions_S01_Irrational_Roots,Qwen-7B-long,LENGTH,best_of_n,False,0,0.5,factorization_mul',False
-1,False,2,"theorem factorization_mul' {m n : ℕ} (mnez : m ≠ 0) (nnez : n ≠ 0) (p : ℕ) :
    (m * n).factorization p = m.factorization p + n.factorization p := by
  rw [Nat.factorization_mul mnez nnez]
  rfl

",,True,2,"theorem factorization_mul' {m n : ℕ} (mne0 : m ≠ 0) (nne0 : n ≠ 0) (p : ℕ) :
    (m * n).factorization p = m.factorization p + n.factorization p := by
  rw [Nat.factorization_mul mne0 nne0]
  rfl
",,True,60,MIL.C05_Elementary_Number_Theory.solutions.Solutions_S01_Irrational_Roots,Qwen-7B-long,LENGTH,best_of_n,False,0,0.0,factorization_mul',False
-1,False,2,"theorem factorization_mul' {m n : ℕ} (mnez : m ≠ 0) (nnez : n ≠ 0) (p : ℕ) :
    (m * n).factorization p = m.factorization p + n.factorization p := by
  rw [Nat.factorization_mul mnez nnez]
  rfl

",,True,-1,"theorem factorization_mul' {m n : ℕ} (mnez : m ≠ 0) (nnez : n ≠ 0) (p : ℕ) :
    (m * n).factorization p = m.factorization p + n.factorization p := by
  rw [Nat.factorization_mul mnez nnez]
","💥️unsolved goals
m n : ℕ
mnez : m ≠ 0
nnez : n ≠ 0
p : ℕ
⊢ (m.factorization + n.factorization) p = m.factorization p + n.factorization p",False,60,MIL.C05_Elementary_Number_Theory.solutions.Solutions_S01_Irrational_Roots,Qwen-7B-long,LENGTH,best_of_n,False,0,-1.0,factorization_mul',False
-1,False,2,"theorem factorization_mul' {m n : ℕ} (mnez : m ≠ 0) (nnez : n ≠ 0) (p : ℕ) :
    (m * n).factorization p = m.factorization p + n.factorization p := by
  rw [Nat.factorization_mul mnez nnez]
  rfl

",,True,-1,"theorem factorization_mul' {m n : ℕ} (m%%%%%%%%% : m ≠ 0) (nℏ : n ≠ 0) (p : ℕ) :
    (m * n).factorization p = m.factorization p + n.factorization p := by
  rw [Nat.factorization_mul m%%%%%%%%% nℏ]
  rfl


",💥️unexpected token '%'; expected ')',False,60,MIL.C05_Elementary_Number_Theory.solutions.Solutions_S01_Irrational_Roots,Qwen-7B-long,LENGTH,best_of_n,False,0,-1.0,factorization_mul',False
-1,False,2,"theorem factorization_mul' {m n : ℕ} (mnez : m ≠ 0) (nnez : n ≠ 0) (p : ℕ) :
    (m * n).factorization p = m.factorization p + n.factorization p := by
  rw [Nat.factorization_mul mnez nnez]
  rfl

",,True,-1,"@[deprecated (since := ""2024-12-22"")]
theorem factorization_mul' (m n : ℕ) [NeZero m] [NeZero n] (p : ℕ) :
    (m * n).factorization p = m.factorization p + n.factorization p := by
  rw [Nat.factorization_mul]
  rfl


","💥️unsolved goals
case ha
m n : ℕ
inst✝¹ : NeZero m
inst✝ : NeZero n
p : ℕ
⊢ m ≠ 0

case hb
m n : ℕ
inst✝¹ : NeZero m
inst✝ : NeZero n
p : ℕ
⊢ n ≠ 0",False,60,MIL.C05_Elementary_Number_Theory.solutions.Solutions_S01_Irrational_Roots,Qwen-7B-long,LENGTH,best_of_n,False,0,-1.0,factorization_mul',False
-1,False,2,"theorem factorization_mul' {m n : ℕ} (mnez : m ≠ 0) (nnez : n ≠ 0) (p : ℕ) :
    (m * n).factorization p = m.factorization p + n.factorization p := by
  rw [Nat.factorization_mul mnez nnez]
  rfl

",,True,-1,"theorem factorization_mul' {m n : ℕ} (mnev : m ≠ 0) (nne : n ≠ 0) (p : ℕ) :
    (m * n).factorization p = m.factorization p + n.factorization p := by
  rw [Nat.factorization_mul nev nne]
","💥️unknown identifier 'nev'

💥️unsolved goals
m n : ℕ
mnev : m ≠ 0
nne : n ≠ 0
p : ℕ
⊢ (m.factorization + n.factorization) p = m.factorization p + n.factorization p",False,60,MIL.C05_Elementary_Number_Theory.solutions.Solutions_S01_Irrational_Roots,Qwen-7B-long,LENGTH,best_of_n,False,0,-1.0,factorization_mul',False
-1,False,2,"theorem factorization_mul' {m n : ℕ} (mnez : m ≠ 0) (nnez : n ≠ 0) (p : ℕ) :
    (m * n).factorization p = m.factorization p + n.factorization p := by
  rw [Nat.factorization_mul mnez nnez]
  rfl

",,True,2,"theorem factorization_mul' {m n : ℕ} (mne0 : m ≠ 0) (nne0 : n ≠ 0) (p : ℕ) :
    (m * n).factorization p = m.factorization p + n.factorization p := by
  rw [Nat.factorization_mul mne0 nne0]
  rfl


",,True,60,MIL.C05_Elementary_Number_Theory.solutions.Solutions_S01_Irrational_Roots,Qwen-7B-long,LENGTH,best_of_n,False,0,0.0,factorization_mul',False
-1,False,2,"theorem factorization_mul' {m n : ℕ} (mnez : m ≠ 0) (nnez : n ≠ 0) (p : ℕ) :
    (m * n).factorization p = m.factorization p + n.factorization p := by
  rw [Nat.factorization_mul mnez nnez]
  rfl

",,True,2,"theorem factorization_mul' {m n : ℕ} (mne0 : m ≠ 0) (nne0 : n ≠ 0) (p : ℕ) :
    (m * n).factorization p = m.factorization p + n.factorization p := by
  rw [Nat.factorization_mul mne0 nne0]
  rfl
",,True,60,MIL.C05_Elementary_Number_Theory.solutions.Solutions_S01_Irrational_Roots,Qwen-7B-long,LENGTH,best_of_n,False,0,0.0,factorization_mul',False
-1,False,2,"theorem factorization_mul' {m n : ℕ} (mnez : m ≠ 0) (nnez : n ≠ 0) (p : ℕ) :
    (m * n).factorization p = m.factorization p + n.factorization p := by
  rw [Nat.factorization_mul mnez nnez]
  rfl

",,True,-1,"theorem factorization_mul' {m n : ℕ} (mpez : m ≠ 0) (npe : n ≠ 0) (p : ℕ) :
    (m * n).factorization p = m.factorization p + n.factorization p := by
  rw [Nat.factorization_mul mpez npe, Finset.sum_range_succ _ (Finset.sum_range_succ _ _)]
  rfl


","💥️application type mismatch
  Finset.sum_range_succ ?m.8734 (Finset.sum_range_succ ?m.8738 ?m.8739)
argument
  Finset.sum_range_succ ?m.8738 ?m.8739
has type
  ∑ x ∈ Finset.range (?m.8739 + 1), ?m.8738 x = ∑ x ∈ Finset.range ?m.8739, ?m.8738 x + ?m.8738 ?m.8739 : Prop
but is expected to have type
  ℕ : Type",False,60,MIL.C05_Elementary_Number_Theory.solutions.Solutions_S01_Irrational_Roots,Qwen-7B-long,LENGTH,best_of_n,False,0,-1.0,factorization_mul',False
-1,False,2,"theorem factorization_mul' {m n : ℕ} (mnez : m ≠ 0) (nnez : n ≠ 0) (p : ℕ) :
    (m * n).factorization p = m.factorization p + n.factorization p := by
  rw [Nat.factorization_mul mnez nnez]
  rfl

",,True,2,"theorem factorization_mul' {m n : ℕ} (mne0 : m ≠ 0) (nne0 : n ≠ 0) (p : ℕ) :
    (m * n).factorization p = m.factorization p + n.factorization p := by
  rw [Nat.factorization_mul mne0 nne0]
  rfl


",,True,60,MIL.C05_Elementary_Number_Theory.solutions.Solutions_S01_Irrational_Roots,Qwen-7B-long,LENGTH,best_of_n,False,0,0.0,factorization_mul',False
-1,False,2,"theorem factorization_mul' {m n : ℕ} (mnez : m ≠ 0) (nnez : n ≠ 0) (p : ℕ) :
    (m * n).factorization p = m.factorization p + n.factorization p := by
  rw [Nat.factorization_mul mnez nnez]
  rfl

",,True,-1,"theorem factorization_mul' {m n : ℕ} (mne : m ≠ 0) (nne : n ≠ 0) (p : ℕ) :
    (m * n).factorization p = m.factorization p + n.factorization p :=
  mod_cast Semiring.factorization_mul mne nne p


",💥️unknown constant 'Semiring.factorization_mul',False,60,MIL.C05_Elementary_Number_Theory.solutions.Solutions_S01_Irrational_Roots,Qwen-7B-long,LENGTH,best_of_n,False,0,-1.0,factorization_mul',False
-1,False,2,"theorem factorization_mul' {m n : ℕ} (mnez : m ≠ 0) (nnez : n ≠ 0) (p : ℕ) :
    (m * n).factorization p = m.factorization p + n.factorization p := by
  rw [Nat.factorization_mul mnez nnez]
  rfl

",,True,2,"theorem factorization_mul' {m n : ℕ} (mnez : m ≠ 0) (nnez : n ≠ 0) (p : ℕ) :
    (m * n).factorization p = m.factorization p + n.factorization p := by
  rw [Nat.factorization_mul mnez nnez]
  rfl

",,True,60,MIL.C05_Elementary_Number_Theory.solutions.Solutions_S01_Irrational_Roots,Qwen-7B-long,LENGTH,best_of_n,False,0,0.0,factorization_mul',False
-1,False,2,"theorem factorization_mul' {m n : ℕ} (mnez : m ≠ 0) (nnez : n ≠ 0) (p : ℕ) :
    (m * n).factorization p = m.factorization p + n.factorization p := by
  rw [Nat.factorization_mul mnez nnez]
  rfl

",,True,2,"theorem factorization_mul' {m n : ℕ} (mnez : m ≠ 0) (nnez : n ≠ 0) (p : ℕ) :
    (m * n).factorization p = m.factorization p + n.factorization p := by
  rw [Nat.factorization_mul mnez nnez]
  rfl
",,True,60,MIL.C05_Elementary_Number_Theory.solutions.Solutions_S01_Irrational_Roots,Qwen-7B-long,LENGTH,best_of_n,False,0,0.0,factorization_mul',False
-1,False,2,"theorem factorization_mul' {m n : ℕ} (mnez : m ≠ 0) (nnez : n ≠ 0) (p : ℕ) :
    (m * n).factorization p = m.factorization p + n.factorization p := by
  rw [Nat.factorization_mul mnez nnez]
  rfl

",,True,-1,"theorem factorization_mul' (m : ℕ) (n : ℕ) (p : ℕ) [Neq m zero] [Neq n zero] :
    (m * n).factorization p = m.factorization p + n.factorization p :=
  Nat.factorization_mul m.njumpNe' n.njumpNe'
","💥️invalid binder annotation, type is not a class instance
  ?m.8448
use the command `set_option checkBinderAnnotations false` to disable the check",False,60,MIL.C05_Elementary_Number_Theory.solutions.Solutions_S01_Irrational_Roots,Qwen-7B-long,LENGTH,best_of_n,False,0,-1.0,factorization_mul',False
-1,False,2,"theorem factorization_mul' {m n : ℕ} (mnez : m ≠ 0) (nnez : n ≠ 0) (p : ℕ) :
    (m * n).factorization p = m.factorization p + n.factorization p := by
  rw [Nat.factorization_mul mnez nnez]
  rfl

",,True,-1,"theorem factorization_mul' {m n : ℕ} (mnez : m ≠ 0) (nnez : n ≠ 0) (p : ℕ) :
    (m * n).factorization p = m.factorization p + n.factorization p := by
  rw [Nat.factorization_mul mnez nnez]
","💥️unsolved goals
m n : ℕ
mnez : m ≠ 0
nnez : n ≠ 0
p : ℕ
⊢ (m.factorization + n.factorization) p = m.factorization p + n.factorization p",False,60,MIL.C05_Elementary_Number_Theory.solutions.Solutions_S01_Irrational_Roots,Qwen-7B-long,LENGTH,best_of_n,False,0,-1.0,factorization_mul',False
-1,False,2,"theorem factorization_mul' {m n : ℕ} (mnez : m ≠ 0) (nnez : n ≠ 0) (p : ℕ) :
    (m * n).factorization p = m.factorization p + n.factorization p := by
  rw [Nat.factorization_mul mnez nnez]
  rfl

",,True,2,"theorem factorization_mul' {m n : ℕ} (mnez : m ≠ 0) (nnez : n ≠ 0) (p : ℕ) :
    (m * n).factorization p = m.factorization p + n.factorization p := by
  rw [Nat.factorization_mul mnez nnez]
  rfl


",,True,60,MIL.C05_Elementary_Number_Theory.solutions.Solutions_S01_Irrational_Roots,Qwen-7B-long,LENGTH,best_of_n,False,0,0.0,factorization_mul',False
-1,False,2,"theorem factorization_mul' {m n : ℕ} (mnez : m ≠ 0) (nnez : n ≠ 0) (p : ℕ) :
    (m * n).factorization p = m.factorization p + n.factorization p := by
  rw [Nat.factorization_mul mnez nnez]
  rfl

",,True,-1,"theorem factorization_mul' {m n : ℕ} (mnez : m ≠ 0) (nnez : n ≠ 0) (p : ℕ) :
    (m * n).factorization p = m.factorization p + n.factorization p := by
  rw [Nat.factorization_mul, Nat.factorization_mul _ _]
  rfl


","💥️tactic 'rewrite' failed, did not find instance of the pattern in the target expression
  (?m.8736 * ?m.8737).factorization
m n : ℕ
mnez : m ≠ 0
nnez : n ≠ 0
p : ℕ
⊢ (m.factorization + n.factorization) p = m.factorization p + n.factorization p",False,60,MIL.C05_Elementary_Number_Theory.solutions.Solutions_S01_Irrational_Roots,Qwen-7B-long,LENGTH,best_of_n,False,0,-1.0,factorization_mul',False
-1,False,2,"theorem factorization_mul' {m n : ℕ} (mnez : m ≠ 0) (nnez : n ≠ 0) (p : ℕ) :
    (m * n).factorization p = m.factorization p + n.factorization p := by
  rw [Nat.factorization_mul mnez nnez]
  rfl

",,True,-1,"theorem factorization_mul' {m n : ℕ} (mne : m ≠ 0) (nne : n ≠ 0) (p : ℕ) :
    (m * n).factorization p = m.factorization p + n.factorization p := by
  rw [Nat.factorization_mul mne nne]
","💥️unsolved goals
m n : ℕ
mne : m ≠ 0
nne : n ≠ 0
p : ℕ
⊢ (m.factorization + n.factorization) p = m.factorization p + n.factorization p",False,60,MIL.C05_Elementary_Number_Theory.solutions.Solutions_S01_Irrational_Roots,Qwen-7B-long,LENGTH,best_of_n,False,0,-1.0,factorization_mul',False
-1,False,2,"theorem factorization_mul' {m n : ℕ} (mnez : m ≠ 0) (nnez : n ≠ 0) (p : ℕ) :
    (m * n).factorization p = m.factorization p + n.factorization p := by
  rw [Nat.factorization_mul mnez nnez]
  rfl

",,True,-1,"theorem factorization_mul' {m n : ℕ} (mnez : m ≠ 0) (nnez : n ≠ 0) (p : ℕ) :
    (m * n).factorization p = m.factorization p + n.factorization p :=
  rfl


","💥️type mismatch
  rfl
has type
  ?m.8720 = ?m.8720 : Prop
but is expected to have type
  (m * n).factorization p = m.factorization p + n.factorization p : Prop",False,60,MIL.C05_Elementary_Number_Theory.solutions.Solutions_S01_Irrational_Roots,Qwen-7B-long,LENGTH,best_of_n,False,0,-1.0,factorization_mul',False
-1,False,2,"theorem factorization_mul' {m n : ℕ} (mnez : m ≠ 0) (nnez : n ≠ 0) (p : ℕ) :
    (m * n).factorization p = m.factorization p + n.factorization p := by
  rw [Nat.factorization_mul mnez nnez]
  rfl

",,True,3,"theorem factorization_mul' {m n : ℕ} (mnez : m ≠ 0) (nnez : n ≠ 0) (p : ℕ) :
    (m * n).factorization p = m.factorization p + n.factorization p := by
  classical
  rw [Nat.factorization_mul mnez nnez]
  rfl


",,True,60,MIL.C05_Elementary_Number_Theory.solutions.Solutions_S01_Irrational_Roots,Qwen-7B-long,LENGTH,best_of_n,False,0,-0.5,factorization_mul',False
-1,False,2,"theorem factorization_mul' {m n : ℕ} (mnez : m ≠ 0) (nnez : n ≠ 0) (p : ℕ) :
    (m * n).factorization p = m.factorization p + n.factorization p := by
  rw [Nat.factorization_mul mnez nnez]
  rfl

",,True,2,"theorem factorization_mul' {m n : ℕ} (mpez : m ≠ 0) (npe : n ≠ 0) (p : ℕ) :
    (m * n).factorization p = m.factorization p + n.factorization p := by
  rw [Nat.factorization_mul mpez npe]
  rfl


",,True,60,MIL.C05_Elementary_Number_Theory.solutions.Solutions_S01_Irrational_Roots,Qwen-7B-long,LENGTH,best_of_n,False,0,0.0,factorization_mul',False
-1,False,2,"theorem factorization_mul' {m n : ℕ} (mnez : m ≠ 0) (nnez : n ≠ 0) (p : ℕ) :
    (m * n).factorization p = m.factorization p + n.factorization p := by
  rw [Nat.factorization_mul mnez nnez]
  rfl

",,True,-1,"theorem factorization_mul' {m n : ℕ} (mneas : m ≠ 0) (nneas : n ≠ 0) (p : ℕ) :
    (m * n).factorization p = m.factorization p + n.factorization p := by
  rw [Nat.factorization_mul mneas nneas]
","💥️unsolved goals
m n : ℕ
mneas : m ≠ 0
nneas : n ≠ 0
p : ℕ
⊢ (m.factorization + n.factorization) p = m.factorization p + n.factorization p",False,60,MIL.C05_Elementary_Number_Theory.solutions.Solutions_S01_Irrational_Roots,Qwen-7B-long,LENGTH,best_of_n,False,0,-1.0,factorization_mul',False
-1,False,2,"theorem factorization_mul' {m n : ℕ} (mnez : m ≠ 0) (nnez : n ≠ 0) (p : ℕ) :
    (m * n).factorization p = m.factorization p + n.factorization p := by
  rw [Nat.factorization_mul mnez nnez]
  rfl

",,True,-1,"theorem factorization_mul' {m n : ℕ} (mne0 : m ≠ 0) (nne0 : n ≠ 0) (p : ℕ) :
    (m * n).factorization p = m.factorization p + n.factorization p :=
  ENat.coe_add <| ENat.coe_mul <| by simpa [Nat.factorization]
","💥️application type mismatch
  ENat.coe_add (ENat.coe_mul ?m.8718)
argument
  ENat.coe_mul ?m.8718
has type
  ∀ (n : ℕ), ↑(?m.8718 * n) = ↑?m.8718 * ↑n : Prop
but is expected to have type
  ℕ : Type",False,60,MIL.C05_Elementary_Number_Theory.solutions.Solutions_S01_Irrational_Roots,Qwen-7B-long,LENGTH,best_of_n,False,0,-1.0,factorization_mul',False
-1,False,2,"theorem factorization_mul' {m n : ℕ} (mnez : m ≠ 0) (nnez : n ≠ 0) (p : ℕ) :
    (m * n).factorization p = m.factorization p + n.factorization p := by
  rw [Nat.factorization_mul mnez nnez]
  rfl

",,True,2,"theorem factorization_mul' {m n : ℕ} (mney : m ≠ 0) (nney : n ≠ 0) (p : ℕ) :
    (m * n).factorization p = m.factorization p + n.factorization p := by
  rw [Nat.factorization_mul mney nney]
  rfl


",,True,60,MIL.C05_Elementary_Number_Theory.solutions.Solutions_S01_Irrational_Roots,Qwen-7B-long,LENGTH,best_of_n,False,0,0.0,factorization_mul',False
-1,False,2,"theorem factorization_mul' {m n : ℕ} (mnez : m ≠ 0) (nnez : n ≠ 0) (p : ℕ) :
    (m * n).factorization p = m.factorization p + n.factorization p := by
  rw [Nat.factorization_mul mnez nnez]
  rfl

",,True,2,"theorem factorization_mul' {m n : ℕ} (mne0 : m ≠ 0) (nne0 : n ≠ 0) (p : ℕ) :
    (m * n).factorization p = m.factorization p + n.factorization p := by
  rw [Nat.factorization_mul mne0 nne0]
  rfl


",,True,60,MIL.C05_Elementary_Number_Theory.solutions.Solutions_S01_Irrational_Roots,Qwen-7B-long,LENGTH,best_of_n,False,0,0.0,factorization_mul',False
-1,False,2,"theorem factorization_mul' {m n : ℕ} (mnez : m ≠ 0) (nnez : n ≠ 0) (p : ℕ) :
    (m * n).factorization p = m.factorization p + n.factorization p := by
  rw [Nat.factorization_mul mnez nnez]
  rfl

",,True,-1,"theorem factorization_mul' {m n : ℕ} (mnez : m ≠ 0) (nnez : n ≠ 0) (p : ℕ) :
    (m * n).factorization p = m.factorization p + n.factorization p := by
  rw [Nat.factorization_mul mnez nnez]
","💥️unsolved goals
m n : ℕ
mnez : m ≠ 0
nnez : n ≠ 0
p : ℕ
⊢ (m.factorization + n.factorization) p = m.factorization p + n.factorization p",False,60,MIL.C05_Elementary_Number_Theory.solutions.Solutions_S01_Irrational_Roots,Qwen-7B-long,LENGTH,best_of_n,False,0,-1.0,factorization_mul',False
-1,False,2,"theorem factorization_mul' {m n : ℕ} (mnez : m ≠ 0) (nnez : n ≠ 0) (p : ℕ) :
    (m * n).factorization p = m.factorization p + n.factorization p := by
  rw [Nat.factorization_mul mnez nnez]
  rfl

",,True,-1,"theorem factorization_mul' {m n : ℕ} (mnez : m ≠ 0) (nnez : n ≠ 0) (p : ℕ) :
    (m * n).factorization p = m.factorization p + n.factorization p := by
  rw [Nat.factorization_mul mnez nnez, add_comm]
","💥️unsolved goals
m n : ℕ
mnez : m ≠ 0
nnez : n ≠ 0
p : ℕ
⊢ (n.factorization + m.factorization) p = m.factorization p + n.factorization p",False,60,MIL.C05_Elementary_Number_Theory.solutions.Solutions_S01_Irrational_Roots,Qwen-7B-long,LENGTH,best_of_n,False,0,-1.0,factorization_mul',False
-1,False,2,"theorem factorization_mul' {m n : ℕ} (mnez : m ≠ 0) (nnez : n ≠ 0) (p : ℕ) :
    (m * n).factorization p = m.factorization p + n.factorization p := by
  rw [Nat.factorization_mul mnez nnez]
  rfl

",,True,-1,"theorem factorization_mul' {m n : ℕ} (m Belle : m ≠ 0) (n龄 : n ≠ 0) (p : ℕ) :
    (m * n).factorization p = m.factorization p + n.factorization p := by
  rw [Nat.factorization_mul m Belle n龄]
  rfl
",💥️expected token,False,60,MIL.C05_Elementary_Number_Theory.solutions.Solutions_S01_Irrational_Roots,Qwen-7B-long,LENGTH,best_of_n,False,0,-1.0,factorization_mul',False
-1,False,2,"theorem factorization_mul' {m n : ℕ} (mnez : m ≠ 0) (nnez : n ≠ 0) (p : ℕ) :
    (m * n).factorization p = m.factorization p + n.factorization p := by
  rw [Nat.factorization_mul mnez nnez]
  rfl

",,True,2,"theorem factorization_mul (mne0 : m ≠ 0) (nne0 : n ≠ 0) (p : ℕ) :
    (m * n).factorization p = m.factorization p + n.factorization p := by
  rw [Nat.factorization_mul mne0 nne0]
  rfl


",,True,60,MIL.C05_Elementary_Number_Theory.solutions.Solutions_S01_Irrational_Roots,Qwen-7B-long,LENGTH,best_of_n,False,0,0.0,factorization_mul',False
-1,False,2,"theorem factorization_mul' {m n : ℕ} (mnez : m ≠ 0) (nnez : n ≠ 0) (p : ℕ) :
    (m * n).factorization p = m.factorization p + n.factorization p := by
  rw [Nat.factorization_mul mnez nnez]
  rfl

",,True,-1,"theorem factorization_mul' {m n : ℕ} (mnez : m ≠ 0) (nnez : n ≠ 0) (p : ℕ) :
    (m * n).factorization p = m.factorization p + n.factorization p := by
  rw [Nat.factorization_mul mnez nnez]
","💥️unsolved goals
m n : ℕ
mnez : m ≠ 0
nnez : n ≠ 0
p : ℕ
⊢ (m.factorization + n.factorization) p = m.factorization p + n.factorization p",False,60,MIL.C05_Elementary_Number_Theory.solutions.Solutions_S01_Irrational_Roots,Qwen-7B-long,LENGTH,best_of_n,False,0,-1.0,factorization_mul',False
-1,False,2,"theorem factorization_mul' {m n : ℕ} (mnez : m ≠ 0) (nnez : n ≠ 0) (p : ℕ) :
    (m * n).factorization p = m.factorization p + n.factorization p := by
  rw [Nat.factorization_mul mnez nnez]
  rfl

",,True,2,"theorem factorization_mul' {m n : ℕ} (mnez : m ≠ 0) (nnez : n ≠ 0) (p : ℕ) :
    (m * n).factorization p = m.factorization p + n.factorization p := by
  rw [Nat.factorization_mul mnez nnez]
  rfl


",,True,60,MIL.C05_Elementary_Number_Theory.solutions.Solutions_S01_Irrational_Roots,Qwen-7B-long,LENGTH,best_of_n,False,0,0.0,factorization_mul',False
-1,False,2,"theorem factorization_mul' {m n : ℕ} (mnez : m ≠ 0) (nnez : n ≠ 0) (p : ℕ) :
    (m * n).factorization p = m.factorization p + n.factorization p := by
  rw [Nat.factorization_mul mnez nnez]
  rfl

",,True,-1,"theorem factorization_mul' {m n : ℕ} (mne : m ≠ 0) (nze : n ≠ 0) (p : ℕ) :
    (m * n).factorization p = m.factorization p + n.factorization p := by
  rw [Nat.factorization_mul mne nez]
  rfl


",💥️unknown identifier 'nez',False,60,MIL.C05_Elementary_Number_Theory.solutions.Solutions_S01_Irrational_Roots,Qwen-7B-long,LENGTH,best_of_n,False,0,-1.0,factorization_mul',False
-1,False,2,"theorem factorization_pow' (n k p : ℕ) :
    (n ^ k).factorization p = k * n.factorization p := by
  rw [Nat.factorization_pow]
  rfl

",,True,-1,"theorem factorization_pow' (n k p : ℕ) :
    (n ^ k).factorization p = k * n.factorization p := by
  simp only [Nat.factorization, multiset.map_inf_le_mul, multiset.map_inf_eq_mul, count_pow_mul,
    ← count_inf_eq_mul, Finset.sum_const_on', card_inf, Finset.sum_multiples,
    Finset.card_multiples, Gt, ℕ.card]
  rfl


","💥️unknown identifier 'multiset.map_inf_le_mul'

💥️unknown identifier 'multiset.map_inf_eq_mul'

💥️unknown identifier 'count_pow_mul'

💥️unknown identifier 'count_inf_eq_mul'

💥️unknown constant 'Finset.sum_const_on''

💥️unknown identifier 'card_inf'

💥️unknown constant 'Finset.sum_multiples'

💥️unknown constant 'Finset.card_multiples'

💥️unknown identifier 'Gt'

💥️unknown identifier '«ℕ».card'

💥️tactic 'rfl' failed, the left-hand side
  { support := (n ^ k).primeFactors, toFun := fun p => if Nat.Prime p then padicValNat p (n ^ k) else 0,
      mem_support_toFun := ⋯ }
    p
is not definitionally equal to the right-hand side
  k *
    { support := n.primeFactors, toFun := fun p => if Nat.Prime p then padicValNat p n else 0, mem_support_toFun := ⋯ }
      p
n k p : ℕ
⊢ { support := (n ^ k).primeFactors, toFun := fun p => if Nat.Prime p then padicValNat p (n ^ k) else 0,
        mem_support_toFun := ⋯ }
      p =
    k *
      { support := n.primeFactors, toFun := fun p => if Nat.Prime p then padicValNat p n else 0,
          mem_support_toFun := ⋯ }
        p",False,60,MIL.C05_Elementary_Number_Theory.solutions.Solutions_S01_Irrational_Roots,Qwen-7B-long,LENGTH,best_of_n,False,0,-1.0,factorization_pow',False
-1,False,2,"theorem factorization_pow' (n k p : ℕ) :
    (n ^ k).factorization p = k * n.factorization p := by
  rw [Nat.factorization_pow]
  rfl

",,True,2,"theorem factorization_pow' (n k p : ℕ) :
    (n ^ k).factorization p = k * n.factorization p := by
  rw [Nat.factorization_pow]
  rfl


",,True,60,MIL.C05_Elementary_Number_Theory.solutions.Solutions_S01_Irrational_Roots,Qwen-7B-long,LENGTH,best_of_n,False,0,0.0,factorization_pow',False
-1,False,2,"theorem factorization_pow' (n k p : ℕ) :
    (n ^ k).factorization p = k * n.factorization p := by
  rw [Nat.factorization_pow]
  rfl

",,True,2,"theorem factorization_pow' (n k p : ℕ) :
    (n ^ k).factorization p = k * n.factorization p := by
  rw [Nat.factorization_pow]
  rfl


",,True,60,MIL.C05_Elementary_Number_Theory.solutions.Solutions_S01_Irrational_Roots,Qwen-7B-long,LENGTH,best_of_n,False,0,0.0,factorization_pow',False
-1,False,2,"theorem factorization_pow' (n k p : ℕ) :
    (n ^ k).factorization p = k * n.factorization p := by
  rw [Nat.factorization_pow]
  rfl

",,True,-1,"theorem factorization_pow' (n k p : ℕ) :
    (n ^ k).factorization p = k * n.factorization p := by
  rw [Nat.factorization_pow, Monoid.map_mul]
  rfl


","💥️unknown constant 'Monoid.map_mul'

💥️tactic 'rewrite' failed, equality or iff proof expected
  ?m.8980
n k p : ℕ
⊢ (k • n.factorization) p = k * n.factorization p",False,60,MIL.C05_Elementary_Number_Theory.solutions.Solutions_S01_Irrational_Roots,Qwen-7B-long,LENGTH,best_of_n,False,0,-1.0,factorization_pow',False
-1,False,2,"theorem factorization_pow' (n k p : ℕ) :
    (n ^ k).factorization p = k * n.factorization p := by
  rw [Nat.factorization_pow]
  rfl

",,True,-1,"theorem factorization_pow' (n k p : ℕ) :
    (n ^ k).factorization p = k * n.factorization p := by
  rw [Nat.factorization_pow, mul_left_comm]
  rfl


","💥️tactic 'rewrite' failed, did not find instance of the pattern in the target expression
  ?a * (?b * ?c)
n k p : ℕ
⊢ (k • n.factorization) p = k * n.factorization p",False,60,MIL.C05_Elementary_Number_Theory.solutions.Solutions_S01_Irrational_Roots,Qwen-7B-long,LENGTH,best_of_n,False,0,-1.0,factorization_pow',False
-1,False,2,"theorem factorization_pow' (n k p : ℕ) :
    (n ^ k).factorization p = k * n.factorization p := by
  rw [Nat.factorization_pow]
  rfl

",,True,2,"theorem factorization_pow' (n k p : ℕ) :
    (n ^ k).factorization p = k * n.factorization p := by
  rw [Nat.factorization_pow]
  rfl
",,True,60,MIL.C05_Elementary_Number_Theory.solutions.Solutions_S01_Irrational_Roots,Qwen-7B-long,LENGTH,best_of_n,False,0,0.0,factorization_pow',False
-1,False,2,"theorem factorization_pow' (n k p : ℕ) :
    (n ^ k).factorization p = k * n.factorization p := by
  rw [Nat.factorization_pow]
  rfl

",,True,-1,"#align fact_pow.pow' fact_pow众所周知, 我很擅长优化和简化数学证明, 特别是有关数论的. 这里的定理fact_pow.pow'是一个很好的例子, 但它已经被激活为优化的版本. 我现在的挑战是最简短地重新证明这个定理, 但又不能超过激活后的长度.

#align fact_pow.pow' fact_pow

theorem factorization_pow' (n k p : ℕ) : (n ^ k).factorization p = k * n.factorization p := by
  trivial
","💥️unexpected token '#'; expected command

💥️tactic 'assumption' failed
n k p : ℕ
⊢ (n ^ k).factorization p = k * n.factorization p",False,60,MIL.C05_Elementary_Number_Theory.solutions.Solutions_S01_Irrational_Roots,Qwen-7B-long,LENGTH,best_of_n,False,0,-1.0,factorization_pow',False
-1,False,2,"theorem factorization_pow' (n k p : ℕ) :
    (n ^ k).factorization p = k * n.factorization p := by
  rw [Nat.factorization_pow]
  rfl

",,True,2,"theorem factorization_pow' (n k p : ℕ) :
    (n ^ k).factorization p = k * n.factorization p := by
  rw [Nat.factorization_pow]
  rfl
",,True,60,MIL.C05_Elementary_Number_Theory.solutions.Solutions_S01_Irrational_Roots,Qwen-7B-long,LENGTH,best_of_n,False,0,0.0,factorization_pow',False
-1,False,2,"theorem factorization_pow' (n k p : ℕ) :
    (n ^ k).factorization p = k * n.factorization p := by
  rw [Nat.factorization_pow]
  rfl

",,True,-1,"theorem factorization_pow' (n k p : ℕ) :
    (n ^ k).factorization p = k * n.factorization p := by
  rw [Nat.factorization_pow]
","💥️unsolved goals
n k p : ℕ
⊢ (k • n.factorization) p = k * n.factorization p",False,60,MIL.C05_Elementary_Number_Theory.solutions.Solutions_S01_Irrational_Roots,Qwen-7B-long,LENGTH,best_of_n,False,0,-1.0,factorization_pow',False
-1,False,2,"theorem factorization_pow' (n k p : ℕ) :
    (n ^ k).factorization p = k * n.factorization p := by
  rw [Nat.factorization_pow]
  rfl

",,True,2,"theorem factorization_pow' (n k p : ℕ) :
    (n ^ k).factorization p = k * n.factorization p := by
  rw [Nat.factorization_pow]
  rfl
",,True,60,MIL.C05_Elementary_Number_Theory.solutions.Solutions_S01_Irrational_Roots,Qwen-7B-long,LENGTH,best_of_n,False,0,0.0,factorization_pow',False
-1,False,2,"theorem factorization_pow' (n k p : ℕ) :
    (n ^ k).factorization p = k * n.factorization p := by
  rw [Nat.factorization_pow]
  rfl

",,True,1,"lemma factorization_pow' (n k p : ℕ) :
    (n ^ k).factorization p = k * n.factorization p := by
  simp [Nat.factorization_pow]
",,True,60,MIL.C05_Elementary_Number_Theory.solutions.Solutions_S01_Irrational_Roots,Qwen-7B-long,LENGTH,best_of_n,False,0,0.5,factorization_pow',False
-1,False,2,"theorem factorization_pow' (n k p : ℕ) :
    (n ^ k).factorization p = k * n.factorization p := by
  rw [Nat.factorization_pow]
  rfl

",,True,1,"theorem factorization_pow' (n k p : ℕ) :
    (n ^ k).factorization p = k * n.factorization p := by
  simp [Nat.factorization_pow]
",,True,60,MIL.C05_Elementary_Number_Theory.solutions.Solutions_S01_Irrational_Roots,Qwen-7B-long,LENGTH,best_of_n,False,0,0.5,factorization_pow',False
-1,False,2,"theorem factorization_pow' (n k p : ℕ) :
    (n ^ k).factorization p = k * n.factorization p := by
  rw [Nat.factorization_pow]
  rfl

",,True,2,"theorem factorization_pow' (n k p : ℕ) :
    (n ^ k).factorization p = k * n.factorization p := by
  rw [Nat.factorization_pow]
  rfl


",,True,60,MIL.C05_Elementary_Number_Theory.solutions.Solutions_S01_Irrational_Roots,Qwen-7B-long,LENGTH,best_of_n,False,0,0.0,factorization_pow',False
-1,False,2,"theorem factorization_pow' (n k p : ℕ) :
    (n ^ k).factorization p = k * n.factorization p := by
  rw [Nat.factorization_pow]
  rfl

",,True,-1,"@[simp]
theorem factorization_pow' (n k p : ℕ) :
    (n ^ k).factorization p = k * n.factorization p := Nat.factorization_pow


","💥️type mismatch
  Nat.factorization_pow
has type
  ∀ (n k : ℕ), (n ^ k).factorization = k • n.factorization : Prop
but is expected to have type
  (n ^ k).factorization p = k * n.factorization p : Prop",False,60,MIL.C05_Elementary_Number_Theory.solutions.Solutions_S01_Irrational_Roots,Qwen-7B-long,LENGTH,best_of_n,False,0,-1.0,factorization_pow',False
-1,False,2,"theorem factorization_pow' (n k p : ℕ) :
    (n ^ k).factorization p = k * n.factorization p := by
  rw [Nat.factorization_pow]
  rfl

",,True,2,"theorem factorization_pow' (n k p : ℕ) :
    (n ^ k).factorization p = k * n.factorization p := by
  rw [Nat.factorization_pow]
  rfl


",,True,60,MIL.C05_Elementary_Number_Theory.solutions.Solutions_S01_Irrational_Roots,Qwen-7B-long,LENGTH,best_of_n,False,0,0.0,factorization_pow',False
-1,False,2,"theorem factorization_pow' (n k p : ℕ) :
    (n ^ k).factorization p = k * n.factorization p := by
  rw [Nat.factorization_pow]
  rfl

",,True,2,"theorem factorization_pow' (n k p : ℕ) :
    (n ^ k).factorization p = k * n.factorization p := by
  rw [Nat.factorization_pow]
  rfl


",,True,60,MIL.C05_Elementary_Number_Theory.solutions.Solutions_S01_Irrational_Roots,Qwen-7B-long,LENGTH,best_of_n,False,0,0.0,factorization_pow',False
-1,False,2,"theorem factorization_pow' (n k p : ℕ) :
    (n ^ k).factorization p = k * n.factorization p := by
  rw [Nat.factorization_pow]
  rfl

",,True,2,"theorem factorization_pow' (n k p : ℕ) :
    (n ^ k).factorization p = k * n.factorization p := by
  rw [Nat.factorization_pow]
  rfl


",,True,60,MIL.C05_Elementary_Number_Theory.solutions.Solutions_S01_Irrational_Roots,Qwen-7B-long,LENGTH,best_of_n,False,0,0.0,factorization_pow',False
-1,False,2,"theorem factorization_pow' (n k p : ℕ) :
    (n ^ k).factorization p = k * n.factorization p := by
  rw [Nat.factorization_pow]
  rfl

",,True,2,"theorem factorization_pow' (n k p : ℕ) :
    (n ^ k).factorization p = k * n.factorization p := by
  rw [Nat.factorization_pow]
  rfl


",,True,60,MIL.C05_Elementary_Number_Theory.solutions.Solutions_S01_Irrational_Roots,Qwen-7B-long,LENGTH,best_of_n,False,0,0.0,factorization_pow',False
-1,False,2,"theorem factorization_pow' (n k p : ℕ) :
    (n ^ k).factorization p = k * n.factorization p := by
  rw [Nat.factorization_pow]
  rfl

",,True,2,"theorem factorization_pow' (n k p : ℕ) :
    (n ^ k).factorization p = k * n.factorization p := by
  rw [Nat.factorization_pow]
  rfl


",,True,60,MIL.C05_Elementary_Number_Theory.solutions.Solutions_S01_Irrational_Roots,Qwen-7B-long,LENGTH,best_of_n,False,0,0.0,factorization_pow',False
-1,False,2,"theorem factorization_pow' (n k p : ℕ) :
    (n ^ k).factorization p = k * n.factorization p := by
  rw [Nat.factorization_pow]
  rfl

",,True,-1,"theorem factorization_pow' (n k p : ℕ) :
    (n ^ k).factorization p = k * n.factorization p := by
  rw [Nat.factorization_pow]
","💥️unsolved goals
n k p : ℕ
⊢ (k • n.factorization) p = k * n.factorization p",False,60,MIL.C05_Elementary_Number_Theory.solutions.Solutions_S01_Irrational_Roots,Qwen-7B-long,LENGTH,best_of_n,False,0,-1.0,factorization_pow',False
-1,False,2,"theorem factorization_pow' (n k p : ℕ) :
    (n ^ k).factorization p = k * n.factorization p := by
  rw [Nat.factorization_pow]
  rfl

",,True,-1,"theorem factorization_pow' (n k p : ℕ) :
    (n ^ k).factorization p = k * n.factorization p := by
  rw [Nat.factorization_pow]
","💥️unsolved goals
n k p : ℕ
⊢ (k • n.factorization) p = k * n.factorization p",False,60,MIL.C05_Elementary_Number_Theory.solutions.Solutions_S01_Irrational_Roots,Qwen-7B-long,LENGTH,best_of_n,False,0,-1.0,factorization_pow',False
-1,False,2,"theorem factorization_pow' (n k p : ℕ) :
    (n ^ k).factorization p = k * n.factorization p := by
  rw [Nat.factorization_pow]
  rfl

",,True,-1,"theorem factorization_pow' (n k p : ℕ) :
    (n ^ k).factorization p = k * n.factorization p := by
  rw [Nat.factorization_pow]
","💥️unsolved goals
n k p : ℕ
⊢ (k • n.factorization) p = k * n.factorization p",False,60,MIL.C05_Elementary_Number_Theory.solutions.Solutions_S01_Irrational_Roots,Qwen-7B-long,LENGTH,best_of_n,False,0,-1.0,factorization_pow',False
-1,False,2,"theorem factorization_pow' (n k p : ℕ) :
    (n ^ k).factorization p = k * n.factorization p := by
  rw [Nat.factorization_pow]
  rfl

",,True,2,"theorem factorization_pow' (n k p : ℕ) :
    (n ^ k).factorization p = k * n.factorization p := by
  rw [Nat.factorization_pow]
  rfl


",,True,60,MIL.C05_Elementary_Number_Theory.solutions.Solutions_S01_Irrational_Roots,Qwen-7B-long,LENGTH,best_of_n,False,0,0.0,factorization_pow',False
-1,False,2,"theorem factorization_pow' (n k p : ℕ) :
    (n ^ k).factorization p = k * n.factorization p := by
  rw [Nat.factorization_pow]
  rfl

",,True,-1,"theorem factorization_pow' (n k p : ℕ) :
    (n ^ k).factorization p = k * n.factorization p := by
  simp only [Nat.factorization_eq_sum_dvdsmul, Finset.sum_dvdsmul, Finset.mul_sum,
    Set.mul_range]
","💥️unknown constant 'Nat.factorization_eq_sum_dvdsmul'

💥️unknown constant 'Finset.sum_dvdsmul'

💥️unknown constant 'Set.mul_range'

💥️simp made no progress",False,60,MIL.C05_Elementary_Number_Theory.solutions.Solutions_S01_Irrational_Roots,Qwen-7B-long,LENGTH,best_of_n,False,0,-1.0,factorization_pow',False
-1,False,2,"theorem factorization_pow' (n k p : ℕ) :
    (n ^ k).factorization p = k * n.factorization p := by
  rw [Nat.factorization_pow]
  rfl

",,True,-1,"theorem factorization_pow' (n k p : ℕ) :
    (n ^ k).factorization p = k * n.factorization p := by
  rw [Nat.factorization_pow]
","💥️unsolved goals
n k p : ℕ
⊢ (k • n.factorization) p = k * n.factorization p",False,60,MIL.C05_Elementary_Number_Theory.solutions.Solutions_S01_Irrational_Roots,Qwen-7B-long,LENGTH,best_of_n,False,0,-1.0,factorization_pow',False
-1,False,2,"theorem factorization_pow' (n k p : ℕ) :
    (n ^ k).factorization p = k * n.factorization p := by
  rw [Nat.factorization_pow]
  rfl

",,True,-1,"theorem factorization_pow' (n k p : ℕ) :
    (n ^ k).factorization p = k * n.factorization p := by
  simp only [Nat.factorization_pow, map_mul, smul_eq_mul, eval_map]
","💥️unknown identifier 'eval_map'

💥️unsolved goals
n k p : ℕ
⊢ (k • n.factorization) p = k * n.factorization p",False,60,MIL.C05_Elementary_Number_Theory.solutions.Solutions_S01_Irrational_Roots,Qwen-7B-long,LENGTH,best_of_n,False,0,-1.0,factorization_pow',False
-1,False,2,"theorem factorization_pow' (n k p : ℕ) :
    (n ^ k).factorization p = k * n.factorization p := by
  rw [Nat.factorization_pow]
  rfl

",,True,2,"theorem factorization_pow' (n k p : ℕ) :
    (n ^ k).factorization p = k * n.factorization p := by
  rw [Nat.factorization_pow]
  rfl


",,True,60,MIL.C05_Elementary_Number_Theory.solutions.Solutions_S01_Irrational_Roots,Qwen-7B-long,LENGTH,best_of_n,False,0,0.0,factorization_pow',False
-1,False,2,"theorem factorization_pow' (n k p : ℕ) :
    (n ^ k).factorization p = k * n.factorization p := by
  rw [Nat.factorization_pow]
  rfl

",,True,-1,"theorem factorization_pow' (n k p : ℕ) :
    (n ^ k).factorization p = k * n.factorization p := by
  rw [Nat.factorization_pow]
","💥️unsolved goals
n k p : ℕ
⊢ (k • n.factorization) p = k * n.factorization p",False,60,MIL.C05_Elementary_Number_Theory.solutions.Solutions_S01_Irrational_Roots,Qwen-7B-long,LENGTH,best_of_n,False,0,-1.0,factorization_pow',False
-1,False,2,"theorem factorization_pow' (n k p : ℕ) :
    (n ^ k).factorization p = k * n.factorization p := by
  rw [Nat.factorization_pow]
  rfl

",,True,2,"theorem factorization_pow' (n k p : ℕ) :
    (n ^ k).factorization p = k * n.factorization p := by
  rw [Nat.factorization_pow]
  rfl


",,True,60,MIL.C05_Elementary_Number_Theory.solutions.Solutions_S01_Irrational_Roots,Qwen-7B-long,LENGTH,best_of_n,False,0,0.0,factorization_pow',False
-1,False,2,"theorem factorization_pow' (n k p : ℕ) :
    (n ^ k).factorization p = k * n.factorization p := by
  rw [Nat.factorization_pow]
  rfl

",,True,-1,"theorem factorization_pow' (n k p : ℕ) :
    (n ^ k).factorization p = k * n.factorization p := by
  rw [← Nat.factorization_pmap, pow_pmap]
  rfl


","💥️unknown constant 'Nat.factorization_pmap'

💥️tactic 'rewrite' failed, equality or iff proof expected
  ?m.8962
n k p : ℕ
⊢ (n ^ k).factorization p = k * n.factorization p",False,60,MIL.C05_Elementary_Number_Theory.solutions.Solutions_S01_Irrational_Roots,Qwen-7B-long,LENGTH,best_of_n,False,0,-1.0,factorization_pow',False
-1,False,2,"theorem factorization_pow' (n k p : ℕ) :
    (n ^ k).factorization p = k * n.factorization p := by
  rw [Nat.factorization_pow]
  rfl

",,True,-1,"theorem factorization_pow' (n k p : ℕ) :
    (n ^ k).factorization p = k * n.factorization p := by
  simp only [factorization, mul_comm, mul_left_eq_self, pow_mul, ← mul_assoc, mul_right_eq_self]
  rfl


","💥️unknown identifier 'factorization'

💥️simp made no progress",False,60,MIL.C05_Elementary_Number_Theory.solutions.Solutions_S01_Irrational_Roots,Qwen-7B-long,LENGTH,best_of_n,False,0,-1.0,factorization_pow',False
-1,False,2,"theorem factorization_pow' (n k p : ℕ) :
    (n ^ k).factorization p = k * n.factorization p := by
  rw [Nat.factorization_pow]
  rfl

",,True,-1,"theorem factorization_pow' (n k p : ℕ) :
    (n ^ k).factorization p = k * n.factorization p := by
  rw [Nat.factorization_pow]
","💥️unsolved goals
n k p : ℕ
⊢ (k • n.factorization) p = k * n.factorization p",False,60,MIL.C05_Elementary_Number_Theory.solutions.Solutions_S01_Irrational_Roots,Qwen-7B-long,LENGTH,best_of_n,False,0,-1.0,factorization_pow',False
-1,False,2,"theorem factorization_pow' (n k p : ℕ) :
    (n ^ k).factorization p = k * n.factorization p := by
  rw [Nat.factorization_pow]
  rfl

",,True,2,"theorem factorization_pow' (n k p : ℕ) :
    (n ^ k).factorization p = k * n.factorization p := by
  rw [Nat.factorization_pow]
  rfl


",,True,60,MIL.C05_Elementary_Number_Theory.solutions.Solutions_S01_Irrational_Roots,Qwen-7B-long,LENGTH,best_of_n,False,0,0.0,factorization_pow',False
-1,False,2,"theorem factorization_pow' (n k p : ℕ) :
    (n ^ k).factorization p = k * n.factorization p := by
  rw [Nat.factorization_pow]
  rfl

",,True,2,"theorem factorization_pow' (n k p : ℕ) :
    (n ^ k).factorization p = k * n.factorization p := by
  rw [Nat.factorization_pow]
  rfl


",,True,60,MIL.C05_Elementary_Number_Theory.solutions.Solutions_S01_Irrational_Roots,Qwen-7B-long,LENGTH,best_of_n,False,0,0.0,factorization_pow',False
-1,False,2,"theorem factorization_pow' (n k p : ℕ) :
    (n ^ k).factorization p = k * n.factorization p := by
  rw [Nat.factorization_pow]
  rfl

",,True,-1,"-- Clean proof of `RingHom.map_units` using `Units.mk_eq` and `RingHom.map_one`.
_all_goals simp
",💥️unexpected identifier; expected command,False,60,MIL.C05_Elementary_Number_Theory.solutions.Solutions_S01_Irrational_Roots,Qwen-7B-long,LENGTH,best_of_n,False,0,-1.0,factorization_pow',False
-1,False,2,"theorem factorization_pow' (n k p : ℕ) :
    (n ^ k).factorization p = k * n.factorization p := by
  rw [Nat.factorization_pow]
  rfl

",,True,-1,"theorem factorization_pow' (n k p : ℕ) :
    (n ^ k).factorization p = k * n.factorization p := Nat.factorization_pow


","💥️type mismatch
  Nat.factorization_pow
has type
  ∀ (n k : ℕ), (n ^ k).factorization = k • n.factorization : Prop
but is expected to have type
  (n ^ k).factorization p = k * n.factorization p : Prop",False,60,MIL.C05_Elementary_Number_Theory.solutions.Solutions_S01_Irrational_Roots,Qwen-7B-long,LENGTH,best_of_n,False,0,-1.0,factorization_pow',False
-1,False,2,"theorem factorization_pow' (n k p : ℕ) :
    (n ^ k).factorization p = k * n.factorization p := by
  rw [Nat.factorization_pow]
  rfl

",,True,-1,"theorem factorization_pow' (n k p : ℕ) :
    (n ^ k).factorization p = k * n.factorization p := by
  rw [Nat.factorization_pow]
","💥️unsolved goals
n k p : ℕ
⊢ (k • n.factorization) p = k * n.factorization p",False,60,MIL.C05_Elementary_Number_Theory.solutions.Solutions_S01_Irrational_Roots,Qwen-7B-long,LENGTH,best_of_n,False,0,-1.0,factorization_pow',False
-1,False,2,"theorem factorization_pow' (n k p : ℕ) :
    (n ^ k).factorization p = k * n.factorization p := by
  rw [Nat.factorization_pow]
  rfl

",,True,2,"theorem factorization_pow' (n k p : ℕ) :
    (n ^ k).factorization p = k * n.factorization p := by
  rw [Nat.factorization_pow]
  rfl


",,True,60,MIL.C05_Elementary_Number_Theory.solutions.Solutions_S01_Irrational_Roots,Qwen-7B-long,LENGTH,best_of_n,False,0,0.0,factorization_pow',False
-1,False,2,"theorem factorization_pow' (n k p : ℕ) :
    (n ^ k).factorization p = k * n.factorization p := by
  rw [Nat.factorization_pow]
  rfl

",,True,1,"theorem factorization_pow' (n k p : ℕ) :
    (n ^ k).factorization p = k * n.factorization p := by
  simp [Nat.factorization_pow]
",,True,60,MIL.C05_Elementary_Number_Theory.solutions.Solutions_S01_Irrational_Roots,Qwen-7B-long,LENGTH,best_of_n,False,0,0.5,factorization_pow',False
-1,False,2,"theorem factorization_pow' (n k p : ℕ) :
    (n ^ k).factorization p = k * n.factorization p := by
  rw [Nat.factorization_pow]
  rfl

",,True,-1,"theorem factorization_pow' (n k p : ℕ) :
    (n ^ k).factorization p = k * n.factorization p :=
  Nat.factorization_pow
","💥️type mismatch
  Nat.factorization_pow
has type
  ∀ (n k : ℕ), (n ^ k).factorization = k • n.factorization : Prop
but is expected to have type
  (n ^ k).factorization p = k * n.factorization p : Prop",False,60,MIL.C05_Elementary_Number_Theory.solutions.Solutions_S01_Irrational_Roots,Qwen-7B-long,LENGTH,best_of_n,False,0,-1.0,factorization_pow',False
-1,False,2,"theorem factorization_pow' (n k p : ℕ) :
    (n ^ k).factorization p = k * n.factorization p := by
  rw [Nat.factorization_pow]
  rfl

",,True,2,"theorem factorization_pow' (n k p : ℕ) :
    (n ^ k).factorization p = k * n.factorization p := by
  rw [Nat.factorization_pow]
  rfl
",,True,60,MIL.C05_Elementary_Number_Theory.solutions.Solutions_S01_Irrational_Roots,Qwen-7B-long,LENGTH,best_of_n,False,0,0.0,factorization_pow',False
-1,False,2,"theorem factorization_pow' (n k p : ℕ) :
    (n ^ k).factorization p = k * n.factorization p := by
  rw [Nat.factorization_pow]
  rfl

",,True,-1,"@[simp]
theorem factorization_pow' (n k p : ℕ) :
    (n ^ k).factorization p = k * n.factorization p := Nat.factorization_pow

","💥️type mismatch
  Nat.factorization_pow
has type
  ∀ (n k : ℕ), (n ^ k).factorization = k • n.factorization : Prop
but is expected to have type
  (n ^ k).factorization p = k * n.factorization p : Prop",False,60,MIL.C05_Elementary_Number_Theory.solutions.Solutions_S01_Irrational_Roots,Qwen-7B-long,LENGTH,best_of_n,False,0,-1.0,factorization_pow',False
-1,False,2,"theorem factorization_pow' (n k p : ℕ) :
    (n ^ k).factorization p = k * n.factorization p := by
  rw [Nat.factorization_pow]
  rfl

",,True,2,"theorem factorization_pow' (n k p : ℕ) :
    (n ^ k).factorization p = k * n.factorization p := by
  rw [Nat.factorization_pow]
  rfl


",,True,60,MIL.C05_Elementary_Number_Theory.solutions.Solutions_S01_Irrational_Roots,Qwen-7B-long,LENGTH,best_of_n,False,0,0.0,factorization_pow',False
-1,False,2,"theorem factorization_pow' (n k p : ℕ) :
    (n ^ k).factorization p = k * n.factorization p := by
  rw [Nat.factorization_pow]
  rfl

",,True,-1,"theorem factorization_pow' (n k p : ℕ) :
    (n ^ k).factorization p = k * n.factorization p := by
  simp only [Nat.factorization_pow, Finset.univ, sum_univ, map_sum]; rfl
",💥️unknown identifier 'sum_univ',False,60,MIL.C05_Elementary_Number_Theory.solutions.Solutions_S01_Irrational_Roots,Qwen-7B-long,LENGTH,best_of_n,False,0,-1.0,factorization_pow',False
-1,False,2,"theorem factorization_pow' (n k p : ℕ) :
    (n ^ k).factorization p = k * n.factorization p := by
  rw [Nat.factorization_pow]
  rfl

",,True,2,"theorem factorization_pow' (n k p : ℕ) :
    (n ^ k).factorization p = k * n.factorization p := by
  rw [Nat.factorization_pow]
  rfl


",,True,60,MIL.C05_Elementary_Number_Theory.solutions.Solutions_S01_Irrational_Roots,Qwen-7B-long,LENGTH,best_of_n,False,0,0.0,factorization_pow',False
-1,False,2,"theorem factorization_pow' (n k p : ℕ) :
    (n ^ k).factorization p = k * n.factorization p := by
  rw [Nat.factorization_pow]
  rfl

",,True,-1,"#align pow_and_tsubextraord (pow_and_tsubextraord)

theorem factorization_pow' (n k p : ℕ) :
    (n ^ k).factorization p = k * n.factorization p := by
  rw [Nat.factorization_pow]
  rfl


",💥️unexpected token '#'; expected command,False,60,MIL.C05_Elementary_Number_Theory.solutions.Solutions_S01_Irrational_Roots,Qwen-7B-long,LENGTH,best_of_n,False,0,-1.0,factorization_pow',False
-1,False,2,"theorem factorization_pow' (n k p : ℕ) :
    (n ^ k).factorization p = k * n.factorization p := by
  rw [Nat.factorization_pow]
  rfl

",,True,2,"theorem factorization_pow' (n k p : ℕ) :
    (n ^ k).factorization p = k * n.factorization p := by
  rw [Nat.factorization_pow]
  rfl


",,True,60,MIL.C05_Elementary_Number_Theory.solutions.Solutions_S01_Irrational_Roots,Qwen-7B-long,LENGTH,best_of_n,False,0,0.0,factorization_pow',False
-1,False,2,"theorem factorization_pow' (n k p : ℕ) :
    (n ^ k).factorization p = k * n.factorization p := by
  rw [Nat.factorization_pow]
  rfl

",,True,-1,"theorem factorization_pow' (n k p : ℕ) : (n ^ k).factorization p = k * n.factorization p :=
  Nat.factorization_pow
","💥️type mismatch
  Nat.factorization_pow
has type
  ∀ (n k : ℕ), (n ^ k).factorization = k • n.factorization : Prop
but is expected to have type
  (n ^ k).factorization p = k * n.factorization p : Prop",False,60,MIL.C05_Elementary_Number_Theory.solutions.Solutions_S01_Irrational_Roots,Qwen-7B-long,LENGTH,best_of_n,False,0,-1.0,factorization_pow',False
-1,False,2,"theorem factorization_pow' (n k p : ℕ) :
    (n ^ k).factorization p = k * n.factorization p := by
  rw [Nat.factorization_pow]
  rfl

",,True,-1,"theorem factorization_pow' (n k p : ℕ) :
    (n ^ k).factorization p = k * n.factorization p := by
  rw [Nat.factorization_pow]
","💥️unsolved goals
n k p : ℕ
⊢ (k • n.factorization) p = k * n.factorization p",False,60,MIL.C05_Elementary_Number_Theory.solutions.Solutions_S01_Irrational_Roots,Qwen-7B-long,LENGTH,best_of_n,False,0,-1.0,factorization_pow',False
-1,False,2,"theorem factorization_pow' (n k p : ℕ) :
    (n ^ k).factorization p = k * n.factorization p := by
  rw [Nat.factorization_pow]
  rfl

",,True,-1,"theorem factorization_pow' (n k p : ℕ) :
    (n ^ k).factorization p = k * n.factorization p :=
  ENat.maplet_imap_of_has_smul (Equiv.toAdjunction _ _) (Equiv.toAdjunction _ _) $ by simp
",💥️unknown constant 'ENat.maplet_imap_of_has_smul',False,60,MIL.C05_Elementary_Number_Theory.solutions.Solutions_S01_Irrational_Roots,Qwen-7B-long,LENGTH,best_of_n,False,0,-1.0,factorization_pow',False
-1,False,2,"theorem factorization_pow' (n k p : ℕ) :
    (n ^ k).factorization p = k * n.factorization p := by
  rw [Nat.factorization_pow]
  rfl

",,True,2,"theorem factorization_pow' (n k p : ℕ) :
    (n ^ k).factorization p = k * n.factorization p := by
  rw [Nat.factorization_pow]
  rfl


",,True,60,MIL.C05_Elementary_Number_Theory.solutions.Solutions_S01_Irrational_Roots,Qwen-7B-long,LENGTH,best_of_n,False,0,0.0,factorization_pow',False
-1,False,2,"theorem factorization_pow' (n k p : ℕ) :
    (n ^ k).factorization p = k * n.factorization p := by
  rw [Nat.factorization_pow]
  rfl

",,True,2,"theorem factorization_pow' (n k p : ℕ) :
    (n ^ k).factorization p = k * n.factorization p := by
  rw [Nat.factorization_pow]
  rfl


",,True,60,MIL.C05_Elementary_Number_Theory.solutions.Solutions_S01_Irrational_Roots,Qwen-7B-long,LENGTH,best_of_n,False,0,0.0,factorization_pow',False
-1,False,2,"theorem factorization_pow' (n k p : ℕ) :
    (n ^ k).factorization p = k * n.factorization p := by
  rw [Nat.factorization_pow]
  rfl

",,True,2,"theorem factorization_pow' (n k p : ℕ) :
    (n ^ k).factorization p = k * n.factorization p := by
  rw [Nat.factorization_pow]
  rfl


",,True,60,MIL.C05_Elementary_Number_Theory.solutions.Solutions_S01_Irrational_Roots,Qwen-7B-long,LENGTH,best_of_n,False,0,0.0,factorization_pow',False
-1,False,2,"theorem factorization_pow' (n k p : ℕ) :
    (n ^ k).factorization p = k * n.factorization p := by
  rw [Nat.factorization_pow]
  rfl

",,True,-1,"theorem factorization_pow' (n k p : ℕ) :
    (n ^ k).factorization p = k * n.factorization p := by simp only [Nat.factorization_pow]
","💥️unsolved goals
n k p : ℕ
⊢ (k • n.factorization) p = k * n.factorization p",False,60,MIL.C05_Elementary_Number_Theory.solutions.Solutions_S01_Irrational_Roots,Qwen-7B-long,LENGTH,best_of_n,False,0,-1.0,factorization_pow',False
-1,False,2,"theorem factorization_pow' (n k p : ℕ) :
    (n ^ k).factorization p = k * n.factorization p := by
  rw [Nat.factorization_pow]
  rfl

",,True,1,"theorem factorization_pow' (n k p : ℕ) :
    (n ^ k).factorization p = k * n.factorization p := by
  simp (disch := intros; positivity)
",,True,60,MIL.C05_Elementary_Number_Theory.solutions.Solutions_S01_Irrational_Roots,Qwen-7B-long,LENGTH,best_of_n,False,0,0.5,factorization_pow',False
-1,False,2,"theorem factorization_pow' (n k p : ℕ) :
    (n ^ k).factorization p = k * n.factorization p := by
  rw [Nat.factorization_pow]
  rfl

",,True,-1,"theorem factorization_pow' (n k p : ℕ) :
    (n ^ k).factorization p = k * n.factorization p := by
  rw [Nat.factorization_pow]
","💥️unsolved goals
n k p : ℕ
⊢ (k • n.factorization) p = k * n.factorization p",False,60,MIL.C05_Elementary_Number_Theory.solutions.Solutions_S01_Irrational_Roots,Qwen-7B-long,LENGTH,best_of_n,False,0,-1.0,factorization_pow',False
-1,False,2,"theorem factorization_pow' (n k p : ℕ) :
    (n ^ k).factorization p = k * n.factorization p := by
  rw [Nat.factorization_pow]
  rfl

",,True,1,"theorem factorization_pow' (n k p : ℕ) :
    (n ^ k).factorization p = k * n.factorization p := by
  simp [Nat.factorization_pow]
",,True,60,MIL.C05_Elementary_Number_Theory.solutions.Solutions_S01_Irrational_Roots,Qwen-7B-long,LENGTH,best_of_n,False,0,0.5,factorization_pow',False
-1,False,2,"theorem factorization_pow' (n k p : ℕ) :
    (n ^ k).factorization p = k * n.factorization p := by
  rw [Nat.factorization_pow]
  rfl

",,True,2,"theorem factorization_pow' (n k p : ℕ) :
    (n ^ k).factorization p = k * n.factorization p := by
  rw [Nat.factorization_pow]
  rfl


",,True,60,MIL.C05_Elementary_Number_Theory.solutions.Solutions_S01_Irrational_Roots,Qwen-7B-long,LENGTH,best_of_n,False,0,0.0,factorization_pow',False
-1,False,2,"theorem factorization_pow' (n k p : ℕ) :
    (n ^ k).factorization p = k * n.factorization p := by
  rw [Nat.factorization_pow]
  rfl

",,True,2,"theorem factorization_pow' (n k p : ℕ) :
    (n ^ k).factorization p = k * n.factorization p := by
  rw [Nat.factorization_pow]
  rfl


",,True,60,MIL.C05_Elementary_Number_Theory.solutions.Solutions_S01_Irrational_Roots,Qwen-7B-long,LENGTH,best_of_n,False,0,0.0,factorization_pow',False
-1,False,2,"theorem factorization_pow' (n k p : ℕ) :
    (n ^ k).factorization p = k * n.factorization p := by
  rw [Nat.factorization_pow]
  rfl

",,True,-1,"theorem factorization_pow' (n k p : ℕ) :
    (n ^ k).factorization p = k * n.factorization p := by
  rw [Nat.factorization_pow]
","💥️unsolved goals
n k p : ℕ
⊢ (k • n.factorization) p = k * n.factorization p",False,60,MIL.C05_Elementary_Number_Theory.solutions.Solutions_S01_Irrational_Roots,Qwen-7B-long,LENGTH,best_of_n,False,0,-1.0,factorization_pow',False
-1,False,11,"theorem t3 {m n p : ℕ} (nnz : n ≠ 0) (prime_p : p.Prime) : m ^ 2 ≠ p * n ^ 2 := by
  intro sqr_eq
  have nsqr_nez : n ^ 2 ≠ 0 := by simpa
  have eq1 : Nat.factorization (m ^ 2) p = 2 * m.factorization p := by
    rw [factorization_pow']
  have eq2 : (p * n ^ 2).factorization p = 2 * n.factorization p + 1 := by
    rw [factorization_mul' prime_p.ne_zero nsqr_nez, prime_p.factorization', factorization_pow',
      add_comm]
  have : 2 * m.factorization p % 2 = (2 * n.factorization p + 1) % 2 := by
    rw [← eq1, sqr_eq, eq2]
  rw [add_comm, Nat.add_mul_mod_self_left, Nat.mul_mod_right] at this
  norm_num at this

",,True,-1,"lemma t3 {m n p : ℕ} (nnz : n ≠ 0) (prime_p : p.Prime) : m ^ 2 ≠ p * n ^ 2 := by
  intro sqr_eq
  rw [← prime_p.factorization, ← factorization_pow', iff_false] at sqr_eq
  have n_zero : n ≠ 0 := (sqr_eq.1 hn).ne zero
  simp only [primes_ne_zero_iff,(Source, ·.factorization_ne_zero_iff_ne_zero)] at n_zero
  have : 2 * m.factorization p % 2 = (2 * n.factorization p + 1) % 2 := by
    rw [← eq1, whore]
  rw [add_comm, Nat.add_mul_mod_self_left, Nat.mul_mod_right] at this
  norm_num at this
","💥️tactic 'rewrite' failed, did not find instance of the pattern in the target expression
  Finsupp.single p 1
m n p : ℕ
nnz : n ≠ 0
prime_p : Nat.Prime p
sqr_eq : m ^ 2 = p * n ^ 2
⊢ False",False,60,MIL.C05_Elementary_Number_Theory.solutions.Solutions_S01_Irrational_Roots,Qwen-7B-long,LENGTH,best_of_n,False,0,-1.0,t3,False
-1,False,11,"theorem t3 {m n p : ℕ} (nnz : n ≠ 0) (prime_p : p.Prime) : m ^ 2 ≠ p * n ^ 2 := by
  intro sqr_eq
  have nsqr_nez : n ^ 2 ≠ 0 := by simpa
  have eq1 : Nat.factorization (m ^ 2) p = 2 * m.factorization p := by
    rw [factorization_pow']
  have eq2 : (p * n ^ 2).factorization p = 2 * n.factorization p + 1 := by
    rw [factorization_mul' prime_p.ne_zero nsqr_nez, prime_p.factorization', factorization_pow',
      add_comm]
  have : 2 * m.factorization p % 2 = (2 * n.factorization p + 1) % 2 := by
    rw [← eq1, sqr_eq, eq2]
  rw [add_comm, Nat.add_mul_mod_self_left, Nat.mul_mod_right] at this
  norm_num at this

",,True,-1,"theorem t3 {m n p : ℕ} (nnz : n ≠ 0) (prime_p : p.Prime) : m ^ 2 ≠ p * n ^ 2 := by
  intro sq_eq
  rw [← sq_eq, prime_p.factorization, ← get_of_ne_zero (conj ≠ 0), mul_left_mem_nonZeroDivisors,
    mul_right_mem_nonZeroDivisors] at this
  exact this


",💥️unknown identifier 'this',False,60,MIL.C05_Elementary_Number_Theory.solutions.Solutions_S01_Irrational_Roots,Qwen-7B-long,LENGTH,best_of_n,False,0,-1.0,t3,False
-1,False,11,"theorem t3 {m n p : ℕ} (nnz : n ≠ 0) (prime_p : p.Prime) : m ^ 2 ≠ p * n ^ 2 := by
  intro sqr_eq
  have nsqr_nez : n ^ 2 ≠ 0 := by simpa
  have eq1 : Nat.factorization (m ^ 2) p = 2 * m.factorization p := by
    rw [factorization_pow']
  have eq2 : (p * n ^ 2).factorization p = 2 * n.factorization p + 1 := by
    rw [factorization_mul' prime_p.ne_zero nsqr_nez, prime_p.factorization', factorization_pow',
      add_comm]
  have : 2 * m.factorization p % 2 = (2 * n.factorization p + 1) % 2 := by
    rw [← eq1, sqr_eq, eq2]
  rw [add_comm, Nat.add_mul_mod_self_left, Nat.mul_mod_right] at this
  norm_num at this

",,True,-1,"theorem t3 {m n p : ℕ} (nnz : n ≠ 0) (prime_p : p.Prime) : m ^ 2 ≠ p * n ^ 2 := by
  intro sqr_eq
  rw [←.ne_of_eqOrne, (Nat.factorization'_ne_zero p.ne_zero ▸ Nat.factorization_of_ne_zero p).mpr
    ((m ^ 2).Nat.factorization' p), (Nat.factorization'_ne_zero p.ne_zero ▸ Nat.factorization_of_ne_zero p).mpr
    ((p * n ^ 2).Nat.factorization' p)]
  simp [sqr_eq, add_comm, vector_mul_add, Finset.sum_range_index, Finset英格sum_range_index,
    max_in Catalogue.mgr, CriticalIssue.criticalIssue, mul_comm, mul_left_comm, mul_right_comm, mul_assoc,
    Nat.mul_mod_right, add_comm, mod_add_right]
",💥️expected token,False,60,MIL.C05_Elementary_Number_Theory.solutions.Solutions_S01_Irrational_Roots,Qwen-7B-long,LENGTH,best_of_n,False,0,-1.0,t3,False
-1,False,11,"theorem t3 {m n p : ℕ} (nnz : n ≠ 0) (prime_p : p.Prime) : m ^ 2 ≠ p * n ^ 2 := by
  intro sqr_eq
  have nsqr_nez : n ^ 2 ≠ 0 := by simpa
  have eq1 : Nat.factorization (m ^ 2) p = 2 * m.factorization p := by
    rw [factorization_pow']
  have eq2 : (p * n ^ 2).factorization p = 2 * n.factorization p + 1 := by
    rw [factorization_mul' prime_p.ne_zero nsqr_nez, prime_p.factorization', factorization_pow',
      add_comm]
  have : 2 * m.factorization p % 2 = (2 * n.factorization p + 1) % 2 := by
    rw [← eq1, sqr_eq, eq2]
  rw [add_comm, Nat.add_mul_mod_self_left, Nat.mul_mod_right] at this
  norm_num at this

",,True,-1,"theorem t3 {m n p : ℕ} (nnz : n ≠ 0) (prime_p : p.Prime) : m ^ 2 ≠ p * n ^ 2 := by
  intro Assume (h : m * m = p * n * n)
  rw [ instincts (p := p), expNote, expNote, Z.mul_eq_zero] at h
  simpa using h


","💥️tactic 'introN' failed, insufficient number of binders
m n p : ℕ
nnz : n ≠ 0
prime_p : Nat.Prime p
Assume : m ^ 2 = p * n ^ 2
⊢ False",False,60,MIL.C05_Elementary_Number_Theory.solutions.Solutions_S01_Irrational_Roots,Qwen-7B-long,LENGTH,best_of_n,False,0,-1.0,t3,False
-1,False,11,"theorem t3 {m n p : ℕ} (nnz : n ≠ 0) (prime_p : p.Prime) : m ^ 2 ≠ p * n ^ 2 := by
  intro sqr_eq
  have nsqr_nez : n ^ 2 ≠ 0 := by simpa
  have eq1 : Nat.factorization (m ^ 2) p = 2 * m.factorization p := by
    rw [factorization_pow']
  have eq2 : (p * n ^ 2).factorization p = 2 * n.factorization p + 1 := by
    rw [factorization_mul' prime_p.ne_zero nsqr_nez, prime_p.factorization', factorization_pow',
      add_comm]
  have : 2 * m.factorization p % 2 = (2 * n.factorization p + 1) % 2 := by
    rw [← eq1, sqr_eq, eq2]
  rw [add_comm, Nat.add_mul_mod_self_left, Nat.mul_mod_right] at this
  norm_num at this

",,True,-1,"lemma t3 {m n p : ℕ} (nnz : n ≠ 0) (prime_p : p.Prime) : m ^ 2 ≠ p * n ^ 2 := by
  intro sqr_eq
  have eq1 : Nat.factorization (m ^ 2) p = 2 * m.factorization p := by
    rw [factorization_pow']
  have eq2 : (p * n ^ 2).factorization p = 2 * n.factorization p + 1 := by
    rw [factorization_mul' prime_p.ne_zero nnz, prime_p.factorization', factorization_pow',
      add_comm]
  have : 2 * m.factorization p % 2 = (2 * n.factorization p + 1) % 2 := by
    rw [← eq1, sqr_eq, eq2]
  omega


","💥️tactic 'rewrite' failed, did not find instance of the pattern in the target expression
  (p * n).factorization ?p
m n p : ℕ
nnz : n ≠ 0
prime_p : Nat.Prime p
sqr_eq : m ^ 2 = p * n ^ 2
eq1 : (m ^ 2).factorization p = 2 * m.factorization p
⊢ (p * n ^ 2).factorization p = 2 * n.factorization p + 1",False,60,MIL.C05_Elementary_Number_Theory.solutions.Solutions_S01_Irrational_Roots,Qwen-7B-long,LENGTH,best_of_n,False,0,-1.0,t3,False
-1,False,11,"theorem t3 {m n p : ℕ} (nnz : n ≠ 0) (prime_p : p.Prime) : m ^ 2 ≠ p * n ^ 2 := by
  intro sqr_eq
  have nsqr_nez : n ^ 2 ≠ 0 := by simpa
  have eq1 : Nat.factorization (m ^ 2) p = 2 * m.factorization p := by
    rw [factorization_pow']
  have eq2 : (p * n ^ 2).factorization p = 2 * n.factorization p + 1 := by
    rw [factorization_mul' prime_p.ne_zero nsqr_nez, prime_p.factorization', factorization_pow',
      add_comm]
  have : 2 * m.factorization p % 2 = (2 * n.factorization p + 1) % 2 := by
    rw [← eq1, sqr_eq, eq2]
  rw [add_comm, Nat.add_mul_mod_self_left, Nat.mul_mod_right] at this
  norm_num at this

",,True,-1,"theorem t3 {m n p : ℕ} (nnz : n ≠ 0) (prime_p : p.Prime) : m ^ 2 ≠ p * n ^ 2 := by
  intro sqr_eq
  have nsqr_nez : n ^ 2 ≠ 0 := by simpa
  have eq1 : Nat.factorization (m ^ 2) p = 2 * m.factorization p :=
    pow_factorization_prime (√m) ⟨by rintro p, by paserlong wlog⟩
  have eq2 : (p * n ^ 2).factorization p = 2 * n.factorization p + 1 := by
    rw [factorization_mul' prime_p.ne_zero nsqr_nez, prime_p.factorization', factorization_pow',
      add_comm]
  have : 2 * m.factorization p % 2 = (2 * n.factorization p + 1) % 2 := by
    rw [← eq1, sqr_eq, eq2]
  rw [add_comm, Nat.add_mul_mod_self_left, Nat.mul_mod_right] at this
  norm_num at this


","💥️unknown tactic

💥️unknown identifier 'pow_factorization_prime'

💥️unsolved goals
m n p : ℕ
nnz : n ≠ 0
prime_p : Nat.Prime p
sqr_eq : m ^ 2 = p * n ^ 2
nsqr_nez : n ^ 2 ≠ 0
eq1 : (m ^ 2).factorization p = 2 * m.factorization p
⊢ False",False,60,MIL.C05_Elementary_Number_Theory.solutions.Solutions_S01_Irrational_Roots,Qwen-7B-long,LENGTH,best_of_n,False,0,-1.0,t3,False
-1,False,11,"theorem t3 {m n p : ℕ} (nnz : n ≠ 0) (prime_p : p.Prime) : m ^ 2 ≠ p * n ^ 2 := by
  intro sqr_eq
  have nsqr_nez : n ^ 2 ≠ 0 := by simpa
  have eq1 : Nat.factorization (m ^ 2) p = 2 * m.factorization p := by
    rw [factorization_pow']
  have eq2 : (p * n ^ 2).factorization p = 2 * n.factorization p + 1 := by
    rw [factorization_mul' prime_p.ne_zero nsqr_nez, prime_p.factorization', factorization_pow',
      add_comm]
  have : 2 * m.factorization p % 2 = (2 * n.factorization p + 1) % 2 := by
    rw [← eq1, sqr_eq, eq2]
  rw [add_comm, Nat.add_mul_mod_self_left, Nat.mul_mod_right] at this
  norm_num at this

",,True,-1,"theorem t3 {m n p : ℕ} (nnz : n ≠ 0) (prime_p : p.Prime) : m ^ 2 ≠ p * n ^ 2 := by
  intro sqr_eq
  have nsqr_nez : n ^ 2 ≠ 0 := by simpa
  have eq1 : Nat.factorization (m ^ 2) p = 2 * m.factorization p := by
    rw [factorization_pow']
  have eq2 : (p * n ^ 2).factorization p = 2 * n.factorization p + 1 := by
    rw [factorization_mul' prime_p.ne_zero nsqr_nez, prime_p.factorization', factorization_pow',
      add_comm]
  have : 2 * m.factorization p % 2 = (2 * n.factorization p + 1) % 2 := by
    rw [← eq1, sq.eq_mul, eq2]
  rw [add_comm, Nat.add_mul_mod_self_left, Nat.mul_mod_right] at this
  norm_num at this


","💥️invalid field notation, type is not of the form (C ...) where C is a constant
  sq
has type
  ∀ (a : ?m.11802), a ^ 2 = a * a

💥️tactic 'rewrite' failed, equality or iff proof expected
  ?m.11885
m n p : ℕ
nnz : n ≠ 0
prime_p : Nat.Prime p
sqr_eq : m ^ 2 = p * n ^ 2
nsqr_nez : n ^ 2 ≠ 0
eq1 : (m ^ 2).factorization p = 2 * m.factorization p
eq2 : (p * n ^ 2).factorization p = 2 * n.factorization p + 1
⊢ (m ^ 2).factorization p % 2 = (2 * n.factorization p + 1) % 2",False,60,MIL.C05_Elementary_Number_Theory.solutions.Solutions_S01_Irrational_Roots,Qwen-7B-long,LENGTH,best_of_n,False,0,-1.0,t3,False
-1,False,11,"theorem t3 {m n p : ℕ} (nnz : n ≠ 0) (prime_p : p.Prime) : m ^ 2 ≠ p * n ^ 2 := by
  intro sqr_eq
  have nsqr_nez : n ^ 2 ≠ 0 := by simpa
  have eq1 : Nat.factorization (m ^ 2) p = 2 * m.factorization p := by
    rw [factorization_pow']
  have eq2 : (p * n ^ 2).factorization p = 2 * n.factorization p + 1 := by
    rw [factorization_mul' prime_p.ne_zero nsqr_nez, prime_p.factorization', factorization_pow',
      add_comm]
  have : 2 * m.factorization p % 2 = (2 * n.factorization p + 1) % 2 := by
    rw [← eq1, sqr_eq, eq2]
  rw [add_comm, Nat.add_mul_mod_self_left, Nat.mul_mod_right] at this
  norm_num at this

",,True,-1,"theorem t3 {m n p : ℕ} (nnz : n ≠ 0) (prime_p : p.Prime) : m ^ 2 ≠ p * n ^ 2 := by
  intro sqr_eq
  have eq1 : Nat.factorization (m ^ 2) p = 2 * m.factorization p := by
    rw [factorization_pow']
  have eq2 : (p * n ^ 2).factorization p = 2 * n.factorization p + 1 := by
    rw [factorization_mul' prime_p.ne_zero nnz, prime_p.factorization', factorization_pow',
      add_comm]
  have : 2 * m.factorization p % 2 = (2 * n.factorization p + 1) % 2 := by
    rw [← eq1, sqr_eq, eq2]
  rw [add_comm, Nat.add_mul_mod_self_left, Nat.mul_mod_right] at this
  norm_num at this


","💥️tactic 'rewrite' failed, did not find instance of the pattern in the target expression
  (p * n).factorization ?p
m n p : ℕ
nnz : n ≠ 0
prime_p : Nat.Prime p
sqr_eq : m ^ 2 = p * n ^ 2
eq1 : (m ^ 2).factorization p = 2 * m.factorization p
⊢ (p * n ^ 2).factorization p = 2 * n.factorization p + 1",False,60,MIL.C05_Elementary_Number_Theory.solutions.Solutions_S01_Irrational_Roots,Qwen-7B-long,LENGTH,best_of_n,False,0,-1.0,t3,False
-1,False,11,"theorem t3 {m n p : ℕ} (nnz : n ≠ 0) (prime_p : p.Prime) : m ^ 2 ≠ p * n ^ 2 := by
  intro sqr_eq
  have nsqr_nez : n ^ 2 ≠ 0 := by simpa
  have eq1 : Nat.factorization (m ^ 2) p = 2 * m.factorization p := by
    rw [factorization_pow']
  have eq2 : (p * n ^ 2).factorization p = 2 * n.factorization p + 1 := by
    rw [factorization_mul' prime_p.ne_zero nsqr_nez, prime_p.factorization', factorization_pow',
      add_comm]
  have : 2 * m.factorization p % 2 = (2 * n.factorization p + 1) % 2 := by
    rw [← eq1, sqr_eq, eq2]
  rw [add_comm, Nat.add_mul_mod_self_left, Nat.mul_mod_right] at this
  norm_num at this

",,True,-1,"theorem t3 {m n p : ℕ} (nnz : n ≠ 0) (prime_p : p.Prime) : m ^ 2 ≠ p * n ^ 2 := by
  intro sqr_eq
  have eq1 : Nat.factorization (m ^ 2) p = 2 * m.factorization p := by
    rw [factorization_pow']
  have eq2 : (p * n ^ 2).factorization p = 2 * n.factorization p + 1 := by
    rw [factorization_mul' prime_p.ne_zero nnz, prime_p.factorization', factorization_pow',
      add_comm]
  have : 2 * m.factorization p % 2 = (2 * n.factorization p + 1) % 2 := by
    rw [← eq1, sqr_eq, eq2]
  omega


","💥️tactic 'rewrite' failed, did not find instance of the pattern in the target expression
  (p * n).factorization ?p
m n p : ℕ
nnz : n ≠ 0
prime_p : Nat.Prime p
sqr_eq : m ^ 2 = p * n ^ 2
eq1 : (m ^ 2).factorization p = 2 * m.factorization p
⊢ (p * n ^ 2).factorization p = 2 * n.factorization p + 1",False,60,MIL.C05_Elementary_Number_Theory.solutions.Solutions_S01_Irrational_Roots,Qwen-7B-long,LENGTH,best_of_n,False,0,-1.0,t3,False
-1,False,11,"theorem t3 {m n p : ℕ} (nnz : n ≠ 0) (prime_p : p.Prime) : m ^ 2 ≠ p * n ^ 2 := by
  intro sqr_eq
  have nsqr_nez : n ^ 2 ≠ 0 := by simpa
  have eq1 : Nat.factorization (m ^ 2) p = 2 * m.factorization p := by
    rw [factorization_pow']
  have eq2 : (p * n ^ 2).factorization p = 2 * n.factorization p + 1 := by
    rw [factorization_mul' prime_p.ne_zero nsqr_nez, prime_p.factorization', factorization_pow',
      add_comm]
  have : 2 * m.factorization p % 2 = (2 * n.factorization p + 1) % 2 := by
    rw [← eq1, sqr_eq, eq2]
  rw [add_comm, Nat.add_mul_mod_self_left, Nat.mul_mod_right] at this
  norm_num at this

",,True,11,"theorem t3 {m n p : ℕ} (nnz : n ≠ 0) (prime_p : p.Prime) : m ^ 2 ≠ p * n ^ 2 := by
  intro sqr_eq
  have nsqr_nez : n ^ 2 ≠ 0 := by simpa
  have eq1 : Nat.factorization (m ^ 2) p = 2 * m.factorization p := by
    rw [factorization_pow']
  have eq2 : (p * n ^ 2).factorization p = 2 * n.factorization p + 1 := by
    rw [factorization_mul' prime_p.ne_zero nsqr_nez, prime_p.factorization', factorization_pow',
      add_comm]
  have : 2 * m.factorization p % 2 = (2 * n.factorization p + 1) % 2 := by
    rw [← eq1, sqr_eq, eq2]
  rw [add_comm, Nat.add_mul_mod_self_left, Nat.mul_mod_right] at this
  norm_num at this


",,True,60,MIL.C05_Elementary_Number_Theory.solutions.Solutions_S01_Irrational_Roots,Qwen-7B-long,LENGTH,best_of_n,False,0,0.0,t3,False
-1,False,11,"theorem t3 {m n p : ℕ} (nnz : n ≠ 0) (prime_p : p.Prime) : m ^ 2 ≠ p * n ^ 2 := by
  intro sqr_eq
  have nsqr_nez : n ^ 2 ≠ 0 := by simpa
  have eq1 : Nat.factorization (m ^ 2) p = 2 * m.factorization p := by
    rw [factorization_pow']
  have eq2 : (p * n ^ 2).factorization p = 2 * n.factorization p + 1 := by
    rw [factorization_mul' prime_p.ne_zero nsqr_nez, prime_p.factorization', factorization_pow',
      add_comm]
  have : 2 * m.factorization p % 2 = (2 * n.factorization p + 1) % 2 := by
    rw [← eq1, sqr_eq, eq2]
  rw [add_comm, Nat.add_mul_mod_self_left, Nat.mul_mod_right] at this
  norm_num at this

",,True,-1,"theorem t3 {m n p : ℕ} (nnz : n ≠ 0) (prime_p : p.Prime) : m ^ 2 ≠ p * n ^ 2 :=
  by simpa using not_exists_of_nonempty (by simpa) using p.dvd_mul_left.mpr (Finset.prod_dvd_prod_right _ _)

",💥️unknown identifier 'not_exists_of_nonempty',False,60,MIL.C05_Elementary_Number_Theory.solutions.Solutions_S01_Irrational_Roots,Qwen-7B-long,LENGTH,best_of_n,False,0,-1.0,t3,False
-1,False,11,"theorem t3 {m n p : ℕ} (nnz : n ≠ 0) (prime_p : p.Prime) : m ^ 2 ≠ p * n ^ 2 := by
  intro sqr_eq
  have nsqr_nez : n ^ 2 ≠ 0 := by simpa
  have eq1 : Nat.factorization (m ^ 2) p = 2 * m.factorization p := by
    rw [factorization_pow']
  have eq2 : (p * n ^ 2).factorization p = 2 * n.factorization p + 1 := by
    rw [factorization_mul' prime_p.ne_zero nsqr_nez, prime_p.factorization', factorization_pow',
      add_comm]
  have : 2 * m.factorization p % 2 = (2 * n.factorization p + 1) % 2 := by
    rw [← eq1, sqr_eq, eq2]
  rw [add_comm, Nat.add_mul_mod_self_left, Nat.mul_mod_right] at this
  norm_num at this

",,True,11,"theorem t3 {m n p : ℕ} (nnz : n ≠ 0) (prime_p : p.Prime) : m ^ 2 ≠ p * n ^ 2 := by
  intro sqr_eq
  have nsqr_nez : n ^ 2 ≠ 0 := by simpa
  have eq1 : Nat.factorization (m ^ 2) p = 2 * m.factorization p := by
    rw [factorization_pow']
  have eq2 : (p * n ^ 2).factorization p = 2 * n.factorization p + 1 := by
    rw [factorization_mul' prime_p.ne_zero nsqr_nez, prime_p.factorization', factorization_pow',
      add_comm]
  have : 2 * m.factorization p % 2 = (2 * n.factorization p + 1) % 2 := by
    rw [← eq1, sqr_eq, eq2]
  rw [add_comm, Nat.add_mul_mod_self_left, Nat.mul_mod_right] at this
  norm_num at this


",,True,60,MIL.C05_Elementary_Number_Theory.solutions.Solutions_S01_Irrational_Roots,Qwen-7B-long,LENGTH,best_of_n,False,0,0.0,t3,False
-1,False,11,"theorem t3 {m n p : ℕ} (nnz : n ≠ 0) (prime_p : p.Prime) : m ^ 2 ≠ p * n ^ 2 := by
  intro sqr_eq
  have nsqr_nez : n ^ 2 ≠ 0 := by simpa
  have eq1 : Nat.factorization (m ^ 2) p = 2 * m.factorization p := by
    rw [factorization_pow']
  have eq2 : (p * n ^ 2).factorization p = 2 * n.factorization p + 1 := by
    rw [factorization_mul' prime_p.ne_zero nsqr_nez, prime_p.factorization', factorization_pow',
      add_comm]
  have : 2 * m.factorization p % 2 = (2 * n.factorization p + 1) % 2 := by
    rw [← eq1, sqr_eq, eq2]
  rw [add_comm, Nat.add_mul_mod_self_left, Nat.mul_mod_right] at this
  norm_num at this

",,True,-1,"lemma t3 {m n p : ℕ} (nnz : n ≠ 0) (prime_p : p.Prime) : m ^ 2 ≠ p * n ^ 2 := by
  intro swap
  simp only [mul_comm] at swap
  show ¬ (m / p) ^ 2 = n ^ 2 by omega
",💥️simp made no progress,False,60,MIL.C05_Elementary_Number_Theory.solutions.Solutions_S01_Irrational_Roots,Qwen-7B-long,LENGTH,best_of_n,False,0,-1.0,t3,False
-1,False,11,"theorem t3 {m n p : ℕ} (nnz : n ≠ 0) (prime_p : p.Prime) : m ^ 2 ≠ p * n ^ 2 := by
  intro sqr_eq
  have nsqr_nez : n ^ 2 ≠ 0 := by simpa
  have eq1 : Nat.factorization (m ^ 2) p = 2 * m.factorization p := by
    rw [factorization_pow']
  have eq2 : (p * n ^ 2).factorization p = 2 * n.factorization p + 1 := by
    rw [factorization_mul' prime_p.ne_zero nsqr_nez, prime_p.factorization', factorization_pow',
      add_comm]
  have : 2 * m.factorization p % 2 = (2 * n.factorization p + 1) % 2 := by
    rw [← eq1, sqr_eq, eq2]
  rw [add_comm, Nat.add_mul_mod_self_left, Nat.mul_mod_right] at this
  norm_num at this

",,True,-1,"theorem t3 {m n p : ℕ} (nnz : n ≠ 0) (prime_p : p.Prime) : m ^ 2 ≠ p * n ^ 2 := by
  intro sqr_eq
  rw [left_mem_prime_mul_iff (prime_p.ne_zero nnz), ← Nat.factorization_pow']
  simp [sqr_eq, eq: (p * n ^ 2).factorization p = 2 * n.factorization p + 1,
    add_comm, Nat.add_mul_mod_self_left, Nat.mul_mod_right] at this
  norm_num at this


","💥️unexpected token ':'; expected ']'

💥️unknown identifier 'left_mem_prime_mul_iff'",False,60,MIL.C05_Elementary_Number_Theory.solutions.Solutions_S01_Irrational_Roots,Qwen-7B-long,LENGTH,best_of_n,False,0,-1.0,t3,False
-1,False,11,"theorem t3 {m n p : ℕ} (nnz : n ≠ 0) (prime_p : p.Prime) : m ^ 2 ≠ p * n ^ 2 := by
  intro sqr_eq
  have nsqr_nez : n ^ 2 ≠ 0 := by simpa
  have eq1 : Nat.factorization (m ^ 2) p = 2 * m.factorization p := by
    rw [factorization_pow']
  have eq2 : (p * n ^ 2).factorization p = 2 * n.factorization p + 1 := by
    rw [factorization_mul' prime_p.ne_zero nsqr_nez, prime_p.factorization', factorization_pow',
      add_comm]
  have : 2 * m.factorization p % 2 = (2 * n.factorization p + 1) % 2 := by
    rw [← eq1, sqr_eq, eq2]
  rw [add_comm, Nat.add_mul_mod_self_left, Nat.mul_mod_right] at this
  norm_num at this

",,True,-1,"theorem t3 {m n p : ℕ} (nnz : n ≠ 0) (prime_p : p.Prime) : m ^ 2 ≠ p * n ^ 2 := by
  intro sqr_eq
  have eq1 : Nat.factorization (m ^ 2) p = 2 * m.factorization p := by
    rw [factorization_pow']
  have eq2 : (p * n ^ 2).factorization p = 2 * n.factorization p + 1 := by
    rw [factorization_mul' prime_p.ne_zero nnz, prime_p.factorization', factorization_pow',
      add_comm]
  have congr : 2 * m.factorization p % 2 = (2 * n.factorization p + 1) % 2 := by
    rw [← eq1, sqr_eq, eq2]
  rw [add_comm, Nat.add_mul_mod_self_left, Nat.mul_mod_right] at congr
  norm_num at congr
","💥️tactic 'rewrite' failed, did not find instance of the pattern in the target expression
  (p * n).factorization ?p
m n p : ℕ
nnz : n ≠ 0
prime_p : Nat.Prime p
sqr_eq : m ^ 2 = p * n ^ 2
eq1 : (m ^ 2).factorization p = 2 * m.factorization p
⊢ (p * n ^ 2).factorization p = 2 * n.factorization p + 1",False,60,MIL.C05_Elementary_Number_Theory.solutions.Solutions_S01_Irrational_Roots,Qwen-7B-long,LENGTH,best_of_n,False,0,-1.0,t3,False
-1,False,11,"theorem t3 {m n p : ℕ} (nnz : n ≠ 0) (prime_p : p.Prime) : m ^ 2 ≠ p * n ^ 2 := by
  intro sqr_eq
  have nsqr_nez : n ^ 2 ≠ 0 := by simpa
  have eq1 : Nat.factorization (m ^ 2) p = 2 * m.factorization p := by
    rw [factorization_pow']
  have eq2 : (p * n ^ 2).factorization p = 2 * n.factorization p + 1 := by
    rw [factorization_mul' prime_p.ne_zero nsqr_nez, prime_p.factorization', factorization_pow',
      add_comm]
  have : 2 * m.factorization p % 2 = (2 * n.factorization p + 1) % 2 := by
    rw [← eq1, sqr_eq, eq2]
  rw [add_comm, Nat.add_mul_mod_self_left, Nat.mul_mod_right] at this
  norm_num at this

",,True,-1,"theorem t3 {m n p : ℕ} (nnz : n ≠ 0) (prime_p : p.Prime) : m ^ 2 ≠ p * n ^ 2 := by
  intro sqr_eq
  rw [pow_two, pow_two] at sqr_eq
  rw [← mul_assoc in sqr_eq]
  rw [← Nat.mul_mod_right, ← Nat.mul_mod_left]
  exact (extend ?_ mul_mod_right _).trans (Nat.pow_mod (p * ?_) ?_)
",💥️unexpected token 'in'; expected ']',False,60,MIL.C05_Elementary_Number_Theory.solutions.Solutions_S01_Irrational_Roots,Qwen-7B-long,LENGTH,best_of_n,False,0,-1.0,t3,False
-1,False,11,"theorem t3 {m n p : ℕ} (nnz : n ≠ 0) (prime_p : p.Prime) : m ^ 2 ≠ p * n ^ 2 := by
  intro sqr_eq
  have nsqr_nez : n ^ 2 ≠ 0 := by simpa
  have eq1 : Nat.factorization (m ^ 2) p = 2 * m.factorization p := by
    rw [factorization_pow']
  have eq2 : (p * n ^ 2).factorization p = 2 * n.factorization p + 1 := by
    rw [factorization_mul' prime_p.ne_zero nsqr_nez, prime_p.factorization', factorization_pow',
      add_comm]
  have : 2 * m.factorization p % 2 = (2 * n.factorization p + 1) % 2 := by
    rw [← eq1, sqr_eq, eq2]
  rw [add_comm, Nat.add_mul_mod_self_left, Nat.mul_mod_right] at this
  norm_num at this

",,True,-1,"theorem t3 {m n p : ℕ} (nnz : n ≠ 0) (prime_p : p.Prime) : m ^ 2 ≠ p * n ^ 2 := by
  intro sqr_eq
  have nsqr_nez : n ^ 2 ≠ 0 := by simpa
  have eq1 : Nat.factorization (m ^ 2) p = 2 * m.factorization p := by
    rw [factorization_pow']
  have eq2 : (p * n ^ 2).factorization p = 2 * n.factorization p + 1 := by
    rw [factorization_mul' prime_p.ne_zero nsqr_nez, prime_p.factorization', factorization_pow',
      add_comm]
  have : 2 * m.factorization p % 2 = (2 * n.factorization p + 1) % 2 := by omega
  rw [eq1, sqr_eq, eq2] at this
  omega


","💥️omega could not prove the goal:
a possible counterexample may satisfy the constraints
  e ≥ 1
  d ≥ 1
  c ≥ 0
  b ≥ 0
  a ≥ 0
where
 a := ↑p * ↑(n ^ 2)
 b := ↑(2 * n.factorization p + 1) / 2
 c := ↑(2 * m.factorization p) / 2
 d := ↑(n ^ 2)
 e := ↑n

💥️tactic 'rewrite' failed, did not find instance of the pattern in the target expression
  (m ^ 2).factorization p
m n p : ℕ
nnz : n ≠ 0
prime_p : Nat.Prime p
sqr_eq : m ^ 2 = p * n ^ 2
nsqr_nez : n ^ 2 ≠ 0
eq1 : (m ^ 2).factorization p = 2 * m.factorization p
eq2 : (p * n ^ 2).factorization p = 2 * n.factorization p + 1
this : 2 * m.factorization p % 2 = (2 * n.factorization p + 1) % 2
⊢ False",False,60,MIL.C05_Elementary_Number_Theory.solutions.Solutions_S01_Irrational_Roots,Qwen-7B-long,LENGTH,best_of_n,False,0,-1.0,t3,False
-1,False,11,"theorem t3 {m n p : ℕ} (nnz : n ≠ 0) (prime_p : p.Prime) : m ^ 2 ≠ p * n ^ 2 := by
  intro sqr_eq
  have nsqr_nez : n ^ 2 ≠ 0 := by simpa
  have eq1 : Nat.factorization (m ^ 2) p = 2 * m.factorization p := by
    rw [factorization_pow']
  have eq2 : (p * n ^ 2).factorization p = 2 * n.factorization p + 1 := by
    rw [factorization_mul' prime_p.ne_zero nsqr_nez, prime_p.factorization', factorization_pow',
      add_comm]
  have : 2 * m.factorization p % 2 = (2 * n.factorization p + 1) % 2 := by
    rw [← eq1, sqr_eq, eq2]
  rw [add_comm, Nat.add_mul_mod_self_left, Nat.mul_mod_right] at this
  norm_num at this

",,True,-1,"theorem t3 {m n p : ℕ} (nnz : n ≠ 0) (prime_p : p.Prime) : m ^ 2 ≠ p * n ^ 2 := by
  intro sqr_eq
  rw [← Nat.factorization_eq_zero_iff] at nsqr_nez
  rw [factorization_pow', Nat.factorization_mul', prime_p.factorization', factorization_pow',
    add_comm] at eq2
  have : 2 * m.factorization p % 2 = (2 * n.factorization p + 1) % 2 := by
    rw [← eq1, sqr_eq, eq2]
  rw [add_comm, Nat.add_mul_mod_self_left, Nat.mul_mod_right] at this
  norm_num at this


",💥️unknown identifier 'nsqr_nez',False,60,MIL.C05_Elementary_Number_Theory.solutions.Solutions_S01_Irrational_Roots,Qwen-7B-long,LENGTH,best_of_n,False,0,-1.0,t3,False
-1,False,11,"theorem t3 {m n p : ℕ} (nnz : n ≠ 0) (prime_p : p.Prime) : m ^ 2 ≠ p * n ^ 2 := by
  intro sqr_eq
  have nsqr_nez : n ^ 2 ≠ 0 := by simpa
  have eq1 : Nat.factorization (m ^ 2) p = 2 * m.factorization p := by
    rw [factorization_pow']
  have eq2 : (p * n ^ 2).factorization p = 2 * n.factorization p + 1 := by
    rw [factorization_mul' prime_p.ne_zero nsqr_nez, prime_p.factorization', factorization_pow',
      add_comm]
  have : 2 * m.factorization p % 2 = (2 * n.factorization p + 1) % 2 := by
    rw [← eq1, sqr_eq, eq2]
  rw [add_comm, Nat.add_mul_mod_self_left, Nat.mul_mod_right] at this
  norm_num at this

",,True,-1,"theorem t3 {m n p : ℕ} (nnz : n ≠ 0) (prime_p : p.Prime) : m ^ 2 ≠ p * n ^ 2 := by
  intro sq_eq
  have nsqr_nez : n ^ 2 ≠ 0 := by simpa
  have eq1 : Nat.factorization (m ^ 2) p = 2 * m.factorization p := by
    rw [factorization_pow']
  have eq2 : (p * n ^ 2).factorization p = 2 * n.factorization p + 1 := by
    rw [factorization_mul' prime_p.2.ne_zero nsqr_nez, prime_p.factorization', factorization_pow',
      add_comm]
  have : 2 * m.factorization p % 2 = (2 * n.factorization p + 1) % 2 := by
    rw [← eq1, sq_eq, eq2]
  rw [add_comm, Nat.add_mul_mod_self_left, Nat.mul_mod_right] at this
  norm_num at this


","💥️invalid field notation, type is not of the form (C ...) where C is a constant
  prime_p.isUnit_or_isUnit'
has type
  ∀ (a b : ℕ), p = a * b → IsUnit a ∨ IsUnit b",False,60,MIL.C05_Elementary_Number_Theory.solutions.Solutions_S01_Irrational_Roots,Qwen-7B-long,LENGTH,best_of_n,False,0,-1.0,t3,False
-1,False,11,"theorem t3 {m n p : ℕ} (nnz : n ≠ 0) (prime_p : p.Prime) : m ^ 2 ≠ p * n ^ 2 := by
  intro sqr_eq
  have nsqr_nez : n ^ 2 ≠ 0 := by simpa
  have eq1 : Nat.factorization (m ^ 2) p = 2 * m.factorization p := by
    rw [factorization_pow']
  have eq2 : (p * n ^ 2).factorization p = 2 * n.factorization p + 1 := by
    rw [factorization_mul' prime_p.ne_zero nsqr_nez, prime_p.factorization', factorization_pow',
      add_comm]
  have : 2 * m.factorization p % 2 = (2 * n.factorization p + 1) % 2 := by
    rw [← eq1, sqr_eq, eq2]
  rw [add_comm, Nat.add_mul_mod_self_left, Nat.mul_mod_right] at this
  norm_num at this

",,True,11,"theorem t3 {m n p : ℕ} (nnz : n ≠ 0) (prime_p : p.Prime) : m ^ 2 ≠ p * n ^ 2 := by
  intro sqr_eq
  have nsqr_nez : n ^ 2 ≠ 0 := by simpa
  have eq1 : Nat.factorization (m ^ 2) p = 2 * m.factorization p := by
    rw [factorization_pow']
  have eq2 : (p * n ^ 2).factorization p = 2 * n.factorization p + 1 := by
    rw [factorization_mul' prime_p.ne_zero nsqr_nez, prime_p.factorization', factorization_pow',
      add_comm]
  have : 2 * m.factorization p % 2 = (2 * n.factorization p + 1) % 2 := by
    rw [← eq1, sqr_eq, eq2]
  rw [add_comm, Nat.add_mul_mod_self_left, Nat.mul_mod_right] at this
  norm_num at this


",,True,60,MIL.C05_Elementary_Number_Theory.solutions.Solutions_S01_Irrational_Roots,Qwen-7B-long,LENGTH,best_of_n,False,0,0.0,t3,False
-1,False,11,"theorem t3 {m n p : ℕ} (nnz : n ≠ 0) (prime_p : p.Prime) : m ^ 2 ≠ p * n ^ 2 := by
  intro sqr_eq
  have nsqr_nez : n ^ 2 ≠ 0 := by simpa
  have eq1 : Nat.factorization (m ^ 2) p = 2 * m.factorization p := by
    rw [factorization_pow']
  have eq2 : (p * n ^ 2).factorization p = 2 * n.factorization p + 1 := by
    rw [factorization_mul' prime_p.ne_zero nsqr_nez, prime_p.factorization', factorization_pow',
      add_comm]
  have : 2 * m.factorization p % 2 = (2 * n.factorization p + 1) % 2 := by
    rw [← eq1, sqr_eq, eq2]
  rw [add_comm, Nat.add_mul_mod_self_left, Nat.mul_mod_right] at this
  norm_num at this

",,True,-1,"theorem t3 {m n p : ℕ} (nnz : n ≠ 0) (prime_p : p.Prime) : m ^ 2 ≠ p * n ^ 2 := by
  intro sqr_eq
  have eq1 : Nat.factorization (m ^ 2) p = 2 * m.factorization p := by
    rw [factorization_pow']
  have eq2 : (p * n ^ 2).factorization p = 2 * n.factorization p + 1 := by
    rw [factorization_mul' prime_p.ne_zero nnz, prime_p.factorization', factorization_pow',
      add_comm]
  have : 2 * m.factorization p % 2 = (2 * n.factorization p + 1) % 2 := by
    rw [← eq1, sqr_eq, eq2]
  rw [add_comm, Nat.add_mul_mod_self_left, Nat.mul_mod_right] at this
  norm_num at this


","💥️tactic 'rewrite' failed, did not find instance of the pattern in the target expression
  (p * n).factorization ?p
m n p : ℕ
nnz : n ≠ 0
prime_p : Nat.Prime p
sqr_eq : m ^ 2 = p * n ^ 2
eq1 : (m ^ 2).factorization p = 2 * m.factorization p
⊢ (p * n ^ 2).factorization p = 2 * n.factorization p + 1",False,60,MIL.C05_Elementary_Number_Theory.solutions.Solutions_S01_Irrational_Roots,Qwen-7B-long,LENGTH,best_of_n,False,0,-1.0,t3,False
-1,False,11,"theorem t3 {m n p : ℕ} (nnz : n ≠ 0) (prime_p : p.Prime) : m ^ 2 ≠ p * n ^ 2 := by
  intro sqr_eq
  have nsqr_nez : n ^ 2 ≠ 0 := by simpa
  have eq1 : Nat.factorization (m ^ 2) p = 2 * m.factorization p := by
    rw [factorization_pow']
  have eq2 : (p * n ^ 2).factorization p = 2 * n.factorization p + 1 := by
    rw [factorization_mul' prime_p.ne_zero nsqr_nez, prime_p.factorization', factorization_pow',
      add_comm]
  have : 2 * m.factorization p % 2 = (2 * n.factorization p + 1) % 2 := by
    rw [← eq1, sqr_eq, eq2]
  rw [add_comm, Nat.add_mul_mod_self_left, Nat.mul_mod_right] at this
  norm_num at this

",,True,-1,"theorem t3 {m n p : ℕ} (nnz : n ≠ 0) (prime_p : p.Prime) : m ^ 2 ≠ p * n ^ 2 := by
  intro s q
  simp
","💥️tactic 'introN' failed, insufficient number of binders
m n p : ℕ
nnz : n ≠ 0
prime_p : Nat.Prime p
s : m ^ 2 = p * n ^ 2
⊢ False",False,60,MIL.C05_Elementary_Number_Theory.solutions.Solutions_S01_Irrational_Roots,Qwen-7B-long,LENGTH,best_of_n,False,0,-1.0,t3,False
-1,False,11,"theorem t3 {m n p : ℕ} (nnz : n ≠ 0) (prime_p : p.Prime) : m ^ 2 ≠ p * n ^ 2 := by
  intro sqr_eq
  have nsqr_nez : n ^ 2 ≠ 0 := by simpa
  have eq1 : Nat.factorization (m ^ 2) p = 2 * m.factorization p := by
    rw [factorization_pow']
  have eq2 : (p * n ^ 2).factorization p = 2 * n.factorization p + 1 := by
    rw [factorization_mul' prime_p.ne_zero nsqr_nez, prime_p.factorization', factorization_pow',
      add_comm]
  have : 2 * m.factorization p % 2 = (2 * n.factorization p + 1) % 2 := by
    rw [← eq1, sqr_eq, eq2]
  rw [add_comm, Nat.add_mul_mod_self_left, Nat.mul_mod_right] at this
  norm_num at this

",,True,-1,"theorem t3 {m n p : ℕ} (nnz : n ≠ 0) (prime_p : p.Prime) : m ^ 2 ≠ p * n ^ 2 := by
  intro sqr_eq
  rw [← prime_p.factorization', ← Nat.factorization_mul' prime_p.ne_zero (by positivity)
    (by positivity), mul_left (m.factorization p) one_sqr, mul_assoc]
  match_scalars
  linear_combination eq_has_prime_at p
","💥️tactic 'rewrite' failed, did not find instance of the pattern in the target expression
  1
m n p : ℕ
nnz : n ≠ 0
prime_p : Nat.Prime p
sqr_eq : m ^ 2 = p * n ^ 2
⊢ False",False,60,MIL.C05_Elementary_Number_Theory.solutions.Solutions_S01_Irrational_Roots,Qwen-7B-long,LENGTH,best_of_n,False,0,-1.0,t3,False
-1,False,11,"theorem t3 {m n p : ℕ} (nnz : n ≠ 0) (prime_p : p.Prime) : m ^ 2 ≠ p * n ^ 2 := by
  intro sqr_eq
  have nsqr_nez : n ^ 2 ≠ 0 := by simpa
  have eq1 : Nat.factorization (m ^ 2) p = 2 * m.factorization p := by
    rw [factorization_pow']
  have eq2 : (p * n ^ 2).factorization p = 2 * n.factorization p + 1 := by
    rw [factorization_mul' prime_p.ne_zero nsqr_nez, prime_p.factorization', factorization_pow',
      add_comm]
  have : 2 * m.factorization p % 2 = (2 * n.factorization p + 1) % 2 := by
    rw [← eq1, sqr_eq, eq2]
  rw [add_comm, Nat.add_mul_mod_self_left, Nat.mul_mod_right] at this
  norm_num at this

",,True,-1,"theorem t3 {m n p : ℕ} (nnz : n ≠ 0) (prime_p : p.Prime) : m ^ 2 ≠ p * n ^ 2 := by
  intro sqr_eq
  have eq1 : Nat.factorization (m ^ 2) p = 2 * m.factorization p := by
    rw [factorization_pow']
  have eq2 : (p * n ^ 2).factorization p = 2 * n.factorization p + 1 := by
    rw [factorization_mul' prime_p.ne_zero nnz, prime_p.factorization', factorization_pow',
      add_comm]
  have : (2 * m.factorization p) % 2 = (2 * n.factorization p + 1) % 2 := by
    rw [eq1, sqr_eq, eq2, Nat.add_mod_self_left, Nat.add_mul_mod_self_right, mul_mod_right,
      consultants_mod_right, mod_eq_mul] at this
  norm_num at this


","💥️tactic 'rewrite' failed, did not find instance of the pattern in the target expression
  (p * n).factorization ?p
m n p : ℕ
nnz : n ≠ 0
prime_p : Nat.Prime p
sqr_eq : m ^ 2 = p * n ^ 2
eq1 : (m ^ 2).factorization p = 2 * m.factorization p
⊢ (p * n ^ 2).factorization p = 2 * n.factorization p + 1

💥️unknown identifier 'this'

💥️unsolved goals
m n p : ℕ
nnz : n ≠ 0
prime_p : Nat.Prime p
sqr_eq : m ^ 2 = p * n ^ 2
eq1 : (m ^ 2).factorization p = 2 * m.factorization p
eq2 : (p * n ^ 2).factorization p = 2 * n.factorization p + 1
this : 0 = (2 * n.factorization p + 1) % 2
⊢ False",False,60,MIL.C05_Elementary_Number_Theory.solutions.Solutions_S01_Irrational_Roots,Qwen-7B-long,LENGTH,best_of_n,False,0,-1.0,t3,False
-1,False,11,"theorem t3 {m n p : ℕ} (nnz : n ≠ 0) (prime_p : p.Prime) : m ^ 2 ≠ p * n ^ 2 := by
  intro sqr_eq
  have nsqr_nez : n ^ 2 ≠ 0 := by simpa
  have eq1 : Nat.factorization (m ^ 2) p = 2 * m.factorization p := by
    rw [factorization_pow']
  have eq2 : (p * n ^ 2).factorization p = 2 * n.factorization p + 1 := by
    rw [factorization_mul' prime_p.ne_zero nsqr_nez, prime_p.factorization', factorization_pow',
      add_comm]
  have : 2 * m.factorization p % 2 = (2 * n.factorization p + 1) % 2 := by
    rw [← eq1, sqr_eq, eq2]
  rw [add_comm, Nat.add_mul_mod_self_left, Nat.mul_mod_right] at this
  norm_num at this

",,True,-1,"theorem t3 {m n p : ℕ} (nnz : n ≠ 0) (prime_p : p.Prime) : m ^ 2 ≠ p * n ^ 2 := by
  intro sqr_eq
  have eq1 : Nat.factorization (m ^ 2) p = 2 * m.factorization p := by
    rw [factorization_pow']
  have eq2 : (p * n ^ 2).factorization p = 2 * n.factorization p + 1 := by
    rw [factorization_mul' prime_p.ne_zero nnz, prime_p.factorization', factorization_pow',
      add_comm]
  have : (2 * m.factorization p) % 2 = (2 * n.factorization p + 1) % 2 := by
    rw [eq1, equation, eq2]
  rw [Nat.mul_mod_right, mod_mod, Nat.add_mod] at this
  norm_num at this


","💥️tactic 'rewrite' failed, did not find instance of the pattern in the target expression
  (p * n).factorization ?p
m n p : ℕ
nnz : n ≠ 0
prime_p : Nat.Prime p
sqr_eq : m ^ 2 = p * n ^ 2
eq1 : (m ^ 2).factorization p = 2 * m.factorization p
⊢ (p * n ^ 2).factorization p = 2 * n.factorization p + 1

💥️tactic 'rewrite' failed, did not find instance of the pattern in the target expression
  (m ^ 2).factorization p
m n p : ℕ
nnz : n ≠ 0
prime_p : Nat.Prime p
sqr_eq : m ^ 2 = p * n ^ 2
eq1 : (m ^ 2).factorization p = 2 * m.factorization p
eq2 : (p * n ^ 2).factorization p = 2 * n.factorization p + 1
⊢ 2 * m.factorization p % 2 = (2 * n.factorization p + 1) % 2

💥️unknown identifier 'mod_mod'

💥️tactic 'rewrite' failed, equality or iff proof expected
  ?m.11280
m n p : ℕ
nnz : n ≠ 0
prime_p : Nat.Prime p
sqr_eq : m ^ 2 = p * n ^ 2
eq1 : (m ^ 2).factorization p = 2 * m.factorization p
eq2 : (p * n ^ 2).factorization p = 2 * n.factorization p + 1
this : 0 = (2 * n.factorization p + 1) % 2
⊢ False",False,60,MIL.C05_Elementary_Number_Theory.solutions.Solutions_S01_Irrational_Roots,Qwen-7B-long,LENGTH,best_of_n,False,0,-1.0,t3,False
-1,False,11,"theorem t3 {m n p : ℕ} (nnz : n ≠ 0) (prime_p : p.Prime) : m ^ 2 ≠ p * n ^ 2 := by
  intro sqr_eq
  have nsqr_nez : n ^ 2 ≠ 0 := by simpa
  have eq1 : Nat.factorization (m ^ 2) p = 2 * m.factorization p := by
    rw [factorization_pow']
  have eq2 : (p * n ^ 2).factorization p = 2 * n.factorization p + 1 := by
    rw [factorization_mul' prime_p.ne_zero nsqr_nez, prime_p.factorization', factorization_pow',
      add_comm]
  have : 2 * m.factorization p % 2 = (2 * n.factorization p + 1) % 2 := by
    rw [← eq1, sqr_eq, eq2]
  rw [add_comm, Nat.add_mul_mod_self_left, Nat.mul_mod_right] at this
  norm_num at this

",,True,11,"theorem t3 {m n p : ℕ} (nnz : n ≠ 0) (prime_p : p.Prime) : m ^ 2 ≠ p * n ^ 2 := by
  intro sqr_eq
  have nsqr_nez : n ^ 2 ≠ 0 := by simpa
  have eq1 :Nat.factorization (m ^ 2) p = 2 * m.factorization p := by
    rw [factorization_pow' ]
  have eq2 : (p * n ^ 2).factorization p = 2 * n.factorization p + 1 := by
    rw [factorization_mul' prime_p.ne_zero nsqr_nez,prime_p.factorization',factorization_pow',
      add_comm]
  have :2 * m.factorization p % 2 = (2 * n.factorization p + 1) % 2 := by
    rw [← eq1, sqr_eq, eq2]
  rw [add_comm, Nat.add_mul_mod_self_left, Nat.mul_mod_right] at this
  norm_num at this


",,True,60,MIL.C05_Elementary_Number_Theory.solutions.Solutions_S01_Irrational_Roots,Qwen-7B-long,LENGTH,best_of_n,False,0,0.0,t3,False
-1,False,11,"theorem t3 {m n p : ℕ} (nnz : n ≠ 0) (prime_p : p.Prime) : m ^ 2 ≠ p * n ^ 2 := by
  intro sqr_eq
  have nsqr_nez : n ^ 2 ≠ 0 := by simpa
  have eq1 : Nat.factorization (m ^ 2) p = 2 * m.factorization p := by
    rw [factorization_pow']
  have eq2 : (p * n ^ 2).factorization p = 2 * n.factorization p + 1 := by
    rw [factorization_mul' prime_p.ne_zero nsqr_nez, prime_p.factorization', factorization_pow',
      add_comm]
  have : 2 * m.factorization p % 2 = (2 * n.factorization p + 1) % 2 := by
    rw [← eq1, sqr_eq, eq2]
  rw [add_comm, Nat.add_mul_mod_self_left, Nat.mul_mod_right] at this
  norm_num at this

",,True,-1,"theorem t3 {m n p : ℕ} (nnz : n ≠ 0) (prime_p : p.Prime) : m ^ 2 ≠ p * n ^ 2 := by
  intro sqr_eq
  have eq1 : Nat.factorization (m ^ 2) p = 2 * m.factorization p := by
    rw [factorization_pow']
  have eq2 : (p * n ^ 2).factorization p = 2 * n.factorization p + 1 := by
    rw [factorization_mul' prime_p.ne_zero nnz, prime_p.factorization', factorization_pow',
      add_comm]
  have : 2 * m.factorization p % 2 = (2 * n.factorization p + 1) % 2 := by
    rw [← eq1, sqr_eq, eq2]
  rw [add_comm, Nat.add_mul_mod_self_left, Nat.mul_mod_right] at this
  norm_num at this


","💥️tactic 'rewrite' failed, did not find instance of the pattern in the target expression
  (p * n).factorization ?p
m n p : ℕ
nnz : n ≠ 0
prime_p : Nat.Prime p
sqr_eq : m ^ 2 = p * n ^ 2
eq1 : (m ^ 2).factorization p = 2 * m.factorization p
⊢ (p * n ^ 2).factorization p = 2 * n.factorization p + 1",False,60,MIL.C05_Elementary_Number_Theory.solutions.Solutions_S01_Irrational_Roots,Qwen-7B-long,LENGTH,best_of_n,False,0,-1.0,t3,False
-1,False,11,"theorem t3 {m n p : ℕ} (nnz : n ≠ 0) (prime_p : p.Prime) : m ^ 2 ≠ p * n ^ 2 := by
  intro sqr_eq
  have nsqr_nez : n ^ 2 ≠ 0 := by simpa
  have eq1 : Nat.factorization (m ^ 2) p = 2 * m.factorization p := by
    rw [factorization_pow']
  have eq2 : (p * n ^ 2).factorization p = 2 * n.factorization p + 1 := by
    rw [factorization_mul' prime_p.ne_zero nsqr_nez, prime_p.factorization', factorization_pow',
      add_comm]
  have : 2 * m.factorization p % 2 = (2 * n.factorization p + 1) % 2 := by
    rw [← eq1, sqr_eq, eq2]
  rw [add_comm, Nat.add_mul_mod_self_left, Nat.mul_mod_right] at this
  norm_num at this

",,True,11,"theorem t3 {m n p : ℕ} (nnz : n ≠ 0) (prime_p : p.Prime) : m ^ 2 ≠ p * n ^ 2 := by
  intro sqr_eq
  have nsqr_nez : n ^ 2 ≠ 0 := by simpa
  have eq1 : Nat.factorization (m ^ 2) p = 2 * m.factorization p := by
    rw [factorization_pow']
  have eq2 : (p * n ^ 2).factorization p = 2 * n.factorization p + 1 := by
    rw [factorization_mul' prime_p.ne_zero nsqr_nez, prime_p.factorization', factorization_pow',
      add_comm]
  have : 2 * m.factorization p % 2 = (2 * n.factorization p + 1) % 2 := by
    rw [← eq1, sqr_eq, eq2]
  rw [add_comm, Nat.add_mul_mod_self_left, Nat.mul_mod_right] at this
  norm_num at this


",,True,60,MIL.C05_Elementary_Number_Theory.solutions.Solutions_S01_Irrational_Roots,Qwen-7B-long,LENGTH,best_of_n,False,0,0.0,t3,False
-1,False,11,"theorem t3 {m n p : ℕ} (nnz : n ≠ 0) (prime_p : p.Prime) : m ^ 2 ≠ p * n ^ 2 := by
  intro sqr_eq
  have nsqr_nez : n ^ 2 ≠ 0 := by simpa
  have eq1 : Nat.factorization (m ^ 2) p = 2 * m.factorization p := by
    rw [factorization_pow']
  have eq2 : (p * n ^ 2).factorization p = 2 * n.factorization p + 1 := by
    rw [factorization_mul' prime_p.ne_zero nsqr_nez, prime_p.factorization', factorization_pow',
      add_comm]
  have : 2 * m.factorization p % 2 = (2 * n.factorization p + 1) % 2 := by
    rw [← eq1, sqr_eq, eq2]
  rw [add_comm, Nat.add_mul_mod_self_left, Nat.mul_mod_right] at this
  norm_num at this

",,True,11,"theorem t3 {m n p : ℕ} (nnz : n ≠ 0) (prime_p : p.Prime) : m ^ 2 ≠ p * n ^ 2 := by
  intro sqr_eq
  have nsqr_nez : n ^ 2 ≠ 0 := by simpa
  have eq1 : Nat.factorization (m ^ 2) p = 2 * m.factorization p := by
    rw [factorization_pow']
  have eq2 : (p * n ^ 2).factorization p = 2 * n.factorization p + 1 := by
    rw [factorization_mul' prime_p.ne_zero nsqr_nez, prime_p.factorization', factorization_pow',
      add_comm]
  have : 2 * m.factorization p % 2 = (2 * n.factorization p + 1) % 2 := by
    rw [← eq1, sqr_eq, eq2]
  rw [add_comm, Nat.add_mul_mod_self_left, Nat.mul_mod_right] at this
  norm_num at this


",,True,60,MIL.C05_Elementary_Number_Theory.solutions.Solutions_S01_Irrational_Roots,Qwen-7B-long,LENGTH,best_of_n,False,0,0.0,t3,False
-1,False,11,"theorem t3 {m n p : ℕ} (nnz : n ≠ 0) (prime_p : p.Prime) : m ^ 2 ≠ p * n ^ 2 := by
  intro sqr_eq
  have nsqr_nez : n ^ 2 ≠ 0 := by simpa
  have eq1 : Nat.factorization (m ^ 2) p = 2 * m.factorization p := by
    rw [factorization_pow']
  have eq2 : (p * n ^ 2).factorization p = 2 * n.factorization p + 1 := by
    rw [factorization_mul' prime_p.ne_zero nsqr_nez, prime_p.factorization', factorization_pow',
      add_comm]
  have : 2 * m.factorization p % 2 = (2 * n.factorization p + 1) % 2 := by
    rw [← eq1, sqr_eq, eq2]
  rw [add_comm, Nat.add_mul_mod_self_left, Nat.mul_mod_right] at this
  norm_num at this

",,True,-1,"theorem t3 {m n p : ℕ} (nnz : n ≠ 0) (prime_p : p.Prime) : m ^ 2 ≠ p * n ^ 2 := by
  intro s e
  rw [s, e]
  have nsqr_nez : n ^ 2 ≠ 0 := by simpa
  rw [← multinomial_mul, mul_assoc, mult_mul]
  exact congrArg Mult.nsmul (Scomp _ (phone海绵框架)) (Mcomp _ (电话海绵框架)) + congrArg Mult.nsmul
    (Scomp _ (phone海绵框架)) (Mcomp _ (电话海绵框架))
  simp product [仝 new]
  exact
    some (not <| congrArg Mult.nsmul (Scomp _ (phone海绵框架)) (Mcomp _ (电话海绵框架)))
      <| congrArg Mult.nsmul (Scomp _ (电话海绵框架)) (Mcomp _ (phone海绵框架))
",💥️expected token,False,60,MIL.C05_Elementary_Number_Theory.solutions.Solutions_S01_Irrational_Roots,Qwen-7B-long,LENGTH,best_of_n,False,0,-1.0,t3,False
-1,False,11,"theorem t3 {m n p : ℕ} (nnz : n ≠ 0) (prime_p : p.Prime) : m ^ 2 ≠ p * n ^ 2 := by
  intro sqr_eq
  have nsqr_nez : n ^ 2 ≠ 0 := by simpa
  have eq1 : Nat.factorization (m ^ 2) p = 2 * m.factorization p := by
    rw [factorization_pow']
  have eq2 : (p * n ^ 2).factorization p = 2 * n.factorization p + 1 := by
    rw [factorization_mul' prime_p.ne_zero nsqr_nez, prime_p.factorization', factorization_pow',
      add_comm]
  have : 2 * m.factorization p % 2 = (2 * n.factorization p + 1) % 2 := by
    rw [← eq1, sqr_eq, eq2]
  rw [add_comm, Nat.add_mul_mod_self_left, Nat.mul_mod_right] at this
  norm_num at this

",,True,-1,"theorem t3 {m n p : ℕ} (nnz : n ≠ 0) (prime_p : p.Prime) : m ^ 2 ≠ p * n ^ 2 := by
  intro sqr_eq
  have eq1 : Nat.factorization (m ^ 2) p = 2 * m.factorization p := by
    rw [factorization_pow', add_comm]
  have eq2 : (p * n ^ 2).factorization p = 2 * n.factorization p + 1 := by
    rw [factorization_mul' prime_p.ne_zero nnz, prime_p.factorization', factorization_pow',
      add_comm, add_left_eq_self]
  have : 2 * m.factorization p % 2 = (2 * n.factorization p + 1) % 2 := by omega
  rw [← eq1, sqr_eq, eq2] at this
  omega


","💥️tactic 'rewrite' failed, did not find instance of the pattern in the target expression
  ?a + ?b
m n p : ℕ
nnz : n ≠ 0
prime_p : Nat.Prime p
sqr_eq : m ^ 2 = p * n ^ 2
⊢ 2 * m.factorization p = 2 * m.factorization p

💥️tactic 'rewrite' failed, did not find instance of the pattern in the target expression
  (p * n).factorization ?p
m n p : ℕ
nnz : n ≠ 0
prime_p : Nat.Prime p
sqr_eq : m ^ 2 = p * n ^ 2
eq1 : (m ^ 2).factorization p = 2 * m.factorization p
⊢ (p * n ^ 2).factorization p = 2 * n.factorization p + 1

💥️omega could not prove the goal:
a possible counterexample may satisfy the constraints
  d ≥ 1
  c ≥ 0
  b ≥ 0
  a ≥ 0
where
 a := ↑p * ↑(n ^ 2)
 b := ↑(2 * n.factorization p + 1) / 2
 c := ↑(2 * m.factorization p) / 2
 d := ↑n

💥️omega could not prove the goal:
a possible counterexample may satisfy the constraints
  d ≥ 1
  c ≥ 0
  b ≥ 0
  a ≥ 0
where
 a := ↑p * ↑(n ^ 2)
 b := ↑(m.factorization p)
 c := ↑(2 * n.factorization p + 1) / 2
 d := ↑n",False,60,MIL.C05_Elementary_Number_Theory.solutions.Solutions_S01_Irrational_Roots,Qwen-7B-long,LENGTH,best_of_n,False,0,-1.0,t3,False
-1,False,11,"theorem t3 {m n p : ℕ} (nnz : n ≠ 0) (prime_p : p.Prime) : m ^ 2 ≠ p * n ^ 2 := by
  intro sqr_eq
  have nsqr_nez : n ^ 2 ≠ 0 := by simpa
  have eq1 : Nat.factorization (m ^ 2) p = 2 * m.factorization p := by
    rw [factorization_pow']
  have eq2 : (p * n ^ 2).factorization p = 2 * n.factorization p + 1 := by
    rw [factorization_mul' prime_p.ne_zero nsqr_nez, prime_p.factorization', factorization_pow',
      add_comm]
  have : 2 * m.factorization p % 2 = (2 * n.factorization p + 1) % 2 := by
    rw [← eq1, sqr_eq, eq2]
  rw [add_comm, Nat.add_mul_mod_self_left, Nat.mul_mod_right] at this
  norm_num at this

",,True,-1,"theorem t3 {m n p : ℕ} (nnz : n ≠ 0) (prime_p : p.Prime) : m ^ 2 ≠ p * n ^ 2 := by
  intro s
  have nsqr_nez : n ^ 2 ≠ 0 := by simpa
  have : 2 ∣ p * n ^ 2 := by
    rw [Nat.dvd_mul_right] at hs
  have : Nat.Prime p := prime_p
  exact Nat.lt_not_dvd_of_lt_pow (Nat.lt_mult_left_of_zero_right (s.dvd_mpr p)) <| by simpa
","💥️unknown identifier 'hs'

💥️unknown constant 'Nat.lt_not_dvd_of_lt_pow'",False,60,MIL.C05_Elementary_Number_Theory.solutions.Solutions_S01_Irrational_Roots,Qwen-7B-long,LENGTH,best_of_n,False,0,-1.0,t3,False
-1,False,11,"theorem t3 {m n p : ℕ} (nnz : n ≠ 0) (prime_p : p.Prime) : m ^ 2 ≠ p * n ^ 2 := by
  intro sqr_eq
  have nsqr_nez : n ^ 2 ≠ 0 := by simpa
  have eq1 : Nat.factorization (m ^ 2) p = 2 * m.factorization p := by
    rw [factorization_pow']
  have eq2 : (p * n ^ 2).factorization p = 2 * n.factorization p + 1 := by
    rw [factorization_mul' prime_p.ne_zero nsqr_nez, prime_p.factorization', factorization_pow',
      add_comm]
  have : 2 * m.factorization p % 2 = (2 * n.factorization p + 1) % 2 := by
    rw [← eq1, sqr_eq, eq2]
  rw [add_comm, Nat.add_mul_mod_self_left, Nat.mul_mod_right] at this
  norm_num at this

",,True,-1,"theorem t3 {m n p : ℕ} (nnz : n ≠ 0) (prime_p : p.Prime) : m ^ 2 ≠ p * n ^ 2 := by
  intro sqr_eq
  have nsqr_nez : n ^ 2 ≠ 0 := by simpa
  have eq1 : Nat.factorization (m ^ 2) p = 2 * m.factorization p := by
    rw [factorization_pow']
  have eq2 : (p * n ^ 2).factorization p = 2 * n.factorization p + 1 := by
    rw [factorization_mul' prime_p.ne_zero nsqr_nez, prime_p.factorization', factorization_pow',
      add_comm]
  have : 2 * m.factorization p % 2 = (2 * n.factorization p + 1) % 2 := by omega
  rw [← eq1, sqr_eq, eq2, Nat.add_mul_mod_self_left, Nat.mul_mod_right] at this
  norm_num at this


","💥️omega could not prove the goal:
a possible counterexample may satisfy the constraints
  e ≥ 1
  d ≥ 1
  c ≥ 0
  b ≥ 0
  a ≥ 0
where
 a := ↑p * ↑(n ^ 2)
 b := ↑(2 * n.factorization p + 1) / 2
 c := ↑(2 * m.factorization p) / 2
 d := ↑(n ^ 2)
 e := ↑n

💥️tactic 'rewrite' failed, did not find instance of the pattern in the target expression
  (?x + ?y * ?z) % ?y
m n p : ℕ
nnz : n ≠ 0
prime_p : Nat.Prime p
sqr_eq : m ^ 2 = p * n ^ 2
nsqr_nez : n ^ 2 ≠ 0
eq1 : (m ^ 2).factorization p = 2 * m.factorization p
eq2 : (p * n ^ 2).factorization p = 2 * n.factorization p + 1
this : (2 * n.factorization p + 1) % 2 = (2 * n.factorization p + 1) % 2
⊢ False",False,60,MIL.C05_Elementary_Number_Theory.solutions.Solutions_S01_Irrational_Roots,Qwen-7B-long,LENGTH,best_of_n,False,0,-1.0,t3,False
-1,False,11,"theorem t3 {m n p : ℕ} (nnz : n ≠ 0) (prime_p : p.Prime) : m ^ 2 ≠ p * n ^ 2 := by
  intro sqr_eq
  have nsqr_nez : n ^ 2 ≠ 0 := by simpa
  have eq1 : Nat.factorization (m ^ 2) p = 2 * m.factorization p := by
    rw [factorization_pow']
  have eq2 : (p * n ^ 2).factorization p = 2 * n.factorization p + 1 := by
    rw [factorization_mul' prime_p.ne_zero nsqr_nez, prime_p.factorization', factorization_pow',
      add_comm]
  have : 2 * m.factorization p % 2 = (2 * n.factorization p + 1) % 2 := by
    rw [← eq1, sqr_eq, eq2]
  rw [add_comm, Nat.add_mul_mod_self_left, Nat.mul_mod_right] at this
  norm_num at this

",,True,11,"theorem t3 {m n p : ℕ} (nnz : n ≠ 0) (prime_p : p.Prime) : m ^ 2 ≠ p * n ^ 2 := by
  intro sqr_eq
  have nsqr_nez : n ^ 2 ≠ 0 := by simpa
  have eq1 : Nat.factorization (m ^ 2) p = 2 * m.factorization p := by
    rw [factorization_pow']
  have eq2 : (p * n ^ 2).factorization p = 2 * n.factorization p + 1 := by
    rw [factorization_mul' prime_p.ne_zero nsqr_nez, prime_p.factorization', factorization_pow',
      add_comm]
  have : 2 * m.factorization p % 2 = (2 * n.factorization p + 1) % 2 := by
    rw [← eq1, sqr_eq, eq2]
  rw [add_comm, Nat.add_mul_mod_self_left, Nat.mul_mod_right] at this
  norm_num at this


",,True,60,MIL.C05_Elementary_Number_Theory.solutions.Solutions_S01_Irrational_Roots,Qwen-7B-long,LENGTH,best_of_n,False,0,0.0,t3,False
-1,False,11,"theorem t3 {m n p : ℕ} (nnz : n ≠ 0) (prime_p : p.Prime) : m ^ 2 ≠ p * n ^ 2 := by
  intro sqr_eq
  have nsqr_nez : n ^ 2 ≠ 0 := by simpa
  have eq1 : Nat.factorization (m ^ 2) p = 2 * m.factorization p := by
    rw [factorization_pow']
  have eq2 : (p * n ^ 2).factorization p = 2 * n.factorization p + 1 := by
    rw [factorization_mul' prime_p.ne_zero nsqr_nez, prime_p.factorization', factorization_pow',
      add_comm]
  have : 2 * m.factorization p % 2 = (2 * n.factorization p + 1) % 2 := by
    rw [← eq1, sqr_eq, eq2]
  rw [add_comm, Nat.add_mul_mod_self_left, Nat.mul_mod_right] at this
  norm_num at this

",,True,-1,"theorem t3 {m n p : ℕ} (nnz : n ≠ 0) (prime_p : p.Prime) : m ^ 2 ≠ p * n ^ 2 := by
  intro sqr_eq
  have eq1 : p.factorization (m ^ 2) = 2 * m.factorization p := by
    rw [factorization_pow']
  have eq2 : p.factorization (p * n ^ 2) = 2 * n.factorization p + 1 := by
    rw [factorization_mul' prime_p.ne_zero nnz, prime_p.factorization', factorization_pow',
      add_comm]
  have : (2 * m.factorization p) % 2 = (2 * n.factorization p + 1) % 2 := by
    rw [← eq1, sqr_eq, eq2]
  rw [add_comm, Nat.add_mul_mod_self_left, Nat.mul_mod_right] at this
  norm_num at this


","💥️tactic 'rewrite' failed, did not find instance of the pattern in the target expression
  (?n ^ ?k).factorization ?p
m n p : ℕ
nnz : n ≠ 0
prime_p : Nat.Prime p
sqr_eq : m ^ 2 = p * n ^ 2
⊢ p.factorization (m ^ 2) = 2 * m.factorization p

💥️tactic 'rewrite' failed, did not find instance of the pattern in the target expression
  (p * n).factorization ?p
m n p : ℕ
nnz : n ≠ 0
prime_p : Nat.Prime p
sqr_eq : m ^ 2 = p * n ^ 2
eq1 : p.factorization (m ^ 2) = 2 * m.factorization p
⊢ p.factorization (p * n ^ 2) = 2 * n.factorization p + 1",False,60,MIL.C05_Elementary_Number_Theory.solutions.Solutions_S01_Irrational_Roots,Qwen-7B-long,LENGTH,best_of_n,False,0,-1.0,t3,False
-1,False,11,"theorem t3 {m n p : ℕ} (nnz : n ≠ 0) (prime_p : p.Prime) : m ^ 2 ≠ p * n ^ 2 := by
  intro sqr_eq
  have nsqr_nez : n ^ 2 ≠ 0 := by simpa
  have eq1 : Nat.factorization (m ^ 2) p = 2 * m.factorization p := by
    rw [factorization_pow']
  have eq2 : (p * n ^ 2).factorization p = 2 * n.factorization p + 1 := by
    rw [factorization_mul' prime_p.ne_zero nsqr_nez, prime_p.factorization', factorization_pow',
      add_comm]
  have : 2 * m.factorization p % 2 = (2 * n.factorization p + 1) % 2 := by
    rw [← eq1, sqr_eq, eq2]
  rw [add_comm, Nat.add_mul_mod_self_left, Nat.mul_mod_right] at this
  norm_num at this

",,True,-1,"theorem t3 {m n p : ℕ} (nnz : n ≠ 0) (prime_p : p.Prime) : m ^ 2 ≠ p * n ^ 2 := by
  intro sqr_eq
  have nsqr_nez : n ^ 2 ≠ 0 := by simpa
  have : p ∤ m := by
    simpa using prime_p.dvd_pow_left p.dvd_mpr m scongr_coe
  have : p ∣ n := by simpa [mul_dvd_mul_left] using ENat.coe_dvd_iff (add_dvd_add_left (dvd_mul_right p _))
  exact pow_dvd_pow_left _ _ (by simpa)
","💥️type expected, got
  (p : ℕ)",False,60,MIL.C05_Elementary_Number_Theory.solutions.Solutions_S01_Irrational_Roots,Qwen-7B-long,LENGTH,best_of_n,False,0,-1.0,t3,False
-1,False,11,"theorem t3 {m n p : ℕ} (nnz : n ≠ 0) (prime_p : p.Prime) : m ^ 2 ≠ p * n ^ 2 := by
  intro sqr_eq
  have nsqr_nez : n ^ 2 ≠ 0 := by simpa
  have eq1 : Nat.factorization (m ^ 2) p = 2 * m.factorization p := by
    rw [factorization_pow']
  have eq2 : (p * n ^ 2).factorization p = 2 * n.factorization p + 1 := by
    rw [factorization_mul' prime_p.ne_zero nsqr_nez, prime_p.factorization', factorization_pow',
      add_comm]
  have : 2 * m.factorization p % 2 = (2 * n.factorization p + 1) % 2 := by
    rw [← eq1, sqr_eq, eq2]
  rw [add_comm, Nat.add_mul_mod_self_left, Nat.mul_mod_right] at this
  norm_num at this

",,True,-1,"theorem t3 {m n p : ℕ} (nnz : n ≠ 0) (prime_p : p.Prime) : m ^ 2 ≠ p * n ^ 2 := by
  intro sqr_eq
  have nsqr_nez : n ^ 2 ≠ 0 := by simpa
  have eq1 : Nat.factorization (m ^ 2) p = 2 * m.factorization p := by
    rw [factorization_pow']
  have eq2 : (p * n ^ 2).factorization p = 2 * n.factorization p + 1 := by
    rw [factorization_mul' prime_p.ne_zero nsqr_nez, prime_p.factorization', factorization_pow',
      add_comm]
  have : 2 * m.factorization p % 2 = (2 * n.factorization p + 1) % 2 := by
    rw [← eq1, sqr_eq, eq2]
  rw [Nat.add_mul_mod_self_left, Nat.mul_mod_right] at this
  norm_num at this

","💥️tactic 'rewrite' failed, did not find instance of the pattern in the target expression
  (?x + ?y * ?z) % ?y
m n p : ℕ
nnz : n ≠ 0
prime_p : Nat.Prime p
sqr_eq : m ^ 2 = p * n ^ 2
nsqr_nez : n ^ 2 ≠ 0
eq1 : (m ^ 2).factorization p = 2 * m.factorization p
eq2 : (p * n ^ 2).factorization p = 2 * n.factorization p + 1
this : 2 * m.factorization p % 2 = (2 * n.factorization p + 1) % 2
⊢ False",False,60,MIL.C05_Elementary_Number_Theory.solutions.Solutions_S01_Irrational_Roots,Qwen-7B-long,LENGTH,best_of_n,False,0,-1.0,t3,False
-1,False,11,"theorem t3 {m n p : ℕ} (nnz : n ≠ 0) (prime_p : p.Prime) : m ^ 2 ≠ p * n ^ 2 := by
  intro sqr_eq
  have nsqr_nez : n ^ 2 ≠ 0 := by simpa
  have eq1 : Nat.factorization (m ^ 2) p = 2 * m.factorization p := by
    rw [factorization_pow']
  have eq2 : (p * n ^ 2).factorization p = 2 * n.factorization p + 1 := by
    rw [factorization_mul' prime_p.ne_zero nsqr_nez, prime_p.factorization', factorization_pow',
      add_comm]
  have : 2 * m.factorization p % 2 = (2 * n.factorization p + 1) % 2 := by
    rw [← eq1, sqr_eq, eq2]
  rw [add_comm, Nat.add_mul_mod_self_left, Nat.mul_mod_right] at this
  norm_num at this

",,True,-1,"theorem t3 {m n p : ℕ} (nnz : n ≠ 0) (prime_p : p.Prime) : m ^ 2 ≠ p * n ^ 2 := by
  rwa [composite, mul_left_prime_iff, not_exists_ne_zero, NNZ.ne_zero] at *
","💥️tactic 'rewrite' failed, did not find instance of the pattern in the current goal
m n p : ℕ
nnz : n ≠ 0
prime_p : Nat.Prime p
⊢ m ^ 2 ≠ p * n ^ 2",False,60,MIL.C05_Elementary_Number_Theory.solutions.Solutions_S01_Irrational_Roots,Qwen-7B-long,LENGTH,best_of_n,False,0,-1.0,t3,False
-1,False,11,"theorem t3 {m n p : ℕ} (nnz : n ≠ 0) (prime_p : p.Prime) : m ^ 2 ≠ p * n ^ 2 := by
  intro sqr_eq
  have nsqr_nez : n ^ 2 ≠ 0 := by simpa
  have eq1 : Nat.factorization (m ^ 2) p = 2 * m.factorization p := by
    rw [factorization_pow']
  have eq2 : (p * n ^ 2).factorization p = 2 * n.factorization p + 1 := by
    rw [factorization_mul' prime_p.ne_zero nsqr_nez, prime_p.factorization', factorization_pow',
      add_comm]
  have : 2 * m.factorization p % 2 = (2 * n.factorization p + 1) % 2 := by
    rw [← eq1, sqr_eq, eq2]
  rw [add_comm, Nat.add_mul_mod_self_left, Nat.mul_mod_right] at this
  norm_num at this

",,True,-1,"theorem t3 {m n p : ℕ} (nnz : n ≠ 0) (prime_p : p.Prime) : m ^ 2 ≠ p * n ^ 2 := by
  intro sqr_eq
  have eq1 : Nat.factorization (m ^ 2) p = 2 * m.factorization p := by
    rw [factorization_pow' p.ne_zero (fact_imp_ne_zero p)]
  have eq2 : (p * n ^ 2).factorization p = 2 * n.factorization p + 1 := by
    rw [factorization_mul' prime_p.ne_zero nnz, prime_p.factorization', factorization_pow',
      add_comm]
  have : 2 * m.factorization p % 2 = (2 * n.factorization p + 1) % 2 := by
    rw [← eq1, sqr_eq, eq2]
  rw [add_comm, Nat.add_mul_mod_self_left, Nat.mul_mod_right] at this
  norm_num at this


","💥️invalid field 'ne_zero', the environment does not contain 'Nat.ne_zero'
  p
has type
  ℕ

💥️unknown identifier 'fact_imp_ne_zero'

💥️tactic 'rewrite' failed, did not find instance of the pattern in the target expression
  (p * n).factorization ?p
m n p : ℕ
nnz : n ≠ 0
prime_p : Nat.Prime p
sqr_eq : m ^ 2 = p * n ^ 2
eq1 : (m ^ 2).factorization p = 2 * m.factorization p
⊢ (p * n ^ 2).factorization p = 2 * n.factorization p + 1",False,60,MIL.C05_Elementary_Number_Theory.solutions.Solutions_S01_Irrational_Roots,Qwen-7B-long,LENGTH,best_of_n,False,0,-1.0,t3,False
-1,False,11,"theorem t3 {m n p : ℕ} (nnz : n ≠ 0) (prime_p : p.Prime) : m ^ 2 ≠ p * n ^ 2 := by
  intro sqr_eq
  have nsqr_nez : n ^ 2 ≠ 0 := by simpa
  have eq1 : Nat.factorization (m ^ 2) p = 2 * m.factorization p := by
    rw [factorization_pow']
  have eq2 : (p * n ^ 2).factorization p = 2 * n.factorization p + 1 := by
    rw [factorization_mul' prime_p.ne_zero nsqr_nez, prime_p.factorization', factorization_pow',
      add_comm]
  have : 2 * m.factorization p % 2 = (2 * n.factorization p + 1) % 2 := by
    rw [← eq1, sqr_eq, eq2]
  rw [add_comm, Nat.add_mul_mod_self_left, Nat.mul_mod_right] at this
  norm_num at this

",,True,-1,"theorem t3 {m n p : ℕ} (nnz : n ≠ 0) (prime_p : p.Prime) : m ^ 2 ≠ p * n ^ 2 := by
  intro s
  rw [← s.factorization, mul_assoc, mul_left_eq_self, mul_left_eq_self,bad m.factorization]
  omega
","💥️invalid field 'factorization', the environment does not contain 'Eq.factorization'
  s
has type
  m ^ 2 = p * n ^ 2

💥️tactic 'rewrite' failed, equality or iff proof expected
  ?m.9841
m n p : ℕ
nnz : n ≠ 0
prime_p : Nat.Prime p
s : m ^ 2 = p * n ^ 2
⊢ False",False,60,MIL.C05_Elementary_Number_Theory.solutions.Solutions_S01_Irrational_Roots,Qwen-7B-long,LENGTH,best_of_n,False,0,-1.0,t3,False
-1,False,11,"theorem t3 {m n p : ℕ} (nnz : n ≠ 0) (prime_p : p.Prime) : m ^ 2 ≠ p * n ^ 2 := by
  intro sqr_eq
  have nsqr_nez : n ^ 2 ≠ 0 := by simpa
  have eq1 : Nat.factorization (m ^ 2) p = 2 * m.factorization p := by
    rw [factorization_pow']
  have eq2 : (p * n ^ 2).factorization p = 2 * n.factorization p + 1 := by
    rw [factorization_mul' prime_p.ne_zero nsqr_nez, prime_p.factorization', factorization_pow',
      add_comm]
  have : 2 * m.factorization p % 2 = (2 * n.factorization p + 1) % 2 := by
    rw [← eq1, sqr_eq, eq2]
  rw [add_comm, Nat.add_mul_mod_self_left, Nat.mul_mod_right] at this
  norm_num at this

",,True,-1,"theorem t3 {m n p : ℕ} (nnz : n ≠ 0) (prime_p : p.Prime) : m ^ 2 ≠ p * n ^ 2 := by
  intro sqr_eq
  have eq1 : Nat.factorization (m ^ 2) p = 2 * m.factorization p := by
    rw [factorization_pow']
  have eq2 : (p * n ^ 2).factorization p = 2 * n.factorization p + 1 := by
    rw [factorization_mul' prime_p.ne_zero nnz, prime_p.factorization', factorization_pow',
      add_comm]
  have : 2 * m.factorization p % 2 = (2 * n.factorization p + 1) % 2 := by
    rw [← eq1, sqr_eq, eq2]
  rw [add_comm, Nat.add_mul_mod_self_left, Nat.mul_mod_right] at this
  norm_num at this


","💥️tactic 'rewrite' failed, did not find instance of the pattern in the target expression
  (p * n).factorization ?p
m n p : ℕ
nnz : n ≠ 0
prime_p : Nat.Prime p
sqr_eq : m ^ 2 = p * n ^ 2
eq1 : (m ^ 2).factorization p = 2 * m.factorization p
⊢ (p * n ^ 2).factorization p = 2 * n.factorization p + 1",False,60,MIL.C05_Elementary_Number_Theory.solutions.Solutions_S01_Irrational_Roots,Qwen-7B-long,LENGTH,best_of_n,False,0,-1.0,t3,False
-1,False,11,"theorem t3 {m n p : ℕ} (nnz : n ≠ 0) (prime_p : p.Prime) : m ^ 2 ≠ p * n ^ 2 := by
  intro sqr_eq
  have nsqr_nez : n ^ 2 ≠ 0 := by simpa
  have eq1 : Nat.factorization (m ^ 2) p = 2 * m.factorization p := by
    rw [factorization_pow']
  have eq2 : (p * n ^ 2).factorization p = 2 * n.factorization p + 1 := by
    rw [factorization_mul' prime_p.ne_zero nsqr_nez, prime_p.factorization', factorization_pow',
      add_comm]
  have : 2 * m.factorization p % 2 = (2 * n.factorization p + 1) % 2 := by
    rw [← eq1, sqr_eq, eq2]
  rw [add_comm, Nat.add_mul_mod_self_left, Nat.mul_mod_right] at this
  norm_num at this

",,True,-1,"lemma t3 {m n p : ℕ} (nnz : n ≠ 0) (prime_p : p.Prime) : m ^ 2 ≠ p * n ^ 2 := by
  intro smul
  rw [sqrt_eq |>.symm] at smul
  exact (smul.left /STERILE* factorization_pow' _ (p |>.ne_zero NNZero.pos n.ne_zero)).1
","💥️unknown identifier 'sqrt_eq'

💥️tactic 'rewrite' failed, equality or iff proof expected
  ?m.9841
m n p : ℕ
nnz : n ≠ 0
prime_p : Nat.Prime p
smul : m ^ 2 = p * n ^ 2
⊢ False",False,60,MIL.C05_Elementary_Number_Theory.solutions.Solutions_S01_Irrational_Roots,Qwen-7B-long,LENGTH,best_of_n,False,0,-1.0,t3,False
-1,False,11,"theorem t3 {m n p : ℕ} (nnz : n ≠ 0) (prime_p : p.Prime) : m ^ 2 ≠ p * n ^ 2 := by
  intro sqr_eq
  have nsqr_nez : n ^ 2 ≠ 0 := by simpa
  have eq1 : Nat.factorization (m ^ 2) p = 2 * m.factorization p := by
    rw [factorization_pow']
  have eq2 : (p * n ^ 2).factorization p = 2 * n.factorization p + 1 := by
    rw [factorization_mul' prime_p.ne_zero nsqr_nez, prime_p.factorization', factorization_pow',
      add_comm]
  have : 2 * m.factorization p % 2 = (2 * n.factorization p + 1) % 2 := by
    rw [← eq1, sqr_eq, eq2]
  rw [add_comm, Nat.add_mul_mod_self_left, Nat.mul_mod_right] at this
  norm_num at this

",,True,11,"theorem t3 {m n p : ℕ} (nnz : n ≠ 0) (prime_p : p.Prime) : m ^ 2 ≠ p * n ^ 2 := by
  intro sqr_eq
  have nsqr_nez : n ^ 2 ≠ 0 := by simpa
  have eq1 : Nat.factorization (m ^ 2) p = 2 * m.factorization p := by
    rw [factorization_pow']
  have eq2 : (p * n ^ 2).factorization p = 2 * n.factorization p + 1 := by
    rw [factorization_mul' prime_p.ne_zero nsqr_nez, prime_p.factorization', factorization_pow',
      add_comm]
  have : 2 * m.factorization p % 2 = (2 * n.factorization p + 1) % 2 := by
    rw [← eq1, sqr_eq, eq2]
  rw [add_comm, Nat.add_mul_mod_self_left, Nat.mul_mod_right] at this
  norm_num at this


",,True,60,MIL.C05_Elementary_Number_Theory.solutions.Solutions_S01_Irrational_Roots,Qwen-7B-long,LENGTH,best_of_n,False,0,0.0,t3,False
-1,False,11,"theorem t3 {m n p : ℕ} (nnz : n ≠ 0) (prime_p : p.Prime) : m ^ 2 ≠ p * n ^ 2 := by
  intro sqr_eq
  have nsqr_nez : n ^ 2 ≠ 0 := by simpa
  have eq1 : Nat.factorization (m ^ 2) p = 2 * m.factorization p := by
    rw [factorization_pow']
  have eq2 : (p * n ^ 2).factorization p = 2 * n.factorization p + 1 := by
    rw [factorization_mul' prime_p.ne_zero nsqr_nez, prime_p.factorization', factorization_pow',
      add_comm]
  have : 2 * m.factorization p % 2 = (2 * n.factorization p + 1) % 2 := by
    rw [← eq1, sqr_eq, eq2]
  rw [add_comm, Nat.add_mul_mod_self_left, Nat.mul_mod_right] at this
  norm_num at this

",,True,-1,"theorem t3 {m n p : ℕ} (nnz : n ≠ 0) (prime_p : p.Prime) : m ^ 2 ≠ p * n ^ 2 := by
  intro sqr_eq
  have nsqr_nez : n ^ 2 ≠ 0 := by simpa
  have : 2 ∣ p := by
    rw [eq1, ← eq2, mul_comm p, Nat.mod_eq_zero_iff]
  exact Nat.not_prime (Nat.gcd_of_mul_dvd_mul_left (Nat.mul_dvd_mul_right nnnz) p)
","💥️unknown identifier 'eq1'

💥️tactic 'rewrite' failed, equality or iff proof expected
  ?m.10263
m n p : ℕ
nnz : n ≠ 0
prime_p : Nat.Prime p
sqr_eq : m ^ 2 = p * n ^ 2
nsqr_nez : n ^ 2 ≠ 0
⊢ 2 ∣ p

💥️unknown constant 'Nat.not_prime'",False,60,MIL.C05_Elementary_Number_Theory.solutions.Solutions_S01_Irrational_Roots,Qwen-7B-long,LENGTH,best_of_n,False,0,-1.0,t3,False
-1,False,11,"theorem t3 {m n p : ℕ} (nnz : n ≠ 0) (prime_p : p.Prime) : m ^ 2 ≠ p * n ^ 2 := by
  intro sqr_eq
  have nsqr_nez : n ^ 2 ≠ 0 := by simpa
  have eq1 : Nat.factorization (m ^ 2) p = 2 * m.factorization p := by
    rw [factorization_pow']
  have eq2 : (p * n ^ 2).factorization p = 2 * n.factorization p + 1 := by
    rw [factorization_mul' prime_p.ne_zero nsqr_nez, prime_p.factorization', factorization_pow',
      add_comm]
  have : 2 * m.factorization p % 2 = (2 * n.factorization p + 1) % 2 := by
    rw [← eq1, sqr_eq, eq2]
  rw [add_comm, Nat.add_mul_mod_self_left, Nat.mul_mod_right] at this
  norm_num at this

",,True,-1,"theorem t3 {m n p : ℕ} (nnz : n ≠ 0) (prime_p : p.Prime) : m ^ 2 ≠ p * n ^ 2 := by
  intro sqr_eq
  have nsqr_nez : n ^ 2 ≠ 0 := by simpa
  have : m ^ 2 % p = p := by
    rw [sqr_eq, Nat.mul_mod_right]
  have : (p * n ^ 2) % p = 0 := by simp [Nat.mul_mod_left]
  exact (this ▸ (m ^ 2 % p ≠ p * (n ^ 2 % p)) % p).symm


","💥️unsolved goals
m n p : ℕ
nnz : n ≠ 0
prime_p : Nat.Prime p
sqr_eq : m ^ 2 = p * n ^ 2
nsqr_nez : n ^ 2 ≠ 0
⊢ 0 = p

💥️invalid field 'symm', the environment does not contain 'Nat.symm'
  ?m.10857 % p
has type
  ℕ

💥️invalid `▸` notation, expected result type of cast is 
  ℕ
however, the equality 
  this
of type 
  p * n ^ 2 % p = 0
does not contain the expected result type on either the left or the right hand side",False,60,MIL.C05_Elementary_Number_Theory.solutions.Solutions_S01_Irrational_Roots,Qwen-7B-long,LENGTH,best_of_n,False,0,-1.0,t3,False
-1,False,11,"theorem t3 {m n p : ℕ} (nnz : n ≠ 0) (prime_p : p.Prime) : m ^ 2 ≠ p * n ^ 2 := by
  intro sqr_eq
  have nsqr_nez : n ^ 2 ≠ 0 := by simpa
  have eq1 : Nat.factorization (m ^ 2) p = 2 * m.factorization p := by
    rw [factorization_pow']
  have eq2 : (p * n ^ 2).factorization p = 2 * n.factorization p + 1 := by
    rw [factorization_mul' prime_p.ne_zero nsqr_nez, prime_p.factorization', factorization_pow',
      add_comm]
  have : 2 * m.factorization p % 2 = (2 * n.factorization p + 1) % 2 := by
    rw [← eq1, sqr_eq, eq2]
  rw [add_comm, Nat.add_mul_mod_self_left, Nat.mul_mod_right] at this
  norm_num at this

",,True,-1,"theorem t3 {m n p : ℕ} (nnz : n ≠ 0) (prime_p : p.Prime) : m ^ 2 ≠ p * n ^ 2 := by
  intro sqr_eq
  have eq1 : Nat.factorization (m ^ 2) p = 2 * m.factorization p := by
    rw [factorization_pow']
  have eq2 : (p * n ^ 2).factorization p = 2 * n.factorization p + 1 := by
    rw [factorization_mul' prime_p.ne_zero nnz, prime_p.factorization', factorization_pow',
      add_comm]
  rw [← eq1, sqr_eq, eq2, add_comm, Nat.add_mul_mod_self_left, Nat.mul_mod_right] at this
  norm_num at this


","💥️tactic 'rewrite' failed, did not find instance of the pattern in the target expression
  (p * n).factorization ?p
m n p : ℕ
nnz : n ≠ 0
prime_p : Nat.Prime p
sqr_eq : m ^ 2 = p * n ^ 2
eq1 : (m ^ 2).factorization p = 2 * m.factorization p
⊢ (p * n ^ 2).factorization p = 2 * n.factorization p + 1

💥️unknown identifier 'this'",False,60,MIL.C05_Elementary_Number_Theory.solutions.Solutions_S01_Irrational_Roots,Qwen-7B-long,LENGTH,best_of_n,False,0,-1.0,t3,False
-1,False,11,"theorem t3 {m n p : ℕ} (nnz : n ≠ 0) (prime_p : p.Prime) : m ^ 2 ≠ p * n ^ 2 := by
  intro sqr_eq
  have nsqr_nez : n ^ 2 ≠ 0 := by simpa
  have eq1 : Nat.factorization (m ^ 2) p = 2 * m.factorization p := by
    rw [factorization_pow']
  have eq2 : (p * n ^ 2).factorization p = 2 * n.factorization p + 1 := by
    rw [factorization_mul' prime_p.ne_zero nsqr_nez, prime_p.factorization', factorization_pow',
      add_comm]
  have : 2 * m.factorization p % 2 = (2 * n.factorization p + 1) % 2 := by
    rw [← eq1, sqr_eq, eq2]
  rw [add_comm, Nat.add_mul_mod_self_left, Nat.mul_mod_right] at this
  norm_num at this

",,True,11,"theorem t3 {m n p : ℕ} (nnz : n ≠ 0) (prime_p : p.Prime) : m ^ 2 ≠ p * n ^ 2 := by
  intro sqr_eq
  have nsqr_nez : n ^ 2 ≠ 0 := by simpa
  have eq1 : Nat.factorization (m ^ 2) p = 2 * m.factorization p := by
    rw [factorization_pow']
  have eq2 : (p * n ^ 2).factorization p = 2 * n.factorization p + 1 := by
    rw [factorization_mul' prime_p.ne_zero nsqr_nez, prime_p.factorization', factorization_pow',
      add_comm]
  have : 2 * m.factorization p % 2 = (2 * n.factorization p + 1) % 2 := by
    rw [← eq1, sqr_eq, eq2]
  rw [add_comm, Nat.add_mul_mod_self_left, Nat.mul_mod_right] at this
  norm_num at this


",,True,60,MIL.C05_Elementary_Number_Theory.solutions.Solutions_S01_Irrational_Roots,Qwen-7B-long,LENGTH,best_of_n,False,0,0.0,t3,False
-1,False,11,"theorem t3 {m n p : ℕ} (nnz : n ≠ 0) (prime_p : p.Prime) : m ^ 2 ≠ p * n ^ 2 := by
  intro sqr_eq
  have nsqr_nez : n ^ 2 ≠ 0 := by simpa
  have eq1 : Nat.factorization (m ^ 2) p = 2 * m.factorization p := by
    rw [factorization_pow']
  have eq2 : (p * n ^ 2).factorization p = 2 * n.factorization p + 1 := by
    rw [factorization_mul' prime_p.ne_zero nsqr_nez, prime_p.factorization', factorization_pow',
      add_comm]
  have : 2 * m.factorization p % 2 = (2 * n.factorization p + 1) % 2 := by
    rw [← eq1, sqr_eq, eq2]
  rw [add_comm, Nat.add_mul_mod_self_left, Nat.mul_mod_right] at this
  norm_num at this

",,True,11,"theorem t3 {m n p : ℕ} (nnz : n ≠ 0) (prime_p : p.Prime) : m ^ 2 ≠ p * n ^ 2 := by
  intro sqr_eq
  have nsqr_nez : n ^ 2 ≠ 0 := by simpa
  have eq1 : Nat.factorization (m ^ 2) p = 2 * m.factorization p := by
    rw [factorization_pow']
  have eq2 : (p * n ^ 2).factorization p = 2 * n.factorization p + 1 := by
    rw [factorization_mul' prime_p.ne_zero nsqr_nez, prime_p.factorization', factorization_pow',
      add_comm]
  have : 2 * m.factorization p % 2 = (2 * n.factorization p + 1) % 2 := by
    rw [← eq1, sqr_eq, eq2]
  rw [add_comm, Nat.add_mul_mod_self_left, Nat.mul_mod_right] at this
  norm_num at this


",,True,60,MIL.C05_Elementary_Number_Theory.solutions.Solutions_S01_Irrational_Roots,Qwen-7B-long,LENGTH,best_of_n,False,0,0.0,t3,False
-1,False,11,"theorem t3 {m n p : ℕ} (nnz : n ≠ 0) (prime_p : p.Prime) : m ^ 2 ≠ p * n ^ 2 := by
  intro sqr_eq
  have nsqr_nez : n ^ 2 ≠ 0 := by simpa
  have eq1 : Nat.factorization (m ^ 2) p = 2 * m.factorization p := by
    rw [factorization_pow']
  have eq2 : (p * n ^ 2).factorization p = 2 * n.factorization p + 1 := by
    rw [factorization_mul' prime_p.ne_zero nsqr_nez, prime_p.factorization', factorization_pow',
      add_comm]
  have : 2 * m.factorization p % 2 = (2 * n.factorization p + 1) % 2 := by
    rw [← eq1, sqr_eq, eq2]
  rw [add_comm, Nat.add_mul_mod_self_left, Nat.mul_mod_right] at this
  norm_num at this

",,True,11,"theorem t3 {m n p : ℕ} (nnz : n ≠ 0) (prime_p : p.Prime) : m ^ 2 ≠ p * n ^ 2 := by
  intro sqr_eq
  have nsqr_nez : n ^ 2 ≠ 0 := by simpa
  have eq1 : Nat.factorization (m ^ 2) p = 2 * m.factorization p := by
    rw [factorization_pow']
  have eq2 : (p * n ^ 2).factorization p = 2 * n.factorization p + 1 := by
    rw [factorization_mul' prime_p.ne_zero nsqr_nez, prime_p.factorization', factorization_pow',
      add_comm]
  have : 2 * m.factorization p % 2 = (2 * n.factorization p + 1) % 2 := by
    rw [← eq1, sqr_eq, eq2]
  rw [add_comm, Nat.add_mul_mod_self_left, Nat.mul_mod_right] at this
  norm_num at this


",,True,60,MIL.C05_Elementary_Number_Theory.solutions.Solutions_S01_Irrational_Roots,Qwen-7B-long,LENGTH,best_of_n,False,0,0.0,t3,False
-1,False,11,"theorem t3 {m n p : ℕ} (nnz : n ≠ 0) (prime_p : p.Prime) : m ^ 2 ≠ p * n ^ 2 := by
  intro sqr_eq
  have nsqr_nez : n ^ 2 ≠ 0 := by simpa
  have eq1 : Nat.factorization (m ^ 2) p = 2 * m.factorization p := by
    rw [factorization_pow']
  have eq2 : (p * n ^ 2).factorization p = 2 * n.factorization p + 1 := by
    rw [factorization_mul' prime_p.ne_zero nsqr_nez, prime_p.factorization', factorization_pow',
      add_comm]
  have : 2 * m.factorization p % 2 = (2 * n.factorization p + 1) % 2 := by
    rw [← eq1, sqr_eq, eq2]
  rw [add_comm, Nat.add_mul_mod_self_left, Nat.mul_mod_right] at this
  norm_num at this

",,True,-1,"theorem t3 {m n p : ℕ} (nnz : n ≠ 0) (prime_p : p.Prime) : m ^ 2 ≠ p * n ^ 2 := by
  intro sqr_eq
  have eq1 : Nat.factorization (m ^ 2) p = 2 * m.factorization p := by
    rw [factorization_pow']
  have eq2 : (p * n ^ 2).factorization p = 2 * n.factorization p + 1 := by
    rw [factorization_mul' prime_p.ne_zero nnz, prime_p.factorization', factorization_pow',
      add_comm]
  have : 2 * m.factorization p % 2 = (2 * n.factorization p + 1) % 2 := by
    rw [← eq1, sqr_eq, eq2]
  rw [add_comm, Nat.add_mul_mod_self_left, Nat.mul_mod_right] at this
  norm_num at this


","💥️tactic 'rewrite' failed, did not find instance of the pattern in the target expression
  (p * n).factorization ?p
m n p : ℕ
nnz : n ≠ 0
prime_p : Nat.Prime p
sqr_eq : m ^ 2 = p * n ^ 2
eq1 : (m ^ 2).factorization p = 2 * m.factorization p
⊢ (p * n ^ 2).factorization p = 2 * n.factorization p + 1",False,60,MIL.C05_Elementary_Number_Theory.solutions.Solutions_S01_Irrational_Roots,Qwen-7B-long,LENGTH,best_of_n,False,0,-1.0,t3,False
-1,False,11,"theorem t3 {m n p : ℕ} (nnz : n ≠ 0) (prime_p : p.Prime) : m ^ 2 ≠ p * n ^ 2 := by
  intro sqr_eq
  have nsqr_nez : n ^ 2 ≠ 0 := by simpa
  have eq1 : Nat.factorization (m ^ 2) p = 2 * m.factorization p := by
    rw [factorization_pow']
  have eq2 : (p * n ^ 2).factorization p = 2 * n.factorization p + 1 := by
    rw [factorization_mul' prime_p.ne_zero nsqr_nez, prime_p.factorization', factorization_pow',
      add_comm]
  have : 2 * m.factorization p % 2 = (2 * n.factorization p + 1) % 2 := by
    rw [← eq1, sqr_eq, eq2]
  rw [add_comm, Nat.add_mul_mod_self_left, Nat.mul_mod_right] at this
  norm_num at this

",,True,-1,"theorem t3 {m n p : ℕ} (nnz : n ≠ 0) (prime_p : p.Prime) : m ^ 2 ≠ p * n ^ 2 := by
  intro sqr_eq
  rw [← factorization_id, ← vectorFactorization, ← mulVecFactorization (2 := NNZ)] at sq
  exact second_memoization (1 ^ 2) (p * n ^ 2) $ by simp [sq, Nat.factorization_mpow]
  **wrong**. factors simp all

","💥️unexpected token ':='; expected ')', ',' or ':'

💥️unknown identifier 'factorization_id'",False,60,MIL.C05_Elementary_Number_Theory.solutions.Solutions_S01_Irrational_Roots,Qwen-7B-long,LENGTH,best_of_n,False,0,-1.0,t3,False
-1,False,11,"theorem t3 {m n p : ℕ} (nnz : n ≠ 0) (prime_p : p.Prime) : m ^ 2 ≠ p * n ^ 2 := by
  intro sqr_eq
  have nsqr_nez : n ^ 2 ≠ 0 := by simpa
  have eq1 : Nat.factorization (m ^ 2) p = 2 * m.factorization p := by
    rw [factorization_pow']
  have eq2 : (p * n ^ 2).factorization p = 2 * n.factorization p + 1 := by
    rw [factorization_mul' prime_p.ne_zero nsqr_nez, prime_p.factorization', factorization_pow',
      add_comm]
  have : 2 * m.factorization p % 2 = (2 * n.factorization p + 1) % 2 := by
    rw [← eq1, sqr_eq, eq2]
  rw [add_comm, Nat.add_mul_mod_self_left, Nat.mul_mod_right] at this
  norm_num at this

",,True,-1,"theorem t3 {m n p : ℕ} (nnz : n ≠ 0) (prime_p : p.Prime) : m ^ 2 ≠ p * n ^ 2 :=
  letSqr_ne_multSq_of_ne (p.ne_zero_iff_ne_0 pp).1 (arith.ker_mult pp (arith.ker_ne_zero pp))
",💥️unknown identifier 'letSqr_ne_multSq_of_ne',False,60,MIL.C05_Elementary_Number_Theory.solutions.Solutions_S01_Irrational_Roots,Qwen-7B-long,LENGTH,best_of_n,False,0,-1.0,t3,False
-1,False,11,"theorem t3 {m n p : ℕ} (nnz : n ≠ 0) (prime_p : p.Prime) : m ^ 2 ≠ p * n ^ 2 := by
  intro sqr_eq
  have nsqr_nez : n ^ 2 ≠ 0 := by simpa
  have eq1 : Nat.factorization (m ^ 2) p = 2 * m.factorization p := by
    rw [factorization_pow']
  have eq2 : (p * n ^ 2).factorization p = 2 * n.factorization p + 1 := by
    rw [factorization_mul' prime_p.ne_zero nsqr_nez, prime_p.factorization', factorization_pow',
      add_comm]
  have : 2 * m.factorization p % 2 = (2 * n.factorization p + 1) % 2 := by
    rw [← eq1, sqr_eq, eq2]
  rw [add_comm, Nat.add_mul_mod_self_left, Nat.mul_mod_right] at this
  norm_num at this

",,True,-1,"#align t3 t3

theorem t3 {m n p : ℕ} (nnz : n ≠ 0) (prime_p : p.Prime) : m ^ 2 ≠ p * n ^ 2 := by
  intro sqr_eq
  have nsqr_nez : n ^ 2 ≠ 0 := by simpa
  have eq1 : Nat.factorization (m ^ 2) p = 2 * m.factorization p := by
    rw [factorization_pow']
  have eq2 : (p * n ^ 2).factorization p = 2 * n.factorization p + 1 := by
    rw [factorization_mul' prime_p.ne_zero nsqr_nez, prime_p.factorization', factorization_pow',
      add_comm]
  have : 2 * m.factorization p % 2 = (2 * n.factorization p + 1) % 2 := by
    rw [← eq1, sqr_eq, eq2]
  rw [Nat.add_mul_mod_self_left, Nat.mul_mod_right] at this
  norm_num at this


","💥️unexpected token '#'; expected command

💥️tactic 'rewrite' failed, did not find instance of the pattern in the target expression
  (?x + ?y * ?z) % ?y
m n p : ℕ
nnz : n ≠ 0
prime_p : Nat.Prime p
sqr_eq : m ^ 2 = p * n ^ 2
nsqr_nez : n ^ 2 ≠ 0
eq1 : (m ^ 2).factorization p = 2 * m.factorization p
eq2 : (p * n ^ 2).factorization p = 2 * n.factorization p + 1
this : 2 * m.factorization p % 2 = (2 * n.factorization p + 1) % 2
⊢ False",False,60,MIL.C05_Elementary_Number_Theory.solutions.Solutions_S01_Irrational_Roots,Qwen-7B-long,LENGTH,best_of_n,False,0,-1.0,t3,False
-1,False,11,"theorem t3 {m n p : ℕ} (nnz : n ≠ 0) (prime_p : p.Prime) : m ^ 2 ≠ p * n ^ 2 := by
  intro sqr_eq
  have nsqr_nez : n ^ 2 ≠ 0 := by simpa
  have eq1 : Nat.factorization (m ^ 2) p = 2 * m.factorization p := by
    rw [factorization_pow']
  have eq2 : (p * n ^ 2).factorization p = 2 * n.factorization p + 1 := by
    rw [factorization_mul' prime_p.ne_zero nsqr_nez, prime_p.factorization', factorization_pow',
      add_comm]
  have : 2 * m.factorization p % 2 = (2 * n.factorization p + 1) % 2 := by
    rw [← eq1, sqr_eq, eq2]
  rw [add_comm, Nat.add_mul_mod_self_left, Nat.mul_mod_right] at this
  norm_num at this

",,True,-1,"theorem t3 {m n p : ℕ} (nnz : n ≠ 0) (prime_p : p.Prime) : m ^ 2 ≠ p * n ^ 2 := by
  intro s q hp
  simp [hp, t1, t2] at square_eq
  have square_m : m ^ 2 = q * p := by linear_combination square_eq
  have : q * p % p = 0 := Nat.mod_eq_zero_of_dvd (t2 _ $ Controlled.inr rfl) (by simp)
  have : q * p < q * p := Nat.lt_self (by simp)
  omega


","💥️tactic 'introN' failed, insufficient number of binders
m n p : ℕ
nnz : n ≠ 0
prime_p : Nat.Prime p
s : m ^ 2 = p * n ^ 2
⊢ False",False,60,MIL.C05_Elementary_Number_Theory.solutions.Solutions_S01_Irrational_Roots,Qwen-7B-long,LENGTH,best_of_n,False,0,-1.0,t3,False
-1,False,11,"theorem t3 {m n p : ℕ} (nnz : n ≠ 0) (prime_p : p.Prime) : m ^ 2 ≠ p * n ^ 2 := by
  intro sqr_eq
  have nsqr_nez : n ^ 2 ≠ 0 := by simpa
  have eq1 : Nat.factorization (m ^ 2) p = 2 * m.factorization p := by
    rw [factorization_pow']
  have eq2 : (p * n ^ 2).factorization p = 2 * n.factorization p + 1 := by
    rw [factorization_mul' prime_p.ne_zero nsqr_nez, prime_p.factorization', factorization_pow',
      add_comm]
  have : 2 * m.factorization p % 2 = (2 * n.factorization p + 1) % 2 := by
    rw [← eq1, sqr_eq, eq2]
  rw [add_comm, Nat.add_mul_mod_self_left, Nat.mul_mod_right] at this
  norm_num at this

",,True,-1,"theorem t3 {m n p : ℕ} (nnz : n ≠ 0) (prime_p : p.Prime) : m ^ 2 ≠ p * n ^ 2 := by
  introono
  simpa [pow_two] using prime_p.dvd_mul_right (show p ∣ m by
    simpa [pow_two] using Nat.dvd_mul_left p m)
","💥️unknown tactic

💥️unsolved goals
m n p : ℕ
nnz : n ≠ 0
prime_p : Nat.Prime p
⊢ m ^ 2 ≠ p * n ^ 2",False,60,MIL.C05_Elementary_Number_Theory.solutions.Solutions_S01_Irrational_Roots,Qwen-7B-long,LENGTH,best_of_n,False,0,-1.0,t3,False
-1,False,11,"theorem t3 {m n p : ℕ} (nnz : n ≠ 0) (prime_p : p.Prime) : m ^ 2 ≠ p * n ^ 2 := by
  intro sqr_eq
  have nsqr_nez : n ^ 2 ≠ 0 := by simpa
  have eq1 : Nat.factorization (m ^ 2) p = 2 * m.factorization p := by
    rw [factorization_pow']
  have eq2 : (p * n ^ 2).factorization p = 2 * n.factorization p + 1 := by
    rw [factorization_mul' prime_p.ne_zero nsqr_nez, prime_p.factorization', factorization_pow',
      add_comm]
  have : 2 * m.factorization p % 2 = (2 * n.factorization p + 1) % 2 := by
    rw [← eq1, sqr_eq, eq2]
  rw [add_comm, Nat.add_mul_mod_self_left, Nat.mul_mod_right] at this
  norm_num at this

",,True,-1,"theorem t3 {m n p : ℕ} (nnz : n ≠ 0) (prime_p : p.Prime) : m ^ 2 ≠ p * n ^ 2 := by
  intro sqr_eq
  have eq1 : Nat.factorization (m ^ 2) p = 2 * m.factorization p := by
    rw [factorization_pow']
  have eq2 : (p * n ^ 2).factorization p = 2 * n.factorization p + 1 := by
    rw [factorization_mul' prime_p.ne_zero nnz, prime_p.factorization', factorization_pow',
      add_comm]
  have : 2 * m.factorization p % 2 = (2 * n.factorization p + 1) % 2 := by
    rw [← eq1, sqr_eq, eq2]
  rw [Nat.add_mul_mod_self_left, Nat.mul_mod_right] at this
  norm_num at this


","💥️tactic 'rewrite' failed, did not find instance of the pattern in the target expression
  (p * n).factorization ?p
m n p : ℕ
nnz : n ≠ 0
prime_p : Nat.Prime p
sqr_eq : m ^ 2 = p * n ^ 2
eq1 : (m ^ 2).factorization p = 2 * m.factorization p
⊢ (p * n ^ 2).factorization p = 2 * n.factorization p + 1

💥️tactic 'rewrite' failed, did not find instance of the pattern in the target expression
  (?x + ?y * ?z) % ?y
m n p : ℕ
nnz : n ≠ 0
prime_p : Nat.Prime p
sqr_eq : m ^ 2 = p * n ^ 2
eq1 : (m ^ 2).factorization p = 2 * m.factorization p
eq2 : (p * n ^ 2).factorization p = 2 * n.factorization p + 1
this : 2 * m.factorization p % 2 = (2 * n.factorization p + 1) % 2
⊢ False",False,60,MIL.C05_Elementary_Number_Theory.solutions.Solutions_S01_Irrational_Roots,Qwen-7B-long,LENGTH,best_of_n,False,0,-1.0,t3,False
-1,False,11,"theorem t3 {m n p : ℕ} (nnz : n ≠ 0) (prime_p : p.Prime) : m ^ 2 ≠ p * n ^ 2 := by
  intro sqr_eq
  have nsqr_nez : n ^ 2 ≠ 0 := by simpa
  have eq1 : Nat.factorization (m ^ 2) p = 2 * m.factorization p := by
    rw [factorization_pow']
  have eq2 : (p * n ^ 2).factorization p = 2 * n.factorization p + 1 := by
    rw [factorization_mul' prime_p.ne_zero nsqr_nez, prime_p.factorization', factorization_pow',
      add_comm]
  have : 2 * m.factorization p % 2 = (2 * n.factorization p + 1) % 2 := by
    rw [← eq1, sqr_eq, eq2]
  rw [add_comm, Nat.add_mul_mod_self_left, Nat.mul_mod_right] at this
  norm_num at this

",,True,-1,"theorem t3 {m n p : ℕ} (nnz : n ≠ 0) (prime_p : p.Prime) : m ^ 2 ≠ p * n ^ 2 := by
  intro sqr_eq
  have nsqr_nez : n ^ 2 ≠ 0 := by simpa
  have eq1 : map p (m ^ 2) = 2 * map p m := by
    rw [map_pow']
  have eq2 : map p (p * n ^ 2) = 2 * map p n + 1 := by
    rw [map_mul' prime_p.ne_zero nsqr_nez, prime_p.map]
  have : 2 * map p m % 2 = (2 * map p n + 1) % 2 := by
    rw [← eq1, sqr_eq, eq2]
  rw [add_comm, Nat.add_mul_mod_self_left, Nat.mul_mod_right] at this
  norm_num at this


","💥️unknown identifier 'map'

💥️unknown identifier 'map'

💥️unknown identifier 'map_pow''

💥️tactic 'rewrite' failed, equality or iff proof expected
  ?m.10469
m n p : ℕ
nnz : n ≠ 0
prime_p : Nat.Prime p
sqr_eq : m ^ 2 = p * n ^ 2
nsqr_nez : n ^ 2 ≠ 0
⊢ sorry = 2 * sorry

💥️unknown identifier 'map'

💥️unknown identifier 'map'

💥️unknown identifier 'map_mul''

💥️tactic 'rewrite' failed, equality or iff proof expected
  ?m.10967
m n p : ℕ
nnz : n ≠ 0
prime_p : Nat.Prime p
sqr_eq : m ^ 2 = p * n ^ 2
nsqr_nez : n ^ 2 ≠ 0
eq1 : sorry = 2 * sorry
⊢ sorry = 2 * sorry + 1

💥️unknown identifier 'map'

💥️unknown identifier 'map'

💥️tactic 'rewrite' failed, did not find instance of the pattern in the target expression
  m ^ 2
m n p : ℕ
nnz : n ≠ 0
prime_p : Nat.Prime p
sqr_eq : m ^ 2 = p * n ^ 2
nsqr_nez : n ^ 2 ≠ 0
eq1 : sorry = 2 * sorry
eq2 : sorry = 2 * sorry + 1
⊢ sorry % 2 = (sorry + 1) % 2",False,60,MIL.C05_Elementary_Number_Theory.solutions.Solutions_S01_Irrational_Roots,Qwen-7B-long,LENGTH,best_of_n,False,0,-1.0,t3,False
-1,False,11,"theorem t3 {m n p : ℕ} (nnz : n ≠ 0) (prime_p : p.Prime) : m ^ 2 ≠ p * n ^ 2 := by
  intro sqr_eq
  have nsqr_nez : n ^ 2 ≠ 0 := by simpa
  have eq1 : Nat.factorization (m ^ 2) p = 2 * m.factorization p := by
    rw [factorization_pow']
  have eq2 : (p * n ^ 2).factorization p = 2 * n.factorization p + 1 := by
    rw [factorization_mul' prime_p.ne_zero nsqr_nez, prime_p.factorization', factorization_pow',
      add_comm]
  have : 2 * m.factorization p % 2 = (2 * n.factorization p + 1) % 2 := by
    rw [← eq1, sqr_eq, eq2]
  rw [add_comm, Nat.add_mul_mod_self_left, Nat.mul_mod_right] at this
  norm_num at this

",,True,11,"theorem t3 {m n p : ℕ} (nnz : n ≠ 0) (p_prime : p.Prime) : m ^ 2 ≠ p * n ^ 2 := by
  intro sqr_eq
  have nsqr_nez : n ^ 2 ≠ 0 := by simpa
  have eq1 : Nat.factorization (m ^ 2) p = 2 * m.factorization p := by
    rw [factorization_pow']
  have eq2 : (p * n ^ 2).factorization p = 2 * n.factorization p + 1 := by
    rw [factorization_mul' p_prime.ne_zero nsqr_nez, p_prime.factorization', factorization_pow',
      add_comm]
  have : 2 * m.factorization p % 2 = (2 * n.factorization p + 1) % 2 := by
    rw [← eq1, sqr_eq, eq2]
  rw [add_comm, Nat.add_mul_mod_self_left, Nat.mul_mod_right] at this
  norm_num at this


",,True,60,MIL.C05_Elementary_Number_Theory.solutions.Solutions_S01_Irrational_Roots,Qwen-7B-long,LENGTH,best_of_n,False,0,0.0,t3,False
-1,False,11,"theorem t3 {m n p : ℕ} (nnz : n ≠ 0) (prime_p : p.Prime) : m ^ 2 ≠ p * n ^ 2 := by
  intro sqr_eq
  have nsqr_nez : n ^ 2 ≠ 0 := by simpa
  have eq1 : Nat.factorization (m ^ 2) p = 2 * m.factorization p := by
    rw [factorization_pow']
  have eq2 : (p * n ^ 2).factorization p = 2 * n.factorization p + 1 := by
    rw [factorization_mul' prime_p.ne_zero nsqr_nez, prime_p.factorization', factorization_pow',
      add_comm]
  have : 2 * m.factorization p % 2 = (2 * n.factorization p + 1) % 2 := by
    rw [← eq1, sqr_eq, eq2]
  rw [add_comm, Nat.add_mul_mod_self_left, Nat.mul_mod_right] at this
  norm_num at this

",,True,-1,"theorem t3 {m n p : ℕ} (nnz : n ≠ 0) (prime_p : p.Prime) : m ^ 2 ≠ p * n ^ 2 := by
  intro sqr_eq
  have nsqr_nez : n ^ 2 ≠ 0 := by simpa
  have eq1 : Nat.factorization (m ^ 2) p = 2 * m.factorization p := by
    rw [factorization_pow']
  have eq2 : (p * n ^ 2).factorization p = 2 * n.factorization p + 1 := by
    rw [factorization_mul' prime_p.ne_zero nsqr_nez, prime_p.factorization', factorization_pow',
      add_comm]
  have : 2 * m.factorization p % 2 = (2 * n.factorization p + 1) % 2 := by
    rw [← eq1, sqr_eq, eq2]
  rw [mul_mod_left, add_comm, Nat.add_mul_mod_self_left, Nat.mul_mod_right] at this
  norm_num at this


","💥️unknown identifier 'mul_mod_left'

💥️tactic 'rewrite' failed, equality or iff proof expected
  ?m.11730
m n p : ℕ
nnz : n ≠ 0
prime_p : Nat.Prime p
sqr_eq : m ^ 2 = p * n ^ 2
nsqr_nez : n ^ 2 ≠ 0
eq1 : (m ^ 2).factorization p = 2 * m.factorization p
eq2 : (p * n ^ 2).factorization p = 2 * n.factorization p + 1
this : 2 * m.factorization p % 2 = (2 * n.factorization p + 1) % 2
⊢ False",False,60,MIL.C05_Elementary_Number_Theory.solutions.Solutions_S01_Irrational_Roots,Qwen-7B-long,LENGTH,best_of_n,False,0,-1.0,t3,False
-1,False,11,"theorem t3 {m n p : ℕ} (nnz : n ≠ 0) (prime_p : p.Prime) : m ^ 2 ≠ p * n ^ 2 := by
  intro sqr_eq
  have nsqr_nez : n ^ 2 ≠ 0 := by simpa
  have eq1 : Nat.factorization (m ^ 2) p = 2 * m.factorization p := by
    rw [factorization_pow']
  have eq2 : (p * n ^ 2).factorization p = 2 * n.factorization p + 1 := by
    rw [factorization_mul' prime_p.ne_zero nsqr_nez, prime_p.factorization', factorization_pow',
      add_comm]
  have : 2 * m.factorization p % 2 = (2 * n.factorization p + 1) % 2 := by
    rw [← eq1, sqr_eq, eq2]
  rw [add_comm, Nat.add_mul_mod_self_left, Nat.mul_mod_right] at this
  norm_num at this

",,True,-1,"theorem tsq, t3 : {m n p : ℕ} (nnz : n ≠ 0) (prime_p : p.Prime) : m ^ 2 ≠ p * n ^ 2 := by
  intro sqr_eq
  have nsqr_nez : n ^ 2 ≠ 0 := by simpa
  have : 2 ∣ m.factorization p → 2 ∣ n.factorization p := by
    rw [factorization_pow', factorization_mul', pow_mod]
  have : ¬ (2 ∣ n.factorization p) := by omega
  exact this
","💥️unexpected token ','; expected ':'",False,60,MIL.C05_Elementary_Number_Theory.solutions.Solutions_S01_Irrational_Roots,Qwen-7B-long,LENGTH,best_of_n,False,0,-1.0,t3,False
-1,False,13,"theorem t4 {m n k r : ℕ} (nnz : n ≠ 0) (pow_eq : m ^ k = r * n ^ k) {p : ℕ} :
    k ∣ r.factorization p := by
  rcases r with _ | r
  · simp
  have npow_nz : n ^ k ≠ 0 := fun npowz ↦ nnz (pow_eq_zero npowz)
  have eq1 : (m ^ k).factorization p = k * m.factorization p := by
    rw [factorization_pow']
  have eq2 : ((r + 1) * n ^ k).factorization p =
      k * n.factorization p + (r + 1).factorization p := by
    rw [factorization_mul' r.succ_ne_zero npow_nz, factorization_pow', add_comm]
  have : r.succ.factorization p = k * m.factorization p - k * n.factorization p := by
    rw [← eq1, pow_eq, eq2, add_comm, Nat.add_sub_cancel]
  rw [this]
  apply Nat.dvd_sub' <;>
  apply Nat.dvd_mul_right

",,True,12,"theorem t4 {m n k r : ℕ} (nnz : n ≠ 0) (pow_eq : m ^ k = r * n ^ k) {p : ℕ} :
    k ∣ r.factorization p := by
  rcases r with _ | r
  · simp
  have npow_nz : n ^ k ≠ 0 := fun npowz ↦ nnz (pow_eq_zero npowz)
  have eq1 : (m ^ k).factorization p = k * m.factorization p := by
    rw [factorization_pow']
  have eq2 : ((r + 1) * n ^ k).factorization p =
      k * n.factorization p + (r + 1).factorization p := by
    rw [factorization_mul' r.succ_ne_zero npow_nz, factorization_pow', add_comm]
  have : r.succ.factorization p = k * m.factorization p - k * n.factorization p := by
    rw [← eq1, pow_eq, eq2, add_comm, Nat.add_sub_cancel]
  rw [this]
  exact Nat.dvd_sub' (Nat.dvd_mul_right _ _) <| by simpa [dvd_mul_left]



",,True,60,MIL.C05_Elementary_Number_Theory.solutions.Solutions_S01_Irrational_Roots,Qwen-7B-long,LENGTH,best_of_n,False,0,0.076923,t4,False
-1,False,13,"theorem t4 {m n k r : ℕ} (nnz : n ≠ 0) (pow_eq : m ^ k = r * n ^ k) {p : ℕ} :
    k ∣ r.factorization p := by
  rcases r with _ | r
  · simp
  have npow_nz : n ^ k ≠ 0 := fun npowz ↦ nnz (pow_eq_zero npowz)
  have eq1 : (m ^ k).factorization p = k * m.factorization p := by
    rw [factorization_pow']
  have eq2 : ((r + 1) * n ^ k).factorization p =
      k * n.factorization p + (r + 1).factorization p := by
    rw [factorization_mul' r.succ_ne_zero npow_nz, factorization_pow', add_comm]
  have : r.succ.factorization p = k * m.factorization p - k * n.factorization p := by
    rw [← eq1, pow_eq, eq2, add_comm, Nat.add_sub_cancel]
  rw [this]
  apply Nat.dvd_sub' <;>
  apply Nat.dvd_mul_right

",,True,-1,"theorem t4 {m n k r : ℕ} (nnz : n ≠ 0) (pow_eq : m ^ k = r * n ^ k) {p : ℕ} :
    k ∣ r.factorization p := by
  rcases r with _ | r
  · simp
  have : m ^ k ≠ 0 := fun h ↦ pow_eq_zero h (by rwa [hnz])
  have : (m ^ k).factorization p = k * m.factorization p := by
    rw [factorization_pow']
  have : ((r + 1) * n ^ k).factorization p =
      k * n.factorization p + (r + 1).factorization p := by
    rw [factorization_mul' r.succ_ne_zero (pow_eq_ne_zero nnnz), factorization_pow', add_comm]
  have : r.succ.factorization p = k * m.factorization p - k * n.factorization p := by
    rw [← this, pow_eq, add_comm, Nat.add_sub_cancel]
  rw [this]
  apply Nat.dvd_sub' <;>
  apply Nat.dvd_mul_right


","💥️function expected at
  pow_eq_zero h
term has type
  m = 0

💥️unknown identifier 'pow_eq_ne_zero'

💥️tactic 'rewrite' failed, did not find instance of the pattern in the target expression
  k * n.factorization p + (r + 1).factorization p
m n k : ℕ
nnz : n ≠ 0
p r : ℕ
pow_eq : m ^ k = (r + 1) * n ^ k
this✝¹ : m ^ k ≠ 0
this✝ : (m ^ k).factorization p = k * m.factorization p
this : ((r + 1) * n ^ k).factorization p = k * n.factorization p + (r + 1).factorization p
⊢ r.succ.factorization p = k * m.factorization p - k * n.factorization p",False,60,MIL.C05_Elementary_Number_Theory.solutions.Solutions_S01_Irrational_Roots,Qwen-7B-long,LENGTH,best_of_n,False,0,-1.0,t4,False
-1,False,13,"theorem t4 {m n k r : ℕ} (nnz : n ≠ 0) (pow_eq : m ^ k = r * n ^ k) {p : ℕ} :
    k ∣ r.factorization p := by
  rcases r with _ | r
  · simp
  have npow_nz : n ^ k ≠ 0 := fun npowz ↦ nnz (pow_eq_zero npowz)
  have eq1 : (m ^ k).factorization p = k * m.factorization p := by
    rw [factorization_pow']
  have eq2 : ((r + 1) * n ^ k).factorization p =
      k * n.factorization p + (r + 1).factorization p := by
    rw [factorization_mul' r.succ_ne_zero npow_nz, factorization_pow', add_comm]
  have : r.succ.factorization p = k * m.factorization p - k * n.factorization p := by
    rw [← eq1, pow_eq, eq2, add_comm, Nat.add_sub_cancel]
  rw [this]
  apply Nat.dvd_sub' <;>
  apply Nat.dvd_mul_right

",,True,13,"theorem t4 {m n k r : ℕ} (nnz : n ≠ 0) (pow_eq : m ^ k = r * n ^ k) {p : ℕ} :
    k ∣ r.factorization p := by
  rcases r with _ | r
  · simp
  have npow_nz : n ^ k ≠ 0 := fun npowz ↦ nnz (pow_eq_zero npowz)
  have eq1 : (m ^ k).factorization p = k * m.factorization p := by
    rw [factorization_pow']
  have eq2 : ((r + 1) * n ^ k).factorization p =
      k * n.factorization p + (r + 1).factorization p := by
    rw [factorization_mul' r.succ_ne_zero npow_nz, factorization_pow', add_comm]
  have : r.succ.factorization p = k * m.factorization p - k * n.factorization p := by
    rw [← eq1, pow_eq, eq2, add_comm, Nat.add_sub_cancel]
  rw [this]
  apply Nat.dvd_sub' <;>
  apply Nat.dvd_mul_right


",,True,60,MIL.C05_Elementary_Number_Theory.solutions.Solutions_S01_Irrational_Roots,Qwen-7B-long,LENGTH,best_of_n,False,0,0.0,t4,False
-1,False,13,"theorem t4 {m n k r : ℕ} (nnz : n ≠ 0) (pow_eq : m ^ k = r * n ^ k) {p : ℕ} :
    k ∣ r.factorization p := by
  rcases r with _ | r
  · simp
  have npow_nz : n ^ k ≠ 0 := fun npowz ↦ nnz (pow_eq_zero npowz)
  have eq1 : (m ^ k).factorization p = k * m.factorization p := by
    rw [factorization_pow']
  have eq2 : ((r + 1) * n ^ k).factorization p =
      k * n.factorization p + (r + 1).factorization p := by
    rw [factorization_mul' r.succ_ne_zero npow_nz, factorization_pow', add_comm]
  have : r.succ.factorization p = k * m.factorization p - k * n.factorization p := by
    rw [← eq1, pow_eq, eq2, add_comm, Nat.add_sub_cancel]
  rw [this]
  apply Nat.dvd_sub' <;>
  apply Nat.dvd_mul_right

",,True,13,"theorem t4 {m n k r : ℕ} (nnz : n ≠ 0) (pow_eq : m ^ k = r * n ^ k) {p : ℕ} :
    k ∣ r.factorization p := by
  rcases r with _ | r
  · simp
  have npow_nz : n ^ k ≠ 0 := fun npowz ↦ nnz (pow_eq_zero npowz)
  have eq1 : (m ^ k).factorization p = k * m.factorization p := by
    rw [factorization_pow']
  have eq2 : ((r + 1) * n ^ k).factorization p =
      k * n.factorization p + (r + 1).factorization p := by
    rw [factorization_mul' r.succ_ne_zero npow_nz, factorization_pow', add_comm]
  have : r.succ.factorization p = k * m.factorization p - k * n.factorization p := by
    rw [← eq1, pow_eq, eq2, add_comm, Nat.add_sub_cancel]
  rw [this]
  apply Nat.dvd_sub' <;>
  apply Nat.dvd_mul_right


",,True,60,MIL.C05_Elementary_Number_Theory.solutions.Solutions_S01_Irrational_Roots,Qwen-7B-long,LENGTH,best_of_n,False,0,0.0,t4,False
-1,False,13,"theorem t4 {m n k r : ℕ} (nnz : n ≠ 0) (pow_eq : m ^ k = r * n ^ k) {p : ℕ} :
    k ∣ r.factorization p := by
  rcases r with _ | r
  · simp
  have npow_nz : n ^ k ≠ 0 := fun npowz ↦ nnz (pow_eq_zero npowz)
  have eq1 : (m ^ k).factorization p = k * m.factorization p := by
    rw [factorization_pow']
  have eq2 : ((r + 1) * n ^ k).factorization p =
      k * n.factorization p + (r + 1).factorization p := by
    rw [factorization_mul' r.succ_ne_zero npow_nz, factorization_pow', add_comm]
  have : r.succ.factorization p = k * m.factorization p - k * n.factorization p := by
    rw [← eq1, pow_eq, eq2, add_comm, Nat.add_sub_cancel]
  rw [this]
  apply Nat.dvd_sub' <;>
  apply Nat.dvd_mul_right

",,True,12,"theorem t4 {m n k r : ℕ} (nnz : n ≠ 0) (pow_eq : m ^ k = r * n ^ k) {p : ℕ} :
    k ∣ r.factorization p := by
  rcases r with _ | r
  · simp
  have eq1 : (m ^ k).factorization p = k * m.factorization p := by
    rw [factorization_pow']
  have eq2 : ((r + 1) * n ^ k).factorization p =
      k * n.factorization p + (r + 1).factorization p := by
    rw [factorization_mul' r.succ_ne_zero (fun hp ↦ nnz (pow_eq_zero hp)), factorization_pow',
      add_comm]
  have : r.succ.factorization p = k * m.factorization p - k * n.factorization p := by
    rw [← eq1, pow_eq, eq2, add_comm, Nat.add_sub_cancel]
  rw [this]
  apply Nat.dvd_sub' <;>
  apply Nat.dvd_mul_right


",,True,60,MIL.C05_Elementary_Number_Theory.solutions.Solutions_S01_Irrational_Roots,Qwen-7B-long,LENGTH,best_of_n,False,0,0.076923,t4,False
-1,False,13,"theorem t4 {m n k r : ℕ} (nnz : n ≠ 0) (pow_eq : m ^ k = r * n ^ k) {p : ℕ} :
    k ∣ r.factorization p := by
  rcases r with _ | r
  · simp
  have npow_nz : n ^ k ≠ 0 := fun npowz ↦ nnz (pow_eq_zero npowz)
  have eq1 : (m ^ k).factorization p = k * m.factorization p := by
    rw [factorization_pow']
  have eq2 : ((r + 1) * n ^ k).factorization p =
      k * n.factorization p + (r + 1).factorization p := by
    rw [factorization_mul' r.succ_ne_zero npow_nz, factorization_pow', add_comm]
  have : r.succ.factorization p = k * m.factorization p - k * n.factorization p := by
    rw [← eq1, pow_eq, eq2, add_comm, Nat.add_sub_cancel]
  rw [this]
  apply Nat.dvd_sub' <;>
  apply Nat.dvd_mul_right

",,True,13,"theorem t4 {m n k r : ℕ} (nnz : n ≠ 0) (pow_eq : m ^ k = r * n ^ k) {p : ℕ} :
    k ∣ r.factorization p := by
  rcases r with _ | r
  · simp
  have npow_nz : n ^ k ≠ 0 := fun npowz ↦ nnz (pow_eq_zero npowz)
  have eq1 : (m ^ k).factorization p = k * m.factorization p := by
    rw [factorization_pow']
  have eq2 : ((r + 1) * n ^ k).factorization p =
      k * n.factorization p + (r + 1).factorization p := by
    rw [factorization_mul' r.succ_ne_zero npow_nz, factorization_pow', add_comm]
  have : r.succ.factorization p = k * m.factorization p - k * n.factorization p := by
    rw [← eq1, pow_eq, eq2, add_comm, Nat.add_sub_cancel]
  rw [this]
  apply Nat.dvd_sub' <;>
  apply Nat.dvd_mul_right


",,True,60,MIL.C05_Elementary_Number_Theory.solutions.Solutions_S01_Irrational_Roots,Qwen-7B-long,LENGTH,best_of_n,False,0,0.0,t4,False
-1,False,13,"theorem t4 {m n k r : ℕ} (nnz : n ≠ 0) (pow_eq : m ^ k = r * n ^ k) {p : ℕ} :
    k ∣ r.factorization p := by
  rcases r with _ | r
  · simp
  have npow_nz : n ^ k ≠ 0 := fun npowz ↦ nnz (pow_eq_zero npowz)
  have eq1 : (m ^ k).factorization p = k * m.factorization p := by
    rw [factorization_pow']
  have eq2 : ((r + 1) * n ^ k).factorization p =
      k * n.factorization p + (r + 1).factorization p := by
    rw [factorization_mul' r.succ_ne_zero npow_nz, factorization_pow', add_comm]
  have : r.succ.factorization p = k * m.factorization p - k * n.factorization p := by
    rw [← eq1, pow_eq, eq2, add_comm, Nat.add_sub_cancel]
  rw [this]
  apply Nat.dvd_sub' <;>
  apply Nat.dvd_mul_right

",,True,13,"theorem t4 {m n k r : ℕ} (nnz : n ≠ 0) (pow_eq : m ^ k = r * n ^ k) {p : ℕ} :
    k ∣ r.factorization p := by
  rcases r with _ | r
  · simp
  have npow_nz : n ^ k ≠ 0 := fun npowz ↦ nnz (pow_eq_zero npowz)
  have eq1 : (m ^ k).factorization p = k * m.factorization p := by
    rw [factorization_pow']
  have eq2 : ((r + 1) * n ^ k).factorization p =
      k * n.factorization p + (r + 1).factorization p := by
    rw [factorization_mul' r.succ_ne_zero npow_nz, factorization_pow', add_comm]
  have : r.succ.factorization p = k * m.factorization p - k * n.factorization p := by
    rw [← eq1, pow_eq, eq2, add_comm, Nat.add_sub_cancel]
  rw [this]
  apply Nat.dvd_sub' <;>
  apply Nat.dvd_mul_right


",,True,60,MIL.C05_Elementary_Number_Theory.solutions.Solutions_S01_Irrational_Roots,Qwen-7B-long,LENGTH,best_of_n,False,0,0.0,t4,False
-1,False,13,"theorem t4 {m n k r : ℕ} (nnz : n ≠ 0) (pow_eq : m ^ k = r * n ^ k) {p : ℕ} :
    k ∣ r.factorization p := by
  rcases r with _ | r
  · simp
  have npow_nz : n ^ k ≠ 0 := fun npowz ↦ nnz (pow_eq_zero npowz)
  have eq1 : (m ^ k).factorization p = k * m.factorization p := by
    rw [factorization_pow']
  have eq2 : ((r + 1) * n ^ k).factorization p =
      k * n.factorization p + (r + 1).factorization p := by
    rw [factorization_mul' r.succ_ne_zero npow_nz, factorization_pow', add_comm]
  have : r.succ.factorization p = k * m.factorization p - k * n.factorization p := by
    rw [← eq1, pow_eq, eq2, add_comm, Nat.add_sub_cancel]
  rw [this]
  apply Nat.dvd_sub' <;>
  apply Nat.dvd_mul_right

",,True,13,"theorem t4 {m n k r : ℕ} (nnz : n ≠ 0) (pow_eq : m ^ k = r * n ^ k) {p : ℕ} :
    k ∣ r.factorization p := by
  rcases r with _ | r
  · simp
  have npow_nz : n ^ k ≠ 0 := fun npowz ↦ nnz (pow_eq_zero npowz)
  have eq1 : (m ^ k).factorization p = k * m.factorization p := by
    rw [factorization_pow']
  have eq2 : ((r + 1) * n ^ k).factorization p =
      k * n.factorization p + (r + 1).factorization p := by
    rw [factorization_mul' r.succ_ne_zero npow_nz, factorization_pow', add_comm]
  have : r.succ.factorization p = k * m.factorization p - k * n.factorization p := by
    rw [← eq1, pow_eq, eq2, add_comm, Nat.add_sub_cancel]
  rw [this]
  apply Nat.dvd_sub' <;>
  apply Nat.dvd_mul_right


",,True,60,MIL.C05_Elementary_Number_Theory.solutions.Solutions_S01_Irrational_Roots,Qwen-7B-long,LENGTH,best_of_n,False,0,0.0,t4,False
-1,False,13,"theorem t4 {m n k r : ℕ} (nnz : n ≠ 0) (pow_eq : m ^ k = r * n ^ k) {p : ℕ} :
    k ∣ r.factorization p := by
  rcases r with _ | r
  · simp
  have npow_nz : n ^ k ≠ 0 := fun npowz ↦ nnz (pow_eq_zero npowz)
  have eq1 : (m ^ k).factorization p = k * m.factorization p := by
    rw [factorization_pow']
  have eq2 : ((r + 1) * n ^ k).factorization p =
      k * n.factorization p + (r + 1).factorization p := by
    rw [factorization_mul' r.succ_ne_zero npow_nz, factorization_pow', add_comm]
  have : r.succ.factorization p = k * m.factorization p - k * n.factorization p := by
    rw [← eq1, pow_eq, eq2, add_comm, Nat.add_sub_cancel]
  rw [this]
  apply Nat.dvd_sub' <;>
  apply Nat.dvd_mul_right

",,True,-1,"theorem t4 {m n k r : ℕ} (nnz : n ≠ 0) (pow_eq : m ^ k = r * n ^ k) {p : ℕ} :
    k ∣ r.factorization p := by
  rcases r with _ | r
  · simp
  have : r ≠ 0 := Nat.factorization_pos p
  have : r.succ ≠ 0 := Nat.succ_ne_zero r.2
  have : n ^ k ≠ 0 := fun h ↦ h (pow_eq_zero h)
  have h1 : (r + 1) * n ^ k ≠ 0 := Nat.mul_ne_zero r.2.le h (pow_eq_zero h)
  have h2 : (r + 1) * n ^ k = r * n ^ k + n ^ k := by rw [Nat.mul_add]
  have h3 : (r * n ^ k).factorization p = k * (n ^ k).factorization p + r.factorization p := by
    apply factorization_mul' r.succ_ne_zero h.2, pow_eq, h2, add_comm
  have h4 : (r.succ * n ^ k).factorization p = k * (n ^ k).factorization p + r.succ.factorization p := by
    rw [← h3, pow_eq, add_comm, Nat.add_sub_cancel]
  rw [h4, r.succ_ne_zero r.2, tsub_eq_iff_left]
  apply Nat.dvd_sub' <;>
  apply Nat.dvd_mul_right

","💥️unknown constant 'Nat.factorization_pos'

💥️invalid projection, structure expected
  r
has type
  ℕ

💥️function expected at
  h
term has type
  n ^ k = 0

💥️invalid projection, structure expected
  r
has type
  ℕ

💥️unknown identifier 'h'

💥️unknown identifier 'h'

💥️tactic 'rewrite' failed, did not find instance of the pattern in the target expression
  ?n * (?m + ?k)
m n k : ℕ
nnz : n ≠ 0
p r : ℕ
pow_eq : m ^ k = (r + 1) * n ^ k
this✝¹ : r ≠ 0
this✝ : r.succ ≠ 0
this : n ^ k ≠ 0
h1 : (r + 1) * n ^ k ≠ 0
⊢ (r + 1) * n ^ k = r * n ^ k + n ^ k

💥️unknown identifier 'h'

💥️tactic 'apply' failed, failed to unify
  (r.succ * ?m.14550).factorization ?p = r.succ.factorization ?p + (Nat.factorization ?m.14550) ?p
with
  (r * n ^ k).factorization p = k * (n ^ k).factorization p + r.factorization p
m n k : ℕ
nnz : n ≠ 0
p r : ℕ
pow_eq : m ^ k = (r + 1) * n ^ k
this✝¹ : r ≠ 0
this✝ : r.succ ≠ 0
this : n ^ k ≠ 0
h1 : (r + 1) * n ^ k ≠ 0
h2 : (r + 1) * n ^ k = r * n ^ k + n ^ k
⊢ (r * n ^ k).factorization p = k * (n ^ k).factorization p + r.factorization p

💥️unsolved goals
case succ
m n k : ℕ
nnz : n ≠ 0
p r : ℕ
pow_eq : m ^ k = (r + 1) * n ^ k
this✝¹ : r ≠ 0
this✝ : r.succ ≠ 0
this : n ^ k ≠ 0
h1 : (r + 1) * n ^ k ≠ 0
h2 : (r + 1) * n ^ k = r * n ^ k + n ^ k
h3 : (r * n ^ k).factorization p = k * (n ^ k).factorization p + r.factorization p
⊢ k ∣ (r + 1).factorization p",False,60,MIL.C05_Elementary_Number_Theory.solutions.Solutions_S01_Irrational_Roots,Qwen-7B-long,LENGTH,best_of_n,False,0,-1.0,t4,False
-1,False,13,"theorem t4 {m n k r : ℕ} (nnz : n ≠ 0) (pow_eq : m ^ k = r * n ^ k) {p : ℕ} :
    k ∣ r.factorization p := by
  rcases r with _ | r
  · simp
  have npow_nz : n ^ k ≠ 0 := fun npowz ↦ nnz (pow_eq_zero npowz)
  have eq1 : (m ^ k).factorization p = k * m.factorization p := by
    rw [factorization_pow']
  have eq2 : ((r + 1) * n ^ k).factorization p =
      k * n.factorization p + (r + 1).factorization p := by
    rw [factorization_mul' r.succ_ne_zero npow_nz, factorization_pow', add_comm]
  have : r.succ.factorization p = k * m.factorization p - k * n.factorization p := by
    rw [← eq1, pow_eq, eq2, add_comm, Nat.add_sub_cancel]
  rw [this]
  apply Nat.dvd_sub' <;>
  apply Nat.dvd_mul_right

",,True,-1,"theorem t4 {m n k r : ℕ} (nnz : n ≠ 0) (pow_eq : m ^ k = r * n ^ k) : k ∣ r.factorization p := by
  rcases r with _ | r
  · simp
  have : r.succ.factorization p = k * (m.factorization p - n.factorization p) := by
    rw [← pow_eq.factorization p, add_comm]
    linear_combination pow_eq + congr(Pow.factorization p)
  rw [this]
  apply Nat.dvd_sub' <;> apply Nat.dvd_mul_right


","💥️invalid field 'factorization', the environment does not contain 'Eq.factorization'
  pow_eq
has type
  m ^ k = (r + 1) * n ^ k

💥️tactic 'rewrite' failed, equality or iff proof expected
  ?m.13424
p m n k : ℕ
nnz : n ≠ 0
r : ℕ
pow_eq : m ^ k = (r + 1) * n ^ k
⊢ r.succ.factorization p = k * (m.factorization p - n.factorization p)

💥️tactic 'apply' failed, failed to unify
  ?k ∣ ?m - ?n
with
  k ∣ k * (m.factorization p - n.factorization p)
case succ
p m n k : ℕ
nnz : n ≠ 0
r : ℕ
pow_eq : m ^ k = (r + 1) * n ^ k
this : r.succ.factorization p = k * (m.factorization p - n.factorization p)
⊢ k ∣ k * (m.factorization p - n.factorization p)",False,60,MIL.C05_Elementary_Number_Theory.solutions.Solutions_S01_Irrational_Roots,Qwen-7B-long,LENGTH,best_of_n,False,0,-1.0,t4,False
-1,False,13,"theorem t4 {m n k r : ℕ} (nnz : n ≠ 0) (pow_eq : m ^ k = r * n ^ k) {p : ℕ} :
    k ∣ r.factorization p := by
  rcases r with _ | r
  · simp
  have npow_nz : n ^ k ≠ 0 := fun npowz ↦ nnz (pow_eq_zero npowz)
  have eq1 : (m ^ k).factorization p = k * m.factorization p := by
    rw [factorization_pow']
  have eq2 : ((r + 1) * n ^ k).factorization p =
      k * n.factorization p + (r + 1).factorization p := by
    rw [factorization_mul' r.succ_ne_zero npow_nz, factorization_pow', add_comm]
  have : r.succ.factorization p = k * m.factorization p - k * n.factorization p := by
    rw [← eq1, pow_eq, eq2, add_comm, Nat.add_sub_cancel]
  rw [this]
  apply Nat.dvd_sub' <;>
  apply Nat.dvd_mul_right

",,True,13,"theorem t4 {m n k r : ℕ} (nnz : n ≠ 0) (pow_eq : m ^ k = r * n ^ k) {p : ℕ} :
    k ∣ r.factorization p := by
  rcases r with _ | r
  · simp
  have npow_nz : n ^ k ≠ 0 := fun npowz ↦ nnz (pow_eq_zero npowz)
  have eq1 : (m ^ k).factorization p = k * m.factorization p := by
    rw [factorization_pow']
  have eq2 : ((r + 1) * n ^ k).factorization p =
      k * n.factorization p + (r + 1).factorization p := by
    rw [factorization_mul' r.succ_ne_zero npow_nz, factorization_pow', add_comm]
  have : r.succ.factorization p = k * m.factorization p - k * n.factorization p := by
    rw [← eq1, pow_eq, eq2, add_comm, Nat.add_sub_cancel]
  rw [this]
  apply Nat.dvd_sub' <;>
  apply Nat.dvd_mul_right


",,True,60,MIL.C05_Elementary_Number_Theory.solutions.Solutions_S01_Irrational_Roots,Qwen-7B-long,LENGTH,best_of_n,False,0,0.0,t4,False
-1,False,13,"theorem t4 {m n k r : ℕ} (nnz : n ≠ 0) (pow_eq : m ^ k = r * n ^ k) {p : ℕ} :
    k ∣ r.factorization p := by
  rcases r with _ | r
  · simp
  have npow_nz : n ^ k ≠ 0 := fun npowz ↦ nnz (pow_eq_zero npowz)
  have eq1 : (m ^ k).factorization p = k * m.factorization p := by
    rw [factorization_pow']
  have eq2 : ((r + 1) * n ^ k).factorization p =
      k * n.factorization p + (r + 1).factorization p := by
    rw [factorization_mul' r.succ_ne_zero npow_nz, factorization_pow', add_comm]
  have : r.succ.factorization p = k * m.factorization p - k * n.factorization p := by
    rw [← eq1, pow_eq, eq2, add_comm, Nat.add_sub_cancel]
  rw [this]
  apply Nat.dvd_sub' <;>
  apply Nat.dvd_mul_right

",,True,-1,"theorem t4 {m n k r : ℕ} (nnz : n ≠ 0) (pow_eq : m ^ k = r * n ^ k) {p : ℕ} :
    k ∣ r.factorization p := by
  rcases r with _ | r
  · simp
  have npow_nz : n ^ k ≠ 0 := fun npowz ↦ nnz (pow_eq_zero npowz)
  have eq1 : (m ^ k).factorization p = k * m.factorization p := by
    rw [factorization_pow']
  have eq2 : ((r + 1) * n ^ k).factorization p =
      k * n.factorization p + (r + 1).factorization p := by
    rw [factorization_mul' r.succ_ne_zero npow_nz, factorization_pow', add_comm]
  have : r.succ.factorization p = k * m.factorization p - k * n.factorization p := by
    omega
  rw [this]
  apply Nat.dvd_sub' <;>
  apply Nat.dvd_mul_right


","💥️omega could not prove the goal:
a possible counterexample may satisfy the constraints
  g ≥ 1
  f ≥ 1
  e ≥ 0
  d ≥ 0
  d - e ≥ 1
  c ≥ 0
  b ≥ 0
  b + d ≥ 0
  b + c ≥ 0
  a ≥ 0
where
 a := ↑(r + 1) * ↑(n ^ k)
 b := ↑k * ↑(n.factorization p)
 c := ↑((r + 1).factorization p)
 d := ↑(k * m.factorization p - k * n.factorization p)
 e := ↑(r.succ.factorization p)
 f := ↑(n ^ k)
 g := ↑n",False,60,MIL.C05_Elementary_Number_Theory.solutions.Solutions_S01_Irrational_Roots,Qwen-7B-long,LENGTH,best_of_n,False,0,-1.0,t4,False
-1,False,13,"theorem t4 {m n k r : ℕ} (nnz : n ≠ 0) (pow_eq : m ^ k = r * n ^ k) {p : ℕ} :
    k ∣ r.factorization p := by
  rcases r with _ | r
  · simp
  have npow_nz : n ^ k ≠ 0 := fun npowz ↦ nnz (pow_eq_zero npowz)
  have eq1 : (m ^ k).factorization p = k * m.factorization p := by
    rw [factorization_pow']
  have eq2 : ((r + 1) * n ^ k).factorization p =
      k * n.factorization p + (r + 1).factorization p := by
    rw [factorization_mul' r.succ_ne_zero npow_nz, factorization_pow', add_comm]
  have : r.succ.factorization p = k * m.factorization p - k * n.factorization p := by
    rw [← eq1, pow_eq, eq2, add_comm, Nat.add_sub_cancel]
  rw [this]
  apply Nat.dvd_sub' <;>
  apply Nat.dvd_mul_right

",,True,-1,"theorem t4 {m n k r : ℕ} (nnz : n ≠ 0) (pow_eq : m ^ k = r * n ^ k) {p : ℕ} :
    k ∣ r.factorization p := by
  rcases r with _ | r
  · simp
  have : r ≠ 0 := by omega
  have npow_nz : n ^ k ≠ 0 := fun hp ↦ nnz hp
  have eq1 : (m ^ k).factorization p = k * m.factorization p := by
    rw [factorization_pow']
  have eq2 : ((r + 1) * n ^ k).factorization p =
      k * n.factorization p + (r + 1).factorization p := by
    rw [factorization_mul' r.succ_ne_zero npow_nz, factorization_pow', add_comm]
  have : r.succ.factorization p = k * m.factorization p - k * n.factorization p := by
    rw [← eq1, pow_eq, eq2, add_comm, Nat.add_sub_cancel]
  rw [this]
  apply Nat.dvd_sub' <;>
  apply Nat.dvd_mul_right


","💥️omega could not prove the goal:
a possible counterexample may satisfy the constraints
  b ≥ 1
  a ≥ 0
where
 a := ↑(r + 1) * ↑(n ^ k)
 b := ↑n

💥️application type mismatch
  nnz hp
argument
  hp
has type
  n ^ k = 0 : Prop
but is expected to have type
  n = 0 : Prop",False,60,MIL.C05_Elementary_Number_Theory.solutions.Solutions_S01_Irrational_Roots,Qwen-7B-long,LENGTH,best_of_n,False,0,-1.0,t4,False
-1,False,13,"theorem t4 {m n k r : ℕ} (nnz : n ≠ 0) (pow_eq : m ^ k = r * n ^ k) {p : ℕ} :
    k ∣ r.factorization p := by
  rcases r with _ | r
  · simp
  have npow_nz : n ^ k ≠ 0 := fun npowz ↦ nnz (pow_eq_zero npowz)
  have eq1 : (m ^ k).factorization p = k * m.factorization p := by
    rw [factorization_pow']
  have eq2 : ((r + 1) * n ^ k).factorization p =
      k * n.factorization p + (r + 1).factorization p := by
    rw [factorization_mul' r.succ_ne_zero npow_nz, factorization_pow', add_comm]
  have : r.succ.factorization p = k * m.factorization p - k * n.factorization p := by
    rw [← eq1, pow_eq, eq2, add_comm, Nat.add_sub_cancel]
  rw [this]
  apply Nat.dvd_sub' <;>
  apply Nat.dvd_mul_right

",,True,13,"theorem t4 {m n k r : ℕ} (nnz : n ≠ 0) (pow_eq : m ^ k = r * n ^ k) {p : ℕ} :
    k ∣ r.factorization p := by
  rcases r with _ | r
  · simp
  have npow_nz : n ^ k ≠ 0 := fun npowz ↦ nnz (pow_eq_zero npowz)
  have eq1 : (m ^ k).factorization p = k * m.factorization p := by
    rw [factorization_pow']
  have eq2 : ((r + 1) * n ^ k).factorization p =
      k * n.factorization p + (r + 1).factorization p := by
    rw [factorization_mul' r.succ_ne_zero npow_nz, factorization_pow', add_comm]
  have : r.succ.factorization p = k * m.factorization p - k * n.factorization p := by
    rw [← eq1, pow_eq, eq2, add_comm, Nat.add_sub_cancel]
  rw [this]
  apply Nat.dvd_sub' <;>
  apply Nat.dvd_mul_right


",,True,60,MIL.C05_Elementary_Number_Theory.solutions.Solutions_S01_Irrational_Roots,Qwen-7B-long,LENGTH,best_of_n,False,0,0.0,t4,False
-1,False,13,"theorem t4 {m n k r : ℕ} (nnz : n ≠ 0) (pow_eq : m ^ k = r * n ^ k) {p : ℕ} :
    k ∣ r.factorization p := by
  rcases r with _ | r
  · simp
  have npow_nz : n ^ k ≠ 0 := fun npowz ↦ nnz (pow_eq_zero npowz)
  have eq1 : (m ^ k).factorization p = k * m.factorization p := by
    rw [factorization_pow']
  have eq2 : ((r + 1) * n ^ k).factorization p =
      k * n.factorization p + (r + 1).factorization p := by
    rw [factorization_mul' r.succ_ne_zero npow_nz, factorization_pow', add_comm]
  have : r.succ.factorization p = k * m.factorization p - k * n.factorization p := by
    rw [← eq1, pow_eq, eq2, add_comm, Nat.add_sub_cancel]
  rw [this]
  apply Nat.dvd_sub' <;>
  apply Nat.dvd_mul_right

",,True,-1,"theorem t4 {m n k r : ℕ} (nnz : n ≠ 0) (pow_eq : m ^ k = r * n ^ k) {p : ℕ} :
    k ∣ r.factorization p := by
  rcases r with _ | r
  · simp
  have npow_nz : n ^ k ≠ 0 := fun powz ↦ pow_eq_zero ppowz
  rw [← (r.factorization p).sub' mul_dvd_mul_left (k * _)]
  linear_combination (eq : r + 1 = (r + 1) %ₗ k.factorization (r + 1)).reorder
    ((r + 1).pow_dvd_pow_left (r + 1).factorization p (k * ?_))
","💥️unknown identifier 'ppowz'

💥️invalid field 'sub'', the environment does not contain 'Nat.sub''
  r.factorization p
has type
  ℕ

💥️tactic 'rewrite' failed, equality or iff proof expected
  ?m.13994
case succ
m n k : ℕ
nnz : n ≠ 0
p r : ℕ
pow_eq : m ^ k = (r + 1) * n ^ k
npow_nz : n ^ k ≠ 0
⊢ k ∣ (r + 1).factorization p",False,60,MIL.C05_Elementary_Number_Theory.solutions.Solutions_S01_Irrational_Roots,Qwen-7B-long,LENGTH,best_of_n,False,0,-1.0,t4,False
-1,False,13,"theorem t4 {m n k r : ℕ} (nnz : n ≠ 0) (pow_eq : m ^ k = r * n ^ k) {p : ℕ} :
    k ∣ r.factorization p := by
  rcases r with _ | r
  · simp
  have npow_nz : n ^ k ≠ 0 := fun npowz ↦ nnz (pow_eq_zero npowz)
  have eq1 : (m ^ k).factorization p = k * m.factorization p := by
    rw [factorization_pow']
  have eq2 : ((r + 1) * n ^ k).factorization p =
      k * n.factorization p + (r + 1).factorization p := by
    rw [factorization_mul' r.succ_ne_zero npow_nz, factorization_pow', add_comm]
  have : r.succ.factorization p = k * m.factorization p - k * n.factorization p := by
    rw [← eq1, pow_eq, eq2, add_comm, Nat.add_sub_cancel]
  rw [this]
  apply Nat.dvd_sub' <;>
  apply Nat.dvd_mul_right

",,True,13,"theorem t4 {m n k r : ℕ} (nnz : n ≠ 0) (pow_eq : m ^ k = r * n ^ k) {p : ℕ} :
    k ∣ r.factorization p := by
  rcases r with _ | r
  · simp
  have npow_nz : n ^ k ≠ 0 := fun npowz ↦ nnz (pow_eq_zero npowz)
  have eq1 : (m ^ k).factorization p = k * m.factorization p := by
    rw [factorization_pow']
  have eq2 : ((r + 1) * n ^ k).factorization p =
      k * n.factorization p + (r + 1).factorization p := by
    rw [factorization_mul' r.succ_ne_zero npow_nz, factorization_pow', add_comm]
  have : r.succ.factorization p = k * m.factorization p - k * n.factorization p := by
    rw [← eq1, pow_eq, eq2, add_comm, Nat.add_sub_cancel]
  rw [this]
  apply Nat.dvd_sub' <;>
  apply Nat.dvd_mul_right


",,True,60,MIL.C05_Elementary_Number_Theory.solutions.Solutions_S01_Irrational_Roots,Qwen-7B-long,LENGTH,best_of_n,False,0,0.0,t4,False
-1,False,13,"theorem t4 {m n k r : ℕ} (nnz : n ≠ 0) (pow_eq : m ^ k = r * n ^ k) {p : ℕ} :
    k ∣ r.factorization p := by
  rcases r with _ | r
  · simp
  have npow_nz : n ^ k ≠ 0 := fun npowz ↦ nnz (pow_eq_zero npowz)
  have eq1 : (m ^ k).factorization p = k * m.factorization p := by
    rw [factorization_pow']
  have eq2 : ((r + 1) * n ^ k).factorization p =
      k * n.factorization p + (r + 1).factorization p := by
    rw [factorization_mul' r.succ_ne_zero npow_nz, factorization_pow', add_comm]
  have : r.succ.factorization p = k * m.factorization p - k * n.factorization p := by
    rw [← eq1, pow_eq, eq2, add_comm, Nat.add_sub_cancel]
  rw [this]
  apply Nat.dvd_sub' <;>
  apply Nat.dvd_mul_right

",,True,-1,"theorem t4 {m n k r : ℕ} (nnz : n ≠ 0) (pow_eq : m ^ k = r * n ^ k) {p : ℕ} :
    k ∣ r.factorization p := by
  rcases r with _ | r
  · simp
  have : r.succ ≠ 0 := r.succ_ne_zero
  have eq1 : (m ^ k).factorization p = k * m.factorization p := by
    rw [factorization_pow']
  have eq2 : ((r + 1) * n ^ k).factorization p =
      k * n.factorization p + (r + 1).factorization p := by
    rw [factorization_mul' r.succ_ne_zero, factorization_pow', add_comm]
  have : r.succ.factorization p = k * m.factorization p - k * n.factorization p := by
    rw [← eq1, pow_eq, eq2, add_comm, Nat.add_sub_cancel]
  rw [this]
  apply Nat.dvd_sub' <;>
  apply Nat.dvd_mul_right


","💥️unsolved goals
case nnez
m n k : ℕ
nnz : n ≠ 0
p r : ℕ
pow_eq : m ^ k = (r + 1) * n ^ k
this : r.succ ≠ 0
eq1 : (m ^ k).factorization p = k * m.factorization p
⊢ n ^ k ≠ 0",False,60,MIL.C05_Elementary_Number_Theory.solutions.Solutions_S01_Irrational_Roots,Qwen-7B-long,LENGTH,best_of_n,False,0,-1.0,t4,False
-1,False,13,"theorem t4 {m n k r : ℕ} (nnz : n ≠ 0) (pow_eq : m ^ k = r * n ^ k) {p : ℕ} :
    k ∣ r.factorization p := by
  rcases r with _ | r
  · simp
  have npow_nz : n ^ k ≠ 0 := fun npowz ↦ nnz (pow_eq_zero npowz)
  have eq1 : (m ^ k).factorization p = k * m.factorization p := by
    rw [factorization_pow']
  have eq2 : ((r + 1) * n ^ k).factorization p =
      k * n.factorization p + (r + 1).factorization p := by
    rw [factorization_mul' r.succ_ne_zero npow_nz, factorization_pow', add_comm]
  have : r.succ.factorization p = k * m.factorization p - k * n.factorization p := by
    rw [← eq1, pow_eq, eq2, add_comm, Nat.add_sub_cancel]
  rw [this]
  apply Nat.dvd_sub' <;>
  apply Nat.dvd_mul_right

",,True,-1,"theorem t4 {m n k r : ℕ} (nnz : n ≠ 0) (pow_eq : m ^ k = r * n ^ k) {p : ℕ} :
    k ∣ r.factorization p := by
  decide
","💥️expected type must not contain free variables
  k ∣ r.factorization p
Use the '+revert' option to automatically cleanup and revert free variables.",False,60,MIL.C05_Elementary_Number_Theory.solutions.Solutions_S01_Irrational_Roots,Qwen-7B-long,LENGTH,best_of_n,False,0,-1.0,t4,False
-1,False,13,"theorem t4 {m n k r : ℕ} (nnz : n ≠ 0) (pow_eq : m ^ k = r * n ^ k) {p : ℕ} :
    k ∣ r.factorization p := by
  rcases r with _ | r
  · simp
  have npow_nz : n ^ k ≠ 0 := fun npowz ↦ nnz (pow_eq_zero npowz)
  have eq1 : (m ^ k).factorization p = k * m.factorization p := by
    rw [factorization_pow']
  have eq2 : ((r + 1) * n ^ k).factorization p =
      k * n.factorization p + (r + 1).factorization p := by
    rw [factorization_mul' r.succ_ne_zero npow_nz, factorization_pow', add_comm]
  have : r.succ.factorization p = k * m.factorization p - k * n.factorization p := by
    rw [← eq1, pow_eq, eq2, add_comm, Nat.add_sub_cancel]
  rw [this]
  apply Nat.dvd_sub' <;>
  apply Nat.dvd_mul_right

",,True,0,"/-!
### Theorem p4

`t4` is an inline variant of `t4 #align PD'`. It appears have the same name, but with `k` of type `nat` and a more general `pow_eq`.
`-/

theorem t4 {m n k r : ℕ} (nnz : n ≠ 0) (pow_eq : m ^ k = r * n ^ k) {p : ℕ} :
    k ∣ r.factorization p := by
  rcases r with _ | r
  · simp
  have npow_nz : n ^ k ≠ 0 := fun npowz ↦ nnz (pow_eq_zero npowz)
  have eq1 : (m ^ k).factorization p = k * m.factorization p := by
    rw [factorization_pow']
  have eq2 : ((r + 1) * n ^ k).factorization p =
      k * n.factorization p + (r + 1).factorization p := by
    rw [factorization_mul' r.succ_ne_zero npow_nz, factorization_pow', add_comm]
  have : r.succ.factorization p = k * m.factorization p - k * n.factorization p := by
    rw [← eq1, pow_eq, eq2, add_comm, Nat.add_sub_cancel]
  rw [this]
  apply Nat.dvd_sub' <;>
  apply Nat.dvd_mul_right


",,True,60,MIL.C05_Elementary_Number_Theory.solutions.Solutions_S01_Irrational_Roots,Qwen-7B-long,LENGTH,best_of_n,False,0,1.0,t4,False
-1,False,13,"theorem t4 {m n k r : ℕ} (nnz : n ≠ 0) (pow_eq : m ^ k = r * n ^ k) {p : ℕ} :
    k ∣ r.factorization p := by
  rcases r with _ | r
  · simp
  have npow_nz : n ^ k ≠ 0 := fun npowz ↦ nnz (pow_eq_zero npowz)
  have eq1 : (m ^ k).factorization p = k * m.factorization p := by
    rw [factorization_pow']
  have eq2 : ((r + 1) * n ^ k).factorization p =
      k * n.factorization p + (r + 1).factorization p := by
    rw [factorization_mul' r.succ_ne_zero npow_nz, factorization_pow', add_comm]
  have : r.succ.factorization p = k * m.factorization p - k * n.factorization p := by
    rw [← eq1, pow_eq, eq2, add_comm, Nat.add_sub_cancel]
  rw [this]
  apply Nat.dvd_sub' <;>
  apply Nat.dvd_mul_right

",,True,-1,"theorem t4 {m n k r : ℕ} (nnz : n ≠ 0) (pow_eq : m ^ k = r * n ^ k) {p : ℕ} :
    k ∣ r.factorization p := by
  rcases r with _ | r
  · simp
  have npow_nz : n ^ k ≠ 0 := fun npowz ↦ nnz (pow_eq_zero npowz)
  have eq1 : (m ^ k).factorization p = k * m.factorization p := by
    rw [factorization_pow']
  have eq2 : ((r + 1) * n ^ k).factorization p =
      k * n.factorization p + (r + 1).factorization p := by
    rw [factorization_mul' r.succ_ne_zero npow_nz, factorization_pow', add_comm]
  have : r.succ.factorization p = k * m.factorization p - k * n.factorization p := by
    rw [← eq1, pow_eq, eq2, add_comm, Nat.add_sub_cancel]
  rw [this, Nat.dvd_sub, Nat.dvd_mul_right]

","💥️tactic 'rewrite' failed, equality or iff proof expected
  ?m.14205 ∣ ?m.14206 - ?m.14207
case succ
m n k : ℕ
nnz : n ≠ 0
p r : ℕ
pow_eq : m ^ k = (r + 1) * n ^ k
npow_nz : n ^ k ≠ 0
eq1 : (m ^ k).factorization p = k * m.factorization p
eq2 : ((r + 1) * n ^ k).factorization p = k * n.factorization p + (r + 1).factorization p
this : r.succ.factorization p = k * m.factorization p - k * n.factorization p
⊢ k ∣ k * m.factorization p - k * n.factorization p",False,60,MIL.C05_Elementary_Number_Theory.solutions.Solutions_S01_Irrational_Roots,Qwen-7B-long,LENGTH,best_of_n,False,0,-1.0,t4,False
-1,False,13,"theorem t4 {m n k r : ℕ} (nnz : n ≠ 0) (pow_eq : m ^ k = r * n ^ k) {p : ℕ} :
    k ∣ r.factorization p := by
  rcases r with _ | r
  · simp
  have npow_nz : n ^ k ≠ 0 := fun npowz ↦ nnz (pow_eq_zero npowz)
  have eq1 : (m ^ k).factorization p = k * m.factorization p := by
    rw [factorization_pow']
  have eq2 : ((r + 1) * n ^ k).factorization p =
      k * n.factorization p + (r + 1).factorization p := by
    rw [factorization_mul' r.succ_ne_zero npow_nz, factorization_pow', add_comm]
  have : r.succ.factorization p = k * m.factorization p - k * n.factorization p := by
    rw [← eq1, pow_eq, eq2, add_comm, Nat.add_sub_cancel]
  rw [this]
  apply Nat.dvd_sub' <;>
  apply Nat.dvd_mul_right

",,True,-1,"theorem t4 {m n k r : ℕ} (nnz : n ≠ 0) (pow_eq : m ^ k = r * n ^ k) {p : ℕ} :
    k ∣ r.factorization p := by
  rw [← p, ← (this n).pow_k, ← (this m).pow_k, mul_assoc]
  exact this r.factorization p
","💥️tactic 'rewrite' failed, equality or iff proof expected
  ℕ
m n k r : ℕ
nnz : n ≠ 0
pow_eq : m ^ k = r * n ^ k
p : ℕ
⊢ k ∣ r.factorization p",False,60,MIL.C05_Elementary_Number_Theory.solutions.Solutions_S01_Irrational_Roots,Qwen-7B-long,LENGTH,best_of_n,False,0,-1.0,t4,False
-1,False,13,"theorem t4 {m n k r : ℕ} (nnz : n ≠ 0) (pow_eq : m ^ k = r * n ^ k) {p : ℕ} :
    k ∣ r.factorization p := by
  rcases r with _ | r
  · simp
  have npow_nz : n ^ k ≠ 0 := fun npowz ↦ nnz (pow_eq_zero npowz)
  have eq1 : (m ^ k).factorization p = k * m.factorization p := by
    rw [factorization_pow']
  have eq2 : ((r + 1) * n ^ k).factorization p =
      k * n.factorization p + (r + 1).factorization p := by
    rw [factorization_mul' r.succ_ne_zero npow_nz, factorization_pow', add_comm]
  have : r.succ.factorization p = k * m.factorization p - k * n.factorization p := by
    rw [← eq1, pow_eq, eq2, add_comm, Nat.add_sub_cancel]
  rw [this]
  apply Nat.dvd_sub' <;>
  apply Nat.dvd_mul_right

",,True,13,"theorem t4 {m n k r : ℕ} (nnz : n ≠ 0) (pow_eq : m ^ k = r * n ^ k) {p : ℕ} :
    k ∣ r.factorization p := by
  rcases r with _ | r
  · simp
  have npow_nz : n ^ k ≠ 0 := fun npowz ↦ nnz (pow_eq_zero npowz)
  have eq1 : (m ^ k).factorization p = k * m.factorization p := by
    rw [factorization_pow']
  have eq2 : ((r + 1) * n ^ k).factorization p =
      k * n.factorization p + (r + 1).factorization p := by
    rw [factorization_mul' r.succ_ne_zero npow_nz, factorization_pow', add_comm]
  have : r.succ.factorization p = k * m.factorization p - k * n.factorization p := by
    rw [← eq1, pow_eq, eq2, add_comm, Nat.add_sub_cancel]
  rw [this]
  apply Nat.dvd_sub' <;>
  apply Nat.dvd_mul_right


",,True,60,MIL.C05_Elementary_Number_Theory.solutions.Solutions_S01_Irrational_Roots,Qwen-7B-long,LENGTH,best_of_n,False,0,0.0,t4,False
-1,False,13,"theorem t4 {m n k r : ℕ} (nnz : n ≠ 0) (pow_eq : m ^ k = r * n ^ k) {p : ℕ} :
    k ∣ r.factorization p := by
  rcases r with _ | r
  · simp
  have npow_nz : n ^ k ≠ 0 := fun npowz ↦ nnz (pow_eq_zero npowz)
  have eq1 : (m ^ k).factorization p = k * m.factorization p := by
    rw [factorization_pow']
  have eq2 : ((r + 1) * n ^ k).factorization p =
      k * n.factorization p + (r + 1).factorization p := by
    rw [factorization_mul' r.succ_ne_zero npow_nz, factorization_pow', add_comm]
  have : r.succ.factorization p = k * m.factorization p - k * n.factorization p := by
    rw [← eq1, pow_eq, eq2, add_comm, Nat.add_sub_cancel]
  rw [this]
  apply Nat.dvd_sub' <;>
  apply Nat.dvd_mul_right

",,True,13,"theorem t4 {m n k r : ℕ} (nnz : n ≠ 0) (pow_eq : m ^ k = r * n ^ k) {p : ℕ} :
    k ∣ r.factorization p := by
  rcases r with _ | r
  · simp
  have npow_nz : n ^ k ≠ 0 := fun npowz ↦ nnz (pow_eq_zero npowz)
  have eq1 : (m ^ k).factorization p = k * m.factorization p := by
    rw [factorization_pow']
  have eq2 : ((r + 1) * n ^ k).factorization p =
      k * n.factorization p + (r + 1).factorization p := by
    rw [factorization_mul' r.succ_ne_zero npow_nz, factorization_pow', add_comm]
  have : r.succ.factorization p = k * m.factorization p - k * n.factorization p := by
    rw [← eq1, pow_eq, eq2, add_comm, Nat.add_sub_cancel]
  rw [this]
  apply Nat.dvd_sub' <;>
  apply Nat.dvd_mul_right


",,True,60,MIL.C05_Elementary_Number_Theory.solutions.Solutions_S01_Irrational_Roots,Qwen-7B-long,LENGTH,best_of_n,False,0,0.0,t4,False
-1,False,13,"theorem t4 {m n k r : ℕ} (nnz : n ≠ 0) (pow_eq : m ^ k = r * n ^ k) {p : ℕ} :
    k ∣ r.factorization p := by
  rcases r with _ | r
  · simp
  have npow_nz : n ^ k ≠ 0 := fun npowz ↦ nnz (pow_eq_zero npowz)
  have eq1 : (m ^ k).factorization p = k * m.factorization p := by
    rw [factorization_pow']
  have eq2 : ((r + 1) * n ^ k).factorization p =
      k * n.factorization p + (r + 1).factorization p := by
    rw [factorization_mul' r.succ_ne_zero npow_nz, factorization_pow', add_comm]
  have : r.succ.factorization p = k * m.factorization p - k * n.factorization p := by
    rw [← eq1, pow_eq, eq2, add_comm, Nat.add_sub_cancel]
  rw [this]
  apply Nat.dvd_sub' <;>
  apply Nat.dvd_mul_right

",,True,-1,"theorem t4 {m n k r : ℕ} (nnz : n ≠ 0) (pow_eq : m ^ k = r * n ^ k) {p : ℕ} :
    k ∣ r.factorization p := by
  rcases r with _ | r
  · simp
  have npow_nz : n ^ k ≠ 0 := fun npowz ↦ nnz (pow_eq_zero npowz)
  have : (m ^ k).factorization p = k * m.factorization p := by
    rw [factorization_pow']
  have : ((r + 1) * n ^ k).factorization p =
      k * n.factorization p + (r + 1).factorization p := by
    rw [factorization_mul' r.succ_ne_zero npow_nz, factorization_pow', add_comm]
  have : r.succ.factorization p = k * m.factorization p - k * n.factorization p := by
    rw [← , pow_eq, , add_comm, Nat.add_sub_cancel]
  rw [this]
  apply Nat.dvd_sub' <;>
  apply Nat.dvd_mul_right


","💥️unexpected token ','; expected term

💥️tactic 'rewrite' failed, equality or iff proof expected
  ?m.14146
m n k : ℕ
nnz : n ≠ 0
p r : ℕ
pow_eq : m ^ k = (r + 1) * n ^ k
npow_nz : n ^ k ≠ 0
this✝ : (m ^ k).factorization p = k * m.factorization p
this : ((r + 1) * n ^ k).factorization p = k * n.factorization p + (r + 1).factorization p
⊢ r.succ.factorization p = k * m.factorization p - k * n.factorization p

💥️unsolved goals
case succ
m n k : ℕ
nnz : n ≠ 0
p r : ℕ
pow_eq : m ^ k = (r + 1) * n ^ k
npow_nz : n ^ k ≠ 0
this✝¹ : (m ^ k).factorization p = k * m.factorization p
this✝ : ((r + 1) * n ^ k).factorization p = k * n.factorization p + (r + 1).factorization p
this : r.succ.factorization p = k * m.factorization p - k * n.factorization p
⊢ k ∣ (r + 1).factorization p",False,60,MIL.C05_Elementary_Number_Theory.solutions.Solutions_S01_Irrational_Roots,Qwen-7B-long,LENGTH,best_of_n,False,0,-1.0,t4,False
-1,False,13,"theorem t4 {m n k r : ℕ} (nnz : n ≠ 0) (pow_eq : m ^ k = r * n ^ k) {p : ℕ} :
    k ∣ r.factorization p := by
  rcases r with _ | r
  · simp
  have npow_nz : n ^ k ≠ 0 := fun npowz ↦ nnz (pow_eq_zero npowz)
  have eq1 : (m ^ k).factorization p = k * m.factorization p := by
    rw [factorization_pow']
  have eq2 : ((r + 1) * n ^ k).factorization p =
      k * n.factorization p + (r + 1).factorization p := by
    rw [factorization_mul' r.succ_ne_zero npow_nz, factorization_pow', add_comm]
  have : r.succ.factorization p = k * m.factorization p - k * n.factorization p := by
    rw [← eq1, pow_eq, eq2, add_comm, Nat.add_sub_cancel]
  rw [this]
  apply Nat.dvd_sub' <;>
  apply Nat.dvd_mul_right

",,True,-1,"theorem t4 {m n k r : ℕ} (nnz : n ≠ 0) (pow_eq : m ^ k = r * n ^ k) {p : ℕ} :
    k ∣ r.factorization p := by
  rcases r with _ | r
  · simp
  have npow_nz : n ^ k ≠ 0 := fun npowz ↦ nnz (pow_eq_zero npowz)
  have eq1 : (m ^ k).factorization p = k * m.factorization p := by
    rw [factorization_pow']
  have eq2 : ((r + 1) * n ^ k).factorization p =
      k * n.factorization p + (r + 1).factorization p := by
    rw [factorization_mul' r.succ_ne_zero npow_nz, factorization_pow', add_comm]
  have : r.succ.factorization p = k * m.factorization p - k * n.factorization p := by
    rw [← eq1, pow_eq, eq2, add_comm, Nat.add_sub_cancel]
  rw [this]
  refine Nat.dvd_sub' ?_ <| Nat.dvd_mul_right ?_
  · exact Nat.div_mul_right _ _ (by rwa [mul_comm])
  · exact Nat.mul_right_dvd_mul ?_
  · exact this


","💥️application type mismatch
  Nat.dvd_sub' ?m.14212 (Nat.dvd_mul_right ?m.14223)
argument
  Nat.dvd_mul_right ?m.14223
has type
  ∀ (b : ℕ), ?m.14223 ∣ ?m.14223 * b : Prop
but is expected to have type
  k ∣ k * n.factorization p : Prop

💥️unknown constant 'Nat.div_mul_right'

💥️no goals to be solved",False,60,MIL.C05_Elementary_Number_Theory.solutions.Solutions_S01_Irrational_Roots,Qwen-7B-long,LENGTH,best_of_n,False,0,-1.0,t4,False
-1,False,13,"theorem t4 {m n k r : ℕ} (nnz : n ≠ 0) (pow_eq : m ^ k = r * n ^ k) {p : ℕ} :
    k ∣ r.factorization p := by
  rcases r with _ | r
  · simp
  have npow_nz : n ^ k ≠ 0 := fun npowz ↦ nnz (pow_eq_zero npowz)
  have eq1 : (m ^ k).factorization p = k * m.factorization p := by
    rw [factorization_pow']
  have eq2 : ((r + 1) * n ^ k).factorization p =
      k * n.factorization p + (r + 1).factorization p := by
    rw [factorization_mul' r.succ_ne_zero npow_nz, factorization_pow', add_comm]
  have : r.succ.factorization p = k * m.factorization p - k * n.factorization p := by
    rw [← eq1, pow_eq, eq2, add_comm, Nat.add_sub_cancel]
  rw [this]
  apply Nat.dvd_sub' <;>
  apply Nat.dvd_mul_right

",,True,13,"theorem t4 {m n k r : ℕ} (nnz : n ≠ 0) (pow_eq : m ^ k = r * n ^ k) {p : ℕ} :
    k ∣ r.factorization p := by
  rcases r with _ | r
  · simp
  have npow_nz : n ^ k ≠ 0 := fun npowz ↦ nnz (pow_eq_zero npowz)
  have eq1 : (m ^ k).factorization p = k * m.factorization p := by
    rw [factorization_pow']
  have eq2 : ((r + 1) * n ^ k).factorization p =
      k * n.factorization p + (r + 1).factorization p := by
    rw [factorization_mul' r.succ_ne_zero npow_nz, factorization_pow', add_comm]
  have : r.succ.factorization p = k * m.factorization p - k * n.factorization p := by
    rw [← eq1, pow_eq, eq2, add_comm, Nat.add_sub_cancel]
  rw [this]
  apply Nat.dvd_sub' <;>
  apply Nat.dvd_mul_right


",,True,60,MIL.C05_Elementary_Number_Theory.solutions.Solutions_S01_Irrational_Roots,Qwen-7B-long,LENGTH,best_of_n,False,0,0.0,t4,False
-1,False,13,"theorem t4 {m n k r : ℕ} (nnz : n ≠ 0) (pow_eq : m ^ k = r * n ^ k) {p : ℕ} :
    k ∣ r.factorization p := by
  rcases r with _ | r
  · simp
  have npow_nz : n ^ k ≠ 0 := fun npowz ↦ nnz (pow_eq_zero npowz)
  have eq1 : (m ^ k).factorization p = k * m.factorization p := by
    rw [factorization_pow']
  have eq2 : ((r + 1) * n ^ k).factorization p =
      k * n.factorization p + (r + 1).factorization p := by
    rw [factorization_mul' r.succ_ne_zero npow_nz, factorization_pow', add_comm]
  have : r.succ.factorization p = k * m.factorization p - k * n.factorization p := by
    rw [← eq1, pow_eq, eq2, add_comm, Nat.add_sub_cancel]
  rw [this]
  apply Nat.dvd_sub' <;>
  apply Nat.dvd_mul_right

",,True,13,"theorem t4 {m n k r : ℕ} (nnz : n ≠ 0) (pow_eq : m ^ k = r * n ^ k) {p : ℕ} :
    k ∣ r.factorization p := by
  rcases r with _ | r
  · simp
  have npow_nz : n ^ k ≠ 0 := fun npowz ↦ nnz (pow_eq_zero npowz)
  have eq1 : (m ^ k).factorization p = k * m.factorization p := by
    rw [factorization_pow']
  have eq2 : ((r + 1) * n ^ k).factorization p =
      k * n.factorization p + (r + 1).factorization p := by
    rw [factorization_mul' r.succ_ne_zero npow_nz, factorization_pow', add_comm]
  have : r.succ.factorization p = k * m.factorization p - k * n.factorization p := by
    rw [← eq1, pow_eq, eq2, add_comm, Nat.add_sub_cancel]
  rw [this]
  apply Nat.dvd_sub' <;>
  apply Nat.dvd_mul_right
",,True,60,MIL.C05_Elementary_Number_Theory.solutions.Solutions_S01_Irrational_Roots,Qwen-7B-long,LENGTH,best_of_n,False,0,0.0,t4,False
-1,False,13,"theorem t4 {m n k r : ℕ} (nnz : n ≠ 0) (pow_eq : m ^ k = r * n ^ k) {p : ℕ} :
    k ∣ r.factorization p := by
  rcases r with _ | r
  · simp
  have npow_nz : n ^ k ≠ 0 := fun npowz ↦ nnz (pow_eq_zero npowz)
  have eq1 : (m ^ k).factorization p = k * m.factorization p := by
    rw [factorization_pow']
  have eq2 : ((r + 1) * n ^ k).factorization p =
      k * n.factorization p + (r + 1).factorization p := by
    rw [factorization_mul' r.succ_ne_zero npow_nz, factorization_pow', add_comm]
  have : r.succ.factorization p = k * m.factorization p - k * n.factorization p := by
    rw [← eq1, pow_eq, eq2, add_comm, Nat.add_sub_cancel]
  rw [this]
  apply Nat.dvd_sub' <;>
  apply Nat.dvd_mul_right

",,True,-1,"theorem t4 {m n k r : ℕ} (nnz : n ≠ 0) (pow_eq : m ^ k = r * n ^ k) {p : ℕ} :
    k ∣ r.factorization p := by
  rcases r with _ | r
  · simp
  have npow_nz : n ^ k ≠ 0 := fun npowz ↦ nnz (pow_eq_zero npowz)
  have eq1 : (m ^ k).factorization p = k * m.factorization p := by
    rw [factorization_pow']
  have eq2 : ((r + 1) * n ^ k).factorization p =
      k * n.factorization p + (r + 1).factorization p := by
    rw [factorization_mul' r.succ_ne_zero npow_nz, factorization_pow', add_comm]
  have : r.succ.factorization p = k * m.factorization p - k * n.factorization p := by
    rw [← eq1, pow_eq, eq2, add_comm, Nat.add_sub_cancel]
  rw [this]
  apply Nat.dvd_sub_right' <;>
  apply Nat.dvd_mul_right


",💥️unknown constant 'Nat.dvd_sub_right'',False,60,MIL.C05_Elementary_Number_Theory.solutions.Solutions_S01_Irrational_Roots,Qwen-7B-long,LENGTH,best_of_n,False,0,-1.0,t4,False
-1,False,13,"theorem t4 {m n k r : ℕ} (nnz : n ≠ 0) (pow_eq : m ^ k = r * n ^ k) {p : ℕ} :
    k ∣ r.factorization p := by
  rcases r with _ | r
  · simp
  have npow_nz : n ^ k ≠ 0 := fun npowz ↦ nnz (pow_eq_zero npowz)
  have eq1 : (m ^ k).factorization p = k * m.factorization p := by
    rw [factorization_pow']
  have eq2 : ((r + 1) * n ^ k).factorization p =
      k * n.factorization p + (r + 1).factorization p := by
    rw [factorization_mul' r.succ_ne_zero npow_nz, factorization_pow', add_comm]
  have : r.succ.factorization p = k * m.factorization p - k * n.factorization p := by
    rw [← eq1, pow_eq, eq2, add_comm, Nat.add_sub_cancel]
  rw [this]
  apply Nat.dvd_sub' <;>
  apply Nat.dvd_mul_right

",,True,13,"theorem t4 {m n k r : ℕ} (nnz : n ≠ 0) (pow_eq : m ^ k = r * n ^ k) {p : ℕ} :
    k ∣ r.factorization p := by
  rcases r with _ | r
  · simp
  have npow_nz : n ^ k ≠ 0 := fun npowz ↦ nnz (pow_eq_zero npowz)
  have eq1 : (m ^ k).factorization p = k * m.factorization p := by
    rw [factorization_pow']
  have eq2 : ((r + 1) * n ^ k).factorization p =
      k * n.factorization p + (r + 1).factorization p := by
    rw [factorization_mul' r.succ_ne_zero npow_nz, factorization_pow', add_comm]
  have : r.succ.factorization p = k * m.factorization p - k * n.factorization p := by
    rw [← eq1, pow_eq, eq2, add_comm, Nat.add_sub_cancel]
  rw [this]
  apply Nat.dvd_sub' <;>
  apply Nat.dvd_mul_right


",,True,60,MIL.C05_Elementary_Number_Theory.solutions.Solutions_S01_Irrational_Roots,Qwen-7B-long,LENGTH,best_of_n,False,0,0.0,t4,False
-1,False,13,"theorem t4 {m n k r : ℕ} (nnz : n ≠ 0) (pow_eq : m ^ k = r * n ^ k) {p : ℕ} :
    k ∣ r.factorization p := by
  rcases r with _ | r
  · simp
  have npow_nz : n ^ k ≠ 0 := fun npowz ↦ nnz (pow_eq_zero npowz)
  have eq1 : (m ^ k).factorization p = k * m.factorization p := by
    rw [factorization_pow']
  have eq2 : ((r + 1) * n ^ k).factorization p =
      k * n.factorization p + (r + 1).factorization p := by
    rw [factorization_mul' r.succ_ne_zero npow_nz, factorization_pow', add_comm]
  have : r.succ.factorization p = k * m.factorization p - k * n.factorization p := by
    rw [← eq1, pow_eq, eq2, add_comm, Nat.add_sub_cancel]
  rw [this]
  apply Nat.dvd_sub' <;>
  apply Nat.dvd_mul_right

",,True,-1,"theorem t4 {m n k r : ℕ} (nnz : n ≠ 0) (pow_eq : m ^ k = r * n ^ k) {p : ℕ} :
    k ∣ r.factorization p := by
  rcases r with _ | r
  · simp
  have : (m ^ k).factorization p = k * m.factorization p := by
    rw [factorization_pow', LinearNat.pow_ne_zero_iff]
  have : ((r + 1) * n ^ k).factorization p =
      k * n.factorization p + (r + 1).factorization p := by
    rw [factorization_mul', pow_ne_zero_of_ne_zero nnz, factorization_pow', add_comm]
  have : r.succ.factorization p = k * (m - n).factorization p := by omega
  rw [this]
  apply Nat.dvd_sub' <;>
  apply Nat.dvd_mul_right


","💥️unknown identifier 'LinearNat.pow_ne_zero_iff'

💥️tactic 'rewrite' failed, equality or iff proof expected
  ?m.13218
m n k : ℕ
nnz : n ≠ 0
p r : ℕ
pow_eq : m ^ k = (r + 1) * n ^ k
⊢ k * m.factorization p = k * m.factorization p

💥️unknown identifier 'pow_ne_zero_of_ne_zero'

💥️tactic 'rewrite' failed, equality or iff proof expected
  ?m.13618
m n k : ℕ
nnz : n ≠ 0
p r : ℕ
pow_eq : m ^ k = (r + 1) * n ^ k
this : (m ^ k).factorization p = k * m.factorization p
⊢ (r + 1).factorization p + (n ^ k).factorization p = k * n.factorization p + (r + 1).factorization p

💥️omega could not prove the goal:
a possible counterexample may satisfy the constraints
  g ≥ 1
  f ≥ 0
  e ≥ 0
  e - f ≥ 1
  d ≥ 0
  c ≥ 0
  c + d ≥ 0
  b ≥ 0
  a ≥ 0
where
 a := ↑(r + 1) * ↑(n ^ k)
 b := ↑k * ↑(m.factorization p)
 c := ↑k * ↑(n.factorization p)
 d := ↑((r + 1).factorization p)
 e := ↑k * ↑((m - n).factorization p)
 f := ↑(r.succ.factorization p)
 g := ↑n

💥️tactic 'apply' failed, failed to unify
  ?k ∣ ?m - ?n
with
  k ∣ k * (m - n).factorization p
case succ
m n k : ℕ
nnz : n ≠ 0
p r : ℕ
pow_eq : m ^ k = (r + 1) * n ^ k
this✝¹ : (m ^ k).factorization p = k * m.factorization p
this✝ : ((r + 1) * n ^ k).factorization p = k * n.factorization p + (r + 1).factorization p
this : r.succ.factorization p = k * (m - n).factorization p
⊢ k ∣ k * (m - n).factorization p",False,60,MIL.C05_Elementary_Number_Theory.solutions.Solutions_S01_Irrational_Roots,Qwen-7B-long,LENGTH,best_of_n,False,0,-1.0,t4,False
-1,False,13,"theorem t4 {m n k r : ℕ} (nnz : n ≠ 0) (pow_eq : m ^ k = r * n ^ k) {p : ℕ} :
    k ∣ r.factorization p := by
  rcases r with _ | r
  · simp
  have npow_nz : n ^ k ≠ 0 := fun npowz ↦ nnz (pow_eq_zero npowz)
  have eq1 : (m ^ k).factorization p = k * m.factorization p := by
    rw [factorization_pow']
  have eq2 : ((r + 1) * n ^ k).factorization p =
      k * n.factorization p + (r + 1).factorization p := by
    rw [factorization_mul' r.succ_ne_zero npow_nz, factorization_pow', add_comm]
  have : r.succ.factorization p = k * m.factorization p - k * n.factorization p := by
    rw [← eq1, pow_eq, eq2, add_comm, Nat.add_sub_cancel]
  rw [this]
  apply Nat.dvd_sub' <;>
  apply Nat.dvd_mul_right

",,True,-1,"theorem t4 {m n k r : ℕ} (nnz : n ≠ 0) (pow_eq : m ^ k = r * n ^ k) {p : ℕ} :
    k ∣ r.factorization p := by
  rcases r with _ | r
  · simp
  have npow_nz : n ^ k ≠ 0 := fun npowz ↦ nnz (pow_eq_zero npowz)
  have : (r + 1).factorization p = k * m.factorization p - k * n.factorization p := by
    linear_combination (eq_sub (eq_mul_of_dvd_right _ _))
  rw [this]
  apply Nat.dvd_sub' <;>
  apply Nat.dvd_mul_right


","💥️unknown identifier 'eq_sub'

💥️ring failed, ring expressions not equal
m n k : ℕ
nnz : n ≠ 0
p r : ℕ
pow_eq : m ^ k = (r + 1) * n ^ k
npow_nz : n ^ k ≠ 0
⊢ (r + 1).factorization p = k * m.factorization p - k * n.factorization p",False,60,MIL.C05_Elementary_Number_Theory.solutions.Solutions_S01_Irrational_Roots,Qwen-7B-long,LENGTH,best_of_n,False,0,-1.0,t4,False
-1,False,13,"theorem t4 {m n k r : ℕ} (nnz : n ≠ 0) (pow_eq : m ^ k = r * n ^ k) {p : ℕ} :
    k ∣ r.factorization p := by
  rcases r with _ | r
  · simp
  have npow_nz : n ^ k ≠ 0 := fun npowz ↦ nnz (pow_eq_zero npowz)
  have eq1 : (m ^ k).factorization p = k * m.factorization p := by
    rw [factorization_pow']
  have eq2 : ((r + 1) * n ^ k).factorization p =
      k * n.factorization p + (r + 1).factorization p := by
    rw [factorization_mul' r.succ_ne_zero npow_nz, factorization_pow', add_comm]
  have : r.succ.factorization p = k * m.factorization p - k * n.factorization p := by
    rw [← eq1, pow_eq, eq2, add_comm, Nat.add_sub_cancel]
  rw [this]
  apply Nat.dvd_sub' <;>
  apply Nat.dvd_mul_right

",,True,-1,"theorem t4 {m n k r : ℕ} (nnz : n ≠ 0) (pow_eq : m ^ k = r * n ^ k) {p : ℕ} :
    k ∣ r.factorization p := by
  rcases r with _ | r
  · simp
  have npow_nz : n ^ k ≠ 0 := fun npowz ↦ nnz (pow_eq_zero npowz)
  have eq1 : (m ^ k).factorization p = k * m.factorization p := by
    rw [factorization_pow']
  have eq2 : ((r + 1) * n ^ k).factorization p =
      k * n.factorization p + (r + 1).factorization p := by
    rw [factorization_mul' r.succ_ne_zero npow_nz, factorization_pow', add_comm]
  have : r.succ.factorization p = k * m.factorization p - k * n.factorization p := by
    linear_combination eq1 + eq2
  rw [this]
  apply Nat.dvd_sub' <;>
  apply Nat.dvd_mul_right


","💥️ring failed, ring expressions not equal
m n k : ℕ
nnz : n ≠ 0
p r : ℕ
pow_eq : m ^ k = (r + 1) * n ^ k
npow_nz : n ^ k ≠ 0
eq1 : (m ^ k).factorization p = k * m.factorization p
eq2 : ((r + 1) * n ^ k).factorization p = k * n.factorization p + (r + 1).factorization p
⊢ r.succ.factorization p * 2 + k * m.factorization p + k * n.factorization p =
    k * m.factorization p - k * n.factorization p + (m ^ k).factorization p + ((r + 1) * n ^ k).factorization p",False,60,MIL.C05_Elementary_Number_Theory.solutions.Solutions_S01_Irrational_Roots,Qwen-7B-long,LENGTH,best_of_n,False,0,-1.0,t4,False
-1,False,13,"theorem t4 {m n k r : ℕ} (nnz : n ≠ 0) (pow_eq : m ^ k = r * n ^ k) {p : ℕ} :
    k ∣ r.factorization p := by
  rcases r with _ | r
  · simp
  have npow_nz : n ^ k ≠ 0 := fun npowz ↦ nnz (pow_eq_zero npowz)
  have eq1 : (m ^ k).factorization p = k * m.factorization p := by
    rw [factorization_pow']
  have eq2 : ((r + 1) * n ^ k).factorization p =
      k * n.factorization p + (r + 1).factorization p := by
    rw [factorization_mul' r.succ_ne_zero npow_nz, factorization_pow', add_comm]
  have : r.succ.factorization p = k * m.factorization p - k * n.factorization p := by
    rw [← eq1, pow_eq, eq2, add_comm, Nat.add_sub_cancel]
  rw [this]
  apply Nat.dvd_sub' <;>
  apply Nat.dvd_mul_right

",,True,-1,"theorem t4 {m n k r : ℕ} (nnz : n ≠ 0) (pow_eq : m ^ k = r * n ^ k) {p : ℕ} :
    k ∣ r.factorization p := by
  rcases r with _ | r
  · simp
  have : r ≠ 0 := Nat.pos_of_ne_zero r.factorization p
  sgrind [pow_eq, this.factorization, this.mul, this.add]

","💥️unknown tactic

💥️application type mismatch
  Nat.pos_of_ne_zero r.factorization
argument
  r.factorization
has type
  ℕ →₀ ℕ : Type
but is expected to have type
  ?m.13044 ≠ 0 : Prop

💥️unsolved goals
case succ
m n k : ℕ
nnz : n ≠ 0
p r : ℕ
pow_eq : m ^ k = (r + 1) * n ^ k
this : r ≠ 0
⊢ k ∣ (r + 1).factorization p",False,60,MIL.C05_Elementary_Number_Theory.solutions.Solutions_S01_Irrational_Roots,Qwen-7B-long,LENGTH,best_of_n,False,0,-1.0,t4,False
-1,False,13,"theorem t4 {m n k r : ℕ} (nnz : n ≠ 0) (pow_eq : m ^ k = r * n ^ k) {p : ℕ} :
    k ∣ r.factorization p := by
  rcases r with _ | r
  · simp
  have npow_nz : n ^ k ≠ 0 := fun npowz ↦ nnz (pow_eq_zero npowz)
  have eq1 : (m ^ k).factorization p = k * m.factorization p := by
    rw [factorization_pow']
  have eq2 : ((r + 1) * n ^ k).factorization p =
      k * n.factorization p + (r + 1).factorization p := by
    rw [factorization_mul' r.succ_ne_zero npow_nz, factorization_pow', add_comm]
  have : r.succ.factorization p = k * m.factorization p - k * n.factorization p := by
    rw [← eq1, pow_eq, eq2, add_comm, Nat.add_sub_cancel]
  rw [this]
  apply Nat.dvd_sub' <;>
  apply Nat.dvd_mul_right

",,True,13,"theorem t4 {m n k r : ℕ} (nnz : n ≠ 0) (pow_eq : m ^ k = r * n ^ k) {p : ℕ} :
    k ∣ r.factorization p := by
  rcases r with _ | r
  · simp
  have npow_nz : n ^ k ≠ 0 := fun npowz ↦ nnz (pow_eq_zero npowz)
  have eq1 : (m ^ k).factorization p = k * m.factorization p := by
    rw [factorization_pow']
  have eq2 : ((r + 1) * n ^ k).factorization p =
      k * n.factorization p + (r + 1).factorization p := by
    rw [factorization_mul' r.succ_ne_zero npow_nz, factorization_pow', add_comm]
  have : r.succ.factorization p = k * m.factorization p - k * n.factorization p := by
    rw [← eq1, pow_eq, eq2, add_comm, Nat.add_sub_cancel]
  rw [this]
  apply Nat.dvd_sub' <;>
  apply Nat.dvd_mul_right


",,True,60,MIL.C05_Elementary_Number_Theory.solutions.Solutions_S01_Irrational_Roots,Qwen-7B-long,LENGTH,best_of_n,False,0,0.0,t4,False
-1,False,13,"theorem t4 {m n k r : ℕ} (nnz : n ≠ 0) (pow_eq : m ^ k = r * n ^ k) {p : ℕ} :
    k ∣ r.factorization p := by
  rcases r with _ | r
  · simp
  have npow_nz : n ^ k ≠ 0 := fun npowz ↦ nnz (pow_eq_zero npowz)
  have eq1 : (m ^ k).factorization p = k * m.factorization p := by
    rw [factorization_pow']
  have eq2 : ((r + 1) * n ^ k).factorization p =
      k * n.factorization p + (r + 1).factorization p := by
    rw [factorization_mul' r.succ_ne_zero npow_nz, factorization_pow', add_comm]
  have : r.succ.factorization p = k * m.factorization p - k * n.factorization p := by
    rw [← eq1, pow_eq, eq2, add_comm, Nat.add_sub_cancel]
  rw [this]
  apply Nat.dvd_sub' <;>
  apply Nat.dvd_mul_right

",,True,13,"theorem t4 {m n k r : ℕ} (nnz : n ≠ 0) (pow_eq : m ^ k = r * n ^ k) {p : ℕ} :
    k ∣ r.factorization p := by
  rcases r with _ | r
  · simp
  have npow_nz : n ^ k ≠ 0 := fun npowz ↦ nnz (pow_eq_zero npowz)
  have eq1 : (m ^ k).factorization p = k * m.factorization p := by
    rw [factorization_pow']
  have eq2 : ((r + 1) * n ^ k).factorization p =
      k * n.factorization p + (r + 1).factorization p := by
    rw [factorization_mul' r.succ_ne_zero npow_nz, factorization_pow', add_comm]
  have : r.succ.factorization p = k * m.factorization p - k * n.factorization p := by
    rw [← eq1, pow_eq, eq2, add_comm, Nat.add_sub_cancel]
  rw [this]
  apply Nat.dvd_sub' <;>
  apply Nat.dvd_mul_right


",,True,60,MIL.C05_Elementary_Number_Theory.solutions.Solutions_S01_Irrational_Roots,Qwen-7B-long,LENGTH,best_of_n,False,0,0.0,t4,False
-1,False,13,"theorem t4 {m n k r : ℕ} (nnz : n ≠ 0) (pow_eq : m ^ k = r * n ^ k) {p : ℕ} :
    k ∣ r.factorization p := by
  rcases r with _ | r
  · simp
  have npow_nz : n ^ k ≠ 0 := fun npowz ↦ nnz (pow_eq_zero npowz)
  have eq1 : (m ^ k).factorization p = k * m.factorization p := by
    rw [factorization_pow']
  have eq2 : ((r + 1) * n ^ k).factorization p =
      k * n.factorization p + (r + 1).factorization p := by
    rw [factorization_mul' r.succ_ne_zero npow_nz, factorization_pow', add_comm]
  have : r.succ.factorization p = k * m.factorization p - k * n.factorization p := by
    rw [← eq1, pow_eq, eq2, add_comm, Nat.add_sub_cancel]
  rw [this]
  apply Nat.dvd_sub' <;>
  apply Nat.dvd_mul_right

",,True,-1,"theorem t4 {m n k r : ℕ} (nnz : n ≠ 0) (pow_eq : m ^ k = r * n ^ k) {p : ℕ} :
    k ∣ r.factorization p := by
  rcases r with _ | r
  · simp
  have : r.succ.factorization p = k * m.factorization p - k * n.factorization p := by
    rw [pow_eq, ← eq1, eq2, add_comm, Nat.add_sub_cancel]
  linear_combination this
","💥️tactic 'rewrite' failed, did not find instance of the pattern in the target expression
  m ^ k
m n k : ℕ
nnz : n ≠ 0
p r : ℕ
pow_eq : m ^ k = (r + 1) * n ^ k
⊢ r.succ.factorization p = k * m.factorization p - k * n.factorization p

💥️Not a comparison: k ∣ (r + 1).factorization p",False,60,MIL.C05_Elementary_Number_Theory.solutions.Solutions_S01_Irrational_Roots,Qwen-7B-long,LENGTH,best_of_n,False,0,-1.0,t4,False
-1,False,13,"theorem t4 {m n k r : ℕ} (nnz : n ≠ 0) (pow_eq : m ^ k = r * n ^ k) {p : ℕ} :
    k ∣ r.factorization p := by
  rcases r with _ | r
  · simp
  have npow_nz : n ^ k ≠ 0 := fun npowz ↦ nnz (pow_eq_zero npowz)
  have eq1 : (m ^ k).factorization p = k * m.factorization p := by
    rw [factorization_pow']
  have eq2 : ((r + 1) * n ^ k).factorization p =
      k * n.factorization p + (r + 1).factorization p := by
    rw [factorization_mul' r.succ_ne_zero npow_nz, factorization_pow', add_comm]
  have : r.succ.factorization p = k * m.factorization p - k * n.factorization p := by
    rw [← eq1, pow_eq, eq2, add_comm, Nat.add_sub_cancel]
  rw [this]
  apply Nat.dvd_sub' <;>
  apply Nat.dvd_mul_right

",,True,-1,"theorem t4 {m n k r : ℕ} (nnz : n ≠ 0) (pow_eq : m ^ k = r * n ^ k) {p : ℕ} :
    k ∣ r.factorization p := by
  rcases r with _ | r
  · simp
  have : r.succ.factorization p = k * m.factorization p - k * n.factorization p := by
    rw [pow_eq, factorization_pow', factorization_mul', add_comm, Nat.add_sub_cancel]
  apply Nat.dvd_sub' <;>
  apply Nat.dvd_mul_right


","💥️tactic 'rewrite' failed, did not find instance of the pattern in the target expression
  m ^ k
m n k : ℕ
nnz : n ≠ 0
p r : ℕ
pow_eq : m ^ k = (r + 1) * n ^ k
⊢ r.succ.factorization p = k * m.factorization p - k * n.factorization p

💥️tactic 'apply' failed, failed to unify
  ?k ∣ ?m - ?n
with
  k ∣ (r + 1).factorization p
case succ
m n k : ℕ
nnz : n ≠ 0
p r : ℕ
pow_eq : m ^ k = (r + 1) * n ^ k
this : r.succ.factorization p = k * m.factorization p - k * n.factorization p
⊢ k ∣ (r + 1).factorization p",False,60,MIL.C05_Elementary_Number_Theory.solutions.Solutions_S01_Irrational_Roots,Qwen-7B-long,LENGTH,best_of_n,False,0,-1.0,t4,False
-1,False,13,"theorem t4 {m n k r : ℕ} (nnz : n ≠ 0) (pow_eq : m ^ k = r * n ^ k) {p : ℕ} :
    k ∣ r.factorization p := by
  rcases r with _ | r
  · simp
  have npow_nz : n ^ k ≠ 0 := fun npowz ↦ nnz (pow_eq_zero npowz)
  have eq1 : (m ^ k).factorization p = k * m.factorization p := by
    rw [factorization_pow']
  have eq2 : ((r + 1) * n ^ k).factorization p =
      k * n.factorization p + (r + 1).factorization p := by
    rw [factorization_mul' r.succ_ne_zero npow_nz, factorization_pow', add_comm]
  have : r.succ.factorization p = k * m.factorization p - k * n.factorization p := by
    rw [← eq1, pow_eq, eq2, add_comm, Nat.add_sub_cancel]
  rw [this]
  apply Nat.dvd_sub' <;>
  apply Nat.dvd_mul_right

",,True,13,"theorem t4 {m n k r : ℕ} (nnz : n ≠ 0) (pow_eq : m ^ k = r * n ^ k) {p : ℕ} :
    k ∣ r.factorization p := by
  rcases r with _ | r
  · simp
  have npow_nz : n ^ k ≠ 0 := fun npowz ↦ nnz (pow_eq_zero npowz)
  have eq1 : (m ^ k).factorization p = k * m.factorization p := by
    rw [factorization_pow']
  have eq2 : ((r + 1) * n ^ k).factorization p =
      k * n.factorization p + (r + 1).factorization p := by
    rw [factorization_mul' r.succ_ne_zero npow_nz, factorization_pow', add_comm]
  have : r.succ.factorization p = k * m.factorization p - k * n.factorization p := by
    rw [← eq1, pow_eq, eq2, add_comm, Nat.add_sub_cancel]
  rw [this]
  apply Nat.dvd_sub' <;>
  apply Nat.dvd_mul_right


",,True,60,MIL.C05_Elementary_Number_Theory.solutions.Solutions_S01_Irrational_Roots,Qwen-7B-long,LENGTH,best_of_n,False,0,0.0,t4,False
-1,False,13,"theorem t4 {m n k r : ℕ} (nnz : n ≠ 0) (pow_eq : m ^ k = r * n ^ k) {p : ℕ} :
    k ∣ r.factorization p := by
  rcases r with _ | r
  · simp
  have npow_nz : n ^ k ≠ 0 := fun npowz ↦ nnz (pow_eq_zero npowz)
  have eq1 : (m ^ k).factorization p = k * m.factorization p := by
    rw [factorization_pow']
  have eq2 : ((r + 1) * n ^ k).factorization p =
      k * n.factorization p + (r + 1).factorization p := by
    rw [factorization_mul' r.succ_ne_zero npow_nz, factorization_pow', add_comm]
  have : r.succ.factorization p = k * m.factorization p - k * n.factorization p := by
    rw [← eq1, pow_eq, eq2, add_comm, Nat.add_sub_cancel]
  rw [this]
  apply Nat.dvd_sub' <;>
  apply Nat.dvd_mul_right

",,True,-1," Pacificay                              #2234
	and-------------
-     · simp
-     · omega
","💥️unexpected identifier; expected command

💥️tabs are not allowed; please configure your editor to expand them

💥️elaboration function for 'num' has not been implemented",False,60,MIL.C05_Elementary_Number_Theory.solutions.Solutions_S01_Irrational_Roots,Qwen-7B-long,LENGTH,best_of_n,False,0,-1.0,t4,False
-1,False,13,"theorem t4 {m n k r : ℕ} (nnz : n ≠ 0) (pow_eq : m ^ k = r * n ^ k) {p : ℕ} :
    k ∣ r.factorization p := by
  rcases r with _ | r
  · simp
  have npow_nz : n ^ k ≠ 0 := fun npowz ↦ nnz (pow_eq_zero npowz)
  have eq1 : (m ^ k).factorization p = k * m.factorization p := by
    rw [factorization_pow']
  have eq2 : ((r + 1) * n ^ k).factorization p =
      k * n.factorization p + (r + 1).factorization p := by
    rw [factorization_mul' r.succ_ne_zero npow_nz, factorization_pow', add_comm]
  have : r.succ.factorization p = k * m.factorization p - k * n.factorization p := by
    rw [← eq1, pow_eq, eq2, add_comm, Nat.add_sub_cancel]
  rw [this]
  apply Nat.dvd_sub' <;>
  apply Nat.dvd_mul_right

",,True,13,"theorem t4 {m n k r : ℕ} (nnz : n ≠ 0) (pow_eq : m ^ k = r * n ^ k) {p : ℕ} :
    k ∣ r.factorization p := by
  rcases r with _ | r
  · simp
  have npow_nz : n ^ k ≠ 0 := fun npowz ↦ nnz (pow_eq_zero npowz)
  have eq1 : (m ^ k).factorization p = k * m.factorization p := by
    rw [factorization_pow']
  have eq2 : ((r + 1) * n ^ k).factorization p =
      k * n.factorization p + (r + 1).factorization p := by
    rw [factorization_mul' r.succ_ne_zero npow_nz, factorization_pow', add_comm]
  have : r.succ.factorization p = k * m.factorization p - k * n.factorization p := by
    rw [← eq1, pow_eq, eq2, add_comm, Nat.add_sub_cancel]
  rw [this]
  apply Nat.dvd_sub' <;>
  apply Nat.dvd_mul_right


",,True,60,MIL.C05_Elementary_Number_Theory.solutions.Solutions_S01_Irrational_Roots,Qwen-7B-long,LENGTH,best_of_n,False,0,0.0,t4,False
-1,False,13,"theorem t4 {m n k r : ℕ} (nnz : n ≠ 0) (pow_eq : m ^ k = r * n ^ k) {p : ℕ} :
    k ∣ r.factorization p := by
  rcases r with _ | r
  · simp
  have npow_nz : n ^ k ≠ 0 := fun npowz ↦ nnz (pow_eq_zero npowz)
  have eq1 : (m ^ k).factorization p = k * m.factorization p := by
    rw [factorization_pow']
  have eq2 : ((r + 1) * n ^ k).factorization p =
      k * n.factorization p + (r + 1).factorization p := by
    rw [factorization_mul' r.succ_ne_zero npow_nz, factorization_pow', add_comm]
  have : r.succ.factorization p = k * m.factorization p - k * n.factorization p := by
    rw [← eq1, pow_eq, eq2, add_comm, Nat.add_sub_cancel]
  rw [this]
  apply Nat.dvd_sub' <;>
  apply Nat.dvd_mul_right

",,True,-1,"theorem t4 {m n k r : ℕ} (nnz : n ≠ 0) (pow_eq : m ^ k = r * n ^ k) {p : ℕ} :
    k ∣ r.factorization p := by
  -- We have three cases depending on whether r is zero, one, or greater than one.
  rcases r with _ | r
  · simp
  have : r + 1 ≠ 0 := r.succ_ne_zero; have : r + 1 ≠ 0 := r.succ_ne_zero
  · rw [pow_eq]
    apply t4_of_mul
  · rw [pow_eq]
    apply t4_of_mul


","💥️tactic 'rewrite' failed, did not find instance of the pattern in the target expression
  m ^ k
case succ
m n k : ℕ
nnz : n ≠ 0
p r : ℕ
pow_eq : m ^ k = (r + 1) * n ^ k
this✝ this : r + 1 ≠ 0
⊢ k ∣ (r + 1).factorization p

💥️no goals to be solved",False,60,MIL.C05_Elementary_Number_Theory.solutions.Solutions_S01_Irrational_Roots,Qwen-7B-long,LENGTH,best_of_n,False,0,-1.0,t4,False
-1,False,13,"theorem t4 {m n k r : ℕ} (nnz : n ≠ 0) (pow_eq : m ^ k = r * n ^ k) {p : ℕ} :
    k ∣ r.factorization p := by
  rcases r with _ | r
  · simp
  have npow_nz : n ^ k ≠ 0 := fun npowz ↦ nnz (pow_eq_zero npowz)
  have eq1 : (m ^ k).factorization p = k * m.factorization p := by
    rw [factorization_pow']
  have eq2 : ((r + 1) * n ^ k).factorization p =
      k * n.factorization p + (r + 1).factorization p := by
    rw [factorization_mul' r.succ_ne_zero npow_nz, factorization_pow', add_comm]
  have : r.succ.factorization p = k * m.factorization p - k * n.factorization p := by
    rw [← eq1, pow_eq, eq2, add_comm, Nat.add_sub_cancel]
  rw [this]
  apply Nat.dvd_sub' <;>
  apply Nat.dvd_mul_right

",,True,-1,"Ann: t4 needs to be proven using an Aesop tactic.
theorem t4 {m n k r : ℕ} (nnz : n ≠ 0) (pow_eq : m ^ k = r * n ^ k) {p : ℕ} :
    k ∣ r.factorization p := by
  rcases r with _ | r
  · simp
  have npow_nz : n ^ k ≠ 0 := fun npowz ↦ nnz (pow_eq_zero npowz)
  have eq1 : (m ^ k).factorization p = k * m.factorization p := by
    rw [factorization_pow']
  have eq2 : ((r + 1) * n ^ k).factorization p =
      k * n.factorization p + (r + 1).factorization p := by
    rw [factorization_mul' r.succ_ne_zero npow_nz, factorization_pow', add_comm]
  have : r.succ.factorization p = k * m.factorization p - k * n.factorization p := by
    rw [← eq1, pow_eq, eq2, add_comm, Nat.add_sub_cancel]
  rw [this]
  apply Nat.dvd_sub' <;>
  apply Nat.dvd_mul_right


",💥️unexpected identifier; expected command,False,60,MIL.C05_Elementary_Number_Theory.solutions.Solutions_S01_Irrational_Roots,Qwen-7B-long,LENGTH,best_of_n,False,0,-1.0,t4,False
-1,False,13,"theorem t4 {m n k r : ℕ} (nnz : n ≠ 0) (pow_eq : m ^ k = r * n ^ k) {p : ℕ} :
    k ∣ r.factorization p := by
  rcases r with _ | r
  · simp
  have npow_nz : n ^ k ≠ 0 := fun npowz ↦ nnz (pow_eq_zero npowz)
  have eq1 : (m ^ k).factorization p = k * m.factorization p := by
    rw [factorization_pow']
  have eq2 : ((r + 1) * n ^ k).factorization p =
      k * n.factorization p + (r + 1).factorization p := by
    rw [factorization_mul' r.succ_ne_zero npow_nz, factorization_pow', add_comm]
  have : r.succ.factorization p = k * m.factorization p - k * n.factorization p := by
    rw [← eq1, pow_eq, eq2, add_comm, Nat.add_sub_cancel]
  rw [this]
  apply Nat.dvd_sub' <;>
  apply Nat.dvd_mul_right

",,True,13,"theorem t4 {m n k r : ℕ} (nnz : n ≠ 0) (pow_eq : m ^ k = r * n ^ k) {p : ℕ} :
    k ∣ r.factorization p := by
  rcases r with _ | r
  · simp
  have npow_nz : n ^ k ≠ 0 := fun npowz ↦ nnz (pow_eq_zero npowz)
  have eq1 : (m ^ k).factorization p = k * m.factorization p := by
    rw [factorization_pow']
  have eq2 : ((r + 1) * n ^ k).factorization p =
      k * n.factorization p + (r + 1).factorization p := by
    rw [factorization_mul' r.succ_ne_zero npow_nz, factorization_pow', add_comm]
  have : r.succ.factorization p = k * m.factorization p - k * n.factorization p := by
    rw [← eq1, pow_eq, eq2, add_comm, Nat.add_sub_cancel]
  rw [this]
  apply Nat.dvd_sub' <;>
  apply Nat.dvd_mul_right


",,True,60,MIL.C05_Elementary_Number_Theory.solutions.Solutions_S01_Irrational_Roots,Qwen-7B-long,LENGTH,best_of_n,False,0,0.0,t4,False
-1,False,13,"theorem t4 {m n k r : ℕ} (nnz : n ≠ 0) (pow_eq : m ^ k = r * n ^ k) {p : ℕ} :
    k ∣ r.factorization p := by
  rcases r with _ | r
  · simp
  have npow_nz : n ^ k ≠ 0 := fun npowz ↦ nnz (pow_eq_zero npowz)
  have eq1 : (m ^ k).factorization p = k * m.factorization p := by
    rw [factorization_pow']
  have eq2 : ((r + 1) * n ^ k).factorization p =
      k * n.factorization p + (r + 1).factorization p := by
    rw [factorization_mul' r.succ_ne_zero npow_nz, factorization_pow', add_comm]
  have : r.succ.factorization p = k * m.factorization p - k * n.factorization p := by
    rw [← eq1, pow_eq, eq2, add_comm, Nat.add_sub_cancel]
  rw [this]
  apply Nat.dvd_sub' <;>
  apply Nat.dvd_mul_right

",,True,-1,"#align t4 t4

theorem t4 {m n k r : ℕ} (nnz : n ≠ 0) (pow_eq : m ^ k = r * n ^ k) {p : ℕ} :
    k ∣ r.factorization p := by
  rcases r with _ | r
  · simp
  have npow_nz : n ^ k ≠ 0 := fun npowz ↦ nnz (pow_eq_zero npowz)
  have eq1 : (m ^ k).factorization p = k * m.factorization p := by
    rw [factorization_pow']
  have eq2 : ((r + 1) * n ^ k).factorization p =
      k * n.factorization p + (r + 1).factorization p := by
    rw [factorization_mul' r.succ_ne_zero npow_nz, factorization_pow', add_comm]
  have : r.succ.factorization p = k * m.factorization p - k * n.factorization p := by
    rw [← eq1, pow_eq, eq2, add_comm, Nat.add_sub_cancel]
  rw [this]
  apply Nat.dvd_sub' <;>
  apply Nat.dvd_mul_right


",💥️unexpected token '#'; expected command,False,60,MIL.C05_Elementary_Number_Theory.solutions.Solutions_S01_Irrational_Roots,Qwen-7B-long,LENGTH,best_of_n,False,0,-1.0,t4,False
-1,False,13,"theorem t4 {m n k r : ℕ} (nnz : n ≠ 0) (pow_eq : m ^ k = r * n ^ k) {p : ℕ} :
    k ∣ r.factorization p := by
  rcases r with _ | r
  · simp
  have npow_nz : n ^ k ≠ 0 := fun npowz ↦ nnz (pow_eq_zero npowz)
  have eq1 : (m ^ k).factorization p = k * m.factorization p := by
    rw [factorization_pow']
  have eq2 : ((r + 1) * n ^ k).factorization p =
      k * n.factorization p + (r + 1).factorization p := by
    rw [factorization_mul' r.succ_ne_zero npow_nz, factorization_pow', add_comm]
  have : r.succ.factorization p = k * m.factorization p - k * n.factorization p := by
    rw [← eq1, pow_eq, eq2, add_comm, Nat.add_sub_cancel]
  rw [this]
  apply Nat.dvd_sub' <;>
  apply Nat.dvd_mul_right

",,True,-1,"theorem t4 {m n k r : ℕ} (nnz : n ≠ 0) (pow_eq : m ^ k = r * n ^ k) {p : ℕ} :
    k ∣ r.factorization p := by
  rcases r with _ | r
  · simp
  have npow_nz : n ^ k ≠ 0 := fun npowz ↦ nnz (pow_eq_zero npowz)
  have eq1 : (m ^ k).factorization p = k * m.factorization p := by
    rw [factorization_pow']
  have eq2 : ((r + 1) * n ^ k).factorization p =
      k * n.factorization p + (r + 1).factorization p := by
    rw [factorization_mul' r.succ_ne_zero npow_nz, factorization_pow', add_comm]
  have : r.succ.factorization p = k * m.factorization p - k * n.factorization p := by
    rw [← eq1, pow_eq, eq2, add_comm, Nat.add_sub_cancel]
  rw [this]
  exact Nat.dvd_sub' (Nat.dvd_mul_right _ _) _
","💥️don't know how to synthesize placeholder for argument 'h₂'
context:
m n k : ℕ
nnz : n ≠ 0
p r : ℕ
pow_eq : m ^ k = (r + 1) * n ^ k
npow_nz : n ^ k ≠ 0
eq1 : (m ^ k).factorization p = k * m.factorization p
eq2 : ((r + 1) * n ^ k).factorization p = k * n.factorization p + (r + 1).factorization p
this : r.succ.factorization p = k * m.factorization p - k * n.factorization p
⊢ k ∣ k * n.factorization p

💥️unsolved goals
case succ
m n k : ℕ
nnz : n ≠ 0
p r : ℕ
pow_eq : m ^ k = (r + 1) * n ^ k
npow_nz : n ^ k ≠ 0
eq1 : (m ^ k).factorization p = k * m.factorization p
eq2 : ((r + 1) * n ^ k).factorization p = k * n.factorization p + (r + 1).factorization p
this : r.succ.factorization p = k * m.factorization p - k * n.factorization p
⊢ k ∣ k * m.factorization p - k * n.factorization p",False,60,MIL.C05_Elementary_Number_Theory.solutions.Solutions_S01_Irrational_Roots,Qwen-7B-long,LENGTH,best_of_n,False,0,-1.0,t4,False
-1,False,13,"theorem t4 {m n k r : ℕ} (nnz : n ≠ 0) (pow_eq : m ^ k = r * n ^ k) {p : ℕ} :
    k ∣ r.factorization p := by
  rcases r with _ | r
  · simp
  have npow_nz : n ^ k ≠ 0 := fun npowz ↦ nnz (pow_eq_zero npowz)
  have eq1 : (m ^ k).factorization p = k * m.factorization p := by
    rw [factorization_pow']
  have eq2 : ((r + 1) * n ^ k).factorization p =
      k * n.factorization p + (r + 1).factorization p := by
    rw [factorization_mul' r.succ_ne_zero npow_nz, factorization_pow', add_comm]
  have : r.succ.factorization p = k * m.factorization p - k * n.factorization p := by
    rw [← eq1, pow_eq, eq2, add_comm, Nat.add_sub_cancel]
  rw [this]
  apply Nat.dvd_sub' <;>
  apply Nat.dvd_mul_right

",,True,13,"theorem t4 {m n k r : ℕ} (nnz : n ≠ 0) (pow_eq : m ^ k = r * n ^ k) {p : ℕ} :
    k ∣ r.factorization p := by
  rcases r with _ | r
  · simp
  have npow_nz : n ^ k ≠ 0 := fun npowz ↦ nnz (pow_eq_zero npowz)
  have eq1 : (m ^ k).factorization p = k * m.factorization p := by
    rw [factorization_pow']
  have eq2 : ((r + 1) * n ^ k).factorization p =
      k * n.factorization p + (r + 1).factorization p := by
    rw [factorization_mul' r.succ_ne_zero npow_nz, factorization_pow', add_comm]
  have : r.succ.factorization p = k * m.factorization p - k * n.factorization p := by
    rw [← eq1, pow_eq, eq2, add_comm, Nat.add_sub_cancel]
  rw [this]
  apply Nat.dvd_sub' <;>
  apply Nat.dvd_mul_right


",,True,60,MIL.C05_Elementary_Number_Theory.solutions.Solutions_S01_Irrational_Roots,Qwen-7B-long,LENGTH,best_of_n,False,0,0.0,t4,False
-1,False,13,"theorem t4 {m n k r : ℕ} (nnz : n ≠ 0) (pow_eq : m ^ k = r * n ^ k) {p : ℕ} :
    k ∣ r.factorization p := by
  rcases r with _ | r
  · simp
  have npow_nz : n ^ k ≠ 0 := fun npowz ↦ nnz (pow_eq_zero npowz)
  have eq1 : (m ^ k).factorization p = k * m.factorization p := by
    rw [factorization_pow']
  have eq2 : ((r + 1) * n ^ k).factorization p =
      k * n.factorization p + (r + 1).factorization p := by
    rw [factorization_mul' r.succ_ne_zero npow_nz, factorization_pow', add_comm]
  have : r.succ.factorization p = k * m.factorization p - k * n.factorization p := by
    rw [← eq1, pow_eq, eq2, add_comm, Nat.add_sub_cancel]
  rw [this]
  apply Nat.dvd_sub' <;>
  apply Nat.dvd_mul_right

",,True,13,"theorem t4 {m n k r : ℕ} (nnz : n ≠ 0) (pow_eq : m ^ k = r * n ^ k) {p : ℕ} :
    k ∣ r.factorization p := by
  rcases r with _ | r
  · simp
  have npow_nz : n ^ k ≠ 0 := fun npowz ↦ nnz (pow_eq_zero npowz)
  have eq1 : (m ^ k).factorization p = k * m.factorization p := by
    rw [factorization_pow']
  have eq2 : ((r + 1) * n ^ k).factorization p =
      k * n.factorization p + (r + 1).factorization p := by
    rw [factorization_mul' r.succ_ne_zero npow_nz, factorization_pow', add_comm]
  have : r.succ.factorization p = k * m.factorization p - k * n.factorization p := by
    rw [← eq1, pow_eq, eq2, add_comm, Nat.add_sub_cancel]
  rw [this]
  apply Nat.dvd_sub' <;>
  apply Nat.dvd_mul_right


",,True,60,MIL.C05_Elementary_Number_Theory.solutions.Solutions_S01_Irrational_Roots,Qwen-7B-long,LENGTH,best_of_n,False,0,0.0,t4,False
-1,False,13,"theorem t4 {m n k r : ℕ} (nnz : n ≠ 0) (pow_eq : m ^ k = r * n ^ k) {p : ℕ} :
    k ∣ r.factorization p := by
  rcases r with _ | r
  · simp
  have npow_nz : n ^ k ≠ 0 := fun npowz ↦ nnz (pow_eq_zero npowz)
  have eq1 : (m ^ k).factorization p = k * m.factorization p := by
    rw [factorization_pow']
  have eq2 : ((r + 1) * n ^ k).factorization p =
      k * n.factorization p + (r + 1).factorization p := by
    rw [factorization_mul' r.succ_ne_zero npow_nz, factorization_pow', add_comm]
  have : r.succ.factorization p = k * m.factorization p - k * n.factorization p := by
    rw [← eq1, pow_eq, eq2, add_comm, Nat.add_sub_cancel]
  rw [this]
  apply Nat.dvd_sub' <;>
  apply Nat.dvd_mul_right

",,True,13,"theorem t4 {m n k r : ℕ} (nnz : n ≠ 0) (pow_eq : m ^ k = r * n ^ k) {p : ℕ} :
    k ∣ r.factorization p := by
  rcases r with _ | r
  · simp
  have npow_nz : n ^ k ≠ 0 := fun npowz ↦ nnz (pow_eq_zero npowz)
  have eq1 : (m ^ k).factorization p = k * m.factorization p := by
    rw [factorization_pow']
  have eq2 : ((r + 1) * n ^ k).factorization p =
      k * n.factorization p + (r + 1).factorization p := by
    rw [factorization_mul' r.succ_ne_zero npow_nz, factorization_pow', add_comm]
  have : r.succ.factorization p = k * m.factorization p - k * n.factorization p := by
    rw [← eq1, pow_eq, eq2, add_comm, Nat.add_sub_cancel]
  rw [this]
  apply Nat.dvd_sub' <;>
  apply Nat.dvd_mul_right


",,True,60,MIL.C05_Elementary_Number_Theory.solutions.Solutions_S01_Irrational_Roots,Qwen-7B-long,LENGTH,best_of_n,False,0,0.0,t4,False
-1,False,13,"theorem t4 {m n k r : ℕ} (nnz : n ≠ 0) (pow_eq : m ^ k = r * n ^ k) {p : ℕ} :
    k ∣ r.factorization p := by
  rcases r with _ | r
  · simp
  have npow_nz : n ^ k ≠ 0 := fun npowz ↦ nnz (pow_eq_zero npowz)
  have eq1 : (m ^ k).factorization p = k * m.factorization p := by
    rw [factorization_pow']
  have eq2 : ((r + 1) * n ^ k).factorization p =
      k * n.factorization p + (r + 1).factorization p := by
    rw [factorization_mul' r.succ_ne_zero npow_nz, factorization_pow', add_comm]
  have : r.succ.factorization p = k * m.factorization p - k * n.factorization p := by
    rw [← eq1, pow_eq, eq2, add_comm, Nat.add_sub_cancel]
  rw [this]
  apply Nat.dvd_sub' <;>
  apply Nat.dvd_mul_right

",,True,-1,"theorem t4 {m n k r : ℕ} (nnz : n ≠ 0) (pow_eq : m ^ k = r * n ^ k) {p : ℕ} :
    k ∣ r.factorization p := by
  rcases r with _ | r
  · simp
  have npow_nz : n ^ k ≠ 0 := fun npowz ↦ nnz (pow_eq_zero npowz)
  have eq1 : (m ^ k).factorization p = k * m.factorization p := by
    rw [factorization_pow', omega]
  have eq2 : ((r + 1) * n ^ k).factorization p =
      k * n.factorization p + (r + 1).factorization p := by
    rw [factorization_mul' r.succ_ne_zero npow_nz, factorization_pow', add_comm]
  have : r.succ.factorization p = k * m.factorization p - k * n.factorization p := by
    rw [← eq1, pow_eq, eq2, add_comm, Nat.add_sub_cancel]
  rw [this]
  apply Nat.dvd_sub' <;>
  apply Nat.dvd_mul_right


","💥️unknown identifier 'omega'

💥️tactic 'rewrite' failed, equality or iff proof expected
  ?m.13418
m n k : ℕ
nnz : n ≠ 0
p r : ℕ
pow_eq : m ^ k = (r + 1) * n ^ k
npow_nz : n ^ k ≠ 0
⊢ k * m.factorization p = k * m.factorization p",False,60,MIL.C05_Elementary_Number_Theory.solutions.Solutions_S01_Irrational_Roots,Qwen-7B-long,LENGTH,best_of_n,False,0,-1.0,t4,False
-1,False,13,"theorem t4 {m n k r : ℕ} (nnz : n ≠ 0) (pow_eq : m ^ k = r * n ^ k) {p : ℕ} :
    k ∣ r.factorization p := by
  rcases r with _ | r
  · simp
  have npow_nz : n ^ k ≠ 0 := fun npowz ↦ nnz (pow_eq_zero npowz)
  have eq1 : (m ^ k).factorization p = k * m.factorization p := by
    rw [factorization_pow']
  have eq2 : ((r + 1) * n ^ k).factorization p =
      k * n.factorization p + (r + 1).factorization p := by
    rw [factorization_mul' r.succ_ne_zero npow_nz, factorization_pow', add_comm]
  have : r.succ.factorization p = k * m.factorization p - k * n.factorization p := by
    rw [← eq1, pow_eq, eq2, add_comm, Nat.add_sub_cancel]
  rw [this]
  apply Nat.dvd_sub' <;>
  apply Nat.dvd_mul_right

",,True,-1,"theorem t4 {m n k r : ℕ} (nnz : n ≠ 0) (pow_eq : m ^ k = r * n ^ k) {p : ℕ} :
    k ∣ r.factorization p := by
  rcases r with _ | r
  · simp
  have npow_nz : n ^ k ≠ 0 := fun npowz ↦ nnz (pow_eq_zero npowz)
  have eq1 : (m ^ k).factorization p = k * m.factorization p := by
    rw [factorization_pow']
  have eq2 : ((r + 1) * n ^ k).factorization p =
      k * n.factorization p + (r + 1).factorization p := by
    rw [factorization_mul' r.succ_ne_zero npow_nz, factorization_pow', add_comm]
  have : r.succ.factorization p = k * m.factorization p - k * n.factorization p := by
    linear_combination eq1 - pow_eq + eq2 + add_comm
  linear_combination this
","💥️typeclass instance problem is stuck, it is often due to metavariables
  AddCommMagma ?m.14149

💥️Not a comparison: k ∣ (r + 1).factorization p",False,60,MIL.C05_Elementary_Number_Theory.solutions.Solutions_S01_Irrational_Roots,Qwen-7B-long,LENGTH,best_of_n,False,0,-1.0,t4,False
-1,False,13,"theorem t4 {m n k r : ℕ} (nnz : n ≠ 0) (pow_eq : m ^ k = r * n ^ k) {p : ℕ} :
    k ∣ r.factorization p := by
  rcases r with _ | r
  · simp
  have npow_nz : n ^ k ≠ 0 := fun npowz ↦ nnz (pow_eq_zero npowz)
  have eq1 : (m ^ k).factorization p = k * m.factorization p := by
    rw [factorization_pow']
  have eq2 : ((r + 1) * n ^ k).factorization p =
      k * n.factorization p + (r + 1).factorization p := by
    rw [factorization_mul' r.succ_ne_zero npow_nz, factorization_pow', add_comm]
  have : r.succ.factorization p = k * m.factorization p - k * n.factorization p := by
    rw [← eq1, pow_eq, eq2, add_comm, Nat.add_sub_cancel]
  rw [this]
  apply Nat.dvd_sub' <;>
  apply Nat.dvd_mul_right

",,True,-1,"theorem t4 {m n k r : ℕ} (nnz : n ≠ 0) (pow_eq : m ^ k = r * n ^ k) {p : ℕ} :
    k ∣ r.factorization p := by
  rcases r with _ | r
  · simp
  have : r.succ.factorization p = k * (m.factorization p - n.factorization p) := by
    linear_combination (eq1 : (m ^ k).factorization p = k * m.factorization p) -
      (eq2 : ((r + 1) * n ^ k).factorization p = k * n.factorization p + (r + 1).factorization p) +
      (add_comm : r.succ.factorization p = r.factorization p + 1.factorization p) +
      (same : 1.factorization p = p.succ_factorization p) +
      (Nat.add_sub_cancel : r.succ.factorization p - r.factorization p = 1.factorization p)
  rw [this]
  apply Nat.dvd_sub' <;>
  apply Nat.dvd_mul_right


","💥️unexpected identifier; expected ')'

💥️unknown identifier 'eq1'

💥️unknown identifier 'eq2'

💥️failed to synthesize
  OfScientific ℕ
Additional diagnostic information may be available using the `set_option diagnostics true` command.

💥️type mismatch
  add_comm
has type
  ∀ (a b : ?m.13993), a + b = b + a : Prop
but is expected to have type
  r.succ.factorization p = r.factorization p + 1. : Prop

💥️ring failed, ring expressions not equal
m n k : ℕ
nnz : n ≠ 0
p r : ℕ
pow_eq : m ^ k = (r + 1) * n ^ k
⊢ r.succ.factorization p + k * m.factorization p + ((r + 1) * n ^ k).factorization p =
    r.succ.factorization p + k * (m.factorization p - n.factorization p) + k * n.factorization p +
      (m ^ k).factorization p

💥️unsolved goals
case succ
m n k : ℕ
nnz : n ≠ 0
p r : ℕ
pow_eq : m ^ k = (r + 1) * n ^ k
this : r.succ.factorization p = k * (m.factorization p - n.factorization p)
⊢ k ∣ (r + 1).factorization p",False,60,MIL.C05_Elementary_Number_Theory.solutions.Solutions_S01_Irrational_Roots,Qwen-7B-long,LENGTH,best_of_n,False,0,-1.0,t4,False
-1,False,13,"theorem t4 {m n k r : ℕ} (nnz : n ≠ 0) (pow_eq : m ^ k = r * n ^ k) {p : ℕ} :
    k ∣ r.factorization p := by
  rcases r with _ | r
  · simp
  have npow_nz : n ^ k ≠ 0 := fun npowz ↦ nnz (pow_eq_zero npowz)
  have eq1 : (m ^ k).factorization p = k * m.factorization p := by
    rw [factorization_pow']
  have eq2 : ((r + 1) * n ^ k).factorization p =
      k * n.factorization p + (r + 1).factorization p := by
    rw [factorization_mul' r.succ_ne_zero npow_nz, factorization_pow', add_comm]
  have : r.succ.factorization p = k * m.factorization p - k * n.factorization p := by
    rw [← eq1, pow_eq, eq2, add_comm, Nat.add_sub_cancel]
  rw [this]
  apply Nat.dvd_sub' <;>
  apply Nat.dvd_mul_right

",,True,-1,"theorem t4 {m n k r : ℕ} (nnz : n ≠ 0) (pow_eq : m ^ k = r * n ^ k) {p : ℕ} :
    k ∣ r.factorization p := by
  rcases r with _ | r
  · simp
  have npow_nz : n ^ k ≠ 0 := fun npowz ↦ nnz (pow_eq_zero npowz)
  have eq1 : (m ^ k).factorization p = k * m.factorization p := by
    rw [factorization_pow']
  have eq2 : ((r + 1) * n ^ k).factorization p =
      k * n.factorization p + (r + 1).factorization p := by
    rw [factorization_mul' r.succ_ne_zero npow_nz, factorization_pow', add_comm]
  have : r.succ.factorization p = k * m.factorization p - k * n.factorization p := by
    omega
  rw [this]
  apply Nat.dvd_sub' <;>
  apply Nat.dvd_mul_right


","💥️omega could not prove the goal:
a possible counterexample may satisfy the constraints
  g ≥ 1
  f ≥ 1
  e ≥ 0
  d ≥ 0
  d - e ≥ 1
  c ≥ 0
  b ≥ 0
  b + d ≥ 0
  b + c ≥ 0
  a ≥ 0
where
 a := ↑(r + 1) * ↑(n ^ k)
 b := ↑k * ↑(n.factorization p)
 c := ↑((r + 1).factorization p)
 d := ↑(k * m.factorization p - k * n.factorization p)
 e := ↑(r.succ.factorization p)
 f := ↑(n ^ k)
 g := ↑n",False,60,MIL.C05_Elementary_Number_Theory.solutions.Solutions_S01_Irrational_Roots,Qwen-7B-long,LENGTH,best_of_n,False,0,-1.0,t4,False
-1,False,13,"theorem t4 {m n k r : ℕ} (nnz : n ≠ 0) (pow_eq : m ^ k = r * n ^ k) {p : ℕ} :
    k ∣ r.factorization p := by
  rcases r with _ | r
  · simp
  have npow_nz : n ^ k ≠ 0 := fun npowz ↦ nnz (pow_eq_zero npowz)
  have eq1 : (m ^ k).factorization p = k * m.factorization p := by
    rw [factorization_pow']
  have eq2 : ((r + 1) * n ^ k).factorization p =
      k * n.factorization p + (r + 1).factorization p := by
    rw [factorization_mul' r.succ_ne_zero npow_nz, factorization_pow', add_comm]
  have : r.succ.factorization p = k * m.factorization p - k * n.factorization p := by
    rw [← eq1, pow_eq, eq2, add_comm, Nat.add_sub_cancel]
  rw [this]
  apply Nat.dvd_sub' <;>
  apply Nat.dvd_mul_right

",,True,-1,"theorem t4 {m n k r : ℕ} (nnz : n ≠ 0) (pow_eq : m ^ k = r * n ^ k) {p : ℕ} :
    k ∣ r.factorization p := by
  rcases r with _ | r
  · simp
  have npow_nz : n ^ k ≠ 0 := fun npowz ↦ nnz (pow_eq_zero npowz)
  have eq1 : (m ^ k).factorization p = k * m.factorization p := by
    rw [factorization_pow']
  have eq2 : ((r + 1) * n ^ k).factorization p =
      k * n.factorization p + (r + 1).factorization p := by
    rw [factorization_mul' r.succ_ne_zero npow_nz, factorization_pow', add_comm]
  have : r.succ.factorization p = k * m.factorization p - k * n.factorization p := by
    linear_combination eq1 + eq2 + add_comm
  rw [this]
  apply Nat.dvd_sub' <;>
  apply Nat.dvd_mul_right


","💥️typeclass instance problem is stuck, it is often due to metavariables
  AddCommMagma ?m.14148",False,60,MIL.C05_Elementary_Number_Theory.solutions.Solutions_S01_Irrational_Roots,Qwen-7B-long,LENGTH,best_of_n,False,0,-1.0,t4,False
-1,False,13,"theorem t4 {m n k r : ℕ} (nnz : n ≠ 0) (pow_eq : m ^ k = r * n ^ k) {p : ℕ} :
    k ∣ r.factorization p := by
  rcases r with _ | r
  · simp
  have npow_nz : n ^ k ≠ 0 := fun npowz ↦ nnz (pow_eq_zero npowz)
  have eq1 : (m ^ k).factorization p = k * m.factorization p := by
    rw [factorization_pow']
  have eq2 : ((r + 1) * n ^ k).factorization p =
      k * n.factorization p + (r + 1).factorization p := by
    rw [factorization_mul' r.succ_ne_zero npow_nz, factorization_pow', add_comm]
  have : r.succ.factorization p = k * m.factorization p - k * n.factorization p := by
    rw [← eq1, pow_eq, eq2, add_comm, Nat.add_sub_cancel]
  rw [this]
  apply Nat.dvd_sub' <;>
  apply Nat.dvd_mul_right

",,True,13,"theorem t4 {m n k r : ℕ} (nnz : n ≠ 0) (pow_eq : m ^ k = r * n ^ k) {p : ℕ} :
    k ∣ r.factorization p := by
  rcases r with _ | r
  · simp
  have npow_nz : n ^ k ≠ 0 := fun npowz ↦ nnz (pow_eq_zero npowz)
  have eq1 : (m ^ k).factorization p = k * m.factorization p := by
    rw [factorization_pow']
  have eq2 : ((r + 1) * n ^ k).factorization p =
      k * n.factorization p + (r + 1).factorization p := by
    rw [factorization_mul' r.succ_ne_zero npow_nz, factorization_pow', add_comm]
  have : r.succ.factorization p = k * m.factorization p - k * n.factorization p := by
    rw [← eq1, pow_eq, eq2, add_comm, Nat.add_sub_cancel]
  rw [this]
  apply Nat.dvd_sub' <;>
  apply Nat.dvd_mul_right


",,True,60,MIL.C05_Elementary_Number_Theory.solutions.Solutions_S01_Irrational_Roots,Qwen-7B-long,LENGTH,best_of_n,False,0,0.0,t4,False
-1,False,13,"theorem t4 {m n k r : ℕ} (nnz : n ≠ 0) (pow_eq : m ^ k = r * n ^ k) {p : ℕ} :
    k ∣ r.factorization p := by
  rcases r with _ | r
  · simp
  have npow_nz : n ^ k ≠ 0 := fun npowz ↦ nnz (pow_eq_zero npowz)
  have eq1 : (m ^ k).factorization p = k * m.factorization p := by
    rw [factorization_pow']
  have eq2 : ((r + 1) * n ^ k).factorization p =
      k * n.factorization p + (r + 1).factorization p := by
    rw [factorization_mul' r.succ_ne_zero npow_nz, factorization_pow', add_comm]
  have : r.succ.factorization p = k * m.factorization p - k * n.factorization p := by
    rw [← eq1, pow_eq, eq2, add_comm, Nat.add_sub_cancel]
  rw [this]
  apply Nat.dvd_sub' <;>
  apply Nat.dvd_mul_right

",,True,-1,"theorem t4 {m n k r : ℕ} (nnz : n ≠ 0) (pow_eq : m ^ k = r * n ^ k) {p : ℕ} :
    k ∣ r.factorization p := by
  rcases r with _ | r
  · simp
  have npow_nz : n ^ k ≠ 0 := fun npowz ↦ nnz (pow_eq_zero npowz)
  have eq1 : (m ^ k).factorization p = k * m.factorization p := by
    rw [factorization_pow']
  have eq2 : ((r + 1) * n ^ k).factorization p =
      k * n.factorization p + (r + 1).factorization p := by
    rw [factorization_mul' r.succ_ne_zero npow_nz, factorization_pow', add_comm]
  have : r.succ.factorization p = k * m.factorization p - k * n.factorization p := by
    rw [← eq1, pow_eq, eq2, add_comm, Nat.add_sub_cancel]
  rw [this]
  exact Nat.dvd_sub' <| Nat.dvd_mul_right n.factorization p
","💥️application type mismatch
  Nat.dvd_mul_right n.factorization
argument
  n.factorization
has type
  ℕ →₀ ℕ : Type
but is expected to have type
  ℕ : Type",False,60,MIL.C05_Elementary_Number_Theory.solutions.Solutions_S01_Irrational_Roots,Qwen-7B-long,LENGTH,best_of_n,False,0,-1.0,t4,False
-1,False,13,"theorem t4 {m n k r : ℕ} (nnz : n ≠ 0) (pow_eq : m ^ k = r * n ^ k) {p : ℕ} :
    k ∣ r.factorization p := by
  rcases r with _ | r
  · simp
  have npow_nz : n ^ k ≠ 0 := fun npowz ↦ nnz (pow_eq_zero npowz)
  have eq1 : (m ^ k).factorization p = k * m.factorization p := by
    rw [factorization_pow']
  have eq2 : ((r + 1) * n ^ k).factorization p =
      k * n.factorization p + (r + 1).factorization p := by
    rw [factorization_mul' r.succ_ne_zero npow_nz, factorization_pow', add_comm]
  have : r.succ.factorization p = k * m.factorization p - k * n.factorization p := by
    rw [← eq1, pow_eq, eq2, add_comm, Nat.add_sub_cancel]
  rw [this]
  apply Nat.dvd_sub' <;>
  apply Nat.dvd_mul_right

",,True,13,"theorem t4 {m n k r : ℕ} (nnz : n ≠ 0) (pow_eq : m ^ k = r * n ^ k) {p : ℕ} :
    k ∣ r.factorization p := by
  rcases r with _ | r
  · simp
  have npow_nz : n ^ k ≠ 0 := fun npowz ↦ nnz (pow_eq_zero npowz)
  have eq1 : (m ^ k).factorization p = k * m.factorization p := by
    rw [factorization_pow']
  have eq2 : ((r + 1) * n ^ k).factorization p =
      k * n.factorization p + (r + 1).factorization p := by
    rw [factorization_mul' r.succ_ne_zero npow_nz, factorization_pow', add_comm]
  have : r.succ.factorization p = k * m.factorization p - k * n.factorization p := by
    rw [← eq1, pow_eq, eq2, add_comm, Nat.add_sub_cancel]
  rw [this]
  apply Nat.dvd_sub' <;>
  apply Nat.dvd_mul_right


",,True,60,MIL.C05_Elementary_Number_Theory.solutions.Solutions_S01_Irrational_Roots,Qwen-7B-long,LENGTH,best_of_n,False,0,0.0,t4,False
-1,False,13,"theorem t4 {m n k r : ℕ} (nnz : n ≠ 0) (pow_eq : m ^ k = r * n ^ k) {p : ℕ} :
    k ∣ r.factorization p := by
  rcases r with _ | r
  · simp
  have npow_nz : n ^ k ≠ 0 := fun npowz ↦ nnz (pow_eq_zero npowz)
  have eq1 : (m ^ k).factorization p = k * m.factorization p := by
    rw [factorization_pow']
  have eq2 : ((r + 1) * n ^ k).factorization p =
      k * n.factorization p + (r + 1).factorization p := by
    rw [factorization_mul' r.succ_ne_zero npow_nz, factorization_pow', add_comm]
  have : r.succ.factorization p = k * m.factorization p - k * n.factorization p := by
    rw [← eq1, pow_eq, eq2, add_comm, Nat.add_sub_cancel]
  rw [this]
  apply Nat.dvd_sub' <;>
  apply Nat.dvd_mul_right

",,True,-1,"theorem t4 {m n k r : ℕ} (nnz : n ≠ 0) (pow_eq : m ^ k = r * n ^ k) {p : ℕ} :
    k ∣ r.factorization p := by
  simp [← enat_dvd_iff, ← sorry : r.factorization p = k * m.factorization p - k * n.factorization p]
  apply Nat.dvd_sub' <;>
  apply Nat.dvd_mul_right


","💥️unexpected token ':'; expected ']'

💥️unknown identifier 'enat_dvd_iff'

💥️invalid 'simp', proposition expected
  (x_0 : Sort _abstMVar.0) → x_0",False,60,MIL.C05_Elementary_Number_Theory.solutions.Solutions_S01_Irrational_Roots,Qwen-7B-long,LENGTH,best_of_n,False,0,-1.0,t4,False
-1,False,13,"theorem t4 {m n k r : ℕ} (nnz : n ≠ 0) (pow_eq : m ^ k = r * n ^ k) {p : ℕ} :
    k ∣ r.factorization p := by
  rcases r with _ | r
  · simp
  have npow_nz : n ^ k ≠ 0 := fun npowz ↦ nnz (pow_eq_zero npowz)
  have eq1 : (m ^ k).factorization p = k * m.factorization p := by
    rw [factorization_pow']
  have eq2 : ((r + 1) * n ^ k).factorization p =
      k * n.factorization p + (r + 1).factorization p := by
    rw [factorization_mul' r.succ_ne_zero npow_nz, factorization_pow', add_comm]
  have : r.succ.factorization p = k * m.factorization p - k * n.factorization p := by
    rw [← eq1, pow_eq, eq2, add_comm, Nat.add_sub_cancel]
  rw [this]
  apply Nat.dvd_sub' <;>
  apply Nat.dvd_mul_right

",,True,-1,"fractional Linear Differential Equations

Fractional linear differential equations are a generalization of linear differential equations that incorporate fractional derivatives. These equations have gained attention in recent years due to their applications in various fields, including physics, engineering, and control theory. The general form of a fractional linear differential equation can be written as:

L^{α} y(t) + a_{1} L^{α-1} y(t) + ... + a_{n} y(t) = f(t)

where L is a differential operator, y(t) is the unknown function, and a_i are constants. The solutions to these equations often involve special functions, such as the Mittag-Leffler function, due to the properties of fractional calculus.

To solve fractional linear differential equations, one common approach is to use the Laplace transform. The Laplace transform is particularly useful because it can convert differential equations with fractional derivatives into algebraic equations, which are easier to solve. Here is a general step-by-step method for solving such equations using the Laplace transform:

1. **Apply the Laplace transform** to both sides of the equation. This converts differential operators into algebraic expressions involving the Laplace variable s.

2. **Solve the resulting algebraic equation** for the Laplace transform of y(t), denoted Y(s).

3. **Decompose Y(s)** into partial fractions if necessary, to make it easier to invert using known Laplace transform pairs.

4. **Find the inverse Laplace transform** of Y(s) to obtain y(t) in the time domain.

This method is effective when the equation is linear and has constant coefficients. However, solving nonlinear fractional differential equations or those with variable coefficients might require more advanced techniques or numerical methods.
","💥️unexpected identifier; expected command

💥️unexpected identifier; expected '(', '[', '{' or '⦃'",False,60,MIL.C05_Elementary_Number_Theory.solutions.Solutions_S01_Irrational_Roots,Qwen-7B-long,LENGTH,best_of_n,False,0,-1.0,t4,False
-1,False,13,"theorem t4 {m n k r : ℕ} (nnz : n ≠ 0) (pow_eq : m ^ k = r * n ^ k) {p : ℕ} :
    k ∣ r.factorization p := by
  rcases r with _ | r
  · simp
  have npow_nz : n ^ k ≠ 0 := fun npowz ↦ nnz (pow_eq_zero npowz)
  have eq1 : (m ^ k).factorization p = k * m.factorization p := by
    rw [factorization_pow']
  have eq2 : ((r + 1) * n ^ k).factorization p =
      k * n.factorization p + (r + 1).factorization p := by
    rw [factorization_mul' r.succ_ne_zero npow_nz, factorization_pow', add_comm]
  have : r.succ.factorization p = k * m.factorization p - k * n.factorization p := by
    rw [← eq1, pow_eq, eq2, add_comm, Nat.add_sub_cancel]
  rw [this]
  apply Nat.dvd_sub' <;>
  apply Nat.dvd_mul_right

",,True,-1,"theorem t4 {m n k r : ℕ} (nnz : n ≠ 0) (pow_eq : m ^ k = r * n ^ k) {p : ℕ} :
    k ∣ r.factorization p := by
  rw [?] at pow_eq
  have : r.succ.factorization p = k * m.factorization p - k * n.factorization p := by omega
  rw [this]
  apply Nat.dvd_sub' <;>
  apply Nat.dvd_mul_right


",💥️unexpected token ']'; expected '_' or identifier,False,60,MIL.C05_Elementary_Number_Theory.solutions.Solutions_S01_Irrational_Roots,Qwen-7B-long,LENGTH,best_of_n,False,0,-1.0,t4,False
-1,False,13,"theorem t4 {m n k r : ℕ} (nnz : n ≠ 0) (pow_eq : m ^ k = r * n ^ k) {p : ℕ} :
    k ∣ r.factorization p := by
  rcases r with _ | r
  · simp
  have npow_nz : n ^ k ≠ 0 := fun npowz ↦ nnz (pow_eq_zero npowz)
  have eq1 : (m ^ k).factorization p = k * m.factorization p := by
    rw [factorization_pow']
  have eq2 : ((r + 1) * n ^ k).factorization p =
      k * n.factorization p + (r + 1).factorization p := by
    rw [factorization_mul' r.succ_ne_zero npow_nz, factorization_pow', add_comm]
  have : r.succ.factorization p = k * m.factorization p - k * n.factorization p := by
    rw [← eq1, pow_eq, eq2, add_comm, Nat.add_sub_cancel]
  rw [this]
  apply Nat.dvd_sub' <;>
  apply Nat.dvd_mul_right

",,True,-1,"theorem t4 {m n k r : ℕ} (nnz : n ≠ 0) (pow_eq : m ^ k = r * n ^ k) {p : ℕ} :
    k ∣ r.factorization p := by
  rcases r with _ | r
  · simp
  have npow_nz : n ^ k ≠ 0 := fun npowz ↦ nnz (pow_eq_zero npowz)
  have eq1 : (m ^ k).factorization p = k * m.factorization p := by
    rw [factorization_pow']
  have eq2 : ((r + 1) * n ^ k).factorization p =
      k * n.factorization p + (r + 1).factorization p := by
    rw [factorization_mul' r.succ_ne_zero npow_nz, factorization_pow', add_comm]
  have : r.succ.factorization p = k * m.factorization p - k * n.factorization p := by
    linarith
  rw [this]
  apply Nat.dvd_sub' <;>
  apply Nat.dvd_mul_right


","💥️linarith failed to find a contradiction
case h1.h
m n k : ℕ
nnz : n ≠ 0
p r : ℕ
pow_eq : m ^ k = (r + 1) * n ^ k
npow_nz : n ^ k ≠ 0
eq1 : (m ^ k).factorization p = k * m.factorization p
eq2 : ((r + 1) * n ^ k).factorization p = k * n.factorization p + (r + 1).factorization p
a✝ : r.succ.factorization p < k * m.factorization p - k * n.factorization p
⊢ False failed",False,60,MIL.C05_Elementary_Number_Theory.solutions.Solutions_S01_Irrational_Roots,Qwen-7B-long,LENGTH,best_of_n,False,0,-1.0,t4,False
